season,D,n,lt,lr,metric,sport,market,cohort,variant
2015,0.003198205859151093,267,0.6936914996371069,0.6936795213380089,under,NFL,total,all,primary
2016,0.2378263098627147,267,0.6941729213026465,0.693282186059715,under,NFL,total,all,primary
2017,-0.031321934225615244,267,0.6934412048675425,0.6935585154826197,under,NFL,total,all,primary
2018,0.03749242220804805,267,0.6934976158572378,0.6933571948002788,under,NFL,total,all,primary
2019,-0.033826856242237135,267,0.6930979802414348,0.6932246725869113,under,NFL,total,all,primary
2020,0.34495580633844625,269,0.6949319232908352,0.693649559698499,under,NFL,total,all,primary
2021,-0.29910587380312514,285,0.6935499479890581,0.6945994422831042,under,NFL,total,all,primary
2022,0.0976279870719563,284,0.6947265584613038,0.6943827979434448,under,NFL,total,all,primary
2023,-0.13798669353484871,285,0.6935449831942866,0.694029147031251,under,NFL,total,all,primary
2024,0.05548487743586994,285,0.6926555950992193,0.6924609113187424,under,NFL,total,all,primary
2025,-0.07533973089473811,285,0.693469984217299,0.693734334150263,under,NFL,total,all,primary
2015,0.33783996911615094,151,0.147986148241696,0.14574879745284733,push,NFL,total,all,primary
2016,0.1806605653177213,135,0.05680082464084239,0.055462598231081496,push,NFL,total,all,primary
2017,0.0969572742912369,146,0.030274970419755576,0.029610879499952586,push,NFL,total,all,primary
2018,0.4969850088424188,143,0.106592392831307,0.10311697318905233,push,NFL,total,all,primary
2019,0.18006232758923232,166,0.051808673410233985,0.050723960593431386,push,NFL,total,all,primary
2020,-0.589930072803046,154,0.13966327439591097,0.1434939891543723,push,NFL,total,all,primary
2021,-0.0408278733013238,163,0.0938667679387624,0.09411724568907727,push,NFL,total,all,primary
2022,0.3859166961855297,150,0.10209763454762122,0.09952485657305103,push,NFL,total,all,primary
2023,-0.5652396660063842,129,0.13395989454452573,0.1383415973817845,push,NFL,total,all,primary
2024,0.11775341421663897,119,0.11889919832645045,0.117909673837235,push,NFL,total,all,primary
2015,0.2817376203538214,232,0.13654298326040437,0.13532859696577584,neighbour,NFL,total,all,primary
2016,-0.992403916874589,264,0.1452789878675592,0.14903809361329629,neighbour,NFL,total,all,primary
2017,-0.7733929197876394,242,0.1566573276671593,0.15985316617867848,neighbour,NFL,total,all,primary
2018,0.07267748916853117,248,0.08680045720769261,0.08650740281588401,neighbour,NFL,total,all,primary
2019,-1.0052036952356833,202,0.1460105812526352,0.15098683716964353,neighbour,NFL,total,all,primary
2020,-0.12552742131012032,230,0.16621337773617229,0.16675914913317283,neighbour,NFL,total,all,primary
2021,-0.06198966777086955,244,0.08722522052480594,0.08747927654026032,neighbour,NFL,total,all,primary
2022,0.6802199861771814,268,0.18911404551889402,0.18657591124211348,neighbour,NFL,total,all,primary
2023,-0.967639290288752,312,0.16131017633875983,0.16441158432045452,neighbour,NFL,total,all,primary
2024,-0.8129017259344828,332,0.13269196880713988,0.13514046798164134,neighbour,NFL,total,all,primary
2025,-1.1376641104062655,570,0.13826697222061426,0.14026287416869543,neighbour,NFL,total,all,primary
2015,0.005687042789396801,267,0.693700821123737,0.6936795213380089,under,NFL,total,all,h = 1
2016,0.24014329954935842,267,0.6941815991666415,0.693282186059715,under,NFL,total,all,h = 1
2017,-0.05174132518319141,267,0.6933647277478512,0.6935585154826197,under,NFL,total,all,h = 1
2018,0.04734239690052211,267,0.6935345071482208,0.6933571948002788,under,NFL,total,all,h = 1
2019,-0.023980585592142556,267,0.6931348576595999,0.6932246725869113,under,NFL,total,all,h = 1
2020,0.3068647346025589,269,0.6947903207936758,0.693649559698499,under,NFL,total,all,h = 1
2021,-0.2962312443583287,285,0.6935600344081627,0.6945994422831042,under,NFL,total,all,h = 1
2022,0.020142649424561232,284,0.6944537227653623,0.6943827979434448,under,NFL,total,all,h = 1
2023,-0.1600900238997851,285,0.6934674276491465,0.694029147031251,under,NFL,total,all,h = 1
2024,0.09770205556737444,285,0.6928037255488034,0.6924609113187424,under,NFL,total,all,h = 1
2025,-0.03521286024749115,285,0.6936107802546577,0.693734334150263,under,NFL,total,all,h = 1
2015,0.3421603647683445,151,0.1480147601334324,0.14574879745284733,push,NFL,total,all,h = 1
2016,0.16819452056729498,135,0.05670848356861701,0.055462598231081496,push,NFL,total,all,h = 1
2017,0.08464058528736013,146,0.03019060953616738,0.029610879499952586,push,NFL,total,all,h = 1
2018,0.496380914849194,143,0.10658816839778795,0.10311697318905233,push,NFL,total,all,h = 1
2019,0.16185493731887501,166,0.05169899033631617,0.050723960593431386,push,NFL,total,all,h = 1
2020,-0.5813384000878358,154,0.13971906447847726,0.1434939891543723,push,NFL,total,all,h = 1
2021,-0.04828068608831385,163,0.09382104516092812,0.09411724568907727,push,NFL,total,all,h = 1
2022,0.37373909248123677,150,0.10201645052292593,0.09952485657305103,push,NFL,total,all,h = 1
2023,-0.566497390476349,129,0.13395014474243297,0.1383415973817845,push,NFL,total,all,h = 1
2024,0.11428764544299502,119,0.11887007421910889,0.117909673837235,push,NFL,total,all,h = 1
2015,0.27671949454916234,232,0.13652135340779809,0.13532859696577584,neighbour,NFL,total,all,h = 1
2016,-0.9820047809450707,264,0.1453183785339589,0.14903809361329629,neighbour,NFL,total,all,h = 1
2017,-0.758225940553331,242,0.15672000113506968,0.15985316617867848,neighbour,NFL,total,all,h = 1
2018,0.06404184486770498,248,0.0867656360613183,0.08650740281588401,neighbour,NFL,total,all,h = 1
2019,-1.0025098150939773,202,0.14602391729294067,0.15098683716964353,neighbour,NFL,total,all,h = 1
2020,-0.12543674018261566,230,0.16621377200194404,0.16675914913317283,neighbour,NFL,total,all,h = 1
2021,-0.06728792506660904,244,0.0872035063555611,0.08747927654026032,neighbour,NFL,total,all,h = 1
2022,0.7271184076509156,268,0.18928903962887061,0.18657591124211348,neighbour,NFL,total,all,h = 1
2023,-0.9391958983140313,312,0.1614013410566275,0.16441158432045452,neighbour,NFL,total,all,h = 1
2024,-0.820444777616616,332,0.1326692487719527,0.13514046798164134,neighbour,NFL,total,all,h = 1
2025,-1.1360238314667814,570,0.13826984990296426,0.14026287416869543,neighbour,NFL,total,all,h = 1
2015,-0.038549699420145966,267,0.6935351404413043,0.6936795213380089,under,NFL,total,all,h = 4
2016,0.31186871667040383,267,0.6944502336876941,0.693282186059715,under,NFL,total,all,h = 4
2017,-0.016812550011553462,267,0.6934955471305165,0.6935585154826197,under,NFL,total,all,h = 4
2018,-0.0712774369930178,267,0.6930902381074211,0.6933571948002788,under,NFL,total,all,h = 4
2019,-0.07852353668307677,267,0.6929305769439035,0.6932246725869113,under,NFL,total,all,h = 4
2020,0.4536229663501339,269,0.6953358904284251,0.693649559698499,under,NFL,total,all,h = 4
2021,-0.38832723186056606,285,0.6932368905923654,0.6945994422831042,under,NFL,total,all,h = 4
2022,0.2484960239093451,284,0.6952577839431257,0.6943827979434448,under,NFL,total,all,h = 4
2023,-0.07208329336153008,285,0.6937762231948947,0.694029147031251,under,NFL,total,all,h = 4
2024,-0.021784870857167293,285,0.692384473175384,0.6924609113187424,under,NFL,total,all,h = 4
2025,-0.08220250281422192,285,0.6934459043158271,0.693734334150263,under,NFL,total,all,h = 4
2015,0.35857091769189375,151,0.1481234392918665,0.14574879745284733,push,NFL,total,all,h = 4
2016,0.14319994278067977,135,0.05652333854797543,0.055462598231081496,push,NFL,total,all,h = 4
2017,0.05848898293780454,146,0.030011488972129328,0.029610879499952586,push,NFL,total,all,h = 4
2018,0.49239834008620964,143,0.10656031822462023,0.10311697318905233,push,NFL,total,all,h = 4
2019,0.11604053027056455,166,0.05142299993241068,0.050723960593431386,push,NFL,total,all,h = 4
2020,-0.5737909993263173,154,0.1397680735743313,0.1434939891543723,push,NFL,total,all,h = 4
2021,-0.08043858748101469,163,0.09362375742232258,0.09411724568907727,push,NFL,total,all,h = 4
2022,0.3822850853867238,150,0.10207342380896252,0.09952485657305103,push,NFL,total,all,h = 4
2023,-0.5766369971707886,129,0.1338715431401505,0.1383415973817845,push,NFL,total,all,h = 4
2024,0.12299531020737206,119,0.11894324787259104,0.117909673837235,push,NFL,total,all,h = 4
2015,0.2985124264428963,232,0.13661528845906418,0.13532859696577584,neighbour,NFL,total,all,h = 4
2016,-1.036776827112043,264,0.14511090866211432,0.14903809361329629,neighbour,NFL,total,all,h = 4
2017,-0.7892974492128211,242,0.1565916064711875,0.15985316617867848,neighbour,NFL,total,all,h = 4
2018,0.04161710863336961,248,0.08667521373779276,0.08650740281588401,neighbour,NFL,total,all,h = 4
2019,-0.998319473590844,202,0.14604466155780765,0.15098683716964353,neighbour,NFL,total,all,h = 4
2020,-0.05638715129568612,230,0.16651398760580027,0.16675914913317283,neighbour,NFL,total,all,h = 4
2021,-0.10965540708043583,244,0.08702986913419296,0.08747927654026032,neighbour,NFL,total,all,h = 4
2022,0.7306378597860551,268,0.18930217191295698,0.18657591124211348,neighbour,NFL,total,all,h = 4
2023,-0.9690208502046083,312,0.16130574826210642,0.16441158432045452,neighbour,NFL,total,all,h = 4
2024,-0.832357175525965,332,0.1326333680553583,0.13514046798164134,neighbour,NFL,total,all,h = 4
2025,-1.131569255012274,570,0.13827766494937568,0.14026287416869543,neighbour,NFL,total,all,h = 4
2015,0.041828830939928285,267,0.6938361836261734,0.6936795213380089,under,NFL,total,all,no landing multipliers
2016,-0.06792624452084661,267,0.6930277806495245,0.693282186059715,under,NFL,total,all,no landing multipliers
2017,0.065801635223812,267,0.693804963554619,0.6935585154826197,under,NFL,total,all,no landing multipliers
2018,0.044188366731192086,267,0.6935226943011448,0.6933571948002788,under,NFL,total,all,no landing multipliers
2019,0.012141989908521,267,0.6932701482045462,0.6932246725869113,under,NFL,total,all,no landing multipliers
2020,-0.008338933772419899,269,0.6936185599446981,0.693649559698499,under,NFL,total,all,no landing multipliers
2021,0.09352477002065374,285,0.694927599370896,0.6945994422831042,under,NFL,total,all,no landing multipliers
2022,0.11206001529671383,284,0.6947773754620953,0.6943827979434448,under,NFL,total,all,no landing multipliers
2023,0.08001667686009806,285,0.6943099073009356,0.694029147031251,under,NFL,total,all,no landing multipliers
2024,-0.09334202263996971,285,0.6921333954498303,0.6924609113187424,under,NFL,total,all,no landing multipliers
2025,-0.04055508323042156,285,0.6935920356126124,0.693734334150263,under,NFL,total,all,no landing multipliers
2015,-0.025070153062737514,151,0.1455827699491206,0.14574879745284733,push,NFL,total,all,no landing multipliers
2016,0.09394026572282402,135,0.056158452051250564,0.055462598231081496,push,NFL,total,all,no landing multipliers
2017,0.09669463306376869,146,0.030273171507238673,0.029610879499952586,push,NFL,total,all,no landing multipliers
2018,0.03635629072216788,143,0.10337121298431225,0.10311697318905233,push,NFL,total,all,no landing multipliers
2019,0.13184245517554344,166,0.051518192251115376,0.050723960593431386,push,NFL,total,all,no landing multipliers
2020,-0.02285508761539404,154,0.14334557949453208,0.1434939891543723,push,NFL,total,all,no landing multipliers
2021,0.06171476866172143,163,0.09449586390172587,0.09411724568907727,push,NFL,total,all,no landing multipliers
2022,0.06348676046871096,150,0.09994810164284243,0.09952485657305103,push,NFL,total,all,no landing multipliers
2023,-0.011431648478239527,129,0.13825297995172064,0.1383415973817845,push,NFL,total,all,no landing multipliers
2024,0.018957370699207762,119,0.11806897947336278,0.117909673837235,push,NFL,total,all,no landing multipliers
2015,-0.003821437461878449,232,0.13531212525257807,0.13532859696577584,neighbour,NFL,total,all,no landing multipliers
2016,-0.00507442624630608,264,0.14901887230175725,0.14903809361329629,neighbour,NFL,total,all,no landing multipliers
2017,-0.0077371864829485736,242,0.15982119433370762,0.15985316617867848,neighbour,NFL,total,all,no landing multipliers
2018,-0.002104113253256698,248,0.08649891848824992,0.08650740281588401,neighbour,NFL,total,all,no landing multipliers
2019,-0.009425113583318517,202,0.1509401781915083,0.15098683716964353,neighbour,NFL,total,all,no landing multipliers
2020,-0.06834555760090345,230,0.16646199453490804,0.16675914913317283,neighbour,NFL,total,all,no landing multipliers
2021,0.006827428817582328,244,0.08750725780590615,0.08747927654026032,neighbour,NFL,total,all,no landing multipliers
2022,-0.07854563481138627,268,0.18628283051520533,0.18657591124211348,neighbour,NFL,total,all,no landing multipliers
2023,-0.04572498761363525,312,0.16426502987297495,0.16441158432045452,neighbour,NFL,total,all,no landing multipliers
2024,-0.011522259826382011,332,0.13510576237975463,0.13514046798164134,neighbour,NFL,total,all,no landing multipliers
2025,-0.006212144236659178,570,0.14025197567003464,0.14026287416869543,neighbour,NFL,total,all,no landing multipliers
1999,-0.11787732503143233,259,0.6918344473723295,0.6922895721794007,under,NFL,total,all,"era: landing 1999 on, tested 1999-2025"
2000,-0.04143335978852469,259,0.6926942032277081,0.692854177589826,under,NFL,total,all,"era: landing 1999 on, tested 1999-2025"
2001,0.15625383725884068,259,0.6939312838777476,0.6933279872087945,under,NFL,total,all,"era: landing 1999 on, tested 1999-2025"
2002,-0.34550302511789543,267,0.6906679903354725,0.6919620091561388,under,NFL,total,all,"era: landing 1999 on, tested 1999-2025"
2003,0.1849259993472745,267,0.6942575012388783,0.6935648944997499,under,NFL,total,all,"era: landing 1999 on, tested 1999-2025"
2004,-0.08636569827612839,267,0.6934459481676846,0.6937694152024266,under,NFL,total,all,"era: landing 1999 on, tested 1999-2025"
2005,-0.136336217055266,267,0.6923541964791569,0.6928648190149443,under,NFL,total,all,"era: landing 1999 on, tested 1999-2025"
2006,-0.08268077655351735,267,0.6928898571747012,0.6931995230044896,under,NFL,total,all,"era: landing 1999 on, tested 1999-2025"
2007,-0.2626285012584213,267,0.6915477494808732,0.6925313768264104,under,NFL,total,all,"era: landing 1999 on, tested 1999-2025"
2008,-0.20118853607672216,267,0.6924614961595844,0.6932150112759766,under,NFL,total,all,"era: landing 1999 on, tested 1999-2025"
2009,-0.22594654774993483,267,0.6919482040453103,0.6927944457971827,under,NFL,total,all,"era: landing 1999 on, tested 1999-2025"
2010,-0.16904781726725182,267,0.6920956014574299,0.6927287393498166,under,NFL,total,all,"era: landing 1999 on, tested 1999-2025"
2011,-0.09574190958569517,267,0.6938251422189649,0.6941837261499973,under,NFL,total,all,"era: landing 1999 on, tested 1999-2025"
2012,-0.024965624627041882,267,0.6929686145604254,0.6930621187725116,under,NFL,total,all,"era: landing 1999 on, tested 1999-2025"
2013,-0.2090376156656878,267,0.6919091293204829,0.6926920417387065,under,NFL,total,all,"era: landing 1999 on, tested 1999-2025"
2014,0.03531022584903165,267,0.6938007543366218,0.693668506299734,under,NFL,total,all,"era: landing 1999 on, tested 1999-2025"
2015,0.010374119560034534,267,0.6937183757183836,0.6936795213380089,under,NFL,total,all,"era: landing 1999 on, tested 1999-2025"
2016,0.42495492893375286,267,0.6948737775538489,0.693282186059715,under,NFL,total,all,"era: landing 1999 on, tested 1999-2025"
2017,-0.020041493914788266,267,0.693483453707658,0.6935585154826197,under,NFL,total,all,"era: landing 1999 on, tested 1999-2025"
2018,0.05857772166892283,267,0.6935765870162672,0.6933571948002788,under,NFL,total,all,"era: landing 1999 on, tested 1999-2025"
2019,0.025104110895098786,267,0.6933186954741589,0.6932246725869113,under,NFL,total,all,"era: landing 1999 on, tested 1999-2025"
2020,0.3184343901984271,269,0.6948333306657793,0.693649559698499,under,NFL,total,all,"era: landing 1999 on, tested 1999-2025"
2021,-0.23946827521203307,285,0.6937592027209567,0.6945994422831042,under,NFL,total,all,"era: landing 1999 on, tested 1999-2025"
2022,0.15577109591789684,284,0.6949312877178037,0.6943827979434448,under,NFL,total,all,"era: landing 1999 on, tested 1999-2025"
2023,-0.19595602998314265,285,0.6933415820137662,0.694029147031251,under,NFL,total,all,"era: landing 1999 on, tested 1999-2025"
2024,0.0745117804199199,285,0.6927223561623211,0.6924609113187424,under,NFL,total,all,"era: landing 1999 on, tested 1999-2025"
2025,-0.1522235128191053,285,0.693200216561424,0.693734334150263,under,NFL,total,all,"era: landing 1999 on, tested 1999-2025"
1999,0.15796034403664677,149,0.05411012502201724,0.053049988484858535,push,NFL,total,all,"era: landing 1999 on, tested 1999-2025"
2000,-0.8997635096133261,144,0.16966990724877126,0.17591826495441937,push,NFL,total,all,"era: landing 1999 on, tested 1999-2025"
2001,-0.3019022603544573,145,0.12418985693202678,0.12627194148619547,push,NFL,total,all,"era: landing 1999 on, tested 1999-2025"
2002,0.48137485430773513,134,0.11165123438514478,0.10805888472613183,push,NFL,total,all,"era: landing 1999 on, tested 1999-2025"
2003,0.14260702924014326,142,0.1293276467965279,0.12832337194272406,push,NFL,total,all,"era: landing 1999 on, tested 1999-2025"
2004,-0.5162682460556681,167,0.08950771434431112,0.09259914096739896,push,NFL,total,all,"era: landing 1999 on, tested 1999-2025"
2005,-0.6278881611892894,163,0.15497247812251075,0.15882455273103402,push,NFL,total,all,"era: landing 1999 on, tested 1999-2025"
2006,-1.4838716358361925,168,0.29476901177036524,0.3036015810312949,push,NFL,total,all,"era: landing 1999 on, tested 1999-2025"
2007,-1.7467529972913647,148,0.1840944377867809,0.19589682290361443,push,NFL,total,all,"era: landing 1999 on, tested 1999-2025"
2008,-0.8735166687129874,133,0.2621262347320558,0.26869402923365715,push,NFL,total,all,"era: landing 1999 on, tested 1999-2025"
2009,-0.5934455349356114,140,0.15061001109846886,0.15484890777658036,push,NFL,total,all,"era: landing 1999 on, tested 1999-2025"
2010,-0.750359408846951,116,0.17446202902404323,0.18093064461755143,push,NFL,total,all,"era: landing 1999 on, tested 1999-2025"
2011,-0.6394058897045268,105,0.12365169672393499,0.12974127662588286,push,NFL,total,all,"era: landing 1999 on, tested 1999-2025"
2012,0.3291622888445726,133,0.08468271738596021,0.08220781295855742,push,NFL,total,all,"era: landing 1999 on, tested 1999-2025"
2013,1.5392096474053354,138,0.1423525051411785,0.13119881204403844,push,NFL,total,all,"era: landing 1999 on, tested 1999-2025"
2014,-0.07425365141035296,126,0.1124417660080226,0.11303108070175556,push,NFL,total,all,"era: landing 1999 on, tested 1999-2025"
2015,0.33258825189559205,151,0.1479513686574539,0.14574879745284733,push,NFL,total,all,"era: landing 1999 on, tested 1999-2025"
2016,0.3551687945920994,135,0.05809347819102298,0.055462598231081496,push,NFL,total,all,"era: landing 1999 on, tested 1999-2025"
2017,0.15080841177120896,146,0.030643813827152644,0.029610879499952586,push,NFL,total,all,"era: landing 1999 on, tested 1999-2025"
2018,0.7658035920988049,143,0.10847224306386914,0.10311697318905233,push,NFL,total,all,"era: landing 1999 on, tested 1999-2025"
2019,0.22718695430067748,166,0.05209255670367643,0.050723960593431386,push,NFL,total,all,"era: landing 1999 on, tested 1999-2025"
2020,-0.7912376658459247,154,0.13835608223329487,0.1434939891543723,push,NFL,total,all,"era: landing 1999 on, tested 1999-2025"
2021,0.1908309787736998,163,0.09528798789014292,0.09411724568907727,push,NFL,total,all,"era: landing 1999 on, tested 1999-2025"
2022,0.23517617649712363,150,0.10109269774969852,0.09952485657305103,push,NFL,total,all,"era: landing 1999 on, tested 1999-2025"
2023,-0.4966408684214447,129,0.13449166816921518,0.1383415973817845,push,NFL,total,all,"era: landing 1999 on, tested 1999-2025"
2024,0.20333878961055998,119,0.11961840316169348,0.117909673837235,push,NFL,total,all,"era: landing 1999 on, tested 1999-2025"
1999,0.9205642825324214,220,0.16112904242199932,0.15694465931957924,neighbour,NFL,total,all,"era: landing 1999 on, tested 1999-2025"
2000,0.15390374813375798,230,0.10652059054261007,0.10585144381159373,neighbour,NFL,total,all,"era: landing 1999 on, tested 1999-2025"
2001,-0.1845827748944489,228,0.13650261143504472,0.1373121850091432,neighbour,NFL,total,all,"era: landing 1999 on, tested 1999-2025"
2002,-0.5657227679312251,266,0.080493944374358,0.08262072169740772,neighbour,NFL,total,all,"era: landing 1999 on, tested 1999-2025"
2003,-0.29288106467902975,250,0.14059214094827824,0.14176366520699435,neighbour,NFL,total,all,"era: landing 1999 on, tested 1999-2025"
2004,-0.25514053834486944,200,0.06399285407472863,0.06526855676645299,neighbour,NFL,total,all,"era: landing 1999 on, tested 1999-2025"
2005,-0.41156523729774125,208,0.1455706168130281,0.14754929583849802,neighbour,NFL,total,all,"era: landing 1999 on, tested 1999-2025"
2006,0.33336823502141644,198,0.11976526830613778,0.11808159035148415,neighbour,NFL,total,all,"era: landing 1999 on, tested 1999-2025"
2007,-0.4044078137359144,238,0.11630473859210386,0.11800393108679255,neighbour,NFL,total,all,"era: landing 1999 on, tested 1999-2025"
2008,0.032044958037313484,268,0.16052611100599273,0.16040654026704754,neighbour,NFL,total,all,"era: landing 1999 on, tested 1999-2025"
2009,-0.25281682327543775,254,0.07041389708055418,0.07140923890447323,neighbour,NFL,total,all,"era: landing 1999 on, tested 1999-2025"
2010,-0.12807312995339556,302,0.098961141025675,0.09938522423744123,neighbour,NFL,total,all,"era: landing 1999 on, tested 1999-2025"
2011,0.2626009257151833,324,0.18184254840697542,0.18103205172266928,neighbour,NFL,total,all,"era: landing 1999 on, tested 1999-2025"
2012,0.13307006334089957,268,0.13472090135052583,0.13422437126343295,neighbour,NFL,total,all,"era: landing 1999 on, tested 1999-2025"
2013,0.43410404733026775,258,0.12696723437732213,0.12528466055046064,neighbour,NFL,total,all,"era: landing 1999 on, tested 1999-2025"
2014,-0.4429938592278858,282,0.09052118800399986,0.09209208821402781,neighbour,NFL,total,all,"era: landing 1999 on, tested 1999-2025"
2015,0.31394544856475487,232,0.13668181010614117,0.13532859696577584,neighbour,NFL,total,all,"era: landing 1999 on, tested 1999-2025"
2016,-1.0718138940536532,264,0.1449781924994567,0.14903809361329629,neighbour,NFL,total,all,"era: landing 1999 on, tested 1999-2025"
2017,-1.0463167283420547,242,0.15552954333428984,0.15985316617867848,neighbour,NFL,total,all,"era: landing 1999 on, tested 1999-2025"
2018,0.10874353850894172,248,0.0869458848260007,0.08650740281588401,neighbour,NFL,total,all,"era: landing 1999 on, tested 1999-2025"
2019,-1.437146260103458,202,0.1438722517235868,0.15098683716964353,neighbour,NFL,total,all,"era: landing 1999 on, tested 1999-2025"
2020,-0.056215125924242756,230,0.16651473554219784,0.16675914913317283,neighbour,NFL,total,all,"era: landing 1999 on, tested 1999-2025"
2021,0.39421260561123245,244,0.08909490197309324,0.08747927654026032,neighbour,NFL,total,all,"era: landing 1999 on, tested 1999-2025"
2022,1.2811147863308299,268,0.19135619029558673,0.18657591124211348,neighbour,NFL,total,all,"era: landing 1999 on, tested 1999-2025"
2023,-1.949155044152085,312,0.15816429251227476,0.16441158432045452,neighbour,NFL,total,all,"era: landing 1999 on, tested 1999-2025"
2024,-1.259584169547379,332,0.1313465397601131,0.13514046798164134,neighbour,NFL,total,all,"era: landing 1999 on, tested 1999-2025"
2025,-1.3090231267173462,570,0.13796634236743696,0.14026287416869543,neighbour,NFL,total,all,"era: landing 1999 on, tested 1999-2025"
2015,-0.09745554431618919,267,0.6933145192993715,0.6936795213380089,under,NFL,total,all,pure 2015: shape and landing 2015 on
2016,0.6374962940265495,267,0.6956698126291029,0.693282186059715,under,NFL,total,all,pure 2015: shape and landing 2015 on
2017,-0.2146152446499765,267,0.6927547130682004,0.6935585154826197,under,NFL,total,all,pure 2015: shape and landing 2015 on
2018,-0.1114497208286922,267,0.6929397801155271,0.6933571948002788,under,NFL,total,all,pure 2015: shape and landing 2015 on
2019,-0.028991706001674444,267,0.6931160894183658,0.6932246725869113,under,NFL,total,all,pure 2015: shape and landing 2015 on
2020,0.5498815169656553,269,0.6956937289065497,0.693649559698499,under,NFL,total,all,pure 2015: shape and landing 2015 on
2021,-0.5005167048467879,285,0.6928432433187295,0.6945994422831042,under,NFL,total,all,pure 2015: shape and landing 2015 on
2022,-0.1383342650942454,284,0.6938957054607187,0.6943827979434448,under,NFL,total,all,pure 2015: shape and landing 2015 on
2023,-0.3137859496660569,285,0.6929281436990893,0.694029147031251,under,NFL,total,all,pure 2015: shape and landing 2015 on
2024,0.6492605421923908,285,0.6947390184843298,0.6924609113187424,under,NFL,total,all,pure 2015: shape and landing 2015 on
2025,0.25087140286400056,285,0.6946145846866278,0.693734334150263,under,NFL,total,all,pure 2015: shape and landing 2015 on
2015,0.3353531646013551,151,0.14796967933762453,0.14574879745284733,push,NFL,total,all,pure 2015: shape and landing 2015 on
2016,0.21767548057396782,135,0.05707500919829608,0.055462598231081496,push,NFL,total,all,pure 2015: shape and landing 2015 on
2017,0.12245562822388557,146,0.03044961667956824,0.029610879499952586,push,NFL,total,all,pure 2015: shape and landing 2015 on
2018,0.5162640417592956,143,0.10672721124331314,0.10311697318905233,push,NFL,total,all,pure 2015: shape and landing 2015 on
2019,0.27603100627922367,166,0.05238679798065561,0.050723960593431386,push,NFL,total,all,pure 2015: shape and landing 2015 on
2020,-0.5898631937104132,154,0.13966370867573327,0.1434939891543723,push,NFL,total,all,pure 2015: shape and landing 2015 on
2021,0.008987039134240534,163,0.0941723808984898,0.09411724568907727,push,NFL,total,all,pure 2015: shape and landing 2015 on
2022,0.40295999453286774,150,0.10221125653660348,0.09952485657305103,push,NFL,total,all,pure 2015: shape and landing 2015 on
2023,-0.5654111957634906,129,0.13395856485648613,0.1383415973817845,push,NFL,total,all,pure 2015: shape and landing 2015 on
2024,0.12247522926393863,119,0.11893887744449497,0.117909673837235,push,NFL,total,all,pure 2015: shape and landing 2015 on
2015,0.2859545740313296,232,0.1365611597848764,0.13532859696577584,neighbour,NFL,total,all,pure 2015: shape and landing 2015 on
2016,-1.0036654633112718,264,0.14523633049469298,0.14903809361329629,neighbour,NFL,total,all,pure 2015: shape and landing 2015 on
2017,-0.7871968819815149,242,0.1566002865010689,0.15985316617867848,neighbour,NFL,total,all,pure 2015: shape and landing 2015 on
2018,0.12570937341726138,248,0.08701429545063102,0.08650740281588401,neighbour,NFL,total,all,pure 2015: shape and landing 2015 on
2019,-1.028851342470217,202,0.14589351369206818,0.15098683716964353,neighbour,NFL,total,all,pure 2015: shape and landing 2015 on
2020,-0.12578184015954885,230,0.16621227156726173,0.16675914913317283,neighbour,NFL,total,all,pure 2015: shape and landing 2015 on
2021,0.0214860149161755,244,0.08756733397844137,0.08747927654026032,neighbour,NFL,total,all,pure 2015: shape and landing 2015 on
2022,0.6220833316332695,268,0.18889711770343165,0.18657591124211348,neighbour,NFL,total,all,pure 2015: shape and landing 2015 on
2023,-0.994627784691795,312,0.16122367475413468,0.16441158432045452,neighbour,NFL,total,all,pure 2015: shape and landing 2015 on
2024,-0.8094899561782363,332,0.13270224522206833,0.13514046798164134,neighbour,NFL,total,all,pure 2015: shape and landing 2015 on
2025,-1.1388659841875606,570,0.13826486367012078,0.14026287416869543,neighbour,NFL,total,all,pure 2015: shape and landing 2015 on
2006,-0.21053545484752012,285,0.6930353811445691,0.693774102038771,under,CFB,total,all,primary
2007,-0.9646135177259051,532,0.691163145707662,0.6929763290116581,under,CFB,total,all,primary
2008,-0.03713364356733884,295,0.6926064236223819,0.6927323003802373,under,CFB,total,all,primary
2009,-0.2457382651708757,584,0.6931033431382353,0.6935241278388704,under,CFB,total,all,primary
2010,-0.2680776062559602,567,0.692566670474549,0.6930394704855825,under,CFB,total,all,primary
2011,0.09203674947455553,672,0.6933394953756473,0.6932025359270245,under,CFB,total,all,primary
2012,-0.3314568025291592,662,0.6924381530882785,0.6929388431223105,under,CFB,total,all,primary
2013,0.5281666822434169,755,0.6941974409068212,0.6934978823872935,under,CFB,total,all,primary
2014,0.7538147800234334,711,0.6945700843013718,0.6935098666079492,under,CFB,total,all,primary
2015,-0.23216561422561643,757,0.6934032987078187,0.6937099904042857,under,CFB,total,all,primary
2016,-0.08345383887873448,776,0.6928476528506615,0.6929551964574641,under,CFB,total,all,primary
2017,-0.7492448242899601,732,0.6920178150934084,0.6930413735965367,under,CFB,total,all,primary
2018,0.5301561852820642,804,0.6932091155428947,0.692549717302494,under,CFB,total,all,primary
2019,0.3272477483374592,790,0.6929378735936139,0.6925236359374907,under,CFB,total,all,primary
2020,-0.018525102005945815,502,0.6929256373105561,0.6929625399041934,under,CFB,total,all,primary
2021,-0.6704294672383895,736,0.692204169386957,0.6931150789891831,under,CFB,total,all,primary
2022,1.6077594298285667,1245,0.6936748996466044,0.6923835266105975,under,CFB,total,all,primary
2023,-0.2371811153044634,1273,0.6925909756279928,0.6927772922935893,under,CFB,total,all,primary
2024,-1.7889447430643153,1539,0.6919207196041408,0.6930831268445985,under,CFB,total,all,primary
2025,0.18192289826725816,1551,0.6929418587260937,0.692824564787817,under,CFB,total,all,primary
2006,-0.0022040937498418005,155,0.11986659442581589,0.1198808143854923,push,CFB,total,all,primary
2007,-0.8658621606351832,319,0.06850684325567662,0.07122114469967407,push,CFB,total,all,primary
2008,-0.29716585578426574,165,0.06778290302899878,0.0695839082155701,push,CFB,total,all,primary
2009,1.4123329083848573,326,0.15346174435590654,0.14912943482098368,push,CFB,total,all,primary
2010,-0.6434730154899329,290,0.0861944854663434,0.08841335793355007,push,CFB,total,all,primary
2011,-2.51974652721837,373,0.12666609249021166,0.13342144511010004,push,CFB,total,all,primary
2012,-1.6613003763723588,353,0.0827675554131504,0.0874737887739786,push,CFB,total,all,primary
2013,-0.319513369666243,386,0.10988648029995184,0.11071423514364676,push,CFB,total,all,primary
2014,-0.2717282882898358,373,0.09313176652592531,0.09386026059640744,push,CFB,total,all,primary
2015,0.9169757066762526,436,0.10298873386583501,0.10088557857529314,push,CFB,total,all,primary
2016,-1.180600643229783,406,0.11264263585786688,0.1155505192155757,push,CFB,total,all,primary
2017,-1.557476789899837,357,0.1133211767812071,0.11768385686496013,push,CFB,total,all,primary
2018,-0.4988351475581615,395,0.07964987080572414,0.08091274459701062,push,CFB,total,all,primary
2019,-0.40569013071575294,397,0.144422410697199,0.14544430019522353,push,CFB,total,all,primary
2020,1.1120963234833103,205,0.13805482324497573,0.132629963130423,push,CFB,total,all,primary
2021,1.361251165234956,336,0.11657859881653182,0.11252725606285637,push,CFB,total,all,primary
2022,-1.9878236633935729,580,0.14856159930440332,0.15198888148266815,push,CFB,total,all,primary
2023,1.3525598621379378,476,0.1205213347100958,0.11767982239467996,push,CFB,total,all,primary
2024,0.12989157529877407,299,0.21036119200703965,0.2099267720227628,push,CFB,total,all,primary
2025,-0.5286731525232746,154,0.16489856493946883,0.16833150748832126,push,CFB,total,all,primary
2006,-1.3281376316161089,260,0.1475788003962125,0.15268702205627444,neighbour,CFB,total,all,primary
2007,-0.12006139443837759,426,0.0849806329975118,0.0852624672567568,neighbour,CFB,total,all,primary
2008,-0.36520336776419887,260,0.10898721591701153,0.11039184425456615,neighbour,CFB,total,all,primary
2009,0.552633359799836,516,0.09711307320166594,0.09604207831833292,neighbour,CFB,total,all,primary
2010,-1.3130207440221882,554,0.09562457079321322,0.09799464433837962,neighbour,CFB,total,all,primary
2011,-1.824620065523651,598,0.08329250580086714,0.08634370992381638,neighbour,CFB,total,all,primary
2012,-3.1626688830437284,618,0.13287970075784183,0.13799728794723295,neighbour,CFB,total,all,primary
2013,-1.1173079064372027,738,0.1080375005167716,0.10955146786966755,neighbour,CFB,total,all,primary
2014,-3.7719007992107048,676,0.15559022456610513,0.16116995947618015,neighbour,CFB,total,all,primary
2015,-1.8979759150924131,642,0.11378841912926438,0.11674476790666691,neighbour,CFB,total,all,primary
2016,-1.6777558057446518,740,0.10218129843851055,0.10444853601384116,neighbour,CFB,total,all,primary
2017,1.2424114208623795,750,0.12012181878711993,0.11846527022597009,neighbour,CFB,total,all,primary
2018,0.15773317874272824,818,0.11049158865413902,0.11029876080726526,neighbour,CFB,total,all,primary
2019,1.3861687539400305,786,0.08304360970119022,0.08128003622289502,neighbour,CFB,total,all,primary
2020,-0.17019911614018204,594,0.11147195315250236,0.11175848365105485,neighbour,CFB,total,all,primary
2021,-2.8629532421232464,800,0.12702751295868678,0.13060620451134086,neighbour,CFB,total,all,primary
2022,-2.1340788280169805,1330,0.13416432015973506,0.13576889070711626,neighbour,CFB,total,all,primary
2023,0.31066324490551744,1594,0.10596062492614143,0.10576572954037888,neighbour,CFB,total,all,primary
2024,-4.850609778258101,2480,0.1074793266587423,0.10943521769836251,neighbour,CFB,total,all,primary
2025,-7.06705807137309,2794,0.11188457954680534,0.11441394893527101,neighbour,CFB,total,all,primary
2006,-0.21717301518984566,285,0.6930120914591574,0.693774102038771,under,CFB,total,all,h = 1
2007,-0.891897623658724,532,0.6912998297190666,0.6929763290116581,under,CFB,total,all,h = 1
2008,-0.08943121330496617,295,0.6924291437249661,0.6927323003802373,under,CFB,total,all,h = 1
2009,-0.25498455756374516,584,0.6930875104457818,0.6935241278388704,under,CFB,total,all,h = 1
2010,-0.2232890131202001,567,0.6926456627023017,0.6930394704855825,under,CFB,total,all,h = 1
2011,0.09687977447022578,672,0.6933467022580814,0.6932025359270245,under,CFB,total,all,h = 1
2012,-0.3230481165774348,662,0.6924508550308038,0.6929388431223105,under,CFB,total,all,h = 1
2013,0.4998460682970036,755,0.6941599301598723,0.6934978823872935,under,CFB,total,all,h = 1
2014,0.6813949053915848,711,0.6944682279376139,0.6935098666079492,under,CFB,total,all,h = 1
2015,-0.3097021398384705,757,0.6933008726502058,0.6937099904042857,under,CFB,total,all,h = 1
2016,-0.010430046824909445,776,0.6929417556754731,0.6929551964574641,under,CFB,total,all,h = 1
2017,-0.7467329844706838,732,0.6920212465685713,0.6930413735965367,under,CFB,total,all,h = 1
2018,0.4832268205299083,804,0.6931507456862377,0.692549717302494,under,CFB,total,all,h = 1
2019,0.4031323524906074,790,0.6930339300545674,0.6925236359374907,under,CFB,total,all,h = 1
2020,0.02495598426306478,502,0.6930122530202553,0.6929625399041934,under,CFB,total,all,h = 1
2021,-0.5628216236940159,736,0.6923503756961206,0.6931150789891831,under,CFB,total,all,h = 1
2022,1.6695187114431627,1245,0.6937245054952909,0.6923835266105975,under,CFB,total,all,h = 1
2023,-0.09230810309925475,1273,0.6927047800366379,0.6927772922935893,under,CFB,total,all,h = 1
2024,-1.5488238140821537,1539,0.692076743599581,0.6930831268445985,under,CFB,total,all,h = 1
2025,0.23675186895724032,1551,0.6929772094486533,0.692824564787817,under,CFB,total,all,h = 1
2006,-0.0006006001910310865,155,0.11987693954555015,0.1198808143854923,push,CFB,total,all,h = 1
2007,-0.8835916319775242,319,0.0684512649756066,0.07122114469967407,push,CFB,total,all,h = 1
2008,-0.3161615745459042,165,0.06766777746074644,0.0695839082155701,push,CFB,total,all,h = 1
2009,1.4207020239227115,326,0.15348741648945824,0.14912943482098368,push,CFB,total,all,h = 1
2010,-0.6567290224000363,290,0.08614877509768787,0.08841335793355007,push,CFB,total,all,h = 1
2011,-2.5014245246016396,373,0.12671521314065864,0.13342144511010004,push,CFB,total,all,h = 1
2012,-1.683751960794295,353,0.08270395319099193,0.0874737887739786,push,CFB,total,all,h = 1
2013,-0.32845586579827313,386,0.10986331321152688,0.11071423514364676,push,CFB,total,all,h = 1
2014,-0.29731164684169414,373,0.09306317843329297,0.09386026059640744,push,CFB,total,all,h = 1
2015,0.8987276885249296,436,0.10294688061319435,0.10088557857529314,push,CFB,total,all,h = 1
2016,-1.176158624525444,406,0.11265357679063619,0.1155505192155757,push,CFB,total,all,h = 1
2017,-1.555977447367452,357,0.11332537662023338,0.11768385686496013,push,CFB,total,all,h = 1
2018,-0.5140406071113073,395,0.07961137597141237,0.08091274459701062,push,CFB,total,all,h = 1
2019,-0.3915668361459146,397,0.1444579857464933,0.14544430019522353,push,CFB,total,all,h = 1
2020,1.1144687757520817,205,0.13806639618287217,0.132629963130423,push,CFB,total,all,h = 1
2021,1.3534501974922857,336,0.11655538165063102,0.11252725606285637,push,CFB,total,all,h = 1
2022,-1.9143063909194655,580,0.14868835322246213,0.15198888148266815,push,CFB,total,all,h = 1
2023,1.346774109775944,476,0.12050917976815884,0.11767982239467996,push,CFB,total,all,h = 1
2024,0.2255722559045188,299,0.21068119428331303,0.2099267720227628,push,CFB,total,all,h = 1
2025,-0.511116291388273,154,0.16501257053125457,0.16833150748832126,push,CFB,total,all,h = 1
2006,-1.2935864568633613,260,0.1477116895298769,0.15268702205627444,neighbour,CFB,total,all,h = 1
2007,-0.14309094768534056,426,0.084926573013364,0.0852624672567568,neighbour,CFB,total,all,h = 1
2008,-0.3595772720989781,260,0.10900885474649315,0.11039184425456615,neighbour,CFB,total,all,h = 1
2009,0.5372891111364824,516,0.09708333628565169,0.09604207831833292,neighbour,CFB,total,all,h = 1
2010,-1.3276599512952545,554,0.09559814623134848,0.09799464433837962,neighbour,CFB,total,all,h = 1
2011,-1.8678820359548858,598,0.08322016136870787,0.08634370992381638,neighbour,CFB,total,all,h = 1
2012,-3.1108633757106805,618,0.1329635284396105,0.13799728794723295,neighbour,CFB,total,all,h = 1
2013,-1.1045799741669144,738,0.10805474703746305,0.10955146786966755,neighbour,CFB,total,all,h = 1
2014,-3.6515014335724345,676,0.15576833013657598,0.16116995947618015,neighbour,CFB,total,all,h = 1
2015,-1.8861752466827253,642,0.11380680023270627,0.11674476790666691,neighbour,CFB,total,all,h = 1
2016,-1.707500459943518,740,0.10214110295986344,0.10444853601384116,neighbour,CFB,total,all,h = 1
2017,1.2672661687136415,750,0.12015495845092163,0.11846527022597009,neighbour,CFB,total,all,h = 1
2018,0.1607605867394169,818,0.11049528964191005,0.11029876080726526,neighbour,CFB,total,all,h = 1
2019,1.3572573952483835,786,0.08300682680209143,0.08128003622289502,neighbour,CFB,total,all,h = 1
2020,-0.16771212831696358,594,0.1114761400006896,0.11175848365105485,neighbour,CFB,total,all,h = 1
2021,-2.8440726615995016,800,0.12705111368434147,0.13060620451134086,neighbour,CFB,total,all,h = 1
2022,-2.052494886472488,1330,0.134225661469167,0.13576889070711626,neighbour,CFB,total,all,h = 1
2023,0.28452660515375966,1594,0.10594422803796594,0.10576572954037888,neighbour,CFB,total,all,h = 1
2024,-4.926861960400333,2480,0.1074485798111043,0.10943521769836251,neighbour,CFB,total,all,h = 1
2025,-7.077642778390499,2794,0.11188079117636246,0.11441394893527101,neighbour,CFB,total,all,h = 1
2006,-0.17981373986689742,285,0.6931431766357292,0.693774102038771,under,CFB,total,all,h = 4
2007,-1.2641373885914093,532,0.690600130912802,0.6929763290116581,under,CFB,total,all,h = 4
2008,0.22090787497418485,295,0.693481140634387,0.6927323003802373,under,CFB,total,all,h = 4
2009,-0.1946225091357442,584,0.6931908701177475,0.6935241278388704,under,CFB,total,all,h = 4
2010,-0.3944119005389235,567,0.6923438586680535,0.6930394704855825,under,CFB,total,all,h = 4
2011,0.09896968934841877,672,0.6933498122504597,0.6932025359270245,under,CFB,total,all,h = 4
2012,-0.21871431767820715,662,0.6926084589566335,0.6929388431223105,under,CFB,total,all,h = 4
2013,0.7414901899478038,755,0.6944799885991448,0.6934978823872935,under,CFB,total,all,h = 4
2014,1.1201333939508396,711,0.6950853003547155,0.6935098666079492,under,CFB,total,all,h = 4
2015,0.06664608200381716,757,0.6937980301427321,0.6937099904042857,under,CFB,total,all,h = 4
2016,-0.3679998974766573,776,0.692480969785458,0.6929551964574641,under,CFB,total,all,h = 4
2017,-0.7839958150635623,732,0.6919703410622969,0.6930413735965367,under,CFB,total,all,h = 4
2018,0.9101883957615535,804,0.6936817924216004,0.692549717302494,under,CFB,total,all,h = 4
2019,0.0009897780367006392,790,0.6925248888210813,0.6925236359374907,under,CFB,total,all,h = 4
2020,-0.21184172914907962,502,0.6925405444278009,0.6929625399041934,under,CFB,total,all,h = 4
2021,-1.0709045431901025,736,0.6916600456424574,0.6931150789891831,under,CFB,total,all,h = 4
2022,1.6934669775191935,1245,0.6937437410503721,0.6923835266105975,under,CFB,total,all,h = 4
2023,-0.6321874228682512,1273,0.6922806800211084,0.6927772922935893,under,CFB,total,all,h = 4
2024,-2.5375721108826994,1539,0.6914342820681966,0.6930831268445985,under,CFB,total,all,h = 4
2025,0.05355288345221376,1551,0.692859092759095,0.692824564787817,under,CFB,total,all,h = 4
2006,-0.008050964636719372,155,0.11982887267815862,0.1198808143854923,push,CFB,total,all,h = 4
2007,-0.841364526601147,319,0.06858363834669241,0.07122114469967407,push,CFB,total,all,h = 4
2008,-0.27917060362691076,165,0.06789196516328579,0.0695839082155701,push,CFB,total,all,h = 4
2009,1.3915145075943054,326,0.15339788423078216,0.14912943482098368,push,CFB,total,all,h = 4
2010,-0.6176544047100403,290,0.08628351515868786,0.08841335793355007,push,CFB,total,all,h = 4
2011,-2.5487603164810366,373,0.1265883075324029,0.13342144511010004,push,CFB,total,all,h = 4
2012,-1.6557094852531604,353,0.08278339363161838,0.0874737887739786,push,CFB,total,all,h = 4
2013,-0.29583509284180654,386,0.1099478229860255,0.11071423514364676,push,CFB,total,all,h = 4
2014,-0.2504667433411238,373,0.09318876798691379,0.09386026059640744,push,CFB,total,all,h = 4
2015,0.943784084505388,436,0.1030502209709477,0.10088557857529314,push,CFB,total,all,h = 4
2016,-1.2013166172992857,406,0.11259161129119323,0.1155505192155757,push,CFB,total,all,h = 4
2017,-1.5665329950501918,357,0.11329580925977754,0.11768385686496013,push,CFB,total,all,h = 4
2018,-0.47270467927142606,395,0.07971602388999434,0.08091274459701062,push,CFB,total,all,h = 4
2019,-0.41743540047743277,397,0.144392825634827,0.14544430019522353,push,CFB,total,all,h = 4
2020,1.1237330091940352,205,0.13811158756551584,0.132629963130423,push,CFB,total,all,h = 4
2021,1.3792577420997847,336,0.11663218981910571,0.11252725606285637,push,CFB,total,all,h = 4
2022,-2.067298876741423,580,0.14842457307449325,0.15198888148266815,push,CFB,total,all,h = 4
2023,1.3608889919215574,476,0.12053883288191013,0.11767982239467996,push,CFB,total,all,h = 4
2024,0.09035151831057925,299,0.2102289510137681,0.2099267720227628,push,CFB,total,all,h = 4
2025,-0.5421815100250953,154,0.16481084833231416,0.16833150748832126,push,CFB,total,all,h = 4
2006,-1.3625845117584305,260,0.1474463123956651,0.15268702205627444,neighbour,CFB,total,all,h = 4
2007,-0.10986522576620006,426,0.08500456766575633,0.0852624672567568,neighbour,CFB,total,all,h = 4
2008,-0.3594875242970031,260,0.10900919993034688,0.11039184425456615,neighbour,CFB,total,all,h = 4
2009,0.5562402895090267,516,0.09712006337552097,0.09604207831833292,neighbour,CFB,total,all,h = 4
2010,-1.298821774953553,554,0.09565020070127934,0.09799464433837962,neighbour,CFB,total,all,h = 4
2011,-1.7802841440728774,598,0.08336664613774135,0.08634370992381638,neighbour,CFB,total,all,h = 4
2012,-3.233891367222137,618,0.13276445401968903,0.13799728794723295,neighbour,CFB,total,all,h = 4
2013,-1.1763943673172719,738,0.10795743756164956,0.10955146786966755,neighbour,CFB,total,all,h = 4
2014,-3.848359416729265,676,0.15547712010232032,0.16116995947618015,neighbour,CFB,total,all,h = 4
2015,-1.9137574281752032,642,0.11376383733318528,0.11674476790666691,neighbour,CFB,total,all,h = 4
2016,-1.620021996997634,740,0.10225931709897948,0.10444853601384116,neighbour,CFB,total,all,h = 4
2017,1.2312919533931903,750,0.12010699283049435,0.11846527022597009,neighbour,CFB,total,all,h = 4
2018,0.12745718802571726,818,0.11045457644054854,0.11029876080726526,neighbour,CFB,total,all,h = 4
2019,1.4461454140598686,786,0.0831199158845488,0.08128003622289502,neighbour,CFB,total,all,h = 4
2020,-0.18623288949971478,594,0.1114449602680587,0.11175848365105485,neighbour,CFB,total,all,h = 4
2021,-2.932163194636611,800,0.12694100051804508,0.13060620451134086,neighbour,CFB,total,all,h = 4
2022,-2.194836013264208,1330,0.1341186380655642,0.13576889070711626,neighbour,CFB,total,all,h = 4
2023,0.32379249014383005,1594,0.10596886159191203,0.10576572954037888,neighbour,CFB,total,all,h = 4
2024,-4.822488422821766,2480,0.10749066591496663,0.10943521769836251,neighbour,CFB,total,all,h = 4
2025,-7.099347721173778,2794,0.11187302276448582,0.11441394893527101,neighbour,CFB,total,all,h = 4
2006,-0.014876953816193361,285,0.6937219022008193,0.693774102038771,under,CFB,total,all,no landing multipliers
2007,-0.023558439269164677,532,0.692932046231077,0.6929763290116581,under,CFB,total,all,no landing multipliers
2008,0.006126074883910038,295,0.6927530667357759,0.6927323003802373,under,CFB,total,all,no landing multipliers
2009,0.003778207165406,584,0.6935305973716879,0.6935241278388704,under,CFB,total,all,no landing multipliers
2010,-0.0024615797523750427,567,0.6930351290750844,0.6930394704855825,under,CFB,total,all,no landing multipliers
2011,0.0020845612264096536,672,0.6932056379526591,0.6932025359270245,under,CFB,total,all,no landing multipliers
2012,-0.09381454999304073,662,0.6927971293005687,0.6929388431223105,under,CFB,total,all,no landing multipliers
2013,-0.008321472436923605,755,0.6934868605694963,0.6934978823872935,under,CFB,total,all,no landing multipliers
2014,0.010826570634270838,711,0.6935250938521605,0.6935098666079492,under,CFB,total,all,no landing multipliers
2015,0.03850127275938309,757,0.6937608507381818,0.6937099904042857,under,CFB,total,all,no landing multipliers
2016,0.009237534941483272,776,0.692967100497337,0.6929551964574641,under,CFB,total,all,no landing multipliers
2017,-0.008012212878876213,732,0.6930304279505274,0.6930413735965367,under,CFB,total,all,no landing multipliers
2018,0.00012388686878994637,804,0.6925498713906393,0.692549717302494,under,CFB,total,all,no landing multipliers
2019,-0.022084640082357887,790,0.69249568069688,0.6925236359374907,under,CFB,total,all,no landing multipliers
2020,0.0006504958517834503,502,0.6929638357126632,0.6929625399041934,under,CFB,total,all,no landing multipliers
2021,0.004779954683211685,736,0.6931215734928288,0.6931150789891831,under,CFB,total,all,no landing multipliers
2022,-0.0868624237366763,1245,0.692313757595548,0.6923835266105975,under,CFB,total,all,no landing multipliers
2023,0.029935040251183542,1273,0.6928008076433546,0.6927772922935893,under,CFB,total,all,no landing multipliers
2024,-0.12421999944968642,1539,0.6930024120951186,0.6930831268445985,under,CFB,total,all,no landing multipliers
2025,-0.0016131895129629648,1551,0.6928235246914191,0.692824564787817,under,CFB,total,all,no landing multipliers
2006,0.0024078430415491667,155,0.11989634885672809,0.1198808143854923,push,CFB,total,all,no landing multipliers
2007,-0.09488384113386666,319,0.07092370319141743,0.07122114469967407,push,CFB,total,all,no landing multipliers
2008,-0.04481956837385514,165,0.06931227446784977,0.0695839082155701,push,CFB,total,all,no landing multipliers
2009,0.03846264395772435,326,0.14924741839140612,0.14912943482098368,push,CFB,total,all,no landing multipliers
2010,-0.050481814449052365,290,0.08823928271131196,0.08841335793355007,push,CFB,total,all,no landing multipliers
2011,0.03668628613346388,373,0.13351979976461334,0.13342144511010004,push,CFB,total,all,no landing multipliers
2012,-0.04118337037655592,353,0.08735712200237362,0.0874737887739786,push,CFB,total,all,no landing multipliers
2013,-0.008245453501675541,386,0.11069287386514501,0.11071423514364676,push,CFB,total,all,no landing multipliers
2014,-0.0016731563222315941,373,0.09385577492262129,0.09386026059640744,push,CFB,total,all,no landing multipliers
2015,-0.030032724309315757,436,0.10081669618008829,0.10088557857529314,push,CFB,total,all,no landing multipliers
2016,0.002478872116236458,406,0.11555662481192111,0.1155505192155757,push,CFB,total,all,no landing multipliers
2017,0.0021413690610548354,357,0.11768985509762417,0.11768385686496013,push,CFB,total,all,no landing multipliers
2018,-0.10586394776161194,395,0.08064473460267742,0.08091274459701062,push,CFB,total,all,no landing multipliers
2019,0.04157918083508653,397,0.14554903364820865,0.14544430019522353,push,CFB,total,all,no landing multipliers
2020,0.011378250765318221,205,0.13268546679269283,0.132629963130423,push,CFB,total,all,no landing multipliers
2021,-0.0024170358199150227,336,0.1125200625038685,0.11252725606285637,push,CFB,total,all,no landing multipliers
2022,0.06045036898922499,580,0.15209310625678749,0.15198888148266815,push,CFB,total,all,no landing multipliers
2023,-0.020513030086028578,476,0.11763672779365889,0.11767982239467996,push,CFB,total,all,no landing multipliers
2024,-0.020961951578990386,299,0.2098566651612946,0.2099267720227628,push,CFB,total,all,no landing multipliers
2025,0.026880461046764705,154,0.1685060559366769,0.16833150748832126,push,CFB,total,all,no landing multipliers
2006,-0.06836059150179048,260,0.15242409670434448,0.15268702205627444,neighbour,CFB,total,all,no landing multipliers
2007,0.015964823521187322,426,0.08529994336830889,0.0852624672567568,neighbour,CFB,total,all,no landing multipliers
2008,-0.1627624217697669,260,0.10976583494006704,0.11039184425456615,neighbour,CFB,total,all,no landing multipliers
2009,0.06000542458274305,516,0.09615836790085762,0.09604207831833292,neighbour,CFB,total,all,no landing multipliers
2010,-0.05571211931464389,554,0.09789408094611493,0.09799464433837962,neighbour,CFB,total,all,no landing multipliers
2011,-0.01729528382269841,598,0.08631478804451422,0.08634370992381638,neighbour,CFB,total,all,no landing multipliers
2012,0.10581664309530356,618,0.13816851228881114,0.13799728794723295,neighbour,CFB,total,all,no landing multipliers
2013,0.0898198405863949,738,0.1096731749707331,0.10955146786966755,neighbour,CFB,total,all,no landing multipliers
2014,0.09153852890339591,676,0.16130537150118518,0.16116995947618015,neighbour,CFB,total,all,no landing multipliers
2015,-0.08582308449404898,642,0.11661108708969797,0.11674476790666691,neighbour,CFB,total,all,no landing multipliers
2016,-0.012984746750569404,740,0.10443098905877284,0.10444853601384116,neighbour,CFB,total,all,no landing multipliers
2017,-0.2609080293032047,750,0.11811739285356583,0.11846527022597009,neighbour,CFB,total,all,no landing multipliers
2018,0.07077703501625641,818,0.11038528529995019,0.11029876080726526,neighbour,CFB,total,all,no landing multipliers
2019,-0.28285324252389166,786,0.08092017204665597,0.08128003622289502,neighbour,CFB,total,all,no landing multipliers
2020,-0.08132830034579572,594,0.11162156732050638,0.11175848365105485,neighbour,CFB,total,all,no landing multipliers
2021,0.20975973385228272,800,0.1308684041786562,0.13060620451134086,neighbour,CFB,total,all,no landing multipliers
2022,-0.016438732152506692,1330,0.1357565307581294,0.13576889070711626,neighbour,CFB,total,all,no landing multipliers
2023,-0.14940509484404776,1594,0.10567199986983682,0.10576572954037888,neighbour,CFB,total,all,no landing multipliers
2024,0.1010042536619654,2480,0.1094759452200004,0.10943521769836251,neighbour,CFB,total,all,no landing multipliers
2025,0.18630331203160258,2794,0.11448062871767316,0.11441394893527101,neighbour,CFB,total,all,no landing multipliers
2016,-0.4136339443013216,776,0.6924221630240859,0.6929551964574641,under,CFB,total,all,"era: landing 2016 on, tested 2016-2025"
2017,-0.7388263893452345,732,0.6920320479280324,0.6930413735965367,under,CFB,total,all,"era: landing 2016 on, tested 2016-2025"
2018,0.7221566014044045,804,0.693447922030609,0.692549717302494,under,CFB,total,all,"era: landing 2016 on, tested 2016-2025"
2019,0.10803536721276397,790,0.6926603895668739,0.6925236359374907,under,CFB,total,all,"era: landing 2016 on, tested 2016-2025"
2020,-0.10522863093655221,502,0.6927529211174672,0.6929625399041934,under,CFB,total,all,"era: landing 2016 on, tested 2016-2025"
2021,-0.942889882110767,736,0.6918339786058805,0.6931150789891831,under,CFB,total,all,"era: landing 2016 on, tested 2016-2025"
2022,1.5686875081380696,1245,0.6936435165769735,0.6923835266105975,under,CFB,total,all,"era: landing 2016 on, tested 2016-2025"
2023,-0.8227011312885718,1273,0.6921310227481938,0.6927772922935893,under,CFB,total,all,"era: landing 2016 on, tested 2016-2025"
2024,-1.9852755765187295,1539,0.6917931492120327,0.6930831268445985,under,CFB,total,all,"era: landing 2016 on, tested 2016-2025"
2025,-0.0728804201709845,1551,0.6927775754775842,0.692824564787817,under,CFB,total,all,"era: landing 2016 on, tested 2016-2025"
2016,-1.2489352516641734,406,0.11247432401443243,0.1155505192155757,push,CFB,total,all,"era: landing 2016 on, tested 2016-2025"
2017,-1.6334026417786247,357,0.11310849932496399,0.11768385686496013,push,CFB,total,all,"era: landing 2016 on, tested 2016-2025"
2018,-0.5407571163346192,395,0.07954373923920145,0.08091274459701062,push,CFB,total,all,"era: landing 2016 on, tested 2016-2025"
2019,-0.18706580581535992,397,0.1449731016919103,0.14544430019522353,push,CFB,total,all,"era: landing 2016 on, tested 2016-2025"
2020,1.1479892196985704,205,0.13822991054358674,0.132629963130423,push,CFB,total,all,"era: landing 2016 on, tested 2016-2025"
2021,1.1781827187090033,336,0.1160337522494903,0.11252725606285637,push,CFB,total,all,"era: landing 2016 on, tested 2016-2025"
2022,-1.7068964198744399,580,0.14904595662081566,0.15198888148266815,push,CFB,total,all,"era: landing 2016 on, tested 2016-2025"
2023,1.3109253205378384,476,0.12043386718572585,0.11767982239467996,push,CFB,total,all,"era: landing 2016 on, tested 2016-2025"
2024,-0.34513333455120615,299,0.20877247993396278,0.2099267720227628,push,CFB,total,all,"era: landing 2016 on, tested 2016-2025"
2025,-0.652129951568379,154,0.1640968974132019,0.16833150748832126,push,CFB,total,all,"era: landing 2016 on, tested 2016-2025"
2016,-1.6526221065202205,740,0.10221526289692195,0.10444853601384116,neighbour,CFB,total,all,"era: landing 2016 on, tested 2016-2025"
2017,1.1276038173569396,750,0.11996874198244602,0.11846527022597009,neighbour,CFB,total,all,"era: landing 2016 on, tested 2016-2025"
2018,0.2808905614709574,818,0.11064214780172855,0.11029876080726526,neighbour,CFB,total,all,"era: landing 2016 on, tested 2016-2025"
2019,1.4376267483496836,786,0.08310907788746205,0.08128003622289502,neighbour,CFB,total,all,"era: landing 2016 on, tested 2016-2025"
2020,-0.2516406057527034,594,0.1113348462676328,0.11175848365105485,neighbour,CFB,total,all,"era: landing 2016 on, tested 2016-2025"
2021,-2.997597683687691,800,0.12685920740673123,0.13060620451134086,neighbour,CFB,total,all,"era: landing 2016 on, tested 2016-2025"
2022,-1.808676422590355,1330,0.13440898362246184,0.13576889070711626,neighbour,CFB,total,all,"era: landing 2016 on, tested 2016-2025"
2023,0.3514949584741716,1594,0.10598624080667385,0.10576572954037888,neighbour,CFB,total,all,"era: landing 2016 on, tested 2016-2025"
2024,-5.56784660223153,2480,0.10719011826197883,0.10943521769836251,neighbour,CFB,total,all,"era: landing 2016 on, tested 2016-2025"
2025,-7.035570210007399,2794,0.11189584936118104,0.11441394893527101,neighbour,CFB,total,all,"era: landing 2016 on, tested 2016-2025"
2015,-0.06144755550114456,24,0.678874838531029,0.6814351533435766,under,NFL,total,windy,primary
2016,-0.035508295721792926,22,0.7264283985642378,0.7280424120061375,under,NFL,total,windy,primary
2017,0.05247712226116785,20,0.6786719510818662,0.6760480949688078,under,NFL,total,windy,primary
2018,0.03956951726225422,17,0.6433117479175489,0.6409841292550633,under,NFL,total,windy,primary
2019,0.000582498878169857,23,0.6947280174505193,0.694702691412338,under,NFL,total,windy,primary
2020,0.03170187402443336,26,0.756252544417467,0.7550332415703735,under,NFL,total,windy,primary
2021,0.020353414859384467,28,0.6611928687745747,0.6604659611010252,under,NFL,total,windy,primary
2022,0.05836595080630613,24,0.6587010131014827,0.6562690984845533,under,NFL,total,windy,primary
2023,-0.027372129028484737,14,0.646062224127375,0.6480173762008382,under,NFL,total,windy,primary
2024,-0.032044604966433576,16,0.7152875689553093,0.7172903567657114,under,NFL,total,windy,primary
2025,0.005981878949326225,20,0.6893718144861904,0.6890727205387241,under,NFL,total,windy,primary
2015,-0.2961631089936637,16,0.23744940727831831,0.2559596015904223,push,NFL,total,windy,primary
2016,0.035539399567558506,11,0.02816603382687685,0.024935179320735166,push,NFL,total,windy,primary
2017,0.053210892914373566,8,0.03227446650219434,0.025623104887897645,push,NFL,total,windy,primary
2018,0.05985892251190003,12,0.030496003089870976,0.025507759547212638,push,NFL,total,windy,primary
2019,0.08021017768448277,13,0.03114293459941707,0.024972920931379934,push,NFL,total,windy,primary
2020,0.08476002355034312,16,0.03038433590163132,0.025086834429734875,push,NFL,total,windy,primary
2021,0.03181542706329876,17,0.02703485161234682,0.025163355902741012,push,NFL,total,windy,primary
2022,0.05875885465960164,15,0.029695788305383324,0.025778531328076545,push,NFL,total,windy,primary
2023,-0.704077062724933,7,1.0134303407347818,1.1140127782669151,push,NFL,total,windy,primary
2024,0.012589708567517115,5,0.027229045599098268,0.024711103885594846,push,NFL,total,windy,primary
2015,0.061528850766839255,16,0.028856624641962095,0.02501107146903464,neighbour,NFL,total,windy,primary
2016,-0.2269963567251025,22,0.18121728440381313,0.1915353006185905,neighbour,NFL,total,windy,primary
2017,0.10642151975966554,24,0.03082127696691032,0.02638704697692425,neighbour,NFL,total,windy,primary
2018,0.05231354801213893,10,0.0314995707687799,0.026268215967566004,neighbour,NFL,total,windy,primary
2019,-0.0037583577055889834,20,0.20789314120981786,0.2080810590950973,neighbour,NFL,total,windy,primary
2020,-0.026551697037391738,20,0.21060549853535832,0.21193308338722788,neighbour,NFL,total,windy,primary
2021,0.10615712122467756,22,0.19784372702877615,0.19301840333674536,neighbour,NFL,total,windy,primary
2022,0.04881836060025618,18,0.029259302131978384,0.026547170987519703,neighbour,NFL,total,windy,primary
2023,-0.34669055718408665,14,0.26936438906278515,0.29412800029021996,neighbour,NFL,total,windy,primary
2024,-0.2712396162973373,22,0.18221666998294953,0.1945457434510103,neighbour,NFL,total,windy,primary
2025,0.09687032962543247,40,0.028808805217560064,0.02638704697692425,neighbour,NFL,total,windy,primary
2015,-0.04783031930660542,24,0.6794422233724681,0.6814351533435766,under,NFL,total,windy,h = 1
2016,-0.016030441809606666,22,0.7273137555602461,0.7280424120061375,under,NFL,total,windy,h = 1
2017,0.02741916151061552,20,0.6774190530443385,0.6760480949688078,under,NFL,total,windy,h = 1
2018,0.019427961166687657,17,0.6421269505001626,0.6409841292550633,under,NFL,total,windy,h = 1
2019,0.01807206969285291,23,0.6954884335728968,0.694702691412338,under,NFL,total,windy,h = 1
2020,0.06337149892657468,26,0.7574706069137034,0.7550332415703735,under,NFL,total,windy,h = 1
2021,-0.0074422898666635096,28,0.6602001650343586,0.6604659611010252,under,NFL,total,windy,h = 1
2022,0.027272160372351695,24,0.6574054385000678,0.6562690984845533,under,NFL,total,windy,h = 1
2023,-0.04222361036620159,14,0.6450014040318238,0.6480173762008382,under,NFL,total,windy,h = 1
2024,-0.01088211801010941,16,0.7166102243900796,0.7172903567657114,under,NFL,total,windy,h = 1
2025,0.004441702875281783,20,0.6892948056824882,0.6890727205387241,under,NFL,total,windy,h = 1
2015,-0.2623212642400994,16,0.2395645225754161,0.2559596015904223,push,NFL,total,windy,h = 1
2016,0.018711329239298666,11,0.0266362092515805,0.024935179320735166,push,NFL,total,windy,h = 1
2017,0.039241257385988146,8,0.030528262061146165,0.025623104887897645,push,NFL,total,windy,h = 1
2018,0.0419098959034912,12,0.02900025087250357,0.025507759547212638,push,NFL,total,windy,h = 1
2019,0.06016810876609884,13,0.02960123699031061,0.024972920931379934,push,NFL,total,windy,h = 1
2020,0.05178013785289426,16,0.028323093045540766,0.025086834429734875,push,NFL,total,windy,h = 1
2021,0.0003698841922033583,17,0.02518511379640003,0.025163355902741012,push,NFL,total,windy,h = 1
2022,0.03703698162871477,15,0.02824766343665753,0.025778531328076545,push,NFL,total,windy,h = 1
2023,-0.5261812767928655,7,1.038844024439363,1.1140127782669151,push,NFL,total,windy,h = 1
2024,0.004571364075904201,5,0.025625376700775686,0.024711103885594846,push,NFL,total,windy,h = 1
2015,0.03853674516965531,16,0.0274196180421381,0.02501107146903464,neighbour,NFL,total,windy,h = 1
2016,-0.22419010004794143,22,0.1813448415255023,0.1915353006185905,neighbour,NFL,total,windy,h = 1
2017,0.07372235486915751,24,0.02945881176313915,0.02638704697692425,neighbour,NFL,total,windy,h = 1
2018,0.03927332445388952,10,0.030195548412954958,0.026268215967566004,neighbour,NFL,total,windy,h = 1
2019,-0.007417752043772402,20,0.20771017149290874,0.2080810590950973,neighbour,NFL,total,windy,h = 1
2020,0.03477997394347707,20,0.21367208208440175,0.21193308338722788,neighbour,NFL,total,windy,h = 1
2021,0.13680455162565125,22,0.1992367920470022,0.19301840333674536,neighbour,NFL,total,windy,h = 1
2022,0.02811666516106607,18,0.02810920794091227,0.026547170987519703,neighbour,NFL,total,windy,h = 1
2023,-0.2707208551003029,14,0.274790796354484,0.29412800029021996,neighbour,NFL,total,windy,h = 1
2024,-0.22446769102576772,22,0.18434266658620269,0.1945457434510103,neighbour,NFL,total,windy,h = 1
2025,0.05616816947233856,40,0.027791251213732715,0.02638704697692425,neighbour,NFL,total,windy,h = 1
2015,-0.08111483707100542,24,0.6780553684656181,0.6814351533435766,under,NFL,total,windy,h = 4
2016,-0.0791413770199132,22,0.7244450766870505,0.7280424120061375,under,NFL,total,windy,h = 4
2017,0.1110018010836924,20,0.6815981850229924,0.6760480949688078,under,NFL,total,windy,h = 4
2018,0.06272986164880856,17,0.6446741211167579,0.6409841292550633,under,NFL,total,windy,h = 4
2019,-0.005656989758292763,23,0.6944567353358905,0.694702691412338,under,NFL,total,windy,h = 4
2020,-0.013793749618932871,26,0.7545027127388761,0.7550332415703735,under,NFL,total,windy,h = 4
2021,0.08611133487404832,28,0.6635413659179555,0.6604659611010252,under,NFL,total,windy,h = 4
2022,0.1816263510729046,24,0.6638368631125909,0.6562690984845533,under,NFL,total,windy,h = 4
2023,0.016961620586688264,14,0.6492289205284588,0.6480173762008382,under,NFL,total,windy,h = 4
2024,-0.024934946442874972,16,0.7157319226130318,0.7172903567657114,under,NFL,total,windy,h = 4
2025,-0.013219439706539382,20,0.6884117485533972,0.6890727205387241,under,NFL,total,windy,h = 4
2015,-0.31405489568532013,16,0.2363311706100898,0.2559596015904223,push,NFL,total,windy,h = 4
2016,0.039367479959105015,11,0.028514041135199255,0.024935179320735166,push,NFL,total,windy,h = 4
2017,0.05862894606551165,8,0.0329517231460866,0.025623104887897645,push,NFL,total,windy,h = 4
2018,0.06085092876099918,12,0.0305786702772959,0.025507759547212638,push,NFL,total,windy,h = 4
2019,0.0834858291187674,13,0.031394907786669736,0.024972920931379934,push,NFL,total,windy,h = 4
2020,0.09434358540984472,16,0.03098330851785017,0.025086834429734875,push,NFL,total,windy,h = 4
2021,0.04235471127989297,17,0.0276548095074406,0.025163355902741012,push,NFL,total,windy,h = 4
2022,0.05956940988569828,15,0.029749825320456433,0.025778531328076545,push,NFL,total,windy,h = 4
2023,-0.764326759235483,7,1.0048232412332747,1.1140127782669151,push,NFL,total,windy,h = 4
2024,0.014103207742887116,5,0.02753174543417227,0.024711103885594846,push,NFL,total,windy,h = 4
2015,0.07135407455587271,16,0.029470701128776686,0.02501107146903464,neighbour,NFL,total,windy,h = 4
2016,-0.23695078150148924,22,0.18076481055034102,0.1915353006185905,neighbour,NFL,total,windy,h = 4
2017,0.11883735416660005,24,0.031338603400532586,0.02638704697692425,neighbour,NFL,total,windy,h = 4
2018,0.05489775269605776,10,0.03175799123717178,0.026268215967566004,neighbour,NFL,total,windy,h = 4
2019,0.005366609293281501,20,0.2083493895597614,0.2080810590950973,neighbour,NFL,total,windy,h = 4
2020,-0.04424234462714721,20,0.20972096615587055,0.21193308338722788,neighbour,NFL,total,windy,h = 4
2021,0.09797545932992004,22,0.19747183330628718,0.19301840333674536,neighbour,NFL,total,windy,h = 4
2022,0.04915592037920634,18,0.02927805545303117,0.026547170987519703,neighbour,NFL,total,windy,h = 4
2023,-0.37159099676838,14,0.26758578623533563,0.29412800029021996,neighbour,NFL,total,windy,h = 4
2024,-0.28403977933260394,22,0.18163484439043742,0.1945457434510103,neighbour,NFL,total,windy,h = 4
2025,0.11573494424512945,40,0.02928042058305249,0.02638704697692425,neighbour,NFL,total,windy,h = 4
2015,0.013885033754101994,24,0.6820136964166643,0.6814351533435766,under,NFL,total,windy,no landing multipliers
2016,-0.05490011596880684,22,0.7255469521893735,0.7280424120061375,under,NFL,total,windy,no landing multipliers
2017,0.013078427538759319,20,0.6767020163457457,0.6760480949688078,under,NFL,total,windy,no landing multipliers
2018,0.05337280578919468,17,0.6441237060661924,0.6409841292550633,under,NFL,total,windy,no landing multipliers
2019,-0.019281539688732696,23,0.6938643635997844,0.694702691412338,under,NFL,total,windy,no landing multipliers
2020,-0.07904351208082483,26,0.7519931064903418,0.7550332415703735,under,NFL,total,windy,no landing multipliers
2021,0.04632792023737753,28,0.6621205296809316,0.6604659611010252,under,NFL,total,windy,no landing multipliers
2022,0.02079760724814861,24,0.6571356654532261,0.6562690984845533,under,NFL,total,windy,no landing multipliers
2023,0.04082912090248747,14,0.6509337419795873,0.6480173762008382,under,NFL,total,windy,no landing multipliers
2024,-0.03538608537264598,16,0.715078726429921,0.7172903567657114,under,NFL,total,windy,no landing multipliers
2025,-0.004931243480278513,20,0.6888261583647102,0.6890727205387241,under,NFL,total,windy,no landing multipliers
2015,-0.0863702431674281,16,0.25056146139245805,0.2559596015904223,push,NFL,total,windy,no landing multipliers
2016,0.04087344117173009,11,0.028650946699983356,0.024935179320735166,push,NFL,total,windy,no landing multipliers
2017,0.025831450599063794,8,0.02885203621278062,0.025623104887897645,push,NFL,total,windy,no landing multipliers
2018,0.04043359481865724,12,0.02887722578210074,0.025507759547212638,push,NFL,total,windy,no landing multipliers
2019,0.048329981269251976,13,0.02869061179824547,0.024972920931379934,push,NFL,total,windy,no landing multipliers
2020,0.04922987608491772,16,0.028163701685042234,0.025086834429734875,push,NFL,total,windy,no landing multipliers
2021,0.04800999175510208,17,0.02798747306480584,0.025163355902741012,push,NFL,total,windy,no landing multipliers
2022,0.04998668410665277,15,0.02911097693518673,0.025778531328076545,push,NFL,total,windy,no landing multipliers
2023,-0.465246122519288,7,1.0475490464784454,1.1140127782669151,push,NFL,total,windy,no landing multipliers
2024,0.019329405178885622,5,0.02857698492137197,0.024711103885594846,push,NFL,total,windy,no landing multipliers
2015,0.048942823711354826,16,0.028069997950994317,0.02501107146903464,neighbour,NFL,total,windy,no landing multipliers
2016,-0.062257882637016135,22,0.18870539686236254,0.1915353006185905,neighbour,NFL,total,windy,no landing multipliers
2017,0.05998405212817881,24,0.028886382482265036,0.02638704697692425,neighbour,NFL,total,windy,no landing multipliers
2018,0.026352259230323194,10,0.028903441890598326,0.026268215967566004,neighbour,NFL,total,windy,no landing multipliers
2019,-0.059863772254853065,20,0.20508787048235466,0.2080810590950973,neighbour,NFL,total,windy,no landing multipliers
2020,-0.1035969278612405,20,0.2067532369941659,0.21193308338722788,neighbour,NFL,total,windy,no landing multipliers
2021,-0.05702681555171643,22,0.1904262753571219,0.19301840333674536,neighbour,NFL,total,windy,no landing multipliers
2022,0.04644100014161145,18,0.02912722655094256,0.026547170987519703,neighbour,NFL,total,windy,no landing multipliers
2023,-0.14858426861603785,14,0.2835148382462172,0.29412800029021996,neighbour,NFL,total,windy,no landing multipliers
2024,-0.09693442021394758,22,0.19013963344128545,0.1945457434510103,neighbour,NFL,total,windy,no landing multipliers
2025,0.07657906185738399,40,0.02830152352335885,0.02638704697692425,neighbour,NFL,total,windy,no landing multipliers
1999,-0.0975133312686074,35,0.6749789788424518,0.6777650740215547,under,NFL,total,windy,"era: landing 1999 on, tested 1999-2025"
2000,0.2120562626577427,28,0.6610094032023841,0.6534359652503218,under,NFL,total,windy,"era: landing 1999 on, tested 1999-2025"
2001,-0.2435394402830623,38,0.7192671976246916,0.7256761302637195,under,NFL,total,windy,"era: landing 1999 on, tested 1999-2025"
2002,-0.10844439538700579,28,0.6873465147183169,0.6912195288392814,under,NFL,total,windy,"era: landing 1999 on, tested 1999-2025"
2003,0.04794333046111321,25,0.6857268138344387,0.6838090806159941,under,NFL,total,windy,"era: landing 1999 on, tested 1999-2025"
2004,0.1265528573152489,39,0.6602551810777685,0.6570102360184031,under,NFL,total,windy,"era: landing 1999 on, tested 1999-2025"
2005,-0.03680767571734789,26,0.7017600316207937,0.7031757114560762,under,NFL,total,windy,"era: landing 1999 on, tested 1999-2025"
2006,-0.033878735118569425,25,0.7071775044741863,0.708532653878929,under,NFL,total,windy,"era: landing 1999 on, tested 1999-2025"
2007,0.017961880165909605,24,0.7021424464454068,0.7013940347718273,under,NFL,total,windy,"era: landing 1999 on, tested 1999-2025"
2008,0.18986658637053577,40,0.651192991436354,0.6464463267770906,under,NFL,total,windy,"era: landing 1999 on, tested 1999-2025"
2009,0.10024312681167802,18,0.6763151733846341,0.6707461107839854,under,NFL,total,windy,"era: landing 1999 on, tested 1999-2025"
2010,-0.08690987141646178,33,0.7356876917702994,0.7383213242374649,under,NFL,total,windy,"era: landing 1999 on, tested 1999-2025"
2011,0.07758515890619955,30,0.6862915453538182,0.6837053733902783,under,NFL,total,windy,"era: landing 1999 on, tested 1999-2025"
2012,0.0607539029490991,25,0.6682493083861241,0.6658191522681601,under,NFL,total,windy,"era: landing 1999 on, tested 1999-2025"
2013,-0.005514061767072809,21,0.6930560151581083,0.693318589527969,under,NFL,total,windy,"era: landing 1999 on, tested 1999-2025"
2014,-0.059852497570864305,23,0.718400163501825,0.7210024460049059,under,NFL,total,windy,"era: landing 1999 on, tested 1999-2025"
2015,-0.057032225652849045,24,0.6790588106080414,0.6814351533435766,under,NFL,total,windy,"era: landing 1999 on, tested 1999-2025"
2016,-0.057677470484520654,22,0.7254207088022956,0.7280424120061375,under,NFL,total,windy,"era: landing 1999 on, tested 1999-2025"
2017,0.09522071561430512,20,0.680809130749523,0.6760480949688078,under,NFL,total,windy,"era: landing 1999 on, tested 1999-2025"
2018,0.04144947990462733,17,0.6434223339553355,0.6409841292550633,under,NFL,total,windy,"era: landing 1999 on, tested 1999-2025"
2019,0.024408145835710715,23,0.6957639151443253,0.694702691412338,under,NFL,total,windy,"era: landing 1999 on, tested 1999-2025"
2020,0.04319201651153404,26,0.7566944729746633,0.7550332415703735,under,NFL,total,windy,"era: landing 1999 on, tested 1999-2025"
2021,0.030420189229125594,28,0.6615523964306369,0.6604659611010252,under,NFL,total,windy,"era: landing 1999 on, tested 1999-2025"
2022,0.08376888903890722,24,0.6597594688611743,0.6562690984845533,under,NFL,total,windy,"era: landing 1999 on, tested 1999-2025"
2023,-0.02661766889590167,14,0.6461161141368452,0.6480173762008382,under,NFL,total,windy,"era: landing 1999 on, tested 1999-2025"
2024,-0.035560840168776475,16,0.7150678042551628,0.7172903567657114,under,NFL,total,windy,"era: landing 1999 on, tested 1999-2025"
2025,-0.004341096284222967,20,0.688855665724513,0.6890727205387241,under,NFL,total,windy,"era: landing 1999 on, tested 1999-2025"
1999,0.04196981375532839,16,0.02883895549060105,0.026215842130893025,push,NFL,total,windy,"era: landing 1999 on, tested 1999-2025"
2000,0.0920733519527876,19,0.030781820867785255,0.025935854975533273,push,NFL,total,windy,"era: landing 1999 on, tested 1999-2025"
2001,-1.0005669817966634,18,0.3875601171820832,0.4431471717263423,push,NFL,total,windy,"era: landing 1999 on, tested 1999-2025"
2002,0.06321186308734457,18,0.028675126074260156,0.025163355902741012,push,NFL,total,windy,"era: landing 1999 on, tested 1999-2025"
2003,0.04060111443801179,11,0.029508693429396483,0.025817683025940865,push,NFL,total,windy,"era: landing 1999 on, tested 1999-2025"
2004,-0.39029379611447296,22,0.17452961630508176,0.1922702434011942,push,NFL,total,windy,"era: landing 1999 on, tested 1999-2025"
2005,0.0656485473179099,15,0.028693877471900348,0.024317307650706357,push,NFL,total,windy,"era: landing 1999 on, tested 1999-2025"
2006,0.16285844042164638,19,0.22790037004339317,0.21932887317909597,push,NFL,total,windy,"era: landing 1999 on, tested 1999-2025"
2007,0.09394721420769522,13,0.03147032039520006,0.02424361160999274,push,NFL,total,windy,"era: landing 1999 on, tested 1999-2025"
2008,-0.18755064949343603,25,0.16516389371234472,0.17266591969208214,push,NFL,total,windy,"era: landing 1999 on, tested 1999-2025"
2009,0.008704925068062683,6,0.026996913272373562,0.025546092427696444,push,NFL,total,windy,"era: landing 1999 on, tested 1999-2025"
2010,0.1393088096798208,16,0.034842031417534815,0.026135230812546015,push,NFL,total,windy,"era: landing 1999 on, tested 1999-2025"
2011,0.07117110285473748,13,0.030715045869906255,0.025240345650311063,push,NFL,total,windy,"era: landing 1999 on, tested 1999-2025"
2012,0.20496391706706862,11,0.37981538889213246,0.36118230552239894,push,NFL,total,windy,"era: landing 1999 on, tested 1999-2025"
2013,0.12954243437551288,15,0.03429794780618391,0.02566178551448305,push,NFL,total,windy,"era: landing 1999 on, tested 1999-2025"
2014,-0.039124370049352944,8,0.48293993547520936,0.4878304817313785,push,NFL,total,windy,"era: landing 1999 on, tested 1999-2025"
2015,-0.34579575165698967,16,0.23434736711186047,0.2559596015904223,push,NFL,total,windy,"era: landing 1999 on, tested 1999-2025"
2016,0.028255751616953664,11,0.027503884013185497,0.024935179320735166,push,NFL,total,windy,"era: landing 1999 on, tested 1999-2025"
2017,0.06397292437874308,8,0.03361972043524053,0.025623104887897645,push,NFL,total,windy,"era: landing 1999 on, tested 1999-2025"
2018,0.07185251659432045,12,0.03149546926340601,0.025507759547212638,push,NFL,total,windy,"era: landing 1999 on, tested 1999-2025"
2019,0.08989761425131562,13,0.03188812202763498,0.024972920931379934,push,NFL,total,windy,"era: landing 1999 on, tested 1999-2025"
2020,0.09711582547724301,16,0.031156573522062563,0.025086834429734875,push,NFL,total,windy,"era: landing 1999 on, tested 1999-2025"
2021,0.05936563895577203,17,0.028655452311904073,0.025163355902741012,push,NFL,total,windy,"era: landing 1999 on, tested 1999-2025"
2022,0.05026515888439394,15,0.029129541920369477,0.025778531328076545,push,NFL,total,windy,"era: landing 1999 on, tested 1999-2025"
2023,-0.6299239191939204,7,1.024023646953498,1.1140127782669151,push,NFL,total,windy,"era: landing 1999 on, tested 1999-2025"
2024,0.007541064649660107,5,0.026219316815526868,0.024711103885594846,push,NFL,total,windy,"era: landing 1999 on, tested 1999-2025"
1999,0.13345908260555378,38,0.030509784240183146,0.026997703118984365,neighbour,NFL,total,windy,"era: landing 1999 on, tested 1999-2025"
2000,0.059675016481357174,18,0.029638279491695244,0.02632300079828651,neighbour,NFL,total,windy,"era: landing 1999 on, tested 1999-2025"
2001,-0.2932288068552721,40,0.10919039090475025,0.11652111107613206,neighbour,NFL,total,windy,"era: landing 1999 on, tested 1999-2025"
2002,-0.3615631945114699,20,0.19253714117439166,0.21061530089996516,neighbour,NFL,total,windy,"era: landing 1999 on, tested 1999-2025"
2003,0.1213178859543951,28,0.03092028775996571,0.026587506118737312,neighbour,NFL,total,windy,"era: landing 1999 on, tested 1999-2025"
2004,0.1948691955717216,34,0.032110321891526156,0.026378874962946105,neighbour,NFL,total,windy,"era: landing 1999 on, tested 1999-2025"
2005,-0.7684088238605955,22,0.3251028561308309,0.3600305299426761,neighbour,NFL,total,windy,"era: landing 1999 on, tested 1999-2025"
2006,0.028800922860380725,12,0.02821805578904835,0.02581797888401662,neighbour,NFL,total,windy,"era: landing 1999 on, tested 1999-2025"
2007,-0.18122208611767365,22,0.35208438862058816,0.36032175617139156,neighbour,NFL,total,windy,"era: landing 1999 on, tested 1999-2025"
2008,0.004207429438607685,30,0.14773990760449568,0.14759965995654206,neighbour,NFL,total,windy,"era: landing 1999 on, tested 1999-2025"
2009,0.10448150132899137,24,0.029899777903629743,0.025546382014921768,neighbour,NFL,total,windy,"era: landing 1999 on, tested 1999-2025"
2010,0.1656609377717237,34,0.031007611335243775,0.026135230812546015,neighbour,NFL,total,windy,"era: landing 1999 on, tested 1999-2025"
2011,-0.2869188961417144,34,0.12596050713258936,0.13439929819558097,neighbour,NFL,total,windy,"era: landing 1999 on, tested 1999-2025"
2012,0.13977757737601063,28,0.030810035218874147,0.025817978884016622,neighbour,NFL,total,windy,"era: landing 1999 on, tested 1999-2025"
2013,0.005141386626325212,12,0.026472643596471206,0.026044194710944102,neighbour,NFL,total,windy,"era: landing 1999 on, tested 1999-2025"
2014,0.09218090747708979,30,0.02842949412346599,0.025356797207562995,neighbour,NFL,total,windy,"era: landing 1999 on, tested 1999-2025"
2015,0.06777711749083652,16,0.029247141312211924,0.02501107146903464,neighbour,NFL,total,windy,"era: landing 1999 on, tested 1999-2025"
2016,-0.20110985401405357,22,0.1823939436179517,0.1915353006185905,neighbour,NFL,total,windy,"era: landing 1999 on, tested 1999-2025"
2017,0.11834788628298044,24,0.03131820890538177,0.02638704697692425,neighbour,NFL,total,windy,"era: landing 1999 on, tested 1999-2025"
2018,0.06501220555145398,10,0.0327694365227114,0.026268215967566004,neighbour,NFL,total,windy,"era: landing 1999 on, tested 1999-2025"
2019,0.15661504703646367,20,0.2159118114469205,0.2080810590950973,neighbour,NFL,total,windy,"era: landing 1999 on, tested 1999-2025"
2020,0.1575132129524181,20,0.2198087440348488,0.21193308338722788,neighbour,NFL,total,windy,"era: landing 1999 on, tested 1999-2025"
2021,0.287379740190616,22,0.2060811187999552,0.19301840333674536,neighbour,NFL,total,windy,"era: landing 1999 on, tested 1999-2025"
2022,0.04603309520832978,18,0.029104565165760248,0.026547170987519703,neighbour,NFL,total,windy,"era: landing 1999 on, tested 1999-2025"
2023,-0.4042606832052608,14,0.2652522372041298,0.29412800029021996,neighbour,NFL,total,windy,"era: landing 1999 on, tested 1999-2025"
2024,-0.3236649869591368,22,0.17983369858923137,0.1945457434510103,neighbour,NFL,total,windy,"era: landing 1999 on, tested 1999-2025"
2025,0.1265018934670582,40,0.029549594313600706,0.02638704697692425,neighbour,NFL,total,windy,"era: landing 1999 on, tested 1999-2025"
2015,-0.06133084848279913,24,0.67887970132346,0.6814351533435766,under,NFL,total,windy,pure 2015: shape and landing 2015 on
2016,0.12306130622081413,22,0.7336361077434471,0.7280424120061375,under,NFL,total,windy,pure 2015: shape and landing 2015 on
2017,0.06530326244269868,20,0.6793132580909427,0.6760480949688078,under,NFL,total,windy,pure 2015: shape and landing 2015 on
2018,0.19235580910670513,17,0.6522991768495753,0.6409841292550633,under,NFL,total,windy,pure 2015: shape and landing 2015 on
2019,0.009022923625800261,23,0.6950949924395466,0.694702691412338,under,NFL,total,windy,pure 2015: shape and landing 2015 on
2020,0.4815800168589206,26,0.7735555499111013,0.7550332415703735,under,NFL,total,windy,pure 2015: shape and landing 2015 on
2021,0.14636694552415763,28,0.6656933520126023,0.6604659611010252,under,NFL,total,windy,pure 2015: shape and landing 2015 on
2022,0.1126485385031657,24,0.6609627875888519,0.6562690984845533,under,NFL,total,windy,pure 2015: shape and landing 2015 on
2023,0.05034133328350909,14,0.6516131857210888,0.6480173762008382,under,NFL,total,windy,pure 2015: shape and landing 2015 on
2024,0.0017587157733145453,16,0.7174002765015436,0.7172903567657114,under,NFL,total,windy,pure 2015: shape and landing 2015 on
2025,0.012482199809328631,20,0.6896968305291906,0.6890727205387241,under,NFL,total,windy,pure 2015: shape and landing 2015 on
2015,-0.3714858045807885,16,0.23274173880412302,0.2559596015904223,push,NFL,total,windy,pure 2015: shape and landing 2015 on
2016,0.09638944175896846,11,0.03369785584427775,0.024935179320735166,push,NFL,total,windy,pure 2015: shape and landing 2015 on
2017,0.10703614197073219,8,0.03900262263423917,0.025623104887897645,push,NFL,total,windy,pure 2015: shape and landing 2015 on
2018,0.1364045666757593,12,0.03687480677019258,0.025507759547212638,push,NFL,total,windy,pure 2015: shape and landing 2015 on
2019,0.16122633513125775,13,0.03737494671070745,0.024972920931379934,push,NFL,total,windy,pure 2015: shape and landing 2015 on
2020,0.16522916970034,16,0.03541365753600612,0.025086834429734875,push,NFL,total,windy,pure 2015: shape and landing 2015 on
2021,0.10282198024281904,17,0.03121170768173037,0.025163355902741012,push,NFL,total,windy,pure 2015: shape and landing 2015 on
2022,0.16063395588887946,15,0.03648746172066851,0.025778531328076545,push,NFL,total,windy,pure 2015: shape and landing 2015 on
2023,-0.9240179361363824,7,0.9820102159617177,1.1140127782669151,push,NFL,total,windy,pure 2015: shape and landing 2015 on
2024,0.03789896387508194,5,0.03229089666061123,0.024711103885594846,push,NFL,total,windy,pure 2015: shape and landing 2015 on
2015,0.13288442707163184,16,0.03331634816101163,0.02501107146903464,neighbour,NFL,total,windy,pure 2015: shape and landing 2015 on
2016,-0.28411034565644355,22,0.17862119399784307,0.1915353006185905,neighbour,NFL,total,windy,pure 2015: shape and landing 2015 on
2017,0.25952581528068164,24,0.03720062261361932,0.02638704697692425,neighbour,NFL,total,windy,pure 2015: shape and landing 2015 on
2018,0.11732511381041508,10,0.038000727348607516,0.026268215967566004,neighbour,NFL,total,windy,pure 2015: shape and landing 2015 on
2019,-0.06292826919087019,20,0.2049346456355538,0.2080810590950973,neighbour,NFL,total,windy,pure 2015: shape and landing 2015 on
2020,-0.09039254164977473,20,0.20741345630473917,0.21193308338722788,neighbour,NFL,total,windy,pure 2015: shape and landing 2015 on
2021,0.05326422374985332,22,0.19543950441628413,0.19301840333674536,neighbour,NFL,total,windy,pure 2015: shape and landing 2015 on
2022,0.16824163210249884,18,0.03589392832654742,0.026547170987519703,neighbour,NFL,total,windy,pure 2015: shape and landing 2015 on
2023,-0.42575495035514865,14,0.26371693240770927,0.29412800029021996,neighbour,NFL,total,windy,pure 2015: shape and landing 2015 on
2024,-0.3270240717684905,22,0.17968101291607894,0.1945457434510103,neighbour,NFL,total,windy,pure 2015: shape and landing 2015 on
2025,0.28895542886142034,40,0.03361093269845976,0.02638704697692425,neighbour,NFL,total,windy,pure 2015: shape and landing 2015 on
2006,0.17930179980338534,23,0.6701428519669601,0.662347121540726,under,CFB,total,windy,primary
2007,-0.13300926034651317,30,0.6931079157009211,0.6975415577124716,under,CFB,total,windy,primary
2008,0.05009218500057311,19,0.6925437852839533,0.6899073544944495,under,CFB,total,windy,primary
2009,-0.05420624278669617,24,0.6960446289462084,0.6983032223956541,under,CFB,total,windy,primary
2010,-0.08841301462252271,33,0.6778813150759593,0.680560497337248,under,CFB,total,windy,primary
2011,-0.12488592456880354,59,0.6895694520668157,0.6916861626527276,under,CFB,total,windy,primary
2012,0.008314552882399906,43,0.7041379903030377,0.7039446286080981,under,CFB,total,windy,primary
2013,0.05777579806780497,41,0.6864399143978235,0.6850307485912916,under,CFB,total,windy,primary
2014,0.024051197514164513,47,0.6966786740044209,0.6961669463977366,under,CFB,total,windy,primary
2015,-0.10897403280540541,50,0.6786399295061116,0.6808194101622198,under,CFB,total,windy,primary
2016,-0.005753113129716714,61,0.6821962280623127,0.682290541392308,under,CFB,total,windy,primary
2017,-0.05335282003896835,57,0.6817369189318122,0.6826729333184607,under,CFB,total,windy,primary
2018,0.1988990998296991,54,0.6858721371690798,0.682188820505567,under,CFB,total,windy,primary
2019,-0.18775242563088002,51,0.6625803725503299,0.6662617926607394,under,CFB,total,windy,primary
2020,0.08257514489301876,33,0.6894817042418666,0.6869794271238964,under,CFB,total,windy,primary
2021,0.047386783776185215,39,0.7032360688172725,0.7020210230794216,under,CFB,total,windy,primary
2022,0.2992515098545069,79,0.6714605053242477,0.6676725115286211,under,CFB,total,windy,primary
2023,0.18409570536430653,64,0.6868830855234274,0.6840065901271102,under,CFB,total,windy,primary
2024,-0.12713614868400502,83,0.7125353128411289,0.714067073668647,under,CFB,total,windy,primary
2025,-0.13214607334054063,61,0.6586283973584153,0.6607947264295717,under,CFB,total,windy,primary
2006,-0.0012013426225036972,16,0.024926218291510788,0.02500130220541727,push,CFB,total,windy,primary
2007,0.0455302064039083,15,0.028115031490617316,0.02507968439702343,push,CFB,total,windy,primary
2008,0.012524872656139985,10,0.026518074565278753,0.025265587299664754,push,CFB,total,windy,primary
2009,-0.004673676002779525,17,0.025121622924116165,0.025396545041926726,push,CFB,total,windy,primary
2010,0.007507902780927368,14,0.02516419366041839,0.02462791489035215,push,CFB,total,windy,primary
2011,-0.9721164563648159,32,0.22650102896104457,0.25687966822244507,push,CFB,total,windy,primary
2012,-0.15418343333979007,20,0.20305178098224289,0.2107609526492324,push,CFB,total,windy,primary
2013,0.015528243533346248,17,0.026231234074486735,0.025317807984289897,push,CFB,total,windy,primary
2014,0.43874591767526455,28,0.17242045876218692,0.15675096170235606,push,CFB,total,windy,primary
2015,0.0245204489041073,27,0.026550595387563866,0.02564243061333767,push,CFB,total,windy,primary
2016,-0.29082923649458275,29,0.14161892555791275,0.15164751991979492,push,CFB,total,windy,primary
2017,0.027139014155636007,26,0.026361616221045128,0.025317807984289897,push,CFB,total,windy,primary
2018,-0.009624016118743554,29,0.02590792931721606,0.02623979194200032,push,CFB,total,windy,primary
2019,0.7556445286812814,25,0.20259257416145085,0.1723667930141996,push,CFB,total,windy,primary
2020,-0.01843241862453515,12,0.02309188000497422,0.02462791489035215,push,CFB,total,windy,primary
2021,-0.4192149729226908,22,0.5182925646016672,0.5373477906436076,push,CFB,total,windy,primary
2022,-0.4502378399952214,34,0.11987888322438298,0.13312117263600712,push,CFB,total,windy,primary
2023,0.014569359303499589,24,0.02663889535559268,0.026031838717946867,push,CFB,total,windy,primary
2024,-0.29575307276394913,12,0.3098566018892983,0.33450269128629406,push,CFB,total,windy,primary
2025,-0.004422807547218834,4,0.023693412647327994,0.0247991145341327,push,CFB,total,windy,primary
2006,-0.44956394533262867,14,0.2505139933966775,0.28262570377757956,neighbour,CFB,total,windy,primary
2007,0.27816888081543517,30,0.15366176124758468,0.14438946522040352,neighbour,CFB,total,windy,primary
2008,0.02075236052898125,18,0.025638269642736262,0.024485360724459528,neighbour,CFB,total,windy,primary
2009,0.04226342401014291,14,0.027894005239101398,0.024875189238376904,neighbour,CFB,total,windy,primary
2010,0.3565720664180455,38,0.2252598418778614,0.21587636644580757,neighbour,CFB,total,windy,primary
2011,-0.39328219386425445,54,0.08778286585611125,0.09506586944619003,neighbour,CFB,total,windy,primary
2012,-1.6432083975403402,46,0.24709345725522927,0.2828153789408889,neighbour,CFB,total,windy,primary
2013,0.6524309368164977,48,0.11340612865803594,0.0998138174743589,neighbour,CFB,total,windy,primary
2014,0.9415190865193341,38,0.24009781276830836,0.2153209947020101,neighbour,CFB,total,windy,primary
2015,-0.6087212601858828,46,0.0950237298949462,0.10825680076855236,neighbour,CFB,total,windy,primary
2016,0.03192670090727434,64,0.02554842221646286,0.0250495675147867,neighbour,CFB,total,windy,primary
2017,0.45062903963292467,62,0.1512430815732374,0.14397487125657732,neighbour,CFB,total,windy,primary
2018,0.03434067308831282,50,0.02584729448468055,0.02516048102291429,neighbour,CFB,total,windy,primary
2019,-0.11504017448834977,52,0.09186787302655502,0.0940801840744079,neighbour,CFB,total,windy,primary
2020,-0.6544846250714197,42,0.1820036687032724,0.19758663596687764,neighbour,CFB,total,windy,primary
2021,0.0842084624448579,34,0.025980469017579146,0.023503749533906857,neighbour,CFB,total,windy,primary
2022,-0.5379129569794684,90,0.10087219786785365,0.10684900850095883,neighbour,CFB,total,windy,primary
2023,-0.12663888815431354,80,0.06856592092637552,0.07014890702830444,neighbour,CFB,total,windy,primary
2024,-0.28893482095202055,142,0.12580428353668913,0.1278390357969146,neighbour,CFB,total,windy,primary
2025,0.6534604198119027,114,0.1268451450606792,0.12111303611496076,neighbour,CFB,total,windy,primary
2006,0.14999207181203733,23,0.6688685159673363,0.662347121540726,under,CFB,total,windy,h = 1
2007,-0.11004248252955451,30,0.6938734749614864,0.6975415577124716,under,CFB,total,windy,h = 1
2008,0.06255024590750635,19,0.6931994727001077,0.6899073544944495,under,CFB,total,windy,h = 1
2009,-0.05453724527907944,24,0.6960308371756926,0.6983032223956541,under,CFB,total,windy,h = 1
2010,-0.07051983908429516,33,0.6784235325165117,0.680560497337248,under,CFB,total,windy,h = 1
2011,-0.11520849125619825,59,0.6897334763602497,0.6916861626527276,under,CFB,total,windy,h = 1
2012,0.03623145594704935,43,0.7047872206068667,0.7039446286080981,under,CFB,total,windy,h = 1
2013,0.07733971649416083,41,0.6869170831399298,0.6850307485912916,under,CFB,total,windy,h = 1
2014,0.018763269753393264,47,0.696566164903128,0.6961669463977366,under,CFB,total,windy,h = 1
2015,-0.12864288955022762,50,0.6782465523712152,0.6808194101622198,under,CFB,total,windy,h = 1
2016,0.03367521728152367,61,0.6828425941346282,0.682290541392308,under,CFB,total,windy,h = 1
2017,-0.08831674946110446,57,0.6811235166612485,0.6826729333184607,under,CFB,total,windy,h = 1
2018,0.15243866171806275,54,0.685011758685531,0.682188820505567,under,CFB,total,windy,h = 1
2019,-0.17923428637644756,51,0.6627473948886521,0.6662617926607394,under,CFB,total,windy,h = 1
2020,0.06879368133317076,33,0.6890640841339924,0.6869794271238964,under,CFB,total,windy,h = 1
2021,0.07766848101461599,39,0.7040125225926169,0.7020210230794216,under,CFB,total,windy,h = 1
2022,0.23952844973914367,79,0.6707045172215215,0.6676725115286211,under,CFB,total,windy,h = 1
2023,0.17875037087335388,64,0.6867995646720063,0.6840065901271102,under,CFB,total,windy,h = 1
2024,0.005297987996876086,83,0.7141309048493323,0.714067073668647,under,CFB,total,windy,h = 1
2025,-0.12380143397796428,61,0.6587651947250148,0.6607947264295717,under,CFB,total,windy,h = 1
2006,-0.0024503038378275704,16,0.024848158215553046,0.02500130220541727,push,CFB,total,windy,h = 1
2007,0.042017096859576296,15,0.02788082418766185,0.02507968439702343,push,CFB,total,windy,h = 1
2008,0.01227267688770364,10,0.026492854988435115,0.025265587299664754,push,CFB,total,windy,h = 1
2009,0.00042486955277885527,17,0.025421537368560777,0.025396545041926726,push,CFB,total,windy,h = 1
2010,0.005948681214663635,14,0.025052820691399552,0.02462791489035215,push,CFB,total,windy,h = 1
2011,-0.9532598718848945,32,0.2270902972260421,0.25687966822244507,push,CFB,total,windy,h = 1
2012,-0.1411789032903706,20,0.20370200748471387,0.2107609526492324,push,CFB,total,windy,h = 1
2013,0.02013214262158184,17,0.02650205166791236,0.025317807984289897,push,CFB,total,windy,h = 1
2014,0.44724552186592614,28,0.17272401605471052,0.15675096170235606,push,CFB,total,windy,h = 1
2015,0.032622484714930775,27,0.02685067078796474,0.02564243061333767,push,CFB,total,windy,h = 1
2016,-0.2870702342439357,29,0.14174854632517644,0.15164751991979492,push,CFB,total,windy,h = 1
2017,0.025554312662806476,26,0.026300666163628608,0.025317807984289897,push,CFB,total,windy,h = 1
2018,0.002157275699978348,29,0.026314180759240954,0.02623979194200032,push,CFB,total,windy,h = 1
2019,0.755006041859193,25,0.20256703468856732,0.1723667930141996,push,CFB,total,windy,h = 1
2020,-0.019136396459383417,12,0.023033215185403532,0.02462791489035215,push,CFB,total,windy,h = 1
2021,-0.39933698111149374,22,0.5191961096839942,0.5373477906436076,push,CFB,total,windy,h = 1
2022,-0.44935021479865045,34,0.11990498984781155,0.13312117263600712,push,CFB,total,windy,h = 1
2023,0.031966979887996225,24,0.027363796213280042,0.026031838717946867,push,CFB,total,windy,h = 1
2024,-0.2786318381613106,12,0.3112833714395182,0.33450269128629406,push,CFB,total,windy,h = 1
2025,-0.003843327741444089,4,0.02383828259877168,0.0247991145341327,push,CFB,total,windy,h = 1
2006,-0.4184933962760371,14,0.2527333183292912,0.28262570377757956,neighbour,CFB,total,windy,h = 1
2007,0.31141710381455967,30,0.15477003534755554,0.14438946522040352,neighbour,CFB,total,windy,h = 1
2008,0.02236365782962202,18,0.02572778615943853,0.024485360724459528,neighbour,CFB,total,windy,h = 1
2009,0.0444010698521339,14,0.028046694227815045,0.024875189238376904,neighbour,CFB,total,windy,h = 1
2010,0.42125691445363694,38,0.2269620747209033,0.21587636644580757,neighbour,CFB,total,windy,h = 1
2011,-0.4303139392893798,54,0.087097092792683,0.09506586944619003,neighbour,CFB,total,windy,h = 1
2012,-1.649641156667181,46,0.24695361466551535,0.2828153789408889,neighbour,CFB,total,windy,h = 1
2013,0.6895507560161955,48,0.11417945822469629,0.0998138174743589,neighbour,CFB,total,windy,h = 1
2014,1.0149409687771054,38,0.24202996756456552,0.2153209947020101,neighbour,CFB,total,windy,h = 1
2015,-0.618460891373154,46,0.09481199878217943,0.10825680076855236,neighbour,CFB,total,windy,h = 1
2016,0.03121833857404819,64,0.025537354055006203,0.0250495675147867,neighbour,CFB,total,windy,h = 1
2017,0.44927664854082006,62,0.15122126881368733,0.14397487125657732,neighbour,CFB,total,windy,h = 1
2018,0.05201831053723352,50,0.026200847233658963,0.02516048102291429,neighbour,CFB,total,windy,h = 1
2019,-0.0786190917171817,52,0.09256827846446208,0.0940801840744079,neighbour,CFB,total,windy,h = 1
2020,-0.580330296668243,42,0.18376924795096708,0.19758663596687764,neighbour,CFB,total,windy,h = 1
2021,0.07873607749945417,34,0.02581951651918492,0.023503749533906857,neighbour,CFB,total,windy,h = 1
2022,-0.5330964864769944,90,0.10092571420677,0.10684900850095883,neighbour,CFB,total,windy,h = 1
2023,-0.06819645942921373,80,0.06929645128543928,0.07014890702830444,neighbour,CFB,total,windy,h = 1
2024,-0.22208231673672107,142,0.12627507581989544,0.1278390357969146,neighbour,CFB,total,windy,h = 1
2025,0.6910122084742573,114,0.12717454671561212,0.12111303611496076,neighbour,CFB,total,windy,h = 1
2006,0.298162709513891,23,0.6753107176065473,0.662347121540726,under,CFB,total,windy,h = 4
2007,-0.2610129655648411,30,0.688841125526977,0.6975415577124716,under,CFB,total,windy,h = 4
2008,0.0769604030751998,19,0.6939579020247232,0.6899073544944495,under,CFB,total,windy,h = 4
2009,-0.14335390977877083,24,0.6923301428215387,0.6983032223956541,under,CFB,total,windy,h = 4
2010,-0.0853769428360357,33,0.6779733172513074,0.680560497337248,under,CFB,total,windy,h = 4
2011,-0.0865123979629212,59,0.6902198508228476,0.6916861626527276,under,CFB,total,windy,h = 4
2012,-0.06880416253422272,43,0.7023445318049767,0.7039446286080981,under,CFB,total,windy,h = 4
2013,0.06277294354941965,41,0.6865617959949362,0.6850307485912916,under,CFB,total,windy,h = 4
2014,-0.077662995701548,47,0.6945145422338739,0.6961669463977366,under,CFB,total,windy,h = 4
2015,-0.03701116606597321,50,0.6800791868409003,0.6808194101622198,under,CFB,total,windy,h = 4
2016,-0.13969711501765736,61,0.6800004247526744,0.682290541392308,under,CFB,total,windy,h = 4
2017,0.05048175444369274,57,0.6835585781332624,0.6826729333184607,under,CFB,total,windy,h = 4
2018,0.45157528700699345,54,0.6905513258205112,0.682188820505567,under,CFB,total,windy,h = 4
2019,-0.18846481342163734,51,0.6625664041622759,0.6662617926607394,under,CFB,total,windy,h = 4
2020,0.0528477593779042,33,0.6885808743777723,0.6869794271238964,under,CFB,total,windy,h = 4
2021,-0.01484503611420862,39,0.7016403811277753,0.7020210230794216,under,CFB,total,windy,h = 4
2022,0.5847833034669326,79,0.6750748318256709,0.6676725115286211,under,CFB,total,windy,h = 4
2023,0.2697039455982413,64,0.6882207142770826,0.6840065901271102,under,CFB,total,windy,h = 4
2024,-0.5319496269232404,83,0.7076580420189694,0.714067073668647,under,CFB,total,windy,h = 4
2025,-0.025254454587187336,61,0.6603807189773226,0.6607947264295717,under,CFB,total,windy,h = 4
2006,-0.0038173561322883322,16,0.024762717447149248,0.02500130220541727,push,CFB,total,windy,h = 4
2007,0.04698099920625281,15,0.028211751010773615,0.02507968439702343,push,CFB,total,windy,h = 4
2008,0.0124381181438117,10,0.02650939911404592,0.025265587299664754,push,CFB,total,windy,h = 4
2009,-0.007146536581100555,17,0.024976160537156105,0.025396545041926726,push,CFB,total,windy,h = 4
2010,0.007271660300664711,14,0.025147319197542487,0.02462791489035215,push,CFB,total,windy,h = 4
2011,-0.9865820975159135,32,0.22604897767507276,0.25687966822244507,push,CFB,total,windy,h = 4
2012,-0.1602671173617903,20,0.20274759678114287,0.2107609526492324,push,CFB,total,windy,h = 4
2013,0.00967786439733616,17,0.025887094125309672,0.025317807984289897,push,CFB,total,windy,h = 4
2014,0.4338978785244707,28,0.1722473145068014,0.15675096170235606,push,CFB,total,windy,h = 4
2015,0.020197522124112383,27,0.026390486988304797,0.02564243061333767,push,CFB,total,windy,h = 4
2016,-0.2969926170836008,29,0.14140639519277418,0.15164751991979492,push,CFB,total,windy,h = 4
2017,0.027470026743203247,26,0.0263743474744131,0.025317807984289897,push,CFB,total,windy,h = 4
2018,-0.015249086737735713,29,0.02571396136483702,0.02623979194200032,push,CFB,total,windy,h = 4
2019,0.7454126736767127,25,0.20218329996126813,0.1723667930141996,push,CFB,total,windy,h = 4
2020,-0.01830235255662425,12,0.023102718843966797,0.02462791489035215,push,CFB,total,windy,h = 4
2021,-0.4316604421989427,22,0.5177268614527466,0.5373477906436076,push,CFB,total,windy,h = 4
2022,-0.45412317069157193,34,0.11976460879213736,0.13312117263600712,push,CFB,total,windy,h = 4
2023,0.0020479784774910283,24,0.026117171154508994,0.026031838717946867,push,CFB,total,windy,h = 4
2024,-0.29063949930945404,12,0.31028273301050624,0.33450269128629406,push,CFB,total,windy,h = 4
2025,-0.004016521758580801,4,0.0237949840944875,0.0247991145341327,push,CFB,total,windy,h = 4
2006,-0.44558528572807704,14,0.25079818336843124,0.28262570377757956,neighbour,CFB,total,windy,h = 4
2007,0.2790119449649963,30,0.15368986338590343,0.14438946522040352,neighbour,CFB,total,windy,h = 4
2008,0.019959349729275606,18,0.02559421348719706,0.024485360724459528,neighbour,CFB,total,windy,h = 4
2009,0.03910282006383473,14,0.027668247814365103,0.024875189238376904,neighbour,CFB,total,windy,h = 4
2010,0.359047604247323,38,0.22532498761021083,0.21587636644580757,neighbour,CFB,total,windy,h = 4
2011,-0.37440977635614286,54,0.08813235506922444,0.09506586944619003,neighbour,CFB,total,windy,h = 4
2012,-1.6848826585414158,46,0.2461874950595537,0.2828153789408889,neighbour,CFB,total,windy,h = 4
2013,0.6494376534885457,48,0.1133437685887036,0.0998138174743589,neighbour,CFB,total,windy,h = 4
2014,0.9488919563234609,38,0.24029183565789067,0.2153209947020101,neighbour,CFB,total,windy,h = 4
2015,-0.6226909566169009,46,0.094720040842098,0.10825680076855236,neighbour,CFB,total,windy,h = 4
2016,0.033266072457392055,64,0.02556934989693345,0.0250495675147867,neighbour,CFB,total,windy,h = 4
2017,0.459094343881243,62,0.15137961873853287,0.14397487125657732,neighbour,CFB,total,windy,h = 4
2018,0.026799118318918836,50,0.02569646338929267,0.02516048102291429,neighbour,CFB,total,windy,h = 4
2019,-0.1187942787889934,52,0.09179567871308111,0.0940801840744079,neighbour,CFB,total,windy,h = 4
2020,-0.6561070657076713,42,0.18196503916431403,0.19758663596687764,neighbour,CFB,total,windy,h = 4
2021,0.09142563685708253,34,0.026192738853232814,0.023503749533906857,neighbour,CFB,total,windy,h = 4
2022,-0.5395576934735292,90,0.10085392301791964,0.10684900850095883,neighbour,CFB,total,windy,h = 4
2023,-0.13900224174722103,80,0.06841137900646418,0.07014890702830444,neighbour,CFB,total,windy,h = 4
2024,-0.27975724319834183,142,0.1258689143659404,0.1278390357969146,neighbour,CFB,total,windy,h = 4
2025,0.647823011971739,114,0.12679569411471284,0.12111303611496076,neighbour,CFB,total,windy,h = 4
2006,0.015646748870890126,23,0.6630274149698951,0.662347121540726,under,CFB,total,windy,no landing multipliers
2007,0.0010010356221449301,30,0.6975749255665431,0.6975415577124716,under,CFB,total,windy,no landing multipliers
2008,0.013952856784794632,19,0.6906417153778598,0.6899073544944495,under,CFB,total,windy,no landing multipliers
2009,-0.0004493134834225865,24,0.6982845010005115,0.6983032223956541,under,CFB,total,windy,no landing multipliers
2010,0.00727508864361992,33,0.6807809545688727,0.680560497337248,under,CFB,total,windy,no landing multipliers
2011,-0.016405648972852793,59,0.6914081008057301,0.6916861626527276,under,CFB,total,windy,no landing multipliers
2012,-0.035296873418875774,43,0.703123771086729,0.7039446286080981,under,CFB,total,windy,no landing multipliers
2013,0.003418533106002375,41,0.6851141274475356,0.6850307485912916,under,CFB,total,windy,no landing multipliers
2014,-0.001290560604194968,47,0.696139487661477,0.6961669463977366,under,CFB,total,windy,no landing multipliers
2015,-0.02092043137767119,50,0.6804010015346662,0.6808194101622198,under,CFB,total,windy,no landing multipliers
2016,0.008351998633556623,61,0.6824274594026942,0.682290541392308,under,CFB,total,windy,no landing multipliers
2017,-0.008035377993468762,57,0.6825319617747158,0.6826729333184607,under,CFB,total,windy,no landing multipliers
2018,0.01326377983942617,54,0.6824344460581488,0.682188820505567,under,CFB,total,windy,no landing multipliers
2019,0.0022992880056160736,51,0.6663068767392809,0.6662617926607394,under,CFB,total,windy,no landing multipliers
2020,0.01083173308453178,33,0.6873076614597913,0.6869794271238964,under,CFB,total,windy,no landing multipliers
2021,-0.01110215936614567,39,0.7017363523264435,0.7020210230794216,under,CFB,total,windy,no landing multipliers
2022,0.08755186705187534,79,0.6687807630102902,0.6676725115286211,under,CFB,total,windy,no landing multipliers
2023,0.042427118980523204,64,0.6846695138611808,0.6840065901271102,under,CFB,total,windy,no landing multipliers
2024,-0.054898597608695976,83,0.7134056447817954,0.714067073668647,under,CFB,total,windy,no landing multipliers
2025,0.010936863556053611,61,0.660974019274753,0.6607947264295717,under,CFB,total,windy,no landing multipliers
2006,0.0046056146844364945,16,0.02528915312319455,0.02500130220541727,push,CFB,total,windy,no landing multipliers
2007,-0.0037135219722029267,15,0.024832116265543235,0.02507968439702343,push,CFB,total,windy,no landing multipliers
2008,-0.003070987183960046,10,0.02495848858126875,0.025265587299664754,push,CFB,total,windy,no landing multipliers
2009,-0.00568844766277949,17,0.025061930473527932,0.025396545041926726,push,CFB,total,windy,no landing multipliers
2010,0.0007454272122640916,14,0.02468115969122816,0.02462791489035215,push,CFB,total,windy,no landing multipliers
2011,-0.05711755317663308,32,0.2550947446856753,0.25687966822244507,push,CFB,total,windy,no landing multipliers
2012,-0.0309729940861744,20,0.20921230294492368,0.2107609526492324,push,CFB,total,windy,no landing multipliers
2013,-0.003876236781549445,17,0.025089794055963458,0.025317807984289897,push,CFB,total,windy,no landing multipliers
2014,-0.01150149338019343,28,0.15634019408163485,0.15675096170235606,push,CFB,total,windy,no landing multipliers
2015,-0.024735252029136467,27,0.024726310167814097,0.02564243061333767,push,CFB,total,windy,no landing multipliers
2016,0.001188576742637202,29,0.15168850532471342,0.15164751991979492,push,CFB,total,windy,no landing multipliers
2017,-0.009490533577626938,26,0.024952787462073474,0.025317807984289897,push,CFB,total,windy,no landing multipliers
2018,-0.0314566629097815,29,0.025155079427869924,0.02623979194200032,push,CFB,total,windy,no landing multipliers
2019,-0.004166696941871419,25,0.17220012513652475,0.1723667930141996,push,CFB,total,windy,no landing multipliers
2020,0.0005723174369022151,12,0.024675608010094,0.02462791489035215,push,CFB,total,windy,no landing multipliers
2021,-0.17897299954033913,22,0.529212654300865,0.5373477906436076,push,CFB,total,windy,no landing multipliers
2022,0.0021066296931936505,34,0.13318313233286577,0.13312117263600712,push,CFB,total,windy,no landing multipliers
2023,-0.02516472203806419,24,0.024983308633027525,0.026031838717946867,push,CFB,total,windy,no landing multipliers
2024,-0.043095777465315774,12,0.33091137649751773,0.33450269128629406,push,CFB,total,windy,no landing multipliers
2025,-8.508472675002043e-05,4,0.024777843352445195,0.0247991145341327,push,CFB,total,windy,no landing multipliers
2006,0.04851692711981332,14,0.286091198571852,0.28262570377757956,neighbour,CFB,total,windy,no landing multipliers
2007,0.08136917229369273,30,0.1471017709635266,0.14438946522040352,neighbour,CFB,total,windy,no landing multipliers
2008,0.00841001435432404,18,0.024952583744144198,0.024485360724459528,neighbour,CFB,total,windy,no landing multipliers
2009,0.0021975451508405193,14,0.02503215674915123,0.024875189238376904,neighbour,CFB,total,windy,no landing multipliers
2010,0.0814891462366065,38,0.21802081766256035,0.21587636644580757,neighbour,CFB,total,windy,no landing multipliers
2011,-0.09168483159195095,54,0.09336800219448725,0.09506586944619003,neighbour,CFB,total,windy,no landing multipliers
2012,-0.7384910360992092,46,0.2667612259822104,0.2828153789408889,neighbour,CFB,total,windy,no landing multipliers
2013,0.07009994260470095,48,0.10127423294529016,0.0998138174743589,neighbour,CFB,total,windy,no landing multipliers
2014,0.09675099130814221,38,0.2178670734206454,0.2153209947020101,neighbour,CFB,total,windy,no landing multipliers
2015,-0.13710938983617996,46,0.10527616185907018,0.10825680076855236,neighbour,CFB,total,windy,no landing multipliers
2016,0.010856725009233261,64,0.025219203843055968,0.0250495675147867,neighbour,CFB,total,windy,no landing multipliers
2017,-0.02237739985709059,62,0.1436139454524307,0.14397487125657732,neighbour,CFB,total,windy,no landing multipliers
2018,-0.0012000338741631443,50,0.02513648034543103,0.02516048102291429,neighbour,CFB,total,windy,no landing multipliers
2019,0.07002761451529801,52,0.09542686896893285,0.0940801840744079,neighbour,CFB,total,windy,no landing multipliers
2020,0.0875716667077609,42,0.19967167565039573,0.19758663596687764,neighbour,CFB,total,windy,no landing multipliers
2021,0.029808159370227925,34,0.024380460103619443,0.023503749533906857,neighbour,CFB,total,windy,no landing multipliers
2022,-0.016104540810456047,90,0.10667006915862044,0.10684900850095883,neighbour,CFB,total,windy,no landing multipliers
2023,0.052444616791389856,80,0.07080446473819682,0.07014890702830444,neighbour,CFB,total,windy,no landing multipliers
2024,0.0639163197986456,142,0.1282891507250741,0.1278390357969146,neighbour,CFB,total,windy,no landing multipliers
2025,0.059946841217471486,114,0.12163888559932454,0.12111303611496076,neighbour,CFB,total,windy,no landing multipliers
2016,-0.12880743962899321,61,0.6801789440213409,0.682290541392308,under,CFB,total,windy,"era: landing 2016 on, tested 2016-2025"
2017,-0.014965874730137663,57,0.6824103741126688,0.6826729333184607,under,CFB,total,windy,"era: landing 2016 on, tested 2016-2025"
2018,0.3454569112690208,54,0.6885861707142524,0.682188820505567,under,CFB,total,windy,"era: landing 2016 on, tested 2016-2025"
2019,-0.2078368266770324,51,0.6621865607651113,0.6662617926607394,under,CFB,total,windy,"era: landing 2016 on, tested 2016-2025"
2020,0.09041912509855343,33,0.6897194006117313,0.6869794271238964,under,CFB,total,windy,"era: landing 2016 on, tested 2016-2025"
2021,-0.010794809118272575,39,0.70174423310203,0.7020210230794216,under,CFB,total,windy,"era: landing 2016 on, tested 2016-2025"
2022,0.35212486144941924,79,0.6721297882558288,0.6676725115286211,under,CFB,total,windy,"era: landing 2016 on, tested 2016-2025"
2023,0.16073102141056572,64,0.6865180123366502,0.6840065901271102,under,CFB,total,windy,"era: landing 2016 on, tested 2016-2025"
2024,-0.17460770505436274,83,0.7119633663788354,0.714067073668647,under,CFB,total,windy,"era: landing 2016 on, tested 2016-2025"
2025,-0.1384695293909386,61,0.6585247341444743,0.6607947264295717,under,CFB,total,windy,"era: landing 2016 on, tested 2016-2025"
2016,-0.27446048347612134,29,0.14218336531717005,0.15164751991979492,push,CFB,total,windy,"era: landing 2016 on, tested 2016-2025"
2017,0.03350547451377883,26,0.0266064800809737,0.025317807984289897,push,CFB,total,windy,"era: landing 2016 on, tested 2016-2025"
2018,-0.009751563015686478,29,0.02590353114835596,0.02623979194200032,push,CFB,total,windy,"era: landing 2016 on, tested 2016-2025"
2019,0.7413418305701294,25,0.2020204662370048,0.1723667930141996,push,CFB,total,windy,"era: landing 2016 on, tested 2016-2025"
2020,-0.012837282361997228,12,0.023558141360185716,0.02462791489035215,push,CFB,total,windy,"era: landing 2016 on, tested 2016-2025"
2021,-0.5349094490029197,22,0.5130337247798386,0.5373477906436076,push,CFB,total,windy,"era: landing 2016 on, tested 2016-2025"
2022,-0.46542499766460665,34,0.11943220211645988,0.13312117263600712,push,CFB,total,windy,"era: landing 2016 on, tested 2016-2025"
2023,0.0058511718242520265,24,0.02627563754395737,0.026031838717946867,push,CFB,total,windy,"era: landing 2016 on, tested 2016-2025"
2024,-0.3295755742934495,12,0.30703806009517326,0.33450269128629406,push,CFB,total,windy,"era: landing 2016 on, tested 2016-2025"
2025,-0.005732581642461364,4,0.02336596912351736,0.0247991145341327,push,CFB,total,windy,"era: landing 2016 on, tested 2016-2025"
2016,0.05771750426116438,64,0.02595140351886739,0.0250495675147867,neighbour,CFB,total,windy,"era: landing 2016 on, tested 2016-2025"
2017,0.4587746007064631,62,0.1513744615905525,0.14397487125657732,neighbour,CFB,total,windy,"era: landing 2016 on, tested 2016-2025"
2018,0.030016766963964284,50,0.02576081636219358,0.02516048102291429,neighbour,CFB,total,windy,"era: landing 2016 on, tested 2016-2025"
2019,-0.08232585243066408,52,0.09249699460458743,0.0940801840744079,neighbour,CFB,total,windy,"era: landing 2016 on, tested 2016-2025"
2020,-0.7040367759216758,42,0.1808238555877901,0.19758663596687764,neighbour,CFB,total,windy,"era: landing 2016 on, tested 2016-2025"
2021,0.08172088567986549,34,0.025907304995079372,0.023503749533906857,neighbour,CFB,total,windy,"era: landing 2016 on, tested 2016-2025"
2022,-0.46801291973747033,90,0.10164886494832027,0.10684900850095883,neighbour,CFB,total,windy,"era: landing 2016 on, tested 2016-2025"
2023,-0.1079130052347496,80,0.06879999446287008,0.07014890702830444,neighbour,CFB,total,windy,"era: landing 2016 on, tested 2016-2025"
2024,-0.08746939597140081,142,0.1272230541351442,0.1278390357969146,neighbour,CFB,total,windy,"era: landing 2016 on, tested 2016-2025"
2025,0.6875645689170562,114,0.127144304263356,0.12111303611496076,neighbour,CFB,total,windy,"era: landing 2016 on, tested 2016-2025"
2015,-0.5157489966066413,267,0.6916321642083659,0.6935638083904133,under,NFL,spread,all,primary
2016,0.33355074308293264,267,0.6937823130403696,0.6925330593209579,under,NFL,spread,all,primary
2017,0.3965059597274214,267,0.692603189973167,0.6911181489254988,under,NFL,spread,all,primary
2018,0.2850656247675002,267,0.6934023598986052,0.6923346983826221,under,NFL,spread,all,primary
2019,0.2554133332978342,267,0.6936046017501728,0.6926479975056116,under,NFL,spread,all,primary
2020,0.08653120945690429,269,0.6945971593569735,0.6942754819983976,under,NFL,spread,all,primary
2021,0.9131596464906288,285,0.6973424499927765,0.6941383810577215,under,NFL,spread,all,primary
2022,-0.27710808590700997,284,0.6920635461420498,0.6930392788389054,under,NFL,spread,all,primary
2023,0.011640542980394186,285,0.6929014267874056,0.6928605827769481,under,NFL,spread,all,primary
2024,-0.14900014162893382,285,0.6918000879213582,0.6923228954358457,under,NFL,spread,all,primary
2025,-0.5665553566537642,285,0.6900074508608436,0.691995364392962,under,NFL,spread,all,primary
2015,-3.3709551005099057,158,0.21791092087900468,0.23924607974299145,push,NFL,spread,all,primary
2016,-1.4385734241294592,136,0.14787064572980088,0.15844839149545867,push,NFL,spread,all,primary
2017,-3.6660393647748495,148,0.18636394994131714,0.21113448618979586,push,NFL,spread,all,primary
2018,-2.3769821919018463,136,0.23069676894175412,0.2481745791763265,push,NFL,spread,all,primary
2019,-2.7888767521109488,143,0.24013196586839836,0.25963460049854487,push,NFL,spread,all,primary
2020,0.4621695448802283,142,0.05074702055862242,0.04749230545383208,push,NFL,spread,all,primary
2021,1.6972415913420833,141,0.145370785043094,0.13333361063641258,push,NFL,spread,all,primary
2022,-3.312568546952021,145,0.2337445505432022,0.25658985086700925,push,NFL,spread,all,primary
2023,-4.777668648495597,138,0.32232665336952837,0.3569474406774675,push,NFL,spread,all,primary
2024,-0.8739159354187938,136,0.12959816548241115,0.1360240179487258,push,NFL,spread,all,primary
2025,0.7185858397999803,71,0.09975228305198697,0.08963135573086049,push,NFL,spread,all,primary
2015,-1.2402390107698305,218,0.13595745027060727,0.1416466200447808,neighbour,NFL,spread,all,primary
2016,-3.2639104533472705,262,0.2222679854004432,0.2347256588865015,neighbour,NFL,spread,all,primary
2017,0.8158964595950752,238,0.21618360788309532,0.21275547149824206,neighbour,NFL,spread,all,primary
2018,-0.26918626046055316,262,0.19634865230489812,0.19737608077993843,neighbour,NFL,spread,all,primary
2019,-1.0901062871259917,248,0.17819128322480102,0.18258687309224453,neighbour,NFL,spread,all,primary
2020,-4.809146809719543,254,0.18408575963028656,0.20301940848745012,neighbour,NFL,spread,all,primary
2021,-1.1579274512034639,288,0.08242559338320431,0.0864461748109941,neighbour,NFL,spread,all,primary
2022,-1.6050354267552223,278,0.1495254349581253,0.1552989436874606,neighbour,NFL,spread,all,primary
2023,0.7734030752085154,294,0.21687796130259998,0.21424733859780912,neighbour,NFL,spread,all,primary
2024,-2.9927275078604265,298,0.2528183470232765,0.26286105678119737,neighbour,NFL,spread,all,primary
2025,-1.5886154229864236,428,0.1930724557726574,0.19678417405066306,neighbour,NFL,spread,all,primary
2015,-0.517907715383998,267,0.6916240791193121,0.6935638083904133,under,NFL,spread,all,pure 2015 (added after the first run)
2016,0.5409799797577892,267,0.6945592015672417,0.6925330593209579,under,NFL,spread,all,pure 2015 (added after the first run)
2017,0.5673059148901134,267,0.6932428901797689,0.6911181489254988,under,NFL,spread,all,pure 2015 (added after the first run)
2018,0.3271565239635802,267,0.6935600037158189,0.6923346983826221,under,NFL,spread,all,pure 2015 (added after the first run)
2019,0.30706311938885766,267,0.6937980466418995,0.6926479975056116,under,NFL,spread,all,pure 2015 (added after the first run)
2020,0.16683145710785985,269,0.6948956732887613,0.6942754819983976,under,NFL,spread,all,pure 2015 (added after the first run)
2021,1.0659406233885838,285,0.6978785235959271,0.6941383810577215,under,NFL,spread,all,pure 2015 (added after the first run)
2022,-0.2781994439699318,284,0.6920597033319691,0.6930392788389054,under,NFL,spread,all,pure 2015 (added after the first run)
2023,0.1794564612564188,285,0.6934902545708302,0.6928605827769481,under,NFL,spread,all,pure 2015 (added after the first run)
2024,0.044442195215938174,285,0.6924788329629191,0.6923228954358457,under,NFL,spread,all,pure 2015 (added after the first run)
2025,-0.6204716933681136,285,0.6898182707320213,0.691995364392962,under,NFL,spread,all,pure 2015 (added after the first run)
2015,-3.5602580559551833,158,0.21671280090783201,0.23924607974299145,push,NFL,spread,all,pure 2015 (added after the first run)
2016,-1.3155524768705573,136,0.14877521151846929,0.15844839149545867,push,NFL,spread,all,pure 2015 (added after the first run)
2017,-3.706749599747034,148,0.18608888078609967,0.21113448618979586,push,NFL,spread,all,pure 2015 (added after the first run)
2018,-2.559738671805608,136,0.22935297129540294,0.2481745791763265,push,NFL,spread,all,pure 2015 (added after the first run)
2019,-3.1002685225869,143,0.2379544010398952,0.25963460049854487,push,NFL,spread,all,pure 2015 (added after the first run)
2020,1.0931766152218312,142,0.055190732321591454,0.04749230545383208,push,NFL,spread,all,pure 2015 (added after the first run)
2021,2.004257876135308,141,0.14754820550262046,0.13333361063641258,push,NFL,spread,all,pure 2015 (added after the first run)
2022,-3.550474540116952,145,0.23210381955585785,0.25658985086700925,push,NFL,spread,all,pure 2015 (added after the first run)
2023,-5.322482037001953,138,0.3183787302644098,0.3569474406774675,push,NFL,spread,all,pure 2015 (added after the first run)
2024,-0.612870388272781,136,0.13151761803495537,0.1360240179487258,push,NFL,spread,all,pure 2015 (added after the first run)
2025,1.0386190131252642,71,0.10425979253544167,0.08963135573086049,push,NFL,spread,all,pure 2015 (added after the first run)
2015,-0.9581828576485409,218,0.13725128583538382,0.1416466200447808,neighbour,NFL,spread,all,pure 2015 (added after the first run)
2016,-3.5306840250958063,262,0.22124976566094498,0.2347256588865015,neighbour,NFL,spread,all,pure 2015 (added after the first run)
2017,0.6534034361253911,238,0.2155008640870042,0.21275547149824206,neighbour,NFL,spread,all,pure 2015 (added after the first run)
2018,-0.3555969538948758,262,0.19601884049789692,0.19737608077993843,neighbour,NFL,spread,all,pure 2015 (added after the first run)
2019,-1.11642479445785,248,0.1780851602113661,0.18258687309224453,neighbour,NFL,spread,all,pure 2015 (added after the first run)
2020,-4.986526292013226,254,0.18338741521180751,0.20301940848745012,neighbour,NFL,spread,all,pure 2015 (added after the first run)
2021,-0.31726375810872237,288,0.08534456453978327,0.0864461748109941,neighbour,NFL,spread,all,pure 2015 (added after the first run)
2022,-1.4024048300355316,278,0.1502543219966853,0.1552989436874606,neighbour,NFL,spread,all,pure 2015 (added after the first run)
2023,0.5198238491763998,294,0.2160154469283411,0.21424733859780912,neighbour,NFL,spread,all,pure 2015 (added after the first run)
2024,-3.5618213389353577,298,0.25090863618074316,0.26286105678119737,neighbour,NFL,spread,all,pure 2015 (added after the first run)
2025,-1.8950950441192984,428,0.19235638189150583,0.19678417405066306,neighbour,NFL,spread,all,pure 2015 (added after the first run)
2024,-0.010469937079581881,16,0.7168654465719961,0.71751981763947,under,NFL,total,windy,"frozen file, 2024-25"
2025,0.01569380895186201,20,0.6901653244756617,0.6893806340280686,under,NFL,total,windy,"frozen file, 2024-25"
2024,0.0076155720944344335,5,0.026997282344078544,0.025474167925191655,push,NFL,total,windy,"frozen file, 2024-25"
2024,-0.23536854547341834,22,0.1832353276694043,0.19393389791819607,neighbour,NFL,total,windy,"frozen file, 2024-25"
2025,0.09033462871589705,40,0.02851592481273278,0.026257559094835355,neighbour,NFL,total,windy,"frozen file, 2024-25"
2024,-0.08640063570552636,83,0.7096880021312661,0.7107289736457905,under,CFB,total,windy,"frozen file, 2024-25"
2025,-0.1036034779391517,61,0.655175058825606,0.6568734764967397,under,CFB,total,windy,"frozen file, 2024-25"
2024,-0.26997837672464764,12,0.31214650030025615,0.3346446983606435,push,CFB,total,windy,"frozen file, 2024-25"
2025,0.001862211915916772,4,0.024135297064883928,0.023669744085904734,push,CFB,total,windy,"frozen file, 2024-25"
2024,-0.3597733117724262,142,0.12556869513089383,0.12810231000253064,neighbour,CFB,total,windy,"frozen file, 2024-25"
2025,0.6155010668622626,114,0.12685565972425683,0.12145652755879839,neighbour,CFB,total,windy,"frozen file, 2024-25"
2015,0.003198205859151093,267,0.6936914996371069,0.6936795213380089,under,NFL,total,all,"primary, 2015-2024 (added after review)"
2016,0.2378263098627147,267,0.6941729213026465,0.693282186059715,under,NFL,total,all,"primary, 2015-2024 (added after review)"
2017,-0.031321934225615244,267,0.6934412048675425,0.6935585154826197,under,NFL,total,all,"primary, 2015-2024 (added after review)"
2018,0.03749242220804805,267,0.6934976158572378,0.6933571948002788,under,NFL,total,all,"primary, 2015-2024 (added after review)"
2019,-0.033826856242237135,267,0.6930979802414348,0.6932246725869113,under,NFL,total,all,"primary, 2015-2024 (added after review)"
2020,0.34495580633844625,269,0.6949319232908352,0.693649559698499,under,NFL,total,all,"primary, 2015-2024 (added after review)"
2021,-0.29910587380312514,285,0.6935499479890581,0.6945994422831042,under,NFL,total,all,"primary, 2015-2024 (added after review)"
2022,0.0976279870719563,284,0.6947265584613038,0.6943827979434448,under,NFL,total,all,"primary, 2015-2024 (added after review)"
2023,-0.13798669353484871,285,0.6935449831942866,0.694029147031251,under,NFL,total,all,"primary, 2015-2024 (added after review)"
2024,0.05548487743586994,285,0.6926555950992193,0.6924609113187424,under,NFL,total,all,"primary, 2015-2024 (added after review)"
2015,0.33783996911615094,151,0.147986148241696,0.14574879745284733,push,NFL,total,all,"primary, 2015-2024 (added after review)"
2016,0.1806605653177213,135,0.05680082464084239,0.055462598231081496,push,NFL,total,all,"primary, 2015-2024 (added after review)"
2017,0.0969572742912369,146,0.030274970419755576,0.029610879499952586,push,NFL,total,all,"primary, 2015-2024 (added after review)"
2018,0.4969850088424188,143,0.106592392831307,0.10311697318905233,push,NFL,total,all,"primary, 2015-2024 (added after review)"
2019,0.18006232758923232,166,0.051808673410233985,0.050723960593431386,push,NFL,total,all,"primary, 2015-2024 (added after review)"
2020,-0.589930072803046,154,0.13966327439591097,0.1434939891543723,push,NFL,total,all,"primary, 2015-2024 (added after review)"
2021,-0.0408278733013238,163,0.0938667679387624,0.09411724568907727,push,NFL,total,all,"primary, 2015-2024 (added after review)"
2022,0.3859166961855297,150,0.10209763454762122,0.09952485657305103,push,NFL,total,all,"primary, 2015-2024 (added after review)"
2023,-0.5652396660063842,129,0.13395989454452573,0.1383415973817845,push,NFL,total,all,"primary, 2015-2024 (added after review)"
2024,0.11775341421663897,119,0.11889919832645045,0.117909673837235,push,NFL,total,all,"primary, 2015-2024 (added after review)"
2015,0.2817376203538214,232,0.13654298326040437,0.13532859696577584,neighbour,NFL,total,all,"primary, 2015-2024 (added after review)"
2016,-0.992403916874589,264,0.1452789878675592,0.14903809361329629,neighbour,NFL,total,all,"primary, 2015-2024 (added after review)"
2017,-0.7733929197876394,242,0.1566573276671593,0.15985316617867848,neighbour,NFL,total,all,"primary, 2015-2024 (added after review)"
2018,0.07267748916853117,248,0.08680045720769261,0.08650740281588401,neighbour,NFL,total,all,"primary, 2015-2024 (added after review)"
2019,-1.0052036952356833,202,0.1460105812526352,0.15098683716964353,neighbour,NFL,total,all,"primary, 2015-2024 (added after review)"
2020,-0.12552742131012032,230,0.16621337773617229,0.16675914913317283,neighbour,NFL,total,all,"primary, 2015-2024 (added after review)"
2021,-0.06198966777086955,244,0.08722522052480594,0.08747927654026032,neighbour,NFL,total,all,"primary, 2015-2024 (added after review)"
2022,0.6802199861771814,268,0.18911404551889402,0.18657591124211348,neighbour,NFL,total,all,"primary, 2015-2024 (added after review)"
2023,-0.967639290288752,312,0.16131017633875983,0.16441158432045452,neighbour,NFL,total,all,"primary, 2015-2024 (added after review)"
2024,-0.8129017259344828,332,0.13269196880713988,0.13514046798164134,neighbour,NFL,total,all,"primary, 2015-2024 (added after review)"
2015,-0.5157489966066413,267,0.6916321642083659,0.6935638083904133,under,NFL,spread,all,"primary, 2015-2024 (added after review)"
2016,0.33355074308293264,267,0.6937823130403696,0.6925330593209579,under,NFL,spread,all,"primary, 2015-2024 (added after review)"
2017,0.3965059597274214,267,0.692603189973167,0.6911181489254988,under,NFL,spread,all,"primary, 2015-2024 (added after review)"
2018,0.2850656247675002,267,0.6934023598986052,0.6923346983826221,under,NFL,spread,all,"primary, 2015-2024 (added after review)"
2019,0.2554133332978342,267,0.6936046017501728,0.6926479975056116,under,NFL,spread,all,"primary, 2015-2024 (added after review)"
2020,0.08653120945690429,269,0.6945971593569735,0.6942754819983976,under,NFL,spread,all,"primary, 2015-2024 (added after review)"
2021,0.9131596464906288,285,0.6973424499927765,0.6941383810577215,under,NFL,spread,all,"primary, 2015-2024 (added after review)"
2022,-0.27710808590700997,284,0.6920635461420498,0.6930392788389054,under,NFL,spread,all,"primary, 2015-2024 (added after review)"
2023,0.011640542980394186,285,0.6929014267874056,0.6928605827769481,under,NFL,spread,all,"primary, 2015-2024 (added after review)"
2024,-0.14900014162893382,285,0.6918000879213582,0.6923228954358457,under,NFL,spread,all,"primary, 2015-2024 (added after review)"
2015,-3.3709551005099057,158,0.21791092087900468,0.23924607974299145,push,NFL,spread,all,"primary, 2015-2024 (added after review)"
2016,-1.4385734241294592,136,0.14787064572980088,0.15844839149545867,push,NFL,spread,all,"primary, 2015-2024 (added after review)"
2017,-3.6660393647748495,148,0.18636394994131714,0.21113448618979586,push,NFL,spread,all,"primary, 2015-2024 (added after review)"
2018,-2.3769821919018463,136,0.23069676894175412,0.2481745791763265,push,NFL,spread,all,"primary, 2015-2024 (added after review)"
2019,-2.7888767521109488,143,0.24013196586839836,0.25963460049854487,push,NFL,spread,all,"primary, 2015-2024 (added after review)"
2020,0.4621695448802283,142,0.05074702055862242,0.04749230545383208,push,NFL,spread,all,"primary, 2015-2024 (added after review)"
2021,1.6972415913420833,141,0.145370785043094,0.13333361063641258,push,NFL,spread,all,"primary, 2015-2024 (added after review)"
2022,-3.312568546952021,145,0.2337445505432022,0.25658985086700925,push,NFL,spread,all,"primary, 2015-2024 (added after review)"
2023,-4.777668648495597,138,0.32232665336952837,0.3569474406774675,push,NFL,spread,all,"primary, 2015-2024 (added after review)"
2024,-0.8739159354187938,136,0.12959816548241115,0.1360240179487258,push,NFL,spread,all,"primary, 2015-2024 (added after review)"
2015,-1.2402390107698305,218,0.13595745027060727,0.1416466200447808,neighbour,NFL,spread,all,"primary, 2015-2024 (added after review)"
2016,-3.2639104533472705,262,0.2222679854004432,0.2347256588865015,neighbour,NFL,spread,all,"primary, 2015-2024 (added after review)"
2017,0.8158964595950752,238,0.21618360788309532,0.21275547149824206,neighbour,NFL,spread,all,"primary, 2015-2024 (added after review)"
2018,-0.26918626046055316,262,0.19634865230489812,0.19737608077993843,neighbour,NFL,spread,all,"primary, 2015-2024 (added after review)"
2019,-1.0901062871259917,248,0.17819128322480102,0.18258687309224453,neighbour,NFL,spread,all,"primary, 2015-2024 (added after review)"
2020,-4.809146809719543,254,0.18408575963028656,0.20301940848745012,neighbour,NFL,spread,all,"primary, 2015-2024 (added after review)"
2021,-1.1579274512034639,288,0.08242559338320431,0.0864461748109941,neighbour,NFL,spread,all,"primary, 2015-2024 (added after review)"
2022,-1.6050354267552223,278,0.1495254349581253,0.1552989436874606,neighbour,NFL,spread,all,"primary, 2015-2024 (added after review)"
2023,0.7734030752085154,294,0.21687796130259998,0.21424733859780912,neighbour,NFL,spread,all,"primary, 2015-2024 (added after review)"
2024,-2.9927275078604265,298,0.2528183470232765,0.26286105678119737,neighbour,NFL,spread,all,"primary, 2015-2024 (added after review)"
