sport,market,cohort,key,market_line,model,line,p_under_win,p_push,p_over_win,fair_under,fair_over,half_point_below_worth_cents,raw_games,raw_landed,p_favorite_covers,p_underdog_covers,fair_favorite,fair_underdog
NFL,total,all,30,30,table,28.5,0.4495,0.0,0.5505,122.0,-122.0,,,,,,,
NFL,total,all,30,30,table,29.0,0.4495,0.0299,0.5205,116.0,-116.0,6.7,,,,,,
NFL,total,all,30,30,table,29.5,0.4795,0.0,0.5205,109.0,-109.0,7.2,,,,,,
NFL,total,all,30,30,table,30.0,0.4795,0.0389,0.4816,100.0,-100.0,8.1,,,,,,
NFL,total,all,30,30,table,30.5,0.5184,0.0,0.4816,-108.0,108.0,8.1,,,,,,
NFL,total,all,30,30,table,31.0,0.5184,0.0223,0.4593,-113.0,113.0,5.2,,,,,,
NFL,total,all,30,30,table,31.5,0.5407,0.0,0.4593,-118.0,118.0,4.9,,,,,,
NFL,total,all,30,30,residual,28.5,0.4593,0.0,0.5407,118.0,-118.0,,,,,,,
NFL,total,all,30,30,residual,29.0,0.4593,0.0321,0.5086,111.0,-111.0,7.0,,,,,,
NFL,total,all,30,30,residual,29.5,0.4914,0.0,0.5086,103.0,-103.0,7.2,,,,,,
NFL,total,all,30,30,residual,30.0,0.4914,0.0287,0.4799,-102.0,102.0,5.9,,,,,,
NFL,total,all,30,30,residual,30.5,0.5201,0.0,0.4799,-108.0,108.0,6.0,,,,,,
NFL,total,all,30,30,residual,31.0,0.5201,0.0295,0.4503,-116.0,116.0,7.1,,,,,,
NFL,total,all,30,30,residual,31.5,0.5497,0.0,0.4503,-122.0,122.0,6.6,,,,,,
NFL,total,all,30,30,"raw, market on K",30.0,,0.0,,,,,1.0,0.0,,,,
NFL,total,all,30,30,"raw, market a half-point from K",30.0,,,,,,,0.0,0.0,,,,
NFL,total,all,31,31,table,29.5,0.4499,0.0,0.5501,122.0,-122.0,,,,,,,
NFL,total,all,31,31,table,30.0,0.4499,0.0394,0.5107,113.0,-113.0,8.8,,,,,,
NFL,total,all,31,31,table,30.5,0.4893,0.0,0.5107,104.0,-104.0,9.1,,,,,,
NFL,total,all,31,31,table,31.0,0.4893,0.0226,0.488,-100.0,100.0,4.6,,,,,,
NFL,total,all,31,31,table,31.5,0.512,0.0,0.488,-105.0,105.0,4.6,,,,,,
NFL,total,all,31,31,table,32.0,0.512,0.0249,0.4631,-111.0,111.0,5.6,,,,,,
NFL,total,all,31,31,table,32.5,0.5369,0.0,0.4631,-116.0,116.0,5.4,,,,,,
NFL,total,all,31,31,residual,29.5,0.4593,0.0,0.5407,118.0,-118.0,,,,,,,
NFL,total,all,31,31,residual,30.0,0.4593,0.0321,0.5086,111.0,-111.0,7.0,,,,,,
NFL,total,all,31,31,residual,30.5,0.4914,0.0,0.5086,103.0,-103.0,7.2,,,,,,
NFL,total,all,31,31,residual,31.0,0.4914,0.0287,0.4799,-102.0,102.0,5.9,,,,,,
NFL,total,all,31,31,residual,31.5,0.5201,0.0,0.4799,-108.0,108.0,6.0,,,,,,
NFL,total,all,31,31,residual,32.0,0.5201,0.0295,0.4503,-116.0,116.0,7.1,,,,,,
NFL,total,all,31,31,residual,32.5,0.5497,0.0,0.4503,-122.0,122.0,6.6,,,,,,
NFL,total,all,31,31,"raw, market on K",31.0,,,,,,,0.0,0.0,,,,
NFL,total,all,31,31,"raw, market a half-point from K",31.0,,,,,,,0.0,0.0,,,,
NFL,total,all,32,32,table,30.5,0.4598,0.0,0.5402,117.0,-117.0,,,,,,,
NFL,total,all,32,32,table,31.0,0.4598,0.0229,0.5172,112.0,-112.0,5.0,,,,,,
NFL,total,all,32,32,table,31.5,0.4828,0.0,0.5172,107.0,-107.0,5.3,,,,,,
NFL,total,all,32,32,table,32.0,0.4828,0.0253,0.4919,102.0,-102.0,5.2,,,,,,
NFL,total,all,32,32,table,32.5,0.5081,0.0,0.4919,-103.0,103.0,5.2,,,,,,
NFL,total,all,32,32,table,33.0,0.5081,0.0377,0.4542,-112.0,112.0,8.6,,,,,,
NFL,total,all,32,32,table,33.5,0.5458,0.0,0.4542,-120.0,120.0,8.3,,,,,,
NFL,total,all,32,32,residual,30.5,0.4593,0.0,0.5407,118.0,-118.0,,,,,,,
NFL,total,all,32,32,residual,31.0,0.4593,0.0321,0.5086,111.0,-111.0,7.0,,,,,,
NFL,total,all,32,32,residual,31.5,0.4914,0.0,0.5086,103.0,-103.0,7.2,,,,,,
NFL,total,all,32,32,residual,32.0,0.4914,0.0287,0.4799,-102.0,102.0,5.9,,,,,,
NFL,total,all,32,32,residual,32.5,0.5201,0.0,0.4799,-108.0,108.0,6.0,,,,,,
NFL,total,all,32,32,residual,33.0,0.5201,0.0295,0.4503,-116.0,116.0,7.1,,,,,,
NFL,total,all,32,32,residual,33.5,0.5497,0.0,0.4503,-122.0,122.0,6.6,,,,,,
NFL,total,all,32,32,"raw, market on K",32.0,,0.0,,,,,2.0,0.0,,,,
NFL,total,all,32,32,"raw, market a half-point from K",32.0,,0.0,,,,,1.0,0.0,,,,
NFL,total,all,33,33,table,31.5,0.4531,0.0,0.5469,121.0,-121.0,,,,,,,
NFL,total,all,33,33,table,32.0,0.4531,0.0256,0.5213,115.0,-115.0,5.7,,,,,,
NFL,total,all,33,33,table,32.5,0.4787,0.0,0.5213,109.0,-109.0,6.2,,,,,,
NFL,total,all,33,33,table,33.0,0.4787,0.0383,0.483,101.0,-101.0,8.0,,,,,,
NFL,total,all,33,33,table,33.5,0.517,0.0,0.483,-107.0,107.0,7.9,,,,,,
NFL,total,all,33,33,table,34.0,0.517,0.0319,0.4511,-115.0,115.0,7.6,,,,,,
NFL,total,all,33,33,table,34.5,0.5489,0.0,0.4511,-122.0,122.0,7.1,,,,,,
NFL,total,all,33,33,residual,31.5,0.4593,0.0,0.5407,118.0,-118.0,,,,,,,
NFL,total,all,33,33,residual,32.0,0.4593,0.0321,0.5086,111.0,-111.0,7.0,,,,,,
NFL,total,all,33,33,residual,32.5,0.4914,0.0,0.5086,103.0,-103.0,7.2,,,,,,
NFL,total,all,33,33,residual,33.0,0.4914,0.0287,0.4799,-102.0,102.0,5.9,,,,,,
NFL,total,all,33,33,residual,33.5,0.5201,0.0,0.4799,-108.0,108.0,6.0,,,,,,
NFL,total,all,33,33,residual,34.0,0.5201,0.0295,0.4503,-116.0,116.0,7.1,,,,,,
NFL,total,all,33,33,residual,34.5,0.5497,0.0,0.4503,-122.0,122.0,6.6,,,,,,
NFL,total,all,33,33,"raw, market on K",33.0,,0.0,,,,,1.0,0.0,,,,
NFL,total,all,33,33,"raw, market a half-point from K",33.0,,0.0,,,,,4.0,0.0,,,,
NFL,total,all,34,34,table,32.5,0.4489,0.0,0.5511,123.0,-123.0,,,,,,,
NFL,total,all,34,34,table,33.0,0.4489,0.0388,0.5123,114.0,-114.0,8.7,,,,,,
NFL,total,all,34,34,table,33.5,0.4877,0.0,0.5123,105.0,-105.0,9.1,,,,,,
NFL,total,all,34,34,table,34.0,0.4877,0.0324,0.4799,-102.0,102.0,6.7,,,,,,
NFL,total,all,34,34,table,34.5,0.5201,0.0,0.4799,-108.0,108.0,6.8,,,,,,
NFL,total,all,34,34,table,35.0,0.5201,0.0233,0.4566,-114.0,114.0,5.5,,,,,,
NFL,total,all,34,34,table,35.5,0.5434,0.0,0.4566,-119.0,119.0,5.1,,,,,,
NFL,total,all,34,34,residual,32.5,0.4593,0.0,0.5407,118.0,-118.0,,,,,,,
NFL,total,all,34,34,residual,33.0,0.4593,0.0321,0.5086,111.0,-111.0,7.0,,,,,,
NFL,total,all,34,34,residual,33.5,0.4914,0.0,0.5086,103.0,-103.0,7.2,,,,,,
NFL,total,all,34,34,residual,34.0,0.4914,0.0287,0.4799,-102.0,102.0,5.9,,,,,,
NFL,total,all,34,34,residual,34.5,0.5201,0.0,0.4799,-108.0,108.0,6.0,,,,,,
NFL,total,all,34,34,residual,35.0,0.5201,0.0295,0.4503,-116.0,116.0,7.1,,,,,,
NFL,total,all,34,34,residual,35.5,0.5497,0.0,0.4503,-122.0,122.0,6.6,,,,,,
NFL,total,all,34,34,"raw, market on K",34.0,,0.0,,,,,3.0,0.0,,,,
NFL,total,all,34,34,"raw, market a half-point from K",34.0,,0.0,,,,,4.0,0.0,,,,
NFL,total,all,35,35,table,33.5,0.4579,0.0,0.5421,118.0,-118.0,,,,,,,
NFL,total,all,35,35,table,34.0,0.4579,0.0328,0.5093,111.0,-111.0,7.2,,,,,,
NFL,total,all,35,35,table,34.5,0.4907,0.0,0.5093,104.0,-104.0,7.4,,,,,,
NFL,total,all,35,35,table,35.0,0.4907,0.0237,0.4856,-101.0,101.0,4.8,,,,,,
NFL,total,all,35,35,table,35.5,0.5144,0.0,0.4856,-106.0,106.0,4.9,,,,,,
NFL,total,all,35,35,table,36.0,0.5144,0.0301,0.4555,-113.0,113.0,7.0,,,,,,
NFL,total,all,35,35,table,36.5,0.5445,0.0,0.4555,-120.0,120.0,6.6,,,,,,
NFL,total,all,35,35,residual,33.5,0.4593,0.0,0.5407,118.0,-118.0,,,,,,,
NFL,total,all,35,35,residual,34.0,0.4593,0.0321,0.5086,111.0,-111.0,7.0,,,,,,
NFL,total,all,35,35,residual,34.5,0.4914,0.0,0.5086,103.0,-103.0,7.2,,,,,,
NFL,total,all,35,35,residual,35.0,0.4914,0.0287,0.4799,-102.0,102.0,5.9,,,,,,
NFL,total,all,35,35,residual,35.5,0.5201,0.0,0.4799,-108.0,108.0,6.0,,,,,,
NFL,total,all,35,35,residual,36.0,0.5201,0.0295,0.4503,-116.0,116.0,7.1,,,,,,
NFL,total,all,35,35,residual,36.5,0.5497,0.0,0.4503,-122.0,122.0,6.6,,,,,,
NFL,total,all,35,35,"raw, market on K",35.0,,0.0,,,,,5.0,0.0,,,,
NFL,total,all,35,35,"raw, market a half-point from K",35.0,,0.0,,,,,8.0,0.0,,,,
NFL,total,all,36,36,table,34.5,0.4607,0.0,0.5393,117.0,-117.0,,,,,,,
NFL,total,all,36,36,table,35.0,0.4607,0.024,0.5153,112.0,-112.0,5.2,,,,,,
NFL,total,all,36,36,table,35.5,0.4847,0.0,0.5153,106.0,-106.0,5.5,,,,,,
NFL,total,all,36,36,table,36.0,0.4847,0.0306,0.4846,-100.0,100.0,6.3,,,,,,
NFL,total,all,36,36,table,36.5,0.5154,0.0,0.4846,-106.0,106.0,6.3,,,,,,
NFL,total,all,36,36,table,37.0,0.5154,0.0375,0.4471,-115.0,115.0,8.9,,,,,,
NFL,total,all,36,36,table,37.5,0.5529,0.0,0.4471,-124.0,124.0,8.4,,,,,,
NFL,total,all,36,36,residual,34.5,0.4593,0.0,0.5407,118.0,-118.0,,,,,,,
NFL,total,all,36,36,residual,35.0,0.4593,0.0321,0.5086,111.0,-111.0,7.0,,,,,,
NFL,total,all,36,36,residual,35.5,0.4914,0.0,0.5086,103.0,-103.0,7.2,,,,,,
NFL,total,all,36,36,residual,36.0,0.4914,0.0287,0.4799,-102.0,102.0,5.9,,,,,,
NFL,total,all,36,36,residual,36.5,0.5201,0.0,0.4799,-108.0,108.0,6.0,,,,,,
NFL,total,all,36,36,residual,37.0,0.5201,0.0295,0.4503,-116.0,116.0,7.1,,,,,,
NFL,total,all,36,36,residual,37.5,0.5497,0.0,0.4503,-122.0,122.0,6.6,,,,,,
NFL,total,all,36,36,"raw, market on K",36.0,,0.1111,,,,,9.0,1.0,,,,
NFL,total,all,36,36,"raw, market a half-point from K",36.0,,0.0333,,,,,30.0,1.0,,,,
NFL,total,all,37,37,table,35.5,0.4546,0.0,0.5454,120.0,-120.0,,,,,,,
NFL,total,all,37,37,table,36.0,0.4546,0.0311,0.5143,113.0,-113.0,6.8,,,,,,
NFL,total,all,37,37,table,36.5,0.4857,0.0,0.5143,106.0,-106.0,7.2,,,,,,
NFL,total,all,37,37,table,37.0,0.4857,0.0381,0.4762,-102.0,102.0,7.9,,,,,,
NFL,total,all,37,37,table,37.5,0.5238,0.0,0.4762,-110.0,110.0,8.0,,,,,,
NFL,total,all,37,37,table,38.0,0.5238,0.0215,0.4547,-115.0,115.0,5.2,,,,,,
NFL,total,all,37,37,table,38.5,0.5453,0.0,0.4547,-120.0,120.0,4.7,,,,,,
NFL,total,all,37,37,residual,35.5,0.4593,0.0,0.5407,118.0,-118.0,,,,,,,
NFL,total,all,37,37,residual,36.0,0.4593,0.0321,0.5086,111.0,-111.0,7.0,,,,,,
NFL,total,all,37,37,residual,36.5,0.4914,0.0,0.5086,103.0,-103.0,7.2,,,,,,
NFL,total,all,37,37,residual,37.0,0.4914,0.0287,0.4799,-102.0,102.0,5.9,,,,,,
NFL,total,all,37,37,residual,37.5,0.5201,0.0,0.4799,-108.0,108.0,6.0,,,,,,
NFL,total,all,37,37,residual,38.0,0.5201,0.0295,0.4503,-116.0,116.0,7.1,,,,,,
NFL,total,all,37,37,residual,38.5,0.5497,0.0,0.4503,-122.0,122.0,6.6,,,,,,
NFL,total,all,37,37,"raw, market on K",37.0,,0.0,,,,,21.0,0.0,,,,
NFL,total,all,37,37,"raw, market a half-point from K",37.0,,0.0339,,,,,59.0,2.0,,,,
NFL,total,all,38,38,table,36.5,0.4556,0.0,0.5444,119.0,-119.0,,,,,,,
NFL,total,all,38,38,table,37.0,0.4556,0.0387,0.5057,111.0,-111.0,8.5,,,,,,
NFL,total,all,38,38,table,37.5,0.4943,0.0,0.5057,102.0,-102.0,8.7,,,,,,
NFL,total,all,38,38,table,38.0,0.4943,0.0218,0.4838,-102.0,102.0,4.5,,,,,,
NFL,total,all,38,38,table,38.5,0.5162,0.0,0.4838,-107.0,107.0,4.5,,,,,,
NFL,total,all,38,38,table,39.0,0.5162,0.0256,0.4582,-113.0,113.0,6.0,,,,,,
NFL,total,all,38,38,table,39.5,0.5418,0.0,0.4582,-118.0,118.0,5.6,,,,,,
NFL,total,all,38,38,residual,36.5,0.4593,0.0,0.5407,118.0,-118.0,,,,,,,
NFL,total,all,38,38,residual,37.0,0.4593,0.0321,0.5086,111.0,-111.0,7.0,,,,,,
NFL,total,all,38,38,residual,37.5,0.4914,0.0,0.5086,103.0,-103.0,7.2,,,,,,
NFL,total,all,38,38,residual,38.0,0.4914,0.0287,0.4799,-102.0,102.0,5.9,,,,,,
NFL,total,all,38,38,residual,38.5,0.5201,0.0,0.4799,-108.0,108.0,6.0,,,,,,
NFL,total,all,38,38,residual,39.0,0.5201,0.0295,0.4503,-116.0,116.0,7.1,,,,,,
NFL,total,all,38,38,residual,39.5,0.5497,0.0,0.4503,-122.0,122.0,6.6,,,,,,
NFL,total,all,38,38,"raw, market on K",38.0,,0.0,,,,,34.0,0.0,,,,
NFL,total,all,38,38,"raw, market a half-point from K",38.0,,0.0,,,,,74.0,0.0,,,,
NFL,total,all,39,39,table,37.5,0.4645,0.0,0.5355,115.0,-115.0,,,,,,,
NFL,total,all,39,39,table,38.0,0.4645,0.0222,0.5134,111.0,-111.0,4.8,,,,,,
NFL,total,all,39,39,table,38.5,0.4866,0.0,0.5134,106.0,-106.0,5.0,,,,,,
NFL,total,all,39,39,table,39.0,0.4866,0.0261,0.4873,100.0,-100.0,5.4,,,,,,
NFL,total,all,39,39,table,39.5,0.5127,0.0,0.4873,-105.0,105.0,5.4,,,,,,
NFL,total,all,39,39,table,40.0,0.5127,0.0349,0.4524,-113.0,113.0,8.1,,,,,,
NFL,total,all,39,39,table,40.5,0.5476,0.0,0.4524,-121.0,121.0,7.7,,,,,,
NFL,total,all,39,39,residual,37.5,0.4593,0.0,0.5407,118.0,-118.0,,,,,,,
NFL,total,all,39,39,residual,38.0,0.4593,0.0321,0.5086,111.0,-111.0,7.0,,,,,,
NFL,total,all,39,39,residual,38.5,0.4914,0.0,0.5086,103.0,-103.0,7.2,,,,,,
NFL,total,all,39,39,residual,39.0,0.4914,0.0287,0.4799,-102.0,102.0,5.9,,,,,,
NFL,total,all,39,39,residual,39.5,0.5201,0.0,0.4799,-108.0,108.0,6.0,,,,,,
NFL,total,all,39,39,residual,40.0,0.5201,0.0295,0.4503,-116.0,116.0,7.1,,,,,,
NFL,total,all,39,39,residual,40.5,0.5497,0.0,0.4503,-122.0,122.0,6.6,,,,,,
NFL,total,all,39,39,"raw, market on K",39.0,,0.0,,,,,37.0,0.0,,,,
NFL,total,all,39,39,"raw, market a half-point from K",39.0,,0.0208,,,,,96.0,2.0,,,,
NFL,total,all,40,40,table,38.5,0.4566,0.0,0.5434,119.0,-119.0,,,,,,,
NFL,total,all,40,40,table,39.0,0.4566,0.0265,0.5169,113.0,-113.0,5.8,,,,,,
NFL,total,all,40,40,table,39.5,0.4831,0.0,0.5169,107.0,-107.0,6.2,,,,,,
NFL,total,all,40,40,table,40.0,0.4831,0.0356,0.4813,-100.0,100.0,7.4,,,,,,
NFL,total,all,40,40,table,40.5,0.5187,0.0,0.4813,-108.0,108.0,7.4,,,,,,
NFL,total,all,40,40,table,41.0,0.5187,0.0347,0.4467,-116.0,116.0,8.4,,,,,,
NFL,total,all,40,40,table,41.5,0.5533,0.0,0.4467,-124.0,124.0,7.8,,,,,,
NFL,total,all,40,40,residual,38.5,0.4593,0.0,0.5407,118.0,-118.0,,,,,,,
NFL,total,all,40,40,residual,39.0,0.4593,0.0321,0.5086,111.0,-111.0,7.0,,,,,,
NFL,total,all,40,40,residual,39.5,0.4914,0.0,0.5086,103.0,-103.0,7.2,,,,,,
NFL,total,all,40,40,residual,40.0,0.4914,0.0287,0.4799,-102.0,102.0,5.9,,,,,,
NFL,total,all,40,40,residual,40.5,0.5201,0.0,0.4799,-108.0,108.0,6.0,,,,,,
NFL,total,all,40,40,residual,41.0,0.5201,0.0295,0.4503,-116.0,116.0,7.1,,,,,,
NFL,total,all,40,40,residual,41.5,0.5497,0.0,0.4503,-122.0,122.0,6.6,,,,,,
NFL,total,all,40,40,"raw, market on K",40.0,,0.0141,,,,,71.0,1.0,,,,
NFL,total,all,40,40,"raw, market a half-point from K",40.0,,0.0323,,,,,124.0,4.0,,,,
NFL,total,all,41,41,table,39.5,0.453,0.0,0.547,121.0,-121.0,,,,,,,
NFL,total,all,41,41,table,40.0,0.453,0.0361,0.5109,113.0,-113.0,8.0,,,,,,
NFL,total,all,41,41,table,40.5,0.4891,0.0,0.5109,104.0,-104.0,8.3,,,,,,
NFL,total,all,41,41,table,41.0,0.4891,0.0353,0.4756,-103.0,103.0,7.3,,,,,,
NFL,total,all,41,41,table,41.5,0.5244,0.0,0.4756,-110.0,110.0,7.4,,,,,,
NFL,total,all,41,41,table,42.0,0.5244,0.02,0.4556,-115.0,115.0,4.8,,,,,,
NFL,total,all,41,41,table,42.5,0.5444,0.0,0.4556,-119.0,119.0,4.4,,,,,,
NFL,total,all,41,41,residual,39.5,0.4593,0.0,0.5407,118.0,-118.0,,,,,,,
NFL,total,all,41,41,residual,40.0,0.4593,0.0321,0.5086,111.0,-111.0,7.0,,,,,,
NFL,total,all,41,41,residual,40.5,0.4914,0.0,0.5086,103.0,-103.0,7.2,,,,,,
NFL,total,all,41,41,residual,41.0,0.4914,0.0287,0.4799,-102.0,102.0,5.9,,,,,,
NFL,total,all,41,41,residual,41.5,0.5201,0.0,0.4799,-108.0,108.0,6.0,,,,,,
NFL,total,all,41,41,residual,42.0,0.5201,0.0295,0.4503,-116.0,116.0,7.1,,,,,,
NFL,total,all,41,41,residual,42.5,0.5497,0.0,0.4503,-122.0,122.0,6.6,,,,,,
NFL,total,all,41,41,"raw, market on K",41.0,,0.01,,,,,100.0,1.0,,,,
NFL,total,all,41,41,"raw, market a half-point from K",41.0,,0.0417,,,,,192.0,8.0,,,,
NFL,total,all,42,42,table,40.5,0.459,0.0,0.541,118.0,-118.0,,,,,,,
NFL,total,all,42,42,table,41.0,0.459,0.0358,0.5052,110.0,-110.0,7.8,,,,,,
NFL,total,all,42,42,table,41.5,0.4948,0.0,0.5052,102.0,-102.0,8.0,,,,,,
NFL,total,all,42,42,table,42.0,0.4948,0.0203,0.4849,-102.0,102.0,4.1,,,,,,
NFL,total,all,42,42,table,42.5,0.5151,0.0,0.4849,-106.0,106.0,4.2,,,,,,
NFL,total,all,42,42,table,43.0,0.5151,0.0347,0.4501,-114.0,114.0,8.2,,,,,,
NFL,total,all,42,42,table,43.5,0.5499,0.0,0.4501,-122.0,122.0,7.7,,,,,,
NFL,total,all,42,42,residual,40.5,0.4593,0.0,0.5407,118.0,-118.0,,,,,,,
NFL,total,all,42,42,residual,41.0,0.4593,0.0321,0.5086,111.0,-111.0,7.0,,,,,,
NFL,total,all,42,42,residual,41.5,0.4914,0.0,0.5086,103.0,-103.0,7.2,,,,,,
NFL,total,all,42,42,residual,42.0,0.4914,0.0287,0.4799,-102.0,102.0,5.9,,,,,,
NFL,total,all,42,42,residual,42.5,0.5201,0.0,0.4799,-108.0,108.0,6.0,,,,,,
NFL,total,all,42,42,residual,43.0,0.5201,0.0295,0.4503,-116.0,116.0,7.1,,,,,,
NFL,total,all,42,42,residual,43.5,0.5497,0.0,0.4503,-122.0,122.0,6.6,,,,,,
NFL,total,all,42,42,"raw, market on K",42.0,,0.009,,,,,111.0,1.0,,,,
NFL,total,all,42,42,"raw, market a half-point from K",42.0,,0.0044,,,,,227.0,1.0,,,,
NFL,total,all,43,43,table,41.5,0.4647,0.0,0.5353,115.0,-115.0,,,,,,,
NFL,total,all,43,43,table,42.0,0.4647,0.0206,0.5147,111.0,-111.0,4.4,,,,,,
NFL,total,all,43,43,table,42.5,0.4853,0.0,0.5147,106.0,-106.0,4.7,,,,,,
NFL,total,all,43,43,table,43.0,0.4853,0.0353,0.4794,-101.0,101.0,7.3,,,,,,
NFL,total,all,43,43,table,43.5,0.5206,0.0,0.4794,-109.0,109.0,7.4,,,,,,
NFL,total,all,43,43,table,44.0,0.5206,0.0361,0.4433,-117.0,117.0,8.8,,,,,,
NFL,total,all,43,43,table,44.5,0.5567,0.0,0.4433,-126.0,126.0,8.1,,,,,,
NFL,total,all,43,43,residual,41.5,0.4593,0.0,0.5407,118.0,-118.0,,,,,,,
NFL,total,all,43,43,residual,42.0,0.4593,0.0321,0.5086,111.0,-111.0,7.0,,,,,,
NFL,total,all,43,43,residual,42.5,0.4914,0.0,0.5086,103.0,-103.0,7.2,,,,,,
NFL,total,all,43,43,residual,43.0,0.4914,0.0287,0.4799,-102.0,102.0,5.9,,,,,,
NFL,total,all,43,43,residual,43.5,0.5201,0.0,0.4799,-108.0,108.0,6.0,,,,,,
NFL,total,all,43,43,residual,44.0,0.5201,0.0295,0.4503,-116.0,116.0,7.1,,,,,,
NFL,total,all,43,43,residual,44.5,0.5497,0.0,0.4503,-122.0,122.0,6.6,,,,,,
NFL,total,all,43,43,"raw, market on K",43.0,,0.0227,,,,,132.0,3.0,,,,
NFL,total,all,43,43,"raw, market a half-point from K",43.0,,0.052,,,,,250.0,13.0,,,,
NFL,total,all,44,44,table,42.5,0.455,0.0,0.545,120.0,-120.0,,,,,,,
NFL,total,all,44,44,table,43.0,0.455,0.0359,0.5092,112.0,-112.0,7.9,,,,,,
NFL,total,all,44,44,table,43.5,0.4908,0.0,0.5092,104.0,-104.0,8.2,,,,,,
NFL,total,all,44,44,table,44.0,0.4908,0.0367,0.4724,-104.0,104.0,7.6,,,,,,
NFL,total,all,44,44,table,44.5,0.5276,0.0,0.4724,-112.0,112.0,7.8,,,,,,
NFL,total,all,44,44,table,45.0,0.5276,0.0261,0.4463,-118.0,118.0,6.5,,,,,,
NFL,total,all,44,44,table,45.5,0.5537,0.0,0.4463,-124.0,124.0,5.9,,,,,,
NFL,total,all,44,44,residual,42.5,0.4593,0.0,0.5407,118.0,-118.0,,,,,,,
NFL,total,all,44,44,residual,43.0,0.4593,0.0321,0.5086,111.0,-111.0,7.0,,,,,,
NFL,total,all,44,44,residual,43.5,0.4914,0.0,0.5086,103.0,-103.0,7.2,,,,,,
NFL,total,all,44,44,residual,44.0,0.4914,0.0287,0.4799,-102.0,102.0,5.9,,,,,,
NFL,total,all,44,44,residual,44.5,0.5201,0.0,0.4799,-108.0,108.0,6.0,,,,,,
NFL,total,all,44,44,residual,45.0,0.5201,0.0295,0.4503,-116.0,116.0,7.1,,,,,,
NFL,total,all,44,44,residual,45.5,0.5497,0.0,0.4503,-122.0,122.0,6.6,,,,,,
NFL,total,all,44,44,"raw, market on K",44.0,,0.0276,,,,,145.0,4.0,,,,
NFL,total,all,44,44,"raw, market a half-point from K",44.0,,0.0514,,,,,311.0,16.0,,,,
NFL,total,all,45,45,table,43.5,0.4606,0.0,0.5394,117.0,-117.0,,,,,,,
NFL,total,all,45,45,table,44.0,0.4606,0.0373,0.5021,109.0,-109.0,8.1,,,,,,
NFL,total,all,45,45,table,44.5,0.4979,0.0,0.5021,101.0,-101.0,8.2,,,,,,
NFL,total,all,45,45,table,45.0,0.4979,0.0266,0.4755,-105.0,105.0,5.6,,,,,,
NFL,total,all,45,45,table,45.5,0.5245,0.0,0.4755,-110.0,110.0,5.6,,,,,,
NFL,total,all,45,45,table,46.0,0.5245,0.0264,0.4491,-117.0,117.0,6.5,,,,,,
NFL,total,all,45,45,table,46.5,0.5509,0.0,0.4491,-123.0,123.0,5.9,,,,,,
NFL,total,all,45,45,residual,43.5,0.4593,0.0,0.5407,118.0,-118.0,,,,,,,
NFL,total,all,45,45,residual,44.0,0.4593,0.0321,0.5086,111.0,-111.0,7.0,,,,,,
NFL,total,all,45,45,residual,44.5,0.4914,0.0,0.5086,103.0,-103.0,7.2,,,,,,
NFL,total,all,45,45,residual,45.0,0.4914,0.0287,0.4799,-102.0,102.0,5.9,,,,,,
NFL,total,all,45,45,residual,45.5,0.5201,0.0,0.4799,-108.0,108.0,6.0,,,,,,
NFL,total,all,45,45,residual,46.0,0.5201,0.0295,0.4503,-116.0,116.0,7.1,,,,,,
NFL,total,all,45,45,residual,46.5,0.5497,0.0,0.4503,-122.0,122.0,6.6,,,,,,
NFL,total,all,45,45,"raw, market on K",45.0,,0.0244,,,,,123.0,3.0,,,,
NFL,total,all,45,45,"raw, market a half-point from K",45.0,,0.024,,,,,292.0,7.0,,,,
NFL,total,all,46,46,table,44.5,0.4679,0.0,0.5321,114.0,-114.0,,,,,,,
NFL,total,all,46,46,table,45.0,0.4679,0.027,0.5051,108.0,-108.0,5.8,,,,,,
NFL,total,all,46,46,table,45.5,0.4949,0.0,0.5051,102.0,-102.0,5.9,,,,,,
NFL,total,all,46,46,table,46.0,0.4949,0.0268,0.4782,-103.0,103.0,5.5,,,,,,
NFL,total,all,46,46,table,46.5,0.5218,0.0,0.4782,-109.0,109.0,5.6,,,,,,
NFL,total,all,46,46,table,47.0,0.5218,0.0337,0.4446,-117.0,117.0,8.3,,,,,,
NFL,total,all,46,46,table,47.5,0.5554,0.0,0.4446,-125.0,125.0,7.6,,,,,,
NFL,total,all,46,46,residual,44.5,0.4593,0.0,0.5407,118.0,-118.0,,,,,,,
NFL,total,all,46,46,residual,45.0,0.4593,0.0321,0.5086,111.0,-111.0,7.0,,,,,,
NFL,total,all,46,46,residual,45.5,0.4914,0.0,0.5086,103.0,-103.0,7.2,,,,,,
NFL,total,all,46,46,residual,46.0,0.4914,0.0287,0.4799,-102.0,102.0,5.9,,,,,,
NFL,total,all,46,46,residual,46.5,0.5201,0.0,0.4799,-108.0,108.0,6.0,,,,,,
NFL,total,all,46,46,residual,47.0,0.5201,0.0295,0.4503,-116.0,116.0,7.1,,,,,,
NFL,total,all,46,46,residual,47.5,0.5497,0.0,0.4503,-122.0,122.0,6.6,,,,,,
NFL,total,all,46,46,"raw, market on K",46.0,,0.0079,,,,,127.0,1.0,,,,
NFL,total,all,46,46,"raw, market a half-point from K",46.0,,0.0342,,,,,263.0,9.0,,,,
NFL,total,all,47,47,table,45.5,0.4648,0.0,0.5352,115.0,-115.0,,,,,,,
NFL,total,all,47,47,table,46.0,0.4648,0.0273,0.5079,109.0,-109.0,5.9,,,,,,
NFL,total,all,47,47,table,46.5,0.4921,0.0,0.5079,103.0,-103.0,6.1,,,,,,
NFL,total,all,47,47,table,47.0,0.4921,0.0343,0.4736,-104.0,104.0,7.1,,,,,,
NFL,total,all,47,47,table,47.5,0.5264,0.0,0.4736,-111.0,111.0,7.2,,,,,,
NFL,total,all,47,47,table,48.0,0.5264,0.0282,0.4455,-118.0,118.0,7.0,,,,,,
NFL,total,all,47,47,table,48.5,0.5545,0.0,0.4455,-124.0,124.0,6.3,,,,,,
NFL,total,all,47,47,residual,45.5,0.4593,0.0,0.5407,118.0,-118.0,,,,,,,
NFL,total,all,47,47,residual,46.0,0.4593,0.0321,0.5086,111.0,-111.0,7.0,,,,,,
NFL,total,all,47,47,residual,46.5,0.4914,0.0,0.5086,103.0,-103.0,7.2,,,,,,
NFL,total,all,47,47,residual,47.0,0.4914,0.0287,0.4799,-102.0,102.0,5.9,,,,,,
NFL,total,all,47,47,residual,47.5,0.5201,0.0,0.4799,-108.0,108.0,6.0,,,,,,
NFL,total,all,47,47,residual,48.0,0.5201,0.0295,0.4503,-116.0,116.0,7.1,,,,,,
NFL,total,all,47,47,residual,48.5,0.5497,0.0,0.4503,-122.0,122.0,6.6,,,,,,
NFL,total,all,47,47,"raw, market on K",47.0,,0.0339,,,,,118.0,4.0,,,,
NFL,total,all,47,47,"raw, market a half-point from K",47.0,,0.0233,,,,,257.0,6.0,,,,
NFL,total,all,48,48,table,46.5,0.4619,0.0,0.5381,116.0,-116.0,,,,,,,
NFL,total,all,48,48,table,47.0,0.4619,0.0348,0.5033,109.0,-109.0,7.5,,,,,,
NFL,total,all,48,48,table,47.5,0.4967,0.0,0.5033,101.0,-101.0,7.6,,,,,,
NFL,total,all,48,48,table,48.0,0.4967,0.0287,0.4746,-105.0,105.0,6.0,,,,,,
NFL,total,all,48,48,table,48.5,0.5254,0.0,0.4746,-111.0,111.0,6.0,,,,,,
NFL,total,all,48,48,table,49.0,0.5254,0.0276,0.447,-118.0,118.0,6.8,,,,,,
NFL,total,all,48,48,table,49.5,0.553,0.0,0.447,-124.0,124.0,6.2,,,,,,
NFL,total,all,48,48,residual,46.5,0.4593,0.0,0.5407,118.0,-118.0,,,,,,,
NFL,total,all,48,48,residual,47.0,0.4593,0.0321,0.5086,111.0,-111.0,7.0,,,,,,
NFL,total,all,48,48,residual,47.5,0.4914,0.0,0.5086,103.0,-103.0,7.2,,,,,,
NFL,total,all,48,48,residual,48.0,0.4914,0.0287,0.4799,-102.0,102.0,5.9,,,,,,
NFL,total,all,48,48,residual,48.5,0.5201,0.0,0.4799,-108.0,108.0,6.0,,,,,,
NFL,total,all,48,48,residual,49.0,0.5201,0.0295,0.4503,-116.0,116.0,7.1,,,,,,
NFL,total,all,48,48,residual,49.5,0.5497,0.0,0.4503,-122.0,122.0,6.6,,,,,,
NFL,total,all,48,48,"raw, market on K",48.0,,0.0,,,,,108.0,0.0,,,,
NFL,total,all,48,48,"raw, market a half-point from K",48.0,,0.0248,,,,,242.0,6.0,,,,
NFL,total,all,49,49,table,47.5,0.4664,0.0,0.5336,114.0,-114.0,,,,,,,
NFL,total,all,49,49,table,48.0,0.4664,0.0291,0.5044,108.0,-108.0,6.2,,,,,,
NFL,total,all,49,49,table,48.5,0.4956,0.0,0.5044,102.0,-102.0,6.4,,,,,,
NFL,total,all,49,49,table,49.0,0.4956,0.0281,0.4763,-104.0,104.0,5.8,,,,,,
NFL,total,all,49,49,table,49.5,0.5237,0.0,0.4763,-110.0,110.0,5.9,,,,,,
NFL,total,all,49,49,table,50.0,0.5237,0.0287,0.4476,-117.0,117.0,7.0,,,,,,
NFL,total,all,49,49,table,50.5,0.5524,0.0,0.4476,-123.0,123.0,6.4,,,,,,
NFL,total,all,49,49,residual,47.5,0.4593,0.0,0.5407,118.0,-118.0,,,,,,,
NFL,total,all,49,49,residual,48.0,0.4593,0.0321,0.5086,111.0,-111.0,7.0,,,,,,
NFL,total,all,49,49,residual,48.5,0.4914,0.0,0.5086,103.0,-103.0,7.2,,,,,,
NFL,total,all,49,49,residual,49.0,0.4914,0.0287,0.4799,-102.0,102.0,5.9,,,,,,
NFL,total,all,49,49,residual,49.5,0.5201,0.0,0.4799,-108.0,108.0,6.0,,,,,,
NFL,total,all,49,49,residual,50.0,0.5201,0.0295,0.4503,-116.0,116.0,7.1,,,,,,
NFL,total,all,49,49,residual,50.5,0.5497,0.0,0.4503,-122.0,122.0,6.6,,,,,,
NFL,total,all,49,49,"raw, market on K",49.0,,0.0366,,,,,82.0,3.0,,,,
NFL,total,all,49,49,"raw, market a half-point from K",49.0,,0.0439,,,,,205.0,9.0,,,,
NFL,total,all,50,50,table,48.5,0.4651,0.0,0.5349,115.0,-115.0,,,,,,,
NFL,total,all,50,50,table,49.0,0.4651,0.0285,0.5063,109.0,-109.0,6.1,,,,,,
NFL,total,all,50,50,table,49.5,0.4937,0.0,0.5063,103.0,-103.0,6.3,,,,,,
NFL,total,all,50,50,table,50.0,0.4937,0.0292,0.4771,-103.0,103.0,6.0,,,,,,
NFL,total,all,50,50,table,50.5,0.5229,0.0,0.4771,-110.0,110.0,6.1,,,,,,
NFL,total,all,50,50,table,51.0,0.5229,0.0426,0.4345,-120.0,120.0,10.8,,,,,,
NFL,total,all,50,50,table,51.5,0.5655,0.0,0.4345,-130.0,130.0,9.8,,,,,,
NFL,total,all,50,50,residual,48.5,0.4593,0.0,0.5407,118.0,-118.0,,,,,,,
NFL,total,all,50,50,residual,49.0,0.4593,0.0321,0.5086,111.0,-111.0,7.0,,,,,,
NFL,total,all,50,50,residual,49.5,0.4914,0.0,0.5086,103.0,-103.0,7.2,,,,,,
NFL,total,all,50,50,residual,50.0,0.4914,0.0287,0.4799,-102.0,102.0,5.9,,,,,,
NFL,total,all,50,50,residual,50.5,0.5201,0.0,0.4799,-108.0,108.0,6.0,,,,,,
NFL,total,all,50,50,residual,51.0,0.5201,0.0295,0.4503,-116.0,116.0,7.1,,,,,,
NFL,total,all,50,50,residual,51.5,0.5497,0.0,0.4503,-122.0,122.0,6.6,,,,,,
NFL,total,all,50,50,"raw, market on K",50.0,,0.0,,,,,46.0,0.0,,,,
NFL,total,all,50,50,"raw, market a half-point from K",50.0,,0.0,,,,,135.0,0.0,,,,
NFL,total,all,51,51,table,49.5,0.4631,0.0,0.5369,116.0,-116.0,,,,,,,
NFL,total,all,51,51,table,50.0,0.4631,0.0296,0.5072,110.0,-110.0,6.4,,,,,,
NFL,total,all,51,51,table,50.5,0.4928,0.0,0.5072,103.0,-103.0,6.6,,,,,,
NFL,total,all,51,51,table,51.0,0.4928,0.0434,0.4638,-106.0,106.0,9.2,,,,,,
NFL,total,all,51,51,table,51.5,0.5362,0.0,0.4638,-116.0,116.0,9.4,,,,,,
NFL,total,all,51,51,table,52.0,0.5362,0.025,0.4388,-122.0,122.0,6.6,,,,,,
NFL,total,all,51,51,table,52.5,0.5612,0.0,0.4388,-128.0,128.0,5.7,,,,,,
NFL,total,all,51,51,residual,49.5,0.4593,0.0,0.5407,118.0,-118.0,,,,,,,
NFL,total,all,51,51,residual,50.0,0.4593,0.0321,0.5086,111.0,-111.0,7.0,,,,,,
NFL,total,all,51,51,residual,50.5,0.4914,0.0,0.5086,103.0,-103.0,7.2,,,,,,
NFL,total,all,51,51,residual,51.0,0.4914,0.0287,0.4799,-102.0,102.0,5.9,,,,,,
NFL,total,all,51,51,residual,51.5,0.5201,0.0,0.4799,-108.0,108.0,6.0,,,,,,
NFL,total,all,51,51,residual,52.0,0.5201,0.0295,0.4503,-116.0,116.0,7.1,,,,,,
NFL,total,all,51,51,residual,52.5,0.5497,0.0,0.4503,-122.0,122.0,6.6,,,,,,
NFL,total,all,51,51,"raw, market on K",51.0,,0.0377,,,,,53.0,2.0,,,,
NFL,total,all,51,51,"raw, market a half-point from K",51.0,,0.0737,,,,,95.0,7.0,,,,
NFL,total,all,52,52,table,50.5,0.4623,0.0,0.5377,116.0,-116.0,,,,,,,
NFL,total,all,52,52,table,51.0,0.4623,0.0441,0.4936,107.0,-107.0,9.5,,,,,,
NFL,total,all,52,52,table,51.5,0.5064,0.0,0.4936,-103.0,103.0,9.4,,,,,,
NFL,total,all,52,52,table,52.0,0.5064,0.0255,0.4682,-108.0,108.0,5.6,,,,,,
NFL,total,all,52,52,table,52.5,0.5318,0.0,0.4682,-114.0,114.0,5.4,,,,,,
NFL,total,all,52,52,table,53.0,0.5318,0.0191,0.4491,-118.0,118.0,4.8,,,,,,
NFL,total,all,52,52,table,53.5,0.5509,0.0,0.4491,-123.0,123.0,4.3,,,,,,
NFL,total,all,52,52,residual,50.5,0.4593,0.0,0.5407,118.0,-118.0,,,,,,,
NFL,total,all,52,52,residual,51.0,0.4593,0.0321,0.5086,111.0,-111.0,7.0,,,,,,
NFL,total,all,52,52,residual,51.5,0.4914,0.0,0.5086,103.0,-103.0,7.2,,,,,,
NFL,total,all,52,52,residual,52.0,0.4914,0.0287,0.4799,-102.0,102.0,5.9,,,,,,
NFL,total,all,52,52,residual,52.5,0.5201,0.0,0.4799,-108.0,108.0,6.0,,,,,,
NFL,total,all,52,52,residual,53.0,0.5201,0.0295,0.4503,-116.0,116.0,7.1,,,,,,
NFL,total,all,52,52,residual,53.5,0.5497,0.0,0.4503,-122.0,122.0,6.6,,,,,,
NFL,total,all,52,52,"raw, market on K",52.0,,0.0541,,,,,37.0,2.0,,,,
NFL,total,all,52,52,"raw, market a half-point from K",52.0,,0.0349,,,,,86.0,3.0,,,,
NFL,total,all,53,53,table,51.5,0.4762,0.0,0.5238,110.0,-110.0,,,,,,,
NFL,total,all,53,53,table,52.0,0.4762,0.0258,0.498,105.0,-105.0,5.4,,,,,,
NFL,total,all,53,53,table,52.5,0.502,0.0,0.498,-101.0,101.0,5.4,,,,,,
NFL,total,all,53,53,table,53.0,0.502,0.0194,0.4785,-105.0,105.0,4.1,,,,,,
NFL,total,all,53,53,table,53.5,0.5215,0.0,0.4785,-109.0,109.0,4.1,,,,,,
NFL,total,all,53,53,table,54.0,0.5215,0.0306,0.448,-116.0,116.0,7.4,,,,,,
NFL,total,all,53,53,table,54.5,0.552,0.0,0.448,-123.0,123.0,6.8,,,,,,
NFL,total,all,53,53,residual,51.5,0.4593,0.0,0.5407,118.0,-118.0,,,,,,,
NFL,total,all,53,53,residual,52.0,0.4593,0.0321,0.5086,111.0,-111.0,7.0,,,,,,
NFL,total,all,53,53,residual,52.5,0.4914,0.0,0.5086,103.0,-103.0,7.2,,,,,,
NFL,total,all,53,53,residual,53.0,0.4914,0.0287,0.4799,-102.0,102.0,5.9,,,,,,
NFL,total,all,53,53,residual,53.5,0.5201,0.0,0.4799,-108.0,108.0,6.0,,,,,,
NFL,total,all,53,53,residual,54.0,0.5201,0.0295,0.4503,-116.0,116.0,7.1,,,,,,
NFL,total,all,53,53,residual,54.5,0.5497,0.0,0.4503,-122.0,122.0,6.6,,,,,,
NFL,total,all,53,53,"raw, market on K",53.0,,0.0606,,,,,33.0,2.0,,,,
NFL,total,all,53,53,"raw, market a half-point from K",53.0,,0.0462,,,,,65.0,3.0,,,,
NFL,total,all,54,54,table,52.5,0.4718,0.0,0.5282,112.0,-112.0,,,,,,,
NFL,total,all,54,54,table,53.0,0.4718,0.0198,0.5085,108.0,-108.0,4.2,,,,,,
NFL,total,all,54,54,table,53.5,0.4915,0.0,0.5085,103.0,-103.0,4.3,,,,,,
NFL,total,all,54,54,table,54.0,0.4915,0.0311,0.4773,-103.0,103.0,6.4,,,,,,
NFL,total,all,54,54,table,54.5,0.5227,0.0,0.4773,-109.0,109.0,6.5,,,,,,
NFL,total,all,54,54,table,55.0,0.5227,0.0315,0.4458,-117.0,117.0,7.7,,,,,,
NFL,total,all,54,54,table,55.5,0.5542,0.0,0.4458,-124.0,124.0,7.1,,,,,,
NFL,total,all,54,54,residual,52.5,0.4593,0.0,0.5407,118.0,-118.0,,,,,,,
NFL,total,all,54,54,residual,53.0,0.4593,0.0321,0.5086,111.0,-111.0,7.0,,,,,,
NFL,total,all,54,54,residual,53.5,0.4914,0.0,0.5086,103.0,-103.0,7.2,,,,,,
NFL,total,all,54,54,residual,54.0,0.4914,0.0287,0.4799,-102.0,102.0,5.9,,,,,,
NFL,total,all,54,54,residual,54.5,0.5201,0.0,0.4799,-108.0,108.0,6.0,,,,,,
NFL,total,all,54,54,residual,55.0,0.5201,0.0295,0.4503,-116.0,116.0,7.1,,,,,,
NFL,total,all,54,54,residual,55.5,0.5497,0.0,0.4503,-122.0,122.0,6.6,,,,,,
NFL,total,all,54,54,"raw, market on K",54.0,,0.0,,,,,25.0,0.0,,,,
NFL,total,all,54,54,"raw, market a half-point from K",54.0,,0.0227,,,,,44.0,1.0,,,,
NFL,total,all,55,55,table,53.5,0.461,0.0,0.539,117.0,-117.0,,,,,,,
NFL,total,all,55,55,table,54.0,0.461,0.0316,0.5073,110.0,-110.0,6.9,,,,,,
NFL,total,all,55,55,table,54.5,0.4927,0.0,0.5073,103.0,-103.0,7.1,,,,,,
NFL,total,all,55,55,table,55.0,0.4927,0.0321,0.4752,-104.0,104.0,6.6,,,,,,
NFL,total,all,55,55,table,55.5,0.5248,0.0,0.4752,-110.0,110.0,6.8,,,,,,
NFL,total,all,55,55,table,56.0,0.5248,0.019,0.4562,-115.0,115.0,4.6,,,,,,
NFL,total,all,55,55,table,56.5,0.5438,0.0,0.4562,-119.0,119.0,4.2,,,,,,
NFL,total,all,55,55,residual,53.5,0.4593,0.0,0.5407,118.0,-118.0,,,,,,,
NFL,total,all,55,55,residual,54.0,0.4593,0.0321,0.5086,111.0,-111.0,7.0,,,,,,
NFL,total,all,55,55,residual,54.5,0.4914,0.0,0.5086,103.0,-103.0,7.2,,,,,,
NFL,total,all,55,55,residual,55.0,0.4914,0.0287,0.4799,-102.0,102.0,5.9,,,,,,
NFL,total,all,55,55,residual,55.5,0.5201,0.0,0.4799,-108.0,108.0,6.0,,,,,,
NFL,total,all,55,55,residual,56.0,0.5201,0.0295,0.4503,-116.0,116.0,7.1,,,,,,
NFL,total,all,55,55,residual,56.5,0.5497,0.0,0.4503,-122.0,122.0,6.6,,,,,,
NFL,total,all,55,55,"raw, market on K",55.0,,0.0,,,,,22.0,0.0,,,,
NFL,total,all,55,55,"raw, market a half-point from K",55.0,,0.0909,,,,,33.0,3.0,,,,
NFL,total,all,56,56,table,54.5,0.4622,0.0,0.5378,116.0,-116.0,,,,,,,
NFL,total,all,56,56,table,55.0,0.4622,0.0326,0.5052,109.0,-109.0,7.1,,,,,,
NFL,total,all,56,56,table,55.5,0.4948,0.0,0.5052,102.0,-102.0,7.2,,,,,,
NFL,total,all,56,56,table,56.0,0.4948,0.0193,0.4859,-102.0,102.0,3.9,,,,,,
NFL,total,all,56,56,table,56.5,0.5141,0.0,0.4859,-106.0,106.0,4.0,,,,,,
NFL,total,all,56,56,table,57.0,0.5141,0.0366,0.4493,-114.0,114.0,8.6,,,,,,
NFL,total,all,56,56,table,57.5,0.5507,0.0,0.4493,-123.0,123.0,8.1,,,,,,
NFL,total,all,56,56,residual,54.5,0.4593,0.0,0.5407,118.0,-118.0,,,,,,,
NFL,total,all,56,56,residual,55.0,0.4593,0.0321,0.5086,111.0,-111.0,7.0,,,,,,
NFL,total,all,56,56,residual,55.5,0.4914,0.0,0.5086,103.0,-103.0,7.2,,,,,,
NFL,total,all,56,56,residual,56.0,0.4914,0.0287,0.4799,-102.0,102.0,5.9,,,,,,
NFL,total,all,56,56,residual,56.5,0.5201,0.0,0.4799,-108.0,108.0,6.0,,,,,,
NFL,total,all,56,56,residual,57.0,0.5201,0.0295,0.4503,-116.0,116.0,7.1,,,,,,
NFL,total,all,56,56,residual,57.5,0.5497,0.0,0.4503,-122.0,122.0,6.6,,,,,,
NFL,total,all,56,56,"raw, market on K",56.0,,0.0,,,,,4.0,0.0,,,,
NFL,total,all,56,56,"raw, market a half-point from K",56.0,,0.0,,,,,23.0,0.0,,,,
NFL,total,all,57,57,table,55.5,0.4642,0.0,0.5358,115.0,-115.0,,,,,,,
NFL,total,all,57,57,table,56.0,0.4642,0.0196,0.5162,111.0,-111.0,4.2,,,,,,
NFL,total,all,57,57,table,56.5,0.4838,0.0,0.5162,107.0,-107.0,4.5,,,,,,
NFL,total,all,57,57,table,57.0,0.4838,0.0373,0.4789,-101.0,101.0,7.7,,,,,,
NFL,total,all,57,57,table,57.5,0.5211,0.0,0.4789,-109.0,109.0,7.8,,,,,,
NFL,total,all,57,57,table,58.0,0.5211,0.0338,0.4452,-117.0,117.0,8.3,,,,,,
NFL,total,all,57,57,table,58.5,0.5548,0.0,0.4452,-125.0,125.0,7.6,,,,,,
NFL,total,all,57,57,residual,55.5,0.4593,0.0,0.5407,118.0,-118.0,,,,,,,
NFL,total,all,57,57,residual,56.0,0.4593,0.0321,0.5086,111.0,-111.0,7.0,,,,,,
NFL,total,all,57,57,residual,56.5,0.4914,0.0,0.5086,103.0,-103.0,7.2,,,,,,
NFL,total,all,57,57,residual,57.0,0.4914,0.0287,0.4799,-102.0,102.0,5.9,,,,,,
NFL,total,all,57,57,residual,57.5,0.5201,0.0,0.4799,-108.0,108.0,6.0,,,,,,
NFL,total,all,57,57,residual,58.0,0.5201,0.0295,0.4503,-116.0,116.0,7.1,,,,,,
NFL,total,all,57,57,residual,58.5,0.5497,0.0,0.4503,-122.0,122.0,6.6,,,,,,
NFL,total,all,57,57,"raw, market on K",57.0,,0.0,,,,,4.0,0.0,,,,
NFL,total,all,57,57,"raw, market a half-point from K",57.0,,0.0,,,,,11.0,0.0,,,,
NFL,total,all,58,58,table,56.5,0.453,0.0,0.547,121.0,-121.0,,,,,,,
NFL,total,all,58,58,table,57.0,0.453,0.0378,0.5092,112.0,-112.0,8.4,,,,,,
NFL,total,all,58,58,table,57.5,0.4908,0.0,0.5092,104.0,-104.0,8.7,,,,,,
NFL,total,all,58,58,table,58.0,0.4908,0.0344,0.4748,-103.0,103.0,7.1,,,,,,
NFL,total,all,58,58,table,58.5,0.5252,0.0,0.4748,-111.0,111.0,7.2,,,,,,
NFL,total,all,58,58,table,59.0,0.5252,0.0261,0.4487,-117.0,117.0,6.4,,,,,,
NFL,total,all,58,58,table,59.5,0.5513,0.0,0.4487,-123.0,123.0,5.8,,,,,,
NFL,total,all,58,58,residual,56.5,0.4593,0.0,0.5407,118.0,-118.0,,,,,,,
NFL,total,all,58,58,residual,57.0,0.4593,0.0321,0.5086,111.0,-111.0,7.0,,,,,,
NFL,total,all,58,58,residual,57.5,0.4914,0.0,0.5086,103.0,-103.0,7.2,,,,,,
NFL,total,all,58,58,residual,58.0,0.4914,0.0287,0.4799,-102.0,102.0,5.9,,,,,,
NFL,total,all,58,58,residual,58.5,0.5201,0.0,0.4799,-108.0,108.0,6.0,,,,,,
NFL,total,all,58,58,residual,59.0,0.5201,0.0295,0.4503,-116.0,116.0,7.1,,,,,,
NFL,total,all,58,58,residual,59.5,0.5497,0.0,0.4503,-122.0,122.0,6.6,,,,,,
NFL,total,all,58,58,"raw, market on K",58.0,,0.0,,,,,1.0,0.0,,,,
NFL,total,all,58,58,"raw, market a half-point from K",58.0,,0.0,,,,,4.0,0.0,,,,
NFL,total,all,59,59,table,57.5,0.4602,0.0,0.5398,117.0,-117.0,,,,,,,
NFL,total,all,59,59,table,58.0,0.4602,0.0349,0.505,110.0,-110.0,7.6,,,,,,
NFL,total,all,59,59,table,58.5,0.495,0.0,0.505,102.0,-102.0,7.7,,,,,,
NFL,total,all,59,59,table,59.0,0.495,0.0266,0.4784,-103.0,103.0,5.5,,,,,,
NFL,total,all,59,59,table,59.5,0.5216,0.0,0.4784,-109.0,109.0,5.6,,,,,,
NFL,total,all,59,59,table,60.0,0.5216,0.0247,0.4537,-115.0,115.0,5.9,,,,,,
NFL,total,all,59,59,table,60.5,0.5463,0.0,0.4537,-120.0,120.0,5.4,,,,,,
NFL,total,all,59,59,residual,57.5,0.4593,0.0,0.5407,118.0,-118.0,,,,,,,
NFL,total,all,59,59,residual,58.0,0.4593,0.0321,0.5086,111.0,-111.0,7.0,,,,,,
NFL,total,all,59,59,residual,58.5,0.4914,0.0,0.5086,103.0,-103.0,7.2,,,,,,
NFL,total,all,59,59,residual,59.0,0.4914,0.0287,0.4799,-102.0,102.0,5.9,,,,,,
NFL,total,all,59,59,residual,59.5,0.5201,0.0,0.4799,-108.0,108.0,6.0,,,,,,
NFL,total,all,59,59,residual,60.0,0.5201,0.0295,0.4503,-116.0,116.0,7.1,,,,,,
NFL,total,all,59,59,residual,60.5,0.5497,0.0,0.4503,-122.0,122.0,6.6,,,,,,
NFL,total,all,59,59,"raw, market on K",59.0,,,,,,,0.0,0.0,,,,
NFL,total,all,59,59,"raw, market a half-point from K",59.0,,0.0,,,,,3.0,0.0,,,,
NFL,total,all,60,60,table,58.5,0.4644,0.0,0.5356,115.0,-115.0,,,,,,,
NFL,total,all,60,60,table,59.0,0.4644,0.027,0.5086,110.0,-110.0,5.8,,,,,,
NFL,total,all,60,60,table,59.5,0.4914,0.0,0.5086,104.0,-104.0,6.0,,,,,,
NFL,total,all,60,60,table,60.0,0.4914,0.0252,0.4835,-102.0,102.0,5.1,,,,,,
NFL,total,all,60,60,table,60.5,0.5165,0.0,0.4835,-107.0,107.0,5.2,,,,,,
NFL,total,all,60,60,table,61.0,0.5165,0.0257,0.4578,-113.0,113.0,6.0,,,,,,
NFL,total,all,60,60,table,61.5,0.5422,0.0,0.4578,-118.0,118.0,5.6,,,,,,
NFL,total,all,60,60,residual,58.5,0.4593,0.0,0.5407,118.0,-118.0,,,,,,,
NFL,total,all,60,60,residual,59.0,0.4593,0.0321,0.5086,111.0,-111.0,7.0,,,,,,
NFL,total,all,60,60,residual,59.5,0.4914,0.0,0.5086,103.0,-103.0,7.2,,,,,,
NFL,total,all,60,60,residual,60.0,0.4914,0.0287,0.4799,-102.0,102.0,5.9,,,,,,
NFL,total,all,60,60,residual,60.5,0.5201,0.0,0.4799,-108.0,108.0,6.0,,,,,,
NFL,total,all,60,60,residual,61.0,0.5201,0.0295,0.4503,-116.0,116.0,7.1,,,,,,
NFL,total,all,60,60,residual,61.5,0.5497,0.0,0.4503,-122.0,122.0,6.6,,,,,,
NFL,total,all,60,60,"raw, market on K",60.0,,,,,,,0.0,0.0,,,,
NFL,total,all,60,60,"raw, market a half-point from K",60.0,,0.0,,,,,2.0,0.0,,,,
NFL,total,windy,30,30,table,28.5,0.5175,0.0,0.4825,-107.0,107.0,,,,,,,
NFL,total,windy,30,30,table,29.0,0.5175,0.0284,0.4541,-114.0,114.0,6.7,,,,,,
NFL,total,windy,30,30,table,29.5,0.5459,0.0,0.4541,-120.0,120.0,6.3,,,,,,
NFL,total,windy,30,30,table,30.0,0.5459,0.0365,0.4176,-131.0,131.0,10.5,,,,,,
NFL,total,windy,30,30,table,30.5,0.5824,0.0,0.4176,-139.0,139.0,8.7,,,,,,
NFL,total,windy,30,30,table,31.0,0.5824,0.0207,0.3969,-147.0,147.0,7.3,,,,,,
NFL,total,windy,30,30,table,31.5,0.6031,0.0,0.3969,-152.0,152.0,5.2,,,,,,
NFL,total,windy,30,30,residual,28.5,0.5297,0.0,0.4703,-113.0,113.0,,,,,,,
NFL,total,windy,30,30,residual,29.0,0.5297,0.0328,0.4375,-121.0,121.0,8.4,,,,,,
NFL,total,windy,30,30,residual,29.5,0.5625,0.0,0.4375,-129.0,129.0,7.5,,,,,,
NFL,total,windy,30,30,residual,30.0,0.5625,0.0252,0.4123,-136.0,136.0,7.8,,,,,,
NFL,total,windy,30,30,residual,30.5,0.5877,0.0,0.4123,-143.0,143.0,6.1,,,,,,
NFL,total,windy,30,30,residual,31.0,0.5877,0.0236,0.3887,-151.0,151.0,8.7,,,,,,
NFL,total,windy,30,30,residual,31.5,0.6113,0.0,0.3887,-157.0,157.0,6.1,,,,,,
NFL,total,windy,30,30,"raw, market on K",30.0,,,,,,,0.0,0.0,,,,
NFL,total,windy,30,30,"raw, market a half-point from K",30.0,,,,,,,0.0,0.0,,,,
NFL,total,windy,31,31,table,29.5,0.5183,0.0,0.4817,-108.0,108.0,,,,,,,
NFL,total,windy,31,31,table,30.0,0.5183,0.0375,0.4442,-117.0,117.0,9.1,,,,,,
NFL,total,windy,31,31,table,30.5,0.5558,0.0,0.4442,-125.0,125.0,8.4,,,,,,
NFL,total,windy,31,31,table,31.0,0.5558,0.0212,0.4231,-131.0,131.0,6.3,,,,,,
NFL,total,windy,31,31,table,31.5,0.5769,0.0,0.4231,-136.0,136.0,5.0,,,,,,
NFL,total,windy,31,31,table,32.0,0.5769,0.0231,0.3999,-144.0,144.0,7.9,,,,,,
NFL,total,windy,31,31,table,32.5,0.6001,0.0,0.3999,-150.0,150.0,5.8,,,,,,
NFL,total,windy,31,31,residual,29.5,0.5297,0.0,0.4703,-113.0,113.0,,,,,,,
NFL,total,windy,31,31,residual,30.0,0.5297,0.0328,0.4375,-121.0,121.0,8.4,,,,,,
NFL,total,windy,31,31,residual,30.5,0.5625,0.0,0.4375,-129.0,129.0,7.5,,,,,,
NFL,total,windy,31,31,residual,31.0,0.5625,0.0252,0.4123,-136.0,136.0,7.8,,,,,,
NFL,total,windy,31,31,residual,31.5,0.5877,0.0,0.4123,-143.0,143.0,6.1,,,,,,
NFL,total,windy,31,31,residual,32.0,0.5877,0.0236,0.3887,-151.0,151.0,8.7,,,,,,
NFL,total,windy,31,31,residual,32.5,0.6113,0.0,0.3887,-157.0,157.0,6.1,,,,,,
NFL,total,windy,31,31,"raw, market on K",31.0,,,,,,,0.0,0.0,,,,
NFL,total,windy,31,31,"raw, market a half-point from K",31.0,,,,,,,0.0,0.0,,,,
NFL,total,windy,32,32,table,30.5,0.5281,0.0,0.4719,-112.0,112.0,,,,,,,
NFL,total,windy,32,32,table,31.0,0.5281,0.0218,0.4501,-117.0,117.0,5.4,,,,,,
NFL,total,windy,32,32,table,31.5,0.5499,0.0,0.4501,-122.0,122.0,4.8,,,,,,
NFL,total,windy,32,32,table,32.0,0.5499,0.0236,0.4265,-129.0,129.0,6.8,,,,,,
NFL,total,windy,32,32,table,32.5,0.5735,0.0,0.4265,-134.0,134.0,5.5,,,,,,
NFL,total,windy,32,32,table,33.0,0.5735,0.035,0.3915,-146.0,146.0,12.0,,,,,,
NFL,total,windy,32,32,table,33.5,0.6085,0.0,0.3915,-155.0,155.0,8.9,,,,,,
NFL,total,windy,32,32,residual,30.5,0.5297,0.0,0.4703,-113.0,113.0,,,,,,,
NFL,total,windy,32,32,residual,31.0,0.5297,0.0328,0.4375,-121.0,121.0,8.4,,,,,,
NFL,total,windy,32,32,residual,31.5,0.5625,0.0,0.4375,-129.0,129.0,7.5,,,,,,
NFL,total,windy,32,32,residual,32.0,0.5625,0.0252,0.4123,-136.0,136.0,7.8,,,,,,
NFL,total,windy,32,32,residual,32.5,0.5877,0.0,0.4123,-143.0,143.0,6.1,,,,,,
NFL,total,windy,32,32,residual,33.0,0.5877,0.0236,0.3887,-151.0,151.0,8.7,,,,,,
NFL,total,windy,32,32,residual,33.5,0.6113,0.0,0.3887,-157.0,157.0,6.1,,,,,,
NFL,total,windy,32,32,"raw, market on K",32.0,,0.0,,,,,1.0,0.0,,,,
NFL,total,windy,32,32,"raw, market a half-point from K",32.0,,0.0,,,,,1.0,0.0,,,,
NFL,total,windy,33,33,table,31.5,0.5218,0.0,0.4782,-109.0,109.0,,,,,,,
NFL,total,windy,33,33,table,32.0,0.5218,0.0243,0.4539,-115.0,115.0,5.8,,,,,,
NFL,total,windy,33,33,table,32.5,0.5461,0.0,0.4539,-120.0,120.0,5.4,,,,,,
NFL,total,windy,33,33,table,33.0,0.5461,0.0358,0.4181,-131.0,131.0,10.3,,,,,,
NFL,total,windy,33,33,table,33.5,0.5819,0.0,0.4181,-139.0,139.0,8.6,,,,,,
NFL,total,windy,33,33,table,34.0,0.5819,0.0296,0.3885,-150.0,150.0,10.6,,,,,,
NFL,total,windy,33,33,table,34.5,0.6115,0.0,0.3885,-157.0,157.0,7.6,,,,,,
NFL,total,windy,33,33,residual,31.5,0.5297,0.0,0.4703,-113.0,113.0,,,,,,,
NFL,total,windy,33,33,residual,32.0,0.5297,0.0328,0.4375,-121.0,121.0,8.4,,,,,,
NFL,total,windy,33,33,residual,32.5,0.5625,0.0,0.4375,-129.0,129.0,7.5,,,,,,
NFL,total,windy,33,33,residual,33.0,0.5625,0.0252,0.4123,-136.0,136.0,7.8,,,,,,
NFL,total,windy,33,33,residual,33.5,0.5877,0.0,0.4123,-143.0,143.0,6.1,,,,,,
NFL,total,windy,33,33,residual,34.0,0.5877,0.0236,0.3887,-151.0,151.0,8.7,,,,,,
NFL,total,windy,33,33,residual,34.5,0.6113,0.0,0.3887,-157.0,157.0,6.1,,,,,,
NFL,total,windy,33,33,"raw, market on K",33.0,,,,,,,0.0,0.0,,,,
NFL,total,windy,33,33,"raw, market a half-point from K",33.0,,0.0,,,,,1.0,0.0,,,,
NFL,total,windy,34,34,table,32.5,0.5179,0.0,0.4821,-107.0,107.0,,,,,,,
NFL,total,windy,34,34,table,33.0,0.5179,0.0368,0.4453,-116.0,116.0,8.9,,,,,,
NFL,total,windy,34,34,table,33.5,0.5547,0.0,0.4453,-125.0,125.0,8.3,,,,,,
NFL,total,windy,34,34,table,34.0,0.5547,0.0302,0.4151,-134.0,134.0,9.1,,,,,,
NFL,total,windy,34,34,table,34.5,0.5849,0.0,0.4151,-141.0,141.0,7.3,,,,,,
NFL,total,windy,34,34,table,35.0,0.5849,0.0216,0.3935,-149.0,149.0,7.7,,,,,,
NFL,total,windy,34,34,table,35.5,0.6065,0.0,0.3935,-154.0,154.0,5.5,,,,,,
NFL,total,windy,34,34,residual,32.5,0.5297,0.0,0.4703,-113.0,113.0,,,,,,,
NFL,total,windy,34,34,residual,33.0,0.5297,0.0328,0.4375,-121.0,121.0,8.4,,,,,,
NFL,total,windy,34,34,residual,33.5,0.5625,0.0,0.4375,-129.0,129.0,7.5,,,,,,
NFL,total,windy,34,34,residual,34.0,0.5625,0.0252,0.4123,-136.0,136.0,7.8,,,,,,
NFL,total,windy,34,34,residual,34.5,0.5877,0.0,0.4123,-143.0,143.0,6.1,,,,,,
NFL,total,windy,34,34,residual,35.0,0.5877,0.0236,0.3887,-151.0,151.0,8.7,,,,,,
NFL,total,windy,34,34,residual,35.5,0.6113,0.0,0.3887,-157.0,157.0,6.1,,,,,,
NFL,total,windy,34,34,"raw, market on K",34.0,,0.0,,,,,1.0,0.0,,,,
NFL,total,windy,34,34,"raw, market a half-point from K",34.0,,0.0,,,,,1.0,0.0,,,,
NFL,total,windy,35,35,table,33.5,0.5267,0.0,0.4733,-111.0,111.0,,,,,,,
NFL,total,windy,35,35,table,34.0,0.5267,0.0311,0.4422,-119.0,119.0,7.8,,,,,,
NFL,total,windy,35,35,table,34.5,0.5578,0.0,0.4422,-126.0,126.0,7.0,,,,,,
NFL,total,windy,35,35,table,35.0,0.5578,0.0221,0.4201,-133.0,133.0,6.6,,,,,,
NFL,total,windy,35,35,table,35.5,0.5799,0.0,0.4201,-138.0,138.0,5.3,,,,,,
NFL,total,windy,35,35,table,36.0,0.5799,0.0279,0.3922,-148.0,148.0,9.8,,,,,,
NFL,total,windy,35,35,table,36.5,0.6078,0.0,0.3922,-155.0,155.0,7.1,,,,,,
NFL,total,windy,35,35,residual,33.5,0.5297,0.0,0.4703,-113.0,113.0,,,,,,,
NFL,total,windy,35,35,residual,34.0,0.5297,0.0328,0.4375,-121.0,121.0,8.4,,,,,,
NFL,total,windy,35,35,residual,34.5,0.5625,0.0,0.4375,-129.0,129.0,7.5,,,,,,
NFL,total,windy,35,35,residual,35.0,0.5625,0.0252,0.4123,-136.0,136.0,7.8,,,,,,
NFL,total,windy,35,35,residual,35.5,0.5877,0.0,0.4123,-143.0,143.0,6.1,,,,,,
NFL,total,windy,35,35,residual,36.0,0.5877,0.0236,0.3887,-151.0,151.0,8.7,,,,,,
NFL,total,windy,35,35,residual,36.5,0.6113,0.0,0.3887,-157.0,157.0,6.1,,,,,,
NFL,total,windy,35,35,"raw, market on K",35.0,,,,,,,0.0,0.0,,,,
NFL,total,windy,35,35,"raw, market a half-point from K",35.0,,0.0,,,,,2.0,0.0,,,,
NFL,total,windy,36,36,table,34.5,0.5297,0.0,0.4703,-113.0,113.0,,,,,,,
NFL,total,windy,36,36,table,35.0,0.5297,0.0227,0.4475,-118.0,118.0,5.7,,,,,,
NFL,total,windy,36,36,table,35.5,0.5525,0.0,0.4475,-123.0,123.0,5.1,,,,,,
NFL,total,windy,36,36,table,36.0,0.5525,0.0286,0.419,-132.0,132.0,8.4,,,,,,
NFL,total,windy,36,36,table,36.5,0.581,0.0,0.419,-139.0,139.0,6.8,,,,,,
NFL,total,windy,36,36,table,37.0,0.581,0.0347,0.3842,-151.0,151.0,12.5,,,,,,
NFL,total,windy,36,36,table,37.5,0.6158,0.0,0.3842,-160.0,160.0,9.0,,,,,,
NFL,total,windy,36,36,residual,34.5,0.5297,0.0,0.4703,-113.0,113.0,,,,,,,
NFL,total,windy,36,36,residual,35.0,0.5297,0.0328,0.4375,-121.0,121.0,8.4,,,,,,
NFL,total,windy,36,36,residual,35.5,0.5625,0.0,0.4375,-129.0,129.0,7.5,,,,,,
NFL,total,windy,36,36,residual,36.0,0.5625,0.0252,0.4123,-136.0,136.0,7.8,,,,,,
NFL,total,windy,36,36,residual,36.5,0.5877,0.0,0.4123,-143.0,143.0,6.1,,,,,,
NFL,total,windy,36,36,residual,37.0,0.5877,0.0236,0.3887,-151.0,151.0,8.7,,,,,,
NFL,total,windy,36,36,residual,37.5,0.6113,0.0,0.3887,-157.0,157.0,6.1,,,,,,
NFL,total,windy,36,36,"raw, market on K",36.0,,0.5,,,,,2.0,1.0,,,,
NFL,total,windy,36,36,"raw, market a half-point from K",36.0,,0.0,,,,,6.0,0.0,,,,
NFL,total,windy,37,37,table,35.5,0.524,0.0,0.476,-110.0,110.0,,,,,,,
NFL,total,windy,37,37,table,36.0,0.524,0.0294,0.4466,-117.0,117.0,7.3,,,,,,
NFL,total,windy,37,37,table,36.5,0.5534,0.0,0.4466,-124.0,124.0,6.6,,,,,,
NFL,total,windy,37,37,table,37.0,0.5534,0.0356,0.411,-135.0,135.0,10.7,,,,,,
NFL,total,windy,37,37,table,37.5,0.589,0.0,0.411,-143.0,143.0,8.7,,,,,,
NFL,total,windy,37,37,table,38.0,0.589,0.0199,0.3911,-151.0,151.0,7.3,,,,,,
NFL,total,windy,37,37,table,38.5,0.6089,0.0,0.3911,-156.0,156.0,5.1,,,,,,
NFL,total,windy,37,37,residual,35.5,0.5297,0.0,0.4703,-113.0,113.0,,,,,,,
NFL,total,windy,37,37,residual,36.0,0.5297,0.0328,0.4375,-121.0,121.0,8.4,,,,,,
NFL,total,windy,37,37,residual,36.5,0.5625,0.0,0.4375,-129.0,129.0,7.5,,,,,,
NFL,total,windy,37,37,residual,37.0,0.5625,0.0252,0.4123,-136.0,136.0,7.8,,,,,,
NFL,total,windy,37,37,residual,37.5,0.5877,0.0,0.4123,-143.0,143.0,6.1,,,,,,
NFL,total,windy,37,37,residual,38.0,0.5877,0.0236,0.3887,-151.0,151.0,8.7,,,,,,
NFL,total,windy,37,37,residual,38.5,0.6113,0.0,0.3887,-157.0,157.0,6.1,,,,,,
NFL,total,windy,37,37,"raw, market on K",37.0,,0.0,,,,,4.0,0.0,,,,
NFL,total,windy,37,37,"raw, market a half-point from K",37.0,,0.0,,,,,7.0,0.0,,,,
NFL,total,windy,38,38,table,36.5,0.5249,0.0,0.4751,-110.0,110.0,,,,,,,
NFL,total,windy,38,38,table,37.0,0.5249,0.0366,0.4384,-120.0,120.0,9.2,,,,,,
NFL,total,windy,38,38,table,37.5,0.5616,0.0,0.4384,-128.0,128.0,8.4,,,,,,
NFL,total,windy,38,38,table,38.0,0.5616,0.0204,0.4181,-134.0,134.0,6.2,,,,,,
NFL,total,windy,38,38,table,38.5,0.5819,0.0,0.4181,-139.0,139.0,4.9,,,,,,
NFL,total,windy,38,38,table,39.0,0.5819,0.0237,0.3943,-148.0,148.0,8.4,,,,,,
NFL,total,windy,38,38,table,39.5,0.6057,0.0,0.3943,-154.0,154.0,6.0,,,,,,
NFL,total,windy,38,38,residual,36.5,0.5297,0.0,0.4703,-113.0,113.0,,,,,,,
NFL,total,windy,38,38,residual,37.0,0.5297,0.0328,0.4375,-121.0,121.0,8.4,,,,,,
NFL,total,windy,38,38,residual,37.5,0.5625,0.0,0.4375,-129.0,129.0,7.5,,,,,,
NFL,total,windy,38,38,residual,38.0,0.5625,0.0252,0.4123,-136.0,136.0,7.8,,,,,,
NFL,total,windy,38,38,residual,38.5,0.5877,0.0,0.4123,-143.0,143.0,6.1,,,,,,
NFL,total,windy,38,38,residual,39.0,0.5877,0.0236,0.3887,-151.0,151.0,8.7,,,,,,
NFL,total,windy,38,38,residual,39.5,0.6113,0.0,0.3887,-157.0,157.0,6.1,,,,,,
NFL,total,windy,38,38,"raw, market on K",38.0,,0.0,,,,,4.0,0.0,,,,
NFL,total,windy,38,38,"raw, market a half-point from K",38.0,,0.0,,,,,7.0,0.0,,,,
NFL,total,windy,39,39,table,37.5,0.5333,0.0,0.4667,-114.0,114.0,,,,,,,
NFL,total,windy,39,39,table,38.0,0.5333,0.021,0.4457,-120.0,120.0,5.4,,,,,,
NFL,total,windy,39,39,table,38.5,0.5543,0.0,0.4457,-124.0,124.0,4.7,,,,,,
NFL,total,windy,39,39,table,39.0,0.5543,0.0243,0.4214,-132.0,132.0,7.2,,,,,,
NFL,total,windy,39,39,table,39.5,0.5786,0.0,0.4214,-137.0,137.0,5.8,,,,,,
NFL,total,windy,39,39,table,40.0,0.5786,0.0323,0.389,-149.0,149.0,11.4,,,,,,
NFL,total,windy,39,39,table,40.5,0.611,0.0,0.389,-157.0,157.0,8.3,,,,,,
NFL,total,windy,39,39,residual,37.5,0.5297,0.0,0.4703,-113.0,113.0,,,,,,,
NFL,total,windy,39,39,residual,38.0,0.5297,0.0328,0.4375,-121.0,121.0,8.4,,,,,,
NFL,total,windy,39,39,residual,38.5,0.5625,0.0,0.4375,-129.0,129.0,7.5,,,,,,
NFL,total,windy,39,39,residual,39.0,0.5625,0.0252,0.4123,-136.0,136.0,7.8,,,,,,
NFL,total,windy,39,39,residual,39.5,0.5877,0.0,0.4123,-143.0,143.0,6.1,,,,,,
NFL,total,windy,39,39,residual,40.0,0.5877,0.0236,0.3887,-151.0,151.0,8.7,,,,,,
NFL,total,windy,39,39,residual,40.5,0.6113,0.0,0.3887,-157.0,157.0,6.1,,,,,,
NFL,total,windy,39,39,"raw, market on K",39.0,,0.0,,,,,4.0,0.0,,,,
NFL,total,windy,39,39,"raw, market a half-point from K",39.0,,0.0,,,,,13.0,0.0,,,,
NFL,total,windy,40,40,table,38.5,0.5258,0.0,0.4742,-111.0,111.0,,,,,,,
NFL,total,windy,40,40,table,39.0,0.5258,0.025,0.4492,-117.0,117.0,6.2,,,,,,
NFL,total,windy,40,40,table,39.5,0.5508,0.0,0.4492,-123.0,123.0,5.6,,,,,,
NFL,total,windy,40,40,table,40.0,0.5508,0.0331,0.4161,-132.0,132.0,9.8,,,,,,
NFL,total,windy,40,40,table,40.5,0.5839,0.0,0.4161,-140.0,140.0,8.0,,,,,,
NFL,total,windy,40,40,table,41.0,0.5839,0.0321,0.384,-152.0,152.0,11.7,,,,,,
NFL,total,windy,40,40,table,41.5,0.616,0.0,0.384,-160.0,160.0,8.4,,,,,,
NFL,total,windy,40,40,residual,38.5,0.5297,0.0,0.4703,-113.0,113.0,,,,,,,
NFL,total,windy,40,40,residual,39.0,0.5297,0.0328,0.4375,-121.0,121.0,8.4,,,,,,
NFL,total,windy,40,40,residual,39.5,0.5625,0.0,0.4375,-129.0,129.0,7.5,,,,,,
NFL,total,windy,40,40,residual,40.0,0.5625,0.0252,0.4123,-136.0,136.0,7.8,,,,,,
NFL,total,windy,40,40,residual,40.5,0.5877,0.0,0.4123,-143.0,143.0,6.1,,,,,,
NFL,total,windy,40,40,residual,41.0,0.5877,0.0236,0.3887,-151.0,151.0,8.7,,,,,,
NFL,total,windy,40,40,residual,41.5,0.6113,0.0,0.3887,-157.0,157.0,6.1,,,,,,
NFL,total,windy,40,40,"raw, market on K",40.0,,0.0,,,,,8.0,0.0,,,,
NFL,total,windy,40,40,"raw, market a half-point from K",40.0,,0.0833,,,,,12.0,1.0,,,,
NFL,total,windy,41,41,table,39.5,0.5222,0.0,0.4778,-109.0,109.0,,,,,,,
NFL,total,windy,41,41,table,40.0,0.5222,0.0341,0.4437,-118.0,118.0,8.4,,,,,,
NFL,total,windy,41,41,table,40.5,0.5563,0.0,0.4437,-125.0,125.0,7.7,,,,,,
NFL,total,windy,41,41,table,41.0,0.5563,0.0328,0.4109,-135.0,135.0,10.0,,,,,,
NFL,total,windy,41,41,table,41.5,0.5891,0.0,0.4109,-143.0,143.0,8.0,,,,,,
NFL,total,windy,41,41,table,42.0,0.5891,0.0184,0.3924,-150.0,150.0,6.7,,,,,,
NFL,total,windy,41,41,table,42.5,0.6076,0.0,0.3924,-155.0,155.0,4.7,,,,,,
NFL,total,windy,41,41,residual,39.5,0.5297,0.0,0.4703,-113.0,113.0,,,,,,,
NFL,total,windy,41,41,residual,40.0,0.5297,0.0328,0.4375,-121.0,121.0,8.4,,,,,,
NFL,total,windy,41,41,residual,40.5,0.5625,0.0,0.4375,-129.0,129.0,7.5,,,,,,
NFL,total,windy,41,41,residual,41.0,0.5625,0.0252,0.4123,-136.0,136.0,7.8,,,,,,
NFL,total,windy,41,41,residual,41.5,0.5877,0.0,0.4123,-143.0,143.0,6.1,,,,,,
NFL,total,windy,41,41,residual,42.0,0.5877,0.0236,0.3887,-151.0,151.0,8.7,,,,,,
NFL,total,windy,41,41,residual,42.5,0.6113,0.0,0.3887,-157.0,157.0,6.1,,,,,,
NFL,total,windy,41,41,"raw, market on K",41.0,,0.0,,,,,8.0,0.0,,,,
NFL,total,windy,41,41,"raw, market a half-point from K",41.0,,0.0,,,,,16.0,0.0,,,,
NFL,total,windy,42,42,table,40.5,0.5279,0.0,0.4721,-112.0,112.0,,,,,,,
NFL,total,windy,42,42,table,41.0,0.5279,0.0338,0.4383,-120.0,120.0,8.6,,,,,,
NFL,total,windy,42,42,table,41.5,0.5617,0.0,0.4383,-128.0,128.0,7.7,,,,,,
NFL,total,windy,42,42,table,42.0,0.5617,0.0189,0.4194,-134.0,134.0,5.8,,,,,,
NFL,total,windy,42,42,table,42.5,0.5806,0.0,0.4194,-138.0,138.0,4.5,,,,,,
NFL,total,windy,42,42,table,43.0,0.5806,0.0321,0.3874,-150.0,150.0,11.5,,,,,,
NFL,total,windy,42,42,table,43.5,0.6126,0.0,0.3874,-158.0,158.0,8.3,,,,,,
NFL,total,windy,42,42,residual,40.5,0.5297,0.0,0.4703,-113.0,113.0,,,,,,,
NFL,total,windy,42,42,residual,41.0,0.5297,0.0328,0.4375,-121.0,121.0,8.4,,,,,,
NFL,total,windy,42,42,residual,41.5,0.5625,0.0,0.4375,-129.0,129.0,7.5,,,,,,
NFL,total,windy,42,42,residual,42.0,0.5625,0.0252,0.4123,-136.0,136.0,7.8,,,,,,
NFL,total,windy,42,42,residual,42.5,0.5877,0.0,0.4123,-143.0,143.0,6.1,,,,,,
NFL,total,windy,42,42,residual,43.0,0.5877,0.0236,0.3887,-151.0,151.0,8.7,,,,,,
NFL,total,windy,42,42,residual,43.5,0.6113,0.0,0.3887,-157.0,157.0,6.1,,,,,,
NFL,total,windy,42,42,"raw, market on K",42.0,,0.0,,,,,6.0,0.0,,,,
NFL,total,windy,42,42,"raw, market a half-point from K",42.0,,0.0,,,,,18.0,0.0,,,,
NFL,total,windy,43,43,table,41.5,0.5335,0.0,0.4665,-114.0,114.0,,,,,,,
NFL,total,windy,43,43,table,42.0,0.5335,0.0195,0.447,-119.0,119.0,5.0,,,,,,
NFL,total,windy,43,43,table,42.5,0.553,0.0,0.447,-124.0,124.0,4.4,,,,,,
NFL,total,windy,43,43,table,43.0,0.553,0.0329,0.4142,-134.0,134.0,9.8,,,,,,
NFL,total,windy,43,43,table,43.5,0.5858,0.0,0.4142,-141.0,141.0,7.9,,,,,,
NFL,total,windy,43,43,table,44.0,0.5858,0.0333,0.3808,-154.0,154.0,12.4,,,,,,
NFL,total,windy,43,43,table,44.5,0.6192,0.0,0.3808,-163.0,163.0,8.8,,,,,,
NFL,total,windy,43,43,residual,41.5,0.5297,0.0,0.4703,-113.0,113.0,,,,,,,
NFL,total,windy,43,43,residual,42.0,0.5297,0.0328,0.4375,-121.0,121.0,8.4,,,,,,
NFL,total,windy,43,43,residual,42.5,0.5625,0.0,0.4375,-129.0,129.0,7.5,,,,,,
NFL,total,windy,43,43,residual,43.0,0.5625,0.0252,0.4123,-136.0,136.0,7.8,,,,,,
NFL,total,windy,43,43,residual,43.5,0.5877,0.0,0.4123,-143.0,143.0,6.1,,,,,,
NFL,total,windy,43,43,residual,44.0,0.5877,0.0236,0.3887,-151.0,151.0,8.7,,,,,,
NFL,total,windy,43,43,residual,44.5,0.6113,0.0,0.3887,-157.0,157.0,6.1,,,,,,
NFL,total,windy,43,43,"raw, market on K",43.0,,0.0,,,,,9.0,0.0,,,,
NFL,total,windy,43,43,"raw, market a half-point from K",43.0,,0.0,,,,,21.0,0.0,,,,
NFL,total,windy,44,44,table,42.5,0.5246,0.0,0.4754,-110.0,110.0,,,,,,,
NFL,total,windy,44,44,table,43.0,0.5246,0.0339,0.4416,-119.0,119.0,8.5,,,,,,
NFL,total,windy,44,44,table,43.5,0.5584,0.0,0.4416,-126.0,126.0,7.7,,,,,,
NFL,total,windy,44,44,table,44.0,0.5584,0.0342,0.4074,-137.0,137.0,10.6,,,,,,
NFL,total,windy,44,44,table,44.5,0.5926,0.0,0.4074,-145.0,145.0,8.4,,,,,,
NFL,total,windy,44,44,table,45.0,0.5926,0.0241,0.3833,-155.0,155.0,9.2,,,,,,
NFL,total,windy,44,44,table,45.5,0.6167,0.0,0.3833,-161.0,161.0,6.3,,,,,,
NFL,total,windy,44,44,residual,42.5,0.5297,0.0,0.4703,-113.0,113.0,,,,,,,
NFL,total,windy,44,44,residual,43.0,0.5297,0.0328,0.4375,-121.0,121.0,8.4,,,,,,
NFL,total,windy,44,44,residual,43.5,0.5625,0.0,0.4375,-129.0,129.0,7.5,,,,,,
NFL,total,windy,44,44,residual,44.0,0.5625,0.0252,0.4123,-136.0,136.0,7.8,,,,,,
NFL,total,windy,44,44,residual,44.5,0.5877,0.0,0.4123,-143.0,143.0,6.1,,,,,,
NFL,total,windy,44,44,residual,45.0,0.5877,0.0236,0.3887,-151.0,151.0,8.7,,,,,,
NFL,total,windy,44,44,residual,45.5,0.6113,0.0,0.3887,-157.0,157.0,6.1,,,,,,
NFL,total,windy,44,44,"raw, market on K",44.0,,0.1429,,,,,14.0,2.0,,,,
NFL,total,windy,44,44,"raw, market a half-point from K",44.0,,0.0588,,,,,34.0,2.0,,,,
NFL,total,windy,45,45,table,43.5,0.5302,0.0,0.4698,-113.0,113.0,,,,,,,
NFL,total,windy,45,45,table,44.0,0.5302,0.0352,0.4346,-122.0,122.0,9.1,,,,,,
NFL,total,windy,45,45,table,44.5,0.5654,0.0,0.4346,-130.0,130.0,8.1,,,,,,
NFL,total,windy,45,45,table,45.0,0.5654,0.0247,0.4099,-138.0,138.0,7.8,,,,,,
NFL,total,windy,45,45,table,45.5,0.5901,0.0,0.4099,-144.0,144.0,6.0,,,,,,
NFL,total,windy,45,45,table,46.0,0.5901,0.0244,0.3855,-153.0,153.0,9.1,,,,,,
NFL,total,windy,45,45,table,46.5,0.6145,0.0,0.3855,-159.0,159.0,6.3,,,,,,
NFL,total,windy,45,45,residual,43.5,0.5297,0.0,0.4703,-113.0,113.0,,,,,,,
NFL,total,windy,45,45,residual,44.0,0.5297,0.0328,0.4375,-121.0,121.0,8.4,,,,,,
NFL,total,windy,45,45,residual,44.5,0.5625,0.0,0.4375,-129.0,129.0,7.5,,,,,,
NFL,total,windy,45,45,residual,45.0,0.5625,0.0252,0.4123,-136.0,136.0,7.8,,,,,,
NFL,total,windy,45,45,residual,45.5,0.5877,0.0,0.4123,-143.0,143.0,6.1,,,,,,
NFL,total,windy,45,45,residual,46.0,0.5877,0.0236,0.3887,-151.0,151.0,8.7,,,,,,
NFL,total,windy,45,45,residual,46.5,0.6113,0.0,0.3887,-157.0,157.0,6.1,,,,,,
NFL,total,windy,45,45,"raw, market on K",45.0,,0.0,,,,,12.0,0.0,,,,
NFL,total,windy,45,45,"raw, market a half-point from K",45.0,,0.0,,,,,28.0,0.0,,,,
NFL,total,windy,46,46,table,44.5,0.5372,0.0,0.4628,-116.0,116.0,,,,,,,
NFL,total,windy,46,46,table,45.0,0.5372,0.0255,0.4373,-123.0,123.0,6.8,,,,,,
NFL,total,windy,46,46,table,45.5,0.5627,0.0,0.4373,-129.0,129.0,5.8,,,,,,
NFL,total,windy,46,46,table,46.0,0.5627,0.025,0.4124,-136.0,136.0,7.8,,,,,,
NFL,total,windy,46,46,table,46.5,0.5876,0.0,0.4124,-142.0,142.0,6.1,,,,,,
NFL,total,windy,46,46,table,47.0,0.5876,0.0311,0.3813,-154.0,154.0,11.6,,,,,,
NFL,total,windy,46,46,table,47.5,0.6187,0.0,0.3813,-162.0,162.0,8.2,,,,,,
NFL,total,windy,46,46,residual,44.5,0.5297,0.0,0.4703,-113.0,113.0,,,,,,,
NFL,total,windy,46,46,residual,45.0,0.5297,0.0328,0.4375,-121.0,121.0,8.4,,,,,,
NFL,total,windy,46,46,residual,45.5,0.5625,0.0,0.4375,-129.0,129.0,7.5,,,,,,
NFL,total,windy,46,46,residual,46.0,0.5625,0.0252,0.4123,-136.0,136.0,7.8,,,,,,
NFL,total,windy,46,46,residual,46.5,0.5877,0.0,0.4123,-143.0,143.0,6.1,,,,,,
NFL,total,windy,46,46,residual,47.0,0.5877,0.0236,0.3887,-151.0,151.0,8.7,,,,,,
NFL,total,windy,46,46,residual,47.5,0.6113,0.0,0.3887,-157.0,157.0,6.1,,,,,,
NFL,total,windy,46,46,"raw, market on K",46.0,,0.0,,,,,13.0,0.0,,,,
NFL,total,windy,46,46,"raw, market a half-point from K",46.0,,0.1176,,,,,17.0,2.0,,,,
NFL,total,windy,47,47,table,45.5,0.5341,0.0,0.4659,-115.0,115.0,,,,,,,
NFL,total,windy,47,47,table,46.0,0.5341,0.0257,0.4401,-121.0,121.0,6.7,,,,,,
NFL,total,windy,47,47,table,46.5,0.5599,0.0,0.4401,-127.0,127.0,5.8,,,,,,
NFL,total,windy,47,47,table,47.0,0.5599,0.0319,0.4082,-137.0,137.0,9.9,,,,,,
NFL,total,windy,47,47,table,47.5,0.5918,0.0,0.4082,-145.0,145.0,7.8,,,,,,
NFL,total,windy,47,47,table,48.0,0.5918,0.026,0.3822,-155.0,155.0,9.9,,,,,,
NFL,total,windy,47,47,table,48.5,0.6178,0.0,0.3822,-162.0,162.0,6.8,,,,,,
NFL,total,windy,47,47,residual,45.5,0.5297,0.0,0.4703,-113.0,113.0,,,,,,,
NFL,total,windy,47,47,residual,46.0,0.5297,0.0328,0.4375,-121.0,121.0,8.4,,,,,,
NFL,total,windy,47,47,residual,46.5,0.5625,0.0,0.4375,-129.0,129.0,7.5,,,,,,
NFL,total,windy,47,47,residual,47.0,0.5625,0.0252,0.4123,-136.0,136.0,7.8,,,,,,
NFL,total,windy,47,47,residual,47.5,0.5877,0.0,0.4123,-143.0,143.0,6.1,,,,,,
NFL,total,windy,47,47,residual,48.0,0.5877,0.0236,0.3887,-151.0,151.0,8.7,,,,,,
NFL,total,windy,47,47,residual,48.5,0.6113,0.0,0.3887,-157.0,157.0,6.1,,,,,,
NFL,total,windy,47,47,"raw, market on K",47.0,,0.0,,,,,9.0,0.0,,,,
NFL,total,windy,47,47,"raw, market a half-point from K",47.0,,0.0,,,,,13.0,0.0,,,,
NFL,total,windy,48,48,table,46.5,0.5312,0.0,0.4688,-113.0,113.0,,,,,,,
NFL,total,windy,48,48,table,47.0,0.5312,0.0329,0.4359,-122.0,122.0,8.5,,,,,,
NFL,total,windy,48,48,table,47.5,0.5641,0.0,0.4359,-129.0,129.0,7.5,,,,,,
NFL,total,windy,48,48,table,48.0,0.5641,0.0266,0.4092,-138.0,138.0,8.4,,,,,,
NFL,total,windy,48,48,table,48.5,0.5908,0.0,0.4092,-144.0,144.0,6.5,,,,,,
NFL,total,windy,48,48,table,49.0,0.5908,0.0255,0.3837,-154.0,154.0,9.6,,,,,,
NFL,total,windy,48,48,table,49.5,0.6163,0.0,0.3837,-161.0,161.0,6.6,,,,,,
NFL,total,windy,48,48,residual,46.5,0.5297,0.0,0.4703,-113.0,113.0,,,,,,,
NFL,total,windy,48,48,residual,47.0,0.5297,0.0328,0.4375,-121.0,121.0,8.4,,,,,,
NFL,total,windy,48,48,residual,47.5,0.5625,0.0,0.4375,-129.0,129.0,7.5,,,,,,
NFL,total,windy,48,48,residual,48.0,0.5625,0.0252,0.4123,-136.0,136.0,7.8,,,,,,
NFL,total,windy,48,48,residual,48.5,0.5877,0.0,0.4123,-143.0,143.0,6.1,,,,,,
NFL,total,windy,48,48,residual,49.0,0.5877,0.0236,0.3887,-151.0,151.0,8.7,,,,,,
NFL,total,windy,48,48,residual,49.5,0.6113,0.0,0.3887,-157.0,157.0,6.1,,,,,,
NFL,total,windy,48,48,"raw, market on K",48.0,,0.0,,,,,9.0,0.0,,,,
NFL,total,windy,48,48,"raw, market a half-point from K",48.0,,0.0,,,,,9.0,0.0,,,,
NFL,total,windy,49,49,table,47.5,0.5357,0.0,0.4643,-115.0,115.0,,,,,,,
NFL,total,windy,49,49,table,48.0,0.5357,0.0275,0.4368,-123.0,123.0,7.3,,,,,,
NFL,total,windy,49,49,table,48.5,0.5632,0.0,0.4368,-129.0,129.0,6.3,,,,,,
NFL,total,windy,49,49,table,49.0,0.5632,0.0261,0.4107,-137.0,137.0,8.2,,,,,,
NFL,total,windy,49,49,table,49.5,0.5893,0.0,0.4107,-143.0,143.0,6.4,,,,,,
NFL,total,windy,49,49,table,50.0,0.5893,0.0265,0.3842,-153.0,153.0,9.9,,,,,,
NFL,total,windy,49,49,table,50.5,0.6158,0.0,0.3842,-160.0,160.0,6.9,,,,,,
NFL,total,windy,49,49,residual,47.5,0.5297,0.0,0.4703,-113.0,113.0,,,,,,,
NFL,total,windy,49,49,residual,48.0,0.5297,0.0328,0.4375,-121.0,121.0,8.4,,,,,,
NFL,total,windy,49,49,residual,48.5,0.5625,0.0,0.4375,-129.0,129.0,7.5,,,,,,
NFL,total,windy,49,49,residual,49.0,0.5625,0.0252,0.4123,-136.0,136.0,7.8,,,,,,
NFL,total,windy,49,49,residual,49.5,0.5877,0.0,0.4123,-143.0,143.0,6.1,,,,,,
NFL,total,windy,49,49,residual,50.0,0.5877,0.0236,0.3887,-151.0,151.0,8.7,,,,,,
NFL,total,windy,49,49,residual,50.5,0.6113,0.0,0.3887,-157.0,157.0,6.1,,,,,,
NFL,total,windy,49,49,"raw, market on K",49.0,,0.0,,,,,3.0,0.0,,,,
NFL,total,windy,49,49,"raw, market a half-point from K",49.0,,0.125,,,,,8.0,1.0,,,,
NFL,total,windy,50,50,table,48.5,0.5347,0.0,0.4653,-115.0,115.0,,,,,,,
NFL,total,windy,50,50,table,49.0,0.5347,0.0269,0.4383,-122.0,122.0,7.1,,,,,,
NFL,total,windy,50,50,table,49.5,0.5617,0.0,0.4383,-128.0,128.0,6.1,,,,,,
NFL,total,windy,50,50,table,50.0,0.5617,0.0271,0.4112,-137.0,137.0,8.5,,,,,,
NFL,total,windy,50,50,table,50.5,0.5888,0.0,0.4112,-143.0,143.0,6.6,,,,,,
NFL,total,windy,50,50,table,51.0,0.5888,0.0394,0.3718,-158.0,158.0,15.2,,,,,,
NFL,total,windy,50,50,table,51.5,0.6282,0.0,0.3718,-169.0,169.0,10.6,,,,,,
NFL,total,windy,50,50,residual,48.5,0.5297,0.0,0.4703,-113.0,113.0,,,,,,,
NFL,total,windy,50,50,residual,49.0,0.5297,0.0328,0.4375,-121.0,121.0,8.4,,,,,,
NFL,total,windy,50,50,residual,49.5,0.5625,0.0,0.4375,-129.0,129.0,7.5,,,,,,
NFL,total,windy,50,50,residual,50.0,0.5625,0.0252,0.4123,-136.0,136.0,7.8,,,,,,
NFL,total,windy,50,50,residual,50.5,0.5877,0.0,0.4123,-143.0,143.0,6.1,,,,,,
NFL,total,windy,50,50,residual,51.0,0.5877,0.0236,0.3887,-151.0,151.0,8.7,,,,,,
NFL,total,windy,50,50,residual,51.5,0.6113,0.0,0.3887,-157.0,157.0,6.1,,,,,,
NFL,total,windy,50,50,"raw, market on K",50.0,,0.0,,,,,2.0,0.0,,,,
NFL,total,windy,50,50,"raw, market a half-point from K",50.0,,0.0,,,,,6.0,0.0,,,,
NFL,total,windy,51,51,table,49.5,0.5332,0.0,0.4668,-114.0,114.0,,,,,,,
NFL,total,windy,51,51,table,50.0,0.5332,0.028,0.4388,-122.0,122.0,7.3,,,,,,
NFL,total,windy,51,51,table,50.5,0.5612,0.0,0.4388,-128.0,128.0,6.4,,,,,,
NFL,total,windy,51,51,table,51.0,0.5612,0.0404,0.3985,-141.0,141.0,13.0,,,,,,
NFL,total,windy,51,51,table,51.5,0.6015,0.0,0.3985,-151.0,151.0,10.1,,,,,,
NFL,total,windy,51,51,table,52.0,0.6015,0.0231,0.3754,-160.0,160.0,9.3,,,,,,
NFL,total,windy,51,51,table,52.5,0.6246,0.0,0.3754,-166.0,166.0,6.1,,,,,,
NFL,total,windy,51,51,residual,49.5,0.5297,0.0,0.4703,-113.0,113.0,,,,,,,
NFL,total,windy,51,51,residual,50.0,0.5297,0.0328,0.4375,-121.0,121.0,8.4,,,,,,
NFL,total,windy,51,51,residual,50.5,0.5625,0.0,0.4375,-129.0,129.0,7.5,,,,,,
NFL,total,windy,51,51,residual,51.0,0.5625,0.0252,0.4123,-136.0,136.0,7.8,,,,,,
NFL,total,windy,51,51,residual,51.5,0.5877,0.0,0.4123,-143.0,143.0,6.1,,,,,,
NFL,total,windy,51,51,residual,52.0,0.5877,0.0236,0.3887,-151.0,151.0,8.7,,,,,,
NFL,total,windy,51,51,residual,52.5,0.6113,0.0,0.3887,-157.0,157.0,6.1,,,,,,
NFL,total,windy,51,51,"raw, market on K",51.0,,0.0,,,,,4.0,0.0,,,,
NFL,total,windy,51,51,"raw, market a half-point from K",51.0,,0.0,,,,,3.0,0.0,,,,
NFL,total,windy,52,52,table,50.5,0.5327,0.0,0.4673,-114.0,114.0,,,,,,,
NFL,total,windy,52,52,table,51.0,0.5327,0.0416,0.4257,-125.0,125.0,11.1,,,,,,
NFL,total,windy,52,52,table,51.5,0.5743,0.0,0.4257,-135.0,135.0,9.8,,,,,,
NFL,total,windy,52,52,table,52.0,0.5743,0.0237,0.402,-143.0,143.0,7.9,,,,,,
NFL,total,windy,52,52,table,52.5,0.598,0.0,0.402,-149.0,149.0,5.9,,,,,,
NFL,total,windy,52,52,table,53.0,0.598,0.0176,0.3844,-156.0,156.0,6.8,,,,,,
NFL,total,windy,52,52,table,53.5,0.6156,0.0,0.3844,-160.0,160.0,4.6,,,,,,
NFL,total,windy,52,52,residual,50.5,0.5297,0.0,0.4703,-113.0,113.0,,,,,,,
NFL,total,windy,52,52,residual,51.0,0.5297,0.0328,0.4375,-121.0,121.0,8.4,,,,,,
NFL,total,windy,52,52,residual,51.5,0.5625,0.0,0.4375,-129.0,129.0,7.5,,,,,,
NFL,total,windy,52,52,residual,52.0,0.5625,0.0252,0.4123,-136.0,136.0,7.8,,,,,,
NFL,total,windy,52,52,residual,52.5,0.5877,0.0,0.4123,-143.0,143.0,6.1,,,,,,
NFL,total,windy,52,52,residual,53.0,0.5877,0.0236,0.3887,-151.0,151.0,8.7,,,,,,
NFL,total,windy,52,52,residual,53.5,0.6113,0.0,0.3887,-157.0,157.0,6.1,,,,,,
NFL,total,windy,52,52,"raw, market on K",52.0,,0.0,,,,,3.0,0.0,,,,
NFL,total,windy,52,52,"raw, market a half-point from K",52.0,,0.0,,,,,2.0,0.0,,,,
NFL,total,windy,53,53,table,51.5,0.5461,0.0,0.4539,-120.0,120.0,,,,,,,
NFL,total,windy,53,53,table,52.0,0.5461,0.0244,0.4295,-127.0,127.0,6.8,,,,,,
NFL,total,windy,53,53,table,52.5,0.5705,0.0,0.4295,-133.0,133.0,5.7,,,,,,
NFL,total,windy,53,53,table,53.0,0.5705,0.0181,0.4114,-139.0,139.0,5.8,,,,,,
NFL,total,windy,53,53,table,53.5,0.5886,0.0,0.4114,-143.0,143.0,4.4,,,,,,
NFL,total,windy,53,53,table,54.0,0.5886,0.0282,0.3832,-154.0,154.0,10.5,,,,,,
NFL,total,windy,53,53,table,54.5,0.6168,0.0,0.3832,-161.0,161.0,7.4,,,,,,
NFL,total,windy,53,53,residual,51.5,0.5297,0.0,0.4703,-113.0,113.0,,,,,,,
NFL,total,windy,53,53,residual,52.0,0.5297,0.0328,0.4375,-121.0,121.0,8.4,,,,,,
NFL,total,windy,53,53,residual,52.5,0.5625,0.0,0.4375,-129.0,129.0,7.5,,,,,,
NFL,total,windy,53,53,residual,53.0,0.5625,0.0252,0.4123,-136.0,136.0,7.8,,,,,,
NFL,total,windy,53,53,residual,53.5,0.5877,0.0,0.4123,-143.0,143.0,6.1,,,,,,
NFL,total,windy,53,53,residual,54.0,0.5877,0.0236,0.3887,-151.0,151.0,8.7,,,,,,
NFL,total,windy,53,53,residual,54.5,0.6113,0.0,0.3887,-157.0,157.0,6.1,,,,,,
NFL,total,windy,53,53,"raw, market on K",53.0,,0.0,,,,,1.0,0.0,,,,
NFL,total,windy,53,53,"raw, market a half-point from K",53.0,,0.0,,,,,1.0,0.0,,,,
NFL,total,windy,54,54,table,52.5,0.542,0.0,0.458,-118.0,118.0,,,,,,,
NFL,total,windy,54,54,table,53.0,0.542,0.0186,0.4394,-123.0,123.0,5.0,,,,,,
NFL,total,windy,54,54,table,53.5,0.5606,0.0,0.4394,-128.0,128.0,4.2,,,,,,
NFL,total,windy,54,54,table,54.0,0.5606,0.0289,0.4104,-137.0,137.0,9.0,,,,,,
NFL,total,windy,54,54,table,54.5,0.5896,0.0,0.4104,-144.0,144.0,7.1,,,,,,
NFL,total,windy,54,54,table,55.0,0.5896,0.0291,0.3813,-155.0,155.0,11.0,,,,,,
NFL,total,windy,54,54,table,55.5,0.6187,0.0,0.3813,-162.0,162.0,7.6,,,,,,
NFL,total,windy,54,54,residual,52.5,0.5297,0.0,0.4703,-113.0,113.0,,,,,,,
NFL,total,windy,54,54,residual,53.0,0.5297,0.0328,0.4375,-121.0,121.0,8.4,,,,,,
NFL,total,windy,54,54,residual,53.5,0.5625,0.0,0.4375,-129.0,129.0,7.5,,,,,,
NFL,total,windy,54,54,residual,54.0,0.5625,0.0252,0.4123,-136.0,136.0,7.8,,,,,,
NFL,total,windy,54,54,residual,54.5,0.5877,0.0,0.4123,-143.0,143.0,6.1,,,,,,
NFL,total,windy,54,54,residual,55.0,0.5877,0.0236,0.3887,-151.0,151.0,8.7,,,,,,
NFL,total,windy,54,54,residual,55.5,0.6113,0.0,0.3887,-157.0,157.0,6.1,,,,,,
NFL,total,windy,54,54,"raw, market on K",54.0,,0.0,,,,,1.0,0.0,,,,
NFL,total,windy,54,54,"raw, market a half-point from K",54.0,,0.0,,,,,1.0,0.0,,,,
NFL,total,windy,55,55,table,53.5,0.5316,0.0,0.4684,-113.0,113.0,,,,,,,
NFL,total,windy,55,55,table,54.0,0.5316,0.0298,0.4386,-121.0,121.0,7.7,,,,,,
NFL,total,windy,55,55,table,54.5,0.5614,0.0,0.4386,-128.0,128.0,6.8,,,,,,
NFL,total,windy,55,55,table,55.0,0.5614,0.0298,0.4087,-137.0,137.0,9.3,,,,,,
NFL,total,windy,55,55,table,55.5,0.5913,0.0,0.4087,-145.0,145.0,7.3,,,,,,
NFL,total,windy,55,55,table,56.0,0.5913,0.0175,0.3912,-151.0,151.0,6.5,,,,,,
NFL,total,windy,55,55,table,56.5,0.6088,0.0,0.3912,-156.0,156.0,4.5,,,,,,
NFL,total,windy,55,55,residual,53.5,0.5297,0.0,0.4703,-113.0,113.0,,,,,,,
NFL,total,windy,55,55,residual,54.0,0.5297,0.0328,0.4375,-121.0,121.0,8.4,,,,,,
NFL,total,windy,55,55,residual,54.5,0.5625,0.0,0.4375,-129.0,129.0,7.5,,,,,,
NFL,total,windy,55,55,residual,55.0,0.5625,0.0252,0.4123,-136.0,136.0,7.8,,,,,,
NFL,total,windy,55,55,residual,55.5,0.5877,0.0,0.4123,-143.0,143.0,6.1,,,,,,
NFL,total,windy,55,55,residual,56.0,0.5877,0.0236,0.3887,-151.0,151.0,8.7,,,,,,
NFL,total,windy,55,55,residual,56.5,0.6113,0.0,0.3887,-157.0,157.0,6.1,,,,,,
NFL,total,windy,55,55,"raw, market on K",55.0,,0.0,,,,,1.0,0.0,,,,
NFL,total,windy,55,55,"raw, market a half-point from K",55.0,,0.0,,,,,1.0,0.0,,,,
NFL,total,windy,56,56,table,54.5,0.5324,0.0,0.4676,-114.0,114.0,,,,,,,
NFL,total,windy,56,56,table,55.0,0.5324,0.0308,0.4369,-122.0,122.0,8.0,,,,,,
NFL,total,windy,56,56,table,55.5,0.5631,0.0,0.4369,-129.0,129.0,7.0,,,,,,
NFL,total,windy,56,56,table,56.0,0.5631,0.0179,0.4189,-134.0,134.0,5.5,,,,,,
NFL,total,windy,56,56,table,56.5,0.5811,0.0,0.4189,-139.0,139.0,4.3,,,,,,
NFL,total,windy,56,56,table,57.0,0.5811,0.0338,0.3852,-151.0,151.0,12.2,,,,,,
NFL,total,windy,56,56,table,57.5,0.6148,0.0,0.3852,-160.0,160.0,8.8,,,,,,
NFL,total,windy,56,56,residual,54.5,0.5297,0.0,0.4703,-113.0,113.0,,,,,,,
NFL,total,windy,56,56,residual,55.0,0.5297,0.0328,0.4375,-121.0,121.0,8.4,,,,,,
NFL,total,windy,56,56,residual,55.5,0.5625,0.0,0.4375,-129.0,129.0,7.5,,,,,,
NFL,total,windy,56,56,residual,56.0,0.5625,0.0252,0.4123,-136.0,136.0,7.8,,,,,,
NFL,total,windy,56,56,residual,56.5,0.5877,0.0,0.4123,-143.0,143.0,6.1,,,,,,
NFL,total,windy,56,56,residual,57.0,0.5877,0.0236,0.3887,-151.0,151.0,8.7,,,,,,
NFL,total,windy,56,56,residual,57.5,0.6113,0.0,0.3887,-157.0,157.0,6.1,,,,,,
NFL,total,windy,56,56,"raw, market on K",56.0,,0.0,,,,,1.0,0.0,,,,
NFL,total,windy,56,56,"raw, market a half-point from K",56.0,,,,,,,0.0,0.0,,,,
NFL,total,windy,57,57,table,55.5,0.5343,0.0,0.4657,-115.0,115.0,,,,,,,
NFL,total,windy,57,57,table,56.0,0.5343,0.0185,0.4472,-119.0,119.0,4.7,,,,,,
NFL,total,windy,57,57,table,56.5,0.5528,0.0,0.4472,-124.0,124.0,4.1,,,,,,
NFL,total,windy,57,57,table,57.0,0.5528,0.0346,0.4126,-134.0,134.0,10.4,,,,,,
NFL,total,windy,57,57,table,57.5,0.5874,0.0,0.4126,-142.0,142.0,8.4,,,,,,
NFL,total,windy,57,57,table,58.0,0.5874,0.0311,0.3815,-154.0,154.0,11.6,,,,,,
NFL,total,windy,57,57,table,58.5,0.6185,0.0,0.3815,-162.0,162.0,8.2,,,,,,
NFL,total,windy,57,57,residual,55.5,0.5297,0.0,0.4703,-113.0,113.0,,,,,,,
NFL,total,windy,57,57,residual,56.0,0.5297,0.0328,0.4375,-121.0,121.0,8.4,,,,,,
NFL,total,windy,57,57,residual,56.5,0.5625,0.0,0.4375,-129.0,129.0,7.5,,,,,,
NFL,total,windy,57,57,residual,57.0,0.5625,0.0252,0.4123,-136.0,136.0,7.8,,,,,,
NFL,total,windy,57,57,residual,57.5,0.5877,0.0,0.4123,-143.0,143.0,6.1,,,,,,
NFL,total,windy,57,57,residual,58.0,0.5877,0.0236,0.3887,-151.0,151.0,8.7,,,,,,
NFL,total,windy,57,57,residual,58.5,0.6113,0.0,0.3887,-157.0,157.0,6.1,,,,,,
NFL,total,windy,57,57,"raw, market on K",57.0,,,,,,,0.0,0.0,,,,
NFL,total,windy,57,57,"raw, market a half-point from K",57.0,,,,,,,0.0,0.0,,,,
NFL,total,windy,58,58,table,56.5,0.5237,0.0,0.4763,-110.0,110.0,,,,,,,
NFL,total,windy,58,58,table,57.0,0.5237,0.0357,0.4406,-119.0,119.0,8.9,,,,,,
NFL,total,windy,58,58,table,57.5,0.5594,0.0,0.4406,-127.0,127.0,8.1,,,,,,
NFL,total,windy,58,58,table,58.0,0.5594,0.0319,0.4087,-137.0,137.0,9.9,,,,,,
NFL,total,windy,58,58,table,58.5,0.5913,0.0,0.4087,-145.0,145.0,7.8,,,,,,
NFL,total,windy,58,58,table,59.0,0.5913,0.0241,0.3847,-154.0,154.0,9.0,,,,,,
NFL,total,windy,58,58,table,59.5,0.6153,0.0,0.3847,-160.0,160.0,6.3,,,,,,
NFL,total,windy,58,58,residual,56.5,0.5297,0.0,0.4703,-113.0,113.0,,,,,,,
NFL,total,windy,58,58,residual,57.0,0.5297,0.0328,0.4375,-121.0,121.0,8.4,,,,,,
NFL,total,windy,58,58,residual,57.5,0.5625,0.0,0.4375,-129.0,129.0,7.5,,,,,,
NFL,total,windy,58,58,residual,58.0,0.5625,0.0252,0.4123,-136.0,136.0,7.8,,,,,,
NFL,total,windy,58,58,residual,58.5,0.5877,0.0,0.4123,-143.0,143.0,6.1,,,,,,
NFL,total,windy,58,58,residual,59.0,0.5877,0.0236,0.3887,-151.0,151.0,8.7,,,,,,
NFL,total,windy,58,58,residual,59.5,0.6113,0.0,0.3887,-157.0,157.0,6.1,,,,,,
NFL,total,windy,58,58,"raw, market on K",58.0,,,,,,,0.0,0.0,,,,
NFL,total,windy,58,58,"raw, market a half-point from K",58.0,,,,,,,0.0,0.0,,,,
NFL,total,windy,59,59,table,57.5,0.5306,0.0,0.4694,-113.0,113.0,,,,,,,
NFL,total,windy,59,59,table,58.0,0.5306,0.0329,0.4365,-122.0,122.0,8.5,,,,,,
NFL,total,windy,59,59,table,58.5,0.5635,0.0,0.4365,-129.0,129.0,7.5,,,,,,
NFL,total,windy,59,59,table,59.0,0.5635,0.0247,0.4118,-137.0,137.0,7.7,,,,,,
NFL,total,windy,59,59,table,59.5,0.5882,0.0,0.4118,-143.0,143.0,6.0,,,,,,
NFL,total,windy,59,59,table,60.0,0.5882,0.0228,0.3891,-151.0,151.0,8.4,,,,,,
NFL,total,windy,59,59,table,60.5,0.6109,0.0,0.3891,-157.0,157.0,5.9,,,,,,
NFL,total,windy,59,59,residual,57.5,0.5297,0.0,0.4703,-113.0,113.0,,,,,,,
NFL,total,windy,59,59,residual,58.0,0.5297,0.0328,0.4375,-121.0,121.0,8.4,,,,,,
NFL,total,windy,59,59,residual,58.5,0.5625,0.0,0.4375,-129.0,129.0,7.5,,,,,,
NFL,total,windy,59,59,residual,59.0,0.5625,0.0252,0.4123,-136.0,136.0,7.8,,,,,,
NFL,total,windy,59,59,residual,59.5,0.5877,0.0,0.4123,-143.0,143.0,6.1,,,,,,
NFL,total,windy,59,59,residual,60.0,0.5877,0.0236,0.3887,-151.0,151.0,8.7,,,,,,
NFL,total,windy,59,59,residual,60.5,0.6113,0.0,0.3887,-157.0,157.0,6.1,,,,,,
NFL,total,windy,59,59,"raw, market on K",59.0,,,,,,,0.0,0.0,,,,
NFL,total,windy,59,59,"raw, market a half-point from K",59.0,,,,,,,0.0,0.0,,,,
NFL,total,windy,60,60,table,58.5,0.5348,0.0,0.4652,-115.0,115.0,,,,,,,
NFL,total,windy,60,60,table,59.0,0.5348,0.0254,0.4398,-122.0,122.0,6.6,,,,,,
NFL,total,windy,60,60,table,59.5,0.5602,0.0,0.4398,-127.0,127.0,5.8,,,,,,
NFL,total,windy,60,60,table,60.0,0.5602,0.0234,0.4164,-135.0,135.0,7.1,,,,,,
NFL,total,windy,60,60,table,60.5,0.5836,0.0,0.4164,-140.0,140.0,5.6,,,,,,
NFL,total,windy,60,60,table,61.0,0.5836,0.0237,0.3928,-149.0,149.0,8.4,,,,,,
NFL,total,windy,60,60,table,61.5,0.6072,0.0,0.3928,-155.0,155.0,6.0,,,,,,
NFL,total,windy,60,60,residual,58.5,0.5297,0.0,0.4703,-113.0,113.0,,,,,,,
NFL,total,windy,60,60,residual,59.0,0.5297,0.0328,0.4375,-121.0,121.0,8.4,,,,,,
NFL,total,windy,60,60,residual,59.5,0.5625,0.0,0.4375,-129.0,129.0,7.5,,,,,,
NFL,total,windy,60,60,residual,60.0,0.5625,0.0252,0.4123,-136.0,136.0,7.8,,,,,,
NFL,total,windy,60,60,residual,60.5,0.5877,0.0,0.4123,-143.0,143.0,6.1,,,,,,
NFL,total,windy,60,60,residual,61.0,0.5877,0.0236,0.3887,-151.0,151.0,8.7,,,,,,
NFL,total,windy,60,60,residual,61.5,0.6113,0.0,0.3887,-157.0,157.0,6.1,,,,,,
NFL,total,windy,60,60,"raw, market on K",60.0,,,,,,,0.0,0.0,,,,
NFL,total,windy,60,60,"raw, market a half-point from K",60.0,,,,,,,0.0,0.0,,,,
CFB,total,all,35,35,table,33.5,0.437,0.0,0.563,129.0,-129.0,,,,,,,
CFB,total,all,35,35,table,34.0,0.437,0.0328,0.5302,121.0,-121.0,7.5,,,,,,
CFB,total,all,35,35,table,34.5,0.4698,0.0,0.5302,113.0,-113.0,8.5,,,,,,
CFB,total,all,35,35,table,35.0,0.4698,0.0236,0.5067,108.0,-108.0,5.0,,,,,,
CFB,total,all,35,35,table,35.5,0.4933,0.0,0.5067,103.0,-103.0,5.1,,,,,,
CFB,total,all,35,35,table,36.0,0.4933,0.0154,0.4913,-100.0,100.0,3.1,,,,,,
CFB,total,all,35,35,table,36.5,0.5087,0.0,0.4913,-104.0,104.0,3.1,,,,,,
CFB,total,all,35,35,residual,33.5,0.472,0.0,0.528,112.0,-112.0,,,,,,,
CFB,total,all,35,35,residual,34.0,0.472,0.0236,0.5045,107.0,-107.0,5.0,,,,,,
CFB,total,all,35,35,residual,34.5,0.4955,0.0,0.5045,102.0,-102.0,5.1,,,,,,
CFB,total,all,35,35,residual,35.0,0.4955,0.0246,0.4799,-103.0,103.0,5.1,,,,,,
CFB,total,all,35,35,residual,35.5,0.5201,0.0,0.4799,-108.0,108.0,5.1,,,,,,
CFB,total,all,35,35,residual,36.0,0.5201,0.0236,0.4563,-114.0,114.0,5.6,,,,,,
CFB,total,all,35,35,residual,36.5,0.5437,0.0,0.4563,-119.0,119.0,5.2,,,,,,
CFB,total,all,35,35,"raw, market on K",35.0,,0.0,,,,,5.0,0.0,,,,
CFB,total,all,35,35,"raw, market a half-point from K",35.0,,0.0,,,,,19.0,0.0,,,,
CFB,total,all,36,36,table,34.5,0.4474,0.0,0.5526,124.0,-124.0,,,,,,,
CFB,total,all,36,36,table,35.0,0.4474,0.0236,0.529,118.0,-118.0,5.3,,,,,,
CFB,total,all,36,36,table,35.5,0.471,0.0,0.529,112.0,-112.0,5.9,,,,,,
CFB,total,all,36,36,table,36.0,0.471,0.0154,0.5136,109.0,-109.0,3.3,,,,,,
CFB,total,all,36,36,table,36.5,0.4864,0.0,0.5136,106.0,-106.0,3.5,,,,,,
CFB,total,all,36,36,table,37.0,0.4864,0.0362,0.4774,-102.0,102.0,7.5,,,,,,
CFB,total,all,36,36,table,37.5,0.5226,0.0,0.4774,-109.0,109.0,7.6,,,,,,
CFB,total,all,36,36,residual,34.5,0.472,0.0,0.528,112.0,-112.0,,,,,,,
CFB,total,all,36,36,residual,35.0,0.472,0.0236,0.5045,107.0,-107.0,5.0,,,,,,
CFB,total,all,36,36,residual,35.5,0.4955,0.0,0.5045,102.0,-102.0,5.1,,,,,,
CFB,total,all,36,36,residual,36.0,0.4955,0.0246,0.4799,-103.0,103.0,5.1,,,,,,
CFB,total,all,36,36,residual,36.5,0.5201,0.0,0.4799,-108.0,108.0,5.1,,,,,,
CFB,total,all,36,36,residual,37.0,0.5201,0.0236,0.4563,-114.0,114.0,5.6,,,,,,
CFB,total,all,36,36,residual,37.5,0.5437,0.0,0.4563,-119.0,119.0,5.2,,,,,,
CFB,total,all,36,36,"raw, market on K",36.0,,0.0769,,,,,13.0,1.0,,,,
CFB,total,all,36,36,"raw, market a half-point from K",36.0,,0.0357,,,,,28.0,1.0,,,,
CFB,total,all,37,37,table,35.5,0.4485,0.0,0.5515,123.0,-123.0,,,,,,,
CFB,total,all,37,37,table,36.0,0.4485,0.0155,0.536,120.0,-120.0,3.5,,,,,,
CFB,total,all,37,37,table,36.5,0.464,0.0,0.536,116.0,-116.0,4.0,,,,,,
CFB,total,all,37,37,table,37.0,0.464,0.0363,0.4998,108.0,-108.0,7.8,,,,,,
CFB,total,all,37,37,table,37.5,0.5002,0.0,0.4998,-100.0,100.0,7.8,,,,,,
CFB,total,all,37,37,table,38.0,0.5002,0.0325,0.4672,-107.0,107.0,7.0,,,,,,
CFB,total,all,37,37,table,38.5,0.5328,0.0,0.4672,-114.0,114.0,7.0,,,,,,
CFB,total,all,37,37,residual,35.5,0.472,0.0,0.528,112.0,-112.0,,,,,,,
CFB,total,all,37,37,residual,36.0,0.472,0.0236,0.5045,107.0,-107.0,5.0,,,,,,
CFB,total,all,37,37,residual,36.5,0.4955,0.0,0.5045,102.0,-102.0,5.1,,,,,,
CFB,total,all,37,37,residual,37.0,0.4955,0.0246,0.4799,-103.0,103.0,5.1,,,,,,
CFB,total,all,37,37,residual,37.5,0.5201,0.0,0.4799,-108.0,108.0,5.1,,,,,,
CFB,total,all,37,37,residual,38.0,0.5201,0.0236,0.4563,-114.0,114.0,5.6,,,,,,
CFB,total,all,37,37,residual,38.5,0.5437,0.0,0.4563,-119.0,119.0,5.2,,,,,,
CFB,total,all,37,37,"raw, market on K",37.0,,0.0,,,,,16.0,0.0,,,,
CFB,total,all,37,37,"raw, market a half-point from K",37.0,,0.0189,,,,,53.0,1.0,,,,
CFB,total,all,38,38,table,36.5,0.4413,0.0,0.5587,127.0,-127.0,,,,,,,
CFB,total,all,38,38,table,37.0,0.4413,0.0364,0.5223,118.0,-118.0,8.3,,,,,,
CFB,total,all,38,38,table,37.5,0.4777,0.0,0.5223,109.0,-109.0,9.0,,,,,,
CFB,total,all,38,38,table,38.0,0.4777,0.0326,0.4897,103.0,-103.0,6.8,,,,,,
CFB,total,all,38,38,table,38.5,0.5103,0.0,0.4897,-104.0,104.0,6.7,,,,,,
CFB,total,all,38,38,table,39.0,0.5103,0.0116,0.4782,-107.0,107.0,2.5,,,,,,
CFB,total,all,38,38,table,39.5,0.5218,0.0,0.4782,-109.0,109.0,2.4,,,,,,
CFB,total,all,38,38,residual,36.5,0.472,0.0,0.528,112.0,-112.0,,,,,,,
CFB,total,all,38,38,residual,37.0,0.472,0.0236,0.5045,107.0,-107.0,5.0,,,,,,
CFB,total,all,38,38,residual,37.5,0.4955,0.0,0.5045,102.0,-102.0,5.1,,,,,,
CFB,total,all,38,38,residual,38.0,0.4955,0.0246,0.4799,-103.0,103.0,5.1,,,,,,
CFB,total,all,38,38,residual,38.5,0.5201,0.0,0.4799,-108.0,108.0,5.1,,,,,,
CFB,total,all,38,38,residual,39.0,0.5201,0.0236,0.4563,-114.0,114.0,5.6,,,,,,
CFB,total,all,38,38,residual,39.5,0.5437,0.0,0.4563,-119.0,119.0,5.2,,,,,,
CFB,total,all,38,38,"raw, market on K",38.0,,0.0323,,,,,31.0,1.0,,,,
CFB,total,all,38,38,"raw, market a half-point from K",38.0,,0.0395,,,,,76.0,3.0,,,,
CFB,total,all,39,39,table,37.5,0.4549,0.0,0.5451,120.0,-120.0,,,,,,,
CFB,total,all,39,39,table,38.0,0.4549,0.0327,0.5124,113.0,-113.0,7.2,,,,,,
CFB,total,all,39,39,table,38.5,0.4876,0.0,0.5124,105.0,-105.0,7.6,,,,,,
CFB,total,all,39,39,table,39.0,0.4876,0.0116,0.5008,103.0,-103.0,2.4,,,,,,
CFB,total,all,39,39,table,39.5,0.4992,0.0,0.5008,100.0,-100.0,2.4,,,,,,
CFB,total,all,39,39,table,40.0,0.4992,0.0217,0.4791,-104.0,104.0,4.5,,,,,,
CFB,total,all,39,39,table,40.5,0.5209,0.0,0.4791,-109.0,109.0,4.5,,,,,,
CFB,total,all,39,39,residual,37.5,0.472,0.0,0.528,112.0,-112.0,,,,,,,
CFB,total,all,39,39,residual,38.0,0.472,0.0236,0.5045,107.0,-107.0,5.0,,,,,,
CFB,total,all,39,39,residual,38.5,0.4955,0.0,0.5045,102.0,-102.0,5.1,,,,,,
CFB,total,all,39,39,residual,39.0,0.4955,0.0246,0.4799,-103.0,103.0,5.1,,,,,,
CFB,total,all,39,39,residual,39.5,0.5201,0.0,0.4799,-108.0,108.0,5.1,,,,,,
CFB,total,all,39,39,residual,40.0,0.5201,0.0236,0.4563,-114.0,114.0,5.6,,,,,,
CFB,total,all,39,39,residual,40.5,0.5437,0.0,0.4563,-119.0,119.0,5.2,,,,,,
CFB,total,all,39,39,"raw, market on K",39.0,,0.0263,,,,,38.0,1.0,,,,
CFB,total,all,39,39,"raw, market a half-point from K",39.0,,0.023,,,,,87.0,2.0,,,,
CFB,total,all,40,40,table,38.5,0.4648,0.0,0.5352,115.0,-115.0,,,,,,,
CFB,total,all,40,40,table,39.0,0.4648,0.0116,0.5236,113.0,-113.0,2.5,,,,,,
CFB,total,all,40,40,table,39.5,0.4764,0.0,0.5236,110.0,-110.0,2.8,,,,,,
CFB,total,all,40,40,table,40.0,0.4764,0.0218,0.5018,105.0,-105.0,4.6,,,,,,
CFB,total,all,40,40,table,40.5,0.4982,0.0,0.5018,101.0,-101.0,4.6,,,,,,
CFB,total,all,40,40,table,41.0,0.4982,0.0402,0.4616,-108.0,108.0,8.7,,,,,,
CFB,total,all,40,40,table,41.5,0.5384,0.0,0.4616,-117.0,117.0,8.7,,,,,,
CFB,total,all,40,40,residual,38.5,0.472,0.0,0.528,112.0,-112.0,,,,,,,
CFB,total,all,40,40,residual,39.0,0.472,0.0236,0.5045,107.0,-107.0,5.0,,,,,,
CFB,total,all,40,40,residual,39.5,0.4955,0.0,0.5045,102.0,-102.0,5.1,,,,,,
CFB,total,all,40,40,residual,40.0,0.4955,0.0246,0.4799,-103.0,103.0,5.1,,,,,,
CFB,total,all,40,40,residual,40.5,0.5201,0.0,0.4799,-108.0,108.0,5.1,,,,,,
CFB,total,all,40,40,residual,41.0,0.5201,0.0236,0.4563,-114.0,114.0,5.6,,,,,,
CFB,total,all,40,40,residual,41.5,0.5437,0.0,0.4563,-119.0,119.0,5.2,,,,,,
CFB,total,all,40,40,"raw, market on K",40.0,,0.0652,,,,,46.0,3.0,,,,
CFB,total,all,40,40,"raw, market a half-point from K",40.0,,0.032,,,,,125.0,4.0,,,,
CFB,total,all,41,41,table,39.5,0.4534,0.0,0.5466,121.0,-121.0,,,,,,,
CFB,total,all,41,41,table,40.0,0.4534,0.0219,0.5247,116.0,-116.0,4.8,,,,,,
CFB,total,all,41,41,table,40.5,0.4753,0.0,0.5247,110.0,-110.0,5.3,,,,,,
CFB,total,all,41,41,table,41.0,0.4753,0.0404,0.4844,102.0,-102.0,8.5,,,,,,
CFB,total,all,41,41,table,41.5,0.5156,0.0,0.4844,-106.0,106.0,8.4,,,,,,
CFB,total,all,41,41,table,42.0,0.5156,0.0179,0.4664,-111.0,111.0,4.1,,,,,,
CFB,total,all,41,41,table,42.5,0.5336,0.0,0.4664,-114.0,114.0,3.8,,,,,,
CFB,total,all,41,41,residual,39.5,0.472,0.0,0.528,112.0,-112.0,,,,,,,
CFB,total,all,41,41,residual,40.0,0.472,0.0236,0.5045,107.0,-107.0,5.0,,,,,,
CFB,total,all,41,41,residual,40.5,0.4955,0.0,0.5045,102.0,-102.0,5.1,,,,,,
CFB,total,all,41,41,residual,41.0,0.4955,0.0246,0.4799,-103.0,103.0,5.1,,,,,,
CFB,total,all,41,41,residual,41.5,0.5201,0.0,0.4799,-108.0,108.0,5.1,,,,,,
CFB,total,all,41,41,residual,42.0,0.5201,0.0236,0.4563,-114.0,114.0,5.6,,,,,,
CFB,total,all,41,41,residual,42.5,0.5437,0.0,0.4563,-119.0,119.0,5.2,,,,,,
CFB,total,all,41,41,"raw, market on K",41.0,,0.0652,,,,,92.0,6.0,,,,
CFB,total,all,41,41,"raw, market a half-point from K",41.0,,0.0541,,,,,185.0,10.0,,,,
CFB,total,all,42,42,table,40.5,0.4521,0.0,0.5479,121.0,-121.0,,,,,,,
CFB,total,all,42,42,table,41.0,0.4521,0.0406,0.5072,112.0,-112.0,9.0,,,,,,
CFB,total,all,42,42,table,41.5,0.4928,0.0,0.5072,103.0,-103.0,9.3,,,,,,
CFB,total,all,42,42,table,42.0,0.4928,0.018,0.4893,-101.0,101.0,3.7,,,,,,
CFB,total,all,42,42,table,42.5,0.5107,0.0,0.4893,-104.0,104.0,3.7,,,,,,
CFB,total,all,42,42,table,43.0,0.5107,0.0196,0.4696,-109.0,109.0,4.4,,,,,,
CFB,total,all,42,42,table,43.5,0.5304,0.0,0.4696,-113.0,113.0,4.2,,,,,,
CFB,total,all,42,42,residual,40.5,0.472,0.0,0.528,112.0,-112.0,,,,,,,
CFB,total,all,42,42,residual,41.0,0.472,0.0236,0.5045,107.0,-107.0,5.0,,,,,,
CFB,total,all,42,42,residual,41.5,0.4955,0.0,0.5045,102.0,-102.0,5.1,,,,,,
CFB,total,all,42,42,residual,42.0,0.4955,0.0246,0.4799,-103.0,103.0,5.1,,,,,,
CFB,total,all,42,42,residual,42.5,0.5201,0.0,0.4799,-108.0,108.0,5.1,,,,,,
CFB,total,all,42,42,residual,43.0,0.5201,0.0236,0.4563,-114.0,114.0,5.6,,,,,,
CFB,total,all,42,42,residual,43.5,0.5437,0.0,0.4563,-119.0,119.0,5.2,,,,,,
CFB,total,all,42,42,"raw, market on K",42.0,,0.0099,,,,,101.0,1.0,,,,
CFB,total,all,42,42,"raw, market a half-point from K",42.0,,0.0282,,,,,248.0,7.0,,,,
CFB,total,all,43,43,table,41.5,0.4697,0.0,0.5303,113.0,-113.0,,,,,,,
CFB,total,all,43,43,table,42.0,0.4697,0.0181,0.5122,109.0,-109.0,3.9,,,,,,
CFB,total,all,43,43,table,42.5,0.4878,0.0,0.5122,105.0,-105.0,4.0,,,,,,
CFB,total,all,43,43,table,43.0,0.4878,0.0197,0.4925,101.0,-101.0,4.0,,,,,,
CFB,total,all,43,43,table,43.5,0.5075,0.0,0.4925,-103.0,103.0,4.0,,,,,,
CFB,total,all,43,43,table,44.0,0.5075,0.0327,0.4598,-110.0,110.0,7.3,,,,,,
CFB,total,all,43,43,table,44.5,0.5402,0.0,0.4598,-118.0,118.0,7.1,,,,,,
CFB,total,all,43,43,residual,41.5,0.472,0.0,0.528,112.0,-112.0,,,,,,,
CFB,total,all,43,43,residual,42.0,0.472,0.0236,0.5045,107.0,-107.0,5.0,,,,,,
CFB,total,all,43,43,residual,42.5,0.4955,0.0,0.5045,102.0,-102.0,5.1,,,,,,
CFB,total,all,43,43,residual,43.0,0.4955,0.0246,0.4799,-103.0,103.0,5.1,,,,,,
CFB,total,all,43,43,residual,43.5,0.5201,0.0,0.4799,-108.0,108.0,5.1,,,,,,
CFB,total,all,43,43,residual,44.0,0.5201,0.0236,0.4563,-114.0,114.0,5.6,,,,,,
CFB,total,all,43,43,residual,44.5,0.5437,0.0,0.4563,-119.0,119.0,5.2,,,,,,
CFB,total,all,43,43,"raw, market on K",43.0,,0.0254,,,,,118.0,3.0,,,,
CFB,total,all,43,43,"raw, market a half-point from K",43.0,,0.0196,,,,,306.0,6.0,,,,
CFB,total,all,44,44,table,42.5,0.4646,0.0,0.5354,115.0,-115.0,,,,,,,
CFB,total,all,44,44,table,43.0,0.4646,0.0199,0.5155,111.0,-111.0,4.3,,,,,,
CFB,total,all,44,44,table,43.5,0.4845,0.0,0.5155,106.0,-106.0,4.5,,,,,,
CFB,total,all,44,44,table,44.0,0.4845,0.0329,0.4826,-100.0,100.0,6.8,,,,,,
CFB,total,all,44,44,table,44.5,0.5174,0.0,0.4826,-107.0,107.0,6.8,,,,,,
CFB,total,all,44,44,table,45.0,0.5174,0.0345,0.4481,-115.0,115.0,8.3,,,,,,
CFB,total,all,44,44,table,45.5,0.5519,0.0,0.4481,-123.0,123.0,7.7,,,,,,
CFB,total,all,44,44,residual,42.5,0.472,0.0,0.528,112.0,-112.0,,,,,,,
CFB,total,all,44,44,residual,43.0,0.472,0.0236,0.5045,107.0,-107.0,5.0,,,,,,
CFB,total,all,44,44,residual,43.5,0.4955,0.0,0.5045,102.0,-102.0,5.1,,,,,,
CFB,total,all,44,44,residual,44.0,0.4955,0.0246,0.4799,-103.0,103.0,5.1,,,,,,
CFB,total,all,44,44,residual,44.5,0.5201,0.0,0.4799,-108.0,108.0,5.1,,,,,,
CFB,total,all,44,44,residual,45.0,0.5201,0.0236,0.4563,-114.0,114.0,5.6,,,,,,
CFB,total,all,44,44,residual,45.5,0.5437,0.0,0.4563,-119.0,119.0,5.2,,,,,,
CFB,total,all,44,44,"raw, market on K",44.0,,0.0174,,,,,172.0,3.0,,,,
CFB,total,all,44,44,"raw, market a half-point from K",44.0,,0.0407,,,,,442.0,18.0,,,,
CFB,total,all,45,45,table,43.5,0.4612,0.0,0.5388,117.0,-117.0,,,,,,,
CFB,total,all,45,45,table,44.0,0.4612,0.0331,0.5057,110.0,-110.0,7.2,,,,,,
CFB,total,all,45,45,table,44.5,0.4943,0.0,0.5057,102.0,-102.0,7.3,,,,,,
CFB,total,all,45,45,table,45.0,0.4943,0.0347,0.4711,-105.0,105.0,7.2,,,,,,
CFB,total,all,45,45,table,45.5,0.5289,0.0,0.4711,-112.0,112.0,7.4,,,,,,
CFB,total,all,45,45,table,46.0,0.5289,0.0117,0.4593,-115.0,115.0,2.9,,,,,,
CFB,total,all,45,45,table,46.5,0.5407,0.0,0.4593,-118.0,118.0,2.6,,,,,,
CFB,total,all,45,45,residual,43.5,0.472,0.0,0.528,112.0,-112.0,,,,,,,
CFB,total,all,45,45,residual,44.0,0.472,0.0236,0.5045,107.0,-107.0,5.0,,,,,,
CFB,total,all,45,45,residual,44.5,0.4955,0.0,0.5045,102.0,-102.0,5.1,,,,,,
CFB,total,all,45,45,residual,45.0,0.4955,0.0246,0.4799,-103.0,103.0,5.1,,,,,,
CFB,total,all,45,45,residual,45.5,0.5201,0.0,0.4799,-108.0,108.0,5.1,,,,,,
CFB,total,all,45,45,residual,46.0,0.5201,0.0236,0.4563,-114.0,114.0,5.6,,,,,,
CFB,total,all,45,45,residual,46.5,0.5437,0.0,0.4563,-119.0,119.0,5.2,,,,,,
CFB,total,all,45,45,"raw, market on K",45.0,,0.0439,,,,,205.0,9.0,,,,
CFB,total,all,45,45,"raw, market a half-point from K",45.0,,0.0365,,,,,575.0,21.0,,,,
CFB,total,all,46,46,table,44.5,0.4709,0.0,0.5291,112.0,-112.0,,,,,,,
CFB,total,all,46,46,table,45.0,0.4709,0.0349,0.4942,105.0,-105.0,7.4,,,,,,
CFB,total,all,46,46,table,45.5,0.5058,0.0,0.4942,-102.0,102.0,7.3,,,,,,
CFB,total,all,46,46,table,46.0,0.5058,0.0118,0.4824,-105.0,105.0,2.5,,,,,,
CFB,total,all,46,46,table,46.5,0.5176,0.0,0.4824,-107.0,107.0,2.4,,,,,,
CFB,total,all,46,46,table,47.0,0.5176,0.0241,0.4582,-113.0,113.0,5.7,,,,,,
CFB,total,all,46,46,table,47.5,0.5418,0.0,0.4582,-118.0,118.0,5.3,,,,,,
CFB,total,all,46,46,residual,44.5,0.472,0.0,0.528,112.0,-112.0,,,,,,,
CFB,total,all,46,46,residual,45.0,0.472,0.0236,0.5045,107.0,-107.0,5.0,,,,,,
CFB,total,all,46,46,residual,45.5,0.4955,0.0,0.5045,102.0,-102.0,5.1,,,,,,
CFB,total,all,46,46,residual,46.0,0.4955,0.0246,0.4799,-103.0,103.0,5.1,,,,,,
CFB,total,all,46,46,residual,46.5,0.5201,0.0,0.4799,-108.0,108.0,5.1,,,,,,
CFB,total,all,46,46,residual,47.0,0.5201,0.0236,0.4563,-114.0,114.0,5.6,,,,,,
CFB,total,all,46,46,residual,47.5,0.5437,0.0,0.4563,-119.0,119.0,5.2,,,,,,
CFB,total,all,46,46,"raw, market on K",46.0,,0.0162,,,,,185.0,3.0,,,,
CFB,total,all,46,46,"raw, market a half-point from K",46.0,,0.0066,,,,,602.0,4.0,,,,
CFB,total,all,47,47,table,45.5,0.4824,0.0,0.5176,107.0,-107.0,,,,,,,
CFB,total,all,47,47,table,46.0,0.4824,0.0119,0.5057,105.0,-105.0,2.5,,,,,,
CFB,total,all,47,47,table,46.5,0.4943,0.0,0.5057,102.0,-102.0,2.5,,,,,,
CFB,total,all,47,47,table,47.0,0.4943,0.0243,0.4814,-103.0,103.0,5.0,,,,,,
CFB,total,all,47,47,table,47.5,0.5186,0.0,0.4814,-108.0,108.0,5.0,,,,,,
CFB,total,all,47,47,table,48.0,0.5186,0.0316,0.4498,-115.0,115.0,7.6,,,,,,
CFB,total,all,47,47,table,48.5,0.5502,0.0,0.4498,-122.0,122.0,7.0,,,,,,
CFB,total,all,47,47,residual,45.5,0.472,0.0,0.528,112.0,-112.0,,,,,,,
CFB,total,all,47,47,residual,46.0,0.472,0.0236,0.5045,107.0,-107.0,5.0,,,,,,
CFB,total,all,47,47,residual,46.5,0.4955,0.0,0.5045,102.0,-102.0,5.1,,,,,,
CFB,total,all,47,47,residual,47.0,0.4955,0.0246,0.4799,-103.0,103.0,5.1,,,,,,
CFB,total,all,47,47,residual,47.5,0.5201,0.0,0.4799,-108.0,108.0,5.1,,,,,,
CFB,total,all,47,47,residual,48.0,0.5201,0.0236,0.4563,-114.0,114.0,5.6,,,,,,
CFB,total,all,47,47,residual,48.5,0.5437,0.0,0.4563,-119.0,119.0,5.2,,,,,,
CFB,total,all,47,47,"raw, market on K",47.0,,0.0217,,,,,276.0,6.0,,,,
CFB,total,all,47,47,"raw, market a half-point from K",47.0,,0.024,,,,,709.0,17.0,,,,
CFB,total,all,48,48,table,46.5,0.4707,0.0,0.5293,112.0,-112.0,,,,,,,
CFB,total,all,48,48,table,47.0,0.4707,0.0245,0.5048,107.0,-107.0,5.2,,,,,,
CFB,total,all,48,48,table,47.5,0.4952,0.0,0.5048,102.0,-102.0,5.3,,,,,,
CFB,total,all,48,48,table,48.0,0.4952,0.0318,0.473,-105.0,105.0,6.6,,,,,,
CFB,total,all,48,48,table,48.5,0.527,0.0,0.473,-111.0,111.0,6.7,,,,,,
CFB,total,all,48,48,table,49.0,0.527,0.0241,0.4489,-117.0,117.0,6.0,,,,,,
CFB,total,all,48,48,table,49.5,0.5511,0.0,0.4489,-123.0,123.0,5.4,,,,,,
CFB,total,all,48,48,residual,46.5,0.472,0.0,0.528,112.0,-112.0,,,,,,,
CFB,total,all,48,48,residual,47.0,0.472,0.0236,0.5045,107.0,-107.0,5.0,,,,,,
CFB,total,all,48,48,residual,47.5,0.4955,0.0,0.5045,102.0,-102.0,5.1,,,,,,
CFB,total,all,48,48,residual,48.0,0.4955,0.0246,0.4799,-103.0,103.0,5.1,,,,,,
CFB,total,all,48,48,residual,48.5,0.5201,0.0,0.4799,-108.0,108.0,5.1,,,,,,
CFB,total,all,48,48,residual,49.0,0.5201,0.0236,0.4563,-114.0,114.0,5.6,,,,,,
CFB,total,all,48,48,residual,49.5,0.5437,0.0,0.4563,-119.0,119.0,5.2,,,,,,
CFB,total,all,48,48,"raw, market on K",48.0,,0.0391,,,,,307.0,12.0,,,,
CFB,total,all,48,48,"raw, market a half-point from K",48.0,,0.0357,,,,,812.0,29.0,,,,
CFB,total,all,49,49,table,47.5,0.4714,0.0,0.5286,112.0,-112.0,,,,,,,
CFB,total,all,49,49,table,48.0,0.4714,0.0321,0.4965,105.0,-105.0,6.8,,,,,,
CFB,total,all,49,49,table,48.5,0.5035,0.0,0.4965,-101.0,101.0,6.7,,,,,,
CFB,total,all,49,49,table,49.0,0.5035,0.0243,0.4722,-107.0,107.0,5.2,,,,,,
CFB,total,all,49,49,table,49.5,0.5278,0.0,0.4722,-112.0,112.0,5.1,,,,,,
CFB,total,all,49,49,table,50.0,0.5278,0.0147,0.4575,-115.0,115.0,3.6,,,,,,
CFB,total,all,49,49,table,50.5,0.5425,0.0,0.4575,-119.0,119.0,3.2,,,,,,
CFB,total,all,49,49,residual,47.5,0.472,0.0,0.528,112.0,-112.0,,,,,,,
CFB,total,all,49,49,residual,48.0,0.472,0.0236,0.5045,107.0,-107.0,5.0,,,,,,
CFB,total,all,49,49,residual,48.5,0.4955,0.0,0.5045,102.0,-102.0,5.1,,,,,,
CFB,total,all,49,49,residual,49.0,0.4955,0.0246,0.4799,-103.0,103.0,5.1,,,,,,
CFB,total,all,49,49,residual,49.5,0.5201,0.0,0.4799,-108.0,108.0,5.1,,,,,,
CFB,total,all,49,49,residual,50.0,0.5201,0.0236,0.4563,-114.0,114.0,5.6,,,,,,
CFB,total,all,49,49,residual,50.5,0.5437,0.0,0.4563,-119.0,119.0,5.2,,,,,,
CFB,total,all,49,49,"raw, market on K",49.0,,0.022,,,,,273.0,6.0,,,,
CFB,total,all,49,49,"raw, market a half-point from K",49.0,,0.0292,,,,,822.0,24.0,,,,
CFB,total,all,50,50,table,48.5,0.4798,0.0,0.5202,108.0,-108.0,,,,,,,
CFB,total,all,50,50,table,49.0,0.4798,0.0245,0.4957,103.0,-103.0,5.1,,,,,,
CFB,total,all,50,50,table,49.5,0.5043,0.0,0.4957,-102.0,102.0,5.0,,,,,,
CFB,total,all,50,50,table,50.0,0.5043,0.0148,0.481,-105.0,105.0,3.1,,,,,,
CFB,total,all,50,50,table,50.5,0.519,0.0,0.481,-108.0,108.0,3.1,,,,,,
CFB,total,all,50,50,table,51.0,0.519,0.0329,0.448,-116.0,116.0,7.9,,,,,,
CFB,total,all,50,50,table,51.5,0.552,0.0,0.448,-123.0,123.0,7.4,,,,,,
CFB,total,all,50,50,residual,48.5,0.472,0.0,0.528,112.0,-112.0,,,,,,,
CFB,total,all,50,50,residual,49.0,0.472,0.0236,0.5045,107.0,-107.0,5.0,,,,,,
CFB,total,all,50,50,residual,49.5,0.4955,0.0,0.5045,102.0,-102.0,5.1,,,,,,
CFB,total,all,50,50,residual,50.0,0.4955,0.0246,0.4799,-103.0,103.0,5.1,,,,,,
CFB,total,all,50,50,residual,50.5,0.5201,0.0,0.4799,-108.0,108.0,5.1,,,,,,
CFB,total,all,50,50,residual,51.0,0.5201,0.0236,0.4563,-114.0,114.0,5.6,,,,,,
CFB,total,all,50,50,residual,51.5,0.5437,0.0,0.4563,-119.0,119.0,5.2,,,,,,
CFB,total,all,50,50,"raw, market on K",50.0,,0.007,,,,,286.0,2.0,,,,
CFB,total,all,50,50,"raw, market a half-point from K",50.0,,0.007,,,,,862.0,6.0,,,,
CFB,total,all,51,51,table,49.5,0.4805,0.0,0.5195,108.0,-108.0,,,,,,,
CFB,total,all,51,51,table,50.0,0.4805,0.0149,0.5046,105.0,-105.0,3.1,,,,,,
CFB,total,all,51,51,table,50.5,0.4954,0.0,0.5046,102.0,-102.0,3.2,,,,,,
CFB,total,all,51,51,table,51.0,0.4954,0.0332,0.4714,-105.0,105.0,6.9,,,,,,
CFB,total,all,51,51,table,51.5,0.5286,0.0,0.4714,-112.0,112.0,7.0,,,,,,
CFB,total,all,51,51,table,52.0,0.5286,0.0284,0.443,-119.0,119.0,7.2,,,,,,
CFB,total,all,51,51,table,52.5,0.557,0.0,0.443,-126.0,126.0,6.4,,,,,,
CFB,total,all,51,51,residual,49.5,0.472,0.0,0.528,112.0,-112.0,,,,,,,
CFB,total,all,51,51,residual,50.0,0.472,0.0236,0.5045,107.0,-107.0,5.0,,,,,,
CFB,total,all,51,51,residual,50.5,0.4955,0.0,0.5045,102.0,-102.0,5.1,,,,,,
CFB,total,all,51,51,residual,51.0,0.4955,0.0246,0.4799,-103.0,103.0,5.1,,,,,,
CFB,total,all,51,51,residual,51.5,0.5201,0.0,0.4799,-108.0,108.0,5.1,,,,,,
CFB,total,all,51,51,residual,52.0,0.5201,0.0236,0.4563,-114.0,114.0,5.6,,,,,,
CFB,total,all,51,51,residual,52.5,0.5437,0.0,0.4563,-119.0,119.0,5.2,,,,,,
CFB,total,all,51,51,"raw, market on K",51.0,,0.0227,,,,,352.0,8.0,,,,
CFB,total,all,51,51,"raw, market a half-point from K",51.0,,0.0409,,,,,928.0,38.0,,,,
CFB,total,all,52,52,table,50.5,0.4715,0.0,0.5285,112.0,-112.0,,,,,,,
CFB,total,all,52,52,table,51.0,0.4715,0.0335,0.495,105.0,-105.0,7.1,,,,,,
CFB,total,all,52,52,table,51.5,0.505,0.0,0.495,-102.0,102.0,7.0,,,,,,
CFB,total,all,52,52,table,52.0,0.505,0.0286,0.4664,-108.0,108.0,6.3,,,,,,
CFB,total,all,52,52,table,52.5,0.5336,0.0,0.4664,-114.0,114.0,6.1,,,,,,
CFB,total,all,52,52,table,53.0,0.5336,0.014,0.4524,-118.0,118.0,3.5,,,,,,
CFB,total,all,52,52,table,53.5,0.5476,0.0,0.4524,-121.0,121.0,3.1,,,,,,
CFB,total,all,52,52,residual,50.5,0.472,0.0,0.528,112.0,-112.0,,,,,,,
CFB,total,all,52,52,residual,51.0,0.472,0.0236,0.5045,107.0,-107.0,5.0,,,,,,
CFB,total,all,52,52,residual,51.5,0.4955,0.0,0.5045,102.0,-102.0,5.1,,,,,,
CFB,total,all,52,52,residual,52.0,0.4955,0.0246,0.4799,-103.0,103.0,5.1,,,,,,
CFB,total,all,52,52,residual,52.5,0.5201,0.0,0.4799,-108.0,108.0,5.1,,,,,,
CFB,total,all,52,52,residual,53.0,0.5201,0.0236,0.4563,-114.0,114.0,5.6,,,,,,
CFB,total,all,52,52,residual,53.5,0.5437,0.0,0.4563,-119.0,119.0,5.2,,,,,,
CFB,total,all,52,52,"raw, market on K",52.0,,0.0218,,,,,321.0,7.0,,,,
CFB,total,all,52,52,"raw, market a half-point from K",52.0,,0.0311,,,,,931.0,29.0,,,,
CFB,total,all,53,53,table,51.5,0.4811,0.0,0.5189,108.0,-108.0,,,,,,,
CFB,total,all,53,53,table,52.0,0.4811,0.0289,0.49,102.0,-102.0,6.0,,,,,,
CFB,total,all,53,53,table,52.5,0.51,0.0,0.49,-104.0,104.0,5.9,,,,,,
CFB,total,all,53,53,table,53.0,0.51,0.0141,0.4759,-107.0,107.0,3.1,,,,,,
CFB,total,all,53,53,table,53.5,0.5241,0.0,0.4759,-110.0,110.0,3.0,,,,,,
CFB,total,all,53,53,table,54.0,0.5241,0.0206,0.4552,-115.0,115.0,5.0,,,,,,
CFB,total,all,53,53,table,54.5,0.5448,0.0,0.4552,-120.0,120.0,4.5,,,,,,
CFB,total,all,53,53,residual,51.5,0.472,0.0,0.528,112.0,-112.0,,,,,,,
CFB,total,all,53,53,residual,52.0,0.472,0.0236,0.5045,107.0,-107.0,5.0,,,,,,
CFB,total,all,53,53,residual,52.5,0.4955,0.0,0.5045,102.0,-102.0,5.1,,,,,,
CFB,total,all,53,53,residual,53.0,0.4955,0.0246,0.4799,-103.0,103.0,5.1,,,,,,
CFB,total,all,53,53,residual,53.5,0.5201,0.0,0.4799,-108.0,108.0,5.1,,,,,,
CFB,total,all,53,53,residual,54.0,0.5201,0.0236,0.4563,-114.0,114.0,5.6,,,,,,
CFB,total,all,53,53,residual,54.5,0.5437,0.0,0.4563,-119.0,119.0,5.2,,,,,,
CFB,total,all,53,53,"raw, market on K",53.0,,0.0233,,,,,300.0,7.0,,,,
CFB,total,all,53,53,"raw, market a half-point from K",53.0,,0.0174,,,,,917.0,16.0,,,,
CFB,total,all,54,54,table,52.5,0.4861,0.0,0.5139,106.0,-106.0,,,,,,,
CFB,total,all,54,54,table,53.0,0.4861,0.0142,0.4996,103.0,-103.0,2.9,,,,,,
CFB,total,all,54,54,table,53.5,0.5004,0.0,0.4996,-100.0,100.0,2.9,,,,,,
CFB,total,all,54,54,table,54.0,0.5004,0.0208,0.4789,-104.0,104.0,4.3,,,,,,
CFB,total,all,54,54,table,54.5,0.5211,0.0,0.4789,-109.0,109.0,4.3,,,,,,
CFB,total,all,54,54,table,55.0,0.5211,0.0389,0.4399,-118.0,118.0,9.6,,,,,,
CFB,total,all,54,54,table,55.5,0.5601,0.0,0.4399,-127.0,127.0,8.8,,,,,,
CFB,total,all,54,54,residual,52.5,0.472,0.0,0.528,112.0,-112.0,,,,,,,
CFB,total,all,54,54,residual,53.0,0.472,0.0236,0.5045,107.0,-107.0,5.0,,,,,,
CFB,total,all,54,54,residual,53.5,0.4955,0.0,0.5045,102.0,-102.0,5.1,,,,,,
CFB,total,all,54,54,residual,54.0,0.4955,0.0246,0.4799,-103.0,103.0,5.1,,,,,,
CFB,total,all,54,54,residual,54.5,0.5201,0.0,0.4799,-108.0,108.0,5.1,,,,,,
CFB,total,all,54,54,residual,55.0,0.5201,0.0236,0.4563,-114.0,114.0,5.6,,,,,,
CFB,total,all,54,54,residual,55.5,0.5437,0.0,0.4563,-119.0,119.0,5.2,,,,,,
CFB,total,all,54,54,"raw, market on K",54.0,,0.0167,,,,,359.0,6.0,,,,
CFB,total,all,54,54,"raw, market a half-point from K",54.0,,0.0194,,,,,980.0,19.0,,,,
CFB,total,all,55,55,table,53.5,0.4763,0.0,0.5237,110.0,-110.0,,,,,,,
CFB,total,all,55,55,table,54.0,0.4763,0.021,0.5027,106.0,-106.0,4.4,,,,,,
CFB,total,all,55,55,table,54.5,0.4973,0.0,0.5027,101.0,-101.0,4.5,,,,,,
CFB,total,all,55,55,table,55.0,0.4973,0.0392,0.4635,-107.0,107.0,8.4,,,,,,
CFB,total,all,55,55,table,55.5,0.5365,0.0,0.4635,-116.0,116.0,8.5,,,,,,
CFB,total,all,55,55,table,56.0,0.5365,0.0188,0.4447,-121.0,121.0,4.9,,,,,,
CFB,total,all,55,55,table,56.5,0.5553,0.0,0.4447,-125.0,125.0,4.2,,,,,,
CFB,total,all,55,55,residual,53.5,0.472,0.0,0.528,112.0,-112.0,,,,,,,
CFB,total,all,55,55,residual,54.0,0.472,0.0236,0.5045,107.0,-107.0,5.0,,,,,,
CFB,total,all,55,55,residual,54.5,0.4955,0.0,0.5045,102.0,-102.0,5.1,,,,,,
CFB,total,all,55,55,residual,55.0,0.4955,0.0246,0.4799,-103.0,103.0,5.1,,,,,,
CFB,total,all,55,55,residual,55.5,0.5201,0.0,0.4799,-108.0,108.0,5.1,,,,,,
CFB,total,all,55,55,residual,56.0,0.5201,0.0236,0.4563,-114.0,114.0,5.6,,,,,,
CFB,total,all,55,55,residual,56.5,0.5437,0.0,0.4563,-119.0,119.0,5.2,,,,,,
CFB,total,all,55,55,"raw, market on K",55.0,,0.0417,,,,,384.0,16.0,,,,
CFB,total,all,55,55,"raw, market a half-point from K",55.0,,0.0341,,,,,996.0,34.0,,,,
CFB,total,all,56,56,table,54.5,0.4731,0.0,0.5269,111.0,-111.0,,,,,,,
CFB,total,all,56,56,table,55.0,0.4731,0.0396,0.4873,103.0,-103.0,8.4,,,,,,
CFB,total,all,56,56,table,55.5,0.5127,0.0,0.4873,-105.0,105.0,8.2,,,,,,
CFB,total,all,56,56,table,56.0,0.5127,0.0189,0.4684,-109.0,109.0,4.3,,,,,,
CFB,total,all,56,56,table,56.5,0.5316,0.0,0.4684,-113.0,113.0,4.0,,,,,,
CFB,total,all,56,56,table,57.0,0.5316,0.0203,0.4481,-119.0,119.0,5.1,,,,,,
CFB,total,all,56,56,table,57.5,0.5519,0.0,0.4481,-123.0,123.0,4.5,,,,,,
CFB,total,all,56,56,residual,54.5,0.472,0.0,0.528,112.0,-112.0,,,,,,,
CFB,total,all,56,56,residual,55.0,0.472,0.0236,0.5045,107.0,-107.0,5.0,,,,,,
CFB,total,all,56,56,residual,55.5,0.4955,0.0,0.5045,102.0,-102.0,5.1,,,,,,
CFB,total,all,56,56,residual,56.0,0.4955,0.0246,0.4799,-103.0,103.0,5.1,,,,,,
CFB,total,all,56,56,residual,56.5,0.5201,0.0,0.4799,-108.0,108.0,5.1,,,,,,
CFB,total,all,56,56,residual,57.0,0.5201,0.0236,0.4563,-114.0,114.0,5.6,,,,,,
CFB,total,all,56,56,residual,57.5,0.5437,0.0,0.4563,-119.0,119.0,5.2,,,,,,
CFB,total,all,56,56,"raw, market on K",56.0,,0.01,,,,,300.0,3.0,,,,
CFB,total,all,56,56,"raw, market a half-point from K",56.0,,0.0167,,,,,900.0,15.0,,,,
CFB,total,all,57,57,table,55.5,0.4886,0.0,0.5114,105.0,-105.0,,,,,,,
CFB,total,all,57,57,table,56.0,0.4886,0.0191,0.4923,101.0,-101.0,3.9,,,,,,
CFB,total,all,57,57,table,56.5,0.5077,0.0,0.4923,-103.0,103.0,3.9,,,,,,
CFB,total,all,57,57,table,57.0,0.5077,0.0205,0.4718,-108.0,108.0,4.5,,,,,,
CFB,total,all,57,57,table,57.5,0.5282,0.0,0.4718,-112.0,112.0,4.3,,,,,,
CFB,total,all,57,57,table,58.0,0.5282,0.0297,0.4421,-119.0,119.0,7.5,,,,,,
CFB,total,all,57,57,table,58.5,0.5579,0.0,0.4421,-126.0,126.0,6.7,,,,,,
CFB,total,all,57,57,residual,55.5,0.472,0.0,0.528,112.0,-112.0,,,,,,,
CFB,total,all,57,57,residual,56.0,0.472,0.0236,0.5045,107.0,-107.0,5.0,,,,,,
CFB,total,all,57,57,residual,56.5,0.4955,0.0,0.5045,102.0,-102.0,5.1,,,,,,
CFB,total,all,57,57,residual,57.0,0.4955,0.0246,0.4799,-103.0,103.0,5.1,,,,,,
CFB,total,all,57,57,residual,57.5,0.5201,0.0,0.4799,-108.0,108.0,5.1,,,,,,
CFB,total,all,57,57,residual,58.0,0.5201,0.0236,0.4563,-114.0,114.0,5.6,,,,,,
CFB,total,all,57,57,residual,58.5,0.5437,0.0,0.4563,-119.0,119.0,5.2,,,,,,
CFB,total,all,57,57,"raw, market on K",57.0,,0.0273,,,,,293.0,8.0,,,,
CFB,total,all,57,57,"raw, market a half-point from K",57.0,,0.0251,,,,,797.0,20.0,,,,
CFB,total,all,58,58,table,56.5,0.4836,0.0,0.5164,107.0,-107.0,,,,,,,
CFB,total,all,58,58,table,57.0,0.4836,0.0207,0.4957,103.0,-103.0,4.3,,,,,,
CFB,total,all,58,58,table,57.5,0.5043,0.0,0.4957,-102.0,102.0,4.2,,,,,,
CFB,total,all,58,58,table,58.0,0.5043,0.0299,0.4658,-108.0,108.0,6.5,,,,,,
CFB,total,all,58,58,table,58.5,0.5342,0.0,0.4658,-115.0,115.0,6.4,,,,,,
CFB,total,all,58,58,table,59.0,0.5342,0.031,0.4349,-123.0,123.0,8.2,,,,,,
CFB,total,all,58,58,table,59.5,0.5651,0.0,0.4349,-130.0,130.0,7.1,,,,,,
CFB,total,all,58,58,residual,56.5,0.472,0.0,0.528,112.0,-112.0,,,,,,,
CFB,total,all,58,58,residual,57.0,0.472,0.0236,0.5045,107.0,-107.0,5.0,,,,,,
CFB,total,all,58,58,residual,57.5,0.4955,0.0,0.5045,102.0,-102.0,5.1,,,,,,
CFB,total,all,58,58,residual,58.0,0.4955,0.0246,0.4799,-103.0,103.0,5.1,,,,,,
CFB,total,all,58,58,residual,58.5,0.5201,0.0,0.4799,-108.0,108.0,5.1,,,,,,
CFB,total,all,58,58,residual,59.0,0.5201,0.0236,0.4563,-114.0,114.0,5.6,,,,,,
CFB,total,all,58,58,residual,59.5,0.5437,0.0,0.4563,-119.0,119.0,5.2,,,,,,
CFB,total,all,58,58,"raw, market on K",58.0,,0.0294,,,,,306.0,9.0,,,,
CFB,total,all,58,58,"raw, market a half-point from K",58.0,,0.0165,,,,,788.0,13.0,,,,
CFB,total,all,59,59,table,57.5,0.48,0.0,0.52,108.0,-108.0,,,,,,,
CFB,total,all,59,59,table,58.0,0.48,0.0302,0.4898,102.0,-102.0,6.3,,,,,,
CFB,total,all,59,59,table,58.5,0.5102,0.0,0.4898,-104.0,104.0,6.2,,,,,,
CFB,total,all,59,59,table,59.0,0.5102,0.0312,0.4586,-111.0,111.0,7.1,,,,,,
CFB,total,all,59,59,table,59.5,0.5414,0.0,0.4586,-118.0,118.0,6.8,,,,,,
CFB,total,all,59,59,table,60.0,0.5414,0.0116,0.447,-121.0,121.0,3.1,,,,,,
CFB,total,all,59,59,table,60.5,0.553,0.0,0.447,-124.0,124.0,2.6,,,,,,
CFB,total,all,59,59,residual,57.5,0.472,0.0,0.528,112.0,-112.0,,,,,,,
CFB,total,all,59,59,residual,58.0,0.472,0.0236,0.5045,107.0,-107.0,5.0,,,,,,
CFB,total,all,59,59,residual,58.5,0.4955,0.0,0.5045,102.0,-102.0,5.1,,,,,,
CFB,total,all,59,59,residual,59.0,0.4955,0.0246,0.4799,-103.0,103.0,5.1,,,,,,
CFB,total,all,59,59,residual,59.5,0.5201,0.0,0.4799,-108.0,108.0,5.1,,,,,,
CFB,total,all,59,59,residual,60.0,0.5201,0.0236,0.4563,-114.0,114.0,5.6,,,,,,
CFB,total,all,59,59,residual,60.5,0.5437,0.0,0.4563,-119.0,119.0,5.2,,,,,,
CFB,total,all,59,59,"raw, market on K",59.0,,0.0328,,,,,274.0,9.0,,,,
CFB,total,all,59,59,"raw, market a half-point from K",59.0,,0.0317,,,,,694.0,22.0,,,,
CFB,total,all,60,60,table,58.5,0.4859,0.0,0.5141,106.0,-106.0,,,,,,,
CFB,total,all,60,60,table,59.0,0.4859,0.0315,0.4826,-101.0,101.0,6.5,,,,,,
CFB,total,all,60,60,table,59.5,0.5174,0.0,0.4826,-107.0,107.0,6.5,,,,,,
CFB,total,all,60,60,table,60.0,0.5174,0.0117,0.4709,-110.0,110.0,2.7,,,,,,
CFB,total,all,60,60,table,60.5,0.5291,0.0,0.4709,-112.0,112.0,2.5,,,,,,
CFB,total,all,60,60,table,61.0,0.5291,0.024,0.4469,-118.0,118.0,6.0,,,,,,
CFB,total,all,60,60,table,61.5,0.5531,0.0,0.4469,-124.0,124.0,5.4,,,,,,
CFB,total,all,60,60,residual,58.5,0.472,0.0,0.528,112.0,-112.0,,,,,,,
CFB,total,all,60,60,residual,59.0,0.472,0.0236,0.5045,107.0,-107.0,5.0,,,,,,
CFB,total,all,60,60,residual,59.5,0.4955,0.0,0.5045,102.0,-102.0,5.1,,,,,,
CFB,total,all,60,60,residual,60.0,0.4955,0.0246,0.4799,-103.0,103.0,5.1,,,,,,
CFB,total,all,60,60,residual,60.5,0.5201,0.0,0.4799,-108.0,108.0,5.1,,,,,,
CFB,total,all,60,60,residual,61.0,0.5201,0.0236,0.4563,-114.0,114.0,5.6,,,,,,
CFB,total,all,60,60,residual,61.5,0.5437,0.0,0.4563,-119.0,119.0,5.2,,,,,,
CFB,total,all,60,60,"raw, market on K",60.0,,0.0138,,,,,217.0,3.0,,,,
CFB,total,all,60,60,"raw, market a half-point from K",60.0,,0.0053,,,,,566.0,3.0,,,,
CFB,total,all,61,61,table,59.5,0.4931,0.0,0.5069,103.0,-103.0,,,,,,,
CFB,total,all,61,61,table,60.0,0.4931,0.0118,0.4951,100.0,-100.0,2.4,,,,,,
CFB,total,all,61,61,table,60.5,0.5049,0.0,0.4951,-102.0,102.0,2.4,,,,,,
CFB,total,all,61,61,table,61.0,0.5049,0.0242,0.4709,-107.0,107.0,5.2,,,,,,
CFB,total,all,61,61,table,61.5,0.5291,0.0,0.4709,-112.0,112.0,5.1,,,,,,
CFB,total,all,61,61,table,62.0,0.5291,0.0285,0.4424,-120.0,120.0,7.2,,,,,,
CFB,total,all,61,61,table,62.5,0.5576,0.0,0.4424,-126.0,126.0,6.5,,,,,,
CFB,total,all,61,61,residual,59.5,0.472,0.0,0.528,112.0,-112.0,,,,,,,
CFB,total,all,61,61,residual,60.0,0.472,0.0236,0.5045,107.0,-107.0,5.0,,,,,,
CFB,total,all,61,61,residual,60.5,0.4955,0.0,0.5045,102.0,-102.0,5.1,,,,,,
CFB,total,all,61,61,residual,61.0,0.4955,0.0246,0.4799,-103.0,103.0,5.1,,,,,,
CFB,total,all,61,61,residual,61.5,0.5201,0.0,0.4799,-108.0,108.0,5.1,,,,,,
CFB,total,all,61,61,residual,62.0,0.5201,0.0236,0.4563,-114.0,114.0,5.6,,,,,,
CFB,total,all,61,61,residual,62.5,0.5437,0.0,0.4563,-119.0,119.0,5.2,,,,,,
CFB,total,all,61,61,"raw, market on K",61.0,,0.0267,,,,,187.0,5.0,,,,
CFB,total,all,61,61,"raw, market a half-point from K",61.0,,0.0291,,,,,516.0,15.0,,,,
CFB,total,all,62,62,table,60.5,0.4804,0.0,0.5196,108.0,-108.0,,,,,,,
CFB,total,all,62,62,table,61.0,0.4804,0.0244,0.4952,103.0,-103.0,5.1,,,,,,
CFB,total,all,62,62,table,61.5,0.5048,0.0,0.4952,-102.0,102.0,5.0,,,,,,
CFB,total,all,62,62,table,62.0,0.5048,0.0288,0.4664,-108.0,108.0,6.3,,,,,,
CFB,total,all,62,62,table,62.5,0.5336,0.0,0.4664,-114.0,114.0,6.2,,,,,,
CFB,total,all,62,62,table,63.0,0.5336,0.0244,0.442,-121.0,121.0,6.3,,,,,,
CFB,total,all,62,62,table,63.5,0.558,0.0,0.442,-126.0,126.0,5.5,,,,,,
CFB,total,all,62,62,residual,60.5,0.472,0.0,0.528,112.0,-112.0,,,,,,,
CFB,total,all,62,62,residual,61.0,0.472,0.0236,0.5045,107.0,-107.0,5.0,,,,,,
CFB,total,all,62,62,residual,61.5,0.4955,0.0,0.5045,102.0,-102.0,5.1,,,,,,
CFB,total,all,62,62,residual,62.0,0.4955,0.0246,0.4799,-103.0,103.0,5.1,,,,,,
CFB,total,all,62,62,residual,62.5,0.5201,0.0,0.4799,-108.0,108.0,5.1,,,,,,
CFB,total,all,62,62,residual,63.0,0.5201,0.0236,0.4563,-114.0,114.0,5.6,,,,,,
CFB,total,all,62,62,residual,63.5,0.5437,0.0,0.4563,-119.0,119.0,5.2,,,,,,
CFB,total,all,62,62,"raw, market on K",62.0,,0.0419,,,,,167.0,7.0,,,,
CFB,total,all,62,62,"raw, market a half-point from K",62.0,,0.0225,,,,,445.0,10.0,,,,
CFB,total,all,63,63,table,61.5,0.4803,0.0,0.5197,108.0,-108.0,,,,,,,
CFB,total,all,63,63,table,62.0,0.4803,0.0291,0.4906,102.0,-102.0,6.1,,,,,,
CFB,total,all,63,63,table,62.5,0.5094,0.0,0.4906,-104.0,104.0,6.0,,,,,,
CFB,total,all,63,63,table,63.0,0.5094,0.0246,0.4661,-109.0,109.0,5.5,,,,,,
CFB,total,all,63,63,table,63.5,0.5339,0.0,0.4661,-115.0,115.0,5.3,,,,,,
CFB,total,all,63,63,table,64.0,0.5339,0.0164,0.4497,-119.0,119.0,4.2,,,,,,
CFB,total,all,63,63,table,64.5,0.5503,0.0,0.4497,-122.0,122.0,3.6,,,,,,
CFB,total,all,63,63,residual,61.5,0.472,0.0,0.528,112.0,-112.0,,,,,,,
CFB,total,all,63,63,residual,62.0,0.472,0.0236,0.5045,107.0,-107.0,5.0,,,,,,
CFB,total,all,63,63,residual,62.5,0.4955,0.0,0.5045,102.0,-102.0,5.1,,,,,,
CFB,total,all,63,63,residual,63.0,0.4955,0.0246,0.4799,-103.0,103.0,5.1,,,,,,
CFB,total,all,63,63,residual,63.5,0.5201,0.0,0.4799,-108.0,108.0,5.1,,,,,,
CFB,total,all,63,63,residual,64.0,0.5201,0.0236,0.4563,-114.0,114.0,5.6,,,,,,
CFB,total,all,63,63,residual,64.5,0.5437,0.0,0.4563,-119.0,119.0,5.2,,,,,,
CFB,total,all,63,63,"raw, market on K",63.0,,0.0351,,,,,171.0,6.0,,,,
CFB,total,all,63,63,"raw, market a half-point from K",63.0,,0.0169,,,,,413.0,7.0,,,,
CFB,total,all,64,64,table,62.5,0.4848,0.0,0.5152,106.0,-106.0,,,,,,,
CFB,total,all,64,64,table,63.0,0.4848,0.0248,0.4903,101.0,-101.0,5.1,,,,,,
CFB,total,all,64,64,table,63.5,0.5097,0.0,0.4903,-104.0,104.0,5.1,,,,,,
CFB,total,all,64,64,table,64.0,0.5097,0.0165,0.4738,-108.0,108.0,3.6,,,,,,
CFB,total,all,64,64,table,64.5,0.5262,0.0,0.4738,-111.0,111.0,3.5,,,,,,
CFB,total,all,64,64,table,65.0,0.5262,0.032,0.4418,-119.0,119.0,8.0,,,,,,
CFB,total,all,64,64,table,65.5,0.5582,0.0,0.4418,-126.0,126.0,7.2,,,,,,
CFB,total,all,64,64,residual,62.5,0.472,0.0,0.528,112.0,-112.0,,,,,,,
CFB,total,all,64,64,residual,63.0,0.472,0.0236,0.5045,107.0,-107.0,5.0,,,,,,
CFB,total,all,64,64,residual,63.5,0.4955,0.0,0.5045,102.0,-102.0,5.1,,,,,,
CFB,total,all,64,64,residual,64.0,0.4955,0.0246,0.4799,-103.0,103.0,5.1,,,,,,
CFB,total,all,64,64,residual,64.5,0.5201,0.0,0.4799,-108.0,108.0,5.1,,,,,,
CFB,total,all,64,64,residual,65.0,0.5201,0.0236,0.4563,-114.0,114.0,5.6,,,,,,
CFB,total,all,64,64,residual,65.5,0.5437,0.0,0.4563,-119.0,119.0,5.2,,,,,,
CFB,total,all,64,64,"raw, market on K",64.0,,0.0194,,,,,155.0,3.0,,,,
CFB,total,all,64,64,"raw, market a half-point from K",64.0,,0.0114,,,,,350.0,4.0,,,,
CFB,total,all,65,65,table,63.5,0.4851,0.0,0.5149,106.0,-106.0,,,,,,,
CFB,total,all,65,65,table,64.0,0.4851,0.0167,0.4982,103.0,-103.0,3.4,,,,,,
CFB,total,all,65,65,table,64.5,0.5018,0.0,0.4982,-101.0,101.0,3.4,,,,,,
CFB,total,all,65,65,table,65.0,0.5018,0.0322,0.466,-108.0,108.0,7.0,,,,,,
CFB,total,all,65,65,table,65.5,0.534,0.0,0.466,-115.0,115.0,6.9,,,,,,
CFB,total,all,65,65,table,66.0,0.534,0.0287,0.4373,-122.0,122.0,7.5,,,,,,
CFB,total,all,65,65,table,66.5,0.5627,0.0,0.4373,-129.0,129.0,6.6,,,,,,
CFB,total,all,65,65,residual,63.5,0.472,0.0,0.528,112.0,-112.0,,,,,,,
CFB,total,all,65,65,residual,64.0,0.472,0.0236,0.5045,107.0,-107.0,5.0,,,,,,
CFB,total,all,65,65,residual,64.5,0.4955,0.0,0.5045,102.0,-102.0,5.1,,,,,,
CFB,total,all,65,65,residual,65.0,0.4955,0.0246,0.4799,-103.0,103.0,5.1,,,,,,
CFB,total,all,65,65,residual,65.5,0.5201,0.0,0.4799,-108.0,108.0,5.1,,,,,,
CFB,total,all,65,65,residual,66.0,0.5201,0.0236,0.4563,-114.0,114.0,5.6,,,,,,
CFB,total,all,65,65,residual,66.5,0.5437,0.0,0.4563,-119.0,119.0,5.2,,,,,,
CFB,total,all,65,65,"raw, market on K",65.0,,0.0423,,,,,142.0,6.0,,,,
CFB,total,all,65,65,"raw, market a half-point from K",65.0,,0.0261,,,,,307.0,8.0,,,,
CFB,total,all,66,66,table,64.5,0.4771,0.0,0.5229,110.0,-110.0,,,,,,,
CFB,total,all,66,66,table,65.0,0.4771,0.0325,0.4903,103.0,-103.0,6.8,,,,,,
CFB,total,all,66,66,table,65.5,0.5097,0.0,0.4903,-104.0,104.0,6.7,,,,,,
CFB,total,all,66,66,table,66.0,0.5097,0.0289,0.4614,-110.0,110.0,6.5,,,,,,
CFB,total,all,66,66,table,66.5,0.5386,0.0,0.4614,-117.0,117.0,6.3,,,,,,
CFB,total,all,66,66,table,67.0,0.5386,0.0135,0.4479,-120.0,120.0,3.5,,,,,,
CFB,total,all,66,66,table,67.5,0.5521,0.0,0.4479,-123.0,123.0,3.0,,,,,,
CFB,total,all,66,66,residual,64.5,0.472,0.0,0.528,112.0,-112.0,,,,,,,
CFB,total,all,66,66,residual,65.0,0.472,0.0236,0.5045,107.0,-107.0,5.0,,,,,,
CFB,total,all,66,66,residual,65.5,0.4955,0.0,0.5045,102.0,-102.0,5.1,,,,,,
CFB,total,all,66,66,residual,66.0,0.4955,0.0246,0.4799,-103.0,103.0,5.1,,,,,,
CFB,total,all,66,66,residual,66.5,0.5201,0.0,0.4799,-108.0,108.0,5.1,,,,,,
CFB,total,all,66,66,residual,67.0,0.5201,0.0236,0.4563,-114.0,114.0,5.6,,,,,,
CFB,total,all,66,66,residual,67.5,0.5437,0.0,0.4563,-119.0,119.0,5.2,,,,,,
CFB,total,all,66,66,"raw, market on K",66.0,,0.0163,,,,,123.0,2.0,,,,
CFB,total,all,66,66,"raw, market a half-point from K",66.0,,0.0236,,,,,296.0,7.0,,,,
CFB,total,all,67,67,table,65.5,0.485,0.0,0.515,106.0,-106.0,,,,,,,
CFB,total,all,67,67,table,66.0,0.485,0.0292,0.4858,100.0,-100.0,6.0,,,,,,
CFB,total,all,67,67,table,66.5,0.5142,0.0,0.4858,-106.0,106.0,6.0,,,,,,
CFB,total,all,67,67,table,67.0,0.5142,0.0136,0.4722,-109.0,109.0,3.1,,,,,,
CFB,total,all,67,67,table,67.5,0.5278,0.0,0.4722,-112.0,112.0,2.9,,,,,,
CFB,total,all,67,67,table,68.0,0.5278,0.0186,0.4535,-116.0,116.0,4.6,,,,,,
CFB,total,all,67,67,table,68.5,0.5465,0.0,0.4535,-120.0,120.0,4.1,,,,,,
CFB,total,all,67,67,residual,65.5,0.472,0.0,0.528,112.0,-112.0,,,,,,,
CFB,total,all,67,67,residual,66.0,0.472,0.0236,0.5045,107.0,-107.0,5.0,,,,,,
CFB,total,all,67,67,residual,66.5,0.4955,0.0,0.5045,102.0,-102.0,5.1,,,,,,
CFB,total,all,67,67,residual,67.0,0.4955,0.0246,0.4799,-103.0,103.0,5.1,,,,,,
CFB,total,all,67,67,residual,67.5,0.5201,0.0,0.4799,-108.0,108.0,5.1,,,,,,
CFB,total,all,67,67,residual,68.0,0.5201,0.0236,0.4563,-114.0,114.0,5.6,,,,,,
CFB,total,all,67,67,residual,68.5,0.5437,0.0,0.4563,-119.0,119.0,5.2,,,,,,
CFB,total,all,67,67,"raw, market on K",67.0,,0.0211,,,,,95.0,2.0,,,,
CFB,total,all,67,67,"raw, market a half-point from K",67.0,,0.0086,,,,,233.0,2.0,,,,
CFB,total,all,68,68,table,66.5,0.4896,0.0,0.5104,104.0,-104.0,,,,,,,
CFB,total,all,68,68,table,67.0,0.4896,0.0137,0.4967,101.0,-101.0,2.8,,,,,,
CFB,total,all,68,68,table,67.5,0.5033,0.0,0.4967,-101.0,101.0,2.8,,,,,,
CFB,total,all,68,68,table,68.0,0.5033,0.0188,0.4779,-105.0,105.0,4.0,,,,,,
CFB,total,all,68,68,table,68.5,0.5221,0.0,0.4779,-109.0,109.0,3.9,,,,,,
CFB,total,all,68,68,table,69.0,0.5221,0.034,0.4439,-118.0,118.0,8.4,,,,,,
CFB,total,all,68,68,table,69.5,0.5561,0.0,0.4439,-125.0,125.0,7.7,,,,,,
CFB,total,all,68,68,residual,66.5,0.472,0.0,0.528,112.0,-112.0,,,,,,,
CFB,total,all,68,68,residual,67.0,0.472,0.0236,0.5045,107.0,-107.0,5.0,,,,,,
CFB,total,all,68,68,residual,67.5,0.4955,0.0,0.5045,102.0,-102.0,5.1,,,,,,
CFB,total,all,68,68,residual,68.0,0.4955,0.0246,0.4799,-103.0,103.0,5.1,,,,,,
CFB,total,all,68,68,residual,68.5,0.5201,0.0,0.4799,-108.0,108.0,5.1,,,,,,
CFB,total,all,68,68,residual,69.0,0.5201,0.0236,0.4563,-114.0,114.0,5.6,,,,,,
CFB,total,all,68,68,residual,69.5,0.5437,0.0,0.4563,-119.0,119.0,5.2,,,,,,
CFB,total,all,68,68,"raw, market on K",68.0,,0.0118,,,,,85.0,1.0,,,,
CFB,total,all,68,68,"raw, market a half-point from K",68.0,,0.0162,,,,,185.0,3.0,,,,
CFB,total,all,69,69,table,67.5,0.4786,0.0,0.5214,109.0,-109.0,,,,,,,
CFB,total,all,69,69,table,68.0,0.4786,0.019,0.5025,105.0,-105.0,4.0,,,,,,
CFB,total,all,69,69,table,68.5,0.4975,0.0,0.5025,101.0,-101.0,4.0,,,,,,
CFB,total,all,69,69,table,69.0,0.4975,0.0342,0.4682,-106.0,106.0,7.2,,,,,,
CFB,total,all,69,69,table,69.5,0.5318,0.0,0.4682,-114.0,114.0,7.3,,,,,,
CFB,total,all,69,69,table,70.0,0.5318,0.0208,0.4474,-119.0,119.0,5.3,,,,,,
CFB,total,all,69,69,table,70.5,0.5526,0.0,0.4474,-124.0,124.0,4.7,,,,,,
CFB,total,all,69,69,residual,67.5,0.472,0.0,0.528,112.0,-112.0,,,,,,,
CFB,total,all,69,69,residual,68.0,0.472,0.0236,0.5045,107.0,-107.0,5.0,,,,,,
CFB,total,all,69,69,residual,68.5,0.4955,0.0,0.5045,102.0,-102.0,5.1,,,,,,
CFB,total,all,69,69,residual,69.0,0.4955,0.0246,0.4799,-103.0,103.0,5.1,,,,,,
CFB,total,all,69,69,residual,69.5,0.5201,0.0,0.4799,-108.0,108.0,5.1,,,,,,
CFB,total,all,69,69,residual,70.0,0.5201,0.0236,0.4563,-114.0,114.0,5.6,,,,,,
CFB,total,all,69,69,residual,70.5,0.5437,0.0,0.4563,-119.0,119.0,5.2,,,,,,
CFB,total,all,69,69,"raw, market on K",69.0,,0.0167,,,,,60.0,1.0,,,,
CFB,total,all,69,69,"raw, market a half-point from K",69.0,,0.0312,,,,,160.0,5.0,,,,
CFB,total,all,70,70,table,68.5,0.4727,0.0,0.5273,112.0,-112.0,,,,,,,
CFB,total,all,70,70,table,69.0,0.4727,0.0346,0.4927,104.0,-104.0,7.3,,,,,,
CFB,total,all,70,70,table,69.5,0.5073,0.0,0.4927,-103.0,103.0,7.2,,,,,,
CFB,total,all,70,70,table,70.0,0.5073,0.021,0.4718,-108.0,108.0,4.6,,,,,,
CFB,total,all,70,70,table,70.5,0.5282,0.0,0.4718,-112.0,112.0,4.4,,,,,,
CFB,total,all,70,70,table,71.0,0.5282,0.0219,0.4499,-117.0,117.0,5.4,,,,,,
CFB,total,all,70,70,table,71.5,0.5501,0.0,0.4499,-122.0,122.0,4.9,,,,,,
CFB,total,all,70,70,residual,68.5,0.472,0.0,0.528,112.0,-112.0,,,,,,,
CFB,total,all,70,70,residual,69.0,0.472,0.0236,0.5045,107.0,-107.0,5.0,,,,,,
CFB,total,all,70,70,residual,69.5,0.4955,0.0,0.5045,102.0,-102.0,5.1,,,,,,
CFB,total,all,70,70,residual,70.0,0.4955,0.0246,0.4799,-103.0,103.0,5.1,,,,,,
CFB,total,all,70,70,residual,70.5,0.5201,0.0,0.4799,-108.0,108.0,5.1,,,,,,
CFB,total,all,70,70,residual,71.0,0.5201,0.0236,0.4563,-114.0,114.0,5.6,,,,,,
CFB,total,all,70,70,residual,71.5,0.5437,0.0,0.4563,-119.0,119.0,5.2,,,,,,
CFB,total,all,70,70,"raw, market on K",70.0,,0.0141,,,,,71.0,1.0,,,,
CFB,total,all,70,70,"raw, market a half-point from K",70.0,,0.0091,,,,,110.0,1.0,,,,
CFB,total,all,71,71,table,69.5,0.4825,0.0,0.5175,107.0,-107.0,,,,,,,
CFB,total,all,71,71,table,70.0,0.4825,0.0212,0.4963,103.0,-103.0,4.4,,,,,,
CFB,total,all,71,71,table,70.5,0.5037,0.0,0.4963,-101.0,101.0,4.4,,,,,,
CFB,total,all,71,71,table,71.0,0.5037,0.022,0.4742,-106.0,106.0,4.7,,,,,,
CFB,total,all,71,71,table,71.5,0.5258,0.0,0.4742,-111.0,111.0,4.6,,,,,,
CFB,total,all,71,71,table,72.0,0.5258,0.025,0.4493,-117.0,117.0,6.2,,,,,,
CFB,total,all,71,71,table,72.5,0.5507,0.0,0.4493,-123.0,123.0,5.6,,,,,,
CFB,total,all,71,71,residual,69.5,0.472,0.0,0.528,112.0,-112.0,,,,,,,
CFB,total,all,71,71,residual,70.0,0.472,0.0236,0.5045,107.0,-107.0,5.0,,,,,,
CFB,total,all,71,71,residual,70.5,0.4955,0.0,0.5045,102.0,-102.0,5.1,,,,,,
CFB,total,all,71,71,residual,71.0,0.4955,0.0246,0.4799,-103.0,103.0,5.1,,,,,,
CFB,total,all,71,71,residual,71.5,0.5201,0.0,0.4799,-108.0,108.0,5.1,,,,,,
CFB,total,all,71,71,residual,72.0,0.5201,0.0236,0.4563,-114.0,114.0,5.6,,,,,,
CFB,total,all,71,71,residual,72.5,0.5437,0.0,0.4563,-119.0,119.0,5.2,,,,,,
CFB,total,all,71,71,"raw, market on K",71.0,,0.0,,,,,49.0,0.0,,,,
CFB,total,all,71,71,"raw, market a half-point from K",71.0,,0.0116,,,,,86.0,1.0,,,,
CFB,total,all,72,72,table,70.5,0.4789,0.0,0.5211,109.0,-109.0,,,,,,,
CFB,total,all,72,72,table,71.0,0.4789,0.0223,0.4988,104.0,-104.0,4.6,,,,,,
CFB,total,all,72,72,table,71.5,0.5012,0.0,0.4988,-100.0,100.0,4.6,,,,,,
CFB,total,all,72,72,table,72.0,0.5012,0.0252,0.4736,-106.0,106.0,5.3,,,,,,
CFB,total,all,72,72,table,72.5,0.5264,0.0,0.4736,-111.0,111.0,5.3,,,,,,
CFB,total,all,72,72,table,73.0,0.5264,0.0306,0.443,-119.0,119.0,7.7,,,,,,
CFB,total,all,72,72,table,73.5,0.557,0.0,0.443,-126.0,126.0,6.9,,,,,,
CFB,total,all,72,72,residual,70.5,0.472,0.0,0.528,112.0,-112.0,,,,,,,
CFB,total,all,72,72,residual,71.0,0.472,0.0236,0.5045,107.0,-107.0,5.0,,,,,,
CFB,total,all,72,72,residual,71.5,0.4955,0.0,0.5045,102.0,-102.0,5.1,,,,,,
CFB,total,all,72,72,residual,72.0,0.4955,0.0246,0.4799,-103.0,103.0,5.1,,,,,,
CFB,total,all,72,72,residual,72.5,0.5201,0.0,0.4799,-108.0,108.0,5.1,,,,,,
CFB,total,all,72,72,residual,73.0,0.5201,0.0236,0.4563,-114.0,114.0,5.6,,,,,,
CFB,total,all,72,72,residual,73.5,0.5437,0.0,0.4563,-119.0,119.0,5.2,,,,,,
CFB,total,all,72,72,"raw, market on K",72.0,,0.02,,,,,50.0,1.0,,,,
CFB,total,all,72,72,"raw, market a half-point from K",72.0,,0.0241,,,,,83.0,2.0,,,,
CFB,total,all,73,73,table,71.5,0.4764,0.0,0.5236,110.0,-110.0,,,,,,,
CFB,total,all,73,73,table,72.0,0.4764,0.0254,0.4982,105.0,-105.0,5.3,,,,,,
CFB,total,all,73,73,table,72.5,0.5018,0.0,0.4982,-101.0,101.0,5.3,,,,,,
CFB,total,all,73,73,table,73.0,0.5018,0.0308,0.4674,-107.0,107.0,6.6,,,,,,
CFB,total,all,73,73,table,73.5,0.5326,0.0,0.4674,-114.0,114.0,6.6,,,,,,
CFB,total,all,73,73,table,74.0,0.5326,0.0131,0.4543,-117.0,117.0,3.3,,,,,,
CFB,total,all,73,73,table,74.5,0.5457,0.0,0.4543,-120.0,120.0,2.9,,,,,,
CFB,total,all,73,73,residual,71.5,0.472,0.0,0.528,112.0,-112.0,,,,,,,
CFB,total,all,73,73,residual,72.0,0.472,0.0236,0.5045,107.0,-107.0,5.0,,,,,,
CFB,total,all,73,73,residual,72.5,0.4955,0.0,0.5045,102.0,-102.0,5.1,,,,,,
CFB,total,all,73,73,residual,73.0,0.4955,0.0246,0.4799,-103.0,103.0,5.1,,,,,,
CFB,total,all,73,73,residual,73.5,0.5201,0.0,0.4799,-108.0,108.0,5.1,,,,,,
CFB,total,all,73,73,residual,74.0,0.5201,0.0236,0.4563,-114.0,114.0,5.6,,,,,,
CFB,total,all,73,73,residual,74.5,0.5437,0.0,0.4563,-119.0,119.0,5.2,,,,,,
CFB,total,all,73,73,"raw, market on K",73.0,,0.0769,,,,,26.0,2.0,,,,
CFB,total,all,73,73,"raw, market a half-point from K",73.0,,0.0,,,,,53.0,0.0,,,,
CFB,total,all,74,74,table,72.5,0.4769,0.0,0.5231,110.0,-110.0,,,,,,,
CFB,total,all,74,74,table,73.0,0.4769,0.0311,0.492,103.0,-103.0,6.5,,,,,,
CFB,total,all,74,74,table,73.5,0.508,0.0,0.492,-103.0,103.0,6.4,,,,,,
CFB,total,all,74,74,table,74.0,0.508,0.0132,0.4787,-106.0,106.0,2.9,,,,,,
CFB,total,all,74,74,table,74.5,0.5213,0.0,0.4787,-109.0,109.0,2.8,,,,,,
CFB,total,all,74,74,table,75.0,0.5213,0.0226,0.4561,-114.0,114.0,5.4,,,,,,
CFB,total,all,74,74,table,75.5,0.5439,0.0,0.4561,-119.0,119.0,5.0,,,,,,
CFB,total,all,74,74,residual,72.5,0.472,0.0,0.528,112.0,-112.0,,,,,,,
CFB,total,all,74,74,residual,73.0,0.472,0.0236,0.5045,107.0,-107.0,5.0,,,,,,
CFB,total,all,74,74,residual,73.5,0.4955,0.0,0.5045,102.0,-102.0,5.1,,,,,,
CFB,total,all,74,74,residual,74.0,0.4955,0.0246,0.4799,-103.0,103.0,5.1,,,,,,
CFB,total,all,74,74,residual,74.5,0.5201,0.0,0.4799,-108.0,108.0,5.1,,,,,,
CFB,total,all,74,74,residual,75.0,0.5201,0.0236,0.4563,-114.0,114.0,5.6,,,,,,
CFB,total,all,74,74,residual,75.5,0.5437,0.0,0.4563,-119.0,119.0,5.2,,,,,,
CFB,total,all,74,74,"raw, market on K",74.0,,0.0333,,,,,30.0,1.0,,,,
CFB,total,all,74,74,"raw, market a half-point from K",74.0,,0.0,,,,,45.0,0.0,,,,
CFB,total,all,75,75,table,73.5,0.4833,0.0,0.5167,107.0,-107.0,,,,,,,
CFB,total,all,75,75,table,74.0,0.4833,0.0134,0.5034,104.0,-104.0,2.8,,,,,,
CFB,total,all,75,75,table,74.5,0.4966,0.0,0.5034,101.0,-101.0,2.8,,,,,,
CFB,total,all,75,75,table,75.0,0.4966,0.0228,0.4806,-103.0,103.0,4.7,,,,,,
CFB,total,all,75,75,table,75.5,0.5194,0.0,0.4806,-108.0,108.0,4.7,,,,,,
CFB,total,all,75,75,table,76.0,0.5194,0.0303,0.4503,-115.0,115.0,7.3,,,,,,
CFB,total,all,75,75,table,76.5,0.5497,0.0,0.4503,-122.0,122.0,6.7,,,,,,
CFB,total,all,75,75,residual,73.5,0.472,0.0,0.528,112.0,-112.0,,,,,,,
CFB,total,all,75,75,residual,74.0,0.472,0.0236,0.5045,107.0,-107.0,5.0,,,,,,
CFB,total,all,75,75,residual,74.5,0.4955,0.0,0.5045,102.0,-102.0,5.1,,,,,,
CFB,total,all,75,75,residual,75.0,0.4955,0.0246,0.4799,-103.0,103.0,5.1,,,,,,
CFB,total,all,75,75,residual,75.5,0.5201,0.0,0.4799,-108.0,108.0,5.1,,,,,,
CFB,total,all,75,75,residual,76.0,0.5201,0.0236,0.4563,-114.0,114.0,5.6,,,,,,
CFB,total,all,75,75,residual,76.5,0.5437,0.0,0.4563,-119.0,119.0,5.2,,,,,,
CFB,total,all,75,75,"raw, market on K",75.0,,0.0,,,,,28.0,0.0,,,,
CFB,total,all,75,75,"raw, market a half-point from K",75.0,,0.0,,,,,46.0,0.0,,,,
CFB,total,all,76,76,table,74.5,0.4717,0.0,0.5283,112.0,-112.0,,,,,,,
CFB,total,all,76,76,table,75.0,0.4717,0.023,0.5053,107.0,-107.0,4.9,,,,,,
CFB,total,all,76,76,table,75.5,0.4947,0.0,0.5053,102.0,-102.0,5.0,,,,,,
CFB,total,all,76,76,table,76.0,0.4947,0.0305,0.4748,-104.0,104.0,6.3,,,,,,
CFB,total,all,76,76,table,76.5,0.5252,0.0,0.4748,-111.0,111.0,6.4,,,,,,
CFB,total,all,76,76,table,77.0,0.5252,0.0273,0.4475,-117.0,117.0,6.8,,,,,,
CFB,total,all,76,76,table,77.5,0.5525,0.0,0.4475,-123.0,123.0,6.1,,,,,,
CFB,total,all,76,76,residual,74.5,0.472,0.0,0.528,112.0,-112.0,,,,,,,
CFB,total,all,76,76,residual,75.0,0.472,0.0236,0.5045,107.0,-107.0,5.0,,,,,,
CFB,total,all,76,76,residual,75.5,0.4955,0.0,0.5045,102.0,-102.0,5.1,,,,,,
CFB,total,all,76,76,residual,76.0,0.4955,0.0246,0.4799,-103.0,103.0,5.1,,,,,,
CFB,total,all,76,76,residual,76.5,0.5201,0.0,0.4799,-108.0,108.0,5.1,,,,,,
CFB,total,all,76,76,residual,77.0,0.5201,0.0236,0.4563,-114.0,114.0,5.6,,,,,,
CFB,total,all,76,76,residual,77.5,0.5437,0.0,0.4563,-119.0,119.0,5.2,,,,,,
CFB,total,all,76,76,"raw, market on K",76.0,,0.0,,,,,14.0,0.0,,,,
CFB,total,all,76,76,"raw, market a half-point from K",76.0,,0.0488,,,,,41.0,2.0,,,,
CFB,total,all,77,77,table,75.5,0.4697,0.0,0.5303,113.0,-113.0,,,,,,,
CFB,total,all,77,77,table,76.0,0.4697,0.0308,0.4995,106.0,-106.0,6.6,,,,,,
CFB,total,all,77,77,table,76.5,0.5005,0.0,0.4995,-100.0,100.0,6.5,,,,,,
CFB,total,all,77,77,table,77.0,0.5005,0.0275,0.472,-106.0,106.0,5.8,,,,,,
CFB,total,all,77,77,table,77.5,0.528,0.0,0.472,-112.0,112.0,5.8,,,,,,
CFB,total,all,77,77,table,78.0,0.528,0.0137,0.4583,-115.0,115.0,3.3,,,,,,
CFB,total,all,77,77,table,78.5,0.5417,0.0,0.4583,-118.0,118.0,3.0,,,,,,
CFB,total,all,77,77,residual,75.5,0.472,0.0,0.528,112.0,-112.0,,,,,,,
CFB,total,all,77,77,residual,76.0,0.472,0.0236,0.5045,107.0,-107.0,5.0,,,,,,
CFB,total,all,77,77,residual,76.5,0.4955,0.0,0.5045,102.0,-102.0,5.1,,,,,,
CFB,total,all,77,77,residual,77.0,0.4955,0.0246,0.4799,-103.0,103.0,5.1,,,,,,
CFB,total,all,77,77,residual,77.5,0.5201,0.0,0.4799,-108.0,108.0,5.1,,,,,,
CFB,total,all,77,77,residual,78.0,0.5201,0.0236,0.4563,-114.0,114.0,5.6,,,,,,
CFB,total,all,77,77,residual,78.5,0.5437,0.0,0.4563,-119.0,119.0,5.2,,,,,,
CFB,total,all,77,77,"raw, market on K",77.0,,0.0,,,,,11.0,0.0,,,,
CFB,total,all,77,77,"raw, market a half-point from K",77.0,,0.0,,,,,36.0,0.0,,,,
CFB,total,all,78,78,table,76.5,0.4756,0.0,0.5244,110.0,-110.0,,,,,,,
CFB,total,all,78,78,table,77.0,0.4756,0.0277,0.4966,104.0,-104.0,5.8,,,,,,
CFB,total,all,78,78,table,77.5,0.5034,0.0,0.4966,-101.0,101.0,5.8,,,,,,
CFB,total,all,78,78,table,78.0,0.5034,0.0138,0.4828,-104.0,104.0,2.9,,,,,,
CFB,total,all,78,78,table,78.5,0.5172,0.0,0.4828,-107.0,107.0,2.9,,,,,,
CFB,total,all,78,78,table,79.0,0.5172,0.0289,0.4539,-114.0,114.0,6.8,,,,,,
CFB,total,all,78,78,table,79.5,0.5461,0.0,0.4539,-120.0,120.0,6.4,,,,,,
CFB,total,all,78,78,residual,76.5,0.472,0.0,0.528,112.0,-112.0,,,,,,,
CFB,total,all,78,78,residual,77.0,0.472,0.0236,0.5045,107.0,-107.0,5.0,,,,,,
CFB,total,all,78,78,residual,77.5,0.4955,0.0,0.5045,102.0,-102.0,5.1,,,,,,
CFB,total,all,78,78,residual,78.0,0.4955,0.0246,0.4799,-103.0,103.0,5.1,,,,,,
CFB,total,all,78,78,residual,78.5,0.5201,0.0,0.4799,-108.0,108.0,5.1,,,,,,
CFB,total,all,78,78,residual,79.0,0.5201,0.0236,0.4563,-114.0,114.0,5.6,,,,,,
CFB,total,all,78,78,residual,79.5,0.5437,0.0,0.4563,-119.0,119.0,5.2,,,,,,
CFB,total,all,78,78,"raw, market on K",78.0,,0.0,,,,,10.0,0.0,,,,
CFB,total,all,78,78,"raw, market a half-point from K",78.0,,0.0,,,,,22.0,0.0,,,,
CFB,total,all,79,79,table,77.5,0.4785,0.0,0.5215,109.0,-109.0,,,,,,,
CFB,total,all,79,79,table,78.0,0.4785,0.0139,0.5076,106.0,-106.0,2.9,,,,,,
CFB,total,all,79,79,table,78.5,0.4924,0.0,0.5076,103.0,-103.0,3.0,,,,,,
CFB,total,all,79,79,table,79.0,0.4924,0.0291,0.4785,-103.0,103.0,6.0,,,,,,
CFB,total,all,79,79,table,79.5,0.5215,0.0,0.4785,-109.0,109.0,6.1,,,,,,
CFB,total,all,79,79,table,80.0,0.5215,0.0276,0.4509,-116.0,116.0,6.7,,,,,,
CFB,total,all,79,79,table,80.5,0.5491,0.0,0.4509,-122.0,122.0,6.1,,,,,,
CFB,total,all,79,79,residual,77.5,0.472,0.0,0.528,112.0,-112.0,,,,,,,
CFB,total,all,79,79,residual,78.0,0.472,0.0236,0.5045,107.0,-107.0,5.0,,,,,,
CFB,total,all,79,79,residual,78.5,0.4955,0.0,0.5045,102.0,-102.0,5.1,,,,,,
CFB,total,all,79,79,residual,79.0,0.4955,0.0246,0.4799,-103.0,103.0,5.1,,,,,,
CFB,total,all,79,79,residual,79.5,0.5201,0.0,0.4799,-108.0,108.0,5.1,,,,,,
CFB,total,all,79,79,residual,80.0,0.5201,0.0236,0.4563,-114.0,114.0,5.6,,,,,,
CFB,total,all,79,79,residual,80.5,0.5437,0.0,0.4563,-119.0,119.0,5.2,,,,,,
CFB,total,all,79,79,"raw, market on K",79.0,,0.0,,,,,9.0,0.0,,,,
CFB,total,all,79,79,"raw, market a half-point from K",79.0,,0.0,,,,,12.0,0.0,,,,
CFB,total,all,80,80,table,78.5,0.4673,0.0,0.5327,114.0,-114.0,,,,,,,
CFB,total,all,80,80,table,79.0,0.4673,0.0294,0.5033,108.0,-108.0,6.3,,,,,,
CFB,total,all,80,80,table,79.5,0.4967,0.0,0.5033,101.0,-101.0,6.4,,,,,,
CFB,total,all,80,80,table,80.0,0.4967,0.0278,0.4755,-104.0,104.0,5.8,,,,,,
CFB,total,all,80,80,table,80.5,0.5245,0.0,0.4755,-110.0,110.0,5.8,,,,,,
CFB,total,all,80,80,table,81.0,0.5245,0.0143,0.4612,-114.0,114.0,3.4,,,,,,
CFB,total,all,80,80,table,81.5,0.5388,0.0,0.4612,-117.0,117.0,3.1,,,,,,
CFB,total,all,80,80,residual,78.5,0.472,0.0,0.528,112.0,-112.0,,,,,,,
CFB,total,all,80,80,residual,79.0,0.472,0.0236,0.5045,107.0,-107.0,5.0,,,,,,
CFB,total,all,80,80,residual,79.5,0.4955,0.0,0.5045,102.0,-102.0,5.1,,,,,,
CFB,total,all,80,80,residual,80.0,0.4955,0.0246,0.4799,-103.0,103.0,5.1,,,,,,
CFB,total,all,80,80,residual,80.5,0.5201,0.0,0.4799,-108.0,108.0,5.1,,,,,,
CFB,total,all,80,80,residual,81.0,0.5201,0.0236,0.4563,-114.0,114.0,5.6,,,,,,
CFB,total,all,80,80,residual,81.5,0.5437,0.0,0.4563,-119.0,119.0,5.2,,,,,,
CFB,total,all,80,80,"raw, market on K",80.0,,0.1429,,,,,7.0,1.0,,,,
CFB,total,all,80,80,"raw, market a half-point from K",80.0,,0.0,,,,,13.0,0.0,,,,
CFB,total,windy,35,35,table,33.5,0.4934,0.0,0.5066,103.0,-103.0,,,,,,,
CFB,total,windy,35,35,table,34.0,0.4934,0.0346,0.4719,-105.0,105.0,7.2,,,,,,
CFB,total,windy,35,35,table,34.5,0.5281,0.0,0.4719,-112.0,112.0,7.3,,,,,,
CFB,total,windy,35,35,table,35.0,0.5281,0.0243,0.4476,-118.0,118.0,6.1,,,,,,
CFB,total,windy,35,35,table,35.5,0.5524,0.0,0.4476,-123.0,123.0,5.4,,,,,,
CFB,total,windy,35,35,table,36.0,0.5524,0.0156,0.432,-128.0,128.0,4.4,,,,,,
CFB,total,windy,35,35,table,36.5,0.568,0.0,0.432,-131.0,131.0,3.6,,,,,,
CFB,total,windy,35,35,residual,33.5,0.5316,0.0,0.4684,-113.0,113.0,,,,,,,
CFB,total,windy,35,35,residual,34.0,0.5316,0.0211,0.4474,-119.0,119.0,5.3,,,,,,
CFB,total,windy,35,35,residual,34.5,0.5526,0.0,0.4474,-124.0,124.0,4.7,,,,,,
CFB,total,windy,35,35,residual,35.0,0.5526,0.0234,0.424,-130.0,130.0,6.8,,,,,,
CFB,total,windy,35,35,residual,35.5,0.576,0.0,0.424,-136.0,136.0,5.5,,,,,,
CFB,total,windy,35,35,residual,36.0,0.576,0.0298,0.3942,-146.0,146.0,10.3,,,,,,
CFB,total,windy,35,35,residual,36.5,0.6058,0.0,0.3942,-154.0,154.0,7.6,,,,,,
CFB,total,windy,35,35,"raw, market on K",35.0,,0.0,,,,,2.0,0.0,,,,
CFB,total,windy,35,35,"raw, market a half-point from K",35.0,,0.0,,,,,4.0,0.0,,,,
CFB,total,windy,36,36,table,34.5,0.5043,0.0,0.4957,-102.0,102.0,,,,,,,
CFB,total,windy,36,36,table,35.0,0.5043,0.0249,0.4708,-107.0,107.0,5.4,,,,,,
CFB,total,windy,36,36,table,35.5,0.5292,0.0,0.4708,-112.0,112.0,5.3,,,,,,
CFB,total,windy,36,36,table,36.0,0.5292,0.0159,0.4549,-116.0,116.0,3.9,,,,,,
CFB,total,windy,36,36,table,36.5,0.5451,0.0,0.4549,-120.0,120.0,3.5,,,,,,
CFB,total,windy,36,36,table,37.0,0.5451,0.0366,0.4183,-130.0,130.0,10.5,,,,,,
CFB,total,windy,36,36,table,37.5,0.5817,0.0,0.4183,-139.0,139.0,8.7,,,,,,
CFB,total,windy,36,36,residual,34.5,0.5316,0.0,0.4684,-113.0,113.0,,,,,,,
CFB,total,windy,36,36,residual,35.0,0.5316,0.0211,0.4474,-119.0,119.0,5.3,,,,,,
CFB,total,windy,36,36,residual,35.5,0.5526,0.0,0.4474,-124.0,124.0,4.7,,,,,,
CFB,total,windy,36,36,residual,36.0,0.5526,0.0234,0.424,-130.0,130.0,6.8,,,,,,
CFB,total,windy,36,36,residual,36.5,0.576,0.0,0.424,-136.0,136.0,5.5,,,,,,
CFB,total,windy,36,36,residual,37.0,0.576,0.0298,0.3942,-146.0,146.0,10.3,,,,,,
CFB,total,windy,36,36,residual,37.5,0.6058,0.0,0.3942,-154.0,154.0,7.6,,,,,,
CFB,total,windy,36,36,"raw, market on K",36.0,,0.0,,,,,2.0,0.0,,,,
CFB,total,windy,36,36,"raw, market a half-point from K",36.0,,0.0,,,,,6.0,0.0,,,,
CFB,total,windy,37,37,table,35.5,0.5053,0.0,0.4947,-102.0,102.0,,,,,,,
CFB,total,windy,37,37,table,36.0,0.5053,0.0163,0.4784,-106.0,106.0,3.5,,,,,,
CFB,total,windy,37,37,table,36.5,0.5216,0.0,0.4784,-109.0,109.0,3.4,,,,,,
CFB,total,windy,37,37,table,37.0,0.5216,0.0374,0.441,-118.0,118.0,9.2,,,,,,
CFB,total,windy,37,37,table,37.5,0.559,0.0,0.441,-127.0,127.0,8.5,,,,,,
CFB,total,windy,37,37,table,38.0,0.559,0.0328,0.4082,-137.0,137.0,10.2,,,,,,
CFB,total,windy,37,37,table,38.5,0.5918,0.0,0.4082,-145.0,145.0,8.0,,,,,,
CFB,total,windy,37,37,residual,35.5,0.5316,0.0,0.4684,-113.0,113.0,,,,,,,
CFB,total,windy,37,37,residual,36.0,0.5316,0.0211,0.4474,-119.0,119.0,5.3,,,,,,
CFB,total,windy,37,37,residual,36.5,0.5526,0.0,0.4474,-124.0,124.0,4.7,,,,,,
CFB,total,windy,37,37,residual,37.0,0.5526,0.0234,0.424,-130.0,130.0,6.8,,,,,,
CFB,total,windy,37,37,residual,37.5,0.576,0.0,0.424,-136.0,136.0,5.5,,,,,,
CFB,total,windy,37,37,residual,38.0,0.576,0.0298,0.3942,-146.0,146.0,10.3,,,,,,
CFB,total,windy,37,37,residual,38.5,0.6058,0.0,0.3942,-154.0,154.0,7.6,,,,,,
CFB,total,windy,37,37,"raw, market on K",37.0,,,,,,,0.0,0.0,,,,
CFB,total,windy,37,37,"raw, market a half-point from K",37.0,,0.0,,,,,8.0,0.0,,,,
CFB,total,windy,38,38,table,36.5,0.4972,0.0,0.5028,101.0,-101.0,,,,,,,
CFB,total,windy,38,38,table,37.0,0.4972,0.0384,0.4644,-107.0,107.0,8.2,,,,,,
CFB,total,windy,38,38,table,37.5,0.5356,0.0,0.4644,-115.0,115.0,8.3,,,,,,
CFB,total,windy,38,38,table,38.0,0.5356,0.0336,0.4309,-124.0,124.0,9.0,,,,,,
CFB,total,windy,38,38,table,38.5,0.5691,0.0,0.4309,-132.0,132.0,7.8,,,,,,
CFB,total,windy,38,38,table,39.0,0.5691,0.0116,0.4192,-136.0,136.0,3.7,,,,,,
CFB,total,windy,38,38,table,39.5,0.5808,0.0,0.4192,-139.0,139.0,2.8,,,,,,
CFB,total,windy,38,38,residual,36.5,0.5316,0.0,0.4684,-113.0,113.0,,,,,,,
CFB,total,windy,38,38,residual,37.0,0.5316,0.0211,0.4474,-119.0,119.0,5.3,,,,,,
CFB,total,windy,38,38,residual,37.5,0.5526,0.0,0.4474,-124.0,124.0,4.7,,,,,,
CFB,total,windy,38,38,residual,38.0,0.5526,0.0234,0.424,-130.0,130.0,6.8,,,,,,
CFB,total,windy,38,38,residual,38.5,0.576,0.0,0.424,-136.0,136.0,5.5,,,,,,
CFB,total,windy,38,38,residual,39.0,0.576,0.0298,0.3942,-146.0,146.0,10.3,,,,,,
CFB,total,windy,38,38,residual,39.5,0.6058,0.0,0.3942,-154.0,154.0,7.6,,,,,,
CFB,total,windy,38,38,"raw, market on K",38.0,,0.0,,,,,2.0,0.0,,,,
CFB,total,windy,38,38,"raw, market a half-point from K",38.0,,0.0,,,,,7.0,0.0,,,,
CFB,total,windy,39,39,table,37.5,0.5114,0.0,0.4886,-105.0,105.0,,,,,,,
CFB,total,windy,39,39,table,38.0,0.5114,0.0345,0.4542,-113.0,113.0,7.9,,,,,,
CFB,total,windy,39,39,table,38.5,0.5458,0.0,0.4542,-120.0,120.0,7.6,,,,,,
CFB,total,windy,39,39,table,39.0,0.5458,0.0119,0.4422,-123.0,123.0,3.2,,,,,,
CFB,total,windy,39,39,table,39.5,0.5578,0.0,0.4422,-126.0,126.0,2.7,,,,,,
CFB,total,windy,39,39,table,40.0,0.5578,0.0219,0.4204,-133.0,133.0,6.6,,,,,,
CFB,total,windy,39,39,table,40.5,0.5796,0.0,0.4204,-138.0,138.0,5.2,,,,,,
CFB,total,windy,39,39,residual,37.5,0.5316,0.0,0.4684,-113.0,113.0,,,,,,,
CFB,total,windy,39,39,residual,38.0,0.5316,0.0211,0.4474,-119.0,119.0,5.3,,,,,,
CFB,total,windy,39,39,residual,38.5,0.5526,0.0,0.4474,-124.0,124.0,4.7,,,,,,
CFB,total,windy,39,39,residual,39.0,0.5526,0.0234,0.424,-130.0,130.0,6.8,,,,,,
CFB,total,windy,39,39,residual,39.5,0.576,0.0,0.424,-136.0,136.0,5.5,,,,,,
CFB,total,windy,39,39,residual,40.0,0.576,0.0298,0.3942,-146.0,146.0,10.3,,,,,,
CFB,total,windy,39,39,residual,40.5,0.6058,0.0,0.3942,-154.0,154.0,7.6,,,,,,
CFB,total,windy,39,39,"raw, market on K",39.0,,0.3333,,,,,3.0,1.0,,,,
CFB,total,windy,39,39,"raw, market a half-point from K",39.0,,0.125,,,,,8.0,1.0,,,,
CFB,total,windy,40,40,table,38.5,0.5219,0.0,0.4781,-109.0,109.0,,,,,,,
CFB,total,windy,40,40,table,39.0,0.5219,0.0123,0.4659,-112.0,112.0,2.9,,,,,,
CFB,total,windy,40,40,table,39.5,0.5341,0.0,0.4659,-115.0,115.0,2.6,,,,,,
CFB,total,windy,40,40,table,40.0,0.5341,0.0224,0.4435,-120.0,120.0,5.8,,,,,,
CFB,total,windy,40,40,table,40.5,0.5565,0.0,0.4435,-126.0,126.0,5.1,,,,,,
CFB,total,windy,40,40,table,41.0,0.5565,0.0405,0.4029,-138.0,138.0,12.6,,,,,,
CFB,total,windy,40,40,table,41.5,0.5971,0.0,0.4029,-148.0,148.0,10.1,,,,,,
CFB,total,windy,40,40,residual,38.5,0.5316,0.0,0.4684,-113.0,113.0,,,,,,,
CFB,total,windy,40,40,residual,39.0,0.5316,0.0211,0.4474,-119.0,119.0,5.3,,,,,,
CFB,total,windy,40,40,residual,39.5,0.5526,0.0,0.4474,-124.0,124.0,4.7,,,,,,
CFB,total,windy,40,40,residual,40.0,0.5526,0.0234,0.424,-130.0,130.0,6.8,,,,,,
CFB,total,windy,40,40,residual,40.5,0.576,0.0,0.424,-136.0,136.0,5.5,,,,,,
CFB,total,windy,40,40,residual,41.0,0.576,0.0298,0.3942,-146.0,146.0,10.3,,,,,,
CFB,total,windy,40,40,residual,41.5,0.6058,0.0,0.3942,-154.0,154.0,7.6,,,,,,
CFB,total,windy,40,40,"raw, market on K",40.0,,0.0,,,,,7.0,0.0,,,,
CFB,total,windy,40,40,"raw, market a half-point from K",40.0,,0.0,,,,,12.0,0.0,,,,
CFB,total,windy,41,41,table,39.5,0.5096,0.0,0.4904,-104.0,104.0,,,,,,,
CFB,total,windy,41,41,table,40.0,0.5096,0.023,0.4674,-109.0,109.0,5.1,,,,,,
CFB,total,windy,41,41,table,40.5,0.5326,0.0,0.4674,-114.0,114.0,4.9,,,,,,
CFB,total,windy,41,41,table,41.0,0.5326,0.0416,0.4258,-125.0,125.0,11.1,,,,,,
CFB,total,windy,41,41,table,41.5,0.5742,0.0,0.4258,-135.0,135.0,9.8,,,,,,
CFB,total,windy,41,41,table,42.0,0.5742,0.018,0.4078,-141.0,141.0,6.0,,,,,,
CFB,total,windy,41,41,table,42.5,0.5922,0.0,0.4078,-145.0,145.0,4.4,,,,,,
CFB,total,windy,41,41,residual,39.5,0.5316,0.0,0.4684,-113.0,113.0,,,,,,,
CFB,total,windy,41,41,residual,40.0,0.5316,0.0211,0.4474,-119.0,119.0,5.3,,,,,,
CFB,total,windy,41,41,residual,40.5,0.5526,0.0,0.4474,-124.0,124.0,4.7,,,,,,
CFB,total,windy,41,41,residual,41.0,0.5526,0.0234,0.424,-130.0,130.0,6.8,,,,,,
CFB,total,windy,41,41,residual,41.5,0.576,0.0,0.424,-136.0,136.0,5.5,,,,,,
CFB,total,windy,41,41,residual,42.0,0.576,0.0298,0.3942,-146.0,146.0,10.3,,,,,,
CFB,total,windy,41,41,residual,42.5,0.6058,0.0,0.3942,-154.0,154.0,7.6,,,,,,
CFB,total,windy,41,41,"raw, market on K",41.0,,0.2222,,,,,9.0,2.0,,,,
CFB,total,windy,41,41,"raw, market a half-point from K",41.0,,0.1176,,,,,17.0,2.0,,,,
CFB,total,windy,42,42,table,40.5,0.5077,0.0,0.4923,-103.0,103.0,,,,,,,
CFB,total,windy,42,42,table,41.0,0.5077,0.0427,0.4496,-113.0,113.0,9.8,,,,,,
CFB,total,windy,42,42,table,41.5,0.5504,0.0,0.4496,-122.0,122.0,9.5,,,,,,
CFB,total,windy,42,42,table,42.0,0.5504,0.0185,0.4311,-128.0,128.0,5.3,,,,,,
CFB,total,windy,42,42,table,42.5,0.5689,0.0,0.4311,-132.0,132.0,4.3,,,,,,
CFB,total,windy,42,42,table,43.0,0.5689,0.0198,0.4113,-138.0,138.0,6.3,,,,,,
CFB,total,windy,42,42,table,43.5,0.5887,0.0,0.4113,-143.0,143.0,4.8,,,,,,
CFB,total,windy,42,42,residual,40.5,0.5316,0.0,0.4684,-113.0,113.0,,,,,,,
CFB,total,windy,42,42,residual,41.0,0.5316,0.0211,0.4474,-119.0,119.0,5.3,,,,,,
CFB,total,windy,42,42,residual,41.5,0.5526,0.0,0.4474,-124.0,124.0,4.7,,,,,,
CFB,total,windy,42,42,residual,42.0,0.5526,0.0234,0.424,-130.0,130.0,6.8,,,,,,
CFB,total,windy,42,42,residual,42.5,0.576,0.0,0.424,-136.0,136.0,5.5,,,,,,
CFB,total,windy,42,42,residual,43.0,0.576,0.0298,0.3942,-146.0,146.0,10.3,,,,,,
CFB,total,windy,42,42,residual,43.5,0.6058,0.0,0.3942,-154.0,154.0,7.6,,,,,,
CFB,total,windy,42,42,"raw, market on K",42.0,,0.0,,,,,11.0,0.0,,,,
CFB,total,windy,42,42,"raw, market a half-point from K",42.0,,0.0,,,,,28.0,0.0,,,,
CFB,total,windy,43,43,table,41.5,0.5259,0.0,0.4741,-111.0,111.0,,,,,,,
CFB,total,windy,43,43,table,42.0,0.5259,0.019,0.4551,-116.0,116.0,4.6,,,,,,
CFB,total,windy,43,43,table,42.5,0.5449,0.0,0.4551,-120.0,120.0,4.2,,,,,,
CFB,total,windy,43,43,table,43.0,0.5449,0.0203,0.4348,-125.0,125.0,5.6,,,,,,
CFB,total,windy,43,43,table,43.5,0.5652,0.0,0.4348,-130.0,130.0,4.7,,,,,,
CFB,total,windy,43,43,table,44.0,0.5652,0.0329,0.4019,-141.0,141.0,10.6,,,,,,
CFB,total,windy,43,43,table,44.5,0.5981,0.0,0.4019,-149.0,149.0,8.2,,,,,,
CFB,total,windy,43,43,residual,41.5,0.5316,0.0,0.4684,-113.0,113.0,,,,,,,
CFB,total,windy,43,43,residual,42.0,0.5316,0.0211,0.4474,-119.0,119.0,5.3,,,,,,
CFB,total,windy,43,43,residual,42.5,0.5526,0.0,0.4474,-124.0,124.0,4.7,,,,,,
CFB,total,windy,43,43,residual,43.0,0.5526,0.0234,0.424,-130.0,130.0,6.8,,,,,,
CFB,total,windy,43,43,residual,43.5,0.576,0.0,0.424,-136.0,136.0,5.5,,,,,,
CFB,total,windy,43,43,residual,44.0,0.576,0.0298,0.3942,-146.0,146.0,10.3,,,,,,
CFB,total,windy,43,43,residual,44.5,0.6058,0.0,0.3942,-154.0,154.0,7.6,,,,,,
CFB,total,windy,43,43,"raw, market on K",43.0,,0.0,,,,,13.0,0.0,,,,
CFB,total,windy,43,43,"raw, market a half-point from K",43.0,,0.0333,,,,,30.0,1.0,,,,
CFB,total,windy,44,44,table,42.5,0.5204,0.0,0.4796,-109.0,109.0,,,,,,,
CFB,total,windy,44,44,table,43.0,0.5204,0.0208,0.4587,-113.0,113.0,4.9,,,,,,
CFB,total,windy,44,44,table,43.5,0.5413,0.0,0.4587,-118.0,118.0,4.5,,,,,,
CFB,total,windy,44,44,table,44.0,0.5413,0.0337,0.425,-127.0,127.0,9.4,,,,,,
CFB,total,windy,44,44,table,44.5,0.575,0.0,0.425,-135.0,135.0,7.9,,,,,,
CFB,total,windy,44,44,table,45.0,0.575,0.0346,0.3903,-147.0,147.0,12.0,,,,,,
CFB,total,windy,44,44,table,45.5,0.6097,0.0,0.3903,-156.0,156.0,8.9,,,,,,
CFB,total,windy,44,44,residual,42.5,0.5316,0.0,0.4684,-113.0,113.0,,,,,,,
CFB,total,windy,44,44,residual,43.0,0.5316,0.0211,0.4474,-119.0,119.0,5.3,,,,,,
CFB,total,windy,44,44,residual,43.5,0.5526,0.0,0.4474,-124.0,124.0,4.7,,,,,,
CFB,total,windy,44,44,residual,44.0,0.5526,0.0234,0.424,-130.0,130.0,6.8,,,,,,
CFB,total,windy,44,44,residual,44.5,0.576,0.0,0.424,-136.0,136.0,5.5,,,,,,
CFB,total,windy,44,44,residual,45.0,0.576,0.0298,0.3942,-146.0,146.0,10.3,,,,,,
CFB,total,windy,44,44,residual,45.5,0.6058,0.0,0.3942,-154.0,154.0,7.6,,,,,,
CFB,total,windy,44,44,"raw, market on K",44.0,,0.0,,,,,14.0,0.0,,,,
CFB,total,windy,44,44,"raw, market a half-point from K",44.0,,0.0,,,,,42.0,0.0,,,,
CFB,total,windy,45,45,table,43.5,0.5166,0.0,0.4834,-107.0,107.0,,,,,,,
CFB,total,windy,45,45,table,44.0,0.5166,0.0347,0.4487,-115.0,115.0,8.3,,,,,,
CFB,total,windy,45,45,table,44.5,0.5513,0.0,0.4487,-123.0,123.0,7.7,,,,,,
CFB,total,windy,45,45,table,45.0,0.5513,0.0356,0.4131,-133.0,133.0,10.6,,,,,,
CFB,total,windy,45,45,table,45.5,0.5869,0.0,0.4131,-142.0,142.0,8.6,,,,,,
CFB,total,windy,45,45,table,46.0,0.5869,0.0118,0.4013,-146.0,146.0,4.2,,,,,,
CFB,total,windy,45,45,table,46.5,0.5987,0.0,0.4013,-149.0,149.0,2.9,,,,,,
CFB,total,windy,45,45,residual,43.5,0.5316,0.0,0.4684,-113.0,113.0,,,,,,,
CFB,total,windy,45,45,residual,44.0,0.5316,0.0211,0.4474,-119.0,119.0,5.3,,,,,,
CFB,total,windy,45,45,residual,44.5,0.5526,0.0,0.4474,-124.0,124.0,4.7,,,,,,
CFB,total,windy,45,45,residual,45.0,0.5526,0.0234,0.424,-130.0,130.0,6.8,,,,,,
CFB,total,windy,45,45,residual,45.5,0.576,0.0,0.424,-136.0,136.0,5.5,,,,,,
CFB,total,windy,45,45,residual,46.0,0.576,0.0298,0.3942,-146.0,146.0,10.3,,,,,,
CFB,total,windy,45,45,residual,46.5,0.6058,0.0,0.3942,-154.0,154.0,7.6,,,,,,
CFB,total,windy,45,45,"raw, market on K",45.0,,0.0,,,,,15.0,0.0,,,,
CFB,total,windy,45,45,"raw, market a half-point from K",45.0,,0.0222,,,,,45.0,1.0,,,,
CFB,total,windy,46,46,table,44.5,0.527,0.0,0.473,-111.0,111.0,,,,,,,
CFB,total,windy,46,46,table,45.0,0.527,0.0366,0.4365,-121.0,121.0,9.3,,,,,,
CFB,total,windy,46,46,table,45.5,0.5635,0.0,0.4365,-129.0,129.0,8.4,,,,,,
CFB,total,windy,46,46,table,46.0,0.5635,0.0121,0.4244,-133.0,133.0,3.7,,,,,,
CFB,total,windy,46,46,table,46.5,0.5756,0.0,0.4244,-136.0,136.0,2.9,,,,,,
CFB,total,windy,46,46,table,47.0,0.5756,0.0242,0.4002,-144.0,144.0,8.2,,,,,,
CFB,total,windy,46,46,table,47.5,0.5998,0.0,0.4002,-150.0,150.0,6.0,,,,,,
CFB,total,windy,46,46,residual,44.5,0.5316,0.0,0.4684,-113.0,113.0,,,,,,,
CFB,total,windy,46,46,residual,45.0,0.5316,0.0211,0.4474,-119.0,119.0,5.3,,,,,,
CFB,total,windy,46,46,residual,45.5,0.5526,0.0,0.4474,-124.0,124.0,4.7,,,,,,
CFB,total,windy,46,46,residual,46.0,0.5526,0.0234,0.424,-130.0,130.0,6.8,,,,,,
CFB,total,windy,46,46,residual,46.5,0.576,0.0,0.424,-136.0,136.0,5.5,,,,,,
CFB,total,windy,46,46,residual,47.0,0.576,0.0298,0.3942,-146.0,146.0,10.3,,,,,,
CFB,total,windy,46,46,residual,47.5,0.6058,0.0,0.3942,-154.0,154.0,7.6,,,,,,
CFB,total,windy,46,46,"raw, market on K",46.0,,0.0,,,,,12.0,0.0,,,,
CFB,total,windy,46,46,"raw, market a half-point from K",46.0,,0.0,,,,,36.0,0.0,,,,
CFB,total,windy,47,47,table,45.5,0.5395,0.0,0.4605,-117.0,117.0,,,,,,,
CFB,total,windy,47,47,table,46.0,0.5395,0.0125,0.448,-120.0,120.0,3.3,,,,,,
CFB,total,windy,47,47,table,46.5,0.552,0.0,0.448,-123.0,123.0,2.8,,,,,,
CFB,total,windy,47,47,table,47.0,0.552,0.0249,0.4232,-130.0,130.0,7.2,,,,,,
CFB,total,windy,47,47,table,47.5,0.5768,0.0,0.4232,-136.0,136.0,5.9,,,,,,
CFB,total,windy,47,47,table,48.0,0.5768,0.0317,0.3915,-147.0,147.0,11.0,,,,,,
CFB,total,windy,47,47,table,48.5,0.6085,0.0,0.3915,-155.0,155.0,8.1,,,,,,
CFB,total,windy,47,47,residual,45.5,0.5316,0.0,0.4684,-113.0,113.0,,,,,,,
CFB,total,windy,47,47,residual,46.0,0.5316,0.0211,0.4474,-119.0,119.0,5.3,,,,,,
CFB,total,windy,47,47,residual,46.5,0.5526,0.0,0.4474,-124.0,124.0,4.7,,,,,,
CFB,total,windy,47,47,residual,47.0,0.5526,0.0234,0.424,-130.0,130.0,6.8,,,,,,
CFB,total,windy,47,47,residual,47.5,0.576,0.0,0.424,-136.0,136.0,5.5,,,,,,
CFB,total,windy,47,47,residual,48.0,0.576,0.0298,0.3942,-146.0,146.0,10.3,,,,,,
CFB,total,windy,47,47,residual,48.5,0.6058,0.0,0.3942,-154.0,154.0,7.6,,,,,,
CFB,total,windy,47,47,"raw, market on K",47.0,,0.0,,,,,19.0,0.0,,,,
CFB,total,windy,47,47,"raw, market a half-point from K",47.0,,0.0222,,,,,45.0,1.0,,,,
CFB,total,windy,48,48,table,46.5,0.5272,0.0,0.4728,-112.0,112.0,,,,,,,
CFB,total,windy,48,48,table,47.0,0.5272,0.0256,0.4472,-118.0,118.0,6.4,,,,,,
CFB,total,windy,48,48,table,47.5,0.5528,0.0,0.4472,-124.0,124.0,5.7,,,,,,
CFB,total,windy,48,48,table,48.0,0.5528,0.0326,0.4146,-133.0,133.0,9.7,,,,,,
CFB,total,windy,48,48,table,48.5,0.5854,0.0,0.4146,-141.0,141.0,7.9,,,,,,
CFB,total,windy,48,48,table,49.0,0.5854,0.0242,0.3904,-150.0,150.0,8.7,,,,,,
CFB,total,windy,48,48,table,49.5,0.6096,0.0,0.3904,-156.0,156.0,6.2,,,,,,
CFB,total,windy,48,48,residual,46.5,0.5316,0.0,0.4684,-113.0,113.0,,,,,,,
CFB,total,windy,48,48,residual,47.0,0.5316,0.0211,0.4474,-119.0,119.0,5.3,,,,,,
CFB,total,windy,48,48,residual,47.5,0.5526,0.0,0.4474,-124.0,124.0,4.7,,,,,,
CFB,total,windy,48,48,residual,48.0,0.5526,0.0234,0.424,-130.0,130.0,6.8,,,,,,
CFB,total,windy,48,48,residual,48.5,0.576,0.0,0.424,-136.0,136.0,5.5,,,,,,
CFB,total,windy,48,48,residual,49.0,0.576,0.0298,0.3942,-146.0,146.0,10.3,,,,,,
CFB,total,windy,48,48,residual,49.5,0.6058,0.0,0.3942,-154.0,154.0,7.6,,,,,,
CFB,total,windy,48,48,"raw, market on K",48.0,,0.0476,,,,,21.0,1.0,,,,
CFB,total,windy,48,48,"raw, market a half-point from K",48.0,,0.0339,,,,,59.0,2.0,,,,
CFB,total,windy,49,49,table,47.5,0.5277,0.0,0.4723,-112.0,112.0,,,,,,,
CFB,total,windy,49,49,table,48.0,0.5277,0.0336,0.4388,-120.0,120.0,8.5,,,,,,
CFB,total,windy,49,49,table,48.5,0.5612,0.0,0.4388,-128.0,128.0,7.7,,,,,,
CFB,total,windy,49,49,table,49.0,0.5612,0.0249,0.4139,-136.0,136.0,7.7,,,,,,
CFB,total,windy,49,49,table,49.5,0.5861,0.0,0.4139,-142.0,142.0,6.0,,,,,,
CFB,total,windy,49,49,table,50.0,0.5861,0.0147,0.3992,-147.0,147.0,5.2,,,,,,
CFB,total,windy,49,49,table,50.5,0.6008,0.0,0.3992,-150.0,150.0,3.7,,,,,,
CFB,total,windy,49,49,residual,47.5,0.5316,0.0,0.4684,-113.0,113.0,,,,,,,
CFB,total,windy,49,49,residual,48.0,0.5316,0.0211,0.4474,-119.0,119.0,5.3,,,,,,
CFB,total,windy,49,49,residual,48.5,0.5526,0.0,0.4474,-124.0,124.0,4.7,,,,,,
CFB,total,windy,49,49,residual,49.0,0.5526,0.0234,0.424,-130.0,130.0,6.8,,,,,,
CFB,total,windy,49,49,residual,49.5,0.576,0.0,0.424,-136.0,136.0,5.5,,,,,,
CFB,total,windy,49,49,residual,50.0,0.576,0.0298,0.3942,-146.0,146.0,10.3,,,,,,
CFB,total,windy,49,49,residual,50.5,0.6058,0.0,0.3942,-154.0,154.0,7.6,,,,,,
CFB,total,windy,49,49,"raw, market on K",49.0,,0.0,,,,,15.0,0.0,,,,
CFB,total,windy,49,49,"raw, market a half-point from K",49.0,,0.0,,,,,60.0,0.0,,,,
CFB,total,windy,50,50,table,48.5,0.5361,0.0,0.4639,-116.0,116.0,,,,,,,
CFB,total,windy,50,50,table,49.0,0.5361,0.0256,0.4383,-122.0,122.0,6.8,,,,,,
CFB,total,windy,50,50,table,49.5,0.5617,0.0,0.4383,-128.0,128.0,5.8,,,,,,
CFB,total,windy,50,50,table,50.0,0.5617,0.0151,0.4232,-133.0,133.0,4.6,,,,,,
CFB,total,windy,50,50,table,50.5,0.5768,0.0,0.4232,-136.0,136.0,3.6,,,,,,
CFB,total,windy,50,50,table,51.0,0.5768,0.033,0.3902,-148.0,148.0,11.5,,,,,,
CFB,total,windy,50,50,table,51.5,0.6098,0.0,0.3902,-156.0,156.0,8.5,,,,,,
CFB,total,windy,50,50,residual,48.5,0.5316,0.0,0.4684,-113.0,113.0,,,,,,,
CFB,total,windy,50,50,residual,49.0,0.5316,0.0211,0.4474,-119.0,119.0,5.3,,,,,,
CFB,total,windy,50,50,residual,49.5,0.5526,0.0,0.4474,-124.0,124.0,4.7,,,,,,
CFB,total,windy,50,50,residual,50.0,0.5526,0.0234,0.424,-130.0,130.0,6.8,,,,,,
CFB,total,windy,50,50,residual,50.5,0.576,0.0,0.424,-136.0,136.0,5.5,,,,,,
CFB,total,windy,50,50,residual,51.0,0.576,0.0298,0.3942,-146.0,146.0,10.3,,,,,,
CFB,total,windy,50,50,residual,51.5,0.6058,0.0,0.3942,-154.0,154.0,7.6,,,,,,
CFB,total,windy,50,50,"raw, market on K",50.0,,0.0556,,,,,18.0,1.0,,,,
CFB,total,windy,50,50,"raw, market a half-point from K",50.0,,0.04,,,,,50.0,2.0,,,,
CFB,total,windy,51,51,table,49.5,0.5367,0.0,0.4633,-116.0,116.0,,,,,,,
CFB,total,windy,51,51,table,50.0,0.5367,0.0156,0.4477,-120.0,120.0,4.0,,,,,,
CFB,total,windy,51,51,table,50.5,0.5523,0.0,0.4477,-123.0,123.0,3.5,,,,,,
CFB,total,windy,51,51,table,51.0,0.5523,0.0339,0.4138,-133.0,133.0,10.1,,,,,,
CFB,total,windy,51,51,table,51.5,0.5862,0.0,0.4138,-142.0,142.0,8.2,,,,,,
CFB,total,windy,51,51,table,52.0,0.5862,0.0285,0.3853,-152.0,152.0,10.5,,,,,,
CFB,total,windy,51,51,table,52.5,0.6147,0.0,0.3853,-160.0,160.0,7.4,,,,,,
CFB,total,windy,51,51,residual,49.5,0.5316,0.0,0.4684,-113.0,113.0,,,,,,,
CFB,total,windy,51,51,residual,50.0,0.5316,0.0211,0.4474,-119.0,119.0,5.3,,,,,,
CFB,total,windy,51,51,residual,50.5,0.5526,0.0,0.4474,-124.0,124.0,4.7,,,,,,
CFB,total,windy,51,51,residual,51.0,0.5526,0.0234,0.424,-130.0,130.0,6.8,,,,,,
CFB,total,windy,51,51,residual,51.5,0.576,0.0,0.424,-136.0,136.0,5.5,,,,,,
CFB,total,windy,51,51,residual,52.0,0.576,0.0298,0.3942,-146.0,146.0,10.3,,,,,,
CFB,total,windy,51,51,residual,52.5,0.6058,0.0,0.3942,-154.0,154.0,7.6,,,,,,
CFB,total,windy,51,51,"raw, market on K",51.0,,0.0714,,,,,14.0,1.0,,,,
CFB,total,windy,51,51,"raw, market a half-point from K",51.0,,0.0408,,,,,49.0,2.0,,,,
CFB,total,windy,52,52,table,50.5,0.527,0.0,0.473,-111.0,111.0,,,,,,,
CFB,total,windy,52,52,table,51.0,0.527,0.035,0.438,-120.0,120.0,8.9,,,,,,
CFB,total,windy,52,52,table,51.5,0.562,0.0,0.438,-128.0,128.0,8.0,,,,,,
CFB,total,windy,52,52,table,52.0,0.562,0.0293,0.4087,-138.0,138.0,9.2,,,,,,
CFB,total,windy,52,52,table,52.5,0.5913,0.0,0.4087,-145.0,145.0,7.2,,,,,,
CFB,total,windy,52,52,table,53.0,0.5913,0.014,0.3947,-150.0,150.0,5.1,,,,,,
CFB,total,windy,52,52,table,53.5,0.6053,0.0,0.3947,-153.0,153.0,3.6,,,,,,
CFB,total,windy,52,52,residual,50.5,0.5316,0.0,0.4684,-113.0,113.0,,,,,,,
CFB,total,windy,52,52,residual,51.0,0.5316,0.0211,0.4474,-119.0,119.0,5.3,,,,,,
CFB,total,windy,52,52,residual,51.5,0.5526,0.0,0.4474,-124.0,124.0,4.7,,,,,,
CFB,total,windy,52,52,residual,52.0,0.5526,0.0234,0.424,-130.0,130.0,6.8,,,,,,
CFB,total,windy,52,52,residual,52.5,0.576,0.0,0.424,-136.0,136.0,5.5,,,,,,
CFB,total,windy,52,52,residual,53.0,0.576,0.0298,0.3942,-146.0,146.0,10.3,,,,,,
CFB,total,windy,52,52,residual,53.5,0.6058,0.0,0.3942,-154.0,154.0,7.6,,,,,,
CFB,total,windy,52,52,"raw, market on K",52.0,,0.0556,,,,,18.0,1.0,,,,
CFB,total,windy,52,52,"raw, market a half-point from K",52.0,,0.0784,,,,,51.0,4.0,,,,
CFB,total,windy,53,53,table,51.5,0.5371,0.0,0.4629,-116.0,116.0,,,,,,,
CFB,total,windy,53,53,table,52.0,0.5371,0.0302,0.4327,-124.0,124.0,8.1,,,,,,
CFB,total,windy,53,53,table,52.5,0.5673,0.0,0.4327,-131.0,131.0,7.0,,,,,,
CFB,total,windy,53,53,table,53.0,0.5673,0.0144,0.4182,-136.0,136.0,4.5,,,,,,
CFB,total,windy,53,53,table,53.5,0.5818,0.0,0.4182,-139.0,139.0,3.5,,,,,,
CFB,total,windy,53,53,table,54.0,0.5818,0.0207,0.3976,-146.0,146.0,7.2,,,,,,
CFB,total,windy,53,53,table,54.5,0.6024,0.0,0.3976,-152.0,152.0,5.2,,,,,,
CFB,total,windy,53,53,residual,51.5,0.5316,0.0,0.4684,-113.0,113.0,,,,,,,
CFB,total,windy,53,53,residual,52.0,0.5316,0.0211,0.4474,-119.0,119.0,5.3,,,,,,
CFB,total,windy,53,53,residual,52.5,0.5526,0.0,0.4474,-124.0,124.0,4.7,,,,,,
CFB,total,windy,53,53,residual,53.0,0.5526,0.0234,0.424,-130.0,130.0,6.8,,,,,,
CFB,total,windy,53,53,residual,53.5,0.576,0.0,0.424,-136.0,136.0,5.5,,,,,,
CFB,total,windy,53,53,residual,54.0,0.576,0.0298,0.3942,-146.0,146.0,10.3,,,,,,
CFB,total,windy,53,53,residual,54.5,0.6058,0.0,0.3942,-154.0,154.0,7.6,,,,,,
CFB,total,windy,53,53,"raw, market on K",53.0,,0.0,,,,,12.0,0.0,,,,
CFB,total,windy,53,53,"raw, market a half-point from K",53.0,,0.0204,,,,,49.0,1.0,,,,
CFB,total,windy,54,54,table,52.5,0.5427,0.0,0.4573,-119.0,119.0,,,,,,,
CFB,total,windy,54,54,table,53.0,0.5427,0.0149,0.4424,-123.0,123.0,4.0,,,,,,
CFB,total,windy,54,54,table,53.5,0.5576,0.0,0.4424,-126.0,126.0,3.4,,,,,,
CFB,total,windy,54,54,table,54.0,0.5576,0.0213,0.4212,-132.0,132.0,6.4,,,,,,
CFB,total,windy,54,54,table,54.5,0.5788,0.0,0.4212,-137.0,137.0,5.0,,,,,,
CFB,total,windy,54,54,table,55.0,0.5788,0.0389,0.3822,-151.0,151.0,14.0,,,,,,
CFB,total,windy,54,54,table,55.5,0.6178,0.0,0.3822,-162.0,162.0,10.2,,,,,,
CFB,total,windy,54,54,residual,52.5,0.5316,0.0,0.4684,-113.0,113.0,,,,,,,
CFB,total,windy,54,54,residual,53.0,0.5316,0.0211,0.4474,-119.0,119.0,5.3,,,,,,
CFB,total,windy,54,54,residual,53.5,0.5526,0.0,0.4474,-124.0,124.0,4.7,,,,,,
CFB,total,windy,54,54,residual,54.0,0.5526,0.0234,0.424,-130.0,130.0,6.8,,,,,,
CFB,total,windy,54,54,residual,54.5,0.576,0.0,0.424,-136.0,136.0,5.5,,,,,,
CFB,total,windy,54,54,residual,55.0,0.576,0.0298,0.3942,-146.0,146.0,10.3,,,,,,
CFB,total,windy,54,54,residual,55.5,0.6058,0.0,0.3942,-154.0,154.0,7.6,,,,,,
CFB,total,windy,54,54,"raw, market on K",54.0,,0.0,,,,,18.0,0.0,,,,
CFB,total,windy,54,54,"raw, market a half-point from K",54.0,,0.0204,,,,,49.0,1.0,,,,
CFB,total,windy,55,55,table,53.5,0.5325,0.0,0.4675,-114.0,114.0,,,,,,,
CFB,total,windy,55,55,table,54.0,0.5325,0.0219,0.4456,-119.0,119.0,5.6,,,,,,
CFB,total,windy,55,55,table,54.5,0.5544,0.0,0.4456,-124.0,124.0,4.9,,,,,,
CFB,total,windy,55,55,table,55.0,0.5544,0.0401,0.4055,-137.0,137.0,12.3,,,,,,
CFB,total,windy,55,55,table,55.5,0.5945,0.0,0.4055,-147.0,147.0,9.9,,,,,,
CFB,total,windy,55,55,table,56.0,0.5945,0.0188,0.3867,-154.0,154.0,7.1,,,,,,
CFB,total,windy,55,55,table,56.5,0.6133,0.0,0.3867,-159.0,159.0,4.9,,,,,,
CFB,total,windy,55,55,residual,53.5,0.5316,0.0,0.4684,-113.0,113.0,,,,,,,
CFB,total,windy,55,55,residual,54.0,0.5316,0.0211,0.4474,-119.0,119.0,5.3,,,,,,
CFB,total,windy,55,55,residual,54.5,0.5526,0.0,0.4474,-124.0,124.0,4.7,,,,,,
CFB,total,windy,55,55,residual,55.0,0.5526,0.0234,0.424,-130.0,130.0,6.8,,,,,,
CFB,total,windy,55,55,residual,55.5,0.576,0.0,0.424,-136.0,136.0,5.5,,,,,,
CFB,total,windy,55,55,residual,56.0,0.576,0.0298,0.3942,-146.0,146.0,10.3,,,,,,
CFB,total,windy,55,55,residual,56.5,0.6058,0.0,0.3942,-154.0,154.0,7.6,,,,,,
CFB,total,windy,55,55,"raw, market on K",55.0,,0.0556,,,,,18.0,1.0,,,,
CFB,total,windy,55,55,"raw, market a half-point from K",55.0,,0.0625,,,,,48.0,3.0,,,,
CFB,total,windy,56,56,table,54.5,0.5288,0.0,0.4712,-112.0,112.0,,,,,,,
CFB,total,windy,56,56,table,55.0,0.5288,0.0413,0.4298,-123.0,123.0,10.8,,,,,,
CFB,total,windy,56,56,table,55.5,0.5702,0.0,0.4298,-133.0,133.0,9.6,,,,,,
CFB,total,windy,56,56,table,56.0,0.5702,0.0194,0.4105,-139.0,139.0,6.3,,,,,,
CFB,total,windy,56,56,table,56.5,0.5895,0.0,0.4105,-144.0,144.0,4.7,,,,,,
CFB,total,windy,56,56,table,57.0,0.5895,0.0203,0.3902,-151.0,151.0,7.5,,,,,,
CFB,total,windy,56,56,table,57.5,0.6098,0.0,0.3902,-156.0,156.0,5.2,,,,,,
CFB,total,windy,56,56,residual,54.5,0.5316,0.0,0.4684,-113.0,113.0,,,,,,,
CFB,total,windy,56,56,residual,55.0,0.5316,0.0211,0.4474,-119.0,119.0,5.3,,,,,,
CFB,total,windy,56,56,residual,55.5,0.5526,0.0,0.4474,-124.0,124.0,4.7,,,,,,
CFB,total,windy,56,56,residual,56.0,0.5526,0.0234,0.424,-130.0,130.0,6.8,,,,,,
CFB,total,windy,56,56,residual,56.5,0.576,0.0,0.424,-136.0,136.0,5.5,,,,,,
CFB,total,windy,56,56,residual,57.0,0.576,0.0298,0.3942,-146.0,146.0,10.3,,,,,,
CFB,total,windy,56,56,residual,57.5,0.6058,0.0,0.3942,-154.0,154.0,7.6,,,,,,
CFB,total,windy,56,56,"raw, market on K",56.0,,0.0,,,,,18.0,0.0,,,,
CFB,total,windy,56,56,"raw, market a half-point from K",56.0,,0.0227,,,,,44.0,1.0,,,,
CFB,total,windy,57,57,table,55.5,0.5451,0.0,0.4549,-120.0,120.0,,,,,,,
CFB,total,windy,57,57,table,56.0,0.5451,0.02,0.4349,-125.0,125.0,5.5,,,,,,
CFB,total,windy,57,57,table,56.5,0.5651,0.0,0.4349,-130.0,130.0,4.6,,,,,,
CFB,total,windy,57,57,table,57.0,0.5651,0.0209,0.414,-136.0,136.0,6.6,,,,,,
CFB,total,windy,57,57,table,57.5,0.586,0.0,0.414,-142.0,142.0,5.1,,,,,,
CFB,total,windy,57,57,table,58.0,0.586,0.0297,0.3844,-152.0,152.0,10.9,,,,,,
CFB,total,windy,57,57,table,58.5,0.6156,0.0,0.3844,-160.0,160.0,7.7,,,,,,
CFB,total,windy,57,57,residual,55.5,0.5316,0.0,0.4684,-113.0,113.0,,,,,,,
CFB,total,windy,57,57,residual,56.0,0.5316,0.0211,0.4474,-119.0,119.0,5.3,,,,,,
CFB,total,windy,57,57,residual,56.5,0.5526,0.0,0.4474,-124.0,124.0,4.7,,,,,,
CFB,total,windy,57,57,residual,57.0,0.5526,0.0234,0.424,-130.0,130.0,6.8,,,,,,
CFB,total,windy,57,57,residual,57.5,0.576,0.0,0.424,-136.0,136.0,5.5,,,,,,
CFB,total,windy,57,57,residual,58.0,0.576,0.0298,0.3942,-146.0,146.0,10.3,,,,,,
CFB,total,windy,57,57,residual,58.5,0.6058,0.0,0.3942,-154.0,154.0,7.6,,,,,,
CFB,total,windy,57,57,"raw, market on K",57.0,,0.0,,,,,15.0,0.0,,,,
CFB,total,windy,57,57,"raw, market a half-point from K",57.0,,0.0,,,,,39.0,0.0,,,,
CFB,total,windy,58,58,table,56.5,0.5399,0.0,0.4601,-117.0,117.0,,,,,,,
CFB,total,windy,58,58,table,57.0,0.5399,0.0216,0.4385,-123.0,123.0,5.8,,,,,,
CFB,total,windy,58,58,table,57.5,0.5615,0.0,0.4385,-128.0,128.0,4.9,,,,,,
CFB,total,windy,58,58,table,58.0,0.5615,0.0306,0.4079,-138.0,138.0,9.6,,,,,,
CFB,total,windy,58,58,table,58.5,0.5921,0.0,0.4079,-145.0,145.0,7.5,,,,,,
CFB,total,windy,58,58,table,59.0,0.5921,0.0309,0.377,-157.0,157.0,11.9,,,,,,
CFB,total,windy,58,58,table,59.5,0.623,0.0,0.377,-165.0,165.0,8.2,,,,,,
CFB,total,windy,58,58,residual,56.5,0.5316,0.0,0.4684,-113.0,113.0,,,,,,,
CFB,total,windy,58,58,residual,57.0,0.5316,0.0211,0.4474,-119.0,119.0,5.3,,,,,,
CFB,total,windy,58,58,residual,57.5,0.5526,0.0,0.4474,-124.0,124.0,4.7,,,,,,
CFB,total,windy,58,58,residual,58.0,0.5526,0.0234,0.424,-130.0,130.0,6.8,,,,,,
CFB,total,windy,58,58,residual,58.5,0.576,0.0,0.424,-136.0,136.0,5.5,,,,,,
CFB,total,windy,58,58,residual,59.0,0.576,0.0298,0.3942,-146.0,146.0,10.3,,,,,,
CFB,total,windy,58,58,residual,59.5,0.6058,0.0,0.3942,-154.0,154.0,7.6,,,,,,
CFB,total,windy,58,58,"raw, market on K",58.0,,0.0,,,,,17.0,0.0,,,,
CFB,total,windy,58,58,"raw, market a half-point from K",58.0,,0.0541,,,,,37.0,2.0,,,,
CFB,total,windy,59,59,table,57.5,0.5362,0.0,0.4638,-116.0,116.0,,,,,,,
CFB,total,windy,59,59,table,58.0,0.5362,0.0315,0.4323,-124.0,124.0,8.4,,,,,,
CFB,total,windy,59,59,table,58.5,0.5677,0.0,0.4323,-131.0,131.0,7.3,,,,,,
CFB,total,windy,59,59,table,59.0,0.5677,0.0319,0.4004,-142.0,142.0,10.5,,,,,,
CFB,total,windy,59,59,table,59.5,0.5996,0.0,0.4004,-150.0,150.0,8.0,,,,,,
CFB,total,windy,59,59,table,60.0,0.5996,0.0116,0.3888,-154.0,154.0,4.5,,,,,,
CFB,total,windy,59,59,table,60.5,0.6112,0.0,0.3888,-157.0,157.0,3.0,,,,,,
CFB,total,windy,59,59,residual,57.5,0.5316,0.0,0.4684,-113.0,113.0,,,,,,,
CFB,total,windy,59,59,residual,58.0,0.5316,0.0211,0.4474,-119.0,119.0,5.3,,,,,,
CFB,total,windy,59,59,residual,58.5,0.5526,0.0,0.4474,-124.0,124.0,4.7,,,,,,
CFB,total,windy,59,59,residual,59.0,0.5526,0.0234,0.424,-130.0,130.0,6.8,,,,,,
CFB,total,windy,59,59,residual,59.5,0.576,0.0,0.424,-136.0,136.0,5.5,,,,,,
CFB,total,windy,59,59,residual,60.0,0.576,0.0298,0.3942,-146.0,146.0,10.3,,,,,,
CFB,total,windy,59,59,residual,60.5,0.6058,0.0,0.3942,-154.0,154.0,7.6,,,,,,
CFB,total,windy,59,59,"raw, market on K",59.0,,0.0588,,,,,17.0,1.0,,,,
CFB,total,windy,59,59,"raw, market a half-point from K",59.0,,0.0,,,,,36.0,0.0,,,,
CFB,total,windy,60,60,table,58.5,0.5424,0.0,0.4576,-119.0,119.0,,,,,,,
CFB,total,windy,60,60,table,59.0,0.5424,0.0329,0.4246,-128.0,128.0,9.2,,,,,,
CFB,total,windy,60,60,table,59.5,0.5754,0.0,0.4246,-135.0,135.0,7.8,,,,,,
CFB,total,windy,60,60,table,60.0,0.5754,0.0119,0.4127,-139.0,139.0,3.9,,,,,,
CFB,total,windy,60,60,table,60.5,0.5873,0.0,0.4127,-142.0,142.0,2.9,,,,,,
CFB,total,windy,60,60,table,61.0,0.5873,0.024,0.3887,-151.0,151.0,8.8,,,,,,
CFB,total,windy,60,60,table,61.5,0.6113,0.0,0.3887,-157.0,157.0,6.2,,,,,,
CFB,total,windy,60,60,residual,58.5,0.5316,0.0,0.4684,-113.0,113.0,,,,,,,
CFB,total,windy,60,60,residual,59.0,0.5316,0.0211,0.4474,-119.0,119.0,5.3,,,,,,
CFB,total,windy,60,60,residual,59.5,0.5526,0.0,0.4474,-124.0,124.0,4.7,,,,,,
CFB,total,windy,60,60,residual,60.0,0.5526,0.0234,0.424,-130.0,130.0,6.8,,,,,,
CFB,total,windy,60,60,residual,60.5,0.576,0.0,0.424,-136.0,136.0,5.5,,,,,,
CFB,total,windy,60,60,residual,61.0,0.576,0.0298,0.3942,-146.0,146.0,10.3,,,,,,
CFB,total,windy,60,60,residual,61.5,0.6058,0.0,0.3942,-154.0,154.0,7.6,,,,,,
CFB,total,windy,60,60,"raw, market on K",60.0,,0.0,,,,,9.0,0.0,,,,
CFB,total,windy,60,60,"raw, market a half-point from K",60.0,,0.0,,,,,26.0,0.0,,,,
CFB,total,windy,61,61,table,59.5,0.5502,0.0,0.4498,-122.0,122.0,,,,,,,
CFB,total,windy,61,61,table,60.0,0.5502,0.0123,0.4375,-126.0,126.0,3.4,,,,,,
CFB,total,windy,61,61,table,60.5,0.5625,0.0,0.4375,-129.0,129.0,2.8,,,,,,
CFB,total,windy,61,61,table,61.0,0.5625,0.0247,0.4128,-136.0,136.0,7.7,,,,,,
CFB,total,windy,61,61,table,61.5,0.5872,0.0,0.4128,-142.0,142.0,6.0,,,,,,
CFB,total,windy,61,61,table,62.0,0.5872,0.0285,0.3843,-153.0,153.0,10.6,,,,,,
CFB,total,windy,61,61,table,62.5,0.6157,0.0,0.3843,-160.0,160.0,7.4,,,,,,
CFB,total,windy,61,61,residual,59.5,0.5316,0.0,0.4684,-113.0,113.0,,,,,,,
CFB,total,windy,61,61,residual,60.0,0.5316,0.0211,0.4474,-119.0,119.0,5.3,,,,,,
CFB,total,windy,61,61,residual,60.5,0.5526,0.0,0.4474,-124.0,124.0,4.7,,,,,,
CFB,total,windy,61,61,residual,61.0,0.5526,0.0234,0.424,-130.0,130.0,6.8,,,,,,
CFB,total,windy,61,61,residual,61.5,0.576,0.0,0.424,-136.0,136.0,5.5,,,,,,
CFB,total,windy,61,61,residual,62.0,0.576,0.0298,0.3942,-146.0,146.0,10.3,,,,,,
CFB,total,windy,61,61,residual,62.5,0.6058,0.0,0.3942,-154.0,154.0,7.6,,,,,,
CFB,total,windy,61,61,"raw, market on K",61.0,,0.0833,,,,,12.0,1.0,,,,
CFB,total,windy,61,61,"raw, market a half-point from K",61.0,,0.0,,,,,17.0,0.0,,,,
CFB,total,windy,62,62,table,60.5,0.5366,0.0,0.4634,-116.0,116.0,,,,,,,
CFB,total,windy,62,62,table,61.0,0.5366,0.0255,0.4379,-123.0,123.0,6.8,,,,,,
CFB,total,windy,62,62,table,61.5,0.5621,0.0,0.4379,-128.0,128.0,5.8,,,,,,
CFB,total,windy,62,62,table,62.0,0.5621,0.0294,0.4085,-138.0,138.0,9.2,,,,,,
CFB,total,windy,62,62,table,62.5,0.5915,0.0,0.4085,-145.0,145.0,7.2,,,,,,
CFB,total,windy,62,62,table,63.0,0.5915,0.0244,0.3841,-154.0,154.0,9.2,,,,,,
CFB,total,windy,62,62,table,63.5,0.6159,0.0,0.3841,-160.0,160.0,6.3,,,,,,
CFB,total,windy,62,62,residual,60.5,0.5316,0.0,0.4684,-113.0,113.0,,,,,,,
CFB,total,windy,62,62,residual,61.0,0.5316,0.0211,0.4474,-119.0,119.0,5.3,,,,,,
CFB,total,windy,62,62,residual,61.5,0.5526,0.0,0.4474,-124.0,124.0,4.7,,,,,,
CFB,total,windy,62,62,residual,62.0,0.5526,0.0234,0.424,-130.0,130.0,6.8,,,,,,
CFB,total,windy,62,62,residual,62.5,0.576,0.0,0.424,-136.0,136.0,5.5,,,,,,
CFB,total,windy,62,62,residual,63.0,0.576,0.0298,0.3942,-146.0,146.0,10.3,,,,,,
CFB,total,windy,62,62,residual,63.5,0.6058,0.0,0.3942,-154.0,154.0,7.6,,,,,,
CFB,total,windy,62,62,"raw, market on K",62.0,,0.0,,,,,11.0,0.0,,,,
CFB,total,windy,62,62,"raw, market a half-point from K",62.0,,0.0,,,,,20.0,0.0,,,,
CFB,total,windy,63,63,table,61.5,0.536,0.0,0.464,-116.0,116.0,,,,,,,
CFB,total,windy,63,63,table,62.0,0.536,0.0303,0.4336,-124.0,124.0,8.1,,,,,,
CFB,total,windy,63,63,table,62.5,0.5664,0.0,0.4336,-131.0,131.0,7.0,,,,,,
CFB,total,windy,63,63,table,63.0,0.5664,0.0251,0.4085,-139.0,139.0,8.0,,,,,,
CFB,total,windy,63,63,table,63.5,0.5915,0.0,0.4085,-145.0,145.0,6.1,,,,,,
CFB,total,windy,63,63,table,64.0,0.5915,0.0164,0.3921,-151.0,151.0,6.1,,,,,,
CFB,total,windy,63,63,table,64.5,0.6079,0.0,0.3921,-155.0,155.0,4.2,,,,,,
CFB,total,windy,63,63,residual,61.5,0.5316,0.0,0.4684,-113.0,113.0,,,,,,,
CFB,total,windy,63,63,residual,62.0,0.5316,0.0211,0.4474,-119.0,119.0,5.3,,,,,,
CFB,total,windy,63,63,residual,62.5,0.5526,0.0,0.4474,-124.0,124.0,4.7,,,,,,
CFB,total,windy,63,63,residual,63.0,0.5526,0.0234,0.424,-130.0,130.0,6.8,,,,,,
CFB,total,windy,63,63,residual,63.5,0.576,0.0,0.424,-136.0,136.0,5.5,,,,,,
CFB,total,windy,63,63,residual,64.0,0.576,0.0298,0.3942,-146.0,146.0,10.3,,,,,,
CFB,total,windy,63,63,residual,64.5,0.6058,0.0,0.3942,-154.0,154.0,7.6,,,,,,
CFB,total,windy,63,63,"raw, market on K",63.0,,0.25,,,,,4.0,1.0,,,,
CFB,total,windy,63,63,"raw, market a half-point from K",63.0,,0.0,,,,,24.0,0.0,,,,
CFB,total,windy,64,64,table,62.5,0.5405,0.0,0.4595,-118.0,118.0,,,,,,,
CFB,total,windy,64,64,table,63.0,0.5405,0.0259,0.4336,-125.0,125.0,7.0,,,,,,
CFB,total,windy,64,64,table,63.5,0.5664,0.0,0.4336,-131.0,131.0,6.0,,,,,,
CFB,total,windy,64,64,table,64.0,0.5664,0.0169,0.4167,-136.0,136.0,5.3,,,,,,
CFB,total,windy,64,64,table,64.5,0.5833,0.0,0.4167,-140.0,140.0,4.1,,,,,,
CFB,total,windy,64,64,table,65.0,0.5833,0.0319,0.3848,-152.0,152.0,11.6,,,,,,
CFB,total,windy,64,64,table,65.5,0.6152,0.0,0.3848,-160.0,160.0,8.3,,,,,,
CFB,total,windy,64,64,residual,62.5,0.5316,0.0,0.4684,-113.0,113.0,,,,,,,
CFB,total,windy,64,64,residual,63.0,0.5316,0.0211,0.4474,-119.0,119.0,5.3,,,,,,
CFB,total,windy,64,64,residual,63.5,0.5526,0.0,0.4474,-124.0,124.0,4.7,,,,,,
CFB,total,windy,64,64,residual,64.0,0.5526,0.0234,0.424,-130.0,130.0,6.8,,,,,,
CFB,total,windy,64,64,residual,64.5,0.576,0.0,0.424,-136.0,136.0,5.5,,,,,,
CFB,total,windy,64,64,residual,65.0,0.576,0.0298,0.3942,-146.0,146.0,10.3,,,,,,
CFB,total,windy,64,64,residual,65.5,0.6058,0.0,0.3942,-154.0,154.0,7.6,,,,,,
CFB,total,windy,64,64,"raw, market on K",64.0,,0.0,,,,,5.0,0.0,,,,
CFB,total,windy,64,64,"raw, market a half-point from K",64.0,,0.0,,,,,19.0,0.0,,,,
CFB,total,windy,65,65,table,63.5,0.5409,0.0,0.4591,-118.0,118.0,,,,,,,
CFB,total,windy,65,65,table,64.0,0.5409,0.0174,0.4416,-122.0,122.0,4.7,,,,,,
CFB,total,windy,65,65,table,64.5,0.5584,0.0,0.4416,-126.0,126.0,3.9,,,,,,
CFB,total,windy,65,65,table,65.0,0.5584,0.0329,0.4088,-137.0,137.0,10.2,,,,,,
CFB,total,windy,65,65,table,65.5,0.5912,0.0,0.4088,-145.0,145.0,8.0,,,,,,
CFB,total,windy,65,65,table,66.0,0.5912,0.0286,0.3801,-156.0,156.0,10.9,,,,,,
CFB,total,windy,65,65,table,66.5,0.6199,0.0,0.3801,-163.0,163.0,7.5,,,,,,
CFB,total,windy,65,65,residual,63.5,0.5316,0.0,0.4684,-113.0,113.0,,,,,,,
CFB,total,windy,65,65,residual,64.0,0.5316,0.0211,0.4474,-119.0,119.0,5.3,,,,,,
CFB,total,windy,65,65,residual,64.5,0.5526,0.0,0.4474,-124.0,124.0,4.7,,,,,,
CFB,total,windy,65,65,residual,65.0,0.5526,0.0234,0.424,-130.0,130.0,6.8,,,,,,
CFB,total,windy,65,65,residual,65.5,0.576,0.0,0.424,-136.0,136.0,5.5,,,,,,
CFB,total,windy,65,65,residual,66.0,0.576,0.0298,0.3942,-146.0,146.0,10.3,,,,,,
CFB,total,windy,65,65,residual,66.5,0.6058,0.0,0.3942,-154.0,154.0,7.6,,,,,,
CFB,total,windy,65,65,"raw, market on K",65.0,,0.0,,,,,13.0,0.0,,,,
CFB,total,windy,65,65,"raw, market a half-point from K",65.0,,0.0,,,,,14.0,0.0,,,,
CFB,total,windy,66,66,table,64.5,0.5327,0.0,0.4673,-114.0,114.0,,,,,,,
CFB,total,windy,66,66,table,65.0,0.5327,0.034,0.4333,-123.0,123.0,8.9,,,,,,
CFB,total,windy,66,66,table,65.5,0.5667,0.0,0.4333,-131.0,131.0,7.8,,,,,,
CFB,total,windy,66,66,table,66.0,0.5667,0.0295,0.4038,-140.0,140.0,9.6,,,,,,
CFB,total,windy,66,66,table,66.5,0.5962,0.0,0.4038,-148.0,148.0,7.3,,,,,,
CFB,total,windy,66,66,table,67.0,0.5962,0.0135,0.3903,-153.0,153.0,5.1,,,,,,
CFB,total,windy,66,66,table,67.5,0.6097,0.0,0.3903,-156.0,156.0,3.5,,,,,,
CFB,total,windy,66,66,residual,64.5,0.5316,0.0,0.4684,-113.0,113.0,,,,,,,
CFB,total,windy,66,66,residual,65.0,0.5316,0.0211,0.4474,-119.0,119.0,5.3,,,,,,
CFB,total,windy,66,66,residual,65.5,0.5526,0.0,0.4474,-124.0,124.0,4.7,,,,,,
CFB,total,windy,66,66,residual,66.0,0.5526,0.0234,0.424,-130.0,130.0,6.8,,,,,,
CFB,total,windy,66,66,residual,66.5,0.576,0.0,0.424,-136.0,136.0,5.5,,,,,,
CFB,total,windy,66,66,residual,67.0,0.576,0.0298,0.3942,-146.0,146.0,10.3,,,,,,
CFB,total,windy,66,66,residual,67.5,0.6058,0.0,0.3942,-154.0,154.0,7.6,,,,,,
CFB,total,windy,66,66,"raw, market on K",66.0,,0.0,,,,,5.0,0.0,,,,
CFB,total,windy,66,66,"raw, market a half-point from K",66.0,,0.0,,,,,15.0,0.0,,,,
CFB,total,windy,67,67,table,65.5,0.5413,0.0,0.4587,-118.0,118.0,,,,,,,
CFB,total,windy,67,67,table,66.0,0.5413,0.0305,0.4282,-126.0,126.0,8.4,,,,,,
CFB,total,windy,67,67,table,66.5,0.5718,0.0,0.4282,-134.0,134.0,7.1,,,,,,
CFB,total,windy,67,67,table,67.0,0.5718,0.0139,0.4143,-138.0,138.0,4.5,,,,,,
CFB,total,windy,67,67,table,67.5,0.5857,0.0,0.4143,-141.0,141.0,3.4,,,,,,
CFB,total,windy,67,67,table,68.0,0.5857,0.0186,0.3957,-148.0,148.0,6.7,,,,,,
CFB,total,windy,67,67,table,68.5,0.6043,0.0,0.3957,-153.0,153.0,4.7,,,,,,
CFB,total,windy,67,67,residual,65.5,0.5316,0.0,0.4684,-113.0,113.0,,,,,,,
CFB,total,windy,67,67,residual,66.0,0.5316,0.0211,0.4474,-119.0,119.0,5.3,,,,,,
CFB,total,windy,67,67,residual,66.5,0.5526,0.0,0.4474,-124.0,124.0,4.7,,,,,,
CFB,total,windy,67,67,residual,67.0,0.5526,0.0234,0.424,-130.0,130.0,6.8,,,,,,
CFB,total,windy,67,67,residual,67.5,0.576,0.0,0.424,-136.0,136.0,5.5,,,,,,
CFB,total,windy,67,67,residual,68.0,0.576,0.0298,0.3942,-146.0,146.0,10.3,,,,,,
CFB,total,windy,67,67,residual,68.5,0.6058,0.0,0.3942,-154.0,154.0,7.6,,,,,,
CFB,total,windy,67,67,"raw, market on K",67.0,,0.0,,,,,5.0,0.0,,,,
CFB,total,windy,67,67,"raw, market a half-point from K",67.0,,0.0625,,,,,16.0,1.0,,,,
CFB,total,windy,68,68,table,66.5,0.5467,0.0,0.4533,-121.0,121.0,,,,,,,
CFB,total,windy,68,68,table,67.0,0.5467,0.0144,0.439,-125.0,125.0,3.9,,,,,,
CFB,total,windy,68,68,table,67.5,0.561,0.0,0.439,-128.0,128.0,3.3,,,,,,
CFB,total,windy,68,68,table,68.0,0.561,0.0192,0.4198,-134.0,134.0,5.8,,,,,,
CFB,total,windy,68,68,table,68.5,0.5802,0.0,0.4198,-138.0,138.0,4.6,,,,,,
CFB,total,windy,68,68,table,69.0,0.5802,0.034,0.3858,-150.0,150.0,12.2,,,,,,
CFB,total,windy,68,68,table,69.5,0.6142,0.0,0.3858,-159.0,159.0,8.8,,,,,,
CFB,total,windy,68,68,residual,66.5,0.5316,0.0,0.4684,-113.0,113.0,,,,,,,
CFB,total,windy,68,68,residual,67.0,0.5316,0.0211,0.4474,-119.0,119.0,5.3,,,,,,
CFB,total,windy,68,68,residual,67.5,0.5526,0.0,0.4474,-124.0,124.0,4.7,,,,,,
CFB,total,windy,68,68,residual,68.0,0.5526,0.0234,0.424,-130.0,130.0,6.8,,,,,,
CFB,total,windy,68,68,residual,68.5,0.576,0.0,0.424,-136.0,136.0,5.5,,,,,,
CFB,total,windy,68,68,residual,69.0,0.576,0.0298,0.3942,-146.0,146.0,10.3,,,,,,
CFB,total,windy,68,68,residual,69.5,0.6058,0.0,0.3942,-154.0,154.0,7.6,,,,,,
CFB,total,windy,68,68,"raw, market on K",68.0,,0.0,,,,,10.0,0.0,,,,
CFB,total,windy,68,68,"raw, market a half-point from K",68.0,,0.1,,,,,10.0,1.0,,,,
CFB,total,windy,69,69,table,67.5,0.5353,0.0,0.4647,-115.0,115.0,,,,,,,
CFB,total,windy,69,69,table,68.0,0.5353,0.0198,0.4448,-120.0,120.0,5.1,,,,,,
CFB,total,windy,69,69,table,68.5,0.5552,0.0,0.4448,-125.0,125.0,4.5,,,,,,
CFB,total,windy,69,69,table,69.0,0.5552,0.035,0.4098,-135.0,135.0,10.7,,,,,,
CFB,total,windy,69,69,table,69.5,0.5902,0.0,0.4098,-144.0,144.0,8.5,,,,,,
CFB,total,windy,69,69,table,70.0,0.5902,0.0208,0.389,-152.0,152.0,7.7,,,,,,
CFB,total,windy,69,69,table,70.5,0.611,0.0,0.389,-157.0,157.0,5.4,,,,,,
CFB,total,windy,69,69,residual,67.5,0.5316,0.0,0.4684,-113.0,113.0,,,,,,,
CFB,total,windy,69,69,residual,68.0,0.5316,0.0211,0.4474,-119.0,119.0,5.3,,,,,,
CFB,total,windy,69,69,residual,68.5,0.5526,0.0,0.4474,-124.0,124.0,4.7,,,,,,
CFB,total,windy,69,69,residual,69.0,0.5526,0.0234,0.424,-130.0,130.0,6.8,,,,,,
CFB,total,windy,69,69,residual,69.5,0.576,0.0,0.424,-136.0,136.0,5.5,,,,,,
CFB,total,windy,69,69,residual,70.0,0.576,0.0298,0.3942,-146.0,146.0,10.3,,,,,,
CFB,total,windy,69,69,residual,70.5,0.6058,0.0,0.3942,-154.0,154.0,7.6,,,,,,
CFB,total,windy,69,69,"raw, market on K",69.0,,0.0,,,,,5.0,0.0,,,,
CFB,total,windy,69,69,"raw, market a half-point from K",69.0,,0.0,,,,,10.0,0.0,,,,
CFB,total,windy,70,70,table,68.5,0.529,0.0,0.471,-112.0,112.0,,,,,,,
CFB,total,windy,70,70,table,69.0,0.529,0.0362,0.4348,-122.0,122.0,9.3,,,,,,
CFB,total,windy,70,70,table,69.5,0.5652,0.0,0.4348,-130.0,130.0,8.3,,,,,,
CFB,total,windy,70,70,table,70.0,0.5652,0.0215,0.4134,-137.0,137.0,6.8,,,,,,
CFB,total,windy,70,70,table,70.5,0.5866,0.0,0.4134,-142.0,142.0,5.2,,,,,,
CFB,total,windy,70,70,table,71.0,0.5866,0.0219,0.3915,-150.0,150.0,7.9,,,,,,
CFB,total,windy,70,70,table,71.5,0.6085,0.0,0.3915,-155.0,155.0,5.6,,,,,,
CFB,total,windy,70,70,residual,68.5,0.5316,0.0,0.4684,-113.0,113.0,,,,,,,
CFB,total,windy,70,70,residual,69.0,0.5316,0.0211,0.4474,-119.0,119.0,5.3,,,,,,
CFB,total,windy,70,70,residual,69.5,0.5526,0.0,0.4474,-124.0,124.0,4.7,,,,,,
CFB,total,windy,70,70,residual,70.0,0.5526,0.0234,0.424,-130.0,130.0,6.8,,,,,,
CFB,total,windy,70,70,residual,70.5,0.576,0.0,0.424,-136.0,136.0,5.5,,,,,,
CFB,total,windy,70,70,residual,71.0,0.576,0.0298,0.3942,-146.0,146.0,10.3,,,,,,
CFB,total,windy,70,70,residual,71.5,0.6058,0.0,0.3942,-154.0,154.0,7.6,,,,,,
CFB,total,windy,70,70,"raw, market on K",70.0,,0.0,,,,,3.0,0.0,,,,
CFB,total,windy,70,70,"raw, market a half-point from K",70.0,,0.0,,,,,11.0,0.0,,,,
CFB,total,windy,71,71,table,69.5,0.5393,0.0,0.4607,-117.0,117.0,,,,,,,
CFB,total,windy,71,71,table,70.0,0.5393,0.0222,0.4386,-123.0,123.0,5.9,,,,,,
CFB,total,windy,71,71,table,70.5,0.5614,0.0,0.4386,-128.0,128.0,5.1,,,,,,
CFB,total,windy,71,71,table,71.0,0.5614,0.0226,0.416,-135.0,135.0,6.9,,,,,,
CFB,total,windy,71,71,table,71.5,0.584,0.0,0.416,-140.0,140.0,5.4,,,,,,
CFB,total,windy,71,71,table,72.0,0.584,0.025,0.391,-149.0,149.0,9.0,,,,,,
CFB,total,windy,71,71,table,72.5,0.609,0.0,0.391,-156.0,156.0,6.4,,,,,,
CFB,total,windy,71,71,residual,69.5,0.5316,0.0,0.4684,-113.0,113.0,,,,,,,
CFB,total,windy,71,71,residual,70.0,0.5316,0.0211,0.4474,-119.0,119.0,5.3,,,,,,
CFB,total,windy,71,71,residual,70.5,0.5526,0.0,0.4474,-124.0,124.0,4.7,,,,,,
CFB,total,windy,71,71,residual,71.0,0.5526,0.0234,0.424,-130.0,130.0,6.8,,,,,,
CFB,total,windy,71,71,residual,71.5,0.576,0.0,0.424,-136.0,136.0,5.5,,,,,,
CFB,total,windy,71,71,residual,72.0,0.576,0.0298,0.3942,-146.0,146.0,10.3,,,,,,
CFB,total,windy,71,71,residual,72.5,0.6058,0.0,0.3942,-154.0,154.0,7.6,,,,,,
CFB,total,windy,71,71,"raw, market on K",71.0,,0.0,,,,,7.0,0.0,,,,
CFB,total,windy,71,71,"raw, market a half-point from K",71.0,,0.0,,,,,7.0,0.0,,,,
CFB,total,windy,72,72,table,70.5,0.5355,0.0,0.4645,-115.0,115.0,,,,,,,
CFB,total,windy,72,72,table,71.0,0.5355,0.0233,0.4412,-121.0,121.0,6.1,,,,,,
CFB,total,windy,72,72,table,71.5,0.5588,0.0,0.4412,-127.0,127.0,5.3,,,,,,
CFB,total,windy,72,72,table,72.0,0.5588,0.0258,0.4154,-135.0,135.0,7.9,,,,,,
CFB,total,windy,72,72,table,72.5,0.5846,0.0,0.4154,-141.0,141.0,6.2,,,,,,
CFB,total,windy,72,72,table,73.0,0.5846,0.0306,0.3848,-152.0,152.0,11.2,,,,,,
CFB,total,windy,72,72,table,73.5,0.6152,0.0,0.3848,-160.0,160.0,8.0,,,,,,
CFB,total,windy,72,72,residual,70.5,0.5316,0.0,0.4684,-113.0,113.0,,,,,,,
CFB,total,windy,72,72,residual,71.0,0.5316,0.0211,0.4474,-119.0,119.0,5.3,,,,,,
CFB,total,windy,72,72,residual,71.5,0.5526,0.0,0.4474,-124.0,124.0,4.7,,,,,,
CFB,total,windy,72,72,residual,72.0,0.5526,0.0234,0.424,-130.0,130.0,6.8,,,,,,
CFB,total,windy,72,72,residual,72.5,0.576,0.0,0.424,-136.0,136.0,5.5,,,,,,
CFB,total,windy,72,72,residual,73.0,0.576,0.0298,0.3942,-146.0,146.0,10.3,,,,,,
CFB,total,windy,72,72,residual,73.5,0.6058,0.0,0.3942,-154.0,154.0,7.6,,,,,,
CFB,total,windy,72,72,"raw, market on K",72.0,,0.0,,,,,3.0,0.0,,,,
CFB,total,windy,72,72,"raw, market a half-point from K",72.0,,0.0,,,,,4.0,0.0,,,,
CFB,total,windy,73,73,table,71.5,0.5327,0.0,0.4673,-114.0,114.0,,,,,,,
CFB,total,windy,73,73,table,72.0,0.5327,0.0266,0.4407,-121.0,121.0,6.9,,,,,,
CFB,total,windy,73,73,table,72.5,0.5593,0.0,0.4407,-127.0,127.0,6.0,,,,,,
CFB,total,windy,73,73,table,73.0,0.5593,0.0315,0.4091,-137.0,137.0,9.8,,,,,,
CFB,total,windy,73,73,table,73.5,0.5909,0.0,0.4091,-144.0,144.0,7.7,,,,,,
CFB,total,windy,73,73,table,74.0,0.5909,0.0132,0.396,-149.0,149.0,4.8,,,,,,
CFB,total,windy,73,73,table,74.5,0.604,0.0,0.396,-153.0,153.0,3.3,,,,,,
CFB,total,windy,73,73,residual,71.5,0.5316,0.0,0.4684,-113.0,113.0,,,,,,,
CFB,total,windy,73,73,residual,72.0,0.5316,0.0211,0.4474,-119.0,119.0,5.3,,,,,,
CFB,total,windy,73,73,residual,72.5,0.5526,0.0,0.4474,-124.0,124.0,4.7,,,,,,
CFB,total,windy,73,73,residual,73.0,0.5526,0.0234,0.424,-130.0,130.0,6.8,,,,,,
CFB,total,windy,73,73,residual,73.5,0.576,0.0,0.424,-136.0,136.0,5.5,,,,,,
CFB,total,windy,73,73,residual,74.0,0.576,0.0298,0.3942,-146.0,146.0,10.3,,,,,,
CFB,total,windy,73,73,residual,74.5,0.6058,0.0,0.3942,-154.0,154.0,7.6,,,,,,
CFB,total,windy,73,73,"raw, market on K",73.0,,0.0,,,,,3.0,0.0,,,,
CFB,total,windy,73,73,"raw, market a half-point from K",73.0,,0.0,,,,,1.0,0.0,,,,
CFB,total,windy,74,74,table,72.5,0.5332,0.0,0.4668,-114.0,114.0,,,,,,,
CFB,total,windy,74,74,table,73.0,0.5332,0.0325,0.4342,-123.0,123.0,8.6,,,,,,
CFB,total,windy,74,74,table,73.5,0.5658,0.0,0.4342,-130.0,130.0,7.5,,,,,,
CFB,total,windy,74,74,table,74.0,0.5658,0.0135,0.4207,-134.0,134.0,4.2,,,,,,
CFB,total,windy,74,74,table,74.5,0.5793,0.0,0.4207,-138.0,138.0,3.2,,,,,,
CFB,total,windy,74,74,table,75.0,0.5793,0.0226,0.398,-146.0,146.0,7.8,,,,,,
CFB,total,windy,74,74,table,75.5,0.602,0.0,0.398,-151.0,151.0,5.7,,,,,,
CFB,total,windy,74,74,residual,72.5,0.5316,0.0,0.4684,-113.0,113.0,,,,,,,
CFB,total,windy,74,74,residual,73.0,0.5316,0.0211,0.4474,-119.0,119.0,5.3,,,,,,
CFB,total,windy,74,74,residual,73.5,0.5526,0.0,0.4474,-124.0,124.0,4.7,,,,,,
CFB,total,windy,74,74,residual,74.0,0.5526,0.0234,0.424,-130.0,130.0,6.8,,,,,,
CFB,total,windy,74,74,residual,74.5,0.576,0.0,0.424,-136.0,136.0,5.5,,,,,,
CFB,total,windy,74,74,residual,75.0,0.576,0.0298,0.3942,-146.0,146.0,10.3,,,,,,
CFB,total,windy,74,74,residual,75.5,0.6058,0.0,0.3942,-154.0,154.0,7.6,,,,,,
CFB,total,windy,74,74,"raw, market on K",74.0,,0.0,,,,,1.0,0.0,,,,
CFB,total,windy,74,74,"raw, market a half-point from K",74.0,,0.0,,,,,3.0,0.0,,,,
CFB,total,windy,75,75,table,73.5,0.5399,0.0,0.4601,-117.0,117.0,,,,,,,
CFB,total,windy,75,75,table,74.0,0.5399,0.014,0.4461,-121.0,121.0,3.7,,,,,,
CFB,total,windy,75,75,table,74.5,0.5539,0.0,0.4461,-124.0,124.0,3.1,,,,,,
CFB,total,windy,75,75,table,75.0,0.5539,0.0233,0.4228,-131.0,131.0,6.8,,,,,,
CFB,total,windy,75,75,table,75.5,0.5772,0.0,0.4228,-137.0,137.0,5.5,,,,,,
CFB,total,windy,75,75,table,76.0,0.5772,0.0303,0.3925,-147.0,147.0,10.5,,,,,,
CFB,total,windy,75,75,table,76.5,0.6075,0.0,0.3925,-155.0,155.0,7.7,,,,,,
CFB,total,windy,75,75,residual,73.5,0.5316,0.0,0.4684,-113.0,113.0,,,,,,,
CFB,total,windy,75,75,residual,74.0,0.5316,0.0211,0.4474,-119.0,119.0,5.3,,,,,,
CFB,total,windy,75,75,residual,74.5,0.5526,0.0,0.4474,-124.0,124.0,4.7,,,,,,
CFB,total,windy,75,75,residual,75.0,0.5526,0.0234,0.424,-130.0,130.0,6.8,,,,,,
CFB,total,windy,75,75,residual,75.5,0.576,0.0,0.424,-136.0,136.0,5.5,,,,,,
CFB,total,windy,75,75,residual,76.0,0.576,0.0298,0.3942,-146.0,146.0,10.3,,,,,,
CFB,total,windy,75,75,residual,76.5,0.6058,0.0,0.3942,-154.0,154.0,7.6,,,,,,
CFB,total,windy,75,75,"raw, market on K",75.0,,0.0,,,,,3.0,0.0,,,,
CFB,total,windy,75,75,"raw, market a half-point from K",75.0,,0.0,,,,,3.0,0.0,,,,
CFB,total,windy,76,76,table,74.5,0.5277,0.0,0.4723,-112.0,112.0,,,,,,,
CFB,total,windy,76,76,table,75.0,0.5277,0.0241,0.4483,-118.0,118.0,6.0,,,,,,
CFB,total,windy,76,76,table,75.5,0.5517,0.0,0.4483,-123.0,123.0,5.4,,,,,,
CFB,total,windy,76,76,table,76.0,0.5517,0.0312,0.4171,-132.0,132.0,9.2,,,,,,
CFB,total,windy,76,76,table,76.5,0.5829,0.0,0.4171,-140.0,140.0,7.5,,,,,,
CFB,total,windy,76,76,table,77.0,0.5829,0.0273,0.3897,-150.0,150.0,9.8,,,,,,
CFB,total,windy,76,76,table,77.5,0.6103,0.0,0.3897,-157.0,157.0,7.0,,,,,,
CFB,total,windy,76,76,residual,74.5,0.5316,0.0,0.4684,-113.0,113.0,,,,,,,
CFB,total,windy,76,76,residual,75.0,0.5316,0.0211,0.4474,-119.0,119.0,5.3,,,,,,
CFB,total,windy,76,76,residual,75.5,0.5526,0.0,0.4474,-124.0,124.0,4.7,,,,,,
CFB,total,windy,76,76,residual,76.0,0.5526,0.0234,0.424,-130.0,130.0,6.8,,,,,,
CFB,total,windy,76,76,residual,76.5,0.576,0.0,0.424,-136.0,136.0,5.5,,,,,,
CFB,total,windy,76,76,residual,77.0,0.576,0.0298,0.3942,-146.0,146.0,10.3,,,,,,
CFB,total,windy,76,76,residual,77.5,0.6058,0.0,0.3942,-154.0,154.0,7.6,,,,,,
CFB,total,windy,76,76,"raw, market on K",76.0,,,,,,,0.0,0.0,,,,
CFB,total,windy,76,76,"raw, market a half-point from K",76.0,,0.0,,,,,1.0,0.0,,,,
CFB,total,windy,77,77,table,75.5,0.5255,0.0,0.4745,-111.0,111.0,,,,,,,
CFB,total,windy,77,77,table,76.0,0.5255,0.0322,0.4423,-119.0,119.0,8.1,,,,,,
CFB,total,windy,77,77,table,76.5,0.5577,0.0,0.4423,-126.0,126.0,7.3,,,,,,
CFB,total,windy,77,77,table,77.0,0.5577,0.0281,0.4142,-135.0,135.0,8.6,,,,,,
CFB,total,windy,77,77,table,77.5,0.5858,0.0,0.4142,-141.0,141.0,6.8,,,,,,
CFB,total,windy,77,77,table,78.0,0.5858,0.0137,0.4005,-146.0,146.0,4.8,,,,,,
CFB,total,windy,77,77,table,78.5,0.5995,0.0,0.4005,-150.0,150.0,3.4,,,,,,
CFB,total,windy,77,77,residual,75.5,0.5316,0.0,0.4684,-113.0,113.0,,,,,,,
CFB,total,windy,77,77,residual,76.0,0.5316,0.0211,0.4474,-119.0,119.0,5.3,,,,,,
CFB,total,windy,77,77,residual,76.5,0.5526,0.0,0.4474,-124.0,124.0,4.7,,,,,,
CFB,total,windy,77,77,residual,77.0,0.5526,0.0234,0.424,-130.0,130.0,6.8,,,,,,
CFB,total,windy,77,77,residual,77.5,0.576,0.0,0.424,-136.0,136.0,5.5,,,,,,
CFB,total,windy,77,77,residual,78.0,0.576,0.0298,0.3942,-146.0,146.0,10.3,,,,,,
CFB,total,windy,77,77,residual,78.5,0.6058,0.0,0.3942,-154.0,154.0,7.6,,,,,,
CFB,total,windy,77,77,"raw, market on K",77.0,,0.0,,,,,2.0,0.0,,,,
CFB,total,windy,77,77,"raw, market a half-point from K",77.0,,0.0,,,,,2.0,0.0,,,,
CFB,total,windy,78,78,table,76.5,0.5318,0.0,0.4682,-114.0,114.0,,,,,,,
CFB,total,windy,78,78,table,77.0,0.5318,0.029,0.4392,-121.0,121.0,7.5,,,,,,
CFB,total,windy,78,78,table,77.5,0.5608,0.0,0.4392,-128.0,128.0,6.6,,,,,,
CFB,total,windy,78,78,table,78.0,0.5608,0.0141,0.425,-132.0,132.0,4.2,,,,,,
CFB,total,windy,78,78,table,78.5,0.575,0.0,0.425,-135.0,135.0,3.3,,,,,,
CFB,total,windy,78,78,table,79.0,0.575,0.029,0.3961,-145.0,145.0,9.9,,,,,,
CFB,total,windy,78,78,table,79.5,0.6039,0.0,0.3961,-152.0,152.0,7.3,,,,,,
CFB,total,windy,78,78,residual,76.5,0.5316,0.0,0.4684,-113.0,113.0,,,,,,,
CFB,total,windy,78,78,residual,77.0,0.5316,0.0211,0.4474,-119.0,119.0,5.3,,,,,,
CFB,total,windy,78,78,residual,77.5,0.5526,0.0,0.4474,-124.0,124.0,4.7,,,,,,
CFB,total,windy,78,78,residual,78.0,0.5526,0.0234,0.424,-130.0,130.0,6.8,,,,,,
CFB,total,windy,78,78,residual,78.5,0.576,0.0,0.424,-136.0,136.0,5.5,,,,,,
CFB,total,windy,78,78,residual,79.0,0.576,0.0298,0.3942,-146.0,146.0,10.3,,,,,,
CFB,total,windy,78,78,residual,79.5,0.6058,0.0,0.3942,-154.0,154.0,7.6,,,,,,
CFB,total,windy,78,78,"raw, market on K",78.0,,,,,,,0.0,0.0,,,,
CFB,total,windy,78,78,"raw, market a half-point from K",78.0,,0.0,,,,,1.0,0.0,,,,
CFB,total,windy,79,79,table,77.5,0.5353,0.0,0.4647,-115.0,115.0,,,,,,,
CFB,total,windy,79,79,table,78.0,0.5353,0.0146,0.4501,-119.0,119.0,3.7,,,,,,
CFB,total,windy,79,79,table,78.5,0.5499,0.0,0.4501,-122.0,122.0,3.2,,,,,,
CFB,total,windy,79,79,table,79.0,0.5499,0.0299,0.4202,-131.0,131.0,8.7,,,,,,
CFB,total,windy,79,79,table,79.5,0.5798,0.0,0.4202,-138.0,138.0,7.1,,,,,,
CFB,total,windy,79,79,table,80.0,0.5798,0.0277,0.3926,-148.0,148.0,9.7,,,,,,
CFB,total,windy,79,79,table,80.5,0.6074,0.0,0.3926,-155.0,155.0,7.0,,,,,,
CFB,total,windy,79,79,residual,77.5,0.5316,0.0,0.4684,-113.0,113.0,,,,,,,
CFB,total,windy,79,79,residual,78.0,0.5316,0.0211,0.4474,-119.0,119.0,5.3,,,,,,
CFB,total,windy,79,79,residual,78.5,0.5526,0.0,0.4474,-124.0,124.0,4.7,,,,,,
CFB,total,windy,79,79,residual,79.0,0.5526,0.0234,0.424,-130.0,130.0,6.8,,,,,,
CFB,total,windy,79,79,residual,79.5,0.576,0.0,0.424,-136.0,136.0,5.5,,,,,,
CFB,total,windy,79,79,residual,80.0,0.576,0.0298,0.3942,-146.0,146.0,10.3,,,,,,
CFB,total,windy,79,79,residual,80.5,0.6058,0.0,0.3942,-154.0,154.0,7.6,,,,,,
CFB,total,windy,79,79,"raw, market on K",79.0,,0.0,,,,,1.0,0.0,,,,
CFB,total,windy,79,79,"raw, market a half-point from K",79.0,,0.0,,,,,1.0,0.0,,,,
CFB,total,windy,80,80,table,78.5,0.524,0.0,0.476,-110.0,110.0,,,,,,,
CFB,total,windy,80,80,table,79.0,0.524,0.0308,0.4452,-118.0,118.0,7.6,,,,,,
CFB,total,windy,80,80,table,79.5,0.5548,0.0,0.4452,-125.0,125.0,6.9,,,,,,
CFB,total,windy,80,80,table,80.0,0.5548,0.0285,0.4167,-133.0,133.0,8.5,,,,,,
CFB,total,windy,80,80,table,80.5,0.5833,0.0,0.4167,-140.0,140.0,6.8,,,,,,
CFB,total,windy,80,80,table,81.0,0.5833,0.0143,0.4024,-145.0,145.0,5.0,,,,,,
CFB,total,windy,80,80,table,81.5,0.5976,0.0,0.4024,-149.0,149.0,3.6,,,,,,
CFB,total,windy,80,80,residual,78.5,0.5316,0.0,0.4684,-113.0,113.0,,,,,,,
CFB,total,windy,80,80,residual,79.0,0.5316,0.0211,0.4474,-119.0,119.0,5.3,,,,,,
CFB,total,windy,80,80,residual,79.5,0.5526,0.0,0.4474,-124.0,124.0,4.7,,,,,,
CFB,total,windy,80,80,residual,80.0,0.5526,0.0234,0.424,-130.0,130.0,6.8,,,,,,
CFB,total,windy,80,80,residual,80.5,0.576,0.0,0.424,-136.0,136.0,5.5,,,,,,
CFB,total,windy,80,80,residual,81.0,0.576,0.0298,0.3942,-146.0,146.0,10.3,,,,,,
CFB,total,windy,80,80,residual,81.5,0.6058,0.0,0.3942,-154.0,154.0,7.6,,,,,,
CFB,total,windy,80,80,"raw, market on K",80.0,,,,,,,0.0,0.0,,,,
CFB,total,windy,80,80,"raw, market a half-point from K",80.0,,0.0,,,,,1.0,0.0,,,,
NFL,spread,all,1,1,table,-0.5,,0.0,,,,,,,0.5267,0.4733,-111.0,111.0
NFL,spread,all,1,1,table,0.0,,0.0052,,,,1.1,,,0.5215,0.4733,-110.0,110.0
NFL,spread,all,1,1,table,0.5,,0.0,,,,1.2,,,0.5215,0.4785,-109.0,109.0
NFL,spread,all,1,1,table,1.0,,0.0259,,,,5.4,,,0.4956,0.4785,-104.0,104.0
NFL,spread,all,1,1,table,1.5,,0.0,,,,5.4,,,0.4956,0.5044,102.0,-102.0
NFL,spread,all,1,1,table,2.0,,0.0259,,,,5.6,,,0.4697,0.5044,107.0,-107.0
NFL,spread,all,1,1,table,2.5,,0.0,,,,5.5,,,0.4697,0.5303,113.0,-113.0
NFL,spread,all,1,1,residual,-0.5,,0.0,,,,,,,0.5469,0.4531,-121.0,121.0
NFL,spread,all,1,1,residual,0.0,,0.0353,,,,7.8,,,0.5116,0.4531,-113.0,113.0
NFL,spread,all,1,1,residual,0.5,,0.0,,,,8.1,,,0.5116,0.4884,-105.0,105.0
NFL,spread,all,1,1,residual,1.0,,0.0456,,,,9.5,,,0.4661,0.4884,105.0,-105.0
NFL,spread,all,1,1,residual,1.5,,0.0,,,,9.8,,,0.4661,0.5339,115.0,-115.0
NFL,spread,all,1,1,residual,2.0,,0.0332,,,,8.8,,,0.4329,0.5339,123.0,-123.0
NFL,spread,all,1,1,residual,2.5,,0.0,,,,7.7,,,0.4329,0.5671,131.0,-131.0
NFL,spread,all,1,1,"raw 2015-2025, market on K",1.0,,0.0,,,,,206.0,0.0,,,,
NFL,spread,all,1,1,"raw 2015-2025, market a half-point from K",1.0,,0.0294,,,,,102.0,3.0,,,,
NFL,spread,all,1,1,"raw 2015-2019, market on K",1.0,,0.0,,,,,109.0,0.0,,,,
NFL,spread,all,1,1,"raw 2015-2019, market a half-point from K",1.0,,0.0385,,,,,26.0,1.0,,,,
NFL,spread,all,1,1,"raw 2020-2025, market on K",1.0,,0.0,,,,,97.0,0.0,,,,
NFL,spread,all,1,1,"raw 2020-2025, market a half-point from K",1.0,,0.0263,,,,,76.0,2.0,,,,
NFL,spread,all,1,1,"raw 1999-2014, market on K",1.0,,0.0235,,,,,340.0,8.0,,,,
NFL,spread,all,1,1,"raw 1999-2014, market a half-point from K",1.0,,0.0196,,,,,102.0,2.0,,,,
NFL,spread,all,2,2,table,0.5,,0.0,,,,,,,0.554,0.446,-124.0,124.0
NFL,spread,all,2,2,table,1.0,,0.0252,,,,5.7,,,0.5288,0.446,-119.0,119.0
NFL,spread,all,2,2,table,1.5,,0.0,,,,6.3,,,0.5288,0.4712,-112.0,112.0
NFL,spread,all,2,2,table,2.0,,0.0261,,,,5.5,,,0.5027,0.4712,-107.0,107.0
NFL,spread,all,2,2,table,2.5,,0.0,,,,5.6,,,0.5027,0.4973,-101.0,101.0
NFL,spread,all,2,2,table,3.0,,0.0817,,,,19.2,,,0.421,0.4973,118.0,-118.0
NFL,spread,all,2,2,table,3.5,,0.0,,,,19.4,,,0.421,0.579,138.0,-138.0
NFL,spread,all,2,2,residual,0.5,,0.0,,,,,,,0.5469,0.4531,-121.0,121.0
NFL,spread,all,2,2,residual,1.0,,0.0353,,,,7.8,,,0.5116,0.4531,-113.0,113.0
NFL,spread,all,2,2,residual,1.5,,0.0,,,,8.1,,,0.5116,0.4884,-105.0,105.0
NFL,spread,all,2,2,residual,2.0,,0.0456,,,,9.5,,,0.4661,0.4884,105.0,-105.0
NFL,spread,all,2,2,residual,2.5,,0.0,,,,9.8,,,0.4661,0.5339,115.0,-115.0
NFL,spread,all,2,2,residual,3.0,,0.0332,,,,8.8,,,0.4329,0.5339,123.0,-123.0
NFL,spread,all,2,2,residual,3.5,,0.0,,,,7.7,,,0.4329,0.5671,131.0,-131.0
NFL,spread,all,2,2,"raw 2015-2025, market on K",2.0,,0.025,,,,,80.0,2.0,,,,
NFL,spread,all,2,2,"raw 2015-2025, market a half-point from K",2.0,,0.0315,,,,,413.0,13.0,,,,
NFL,spread,all,2,2,"raw 2015-2019, market on K",2.0,,0.025,,,,,40.0,1.0,,,,
NFL,spread,all,2,2,"raw 2015-2019, market a half-point from K",2.0,,0.04,,,,,150.0,6.0,,,,
NFL,spread,all,2,2,"raw 2020-2025, market on K",2.0,,0.025,,,,,40.0,1.0,,,,
NFL,spread,all,2,2,"raw 2020-2025, market a half-point from K",2.0,,0.0266,,,,,263.0,7.0,,,,
NFL,spread,all,2,2,"raw 1999-2014, market on K",2.0,,0.0225,,,,,89.0,2.0,,,,
NFL,spread,all,2,2,"raw 1999-2014, market a half-point from K",2.0,,0.0373,,,,,322.0,12.0,,,,
NFL,spread,all,3,3,table,1.5,,0.0,,,,,,,0.5608,0.4392,-128.0,128.0
NFL,spread,all,3,3,table,2.0,,0.0254,,,,5.8,,,0.5354,0.4392,-122.0,122.0
NFL,spread,all,3,3,table,2.5,,0.0,,,,6.7,,,0.5354,0.4646,-115.0,115.0
NFL,spread,all,3,3,table,3.0,,0.0822,,,,17.8,,,0.4531,0.4646,103.0,-103.0
NFL,spread,all,3,3,table,3.5,,0.0,,,,18.1,,,0.4531,0.5469,121.0,-121.0
NFL,spread,all,3,3,table,4.0,,0.0264,,,,7.5,,,0.4268,0.5469,128.0,-128.0
NFL,spread,all,3,3,table,4.5,,0.0,,,,6.2,,,0.4268,0.5732,134.0,-134.0
NFL,spread,all,3,3,residual,1.5,,0.0,,,,,,,0.5469,0.4531,-121.0,121.0
NFL,spread,all,3,3,residual,2.0,,0.0353,,,,7.8,,,0.5116,0.4531,-113.0,113.0
NFL,spread,all,3,3,residual,2.5,,0.0,,,,8.1,,,0.5116,0.4884,-105.0,105.0
NFL,spread,all,3,3,residual,3.0,,0.0456,,,,9.5,,,0.4661,0.4884,105.0,-105.0
NFL,spread,all,3,3,residual,3.5,,0.0,,,,9.8,,,0.4661,0.5339,115.0,-115.0
NFL,spread,all,3,3,residual,4.0,,0.0332,,,,8.8,,,0.4329,0.5339,123.0,-123.0
NFL,spread,all,3,3,residual,4.5,,0.0,,,,7.7,,,0.4329,0.5671,131.0,-131.0
NFL,spread,all,3,3,"raw 2015-2025, market on K",3.0,,0.1016,,,,,433.0,44.0,,,,
NFL,spread,all,3,3,"raw 2015-2025, market a half-point from K",3.0,,0.0872,,,,,619.0,54.0,,,,
NFL,spread,all,3,3,"raw 2015-2019, market on K",3.0,,0.125,,,,,192.0,24.0,,,,
NFL,spread,all,3,3,"raw 2015-2019, market a half-point from K",3.0,,0.0833,,,,,264.0,22.0,,,,
NFL,spread,all,3,3,"raw 2020-2025, market on K",3.0,,0.083,,,,,241.0,20.0,,,,
NFL,spread,all,3,3,"raw 2020-2025, market a half-point from K",3.0,,0.0901,,,,,355.0,32.0,,,,
NFL,spread,all,3,3,"raw 1999-2014, market on K",3.0,,0.0833,,,,,720.0,60.0,,,,
NFL,spread,all,3,3,"raw 1999-2014, market a half-point from K",3.0,,0.0909,,,,,594.0,54.0,,,,
NFL,spread,all,4,4,table,2.5,,0.0,,,,,,,0.5674,0.4326,-131.0,131.0
NFL,spread,all,4,4,table,3.0,,0.0805,,,,18.6,,,0.487,0.4326,-113.0,113.0
NFL,spread,all,4,4,table,3.5,,0.0,,,,17.9,,,0.487,0.513,105.0,-105.0
NFL,spread,all,4,4,table,4.0,,0.0267,,,,6.1,,,0.4603,0.513,111.0,-111.0
NFL,spread,all,4,4,table,4.5,,0.0,,,,5.8,,,0.4603,0.5397,117.0,-117.0
NFL,spread,all,4,4,table,5.0,,0.0259,,,,7.0,,,0.4344,0.5397,124.0,-124.0
NFL,spread,all,4,4,table,5.5,,0.0,,,,6.0,,,0.4344,0.5656,130.0,-130.0
NFL,spread,all,4,4,residual,2.5,,0.0,,,,,,,0.5469,0.4531,-121.0,121.0
NFL,spread,all,4,4,residual,3.0,,0.0353,,,,7.8,,,0.5116,0.4531,-113.0,113.0
NFL,spread,all,4,4,residual,3.5,,0.0,,,,8.1,,,0.5116,0.4884,-105.0,105.0
NFL,spread,all,4,4,residual,4.0,,0.0456,,,,9.5,,,0.4661,0.4884,105.0,-105.0
NFL,spread,all,4,4,residual,4.5,,0.0,,,,9.8,,,0.4661,0.5339,115.0,-115.0
NFL,spread,all,4,4,residual,5.0,,0.0332,,,,8.8,,,0.4329,0.5339,123.0,-123.0
NFL,spread,all,4,4,residual,5.5,,0.0,,,,7.7,,,0.4329,0.5671,131.0,-131.0
NFL,spread,all,4,4,"raw 2015-2025, market on K",4.0,,0.015,,,,,133.0,2.0,,,,
NFL,spread,all,4,4,"raw 2015-2025, market a half-point from K",4.0,,0.0314,,,,,414.0,13.0,,,,
NFL,spread,all,4,4,"raw 2015-2019, market on K",4.0,,0.0149,,,,,67.0,1.0,,,,
NFL,spread,all,4,4,"raw 2015-2019, market a half-point from K",4.0,,0.0335,,,,,179.0,6.0,,,,
NFL,spread,all,4,4,"raw 2020-2025, market on K",4.0,,0.0152,,,,,66.0,1.0,,,,
NFL,spread,all,4,4,"raw 2020-2025, market a half-point from K",4.0,,0.0298,,,,,235.0,7.0,,,,
NFL,spread,all,4,4,"raw 1999-2014, market on K",4.0,,0.0287,,,,,209.0,6.0,,,,
NFL,spread,all,4,4,"raw 1999-2014, market a half-point from K",4.0,,0.0298,,,,,537.0,16.0,,,,
NFL,spread,all,5,5,table,3.5,,0.0,,,,,,,0.5215,0.4785,-109.0,109.0
NFL,spread,all,5,5,table,4.0,,0.0262,,,,5.5,,,0.4953,0.4785,-104.0,104.0
NFL,spread,all,5,5,table,4.5,,0.0,,,,5.4,,,0.4953,0.5047,102.0,-102.0
NFL,spread,all,5,5,table,5.0,,0.0262,,,,5.7,,,0.4691,0.5047,108.0,-108.0
NFL,spread,all,5,5,table,5.5,,0.0,,,,5.6,,,0.4691,0.5309,113.0,-113.0
NFL,spread,all,5,5,table,6.0,,0.0423,,,,11.2,,,0.4268,0.5309,124.0,-124.0
NFL,spread,all,5,5,table,6.5,,0.0,,,,9.9,,,0.4268,0.5732,134.0,-134.0
NFL,spread,all,5,5,residual,3.5,,0.0,,,,,,,0.5469,0.4531,-121.0,121.0
NFL,spread,all,5,5,residual,4.0,,0.0353,,,,7.8,,,0.5116,0.4531,-113.0,113.0
NFL,spread,all,5,5,residual,4.5,,0.0,,,,8.1,,,0.5116,0.4884,-105.0,105.0
NFL,spread,all,5,5,residual,5.0,,0.0456,,,,9.5,,,0.4661,0.4884,105.0,-105.0
NFL,spread,all,5,5,residual,5.5,,0.0,,,,9.8,,,0.4661,0.5339,115.0,-115.0
NFL,spread,all,5,5,residual,6.0,,0.0332,,,,8.8,,,0.4329,0.5339,123.0,-123.0
NFL,spread,all,5,5,residual,6.5,,0.0,,,,7.7,,,0.4329,0.5671,131.0,-131.0
NFL,spread,all,5,5,"raw 2015-2025, market on K",5.0,,0.0,,,,,63.0,0.0,,,,
NFL,spread,all,5,5,"raw 2015-2025, market a half-point from K",5.0,,0.0282,,,,,248.0,7.0,,,,
NFL,spread,all,5,5,"raw 2015-2019, market on K",5.0,,0.0,,,,,42.0,0.0,,,,
NFL,spread,all,5,5,"raw 2015-2019, market a half-point from K",5.0,,0.0396,,,,,101.0,4.0,,,,
NFL,spread,all,5,5,"raw 2020-2025, market on K",5.0,,0.0,,,,,21.0,0.0,,,,
NFL,spread,all,5,5,"raw 2020-2025, market a half-point from K",5.0,,0.0204,,,,,147.0,3.0,,,,
NFL,spread,all,5,5,"raw 1999-2014, market on K",5.0,,0.0098,,,,,102.0,1.0,,,,
NFL,spread,all,5,5,"raw 1999-2014, market a half-point from K",5.0,,0.0129,,,,,309.0,4.0,,,,
NFL,spread,all,6,6,table,4.5,,0.0,,,,,,,0.5299,0.4701,-113.0,113.0
NFL,spread,all,6,6,table,5.0,,0.0257,,,,5.5,,,0.5041,0.4701,-107.0,107.0
NFL,spread,all,6,6,table,5.5,,0.0,,,,5.6,,,0.5041,0.4959,-102.0,102.0
NFL,spread,all,6,6,table,6.0,,0.0429,,,,9.2,,,0.4612,0.4959,108.0,-108.0
NFL,spread,all,6,6,table,6.5,,0.0,,,,9.3,,,0.4612,0.5388,117.0,-117.0
NFL,spread,all,6,6,table,7.0,,0.0562,,,,16.2,,,0.405,0.5388,133.0,-133.0
NFL,spread,all,6,6,table,7.5,,0.0,,,,13.9,,,0.405,0.595,147.0,-147.0
NFL,spread,all,6,6,residual,4.5,,0.0,,,,,,,0.5469,0.4531,-121.0,121.0
NFL,spread,all,6,6,residual,5.0,,0.0353,,,,7.8,,,0.5116,0.4531,-113.0,113.0
NFL,spread,all,6,6,residual,5.5,,0.0,,,,8.1,,,0.5116,0.4884,-105.0,105.0
NFL,spread,all,6,6,residual,6.0,,0.0456,,,,9.5,,,0.4661,0.4884,105.0,-105.0
NFL,spread,all,6,6,residual,6.5,,0.0,,,,9.8,,,0.4661,0.5339,115.0,-115.0
NFL,spread,all,6,6,residual,7.0,,0.0332,,,,8.8,,,0.4329,0.5339,123.0,-123.0
NFL,spread,all,6,6,residual,7.5,,0.0,,,,7.7,,,0.4329,0.5671,131.0,-131.0
NFL,spread,all,6,6,"raw 2015-2025, market on K",6.0,,0.0423,,,,,142.0,6.0,,,,
NFL,spread,all,6,6,"raw 2015-2025, market a half-point from K",6.0,,0.054,,,,,278.0,15.0,,,,
NFL,spread,all,6,6,"raw 2015-2019, market on K",6.0,,0.0615,,,,,65.0,4.0,,,,
NFL,spread,all,6,6,"raw 2015-2019, market a half-point from K",6.0,,0.0603,,,,,116.0,7.0,,,,
NFL,spread,all,6,6,"raw 2020-2025, market on K",6.0,,0.026,,,,,77.0,2.0,,,,
NFL,spread,all,6,6,"raw 2020-2025, market a half-point from K",6.0,,0.0494,,,,,162.0,8.0,,,,
NFL,spread,all,6,6,"raw 1999-2014, market on K",6.0,,0.033,,,,,212.0,7.0,,,,
NFL,spread,all,6,6,"raw 1999-2014, market a half-point from K",6.0,,0.0171,,,,,350.0,6.0,,,,
NFL,spread,all,7,7,table,5.5,,0.0,,,,,,,0.5376,0.4624,-116.0,116.0
NFL,spread,all,7,7,table,6.0,,0.0421,,,,9.1,,,0.4955,0.4624,-107.0,107.0
NFL,spread,all,7,7,table,6.5,,0.0,,,,9.0,,,0.4955,0.5045,102.0,-102.0
NFL,spread,all,7,7,table,7.0,,0.0569,,,,13.2,,,0.4385,0.5045,115.0,-115.0
NFL,spread,all,7,7,table,7.5,,0.0,,,,13.0,,,0.4385,0.5615,128.0,-128.0
NFL,spread,all,7,7,table,8.0,,0.0306,,,,9.6,,,0.408,0.5615,138.0,-138.0
NFL,spread,all,7,7,table,8.5,,0.0,,,,7.5,,,0.408,0.592,145.0,-145.0
NFL,spread,all,7,7,residual,5.5,,0.0,,,,,,,0.5469,0.4531,-121.0,121.0
NFL,spread,all,7,7,residual,6.0,,0.0353,,,,7.8,,,0.5116,0.4531,-113.0,113.0
NFL,spread,all,7,7,residual,6.5,,0.0,,,,8.1,,,0.5116,0.4884,-105.0,105.0
NFL,spread,all,7,7,residual,7.0,,0.0456,,,,9.5,,,0.4661,0.4884,105.0,-105.0
NFL,spread,all,7,7,residual,7.5,,0.0,,,,9.8,,,0.4661,0.5339,115.0,-115.0
NFL,spread,all,7,7,residual,8.0,,0.0332,,,,8.8,,,0.4329,0.5339,123.0,-123.0
NFL,spread,all,7,7,residual,8.5,,0.0,,,,7.7,,,0.4329,0.5671,131.0,-131.0
NFL,spread,all,7,7,"raw 2015-2025, market on K",7.0,,0.064,,,,,172.0,11.0,,,,
NFL,spread,all,7,7,"raw 2015-2025, market a half-point from K",7.0,,0.0695,,,,,302.0,21.0,,,,
NFL,spread,all,7,7,"raw 2015-2019, market on K",7.0,,0.1139,,,,,79.0,9.0,,,,
NFL,spread,all,7,7,"raw 2015-2019, market a half-point from K",7.0,,0.0645,,,,,124.0,8.0,,,,
NFL,spread,all,7,7,"raw 2020-2025, market on K",7.0,,0.0215,,,,,93.0,2.0,,,,
NFL,spread,all,7,7,"raw 2020-2025, market a half-point from K",7.0,,0.073,,,,,178.0,13.0,,,,
NFL,spread,all,7,7,"raw 1999-2014, market on K",7.0,,0.0658,,,,,319.0,21.0,,,,
NFL,spread,all,7,7,"raw 1999-2014, market a half-point from K",7.0,,0.0517,,,,,329.0,17.0,,,,
NFL,spread,all,8,8,table,6.5,,0.0,,,,,,,0.5286,0.4714,-112.0,112.0
NFL,spread,all,8,8,table,7.0,,0.0558,,,,11.8,,,0.4727,0.4714,-100.0,100.0
NFL,spread,all,8,8,table,7.5,,0.0,,,,11.8,,,0.4727,0.5273,112.0,-112.0
NFL,spread,all,8,8,table,8.0,,0.0309,,,,7.8,,,0.4418,0.5273,119.0,-119.0
NFL,spread,all,8,8,table,8.5,,0.0,,,,7.0,,,0.4418,0.5582,126.0,-126.0
NFL,spread,all,8,8,table,9.0,,0.0138,,,,4.1,,,0.428,0.5582,130.0,-130.0
NFL,spread,all,8,8,table,9.5,,0.0,,,,3.2,,,0.428,0.572,134.0,-134.0
NFL,spread,all,8,8,residual,6.5,,0.0,,,,,,,0.5469,0.4531,-121.0,121.0
NFL,spread,all,8,8,residual,7.0,,0.0353,,,,7.8,,,0.5116,0.4531,-113.0,113.0
NFL,spread,all,8,8,residual,7.5,,0.0,,,,8.1,,,0.5116,0.4884,-105.0,105.0
NFL,spread,all,8,8,residual,8.0,,0.0456,,,,9.5,,,0.4661,0.4884,105.0,-105.0
NFL,spread,all,8,8,residual,8.5,,0.0,,,,9.8,,,0.4661,0.5339,115.0,-115.0
NFL,spread,all,8,8,residual,9.0,,0.0332,,,,8.8,,,0.4329,0.5339,123.0,-123.0
NFL,spread,all,8,8,residual,9.5,,0.0,,,,7.7,,,0.4329,0.5671,131.0,-131.0
NFL,spread,all,8,8,"raw 2015-2025, market on K",8.0,,0.0,,,,,41.0,0.0,,,,
NFL,spread,all,8,8,"raw 2015-2025, market a half-point from K",8.0,,0.0326,,,,,215.0,7.0,,,,
NFL,spread,all,8,8,"raw 2015-2019, market on K",8.0,,0.0,,,,,22.0,0.0,,,,
NFL,spread,all,8,8,"raw 2015-2019, market a half-point from K",8.0,,0.0444,,,,,90.0,4.0,,,,
NFL,spread,all,8,8,"raw 2020-2025, market on K",8.0,,0.0,,,,,19.0,0.0,,,,
NFL,spread,all,8,8,"raw 2020-2025, market a half-point from K",8.0,,0.024,,,,,125.0,3.0,,,,
NFL,spread,all,8,8,"raw 1999-2014, market on K",8.0,,0.0,,,,,59.0,0.0,,,,
NFL,spread,all,8,8,"raw 1999-2014, market a half-point from K",8.0,,0.0225,,,,,178.0,4.0,,,,
NFL,spread,all,9,9,table,7.5,,0.0,,,,,,,0.5068,0.4932,-103.0,103.0
NFL,spread,all,9,9,table,8.0,,0.0303,,,,6.3,,,0.4765,0.4932,103.0,-103.0
NFL,spread,all,9,9,table,8.5,,0.0,,,,6.4,,,0.4765,0.5235,110.0,-110.0
NFL,spread,all,9,9,table,9.0,,0.014,,,,3.3,,,0.4625,0.5235,113.0,-113.0
NFL,spread,all,9,9,table,9.5,,0.0,,,,3.0,,,0.4625,0.5375,116.0,-116.0
NFL,spread,all,9,9,table,10.0,,0.0402,,,,11.1,,,0.4223,0.5375,127.0,-127.0
NFL,spread,all,9,9,table,10.5,,0.0,,,,9.5,,,0.4223,0.5777,137.0,-137.0
NFL,spread,all,9,9,residual,7.5,,0.0,,,,,,,0.5469,0.4531,-121.0,121.0
NFL,spread,all,9,9,residual,8.0,,0.0353,,,,7.8,,,0.5116,0.4531,-113.0,113.0
NFL,spread,all,9,9,residual,8.5,,0.0,,,,8.1,,,0.5116,0.4884,-105.0,105.0
NFL,spread,all,9,9,residual,9.0,,0.0456,,,,9.5,,,0.4661,0.4884,105.0,-105.0
NFL,spread,all,9,9,residual,9.5,,0.0,,,,9.8,,,0.4661,0.5339,115.0,-115.0
NFL,spread,all,9,9,residual,10.0,,0.0332,,,,8.8,,,0.4329,0.5339,123.0,-123.0
NFL,spread,all,9,9,residual,10.5,,0.0,,,,7.7,,,0.4329,0.5671,131.0,-131.0
NFL,spread,all,9,9,"raw 2015-2025, market on K",9.0,,0.0,,,,,16.0,0.0,,,,
NFL,spread,all,9,9,"raw 2015-2025, market a half-point from K",9.0,,0.0103,,,,,97.0,1.0,,,,
NFL,spread,all,9,9,"raw 2015-2019, market on K",9.0,,0.0,,,,,8.0,0.0,,,,
NFL,spread,all,9,9,"raw 2015-2019, market a half-point from K",9.0,,0.0,,,,,30.0,0.0,,,,
NFL,spread,all,9,9,"raw 2020-2025, market on K",9.0,,0.0,,,,,8.0,0.0,,,,
NFL,spread,all,9,9,"raw 2020-2025, market a half-point from K",9.0,,0.0149,,,,,67.0,1.0,,,,
NFL,spread,all,9,9,"raw 1999-2014, market on K",9.0,,0.0,,,,,137.0,0.0,,,,
NFL,spread,all,9,9,"raw 1999-2014, market a half-point from K",9.0,,0.0,,,,,167.0,0.0,,,,
NFL,spread,all,10,10,table,8.5,,0.0,,,,,,,0.5108,0.4892,-104.0,104.0
NFL,spread,all,10,10,table,9.0,,0.0137,,,,2.8,,,0.4971,0.4892,-102.0,102.0
NFL,spread,all,10,10,table,9.5,,0.0,,,,2.8,,,0.4971,0.5029,101.0,-101.0
NFL,spread,all,10,10,table,10.0,,0.0406,,,,9.0,,,0.4565,0.5029,110.0,-110.0
NFL,spread,all,10,10,table,10.5,,0.0,,,,8.9,,,0.4565,0.5435,119.0,-119.0
NFL,spread,all,10,10,table,11.0,,0.0202,,,,5.5,,,0.4363,0.5435,125.0,-125.0
NFL,spread,all,10,10,table,11.5,,0.0,,,,4.6,,,0.4363,0.5637,129.0,-129.0
NFL,spread,all,10,10,residual,8.5,,0.0,,,,,,,0.5469,0.4531,-121.0,121.0
NFL,spread,all,10,10,residual,9.0,,0.0353,,,,7.8,,,0.5116,0.4531,-113.0,113.0
NFL,spread,all,10,10,residual,9.5,,0.0,,,,8.1,,,0.5116,0.4884,-105.0,105.0
NFL,spread,all,10,10,residual,10.0,,0.0456,,,,9.5,,,0.4661,0.4884,105.0,-105.0
NFL,spread,all,10,10,residual,10.5,,0.0,,,,9.8,,,0.4661,0.5339,115.0,-115.0
NFL,spread,all,10,10,residual,11.0,,0.0332,,,,8.8,,,0.4329,0.5339,123.0,-123.0
NFL,spread,all,10,10,residual,11.5,,0.0,,,,7.7,,,0.4329,0.5671,131.0,-131.0
NFL,spread,all,10,10,"raw 2015-2025, market on K",10.0,,0.075,,,,,80.0,6.0,,,,
NFL,spread,all,10,10,"raw 2015-2025, market a half-point from K",10.0,,0.0268,,,,,112.0,3.0,,,,
NFL,spread,all,10,10,"raw 2015-2019, market on K",10.0,,0.0714,,,,,42.0,3.0,,,,
NFL,spread,all,10,10,"raw 2015-2019, market a half-point from K",10.0,,0.025,,,,,40.0,1.0,,,,
NFL,spread,all,10,10,"raw 2020-2025, market on K",10.0,,0.0789,,,,,38.0,3.0,,,,
NFL,spread,all,10,10,"raw 2020-2025, market a half-point from K",10.0,,0.0278,,,,,72.0,2.0,,,,
NFL,spread,all,10,10,"raw 1999-2014, market on K",10.0,,0.0602,,,,,133.0,8.0,,,,
NFL,spread,all,10,10,"raw 1999-2014, market a half-point from K",10.0,,0.0484,,,,,186.0,9.0,,,,
NFL,spread,all,11,11,table,9.5,,0.0,,,,,,,0.5305,0.4695,-113.0,113.0
NFL,spread,all,11,11,table,10.0,,0.0397,,,,8.4,,,0.4908,0.4695,-105.0,105.0
NFL,spread,all,11,11,table,10.5,,0.0,,,,8.3,,,0.4908,0.5092,104.0,-104.0
NFL,spread,all,11,11,table,11.0,,0.0204,,,,4.5,,,0.4704,0.5092,108.0,-108.0
NFL,spread,all,11,11,table,11.5,,0.0,,,,4.3,,,0.4704,0.5296,113.0,-113.0
NFL,spread,all,11,11,table,12.0,,0.0193,,,,4.8,,,0.4511,0.5296,117.0,-117.0
NFL,spread,all,11,11,table,12.5,,0.0,,,,4.3,,,0.4511,0.5489,122.0,-122.0
NFL,spread,all,11,11,residual,9.5,,0.0,,,,,,,0.5469,0.4531,-121.0,121.0
NFL,spread,all,11,11,residual,10.0,,0.0353,,,,7.8,,,0.5116,0.4531,-113.0,113.0
NFL,spread,all,11,11,residual,10.5,,0.0,,,,8.1,,,0.5116,0.4884,-105.0,105.0
NFL,spread,all,11,11,residual,11.0,,0.0456,,,,9.5,,,0.4661,0.4884,105.0,-105.0
NFL,spread,all,11,11,residual,11.5,,0.0,,,,9.8,,,0.4661,0.5339,115.0,-115.0
NFL,spread,all,11,11,residual,12.0,,0.0332,,,,8.8,,,0.4329,0.5339,123.0,-123.0
NFL,spread,all,11,11,residual,12.5,,0.0,,,,7.7,,,0.4329,0.5671,131.0,-131.0
NFL,spread,all,11,11,"raw 2015-2025, market on K",11.0,,0.0385,,,,,26.0,1.0,,,,
NFL,spread,all,11,11,"raw 2015-2025, market a half-point from K",11.0,,0.0127,,,,,79.0,1.0,,,,
NFL,spread,all,11,11,"raw 2015-2019, market on K",11.0,,0.0,,,,,9.0,0.0,,,,
NFL,spread,all,11,11,"raw 2015-2019, market a half-point from K",11.0,,0.0,,,,,36.0,0.0,,,,
NFL,spread,all,11,11,"raw 2020-2025, market on K",11.0,,0.0588,,,,,17.0,1.0,,,,
NFL,spread,all,11,11,"raw 2020-2025, market a half-point from K",11.0,,0.0233,,,,,43.0,1.0,,,,
NFL,spread,all,11,11,"raw 1999-2014, market on K",11.0,,0.0,,,,,54.0,0.0,,,,
NFL,spread,all,11,11,"raw 1999-2014, market a half-point from K",11.0,,0.0202,,,,,99.0,2.0,,,,
NFL,spread,all,12,12,table,10.5,,0.0,,,,,,,0.5244,0.4756,-110.0,110.0
NFL,spread,all,12,12,table,11.0,,0.0199,,,,4.2,,,0.5045,0.4756,-106.0,106.0
NFL,spread,all,12,12,table,11.5,,0.0,,,,4.3,,,0.5045,0.4955,-102.0,102.0
NFL,spread,all,12,12,table,12.0,,0.0194,,,,4.0,,,0.4851,0.4955,102.0,-102.0
NFL,spread,all,12,12,table,12.5,,0.0,,,,4.0,,,0.4851,0.5149,106.0,-106.0
NFL,spread,all,12,12,table,13.0,,0.0226,,,,5.2,,,0.4625,0.5149,111.0,-111.0
NFL,spread,all,12,12,table,13.5,,0.0,,,,4.9,,,0.4625,0.5375,116.0,-116.0
NFL,spread,all,12,12,residual,10.5,,0.0,,,,,,,0.5469,0.4531,-121.0,121.0
NFL,spread,all,12,12,residual,11.0,,0.0353,,,,7.8,,,0.5116,0.4531,-113.0,113.0
NFL,spread,all,12,12,residual,11.5,,0.0,,,,8.1,,,0.5116,0.4884,-105.0,105.0
NFL,spread,all,12,12,residual,12.0,,0.0456,,,,9.5,,,0.4661,0.4884,105.0,-105.0
NFL,spread,all,12,12,residual,12.5,,0.0,,,,9.8,,,0.4661,0.5339,115.0,-115.0
NFL,spread,all,12,12,residual,13.0,,0.0332,,,,8.8,,,0.4329,0.5339,123.0,-123.0
NFL,spread,all,12,12,residual,13.5,,0.0,,,,7.7,,,0.4329,0.5671,131.0,-131.0
NFL,spread,all,12,12,"raw 2015-2025, market on K",12.0,,0.0,,,,,7.0,0.0,,,,
NFL,spread,all,12,12,"raw 2015-2025, market a half-point from K",12.0,,0.0,,,,,37.0,0.0,,,,
NFL,spread,all,12,12,"raw 2015-2019, market on K",12.0,,0.0,,,,,5.0,0.0,,,,
NFL,spread,all,12,12,"raw 2015-2019, market a half-point from K",12.0,,0.0,,,,,10.0,0.0,,,,
NFL,spread,all,12,12,"raw 2020-2025, market on K",12.0,,0.0,,,,,2.0,0.0,,,,
NFL,spread,all,12,12,"raw 2020-2025, market a half-point from K",12.0,,0.0,,,,,27.0,0.0,,,,
NFL,spread,all,12,12,"raw 1999-2014, market on K",12.0,,0.0385,,,,,26.0,1.0,,,,
NFL,spread,all,12,12,"raw 1999-2014, market a half-point from K",12.0,,0.0,,,,,52.0,0.0,,,,
NFL,spread,all,13,13,table,11.5,,0.0,,,,,,,0.5382,0.4618,-117.0,117.0
NFL,spread,all,13,13,table,12.0,,0.0189,,,,4.1,,,0.5193,0.4618,-112.0,112.0
NFL,spread,all,13,13,table,12.5,,0.0,,,,4.4,,,0.5193,0.4807,-108.0,108.0
NFL,spread,all,13,13,table,13.0,,0.0228,,,,4.7,,,0.4965,0.4807,-103.0,103.0
NFL,spread,all,13,13,table,13.5,,0.0,,,,4.7,,,0.4965,0.5035,101.0,-101.0
NFL,spread,all,13,13,table,14.0,,0.0579,,,,13.4,,,0.4386,0.5035,115.0,-115.0
NFL,spread,all,13,13,table,14.5,,0.0,,,,13.2,,,0.4386,0.5614,128.0,-128.0
NFL,spread,all,13,13,residual,11.5,,0.0,,,,,,,0.5469,0.4531,-121.0,121.0
NFL,spread,all,13,13,residual,12.0,,0.0353,,,,7.8,,,0.5116,0.4531,-113.0,113.0
NFL,spread,all,13,13,residual,12.5,,0.0,,,,8.1,,,0.5116,0.4884,-105.0,105.0
NFL,spread,all,13,13,residual,13.0,,0.0456,,,,9.5,,,0.4661,0.4884,105.0,-105.0
NFL,spread,all,13,13,residual,13.5,,0.0,,,,9.8,,,0.4661,0.5339,115.0,-115.0
NFL,spread,all,13,13,residual,14.0,,0.0332,,,,8.8,,,0.4329,0.5339,123.0,-123.0
NFL,spread,all,13,13,residual,14.5,,0.0,,,,7.7,,,0.4329,0.5671,131.0,-131.0
NFL,spread,all,13,13,"raw 2015-2025, market on K",13.0,,0.0,,,,,28.0,0.0,,,,
NFL,spread,all,13,13,"raw 2015-2025, market a half-point from K",13.0,,0.102,,,,,49.0,5.0,,,,
NFL,spread,all,13,13,"raw 2015-2019, market on K",13.0,,0.0,,,,,11.0,0.0,,,,
NFL,spread,all,13,13,"raw 2015-2019, market a half-point from K",13.0,,0.0556,,,,,18.0,1.0,,,,
NFL,spread,all,13,13,"raw 2020-2025, market on K",13.0,,0.0,,,,,17.0,0.0,,,,
NFL,spread,all,13,13,"raw 2020-2025, market a half-point from K",13.0,,0.129,,,,,31.0,4.0,,,,
NFL,spread,all,13,13,"raw 1999-2014, market on K",13.0,,0.0222,,,,,45.0,1.0,,,,
NFL,spread,all,13,13,"raw 1999-2014, market a half-point from K",13.0,,0.0,,,,,62.0,0.0,,,,
NFL,spread,all,14,14,table,12.5,,0.0,,,,,,,0.553,0.447,-124.0,124.0
NFL,spread,all,14,14,table,13.0,,0.0223,,,,5.0,,,0.5308,0.447,-119.0,119.0
NFL,spread,all,14,14,table,13.5,,0.0,,,,5.6,,,0.5308,0.4692,-113.0,113.0
NFL,spread,all,14,14,table,14.0,,0.0583,,,,12.4,,,0.4724,0.4692,-101.0,101.0
NFL,spread,all,14,14,table,14.5,,0.0,,,,12.4,,,0.4724,0.5276,112.0,-112.0
NFL,spread,all,14,14,table,15.0,,0.021,,,,5.2,,,0.4515,0.5276,117.0,-117.0
NFL,spread,all,14,14,table,15.5,,0.0,,,,4.6,,,0.4515,0.5485,122.0,-122.0
NFL,spread,all,14,14,residual,12.5,,0.0,,,,,,,0.5469,0.4531,-121.0,121.0
NFL,spread,all,14,14,residual,13.0,,0.0353,,,,7.8,,,0.5116,0.4531,-113.0,113.0
NFL,spread,all,14,14,residual,13.5,,0.0,,,,8.1,,,0.5116,0.4884,-105.0,105.0
NFL,spread,all,14,14,residual,14.0,,0.0456,,,,9.5,,,0.4661,0.4884,105.0,-105.0
NFL,spread,all,14,14,residual,14.5,,0.0,,,,9.8,,,0.4661,0.5339,115.0,-115.0
NFL,spread,all,14,14,residual,15.0,,0.0332,,,,8.8,,,0.4329,0.5339,123.0,-123.0
NFL,spread,all,14,14,residual,15.5,,0.0,,,,7.7,,,0.4329,0.5671,131.0,-131.0
NFL,spread,all,14,14,"raw 2015-2025, market on K",14.0,,0.0476,,,,,42.0,2.0,,,,
NFL,spread,all,14,14,"raw 2015-2025, market a half-point from K",14.0,,0.0238,,,,,42.0,1.0,,,,
NFL,spread,all,14,14,"raw 2015-2019, market on K",14.0,,0.0,,,,,15.0,0.0,,,,
NFL,spread,all,14,14,"raw 2015-2019, market a half-point from K",14.0,,0.0,,,,,19.0,0.0,,,,
NFL,spread,all,14,14,"raw 2020-2025, market on K",14.0,,0.0741,,,,,27.0,2.0,,,,
NFL,spread,all,14,14,"raw 2020-2025, market a half-point from K",14.0,,0.0435,,,,,23.0,1.0,,,,
NFL,spread,all,14,14,"raw 1999-2014, market on K",14.0,,0.0417,,,,,48.0,2.0,,,,
NFL,spread,all,14,14,"raw 1999-2014, market a half-point from K",14.0,,0.0204,,,,,49.0,1.0,,,,
NFL,spread,all,15,15,table,13.5,,0.0,,,,,,,0.5647,0.4353,-130.0,130.0
NFL,spread,all,15,15,table,14.0,,0.0571,,,,13.1,,,0.5076,0.4353,-117.0,117.0
NFL,spread,all,15,15,table,14.5,,0.0,,,,13.5,,,0.5076,0.4924,-103.0,103.0
NFL,spread,all,15,15,table,15.0,,0.0212,,,,4.3,,,0.4864,0.4924,101.0,-101.0
NFL,spread,all,15,15,table,15.5,,0.0,,,,4.4,,,0.4864,0.5136,106.0,-106.0
NFL,spread,all,15,15,table,16.0,,0.0314,,,,7.3,,,0.455,0.5136,113.0,-113.0
NFL,spread,all,15,15,table,16.5,,0.0,,,,6.9,,,0.455,0.545,120.0,-120.0
NFL,spread,all,15,15,residual,13.5,,0.0,,,,,,,0.5469,0.4531,-121.0,121.0
NFL,spread,all,15,15,residual,14.0,,0.0353,,,,7.8,,,0.5116,0.4531,-113.0,113.0
NFL,spread,all,15,15,residual,14.5,,0.0,,,,8.1,,,0.5116,0.4884,-105.0,105.0
NFL,spread,all,15,15,residual,15.0,,0.0456,,,,9.5,,,0.4661,0.4884,105.0,-105.0
NFL,spread,all,15,15,residual,15.5,,0.0,,,,9.8,,,0.4661,0.5339,115.0,-115.0
NFL,spread,all,15,15,residual,16.0,,0.0332,,,,8.8,,,0.4329,0.5339,123.0,-123.0
NFL,spread,all,15,15,residual,16.5,,0.0,,,,7.7,,,0.4329,0.5671,131.0,-131.0
NFL,spread,all,15,15,"raw 2015-2025, market on K",15.0,,0.2,,,,,5.0,1.0,,,,
NFL,spread,all,15,15,"raw 2015-2025, market a half-point from K",15.0,,0.0,,,,,21.0,0.0,,,,
NFL,spread,all,15,15,"raw 2015-2019, market on K",15.0,,0.0,,,,,2.0,0.0,,,,
NFL,spread,all,15,15,"raw 2015-2019, market a half-point from K",15.0,,0.0,,,,,7.0,0.0,,,,
NFL,spread,all,15,15,"raw 2020-2025, market on K",15.0,,0.3333,,,,,3.0,1.0,,,,
NFL,spread,all,15,15,"raw 2020-2025, market a half-point from K",15.0,,0.0,,,,,14.0,0.0,,,,
NFL,spread,all,15,15,"raw 1999-2014, market on K",15.0,,0.0,,,,,7.0,0.0,,,,
NFL,spread,all,15,15,"raw 1999-2014, market a half-point from K",15.0,,0.0,,,,,24.0,0.0,,,,
NFL,spread,all,16,16,table,14.5,,0.0,,,,,,,0.543,0.457,-119.0,119.0
NFL,spread,all,16,16,table,15.0,,0.0208,,,,4.5,,,0.5222,0.457,-114.0,114.0
NFL,spread,all,16,16,table,15.5,,0.0,,,,5.0,,,0.5222,0.4778,-109.0,109.0
NFL,spread,all,16,16,table,16.0,,0.0317,,,,6.6,,,0.4905,0.4778,-103.0,103.0
NFL,spread,all,16,16,table,16.5,,0.0,,,,6.5,,,0.4905,0.5095,104.0,-104.0
NFL,spread,all,16,16,table,17.0,,0.0482,,,,11.3,,,0.4423,0.5095,115.0,-115.0
NFL,spread,all,16,16,table,17.5,,0.0,,,,10.9,,,0.4423,0.5577,126.0,-126.0
NFL,spread,all,16,16,residual,14.5,,0.0,,,,,,,0.5469,0.4531,-121.0,121.0
NFL,spread,all,16,16,residual,15.0,,0.0353,,,,7.8,,,0.5116,0.4531,-113.0,113.0
NFL,spread,all,16,16,residual,15.5,,0.0,,,,8.1,,,0.5116,0.4884,-105.0,105.0
NFL,spread,all,16,16,residual,16.0,,0.0456,,,,9.5,,,0.4661,0.4884,105.0,-105.0
NFL,spread,all,16,16,residual,16.5,,0.0,,,,9.8,,,0.4661,0.5339,115.0,-115.0
NFL,spread,all,16,16,residual,17.0,,0.0332,,,,8.8,,,0.4329,0.5339,123.0,-123.0
NFL,spread,all,16,16,residual,17.5,,0.0,,,,7.7,,,0.4329,0.5671,131.0,-131.0
NFL,spread,all,16,16,"raw 2015-2025, market on K",16.0,,0.0,,,,,2.0,0.0,,,,
NFL,spread,all,16,16,"raw 2015-2025, market a half-point from K",16.0,,0.0625,,,,,16.0,1.0,,,,
NFL,spread,all,16,16,"raw 2015-2019, market on K",16.0,,0.0,,,,,1.0,0.0,,,,
NFL,spread,all,16,16,"raw 2015-2019, market a half-point from K",16.0,,0.0,,,,,8.0,0.0,,,,
NFL,spread,all,16,16,"raw 2020-2025, market on K",16.0,,0.0,,,,,1.0,0.0,,,,
NFL,spread,all,16,16,"raw 2020-2025, market a half-point from K",16.0,,0.125,,,,,8.0,1.0,,,,
NFL,spread,all,16,16,"raw 1999-2014, market on K",16.0,,0.0833,,,,,12.0,1.0,,,,
NFL,spread,all,16,16,"raw 1999-2014, market a half-point from K",16.0,,0.0,,,,,16.0,0.0,,,,
NFL,spread,all,17,17,table,15.5,,0.0,,,,,,,0.5574,0.4426,-126.0,126.0
NFL,spread,all,17,17,table,16.0,,0.0311,,,,7.0,,,0.5263,0.4426,-119.0,119.0
NFL,spread,all,17,17,table,16.5,,0.0,,,,7.8,,,0.5263,0.4737,-111.0,111.0
NFL,spread,all,17,17,table,17.0,,0.0488,,,,10.3,,,0.4775,0.4737,-101.0,101.0
NFL,spread,all,17,17,table,17.5,,0.0,,,,10.2,,,0.4775,0.5225,109.0,-109.0
NFL,spread,all,17,17,table,18.0,,0.0351,,,,8.7,,,0.4424,0.5225,118.0,-118.0
NFL,spread,all,17,17,table,18.5,,0.0,,,,7.9,,,0.4424,0.5576,126.0,-126.0
NFL,spread,all,17,17,residual,15.5,,0.0,,,,,,,0.5469,0.4531,-121.0,121.0
NFL,spread,all,17,17,residual,16.0,,0.0353,,,,7.8,,,0.5116,0.4531,-113.0,113.0
NFL,spread,all,17,17,residual,16.5,,0.0,,,,8.1,,,0.5116,0.4884,-105.0,105.0
NFL,spread,all,17,17,residual,17.0,,0.0456,,,,9.5,,,0.4661,0.4884,105.0,-105.0
NFL,spread,all,17,17,residual,17.5,,0.0,,,,9.8,,,0.4661,0.5339,115.0,-115.0
NFL,spread,all,17,17,residual,18.0,,0.0332,,,,8.8,,,0.4329,0.5339,123.0,-123.0
NFL,spread,all,17,17,residual,18.5,,0.0,,,,7.7,,,0.4329,0.5671,131.0,-131.0
NFL,spread,all,17,17,"raw 2015-2025, market on K",17.0,,0.0,,,,,10.0,0.0,,,,
NFL,spread,all,17,17,"raw 2015-2025, market a half-point from K",17.0,,0.0,,,,,14.0,0.0,,,,
NFL,spread,all,17,17,"raw 2015-2019, market on K",17.0,,0.0,,,,,6.0,0.0,,,,
NFL,spread,all,17,17,"raw 2015-2019, market a half-point from K",17.0,,0.0,,,,,7.0,0.0,,,,
NFL,spread,all,17,17,"raw 2020-2025, market on K",17.0,,0.0,,,,,4.0,0.0,,,,
NFL,spread,all,17,17,"raw 2020-2025, market a half-point from K",17.0,,0.0,,,,,7.0,0.0,,,,
NFL,spread,all,17,17,"raw 1999-2014, market on K",17.0,,0.3333,,,,,6.0,2.0,,,,
NFL,spread,all,17,17,"raw 1999-2014, market a half-point from K",17.0,,0.2,,,,,5.0,1.0,,,,
