section,sport,dependence,rho,volume,scenario,scenario_mean_clv,zero_share,gate,signals,floor,threshold,p_pass,p_pass_then_not_kept_at_40,mean_signals_to_pass,median_signals_to_pass,p_no_pass_by_40,wind_cutoff,avg_signals_in_history,p_decided_by_reg_end,p_decided_by_season_end,median_decision_date,p_pass_by_reg_end,p_pass_by_season_end,median_pass_date,median_weeks_to_pass,mean_staked_bets_this_season,bets,mean_units,p5_units,p95_units,p_behind,mean_pct_bankroll,p5_pct_bankroll,p95_pct_bankroll
gates,CFB Rule B,independent,0,,no edge,-0.002418,0,mean CLV > 0 (today's gate),20,0,,0.4964,0.4693,,,,,,,,,,,,,,,,,,,,,
gates,CFB Rule B,independent,0,,no edge,-0.002418,0,t > 1.65,20,0,1.65,0.05423,0.04077,,,,,,,,,,,,,,,,,,,,,
gates,CFB Rule B,independent,0,,no edge,-0.002418,0,bootstrap 90% lower bound > 0,20,0,,0.1127,0.09312,,,,,,,,,,,,,,,,,,,,,
gates,CFB Rule B,independent,0,,no edge,-0.002418,0,bootstrap 95% lower bound > 0,20,0,,0.06157,0.04702,,,,,,,,,,,,,,,,,,,,,
gates,CFB Rule B,independent,0,,no edge,-0.002418,0,t > calibrated 5%,20,0,2.35,0.01397,0.008525,,,,,,,,,,,,,,,,,,,,,
gates,CFB Rule B,independent,0,,no edge,-0.002418,0,t > 1.65,30,0,1.65,0.05237,0.03225,,,,,,,,,,,,,,,,,,,,,
gates,CFB Rule B,independent,0,,no edge,-0.002418,0,bootstrap 90% lower bound > 0,30,0,,0.1069,0.08182,,,,,,,,,,,,,,,,,,,,,
gates,CFB Rule B,independent,0,,no edge,-0.002418,0,bootstrap 95% lower bound > 0,30,0,,0.05722,0.03645,,,,,,,,,,,,,,,,,,,,,
gates,CFB Rule B,independent,0,,no edge,-0.002418,0,t > calibrated 5%,30,0,2.45,0.00965,0.002675,,,,,,,,,,,,,,,,,,,,,
gates,CFB Rule B,independent,0,,no edge,-0.002418,0,t > 1.65,40,0,1.65,0.05047,0.02325,,,,,,,,,,,,,,,,,,,,,
gates,CFB Rule B,independent,0,,no edge,-0.002418,0,bootstrap 90% lower bound > 0,40,0,,0.1039,0.07667,,,,,,,,,,,,,,,,,,,,,
gates,CFB Rule B,independent,0,,no edge,-0.002418,0,bootstrap 95% lower bound > 0,40,0,,0.05418,0.02695,,,,,,,,,,,,,,,,,,,,,
gates,CFB Rule B,independent,0,,no edge,-0.002418,0,t > calibrated 5%,40,0,2.38,0.01008,0,,,,,,,,,,,,,,,,,,,,,
gates,CFB Rule B,independent,0,,no edge,-0.002418,0,sequential constant 5%,10-40,0,3.39,0.009875,0.006275,15.71,12,0.9901,,,,,,,,,,,,,,,,,,
gates,CFB Rule B,independent,0,,no edge,-0.002418,0,sequential constant 10%,10-40,0,2.79,0.02987,0.0194,16.64,13,0.9701,,,,,,,,,,,,,,,,,,
gates,CFB Rule B,independent,0,,no edge,-0.002418,0,sequential OBF 5%,10-40,0,2.75,0.008025,0.00115,30.62,32,0.992,,,,,,,,,,,,,,,,,,
gates,CFB Rule B,independent,0,,no edge,-0.002418,0,sequential OBF 10%,10-40,0,2.24,0.02755,0.008675,28.93,30,0.9725,,,,,,,,,,,,,,,,,,
gates,CFB Rule B,independent,0,,no edge,-0.002418,0,registered keep test (reference),40,0,1.96,0.02722,0,,,,,,,,,,,,,,,,,,,,,
gates,CFB Rule B,independent,0,,no edge,-0.002418,0,mean CLV > 0 (today's gate),20,0.25,,0.3341,0.3082,,,,,,,,,,,,,,,,,,,,,
gates,CFB Rule B,independent,0,,no edge,-0.002418,0,t > 1.65,20,0.25,1.65,0.05423,0.04077,,,,,,,,,,,,,,,,,,,,,
gates,CFB Rule B,independent,0,,no edge,-0.002418,0,bootstrap 90% lower bound > 0,20,0.25,,0.1127,0.09312,,,,,,,,,,,,,,,,,,,,,
gates,CFB Rule B,independent,0,,no edge,-0.002418,0,bootstrap 95% lower bound > 0,20,0.25,,0.06157,0.04702,,,,,,,,,,,,,,,,,,,,,
gates,CFB Rule B,independent,0,,no edge,-0.002418,0,t > calibrated 5%,20,0.25,2.35,0.01397,0.008525,,,,,,,,,,,,,,,,,,,,,
gates,CFB Rule B,independent,0,,no edge,-0.002418,0,t > 1.65,30,0.25,1.65,0.05237,0.03225,,,,,,,,,,,,,,,,,,,,,
gates,CFB Rule B,independent,0,,no edge,-0.002418,0,bootstrap 90% lower bound > 0,30,0.25,,0.1069,0.08182,,,,,,,,,,,,,,,,,,,,,
gates,CFB Rule B,independent,0,,no edge,-0.002418,0,bootstrap 95% lower bound > 0,30,0.25,,0.05722,0.03645,,,,,,,,,,,,,,,,,,,,,
gates,CFB Rule B,independent,0,,no edge,-0.002418,0,t > calibrated 5%,30,0.25,2.45,0.00965,0.002675,,,,,,,,,,,,,,,,,,,,,
gates,CFB Rule B,independent,0,,no edge,-0.002418,0,t > 1.65,40,0.25,1.65,0.05047,0.02325,,,,,,,,,,,,,,,,,,,,,
gates,CFB Rule B,independent,0,,no edge,-0.002418,0,bootstrap 90% lower bound > 0,40,0.25,,0.1039,0.07667,,,,,,,,,,,,,,,,,,,,,
gates,CFB Rule B,independent,0,,no edge,-0.002418,0,bootstrap 95% lower bound > 0,40,0.25,,0.05418,0.02695,,,,,,,,,,,,,,,,,,,,,
gates,CFB Rule B,independent,0,,no edge,-0.002418,0,t > calibrated 5%,40,0.25,2.38,0.01008,0,,,,,,,,,,,,,,,,,,,,,
gates,CFB Rule B,independent,0,,no edge,-0.002418,0,sequential constant 5%,10-40,0.25,3.39,0.009875,0.006275,15.71,12,0.9901,,,,,,,,,,,,,,,,,,
gates,CFB Rule B,independent,0,,no edge,-0.002418,0,sequential constant 10%,10-40,0.25,2.79,0.02987,0.0194,16.64,13,0.9701,,,,,,,,,,,,,,,,,,
gates,CFB Rule B,independent,0,,no edge,-0.002418,0,sequential OBF 5%,10-40,0.25,2.75,0.008025,0.00115,30.62,32,0.992,,,,,,,,,,,,,,,,,,
gates,CFB Rule B,independent,0,,no edge,-0.002418,0,sequential OBF 10%,10-40,0.25,2.24,0.02755,0.008675,28.93,30,0.9725,,,,,,,,,,,,,,,,,,
gates,CFB Rule B,independent,0,,no edge,-0.002418,0,mean CLV > 0 (today's gate),20,0.5,,0.199,0.1762,,,,,,,,,,,,,,,,,,,,,
gates,CFB Rule B,independent,0,,no edge,-0.002418,0,t > 1.65,20,0.5,1.65,0.05415,0.04072,,,,,,,,,,,,,,,,,,,,,
gates,CFB Rule B,independent,0,,no edge,-0.002418,0,bootstrap 90% lower bound > 0,20,0.5,,0.1118,0.09233,,,,,,,,,,,,,,,,,,,,,
gates,CFB Rule B,independent,0,,no edge,-0.002418,0,bootstrap 95% lower bound > 0,20,0.5,,0.06145,0.04693,,,,,,,,,,,,,,,,,,,,,
gates,CFB Rule B,independent,0,,no edge,-0.002418,0,t > calibrated 5%,20,0.5,2.35,0.01397,0.008525,,,,,,,,,,,,,,,,,,,,,
gates,CFB Rule B,independent,0,,no edge,-0.002418,0,t > 1.65,30,0.5,1.65,0.05233,0.0322,,,,,,,,,,,,,,,,,,,,,
gates,CFB Rule B,independent,0,,no edge,-0.002418,0,bootstrap 90% lower bound > 0,30,0.5,,0.1047,0.0799,,,,,,,,,,,,,,,,,,,,,
gates,CFB Rule B,independent,0,,no edge,-0.002418,0,bootstrap 95% lower bound > 0,30,0.5,,0.05713,0.03635,,,,,,,,,,,,,,,,,,,,,
gates,CFB Rule B,independent,0,,no edge,-0.002418,0,t > calibrated 5%,30,0.5,2.45,0.00965,0.002675,,,,,,,,,,,,,,,,,,,,,
gates,CFB Rule B,independent,0,,no edge,-0.002418,0,t > 1.65,40,0.5,1.65,0.0504,0.02318,,,,,,,,,,,,,,,,,,,,,
gates,CFB Rule B,independent,0,,no edge,-0.002418,0,bootstrap 90% lower bound > 0,40,0.5,,0.09573,0.0685,,,,,,,,,,,,,,,,,,,,,
gates,CFB Rule B,independent,0,,no edge,-0.002418,0,bootstrap 95% lower bound > 0,40,0.5,,0.054,0.02678,,,,,,,,,,,,,,,,,,,,,
gates,CFB Rule B,independent,0,,no edge,-0.002418,0,t > calibrated 5%,40,0.5,2.38,0.01008,0,,,,,,,,,,,,,,,,,,,,,
gates,CFB Rule B,independent,0,,no edge,-0.002418,0,sequential constant 5%,10-40,0.5,3.39,0.009875,0.006275,15.71,12,0.9901,,,,,,,,,,,,,,,,,,
gates,CFB Rule B,independent,0,,no edge,-0.002418,0,sequential constant 10%,10-40,0.5,2.79,0.02987,0.0194,16.64,13,0.9701,,,,,,,,,,,,,,,,,,
gates,CFB Rule B,independent,0,,no edge,-0.002418,0,sequential OBF 5%,10-40,0.5,2.75,0.008025,0.00115,30.62,32,0.992,,,,,,,,,,,,,,,,,,
gates,CFB Rule B,independent,0,,no edge,-0.002418,0,sequential OBF 10%,10-40,0.5,2.24,0.02755,0.008675,28.93,30,0.9725,,,,,,,,,,,,,,,,,,
gates,CFB Rule B,independent,0,,no edge,-0.001665,0.2,mean CLV > 0 (today's gate),20,0,,0.4979,0.4718,,,,,,,,,,,,,,,,,,,,,
gates,CFB Rule B,independent,0,,no edge,-0.001665,0.2,t > 1.65,20,0,1.65,0.05378,0.04105,,,,,,,,,,,,,,,,,,,,,
gates,CFB Rule B,independent,0,,no edge,-0.001665,0.2,bootstrap 90% lower bound > 0,20,0,,0.1142,0.09532,,,,,,,,,,,,,,,,,,,,,
gates,CFB Rule B,independent,0,,no edge,-0.001665,0.2,bootstrap 95% lower bound > 0,20,0,,0.06313,0.04927,,,,,,,,,,,,,,,,,,,,,
gates,CFB Rule B,independent,0,,no edge,-0.001665,0.2,t > calibrated 5%,20,0,2.35,0.01317,0.00845,,,,,,,,,,,,,,,,,,,,,
gates,CFB Rule B,independent,0,,no edge,-0.001665,0.2,t > 1.65,30,0,1.65,0.05092,0.03163,,,,,,,,,,,,,,,,,,,,,
gates,CFB Rule B,independent,0,,no edge,-0.001665,0.2,bootstrap 90% lower bound > 0,30,0,,0.1073,0.08303,,,,,,,,,,,,,,,,,,,,,
gates,CFB Rule B,independent,0,,no edge,-0.001665,0.2,bootstrap 95% lower bound > 0,30,0,,0.05777,0.03748,,,,,,,,,,,,,,,,,,,,,
gates,CFB Rule B,independent,0,,no edge,-0.001665,0.2,t > calibrated 5%,30,0,2.45,0.0088,0.00235,,,,,,,,,,,,,,,,,,,,,
gates,CFB Rule B,independent,0,,no edge,-0.001665,0.2,t > 1.65,40,0,1.65,0.05017,0.02397,,,,,,,,,,,,,,,,,,,,,
gates,CFB Rule B,independent,0,,no edge,-0.001665,0.2,bootstrap 90% lower bound > 0,40,0,,0.105,0.07877,,,,,,,,,,,,,,,,,,,,,
gates,CFB Rule B,independent,0,,no edge,-0.001665,0.2,bootstrap 95% lower bound > 0,40,0,,0.05477,0.02857,,,,,,,,,,,,,,,,,,,,,
gates,CFB Rule B,independent,0,,no edge,-0.001665,0.2,t > calibrated 5%,40,0,2.38,0.0102,0,,,,,,,,,,,,,,,,,,,,,
gates,CFB Rule B,independent,0,,no edge,-0.001665,0.2,sequential constant 5%,10-40,0,3.39,0.0076,0.004575,16.43,13,0.9924,,,,,,,,,,,,,,,,,,
gates,CFB Rule B,independent,0,,no edge,-0.001665,0.2,sequential constant 10%,10-40,0,2.79,0.0258,0.01665,17,14,0.9742,,,,,,,,,,,,,,,,,,
gates,CFB Rule B,independent,0,,no edge,-0.001665,0.2,sequential OBF 5%,10-40,0,2.75,0.00685,0.0009,31.61,33,0.9931,,,,,,,,,,,,,,,,,,
gates,CFB Rule B,independent,0,,no edge,-0.001665,0.2,sequential OBF 10%,10-40,0,2.24,0.0258,0.0076,29.98,31,0.9742,,,,,,,,,,,,,,,,,,
gates,CFB Rule B,independent,0,,no edge,-0.001665,0.2,registered keep test (reference),40,0,1.96,0.0262,0,,,,,,,,,,,,,,,,,,,,,
gates,CFB Rule B,independent,0,,no edge,-0.001665,0.2,mean CLV > 0 (today's gate),20,0.25,,0.3151,0.2902,,,,,,,,,,,,,,,,,,,,,
gates,CFB Rule B,independent,0,,no edge,-0.001665,0.2,t > 1.65,20,0.25,1.65,0.05378,0.04105,,,,,,,,,,,,,,,,,,,,,
gates,CFB Rule B,independent,0,,no edge,-0.001665,0.2,bootstrap 90% lower bound > 0,20,0.25,,0.1142,0.09532,,,,,,,,,,,,,,,,,,,,,
gates,CFB Rule B,independent,0,,no edge,-0.001665,0.2,bootstrap 95% lower bound > 0,20,0.25,,0.06313,0.04927,,,,,,,,,,,,,,,,,,,,,
gates,CFB Rule B,independent,0,,no edge,-0.001665,0.2,t > calibrated 5%,20,0.25,2.35,0.01317,0.00845,,,,,,,,,,,,,,,,,,,,,
gates,CFB Rule B,independent,0,,no edge,-0.001665,0.2,t > 1.65,30,0.25,1.65,0.05092,0.03163,,,,,,,,,,,,,,,,,,,,,
gates,CFB Rule B,independent,0,,no edge,-0.001665,0.2,bootstrap 90% lower bound > 0,30,0.25,,0.1073,0.08303,,,,,,,,,,,,,,,,,,,,,
gates,CFB Rule B,independent,0,,no edge,-0.001665,0.2,bootstrap 95% lower bound > 0,30,0.25,,0.05777,0.03748,,,,,,,,,,,,,,,,,,,,,
gates,CFB Rule B,independent,0,,no edge,-0.001665,0.2,t > calibrated 5%,30,0.25,2.45,0.0088,0.00235,,,,,,,,,,,,,,,,,,,,,
gates,CFB Rule B,independent,0,,no edge,-0.001665,0.2,t > 1.65,40,0.25,1.65,0.05017,0.02397,,,,,,,,,,,,,,,,,,,,,
gates,CFB Rule B,independent,0,,no edge,-0.001665,0.2,bootstrap 90% lower bound > 0,40,0.25,,0.105,0.07877,,,,,,,,,,,,,,,,,,,,,
gates,CFB Rule B,independent,0,,no edge,-0.001665,0.2,bootstrap 95% lower bound > 0,40,0.25,,0.05477,0.02857,,,,,,,,,,,,,,,,,,,,,
gates,CFB Rule B,independent,0,,no edge,-0.001665,0.2,t > calibrated 5%,40,0.25,2.38,0.0102,0,,,,,,,,,,,,,,,,,,,,,
gates,CFB Rule B,independent,0,,no edge,-0.001665,0.2,sequential constant 5%,10-40,0.25,3.39,0.0076,0.004575,16.43,13,0.9924,,,,,,,,,,,,,,,,,,
gates,CFB Rule B,independent,0,,no edge,-0.001665,0.2,sequential constant 10%,10-40,0.25,2.79,0.0258,0.01665,17,14,0.9742,,,,,,,,,,,,,,,,,,
gates,CFB Rule B,independent,0,,no edge,-0.001665,0.2,sequential OBF 5%,10-40,0.25,2.75,0.00685,0.0009,31.61,33,0.9931,,,,,,,,,,,,,,,,,,
gates,CFB Rule B,independent,0,,no edge,-0.001665,0.2,sequential OBF 10%,10-40,0.25,2.24,0.0258,0.0076,29.98,31,0.9742,,,,,,,,,,,,,,,,,,
gates,CFB Rule B,independent,0,,no edge,-0.001665,0.2,mean CLV > 0 (today's gate),20,0.5,,0.1719,0.151,,,,,,,,,,,,,,,,,,,,,
gates,CFB Rule B,independent,0,,no edge,-0.001665,0.2,t > 1.65,20,0.5,1.65,0.0533,0.0406,,,,,,,,,,,,,,,,,,,,,
gates,CFB Rule B,independent,0,,no edge,-0.001665,0.2,bootstrap 90% lower bound > 0,20,0.5,,0.109,0.09058,,,,,,,,,,,,,,,,,,,,,
gates,CFB Rule B,independent,0,,no edge,-0.001665,0.2,bootstrap 95% lower bound > 0,20,0.5,,0.06243,0.0486,,,,,,,,,,,,,,,,,,,,,
gates,CFB Rule B,independent,0,,no edge,-0.001665,0.2,t > calibrated 5%,20,0.5,2.35,0.01317,0.00845,,,,,,,,,,,,,,,,,,,,,
gates,CFB Rule B,independent,0,,no edge,-0.001665,0.2,t > 1.65,30,0.5,1.65,0.05035,0.03118,,,,,,,,,,,,,,,,,,,,,
gates,CFB Rule B,independent,0,,no edge,-0.001665,0.2,bootstrap 90% lower bound > 0,30,0.5,,0.09713,0.07393,,,,,,,,,,,,,,,,,,,,,
gates,CFB Rule B,independent,0,,no edge,-0.001665,0.2,bootstrap 95% lower bound > 0,30,0.5,,0.05672,0.03665,,,,,,,,,,,,,,,,,,,,,
gates,CFB Rule B,independent,0,,no edge,-0.001665,0.2,t > calibrated 5%,30,0.5,2.45,0.0088,0.00235,,,,,,,,,,,,,,,,,,,,,
gates,CFB Rule B,independent,0,,no edge,-0.001665,0.2,t > 1.65,40,0.5,1.65,0.04845,0.02237,,,,,,,,,,,,,,,,,,,,,
gates,CFB Rule B,independent,0,,no edge,-0.001665,0.2,bootstrap 90% lower bound > 0,40,0.5,,0.08228,0.0562,,,,,,,,,,,,,,,,,,,,,
gates,CFB Rule B,independent,0,,no edge,-0.001665,0.2,bootstrap 95% lower bound > 0,40,0.5,,0.0523,0.02622,,,,,,,,,,,,,,,,,,,,,
gates,CFB Rule B,independent,0,,no edge,-0.001665,0.2,t > calibrated 5%,40,0.5,2.38,0.0102,0,,,,,,,,,,,,,,,,,,,,,
gates,CFB Rule B,independent,0,,no edge,-0.001665,0.2,sequential constant 5%,10-40,0.5,3.39,0.0076,0.004575,16.43,13,0.9924,,,,,,,,,,,,,,,,,,
gates,CFB Rule B,independent,0,,no edge,-0.001665,0.2,sequential constant 10%,10-40,0.5,2.79,0.02575,0.0166,17.01,14,0.9742,,,,,,,,,,,,,,,,,,
gates,CFB Rule B,independent,0,,no edge,-0.001665,0.2,sequential OBF 5%,10-40,0.5,2.75,0.00685,0.0009,31.61,33,0.9931,,,,,,,,,,,,,,,,,,
gates,CFB Rule B,independent,0,,no edge,-0.001665,0.2,sequential OBF 10%,10-40,0.5,2.24,0.02577,0.0076,29.97,31,0.9742,,,,,,,,,,,,,,,,,,
gates,CFB Rule B,independent,0,,no edge,-0.0001843,0.4,mean CLV > 0 (today's gate),20,0,,0.5001,0.4738,,,,,,,,,,,,,,,,,,,,,
gates,CFB Rule B,independent,0,,no edge,-0.0001843,0.4,t > 1.65,20,0,1.65,0.05518,0.04163,,,,,,,,,,,,,,,,,,,,,
gates,CFB Rule B,independent,0,,no edge,-0.0001843,0.4,bootstrap 90% lower bound > 0,20,0,,0.1206,0.1008,,,,,,,,,,,,,,,,,,,,,
gates,CFB Rule B,independent,0,,no edge,-0.0001843,0.4,bootstrap 95% lower bound > 0,20,0,,0.07087,0.05518,,,,,,,,,,,,,,,,,,,,,
gates,CFB Rule B,independent,0,,no edge,-0.0001843,0.4,t > calibrated 5%,20,0,2.35,0.01153,0.00725,,,,,,,,,,,,,,,,,,,,,
gates,CFB Rule B,independent,0,,no edge,-0.0001843,0.4,t > 1.65,30,0,1.65,0.05235,0.03193,,,,,,,,,,,,,,,,,,,,,
gates,CFB Rule B,independent,0,,no edge,-0.0001843,0.4,bootstrap 90% lower bound > 0,30,0,,0.111,0.08585,,,,,,,,,,,,,,,,,,,,,
gates,CFB Rule B,independent,0,,no edge,-0.0001843,0.4,bootstrap 95% lower bound > 0,30,0,,0.0617,0.04007,,,,,,,,,,,,,,,,,,,,,
gates,CFB Rule B,independent,0,,no edge,-0.0001843,0.4,t > calibrated 5%,30,0,2.45,0.0085,0.002375,,,,,,,,,,,,,,,,,,,,,
gates,CFB Rule B,independent,0,,no edge,-0.0001843,0.4,t > 1.65,40,0,1.65,0.05273,0.02612,,,,,,,,,,,,,,,,,,,,,
gates,CFB Rule B,independent,0,,no edge,-0.0001843,0.4,bootstrap 90% lower bound > 0,40,0,,0.1082,0.0816,,,,,,,,,,,,,,,,,,,,,
gates,CFB Rule B,independent,0,,no edge,-0.0001843,0.4,bootstrap 95% lower bound > 0,40,0,,0.05955,0.03295,,,,,,,,,,,,,,,,,,,,,
gates,CFB Rule B,independent,0,,no edge,-0.0001843,0.4,t > calibrated 5%,40,0,2.38,0.0092,0,,,,,,,,,,,,,,,,,,,,,
gates,CFB Rule B,independent,0,,no edge,-0.0001843,0.4,sequential constant 5%,10-40,0,3.39,0.0035,0.001875,18.51,16,0.9965,,,,,,,,,,,,,,,,,,
gates,CFB Rule B,independent,0,,no edge,-0.0001843,0.4,sequential constant 10%,10-40,0,2.79,0.01943,0.01137,18.59,16,0.9806,,,,,,,,,,,,,,,,,,
gates,CFB Rule B,independent,0,,no edge,-0.0001843,0.4,sequential OBF 5%,10-40,0,2.75,0.005625,0.000725,33.11,34,0.9944,,,,,,,,,,,,,,,,,,
gates,CFB Rule B,independent,0,,no edge,-0.0001843,0.4,sequential OBF 10%,10-40,0,2.24,0.0241,0.006925,31.26,32,0.9759,,,,,,,,,,,,,,,,,,
gates,CFB Rule B,independent,0,,no edge,-0.0001843,0.4,registered keep test (reference),40,0,1.96,0.0266,0,,,,,,,,,,,,,,,,,,,,,
gates,CFB Rule B,independent,0,,no edge,-0.0001843,0.4,mean CLV > 0 (today's gate),20,0.25,,0.2895,0.2648,,,,,,,,,,,,,,,,,,,,,
gates,CFB Rule B,independent,0,,no edge,-0.0001843,0.4,t > 1.65,20,0.25,1.65,0.05518,0.04163,,,,,,,,,,,,,,,,,,,,,
gates,CFB Rule B,independent,0,,no edge,-0.0001843,0.4,bootstrap 90% lower bound > 0,20,0.25,,0.1202,0.1006,,,,,,,,,,,,,,,,,,,,,
gates,CFB Rule B,independent,0,,no edge,-0.0001843,0.4,bootstrap 95% lower bound > 0,20,0.25,,0.07085,0.05515,,,,,,,,,,,,,,,,,,,,,
gates,CFB Rule B,independent,0,,no edge,-0.0001843,0.4,t > calibrated 5%,20,0.25,2.35,0.01153,0.00725,,,,,,,,,,,,,,,,,,,,,
gates,CFB Rule B,independent,0,,no edge,-0.0001843,0.4,t > 1.65,30,0.25,1.65,0.05235,0.03193,,,,,,,,,,,,,,,,,,,,,
gates,CFB Rule B,independent,0,,no edge,-0.0001843,0.4,bootstrap 90% lower bound > 0,30,0.25,,0.1108,0.0856,,,,,,,,,,,,,,,,,,,,,
gates,CFB Rule B,independent,0,,no edge,-0.0001843,0.4,bootstrap 95% lower bound > 0,30,0.25,,0.06168,0.04005,,,,,,,,,,,,,,,,,,,,,
gates,CFB Rule B,independent,0,,no edge,-0.0001843,0.4,t > calibrated 5%,30,0.25,2.45,0.0085,0.002375,,,,,,,,,,,,,,,,,,,,,
gates,CFB Rule B,independent,0,,no edge,-0.0001843,0.4,t > 1.65,40,0.25,1.65,0.05273,0.02612,,,,,,,,,,,,,,,,,,,,,
gates,CFB Rule B,independent,0,,no edge,-0.0001843,0.4,bootstrap 90% lower bound > 0,40,0.25,,0.1078,0.08123,,,,,,,,,,,,,,,,,,,,,
gates,CFB Rule B,independent,0,,no edge,-0.0001843,0.4,bootstrap 95% lower bound > 0,40,0.25,,0.05955,0.03295,,,,,,,,,,,,,,,,,,,,,
gates,CFB Rule B,independent,0,,no edge,-0.0001843,0.4,t > calibrated 5%,40,0.25,2.38,0.0092,0,,,,,,,,,,,,,,,,,,,,,
gates,CFB Rule B,independent,0,,no edge,-0.0001843,0.4,sequential constant 5%,10-40,0.25,3.39,0.0035,0.001875,18.51,16,0.9965,,,,,,,,,,,,,,,,,,
gates,CFB Rule B,independent,0,,no edge,-0.0001843,0.4,sequential constant 10%,10-40,0.25,2.79,0.01943,0.01137,18.59,16,0.9806,,,,,,,,,,,,,,,,,,
gates,CFB Rule B,independent,0,,no edge,-0.0001843,0.4,sequential OBF 5%,10-40,0.25,2.75,0.005625,0.000725,33.11,34,0.9944,,,,,,,,,,,,,,,,,,
gates,CFB Rule B,independent,0,,no edge,-0.0001843,0.4,sequential OBF 10%,10-40,0.25,2.24,0.0241,0.006925,31.26,32,0.9759,,,,,,,,,,,,,,,,,,
gates,CFB Rule B,independent,0,,no edge,-0.0001843,0.4,mean CLV > 0 (today's gate),20,0.5,,0.1368,0.1176,,,,,,,,,,,,,,,,,,,,,
gates,CFB Rule B,independent,0,,no edge,-0.0001843,0.4,t > 1.65,20,0.5,1.65,0.05215,0.03898,,,,,,,,,,,,,,,,,,,,,
gates,CFB Rule B,independent,0,,no edge,-0.0001843,0.4,bootstrap 90% lower bound > 0,20,0.5,,0.1012,0.08338,,,,,,,,,,,,,,,,,,,,,
gates,CFB Rule B,independent,0,,no edge,-0.0001843,0.4,bootstrap 95% lower bound > 0,20,0.5,,0.06505,0.05,,,,,,,,,,,,,,,,,,,,,
gates,CFB Rule B,independent,0,,no edge,-0.0001843,0.4,t > calibrated 5%,20,0.5,2.35,0.01148,0.0072,,,,,,,,,,,,,,,,,,,,,
gates,CFB Rule B,independent,0,,no edge,-0.0001843,0.4,t > 1.65,30,0.5,1.65,0.04777,0.0283,,,,,,,,,,,,,,,,,,,,,
gates,CFB Rule B,independent,0,,no edge,-0.0001843,0.4,bootstrap 90% lower bound > 0,30,0.5,,0.08005,0.05792,,,,,,,,,,,,,,,,,,,,,
gates,CFB Rule B,independent,0,,no edge,-0.0001843,0.4,bootstrap 95% lower bound > 0,30,0.5,,0.05437,0.03405,,,,,,,,,,,,,,,,,,,,,
gates,CFB Rule B,independent,0,,no edge,-0.0001843,0.4,t > calibrated 5%,30,0.5,2.45,0.00845,0.00235,,,,,,,,,,,,,,,,,,,,,
gates,CFB Rule B,independent,0,,no edge,-0.0001843,0.4,t > 1.65,40,0.5,1.65,0.04403,0.01912,,,,,,,,,,,,,,,,,,,,,
gates,CFB Rule B,independent,0,,no edge,-0.0001843,0.4,bootstrap 90% lower bound > 0,40,0.5,,0.0627,0.0378,,,,,,,,,,,,,,,,,,,,,
gates,CFB Rule B,independent,0,,no edge,-0.0001843,0.4,bootstrap 95% lower bound > 0,40,0.5,,0.04788,0.02297,,,,,,,,,,,,,,,,,,,,,
gates,CFB Rule B,independent,0,,no edge,-0.0001843,0.4,t > calibrated 5%,40,0.5,2.38,0.009075,0,,,,,,,,,,,,,,,,,,,,,
gates,CFB Rule B,independent,0,,no edge,-0.0001843,0.4,sequential constant 5%,10-40,0.5,3.39,0.0035,0.001875,18.51,16,0.9965,,,,,,,,,,,,,,,,,,
gates,CFB Rule B,independent,0,,no edge,-0.0001843,0.4,sequential constant 10%,10-40,0.5,2.79,0.01935,0.0113,18.57,16,0.9807,,,,,,,,,,,,,,,,,,
gates,CFB Rule B,independent,0,,no edge,-0.0001843,0.4,sequential OBF 5%,10-40,0.5,2.75,0.005625,0.000725,33.12,34,0.9944,,,,,,,,,,,,,,,,,,
gates,CFB Rule B,independent,0,,no edge,-0.0001843,0.4,sequential OBF 10%,10-40,0.5,2.24,0.02378,0.0068,31.2,32,0.9762,,,,,,,,,,,,,,,,,,
gates,CFB Rule B,independent,0,,half the move,0.7451,0,mean CLV > 0 (today's gate),20,0,,0.8943,0.4686,,,,,,,,,,,,,,,,,,,,,
gates,CFB Rule B,independent,0,,half the move,0.7451,0,t > 1.65,20,0,1.65,0.3557,0.0905,,,,,,,,,,,,,,,,,,,,,
gates,CFB Rule B,independent,0,,half the move,0.7451,0,bootstrap 90% lower bound > 0,20,0,,0.5094,0.1688,,,,,,,,,,,,,,,,,,,,,
gates,CFB Rule B,independent,0,,half the move,0.7451,0,bootstrap 95% lower bound > 0,20,0,,0.3779,0.09985,,,,,,,,,,,,,,,,,,,,,
gates,CFB Rule B,independent,0,,half the move,0.7451,0,t > calibrated 5%,20,0,2.35,0.1563,0.02283,,,,,,,,,,,,,,,,,,,,,
gates,CFB Rule B,independent,0,,half the move,0.7451,0,t > 1.65,30,0,1.65,0.4599,0.09963,,,,,,,,,,,,,,,,,,,,,
gates,CFB Rule B,independent,0,,half the move,0.7451,0,bootstrap 90% lower bound > 0,30,0,,0.6119,0.2038,,,,,,,,,,,,,,,,,,,,,
gates,CFB Rule B,independent,0,,half the move,0.7451,0,bootstrap 95% lower bound > 0,30,0,,0.4757,0.1088,,,,,,,,,,,,,,,,,,,,,
gates,CFB Rule B,independent,0,,half the move,0.7451,0,t > calibrated 5%,30,0,2.45,0.1926,0.01135,,,,,,,,,,,,,,,,,,,,,
gates,CFB Rule B,independent,0,,half the move,0.7451,0,t > 1.65,40,0,1.65,0.5482,0.1201,,,,,,,,,,,,,,,,,,,,,
gates,CFB Rule B,independent,0,,half the move,0.7451,0,bootstrap 90% lower bound > 0,40,0,,0.6943,0.2661,,,,,,,,,,,,,,,,,,,,,
gates,CFB Rule B,independent,0,,half the move,0.7451,0,bootstrap 95% lower bound > 0,40,0,,0.5619,0.1337,,,,,,,,,,,,,,,,,,,,,
gates,CFB Rule B,independent,0,,half the move,0.7451,0,t > calibrated 5%,40,0,2.38,0.2802,0,,,,,,,,,,,,,,,,,,,,,
gates,CFB Rule B,independent,0,,half the move,0.7451,0,sequential constant 5%,10-40,0,3.39,0.1487,0.0145,21.75,20,0.8513,,,,,,,,,,,,,,,,,,
gates,CFB Rule B,independent,0,,half the move,0.7451,0,sequential constant 10%,10-40,0,2.79,0.3085,0.04365,21.24,19.5,0.6915,,,,,,,,,,,,,,,,,,
gates,CFB Rule B,independent,0,,half the move,0.7451,0,sequential OBF 5%,10-40,0,2.75,0.2238,0.0054,31.05,33,0.7762,,,,,,,,,,,,,,,,,,
gates,CFB Rule B,independent,0,,half the move,0.7451,0,sequential OBF 10%,10-40,0,2.24,0.3981,0.0326,28.7,30,0.6019,,,,,,,,,,,,,,,,,,
gates,CFB Rule B,independent,0,,half the move,0.7451,0,registered keep test (reference),40,0,1.96,0.4282,0,,,,,,,,,,,,,,,,,,,,,
gates,CFB Rule B,independent,0,,half the move,0.7451,0,mean CLV > 0 (today's gate),20,0.25,,0.7975,0.382,,,,,,,,,,,,,,,,,,,,,
gates,CFB Rule B,independent,0,,half the move,0.7451,0,t > 1.65,20,0.25,1.65,0.3557,0.0905,,,,,,,,,,,,,,,,,,,,,
gates,CFB Rule B,independent,0,,half the move,0.7451,0,bootstrap 90% lower bound > 0,20,0.25,,0.5094,0.1688,,,,,,,,,,,,,,,,,,,,,
gates,CFB Rule B,independent,0,,half the move,0.7451,0,bootstrap 95% lower bound > 0,20,0.25,,0.3779,0.09985,,,,,,,,,,,,,,,,,,,,,
gates,CFB Rule B,independent,0,,half the move,0.7451,0,t > calibrated 5%,20,0.25,2.35,0.1563,0.02283,,,,,,,,,,,,,,,,,,,,,
gates,CFB Rule B,independent,0,,half the move,0.7451,0,t > 1.65,30,0.25,1.65,0.4599,0.09963,,,,,,,,,,,,,,,,,,,,,
gates,CFB Rule B,independent,0,,half the move,0.7451,0,bootstrap 90% lower bound > 0,30,0.25,,0.6119,0.2038,,,,,,,,,,,,,,,,,,,,,
gates,CFB Rule B,independent,0,,half the move,0.7451,0,bootstrap 95% lower bound > 0,30,0.25,,0.4757,0.1088,,,,,,,,,,,,,,,,,,,,,
gates,CFB Rule B,independent,0,,half the move,0.7451,0,t > calibrated 5%,30,0.25,2.45,0.1926,0.01135,,,,,,,,,,,,,,,,,,,,,
gates,CFB Rule B,independent,0,,half the move,0.7451,0,t > 1.65,40,0.25,1.65,0.5482,0.1201,,,,,,,,,,,,,,,,,,,,,
gates,CFB Rule B,independent,0,,half the move,0.7451,0,bootstrap 90% lower bound > 0,40,0.25,,0.6943,0.2661,,,,,,,,,,,,,,,,,,,,,
gates,CFB Rule B,independent,0,,half the move,0.7451,0,bootstrap 95% lower bound > 0,40,0.25,,0.5619,0.1337,,,,,,,,,,,,,,,,,,,,,
gates,CFB Rule B,independent,0,,half the move,0.7451,0,t > calibrated 5%,40,0.25,2.38,0.2802,0,,,,,,,,,,,,,,,,,,,,,
gates,CFB Rule B,independent,0,,half the move,0.7451,0,sequential constant 5%,10-40,0.25,3.39,0.1487,0.0145,21.75,20,0.8513,,,,,,,,,,,,,,,,,,
gates,CFB Rule B,independent,0,,half the move,0.7451,0,sequential constant 10%,10-40,0.25,2.79,0.3085,0.04365,21.24,19.5,0.6915,,,,,,,,,,,,,,,,,,
gates,CFB Rule B,independent,0,,half the move,0.7451,0,sequential OBF 5%,10-40,0.25,2.75,0.2238,0.0054,31.05,33,0.7762,,,,,,,,,,,,,,,,,,
gates,CFB Rule B,independent,0,,half the move,0.7451,0,sequential OBF 10%,10-40,0.25,2.24,0.3981,0.0326,28.7,30,0.6019,,,,,,,,,,,,,,,,,,
gates,CFB Rule B,independent,0,,half the move,0.7451,0,mean CLV > 0 (today's gate),20,0.5,,0.6598,0.2727,,,,,,,,,,,,,,,,,,,,,
gates,CFB Rule B,independent,0,,half the move,0.7451,0,t > 1.65,20,0.5,1.65,0.3557,0.0905,,,,,,,,,,,,,,,,,,,,,
gates,CFB Rule B,independent,0,,half the move,0.7451,0,bootstrap 90% lower bound > 0,20,0.5,,0.5088,0.1683,,,,,,,,,,,,,,,,,,,,,
gates,CFB Rule B,independent,0,,half the move,0.7451,0,bootstrap 95% lower bound > 0,20,0.5,,0.3779,0.09985,,,,,,,,,,,,,,,,,,,,,
gates,CFB Rule B,independent,0,,half the move,0.7451,0,t > calibrated 5%,20,0.5,2.35,0.1563,0.02283,,,,,,,,,,,,,,,,,,,,,
gates,CFB Rule B,independent,0,,half the move,0.7451,0,t > 1.65,30,0.5,1.65,0.4599,0.09963,,,,,,,,,,,,,,,,,,,,,
gates,CFB Rule B,independent,0,,half the move,0.7451,0,bootstrap 90% lower bound > 0,30,0.5,,0.6088,0.2016,,,,,,,,,,,,,,,,,,,,,
gates,CFB Rule B,independent,0,,half the move,0.7451,0,bootstrap 95% lower bound > 0,30,0.5,,0.4756,0.1088,,,,,,,,,,,,,,,,,,,,,
gates,CFB Rule B,independent,0,,half the move,0.7451,0,t > calibrated 5%,30,0.5,2.45,0.1926,0.01135,,,,,,,,,,,,,,,,,,,,,
gates,CFB Rule B,independent,0,,half the move,0.7451,0,t > 1.65,40,0.5,1.65,0.548,0.1198,,,,,,,,,,,,,,,,,,,,,
gates,CFB Rule B,independent,0,,half the move,0.7451,0,bootstrap 90% lower bound > 0,40,0.5,,0.6824,0.2542,,,,,,,,,,,,,,,,,,,,,
gates,CFB Rule B,independent,0,,half the move,0.7451,0,bootstrap 95% lower bound > 0,40,0.5,,0.5615,0.1333,,,,,,,,,,,,,,,,,,,,,
gates,CFB Rule B,independent,0,,half the move,0.7451,0,t > calibrated 5%,40,0.5,2.38,0.2802,0,,,,,,,,,,,,,,,,,,,,,
gates,CFB Rule B,independent,0,,half the move,0.7451,0,sequential constant 5%,10-40,0.5,3.39,0.1487,0.0145,21.75,20,0.8513,,,,,,,,,,,,,,,,,,
gates,CFB Rule B,independent,0,,half the move,0.7451,0,sequential constant 10%,10-40,0.5,2.79,0.3085,0.04365,21.24,19.5,0.6915,,,,,,,,,,,,,,,,,,
gates,CFB Rule B,independent,0,,half the move,0.7451,0,sequential OBF 5%,10-40,0.5,2.75,0.2238,0.0054,31.05,33,0.7762,,,,,,,,,,,,,,,,,,
gates,CFB Rule B,independent,0,,half the move,0.7451,0,sequential OBF 10%,10-40,0.5,2.24,0.3981,0.0326,28.7,30,0.6019,,,,,,,,,,,,,,,,,,
gates,CFB Rule B,independent,0,,half the move,0.5964,0.2,mean CLV > 0 (today's gate),20,0,,0.8682,0.5168,,,,,,,,,,,,,,,,,,,,,
gates,CFB Rule B,independent,0,,half the move,0.5964,0.2,t > 1.65,20,0,1.65,0.3093,0.09485,,,,,,,,,,,,,,,,,,,,,
gates,CFB Rule B,independent,0,,half the move,0.5964,0.2,bootstrap 90% lower bound > 0,20,0,,0.4601,0.1814,,,,,,,,,,,,,,,,,,,,,
gates,CFB Rule B,independent,0,,half the move,0.5964,0.2,bootstrap 95% lower bound > 0,20,0,,0.3381,0.1098,,,,,,,,,,,,,,,,,,,,,
gates,CFB Rule B,independent,0,,half the move,0.5964,0.2,t > calibrated 5%,20,0,2.35,0.1211,0.02297,,,,,,,,,,,,,,,,,,,,,
gates,CFB Rule B,independent,0,,half the move,0.5964,0.2,t > 1.65,30,0,1.65,0.3936,0.1001,,,,,,,,,,,,,,,,,,,,,
gates,CFB Rule B,independent,0,,half the move,0.5964,0.2,bootstrap 90% lower bound > 0,30,0,,0.5527,0.2154,,,,,,,,,,,,,,,,,,,,,
gates,CFB Rule B,independent,0,,half the move,0.5964,0.2,bootstrap 95% lower bound > 0,30,0,,0.4165,0.1147,,,,,,,,,,,,,,,,,,,,,
gates,CFB Rule B,independent,0,,half the move,0.5964,0.2,t > calibrated 5%,30,0,2.45,0.1459,0.01045,,,,,,,,,,,,,,,,,,,,,
gates,CFB Rule B,independent,0,,half the move,0.5964,0.2,t > 1.65,40,0,1.65,0.4752,0.1212,,,,,,,,,,,,,,,,,,,,,
gates,CFB Rule B,independent,0,,half the move,0.5964,0.2,bootstrap 90% lower bound > 0,40,0,,0.6304,0.2764,,,,,,,,,,,,,,,,,,,,,
gates,CFB Rule B,independent,0,,half the move,0.5964,0.2,bootstrap 95% lower bound > 0,40,0,,0.4929,0.1389,,,,,,,,,,,,,,,,,,,,,
gates,CFB Rule B,independent,0,,half the move,0.5964,0.2,t > calibrated 5%,40,0,2.38,0.2144,0,,,,,,,,,,,,,,,,,,,,,
gates,CFB Rule B,independent,0,,half the move,0.5964,0.2,sequential constant 5%,10-40,0,3.39,0.09688,0.01178,22.57,22,0.9031,,,,,,,,,,,,,,,,,,
gates,CFB Rule B,independent,0,,half the move,0.5964,0.2,sequential constant 10%,10-40,0,2.79,0.2315,0.0386,21.68,20,0.7685,,,,,,,,,,,,,,,,,,
gates,CFB Rule B,independent,0,,half the move,0.5964,0.2,sequential OBF 5%,10-40,0,2.75,0.1584,0.00445,31.98,33,0.8416,,,,,,,,,,,,,,,,,,
gates,CFB Rule B,independent,0,,half the move,0.5964,0.2,sequential OBF 10%,10-40,0,2.24,0.3197,0.02955,29.79,31,0.6803,,,,,,,,,,,,,,,,,,
gates,CFB Rule B,independent,0,,half the move,0.5964,0.2,registered keep test (reference),40,0,1.96,0.354,0,,,,,,,,,,,,,,,,,,,,,
gates,CFB Rule B,independent,0,,half the move,0.5964,0.2,mean CLV > 0 (today's gate),20,0.25,,0.7414,0.4011,,,,,,,,,,,,,,,,,,,,,
gates,CFB Rule B,independent,0,,half the move,0.5964,0.2,t > 1.65,20,0.25,1.65,0.3093,0.09485,,,,,,,,,,,,,,,,,,,,,
gates,CFB Rule B,independent,0,,half the move,0.5964,0.2,bootstrap 90% lower bound > 0,20,0.25,,0.4601,0.1814,,,,,,,,,,,,,,,,,,,,,
gates,CFB Rule B,independent,0,,half the move,0.5964,0.2,bootstrap 95% lower bound > 0,20,0.25,,0.3381,0.1098,,,,,,,,,,,,,,,,,,,,,
gates,CFB Rule B,independent,0,,half the move,0.5964,0.2,t > calibrated 5%,20,0.25,2.35,0.1211,0.02297,,,,,,,,,,,,,,,,,,,,,
gates,CFB Rule B,independent,0,,half the move,0.5964,0.2,t > 1.65,30,0.25,1.65,0.3936,0.1001,,,,,,,,,,,,,,,,,,,,,
gates,CFB Rule B,independent,0,,half the move,0.5964,0.2,bootstrap 90% lower bound > 0,30,0.25,,0.5527,0.2154,,,,,,,,,,,,,,,,,,,,,
gates,CFB Rule B,independent,0,,half the move,0.5964,0.2,bootstrap 95% lower bound > 0,30,0.25,,0.4165,0.1147,,,,,,,,,,,,,,,,,,,,,
gates,CFB Rule B,independent,0,,half the move,0.5964,0.2,t > calibrated 5%,30,0.25,2.45,0.1459,0.01045,,,,,,,,,,,,,,,,,,,,,
gates,CFB Rule B,independent,0,,half the move,0.5964,0.2,t > 1.65,40,0.25,1.65,0.4752,0.1212,,,,,,,,,,,,,,,,,,,,,
gates,CFB Rule B,independent,0,,half the move,0.5964,0.2,bootstrap 90% lower bound > 0,40,0.25,,0.6304,0.2764,,,,,,,,,,,,,,,,,,,,,
gates,CFB Rule B,independent,0,,half the move,0.5964,0.2,bootstrap 95% lower bound > 0,40,0.25,,0.4929,0.1389,,,,,,,,,,,,,,,,,,,,,
gates,CFB Rule B,independent,0,,half the move,0.5964,0.2,t > calibrated 5%,40,0.25,2.38,0.2144,0,,,,,,,,,,,,,,,,,,,,,
gates,CFB Rule B,independent,0,,half the move,0.5964,0.2,sequential constant 5%,10-40,0.25,3.39,0.09688,0.01178,22.57,22,0.9031,,,,,,,,,,,,,,,,,,
gates,CFB Rule B,independent,0,,half the move,0.5964,0.2,sequential constant 10%,10-40,0.25,2.79,0.2315,0.0386,21.68,20,0.7685,,,,,,,,,,,,,,,,,,
gates,CFB Rule B,independent,0,,half the move,0.5964,0.2,sequential OBF 5%,10-40,0.25,2.75,0.1584,0.00445,31.98,33,0.8416,,,,,,,,,,,,,,,,,,
gates,CFB Rule B,independent,0,,half the move,0.5964,0.2,sequential OBF 10%,10-40,0.25,2.24,0.3197,0.02955,29.79,31,0.6803,,,,,,,,,,,,,,,,,,
gates,CFB Rule B,independent,0,,half the move,0.5964,0.2,mean CLV > 0 (today's gate),20,0.5,,0.5685,0.2631,,,,,,,,,,,,,,,,,,,,,
gates,CFB Rule B,independent,0,,half the move,0.5964,0.2,t > 1.65,20,0.5,1.65,0.3089,0.0947,,,,,,,,,,,,,,,,,,,,,
gates,CFB Rule B,independent,0,,half the move,0.5964,0.2,bootstrap 90% lower bound > 0,20,0.5,,0.4539,0.1779,,,,,,,,,,,,,,,,,,,,,
gates,CFB Rule B,independent,0,,half the move,0.5964,0.2,bootstrap 95% lower bound > 0,20,0.5,,0.3372,0.1094,,,,,,,,,,,,,,,,,,,,,
gates,CFB Rule B,independent,0,,half the move,0.5964,0.2,t > calibrated 5%,20,0.5,2.35,0.1211,0.02297,,,,,,,,,,,,,,,,,,,,,
gates,CFB Rule B,independent,0,,half the move,0.5964,0.2,t > 1.65,30,0.5,1.65,0.3926,0.09955,,,,,,,,,,,,,,,,,,,,,
gates,CFB Rule B,independent,0,,half the move,0.5964,0.2,bootstrap 90% lower bound > 0,30,0.5,,0.5335,0.2017,,,,,,,,,,,,,,,,,,,,,
gates,CFB Rule B,independent,0,,half the move,0.5964,0.2,bootstrap 95% lower bound > 0,30,0.5,,0.4145,0.1136,,,,,,,,,,,,,,,,,,,,,
gates,CFB Rule B,independent,0,,half the move,0.5964,0.2,t > calibrated 5%,30,0.5,2.45,0.1459,0.01045,,,,,,,,,,,,,,,,,,,,,
gates,CFB Rule B,independent,0,,half the move,0.5964,0.2,t > 1.65,40,0.5,1.65,0.4718,0.1179,,,,,,,,,,,,,,,,,,,,,
gates,CFB Rule B,independent,0,,half the move,0.5964,0.2,bootstrap 90% lower bound > 0,40,0.5,,0.5827,0.2289,,,,,,,,,,,,,,,,,,,,,
gates,CFB Rule B,independent,0,,half the move,0.5964,0.2,bootstrap 95% lower bound > 0,40,0.5,,0.4878,0.1339,,,,,,,,,,,,,,,,,,,,,
gates,CFB Rule B,independent,0,,half the move,0.5964,0.2,t > calibrated 5%,40,0.5,2.38,0.2144,0,,,,,,,,,,,,,,,,,,,,,
gates,CFB Rule B,independent,0,,half the move,0.5964,0.2,sequential constant 5%,10-40,0.5,3.39,0.09688,0.01178,22.57,22,0.9031,,,,,,,,,,,,,,,,,,
gates,CFB Rule B,independent,0,,half the move,0.5964,0.2,sequential constant 10%,10-40,0.5,2.79,0.2315,0.0386,21.68,20,0.7685,,,,,,,,,,,,,,,,,,
gates,CFB Rule B,independent,0,,half the move,0.5964,0.2,sequential OBF 5%,10-40,0.5,2.75,0.1584,0.00445,31.98,33,0.8416,,,,,,,,,,,,,,,,,,
gates,CFB Rule B,independent,0,,half the move,0.5964,0.2,sequential OBF 10%,10-40,0.5,2.24,0.3197,0.02955,29.79,31,0.6803,,,,,,,,,,,,,,,,,,
gates,CFB Rule B,independent,0,,half the move,0.4485,0.4,mean CLV > 0 (today's gate),20,0,,0.8351,0.5644,,,,,,,,,,,,,,,,,,,,,
gates,CFB Rule B,independent,0,,half the move,0.4485,0.4,t > 1.65,20,0,1.65,0.256,0.09673,,,,,,,,,,,,,,,,,,,,,
gates,CFB Rule B,independent,0,,half the move,0.4485,0.4,bootstrap 90% lower bound > 0,20,0,,0.4099,0.1955,,,,,,,,,,,,,,,,,,,,,
gates,CFB Rule B,independent,0,,half the move,0.4485,0.4,bootstrap 95% lower bound > 0,20,0,,0.2937,0.1189,,,,,,,,,,,,,,,,,,,,,
gates,CFB Rule B,independent,0,,half the move,0.4485,0.4,t > calibrated 5%,20,0,2.35,0.08535,0.01988,,,,,,,,,,,,,,,,,,,,,
gates,CFB Rule B,independent,0,,half the move,0.4485,0.4,t > 1.65,30,0,1.65,0.3227,0.09922,,,,,,,,,,,,,,,,,,,,,
gates,CFB Rule B,independent,0,,half the move,0.4485,0.4,bootstrap 90% lower bound > 0,30,0,,0.4872,0.2263,,,,,,,,,,,,,,,,,,,,,
gates,CFB Rule B,independent,0,,half the move,0.4485,0.4,bootstrap 95% lower bound > 0,30,0,,0.3531,0.1201,,,,,,,,,,,,,,,,,,,,,
gates,CFB Rule B,independent,0,,half the move,0.4485,0.4,t > calibrated 5%,30,0,2.45,0.09942,0.009275,,,,,,,,,,,,,,,,,,,,,
gates,CFB Rule B,independent,0,,half the move,0.4485,0.4,t > 1.65,40,0,1.65,0.3876,0.1145,,,,,,,,,,,,,,,,,,,,,
gates,CFB Rule B,independent,0,,half the move,0.4485,0.4,bootstrap 90% lower bound > 0,40,0,,0.552,0.2789,,,,,,,,,,,,,,,,,,,,,
gates,CFB Rule B,independent,0,,half the move,0.4485,0.4,bootstrap 95% lower bound > 0,40,0,,0.412,0.1389,,,,,,,,,,,,,,,,,,,,,
gates,CFB Rule B,independent,0,,half the move,0.4485,0.4,t > calibrated 5%,40,0,2.38,0.1503,0,,,,,,,,,,,,,,,,,,,,,
gates,CFB Rule B,independent,0,,half the move,0.4485,0.4,sequential constant 5%,10-40,0,3.39,0.0489,0.004975,24.4,25,0.9511,,,,,,,,,,,,,,,,,,
gates,CFB Rule B,independent,0,,half the move,0.4485,0.4,sequential constant 10%,10-40,0,2.79,0.1533,0.02785,22.89,22,0.8467,,,,,,,,,,,,,,,,,,
gates,CFB Rule B,independent,0,,half the move,0.4485,0.4,sequential OBF 5%,10-40,0,2.75,0.1008,0.0027,33.11,34,0.8992,,,,,,,,,,,,,,,,,,
gates,CFB Rule B,independent,0,,half the move,0.4485,0.4,sequential OBF 10%,10-40,0,2.24,0.2347,0.02375,30.86,32,0.7653,,,,,,,,,,,,,,,,,,
gates,CFB Rule B,independent,0,,half the move,0.4485,0.4,registered keep test (reference),40,0,1.96,0.2731,0,,,,,,,,,,,,,,,,,,,,,
gates,CFB Rule B,independent,0,,half the move,0.4485,0.4,mean CLV > 0 (today's gate),20,0.25,,0.6646,0.4072,,,,,,,,,,,,,,,,,,,,,
gates,CFB Rule B,independent,0,,half the move,0.4485,0.4,t > 1.65,20,0.25,1.65,0.256,0.09673,,,,,,,,,,,,,,,,,,,,,
gates,CFB Rule B,independent,0,,half the move,0.4485,0.4,bootstrap 90% lower bound > 0,20,0.25,,0.4097,0.1953,,,,,,,,,,,,,,,,,,,,,
gates,CFB Rule B,independent,0,,half the move,0.4485,0.4,bootstrap 95% lower bound > 0,20,0.25,,0.2937,0.1188,,,,,,,,,,,,,,,,,,,,,
gates,CFB Rule B,independent,0,,half the move,0.4485,0.4,t > calibrated 5%,20,0.25,2.35,0.08535,0.01988,,,,,,,,,,,,,,,,,,,,,
gates,CFB Rule B,independent,0,,half the move,0.4485,0.4,t > 1.65,30,0.25,1.65,0.3227,0.09922,,,,,,,,,,,,,,,,,,,,,
gates,CFB Rule B,independent,0,,half the move,0.4485,0.4,bootstrap 90% lower bound > 0,30,0.25,,0.487,0.2261,,,,,,,,,,,,,,,,,,,,,
gates,CFB Rule B,independent,0,,half the move,0.4485,0.4,bootstrap 95% lower bound > 0,30,0.25,,0.3531,0.1201,,,,,,,,,,,,,,,,,,,,,
gates,CFB Rule B,independent,0,,half the move,0.4485,0.4,t > calibrated 5%,30,0.25,2.45,0.09942,0.009275,,,,,,,,,,,,,,,,,,,,,
gates,CFB Rule B,independent,0,,half the move,0.4485,0.4,t > 1.65,40,0.25,1.65,0.3876,0.1145,,,,,,,,,,,,,,,,,,,,,
gates,CFB Rule B,independent,0,,half the move,0.4485,0.4,bootstrap 90% lower bound > 0,40,0.25,,0.5517,0.2787,,,,,,,,,,,,,,,,,,,,,
gates,CFB Rule B,independent,0,,half the move,0.4485,0.4,bootstrap 95% lower bound > 0,40,0.25,,0.412,0.1389,,,,,,,,,,,,,,,,,,,,,
gates,CFB Rule B,independent,0,,half the move,0.4485,0.4,t > calibrated 5%,40,0.25,2.38,0.1503,0,,,,,,,,,,,,,,,,,,,,,
gates,CFB Rule B,independent,0,,half the move,0.4485,0.4,sequential constant 5%,10-40,0.25,3.39,0.0489,0.004975,24.4,25,0.9511,,,,,,,,,,,,,,,,,,
gates,CFB Rule B,independent,0,,half the move,0.4485,0.4,sequential constant 10%,10-40,0.25,2.79,0.1533,0.02785,22.89,22,0.8467,,,,,,,,,,,,,,,,,,
gates,CFB Rule B,independent,0,,half the move,0.4485,0.4,sequential OBF 5%,10-40,0.25,2.75,0.1008,0.0027,33.11,34,0.8992,,,,,,,,,,,,,,,,,,
gates,CFB Rule B,independent,0,,half the move,0.4485,0.4,sequential OBF 10%,10-40,0.25,2.24,0.2347,0.02375,30.86,32,0.7653,,,,,,,,,,,,,,,,,,
gates,CFB Rule B,independent,0,,half the move,0.4485,0.4,mean CLV > 0 (today's gate),20,0.5,,0.4487,0.2314,,,,,,,,,,,,,,,,,,,,,
gates,CFB Rule B,independent,0,,half the move,0.4485,0.4,t > 1.65,20,0.5,1.65,0.2505,0.09333,,,,,,,,,,,,,,,,,,,,,
gates,CFB Rule B,independent,0,,half the move,0.4485,0.4,bootstrap 90% lower bound > 0,20,0.5,,0.3788,0.1754,,,,,,,,,,,,,,,,,,,,,
gates,CFB Rule B,independent,0,,half the move,0.4485,0.4,bootstrap 95% lower bound > 0,20,0.5,,0.2843,0.1132,,,,,,,,,,,,,,,,,,,,,
gates,CFB Rule B,independent,0,,half the move,0.4485,0.4,t > calibrated 5%,20,0.5,2.35,0.0852,0.01978,,,,,,,,,,,,,,,,,,,,,
gates,CFB Rule B,independent,0,,half the move,0.4485,0.4,t > 1.65,30,0.5,1.65,0.3112,0.09325,,,,,,,,,,,,,,,,,,,,,
gates,CFB Rule B,independent,0,,half the move,0.4485,0.4,bootstrap 90% lower bound > 0,30,0.5,,0.418,0.1752,,,,,,,,,,,,,,,,,,,,,
gates,CFB Rule B,independent,0,,half the move,0.4485,0.4,bootstrap 95% lower bound > 0,30,0.5,,0.3364,0.1109,,,,,,,,,,,,,,,,,,,,,
gates,CFB Rule B,independent,0,,half the move,0.4485,0.4,t > calibrated 5%,30,0.5,2.45,0.0993,0.009225,,,,,,,,,,,,,,,,,,,,,
gates,CFB Rule B,independent,0,,half the move,0.4485,0.4,t > 1.65,40,0.5,1.65,0.3623,0.09375,,,,,,,,,,,,,,,,,,,,,
gates,CFB Rule B,independent,0,,half the move,0.4485,0.4,bootstrap 90% lower bound > 0,40,0.5,,0.4277,0.1591,,,,,,,,,,,,,,,,,,,,,
gates,CFB Rule B,independent,0,,half the move,0.4485,0.4,bootstrap 95% lower bound > 0,40,0.5,,0.378,0.1095,,,,,,,,,,,,,,,,,,,,,
gates,CFB Rule B,independent,0,,half the move,0.4485,0.4,t > calibrated 5%,40,0.5,2.38,0.1498,0,,,,,,,,,,,,,,,,,,,,,
gates,CFB Rule B,independent,0,,half the move,0.4485,0.4,sequential constant 5%,10-40,0.5,3.39,0.0489,0.004975,24.4,25,0.9511,,,,,,,,,,,,,,,,,,
gates,CFB Rule B,independent,0,,half the move,0.4485,0.4,sequential constant 10%,10-40,0.5,2.79,0.1532,0.02778,22.9,22,0.8468,,,,,,,,,,,,,,,,,,
gates,CFB Rule B,independent,0,,half the move,0.4485,0.4,sequential OBF 5%,10-40,0.5,2.75,0.1008,0.0027,33.11,34,0.8992,,,,,,,,,,,,,,,,,,
gates,CFB Rule B,independent,0,,half the move,0.4485,0.4,sequential OBF 10%,10-40,0.5,2.24,0.234,0.02355,30.85,32,0.766,,,,,,,,,,,,,,,,,,
gates,CFB Rule B,independent,0,,full move,1.493,0,mean CLV > 0 (today's gate),20,0,,0.9942,0.05373,,,,,,,,,,,,,,,,,,,,,
gates,CFB Rule B,independent,0,,full move,1.493,0,t > 1.65,20,0,1.65,0.8035,0.01378,,,,,,,,,,,,,,,,,,,,,
gates,CFB Rule B,independent,0,,full move,1.493,0,bootstrap 90% lower bound > 0,20,0,,0.8955,0.02438,,,,,,,,,,,,,,,,,,,,,
gates,CFB Rule B,independent,0,,full move,1.493,0,bootstrap 95% lower bound > 0,20,0,,0.8172,0.01505,,,,,,,,,,,,,,,,,,,,,
gates,CFB Rule B,independent,0,,full move,1.493,0,t > calibrated 5%,20,0,2.35,0.5692,0.00355,,,,,,,,,,,,,,,,,,,,,
gates,CFB Rule B,independent,0,,full move,1.493,0,t > 1.65,30,0,1.65,0.9207,0.01725,,,,,,,,,,,,,,,,,,,,,
gates,CFB Rule B,independent,0,,full move,1.493,0,bootstrap 90% lower bound > 0,30,0,,0.9637,0.03185,,,,,,,,,,,,,,,,,,,,,
gates,CFB Rule B,independent,0,,full move,1.493,0,bootstrap 95% lower bound > 0,30,0,,0.9251,0.0183,,,,,,,,,,,,,,,,,,,,,
gates,CFB Rule B,independent,0,,full move,1.493,0,t > calibrated 5%,30,0,2.45,0.7312,0.002275,,,,,,,,,,,,,,,,,,,,,
gates,CFB Rule B,independent,0,,full move,1.493,0,t > 1.65,40,0,1.65,0.9708,0.02905,,,,,,,,,,,,,,,,,,,,,
gates,CFB Rule B,independent,0,,full move,1.493,0,bootstrap 90% lower bound > 0,40,0,,0.9879,0.04605,,,,,,,,,,,,,,,,,,,,,
gates,CFB Rule B,independent,0,,full move,1.493,0,bootstrap 95% lower bound > 0,40,0,,0.9727,0.03087,,,,,,,,,,,,,,,,,,,,,
gates,CFB Rule B,independent,0,,full move,1.493,0,t > calibrated 5%,40,0,2.38,0.8744,0,,,,,,,,,,,,,,,,,,,,,
gates,CFB Rule B,independent,0,,full move,1.493,0,sequential constant 5%,10-40,0,3.39,0.6801,0.00175,21.78,21,0.3199,,,,,,,,,,,,,,,,,,
gates,CFB Rule B,independent,0,,full move,1.493,0,sequential constant 10%,10-40,0,2.79,0.8517,0.00655,19.03,17,0.1483,,,,,,,,,,,,,,,,,,
gates,CFB Rule B,independent,0,,full move,1.493,0,sequential OBF 5%,10-40,0,2.75,0.8165,0.000625,27.19,28,0.1835,,,,,,,,,,,,,,,,,,
gates,CFB Rule B,independent,0,,full move,1.493,0,sequential OBF 10%,10-40,0,2.24,0.9236,0.00615,23.61,23,0.0764,,,,,,,,,,,,,,,,,,
gates,CFB Rule B,independent,0,,full move,1.493,0,registered keep test (reference),40,0,1.96,0.9418,0,,,,,,,,,,,,,,,,,,,,,
gates,CFB Rule B,independent,0,,full move,1.493,0,mean CLV > 0 (today's gate),20,0.25,,0.9822,0.04738,,,,,,,,,,,,,,,,,,,,,
gates,CFB Rule B,independent,0,,full move,1.493,0,t > 1.65,20,0.25,1.65,0.8035,0.01378,,,,,,,,,,,,,,,,,,,,,
gates,CFB Rule B,independent,0,,full move,1.493,0,bootstrap 90% lower bound > 0,20,0.25,,0.8955,0.02438,,,,,,,,,,,,,,,,,,,,,
gates,CFB Rule B,independent,0,,full move,1.493,0,bootstrap 95% lower bound > 0,20,0.25,,0.8172,0.01505,,,,,,,,,,,,,,,,,,,,,
gates,CFB Rule B,independent,0,,full move,1.493,0,t > calibrated 5%,20,0.25,2.35,0.5692,0.00355,,,,,,,,,,,,,,,,,,,,,
gates,CFB Rule B,independent,0,,full move,1.493,0,t > 1.65,30,0.25,1.65,0.9207,0.01725,,,,,,,,,,,,,,,,,,,,,
gates,CFB Rule B,independent,0,,full move,1.493,0,bootstrap 90% lower bound > 0,30,0.25,,0.9637,0.03185,,,,,,,,,,,,,,,,,,,,,
gates,CFB Rule B,independent,0,,full move,1.493,0,bootstrap 95% lower bound > 0,30,0.25,,0.9251,0.0183,,,,,,,,,,,,,,,,,,,,,
gates,CFB Rule B,independent,0,,full move,1.493,0,t > calibrated 5%,30,0.25,2.45,0.7312,0.002275,,,,,,,,,,,,,,,,,,,,,
gates,CFB Rule B,independent,0,,full move,1.493,0,t > 1.65,40,0.25,1.65,0.9708,0.02905,,,,,,,,,,,,,,,,,,,,,
gates,CFB Rule B,independent,0,,full move,1.493,0,bootstrap 90% lower bound > 0,40,0.25,,0.9879,0.04605,,,,,,,,,,,,,,,,,,,,,
gates,CFB Rule B,independent,0,,full move,1.493,0,bootstrap 95% lower bound > 0,40,0.25,,0.9727,0.03087,,,,,,,,,,,,,,,,,,,,,
gates,CFB Rule B,independent,0,,full move,1.493,0,t > calibrated 5%,40,0.25,2.38,0.8744,0,,,,,,,,,,,,,,,,,,,,,
gates,CFB Rule B,independent,0,,full move,1.493,0,sequential constant 5%,10-40,0.25,3.39,0.6801,0.00175,21.78,21,0.3199,,,,,,,,,,,,,,,,,,
gates,CFB Rule B,independent,0,,full move,1.493,0,sequential constant 10%,10-40,0.25,2.79,0.8517,0.00655,19.03,17,0.1483,,,,,,,,,,,,,,,,,,
gates,CFB Rule B,independent,0,,full move,1.493,0,sequential OBF 5%,10-40,0.25,2.75,0.8165,0.000625,27.19,28,0.1835,,,,,,,,,,,,,,,,,,
gates,CFB Rule B,independent,0,,full move,1.493,0,sequential OBF 10%,10-40,0.25,2.24,0.9236,0.00615,23.61,23,0.0764,,,,,,,,,,,,,,,,,,
gates,CFB Rule B,independent,0,,full move,1.493,0,mean CLV > 0 (today's gate),20,0.5,,0.9542,0.03793,,,,,,,,,,,,,,,,,,,,,
gates,CFB Rule B,independent,0,,full move,1.493,0,t > 1.65,20,0.5,1.65,0.8035,0.01378,,,,,,,,,,,,,,,,,,,,,
gates,CFB Rule B,independent,0,,full move,1.493,0,bootstrap 90% lower bound > 0,20,0.5,,0.8953,0.02438,,,,,,,,,,,,,,,,,,,,,
gates,CFB Rule B,independent,0,,full move,1.493,0,bootstrap 95% lower bound > 0,20,0.5,,0.8172,0.01505,,,,,,,,,,,,,,,,,,,,,
gates,CFB Rule B,independent,0,,full move,1.493,0,t > calibrated 5%,20,0.5,2.35,0.5692,0.00355,,,,,,,,,,,,,,,,,,,,,
gates,CFB Rule B,independent,0,,full move,1.493,0,t > 1.65,30,0.5,1.65,0.9207,0.01725,,,,,,,,,,,,,,,,,,,,,
gates,CFB Rule B,independent,0,,full move,1.493,0,bootstrap 90% lower bound > 0,30,0.5,,0.9634,0.03177,,,,,,,,,,,,,,,,,,,,,
gates,CFB Rule B,independent,0,,full move,1.493,0,bootstrap 95% lower bound > 0,30,0.5,,0.9251,0.0183,,,,,,,,,,,,,,,,,,,,,
gates,CFB Rule B,independent,0,,full move,1.493,0,t > calibrated 5%,30,0.5,2.45,0.7312,0.002275,,,,,,,,,,,,,,,,,,,,,
gates,CFB Rule B,independent,0,,full move,1.493,0,t > 1.65,40,0.5,1.65,0.9708,0.02905,,,,,,,,,,,,,,,,,,,,,
gates,CFB Rule B,independent,0,,full move,1.493,0,bootstrap 90% lower bound > 0,40,0.5,,0.9873,0.0455,,,,,,,,,,,,,,,,,,,,,
gates,CFB Rule B,independent,0,,full move,1.493,0,bootstrap 95% lower bound > 0,40,0.5,,0.9727,0.03087,,,,,,,,,,,,,,,,,,,,,
gates,CFB Rule B,independent,0,,full move,1.493,0,t > calibrated 5%,40,0.5,2.38,0.8744,0,,,,,,,,,,,,,,,,,,,,,
gates,CFB Rule B,independent,0,,full move,1.493,0,sequential constant 5%,10-40,0.5,3.39,0.6801,0.00175,21.78,21,0.3199,,,,,,,,,,,,,,,,,,
gates,CFB Rule B,independent,0,,full move,1.493,0,sequential constant 10%,10-40,0.5,2.79,0.8517,0.00655,19.03,17,0.1483,,,,,,,,,,,,,,,,,,
gates,CFB Rule B,independent,0,,full move,1.493,0,sequential OBF 5%,10-40,0.5,2.75,0.8165,0.000625,27.19,28,0.1835,,,,,,,,,,,,,,,,,,
gates,CFB Rule B,independent,0,,full move,1.493,0,sequential OBF 10%,10-40,0.5,2.24,0.9236,0.00615,23.61,23,0.0764,,,,,,,,,,,,,,,,,,
gates,CFB Rule B,independent,0,,full move,1.194,0.2,mean CLV > 0 (today's gate),20,0,,0.9863,0.108,,,,,,,,,,,,,,,,,,,,,
gates,CFB Rule B,independent,0,,full move,1.194,0.2,t > 1.65,20,0,1.65,0.7167,0.0267,,,,,,,,,,,,,,,,,,,,,
gates,CFB Rule B,independent,0,,full move,1.194,0.2,bootstrap 90% lower bound > 0,20,0,,0.8381,0.04843,,,,,,,,,,,,,,,,,,,,,
gates,CFB Rule B,independent,0,,full move,1.194,0.2,bootstrap 95% lower bound > 0,20,0,,0.7392,0.02983,,,,,,,,,,,,,,,,,,,,,
gates,CFB Rule B,independent,0,,full move,1.194,0.2,t > calibrated 5%,20,0,2.35,0.4475,0.006575,,,,,,,,,,,,,,,,,,,,,
gates,CFB Rule B,independent,0,,full move,1.194,0.2,t > 1.65,30,0,1.65,0.8585,0.03308,,,,,,,,,,,,,,,,,,,,,
gates,CFB Rule B,independent,0,,full move,1.194,0.2,bootstrap 90% lower bound > 0,30,0,,0.9293,0.0628,,,,,,,,,,,,,,,,,,,,,
gates,CFB Rule B,independent,0,,full move,1.194,0.2,bootstrap 95% lower bound > 0,30,0,,0.8676,0.03592,,,,,,,,,,,,,,,,,,,,,
gates,CFB Rule B,independent,0,,full move,1.194,0.2,t > calibrated 5%,30,0,2.45,0.5971,0.00335,,,,,,,,,,,,,,,,,,,,,
gates,CFB Rule B,independent,0,,full move,1.194,0.2,t > 1.65,40,0,1.65,0.9327,0.05187,,,,,,,,,,,,,,,,,,,,,
gates,CFB Rule B,independent,0,,full move,1.194,0.2,bootstrap 90% lower bound > 0,40,0,,0.9699,0.0891,,,,,,,,,,,,,,,,,,,,,
gates,CFB Rule B,independent,0,,full move,1.194,0.2,bootstrap 95% lower bound > 0,40,0,,0.9377,0.0569,,,,,,,,,,,,,,,,,,,,,
gates,CFB Rule B,independent,0,,full move,1.194,0.2,t > calibrated 5%,40,0,2.38,0.7671,0,,,,,,,,,,,,,,,,,,,,,
gates,CFB Rule B,independent,0,,full move,1.194,0.2,sequential constant 5%,10-40,0,3.39,0.5027,0.002775,23.75,24,0.4973,,,,,,,,,,,,,,,,,,
gates,CFB Rule B,independent,0,,full move,1.194,0.2,sequential constant 10%,10-40,0,2.79,0.7325,0.01095,20.82,19,0.2675,,,,,,,,,,,,,,,,,,
gates,CFB Rule B,independent,0,,full move,1.194,0.2,sequential OBF 5%,10-40,0,2.75,0.6816,0.0014,29.47,30,0.3184,,,,,,,,,,,,,,,,,,
gates,CFB Rule B,independent,0,,full move,1.194,0.2,sequential OBF 10%,10-40,0,2.24,0.8449,0.00965,26.01,26,0.1551,,,,,,,,,,,,,,,,,,
gates,CFB Rule B,independent,0,,full move,1.194,0.2,registered keep test (reference),40,0,1.96,0.8809,0,,,,,,,,,,,,,,,,,,,,,
gates,CFB Rule B,independent,0,,full move,1.194,0.2,mean CLV > 0 (today's gate),20,0.25,,0.9605,0.09198,,,,,,,,,,,,,,,,,,,,,
gates,CFB Rule B,independent,0,,full move,1.194,0.2,t > 1.65,20,0.25,1.65,0.7167,0.0267,,,,,,,,,,,,,,,,,,,,,
gates,CFB Rule B,independent,0,,full move,1.194,0.2,bootstrap 90% lower bound > 0,20,0.25,,0.8381,0.04843,,,,,,,,,,,,,,,,,,,,,
gates,CFB Rule B,independent,0,,full move,1.194,0.2,bootstrap 95% lower bound > 0,20,0.25,,0.7392,0.02983,,,,,,,,,,,,,,,,,,,,,
gates,CFB Rule B,independent,0,,full move,1.194,0.2,t > calibrated 5%,20,0.25,2.35,0.4475,0.006575,,,,,,,,,,,,,,,,,,,,,
gates,CFB Rule B,independent,0,,full move,1.194,0.2,t > 1.65,30,0.25,1.65,0.8585,0.03308,,,,,,,,,,,,,,,,,,,,,
gates,CFB Rule B,independent,0,,full move,1.194,0.2,bootstrap 90% lower bound > 0,30,0.25,,0.9293,0.0628,,,,,,,,,,,,,,,,,,,,,
gates,CFB Rule B,independent,0,,full move,1.194,0.2,bootstrap 95% lower bound > 0,30,0.25,,0.8676,0.03592,,,,,,,,,,,,,,,,,,,,,
gates,CFB Rule B,independent,0,,full move,1.194,0.2,t > calibrated 5%,30,0.25,2.45,0.5971,0.00335,,,,,,,,,,,,,,,,,,,,,
gates,CFB Rule B,independent,0,,full move,1.194,0.2,t > 1.65,40,0.25,1.65,0.9327,0.05187,,,,,,,,,,,,,,,,,,,,,
gates,CFB Rule B,independent,0,,full move,1.194,0.2,bootstrap 90% lower bound > 0,40,0.25,,0.9699,0.0891,,,,,,,,,,,,,,,,,,,,,
gates,CFB Rule B,independent,0,,full move,1.194,0.2,bootstrap 95% lower bound > 0,40,0.25,,0.9377,0.0569,,,,,,,,,,,,,,,,,,,,,
gates,CFB Rule B,independent,0,,full move,1.194,0.2,t > calibrated 5%,40,0.25,2.38,0.7671,0,,,,,,,,,,,,,,,,,,,,,
gates,CFB Rule B,independent,0,,full move,1.194,0.2,sequential constant 5%,10-40,0.25,3.39,0.5027,0.002775,23.75,24,0.4973,,,,,,,,,,,,,,,,,,
gates,CFB Rule B,independent,0,,full move,1.194,0.2,sequential constant 10%,10-40,0.25,2.79,0.7325,0.01095,20.82,19,0.2675,,,,,,,,,,,,,,,,,,
gates,CFB Rule B,independent,0,,full move,1.194,0.2,sequential OBF 5%,10-40,0.25,2.75,0.6816,0.0014,29.47,30,0.3184,,,,,,,,,,,,,,,,,,
gates,CFB Rule B,independent,0,,full move,1.194,0.2,sequential OBF 10%,10-40,0.25,2.24,0.8449,0.00965,26.01,26,0.1551,,,,,,,,,,,,,,,,,,
gates,CFB Rule B,independent,0,,full move,1.194,0.2,mean CLV > 0 (today's gate),20,0.5,,0.9002,0.06842,,,,,,,,,,,,,,,,,,,,,
gates,CFB Rule B,independent,0,,full move,1.194,0.2,t > 1.65,20,0.5,1.65,0.7166,0.02668,,,,,,,,,,,,,,,,,,,,,
gates,CFB Rule B,independent,0,,full move,1.194,0.2,bootstrap 90% lower bound > 0,20,0.5,,0.8356,0.048,,,,,,,,,,,,,,,,,,,,,
gates,CFB Rule B,independent,0,,full move,1.194,0.2,bootstrap 95% lower bound > 0,20,0.5,,0.7389,0.0298,,,,,,,,,,,,,,,,,,,,,
gates,CFB Rule B,independent,0,,full move,1.194,0.2,t > calibrated 5%,20,0.5,2.35,0.4475,0.006575,,,,,,,,,,,,,,,,,,,,,
gates,CFB Rule B,independent,0,,full move,1.194,0.2,t > 1.65,30,0.5,1.65,0.8582,0.033,,,,,,,,,,,,,,,,,,,,,
gates,CFB Rule B,independent,0,,full move,1.194,0.2,bootstrap 90% lower bound > 0,30,0.5,,0.9244,0.06067,,,,,,,,,,,,,,,,,,,,,
gates,CFB Rule B,independent,0,,full move,1.194,0.2,bootstrap 95% lower bound > 0,30,0.5,,0.8671,0.0358,,,,,,,,,,,,,,,,,,,,,
gates,CFB Rule B,independent,0,,full move,1.194,0.2,t > calibrated 5%,30,0.5,2.45,0.5971,0.00335,,,,,,,,,,,,,,,,,,,,,
gates,CFB Rule B,independent,0,,full move,1.194,0.2,t > 1.65,40,0.5,1.65,0.9321,0.0513,,,,,,,,,,,,,,,,,,,,,
gates,CFB Rule B,independent,0,,full move,1.194,0.2,bootstrap 90% lower bound > 0,40,0.5,,0.9623,0.08153,,,,,,,,,,,,,,,,,,,,,
gates,CFB Rule B,independent,0,,full move,1.194,0.2,bootstrap 95% lower bound > 0,40,0.5,,0.9369,0.05613,,,,,,,,,,,,,,,,,,,,,
gates,CFB Rule B,independent,0,,full move,1.194,0.2,t > calibrated 5%,40,0.5,2.38,0.7671,0,,,,,,,,,,,,,,,,,,,,,
gates,CFB Rule B,independent,0,,full move,1.194,0.2,sequential constant 5%,10-40,0.5,3.39,0.5027,0.002775,23.75,24,0.4973,,,,,,,,,,,,,,,,,,
gates,CFB Rule B,independent,0,,full move,1.194,0.2,sequential constant 10%,10-40,0.5,2.79,0.7325,0.01095,20.82,19,0.2675,,,,,,,,,,,,,,,,,,
gates,CFB Rule B,independent,0,,full move,1.194,0.2,sequential OBF 5%,10-40,0.5,2.75,0.6816,0.0014,29.47,30,0.3184,,,,,,,,,,,,,,,,,,
gates,CFB Rule B,independent,0,,full move,1.194,0.2,sequential OBF 10%,10-40,0.5,2.24,0.8449,0.00965,26.01,26,0.1551,,,,,,,,,,,,,,,,,,
gates,CFB Rule B,independent,0,,full move,0.8971,0.4,mean CLV > 0 (today's gate),20,0,,0.971,0.2082,,,,,,,,,,,,,,,,,,,,,
gates,CFB Rule B,independent,0,,full move,0.8971,0.4,t > 1.65,20,0,1.65,0.601,0.04768,,,,,,,,,,,,,,,,,,,,,
gates,CFB Rule B,independent,0,,full move,0.8971,0.4,bootstrap 90% lower bound > 0,20,0,,0.7571,0.0895,,,,,,,,,,,,,,,,,,,,,
gates,CFB Rule B,independent,0,,full move,0.8971,0.4,bootstrap 95% lower bound > 0,20,0,,0.642,0.05745,,,,,,,,,,,,,,,,,,,,,
gates,CFB Rule B,independent,0,,full move,0.8971,0.4,t > calibrated 5%,20,0,2.35,0.3075,0.01027,,,,,,,,,,,,,,,,,,,,,
gates,CFB Rule B,independent,0,,full move,0.8971,0.4,t > 1.65,30,0,1.65,0.7556,0.05742,,,,,,,,,,,,,,,,,,,,,
gates,CFB Rule B,independent,0,,full move,0.8971,0.4,bootstrap 90% lower bound > 0,30,0,,0.8656,0.1161,,,,,,,,,,,,,,,,,,,,,
gates,CFB Rule B,independent,0,,full move,0.8971,0.4,bootstrap 95% lower bound > 0,30,0,,0.776,0.06625,,,,,,,,,,,,,,,,,,,,,
gates,CFB Rule B,independent,0,,full move,0.8971,0.4,t > calibrated 5%,30,0,2.45,0.4315,0.00575,,,,,,,,,,,,,,,,,,,,,
gates,CFB Rule B,independent,0,,full move,0.8971,0.4,t > 1.65,40,0,1.65,0.8535,0.08787,,,,,,,,,,,,,,,,,,,,,
gates,CFB Rule B,independent,0,,full move,0.8971,0.4,bootstrap 90% lower bound > 0,40,0,,0.9274,0.1618,,,,,,,,,,,,,,,,,,,,,
gates,CFB Rule B,independent,0,,full move,0.8971,0.4,bootstrap 95% lower bound > 0,40,0,,0.867,0.1013,,,,,,,,,,,,,,,,,,,,,
gates,CFB Rule B,independent,0,,full move,0.8971,0.4,t > calibrated 5%,40,0,2.38,0.6053,0,,,,,,,,,,,,,,,,,,,,,
gates,CFB Rule B,independent,0,,full move,0.8971,0.4,sequential constant 5%,10-40,0,3.39,0.2849,0.0024,26.23,27,0.715,,,,,,,,,,,,,,,,,,
gates,CFB Rule B,independent,0,,full move,0.8971,0.4,sequential constant 10%,10-40,0,2.79,0.5451,0.0129,23.22,23,0.4549,,,,,,,,,,,,,,,,,,
gates,CFB Rule B,independent,0,,full move,0.8971,0.4,sequential OBF 5%,10-40,0,2.75,0.4874,0.001575,31.74,32,0.5126,,,,,,,,,,,,,,,,,,
gates,CFB Rule B,independent,0,,full move,0.8971,0.4,sequential OBF 10%,10-40,0,2.24,0.7084,0.01355,28.59,29,0.2916,,,,,,,,,,,,,,,,,,
gates,CFB Rule B,independent,0,,full move,0.8971,0.4,registered keep test (reference),40,0,1.96,0.7657,0,,,,,,,,,,,,,,,,,,,,,
gates,CFB Rule B,independent,0,,full move,0.8971,0.4,mean CLV > 0 (today's gate),20,0.25,,0.9139,0.1673,,,,,,,,,,,,,,,,,,,,,
gates,CFB Rule B,independent,0,,full move,0.8971,0.4,t > 1.65,20,0.25,1.65,0.601,0.04768,,,,,,,,,,,,,,,,,,,,,
gates,CFB Rule B,independent,0,,full move,0.8971,0.4,bootstrap 90% lower bound > 0,20,0.25,,0.7569,0.08943,,,,,,,,,,,,,,,,,,,,,
gates,CFB Rule B,independent,0,,full move,0.8971,0.4,bootstrap 95% lower bound > 0,20,0.25,,0.6419,0.0574,,,,,,,,,,,,,,,,,,,,,
gates,CFB Rule B,independent,0,,full move,0.8971,0.4,t > calibrated 5%,20,0.25,2.35,0.3075,0.01027,,,,,,,,,,,,,,,,,,,,,
gates,CFB Rule B,independent,0,,full move,0.8971,0.4,t > 1.65,30,0.25,1.65,0.7556,0.05742,,,,,,,,,,,,,,,,,,,,,
gates,CFB Rule B,independent,0,,full move,0.8971,0.4,bootstrap 90% lower bound > 0,30,0.25,,0.8656,0.1161,,,,,,,,,,,,,,,,,,,,,
gates,CFB Rule B,independent,0,,full move,0.8971,0.4,bootstrap 95% lower bound > 0,30,0.25,,0.776,0.06625,,,,,,,,,,,,,,,,,,,,,
gates,CFB Rule B,independent,0,,full move,0.8971,0.4,t > calibrated 5%,30,0.25,2.45,0.4315,0.00575,,,,,,,,,,,,,,,,,,,,,
gates,CFB Rule B,independent,0,,full move,0.8971,0.4,t > 1.65,40,0.25,1.65,0.8535,0.08787,,,,,,,,,,,,,,,,,,,,,
gates,CFB Rule B,independent,0,,full move,0.8971,0.4,bootstrap 90% lower bound > 0,40,0.25,,0.9274,0.1618,,,,,,,,,,,,,,,,,,,,,
gates,CFB Rule B,independent,0,,full move,0.8971,0.4,bootstrap 95% lower bound > 0,40,0.25,,0.867,0.1013,,,,,,,,,,,,,,,,,,,,,
gates,CFB Rule B,independent,0,,full move,0.8971,0.4,t > calibrated 5%,40,0.25,2.38,0.6053,0,,,,,,,,,,,,,,,,,,,,,
gates,CFB Rule B,independent,0,,full move,0.8971,0.4,sequential constant 5%,10-40,0.25,3.39,0.2849,0.0024,26.23,27,0.715,,,,,,,,,,,,,,,,,,
gates,CFB Rule B,independent,0,,full move,0.8971,0.4,sequential constant 10%,10-40,0.25,2.79,0.5451,0.0129,23.22,23,0.4549,,,,,,,,,,,,,,,,,,
gates,CFB Rule B,independent,0,,full move,0.8971,0.4,sequential OBF 5%,10-40,0.25,2.75,0.4874,0.001575,31.74,32,0.5126,,,,,,,,,,,,,,,,,,
gates,CFB Rule B,independent,0,,full move,0.8971,0.4,sequential OBF 10%,10-40,0.25,2.24,0.7084,0.01355,28.59,29,0.2916,,,,,,,,,,,,,,,,,,
gates,CFB Rule B,independent,0,,full move,0.8971,0.4,mean CLV > 0 (today's gate),20,0.5,,0.7938,0.1096,,,,,,,,,,,,,,,,,,,,,
gates,CFB Rule B,independent,0,,full move,0.8971,0.4,t > 1.65,20,0.5,1.65,0.5978,0.04698,,,,,,,,,,,,,,,,,,,,,
gates,CFB Rule B,independent,0,,full move,0.8971,0.4,bootstrap 90% lower bound > 0,20,0.5,,0.7378,0.08403,,,,,,,,,,,,,,,,,,,,,
gates,CFB Rule B,independent,0,,full move,0.8971,0.4,bootstrap 95% lower bound > 0,20,0.5,,0.6364,0.05605,,,,,,,,,,,,,,,,,,,,,
gates,CFB Rule B,independent,0,,full move,0.8971,0.4,t > calibrated 5%,20,0.5,2.35,0.3074,0.01025,,,,,,,,,,,,,,,,,,,,,
gates,CFB Rule B,independent,0,,full move,0.8971,0.4,t > 1.65,30,0.5,1.65,0.7492,0.05577,,,,,,,,,,,,,,,,,,,,,
gates,CFB Rule B,independent,0,,full move,0.8971,0.4,bootstrap 90% lower bound > 0,30,0.5,,0.8312,0.09957,,,,,,,,,,,,,,,,,,,,,
gates,CFB Rule B,independent,0,,full move,0.8971,0.4,bootstrap 95% lower bound > 0,30,0.5,,0.767,0.06342,,,,,,,,,,,,,,,,,,,,,
gates,CFB Rule B,independent,0,,full move,0.8971,0.4,t > calibrated 5%,30,0.5,2.45,0.4315,0.00575,,,,,,,,,,,,,,,,,,,,,
gates,CFB Rule B,independent,0,,full move,0.8971,0.4,t > 1.65,40,0.5,1.65,0.8406,0.07787,,,,,,,,,,,,,,,,,,,,,
gates,CFB Rule B,independent,0,,full move,0.8971,0.4,bootstrap 90% lower bound > 0,40,0.5,,0.8785,0.1158,,,,,,,,,,,,,,,,,,,,,
gates,CFB Rule B,independent,0,,full move,0.8971,0.4,bootstrap 95% lower bound > 0,40,0.5,,0.8496,0.08685,,,,,,,,,,,,,,,,,,,,,
gates,CFB Rule B,independent,0,,full move,0.8971,0.4,t > calibrated 5%,40,0.5,2.38,0.6051,0,,,,,,,,,,,,,,,,,,,,,
gates,CFB Rule B,independent,0,,full move,0.8971,0.4,sequential constant 5%,10-40,0.5,3.39,0.2849,0.0024,26.23,27,0.715,,,,,,,,,,,,,,,,,,
gates,CFB Rule B,independent,0,,full move,0.8971,0.4,sequential constant 10%,10-40,0.5,2.79,0.545,0.0129,23.22,23,0.455,,,,,,,,,,,,,,,,,,
gates,CFB Rule B,independent,0,,full move,0.8971,0.4,sequential OBF 5%,10-40,0.5,2.75,0.4874,0.001575,31.74,32,0.5126,,,,,,,,,,,,,,,,,,
gates,CFB Rule B,independent,0,,full move,0.8971,0.4,sequential OBF 10%,10-40,0.5,2.24,0.708,0.0135,28.59,29,0.292,,,,,,,,,,,,,,,,,,
gates,CFB Rule B,same-day correlated,0.17,25,no edge,0.002331,0,mean CLV > 0 (today's gate),20,0,,0.4994,0.434,,,,,,,,,,,,,,,,,,,,,
gates,CFB Rule B,same-day correlated,0.17,25,no edge,0.002331,0,t > 1.65,20,0,1.65,0.0955,0.06023,,,,,,,,,,,,,,,,,,,,,
gates,CFB Rule B,same-day correlated,0.17,25,no edge,0.002331,0,bootstrap 90% lower bound > 0,20,0,,0.159,0.1133,,,,,,,,,,,,,,,,,,,,,
gates,CFB Rule B,same-day correlated,0.17,25,no edge,0.002331,0,bootstrap 95% lower bound > 0,20,0,,0.1029,0.06603,,,,,,,,,,,,,,,,,,,,,
gates,CFB Rule B,same-day correlated,0.17,25,no edge,0.002331,0,t > calibrated 5%,20,0,2.35,0.03392,0.01613,,,,,,,,,,,,,,,,,,,,,
gates,CFB Rule B,same-day correlated,0.17,25,no edge,0.002331,0,t > 1.65,30,0,1.65,0.1027,0.04845,,,,,,,,,,,,,,,,,,,,,
gates,CFB Rule B,same-day correlated,0.17,25,no edge,0.002331,0,bootstrap 90% lower bound > 0,30,0,,0.1644,0.1016,,,,,,,,,,,,,,,,,,,,,
gates,CFB Rule B,same-day correlated,0.17,25,no edge,0.002331,0,bootstrap 95% lower bound > 0,30,0,,0.1082,0.05307,,,,,,,,,,,,,,,,,,,,,
gates,CFB Rule B,same-day correlated,0.17,25,no edge,0.002331,0,t > calibrated 5%,30,0,2.45,0.03255,0.006475,,,,,,,,,,,,,,,,,,,,,
gates,CFB Rule B,same-day correlated,0.17,25,no edge,0.002331,0,t > 1.65,40,0,1.65,0.1028,0.0346,,,,,,,,,,,,,,,,,,,,,
gates,CFB Rule B,same-day correlated,0.17,25,no edge,0.002331,0,bootstrap 90% lower bound > 0,40,0,,0.1644,0.09613,,,,,,,,,,,,,,,,,,,,,
gates,CFB Rule B,same-day correlated,0.17,25,no edge,0.002331,0,bootstrap 95% lower bound > 0,40,0,,0.1084,0.0401,,,,,,,,,,,,,,,,,,,,,
gates,CFB Rule B,same-day correlated,0.17,25,no edge,0.002331,0,t > calibrated 5%,40,0,2.38,0.03778,0,,,,,,,,,,,,,,,,,,,,,
gates,CFB Rule B,same-day correlated,0.17,25,no edge,0.002331,0,sequential constant 5%,10-40,0,3.39,0.03628,0.01615,17.46,13,0.9637,,,,,,,,,,,,,,,,,,
gates,CFB Rule B,same-day correlated,0.17,25,no edge,0.002331,0,sequential constant 10%,10-40,0,2.79,0.0771,0.03848,17.8,13.5,0.9229,,,,,,,,,,,,,,,,,,
gates,CFB Rule B,same-day correlated,0.17,25,no edge,0.002331,0,sequential OBF 5%,10-40,0,2.75,0.0349,0.004675,28.94,31,0.9651,,,,,,,,,,,,,,,,,,
gates,CFB Rule B,same-day correlated,0.17,25,no edge,0.002331,0,sequential OBF 10%,10-40,0,2.24,0.07643,0.02095,27.37,29,0.9236,,,,,,,,,,,,,,,,,,
gates,CFB Rule B,same-day correlated,0.17,25,no edge,0.002331,0,registered keep test (reference),40,0,1.96,0.06825,0,,,,,,,,,,,,,,,,,,,,,
gates,CFB Rule B,same-day correlated,0.17,25,no edge,0.001865,0.2,mean CLV > 0 (today's gate),20,0,,0.499,0.4425,,,,,,,,,,,,,,,,,,,,,
gates,CFB Rule B,same-day correlated,0.17,25,no edge,0.001865,0.2,t > 1.65,20,0,1.65,0.0868,0.05677,,,,,,,,,,,,,,,,,,,,,
gates,CFB Rule B,same-day correlated,0.17,25,no edge,0.001865,0.2,bootstrap 90% lower bound > 0,20,0,,0.1525,0.113,,,,,,,,,,,,,,,,,,,,,
gates,CFB Rule B,same-day correlated,0.17,25,no edge,0.001865,0.2,bootstrap 95% lower bound > 0,20,0,,0.09723,0.0653,,,,,,,,,,,,,,,,,,,,,
gates,CFB Rule B,same-day correlated,0.17,25,no edge,0.001865,0.2,t > calibrated 5%,20,0,2.35,0.02835,0.01435,,,,,,,,,,,,,,,,,,,,,
gates,CFB Rule B,same-day correlated,0.17,25,no edge,0.001865,0.2,t > 1.65,30,0,1.65,0.09298,0.04702,,,,,,,,,,,,,,,,,,,,,
gates,CFB Rule B,same-day correlated,0.17,25,no edge,0.001865,0.2,bootstrap 90% lower bound > 0,30,0,,0.1566,0.1025,,,,,,,,,,,,,,,,,,,,,
gates,CFB Rule B,same-day correlated,0.17,25,no edge,0.001865,0.2,bootstrap 95% lower bound > 0,30,0,,0.1,0.05295,,,,,,,,,,,,,,,,,,,,,
gates,CFB Rule B,same-day correlated,0.17,25,no edge,0.001865,0.2,t > calibrated 5%,30,0,2.45,0.02658,0.00575,,,,,,,,,,,,,,,,,,,,,
gates,CFB Rule B,same-day correlated,0.17,25,no edge,0.001865,0.2,t > 1.65,40,0,1.65,0.0946,0.0363,,,,,,,,,,,,,,,,,,,,,
gates,CFB Rule B,same-day correlated,0.17,25,no edge,0.001865,0.2,bootstrap 90% lower bound > 0,40,0,,0.1581,0.09982,,,,,,,,,,,,,,,,,,,,,
gates,CFB Rule B,same-day correlated,0.17,25,no edge,0.001865,0.2,bootstrap 95% lower bound > 0,40,0,,0.09995,0.04165,,,,,,,,,,,,,,,,,,,,,
gates,CFB Rule B,same-day correlated,0.17,25,no edge,0.001865,0.2,t > calibrated 5%,40,0,2.38,0.02923,0,,,,,,,,,,,,,,,,,,,,,
gates,CFB Rule B,same-day correlated,0.17,25,no edge,0.001865,0.2,sequential constant 5%,10-40,0,3.39,0.02318,0.00975,18.53,15,0.9768,,,,,,,,,,,,,,,,,,
gates,CFB Rule B,same-day correlated,0.17,25,no edge,0.001865,0.2,sequential constant 10%,10-40,0,2.79,0.05992,0.02993,18.57,15,0.9401,,,,,,,,,,,,,,,,,,
gates,CFB Rule B,same-day correlated,0.17,25,no edge,0.001865,0.2,sequential OBF 5%,10-40,0,2.75,0.02567,0.00335,30.59,32,0.9743,,,,,,,,,,,,,,,,,,
gates,CFB Rule B,same-day correlated,0.17,25,no edge,0.001865,0.2,sequential OBF 10%,10-40,0,2.24,0.06098,0.0154,28.69,30,0.939,,,,,,,,,,,,,,,,,,
gates,CFB Rule B,same-day correlated,0.17,25,no edge,0.001865,0.2,registered keep test (reference),40,0,1.96,0.0583,0,,,,,,,,,,,,,,,,,,,,,
gates,CFB Rule B,same-day correlated,0.17,25,no edge,0.002261,0.4,mean CLV > 0 (today's gate),20,0,,0.501,0.4506,,,,,,,,,,,,,,,,,,,,,
gates,CFB Rule B,same-day correlated,0.17,25,no edge,0.002261,0.4,t > 1.65,20,0,1.65,0.0795,0.05275,,,,,,,,,,,,,,,,,,,,,
gates,CFB Rule B,same-day correlated,0.17,25,no edge,0.002261,0.4,bootstrap 90% lower bound > 0,20,0,,0.1468,0.1109,,,,,,,,,,,,,,,,,,,,,
gates,CFB Rule B,same-day correlated,0.17,25,no edge,0.002261,0.4,bootstrap 95% lower bound > 0,20,0,,0.09325,0.0643,,,,,,,,,,,,,,,,,,,,,
gates,CFB Rule B,same-day correlated,0.17,25,no edge,0.002261,0.4,t > calibrated 5%,20,0,2.35,0.02177,0.0111,,,,,,,,,,,,,,,,,,,,,
gates,CFB Rule B,same-day correlated,0.17,25,no edge,0.002261,0.4,t > 1.65,30,0,1.65,0.0827,0.04245,,,,,,,,,,,,,,,,,,,,,
gates,CFB Rule B,same-day correlated,0.17,25,no edge,0.002261,0.4,bootstrap 90% lower bound > 0,30,0,,0.1481,0.0997,,,,,,,,,,,,,,,,,,,,,
gates,CFB Rule B,same-day correlated,0.17,25,no edge,0.002261,0.4,bootstrap 95% lower bound > 0,30,0,,0.0937,0.05122,,,,,,,,,,,,,,,,,,,,,
gates,CFB Rule B,same-day correlated,0.17,25,no edge,0.002261,0.4,t > calibrated 5%,30,0,2.45,0.02082,0.004525,,,,,,,,,,,,,,,,,,,,,
gates,CFB Rule B,same-day correlated,0.17,25,no edge,0.002261,0.4,t > 1.65,40,0,1.65,0.08507,0.0336,,,,,,,,,,,,,,,,,,,,,
gates,CFB Rule B,same-day correlated,0.17,25,no edge,0.002261,0.4,bootstrap 90% lower bound > 0,40,0,,0.1482,0.09673,,,,,,,,,,,,,,,,,,,,,
gates,CFB Rule B,same-day correlated,0.17,25,no edge,0.002261,0.4,bootstrap 95% lower bound > 0,40,0,,0.09233,0.04085,,,,,,,,,,,,,,,,,,,,,
gates,CFB Rule B,same-day correlated,0.17,25,no edge,0.002261,0.4,t > calibrated 5%,40,0,2.38,0.0223,0,,,,,,,,,,,,,,,,,,,,,
gates,CFB Rule B,same-day correlated,0.17,25,no edge,0.002261,0.4,sequential constant 5%,10-40,0,3.39,0.01068,0.0036,21.12,19,0.9893,,,,,,,,,,,,,,,,,,
gates,CFB Rule B,same-day correlated,0.17,25,no edge,0.002261,0.4,sequential constant 10%,10-40,0,2.79,0.03925,0.01773,20.07,18,0.9607,,,,,,,,,,,,,,,,,,
gates,CFB Rule B,same-day correlated,0.17,25,no edge,0.002261,0.4,sequential OBF 5%,10-40,0,2.75,0.0173,0.001525,32.57,33,0.9827,,,,,,,,,,,,,,,,,,
gates,CFB Rule B,same-day correlated,0.17,25,no edge,0.002261,0.4,sequential OBF 10%,10-40,0,2.24,0.04885,0.01183,30.28,31,0.9512,,,,,,,,,,,,,,,,,,
gates,CFB Rule B,same-day correlated,0.17,25,no edge,0.002261,0.4,registered keep test (reference),40,0,1.96,0.05147,0,,,,,,,,,,,,,,,,,,,,,
gates,CFB Rule B,same-day correlated,0.17,25,half the move,0.7498,0,mean CLV > 0 (today's gate),20,0,,0.8521,0.4081,,,,,,,,,,,,,,,,,,,,,
gates,CFB Rule B,same-day correlated,0.17,25,half the move,0.7498,0,t > 1.65,20,0,1.65,0.3869,0.0957,,,,,,,,,,,,,,,,,,,,,
gates,CFB Rule B,same-day correlated,0.17,25,half the move,0.7498,0,bootstrap 90% lower bound > 0,20,0,,0.5126,0.1586,,,,,,,,,,,,,,,,,,,,,
gates,CFB Rule B,same-day correlated,0.17,25,half the move,0.7498,0,bootstrap 95% lower bound > 0,20,0,,0.4034,0.1032,,,,,,,,,,,,,,,,,,,,,
gates,CFB Rule B,same-day correlated,0.17,25,half the move,0.7498,0,t > calibrated 5%,20,0,2.35,0.204,0.03238,,,,,,,,,,,,,,,,,,,,,
gates,CFB Rule B,same-day correlated,0.17,25,half the move,0.7498,0,t > 1.65,30,0,1.65,0.474,0.08743,,,,,,,,,,,,,,,,,,,,,
gates,CFB Rule B,same-day correlated,0.17,25,half the move,0.7498,0,bootstrap 90% lower bound > 0,30,0,,0.5954,0.1668,,,,,,,,,,,,,,,,,,,,,
gates,CFB Rule B,same-day correlated,0.17,25,half the move,0.7498,0,bootstrap 95% lower bound > 0,30,0,,0.4865,0.09467,,,,,,,,,,,,,,,,,,,,,
gates,CFB Rule B,same-day correlated,0.17,25,half the move,0.7498,0,t > calibrated 5%,30,0,2.45,0.251,0.01413,,,,,,,,,,,,,,,,,,,,,
gates,CFB Rule B,same-day correlated,0.17,25,half the move,0.7498,0,t > 1.65,40,0,1.65,0.5462,0.09465,,,,,,,,,,,,,,,,,,,,,
gates,CFB Rule B,same-day correlated,0.17,25,half the move,0.7498,0,bootstrap 90% lower bound > 0,40,0,,0.6632,0.2117,,,,,,,,,,,,,,,,,,,,,
gates,CFB Rule B,same-day correlated,0.17,25,half the move,0.7498,0,bootstrap 95% lower bound > 0,40,0,,0.5562,0.1047,,,,,,,,,,,,,,,,,,,,,
gates,CFB Rule B,same-day correlated,0.17,25,half the move,0.7498,0,t > calibrated 5%,40,0,2.38,0.3288,0,,,,,,,,,,,,,,,,,,,,,
gates,CFB Rule B,same-day correlated,0.17,25,half the move,0.7498,0,sequential constant 5%,10-40,0,3.39,0.2333,0.02498,21.04,19,0.7668,,,,,,,,,,,,,,,,,,
gates,CFB Rule B,same-day correlated,0.17,25,half the move,0.7498,0,sequential constant 10%,10-40,0,2.79,0.3832,0.05845,19.98,17,0.6168,,,,,,,,,,,,,,,,,,
gates,CFB Rule B,same-day correlated,0.17,25,half the move,0.7498,0,sequential OBF 5%,10-40,0,2.75,0.2929,0.01027,29,30,0.707,,,,,,,,,,,,,,,,,,
gates,CFB Rule B,same-day correlated,0.17,25,half the move,0.7498,0,sequential OBF 10%,10-40,0,2.24,0.4447,0.04083,26.69,27,0.5553,,,,,,,,,,,,,,,,,,
gates,CFB Rule B,same-day correlated,0.17,25,half the move,0.7498,0,registered keep test (reference),40,0,1.96,0.4515,0,,,,,,,,,,,,,,,,,,,,,
gates,CFB Rule B,same-day correlated,0.17,25,half the move,0.5999,0.2,mean CLV > 0 (today's gate),20,0,,0.8338,0.4533,,,,,,,,,,,,,,,,,,,,,
gates,CFB Rule B,same-day correlated,0.17,25,half the move,0.5999,0.2,t > 1.65,20,0,1.65,0.3389,0.0981,,,,,,,,,,,,,,,,,,,,,
gates,CFB Rule B,same-day correlated,0.17,25,half the move,0.5999,0.2,bootstrap 90% lower bound > 0,20,0,,0.4713,0.1708,,,,,,,,,,,,,,,,,,,,,
gates,CFB Rule B,same-day correlated,0.17,25,half the move,0.5999,0.2,bootstrap 95% lower bound > 0,20,0,,0.3619,0.1098,,,,,,,,,,,,,,,,,,,,,
gates,CFB Rule B,same-day correlated,0.17,25,half the move,0.5999,0.2,t > calibrated 5%,20,0,2.35,0.1613,0.0305,,,,,,,,,,,,,,,,,,,,,
gates,CFB Rule B,same-day correlated,0.17,25,half the move,0.5999,0.2,t > 1.65,30,0,1.65,0.4162,0.09058,,,,,,,,,,,,,,,,,,,,,
gates,CFB Rule B,same-day correlated,0.17,25,half the move,0.5999,0.2,bootstrap 90% lower bound > 0,30,0,,0.5474,0.18,,,,,,,,,,,,,,,,,,,,,
gates,CFB Rule B,same-day correlated,0.17,25,half the move,0.5999,0.2,bootstrap 95% lower bound > 0,30,0,,0.4326,0.1006,,,,,,,,,,,,,,,,,,,,,
gates,CFB Rule B,same-day correlated,0.17,25,half the move,0.5999,0.2,t > calibrated 5%,30,0,2.45,0.1956,0.0132,,,,,,,,,,,,,,,,,,,,,
gates,CFB Rule B,same-day correlated,0.17,25,half the move,0.5999,0.2,t > 1.65,40,0,1.65,0.4851,0.09913,,,,,,,,,,,,,,,,,,,,,
gates,CFB Rule B,same-day correlated,0.17,25,half the move,0.5999,0.2,bootstrap 90% lower bound > 0,40,0,,0.6104,0.2244,,,,,,,,,,,,,,,,,,,,,
gates,CFB Rule B,same-day correlated,0.17,25,half the move,0.5999,0.2,bootstrap 95% lower bound > 0,40,0,,0.4998,0.1138,,,,,,,,,,,,,,,,,,,,,
gates,CFB Rule B,same-day correlated,0.17,25,half the move,0.5999,0.2,t > calibrated 5%,40,0,2.38,0.2643,0,,,,,,,,,,,,,,,,,,,,,
gates,CFB Rule B,same-day correlated,0.17,25,half the move,0.5999,0.2,sequential constant 5%,10-40,0,3.39,0.1548,0.01615,22.34,22,0.8452,,,,,,,,,,,,,,,,,,
gates,CFB Rule B,same-day correlated,0.17,25,half the move,0.5999,0.2,sequential constant 10%,10-40,0,2.79,0.3019,0.05087,20.8,19,0.6982,,,,,,,,,,,,,,,,,,
gates,CFB Rule B,same-day correlated,0.17,25,half the move,0.5999,0.2,sequential OBF 5%,10-40,0,2.75,0.2184,0.00645,30.63,32,0.7816,,,,,,,,,,,,,,,,,,
gates,CFB Rule B,same-day correlated,0.17,25,half the move,0.5999,0.2,sequential OBF 10%,10-40,0,2.24,0.3689,0.03503,28.26,29,0.6311,,,,,,,,,,,,,,,,,,
gates,CFB Rule B,same-day correlated,0.17,25,half the move,0.5999,0.2,registered keep test (reference),40,0,1.96,0.386,0,,,,,,,,,,,,,,,,,,,,,
gates,CFB Rule B,same-day correlated,0.17,25,half the move,0.4509,0.4,mean CLV > 0 (today's gate),20,0,,0.8072,0.5015,,,,,,,,,,,,,,,,,,,,,
gates,CFB Rule B,same-day correlated,0.17,25,half the move,0.4509,0.4,t > 1.65,20,0,1.65,0.2854,0.09835,,,,,,,,,,,,,,,,,,,,,
gates,CFB Rule B,same-day correlated,0.17,25,half the move,0.4509,0.4,bootstrap 90% lower bound > 0,20,0,,0.4256,0.1833,,,,,,,,,,,,,,,,,,,,,
gates,CFB Rule B,same-day correlated,0.17,25,half the move,0.4509,0.4,bootstrap 95% lower bound > 0,20,0,,0.3159,0.1147,,,,,,,,,,,,,,,,,,,,,
gates,CFB Rule B,same-day correlated,0.17,25,half the move,0.4509,0.4,t > calibrated 5%,20,0,2.35,0.1115,0.02347,,,,,,,,,,,,,,,,,,,,,
gates,CFB Rule B,same-day correlated,0.17,25,half the move,0.4509,0.4,t > 1.65,30,0,1.65,0.3505,0.0905,,,,,,,,,,,,,,,,,,,,,
gates,CFB Rule B,same-day correlated,0.17,25,half the move,0.4509,0.4,bootstrap 90% lower bound > 0,30,0,,0.4907,0.1947,,,,,,,,,,,,,,,,,,,,,
gates,CFB Rule B,same-day correlated,0.17,25,half the move,0.4509,0.4,bootstrap 95% lower bound > 0,30,0,,0.3748,0.1069,,,,,,,,,,,,,,,,,,,,,
gates,CFB Rule B,same-day correlated,0.17,25,half the move,0.4509,0.4,t > calibrated 5%,30,0,2.45,0.1376,0.01082,,,,,,,,,,,,,,,,,,,,,
gates,CFB Rule B,same-day correlated,0.17,25,half the move,0.4509,0.4,t > 1.65,40,0,1.65,0.4101,0.09938,,,,,,,,,,,,,,,,,,,,,
gates,CFB Rule B,same-day correlated,0.17,25,half the move,0.4509,0.4,bootstrap 90% lower bound > 0,40,0,,0.5488,0.2381,,,,,,,,,,,,,,,,,,,,,
gates,CFB Rule B,same-day correlated,0.17,25,half the move,0.4509,0.4,bootstrap 95% lower bound > 0,40,0,,0.4295,0.1187,,,,,,,,,,,,,,,,,,,,,
gates,CFB Rule B,same-day correlated,0.17,25,half the move,0.4509,0.4,t > calibrated 5%,40,0,2.38,0.1939,0,,,,,,,,,,,,,,,,,,,,,
gates,CFB Rule B,same-day correlated,0.17,25,half the move,0.4509,0.4,sequential constant 5%,10-40,0,3.39,0.079,0.007075,24.64,25,0.921,,,,,,,,,,,,,,,,,,
gates,CFB Rule B,same-day correlated,0.17,25,half the move,0.4509,0.4,sequential constant 10%,10-40,0,2.79,0.2025,0.0332,22.5,22,0.7975,,,,,,,,,,,,,,,,,,
gates,CFB Rule B,same-day correlated,0.17,25,half the move,0.4509,0.4,sequential OBF 5%,10-40,0,2.75,0.1426,0.003475,32.35,33,0.8574,,,,,,,,,,,,,,,,,,
gates,CFB Rule B,same-day correlated,0.17,25,half the move,0.4509,0.4,sequential OBF 10%,10-40,0,2.24,0.2804,0.0252,29.89,31,0.7196,,,,,,,,,,,,,,,,,,
gates,CFB Rule B,same-day correlated,0.17,25,half the move,0.4509,0.4,registered keep test (reference),40,0,1.96,0.3107,0,,,,,,,,,,,,,,,,,,,,,
gates,CFB Rule B,same-day correlated,0.17,25,full move,1.497,0,mean CLV > 0 (today's gate),20,0,,0.9811,0.0906,,,,,,,,,,,,,,,,,,,,,
gates,CFB Rule B,same-day correlated,0.17,25,full move,1.497,0,t > 1.65,20,0,1.65,0.7708,0.0309,,,,,,,,,,,,,,,,,,,,,
gates,CFB Rule B,same-day correlated,0.17,25,full move,1.497,0,bootstrap 90% lower bound > 0,20,0,,0.8579,0.0463,,,,,,,,,,,,,,,,,,,,,
gates,CFB Rule B,same-day correlated,0.17,25,full move,1.497,0,bootstrap 95% lower bound > 0,20,0,,0.7828,0.03255,,,,,,,,,,,,,,,,,,,,,
gates,CFB Rule B,same-day correlated,0.17,25,full move,1.497,0,t > calibrated 5%,20,0,2.35,0.5708,0.01145,,,,,,,,,,,,,,,,,,,,,
gates,CFB Rule B,same-day correlated,0.17,25,full move,1.497,0,t > 1.65,30,0,1.65,0.874,0.0263,,,,,,,,,,,,,,,,,,,,,
gates,CFB Rule B,same-day correlated,0.17,25,full move,1.497,0,bootstrap 90% lower bound > 0,30,0,,0.9269,0.04725,,,,,,,,,,,,,,,,,,,,,
gates,CFB Rule B,same-day correlated,0.17,25,full move,1.497,0,bootstrap 95% lower bound > 0,30,0,,0.8796,0.02825,,,,,,,,,,,,,,,,,,,,,
gates,CFB Rule B,same-day correlated,0.17,25,full move,1.497,0,t > calibrated 5%,30,0,2.45,0.7018,0.004475,,,,,,,,,,,,,,,,,,,,,
gates,CFB Rule B,same-day correlated,0.17,25,full move,1.497,0,t > 1.65,40,0,1.65,0.9324,0.03707,,,,,,,,,,,,,,,,,,,,,
gates,CFB Rule B,same-day correlated,0.17,25,full move,1.497,0,bootstrap 90% lower bound > 0,40,0,,0.9629,0.0676,,,,,,,,,,,,,,,,,,,,,
gates,CFB Rule B,same-day correlated,0.17,25,full move,1.497,0,bootstrap 95% lower bound > 0,40,0,,0.9345,0.0392,,,,,,,,,,,,,,,,,,,,,
gates,CFB Rule B,same-day correlated,0.17,25,full move,1.497,0,t > calibrated 5%,40,0,2.38,0.8244,0,,,,,,,,,,,,,,,,,,,,,
gates,CFB Rule B,same-day correlated,0.17,25,full move,1.497,0,sequential constant 5%,10-40,0,3.39,0.6855,0.00885,20.35,18,0.3145,,,,,,,,,,,,,,,,,,
gates,CFB Rule B,same-day correlated,0.17,25,full move,1.497,0,sequential constant 10%,10-40,0,2.79,0.8293,0.01925,18.02,15,0.1707,,,,,,,,,,,,,,,,,,
gates,CFB Rule B,same-day correlated,0.17,25,full move,1.497,0,sequential OBF 5%,10-40,0,2.75,0.7833,0.00385,25.79,26,0.2167,,,,,,,,,,,,,,,,,,
gates,CFB Rule B,same-day correlated,0.17,25,full move,1.497,0,sequential OBF 10%,10-40,0,2.24,0.8825,0.01408,22.56,22,0.1175,,,,,,,,,,,,,,,,,,
gates,CFB Rule B,same-day correlated,0.17,25,full move,1.497,0,registered keep test (reference),40,0,1.96,0.8953,0,,,,,,,,,,,,,,,,,,,,,
gates,CFB Rule B,same-day correlated,0.17,25,full move,1.198,0.2,mean CLV > 0 (today's gate),20,0,,0.9722,0.1397,,,,,,,,,,,,,,,,,,,,,
gates,CFB Rule B,same-day correlated,0.17,25,full move,1.198,0.2,t > 1.65,20,0,1.65,0.6974,0.04245,,,,,,,,,,,,,,,,,,,,,
gates,CFB Rule B,same-day correlated,0.17,25,full move,1.198,0.2,bootstrap 90% lower bound > 0,20,0,,0.8087,0.0671,,,,,,,,,,,,,,,,,,,,,
gates,CFB Rule B,same-day correlated,0.17,25,full move,1.198,0.2,bootstrap 95% lower bound > 0,20,0,,0.7187,0.0463,,,,,,,,,,,,,,,,,,,,,
gates,CFB Rule B,same-day correlated,0.17,25,full move,1.198,0.2,t > calibrated 5%,20,0,2.35,0.4655,0.01415,,,,,,,,,,,,,,,,,,,,,
gates,CFB Rule B,same-day correlated,0.17,25,full move,1.198,0.2,t > 1.65,30,0,1.65,0.8189,0.03997,,,,,,,,,,,,,,,,,,,,,
gates,CFB Rule B,same-day correlated,0.17,25,full move,1.198,0.2,bootstrap 90% lower bound > 0,30,0,,0.8936,0.07418,,,,,,,,,,,,,,,,,,,,,
gates,CFB Rule B,same-day correlated,0.17,25,full move,1.198,0.2,bootstrap 95% lower bound > 0,30,0,,0.8295,0.04415,,,,,,,,,,,,,,,,,,,,,
gates,CFB Rule B,same-day correlated,0.17,25,full move,1.198,0.2,t > calibrated 5%,30,0,2.45,0.5921,0.00605,,,,,,,,,,,,,,,,,,,,,
gates,CFB Rule B,same-day correlated,0.17,25,full move,1.198,0.2,t > 1.65,40,0,1.65,0.8922,0.05493,,,,,,,,,,,,,,,,,,,,,
gates,CFB Rule B,same-day correlated,0.17,25,full move,1.198,0.2,bootstrap 90% lower bound > 0,40,0,,0.9393,0.102,,,,,,,,,,,,,,,,,,,,,
gates,CFB Rule B,same-day correlated,0.17,25,full move,1.198,0.2,bootstrap 95% lower bound > 0,40,0,,0.8981,0.06085,,,,,,,,,,,,,,,,,,,,,
gates,CFB Rule B,same-day correlated,0.17,25,full move,1.198,0.2,t > calibrated 5%,40,0,2.38,0.7364,0,,,,,,,,,,,,,,,,,,,,,
gates,CFB Rule B,same-day correlated,0.17,25,full move,1.198,0.2,sequential constant 5%,10-40,0,3.39,0.5347,0.007775,22.42,22,0.4653,,,,,,,,,,,,,,,,,,
gates,CFB Rule B,same-day correlated,0.17,25,full move,1.198,0.2,sequential constant 10%,10-40,0,2.79,0.7279,0.02167,19.75,17,0.2721,,,,,,,,,,,,,,,,,,
gates,CFB Rule B,same-day correlated,0.17,25,full move,1.198,0.2,sequential OBF 5%,10-40,0,2.75,0.6704,0.00335,28.32,29,0.3296,,,,,,,,,,,,,,,,,,
gates,CFB Rule B,same-day correlated,0.17,25,full move,1.198,0.2,sequential OBF 10%,10-40,0,2.24,0.8141,0.01705,25,25,0.1859,,,,,,,,,,,,,,,,,,
gates,CFB Rule B,same-day correlated,0.17,25,full move,1.198,0.2,registered keep test (reference),40,0,1.96,0.8373,0,,,,,,,,,,,,,,,,,,,,,
gates,CFB Rule B,same-day correlated,0.17,25,full move,0.8996,0.4,mean CLV > 0 (today's gate),20,0,,0.9571,0.223,,,,,,,,,,,,,,,,,,,,,
gates,CFB Rule B,same-day correlated,0.17,25,full move,0.8996,0.4,t > 1.65,20,0,1.65,0.598,0.06073,,,,,,,,,,,,,,,,,,,,,
gates,CFB Rule B,same-day correlated,0.17,25,full move,0.8996,0.4,bootstrap 90% lower bound > 0,20,0,,0.7403,0.1029,,,,,,,,,,,,,,,,,,,,,
gates,CFB Rule B,same-day correlated,0.17,25,full move,0.8996,0.4,bootstrap 95% lower bound > 0,20,0,,0.6358,0.07018,,,,,,,,,,,,,,,,,,,,,
gates,CFB Rule B,same-day correlated,0.17,25,full move,0.8996,0.4,t > calibrated 5%,20,0,2.35,0.3336,0.01735,,,,,,,,,,,,,,,,,,,,,
gates,CFB Rule B,same-day correlated,0.17,25,full move,0.8996,0.4,t > 1.65,30,0,1.65,0.7309,0.05912,,,,,,,,,,,,,,,,,,,,,
gates,CFB Rule B,same-day correlated,0.17,25,full move,0.8996,0.4,bootstrap 90% lower bound > 0,30,0,,0.8376,0.1172,,,,,,,,,,,,,,,,,,,,,
gates,CFB Rule B,same-day correlated,0.17,25,full move,0.8996,0.4,bootstrap 95% lower bound > 0,30,0,,0.7518,0.068,,,,,,,,,,,,,,,,,,,,,
gates,CFB Rule B,same-day correlated,0.17,25,full move,0.8996,0.4,t > calibrated 5%,30,0,2.45,0.444,0.0075,,,,,,,,,,,,,,,,,,,,,
gates,CFB Rule B,same-day correlated,0.17,25,full move,0.8996,0.4,t > 1.65,40,0,1.65,0.82,0.0811,,,,,,,,,,,,,,,,,,,,,
gates,CFB Rule B,same-day correlated,0.17,25,full move,0.8996,0.4,bootstrap 90% lower bound > 0,40,0,,0.8972,0.1582,,,,,,,,,,,,,,,,,,,,,
gates,CFB Rule B,same-day correlated,0.17,25,full move,0.8996,0.4,bootstrap 95% lower bound > 0,40,0,,0.8324,0.0935,,,,,,,,,,,,,,,,,,,,,
gates,CFB Rule B,same-day correlated,0.17,25,full move,0.8996,0.4,t > calibrated 5%,40,0,2.38,0.5993,0,,,,,,,,,,,,,,,,,,,,,
gates,CFB Rule B,same-day correlated,0.17,25,full move,0.8996,0.4,sequential constant 5%,10-40,0,3.39,0.3259,0.004125,25.44,26,0.6741,,,,,,,,,,,,,,,,,,
gates,CFB Rule B,same-day correlated,0.17,25,full move,0.8996,0.4,sequential constant 10%,10-40,0,2.79,0.5618,0.02067,22.25,21,0.4382,,,,,,,,,,,,,,,,,,
gates,CFB Rule B,same-day correlated,0.17,25,full move,0.8996,0.4,sequential OBF 5%,10-40,0,2.75,0.4991,0.002525,30.86,31,0.5009,,,,,,,,,,,,,,,,,,
gates,CFB Rule B,same-day correlated,0.17,25,full move,0.8996,0.4,sequential OBF 10%,10-40,0,2.24,0.696,0.01843,27.8,28,0.304,,,,,,,,,,,,,,,,,,
gates,CFB Rule B,same-day correlated,0.17,25,full move,0.8996,0.4,registered keep test (reference),40,0,1.96,0.7389,0,,,,,,,,,,,,,,,,,,,,,
gates,CFB Rule B,same-day correlated,0.17,40,no edge,-0.0007434,0,mean CLV > 0 (today's gate),20,0,,0.5004,0.4306,,,,,,,,,,,,,,,,,,,,,
gates,CFB Rule B,same-day correlated,0.17,40,no edge,-0.0007434,0,t > 1.65,20,0,1.65,0.111,0.06975,,,,,,,,,,,,,,,,,,,,,
gates,CFB Rule B,same-day correlated,0.17,40,no edge,-0.0007434,0,bootstrap 90% lower bound > 0,20,0,,0.1754,0.1238,,,,,,,,,,,,,,,,,,,,,
gates,CFB Rule B,same-day correlated,0.17,40,no edge,-0.0007434,0,bootstrap 95% lower bound > 0,20,0,,0.1182,0.07577,,,,,,,,,,,,,,,,,,,,,
gates,CFB Rule B,same-day correlated,0.17,40,no edge,-0.0007434,0,t > calibrated 5%,20,0,2.35,0.0452,0.02235,,,,,,,,,,,,,,,,,,,,,
gates,CFB Rule B,same-day correlated,0.17,40,no edge,-0.0007434,0,t > 1.65,30,0,1.65,0.1056,0.05253,,,,,,,,,,,,,,,,,,,,,
gates,CFB Rule B,same-day correlated,0.17,40,no edge,-0.0007434,0,bootstrap 90% lower bound > 0,30,0,,0.1681,0.1048,,,,,,,,,,,,,,,,,,,,,
gates,CFB Rule B,same-day correlated,0.17,40,no edge,-0.0007434,0,bootstrap 95% lower bound > 0,30,0,,0.1111,0.0567,,,,,,,,,,,,,,,,,,,,,
gates,CFB Rule B,same-day correlated,0.17,40,no edge,-0.0007434,0,t > calibrated 5%,30,0,2.45,0.0343,0.008,,,,,,,,,,,,,,,,,,,,,
gates,CFB Rule B,same-day correlated,0.17,40,no edge,-0.0007434,0,t > 1.65,40,0,1.65,0.107,0.0353,,,,,,,,,,,,,,,,,,,,,
gates,CFB Rule B,same-day correlated,0.17,40,no edge,-0.0007434,0,bootstrap 90% lower bound > 0,40,0,,0.1701,0.09838,,,,,,,,,,,,,,,,,,,,,
gates,CFB Rule B,same-day correlated,0.17,40,no edge,-0.0007434,0,bootstrap 95% lower bound > 0,40,0,,0.1121,0.04043,,,,,,,,,,,,,,,,,,,,,
gates,CFB Rule B,same-day correlated,0.17,40,no edge,-0.0007434,0,t > calibrated 5%,40,0,2.38,0.0394,0,,,,,,,,,,,,,,,,,,,,,
gates,CFB Rule B,same-day correlated,0.17,40,no edge,-0.0007434,0,sequential constant 5%,10-40,0,3.39,0.0418,0.01963,17.14,14,0.9582,,,,,,,,,,,,,,,,,,
gates,CFB Rule B,same-day correlated,0.17,40,no edge,-0.0007434,0,sequential constant 10%,10-40,0,2.79,0.08747,0.0454,17.19,13,0.9125,,,,,,,,,,,,,,,,,,
gates,CFB Rule B,same-day correlated,0.17,40,no edge,-0.0007434,0,sequential OBF 5%,10-40,0,2.75,0.0387,0.00675,28.38,30,0.9613,,,,,,,,,,,,,,,,,,
gates,CFB Rule B,same-day correlated,0.17,40,no edge,-0.0007434,0,sequential OBF 10%,10-40,0,2.24,0.08203,0.02448,26.65,27,0.918,,,,,,,,,,,,,,,,,,
gates,CFB Rule B,same-day correlated,0.17,40,no edge,-0.0007434,0,registered keep test (reference),40,0,1.96,0.07172,0,,,,,,,,,,,,,,,,,,,,,
gates,CFB Rule B,same-day correlated,0.17,40,no edge,-0.0003335,0.2,mean CLV > 0 (today's gate),20,0,,0.4986,0.4383,,,,,,,,,,,,,,,,,,,,,
gates,CFB Rule B,same-day correlated,0.17,40,no edge,-0.0003335,0.2,t > 1.65,20,0,1.65,0.1023,0.0671,,,,,,,,,,,,,,,,,,,,,
gates,CFB Rule B,same-day correlated,0.17,40,no edge,-0.0003335,0.2,bootstrap 90% lower bound > 0,20,0,,0.1673,0.122,,,,,,,,,,,,,,,,,,,,,
gates,CFB Rule B,same-day correlated,0.17,40,no edge,-0.0003335,0.2,bootstrap 95% lower bound > 0,20,0,,0.1125,0.07525,,,,,,,,,,,,,,,,,,,,,
gates,CFB Rule B,same-day correlated,0.17,40,no edge,-0.0003335,0.2,t > calibrated 5%,20,0,2.35,0.03812,0.01928,,,,,,,,,,,,,,,,,,,,,
gates,CFB Rule B,same-day correlated,0.17,40,no edge,-0.0003335,0.2,t > 1.65,30,0,1.65,0.09477,0.04872,,,,,,,,,,,,,,,,,,,,,
gates,CFB Rule B,same-day correlated,0.17,40,no edge,-0.0003335,0.2,bootstrap 90% lower bound > 0,30,0,,0.158,0.103,,,,,,,,,,,,,,,,,,,,,
gates,CFB Rule B,same-day correlated,0.17,40,no edge,-0.0003335,0.2,bootstrap 95% lower bound > 0,30,0,,0.102,0.0543,,,,,,,,,,,,,,,,,,,,,
gates,CFB Rule B,same-day correlated,0.17,40,no edge,-0.0003335,0.2,t > calibrated 5%,30,0,2.45,0.02782,0.0069,,,,,,,,,,,,,,,,,,,,,
gates,CFB Rule B,same-day correlated,0.17,40,no edge,-0.0003335,0.2,t > 1.65,40,0,1.65,0.0954,0.03377,,,,,,,,,,,,,,,,,,,,,
gates,CFB Rule B,same-day correlated,0.17,40,no edge,-0.0003335,0.2,bootstrap 90% lower bound > 0,40,0,,0.1606,0.09895,,,,,,,,,,,,,,,,,,,,,
gates,CFB Rule B,same-day correlated,0.17,40,no edge,-0.0003335,0.2,bootstrap 95% lower bound > 0,40,0,,0.1006,0.03893,,,,,,,,,,,,,,,,,,,,,
gates,CFB Rule B,same-day correlated,0.17,40,no edge,-0.0003335,0.2,t > calibrated 5%,40,0,2.38,0.0313,0,,,,,,,,,,,,,,,,,,,,,
gates,CFB Rule B,same-day correlated,0.17,40,no edge,-0.0003335,0.2,sequential constant 5%,10-40,0,3.39,0.02675,0.01162,17.99,15,0.9732,,,,,,,,,,,,,,,,,,
gates,CFB Rule B,same-day correlated,0.17,40,no edge,-0.0003335,0.2,sequential constant 10%,10-40,0,2.79,0.06728,0.0345,17.92,14,0.9327,,,,,,,,,,,,,,,,,,
gates,CFB Rule B,same-day correlated,0.17,40,no edge,-0.0003335,0.2,sequential OBF 5%,10-40,0,2.75,0.02765,0.003575,30.23,31,0.9724,,,,,,,,,,,,,,,,,,
gates,CFB Rule B,same-day correlated,0.17,40,no edge,-0.0003335,0.2,sequential OBF 10%,10-40,0,2.24,0.06557,0.0176,28.08,29,0.9344,,,,,,,,,,,,,,,,,,
gates,CFB Rule B,same-day correlated,0.17,40,no edge,-0.0003335,0.2,registered keep test (reference),40,0,1.96,0.06162,0,,,,,,,,,,,,,,,,,,,,,
gates,CFB Rule B,same-day correlated,0.17,40,no edge,0.0008378,0.4,mean CLV > 0 (today's gate),20,0,,0.4999,0.4472,,,,,,,,,,,,,,,,,,,,,
gates,CFB Rule B,same-day correlated,0.17,40,no edge,0.0008378,0.4,t > 1.65,20,0,1.65,0.09258,0.06273,,,,,,,,,,,,,,,,,,,,,
gates,CFB Rule B,same-day correlated,0.17,40,no edge,0.0008378,0.4,bootstrap 90% lower bound > 0,20,0,,0.1618,0.1217,,,,,,,,,,,,,,,,,,,,,
gates,CFB Rule B,same-day correlated,0.17,40,no edge,0.0008378,0.4,bootstrap 95% lower bound > 0,20,0,,0.1074,0.07485,,,,,,,,,,,,,,,,,,,,,
gates,CFB Rule B,same-day correlated,0.17,40,no edge,0.0008378,0.4,t > calibrated 5%,20,0,2.35,0.0276,0.01443,,,,,,,,,,,,,,,,,,,,,
gates,CFB Rule B,same-day correlated,0.17,40,no edge,0.0008378,0.4,t > 1.65,30,0,1.65,0.08475,0.04467,,,,,,,,,,,,,,,,,,,,,
gates,CFB Rule B,same-day correlated,0.17,40,no edge,0.0008378,0.4,bootstrap 90% lower bound > 0,30,0,,0.1506,0.1019,,,,,,,,,,,,,,,,,,,,,
gates,CFB Rule B,same-day correlated,0.17,40,no edge,0.0008378,0.4,bootstrap 95% lower bound > 0,30,0,,0.09548,0.05335,,,,,,,,,,,,,,,,,,,,,
gates,CFB Rule B,same-day correlated,0.17,40,no edge,0.0008378,0.4,t > calibrated 5%,30,0,2.45,0.02175,0.0053,,,,,,,,,,,,,,,,,,,,,
gates,CFB Rule B,same-day correlated,0.17,40,no edge,0.0008378,0.4,t > 1.65,40,0,1.65,0.08775,0.03413,,,,,,,,,,,,,,,,,,,,,
gates,CFB Rule B,same-day correlated,0.17,40,no edge,0.0008378,0.4,bootstrap 90% lower bound > 0,40,0,,0.1502,0.09663,,,,,,,,,,,,,,,,,,,,,
gates,CFB Rule B,same-day correlated,0.17,40,no edge,0.0008378,0.4,bootstrap 95% lower bound > 0,40,0,,0.09623,0.0426,,,,,,,,,,,,,,,,,,,,,
gates,CFB Rule B,same-day correlated,0.17,40,no edge,0.0008378,0.4,t > calibrated 5%,40,0,2.38,0.02492,0,,,,,,,,,,,,,,,,,,,,,
gates,CFB Rule B,same-day correlated,0.17,40,no edge,0.0008378,0.4,sequential constant 5%,10-40,0,3.39,0.0123,0.004775,20.19,18,0.9877,,,,,,,,,,,,,,,,,,
gates,CFB Rule B,same-day correlated,0.17,40,no edge,0.0008378,0.4,sequential constant 10%,10-40,0,2.79,0.04385,0.02098,19.46,17,0.9562,,,,,,,,,,,,,,,,,,
gates,CFB Rule B,same-day correlated,0.17,40,no edge,0.0008378,0.4,sequential OBF 5%,10-40,0,2.75,0.0187,0.00205,32.35,33,0.9813,,,,,,,,,,,,,,,,,,
gates,CFB Rule B,same-day correlated,0.17,40,no edge,0.0008378,0.4,sequential OBF 10%,10-40,0,2.24,0.05112,0.01275,29.88,31,0.9489,,,,,,,,,,,,,,,,,,
gates,CFB Rule B,same-day correlated,0.17,40,no edge,0.0008378,0.4,registered keep test (reference),40,0,1.96,0.05362,0,,,,,,,,,,,,,,,,,,,,,
gates,CFB Rule B,same-day correlated,0.17,40,half the move,0.7468,0,mean CLV > 0 (today's gate),20,0,,0.8339,0.3899,,,,,,,,,,,,,,,,,,,,,
gates,CFB Rule B,same-day correlated,0.17,40,half the move,0.7468,0,t > 1.65,20,0,1.65,0.3977,0.09807,,,,,,,,,,,,,,,,,,,,,
gates,CFB Rule B,same-day correlated,0.17,40,half the move,0.7468,0,bootstrap 90% lower bound > 0,20,0,,0.5162,0.1592,,,,,,,,,,,,,,,,,,,,,
gates,CFB Rule B,same-day correlated,0.17,40,half the move,0.7468,0,bootstrap 95% lower bound > 0,20,0,,0.4133,0.1063,,,,,,,,,,,,,,,,,,,,,
gates,CFB Rule B,same-day correlated,0.17,40,half the move,0.7468,0,t > calibrated 5%,20,0,2.35,0.2216,0.03497,,,,,,,,,,,,,,,,,,,,,
gates,CFB Rule B,same-day correlated,0.17,40,half the move,0.7468,0,t > 1.65,30,0,1.65,0.4773,0.09475,,,,,,,,,,,,,,,,,,,,,
gates,CFB Rule B,same-day correlated,0.17,40,half the move,0.7468,0,bootstrap 90% lower bound > 0,30,0,,0.5953,0.1704,,,,,,,,,,,,,,,,,,,,,
gates,CFB Rule B,same-day correlated,0.17,40,half the move,0.7468,0,bootstrap 95% lower bound > 0,30,0,,0.4886,0.1013,,,,,,,,,,,,,,,,,,,,,
gates,CFB Rule B,same-day correlated,0.17,40,half the move,0.7468,0,t > calibrated 5%,30,0,2.45,0.2533,0.0181,,,,,,,,,,,,,,,,,,,,,
gates,CFB Rule B,same-day correlated,0.17,40,half the move,0.7468,0,t > 1.65,40,0,1.65,0.5466,0.09388,,,,,,,,,,,,,,,,,,,,,
gates,CFB Rule B,same-day correlated,0.17,40,half the move,0.7468,0,bootstrap 90% lower bound > 0,40,0,,0.6595,0.2067,,,,,,,,,,,,,,,,,,,,,
gates,CFB Rule B,same-day correlated,0.17,40,half the move,0.7468,0,bootstrap 95% lower bound > 0,40,0,,0.5568,0.104,,,,,,,,,,,,,,,,,,,,,
gates,CFB Rule B,same-day correlated,0.17,40,half the move,0.7468,0,t > calibrated 5%,40,0,2.38,0.3333,0,,,,,,,,,,,,,,,,,,,,,
gates,CFB Rule B,same-day correlated,0.17,40,half the move,0.7468,0,sequential constant 5%,10-40,0,3.39,0.244,0.028,20.41,18,0.756,,,,,,,,,,,,,,,,,,
gates,CFB Rule B,same-day correlated,0.17,40,half the move,0.7468,0,sequential constant 10%,10-40,0,2.79,0.3926,0.0626,19.62,17,0.6074,,,,,,,,,,,,,,,,,,
gates,CFB Rule B,same-day correlated,0.17,40,half the move,0.7468,0,sequential OBF 5%,10-40,0,2.75,0.3027,0.0133,28.55,30,0.6973,,,,,,,,,,,,,,,,,,
gates,CFB Rule B,same-day correlated,0.17,40,half the move,0.7468,0,sequential OBF 10%,10-40,0,2.24,0.4531,0.04655,26.24,27,0.5469,,,,,,,,,,,,,,,,,,
gates,CFB Rule B,same-day correlated,0.17,40,half the move,0.7468,0,registered keep test (reference),40,0,1.96,0.4528,0,,,,,,,,,,,,,,,,,,,,,
gates,CFB Rule B,same-day correlated,0.17,40,half the move,0.5977,0.2,mean CLV > 0 (today's gate),20,0,,0.8177,0.4369,,,,,,,,,,,,,,,,,,,,,
gates,CFB Rule B,same-day correlated,0.17,40,half the move,0.5977,0.2,t > 1.65,20,0,1.65,0.3505,0.1004,,,,,,,,,,,,,,,,,,,,,
gates,CFB Rule B,same-day correlated,0.17,40,half the move,0.5977,0.2,bootstrap 90% lower bound > 0,20,0,,0.4747,0.1699,,,,,,,,,,,,,,,,,,,,,
gates,CFB Rule B,same-day correlated,0.17,40,half the move,0.5977,0.2,bootstrap 95% lower bound > 0,20,0,,0.371,0.1104,,,,,,,,,,,,,,,,,,,,,
gates,CFB Rule B,same-day correlated,0.17,40,half the move,0.5977,0.2,t > calibrated 5%,20,0,2.35,0.1746,0.03143,,,,,,,,,,,,,,,,,,,,,
gates,CFB Rule B,same-day correlated,0.17,40,half the move,0.5977,0.2,t > 1.65,30,0,1.65,0.4219,0.09748,,,,,,,,,,,,,,,,,,,,,
gates,CFB Rule B,same-day correlated,0.17,40,half the move,0.5977,0.2,bootstrap 90% lower bound > 0,30,0,,0.5491,0.1845,,,,,,,,,,,,,,,,,,,,,
gates,CFB Rule B,same-day correlated,0.17,40,half the move,0.5977,0.2,bootstrap 95% lower bound > 0,30,0,,0.4384,0.1078,,,,,,,,,,,,,,,,,,,,,
gates,CFB Rule B,same-day correlated,0.17,40,half the move,0.5977,0.2,t > calibrated 5%,30,0,2.45,0.1975,0.01682,,,,,,,,,,,,,,,,,,,,,
gates,CFB Rule B,same-day correlated,0.17,40,half the move,0.5977,0.2,t > 1.65,40,0,1.65,0.4869,0.09957,,,,,,,,,,,,,,,,,,,,,
gates,CFB Rule B,same-day correlated,0.17,40,half the move,0.5977,0.2,bootstrap 90% lower bound > 0,40,0,,0.6112,0.224,,,,,,,,,,,,,,,,,,,,,
gates,CFB Rule B,same-day correlated,0.17,40,half the move,0.5977,0.2,bootstrap 95% lower bound > 0,40,0,,0.4992,0.1119,,,,,,,,,,,,,,,,,,,,,
gates,CFB Rule B,same-day correlated,0.17,40,half the move,0.5977,0.2,t > calibrated 5%,40,0,2.38,0.2678,0,,,,,,,,,,,,,,,,,,,,,
gates,CFB Rule B,same-day correlated,0.17,40,half the move,0.5977,0.2,sequential constant 5%,10-40,0,3.39,0.1614,0.01825,21.63,20,0.8386,,,,,,,,,,,,,,,,,,
gates,CFB Rule B,same-day correlated,0.17,40,half the move,0.5977,0.2,sequential constant 10%,10-40,0,2.79,0.3103,0.05375,20.43,18,0.6897,,,,,,,,,,,,,,,,,,
gates,CFB Rule B,same-day correlated,0.17,40,half the move,0.5977,0.2,sequential OBF 5%,10-40,0,2.75,0.2248,0.008575,30.36,32,0.7752,,,,,,,,,,,,,,,,,,
gates,CFB Rule B,same-day correlated,0.17,40,half the move,0.5977,0.2,sequential OBF 10%,10-40,0,2.24,0.3757,0.04015,27.87,29,0.6243,,,,,,,,,,,,,,,,,,
gates,CFB Rule B,same-day correlated,0.17,40,half the move,0.5977,0.2,registered keep test (reference),40,0,1.96,0.3873,0,,,,,,,,,,,,,,,,,,,,,
gates,CFB Rule B,same-day correlated,0.17,40,half the move,0.4495,0.4,mean CLV > 0 (today's gate),20,0,,0.7951,0.4877,,,,,,,,,,,,,,,,,,,,,
gates,CFB Rule B,same-day correlated,0.17,40,half the move,0.4495,0.4,t > 1.65,20,0,1.65,0.2946,0.1004,,,,,,,,,,,,,,,,,,,,,
gates,CFB Rule B,same-day correlated,0.17,40,half the move,0.4495,0.4,bootstrap 90% lower bound > 0,20,0,,0.4273,0.1817,,,,,,,,,,,,,,,,,,,,,
gates,CFB Rule B,same-day correlated,0.17,40,half the move,0.4495,0.4,bootstrap 95% lower bound > 0,20,0,,0.3258,0.1178,,,,,,,,,,,,,,,,,,,,,
gates,CFB Rule B,same-day correlated,0.17,40,half the move,0.4495,0.4,t > calibrated 5%,20,0,2.35,0.1243,0.02675,,,,,,,,,,,,,,,,,,,,,
gates,CFB Rule B,same-day correlated,0.17,40,half the move,0.4495,0.4,t > 1.65,30,0,1.65,0.3552,0.09757,,,,,,,,,,,,,,,,,,,,,
gates,CFB Rule B,same-day correlated,0.17,40,half the move,0.4495,0.4,bootstrap 90% lower bound > 0,30,0,,0.49,0.1954,,,,,,,,,,,,,,,,,,,,,
gates,CFB Rule B,same-day correlated,0.17,40,half the move,0.4495,0.4,bootstrap 95% lower bound > 0,30,0,,0.3767,0.1115,,,,,,,,,,,,,,,,,,,,,
gates,CFB Rule B,same-day correlated,0.17,40,half the move,0.4495,0.4,t > calibrated 5%,30,0,2.45,0.1386,0.01273,,,,,,,,,,,,,,,,,,,,,
gates,CFB Rule B,same-day correlated,0.17,40,half the move,0.4495,0.4,t > 1.65,40,0,1.65,0.4128,0.1007,,,,,,,,,,,,,,,,,,,,,
gates,CFB Rule B,same-day correlated,0.17,40,half the move,0.4495,0.4,bootstrap 90% lower bound > 0,40,0,,0.5463,0.2341,,,,,,,,,,,,,,,,,,,,,
gates,CFB Rule B,same-day correlated,0.17,40,half the move,0.4495,0.4,bootstrap 95% lower bound > 0,40,0,,0.4311,0.1189,,,,,,,,,,,,,,,,,,,,,
gates,CFB Rule B,same-day correlated,0.17,40,half the move,0.4495,0.4,t > calibrated 5%,40,0,2.38,0.1963,0,,,,,,,,,,,,,,,,,,,,,
gates,CFB Rule B,same-day correlated,0.17,40,half the move,0.4495,0.4,sequential constant 5%,10-40,0,3.39,0.08353,0.008475,23.81,24,0.9165,,,,,,,,,,,,,,,,,,
gates,CFB Rule B,same-day correlated,0.17,40,half the move,0.4495,0.4,sequential constant 10%,10-40,0,2.79,0.2104,0.03692,22.08,21,0.7895,,,,,,,,,,,,,,,,,,
gates,CFB Rule B,same-day correlated,0.17,40,half the move,0.4495,0.4,sequential OBF 5%,10-40,0,2.75,0.1465,0.004375,32.17,33,0.8535,,,,,,,,,,,,,,,,,,
gates,CFB Rule B,same-day correlated,0.17,40,half the move,0.4495,0.4,sequential OBF 10%,10-40,0,2.24,0.2875,0.02977,29.7,30,0.7125,,,,,,,,,,,,,,,,,,
gates,CFB Rule B,same-day correlated,0.17,40,half the move,0.4495,0.4,registered keep test (reference),40,0,1.96,0.3122,0,,,,,,,,,,,,,,,,,,,,,
gates,CFB Rule B,same-day correlated,0.17,40,full move,1.494,0,mean CLV > 0 (today's gate),20,0,,0.9725,0.09095,,,,,,,,,,,,,,,,,,,,,
gates,CFB Rule B,same-day correlated,0.17,40,full move,1.494,0,t > 1.65,20,0,1.65,0.757,0.02835,,,,,,,,,,,,,,,,,,,,,
gates,CFB Rule B,same-day correlated,0.17,40,full move,1.494,0,bootstrap 90% lower bound > 0,20,0,,0.8409,0.04297,,,,,,,,,,,,,,,,,,,,,
gates,CFB Rule B,same-day correlated,0.17,40,full move,1.494,0,bootstrap 95% lower bound > 0,20,0,,0.7687,0.03015,,,,,,,,,,,,,,,,,,,,,
gates,CFB Rule B,same-day correlated,0.17,40,full move,1.494,0,t > calibrated 5%,20,0,2.35,0.5724,0.01175,,,,,,,,,,,,,,,,,,,,,
gates,CFB Rule B,same-day correlated,0.17,40,full move,1.494,0,t > 1.65,30,0,1.65,0.8673,0.03182,,,,,,,,,,,,,,,,,,,,,
gates,CFB Rule B,same-day correlated,0.17,40,full move,1.494,0,bootstrap 90% lower bound > 0,30,0,,0.9218,0.05198,,,,,,,,,,,,,,,,,,,,,
gates,CFB Rule B,same-day correlated,0.17,40,full move,1.494,0,bootstrap 95% lower bound > 0,30,0,,0.8732,0.0336,,,,,,,,,,,,,,,,,,,,,
gates,CFB Rule B,same-day correlated,0.17,40,full move,1.494,0,t > calibrated 5%,30,0,2.45,0.6976,0.00725,,,,,,,,,,,,,,,,,,,,,
gates,CFB Rule B,same-day correlated,0.17,40,full move,1.494,0,t > 1.65,40,0,1.65,0.9255,0.0381,,,,,,,,,,,,,,,,,,,,,
gates,CFB Rule B,same-day correlated,0.17,40,full move,1.494,0,bootstrap 90% lower bound > 0,40,0,,0.9592,0.0718,,,,,,,,,,,,,,,,,,,,,
gates,CFB Rule B,same-day correlated,0.17,40,full move,1.494,0,bootstrap 95% lower bound > 0,40,0,,0.9286,0.04118,,,,,,,,,,,,,,,,,,,,,
gates,CFB Rule B,same-day correlated,0.17,40,full move,1.494,0,t > calibrated 5%,40,0,2.38,0.8163,0,,,,,,,,,,,,,,,,,,,,,
gates,CFB Rule B,same-day correlated,0.17,40,full move,1.494,0,sequential constant 5%,10-40,0,3.39,0.6899,0.01057,20.09,18,0.3101,,,,,,,,,,,,,,,,,,
gates,CFB Rule B,same-day correlated,0.17,40,full move,1.494,0,sequential constant 10%,10-40,0,2.79,0.8253,0.02053,17.93,14,0.1747,,,,,,,,,,,,,,,,,,
gates,CFB Rule B,same-day correlated,0.17,40,full move,1.494,0,sequential OBF 5%,10-40,0,2.75,0.7814,0.005675,25.49,26,0.2186,,,,,,,,,,,,,,,,,,
gates,CFB Rule B,same-day correlated,0.17,40,full move,1.494,0,sequential OBF 10%,10-40,0,2.24,0.8796,0.01723,22.36,22,0.1204,,,,,,,,,,,,,,,,,,
gates,CFB Rule B,same-day correlated,0.17,40,full move,1.494,0,registered keep test (reference),40,0,1.96,0.8874,0,,,,,,,,,,,,,,,,,,,,,
gates,CFB Rule B,same-day correlated,0.17,40,full move,1.196,0.2,mean CLV > 0 (today's gate),20,0,,0.9629,0.1372,,,,,,,,,,,,,,,,,,,,,
gates,CFB Rule B,same-day correlated,0.17,40,full move,1.196,0.2,t > 1.65,20,0,1.65,0.6928,0.0414,,,,,,,,,,,,,,,,,,,,,
gates,CFB Rule B,same-day correlated,0.17,40,full move,1.196,0.2,bootstrap 90% lower bound > 0,20,0,,0.7966,0.06392,,,,,,,,,,,,,,,,,,,,,
gates,CFB Rule B,same-day correlated,0.17,40,full move,1.196,0.2,bootstrap 95% lower bound > 0,20,0,,0.7127,0.04475,,,,,,,,,,,,,,,,,,,,,
gates,CFB Rule B,same-day correlated,0.17,40,full move,1.196,0.2,t > calibrated 5%,20,0,2.35,0.4711,0.014,,,,,,,,,,,,,,,,,,,,,
gates,CFB Rule B,same-day correlated,0.17,40,full move,1.196,0.2,t > 1.65,30,0,1.65,0.8137,0.04433,,,,,,,,,,,,,,,,,,,,,
gates,CFB Rule B,same-day correlated,0.17,40,full move,1.196,0.2,bootstrap 90% lower bound > 0,30,0,,0.8885,0.0768,,,,,,,,,,,,,,,,,,,,,
gates,CFB Rule B,same-day correlated,0.17,40,full move,1.196,0.2,bootstrap 95% lower bound > 0,30,0,,0.8239,0.04772,,,,,,,,,,,,,,,,,,,,,
gates,CFB Rule B,same-day correlated,0.17,40,full move,1.196,0.2,t > calibrated 5%,30,0,2.45,0.5933,0.0091,,,,,,,,,,,,,,,,,,,,,
gates,CFB Rule B,same-day correlated,0.17,40,full move,1.196,0.2,t > 1.65,40,0,1.65,0.8854,0.05305,,,,,,,,,,,,,,,,,,,,,
gates,CFB Rule B,same-day correlated,0.17,40,full move,1.196,0.2,bootstrap 90% lower bound > 0,40,0,,0.9359,0.1035,,,,,,,,,,,,,,,,,,,,,
gates,CFB Rule B,same-day correlated,0.17,40,full move,1.196,0.2,bootstrap 95% lower bound > 0,40,0,,0.8905,0.05815,,,,,,,,,,,,,,,,,,,,,
gates,CFB Rule B,same-day correlated,0.17,40,full move,1.196,0.2,t > calibrated 5%,40,0,2.38,0.7325,0,,,,,,,,,,,,,,,,,,,,,
gates,CFB Rule B,same-day correlated,0.17,40,full move,1.196,0.2,sequential constant 5%,10-40,0,3.39,0.5411,0.009025,22.11,21,0.4589,,,,,,,,,,,,,,,,,,
gates,CFB Rule B,same-day correlated,0.17,40,full move,1.196,0.2,sequential constant 10%,10-40,0,2.79,0.729,0.02347,19.64,17,0.271,,,,,,,,,,,,,,,,,,
gates,CFB Rule B,same-day correlated,0.17,40,full move,1.196,0.2,sequential OBF 5%,10-40,0,2.75,0.6711,0.004525,28.08,28,0.3289,,,,,,,,,,,,,,,,,,
gates,CFB Rule B,same-day correlated,0.17,40,full move,1.196,0.2,sequential OBF 10%,10-40,0,2.24,0.8115,0.01897,24.78,24,0.1885,,,,,,,,,,,,,,,,,,
gates,CFB Rule B,same-day correlated,0.17,40,full move,1.196,0.2,registered keep test (reference),40,0,1.96,0.8324,0,,,,,,,,,,,,,,,,,,,,,
gates,CFB Rule B,same-day correlated,0.17,40,full move,0.8982,0.4,mean CLV > 0 (today's gate),20,0,,0.9495,0.2185,,,,,,,,,,,,,,,,,,,,,
gates,CFB Rule B,same-day correlated,0.17,40,full move,0.8982,0.4,t > 1.65,20,0,1.65,0.5976,0.0575,,,,,,,,,,,,,,,,,,,,,
gates,CFB Rule B,same-day correlated,0.17,40,full move,0.8982,0.4,bootstrap 90% lower bound > 0,20,0,,0.7323,0.09775,,,,,,,,,,,,,,,,,,,,,
gates,CFB Rule B,same-day correlated,0.17,40,full move,0.8982,0.4,bootstrap 95% lower bound > 0,20,0,,0.6325,0.06695,,,,,,,,,,,,,,,,,,,,,
gates,CFB Rule B,same-day correlated,0.17,40,full move,0.8982,0.4,t > calibrated 5%,20,0,2.35,0.3415,0.01663,,,,,,,,,,,,,,,,,,,,,
gates,CFB Rule B,same-day correlated,0.17,40,full move,0.8982,0.4,t > 1.65,30,0,1.65,0.7281,0.06212,,,,,,,,,,,,,,,,,,,,,
gates,CFB Rule B,same-day correlated,0.17,40,full move,0.8982,0.4,bootstrap 90% lower bound > 0,30,0,,0.8301,0.1153,,,,,,,,,,,,,,,,,,,,,
gates,CFB Rule B,same-day correlated,0.17,40,full move,0.8982,0.4,bootstrap 95% lower bound > 0,30,0,,0.7476,0.0705,,,,,,,,,,,,,,,,,,,,,
gates,CFB Rule B,same-day correlated,0.17,40,full move,0.8982,0.4,t > calibrated 5%,30,0,2.45,0.45,0.0106,,,,,,,,,,,,,,,,,,,,,
gates,CFB Rule B,same-day correlated,0.17,40,full move,0.8982,0.4,t > 1.65,40,0,1.65,0.8166,0.08005,,,,,,,,,,,,,,,,,,,,,
gates,CFB Rule B,same-day correlated,0.17,40,full move,0.8982,0.4,bootstrap 90% lower bound > 0,40,0,,0.8942,0.1576,,,,,,,,,,,,,,,,,,,,,
gates,CFB Rule B,same-day correlated,0.17,40,full move,0.8982,0.4,bootstrap 95% lower bound > 0,40,0,,0.8289,0.0923,,,,,,,,,,,,,,,,,,,,,
gates,CFB Rule B,same-day correlated,0.17,40,full move,0.8982,0.4,t > calibrated 5%,40,0,2.38,0.5972,0,,,,,,,,,,,,,,,,,,,,,
gates,CFB Rule B,same-day correlated,0.17,40,full move,0.8982,0.4,sequential constant 5%,10-40,0,3.39,0.3337,0.00565,25.1,26,0.6663,,,,,,,,,,,,,,,,,,
gates,CFB Rule B,same-day correlated,0.17,40,full move,0.8982,0.4,sequential constant 10%,10-40,0,2.79,0.5668,0.02283,22.06,21,0.4332,,,,,,,,,,,,,,,,,,
gates,CFB Rule B,same-day correlated,0.17,40,full move,0.8982,0.4,sequential OBF 5%,10-40,0,2.75,0.5053,0.003875,30.76,31,0.4947,,,,,,,,,,,,,,,,,,
gates,CFB Rule B,same-day correlated,0.17,40,full move,0.8982,0.4,sequential OBF 10%,10-40,0,2.24,0.6954,0.02105,27.58,28,0.3046,,,,,,,,,,,,,,,,,,
gates,CFB Rule B,same-day correlated,0.17,40,full move,0.8982,0.4,registered keep test (reference),40,0,1.96,0.7366,0,,,,,,,,,,,,,,,,,,,,,
gates,CFB Rule B,same-day correlated,0.17,55,no edge,0.003389,0,mean CLV > 0 (today's gate),20,0,,0.5024,0.4196,,,,,,,,,,,,,,,,,,,,,
gates,CFB Rule B,same-day correlated,0.17,55,no edge,0.003389,0,t > 1.65,20,0,1.65,0.1176,0.06667,,,,,,,,,,,,,,,,,,,,,
gates,CFB Rule B,same-day correlated,0.17,55,no edge,0.003389,0,bootstrap 90% lower bound > 0,20,0,,0.1824,0.1197,,,,,,,,,,,,,,,,,,,,,
gates,CFB Rule B,same-day correlated,0.17,55,no edge,0.003389,0,bootstrap 95% lower bound > 0,20,0,,0.126,0.07315,,,,,,,,,,,,,,,,,,,,,
gates,CFB Rule B,same-day correlated,0.17,55,no edge,0.003389,0,t > calibrated 5%,20,0,2.35,0.04897,0.02075,,,,,,,,,,,,,,,,,,,,,
gates,CFB Rule B,same-day correlated,0.17,55,no edge,0.003389,0,t > 1.65,30,0,1.65,0.1274,0.05845,,,,,,,,,,,,,,,,,,,,,
gates,CFB Rule B,same-day correlated,0.17,55,no edge,0.003389,0,bootstrap 90% lower bound > 0,30,0,,0.1912,0.1126,,,,,,,,,,,,,,,,,,,,,
gates,CFB Rule B,same-day correlated,0.17,55,no edge,0.003389,0,bootstrap 95% lower bound > 0,30,0,,0.134,0.0639,,,,,,,,,,,,,,,,,,,,,
gates,CFB Rule B,same-day correlated,0.17,55,no edge,0.003389,0,t > calibrated 5%,30,0,2.45,0.05008,0.01105,,,,,,,,,,,,,,,,,,,,,
gates,CFB Rule B,same-day correlated,0.17,55,no edge,0.003389,0,t > 1.65,40,0,1.65,0.1227,0.03818,,,,,,,,,,,,,,,,,,,,,
gates,CFB Rule B,same-day correlated,0.17,55,no edge,0.003389,0,bootstrap 90% lower bound > 0,40,0,,0.1872,0.1027,,,,,,,,,,,,,,,,,,,,,
gates,CFB Rule B,same-day correlated,0.17,55,no edge,0.003389,0,bootstrap 95% lower bound > 0,40,0,,0.1273,0.0428,,,,,,,,,,,,,,,,,,,,,
gates,CFB Rule B,same-day correlated,0.17,55,no edge,0.003389,0,t > calibrated 5%,40,0,2.38,0.04902,0,,,,,,,,,,,,,,,,,,,,,
gates,CFB Rule B,same-day correlated,0.17,55,no edge,0.003389,0,sequential constant 5%,10-40,0,3.39,0.04958,0.01908,18.3,15,0.9504,,,,,,,,,,,,,,,,,,
gates,CFB Rule B,same-day correlated,0.17,55,no edge,0.003389,0,sequential constant 10%,10-40,0,2.79,0.098,0.04535,17.87,15,0.902,,,,,,,,,,,,,,,,,,
gates,CFB Rule B,same-day correlated,0.17,55,no edge,0.003389,0,sequential OBF 5%,10-40,0,2.75,0.04902,0.007275,27.86,28,0.951,,,,,,,,,,,,,,,,,,
gates,CFB Rule B,same-day correlated,0.17,55,no edge,0.003389,0,sequential OBF 10%,10-40,0,2.24,0.0993,0.02778,26.35,27,0.9007,,,,,,,,,,,,,,,,,,
gates,CFB Rule B,same-day correlated,0.17,55,no edge,0.003389,0,registered keep test (reference),40,0,1.96,0.0845,0,,,,,,,,,,,,,,,,,,,,,
gates,CFB Rule B,same-day correlated,0.17,55,no edge,0.002612,0.2,mean CLV > 0 (today's gate),20,0,,0.5,0.4285,,,,,,,,,,,,,,,,,,,,,
gates,CFB Rule B,same-day correlated,0.17,55,no edge,0.002612,0.2,t > 1.65,20,0,1.65,0.1066,0.06377,,,,,,,,,,,,,,,,,,,,,
gates,CFB Rule B,same-day correlated,0.17,55,no edge,0.002612,0.2,bootstrap 90% lower bound > 0,20,0,,0.1753,0.1205,,,,,,,,,,,,,,,,,,,,,
gates,CFB Rule B,same-day correlated,0.17,55,no edge,0.002612,0.2,bootstrap 95% lower bound > 0,20,0,,0.1172,0.07208,,,,,,,,,,,,,,,,,,,,,
gates,CFB Rule B,same-day correlated,0.17,55,no edge,0.002612,0.2,t > calibrated 5%,20,0,2.35,0.0398,0.01733,,,,,,,,,,,,,,,,,,,,,
gates,CFB Rule B,same-day correlated,0.17,55,no edge,0.002612,0.2,t > 1.65,30,0,1.65,0.1152,0.05663,,,,,,,,,,,,,,,,,,,,,
gates,CFB Rule B,same-day correlated,0.17,55,no edge,0.002612,0.2,bootstrap 90% lower bound > 0,30,0,,0.1808,0.113,,,,,,,,,,,,,,,,,,,,,
gates,CFB Rule B,same-day correlated,0.17,55,no edge,0.002612,0.2,bootstrap 95% lower bound > 0,30,0,,0.1225,0.06225,,,,,,,,,,,,,,,,,,,,,
gates,CFB Rule B,same-day correlated,0.17,55,no edge,0.002612,0.2,t > calibrated 5%,30,0,2.45,0.04002,0.009575,,,,,,,,,,,,,,,,,,,,,
gates,CFB Rule B,same-day correlated,0.17,55,no edge,0.002612,0.2,t > 1.65,40,0,1.65,0.1109,0.0379,,,,,,,,,,,,,,,,,,,,,
gates,CFB Rule B,same-day correlated,0.17,55,no edge,0.002612,0.2,bootstrap 90% lower bound > 0,40,0,,0.1751,0.1021,,,,,,,,,,,,,,,,,,,,,
gates,CFB Rule B,same-day correlated,0.17,55,no edge,0.002612,0.2,bootstrap 95% lower bound > 0,40,0,,0.1175,0.04448,,,,,,,,,,,,,,,,,,,,,
gates,CFB Rule B,same-day correlated,0.17,55,no edge,0.002612,0.2,t > calibrated 5%,40,0,2.38,0.038,0,,,,,,,,,,,,,,,,,,,,,
gates,CFB Rule B,same-day correlated,0.17,55,no edge,0.002612,0.2,sequential constant 5%,10-40,0,3.39,0.03125,0.01158,19.46,18,0.9688,,,,,,,,,,,,,,,,,,
gates,CFB Rule B,same-day correlated,0.17,55,no edge,0.002612,0.2,sequential constant 10%,10-40,0,2.79,0.07658,0.03528,18.65,16,0.9234,,,,,,,,,,,,,,,,,,
gates,CFB Rule B,same-day correlated,0.17,55,no edge,0.002612,0.2,sequential OBF 5%,10-40,0,2.75,0.0363,0.004575,29.99,30,0.9637,,,,,,,,,,,,,,,,,,
gates,CFB Rule B,same-day correlated,0.17,55,no edge,0.002612,0.2,sequential OBF 10%,10-40,0,2.24,0.07833,0.02067,27.59,28,0.9217,,,,,,,,,,,,,,,,,,
gates,CFB Rule B,same-day correlated,0.17,55,no edge,0.002612,0.2,registered keep test (reference),40,0,1.96,0.073,0,,,,,,,,,,,,,,,,,,,,,
gates,CFB Rule B,same-day correlated,0.17,55,no edge,0.003154,0.4,mean CLV > 0 (today's gate),20,0,,0.5013,0.4402,,,,,,,,,,,,,,,,,,,,,
gates,CFB Rule B,same-day correlated,0.17,55,no edge,0.003154,0.4,t > 1.65,20,0,1.65,0.09513,0.05955,,,,,,,,,,,,,,,,,,,,,
gates,CFB Rule B,same-day correlated,0.17,55,no edge,0.003154,0.4,bootstrap 90% lower bound > 0,20,0,,0.1661,0.119,,,,,,,,,,,,,,,,,,,,,
gates,CFB Rule B,same-day correlated,0.17,55,no edge,0.003154,0.4,bootstrap 95% lower bound > 0,20,0,,0.111,0.0727,,,,,,,,,,,,,,,,,,,,,
gates,CFB Rule B,same-day correlated,0.17,55,no edge,0.003154,0.4,t > calibrated 5%,20,0,2.35,0.02985,0.014,,,,,,,,,,,,,,,,,,,,,
gates,CFB Rule B,same-day correlated,0.17,55,no edge,0.003154,0.4,t > 1.65,30,0,1.65,0.1022,0.05235,,,,,,,,,,,,,,,,,,,,,
gates,CFB Rule B,same-day correlated,0.17,55,no edge,0.003154,0.4,bootstrap 90% lower bound > 0,30,0,,0.1688,0.1108,,,,,,,,,,,,,,,,,,,,,
gates,CFB Rule B,same-day correlated,0.17,55,no edge,0.003154,0.4,bootstrap 95% lower bound > 0,30,0,,0.1127,0.0608,,,,,,,,,,,,,,,,,,,,,
gates,CFB Rule B,same-day correlated,0.17,55,no edge,0.003154,0.4,t > calibrated 5%,30,0,2.45,0.0298,0.0072,,,,,,,,,,,,,,,,,,,,,
gates,CFB Rule B,same-day correlated,0.17,55,no edge,0.003154,0.4,t > 1.65,40,0,1.65,0.0986,0.03653,,,,,,,,,,,,,,,,,,,,,
gates,CFB Rule B,same-day correlated,0.17,55,no edge,0.003154,0.4,bootstrap 90% lower bound > 0,40,0,,0.1647,0.1027,,,,,,,,,,,,,,,,,,,,,
gates,CFB Rule B,same-day correlated,0.17,55,no edge,0.003154,0.4,bootstrap 95% lower bound > 0,40,0,,0.107,0.04492,,,,,,,,,,,,,,,,,,,,,
gates,CFB Rule B,same-day correlated,0.17,55,no edge,0.003154,0.4,t > calibrated 5%,40,0,2.38,0.02987,0,,,,,,,,,,,,,,,,,,,,,
gates,CFB Rule B,same-day correlated,0.17,55,no edge,0.003154,0.4,sequential constant 5%,10-40,0,3.39,0.01568,0.004875,21.88,21,0.9843,,,,,,,,,,,,,,,,,,
gates,CFB Rule B,same-day correlated,0.17,55,no edge,0.003154,0.4,sequential constant 10%,10-40,0,2.79,0.0506,0.02158,19.99,18,0.9494,,,,,,,,,,,,,,,,,,
gates,CFB Rule B,same-day correlated,0.17,55,no edge,0.003154,0.4,sequential OBF 5%,10-40,0,2.75,0.0233,0.0022,31.66,32,0.9767,,,,,,,,,,,,,,,,,,
gates,CFB Rule B,same-day correlated,0.17,55,no edge,0.003154,0.4,sequential OBF 10%,10-40,0,2.24,0.06187,0.0148,29.56,30,0.9381,,,,,,,,,,,,,,,,,,
gates,CFB Rule B,same-day correlated,0.17,55,no edge,0.003154,0.4,registered keep test (reference),40,0,1.96,0.06207,0,,,,,,,,,,,,,,,,,,,,,
gates,CFB Rule B,same-day correlated,0.17,55,half the move,0.7509,0,mean CLV > 0 (today's gate),20,0,,0.8324,0.3814,,,,,,,,,,,,,,,,,,,,,
gates,CFB Rule B,same-day correlated,0.17,55,half the move,0.7509,0,t > 1.65,20,0,1.65,0.4014,0.08865,,,,,,,,,,,,,,,,,,,,,
gates,CFB Rule B,same-day correlated,0.17,55,half the move,0.7509,0,bootstrap 90% lower bound > 0,20,0,,0.5175,0.1465,,,,,,,,,,,,,,,,,,,,,
gates,CFB Rule B,same-day correlated,0.17,55,half the move,0.7509,0,bootstrap 95% lower bound > 0,20,0,,0.4166,0.0958,,,,,,,,,,,,,,,,,,,,,
gates,CFB Rule B,same-day correlated,0.17,55,half the move,0.7509,0,t > calibrated 5%,20,0,2.35,0.2268,0.0311,,,,,,,,,,,,,,,,,,,,,
gates,CFB Rule B,same-day correlated,0.17,55,half the move,0.7509,0,t > 1.65,30,0,1.65,0.4844,0.08718,,,,,,,,,,,,,,,,,,,,,
gates,CFB Rule B,same-day correlated,0.17,55,half the move,0.7509,0,bootstrap 90% lower bound > 0,30,0,,0.5908,0.1567,,,,,,,,,,,,,,,,,,,,,
gates,CFB Rule B,same-day correlated,0.17,55,half the move,0.7509,0,bootstrap 95% lower bound > 0,30,0,,0.4955,0.09305,,,,,,,,,,,,,,,,,,,,,
gates,CFB Rule B,same-day correlated,0.17,55,half the move,0.7509,0,t > calibrated 5%,30,0,2.45,0.2782,0.01653,,,,,,,,,,,,,,,,,,,,,
gates,CFB Rule B,same-day correlated,0.17,55,half the move,0.7509,0,t > 1.65,40,0,1.65,0.5463,0.08818,,,,,,,,,,,,,,,,,,,,,
gates,CFB Rule B,same-day correlated,0.17,55,half the move,0.7509,0,bootstrap 90% lower bound > 0,40,0,,0.653,0.1949,,,,,,,,,,,,,,,,,,,,,
gates,CFB Rule B,same-day correlated,0.17,55,half the move,0.7509,0,bootstrap 95% lower bound > 0,40,0,,0.5552,0.09715,,,,,,,,,,,,,,,,,,,,,
gates,CFB Rule B,same-day correlated,0.17,55,half the move,0.7509,0,t > calibrated 5%,40,0,2.38,0.346,0,,,,,,,,,,,,,,,,,,,,,
gates,CFB Rule B,same-day correlated,0.17,55,half the move,0.7509,0,sequential constant 5%,10-40,0,3.39,0.2607,0.02675,20.55,19,0.7393,,,,,,,,,,,,,,,,,,
gates,CFB Rule B,same-day correlated,0.17,55,half the move,0.7509,0,sequential constant 10%,10-40,0,2.79,0.4075,0.06175,19.6,17,0.5925,,,,,,,,,,,,,,,,,,
gates,CFB Rule B,same-day correlated,0.17,55,half the move,0.7509,0,sequential OBF 5%,10-40,0,2.75,0.3165,0.01145,28.07,29,0.6835,,,,,,,,,,,,,,,,,,
gates,CFB Rule B,same-day correlated,0.17,55,half the move,0.7509,0,sequential OBF 10%,10-40,0,2.24,0.4594,0.04283,25.83,26,0.5406,,,,,,,,,,,,,,,,,,
gates,CFB Rule B,same-day correlated,0.17,55,half the move,0.7509,0,registered keep test (reference),40,0,1.96,0.4581,0,,,,,,,,,,,,,,,,,,,,,
gates,CFB Rule B,same-day correlated,0.17,55,half the move,0.6006,0.2,mean CLV > 0 (today's gate),20,0,,0.8143,0.4227,,,,,,,,,,,,,,,,,,,,,
gates,CFB Rule B,same-day correlated,0.17,55,half the move,0.6006,0.2,t > 1.65,20,0,1.65,0.3532,0.09202,,,,,,,,,,,,,,,,,,,,,
gates,CFB Rule B,same-day correlated,0.17,55,half the move,0.6006,0.2,bootstrap 90% lower bound > 0,20,0,,0.4777,0.1587,,,,,,,,,,,,,,,,,,,,,
gates,CFB Rule B,same-day correlated,0.17,55,half the move,0.6006,0.2,bootstrap 95% lower bound > 0,20,0,,0.3749,0.1033,,,,,,,,,,,,,,,,,,,,,
gates,CFB Rule B,same-day correlated,0.17,55,half the move,0.6006,0.2,t > calibrated 5%,20,0,2.35,0.182,0.02955,,,,,,,,,,,,,,,,,,,,,
gates,CFB Rule B,same-day correlated,0.17,55,half the move,0.6006,0.2,t > 1.65,30,0,1.65,0.4296,0.09035,,,,,,,,,,,,,,,,,,,,,
gates,CFB Rule B,same-day correlated,0.17,55,half the move,0.6006,0.2,bootstrap 90% lower bound > 0,30,0,,0.549,0.1724,,,,,,,,,,,,,,,,,,,,,
gates,CFB Rule B,same-day correlated,0.17,55,half the move,0.6006,0.2,bootstrap 95% lower bound > 0,30,0,,0.4443,0.09935,,,,,,,,,,,,,,,,,,,,,
gates,CFB Rule B,same-day correlated,0.17,55,half the move,0.6006,0.2,t > calibrated 5%,30,0,2.45,0.22,0.01568,,,,,,,,,,,,,,,,,,,,,
gates,CFB Rule B,same-day correlated,0.17,55,half the move,0.6006,0.2,t > 1.65,40,0,1.65,0.4894,0.0921,,,,,,,,,,,,,,,,,,,,,
gates,CFB Rule B,same-day correlated,0.17,55,half the move,0.6006,0.2,bootstrap 90% lower bound > 0,40,0,,0.6063,0.2089,,,,,,,,,,,,,,,,,,,,,
gates,CFB Rule B,same-day correlated,0.17,55,half the move,0.6006,0.2,bootstrap 95% lower bound > 0,40,0,,0.5011,0.1038,,,,,,,,,,,,,,,,,,,,,
gates,CFB Rule B,same-day correlated,0.17,55,half the move,0.6006,0.2,t > calibrated 5%,40,0,2.38,0.2814,0,,,,,,,,,,,,,,,,,,,,,
gates,CFB Rule B,same-day correlated,0.17,55,half the move,0.6006,0.2,sequential constant 5%,10-40,0,3.39,0.179,0.01812,21.89,21,0.821,,,,,,,,,,,,,,,,,,
gates,CFB Rule B,same-day correlated,0.17,55,half the move,0.6006,0.2,sequential constant 10%,10-40,0,2.79,0.3243,0.0524,20.49,19,0.6757,,,,,,,,,,,,,,,,,,
gates,CFB Rule B,same-day correlated,0.17,55,half the move,0.6006,0.2,sequential OBF 5%,10-40,0,2.75,0.2411,0.007875,29.78,31,0.7589,,,,,,,,,,,,,,,,,,
gates,CFB Rule B,same-day correlated,0.17,55,half the move,0.6006,0.2,sequential OBF 10%,10-40,0,2.24,0.3859,0.0369,27.48,28,0.6141,,,,,,,,,,,,,,,,,,
gates,CFB Rule B,same-day correlated,0.17,55,half the move,0.6006,0.2,registered keep test (reference),40,0,1.96,0.3973,0,,,,,,,,,,,,,,,,,,,,,
gates,CFB Rule B,same-day correlated,0.17,55,half the move,0.4518,0.4,mean CLV > 0 (today's gate),20,0,,0.793,0.4758,,,,,,,,,,,,,,,,,,,,,
gates,CFB Rule B,same-day correlated,0.17,55,half the move,0.4518,0.4,t > 1.65,20,0,1.65,0.2992,0.09627,,,,,,,,,,,,,,,,,,,,,
gates,CFB Rule B,same-day correlated,0.17,55,half the move,0.4518,0.4,bootstrap 90% lower bound > 0,20,0,,0.4313,0.1756,,,,,,,,,,,,,,,,,,,,,
gates,CFB Rule B,same-day correlated,0.17,55,half the move,0.4518,0.4,bootstrap 95% lower bound > 0,20,0,,0.3287,0.1125,,,,,,,,,,,,,,,,,,,,,
gates,CFB Rule B,same-day correlated,0.17,55,half the move,0.4518,0.4,t > calibrated 5%,20,0,2.35,0.1275,0.025,,,,,,,,,,,,,,,,,,,,,
gates,CFB Rule B,same-day correlated,0.17,55,half the move,0.4518,0.4,t > 1.65,30,0,1.65,0.3654,0.09452,,,,,,,,,,,,,,,,,,,,,
gates,CFB Rule B,same-day correlated,0.17,55,half the move,0.4518,0.4,bootstrap 90% lower bound > 0,30,0,,0.497,0.1917,,,,,,,,,,,,,,,,,,,,,
gates,CFB Rule B,same-day correlated,0.17,55,half the move,0.4518,0.4,bootstrap 95% lower bound > 0,30,0,,0.3887,0.1103,,,,,,,,,,,,,,,,,,,,,
gates,CFB Rule B,same-day correlated,0.17,55,half the move,0.4518,0.4,t > calibrated 5%,30,0,2.45,0.1567,0.01285,,,,,,,,,,,,,,,,,,,,,
gates,CFB Rule B,same-day correlated,0.17,55,half the move,0.4518,0.4,t > 1.65,40,0,1.65,0.4189,0.09763,,,,,,,,,,,,,,,,,,,,,
gates,CFB Rule B,same-day correlated,0.17,55,half the move,0.4518,0.4,bootstrap 90% lower bound > 0,40,0,,0.5487,0.2273,,,,,,,,,,,,,,,,,,,,,
gates,CFB Rule B,same-day correlated,0.17,55,half the move,0.4518,0.4,bootstrap 95% lower bound > 0,40,0,,0.437,0.1157,,,,,,,,,,,,,,,,,,,,,
gates,CFB Rule B,same-day correlated,0.17,55,half the move,0.4518,0.4,t > calibrated 5%,40,0,2.38,0.2081,0,,,,,,,,,,,,,,,,,,,,,
gates,CFB Rule B,same-day correlated,0.17,55,half the move,0.4518,0.4,sequential constant 5%,10-40,0,3.39,0.0943,0.00815,24.12,24,0.9057,,,,,,,,,,,,,,,,,,
gates,CFB Rule B,same-day correlated,0.17,55,half the move,0.4518,0.4,sequential constant 10%,10-40,0,2.79,0.223,0.0357,22.19,21,0.777,,,,,,,,,,,,,,,,,,
gates,CFB Rule B,same-day correlated,0.17,55,half the move,0.4518,0.4,sequential OBF 5%,10-40,0,2.75,0.1613,0.004375,31.78,33,0.8387,,,,,,,,,,,,,,,,,,
gates,CFB Rule B,same-day correlated,0.17,55,half the move,0.4518,0.4,sequential OBF 10%,10-40,0,2.24,0.2969,0.0287,29.32,30,0.7031,,,,,,,,,,,,,,,,,,
gates,CFB Rule B,same-day correlated,0.17,55,half the move,0.4518,0.4,registered keep test (reference),40,0,1.96,0.3213,0,,,,,,,,,,,,,,,,,,,,,
gates,CFB Rule B,same-day correlated,0.17,55,full move,1.498,0,mean CLV > 0 (today's gate),20,0,,0.9702,0.09698,,,,,,,,,,,,,,,,,,,,,
gates,CFB Rule B,same-day correlated,0.17,55,full move,1.498,0,t > 1.65,20,0,1.65,0.7561,0.02795,,,,,,,,,,,,,,,,,,,,,
gates,CFB Rule B,same-day correlated,0.17,55,full move,1.498,0,bootstrap 90% lower bound > 0,20,0,,0.839,0.0442,,,,,,,,,,,,,,,,,,,,,
gates,CFB Rule B,same-day correlated,0.17,55,full move,1.498,0,bootstrap 95% lower bound > 0,20,0,,0.7679,0.02985,,,,,,,,,,,,,,,,,,,,,
gates,CFB Rule B,same-day correlated,0.17,55,full move,1.498,0,t > calibrated 5%,20,0,2.35,0.5729,0.0106,,,,,,,,,,,,,,,,,,,,,
gates,CFB Rule B,same-day correlated,0.17,55,full move,1.498,0,t > 1.65,30,0,1.65,0.8517,0.02685,,,,,,,,,,,,,,,,,,,,,
gates,CFB Rule B,same-day correlated,0.17,55,full move,1.498,0,bootstrap 90% lower bound > 0,30,0,,0.9051,0.04625,,,,,,,,,,,,,,,,,,,,,
gates,CFB Rule B,same-day correlated,0.17,55,full move,1.498,0,bootstrap 95% lower bound > 0,30,0,,0.8568,0.02823,,,,,,,,,,,,,,,,,,,,,
gates,CFB Rule B,same-day correlated,0.17,55,full move,1.498,0,t > calibrated 5%,30,0,2.45,0.6874,0.0054,,,,,,,,,,,,,,,,,,,,,
gates,CFB Rule B,same-day correlated,0.17,55,full move,1.498,0,t > 1.65,40,0,1.65,0.9176,0.03855,,,,,,,,,,,,,,,,,,,,,
gates,CFB Rule B,same-day correlated,0.17,55,full move,1.498,0,bootstrap 90% lower bound > 0,40,0,,0.9507,0.0717,,,,,,,,,,,,,,,,,,,,,
gates,CFB Rule B,same-day correlated,0.17,55,full move,1.498,0,bootstrap 95% lower bound > 0,40,0,,0.9208,0.04175,,,,,,,,,,,,,,,,,,,,,
gates,CFB Rule B,same-day correlated,0.17,55,full move,1.498,0,t > calibrated 5%,40,0,2.38,0.8086,0,,,,,,,,,,,,,,,,,,,,,
gates,CFB Rule B,same-day correlated,0.17,55,full move,1.498,0,sequential constant 5%,10-40,0,3.39,0.6847,0.01045,19.77,18,0.3153,,,,,,,,,,,,,,,,,,
gates,CFB Rule B,same-day correlated,0.17,55,full move,1.498,0,sequential constant 10%,10-40,0,2.79,0.8172,0.02158,17.66,14,0.1828,,,,,,,,,,,,,,,,,,
gates,CFB Rule B,same-day correlated,0.17,55,full move,1.498,0,sequential OBF 5%,10-40,0,2.75,0.7696,0.004175,25.18,25,0.2304,,,,,,,,,,,,,,,,,,
gates,CFB Rule B,same-day correlated,0.17,55,full move,1.498,0,sequential OBF 10%,10-40,0,2.24,0.8671,0.01448,22.17,21,0.1329,,,,,,,,,,,,,,,,,,
gates,CFB Rule B,same-day correlated,0.17,55,full move,1.498,0,registered keep test (reference),40,0,1.96,0.879,0,,,,,,,,,,,,,,,,,,,,,
gates,CFB Rule B,same-day correlated,0.17,55,full move,1.199,0.2,mean CLV > 0 (today's gate),20,0,,0.9614,0.1439,,,,,,,,,,,,,,,,,,,,,
gates,CFB Rule B,same-day correlated,0.17,55,full move,1.199,0.2,t > 1.65,20,0,1.65,0.6897,0.0392,,,,,,,,,,,,,,,,,,,,,
gates,CFB Rule B,same-day correlated,0.17,55,full move,1.199,0.2,bootstrap 90% lower bound > 0,20,0,,0.7955,0.06465,,,,,,,,,,,,,,,,,,,,,
gates,CFB Rule B,same-day correlated,0.17,55,full move,1.199,0.2,bootstrap 95% lower bound > 0,20,0,,0.71,0.04328,,,,,,,,,,,,,,,,,,,,,
gates,CFB Rule B,same-day correlated,0.17,55,full move,1.199,0.2,t > calibrated 5%,20,0,2.35,0.4744,0.0126,,,,,,,,,,,,,,,,,,,,,
gates,CFB Rule B,same-day correlated,0.17,55,full move,1.199,0.2,t > 1.65,30,0,1.65,0.7997,0.03885,,,,,,,,,,,,,,,,,,,,,
gates,CFB Rule B,same-day correlated,0.17,55,full move,1.199,0.2,bootstrap 90% lower bound > 0,30,0,,0.871,0.06988,,,,,,,,,,,,,,,,,,,,,
gates,CFB Rule B,same-day correlated,0.17,55,full move,1.199,0.2,bootstrap 95% lower bound > 0,30,0,,0.8105,0.0424,,,,,,,,,,,,,,,,,,,,,
gates,CFB Rule B,same-day correlated,0.17,55,full move,1.199,0.2,t > calibrated 5%,30,0,2.45,0.5922,0.00735,,,,,,,,,,,,,,,,,,,,,
gates,CFB Rule B,same-day correlated,0.17,55,full move,1.199,0.2,t > 1.65,40,0,1.65,0.8781,0.05452,,,,,,,,,,,,,,,,,,,,,
gates,CFB Rule B,same-day correlated,0.17,55,full move,1.199,0.2,bootstrap 90% lower bound > 0,40,0,,0.9278,0.1042,,,,,,,,,,,,,,,,,,,,,
gates,CFB Rule B,same-day correlated,0.17,55,full move,1.199,0.2,bootstrap 95% lower bound > 0,40,0,,0.885,0.06143,,,,,,,,,,,,,,,,,,,,,
gates,CFB Rule B,same-day correlated,0.17,55,full move,1.199,0.2,t > calibrated 5%,40,0,2.38,0.726,0,,,,,,,,,,,,,,,,,,,,,
gates,CFB Rule B,same-day correlated,0.17,55,full move,1.199,0.2,sequential constant 5%,10-40,0,3.39,0.543,0.0089,21.86,21,0.457,,,,,,,,,,,,,,,,,,
gates,CFB Rule B,same-day correlated,0.17,55,full move,1.199,0.2,sequential constant 10%,10-40,0,2.79,0.7261,0.02375,19.41,17,0.2739,,,,,,,,,,,,,,,,,,
gates,CFB Rule B,same-day correlated,0.17,55,full move,1.199,0.2,sequential OBF 5%,10-40,0,2.75,0.6676,0.00375,27.75,28,0.3324,,,,,,,,,,,,,,,,,,
gates,CFB Rule B,same-day correlated,0.17,55,full move,1.199,0.2,sequential OBF 10%,10-40,0,2.24,0.8011,0.0166,24.54,24,0.1989,,,,,,,,,,,,,,,,,,
gates,CFB Rule B,same-day correlated,0.17,55,full move,1.199,0.2,registered keep test (reference),40,0,1.96,0.8236,0,,,,,,,,,,,,,,,,,,,,,
gates,CFB Rule B,same-day correlated,0.17,55,full move,0.9005,0.4,mean CLV > 0 (today's gate),20,0,,0.9473,0.2217,,,,,,,,,,,,,,,,,,,,,
gates,CFB Rule B,same-day correlated,0.17,55,full move,0.9005,0.4,t > 1.65,20,0,1.65,0.5994,0.05697,,,,,,,,,,,,,,,,,,,,,
gates,CFB Rule B,same-day correlated,0.17,55,full move,0.9005,0.4,bootstrap 90% lower bound > 0,20,0,,0.7309,0.09652,,,,,,,,,,,,,,,,,,,,,
gates,CFB Rule B,same-day correlated,0.17,55,full move,0.9005,0.4,bootstrap 95% lower bound > 0,20,0,,0.6336,0.0657,,,,,,,,,,,,,,,,,,,,,
gates,CFB Rule B,same-day correlated,0.17,55,full move,0.9005,0.4,t > calibrated 5%,20,0,2.35,0.3437,0.01588,,,,,,,,,,,,,,,,,,,,,
gates,CFB Rule B,same-day correlated,0.17,55,full move,0.9005,0.4,t > 1.65,30,0,1.65,0.7212,0.05845,,,,,,,,,,,,,,,,,,,,,
gates,CFB Rule B,same-day correlated,0.17,55,full move,0.9005,0.4,bootstrap 90% lower bound > 0,30,0,,0.8209,0.1106,,,,,,,,,,,,,,,,,,,,,
gates,CFB Rule B,same-day correlated,0.17,55,full move,0.9005,0.4,bootstrap 95% lower bound > 0,30,0,,0.7398,0.06613,,,,,,,,,,,,,,,,,,,,,
gates,CFB Rule B,same-day correlated,0.17,55,full move,0.9005,0.4,t > calibrated 5%,30,0,2.45,0.4557,0.008775,,,,,,,,,,,,,,,,,,,,,
gates,CFB Rule B,same-day correlated,0.17,55,full move,0.9005,0.4,t > 1.65,40,0,1.65,0.8109,0.0802,,,,,,,,,,,,,,,,,,,,,
gates,CFB Rule B,same-day correlated,0.17,55,full move,0.9005,0.4,bootstrap 90% lower bound > 0,40,0,,0.8863,0.1557,,,,,,,,,,,,,,,,,,,,,
gates,CFB Rule B,same-day correlated,0.17,55,full move,0.9005,0.4,bootstrap 95% lower bound > 0,40,0,,0.8241,0.09345,,,,,,,,,,,,,,,,,,,,,
gates,CFB Rule B,same-day correlated,0.17,55,full move,0.9005,0.4,t > calibrated 5%,40,0,2.38,0.5982,0,,,,,,,,,,,,,,,,,,,,,
gates,CFB Rule B,same-day correlated,0.17,55,full move,0.9005,0.4,sequential constant 5%,10-40,0,3.39,0.3453,0.00565,24.99,25,0.6546,,,,,,,,,,,,,,,,,,
gates,CFB Rule B,same-day correlated,0.17,55,full move,0.9005,0.4,sequential constant 10%,10-40,0,2.79,0.5722,0.0228,21.93,21,0.4278,,,,,,,,,,,,,,,,,,
gates,CFB Rule B,same-day correlated,0.17,55,full move,0.9005,0.4,sequential OBF 5%,10-40,0,2.75,0.5106,0.003175,30.51,31,0.4894,,,,,,,,,,,,,,,,,,
gates,CFB Rule B,same-day correlated,0.17,55,full move,0.9005,0.4,sequential OBF 10%,10-40,0,2.24,0.6897,0.0192,27.3,27,0.3103,,,,,,,,,,,,,,,,,,
gates,CFB Rule B,same-day correlated,0.17,55,full move,0.9005,0.4,registered keep test (reference),40,0,1.96,0.7307,0,,,,,,,,,,,,,,,,,,,,,
gates,CFB Rule B,stress: stronger correlation,0.28,40,no edge,-0.0001786,0,mean CLV > 0 (today's gate),20,0,,0.5032,0.4091,,,,,,,,,,,,,,,,,,,,,
gates,CFB Rule B,stress: stronger correlation,0.28,40,no edge,-0.0001786,0,t > 1.65,20,0,1.65,0.1411,0.08278,,,,,,,,,,,,,,,,,,,,,
gates,CFB Rule B,stress: stronger correlation,0.28,40,no edge,-0.0001786,0,bootstrap 90% lower bound > 0,20,0,,0.2052,0.134,,,,,,,,,,,,,,,,,,,,,
gates,CFB Rule B,stress: stronger correlation,0.28,40,no edge,-0.0001786,0,bootstrap 95% lower bound > 0,20,0,,0.1487,0.08837,,,,,,,,,,,,,,,,,,,,,
gates,CFB Rule B,stress: stronger correlation,0.28,40,no edge,-0.0001786,0,t > calibrated 5%,20,0,2.35,0.0686,0.0317,,,,,,,,,,,,,,,,,,,,,
gates,CFB Rule B,stress: stronger correlation,0.28,40,no edge,-0.0001786,0,t > 1.65,30,0,1.65,0.1351,0.06202,,,,,,,,,,,,,,,,,,,,,
gates,CFB Rule B,stress: stronger correlation,0.28,40,no edge,-0.0001786,0,bootstrap 90% lower bound > 0,30,0,,0.1968,0.1112,,,,,,,,,,,,,,,,,,,,,
gates,CFB Rule B,stress: stronger correlation,0.28,40,no edge,-0.0001786,0,bootstrap 95% lower bound > 0,30,0,,0.1402,0.06578,,,,,,,,,,,,,,,,,,,,,
gates,CFB Rule B,stress: stronger correlation,0.28,40,no edge,-0.0001786,0,t > calibrated 5%,30,0,2.45,0.0526,0.0125,,,,,,,,,,,,,,,,,,,,,
gates,CFB Rule B,stress: stronger correlation,0.28,40,no edge,-0.0001786,0,t > 1.65,40,0,1.65,0.1358,0.03828,,,,,,,,,,,,,,,,,,,,,
gates,CFB Rule B,stress: stronger correlation,0.28,40,no edge,-0.0001786,0,bootstrap 90% lower bound > 0,40,0,,0.199,0.1014,,,,,,,,,,,,,,,,,,,,,
gates,CFB Rule B,stress: stronger correlation,0.28,40,no edge,-0.0001786,0,bootstrap 95% lower bound > 0,40,0,,0.1405,0.04295,,,,,,,,,,,,,,,,,,,,,
gates,CFB Rule B,stress: stronger correlation,0.28,40,no edge,-0.0001786,0,t > calibrated 5%,40,0,2.38,0.06012,0,,,,,,,,,,,,,,,,,,,,,
gates,CFB Rule B,stress: stronger correlation,0.28,40,no edge,-0.0001786,0,sequential constant 5%,10-40,0,3.39,0.06792,0.02967,17.08,13,0.9321,,,,,,,,,,,,,,,,,,
gates,CFB Rule B,stress: stronger correlation,0.28,40,no edge,-0.0001786,0,sequential constant 10%,10-40,0,2.79,0.1247,0.06162,16.99,13,0.8753,,,,,,,,,,,,,,,,,,
gates,CFB Rule B,stress: stronger correlation,0.28,40,no edge,-0.0001786,0,sequential OBF 5%,10-40,0,2.75,0.06317,0.0127,27.19,29,0.9368,,,,,,,,,,,,,,,,,,
gates,CFB Rule B,stress: stronger correlation,0.28,40,no edge,-0.0001786,0,sequential OBF 10%,10-40,0,2.24,0.1192,0.03735,25.34,26,0.8808,,,,,,,,,,,,,,,,,,
gates,CFB Rule B,stress: stronger correlation,0.28,40,no edge,-0.0001786,0,registered keep test (reference),40,0,1.96,0.09757,0,,,,,,,,,,,,,,,,,,,,,
gates,CFB Rule B,stress: stronger correlation,0.28,40,no edge,0.0001059,0.2,mean CLV > 0 (today's gate),20,0,,0.499,0.4197,,,,,,,,,,,,,,,,,,,,,
gates,CFB Rule B,stress: stronger correlation,0.28,40,no edge,0.0001059,0.2,t > 1.65,20,0,1.65,0.1272,0.07875,,,,,,,,,,,,,,,,,,,,,
gates,CFB Rule B,stress: stronger correlation,0.28,40,no edge,0.0001059,0.2,bootstrap 90% lower bound > 0,20,0,,0.1947,0.1343,,,,,,,,,,,,,,,,,,,,,
gates,CFB Rule B,stress: stronger correlation,0.28,40,no edge,0.0001059,0.2,bootstrap 95% lower bound > 0,20,0,,0.1378,0.08712,,,,,,,,,,,,,,,,,,,,,
gates,CFB Rule B,stress: stronger correlation,0.28,40,no edge,0.0001059,0.2,t > calibrated 5%,20,0,2.35,0.05465,0.0265,,,,,,,,,,,,,,,,,,,,,
gates,CFB Rule B,stress: stronger correlation,0.28,40,no edge,0.0001059,0.2,t > 1.65,30,0,1.65,0.1195,0.05717,,,,,,,,,,,,,,,,,,,,,
gates,CFB Rule B,stress: stronger correlation,0.28,40,no edge,0.0001059,0.2,bootstrap 90% lower bound > 0,30,0,,0.1843,0.1115,,,,,,,,,,,,,,,,,,,,,
gates,CFB Rule B,stress: stronger correlation,0.28,40,no edge,0.0001059,0.2,bootstrap 95% lower bound > 0,30,0,,0.1264,0.06292,,,,,,,,,,,,,,,,,,,,,
gates,CFB Rule B,stress: stronger correlation,0.28,40,no edge,0.0001059,0.2,t > calibrated 5%,30,0,2.45,0.04197,0.01055,,,,,,,,,,,,,,,,,,,,,
gates,CFB Rule B,stress: stronger correlation,0.28,40,no edge,0.0001059,0.2,t > 1.65,40,0,1.65,0.1218,0.03963,,,,,,,,,,,,,,,,,,,,,
gates,CFB Rule B,stress: stronger correlation,0.28,40,no edge,0.0001059,0.2,bootstrap 90% lower bound > 0,40,0,,0.1867,0.1045,,,,,,,,,,,,,,,,,,,,,
gates,CFB Rule B,stress: stronger correlation,0.28,40,no edge,0.0001059,0.2,bootstrap 95% lower bound > 0,40,0,,0.1277,0.04553,,,,,,,,,,,,,,,,,,,,,
gates,CFB Rule B,stress: stronger correlation,0.28,40,no edge,0.0001059,0.2,t > calibrated 5%,40,0,2.38,0.04757,0,,,,,,,,,,,,,,,,,,,,,
gates,CFB Rule B,stress: stronger correlation,0.28,40,no edge,0.0001059,0.2,sequential constant 5%,10-40,0,3.39,0.04408,0.0182,18.37,15,0.9559,,,,,,,,,,,,,,,,,,
gates,CFB Rule B,stress: stronger correlation,0.28,40,no edge,0.0001059,0.2,sequential constant 10%,10-40,0,2.79,0.09525,0.04732,17.54,14,0.9047,,,,,,,,,,,,,,,,,,
gates,CFB Rule B,stress: stronger correlation,0.28,40,no edge,0.0001059,0.2,sequential OBF 5%,10-40,0,2.75,0.04378,0.00665,29.06,30,0.9562,,,,,,,,,,,,,,,,,,
gates,CFB Rule B,stress: stronger correlation,0.28,40,no edge,0.0001059,0.2,sequential OBF 10%,10-40,0,2.24,0.09333,0.02652,27.18,28,0.9067,,,,,,,,,,,,,,,,,,
gates,CFB Rule B,stress: stronger correlation,0.28,40,no edge,0.0001059,0.2,registered keep test (reference),40,0,1.96,0.0822,0,,,,,,,,,,,,,,,,,,,,,
gates,CFB Rule B,stress: stronger correlation,0.28,40,no edge,0.001134,0.4,mean CLV > 0 (today's gate),20,0,,0.4989,0.4304,,,,,,,,,,,,,,,,,,,,,
gates,CFB Rule B,stress: stronger correlation,0.28,40,no edge,0.001134,0.4,t > 1.65,20,0,1.65,0.1122,0.07125,,,,,,,,,,,,,,,,,,,,,
gates,CFB Rule B,stress: stronger correlation,0.28,40,no edge,0.001134,0.4,bootstrap 90% lower bound > 0,20,0,,0.1853,0.1334,,,,,,,,,,,,,,,,,,,,,
gates,CFB Rule B,stress: stronger correlation,0.28,40,no edge,0.001134,0.4,bootstrap 95% lower bound > 0,20,0,,0.128,0.0841,,,,,,,,,,,,,,,,,,,,,
gates,CFB Rule B,stress: stronger correlation,0.28,40,no edge,0.001134,0.4,t > calibrated 5%,20,0,2.35,0.03955,0.01947,,,,,,,,,,,,,,,,,,,,,
gates,CFB Rule B,stress: stronger correlation,0.28,40,no edge,0.001134,0.4,t > 1.65,30,0,1.65,0.1046,0.05187,,,,,,,,,,,,,,,,,,,,,
gates,CFB Rule B,stress: stronger correlation,0.28,40,no edge,0.001134,0.4,bootstrap 90% lower bound > 0,30,0,,0.1731,0.1097,,,,,,,,,,,,,,,,,,,,,
gates,CFB Rule B,stress: stronger correlation,0.28,40,no edge,0.001134,0.4,bootstrap 95% lower bound > 0,30,0,,0.1143,0.0596,,,,,,,,,,,,,,,,,,,,,
gates,CFB Rule B,stress: stronger correlation,0.28,40,no edge,0.001134,0.4,t > calibrated 5%,30,0,2.45,0.0311,0.00735,,,,,,,,,,,,,,,,,,,,,
gates,CFB Rule B,stress: stronger correlation,0.28,40,no edge,0.001134,0.4,t > 1.65,40,0,1.65,0.107,0.0366,,,,,,,,,,,,,,,,,,,,,
gates,CFB Rule B,stress: stronger correlation,0.28,40,no edge,0.001134,0.4,bootstrap 90% lower bound > 0,40,0,,0.1738,0.1034,,,,,,,,,,,,,,,,,,,,,
gates,CFB Rule B,stress: stronger correlation,0.28,40,no edge,0.001134,0.4,bootstrap 95% lower bound > 0,40,0,,0.1146,0.04417,,,,,,,,,,,,,,,,,,,,,
gates,CFB Rule B,stress: stronger correlation,0.28,40,no edge,0.001134,0.4,t > calibrated 5%,40,0,2.38,0.03665,0,,,,,,,,,,,,,,,,,,,,,
gates,CFB Rule B,stress: stronger correlation,0.28,40,no edge,0.001134,0.4,sequential constant 5%,10-40,0,3.39,0.02057,0.006975,20.59,19,0.9794,,,,,,,,,,,,,,,,,,
gates,CFB Rule B,stress: stronger correlation,0.28,40,no edge,0.001134,0.4,sequential constant 10%,10-40,0,2.79,0.06285,0.029,19.22,17,0.9372,,,,,,,,,,,,,,,,,,
gates,CFB Rule B,stress: stronger correlation,0.28,40,no edge,0.001134,0.4,sequential OBF 5%,10-40,0,2.75,0.02885,0.003075,31.54,33,0.9711,,,,,,,,,,,,,,,,,,
gates,CFB Rule B,stress: stronger correlation,0.28,40,no edge,0.001134,0.4,sequential OBF 10%,10-40,0,2.24,0.0711,0.01698,29.35,30,0.9289,,,,,,,,,,,,,,,,,,
gates,CFB Rule B,stress: stronger correlation,0.28,40,no edge,0.001134,0.4,registered keep test (reference),40,0,1.96,0.07043,0,,,,,,,,,,,,,,,,,,,,,
gates,CFB Rule B,stress: stronger correlation,0.28,40,half the move,0.7473,0,mean CLV > 0 (today's gate),20,0,,0.8072,0.3562,,,,,,,,,,,,,,,,,,,,,
gates,CFB Rule B,stress: stronger correlation,0.28,40,half the move,0.7473,0,t > 1.65,20,0,1.65,0.416,0.1024,,,,,,,,,,,,,,,,,,,,,
gates,CFB Rule B,stress: stronger correlation,0.28,40,half the move,0.7473,0,bootstrap 90% lower bound > 0,20,0,,0.5201,0.1545,,,,,,,,,,,,,,,,,,,,,
gates,CFB Rule B,stress: stronger correlation,0.28,40,half the move,0.7473,0,bootstrap 95% lower bound > 0,20,0,,0.4285,0.1081,,,,,,,,,,,,,,,,,,,,,
gates,CFB Rule B,stress: stronger correlation,0.28,40,half the move,0.7473,0,t > calibrated 5%,20,0,2.35,0.2541,0.0423,,,,,,,,,,,,,,,,,,,,,
gates,CFB Rule B,stress: stronger correlation,0.28,40,half the move,0.7473,0,t > 1.65,30,0,1.65,0.4837,0.09168,,,,,,,,,,,,,,,,,,,,,
gates,CFB Rule B,stress: stronger correlation,0.28,40,half the move,0.7473,0,bootstrap 90% lower bound > 0,30,0,,0.5891,0.1572,,,,,,,,,,,,,,,,,,,,,
gates,CFB Rule B,stress: stronger correlation,0.28,40,half the move,0.7473,0,bootstrap 95% lower bound > 0,30,0,,0.4938,0.09775,,,,,,,,,,,,,,,,,,,,,
gates,CFB Rule B,stress: stronger correlation,0.28,40,half the move,0.7473,0,t > calibrated 5%,30,0,2.45,0.2839,0.02245,,,,,,,,,,,,,,,,,,,,,
gates,CFB Rule B,stress: stronger correlation,0.28,40,half the move,0.7473,0,t > 1.65,40,0,1.65,0.5466,0.08328,,,,,,,,,,,,,,,,,,,,,
gates,CFB Rule B,stress: stronger correlation,0.28,40,half the move,0.7473,0,bootstrap 90% lower bound > 0,40,0,,0.646,0.1826,,,,,,,,,,,,,,,,,,,,,
gates,CFB Rule B,stress: stronger correlation,0.28,40,half the move,0.7473,0,bootstrap 95% lower bound > 0,40,0,,0.556,0.09258,,,,,,,,,,,,,,,,,,,,,
gates,CFB Rule B,stress: stronger correlation,0.28,40,half the move,0.7473,0,t > calibrated 5%,40,0,2.38,0.356,0,,,,,,,,,,,,,,,,,,,,,
gates,CFB Rule B,stress: stronger correlation,0.28,40,half the move,0.7473,0,sequential constant 5%,10-40,0,3.39,0.2911,0.03755,19.6,17,0.7089,,,,,,,,,,,,,,,,,,
gates,CFB Rule B,stress: stronger correlation,0.28,40,half the move,0.7473,0,sequential constant 10%,10-40,0,2.79,0.4336,0.07595,18.9,15,0.5664,,,,,,,,,,,,,,,,,,
gates,CFB Rule B,stress: stronger correlation,0.28,40,half the move,0.7473,0,sequential OBF 5%,10-40,0,2.75,0.3407,0.02013,27.25,28,0.6593,,,,,,,,,,,,,,,,,,
gates,CFB Rule B,stress: stronger correlation,0.28,40,half the move,0.7473,0,sequential OBF 10%,10-40,0,2.24,0.4802,0.05577,25.06,25,0.5198,,,,,,,,,,,,,,,,,,
gates,CFB Rule B,stress: stronger correlation,0.28,40,half the move,0.7473,0,registered keep test (reference),40,0,1.96,0.4634,0,,,,,,,,,,,,,,,,,,,,,
gates,CFB Rule B,stress: stronger correlation,0.28,40,half the move,0.5981,0.2,mean CLV > 0 (today's gate),20,0,,0.7966,0.402,,,,,,,,,,,,,,,,,,,,,
gates,CFB Rule B,stress: stronger correlation,0.28,40,half the move,0.5981,0.2,t > 1.65,20,0,1.65,0.3697,0.1031,,,,,,,,,,,,,,,,,,,,,
gates,CFB Rule B,stress: stronger correlation,0.28,40,half the move,0.5981,0.2,bootstrap 90% lower bound > 0,20,0,,0.4823,0.1661,,,,,,,,,,,,,,,,,,,,,
gates,CFB Rule B,stress: stronger correlation,0.28,40,half the move,0.5981,0.2,bootstrap 95% lower bound > 0,20,0,,0.3891,0.1135,,,,,,,,,,,,,,,,,,,,,
gates,CFB Rule B,stress: stronger correlation,0.28,40,half the move,0.5981,0.2,t > calibrated 5%,20,0,2.35,0.2038,0.0384,,,,,,,,,,,,,,,,,,,,,
gates,CFB Rule B,stress: stronger correlation,0.28,40,half the move,0.5981,0.2,t > 1.65,30,0,1.65,0.4336,0.09607,,,,,,,,,,,,,,,,,,,,,
gates,CFB Rule B,stress: stronger correlation,0.28,40,half the move,0.5981,0.2,bootstrap 90% lower bound > 0,30,0,,0.5484,0.1708,,,,,,,,,,,,,,,,,,,,,
gates,CFB Rule B,stress: stronger correlation,0.28,40,half the move,0.5981,0.2,bootstrap 95% lower bound > 0,30,0,,0.4478,0.1039,,,,,,,,,,,,,,,,,,,,,
gates,CFB Rule B,stress: stronger correlation,0.28,40,half the move,0.5981,0.2,t > calibrated 5%,30,0,2.45,0.2246,0.01995,,,,,,,,,,,,,,,,,,,,,
gates,CFB Rule B,stress: stronger correlation,0.28,40,half the move,0.5981,0.2,t > 1.65,40,0,1.65,0.492,0.0884,,,,,,,,,,,,,,,,,,,,,
gates,CFB Rule B,stress: stronger correlation,0.28,40,half the move,0.5981,0.2,bootstrap 90% lower bound > 0,40,0,,0.602,0.1984,,,,,,,,,,,,,,,,,,,,,
gates,CFB Rule B,stress: stronger correlation,0.28,40,half the move,0.5981,0.2,bootstrap 95% lower bound > 0,40,0,,0.5032,0.0996,,,,,,,,,,,,,,,,,,,,,
gates,CFB Rule B,stress: stronger correlation,0.28,40,half the move,0.5981,0.2,t > calibrated 5%,40,0,2.38,0.2921,0,,,,,,,,,,,,,,,,,,,,,
gates,CFB Rule B,stress: stronger correlation,0.28,40,half the move,0.5981,0.2,sequential constant 5%,10-40,0,3.39,0.2039,0.02577,21.07,19,0.7961,,,,,,,,,,,,,,,,,,
gates,CFB Rule B,stress: stronger correlation,0.28,40,half the move,0.5981,0.2,sequential constant 10%,10-40,0,2.79,0.3513,0.06485,19.83,17,0.6487,,,,,,,,,,,,,,,,,,
gates,CFB Rule B,stress: stronger correlation,0.28,40,half the move,0.5981,0.2,sequential OBF 5%,10-40,0,2.75,0.2607,0.01235,29.43,31,0.7392,,,,,,,,,,,,,,,,,,
gates,CFB Rule B,stress: stronger correlation,0.28,40,half the move,0.5981,0.2,sequential OBF 10%,10-40,0,2.24,0.4026,0.04582,26.87,27,0.5974,,,,,,,,,,,,,,,,,,
gates,CFB Rule B,stress: stronger correlation,0.28,40,half the move,0.5981,0.2,registered keep test (reference),40,0,1.96,0.4036,0,,,,,,,,,,,,,,,,,,,,,
gates,CFB Rule B,stress: stronger correlation,0.28,40,half the move,0.4498,0.4,mean CLV > 0 (today's gate),20,0,,0.777,0.4518,,,,,,,,,,,,,,,,,,,,,
gates,CFB Rule B,stress: stronger correlation,0.28,40,half the move,0.4498,0.4,t > 1.65,20,0,1.65,0.3145,0.1041,,,,,,,,,,,,,,,,,,,,,
gates,CFB Rule B,stress: stronger correlation,0.28,40,half the move,0.4498,0.4,bootstrap 90% lower bound > 0,20,0,,0.438,0.1774,,,,,,,,,,,,,,,,,,,,,
gates,CFB Rule B,stress: stronger correlation,0.28,40,half the move,0.4498,0.4,bootstrap 95% lower bound > 0,20,0,,0.3432,0.1194,,,,,,,,,,,,,,,,,,,,,
gates,CFB Rule B,stress: stronger correlation,0.28,40,half the move,0.4498,0.4,t > calibrated 5%,20,0,2.35,0.1452,0.03122,,,,,,,,,,,,,,,,,,,,,
gates,CFB Rule B,stress: stronger correlation,0.28,40,half the move,0.4498,0.4,t > 1.65,30,0,1.65,0.3725,0.09765,,,,,,,,,,,,,,,,,,,,,
gates,CFB Rule B,stress: stronger correlation,0.28,40,half the move,0.4498,0.4,bootstrap 90% lower bound > 0,30,0,,0.4958,0.184,,,,,,,,,,,,,,,,,,,,,
gates,CFB Rule B,stress: stronger correlation,0.28,40,half the move,0.4498,0.4,bootstrap 95% lower bound > 0,30,0,,0.3931,0.111,,,,,,,,,,,,,,,,,,,,,
gates,CFB Rule B,stress: stronger correlation,0.28,40,half the move,0.4498,0.4,t > calibrated 5%,30,0,2.45,0.1607,0.01582,,,,,,,,,,,,,,,,,,,,,
gates,CFB Rule B,stress: stronger correlation,0.28,40,half the move,0.4498,0.4,t > 1.65,40,0,1.65,0.4247,0.0925,,,,,,,,,,,,,,,,,,,,,
gates,CFB Rule B,stress: stronger correlation,0.28,40,half the move,0.4498,0.4,bootstrap 90% lower bound > 0,40,0,,0.5447,0.2125,,,,,,,,,,,,,,,,,,,,,
gates,CFB Rule B,stress: stronger correlation,0.28,40,half the move,0.4498,0.4,bootstrap 95% lower bound > 0,40,0,,0.4407,0.1085,,,,,,,,,,,,,,,,,,,,,
gates,CFB Rule B,stress: stronger correlation,0.28,40,half the move,0.4498,0.4,t > calibrated 5%,40,0,2.38,0.2184,0,,,,,,,,,,,,,,,,,,,,,
gates,CFB Rule B,stress: stronger correlation,0.28,40,half the move,0.4498,0.4,sequential constant 5%,10-40,0,3.39,0.1082,0.01115,23.25,22,0.8918,,,,,,,,,,,,,,,,,,
gates,CFB Rule B,stress: stronger correlation,0.28,40,half the move,0.4498,0.4,sequential constant 10%,10-40,0,2.79,0.242,0.04322,21.49,20,0.758,,,,,,,,,,,,,,,,,,
gates,CFB Rule B,stress: stronger correlation,0.28,40,half the move,0.4498,0.4,sequential OBF 5%,10-40,0,2.75,0.1731,0.0065,31.52,33,0.8269,,,,,,,,,,,,,,,,,,
gates,CFB Rule B,stress: stronger correlation,0.28,40,half the move,0.4498,0.4,sequential OBF 10%,10-40,0,2.24,0.3131,0.03275,28.99,30,0.6868,,,,,,,,,,,,,,,,,,
gates,CFB Rule B,stress: stronger correlation,0.28,40,half the move,0.4498,0.4,registered keep test (reference),40,0,1.96,0.3322,0,,,,,,,,,,,,,,,,,,,,,
gates,CFB Rule B,stress: stronger correlation,0.28,40,full move,1.495,0,mean CLV > 0 (today's gate),20,0,,0.9551,0.1038,,,,,,,,,,,,,,,,,,,,,
gates,CFB Rule B,stress: stronger correlation,0.28,40,full move,1.495,0,t > 1.65,20,0,1.65,0.741,0.03542,,,,,,,,,,,,,,,,,,,,,
gates,CFB Rule B,stress: stronger correlation,0.28,40,full move,1.495,0,bootstrap 90% lower bound > 0,20,0,,0.8182,0.05142,,,,,,,,,,,,,,,,,,,,,
gates,CFB Rule B,stress: stronger correlation,0.28,40,full move,1.495,0,bootstrap 95% lower bound > 0,20,0,,0.7517,0.03737,,,,,,,,,,,,,,,,,,,,,
gates,CFB Rule B,stress: stronger correlation,0.28,40,full move,1.495,0,t > calibrated 5%,20,0,2.35,0.5755,0.0167,,,,,,,,,,,,,,,,,,,,,
gates,CFB Rule B,stress: stronger correlation,0.28,40,full move,1.495,0,t > 1.65,30,0,1.65,0.8444,0.03775,,,,,,,,,,,,,,,,,,,,,
gates,CFB Rule B,stress: stronger correlation,0.28,40,full move,1.495,0,bootstrap 90% lower bound > 0,30,0,,0.8984,0.0585,,,,,,,,,,,,,,,,,,,,,
gates,CFB Rule B,stress: stronger correlation,0.28,40,full move,1.495,0,bootstrap 95% lower bound > 0,30,0,,0.8504,0.03973,,,,,,,,,,,,,,,,,,,,,
gates,CFB Rule B,stress: stronger correlation,0.28,40,full move,1.495,0,t > calibrated 5%,30,0,2.45,0.6849,0.0111,,,,,,,,,,,,,,,,,,,,,
gates,CFB Rule B,stress: stronger correlation,0.28,40,full move,1.495,0,t > 1.65,40,0,1.65,0.9021,0.04027,,,,,,,,,,,,,,,,,,,,,
gates,CFB Rule B,stress: stronger correlation,0.28,40,full move,1.495,0,bootstrap 90% lower bound > 0,40,0,,0.9396,0.07785,,,,,,,,,,,,,,,,,,,,,
gates,CFB Rule B,stress: stronger correlation,0.28,40,full move,1.495,0,bootstrap 95% lower bound > 0,40,0,,0.9052,0.04337,,,,,,,,,,,,,,,,,,,,,
gates,CFB Rule B,stress: stronger correlation,0.28,40,full move,1.495,0,t > calibrated 5%,40,0,2.38,0.7938,0,,,,,,,,,,,,,,,,,,,,,
gates,CFB Rule B,stress: stronger correlation,0.28,40,full move,1.495,0,sequential constant 5%,10-40,0,3.39,0.6948,0.0162,19.25,16,0.3052,,,,,,,,,,,,,,,,,,
gates,CFB Rule B,stress: stronger correlation,0.28,40,full move,1.495,0,sequential constant 10%,10-40,0,2.79,0.8167,0.02935,17.35,13,0.1833,,,,,,,,,,,,,,,,,,
gates,CFB Rule B,stress: stronger correlation,0.28,40,full move,1.495,0,sequential OBF 5%,10-40,0,2.75,0.7703,0.00955,24.54,24,0.2297,,,,,,,,,,,,,,,,,,
gates,CFB Rule B,stress: stronger correlation,0.28,40,full move,1.495,0,sequential OBF 10%,10-40,0,2.24,0.8619,0.02357,21.64,21,0.1381,,,,,,,,,,,,,,,,,,
gates,CFB Rule B,stress: stronger correlation,0.28,40,full move,1.495,0,registered keep test (reference),40,0,1.96,0.8618,0,,,,,,,,,,,,,,,,,,,,,
gates,CFB Rule B,stress: stronger correlation,0.28,40,full move,1.196,0.2,mean CLV > 0 (today's gate),20,0,,0.9465,0.1467,,,,,,,,,,,,,,,,,,,,,
gates,CFB Rule B,stress: stronger correlation,0.28,40,full move,1.196,0.2,t > 1.65,20,0,1.65,0.684,0.0481,,,,,,,,,,,,,,,,,,,,,
gates,CFB Rule B,stress: stronger correlation,0.28,40,full move,1.196,0.2,bootstrap 90% lower bound > 0,20,0,,0.7794,0.07082,,,,,,,,,,,,,,,,,,,,,
gates,CFB Rule B,stress: stronger correlation,0.28,40,full move,1.196,0.2,bootstrap 95% lower bound > 0,20,0,,0.7013,0.05153,,,,,,,,,,,,,,,,,,,,,
gates,CFB Rule B,stress: stronger correlation,0.28,40,full move,1.196,0.2,t > calibrated 5%,20,0,2.35,0.4843,0.01872,,,,,,,,,,,,,,,,,,,,,
gates,CFB Rule B,stress: stronger correlation,0.28,40,full move,1.196,0.2,t > 1.65,30,0,1.65,0.794,0.04905,,,,,,,,,,,,,,,,,,,,,
gates,CFB Rule B,stress: stronger correlation,0.28,40,full move,1.196,0.2,bootstrap 90% lower bound > 0,30,0,,0.8672,0.08085,,,,,,,,,,,,,,,,,,,,,
gates,CFB Rule B,stress: stronger correlation,0.28,40,full move,1.196,0.2,bootstrap 95% lower bound > 0,30,0,,0.805,0.05285,,,,,,,,,,,,,,,,,,,,,
gates,CFB Rule B,stress: stronger correlation,0.28,40,full move,1.196,0.2,t > calibrated 5%,30,0,2.45,0.5929,0.01155,,,,,,,,,,,,,,,,,,,,,
gates,CFB Rule B,stress: stronger correlation,0.28,40,full move,1.196,0.2,t > 1.65,40,0,1.65,0.8641,0.05418,,,,,,,,,,,,,,,,,,,,,
gates,CFB Rule B,stress: stronger correlation,0.28,40,full move,1.196,0.2,bootstrap 90% lower bound > 0,40,0,,0.9152,0.1052,,,,,,,,,,,,,,,,,,,,,
gates,CFB Rule B,stress: stronger correlation,0.28,40,full move,1.196,0.2,bootstrap 95% lower bound > 0,40,0,,0.8705,0.0606,,,,,,,,,,,,,,,,,,,,,
gates,CFB Rule B,stress: stronger correlation,0.28,40,full move,1.196,0.2,t > calibrated 5%,40,0,2.38,0.7182,0,,,,,,,,,,,,,,,,,,,,,
gates,CFB Rule B,stress: stronger correlation,0.28,40,full move,1.196,0.2,sequential constant 5%,10-40,0,3.39,0.5611,0.01348,21.31,20,0.4389,,,,,,,,,,,,,,,,,,
gates,CFB Rule B,stress: stronger correlation,0.28,40,full move,1.196,0.2,sequential constant 10%,10-40,0,2.79,0.7306,0.0317,18.97,16,0.2694,,,,,,,,,,,,,,,,,,
gates,CFB Rule B,stress: stronger correlation,0.28,40,full move,1.196,0.2,sequential OBF 5%,10-40,0,2.75,0.6698,0.007375,27.26,28,0.3302,,,,,,,,,,,,,,,,,,
gates,CFB Rule B,stress: stronger correlation,0.28,40,full move,1.196,0.2,sequential OBF 10%,10-40,0,2.24,0.7988,0.02395,24.08,24,0.2012,,,,,,,,,,,,,,,,,,
gates,CFB Rule B,stress: stronger correlation,0.28,40,full move,1.196,0.2,registered keep test (reference),40,0,1.96,0.8099,0,,,,,,,,,,,,,,,,,,,,,
gates,CFB Rule B,stress: stronger correlation,0.28,40,full move,0.8985,0.4,mean CLV > 0 (today's gate),20,0,,0.9342,0.2185,,,,,,,,,,,,,,,,,,,,,
gates,CFB Rule B,stress: stronger correlation,0.28,40,full move,0.8985,0.4,t > 1.65,20,0,1.65,0.5976,0.0621,,,,,,,,,,,,,,,,,,,,,
gates,CFB Rule B,stress: stronger correlation,0.28,40,full move,0.8985,0.4,bootstrap 90% lower bound > 0,20,0,,0.7241,0.1026,,,,,,,,,,,,,,,,,,,,,
gates,CFB Rule B,stress: stronger correlation,0.28,40,full move,0.8985,0.4,bootstrap 95% lower bound > 0,20,0,,0.6309,0.071,,,,,,,,,,,,,,,,,,,,,
gates,CFB Rule B,stress: stronger correlation,0.28,40,full move,0.8985,0.4,t > calibrated 5%,20,0,2.35,0.3604,0.0208,,,,,,,,,,,,,,,,,,,,,
gates,CFB Rule B,stress: stronger correlation,0.28,40,full move,0.8985,0.4,t > 1.65,30,0,1.65,0.7165,0.06448,,,,,,,,,,,,,,,,,,,,,
gates,CFB Rule B,stress: stronger correlation,0.28,40,full move,0.8985,0.4,bootstrap 90% lower bound > 0,30,0,,0.8146,0.1141,,,,,,,,,,,,,,,,,,,,,
gates,CFB Rule B,stress: stronger correlation,0.28,40,full move,0.8985,0.4,bootstrap 95% lower bound > 0,30,0,,0.7359,0.07255,,,,,,,,,,,,,,,,,,,,,
gates,CFB Rule B,stress: stronger correlation,0.28,40,full move,0.8985,0.4,t > calibrated 5%,30,0,2.45,0.4612,0.01312,,,,,,,,,,,,,,,,,,,,,
gates,CFB Rule B,stress: stronger correlation,0.28,40,full move,0.8985,0.4,t > 1.65,40,0,1.65,0.8001,0.07627,,,,,,,,,,,,,,,,,,,,,
gates,CFB Rule B,stress: stronger correlation,0.28,40,full move,0.8985,0.4,bootstrap 90% lower bound > 0,40,0,,0.8743,0.1505,,,,,,,,,,,,,,,,,,,,,
gates,CFB Rule B,stress: stronger correlation,0.28,40,full move,0.8985,0.4,bootstrap 95% lower bound > 0,40,0,,0.8115,0.08772,,,,,,,,,,,,,,,,,,,,,
gates,CFB Rule B,stress: stronger correlation,0.28,40,full move,0.8985,0.4,t > calibrated 5%,40,0,2.38,0.5945,0,,,,,,,,,,,,,,,,,,,,,
gates,CFB Rule B,stress: stronger correlation,0.28,40,full move,0.8985,0.4,sequential constant 5%,10-40,0,3.39,0.3618,0.008475,24.51,25,0.6382,,,,,,,,,,,,,,,,,,
gates,CFB Rule B,stress: stronger correlation,0.28,40,full move,0.8985,0.4,sequential constant 10%,10-40,0,2.79,0.5799,0.02902,21.39,20,0.4201,,,,,,,,,,,,,,,,,,
gates,CFB Rule B,stress: stronger correlation,0.28,40,full move,0.8985,0.4,sequential OBF 5%,10-40,0,2.75,0.5154,0.005625,30.18,31,0.4846,,,,,,,,,,,,,,,,,,
gates,CFB Rule B,stress: stronger correlation,0.28,40,full move,0.8985,0.4,sequential OBF 10%,10-40,0,2.24,0.6919,0.02405,27.01,27,0.3081,,,,,,,,,,,,,,,,,,
gates,CFB Rule B,stress: stronger correlation,0.28,40,full move,0.8985,0.4,registered keep test (reference),40,0,1.96,0.7238,0,,,,,,,,,,,,,,,,,,,,,
gates,NFL Rule B,independent,0,,no edge,0.0006435,0,mean CLV > 0 (today's gate),20,0,,0.4925,0.4722,,,,,,,,,,,,,,,,,,,,,
gates,NFL Rule B,independent,0,,no edge,0.0006435,0,t > 1.65,20,0,1.65,0.04288,0.03295,,,,,,,,,,,,,,,,,,,,,
gates,NFL Rule B,independent,0,,no edge,0.0006435,0,bootstrap 90% lower bound > 0,20,0,,0.09717,0.0829,,,,,,,,,,,,,,,,,,,,,
gates,NFL Rule B,independent,0,,no edge,0.0006435,0,bootstrap 95% lower bound > 0,20,0,,0.05087,0.04007,,,,,,,,,,,,,,,,,,,,,
gates,NFL Rule B,independent,0,,no edge,0.0006435,0,t > calibrated 5%,20,0,1.89,0.02368,0.0164,,,,,,,,,,,,,,,,,,,,,
gates,NFL Rule B,independent,0,,no edge,0.0006435,0,t > 1.65,30,0,1.65,0.04177,0.02693,,,,,,,,,,,,,,,,,,,,,
gates,NFL Rule B,independent,0,,no edge,0.0006435,0,bootstrap 90% lower bound > 0,30,0,,0.0954,0.07667,,,,,,,,,,,,,,,,,,,,,
gates,NFL Rule B,independent,0,,no edge,0.0006435,0,bootstrap 95% lower bound > 0,30,0,,0.0473,0.0318,,,,,,,,,,,,,,,,,,,,,
gates,NFL Rule B,independent,0,,no edge,0.0006435,0,t > calibrated 5%,30,0,1.85,0.02652,0.01438,,,,,,,,,,,,,,,,,,,,,
gates,NFL Rule B,independent,0,,no edge,0.0006435,0,t > 1.65,40,0,1.65,0.04242,0.02198,,,,,,,,,,,,,,,,,,,,,
gates,NFL Rule B,independent,0,,no edge,0.0006435,0,bootstrap 90% lower bound > 0,40,0,,0.09755,0.0771,,,,,,,,,,,,,,,,,,,,,
gates,NFL Rule B,independent,0,,no edge,0.0006435,0,bootstrap 95% lower bound > 0,40,0,,0.04935,0.0289,,,,,,,,,,,,,,,,,,,,,
gates,NFL Rule B,independent,0,,no edge,0.0006435,0,t > calibrated 5%,40,0,1.85,0.02678,0.006325,,,,,,,,,,,,,,,,,,,,,
gates,NFL Rule B,independent,0,,no edge,0.0006435,0,sequential constant 5%,10-40,0,2.66,0.01925,0.0112,17.9,14,0.9808,,,,,,,,,,,,,,,,,,
gates,NFL Rule B,independent,0,,no edge,0.0006435,0,sequential constant 10%,10-40,0,2.23,0.05178,0.03595,18.19,15,0.9482,,,,,,,,,,,,,,,,,,
gates,NFL Rule B,independent,0,,no edge,0.0006435,0,sequential OBF 5%,10-40,0,2.14,0.02133,0.00565,30.89,32,0.9787,,,,,,,,,,,,,,,,,,
gates,NFL Rule B,independent,0,,no edge,0.0006435,0,sequential OBF 10%,10-40,0,1.77,0.05552,0.03508,29.16,30,0.9445,,,,,,,,,,,,,,,,,,
gates,NFL Rule B,independent,0,,no edge,0.0006435,0,registered keep test (reference),40,0,1.96,0.02045,0,,,,,,,,,,,,,,,,,,,,,
gates,NFL Rule B,independent,0,,no edge,0.0006435,0,mean CLV > 0 (today's gate),20,0.25,,0.3071,0.2876,,,,,,,,,,,,,,,,,,,,,
gates,NFL Rule B,independent,0,,no edge,0.0006435,0,t > 1.65,20,0.25,1.65,0.04288,0.03295,,,,,,,,,,,,,,,,,,,,,
gates,NFL Rule B,independent,0,,no edge,0.0006435,0,bootstrap 90% lower bound > 0,20,0.25,,0.09717,0.0829,,,,,,,,,,,,,,,,,,,,,
gates,NFL Rule B,independent,0,,no edge,0.0006435,0,bootstrap 95% lower bound > 0,20,0.25,,0.05087,0.04007,,,,,,,,,,,,,,,,,,,,,
gates,NFL Rule B,independent,0,,no edge,0.0006435,0,t > calibrated 5%,20,0.25,1.89,0.02368,0.0164,,,,,,,,,,,,,,,,,,,,,
gates,NFL Rule B,independent,0,,no edge,0.0006435,0,t > 1.65,30,0.25,1.65,0.04177,0.02693,,,,,,,,,,,,,,,,,,,,,
gates,NFL Rule B,independent,0,,no edge,0.0006435,0,bootstrap 90% lower bound > 0,30,0.25,,0.0954,0.07667,,,,,,,,,,,,,,,,,,,,,
gates,NFL Rule B,independent,0,,no edge,0.0006435,0,bootstrap 95% lower bound > 0,30,0.25,,0.0473,0.0318,,,,,,,,,,,,,,,,,,,,,
gates,NFL Rule B,independent,0,,no edge,0.0006435,0,t > calibrated 5%,30,0.25,1.85,0.02652,0.01438,,,,,,,,,,,,,,,,,,,,,
gates,NFL Rule B,independent,0,,no edge,0.0006435,0,t > 1.65,40,0.25,1.65,0.04242,0.02198,,,,,,,,,,,,,,,,,,,,,
gates,NFL Rule B,independent,0,,no edge,0.0006435,0,bootstrap 90% lower bound > 0,40,0.25,,0.09755,0.0771,,,,,,,,,,,,,,,,,,,,,
gates,NFL Rule B,independent,0,,no edge,0.0006435,0,bootstrap 95% lower bound > 0,40,0.25,,0.04935,0.0289,,,,,,,,,,,,,,,,,,,,,
gates,NFL Rule B,independent,0,,no edge,0.0006435,0,t > calibrated 5%,40,0.25,1.85,0.02678,0.006325,,,,,,,,,,,,,,,,,,,,,
gates,NFL Rule B,independent,0,,no edge,0.0006435,0,sequential constant 5%,10-40,0.25,2.66,0.01925,0.0112,17.9,14,0.9808,,,,,,,,,,,,,,,,,,
gates,NFL Rule B,independent,0,,no edge,0.0006435,0,sequential constant 10%,10-40,0.25,2.23,0.05178,0.03595,18.19,15,0.9482,,,,,,,,,,,,,,,,,,
gates,NFL Rule B,independent,0,,no edge,0.0006435,0,sequential OBF 5%,10-40,0.25,2.14,0.02133,0.00565,30.89,32,0.9787,,,,,,,,,,,,,,,,,,
gates,NFL Rule B,independent,0,,no edge,0.0006435,0,sequential OBF 10%,10-40,0.25,1.77,0.05552,0.03508,29.16,30,0.9445,,,,,,,,,,,,,,,,,,
gates,NFL Rule B,independent,0,,no edge,0.0006435,0,mean CLV > 0 (today's gate),20,0.5,,0.1627,0.1463,,,,,,,,,,,,,,,,,,,,,
gates,NFL Rule B,independent,0,,no edge,0.0006435,0,t > 1.65,20,0.5,1.65,0.04285,0.03293,,,,,,,,,,,,,,,,,,,,,
gates,NFL Rule B,independent,0,,no edge,0.0006435,0,bootstrap 90% lower bound > 0,20,0.5,,0.0958,0.08163,,,,,,,,,,,,,,,,,,,,,
gates,NFL Rule B,independent,0,,no edge,0.0006435,0,bootstrap 95% lower bound > 0,20,0.5,,0.05078,0.03997,,,,,,,,,,,,,,,,,,,,,
gates,NFL Rule B,independent,0,,no edge,0.0006435,0,t > calibrated 5%,20,0.5,1.89,0.02368,0.0164,,,,,,,,,,,,,,,,,,,,,
gates,NFL Rule B,independent,0,,no edge,0.0006435,0,t > 1.65,30,0.5,1.65,0.04172,0.02687,,,,,,,,,,,,,,,,,,,,,
gates,NFL Rule B,independent,0,,no edge,0.0006435,0,bootstrap 90% lower bound > 0,30,0.5,,0.08945,0.07112,,,,,,,,,,,,,,,,,,,,,
gates,NFL Rule B,independent,0,,no edge,0.0006435,0,bootstrap 95% lower bound > 0,30,0.5,,0.04715,0.03165,,,,,,,,,,,,,,,,,,,,,
gates,NFL Rule B,independent,0,,no edge,0.0006435,0,t > calibrated 5%,30,0.5,1.85,0.02652,0.01438,,,,,,,,,,,,,,,,,,,,,
gates,NFL Rule B,independent,0,,no edge,0.0006435,0,t > 1.65,40,0.5,1.65,0.042,0.02155,,,,,,,,,,,,,,,,,,,,,
gates,NFL Rule B,independent,0,,no edge,0.0006435,0,bootstrap 90% lower bound > 0,40,0.5,,0.07967,0.05922,,,,,,,,,,,,,,,,,,,,,
gates,NFL Rule B,independent,0,,no edge,0.0006435,0,bootstrap 95% lower bound > 0,40,0.5,,0.0485,0.02805,,,,,,,,,,,,,,,,,,,,,
gates,NFL Rule B,independent,0,,no edge,0.0006435,0,t > calibrated 5%,40,0.5,1.85,0.02678,0.006325,,,,,,,,,,,,,,,,,,,,,
gates,NFL Rule B,independent,0,,no edge,0.0006435,0,sequential constant 5%,10-40,0.5,2.66,0.01925,0.0112,17.9,14,0.9808,,,,,,,,,,,,,,,,,,
gates,NFL Rule B,independent,0,,no edge,0.0006435,0,sequential constant 10%,10-40,0.5,2.23,0.05175,0.03592,18.19,15,0.9483,,,,,,,,,,,,,,,,,,
gates,NFL Rule B,independent,0,,no edge,0.0006435,0,sequential OBF 5%,10-40,0.5,2.14,0.02133,0.00565,30.89,32,0.9787,,,,,,,,,,,,,,,,,,
gates,NFL Rule B,independent,0,,no edge,0.0006435,0,sequential OBF 10%,10-40,0.5,1.77,0.05545,0.035,29.15,30,0.9446,,,,,,,,,,,,,,,,,,
gates,NFL Rule B,independent,0,,no edge,-0.0008059,0.2,mean CLV > 0 (today's gate),20,0,,0.49,0.4704,,,,,,,,,,,,,,,,,,,,,
gates,NFL Rule B,independent,0,,no edge,-0.0008059,0.2,t > 1.65,20,0,1.65,0.04222,0.03275,,,,,,,,,,,,,,,,,,,,,
gates,NFL Rule B,independent,0,,no edge,-0.0008059,0.2,bootstrap 90% lower bound > 0,20,0,,0.1006,0.08657,,,,,,,,,,,,,,,,,,,,,
gates,NFL Rule B,independent,0,,no edge,-0.0008059,0.2,bootstrap 95% lower bound > 0,20,0,,0.0523,0.04175,,,,,,,,,,,,,,,,,,,,,
gates,NFL Rule B,independent,0,,no edge,-0.0008059,0.2,t > calibrated 5%,20,0,1.89,0.02357,0.01642,,,,,,,,,,,,,,,,,,,,,
gates,NFL Rule B,independent,0,,no edge,-0.0008059,0.2,t > 1.65,30,0,1.65,0.0421,0.02697,,,,,,,,,,,,,,,,,,,,,
gates,NFL Rule B,independent,0,,no edge,-0.0008059,0.2,bootstrap 90% lower bound > 0,30,0,,0.0964,0.07787,,,,,,,,,,,,,,,,,,,,,
gates,NFL Rule B,independent,0,,no edge,-0.0008059,0.2,bootstrap 95% lower bound > 0,30,0,,0.04927,0.0334,,,,,,,,,,,,,,,,,,,,,
gates,NFL Rule B,independent,0,,no edge,-0.0008059,0.2,t > calibrated 5%,30,0,1.85,0.02622,0.01372,,,,,,,,,,,,,,,,,,,,,
gates,NFL Rule B,independent,0,,no edge,-0.0008059,0.2,t > 1.65,40,0,1.65,0.04022,0.02045,,,,,,,,,,,,,,,,,,,,,
gates,NFL Rule B,independent,0,,no edge,-0.0008059,0.2,bootstrap 90% lower bound > 0,40,0,,0.09377,0.074,,,,,,,,,,,,,,,,,,,,,
gates,NFL Rule B,independent,0,,no edge,-0.0008059,0.2,bootstrap 95% lower bound > 0,40,0,,0.04693,0.02715,,,,,,,,,,,,,,,,,,,,,
gates,NFL Rule B,independent,0,,no edge,-0.0008059,0.2,t > calibrated 5%,40,0,1.85,0.02548,0.0057,,,,,,,,,,,,,,,,,,,,,
gates,NFL Rule B,independent,0,,no edge,-0.0008059,0.2,sequential constant 5%,10-40,0,2.66,0.0164,0.008675,19.18,16,0.9836,,,,,,,,,,,,,,,,,,
gates,NFL Rule B,independent,0,,no edge,-0.0008059,0.2,sequential constant 10%,10-40,0,2.23,0.04587,0.03045,18.04,15,0.9541,,,,,,,,,,,,,,,,,,
gates,NFL Rule B,independent,0,,no edge,-0.0008059,0.2,sequential OBF 5%,10-40,0,2.14,0.01978,0.0045,31.36,32,0.9802,,,,,,,,,,,,,,,,,,
gates,NFL Rule B,independent,0,,no edge,-0.0008059,0.2,sequential OBF 10%,10-40,0,1.77,0.0513,0.03152,29.55,31,0.9487,,,,,,,,,,,,,,,,,,
gates,NFL Rule B,independent,0,,no edge,-0.0008059,0.2,registered keep test (reference),40,0,1.96,0.01978,0,,,,,,,,,,,,,,,,,,,,,
gates,NFL Rule B,independent,0,,no edge,-0.0008059,0.2,mean CLV > 0 (today's gate),20,0.25,,0.2853,0.2666,,,,,,,,,,,,,,,,,,,,,
gates,NFL Rule B,independent,0,,no edge,-0.0008059,0.2,t > 1.65,20,0.25,1.65,0.04222,0.03275,,,,,,,,,,,,,,,,,,,,,
gates,NFL Rule B,independent,0,,no edge,-0.0008059,0.2,bootstrap 90% lower bound > 0,20,0.25,,0.1006,0.08657,,,,,,,,,,,,,,,,,,,,,
gates,NFL Rule B,independent,0,,no edge,-0.0008059,0.2,bootstrap 95% lower bound > 0,20,0.25,,0.0523,0.04175,,,,,,,,,,,,,,,,,,,,,
gates,NFL Rule B,independent,0,,no edge,-0.0008059,0.2,t > calibrated 5%,20,0.25,1.89,0.02357,0.01642,,,,,,,,,,,,,,,,,,,,,
gates,NFL Rule B,independent,0,,no edge,-0.0008059,0.2,t > 1.65,30,0.25,1.65,0.0421,0.02697,,,,,,,,,,,,,,,,,,,,,
gates,NFL Rule B,independent,0,,no edge,-0.0008059,0.2,bootstrap 90% lower bound > 0,30,0.25,,0.09638,0.07785,,,,,,,,,,,,,,,,,,,,,
gates,NFL Rule B,independent,0,,no edge,-0.0008059,0.2,bootstrap 95% lower bound > 0,30,0.25,,0.04927,0.0334,,,,,,,,,,,,,,,,,,,,,
gates,NFL Rule B,independent,0,,no edge,-0.0008059,0.2,t > calibrated 5%,30,0.25,1.85,0.02622,0.01372,,,,,,,,,,,,,,,,,,,,,
gates,NFL Rule B,independent,0,,no edge,-0.0008059,0.2,t > 1.65,40,0.25,1.65,0.04022,0.02045,,,,,,,,,,,,,,,,,,,,,
gates,NFL Rule B,independent,0,,no edge,-0.0008059,0.2,bootstrap 90% lower bound > 0,40,0.25,,0.09377,0.074,,,,,,,,,,,,,,,,,,,,,
gates,NFL Rule B,independent,0,,no edge,-0.0008059,0.2,bootstrap 95% lower bound > 0,40,0.25,,0.04693,0.02715,,,,,,,,,,,,,,,,,,,,,
gates,NFL Rule B,independent,0,,no edge,-0.0008059,0.2,t > calibrated 5%,40,0.25,1.85,0.02548,0.0057,,,,,,,,,,,,,,,,,,,,,
gates,NFL Rule B,independent,0,,no edge,-0.0008059,0.2,sequential constant 5%,10-40,0.25,2.66,0.0164,0.008675,19.18,16,0.9836,,,,,,,,,,,,,,,,,,
gates,NFL Rule B,independent,0,,no edge,-0.0008059,0.2,sequential constant 10%,10-40,0.25,2.23,0.04587,0.03045,18.04,15,0.9541,,,,,,,,,,,,,,,,,,
gates,NFL Rule B,independent,0,,no edge,-0.0008059,0.2,sequential OBF 5%,10-40,0.25,2.14,0.01978,0.0045,31.36,32,0.9802,,,,,,,,,,,,,,,,,,
gates,NFL Rule B,independent,0,,no edge,-0.0008059,0.2,sequential OBF 10%,10-40,0.25,1.77,0.0513,0.03152,29.55,31,0.9487,,,,,,,,,,,,,,,,,,
gates,NFL Rule B,independent,0,,no edge,-0.0008059,0.2,mean CLV > 0 (today's gate),20,0.5,,0.1373,0.1225,,,,,,,,,,,,,,,,,,,,,
gates,NFL Rule B,independent,0,,no edge,-0.0008059,0.2,t > 1.65,20,0.5,1.65,0.04183,0.0324,,,,,,,,,,,,,,,,,,,,,
gates,NFL Rule B,independent,0,,no edge,-0.0008059,0.2,bootstrap 90% lower bound > 0,20,0.5,,0.09405,0.0806,,,,,,,,,,,,,,,,,,,,,
gates,NFL Rule B,independent,0,,no edge,-0.0008059,0.2,bootstrap 95% lower bound > 0,20,0.5,,0.0515,0.04102,,,,,,,,,,,,,,,,,,,,,
gates,NFL Rule B,independent,0,,no edge,-0.0008059,0.2,t > calibrated 5%,20,0.5,1.89,0.0235,0.01635,,,,,,,,,,,,,,,,,,,,,
gates,NFL Rule B,independent,0,,no edge,-0.0008059,0.2,t > 1.65,30,0.5,1.65,0.04085,0.02593,,,,,,,,,,,,,,,,,,,,,
gates,NFL Rule B,independent,0,,no edge,-0.0008059,0.2,bootstrap 90% lower bound > 0,30,0.5,,0.07967,0.06227,,,,,,,,,,,,,,,,,,,,,
gates,NFL Rule B,independent,0,,no edge,-0.0008059,0.2,bootstrap 95% lower bound > 0,30,0.5,,0.04768,0.03207,,,,,,,,,,,,,,,,,,,,,
gates,NFL Rule B,independent,0,,no edge,-0.0008059,0.2,t > calibrated 5%,30,0.5,1.85,0.026,0.01355,,,,,,,,,,,,,,,,,,,,,
gates,NFL Rule B,independent,0,,no edge,-0.0008059,0.2,t > 1.65,40,0.5,1.65,0.0372,0.01775,,,,,,,,,,,,,,,,,,,,,
gates,NFL Rule B,independent,0,,no edge,-0.0008059,0.2,bootstrap 90% lower bound > 0,40,0.5,,0.05983,0.04038,,,,,,,,,,,,,,,,,,,,,
gates,NFL Rule B,independent,0,,no edge,-0.0008059,0.2,bootstrap 95% lower bound > 0,40,0.5,,0.04213,0.02268,,,,,,,,,,,,,,,,,,,,,
gates,NFL Rule B,independent,0,,no edge,-0.0008059,0.2,t > calibrated 5%,40,0.5,1.85,0.02467,0.005225,,,,,,,,,,,,,,,,,,,,,
gates,NFL Rule B,independent,0,,no edge,-0.0008059,0.2,sequential constant 5%,10-40,0.5,2.66,0.0164,0.008675,19.18,16,0.9836,,,,,,,,,,,,,,,,,,
gates,NFL Rule B,independent,0,,no edge,-0.0008059,0.2,sequential constant 10%,10-40,0.5,2.23,0.04568,0.03027,18.04,15,0.9543,,,,,,,,,,,,,,,,,,
gates,NFL Rule B,independent,0,,no edge,-0.0008059,0.2,sequential OBF 5%,10-40,0.5,2.14,0.0197,0.004475,31.34,32,0.9803,,,,,,,,,,,,,,,,,,
gates,NFL Rule B,independent,0,,no edge,-0.0008059,0.2,sequential OBF 10%,10-40,0.5,1.77,0.05035,0.03062,29.39,30,0.9496,,,,,,,,,,,,,,,,,,
gates,NFL Rule B,independent,0,,no edge,0.0005587,0.4,mean CLV > 0 (today's gate),20,0,,0.4925,0.4752,,,,,,,,,,,,,,,,,,,,,
gates,NFL Rule B,independent,0,,no edge,0.0005587,0.4,t > 1.65,20,0,1.65,0.03982,0.03215,,,,,,,,,,,,,,,,,,,,,
gates,NFL Rule B,independent,0,,no edge,0.0005587,0.4,bootstrap 90% lower bound > 0,20,0,,0.1052,0.09262,,,,,,,,,,,,,,,,,,,,,
gates,NFL Rule B,independent,0,,no edge,0.0005587,0.4,bootstrap 95% lower bound > 0,20,0,,0.05465,0.04515,,,,,,,,,,,,,,,,,,,,,
gates,NFL Rule B,independent,0,,no edge,0.0005587,0.4,t > calibrated 5%,20,0,1.89,0.0221,0.01667,,,,,,,,,,,,,,,,,,,,,
gates,NFL Rule B,independent,0,,no edge,0.0005587,0.4,t > 1.65,30,0,1.65,0.04113,0.028,,,,,,,,,,,,,,,,,,,,,
gates,NFL Rule B,independent,0,,no edge,0.0005587,0.4,bootstrap 90% lower bound > 0,30,0,,0.0994,0.08288,,,,,,,,,,,,,,,,,,,,,
gates,NFL Rule B,independent,0,,no edge,0.0005587,0.4,bootstrap 95% lower bound > 0,30,0,,0.05122,0.03687,,,,,,,,,,,,,,,,,,,,,
gates,NFL Rule B,independent,0,,no edge,0.0005587,0.4,t > calibrated 5%,30,0,1.85,0.0243,0.01392,,,,,,,,,,,,,,,,,,,,,
gates,NFL Rule B,independent,0,,no edge,0.0005587,0.4,t > 1.65,40,0,1.65,0.03852,0.02105,,,,,,,,,,,,,,,,,,,,,
gates,NFL Rule B,independent,0,,no edge,0.0005587,0.4,bootstrap 90% lower bound > 0,40,0,,0.09585,0.07838,,,,,,,,,,,,,,,,,,,,,
gates,NFL Rule B,independent,0,,no edge,0.0005587,0.4,bootstrap 95% lower bound > 0,40,0,,0.04645,0.02898,,,,,,,,,,,,,,,,,,,,,
gates,NFL Rule B,independent,0,,no edge,0.0005587,0.4,t > calibrated 5%,40,0,1.85,0.02305,0.005575,,,,,,,,,,,,,,,,,,,,,
gates,NFL Rule B,independent,0,,no edge,0.0005587,0.4,sequential constant 5%,10-40,0,2.66,0.0116,0.00665,19.67,17,0.9884,,,,,,,,,,,,,,,,,,
gates,NFL Rule B,independent,0,,no edge,0.0005587,0.4,sequential constant 10%,10-40,0,2.23,0.03905,0.0265,18.99,17,0.9609,,,,,,,,,,,,,,,,,,
gates,NFL Rule B,independent,0,,no edge,0.0005587,0.4,sequential OBF 5%,10-40,0,2.14,0.0168,0.0042,32.36,33,0.9832,,,,,,,,,,,,,,,,,,
gates,NFL Rule B,independent,0,,no edge,0.0005587,0.4,sequential OBF 10%,10-40,0,1.77,0.04818,0.0307,30.16,31,0.9518,,,,,,,,,,,,,,,,,,
gates,NFL Rule B,independent,0,,no edge,0.0005587,0.4,registered keep test (reference),40,0,1.96,0.01748,0,,,,,,,,,,,,,,,,,,,,,
gates,NFL Rule B,independent,0,,no edge,0.0005587,0.4,mean CLV > 0 (today's gate),20,0.25,,0.2626,0.2467,,,,,,,,,,,,,,,,,,,,,
gates,NFL Rule B,independent,0,,no edge,0.0005587,0.4,t > 1.65,20,0.25,1.65,0.03977,0.0321,,,,,,,,,,,,,,,,,,,,,
gates,NFL Rule B,independent,0,,no edge,0.0005587,0.4,bootstrap 90% lower bound > 0,20,0.25,,0.1048,0.09223,,,,,,,,,,,,,,,,,,,,,
gates,NFL Rule B,independent,0,,no edge,0.0005587,0.4,bootstrap 95% lower bound > 0,20,0.25,,0.05452,0.04505,,,,,,,,,,,,,,,,,,,,,
gates,NFL Rule B,independent,0,,no edge,0.0005587,0.4,t > calibrated 5%,20,0.25,1.89,0.02208,0.01665,,,,,,,,,,,,,,,,,,,,,
gates,NFL Rule B,independent,0,,no edge,0.0005587,0.4,t > 1.65,30,0.25,1.65,0.04108,0.02797,,,,,,,,,,,,,,,,,,,,,
gates,NFL Rule B,independent,0,,no edge,0.0005587,0.4,bootstrap 90% lower bound > 0,30,0.25,,0.09872,0.08225,,,,,,,,,,,,,,,,,,,,,
gates,NFL Rule B,independent,0,,no edge,0.0005587,0.4,bootstrap 95% lower bound > 0,30,0.25,,0.05112,0.0368,,,,,,,,,,,,,,,,,,,,,
gates,NFL Rule B,independent,0,,no edge,0.0005587,0.4,t > calibrated 5%,30,0.25,1.85,0.02428,0.0139,,,,,,,,,,,,,,,,,,,,,
gates,NFL Rule B,independent,0,,no edge,0.0005587,0.4,t > 1.65,40,0.25,1.65,0.03852,0.02105,,,,,,,,,,,,,,,,,,,,,
gates,NFL Rule B,independent,0,,no edge,0.0005587,0.4,bootstrap 90% lower bound > 0,40,0.25,,0.09523,0.07775,,,,,,,,,,,,,,,,,,,,,
gates,NFL Rule B,independent,0,,no edge,0.0005587,0.4,bootstrap 95% lower bound > 0,40,0.25,,0.04643,0.02895,,,,,,,,,,,,,,,,,,,,,
gates,NFL Rule B,independent,0,,no edge,0.0005587,0.4,t > calibrated 5%,40,0.25,1.85,0.02305,0.005575,,,,,,,,,,,,,,,,,,,,,
gates,NFL Rule B,independent,0,,no edge,0.0005587,0.4,sequential constant 5%,10-40,0.25,2.66,0.0116,0.00665,19.67,17,0.9884,,,,,,,,,,,,,,,,,,
gates,NFL Rule B,independent,0,,no edge,0.0005587,0.4,sequential constant 10%,10-40,0.25,2.23,0.03902,0.02647,18.99,17,0.961,,,,,,,,,,,,,,,,,,
gates,NFL Rule B,independent,0,,no edge,0.0005587,0.4,sequential OBF 5%,10-40,0.25,2.14,0.0168,0.0042,32.36,33,0.9832,,,,,,,,,,,,,,,,,,
gates,NFL Rule B,independent,0,,no edge,0.0005587,0.4,sequential OBF 10%,10-40,0.25,1.77,0.04818,0.0307,30.16,31,0.9518,,,,,,,,,,,,,,,,,,
gates,NFL Rule B,independent,0,,no edge,0.0005587,0.4,mean CLV > 0 (today's gate),20,0.5,,0.1056,0.09388,,,,,,,,,,,,,,,,,,,,,
gates,NFL Rule B,independent,0,,no edge,0.0005587,0.4,t > 1.65,20,0.5,1.65,0.03723,0.02967,,,,,,,,,,,,,,,,,,,,,
gates,NFL Rule B,independent,0,,no edge,0.0005587,0.4,bootstrap 90% lower bound > 0,20,0.5,,0.08207,0.07097,,,,,,,,,,,,,,,,,,,,,
gates,NFL Rule B,independent,0,,no edge,0.0005587,0.4,bootstrap 95% lower bound > 0,20,0.5,,0.04915,0.04007,,,,,,,,,,,,,,,,,,,,,
gates,NFL Rule B,independent,0,,no edge,0.0005587,0.4,t > calibrated 5%,20,0.5,1.89,0.0211,0.01575,,,,,,,,,,,,,,,,,,,,,
gates,NFL Rule B,independent,0,,no edge,0.0005587,0.4,t > 1.65,30,0.5,1.65,0.03558,0.02365,,,,,,,,,,,,,,,,,,,,,
gates,NFL Rule B,independent,0,,no edge,0.0005587,0.4,bootstrap 90% lower bound > 0,30,0.5,,0.06082,0.0474,,,,,,,,,,,,,,,,,,,,,
gates,NFL Rule B,independent,0,,no edge,0.0005587,0.4,bootstrap 95% lower bound > 0,30,0.5,,0.0422,0.02962,,,,,,,,,,,,,,,,,,,,,
gates,NFL Rule B,independent,0,,no edge,0.0005587,0.4,t > calibrated 5%,30,0.5,1.85,0.02258,0.01268,,,,,,,,,,,,,,,,,,,,,
gates,NFL Rule B,independent,0,,no edge,0.0005587,0.4,t > 1.65,40,0.5,1.65,0.02865,0.01295,,,,,,,,,,,,,,,,,,,,,
gates,NFL Rule B,independent,0,,no edge,0.0005587,0.4,bootstrap 90% lower bound > 0,40,0.5,,0.0379,0.0222,,,,,,,,,,,,,,,,,,,,,
gates,NFL Rule B,independent,0,,no edge,0.0005587,0.4,bootstrap 95% lower bound > 0,40,0.5,,0.03165,0.01595,,,,,,,,,,,,,,,,,,,,,
gates,NFL Rule B,independent,0,,no edge,0.0005587,0.4,t > calibrated 5%,40,0.5,1.85,0.01968,0.003975,,,,,,,,,,,,,,,,,,,,,
gates,NFL Rule B,independent,0,,no edge,0.0005587,0.4,sequential constant 5%,10-40,0.5,2.66,0.01145,0.0065,19.7,17,0.9886,,,,,,,,,,,,,,,,,,
gates,NFL Rule B,independent,0,,no edge,0.0005587,0.4,sequential constant 10%,10-40,0.5,2.23,0.0379,0.0257,18.91,16.5,0.9621,,,,,,,,,,,,,,,,,,
gates,NFL Rule B,independent,0,,no edge,0.0005587,0.4,sequential OBF 5%,10-40,0.5,2.14,0.01617,0.0041,32.17,33,0.9838,,,,,,,,,,,,,,,,,,
gates,NFL Rule B,independent,0,,no edge,0.0005587,0.4,sequential OBF 10%,10-40,0.5,1.77,0.04345,0.02685,29.64,30,0.9566,,,,,,,,,,,,,,,,,,
gates,NFL Rule B,independent,0,,half the move,0.4932,0,mean CLV > 0 (today's gate),20,0,,0.8329,0.5706,,,,,,,,,,,,,,,,,,,,,
gates,NFL Rule B,independent,0,,half the move,0.4932,0,t > 1.65,20,0,1.65,0.2361,0.08468,,,,,,,,,,,,,,,,,,,,,
gates,NFL Rule B,independent,0,,half the move,0.4932,0,bootstrap 90% lower bound > 0,20,0,,0.3952,0.1889,,,,,,,,,,,,,,,,,,,,,
gates,NFL Rule B,independent,0,,half the move,0.4932,0,bootstrap 95% lower bound > 0,20,0,,0.2681,0.1035,,,,,,,,,,,,,,,,,,,,,
gates,NFL Rule B,independent,0,,half the move,0.4932,0,t > calibrated 5%,20,0,1.89,0.1659,0.049,,,,,,,,,,,,,,,,,,,,,
gates,NFL Rule B,independent,0,,half the move,0.4932,0,t > 1.65,30,0,1.65,0.3124,0.09685,,,,,,,,,,,,,,,,,,,,,
gates,NFL Rule B,independent,0,,half the move,0.4932,0,bootstrap 90% lower bound > 0,30,0,,0.4765,0.2252,,,,,,,,,,,,,,,,,,,,,
gates,NFL Rule B,independent,0,,half the move,0.4932,0,bootstrap 95% lower bound > 0,30,0,,0.3385,0.1147,,,,,,,,,,,,,,,,,,,,,
gates,NFL Rule B,independent,0,,half the move,0.4932,0,t > calibrated 5%,30,0,1.85,0.2433,0.05672,,,,,,,,,,,,,,,,,,,,,
gates,NFL Rule B,independent,0,,half the move,0.4932,0,t > 1.65,40,0,1.65,0.3823,0.1177,,,,,,,,,,,,,,,,,,,,,
gates,NFL Rule B,independent,0,,half the move,0.4932,0,bootstrap 90% lower bound > 0,40,0,,0.5437,0.2791,,,,,,,,,,,,,,,,,,,,,
gates,NFL Rule B,independent,0,,half the move,0.4932,0,bootstrap 95% lower bound > 0,40,0,,0.4047,0.1401,,,,,,,,,,,,,,,,,,,,,
gates,NFL Rule B,independent,0,,half the move,0.4932,0,t > calibrated 5%,40,0,1.85,0.3024,0.0378,,,,,,,,,,,,,,,,,,,,,
gates,NFL Rule B,independent,0,,half the move,0.4932,0,sequential constant 5%,10-40,0,2.66,0.1764,0.03215,21.98,21,0.8236,,,,,,,,,,,,,,,,,,
gates,NFL Rule B,independent,0,,half the move,0.4932,0,sequential constant 10%,10-40,0,2.23,0.3229,0.09248,20.96,19,0.6771,,,,,,,,,,,,,,,,,,
gates,NFL Rule B,independent,0,,half the move,0.4932,0,sequential OBF 5%,10-40,0,2.14,0.2562,0.02605,30.47,32,0.7438,,,,,,,,,,,,,,,,,,
gates,NFL Rule B,independent,0,,half the move,0.4932,0,sequential OBF 10%,10-40,0,1.77,0.4072,0.1425,28.16,29,0.5928,,,,,,,,,,,,,,,,,,
gates,NFL Rule B,independent,0,,half the move,0.4932,0,registered keep test (reference),40,0,1.96,0.2646,0,,,,,,,,,,,,,,,,,,,,,
gates,NFL Rule B,independent,0,,half the move,0.4932,0,mean CLV > 0 (today's gate),20,0.25,,0.6797,0.4271,,,,,,,,,,,,,,,,,,,,,
gates,NFL Rule B,independent,0,,half the move,0.4932,0,t > 1.65,20,0.25,1.65,0.2361,0.08468,,,,,,,,,,,,,,,,,,,,,
gates,NFL Rule B,independent,0,,half the move,0.4932,0,bootstrap 90% lower bound > 0,20,0.25,,0.3952,0.1889,,,,,,,,,,,,,,,,,,,,,
gates,NFL Rule B,independent,0,,half the move,0.4932,0,bootstrap 95% lower bound > 0,20,0.25,,0.2681,0.1035,,,,,,,,,,,,,,,,,,,,,
gates,NFL Rule B,independent,0,,half the move,0.4932,0,t > calibrated 5%,20,0.25,1.89,0.1659,0.049,,,,,,,,,,,,,,,,,,,,,
gates,NFL Rule B,independent,0,,half the move,0.4932,0,t > 1.65,30,0.25,1.65,0.3124,0.09685,,,,,,,,,,,,,,,,,,,,,
gates,NFL Rule B,independent,0,,half the move,0.4932,0,bootstrap 90% lower bound > 0,30,0.25,,0.4765,0.2252,,,,,,,,,,,,,,,,,,,,,
gates,NFL Rule B,independent,0,,half the move,0.4932,0,bootstrap 95% lower bound > 0,30,0.25,,0.3385,0.1147,,,,,,,,,,,,,,,,,,,,,
gates,NFL Rule B,independent,0,,half the move,0.4932,0,t > calibrated 5%,30,0.25,1.85,0.2433,0.05672,,,,,,,,,,,,,,,,,,,,,
gates,NFL Rule B,independent,0,,half the move,0.4932,0,t > 1.65,40,0.25,1.65,0.3823,0.1177,,,,,,,,,,,,,,,,,,,,,
gates,NFL Rule B,independent,0,,half the move,0.4932,0,bootstrap 90% lower bound > 0,40,0.25,,0.5437,0.2791,,,,,,,,,,,,,,,,,,,,,
gates,NFL Rule B,independent,0,,half the move,0.4932,0,bootstrap 95% lower bound > 0,40,0.25,,0.4047,0.1401,,,,,,,,,,,,,,,,,,,,,
gates,NFL Rule B,independent,0,,half the move,0.4932,0,t > calibrated 5%,40,0.25,1.85,0.3024,0.0378,,,,,,,,,,,,,,,,,,,,,
gates,NFL Rule B,independent,0,,half the move,0.4932,0,sequential constant 5%,10-40,0.25,2.66,0.1764,0.03215,21.98,21,0.8236,,,,,,,,,,,,,,,,,,
gates,NFL Rule B,independent,0,,half the move,0.4932,0,sequential constant 10%,10-40,0.25,2.23,0.3229,0.09248,20.96,19,0.6771,,,,,,,,,,,,,,,,,,
gates,NFL Rule B,independent,0,,half the move,0.4932,0,sequential OBF 5%,10-40,0.25,2.14,0.2562,0.02605,30.47,32,0.7438,,,,,,,,,,,,,,,,,,
gates,NFL Rule B,independent,0,,half the move,0.4932,0,sequential OBF 10%,10-40,0.25,1.77,0.4072,0.1425,28.16,29,0.5928,,,,,,,,,,,,,,,,,,
gates,NFL Rule B,independent,0,,half the move,0.4932,0,mean CLV > 0 (today's gate),20,0.5,,0.4925,0.2668,,,,,,,,,,,,,,,,,,,,,
gates,NFL Rule B,independent,0,,half the move,0.4932,0,t > 1.65,20,0.5,1.65,0.2359,0.08457,,,,,,,,,,,,,,,,,,,,,
gates,NFL Rule B,independent,0,,half the move,0.4932,0,bootstrap 90% lower bound > 0,20,0.5,,0.3898,0.1849,,,,,,,,,,,,,,,,,,,,,
gates,NFL Rule B,independent,0,,half the move,0.4932,0,bootstrap 95% lower bound > 0,20,0.5,,0.2676,0.1032,,,,,,,,,,,,,,,,,,,,,
gates,NFL Rule B,independent,0,,half the move,0.4932,0,t > calibrated 5%,20,0.5,1.89,0.1659,0.04897,,,,,,,,,,,,,,,,,,,,,
gates,NFL Rule B,independent,0,,half the move,0.4932,0,t > 1.65,30,0.5,1.65,0.3119,0.09648,,,,,,,,,,,,,,,,,,,,,
gates,NFL Rule B,independent,0,,half the move,0.4932,0,bootstrap 90% lower bound > 0,30,0.5,,0.4533,0.2069,,,,,,,,,,,,,,,,,,,,,
gates,NFL Rule B,independent,0,,half the move,0.4932,0,bootstrap 95% lower bound > 0,30,0.5,,0.3373,0.114,,,,,,,,,,,,,,,,,,,,,
gates,NFL Rule B,independent,0,,half the move,0.4932,0,t > calibrated 5%,30,0.5,1.85,0.2432,0.05665,,,,,,,,,,,,,,,,,,,,,
gates,NFL Rule B,independent,0,,half the move,0.4932,0,t > 1.65,40,0.5,1.65,0.3785,0.114,,,,,,,,,,,,,,,,,,,,,
gates,NFL Rule B,independent,0,,half the move,0.4932,0,bootstrap 90% lower bound > 0,40,0.5,,0.4773,0.2129,,,,,,,,,,,,,,,,,,,,,
gates,NFL Rule B,independent,0,,half the move,0.4932,0,bootstrap 95% lower bound > 0,40,0.5,,0.3987,0.1342,,,,,,,,,,,,,,,,,,,,,
gates,NFL Rule B,independent,0,,half the move,0.4932,0,t > calibrated 5%,40,0.5,1.85,0.3019,0.03742,,,,,,,,,,,,,,,,,,,,,
gates,NFL Rule B,independent,0,,half the move,0.4932,0,sequential constant 5%,10-40,0.5,2.66,0.1764,0.03215,21.98,21,0.8236,,,,,,,,,,,,,,,,,,
gates,NFL Rule B,independent,0,,half the move,0.4932,0,sequential constant 10%,10-40,0.5,2.23,0.3229,0.09248,20.96,19,0.6771,,,,,,,,,,,,,,,,,,
gates,NFL Rule B,independent,0,,half the move,0.4932,0,sequential OBF 5%,10-40,0.5,2.14,0.2562,0.02605,30.47,32,0.7438,,,,,,,,,,,,,,,,,,
gates,NFL Rule B,independent,0,,half the move,0.4932,0,sequential OBF 10%,10-40,0.5,1.77,0.4065,0.1419,28.14,29,0.5935,,,,,,,,,,,,,,,,,,
gates,NFL Rule B,independent,0,,half the move,0.3933,0.2,mean CLV > 0 (today's gate),20,0,,0.8073,0.6004,,,,,,,,,,,,,,,,,,,,,
gates,NFL Rule B,independent,0,,half the move,0.3933,0.2,t > 1.65,20,0,1.65,0.2007,0.08443,,,,,,,,,,,,,,,,,,,,,
gates,NFL Rule B,independent,0,,half the move,0.3933,0.2,bootstrap 90% lower bound > 0,20,0,,0.3555,0.1933,,,,,,,,,,,,,,,,,,,,,
gates,NFL Rule B,independent,0,,half the move,0.3933,0.2,bootstrap 95% lower bound > 0,20,0,,0.2387,0.1091,,,,,,,,,,,,,,,,,,,,,
gates,NFL Rule B,independent,0,,half the move,0.3933,0.2,t > calibrated 5%,20,0,1.89,0.1348,0.04818,,,,,,,,,,,,,,,,,,,,,
gates,NFL Rule B,independent,0,,half the move,0.3933,0.2,t > 1.65,30,0,1.65,0.2622,0.09452,,,,,,,,,,,,,,,,,,,,,
gates,NFL Rule B,independent,0,,half the move,0.3933,0.2,bootstrap 90% lower bound > 0,30,0,,0.424,0.2255,,,,,,,,,,,,,,,,,,,,,
gates,NFL Rule B,independent,0,,half the move,0.3933,0.2,bootstrap 95% lower bound > 0,30,0,,0.2943,0.1182,,,,,,,,,,,,,,,,,,,,,
gates,NFL Rule B,independent,0,,half the move,0.3933,0.2,t > calibrated 5%,30,0,1.85,0.1948,0.05255,,,,,,,,,,,,,,,,,,,,,
gates,NFL Rule B,independent,0,,half the move,0.3933,0.2,t > 1.65,40,0,1.65,0.3188,0.1099,,,,,,,,,,,,,,,,,,,,,
gates,NFL Rule B,independent,0,,half the move,0.3933,0.2,bootstrap 90% lower bound > 0,40,0,,0.4843,0.2754,,,,,,,,,,,,,,,,,,,,,
gates,NFL Rule B,independent,0,,half the move,0.3933,0.2,bootstrap 95% lower bound > 0,40,0,,0.3465,0.1376,,,,,,,,,,,,,,,,,,,,,
gates,NFL Rule B,independent,0,,half the move,0.3933,0.2,t > calibrated 5%,40,0,1.85,0.2466,0.0377,,,,,,,,,,,,,,,,,,,,,
gates,NFL Rule B,independent,0,,half the move,0.3933,0.2,sequential constant 5%,10-40,0,2.66,0.1283,0.02618,22.35,21,0.8717,,,,,,,,,,,,,,,,,,
gates,NFL Rule B,independent,0,,half the move,0.3933,0.2,sequential constant 10%,10-40,0,2.23,0.2593,0.08385,21.24,20,0.7407,,,,,,,,,,,,,,,,,,
gates,NFL Rule B,independent,0,,half the move,0.3933,0.2,sequential OBF 5%,10-40,0,2.14,0.1983,0.02252,31.1,32,0.8017,,,,,,,,,,,,,,,,,,
gates,NFL Rule B,independent,0,,half the move,0.3933,0.2,sequential OBF 10%,10-40,0,1.77,0.3419,0.133,28.89,30,0.6581,,,,,,,,,,,,,,,,,,
gates,NFL Rule B,independent,0,,half the move,0.3933,0.2,registered keep test (reference),40,0,1.96,0.2089,0,,,,,,,,,,,,,,,,,,,,,
gates,NFL Rule B,independent,0,,half the move,0.3933,0.2,mean CLV > 0 (today's gate),20,0.25,,0.6179,0.4205,,,,,,,,,,,,,,,,,,,,,
gates,NFL Rule B,independent,0,,half the move,0.3933,0.2,t > 1.65,20,0.25,1.65,0.2006,0.0844,,,,,,,,,,,,,,,,,,,,,
gates,NFL Rule B,independent,0,,half the move,0.3933,0.2,bootstrap 90% lower bound > 0,20,0.25,,0.3554,0.1932,,,,,,,,,,,,,,,,,,,,,
gates,NFL Rule B,independent,0,,half the move,0.3933,0.2,bootstrap 95% lower bound > 0,20,0.25,,0.2387,0.1091,,,,,,,,,,,,,,,,,,,,,
gates,NFL Rule B,independent,0,,half the move,0.3933,0.2,t > calibrated 5%,20,0.25,1.89,0.1348,0.04818,,,,,,,,,,,,,,,,,,,,,
gates,NFL Rule B,independent,0,,half the move,0.3933,0.2,t > 1.65,30,0.25,1.65,0.2622,0.09452,,,,,,,,,,,,,,,,,,,,,
gates,NFL Rule B,independent,0,,half the move,0.3933,0.2,bootstrap 90% lower bound > 0,30,0.25,,0.424,0.2255,,,,,,,,,,,,,,,,,,,,,
gates,NFL Rule B,independent,0,,half the move,0.3933,0.2,bootstrap 95% lower bound > 0,30,0.25,,0.2943,0.1182,,,,,,,,,,,,,,,,,,,,,
gates,NFL Rule B,independent,0,,half the move,0.3933,0.2,t > calibrated 5%,30,0.25,1.85,0.1948,0.05255,,,,,,,,,,,,,,,,,,,,,
gates,NFL Rule B,independent,0,,half the move,0.3933,0.2,t > 1.65,40,0.25,1.65,0.3188,0.1099,,,,,,,,,,,,,,,,,,,,,
gates,NFL Rule B,independent,0,,half the move,0.3933,0.2,bootstrap 90% lower bound > 0,40,0.25,,0.4843,0.2753,,,,,,,,,,,,,,,,,,,,,
gates,NFL Rule B,independent,0,,half the move,0.3933,0.2,bootstrap 95% lower bound > 0,40,0.25,,0.3465,0.1376,,,,,,,,,,,,,,,,,,,,,
gates,NFL Rule B,independent,0,,half the move,0.3933,0.2,t > calibrated 5%,40,0.25,1.85,0.2466,0.0377,,,,,,,,,,,,,,,,,,,,,
gates,NFL Rule B,independent,0,,half the move,0.3933,0.2,sequential constant 5%,10-40,0.25,2.66,0.1283,0.02618,22.35,21,0.8717,,,,,,,,,,,,,,,,,,
gates,NFL Rule B,independent,0,,half the move,0.3933,0.2,sequential constant 10%,10-40,0.25,2.23,0.2593,0.08385,21.24,20,0.7407,,,,,,,,,,,,,,,,,,
gates,NFL Rule B,independent,0,,half the move,0.3933,0.2,sequential OBF 5%,10-40,0.25,2.14,0.1983,0.02252,31.1,32,0.8017,,,,,,,,,,,,,,,,,,
gates,NFL Rule B,independent,0,,half the move,0.3933,0.2,sequential OBF 10%,10-40,0.25,1.77,0.3419,0.133,28.89,30,0.6581,,,,,,,,,,,,,,,,,,
gates,NFL Rule B,independent,0,,half the move,0.3933,0.2,mean CLV > 0 (today's gate),20,0.5,,0.4029,0.2343,,,,,,,,,,,,,,,,,,,,,
gates,NFL Rule B,independent,0,,half the move,0.3933,0.2,t > 1.65,20,0.5,1.65,0.1989,0.08322,,,,,,,,,,,,,,,,,,,,,
gates,NFL Rule B,independent,0,,half the move,0.3933,0.2,bootstrap 90% lower bound > 0,20,0.5,,0.3348,0.1779,,,,,,,,,,,,,,,,,,,,,
gates,NFL Rule B,independent,0,,half the move,0.3933,0.2,bootstrap 95% lower bound > 0,20,0.5,,0.2351,0.1066,,,,,,,,,,,,,,,,,,,,,
gates,NFL Rule B,independent,0,,half the move,0.3933,0.2,t > calibrated 5%,20,0.5,1.89,0.1344,0.0479,,,,,,,,,,,,,,,,,,,,,
gates,NFL Rule B,independent,0,,half the move,0.3933,0.2,t > 1.65,30,0.5,1.65,0.2559,0.09055,,,,,,,,,,,,,,,,,,,,,
gates,NFL Rule B,independent,0,,half the move,0.3933,0.2,bootstrap 90% lower bound > 0,30,0.5,,0.367,0.18,,,,,,,,,,,,,,,,,,,,,
gates,NFL Rule B,independent,0,,half the move,0.3933,0.2,bootstrap 95% lower bound > 0,30,0.5,,0.2845,0.1118,,,,,,,,,,,,,,,,,,,,,
gates,NFL Rule B,independent,0,,half the move,0.3933,0.2,t > calibrated 5%,30,0.5,1.85,0.193,0.0516,,,,,,,,,,,,,,,,,,,,,
gates,NFL Rule B,independent,0,,half the move,0.3933,0.2,t > 1.65,40,0.5,1.65,0.3006,0.09405,,,,,,,,,,,,,,,,,,,,,
gates,NFL Rule B,independent,0,,half the move,0.3933,0.2,bootstrap 90% lower bound > 0,40,0.5,,0.3633,0.1567,,,,,,,,,,,,,,,,,,,,,
gates,NFL Rule B,independent,0,,half the move,0.3933,0.2,bootstrap 95% lower bound > 0,40,0.5,,0.3197,0.1131,,,,,,,,,,,,,,,,,,,,,
gates,NFL Rule B,independent,0,,half the move,0.3933,0.2,t > calibrated 5%,40,0.5,1.85,0.2415,0.03495,,,,,,,,,,,,,,,,,,,,,
gates,NFL Rule B,independent,0,,half the move,0.3933,0.2,sequential constant 5%,10-40,0.5,2.66,0.1283,0.02612,22.36,21,0.8718,,,,,,,,,,,,,,,,,,
gates,NFL Rule B,independent,0,,half the move,0.3933,0.2,sequential constant 10%,10-40,0.5,2.23,0.2587,0.08347,21.22,20,0.7413,,,,,,,,,,,,,,,,,,
gates,NFL Rule B,independent,0,,half the move,0.3933,0.2,sequential OBF 5%,10-40,0.5,2.14,0.1979,0.02237,31.09,32,0.8021,,,,,,,,,,,,,,,,,,
gates,NFL Rule B,independent,0,,half the move,0.3933,0.2,sequential OBF 10%,10-40,0.5,1.77,0.3368,0.1285,28.77,30,0.6632,,,,,,,,,,,,,,,,,,
gates,NFL Rule B,independent,0,,half the move,0.2959,0.4,mean CLV > 0 (today's gate),20,0,,0.7742,0.6173,,,,,,,,,,,,,,,,,,,,,
gates,NFL Rule B,independent,0,,half the move,0.2959,0.4,t > 1.65,20,0,1.65,0.1648,0.07913,,,,,,,,,,,,,,,,,,,,,
gates,NFL Rule B,independent,0,,half the move,0.2959,0.4,bootstrap 90% lower bound > 0,20,0,,0.3178,0.1929,,,,,,,,,,,,,,,,,,,,,
gates,NFL Rule B,independent,0,,half the move,0.2959,0.4,bootstrap 95% lower bound > 0,20,0,,0.2113,0.1109,,,,,,,,,,,,,,,,,,,,,
gates,NFL Rule B,independent,0,,half the move,0.2959,0.4,t > calibrated 5%,20,0,1.89,0.1044,0.04205,,,,,,,,,,,,,,,,,,,,,
gates,NFL Rule B,independent,0,,half the move,0.2959,0.4,t > 1.65,30,0,1.65,0.2104,0.0842,,,,,,,,,,,,,,,,,,,,,
gates,NFL Rule B,independent,0,,half the move,0.2959,0.4,bootstrap 90% lower bound > 0,30,0,,0.3714,0.221,,,,,,,,,,,,,,,,,,,,,
gates,NFL Rule B,independent,0,,half the move,0.2959,0.4,bootstrap 95% lower bound > 0,30,0,,0.2486,0.1138,,,,,,,,,,,,,,,,,,,,,
gates,NFL Rule B,independent,0,,half the move,0.2959,0.4,t > calibrated 5%,30,0,1.85,0.1513,0.04515,,,,,,,,,,,,,,,,,,,,,
gates,NFL Rule B,independent,0,,half the move,0.2959,0.4,t > 1.65,40,0,1.65,0.2572,0.0991,,,,,,,,,,,,,,,,,,,,,
gates,NFL Rule B,independent,0,,half the move,0.2959,0.4,bootstrap 90% lower bound > 0,40,0,,0.4234,0.2653,,,,,,,,,,,,,,,,,,,,,
gates,NFL Rule B,independent,0,,half the move,0.2959,0.4,bootstrap 95% lower bound > 0,40,0,,0.29,0.132,,,,,,,,,,,,,,,,,,,,,
gates,NFL Rule B,independent,0,,half the move,0.2959,0.4,t > calibrated 5%,40,0,1.85,0.1888,0.0307,,,,,,,,,,,,,,,,,,,,,
gates,NFL Rule B,independent,0,,half the move,0.2959,0.4,sequential constant 5%,10-40,0,2.66,0.0814,0.01785,23.16,23,0.9186,,,,,,,,,,,,,,,,,,
gates,NFL Rule B,independent,0,,half the move,0.2959,0.4,sequential constant 10%,10-40,0,2.23,0.1903,0.0645,21.76,21,0.8096,,,,,,,,,,,,,,,,,,
gates,NFL Rule B,independent,0,,half the move,0.2959,0.4,sequential OBF 5%,10-40,0,2.14,0.1434,0.01645,32.01,33,0.8566,,,,,,,,,,,,,,,,,,
gates,NFL Rule B,independent,0,,half the move,0.2959,0.4,sequential OBF 10%,10-40,0,1.77,0.2699,0.1118,29.73,30,0.7301,,,,,,,,,,,,,,,,,,
gates,NFL Rule B,independent,0,,half the move,0.2959,0.4,registered keep test (reference),40,0,1.96,0.1581,0,,,,,,,,,,,,,,,,,,,,,
gates,NFL Rule B,independent,0,,half the move,0.2959,0.4,mean CLV > 0 (today's gate),20,0.25,,0.5385,0.3919,,,,,,,,,,,,,,,,,,,,,
gates,NFL Rule B,independent,0,,half the move,0.2959,0.4,t > 1.65,20,0.25,1.65,0.1647,0.079,,,,,,,,,,,,,,,,,,,,,
gates,NFL Rule B,independent,0,,half the move,0.2959,0.4,bootstrap 90% lower bound > 0,20,0.25,,0.3167,0.192,,,,,,,,,,,,,,,,,,,,,
gates,NFL Rule B,independent,0,,half the move,0.2959,0.4,bootstrap 95% lower bound > 0,20,0.25,,0.211,0.1106,,,,,,,,,,,,,,,,,,,,,
gates,NFL Rule B,independent,0,,half the move,0.2959,0.4,t > calibrated 5%,20,0.25,1.89,0.1043,0.04202,,,,,,,,,,,,,,,,,,,,,
gates,NFL Rule B,independent,0,,half the move,0.2959,0.4,t > 1.65,30,0.25,1.65,0.2103,0.08415,,,,,,,,,,,,,,,,,,,,,
gates,NFL Rule B,independent,0,,half the move,0.2959,0.4,bootstrap 90% lower bound > 0,30,0.25,,0.3701,0.22,,,,,,,,,,,,,,,,,,,,,
gates,NFL Rule B,independent,0,,half the move,0.2959,0.4,bootstrap 95% lower bound > 0,30,0.25,,0.2485,0.1137,,,,,,,,,,,,,,,,,,,,,
gates,NFL Rule B,independent,0,,half the move,0.2959,0.4,t > calibrated 5%,30,0.25,1.85,0.1513,0.04512,,,,,,,,,,,,,,,,,,,,,
gates,NFL Rule B,independent,0,,half the move,0.2959,0.4,t > 1.65,40,0.25,1.65,0.2571,0.099,,,,,,,,,,,,,,,,,,,,,
gates,NFL Rule B,independent,0,,half the move,0.2959,0.4,bootstrap 90% lower bound > 0,40,0.25,,0.421,0.2629,,,,,,,,,,,,,,,,,,,,,
gates,NFL Rule B,independent,0,,half the move,0.2959,0.4,bootstrap 95% lower bound > 0,40,0.25,,0.2899,0.1318,,,,,,,,,,,,,,,,,,,,,
gates,NFL Rule B,independent,0,,half the move,0.2959,0.4,t > calibrated 5%,40,0.25,1.85,0.1888,0.0307,,,,,,,,,,,,,,,,,,,,,
gates,NFL Rule B,independent,0,,half the move,0.2959,0.4,sequential constant 5%,10-40,0.25,2.66,0.08138,0.01783,23.16,23,0.9186,,,,,,,,,,,,,,,,,,
gates,NFL Rule B,independent,0,,half the move,0.2959,0.4,sequential constant 10%,10-40,0.25,2.23,0.1903,0.06445,21.76,21,0.8097,,,,,,,,,,,,,,,,,,
gates,NFL Rule B,independent,0,,half the move,0.2959,0.4,sequential OBF 5%,10-40,0.25,2.14,0.1434,0.01645,32.01,33,0.8566,,,,,,,,,,,,,,,,,,
gates,NFL Rule B,independent,0,,half the move,0.2959,0.4,sequential OBF 10%,10-40,0.25,1.77,0.2699,0.1118,29.73,30,0.7301,,,,,,,,,,,,,,,,,,
gates,NFL Rule B,independent,0,,half the move,0.2959,0.4,mean CLV > 0 (today's gate),20,0.5,,0.3023,0.1855,,,,,,,,,,,,,,,,,,,,,
gates,NFL Rule B,independent,0,,half the move,0.2959,0.4,t > 1.65,20,0.5,1.65,0.156,0.07272,,,,,,,,,,,,,,,,,,,,,
gates,NFL Rule B,independent,0,,half the move,0.2959,0.4,bootstrap 90% lower bound > 0,20,0.5,,0.2647,0.1525,,,,,,,,,,,,,,,,,,,,,
gates,NFL Rule B,independent,0,,half the move,0.2959,0.4,bootstrap 95% lower bound > 0,20,0.5,,0.1943,0.09875,,,,,,,,,,,,,,,,,,,,,
gates,NFL Rule B,independent,0,,half the move,0.2959,0.4,t > calibrated 5%,20,0.5,1.89,0.1013,0.0399,,,,,,,,,,,,,,,,,,,,,
gates,NFL Rule B,independent,0,,half the move,0.2959,0.4,t > 1.65,30,0.5,1.65,0.1899,0.07147,,,,,,,,,,,,,,,,,,,,,
gates,NFL Rule B,independent,0,,half the move,0.2959,0.4,bootstrap 90% lower bound > 0,30,0.5,,0.2572,0.1286,,,,,,,,,,,,,,,,,,,,,
gates,NFL Rule B,independent,0,,half the move,0.2959,0.4,bootstrap 95% lower bound > 0,30,0.5,,0.2145,0.09085,,,,,,,,,,,,,,,,,,,,,
gates,NFL Rule B,independent,0,,half the move,0.2959,0.4,t > calibrated 5%,30,0.5,1.85,0.1429,0.04043,,,,,,,,,,,,,,,,,,,,,
gates,NFL Rule B,independent,0,,half the move,0.2959,0.4,t > 1.65,40,0.5,1.65,0.2051,0.05908,,,,,,,,,,,,,,,,,,,,,
gates,NFL Rule B,independent,0,,half the move,0.2959,0.4,bootstrap 90% lower bound > 0,40,0.5,,0.2314,0.08545,,,,,,,,,,,,,,,,,,,,,
gates,NFL Rule B,independent,0,,half the move,0.2959,0.4,bootstrap 95% lower bound > 0,40,0.5,,0.2165,0.07055,,,,,,,,,,,,,,,,,,,,,
gates,NFL Rule B,independent,0,,half the move,0.2959,0.4,t > calibrated 5%,40,0.5,1.85,0.1684,0.02247,,,,,,,,,,,,,,,,,,,,,
gates,NFL Rule B,independent,0,,half the move,0.2959,0.4,sequential constant 5%,10-40,0.5,2.66,0.08075,0.0174,23.17,23,0.9193,,,,,,,,,,,,,,,,,,
gates,NFL Rule B,independent,0,,half the move,0.2959,0.4,sequential constant 10%,10-40,0.5,2.23,0.1872,0.06252,21.76,21,0.8128,,,,,,,,,,,,,,,,,,
gates,NFL Rule B,independent,0,,half the move,0.2959,0.4,sequential OBF 5%,10-40,0.5,2.14,0.1402,0.01575,31.91,33,0.8598,,,,,,,,,,,,,,,,,,
gates,NFL Rule B,independent,0,,half the move,0.2959,0.4,sequential OBF 10%,10-40,0.5,1.77,0.2493,0.0961,29.23,30,0.7507,,,,,,,,,,,,,,,,,,
gates,NFL Rule B,independent,0,,full move,0.9858,0,mean CLV > 0 (today's gate),20,0,,0.9763,0.174,,,,,,,,,,,,,,,,,,,,,
gates,NFL Rule B,independent,0,,full move,0.9858,0,t > 1.65,20,0,1.65,0.629,0.03828,,,,,,,,,,,,,,,,,,,,,
gates,NFL Rule B,independent,0,,full move,0.9858,0,bootstrap 90% lower bound > 0,20,0,,0.7782,0.07393,,,,,,,,,,,,,,,,,,,,,
gates,NFL Rule B,independent,0,,full move,0.9858,0,bootstrap 95% lower bound > 0,20,0,,0.6641,0.0451,,,,,,,,,,,,,,,,,,,,,
gates,NFL Rule B,independent,0,,full move,0.9858,0,t > calibrated 5%,20,0,1.89,0.5299,0.02272,,,,,,,,,,,,,,,,,,,,,
gates,NFL Rule B,independent,0,,full move,0.9858,0,t > 1.65,30,0,1.65,0.7862,0.0497,,,,,,,,,,,,,,,,,,,,,
gates,NFL Rule B,independent,0,,full move,0.9858,0,bootstrap 90% lower bound > 0,30,0,,0.8896,0.1007,,,,,,,,,,,,,,,,,,,,,
gates,NFL Rule B,independent,0,,full move,0.9858,0,bootstrap 95% lower bound > 0,30,0,,0.8047,0.05713,,,,,,,,,,,,,,,,,,,,,
gates,NFL Rule B,independent,0,,full move,0.9858,0,t > calibrated 5%,30,0,1.85,0.7197,0.0311,,,,,,,,,,,,,,,,,,,,,
gates,NFL Rule B,independent,0,,full move,0.9858,0,t > 1.65,40,0,1.65,0.8843,0.07867,,,,,,,,,,,,,,,,,,,,,
gates,NFL Rule B,independent,0,,full move,0.9858,0,bootstrap 90% lower bound > 0,40,0,,0.9462,0.1405,,,,,,,,,,,,,,,,,,,,,
gates,NFL Rule B,independent,0,,full move,0.9858,0,bootstrap 95% lower bound > 0,40,0,,0.8941,0.08847,,,,,,,,,,,,,,,,,,,,,
gates,NFL Rule B,independent,0,,full move,0.9858,0,t > calibrated 5%,40,0,1.85,0.8352,0.02958,,,,,,,,,,,,,,,,,,,,,
gates,NFL Rule B,independent,0,,full move,0.9858,0,sequential constant 5%,10-40,0,2.66,0.6543,0.01525,21.59,20,0.3457,,,,,,,,,,,,,,,,,,
gates,NFL Rule B,independent,0,,full move,0.9858,0,sequential constant 10%,10-40,0,2.23,0.8096,0.04172,19.15,17,0.1904,,,,,,,,,,,,,,,,,,
gates,NFL Rule B,independent,0,,full move,0.9858,0,sequential OBF 5%,10-40,0,2.14,0.7872,0.01588,27.05,27,0.2128,,,,,,,,,,,,,,,,,,
gates,NFL Rule B,independent,0,,full move,0.9858,0,sequential OBF 10%,10-40,0,1.77,0.8878,0.0821,23.8,23,0.1122,,,,,,,,,,,,,,,,,,
gates,NFL Rule B,independent,0,,full move,0.9858,0,registered keep test (reference),40,0,1.96,0.8056,0,,,,,,,,,,,,,,,,,,,,,
gates,NFL Rule B,independent,0,,full move,0.9858,0,mean CLV > 0 (today's gate),20,0.25,,0.9333,0.1447,,,,,,,,,,,,,,,,,,,,,
gates,NFL Rule B,independent,0,,full move,0.9858,0,t > 1.65,20,0.25,1.65,0.629,0.03828,,,,,,,,,,,,,,,,,,,,,
gates,NFL Rule B,independent,0,,full move,0.9858,0,bootstrap 90% lower bound > 0,20,0.25,,0.7782,0.07393,,,,,,,,,,,,,,,,,,,,,
gates,NFL Rule B,independent,0,,full move,0.9858,0,bootstrap 95% lower bound > 0,20,0.25,,0.6641,0.0451,,,,,,,,,,,,,,,,,,,,,
gates,NFL Rule B,independent,0,,full move,0.9858,0,t > calibrated 5%,20,0.25,1.89,0.5299,0.02272,,,,,,,,,,,,,,,,,,,,,
gates,NFL Rule B,independent,0,,full move,0.9858,0,t > 1.65,30,0.25,1.65,0.7862,0.0497,,,,,,,,,,,,,,,,,,,,,
gates,NFL Rule B,independent,0,,full move,0.9858,0,bootstrap 90% lower bound > 0,30,0.25,,0.8896,0.1007,,,,,,,,,,,,,,,,,,,,,
gates,NFL Rule B,independent,0,,full move,0.9858,0,bootstrap 95% lower bound > 0,30,0.25,,0.8047,0.05713,,,,,,,,,,,,,,,,,,,,,
gates,NFL Rule B,independent,0,,full move,0.9858,0,t > calibrated 5%,30,0.25,1.85,0.7197,0.0311,,,,,,,,,,,,,,,,,,,,,
gates,NFL Rule B,independent,0,,full move,0.9858,0,t > 1.65,40,0.25,1.65,0.8843,0.07867,,,,,,,,,,,,,,,,,,,,,
gates,NFL Rule B,independent,0,,full move,0.9858,0,bootstrap 90% lower bound > 0,40,0.25,,0.9462,0.1405,,,,,,,,,,,,,,,,,,,,,
gates,NFL Rule B,independent,0,,full move,0.9858,0,bootstrap 95% lower bound > 0,40,0.25,,0.8941,0.08847,,,,,,,,,,,,,,,,,,,,,
gates,NFL Rule B,independent,0,,full move,0.9858,0,t > calibrated 5%,40,0.25,1.85,0.8352,0.02958,,,,,,,,,,,,,,,,,,,,,
gates,NFL Rule B,independent,0,,full move,0.9858,0,sequential constant 5%,10-40,0.25,2.66,0.6543,0.01525,21.59,20,0.3457,,,,,,,,,,,,,,,,,,
gates,NFL Rule B,independent,0,,full move,0.9858,0,sequential constant 10%,10-40,0.25,2.23,0.8096,0.04172,19.15,17,0.1904,,,,,,,,,,,,,,,,,,
gates,NFL Rule B,independent,0,,full move,0.9858,0,sequential OBF 5%,10-40,0.25,2.14,0.7872,0.01588,27.05,27,0.2128,,,,,,,,,,,,,,,,,,
gates,NFL Rule B,independent,0,,full move,0.9858,0,sequential OBF 10%,10-40,0.25,1.77,0.8878,0.0821,23.8,23,0.1122,,,,,,,,,,,,,,,,,,
gates,NFL Rule B,independent,0,,full move,0.9858,0,mean CLV > 0 (today's gate),20,0.5,,0.8329,0.09655,,,,,,,,,,,,,,,,,,,,,
gates,NFL Rule B,independent,0,,full move,0.9858,0,t > 1.65,20,0.5,1.65,0.6286,0.03825,,,,,,,,,,,,,,,,,,,,,
gates,NFL Rule B,independent,0,,full move,0.9858,0,bootstrap 90% lower bound > 0,20,0.5,,0.7728,0.07237,,,,,,,,,,,,,,,,,,,,,
gates,NFL Rule B,independent,0,,full move,0.9858,0,bootstrap 95% lower bound > 0,20,0.5,,0.6636,0.04505,,,,,,,,,,,,,,,,,,,,,
gates,NFL Rule B,independent,0,,full move,0.9858,0,t > calibrated 5%,20,0.5,1.89,0.5298,0.02272,,,,,,,,,,,,,,,,,,,,,
gates,NFL Rule B,independent,0,,full move,0.9858,0,t > 1.65,30,0.5,1.65,0.7854,0.0494,,,,,,,,,,,,,,,,,,,,,
gates,NFL Rule B,independent,0,,full move,0.9858,0,bootstrap 90% lower bound > 0,30,0.5,,0.8721,0.09173,,,,,,,,,,,,,,,,,,,,,
gates,NFL Rule B,independent,0,,full move,0.9858,0,bootstrap 95% lower bound > 0,30,0.5,,0.8033,0.05665,,,,,,,,,,,,,,,,,,,,,
gates,NFL Rule B,independent,0,,full move,0.9858,0,t > calibrated 5%,30,0.5,1.85,0.7195,0.03105,,,,,,,,,,,,,,,,,,,,,
gates,NFL Rule B,independent,0,,full move,0.9858,0,t > 1.65,40,0.5,1.65,0.8802,0.07485,,,,,,,,,,,,,,,,,,,,,
gates,NFL Rule B,independent,0,,full move,0.9858,0,bootstrap 90% lower bound > 0,40,0.5,,0.9155,0.1101,,,,,,,,,,,,,,,,,,,,,
gates,NFL Rule B,independent,0,,full move,0.9858,0,bootstrap 95% lower bound > 0,40,0.5,,0.8887,0.08338,,,,,,,,,,,,,,,,,,,,,
gates,NFL Rule B,independent,0,,full move,0.9858,0,t > calibrated 5%,40,0.5,1.85,0.8345,0.02913,,,,,,,,,,,,,,,,,,,,,
gates,NFL Rule B,independent,0,,full move,0.9858,0,sequential constant 5%,10-40,0.5,2.66,0.6543,0.01523,21.59,20,0.3457,,,,,,,,,,,,,,,,,,
gates,NFL Rule B,independent,0,,full move,0.9858,0,sequential constant 10%,10-40,0.5,2.23,0.8095,0.04167,19.15,17,0.1905,,,,,,,,,,,,,,,,,,
gates,NFL Rule B,independent,0,,full move,0.9858,0,sequential OBF 5%,10-40,0.5,2.14,0.7871,0.01588,27.05,27,0.2129,,,,,,,,,,,,,,,,,,
gates,NFL Rule B,independent,0,,full move,0.9858,0,sequential OBF 10%,10-40,0.5,1.77,0.8872,0.0816,23.79,23,0.1128,,,,,,,,,,,,,,,,,,
gates,NFL Rule B,independent,0,,full move,0.7873,0.2,mean CLV > 0 (today's gate),20,0,,0.9594,0.2679,,,,,,,,,,,,,,,,,,,,,
gates,NFL Rule B,independent,0,,full move,0.7873,0.2,t > 1.65,20,0,1.65,0.532,0.05457,,,,,,,,,,,,,,,,,,,,,
gates,NFL Rule B,independent,0,,full move,0.7873,0.2,bootstrap 90% lower bound > 0,20,0,,0.7074,0.1133,,,,,,,,,,,,,,,,,,,,,
gates,NFL Rule B,independent,0,,full move,0.7873,0.2,bootstrap 95% lower bound > 0,20,0,,0.5787,0.06728,,,,,,,,,,,,,,,,,,,,,
gates,NFL Rule B,independent,0,,full move,0.7873,0.2,t > calibrated 5%,20,0,1.89,0.4268,0.03135,,,,,,,,,,,,,,,,,,,,,
gates,NFL Rule B,independent,0,,full move,0.7873,0.2,t > 1.65,30,0,1.65,0.6907,0.07053,,,,,,,,,,,,,,,,,,,,,
gates,NFL Rule B,independent,0,,full move,0.7873,0.2,bootstrap 90% lower bound > 0,30,0,,0.8252,0.1492,,,,,,,,,,,,,,,,,,,,,
gates,NFL Rule B,independent,0,,full move,0.7873,0.2,bootstrap 95% lower bound > 0,30,0,,0.7182,0.08425,,,,,,,,,,,,,,,,,,,,,
gates,NFL Rule B,independent,0,,full move,0.7873,0.2,t > calibrated 5%,30,0,1.85,0.6099,0.04208,,,,,,,,,,,,,,,,,,,,,
gates,NFL Rule B,independent,0,,full move,0.7873,0.2,t > 1.65,40,0,1.65,0.8048,0.1101,,,,,,,,,,,,,,,,,,,,,
gates,NFL Rule B,independent,0,,full move,0.7873,0.2,bootstrap 90% lower bound > 0,40,0,,0.9018,0.2071,,,,,,,,,,,,,,,,,,,,,
gates,NFL Rule B,independent,0,,full move,0.7873,0.2,bootstrap 95% lower bound > 0,40,0,,0.8252,0.1304,,,,,,,,,,,,,,,,,,,,,
gates,NFL Rule B,independent,0,,full move,0.7873,0.2,t > calibrated 5%,40,0,1.85,0.7376,0.04285,,,,,,,,,,,,,,,,,,,,,
gates,NFL Rule B,independent,0,,full move,0.7873,0.2,sequential constant 5%,10-40,0,2.66,0.5098,0.01738,22.82,22,0.4902,,,,,,,,,,,,,,,,,,
gates,NFL Rule B,independent,0,,full move,0.7873,0.2,sequential constant 10%,10-40,0,2.23,0.6996,0.05485,20.4,18,0.3004,,,,,,,,,,,,,,,,,,
gates,NFL Rule B,independent,0,,full move,0.7873,0.2,sequential OBF 5%,10-40,0,2.14,0.6671,0.01912,28.72,29,0.3329,,,,,,,,,,,,,,,,,,
gates,NFL Rule B,independent,0,,full move,0.7873,0.2,sequential OBF 10%,10-40,0,1.77,0.8088,0.114,25.63,25,0.1912,,,,,,,,,,,,,,,,,,
gates,NFL Rule B,independent,0,,full move,0.7873,0.2,registered keep test (reference),40,0,1.96,0.6947,0,,,,,,,,,,,,,,,,,,,,,
gates,NFL Rule B,independent,0,,full move,0.7873,0.2,mean CLV > 0 (today's gate),20,0.25,,0.8853,0.2128,,,,,,,,,,,,,,,,,,,,,
gates,NFL Rule B,independent,0,,full move,0.7873,0.2,t > 1.65,20,0.25,1.65,0.532,0.05457,,,,,,,,,,,,,,,,,,,,,
gates,NFL Rule B,independent,0,,full move,0.7873,0.2,bootstrap 90% lower bound > 0,20,0.25,,0.7073,0.1133,,,,,,,,,,,,,,,,,,,,,
gates,NFL Rule B,independent,0,,full move,0.7873,0.2,bootstrap 95% lower bound > 0,20,0.25,,0.5787,0.06728,,,,,,,,,,,,,,,,,,,,,
gates,NFL Rule B,independent,0,,full move,0.7873,0.2,t > calibrated 5%,20,0.25,1.89,0.4268,0.03135,,,,,,,,,,,,,,,,,,,,,
gates,NFL Rule B,independent,0,,full move,0.7873,0.2,t > 1.65,30,0.25,1.65,0.6907,0.07053,,,,,,,,,,,,,,,,,,,,,
gates,NFL Rule B,independent,0,,full move,0.7873,0.2,bootstrap 90% lower bound > 0,30,0.25,,0.8252,0.1492,,,,,,,,,,,,,,,,,,,,,
gates,NFL Rule B,independent,0,,full move,0.7873,0.2,bootstrap 95% lower bound > 0,30,0.25,,0.7182,0.08425,,,,,,,,,,,,,,,,,,,,,
gates,NFL Rule B,independent,0,,full move,0.7873,0.2,t > calibrated 5%,30,0.25,1.85,0.6099,0.04208,,,,,,,,,,,,,,,,,,,,,
gates,NFL Rule B,independent,0,,full move,0.7873,0.2,t > 1.65,40,0.25,1.65,0.8048,0.1101,,,,,,,,,,,,,,,,,,,,,
gates,NFL Rule B,independent,0,,full move,0.7873,0.2,bootstrap 90% lower bound > 0,40,0.25,,0.9018,0.2071,,,,,,,,,,,,,,,,,,,,,
gates,NFL Rule B,independent,0,,full move,0.7873,0.2,bootstrap 95% lower bound > 0,40,0.25,,0.8252,0.1304,,,,,,,,,,,,,,,,,,,,,
gates,NFL Rule B,independent,0,,full move,0.7873,0.2,t > calibrated 5%,40,0.25,1.85,0.7376,0.04285,,,,,,,,,,,,,,,,,,,,,
gates,NFL Rule B,independent,0,,full move,0.7873,0.2,sequential constant 5%,10-40,0.25,2.66,0.5098,0.01738,22.82,22,0.4902,,,,,,,,,,,,,,,,,,
gates,NFL Rule B,independent,0,,full move,0.7873,0.2,sequential constant 10%,10-40,0.25,2.23,0.6996,0.05485,20.4,18,0.3004,,,,,,,,,,,,,,,,,,
gates,NFL Rule B,independent,0,,full move,0.7873,0.2,sequential OBF 5%,10-40,0.25,2.14,0.6671,0.01912,28.72,29,0.3329,,,,,,,,,,,,,,,,,,
gates,NFL Rule B,independent,0,,full move,0.7873,0.2,sequential OBF 10%,10-40,0.25,1.77,0.8088,0.114,25.63,25,0.1912,,,,,,,,,,,,,,,,,,
gates,NFL Rule B,independent,0,,full move,0.7873,0.2,mean CLV > 0 (today's gate),20,0.5,,0.7328,0.1314,,,,,,,,,,,,,,,,,,,,,
gates,NFL Rule B,independent,0,,full move,0.7873,0.2,t > 1.65,20,0.5,1.65,0.5293,0.05395,,,,,,,,,,,,,,,,,,,,,
gates,NFL Rule B,independent,0,,full move,0.7873,0.2,bootstrap 90% lower bound > 0,20,0.5,,0.6846,0.1053,,,,,,,,,,,,,,,,,,,,,
gates,NFL Rule B,independent,0,,full move,0.7873,0.2,bootstrap 95% lower bound > 0,20,0.5,,0.5744,0.0661,,,,,,,,,,,,,,,,,,,,,
gates,NFL Rule B,independent,0,,full move,0.7873,0.2,t > calibrated 5%,20,0.5,1.89,0.4259,0.0312,,,,,,,,,,,,,,,,,,,,,
gates,NFL Rule B,independent,0,,full move,0.7873,0.2,t > 1.65,30,0.5,1.65,0.6821,0.0672,,,,,,,,,,,,,,,,,,,,,
gates,NFL Rule B,independent,0,,full move,0.7873,0.2,bootstrap 90% lower bound > 0,30,0.5,,0.7711,0.1191,,,,,,,,,,,,,,,,,,,,,
gates,NFL Rule B,independent,0,,full move,0.7873,0.2,bootstrap 95% lower bound > 0,30,0.5,,0.7065,0.0795,,,,,,,,,,,,,,,,,,,,,
gates,NFL Rule B,independent,0,,full move,0.7873,0.2,t > calibrated 5%,30,0.5,1.85,0.6071,0.0413,,,,,,,,,,,,,,,,,,,,,
gates,NFL Rule B,independent,0,,full move,0.7873,0.2,t > 1.65,40,0.5,1.65,0.783,0.09233,,,,,,,,,,,,,,,,,,,,,
gates,NFL Rule B,independent,0,,full move,0.7873,0.2,bootstrap 90% lower bound > 0,40,0.5,,0.8156,0.1249,,,,,,,,,,,,,,,,,,,,,
gates,NFL Rule B,independent,0,,full move,0.7873,0.2,bootstrap 95% lower bound > 0,40,0.5,,0.7953,0.1046,,,,,,,,,,,,,,,,,,,,,
gates,NFL Rule B,independent,0,,full move,0.7873,0.2,t > calibrated 5%,40,0.5,1.85,0.7297,0.03902,,,,,,,,,,,,,,,,,,,,,
gates,NFL Rule B,independent,0,,full move,0.7873,0.2,sequential constant 5%,10-40,0.5,2.66,0.5097,0.01733,22.83,22,0.4903,,,,,,,,,,,,,,,,,,
gates,NFL Rule B,independent,0,,full move,0.7873,0.2,sequential constant 10%,10-40,0.5,2.23,0.6991,0.0547,20.4,18,0.3009,,,,,,,,,,,,,,,,,,
gates,NFL Rule B,independent,0,,full move,0.7873,0.2,sequential OBF 5%,10-40,0.5,2.14,0.6663,0.01908,28.71,29,0.3337,,,,,,,,,,,,,,,,,,
gates,NFL Rule B,independent,0,,full move,0.7873,0.2,sequential OBF 10%,10-40,0.5,1.77,0.8023,0.1089,25.54,25,0.1977,,,,,,,,,,,,,,,,,,
gates,NFL Rule B,independent,0,,full move,0.5912,0.4,mean CLV > 0 (today's gate),20,0,,0.93,0.3844,,,,,,,,,,,,,,,,,,,,,
gates,NFL Rule B,independent,0,,full move,0.5912,0.4,t > 1.65,20,0,1.65,0.421,0.07143,,,,,,,,,,,,,,,,,,,,,
gates,NFL Rule B,independent,0,,full move,0.5912,0.4,bootstrap 90% lower bound > 0,20,0,,0.6173,0.1586,,,,,,,,,,,,,,,,,,,,,
gates,NFL Rule B,independent,0,,full move,0.5912,0.4,bootstrap 95% lower bound > 0,20,0,,0.4813,0.0949,,,,,,,,,,,,,,,,,,,,,
gates,NFL Rule B,independent,0,,full move,0.5912,0.4,t > calibrated 5%,20,0,1.89,0.3146,0.03895,,,,,,,,,,,,,,,,,,,,,
gates,NFL Rule B,independent,0,,full move,0.5912,0.4,t > 1.65,30,0,1.65,0.5716,0.0942,,,,,,,,,,,,,,,,,,,,,
gates,NFL Rule B,independent,0,,full move,0.5912,0.4,bootstrap 90% lower bound > 0,30,0,,0.7396,0.2062,,,,,,,,,,,,,,,,,,,,,
gates,NFL Rule B,independent,0,,full move,0.5912,0.4,bootstrap 95% lower bound > 0,30,0,,0.6135,0.1181,,,,,,,,,,,,,,,,,,,,,
gates,NFL Rule B,independent,0,,full move,0.5912,0.4,t > calibrated 5%,30,0,1.85,0.4756,0.05273,,,,,,,,,,,,,,,,,,,,,
gates,NFL Rule B,independent,0,,full move,0.5912,0.4,t > 1.65,40,0,1.65,0.6864,0.1369,,,,,,,,,,,,,,,,,,,,,
gates,NFL Rule B,independent,0,,full move,0.5912,0.4,bootstrap 90% lower bound > 0,40,0,,0.8246,0.275,,,,,,,,,,,,,,,,,,,,,
gates,NFL Rule B,independent,0,,full move,0.5912,0.4,bootstrap 95% lower bound > 0,40,0,,0.7208,0.1713,,,,,,,,,,,,,,,,,,,,,
gates,NFL Rule B,independent,0,,full move,0.5912,0.4,t > calibrated 5%,40,0,1.85,0.6008,0.05125,,,,,,,,,,,,,,,,,,,,,
gates,NFL Rule B,independent,0,,full move,0.5912,0.4,sequential constant 5%,10-40,0,2.66,0.3361,0.01663,24.49,25,0.6639,,,,,,,,,,,,,,,,,,
gates,NFL Rule B,independent,0,,full move,0.5912,0.4,sequential constant 10%,10-40,0,2.23,0.5505,0.0638,21.92,21,0.4495,,,,,,,,,,,,,,,,,,
gates,NFL Rule B,independent,0,,full move,0.5912,0.4,sequential OBF 5%,10-40,0,2.14,0.5115,0.02028,30.51,31,0.4885,,,,,,,,,,,,,,,,,,
gates,NFL Rule B,independent,0,,full move,0.5912,0.4,sequential OBF 10%,10-40,0,1.77,0.689,0.1394,27.56,28,0.311,,,,,,,,,,,,,,,,,,
gates,NFL Rule B,independent,0,,full move,0.5912,0.4,registered keep test (reference),40,0,1.96,0.5495,0,,,,,,,,,,,,,,,,,,,,,
gates,NFL Rule B,independent,0,,full move,0.5912,0.4,mean CLV > 0 (today's gate),20,0.25,,0.8032,0.2827,,,,,,,,,,,,,,,,,,,,,
gates,NFL Rule B,independent,0,,full move,0.5912,0.4,t > 1.65,20,0.25,1.65,0.4209,0.07135,,,,,,,,,,,,,,,,,,,,,
gates,NFL Rule B,independent,0,,full move,0.5912,0.4,bootstrap 90% lower bound > 0,20,0.25,,0.6162,0.158,,,,,,,,,,,,,,,,,,,,,
gates,NFL Rule B,independent,0,,full move,0.5912,0.4,bootstrap 95% lower bound > 0,20,0.25,,0.481,0.0948,,,,,,,,,,,,,,,,,,,,,
gates,NFL Rule B,independent,0,,full move,0.5912,0.4,t > calibrated 5%,20,0.25,1.89,0.3145,0.03895,,,,,,,,,,,,,,,,,,,,,
gates,NFL Rule B,independent,0,,full move,0.5912,0.4,t > 1.65,30,0.25,1.65,0.5715,0.09413,,,,,,,,,,,,,,,,,,,,,
gates,NFL Rule B,independent,0,,full move,0.5912,0.4,bootstrap 90% lower bound > 0,30,0.25,,0.7387,0.2056,,,,,,,,,,,,,,,,,,,,,
gates,NFL Rule B,independent,0,,full move,0.5912,0.4,bootstrap 95% lower bound > 0,30,0.25,,0.6133,0.118,,,,,,,,,,,,,,,,,,,,,
gates,NFL Rule B,independent,0,,full move,0.5912,0.4,t > calibrated 5%,30,0.25,1.85,0.4755,0.05267,,,,,,,,,,,,,,,,,,,,,
gates,NFL Rule B,independent,0,,full move,0.5912,0.4,t > 1.65,40,0.25,1.65,0.6864,0.1368,,,,,,,,,,,,,,,,,,,,,
gates,NFL Rule B,independent,0,,full move,0.5912,0.4,bootstrap 90% lower bound > 0,40,0.25,,0.8227,0.2732,,,,,,,,,,,,,,,,,,,,,
gates,NFL Rule B,independent,0,,full move,0.5912,0.4,bootstrap 95% lower bound > 0,40,0.25,,0.7207,0.1712,,,,,,,,,,,,,,,,,,,,,
gates,NFL Rule B,independent,0,,full move,0.5912,0.4,t > calibrated 5%,40,0.25,1.85,0.6008,0.05125,,,,,,,,,,,,,,,,,,,,,
gates,NFL Rule B,independent,0,,full move,0.5912,0.4,sequential constant 5%,10-40,0.25,2.66,0.3361,0.01663,24.49,25,0.6639,,,,,,,,,,,,,,,,,,
gates,NFL Rule B,independent,0,,full move,0.5912,0.4,sequential constant 10%,10-40,0.25,2.23,0.5505,0.0638,21.92,21,0.4495,,,,,,,,,,,,,,,,,,
gates,NFL Rule B,independent,0,,full move,0.5912,0.4,sequential OBF 5%,10-40,0.25,2.14,0.5115,0.02028,30.51,31,0.4885,,,,,,,,,,,,,,,,,,
gates,NFL Rule B,independent,0,,full move,0.5912,0.4,sequential OBF 10%,10-40,0.25,1.77,0.6889,0.1394,27.55,28,0.3111,,,,,,,,,,,,,,,,,,
gates,NFL Rule B,independent,0,,full move,0.5912,0.4,mean CLV > 0 (today's gate),20,0.5,,0.5838,0.1508,,,,,,,,,,,,,,,,,,,,,
gates,NFL Rule B,independent,0,,full move,0.5912,0.4,t > 1.65,20,0.5,1.65,0.4068,0.06617,,,,,,,,,,,,,,,,,,,,,
gates,NFL Rule B,independent,0,,full move,0.5912,0.4,bootstrap 90% lower bound > 0,20,0.5,,0.5489,0.1283,,,,,,,,,,,,,,,,,,,,,
gates,NFL Rule B,independent,0,,full move,0.5912,0.4,bootstrap 95% lower bound > 0,20,0.5,,0.4588,0.08637,,,,,,,,,,,,,,,,,,,,,
gates,NFL Rule B,independent,0,,full move,0.5912,0.4,t > calibrated 5%,20,0.5,1.89,0.3087,0.03692,,,,,,,,,,,,,,,,,,,,,
gates,NFL Rule B,independent,0,,full move,0.5912,0.4,t > 1.65,30,0.5,1.65,0.5332,0.07923,,,,,,,,,,,,,,,,,,,,,
gates,NFL Rule B,independent,0,,full move,0.5912,0.4,bootstrap 90% lower bound > 0,30,0.5,,0.6027,0.1253,,,,,,,,,,,,,,,,,,,,,
gates,NFL Rule B,independent,0,,full move,0.5912,0.4,bootstrap 95% lower bound > 0,30,0.5,,0.5609,0.09552,,,,,,,,,,,,,,,,,,,,,
gates,NFL Rule B,independent,0,,full move,0.5912,0.4,t > calibrated 5%,30,0.5,1.85,0.4582,0.04715,,,,,,,,,,,,,,,,,,,,,
gates,NFL Rule B,independent,0,,full move,0.5912,0.4,t > 1.65,40,0.5,1.65,0.6034,0.08067,,,,,,,,,,,,,,,,,,,,,
gates,NFL Rule B,independent,0,,full move,0.5912,0.4,bootstrap 90% lower bound > 0,40,0.5,,0.6238,0.1011,,,,,,,,,,,,,,,,,,,,,
gates,NFL Rule B,independent,0,,full move,0.5912,0.4,bootstrap 95% lower bound > 0,40,0.5,,0.6142,0.09148,,,,,,,,,,,,,,,,,,,,,
gates,NFL Rule B,independent,0,,full move,0.5912,0.4,t > calibrated 5%,40,0.5,1.85,0.5585,0.03572,,,,,,,,,,,,,,,,,,,,,
gates,NFL Rule B,independent,0,,full move,0.5912,0.4,sequential constant 5%,10-40,0.5,2.66,0.3347,0.0162,24.5,25,0.6653,,,,,,,,,,,,,,,,,,
gates,NFL Rule B,independent,0,,full move,0.5912,0.4,sequential constant 10%,10-40,0.5,2.23,0.5448,0.06173,21.91,21,0.4552,,,,,,,,,,,,,,,,,,
gates,NFL Rule B,independent,0,,full move,0.5912,0.4,sequential OBF 5%,10-40,0.5,2.14,0.5036,0.01915,30.42,31,0.4964,,,,,,,,,,,,,,,,,,
gates,NFL Rule B,independent,0,,full move,0.5912,0.4,sequential OBF 10%,10-40,0.5,1.77,0.6566,0.1175,27.2,27,0.3434,,,,,,,,,,,,,,,,,,
gates,NFL Rule B,same-day correlated,0.17,17,no edge,-0.00069,0,mean CLV > 0 (today's gate),20,0,,0.493,0.4586,,,,,,,,,,,,,,,,,,,,,
gates,NFL Rule B,same-day correlated,0.17,17,no edge,-0.00069,0,t > 1.65,20,0,1.65,0.06482,0.04603,,,,,,,,,,,,,,,,,,,,,
gates,NFL Rule B,same-day correlated,0.17,17,no edge,-0.00069,0,bootstrap 90% lower bound > 0,20,0,,0.1252,0.1003,,,,,,,,,,,,,,,,,,,,,
gates,NFL Rule B,same-day correlated,0.17,17,no edge,-0.00069,0,bootstrap 95% lower bound > 0,20,0,,0.07362,0.0537,,,,,,,,,,,,,,,,,,,,,
gates,NFL Rule B,same-day correlated,0.17,17,no edge,-0.00069,0,t > calibrated 5%,20,0,1.89,0.04138,0.0273,,,,,,,,,,,,,,,,,,,,,
gates,NFL Rule B,same-day correlated,0.17,17,no edge,-0.00069,0,t > 1.65,30,0,1.65,0.06423,0.038,,,,,,,,,,,,,,,,,,,,,
gates,NFL Rule B,same-day correlated,0.17,17,no edge,-0.00069,0,bootstrap 90% lower bound > 0,30,0,,0.1242,0.0922,,,,,,,,,,,,,,,,,,,,,
gates,NFL Rule B,same-day correlated,0.17,17,no edge,-0.00069,0,bootstrap 95% lower bound > 0,30,0,,0.0707,0.04358,,,,,,,,,,,,,,,,,,,,,
gates,NFL Rule B,same-day correlated,0.17,17,no edge,-0.00069,0,t > calibrated 5%,30,0,1.85,0.04372,0.02162,,,,,,,,,,,,,,,,,,,,,
gates,NFL Rule B,same-day correlated,0.17,17,no edge,-0.00069,0,t > 1.65,40,0,1.65,0.06427,0.02937,,,,,,,,,,,,,,,,,,,,,
gates,NFL Rule B,same-day correlated,0.17,17,no edge,-0.00069,0,bootstrap 90% lower bound > 0,40,0,,0.1222,0.0873,,,,,,,,,,,,,,,,,,,,,
gates,NFL Rule B,same-day correlated,0.17,17,no edge,-0.00069,0,bootstrap 95% lower bound > 0,40,0,,0.07007,0.03517,,,,,,,,,,,,,,,,,,,,,
gates,NFL Rule B,same-day correlated,0.17,17,no edge,-0.00069,0,t > calibrated 5%,40,0,1.85,0.04412,0.009225,,,,,,,,,,,,,,,,,,,,,
gates,NFL Rule B,same-day correlated,0.17,17,no edge,-0.00069,0,sequential constant 5%,10-40,0,2.66,0.04195,0.0247,17.24,14,0.958,,,,,,,,,,,,,,,,,,
gates,NFL Rule B,same-day correlated,0.17,17,no edge,-0.00069,0,sequential constant 10%,10-40,0,2.23,0.08965,0.06008,17.72,14,0.9103,,,,,,,,,,,,,,,,,,
gates,NFL Rule B,same-day correlated,0.17,17,no edge,-0.00069,0,sequential OBF 5%,10-40,0,2.14,0.04215,0.01303,29.29,31,0.9578,,,,,,,,,,,,,,,,,,
gates,NFL Rule B,same-day correlated,0.17,17,no edge,-0.00069,0,sequential OBF 10%,10-40,0,1.77,0.08975,0.05485,27.24,28,0.9103,,,,,,,,,,,,,,,,,,
gates,NFL Rule B,same-day correlated,0.17,17,no edge,-0.00069,0,registered keep test (reference),40,0,1.96,0.0349,0,,,,,,,,,,,,,,,,,,,,,
gates,NFL Rule B,same-day correlated,0.17,17,no edge,-0.001378,0.2,mean CLV > 0 (today's gate),20,0,,0.4914,0.4612,,,,,,,,,,,,,,,,,,,,,
gates,NFL Rule B,same-day correlated,0.17,17,no edge,-0.001378,0.2,t > 1.65,20,0,1.65,0.05847,0.04283,,,,,,,,,,,,,,,,,,,,,
gates,NFL Rule B,same-day correlated,0.17,17,no edge,-0.001378,0.2,bootstrap 90% lower bound > 0,20,0,,0.1227,0.1001,,,,,,,,,,,,,,,,,,,,,
gates,NFL Rule B,same-day correlated,0.17,17,no edge,-0.001378,0.2,bootstrap 95% lower bound > 0,20,0,,0.07053,0.05328,,,,,,,,,,,,,,,,,,,,,
gates,NFL Rule B,same-day correlated,0.17,17,no edge,-0.001378,0.2,t > calibrated 5%,20,0,1.89,0.03662,0.0245,,,,,,,,,,,,,,,,,,,,,
gates,NFL Rule B,same-day correlated,0.17,17,no edge,-0.001378,0.2,t > 1.65,30,0,1.65,0.05892,0.0354,,,,,,,,,,,,,,,,,,,,,
gates,NFL Rule B,same-day correlated,0.17,17,no edge,-0.001378,0.2,bootstrap 90% lower bound > 0,30,0,,0.1187,0.09058,,,,,,,,,,,,,,,,,,,,,
gates,NFL Rule B,same-day correlated,0.17,17,no edge,-0.001378,0.2,bootstrap 95% lower bound > 0,30,0,,0.06655,0.04185,,,,,,,,,,,,,,,,,,,,,
gates,NFL Rule B,same-day correlated,0.17,17,no edge,-0.001378,0.2,t > calibrated 5%,30,0,1.85,0.0398,0.02028,,,,,,,,,,,,,,,,,,,,,
gates,NFL Rule B,same-day correlated,0.17,17,no edge,-0.001378,0.2,t > 1.65,40,0,1.65,0.05917,0.02848,,,,,,,,,,,,,,,,,,,,,
gates,NFL Rule B,same-day correlated,0.17,17,no edge,-0.001378,0.2,bootstrap 90% lower bound > 0,40,0,,0.1181,0.08743,,,,,,,,,,,,,,,,,,,,,
gates,NFL Rule B,same-day correlated,0.17,17,no edge,-0.001378,0.2,bootstrap 95% lower bound > 0,40,0,,0.0664,0.0357,,,,,,,,,,,,,,,,,,,,,
gates,NFL Rule B,same-day correlated,0.17,17,no edge,-0.001378,0.2,t > calibrated 5%,40,0,1.85,0.03932,0.008625,,,,,,,,,,,,,,,,,,,,,
gates,NFL Rule B,same-day correlated,0.17,17,no edge,-0.001378,0.2,sequential constant 5%,10-40,0,2.66,0.03293,0.01893,17.99,15,0.9671,,,,,,,,,,,,,,,,,,
gates,NFL Rule B,same-day correlated,0.17,17,no edge,-0.001378,0.2,sequential constant 10%,10-40,0,2.23,0.07655,0.0511,17.95,15,0.9234,,,,,,,,,,,,,,,,,,
gates,NFL Rule B,same-day correlated,0.17,17,no edge,-0.001378,0.2,sequential OBF 5%,10-40,0,2.14,0.03447,0.009775,30.05,31,0.9655,,,,,,,,,,,,,,,,,,
gates,NFL Rule B,same-day correlated,0.17,17,no edge,-0.001378,0.2,sequential OBF 10%,10-40,0,1.77,0.0794,0.0487,28.23,29,0.9206,,,,,,,,,,,,,,,,,,
gates,NFL Rule B,same-day correlated,0.17,17,no edge,-0.001378,0.2,registered keep test (reference),40,0,1.96,0.0307,0,,,,,,,,,,,,,,,,,,,,,
gates,NFL Rule B,same-day correlated,0.17,17,no edge,-7.071e-05,0.4,mean CLV > 0 (today's gate),20,0,,0.4955,0.4693,,,,,,,,,,,,,,,,,,,,,
gates,NFL Rule B,same-day correlated,0.17,17,no edge,-7.071e-05,0.4,t > 1.65,20,0,1.65,0.05393,0.04085,,,,,,,,,,,,,,,,,,,,,
gates,NFL Rule B,same-day correlated,0.17,17,no edge,-7.071e-05,0.4,bootstrap 90% lower bound > 0,20,0,,0.1213,0.1024,,,,,,,,,,,,,,,,,,,,,
gates,NFL Rule B,same-day correlated,0.17,17,no edge,-7.071e-05,0.4,bootstrap 95% lower bound > 0,20,0,,0.07022,0.0553,,,,,,,,,,,,,,,,,,,,,
gates,NFL Rule B,same-day correlated,0.17,17,no edge,-7.071e-05,0.4,t > calibrated 5%,20,0,1.89,0.03222,0.02283,,,,,,,,,,,,,,,,,,,,,
gates,NFL Rule B,same-day correlated,0.17,17,no edge,-7.071e-05,0.4,t > 1.65,30,0,1.65,0.05407,0.0337,,,,,,,,,,,,,,,,,,,,,
gates,NFL Rule B,same-day correlated,0.17,17,no edge,-7.071e-05,0.4,bootstrap 90% lower bound > 0,30,0,,0.1168,0.09187,,,,,,,,,,,,,,,,,,,,,
gates,NFL Rule B,same-day correlated,0.17,17,no edge,-7.071e-05,0.4,bootstrap 95% lower bound > 0,30,0,,0.06565,0.04408,,,,,,,,,,,,,,,,,,,,,
gates,NFL Rule B,same-day correlated,0.17,17,no edge,-7.071e-05,0.4,t > calibrated 5%,30,0,1.85,0.0358,0.01903,,,,,,,,,,,,,,,,,,,,,
gates,NFL Rule B,same-day correlated,0.17,17,no edge,-7.071e-05,0.4,t > 1.65,40,0,1.65,0.05343,0.02693,,,,,,,,,,,,,,,,,,,,,
gates,NFL Rule B,same-day correlated,0.17,17,no edge,-7.071e-05,0.4,bootstrap 90% lower bound > 0,40,0,,0.1147,0.0882,,,,,,,,,,,,,,,,,,,,,
gates,NFL Rule B,same-day correlated,0.17,17,no edge,-7.071e-05,0.4,bootstrap 95% lower bound > 0,40,0,,0.06258,0.03608,,,,,,,,,,,,,,,,,,,,,
gates,NFL Rule B,same-day correlated,0.17,17,no edge,-7.071e-05,0.4,t > calibrated 5%,40,0,1.85,0.03458,0.008075,,,,,,,,,,,,,,,,,,,,,
gates,NFL Rule B,same-day correlated,0.17,17,no edge,-7.071e-05,0.4,sequential constant 5%,10-40,0,2.66,0.02145,0.01188,19.27,16,0.9786,,,,,,,,,,,,,,,,,,
gates,NFL Rule B,same-day correlated,0.17,17,no edge,-7.071e-05,0.4,sequential constant 10%,10-40,0,2.23,0.06053,0.04065,18.59,16,0.9395,,,,,,,,,,,,,,,,,,
gates,NFL Rule B,same-day correlated,0.17,17,no edge,-7.071e-05,0.4,sequential OBF 5%,10-40,0,2.14,0.02807,0.007775,31.42,32,0.9719,,,,,,,,,,,,,,,,,,
gates,NFL Rule B,same-day correlated,0.17,17,no edge,-7.071e-05,0.4,sequential OBF 10%,10-40,0,1.77,0.06907,0.04258,29.32,30,0.9309,,,,,,,,,,,,,,,,,,
gates,NFL Rule B,same-day correlated,0.17,17,no edge,-7.071e-05,0.4,registered keep test (reference),40,0,1.96,0.0265,0,,,,,,,,,,,,,,,,,,,,,
gates,NFL Rule B,same-day correlated,0.17,17,half the move,0.4919,0,mean CLV > 0 (today's gate),20,0,,0.8098,0.5234,,,,,,,,,,,,,,,,,,,,,
gates,NFL Rule B,same-day correlated,0.17,17,half the move,0.4919,0,t > 1.65,20,0,1.65,0.2677,0.09325,,,,,,,,,,,,,,,,,,,,,
gates,NFL Rule B,same-day correlated,0.17,17,half the move,0.4919,0,bootstrap 90% lower bound > 0,20,0,,0.4058,0.1809,,,,,,,,,,,,,,,,,,,,,
gates,NFL Rule B,same-day correlated,0.17,17,half the move,0.4919,0,bootstrap 95% lower bound > 0,20,0,,0.2919,0.1075,,,,,,,,,,,,,,,,,,,,,
gates,NFL Rule B,same-day correlated,0.17,17,half the move,0.4919,0,t > calibrated 5%,20,0,1.89,0.2003,0.05928,,,,,,,,,,,,,,,,,,,,,
gates,NFL Rule B,same-day correlated,0.17,17,half the move,0.4919,0,t > 1.65,30,0,1.65,0.3362,0.09753,,,,,,,,,,,,,,,,,,,,,
gates,NFL Rule B,same-day correlated,0.17,17,half the move,0.4919,0,bootstrap 90% lower bound > 0,30,0,,0.4811,0.2077,,,,,,,,,,,,,,,,,,,,,
gates,NFL Rule B,same-day correlated,0.17,17,half the move,0.4919,0,bootstrap 95% lower bound > 0,30,0,,0.3565,0.1115,,,,,,,,,,,,,,,,,,,,,
gates,NFL Rule B,same-day correlated,0.17,17,half the move,0.4919,0,t > calibrated 5%,30,0,1.85,0.2707,0.06023,,,,,,,,,,,,,,,,,,,,,
gates,NFL Rule B,same-day correlated,0.17,17,half the move,0.4919,0,t > 1.65,40,0,1.65,0.398,0.1083,,,,,,,,,,,,,,,,,,,,,
gates,NFL Rule B,same-day correlated,0.17,17,half the move,0.4919,0,bootstrap 90% lower bound > 0,40,0,,0.5412,0.2515,,,,,,,,,,,,,,,,,,,,,
gates,NFL Rule B,same-day correlated,0.17,17,half the move,0.4919,0,bootstrap 95% lower bound > 0,40,0,,0.4162,0.1266,,,,,,,,,,,,,,,,,,,,,
gates,NFL Rule B,same-day correlated,0.17,17,half the move,0.4919,0,t > calibrated 5%,40,0,1.85,0.3256,0.0359,,,,,,,,,,,,,,,,,,,,,
gates,NFL Rule B,same-day correlated,0.17,17,half the move,0.4919,0,sequential constant 5%,10-40,0,2.66,0.2359,0.04955,20.71,19,0.7641,,,,,,,,,,,,,,,,,,
gates,NFL Rule B,same-day correlated,0.17,17,half the move,0.4919,0,sequential constant 10%,10-40,0,2.23,0.3775,0.1168,19.73,17,0.6225,,,,,,,,,,,,,,,,,,
gates,NFL Rule B,same-day correlated,0.17,17,half the move,0.4919,0,sequential OBF 5%,10-40,0,2.14,0.2991,0.03865,28.9,30,0.7009,,,,,,,,,,,,,,,,,,
gates,NFL Rule B,same-day correlated,0.17,17,half the move,0.4919,0,sequential OBF 10%,10-40,0,1.77,0.4381,0.1484,26.58,27,0.5619,,,,,,,,,,,,,,,,,,
gates,NFL Rule B,same-day correlated,0.17,17,half the move,0.4919,0,registered keep test (reference),40,0,1.96,0.2897,0,,,,,,,,,,,,,,,,,,,,,
gates,NFL Rule B,same-day correlated,0.17,17,half the move,0.3927,0.2,mean CLV > 0 (today's gate),20,0,,0.7868,0.5529,,,,,,,,,,,,,,,,,,,,,
gates,NFL Rule B,same-day correlated,0.17,17,half the move,0.3927,0.2,t > 1.65,20,0,1.65,0.2263,0.08972,,,,,,,,,,,,,,,,,,,,,
gates,NFL Rule B,same-day correlated,0.17,17,half the move,0.3927,0.2,bootstrap 90% lower bound > 0,20,0,,0.3671,0.1847,,,,,,,,,,,,,,,,,,,,,
gates,NFL Rule B,same-day correlated,0.17,17,half the move,0.3927,0.2,bootstrap 95% lower bound > 0,20,0,,0.2563,0.1085,,,,,,,,,,,,,,,,,,,,,
gates,NFL Rule B,same-day correlated,0.17,17,half the move,0.3927,0.2,t > calibrated 5%,20,0,1.89,0.1615,0.0545,,,,,,,,,,,,,,,,,,,,,
gates,NFL Rule B,same-day correlated,0.17,17,half the move,0.3927,0.2,t > 1.65,30,0,1.65,0.288,0.09657,,,,,,,,,,,,,,,,,,,,,
gates,NFL Rule B,same-day correlated,0.17,17,half the move,0.3927,0.2,bootstrap 90% lower bound > 0,30,0,,0.4316,0.2082,,,,,,,,,,,,,,,,,,,,,
gates,NFL Rule B,same-day correlated,0.17,17,half the move,0.3927,0.2,bootstrap 95% lower bound > 0,30,0,,0.3119,0.1133,,,,,,,,,,,,,,,,,,,,,
gates,NFL Rule B,same-day correlated,0.17,17,half the move,0.3927,0.2,t > calibrated 5%,30,0,1.85,0.2235,0.05695,,,,,,,,,,,,,,,,,,,,,
gates,NFL Rule B,same-day correlated,0.17,17,half the move,0.3927,0.2,t > 1.65,40,0,1.65,0.3399,0.1032,,,,,,,,,,,,,,,,,,,,,
gates,NFL Rule B,same-day correlated,0.17,17,half the move,0.3927,0.2,bootstrap 90% lower bound > 0,40,0,,0.4866,0.2498,,,,,,,,,,,,,,,,,,,,,
gates,NFL Rule B,same-day correlated,0.17,17,half the move,0.3927,0.2,bootstrap 95% lower bound > 0,40,0,,0.3608,0.124,,,,,,,,,,,,,,,,,,,,,
gates,NFL Rule B,same-day correlated,0.17,17,half the move,0.3927,0.2,t > calibrated 5%,40,0,1.85,0.2715,0.03472,,,,,,,,,,,,,,,,,,,,,
gates,NFL Rule B,same-day correlated,0.17,17,half the move,0.3927,0.2,sequential constant 5%,10-40,0,2.66,0.1752,0.0399,21.33,19,0.8247,,,,,,,,,,,,,,,,,,
gates,NFL Rule B,same-day correlated,0.17,17,half the move,0.3927,0.2,sequential constant 10%,10-40,0,2.23,0.3094,0.1023,20.27,18,0.6906,,,,,,,,,,,,,,,,,,
gates,NFL Rule B,same-day correlated,0.17,17,half the move,0.3927,0.2,sequential OBF 5%,10-40,0,2.14,0.2365,0.03027,30,31,0.7635,,,,,,,,,,,,,,,,,,
gates,NFL Rule B,same-day correlated,0.17,17,half the move,0.3927,0.2,sequential OBF 10%,10-40,0,1.77,0.3726,0.1358,27.57,28,0.6274,,,,,,,,,,,,,,,,,,
gates,NFL Rule B,same-day correlated,0.17,17,half the move,0.3927,0.2,registered keep test (reference),40,0,1.96,0.2368,0,,,,,,,,,,,,,,,,,,,,,
gates,NFL Rule B,same-day correlated,0.17,17,half the move,0.2953,0.4,mean CLV > 0 (today's gate),20,0,,0.7564,0.5767,,,,,,,,,,,,,,,,,,,,,
gates,NFL Rule B,same-day correlated,0.17,17,half the move,0.2953,0.4,t > 1.65,20,0,1.65,0.1864,0.08415,,,,,,,,,,,,,,,,,,,,,
gates,NFL Rule B,same-day correlated,0.17,17,half the move,0.2953,0.4,bootstrap 90% lower bound > 0,20,0,,0.3261,0.1856,,,,,,,,,,,,,,,,,,,,,
gates,NFL Rule B,same-day correlated,0.17,17,half the move,0.2953,0.4,bootstrap 95% lower bound > 0,20,0,,0.2227,0.109,,,,,,,,,,,,,,,,,,,,,
gates,NFL Rule B,same-day correlated,0.17,17,half the move,0.2953,0.4,t > calibrated 5%,20,0,1.89,0.1275,0.04888,,,,,,,,,,,,,,,,,,,,,
gates,NFL Rule B,same-day correlated,0.17,17,half the move,0.2953,0.4,t > 1.65,30,0,1.65,0.2328,0.08805,,,,,,,,,,,,,,,,,,,,,
gates,NFL Rule B,same-day correlated,0.17,17,half the move,0.2953,0.4,bootstrap 90% lower bound > 0,30,0,,0.3809,0.2079,,,,,,,,,,,,,,,,,,,,,
gates,NFL Rule B,same-day correlated,0.17,17,half the move,0.2953,0.4,bootstrap 95% lower bound > 0,30,0,,0.2634,0.1107,,,,,,,,,,,,,,,,,,,,,
gates,NFL Rule B,same-day correlated,0.17,17,half the move,0.2953,0.4,t > calibrated 5%,30,0,1.85,0.174,0.05042,,,,,,,,,,,,,,,,,,,,,
gates,NFL Rule B,same-day correlated,0.17,17,half the move,0.2953,0.4,t > 1.65,40,0,1.65,0.2757,0.09433,,,,,,,,,,,,,,,,,,,,,
gates,NFL Rule B,same-day correlated,0.17,17,half the move,0.2953,0.4,bootstrap 90% lower bound > 0,40,0,,0.4266,0.2452,,,,,,,,,,,,,,,,,,,,,
gates,NFL Rule B,same-day correlated,0.17,17,half the move,0.2953,0.4,bootstrap 95% lower bound > 0,40,0,,0.3023,0.1209,,,,,,,,,,,,,,,,,,,,,
gates,NFL Rule B,same-day correlated,0.17,17,half the move,0.2953,0.4,t > calibrated 5%,40,0,1.85,0.212,0.03055,,,,,,,,,,,,,,,,,,,,,
gates,NFL Rule B,same-day correlated,0.17,17,half the move,0.2953,0.4,sequential constant 5%,10-40,0,2.66,0.1118,0.02525,22.43,22,0.8882,,,,,,,,,,,,,,,,,,
gates,NFL Rule B,same-day correlated,0.17,17,half the move,0.2953,0.4,sequential constant 10%,10-40,0,2.23,0.2314,0.08082,21.03,19,0.7686,,,,,,,,,,,,,,,,,,
gates,NFL Rule B,same-day correlated,0.17,17,half the move,0.2953,0.4,sequential OBF 5%,10-40,0,2.14,0.172,0.02088,31.19,32,0.828,,,,,,,,,,,,,,,,,,
gates,NFL Rule B,same-day correlated,0.17,17,half the move,0.2953,0.4,sequential OBF 10%,10-40,0,1.77,0.3009,0.1195,28.88,30,0.6991,,,,,,,,,,,,,,,,,,
gates,NFL Rule B,same-day correlated,0.17,17,half the move,0.2953,0.4,registered keep test (reference),40,0,1.96,0.1814,0,,,,,,,,,,,,,,,,,,,,,
gates,NFL Rule B,same-day correlated,0.17,17,full move,0.9845,0,mean CLV > 0 (today's gate),20,0,,0.9635,0.1959,,,,,,,,,,,,,,,,,,,,,
gates,NFL Rule B,same-day correlated,0.17,17,full move,0.9845,0,t > 1.65,20,0,1.65,0.6166,0.04725,,,,,,,,,,,,,,,,,,,,,
gates,NFL Rule B,same-day correlated,0.17,17,full move,0.9845,0,bootstrap 90% lower bound > 0,20,0,,0.7504,0.0842,,,,,,,,,,,,,,,,,,,,,
gates,NFL Rule B,same-day correlated,0.17,17,full move,0.9845,0,bootstrap 95% lower bound > 0,20,0,,0.6419,0.05357,,,,,,,,,,,,,,,,,,,,,
gates,NFL Rule B,same-day correlated,0.17,17,full move,0.9845,0,t > calibrated 5%,20,0,1.89,0.5293,0.03175,,,,,,,,,,,,,,,,,,,,,
gates,NFL Rule B,same-day correlated,0.17,17,full move,0.9845,0,t > 1.65,30,0,1.65,0.7556,0.0548,,,,,,,,,,,,,,,,,,,,,
gates,NFL Rule B,same-day correlated,0.17,17,full move,0.9845,0,bootstrap 90% lower bound > 0,30,0,,0.8568,0.1046,,,,,,,,,,,,,,,,,,,,,
gates,NFL Rule B,same-day correlated,0.17,17,full move,0.9845,0,bootstrap 95% lower bound > 0,30,0,,0.7722,0.06185,,,,,,,,,,,,,,,,,,,,,
gates,NFL Rule B,same-day correlated,0.17,17,full move,0.9845,0,t > calibrated 5%,30,0,1.85,0.6944,0.03495,,,,,,,,,,,,,,,,,,,,,
gates,NFL Rule B,same-day correlated,0.17,17,full move,0.9845,0,t > 1.65,40,0,1.65,0.8501,0.07725,,,,,,,,,,,,,,,,,,,,,
gates,NFL Rule B,same-day correlated,0.17,17,full move,0.9845,0,bootstrap 90% lower bound > 0,40,0,,0.9216,0.1487,,,,,,,,,,,,,,,,,,,,,
gates,NFL Rule B,same-day correlated,0.17,17,full move,0.9845,0,bootstrap 95% lower bound > 0,40,0,,0.8602,0.0874,,,,,,,,,,,,,,,,,,,,,
gates,NFL Rule B,same-day correlated,0.17,17,full move,0.9845,0,t > calibrated 5%,40,0,1.85,0.8025,0.0297,,,,,,,,,,,,,,,,,,,,,
gates,NFL Rule B,same-day correlated,0.17,17,full move,0.9845,0,sequential constant 5%,10-40,0,2.66,0.6634,0.02612,20.2,18,0.3366,,,,,,,,,,,,,,,,,,
gates,NFL Rule B,same-day correlated,0.17,17,full move,0.9845,0,sequential constant 10%,10-40,0,2.23,0.7997,0.05908,18.22,15,0.2003,,,,,,,,,,,,,,,,,,
gates,NFL Rule B,same-day correlated,0.17,17,full move,0.9845,0,sequential OBF 5%,10-40,0,2.14,0.7673,0.02488,25.85,26,0.2327,,,,,,,,,,,,,,,,,,
gates,NFL Rule B,same-day correlated,0.17,17,full move,0.9845,0,sequential OBF 10%,10-40,0,1.77,0.8635,0.09068,22.88,22,0.1365,,,,,,,,,,,,,,,,,,
gates,NFL Rule B,same-day correlated,0.17,17,full move,0.9845,0,registered keep test (reference),40,0,1.96,0.7729,0,,,,,,,,,,,,,,,,,,,,,
gates,NFL Rule B,same-day correlated,0.17,17,full move,0.7868,0.2,mean CLV > 0 (today's gate),20,0,,0.9486,0.2763,,,,,,,,,,,,,,,,,,,,,
gates,NFL Rule B,same-day correlated,0.17,17,full move,0.7868,0.2,t > 1.65,20,0,1.65,0.5352,0.06265,,,,,,,,,,,,,,,,,,,,,
gates,NFL Rule B,same-day correlated,0.17,17,full move,0.7868,0.2,bootstrap 90% lower bound > 0,20,0,,0.6925,0.1177,,,,,,,,,,,,,,,,,,,,,
gates,NFL Rule B,same-day correlated,0.17,17,full move,0.7868,0.2,bootstrap 95% lower bound > 0,20,0,,0.5718,0.07333,,,,,,,,,,,,,,,,,,,,,
gates,NFL Rule B,same-day correlated,0.17,17,full move,0.7868,0.2,t > calibrated 5%,20,0,1.89,0.4392,0.04027,,,,,,,,,,,,,,,,,,,,,
gates,NFL Rule B,same-day correlated,0.17,17,full move,0.7868,0.2,t > 1.65,30,0,1.65,0.6731,0.07182,,,,,,,,,,,,,,,,,,,,,
gates,NFL Rule B,same-day correlated,0.17,17,full move,0.7868,0.2,bootstrap 90% lower bound > 0,30,0,,0.8016,0.1457,,,,,,,,,,,,,,,,,,,,,
gates,NFL Rule B,same-day correlated,0.17,17,full move,0.7868,0.2,bootstrap 95% lower bound > 0,30,0,,0.6979,0.08325,,,,,,,,,,,,,,,,,,,,,
gates,NFL Rule B,same-day correlated,0.17,17,full move,0.7868,0.2,t > calibrated 5%,30,0,1.85,0.6024,0.0461,,,,,,,,,,,,,,,,,,,,,
gates,NFL Rule B,same-day correlated,0.17,17,full move,0.7868,0.2,t > 1.65,40,0,1.65,0.7786,0.1017,,,,,,,,,,,,,,,,,,,,,
gates,NFL Rule B,same-day correlated,0.17,17,full move,0.7868,0.2,bootstrap 90% lower bound > 0,40,0,,0.8765,0.1996,,,,,,,,,,,,,,,,,,,,,
gates,NFL Rule B,same-day correlated,0.17,17,full move,0.7868,0.2,bootstrap 95% lower bound > 0,40,0,,0.7955,0.1187,,,,,,,,,,,,,,,,,,,,,
gates,NFL Rule B,same-day correlated,0.17,17,full move,0.7868,0.2,t > calibrated 5%,40,0,1.85,0.7157,0.03887,,,,,,,,,,,,,,,,,,,,,
gates,NFL Rule B,same-day correlated,0.17,17,full move,0.7868,0.2,sequential constant 5%,10-40,0,2.66,0.5361,0.0285,21.59,20,0.4639,,,,,,,,,,,,,,,,,,
gates,NFL Rule B,same-day correlated,0.17,17,full move,0.7868,0.2,sequential constant 10%,10-40,0,2.23,0.7059,0.0706,19.47,17,0.2941,,,,,,,,,,,,,,,,,,
gates,NFL Rule B,same-day correlated,0.17,17,full move,0.7868,0.2,sequential OBF 5%,10-40,0,2.14,0.6623,0.02608,27.66,28,0.3377,,,,,,,,,,,,,,,,,,
gates,NFL Rule B,same-day correlated,0.17,17,full move,0.7868,0.2,sequential OBF 10%,10-40,0,1.77,0.7929,0.116,24.7,24,0.2071,,,,,,,,,,,,,,,,,,
gates,NFL Rule B,same-day correlated,0.17,17,full move,0.7868,0.2,registered keep test (reference),40,0,1.96,0.6769,0,,,,,,,,,,,,,,,,,,,,,
gates,NFL Rule B,same-day correlated,0.17,17,full move,0.5906,0.4,mean CLV > 0 (today's gate),20,0,,0.9212,0.3794,,,,,,,,,,,,,,,,,,,,,
gates,NFL Rule B,same-day correlated,0.17,17,full move,0.5906,0.4,t > 1.65,20,0,1.65,0.4355,0.07877,,,,,,,,,,,,,,,,,,,,,
gates,NFL Rule B,same-day correlated,0.17,17,full move,0.5906,0.4,bootstrap 90% lower bound > 0,20,0,,0.6121,0.158,,,,,,,,,,,,,,,,,,,,,
gates,NFL Rule B,same-day correlated,0.17,17,full move,0.5906,0.4,bootstrap 95% lower bound > 0,20,0,,0.4881,0.09982,,,,,,,,,,,,,,,,,,,,,
gates,NFL Rule B,same-day correlated,0.17,17,full move,0.5906,0.4,t > calibrated 5%,20,0,1.89,0.3373,0.04852,,,,,,,,,,,,,,,,,,,,,
gates,NFL Rule B,same-day correlated,0.17,17,full move,0.5906,0.4,t > 1.65,30,0,1.65,0.5687,0.09277,,,,,,,,,,,,,,,,,,,,,
gates,NFL Rule B,same-day correlated,0.17,17,full move,0.5906,0.4,bootstrap 90% lower bound > 0,30,0,,0.7226,0.1937,,,,,,,,,,,,,,,,,,,,,
gates,NFL Rule B,same-day correlated,0.17,17,full move,0.5906,0.4,bootstrap 95% lower bound > 0,30,0,,0.6063,0.1139,,,,,,,,,,,,,,,,,,,,,
gates,NFL Rule B,same-day correlated,0.17,17,full move,0.5906,0.4,t > calibrated 5%,30,0,1.85,0.4848,0.05602,,,,,,,,,,,,,,,,,,,,,
gates,NFL Rule B,same-day correlated,0.17,17,full move,0.5906,0.4,t > 1.65,40,0,1.65,0.6736,0.1272,,,,,,,,,,,,,,,,,,,,,
gates,NFL Rule B,same-day correlated,0.17,17,full move,0.5906,0.4,bootstrap 90% lower bound > 0,40,0,,0.8062,0.2598,,,,,,,,,,,,,,,,,,,,,
gates,NFL Rule B,same-day correlated,0.17,17,full move,0.5906,0.4,bootstrap 95% lower bound > 0,40,0,,0.701,0.1546,,,,,,,,,,,,,,,,,,,,,
gates,NFL Rule B,same-day correlated,0.17,17,full move,0.5906,0.4,t > calibrated 5%,40,0,1.85,0.593,0.04662,,,,,,,,,,,,,,,,,,,,,
gates,NFL Rule B,same-day correlated,0.17,17,full move,0.5906,0.4,sequential constant 5%,10-40,0,2.66,0.3719,0.0261,23.44,23,0.6281,,,,,,,,,,,,,,,,,,
gates,NFL Rule B,same-day correlated,0.17,17,full move,0.5906,0.4,sequential constant 10%,10-40,0,2.23,0.5705,0.07687,21.01,19,0.4295,,,,,,,,,,,,,,,,,,
gates,NFL Rule B,same-day correlated,0.17,17,full move,0.5906,0.4,sequential OBF 5%,10-40,0,2.14,0.5217,0.02573,29.77,30,0.4783,,,,,,,,,,,,,,,,,,
gates,NFL Rule B,same-day correlated,0.17,17,full move,0.5906,0.4,sequential OBF 10%,10-40,0,1.77,0.6839,0.1375,26.75,27,0.3161,,,,,,,,,,,,,,,,,,
gates,NFL Rule B,same-day correlated,0.17,17,full move,0.5906,0.4,registered keep test (reference),40,0,1.96,0.5464,0,,,,,,,,,,,,,,,,,,,,,
gates,NFL Rule B,same-day correlated,0.17,25,no edge,-0.0003325,0,mean CLV > 0 (today's gate),20,0,,0.4936,0.4537,,,,,,,,,,,,,,,,,,,,,
gates,NFL Rule B,same-day correlated,0.17,25,no edge,-0.0003325,0,t > 1.65,20,0,1.65,0.07297,0.05022,,,,,,,,,,,,,,,,,,,,,
gates,NFL Rule B,same-day correlated,0.17,25,no edge,-0.0003325,0,bootstrap 90% lower bound > 0,20,0,,0.138,0.1079,,,,,,,,,,,,,,,,,,,,,
gates,NFL Rule B,same-day correlated,0.17,25,no edge,-0.0003325,0,bootstrap 95% lower bound > 0,20,0,,0.08313,0.05867,,,,,,,,,,,,,,,,,,,,,
gates,NFL Rule B,same-day correlated,0.17,25,no edge,-0.0003325,0,t > calibrated 5%,20,0,1.89,0.04925,0.03163,,,,,,,,,,,,,,,,,,,,,
gates,NFL Rule B,same-day correlated,0.17,25,no edge,-0.0003325,0,t > 1.65,30,0,1.65,0.06975,0.0389,,,,,,,,,,,,,,,,,,,,,
gates,NFL Rule B,same-day correlated,0.17,25,no edge,-0.0003325,0,bootstrap 90% lower bound > 0,30,0,,0.1317,0.09425,,,,,,,,,,,,,,,,,,,,,
gates,NFL Rule B,same-day correlated,0.17,25,no edge,-0.0003325,0,bootstrap 95% lower bound > 0,30,0,,0.0771,0.04528,,,,,,,,,,,,,,,,,,,,,
gates,NFL Rule B,same-day correlated,0.17,25,no edge,-0.0003325,0,t > calibrated 5%,30,0,1.85,0.04918,0.02315,,,,,,,,,,,,,,,,,,,,,
gates,NFL Rule B,same-day correlated,0.17,25,no edge,-0.0003325,0,t > 1.65,40,0,1.65,0.07037,0.0297,,,,,,,,,,,,,,,,,,,,,
gates,NFL Rule B,same-day correlated,0.17,25,no edge,-0.0003325,0,bootstrap 90% lower bound > 0,40,0,,0.1308,0.0901,,,,,,,,,,,,,,,,,,,,,
gates,NFL Rule B,same-day correlated,0.17,25,no edge,-0.0003325,0,bootstrap 95% lower bound > 0,40,0,,0.07673,0.03605,,,,,,,,,,,,,,,,,,,,,
gates,NFL Rule B,same-day correlated,0.17,25,no edge,-0.0003325,0,t > calibrated 5%,40,0,1.85,0.05053,0.00985,,,,,,,,,,,,,,,,,,,,,
gates,NFL Rule B,same-day correlated,0.17,25,no edge,-0.0003325,0,sequential constant 5%,10-40,0,2.66,0.04947,0.02778,17.7,14,0.9505,,,,,,,,,,,,,,,,,,
gates,NFL Rule B,same-day correlated,0.17,25,no edge,-0.0003325,0,sequential constant 10%,10-40,0,2.23,0.09855,0.06457,17.45,14,0.9014,,,,,,,,,,,,,,,,,,
gates,NFL Rule B,same-day correlated,0.17,25,no edge,-0.0003325,0,sequential OBF 5%,10-40,0,2.14,0.04827,0.01485,28.6,30,0.9517,,,,,,,,,,,,,,,,,,
gates,NFL Rule B,same-day correlated,0.17,25,no edge,-0.0003325,0,sequential OBF 10%,10-40,0,1.77,0.09763,0.05695,26.95,28,0.9024,,,,,,,,,,,,,,,,,,
gates,NFL Rule B,same-day correlated,0.17,25,no edge,-0.0003325,0,registered keep test (reference),40,0,1.96,0.04068,0,,,,,,,,,,,,,,,,,,,,,
gates,NFL Rule B,same-day correlated,0.17,25,no edge,-0.002109,0.2,mean CLV > 0 (today's gate),20,0,,0.4912,0.4564,,,,,,,,,,,,,,,,,,,,,
gates,NFL Rule B,same-day correlated,0.17,25,no edge,-0.002109,0.2,t > 1.65,20,0,1.65,0.06615,0.04715,,,,,,,,,,,,,,,,,,,,,
gates,NFL Rule B,same-day correlated,0.17,25,no edge,-0.002109,0.2,bootstrap 90% lower bound > 0,20,0,,0.1325,0.1065,,,,,,,,,,,,,,,,,,,,,
gates,NFL Rule B,same-day correlated,0.17,25,no edge,-0.002109,0.2,bootstrap 95% lower bound > 0,20,0,,0.07767,0.0572,,,,,,,,,,,,,,,,,,,,,
gates,NFL Rule B,same-day correlated,0.17,25,no edge,-0.002109,0.2,t > calibrated 5%,20,0,1.89,0.0432,0.02848,,,,,,,,,,,,,,,,,,,,,
gates,NFL Rule B,same-day correlated,0.17,25,no edge,-0.002109,0.2,t > 1.65,30,0,1.65,0.06348,0.03682,,,,,,,,,,,,,,,,,,,,,
gates,NFL Rule B,same-day correlated,0.17,25,no edge,-0.002109,0.2,bootstrap 90% lower bound > 0,30,0,,0.127,0.09467,,,,,,,,,,,,,,,,,,,,,
gates,NFL Rule B,same-day correlated,0.17,25,no edge,-0.002109,0.2,bootstrap 95% lower bound > 0,30,0,,0.07208,0.04435,,,,,,,,,,,,,,,,,,,,,
gates,NFL Rule B,same-day correlated,0.17,25,no edge,-0.002109,0.2,t > calibrated 5%,30,0,1.85,0.04387,0.02123,,,,,,,,,,,,,,,,,,,,,
gates,NFL Rule B,same-day correlated,0.17,25,no edge,-0.002109,0.2,t > 1.65,40,0,1.65,0.06367,0.02828,,,,,,,,,,,,,,,,,,,,,
gates,NFL Rule B,same-day correlated,0.17,25,no edge,-0.002109,0.2,bootstrap 90% lower bound > 0,40,0,,0.1247,0.08933,,,,,,,,,,,,,,,,,,,,,
gates,NFL Rule B,same-day correlated,0.17,25,no edge,-0.002109,0.2,bootstrap 95% lower bound > 0,40,0,,0.07118,0.03578,,,,,,,,,,,,,,,,,,,,,
gates,NFL Rule B,same-day correlated,0.17,25,no edge,-0.002109,0.2,t > calibrated 5%,40,0,1.85,0.04405,0.00865,,,,,,,,,,,,,,,,,,,,,
gates,NFL Rule B,same-day correlated,0.17,25,no edge,-0.002109,0.2,sequential constant 5%,10-40,0,2.66,0.03787,0.02162,17.96,15,0.9621,,,,,,,,,,,,,,,,,,
gates,NFL Rule B,same-day correlated,0.17,25,no edge,-0.002109,0.2,sequential constant 10%,10-40,0,2.23,0.0827,0.05402,17.77,14,0.9173,,,,,,,,,,,,,,,,,,
gates,NFL Rule B,same-day correlated,0.17,25,no edge,-0.002109,0.2,sequential OBF 5%,10-40,0,2.14,0.04015,0.01115,29.84,31,0.9598,,,,,,,,,,,,,,,,,,
gates,NFL Rule B,same-day correlated,0.17,25,no edge,-0.002109,0.2,sequential OBF 10%,10-40,0,1.77,0.08605,0.05065,27.8,29,0.914,,,,,,,,,,,,,,,,,,
gates,NFL Rule B,same-day correlated,0.17,25,no edge,-0.002109,0.2,registered keep test (reference),40,0,1.96,0.0354,0,,,,,,,,,,,,,,,,,,,,,
gates,NFL Rule B,same-day correlated,0.17,25,no edge,-0.0004692,0.4,mean CLV > 0 (today's gate),20,0,,0.4938,0.4648,,,,,,,,,,,,,,,,,,,,,
gates,NFL Rule B,same-day correlated,0.17,25,no edge,-0.0004692,0.4,t > 1.65,20,0,1.65,0.06067,0.04535,,,,,,,,,,,,,,,,,,,,,
gates,NFL Rule B,same-day correlated,0.17,25,no edge,-0.0004692,0.4,bootstrap 90% lower bound > 0,20,0,,0.1281,0.1062,,,,,,,,,,,,,,,,,,,,,
gates,NFL Rule B,same-day correlated,0.17,25,no edge,-0.0004692,0.4,bootstrap 95% lower bound > 0,20,0,,0.07618,0.0595,,,,,,,,,,,,,,,,,,,,,
gates,NFL Rule B,same-day correlated,0.17,25,no edge,-0.0004692,0.4,t > calibrated 5%,20,0,1.89,0.03655,0.0253,,,,,,,,,,,,,,,,,,,,,
gates,NFL Rule B,same-day correlated,0.17,25,no edge,-0.0004692,0.4,t > 1.65,30,0,1.65,0.05878,0.03658,,,,,,,,,,,,,,,,,,,,,
gates,NFL Rule B,same-day correlated,0.17,25,no edge,-0.0004692,0.4,bootstrap 90% lower bound > 0,30,0,,0.122,0.09498,,,,,,,,,,,,,,,,,,,,,
gates,NFL Rule B,same-day correlated,0.17,25,no edge,-0.0004692,0.4,bootstrap 95% lower bound > 0,30,0,,0.0704,0.04673,,,,,,,,,,,,,,,,,,,,,
gates,NFL Rule B,same-day correlated,0.17,25,no edge,-0.0004692,0.4,t > calibrated 5%,30,0,1.85,0.0384,0.02007,,,,,,,,,,,,,,,,,,,,,
gates,NFL Rule B,same-day correlated,0.17,25,no edge,-0.0004692,0.4,t > 1.65,40,0,1.65,0.05747,0.02815,,,,,,,,,,,,,,,,,,,,,
gates,NFL Rule B,same-day correlated,0.17,25,no edge,-0.0004692,0.4,bootstrap 90% lower bound > 0,40,0,,0.1194,0.09008,,,,,,,,,,,,,,,,,,,,,
gates,NFL Rule B,same-day correlated,0.17,25,no edge,-0.0004692,0.4,bootstrap 95% lower bound > 0,40,0,,0.0673,0.03798,,,,,,,,,,,,,,,,,,,,,
gates,NFL Rule B,same-day correlated,0.17,25,no edge,-0.0004692,0.4,t > calibrated 5%,40,0,1.85,0.03682,0.0075,,,,,,,,,,,,,,,,,,,,,
gates,NFL Rule B,same-day correlated,0.17,25,no edge,-0.0004692,0.4,sequential constant 5%,10-40,0,2.66,0.02428,0.0131,19.39,17,0.9757,,,,,,,,,,,,,,,,,,
gates,NFL Rule B,same-day correlated,0.17,25,no edge,-0.0004692,0.4,sequential constant 10%,10-40,0,2.23,0.0666,0.04383,18.64,16,0.9334,,,,,,,,,,,,,,,,,,
gates,NFL Rule B,same-day correlated,0.17,25,no edge,-0.0004692,0.4,sequential OBF 5%,10-40,0,2.14,0.03047,0.0079,31.17,32,0.9695,,,,,,,,,,,,,,,,,,
gates,NFL Rule B,same-day correlated,0.17,25,no edge,-0.0004692,0.4,sequential OBF 10%,10-40,0,1.77,0.07422,0.0449,29.02,30,0.9258,,,,,,,,,,,,,,,,,,
gates,NFL Rule B,same-day correlated,0.17,25,no edge,-0.0004692,0.4,registered keep test (reference),40,0,1.96,0.02933,0,,,,,,,,,,,,,,,,,,,,,
gates,NFL Rule B,same-day correlated,0.17,25,half the move,0.4923,0,mean CLV > 0 (today's gate),20,0,,0.8016,0.5077,,,,,,,,,,,,,,,,,,,,,
gates,NFL Rule B,same-day correlated,0.17,25,half the move,0.4923,0,t > 1.65,20,0,1.65,0.2766,0.09548,,,,,,,,,,,,,,,,,,,,,
gates,NFL Rule B,same-day correlated,0.17,25,half the move,0.4923,0,bootstrap 90% lower bound > 0,20,0,,0.4087,0.1774,,,,,,,,,,,,,,,,,,,,,
gates,NFL Rule B,same-day correlated,0.17,25,half the move,0.4923,0,bootstrap 95% lower bound > 0,20,0,,0.2998,0.1083,,,,,,,,,,,,,,,,,,,,,
gates,NFL Rule B,same-day correlated,0.17,25,half the move,0.4923,0,t > calibrated 5%,20,0,1.89,0.2108,0.062,,,,,,,,,,,,,,,,,,,,,
gates,NFL Rule B,same-day correlated,0.17,25,half the move,0.4923,0,t > 1.65,30,0,1.65,0.3421,0.09785,,,,,,,,,,,,,,,,,,,,,
gates,NFL Rule B,same-day correlated,0.17,25,half the move,0.4923,0,bootstrap 90% lower bound > 0,30,0,,0.4808,0.2001,,,,,,,,,,,,,,,,,,,,,
gates,NFL Rule B,same-day correlated,0.17,25,half the move,0.4923,0,bootstrap 95% lower bound > 0,30,0,,0.362,0.1105,,,,,,,,,,,,,,,,,,,,,
gates,NFL Rule B,same-day correlated,0.17,25,half the move,0.4923,0,t > calibrated 5%,30,0,1.85,0.278,0.0617,,,,,,,,,,,,,,,,,,,,,
gates,NFL Rule B,same-day correlated,0.17,25,half the move,0.4923,0,t > 1.65,40,0,1.65,0.4013,0.1038,,,,,,,,,,,,,,,,,,,,,
gates,NFL Rule B,same-day correlated,0.17,25,half the move,0.4923,0,bootstrap 90% lower bound > 0,40,0,,0.5412,0.2437,,,,,,,,,,,,,,,,,,,,,
gates,NFL Rule B,same-day correlated,0.17,25,half the move,0.4923,0,bootstrap 95% lower bound > 0,40,0,,0.4179,0.1204,,,,,,,,,,,,,,,,,,,,,
gates,NFL Rule B,same-day correlated,0.17,25,half the move,0.4923,0,t > calibrated 5%,40,0,1.85,0.3336,0.03612,,,,,,,,,,,,,,,,,,,,,
gates,NFL Rule B,same-day correlated,0.17,25,half the move,0.4923,0,sequential constant 5%,10-40,0,2.66,0.2494,0.05332,20.52,18,0.7506,,,,,,,,,,,,,,,,,,
gates,NFL Rule B,same-day correlated,0.17,25,half the move,0.4923,0,sequential constant 10%,10-40,0,2.23,0.3879,0.1181,19.53,17,0.6121,,,,,,,,,,,,,,,,,,
gates,NFL Rule B,same-day correlated,0.17,25,half the move,0.4923,0,sequential OBF 5%,10-40,0,2.14,0.3102,0.04072,28.58,30,0.6898,,,,,,,,,,,,,,,,,,
gates,NFL Rule B,same-day correlated,0.17,25,half the move,0.4923,0,sequential OBF 10%,10-40,0,1.77,0.4469,0.1494,26.24,27,0.5532,,,,,,,,,,,,,,,,,,
gates,NFL Rule B,same-day correlated,0.17,25,half the move,0.4923,0,registered keep test (reference),40,0,1.96,0.2975,0,,,,,,,,,,,,,,,,,,,,,
gates,NFL Rule B,same-day correlated,0.17,25,half the move,0.392,0.2,mean CLV > 0 (today's gate),20,0,,0.7785,0.5376,,,,,,,,,,,,,,,,,,,,,
gates,NFL Rule B,same-day correlated,0.17,25,half the move,0.392,0.2,t > 1.65,20,0,1.65,0.2359,0.0919,,,,,,,,,,,,,,,,,,,,,
gates,NFL Rule B,same-day correlated,0.17,25,half the move,0.392,0.2,bootstrap 90% lower bound > 0,20,0,,0.3707,0.1822,,,,,,,,,,,,,,,,,,,,,
gates,NFL Rule B,same-day correlated,0.17,25,half the move,0.392,0.2,bootstrap 95% lower bound > 0,20,0,,0.2651,0.1103,,,,,,,,,,,,,,,,,,,,,
gates,NFL Rule B,same-day correlated,0.17,25,half the move,0.392,0.2,t > calibrated 5%,20,0,1.89,0.1735,0.05733,,,,,,,,,,,,,,,,,,,,,
gates,NFL Rule B,same-day correlated,0.17,25,half the move,0.392,0.2,t > 1.65,30,0,1.65,0.2924,0.09417,,,,,,,,,,,,,,,,,,,,,
gates,NFL Rule B,same-day correlated,0.17,25,half the move,0.392,0.2,bootstrap 90% lower bound > 0,30,0,,0.4342,0.2037,,,,,,,,,,,,,,,,,,,,,
gates,NFL Rule B,same-day correlated,0.17,25,half the move,0.392,0.2,bootstrap 95% lower bound > 0,30,0,,0.3159,0.1102,,,,,,,,,,,,,,,,,,,,,
gates,NFL Rule B,same-day correlated,0.17,25,half the move,0.392,0.2,t > calibrated 5%,30,0,1.85,0.2313,0.05867,,,,,,,,,,,,,,,,,,,,,
gates,NFL Rule B,same-day correlated,0.17,25,half the move,0.392,0.2,t > 1.65,40,0,1.65,0.3433,0.099,,,,,,,,,,,,,,,,,,,,,
gates,NFL Rule B,same-day correlated,0.17,25,half the move,0.392,0.2,bootstrap 90% lower bound > 0,40,0,,0.4885,0.2443,,,,,,,,,,,,,,,,,,,,,
gates,NFL Rule B,same-day correlated,0.17,25,half the move,0.392,0.2,bootstrap 95% lower bound > 0,40,0,,0.3653,0.121,,,,,,,,,,,,,,,,,,,,,
gates,NFL Rule B,same-day correlated,0.17,25,half the move,0.392,0.2,t > calibrated 5%,40,0,1.85,0.2767,0.03243,,,,,,,,,,,,,,,,,,,,,
gates,NFL Rule B,same-day correlated,0.17,25,half the move,0.392,0.2,sequential constant 5%,10-40,0,2.66,0.1848,0.04205,21.15,19,0.8152,,,,,,,,,,,,,,,,,,
gates,NFL Rule B,same-day correlated,0.17,25,half the move,0.392,0.2,sequential constant 10%,10-40,0,2.23,0.3192,0.1044,20.13,18,0.6807,,,,,,,,,,,,,,,,,,
gates,NFL Rule B,same-day correlated,0.17,25,half the move,0.392,0.2,sequential OBF 5%,10-40,0,2.14,0.2476,0.0324,29.73,31,0.7524,,,,,,,,,,,,,,,,,,
gates,NFL Rule B,same-day correlated,0.17,25,half the move,0.392,0.2,sequential OBF 10%,10-40,0,1.77,0.3795,0.1352,27.31,28,0.6205,,,,,,,,,,,,,,,,,,
gates,NFL Rule B,same-day correlated,0.17,25,half the move,0.392,0.2,registered keep test (reference),40,0,1.96,0.2443,0,,,,,,,,,,,,,,,,,,,,,
gates,NFL Rule B,same-day correlated,0.17,25,half the move,0.2949,0.4,mean CLV > 0 (today's gate),20,0,,0.751,0.5666,,,,,,,,,,,,,,,,,,,,,
gates,NFL Rule B,same-day correlated,0.17,25,half the move,0.2949,0.4,t > 1.65,20,0,1.65,0.1949,0.08835,,,,,,,,,,,,,,,,,,,,,
gates,NFL Rule B,same-day correlated,0.17,25,half the move,0.2949,0.4,bootstrap 90% lower bound > 0,20,0,,0.3342,0.188,,,,,,,,,,,,,,,,,,,,,
gates,NFL Rule B,same-day correlated,0.17,25,half the move,0.2949,0.4,bootstrap 95% lower bound > 0,20,0,,0.2304,0.1116,,,,,,,,,,,,,,,,,,,,,
gates,NFL Rule B,same-day correlated,0.17,25,half the move,0.2949,0.4,t > calibrated 5%,20,0,1.89,0.1339,0.05265,,,,,,,,,,,,,,,,,,,,,
gates,NFL Rule B,same-day correlated,0.17,25,half the move,0.2949,0.4,t > 1.65,30,0,1.65,0.239,0.08897,,,,,,,,,,,,,,,,,,,,,
gates,NFL Rule B,same-day correlated,0.17,25,half the move,0.2949,0.4,bootstrap 90% lower bound > 0,30,0,,0.3831,0.2059,,,,,,,,,,,,,,,,,,,,,
gates,NFL Rule B,same-day correlated,0.17,25,half the move,0.2949,0.4,bootstrap 95% lower bound > 0,30,0,,0.2696,0.1114,,,,,,,,,,,,,,,,,,,,,
gates,NFL Rule B,same-day correlated,0.17,25,half the move,0.2949,0.4,t > calibrated 5%,30,0,1.85,0.1792,0.05165,,,,,,,,,,,,,,,,,,,,,
gates,NFL Rule B,same-day correlated,0.17,25,half the move,0.2949,0.4,t > 1.65,40,0,1.65,0.2808,0.09455,,,,,,,,,,,,,,,,,,,,,
gates,NFL Rule B,same-day correlated,0.17,25,half the move,0.2949,0.4,bootstrap 90% lower bound > 0,40,0,,0.4303,0.2441,,,,,,,,,,,,,,,,,,,,,
gates,NFL Rule B,same-day correlated,0.17,25,half the move,0.2949,0.4,bootstrap 95% lower bound > 0,40,0,,0.3072,0.121,,,,,,,,,,,,,,,,,,,,,
gates,NFL Rule B,same-day correlated,0.17,25,half the move,0.2949,0.4,t > calibrated 5%,40,0,1.85,0.2177,0.0315,,,,,,,,,,,,,,,,,,,,,
gates,NFL Rule B,same-day correlated,0.17,25,half the move,0.2949,0.4,sequential constant 5%,10-40,0,2.66,0.1196,0.0279,22.56,22,0.8804,,,,,,,,,,,,,,,,,,
gates,NFL Rule B,same-day correlated,0.17,25,half the move,0.2949,0.4,sequential constant 10%,10-40,0,2.23,0.2401,0.0845,20.89,19,0.7599,,,,,,,,,,,,,,,,,,
gates,NFL Rule B,same-day correlated,0.17,25,half the move,0.2949,0.4,sequential OBF 5%,10-40,0,2.14,0.1791,0.02353,30.89,32,0.8209,,,,,,,,,,,,,,,,,,
gates,NFL Rule B,same-day correlated,0.17,25,half the move,0.2949,0.4,sequential OBF 10%,10-40,0,1.77,0.3073,0.1211,28.64,29,0.6927,,,,,,,,,,,,,,,,,,
gates,NFL Rule B,same-day correlated,0.17,25,half the move,0.2949,0.4,registered keep test (reference),40,0,1.96,0.1862,0,,,,,,,,,,,,,,,,,,,,,
gates,NFL Rule B,same-day correlated,0.17,25,full move,0.9848,0,mean CLV > 0 (today's gate),20,0,,0.9573,0.1984,,,,,,,,,,,,,,,,,,,,,
gates,NFL Rule B,same-day correlated,0.17,25,full move,0.9848,0,t > 1.65,20,0,1.65,0.6134,0.04927,,,,,,,,,,,,,,,,,,,,,
gates,NFL Rule B,same-day correlated,0.17,25,full move,0.9848,0,bootstrap 90% lower bound > 0,20,0,,0.7445,0.08697,,,,,,,,,,,,,,,,,,,,,
gates,NFL Rule B,same-day correlated,0.17,25,full move,0.9848,0,bootstrap 95% lower bound > 0,20,0,,0.6389,0.05568,,,,,,,,,,,,,,,,,,,,,
gates,NFL Rule B,same-day correlated,0.17,25,full move,0.9848,0,t > calibrated 5%,20,0,1.89,0.5296,0.0334,,,,,,,,,,,,,,,,,,,,,
gates,NFL Rule B,same-day correlated,0.17,25,full move,0.9848,0,t > 1.65,30,0,1.65,0.7527,0.0576,,,,,,,,,,,,,,,,,,,,,
gates,NFL Rule B,same-day correlated,0.17,25,full move,0.9848,0,bootstrap 90% lower bound > 0,30,0,,0.8497,0.1084,,,,,,,,,,,,,,,,,,,,,
gates,NFL Rule B,same-day correlated,0.17,25,full move,0.9848,0,bootstrap 95% lower bound > 0,30,0,,0.7684,0.06442,,,,,,,,,,,,,,,,,,,,,
gates,NFL Rule B,same-day correlated,0.17,25,full move,0.9848,0,t > calibrated 5%,30,0,1.85,0.6918,0.03918,,,,,,,,,,,,,,,,,,,,,
gates,NFL Rule B,same-day correlated,0.17,25,full move,0.9848,0,t > 1.65,40,0,1.65,0.8427,0.07823,,,,,,,,,,,,,,,,,,,,,
gates,NFL Rule B,same-day correlated,0.17,25,full move,0.9848,0,bootstrap 90% lower bound > 0,40,0,,0.913,0.1485,,,,,,,,,,,,,,,,,,,,,
gates,NFL Rule B,same-day correlated,0.17,25,full move,0.9848,0,bootstrap 95% lower bound > 0,40,0,,0.8522,0.08772,,,,,,,,,,,,,,,,,,,,,
gates,NFL Rule B,same-day correlated,0.17,25,full move,0.9848,0,t > calibrated 5%,40,0,1.85,0.7938,0.02933,,,,,,,,,,,,,,,,,,,,,
gates,NFL Rule B,same-day correlated,0.17,25,full move,0.9848,0,sequential constant 5%,10-40,0,2.66,0.669,0.02942,20.1,18,0.331,,,,,,,,,,,,,,,,,,
gates,NFL Rule B,same-day correlated,0.17,25,full move,0.9848,0,sequential constant 10%,10-40,0,2.23,0.797,0.06243,18.12,15,0.203,,,,,,,,,,,,,,,,,,
gates,NFL Rule B,same-day correlated,0.17,25,full move,0.9848,0,sequential OBF 5%,10-40,0,2.14,0.7624,0.02687,25.63,26,0.2376,,,,,,,,,,,,,,,,,,
gates,NFL Rule B,same-day correlated,0.17,25,full move,0.9848,0,sequential OBF 10%,10-40,0,1.77,0.8587,0.09425,22.72,22,0.1413,,,,,,,,,,,,,,,,,,
gates,NFL Rule B,same-day correlated,0.17,25,full move,0.9848,0,registered keep test (reference),40,0,1.96,0.7645,0,,,,,,,,,,,,,,,,,,,,,
gates,NFL Rule B,same-day correlated,0.17,25,full move,0.786,0.2,mean CLV > 0 (today's gate),20,0,,0.9415,0.2747,,,,,,,,,,,,,,,,,,,,,
gates,NFL Rule B,same-day correlated,0.17,25,full move,0.786,0.2,t > 1.65,20,0,1.65,0.534,0.06283,,,,,,,,,,,,,,,,,,,,,
gates,NFL Rule B,same-day correlated,0.17,25,full move,0.786,0.2,bootstrap 90% lower bound > 0,20,0,,0.6855,0.1164,,,,,,,,,,,,,,,,,,,,,
gates,NFL Rule B,same-day correlated,0.17,25,full move,0.786,0.2,bootstrap 95% lower bound > 0,20,0,,0.5692,0.07312,,,,,,,,,,,,,,,,,,,,,
gates,NFL Rule B,same-day correlated,0.17,25,full move,0.786,0.2,t > calibrated 5%,20,0,1.89,0.4417,0.04108,,,,,,,,,,,,,,,,,,,,,
gates,NFL Rule B,same-day correlated,0.17,25,full move,0.786,0.2,t > 1.65,30,0,1.65,0.6697,0.0721,,,,,,,,,,,,,,,,,,,,,
gates,NFL Rule B,same-day correlated,0.17,25,full move,0.786,0.2,bootstrap 90% lower bound > 0,30,0,,0.7931,0.1427,,,,,,,,,,,,,,,,,,,,,
gates,NFL Rule B,same-day correlated,0.17,25,full move,0.786,0.2,bootstrap 95% lower bound > 0,30,0,,0.6935,0.08338,,,,,,,,,,,,,,,,,,,,,
gates,NFL Rule B,same-day correlated,0.17,25,full move,0.786,0.2,t > calibrated 5%,30,0,1.85,0.599,0.04625,,,,,,,,,,,,,,,,,,,,,
gates,NFL Rule B,same-day correlated,0.17,25,full move,0.786,0.2,t > 1.65,40,0,1.65,0.7695,0.0979,,,,,,,,,,,,,,,,,,,,,
gates,NFL Rule B,same-day correlated,0.17,25,full move,0.786,0.2,bootstrap 90% lower bound > 0,40,0,,0.8669,0.1953,,,,,,,,,,,,,,,,,,,,,
gates,NFL Rule B,same-day correlated,0.17,25,full move,0.786,0.2,bootstrap 95% lower bound > 0,40,0,,0.7849,0.1133,,,,,,,,,,,,,,,,,,,,,
gates,NFL Rule B,same-day correlated,0.17,25,full move,0.786,0.2,t > calibrated 5%,40,0,1.85,0.7088,0.03717,,,,,,,,,,,,,,,,,,,,,
gates,NFL Rule B,same-day correlated,0.17,25,full move,0.786,0.2,sequential constant 5%,10-40,0,2.66,0.5432,0.03002,21.47,20,0.4568,,,,,,,,,,,,,,,,,,
gates,NFL Rule B,same-day correlated,0.17,25,full move,0.786,0.2,sequential constant 10%,10-40,0,2.23,0.703,0.0723,19.29,17,0.297,,,,,,,,,,,,,,,,,,
gates,NFL Rule B,same-day correlated,0.17,25,full move,0.786,0.2,sequential OBF 5%,10-40,0,2.14,0.6593,0.02718,27.46,28,0.3407,,,,,,,,,,,,,,,,,,
gates,NFL Rule B,same-day correlated,0.17,25,full move,0.786,0.2,sequential OBF 10%,10-40,0,1.77,0.7861,0.1145,24.51,24,0.2139,,,,,,,,,,,,,,,,,,
gates,NFL Rule B,same-day correlated,0.17,25,full move,0.786,0.2,registered keep test (reference),40,0,1.96,0.6716,0,,,,,,,,,,,,,,,,,,,,,
gates,NFL Rule B,same-day correlated,0.17,25,full move,0.5902,0.4,mean CLV > 0 (today's gate),20,0,,0.9156,0.3725,,,,,,,,,,,,,,,,,,,,,
gates,NFL Rule B,same-day correlated,0.17,25,full move,0.5902,0.4,t > 1.65,20,0,1.65,0.4389,0.0781,,,,,,,,,,,,,,,,,,,,,
gates,NFL Rule B,same-day correlated,0.17,25,full move,0.5902,0.4,bootstrap 90% lower bound > 0,20,0,,0.6103,0.1552,,,,,,,,,,,,,,,,,,,,,
gates,NFL Rule B,same-day correlated,0.17,25,full move,0.5902,0.4,bootstrap 95% lower bound > 0,20,0,,0.4881,0.09675,,,,,,,,,,,,,,,,,,,,,
gates,NFL Rule B,same-day correlated,0.17,25,full move,0.5902,0.4,t > calibrated 5%,20,0,1.89,0.3421,0.04723,,,,,,,,,,,,,,,,,,,,,
gates,NFL Rule B,same-day correlated,0.17,25,full move,0.5902,0.4,t > 1.65,30,0,1.65,0.5675,0.09118,,,,,,,,,,,,,,,,,,,,,
gates,NFL Rule B,same-day correlated,0.17,25,full move,0.5902,0.4,bootstrap 90% lower bound > 0,30,0,,0.7183,0.1893,,,,,,,,,,,,,,,,,,,,,
gates,NFL Rule B,same-day correlated,0.17,25,full move,0.5902,0.4,bootstrap 95% lower bound > 0,30,0,,0.6028,0.1105,,,,,,,,,,,,,,,,,,,,,
gates,NFL Rule B,same-day correlated,0.17,25,full move,0.5902,0.4,t > calibrated 5%,30,0,1.85,0.4855,0.05607,,,,,,,,,,,,,,,,,,,,,
gates,NFL Rule B,same-day correlated,0.17,25,full move,0.5902,0.4,t > 1.65,40,0,1.65,0.669,0.1211,,,,,,,,,,,,,,,,,,,,,
gates,NFL Rule B,same-day correlated,0.17,25,full move,0.5902,0.4,bootstrap 90% lower bound > 0,40,0,,0.7985,0.2506,,,,,,,,,,,,,,,,,,,,,
gates,NFL Rule B,same-day correlated,0.17,25,full move,0.5902,0.4,bootstrap 95% lower bound > 0,40,0,,0.6967,0.1488,,,,,,,,,,,,,,,,,,,,,
gates,NFL Rule B,same-day correlated,0.17,25,full move,0.5902,0.4,t > calibrated 5%,40,0,1.85,0.5929,0.04503,,,,,,,,,,,,,,,,,,,,,
gates,NFL Rule B,same-day correlated,0.17,25,full move,0.5902,0.4,sequential constant 5%,10-40,0,2.66,0.3799,0.02562,23.33,23,0.6201,,,,,,,,,,,,,,,,,,
gates,NFL Rule B,same-day correlated,0.17,25,full move,0.5902,0.4,sequential constant 10%,10-40,0,2.23,0.5713,0.07575,20.84,19,0.4287,,,,,,,,,,,,,,,,,,
gates,NFL Rule B,same-day correlated,0.17,25,full move,0.5902,0.4,sequential OBF 5%,10-40,0,2.14,0.5258,0.02775,29.58,30,0.4742,,,,,,,,,,,,,,,,,,
gates,NFL Rule B,same-day correlated,0.17,25,full move,0.5902,0.4,sequential OBF 10%,10-40,0,1.77,0.6832,0.1353,26.61,27,0.3168,,,,,,,,,,,,,,,,,,
gates,NFL Rule B,same-day correlated,0.17,25,full move,0.5902,0.4,registered keep test (reference),40,0,1.96,0.5479,0,,,,,,,,,,,,,,,,,,,,,
gates,NFL Rule B,stress: stronger correlation,0.28,17,no edge,-0.001092,0,mean CLV > 0 (today's gate),20,0,,0.4953,0.4509,,,,,,,,,,,,,,,,,,,,,
gates,NFL Rule B,stress: stronger correlation,0.28,17,no edge,-0.001092,0,t > 1.65,20,0,1.65,0.0784,0.0536,,,,,,,,,,,,,,,,,,,,,
gates,NFL Rule B,stress: stronger correlation,0.28,17,no edge,-0.001092,0,bootstrap 90% lower bound > 0,20,0,,0.1424,0.1096,,,,,,,,,,,,,,,,,,,,,
gates,NFL Rule B,stress: stronger correlation,0.28,17,no edge,-0.001092,0,bootstrap 95% lower bound > 0,20,0,,0.08765,0.06173,,,,,,,,,,,,,,,,,,,,,
gates,NFL Rule B,stress: stronger correlation,0.28,17,no edge,-0.001092,0,t > calibrated 5%,20,0,1.89,0.05395,0.03427,,,,,,,,,,,,,,,,,,,,,
gates,NFL Rule B,stress: stronger correlation,0.28,17,no edge,-0.001092,0,t > 1.65,30,0,1.65,0.07798,0.04353,,,,,,,,,,,,,,,,,,,,,
gates,NFL Rule B,stress: stronger correlation,0.28,17,no edge,-0.001092,0,bootstrap 90% lower bound > 0,30,0,,0.1402,0.09892,,,,,,,,,,,,,,,,,,,,,
gates,NFL Rule B,stress: stronger correlation,0.28,17,no edge,-0.001092,0,bootstrap 95% lower bound > 0,30,0,,0.08513,0.04955,,,,,,,,,,,,,,,,,,,,,
gates,NFL Rule B,stress: stronger correlation,0.28,17,no edge,-0.001092,0,t > calibrated 5%,30,0,1.85,0.05545,0.02618,,,,,,,,,,,,,,,,,,,,,
gates,NFL Rule B,stress: stronger correlation,0.28,17,no edge,-0.001092,0,t > 1.65,40,0,1.65,0.0771,0.03205,,,,,,,,,,,,,,,,,,,,,
gates,NFL Rule B,stress: stronger correlation,0.28,17,no edge,-0.001092,0,bootstrap 90% lower bound > 0,40,0,,0.1388,0.09377,,,,,,,,,,,,,,,,,,,,,
gates,NFL Rule B,stress: stronger correlation,0.28,17,no edge,-0.001092,0,bootstrap 95% lower bound > 0,40,0,,0.083,0.03795,,,,,,,,,,,,,,,,,,,,,
gates,NFL Rule B,stress: stronger correlation,0.28,17,no edge,-0.001092,0,t > calibrated 5%,40,0,1.85,0.05525,0.0102,,,,,,,,,,,,,,,,,,,,,
gates,NFL Rule B,stress: stronger correlation,0.28,17,no edge,-0.001092,0,sequential constant 5%,10-40,0,2.66,0.06003,0.03517,17.18,14,0.94,,,,,,,,,,,,,,,,,,
gates,NFL Rule B,stress: stronger correlation,0.28,17,no edge,-0.001092,0,sequential constant 10%,10-40,0,2.23,0.1146,0.07585,17.33,14,0.8854,,,,,,,,,,,,,,,,,,
gates,NFL Rule B,stress: stronger correlation,0.28,17,no edge,-0.001092,0,sequential OBF 5%,10-40,0,2.14,0.05792,0.0195,28.24,29,0.9421,,,,,,,,,,,,,,,,,,
gates,NFL Rule B,stress: stronger correlation,0.28,17,no edge,-0.001092,0,sequential OBF 10%,10-40,0,1.77,0.1113,0.0662,26.26,27,0.8888,,,,,,,,,,,,,,,,,,
gates,NFL Rule B,stress: stronger correlation,0.28,17,no edge,-0.001092,0,registered keep test (reference),40,0,1.96,0.04505,0,,,,,,,,,,,,,,,,,,,,,
gates,NFL Rule B,stress: stronger correlation,0.28,17,no edge,-0.00151,0.2,mean CLV > 0 (today's gate),20,0,,0.4937,0.4551,,,,,,,,,,,,,,,,,,,,,
gates,NFL Rule B,stress: stronger correlation,0.28,17,no edge,-0.00151,0.2,t > 1.65,20,0,1.65,0.0706,0.04965,,,,,,,,,,,,,,,,,,,,,
gates,NFL Rule B,stress: stronger correlation,0.28,17,no edge,-0.00151,0.2,bootstrap 90% lower bound > 0,20,0,,0.1348,0.1061,,,,,,,,,,,,,,,,,,,,,
gates,NFL Rule B,stress: stronger correlation,0.28,17,no edge,-0.00151,0.2,bootstrap 95% lower bound > 0,20,0,,0.08178,0.05925,,,,,,,,,,,,,,,,,,,,,
gates,NFL Rule B,stress: stronger correlation,0.28,17,no edge,-0.00151,0.2,t > calibrated 5%,20,0,1.89,0.04713,0.0307,,,,,,,,,,,,,,,,,,,,,
gates,NFL Rule B,stress: stronger correlation,0.28,17,no edge,-0.00151,0.2,t > 1.65,30,0,1.65,0.0703,0.04052,,,,,,,,,,,,,,,,,,,,,
gates,NFL Rule B,stress: stronger correlation,0.28,17,no edge,-0.00151,0.2,bootstrap 90% lower bound > 0,30,0,,0.1325,0.09675,,,,,,,,,,,,,,,,,,,,,
gates,NFL Rule B,stress: stronger correlation,0.28,17,no edge,-0.00151,0.2,bootstrap 95% lower bound > 0,30,0,,0.0792,0.04813,,,,,,,,,,,,,,,,,,,,,
gates,NFL Rule B,stress: stronger correlation,0.28,17,no edge,-0.00151,0.2,t > calibrated 5%,30,0,1.85,0.04852,0.02297,,,,,,,,,,,,,,,,,,,,,
gates,NFL Rule B,stress: stronger correlation,0.28,17,no edge,-0.00151,0.2,t > 1.65,40,0,1.65,0.07015,0.03083,,,,,,,,,,,,,,,,,,,,,
gates,NFL Rule B,stress: stronger correlation,0.28,17,no edge,-0.00151,0.2,bootstrap 90% lower bound > 0,40,0,,0.1321,0.09277,,,,,,,,,,,,,,,,,,,,,
gates,NFL Rule B,stress: stronger correlation,0.28,17,no edge,-0.00151,0.2,bootstrap 95% lower bound > 0,40,0,,0.07745,0.03812,,,,,,,,,,,,,,,,,,,,,
gates,NFL Rule B,stress: stronger correlation,0.28,17,no edge,-0.00151,0.2,t > calibrated 5%,40,0,1.85,0.04875,0.009425,,,,,,,,,,,,,,,,,,,,,
gates,NFL Rule B,stress: stronger correlation,0.28,17,no edge,-0.00151,0.2,sequential constant 5%,10-40,0,2.66,0.04632,0.02668,17.9,15,0.9537,,,,,,,,,,,,,,,,,,
gates,NFL Rule B,stress: stronger correlation,0.28,17,no edge,-0.00151,0.2,sequential constant 10%,10-40,0,2.23,0.09505,0.06273,17.45,14,0.905,,,,,,,,,,,,,,,,,,
gates,NFL Rule B,stress: stronger correlation,0.28,17,no edge,-0.00151,0.2,sequential OBF 5%,10-40,0,2.14,0.04578,0.01353,29.3,30,0.9542,,,,,,,,,,,,,,,,,,
gates,NFL Rule B,stress: stronger correlation,0.28,17,no edge,-0.00151,0.2,sequential OBF 10%,10-40,0,1.77,0.0967,0.05738,27.34,28,0.9033,,,,,,,,,,,,,,,,,,
gates,NFL Rule B,stress: stronger correlation,0.28,17,no edge,-0.00151,0.2,registered keep test (reference),40,0,1.96,0.03932,0,,,,,,,,,,,,,,,,,,,,,
gates,NFL Rule B,stress: stronger correlation,0.28,17,no edge,-0.0002699,0.4,mean CLV > 0 (today's gate),20,0,,0.4951,0.4622,,,,,,,,,,,,,,,,,,,,,
gates,NFL Rule B,stress: stronger correlation,0.28,17,no edge,-0.0002699,0.4,t > 1.65,20,0,1.65,0.0642,0.04725,,,,,,,,,,,,,,,,,,,,,
gates,NFL Rule B,stress: stronger correlation,0.28,17,no edge,-0.0002699,0.4,bootstrap 90% lower bound > 0,20,0,,0.1319,0.108,,,,,,,,,,,,,,,,,,,,,
gates,NFL Rule B,stress: stronger correlation,0.28,17,no edge,-0.0002699,0.4,bootstrap 95% lower bound > 0,20,0,,0.07955,0.06073,,,,,,,,,,,,,,,,,,,,,
gates,NFL Rule B,stress: stronger correlation,0.28,17,no edge,-0.0002699,0.4,t > calibrated 5%,20,0,1.89,0.03927,0.02652,,,,,,,,,,,,,,,,,,,,,
gates,NFL Rule B,stress: stronger correlation,0.28,17,no edge,-0.0002699,0.4,t > 1.65,30,0,1.65,0.06327,0.03787,,,,,,,,,,,,,,,,,,,,,
gates,NFL Rule B,stress: stronger correlation,0.28,17,no edge,-0.0002699,0.4,bootstrap 90% lower bound > 0,30,0,,0.1279,0.09688,,,,,,,,,,,,,,,,,,,,,
gates,NFL Rule B,stress: stronger correlation,0.28,17,no edge,-0.0002699,0.4,bootstrap 95% lower bound > 0,30,0,,0.0746,0.04757,,,,,,,,,,,,,,,,,,,,,
gates,NFL Rule B,stress: stronger correlation,0.28,17,no edge,-0.0002699,0.4,t > calibrated 5%,30,0,1.85,0.04283,0.02173,,,,,,,,,,,,,,,,,,,,,
gates,NFL Rule B,stress: stronger correlation,0.28,17,no edge,-0.0002699,0.4,t > 1.65,40,0,1.65,0.0623,0.02882,,,,,,,,,,,,,,,,,,,,,
gates,NFL Rule B,stress: stronger correlation,0.28,17,no edge,-0.0002699,0.4,bootstrap 90% lower bound > 0,40,0,,0.126,0.09255,,,,,,,,,,,,,,,,,,,,,
gates,NFL Rule B,stress: stronger correlation,0.28,17,no edge,-0.0002699,0.4,bootstrap 95% lower bound > 0,40,0,,0.07122,0.03775,,,,,,,,,,,,,,,,,,,,,
gates,NFL Rule B,stress: stronger correlation,0.28,17,no edge,-0.0002699,0.4,t > calibrated 5%,40,0,1.85,0.0425,0.009025,,,,,,,,,,,,,,,,,,,,,
gates,NFL Rule B,stress: stronger correlation,0.28,17,no edge,-0.0002699,0.4,sequential constant 5%,10-40,0,2.66,0.02937,0.01585,19.23,17,0.9706,,,,,,,,,,,,,,,,,,
gates,NFL Rule B,stress: stronger correlation,0.28,17,no edge,-0.0002699,0.4,sequential constant 10%,10-40,0,2.23,0.07635,0.05042,18.56,16,0.9236,,,,,,,,,,,,,,,,,,
gates,NFL Rule B,stress: stronger correlation,0.28,17,no edge,-0.0002699,0.4,sequential OBF 5%,10-40,0,2.14,0.03617,0.01015,30.99,32,0.9638,,,,,,,,,,,,,,,,,,
gates,NFL Rule B,stress: stronger correlation,0.28,17,no edge,-0.0002699,0.4,sequential OBF 10%,10-40,0,1.77,0.08188,0.0484,28.69,29,0.9181,,,,,,,,,,,,,,,,,,
gates,NFL Rule B,stress: stronger correlation,0.28,17,no edge,-0.0002699,0.4,registered keep test (reference),40,0,1.96,0.03347,0,,,,,,,,,,,,,,,,,,,,,
gates,NFL Rule B,stress: stronger correlation,0.28,17,half the move,0.4915,0,mean CLV > 0 (today's gate),20,0,,0.7981,0.4978,,,,,,,,,,,,,,,,,,,,,
gates,NFL Rule B,stress: stronger correlation,0.28,17,half the move,0.4915,0,t > 1.65,20,0,1.65,0.2837,0.09748,,,,,,,,,,,,,,,,,,,,,
gates,NFL Rule B,stress: stronger correlation,0.28,17,half the move,0.4915,0,bootstrap 90% lower bound > 0,20,0,,0.4141,0.1777,,,,,,,,,,,,,,,,,,,,,
gates,NFL Rule B,stress: stronger correlation,0.28,17,half the move,0.4915,0,bootstrap 95% lower bound > 0,20,0,,0.304,0.1089,,,,,,,,,,,,,,,,,,,,,
gates,NFL Rule B,stress: stronger correlation,0.28,17,half the move,0.4915,0,t > calibrated 5%,20,0,1.89,0.2189,0.065,,,,,,,,,,,,,,,,,,,,,
gates,NFL Rule B,stress: stronger correlation,0.28,17,half the move,0.4915,0,t > 1.65,30,0,1.65,0.3491,0.0972,,,,,,,,,,,,,,,,,,,,,
gates,NFL Rule B,stress: stronger correlation,0.28,17,half the move,0.4915,0,bootstrap 90% lower bound > 0,30,0,,0.482,0.1954,,,,,,,,,,,,,,,,,,,,,
gates,NFL Rule B,stress: stronger correlation,0.28,17,half the move,0.4915,0,bootstrap 95% lower bound > 0,30,0,,0.3663,0.1085,,,,,,,,,,,,,,,,,,,,,
gates,NFL Rule B,stress: stronger correlation,0.28,17,half the move,0.4915,0,t > calibrated 5%,30,0,1.85,0.2868,0.06275,,,,,,,,,,,,,,,,,,,,,
gates,NFL Rule B,stress: stronger correlation,0.28,17,half the move,0.4915,0,t > 1.65,40,0,1.65,0.4064,0.1022,,,,,,,,,,,,,,,,,,,,,
gates,NFL Rule B,stress: stronger correlation,0.28,17,half the move,0.4915,0,bootstrap 90% lower bound > 0,40,0,,0.5383,0.2341,,,,,,,,,,,,,,,,,,,,,
gates,NFL Rule B,stress: stronger correlation,0.28,17,half the move,0.4915,0,bootstrap 95% lower bound > 0,40,0,,0.4209,0.1167,,,,,,,,,,,,,,,,,,,,,
gates,NFL Rule B,stress: stronger correlation,0.28,17,half the move,0.4915,0,t > calibrated 5%,40,0,1.85,0.3387,0.03447,,,,,,,,,,,,,,,,,,,,,
gates,NFL Rule B,stress: stronger correlation,0.28,17,half the move,0.4915,0,sequential constant 5%,10-40,0,2.66,0.2706,0.06105,20.02,17,0.7294,,,,,,,,,,,,,,,,,,
gates,NFL Rule B,stress: stronger correlation,0.28,17,half the move,0.4915,0,sequential constant 10%,10-40,0,2.23,0.4058,0.1274,19.11,16,0.5942,,,,,,,,,,,,,,,,,,
gates,NFL Rule B,stress: stronger correlation,0.28,17,half the move,0.4915,0,sequential OBF 5%,10-40,0,2.14,0.3243,0.04553,27.98,29,0.6757,,,,,,,,,,,,,,,,,,
gates,NFL Rule B,stress: stronger correlation,0.28,17,half the move,0.4915,0,sequential OBF 10%,10-40,0,1.77,0.4546,0.1504,25.69,26,0.5454,,,,,,,,,,,,,,,,,,
gates,NFL Rule B,stress: stronger correlation,0.28,17,half the move,0.4915,0,registered keep test (reference),40,0,1.96,0.3042,0,,,,,,,,,,,,,,,,,,,,,
gates,NFL Rule B,stress: stronger correlation,0.28,17,half the move,0.3926,0.2,mean CLV > 0 (today's gate),20,0,,0.7768,0.5282,,,,,,,,,,,,,,,,,,,,,
gates,NFL Rule B,stress: stronger correlation,0.28,17,half the move,0.3926,0.2,t > 1.65,20,0,1.65,0.2422,0.0932,,,,,,,,,,,,,,,,,,,,,
gates,NFL Rule B,stress: stronger correlation,0.28,17,half the move,0.3926,0.2,bootstrap 90% lower bound > 0,20,0,,0.3775,0.183,,,,,,,,,,,,,,,,,,,,,
gates,NFL Rule B,stress: stronger correlation,0.28,17,half the move,0.3926,0.2,bootstrap 95% lower bound > 0,20,0,,0.2692,0.1101,,,,,,,,,,,,,,,,,,,,,
gates,NFL Rule B,stress: stronger correlation,0.28,17,half the move,0.3926,0.2,t > calibrated 5%,20,0,1.89,0.1784,0.05883,,,,,,,,,,,,,,,,,,,,,
gates,NFL Rule B,stress: stronger correlation,0.28,17,half the move,0.3926,0.2,t > 1.65,30,0,1.65,0.3004,0.09425,,,,,,,,,,,,,,,,,,,,,
gates,NFL Rule B,stress: stronger correlation,0.28,17,half the move,0.3926,0.2,bootstrap 90% lower bound > 0,30,0,,0.4386,0.2002,,,,,,,,,,,,,,,,,,,,,
gates,NFL Rule B,stress: stronger correlation,0.28,17,half the move,0.3926,0.2,bootstrap 95% lower bound > 0,30,0,,0.3232,0.11,,,,,,,,,,,,,,,,,,,,,
gates,NFL Rule B,stress: stronger correlation,0.28,17,half the move,0.3926,0.2,t > calibrated 5%,30,0,1.85,0.2388,0.05887,,,,,,,,,,,,,,,,,,,,,
gates,NFL Rule B,stress: stronger correlation,0.28,17,half the move,0.3926,0.2,t > 1.65,40,0,1.65,0.3517,0.09938,,,,,,,,,,,,,,,,,,,,,
gates,NFL Rule B,stress: stronger correlation,0.28,17,half the move,0.3926,0.2,bootstrap 90% lower bound > 0,40,0,,0.4879,0.2355,,,,,,,,,,,,,,,,,,,,,
gates,NFL Rule B,stress: stronger correlation,0.28,17,half the move,0.3926,0.2,bootstrap 95% lower bound > 0,40,0,,0.37,0.1176,,,,,,,,,,,,,,,,,,,,,
gates,NFL Rule B,stress: stronger correlation,0.28,17,half the move,0.3926,0.2,t > calibrated 5%,40,0,1.85,0.2855,0.03313,,,,,,,,,,,,,,,,,,,,,
gates,NFL Rule B,stress: stronger correlation,0.28,17,half the move,0.3926,0.2,sequential constant 5%,10-40,0,2.66,0.2042,0.0481,20.75,19,0.7958,,,,,,,,,,,,,,,,,,
gates,NFL Rule B,stress: stronger correlation,0.28,17,half the move,0.3926,0.2,sequential constant 10%,10-40,0,2.23,0.3373,0.1127,19.79,17,0.6627,,,,,,,,,,,,,,,,,,
gates,NFL Rule B,stress: stronger correlation,0.28,17,half the move,0.3926,0.2,sequential OBF 5%,10-40,0,2.14,0.26,0.03565,29.26,30,0.74,,,,,,,,,,,,,,,,,,
gates,NFL Rule B,stress: stronger correlation,0.28,17,half the move,0.3926,0.2,sequential OBF 10%,10-40,0,1.77,0.3921,0.1397,26.89,27,0.6079,,,,,,,,,,,,,,,,,,
gates,NFL Rule B,stress: stronger correlation,0.28,17,half the move,0.3926,0.2,registered keep test (reference),40,0,1.96,0.2524,0,,,,,,,,,,,,,,,,,,,,,
gates,NFL Rule B,stress: stronger correlation,0.28,17,half the move,0.2951,0.4,mean CLV > 0 (today's gate),20,0,,0.7493,0.5567,,,,,,,,,,,,,,,,,,,,,
gates,NFL Rule B,stress: stronger correlation,0.28,17,half the move,0.2951,0.4,t > 1.65,20,0,1.65,0.2,0.089,,,,,,,,,,,,,,,,,,,,,
gates,NFL Rule B,stress: stronger correlation,0.28,17,half the move,0.2951,0.4,bootstrap 90% lower bound > 0,20,0,,0.3351,0.1853,,,,,,,,,,,,,,,,,,,,,
gates,NFL Rule B,stress: stronger correlation,0.28,17,half the move,0.2951,0.4,bootstrap 95% lower bound > 0,20,0,,0.2345,0.1123,,,,,,,,,,,,,,,,,,,,,
gates,NFL Rule B,stress: stronger correlation,0.28,17,half the move,0.2951,0.4,t > calibrated 5%,20,0,1.89,0.1406,0.05323,,,,,,,,,,,,,,,,,,,,,
gates,NFL Rule B,stress: stronger correlation,0.28,17,half the move,0.2951,0.4,t > 1.65,30,0,1.65,0.2465,0.0893,,,,,,,,,,,,,,,,,,,,,
gates,NFL Rule B,stress: stronger correlation,0.28,17,half the move,0.2951,0.4,bootstrap 90% lower bound > 0,30,0,,0.3874,0.2023,,,,,,,,,,,,,,,,,,,,,
gates,NFL Rule B,stress: stronger correlation,0.28,17,half the move,0.2951,0.4,bootstrap 95% lower bound > 0,30,0,,0.2743,0.1095,,,,,,,,,,,,,,,,,,,,,
gates,NFL Rule B,stress: stronger correlation,0.28,17,half the move,0.2951,0.4,t > calibrated 5%,30,0,1.85,0.1875,0.05262,,,,,,,,,,,,,,,,,,,,,
gates,NFL Rule B,stress: stronger correlation,0.28,17,half the move,0.2951,0.4,t > 1.65,40,0,1.65,0.2869,0.09205,,,,,,,,,,,,,,,,,,,,,
gates,NFL Rule B,stress: stronger correlation,0.28,17,half the move,0.2951,0.4,bootstrap 90% lower bound > 0,40,0,,0.432,0.2372,,,,,,,,,,,,,,,,,,,,,
gates,NFL Rule B,stress: stronger correlation,0.28,17,half the move,0.2951,0.4,bootstrap 95% lower bound > 0,40,0,,0.3108,0.116,,,,,,,,,,,,,,,,,,,,,
gates,NFL Rule B,stress: stronger correlation,0.28,17,half the move,0.2951,0.4,t > calibrated 5%,40,0,1.85,0.2256,0.03075,,,,,,,,,,,,,,,,,,,,,
gates,NFL Rule B,stress: stronger correlation,0.28,17,half the move,0.2951,0.4,sequential constant 5%,10-40,0,2.66,0.1316,0.03107,21.92,21,0.8684,,,,,,,,,,,,,,,,,,
gates,NFL Rule B,stress: stronger correlation,0.28,17,half the move,0.2951,0.4,sequential constant 10%,10-40,0,2.23,0.2577,0.09185,20.64,18,0.7423,,,,,,,,,,,,,,,,,,
gates,NFL Rule B,stress: stronger correlation,0.28,17,half the move,0.2951,0.4,sequential OBF 5%,10-40,0,2.14,0.192,0.0258,30.78,32,0.808,,,,,,,,,,,,,,,,,,
gates,NFL Rule B,stress: stronger correlation,0.28,17,half the move,0.2951,0.4,sequential OBF 10%,10-40,0,1.77,0.3174,0.1226,28.26,29,0.6826,,,,,,,,,,,,,,,,,,
gates,NFL Rule B,stress: stronger correlation,0.28,17,half the move,0.2951,0.4,registered keep test (reference),40,0,1.96,0.1948,0,,,,,,,,,,,,,,,,,,,,,
gates,NFL Rule B,stress: stronger correlation,0.28,17,full move,0.9841,0,mean CLV > 0 (today's gate),20,0,,0.9543,0.2033,,,,,,,,,,,,,,,,,,,,,
gates,NFL Rule B,stress: stronger correlation,0.28,17,full move,0.9841,0,t > 1.65,20,0,1.65,0.6102,0.05245,,,,,,,,,,,,,,,,,,,,,
gates,NFL Rule B,stress: stronger correlation,0.28,17,full move,0.9841,0,bootstrap 90% lower bound > 0,20,0,,0.7378,0.08858,,,,,,,,,,,,,,,,,,,,,
gates,NFL Rule B,stress: stronger correlation,0.28,17,full move,0.9841,0,bootstrap 95% lower bound > 0,20,0,,0.6335,0.05808,,,,,,,,,,,,,,,,,,,,,
gates,NFL Rule B,stress: stronger correlation,0.28,17,full move,0.9841,0,t > calibrated 5%,20,0,1.89,0.5299,0.03698,,,,,,,,,,,,,,,,,,,,,
gates,NFL Rule B,stress: stronger correlation,0.28,17,full move,0.9841,0,t > 1.65,30,0,1.65,0.7422,0.05697,,,,,,,,,,,,,,,,,,,,,
gates,NFL Rule B,stress: stronger correlation,0.28,17,full move,0.9841,0,bootstrap 90% lower bound > 0,30,0,,0.8406,0.1061,,,,,,,,,,,,,,,,,,,,,
gates,NFL Rule B,stress: stronger correlation,0.28,17,full move,0.9841,0,bootstrap 95% lower bound > 0,30,0,,0.7567,0.06313,,,,,,,,,,,,,,,,,,,,,
gates,NFL Rule B,stress: stronger correlation,0.28,17,full move,0.9841,0,t > calibrated 5%,30,0,1.85,0.6832,0.03807,,,,,,,,,,,,,,,,,,,,,
gates,NFL Rule B,stress: stronger correlation,0.28,17,full move,0.9841,0,t > 1.65,40,0,1.65,0.8322,0.0753,,,,,,,,,,,,,,,,,,,,,
gates,NFL Rule B,stress: stronger correlation,0.28,17,full move,0.9841,0,bootstrap 90% lower bound > 0,40,0,,0.9055,0.1486,,,,,,,,,,,,,,,,,,,,,
gates,NFL Rule B,stress: stronger correlation,0.28,17,full move,0.9841,0,bootstrap 95% lower bound > 0,40,0,,0.842,0.08513,,,,,,,,,,,,,,,,,,,,,
gates,NFL Rule B,stress: stronger correlation,0.28,17,full move,0.9841,0,t > calibrated 5%,40,0,1.85,0.7865,0.02965,,,,,,,,,,,,,,,,,,,,,
gates,NFL Rule B,stress: stronger correlation,0.28,17,full move,0.9841,0,sequential constant 5%,10-40,0,2.66,0.6716,0.0338,19.58,17,0.3284,,,,,,,,,,,,,,,,,,
gates,NFL Rule B,stress: stronger correlation,0.28,17,full move,0.9841,0,sequential constant 10%,10-40,0,2.23,0.797,0.069,17.77,14,0.203,,,,,,,,,,,,,,,,,,
gates,NFL Rule B,stress: stronger correlation,0.28,17,full move,0.9841,0,sequential OBF 5%,10-40,0,2.14,0.7597,0.03037,25.17,25,0.2403,,,,,,,,,,,,,,,,,,
gates,NFL Rule B,stress: stronger correlation,0.28,17,full move,0.9841,0,sequential OBF 10%,10-40,0,1.77,0.8525,0.0956,22.33,22,0.1475,,,,,,,,,,,,,,,,,,
gates,NFL Rule B,stress: stronger correlation,0.28,17,full move,0.9841,0,registered keep test (reference),40,0,1.96,0.7569,0,,,,,,,,,,,,,,,,,,,,,
gates,NFL Rule B,stress: stronger correlation,0.28,17,full move,0.7866,0.2,mean CLV > 0 (today's gate),20,0,,0.9391,0.2768,,,,,,,,,,,,,,,,,,,,,
gates,NFL Rule B,stress: stronger correlation,0.28,17,full move,0.7866,0.2,t > 1.65,20,0,1.65,0.5363,0.06648,,,,,,,,,,,,,,,,,,,,,
gates,NFL Rule B,stress: stronger correlation,0.28,17,full move,0.7866,0.2,bootstrap 90% lower bound > 0,20,0,,0.6833,0.1183,,,,,,,,,,,,,,,,,,,,,
gates,NFL Rule B,stress: stronger correlation,0.28,17,full move,0.7866,0.2,bootstrap 95% lower bound > 0,20,0,,0.5687,0.07612,,,,,,,,,,,,,,,,,,,,,
gates,NFL Rule B,stress: stronger correlation,0.28,17,full move,0.7866,0.2,t > calibrated 5%,20,0,1.89,0.4477,0.0446,,,,,,,,,,,,,,,,,,,,,
gates,NFL Rule B,stress: stronger correlation,0.28,17,full move,0.7866,0.2,t > 1.65,30,0,1.65,0.665,0.07145,,,,,,,,,,,,,,,,,,,,,
gates,NFL Rule B,stress: stronger correlation,0.28,17,full move,0.7866,0.2,bootstrap 90% lower bound > 0,30,0,,0.7888,0.1429,,,,,,,,,,,,,,,,,,,,,
gates,NFL Rule B,stress: stronger correlation,0.28,17,full move,0.7866,0.2,bootstrap 95% lower bound > 0,30,0,,0.6872,0.08207,,,,,,,,,,,,,,,,,,,,,
gates,NFL Rule B,stress: stronger correlation,0.28,17,full move,0.7866,0.2,t > calibrated 5%,30,0,1.85,0.5978,0.04743,,,,,,,,,,,,,,,,,,,,,
gates,NFL Rule B,stress: stronger correlation,0.28,17,full move,0.7866,0.2,t > 1.65,40,0,1.65,0.7642,0.09648,,,,,,,,,,,,,,,,,,,,,
gates,NFL Rule B,stress: stronger correlation,0.28,17,full move,0.7866,0.2,bootstrap 90% lower bound > 0,40,0,,0.8609,0.1931,,,,,,,,,,,,,,,,,,,,,
gates,NFL Rule B,stress: stronger correlation,0.28,17,full move,0.7866,0.2,bootstrap 95% lower bound > 0,40,0,,0.7803,0.1126,,,,,,,,,,,,,,,,,,,,,
gates,NFL Rule B,stress: stronger correlation,0.28,17,full move,0.7866,0.2,t > calibrated 5%,40,0,1.85,0.7039,0.03623,,,,,,,,,,,,,,,,,,,,,
gates,NFL Rule B,stress: stronger correlation,0.28,17,full move,0.7866,0.2,sequential constant 5%,10-40,0,2.66,0.5537,0.0361,20.97,19,0.4463,,,,,,,,,,,,,,,,,,
gates,NFL Rule B,stress: stronger correlation,0.28,17,full move,0.7866,0.2,sequential constant 10%,10-40,0,2.23,0.71,0.07895,18.98,16,0.29,,,,,,,,,,,,,,,,,,
gates,NFL Rule B,stress: stronger correlation,0.28,17,full move,0.7866,0.2,sequential OBF 5%,10-40,0,2.14,0.6614,0.03072,27.08,27,0.3386,,,,,,,,,,,,,,,,,,
gates,NFL Rule B,stress: stronger correlation,0.28,17,full move,0.7866,0.2,sequential OBF 10%,10-40,0,1.77,0.7852,0.1174,24.16,24,0.2148,,,,,,,,,,,,,,,,,,
gates,NFL Rule B,stress: stronger correlation,0.28,17,full move,0.7866,0.2,registered keep test (reference),40,0,1.96,0.6677,0,,,,,,,,,,,,,,,,,,,,,
gates,NFL Rule B,stress: stronger correlation,0.28,17,full move,0.5904,0.4,mean CLV > 0 (today's gate),20,0,,0.9127,0.3725,,,,,,,,,,,,,,,,,,,,,
gates,NFL Rule B,stress: stronger correlation,0.28,17,full move,0.5904,0.4,t > 1.65,20,0,1.65,0.4417,0.08165,,,,,,,,,,,,,,,,,,,,,
gates,NFL Rule B,stress: stronger correlation,0.28,17,full move,0.5904,0.4,bootstrap 90% lower bound > 0,20,0,,0.6107,0.1576,,,,,,,,,,,,,,,,,,,,,
gates,NFL Rule B,stress: stronger correlation,0.28,17,full move,0.5904,0.4,bootstrap 95% lower bound > 0,20,0,,0.4896,0.1006,,,,,,,,,,,,,,,,,,,,,
gates,NFL Rule B,stress: stronger correlation,0.28,17,full move,0.5904,0.4,t > calibrated 5%,20,0,1.89,0.3484,0.05225,,,,,,,,,,,,,,,,,,,,,
gates,NFL Rule B,stress: stronger correlation,0.28,17,full move,0.5904,0.4,t > 1.65,30,0,1.65,0.567,0.09102,,,,,,,,,,,,,,,,,,,,,
gates,NFL Rule B,stress: stronger correlation,0.28,17,full move,0.5904,0.4,bootstrap 90% lower bound > 0,30,0,,0.7135,0.1864,,,,,,,,,,,,,,,,,,,,,
gates,NFL Rule B,stress: stronger correlation,0.28,17,full move,0.5904,0.4,bootstrap 95% lower bound > 0,30,0,,0.6004,0.1097,,,,,,,,,,,,,,,,,,,,,
gates,NFL Rule B,stress: stronger correlation,0.28,17,full move,0.5904,0.4,t > calibrated 5%,30,0,1.85,0.4869,0.05705,,,,,,,,,,,,,,,,,,,,,
gates,NFL Rule B,stress: stronger correlation,0.28,17,full move,0.5904,0.4,t > 1.65,40,0,1.65,0.6653,0.1195,,,,,,,,,,,,,,,,,,,,,
gates,NFL Rule B,stress: stronger correlation,0.28,17,full move,0.5904,0.4,bootstrap 90% lower bound > 0,40,0,,0.792,0.2462,,,,,,,,,,,,,,,,,,,,,
gates,NFL Rule B,stress: stronger correlation,0.28,17,full move,0.5904,0.4,bootstrap 95% lower bound > 0,40,0,,0.6902,0.1444,,,,,,,,,,,,,,,,,,,,,
gates,NFL Rule B,stress: stronger correlation,0.28,17,full move,0.5904,0.4,t > calibrated 5%,40,0,1.85,0.59,0.04428,,,,,,,,,,,,,,,,,,,,,
gates,NFL Rule B,stress: stronger correlation,0.28,17,full move,0.5904,0.4,sequential constant 5%,10-40,0,2.66,0.3927,0.03105,22.84,22,0.6073,,,,,,,,,,,,,,,,,,
gates,NFL Rule B,stress: stronger correlation,0.28,17,full move,0.5904,0.4,sequential constant 10%,10-40,0,2.23,0.5821,0.08363,20.5,18,0.4179,,,,,,,,,,,,,,,,,,
gates,NFL Rule B,stress: stronger correlation,0.28,17,full move,0.5904,0.4,sequential OBF 5%,10-40,0,2.14,0.5288,0.0293,29.26,30,0.4712,,,,,,,,,,,,,,,,,,
gates,NFL Rule B,stress: stronger correlation,0.28,17,full move,0.5904,0.4,sequential OBF 10%,10-40,0,1.77,0.6811,0.1353,26.26,26,0.3189,,,,,,,,,,,,,,,,,,
gates,NFL Rule B,stress: stronger correlation,0.28,17,full move,0.5904,0.4,registered keep test (reference),40,0,1.96,0.5457,0,,,,,,,,,,,,,,,,,,,,,
dates,CFB Rule B,independent,0,25,no edge,,0,mean CLV > 0 (today's gate),20,0,,,,,,,16.58,25.03,0.5976,0.5976,2026-11-21,0.2981,0.2981,2026-11-21,7.286,3.116,,,,,,,,
dates,CFB Rule B,independent,0,40,no edge,,0,mean CLV > 0 (today's gate),20,0,,,,,,,14.98,40.03,1,1,2026-11-07,0.4964,0.4964,2026-11-07,5.286,9.942,,,,,,,,
dates,CFB Rule B,independent,0,55,no edge,,0,mean CLV > 0 (today's gate),20,0,,,,,,,13.81,55.07,1,1,2026-10-24,0.4964,0.4964,2026-10-24,3.286,17.4,,,,,,,,
dates,CFB Rule B,independent,0,25,no edge,,0,t > 1.65,20,0,,,,,,,16.58,25.03,0.5976,0.5976,2026-11-21,0.03225,0.03225,2026-11-21,7.286,0.3384,,,,,,,,
dates,CFB Rule B,independent,0,40,no edge,,0,t > 1.65,20,0,,,,,,,14.98,40.03,1,1,2026-11-07,0.05423,0.05423,2026-10-31,4.286,1.098,,,,,,,,
dates,CFB Rule B,independent,0,55,no edge,,0,t > 1.65,20,0,,,,,,,13.81,55.07,1,1,2026-10-24,0.05423,0.05423,2026-10-24,3.286,1.896,,,,,,,,
dates,CFB Rule B,independent,0,25,no edge,,0,bootstrap 90% lower bound > 0,20,0,,,,,,,16.58,25.03,0.5976,0.5976,2026-11-21,0.06715,0.06715,2026-11-21,7.286,0.6973,,,,,,,,
dates,CFB Rule B,independent,0,40,no edge,,0,bootstrap 90% lower bound > 0,20,0,,,,,,,14.98,40.03,1,1,2026-11-07,0.1127,0.1127,2026-10-31,4.286,2.263,,,,,,,,
dates,CFB Rule B,independent,0,55,no edge,,0,bootstrap 90% lower bound > 0,20,0,,,,,,,13.81,55.07,1,1,2026-10-24,0.1127,0.1127,2026-10-24,3.286,3.918,,,,,,,,
dates,CFB Rule B,independent,0,25,no edge,,0,bootstrap 95% lower bound > 0,20,0,,,,,,,16.58,25.03,0.5976,0.5976,2026-11-21,0.03653,0.03653,2026-11-21,7.286,0.3797,,,,,,,,
dates,CFB Rule B,independent,0,40,no edge,,0,bootstrap 95% lower bound > 0,20,0,,,,,,,14.98,40.03,1,1,2026-11-07,0.06157,0.06157,2026-10-31,4.286,1.246,,,,,,,,
dates,CFB Rule B,independent,0,55,no edge,,0,bootstrap 95% lower bound > 0,20,0,,,,,,,13.81,55.07,1,1,2026-10-24,0.06157,0.06157,2026-10-24,3.286,2.145,,,,,,,,
dates,CFB Rule B,independent,0,25,no edge,,0,t > calibrated 5%,20,0,,,,,,,16.58,25.03,0.5976,0.5976,2026-11-21,0.008175,0.008175,2026-11-21,7.286,0.0855,,,,,,,,
dates,CFB Rule B,independent,0,40,no edge,,0,t > calibrated 5%,20,0,,,,,,,14.98,40.03,1,1,2026-11-07,0.01397,0.01397,2026-11-07,5.286,0.2831,,,,,,,,
dates,CFB Rule B,independent,0,55,no edge,,0,t > calibrated 5%,20,0,,,,,,,13.81,55.07,1,1,2026-10-24,0.01397,0.01397,2026-10-24,3.286,0.4819,,,,,,,,
dates,CFB Rule B,independent,0,25,no edge,,0,t > 1.65,30,0,,,,,,,16.58,25.03,0.2968,0.3298,2026-11-21,0.01568,0.01735,2026-11-21,7.286,0.09377,,,,,,,,
dates,CFB Rule B,independent,0,40,no edge,,0,t > 1.65,30,0,,,,,,,14.98,40.03,0.6976,0.7302,2026-11-14,0.03667,0.03835,2026-11-14,6.286,0.5721,,,,,,,,
dates,CFB Rule B,independent,0,55,no edge,,0,t > 1.65,30,0,,,,,,,13.81,55.07,1,1,2026-11-05,0.05237,0.05237,2026-11-05,5,1.291,,,,,,,,
dates,CFB Rule B,independent,0,25,no edge,,0,bootstrap 90% lower bound > 0,30,0,,,,,,,16.58,25.03,0.2968,0.3298,2026-11-21,0.032,0.03542,2026-11-21,7.286,0.1927,,,,,,,,
dates,CFB Rule B,independent,0,40,no edge,,0,bootstrap 90% lower bound > 0,30,0,,,,,,,14.98,40.03,0.6976,0.7302,2026-11-14,0.07475,0.07808,2026-11-14,6.286,1.17,,,,,,,,
dates,CFB Rule B,independent,0,55,no edge,,0,bootstrap 90% lower bound > 0,30,0,,,,,,,13.81,55.07,1,1,2026-11-05,0.1069,0.1069,2026-11-05,5,2.674,,,,,,,,
dates,CFB Rule B,independent,0,25,no edge,,0,bootstrap 95% lower bound > 0,30,0,,,,,,,16.58,25.03,0.2968,0.3298,2026-11-21,0.01752,0.01932,2026-11-21,7.286,0.1046,,,,,,,,
dates,CFB Rule B,independent,0,40,no edge,,0,bootstrap 95% lower bound > 0,30,0,,,,,,,14.98,40.03,0.6976,0.7302,2026-11-14,0.04032,0.04205,2026-11-14,6.286,0.6329,,,,,,,,
dates,CFB Rule B,independent,0,55,no edge,,0,bootstrap 95% lower bound > 0,30,0,,,,,,,13.81,55.07,1,1,2026-11-05,0.05722,0.05722,2026-11-05,5,1.42,,,,,,,,
dates,CFB Rule B,independent,0,25,no edge,,0,t > calibrated 5%,30,0,,,,,,,16.58,25.03,0.2968,0.3298,2026-11-21,0.0032,0.00345,2026-11-21,7.286,0.01855,,,,,,,,
dates,CFB Rule B,independent,0,40,no edge,,0,t > calibrated 5%,30,0,,,,,,,14.98,40.03,0.6976,0.7302,2026-11-14,0.006975,0.00725,2026-11-14,6.286,0.1076,,,,,,,,
dates,CFB Rule B,independent,0,55,no edge,,0,t > calibrated 5%,30,0,,,,,,,13.81,55.07,1,1,2026-11-05,0.00965,0.00965,2026-10-31,4.286,0.2405,,,,,,,,
dates,CFB Rule B,independent,0,25,no edge,,0,t > 1.65,40,0,,,,,,,16.58,25.03,0,0.03295,2026-12-19,0,0.001675,2026-12-19,11.29,0,,,,,,,,
dates,CFB Rule B,independent,0,40,no edge,,0,t > 1.65,40,0,,,,,,,14.98,40.03,0.4981,0.533,2026-11-21,0.0253,0.02725,2026-11-21,7.286,0.2417,,,,,,,,
dates,CFB Rule B,independent,0,55,no edge,,0,t > 1.65,40,0,,,,,,,13.81,55.07,0.5995,0.736,2026-11-14,0.02993,0.03678,2026-11-14,6.286,0.7857,,,,,,,,
dates,CFB Rule B,independent,0,25,no edge,,0,bootstrap 90% lower bound > 0,40,0,,,,,,,16.58,25.03,0,0.03295,2026-12-19,0,0.003425,2026-12-19,11.29,0,,,,,,,,
dates,CFB Rule B,independent,0,40,no edge,,0,bootstrap 90% lower bound > 0,40,0,,,,,,,14.98,40.03,0.4981,0.533,2026-11-21,0.0532,0.0569,2026-11-21,7.286,0.5017,,,,,,,,
dates,CFB Rule B,independent,0,55,no edge,,0,bootstrap 90% lower bound > 0,40,0,,,,,,,13.81,55.07,0.5995,0.736,2026-11-14,0.06132,0.07583,2026-11-14,6.286,1.619,,,,,,,,
dates,CFB Rule B,independent,0,25,no edge,,0,bootstrap 95% lower bound > 0,40,0,,,,,,,16.58,25.03,0,0.03295,2026-12-19,0,0.0018,2026-12-19,11.29,0,,,,,,,,
dates,CFB Rule B,independent,0,40,no edge,,0,bootstrap 95% lower bound > 0,40,0,,,,,,,14.98,40.03,0.4981,0.533,2026-11-21,0.02718,0.02927,2026-11-21,7.286,0.2581,,,,,,,,
dates,CFB Rule B,independent,0,55,no edge,,0,bootstrap 95% lower bound > 0,40,0,,,,,,,13.81,55.07,0.5995,0.736,2026-11-14,0.032,0.03973,2026-11-14,6.286,0.8406,,,,,,,,
dates,CFB Rule B,independent,0,25,no edge,,0,t > calibrated 5%,40,0,,,,,,,16.58,25.03,0,0.03295,2026-12-19,0,0.000375,2026-12-19,11.29,0,,,,,,,,
dates,CFB Rule B,independent,0,40,no edge,,0,t > calibrated 5%,40,0,,,,,,,14.98,40.03,0.4981,0.533,2026-11-21,0.005,0.005575,2026-11-21,7.286,0.04852,,,,,,,,
dates,CFB Rule B,independent,0,55,no edge,,0,t > calibrated 5%,40,0,,,,,,,13.81,55.07,0.5995,0.736,2026-11-14,0.006075,0.007575,2026-11-14,6.286,0.1565,,,,,,,,
dates,CFB Rule B,independent,0,25,no edge,,0,sequential constant 5%,10-40,0,,,,,,,16.58,25.03,0.008225,0.04113,2026-12-19,0.008225,0.008425,2026-11-07,5.286,0.1054,,,,,,,,
dates,CFB Rule B,independent,0,40,no edge,,0,sequential constant 5%,10-40,0,,,,,,,14.98,40.03,0.5029,0.5373,2026-11-21,0.009425,0.009525,2026-10-24,3.286,0.2416,,,,,,,,
dates,CFB Rule B,independent,0,55,no edge,,0,sequential constant 5%,10-40,0,,,,,,,13.81,55.07,0.6035,0.7387,2026-11-14,0.009725,0.009825,2026-10-24,3.286,0.3841,,,,,,,,
dates,CFB Rule B,independent,0,25,no edge,,0,sequential constant 10%,10-40,0,,,,,,,16.58,25.03,0.0237,0.05663,2026-12-19,0.0237,0.02453,2026-11-07,5.286,0.3005,,,,,,,,
dates,CFB Rule B,independent,0,40,no edge,,0,sequential constant 10%,10-40,0,,,,,,,14.98,40.03,0.5114,0.5455,2026-11-21,0.02813,0.02857,2026-10-24,3.286,0.7066,,,,,,,,
dates,CFB Rule B,independent,0,55,no edge,,0,sequential constant 10%,10-40,0,,,,,,,13.81,55.07,0.6111,0.7437,2026-11-14,0.02925,0.02975,2026-10-24,3.286,1.138,,,,,,,,
dates,CFB Rule B,independent,0,25,no edge,,0,sequential OBF 5%,10-40,0,,,,,,,16.58,25.03,0.0023,0.0352,2026-12-19,0.0023,0.002525,2026-11-21,7.286,0.0199,,,,,,,,
dates,CFB Rule B,independent,0,40,no edge,,0,sequential OBF 5%,10-40,0,,,,,,,14.98,40.03,0.4996,0.5345,2026-11-21,0.00555,0.00615,2026-11-19,7,0.0954,,,,,,,,
dates,CFB Rule B,independent,0,55,no edge,,0,sequential OBF 5%,10-40,0,,,,,,,13.81,55.07,0.6016,0.7378,2026-11-14,0.006875,0.0077,2026-11-07,5.286,0.191,,,,,,,,
dates,CFB Rule B,independent,0,25,no edge,,0,sequential OBF 10%,10-40,0,,,,,,,16.58,25.03,0.01008,0.0431,2026-12-19,0.01008,0.011,2026-11-21,7.286,0.08808,,,,,,,,
dates,CFB Rule B,independent,0,40,no edge,,0,sequential OBF 10%,10-40,0,,,,,,,14.98,40.03,0.5049,0.5396,2026-11-21,0.02017,0.02148,2026-11-14,6.286,0.3485,,,,,,,,
dates,CFB Rule B,independent,0,55,no edge,,0,sequential OBF 10%,10-40,0,,,,,,,13.81,55.07,0.608,0.7422,2026-11-14,0.02475,0.02637,2026-11-07,5.286,0.7122,,,,,,,,
dates,CFB Rule B,independent,0,25,no edge,,0,registered keep test (reference),40,0,,,,,,,16.58,25.03,0,0.03295,2026-12-19,0,0.000975,2026-12-19,11.29,0,,,,,,,,
dates,CFB Rule B,independent,0,40,no edge,,0,registered keep test (reference),40,0,,,,,,,14.98,40.03,0.4981,0.533,2026-11-21,0.01355,0.01495,2026-11-21,7.286,0.1285,,,,,,,,
dates,CFB Rule B,independent,0,55,no edge,,0,registered keep test (reference),40,0,,,,,,,13.81,55.07,0.5995,0.736,2026-11-14,0.01642,0.02007,2026-11-14,6.286,0.4293,,,,,,,,
dates,CFB Rule B,independent,0,25,half the move,,0,mean CLV > 0 (today's gate),20,0,,,,,,,16.58,25.03,0.5976,0.5976,2026-11-21,0.5343,0.5343,2026-11-21,7.286,5.598,,,,,,,,
dates,CFB Rule B,independent,0,40,half the move,,0,mean CLV > 0 (today's gate),20,0,,,,,,,14.98,40.03,1,1,2026-11-07,0.8943,0.8943,2026-11-07,5.286,17.9,,,,,,,,
dates,CFB Rule B,independent,0,55,half the move,,0,mean CLV > 0 (today's gate),20,0,,,,,,,13.81,55.07,1,1,2026-10-24,0.8943,0.8943,2026-10-24,3.286,31.33,,,,,,,,
dates,CFB Rule B,independent,0,25,half the move,,0,t > 1.65,20,0,,,,,,,16.58,25.03,0.5976,0.5976,2026-11-21,0.2127,0.2127,2026-11-21,7.286,2.227,,,,,,,,
dates,CFB Rule B,independent,0,40,half the move,,0,t > 1.65,20,0,,,,,,,14.98,40.03,1,1,2026-11-07,0.3557,0.3557,2026-11-07,5.286,7.11,,,,,,,,
dates,CFB Rule B,independent,0,55,half the move,,0,t > 1.65,20,0,,,,,,,13.81,55.07,1,1,2026-10-24,0.3557,0.3557,2026-10-24,3.286,12.44,,,,,,,,
dates,CFB Rule B,independent,0,25,half the move,,0,bootstrap 90% lower bound > 0,20,0,,,,,,,16.58,25.03,0.5976,0.5976,2026-11-21,0.3049,0.3049,2026-11-21,7.286,3.187,,,,,,,,
dates,CFB Rule B,independent,0,40,half the move,,0,bootstrap 90% lower bound > 0,20,0,,,,,,,14.98,40.03,1,1,2026-11-07,0.5094,0.5094,2026-11-07,5.286,10.21,,,,,,,,
dates,CFB Rule B,independent,0,55,half the move,,0,bootstrap 90% lower bound > 0,20,0,,,,,,,13.81,55.07,1,1,2026-10-24,0.5094,0.5094,2026-10-24,3.286,17.86,,,,,,,,
dates,CFB Rule B,independent,0,25,half the move,,0,bootstrap 95% lower bound > 0,20,0,,,,,,,16.58,25.03,0.5976,0.5976,2026-11-21,0.2265,0.2265,2026-11-21,7.286,2.375,,,,,,,,
dates,CFB Rule B,independent,0,40,half the move,,0,bootstrap 95% lower bound > 0,20,0,,,,,,,14.98,40.03,1,1,2026-11-07,0.3779,0.3779,2026-11-07,5.286,7.564,,,,,,,,
dates,CFB Rule B,independent,0,55,half the move,,0,bootstrap 95% lower bound > 0,20,0,,,,,,,13.81,55.07,1,1,2026-10-24,0.3779,0.3779,2026-10-24,3.286,13.23,,,,,,,,
dates,CFB Rule B,independent,0,25,half the move,,0,t > calibrated 5%,20,0,,,,,,,16.58,25.03,0.5976,0.5976,2026-11-21,0.09388,0.09388,2026-11-21,7.286,0.9736,,,,,,,,
dates,CFB Rule B,independent,0,40,half the move,,0,t > calibrated 5%,20,0,,,,,,,14.98,40.03,1,1,2026-11-07,0.1563,0.1563,2026-11-07,5.286,3.138,,,,,,,,
dates,CFB Rule B,independent,0,55,half the move,,0,t > calibrated 5%,20,0,,,,,,,13.81,55.07,1,1,2026-10-24,0.1563,0.1563,2026-10-24,3.286,5.453,,,,,,,,
dates,CFB Rule B,independent,0,25,half the move,,0,t > 1.65,30,0,,,,,,,16.58,25.03,0.2968,0.3298,2026-11-21,0.1365,0.1512,2026-11-21,7.286,0.8218,,,,,,,,
dates,CFB Rule B,independent,0,40,half the move,,0,t > 1.65,30,0,,,,,,,14.98,40.03,0.6976,0.7302,2026-11-14,0.3217,0.3371,2026-11-14,6.286,5.029,,,,,,,,
dates,CFB Rule B,independent,0,55,half the move,,0,t > 1.65,30,0,,,,,,,13.81,55.07,1,1,2026-11-05,0.4599,0.4599,2026-11-05,5,11.5,,,,,,,,
dates,CFB Rule B,independent,0,25,half the move,,0,bootstrap 90% lower bound > 0,30,0,,,,,,,16.58,25.03,0.2968,0.3298,2026-11-21,0.1814,0.2015,2026-11-21,7.286,1.094,,,,,,,,
dates,CFB Rule B,independent,0,40,half the move,,0,bootstrap 90% lower bound > 0,30,0,,,,,,,14.98,40.03,0.6976,0.7302,2026-11-14,0.4272,0.4472,2026-11-14,6.286,6.648,,,,,,,,
dates,CFB Rule B,independent,0,55,half the move,,0,bootstrap 90% lower bound > 0,30,0,,,,,,,13.81,55.07,1,1,2026-11-05,0.6119,0.6119,2026-11-05,5,15.35,,,,,,,,
dates,CFB Rule B,independent,0,25,half the move,,0,bootstrap 95% lower bound > 0,30,0,,,,,,,16.58,25.03,0.2968,0.3298,2026-11-21,0.1411,0.1565,2026-11-21,7.286,0.8507,,,,,,,,
dates,CFB Rule B,independent,0,40,half the move,,0,bootstrap 95% lower bound > 0,30,0,,,,,,,14.98,40.03,0.6976,0.7302,2026-11-14,0.3318,0.3477,2026-11-14,6.286,5.192,,,,,,,,
dates,CFB Rule B,independent,0,55,half the move,,0,bootstrap 95% lower bound > 0,30,0,,,,,,,13.81,55.07,1,1,2026-11-05,0.4757,0.4757,2026-11-05,5,11.9,,,,,,,,
dates,CFB Rule B,independent,0,25,half the move,,0,t > calibrated 5%,30,0,,,,,,,16.58,25.03,0.2968,0.3298,2026-11-21,0.05767,0.06383,2026-11-21,7.286,0.3508,,,,,,,,
dates,CFB Rule B,independent,0,40,half the move,,0,t > calibrated 5%,30,0,,,,,,,14.98,40.03,0.6976,0.7302,2026-11-14,0.1351,0.1415,2026-11-14,6.286,2.119,,,,,,,,
dates,CFB Rule B,independent,0,55,half the move,,0,t > calibrated 5%,30,0,,,,,,,13.81,55.07,1,1,2026-11-05,0.1926,0.1926,2026-11-05,5,4.813,,,,,,,,
dates,CFB Rule B,independent,0,25,half the move,,0,t > 1.65,40,0,,,,,,,16.58,25.03,0,0.03295,2026-12-19,0,0.0183,2026-12-19,11.29,0,,,,,,,,
dates,CFB Rule B,independent,0,40,half the move,,0,t > 1.65,40,0,,,,,,,14.98,40.03,0.4981,0.533,2026-11-21,0.2738,0.2937,2026-11-21,7.286,2.586,,,,,,,,
dates,CFB Rule B,independent,0,55,half the move,,0,t > 1.65,40,0,,,,,,,13.81,55.07,0.5995,0.736,2026-11-14,0.3291,0.4022,2026-11-14,6.286,8.643,,,,,,,,
dates,CFB Rule B,independent,0,25,half the move,,0,bootstrap 90% lower bound > 0,40,0,,,,,,,16.58,25.03,0,0.03295,2026-12-19,0,0.02347,2026-12-19,11.29,0,,,,,,,,
dates,CFB Rule B,independent,0,40,half the move,,0,bootstrap 90% lower bound > 0,40,0,,,,,,,14.98,40.03,0.4981,0.533,2026-11-21,0.3456,0.3704,2026-11-21,7.286,3.262,,,,,,,,
dates,CFB Rule B,independent,0,55,half the move,,0,bootstrap 90% lower bound > 0,40,0,,,,,,,13.81,55.07,0.5995,0.736,2026-11-14,0.4165,0.5106,2026-11-14,6.286,10.96,,,,,,,,
dates,CFB Rule B,independent,0,25,half the move,,0,bootstrap 95% lower bound > 0,40,0,,,,,,,16.58,25.03,0,0.03295,2026-12-19,0,0.019,2026-12-19,11.29,0,,,,,,,,
dates,CFB Rule B,independent,0,40,half the move,,0,bootstrap 95% lower bound > 0,40,0,,,,,,,14.98,40.03,0.4981,0.533,2026-11-21,0.2805,0.3006,2026-11-21,7.286,2.648,,,,,,,,
dates,CFB Rule B,independent,0,55,half the move,,0,bootstrap 95% lower bound > 0,40,0,,,,,,,13.81,55.07,0.5995,0.736,2026-11-14,0.3375,0.4126,2026-11-14,6.286,8.867,,,,,,,,
dates,CFB Rule B,independent,0,25,half the move,,0,t > calibrated 5%,40,0,,,,,,,16.58,25.03,0,0.03295,2026-12-19,0,0.009775,2026-12-19,11.29,0,,,,,,,,
dates,CFB Rule B,independent,0,40,half the move,,0,t > calibrated 5%,40,0,,,,,,,14.98,40.03,0.4981,0.533,2026-11-21,0.1403,0.1505,2026-11-21,7.286,1.325,,,,,,,,
dates,CFB Rule B,independent,0,55,half the move,,0,t > calibrated 5%,40,0,,,,,,,13.81,55.07,0.5995,0.736,2026-11-14,0.1669,0.2054,2026-11-14,6.286,4.389,,,,,,,,
dates,CFB Rule B,independent,0,25,half the move,,0,sequential constant 5%,10-40,0,,,,,,,16.58,25.03,0.08847,0.1214,2026-11-21,0.08847,0.0934,2026-11-14,6.286,1.05,,,,,,,,
dates,CFB Rule B,independent,0,40,half the move,,0,sequential constant 5%,10-40,0,,,,,,,14.98,40.03,0.5511,0.5843,2026-11-21,0.1278,0.1316,2026-10-31,4.286,2.841,,,,,,,,
dates,CFB Rule B,independent,0,55,half the move,,0,sequential constant 5%,10-40,0,,,,,,,13.81,55.07,0.6516,0.7732,2026-11-14,0.1404,0.1457,2026-10-24,3.286,4.93,,,,,,,,
dates,CFB Rule B,independent,0,25,half the move,,0,sequential constant 10%,10-40,0,,,,,,,16.58,25.03,0.1888,0.2218,2026-11-14,0.1888,0.1994,2026-11-14,6.286,2.257,,,,,,,,
dates,CFB Rule B,independent,0,40,half the move,,0,sequential constant 10%,10-40,0,,,,,,,14.98,40.03,0.6107,0.6431,2026-11-21,0.2671,0.2759,2026-10-31,4.286,6.023,,,,,,,,
dates,CFB Rule B,independent,0,55,half the move,,0,sequential constant 10%,10-40,0,,,,,,,13.81,55.07,0.7094,0.8132,2026-11-07,0.2934,0.303,2026-10-24,3.286,10.4,,,,,,,,
dates,CFB Rule B,independent,0,25,half the move,,0,sequential OBF 5%,10-40,0,,,,,,,16.58,25.03,0.06095,0.09517,2026-11-27,0.06095,0.07,2026-11-21,7.286,0.4924,,,,,,,,
dates,CFB Rule B,independent,0,40,half the move,,0,sequential OBF 5%,10-40,0,,,,,,,14.98,40.03,0.5382,0.5765,2026-11-21,0.1528,0.1643,2026-11-21,7.286,2.445,,,,,,,,
dates,CFB Rule B,independent,0,55,half the move,,0,sequential OBF 5%,10-40,0,,,,,,,13.81,55.07,0.6593,0.785,2026-11-14,0.1928,0.2125,2026-11-07,5.286,5.358,,,,,,,,
dates,CFB Rule B,independent,0,25,half the move,,0,sequential OBF 10%,10-40,0,,,,,,,16.58,25.03,0.1371,0.1732,2026-11-21,0.1371,0.1539,2026-11-21,7.286,1.241,,,,,,,,
dates,CFB Rule B,independent,0,40,half the move,,0,sequential OBF 10%,10-40,0,,,,,,,14.98,40.03,0.5923,0.6317,2026-11-21,0.2939,0.3129,2026-11-14,6.286,5.104,,,,,,,,
dates,CFB Rule B,independent,0,55,half the move,,0,sequential OBF 10%,10-40,0,,,,,,,13.81,55.07,0.7215,0.8285,2026-11-07,0.3604,0.3845,2026-11-07,5.286,10.5,,,,,,,,
dates,CFB Rule B,independent,0,25,half the move,,0,registered keep test (reference),40,0,,,,,,,16.58,25.03,0,0.03295,2026-12-19,0,0.01432,2026-12-19,11.29,0,,,,,,,,
dates,CFB Rule B,independent,0,40,half the move,,0,registered keep test (reference),40,0,,,,,,,14.98,40.03,0.4981,0.533,2026-11-21,0.2143,0.2294,2026-11-21,7.286,2.026,,,,,,,,
dates,CFB Rule B,independent,0,55,half the move,,0,registered keep test (reference),40,0,,,,,,,13.81,55.07,0.5995,0.736,2026-11-14,0.2576,0.3145,2026-11-14,6.286,6.762,,,,,,,,
dates,CFB Rule B,independent,0,25,full move,,0,mean CLV > 0 (today's gate),20,0,,,,,,,16.58,25.03,0.5976,0.5976,2026-11-21,0.5943,0.5943,2026-11-21,7.286,6.217,,,,,,,,
dates,CFB Rule B,independent,0,40,full move,,0,mean CLV > 0 (today's gate),20,0,,,,,,,14.98,40.03,1,1,2026-11-07,0.9942,0.9942,2026-11-07,5.286,19.89,,,,,,,,
dates,CFB Rule B,independent,0,55,full move,,0,mean CLV > 0 (today's gate),20,0,,,,,,,13.81,55.07,1,1,2026-10-24,0.9942,0.9942,2026-10-24,3.286,34.87,,,,,,,,
dates,CFB Rule B,independent,0,25,full move,,0,t > 1.65,20,0,,,,,,,16.58,25.03,0.5976,0.5976,2026-11-21,0.4794,0.4794,2026-11-21,7.286,5.015,,,,,,,,
dates,CFB Rule B,independent,0,40,full move,,0,t > 1.65,20,0,,,,,,,14.98,40.03,1,1,2026-11-07,0.8035,0.8035,2026-11-07,5.286,16.07,,,,,,,,
dates,CFB Rule B,independent,0,55,full move,,0,t > 1.65,20,0,,,,,,,13.81,55.07,1,1,2026-10-24,0.8035,0.8035,2026-10-24,3.286,28.19,,,,,,,,
dates,CFB Rule B,independent,0,25,full move,,0,bootstrap 90% lower bound > 0,20,0,,,,,,,16.58,25.03,0.5976,0.5976,2026-11-21,0.5353,0.5353,2026-11-21,7.286,5.607,,,,,,,,
dates,CFB Rule B,independent,0,40,full move,,0,bootstrap 90% lower bound > 0,20,0,,,,,,,14.98,40.03,1,1,2026-11-07,0.8955,0.8955,2026-11-07,5.286,17.93,,,,,,,,
dates,CFB Rule B,independent,0,55,full move,,0,bootstrap 90% lower bound > 0,20,0,,,,,,,13.81,55.07,1,1,2026-10-24,0.8955,0.8955,2026-10-24,3.286,31.4,,,,,,,,
dates,CFB Rule B,independent,0,25,full move,,0,bootstrap 95% lower bound > 0,20,0,,,,,,,16.58,25.03,0.5976,0.5976,2026-11-21,0.4878,0.4878,2026-11-21,7.286,5.105,,,,,,,,
dates,CFB Rule B,independent,0,40,full move,,0,bootstrap 95% lower bound > 0,20,0,,,,,,,14.98,40.03,1,1,2026-11-07,0.8172,0.8172,2026-11-07,5.286,16.33,,,,,,,,
dates,CFB Rule B,independent,0,55,full move,,0,bootstrap 95% lower bound > 0,20,0,,,,,,,13.81,55.07,1,1,2026-10-24,0.8172,0.8172,2026-10-24,3.286,28.67,,,,,,,,
dates,CFB Rule B,independent,0,25,full move,,0,t > calibrated 5%,20,0,,,,,,,16.58,25.03,0.5976,0.5976,2026-11-21,0.34,0.34,2026-11-21,7.286,3.554,,,,,,,,
dates,CFB Rule B,independent,0,40,full move,,0,t > calibrated 5%,20,0,,,,,,,14.98,40.03,1,1,2026-11-07,0.5692,0.5692,2026-11-07,5.286,11.4,,,,,,,,
dates,CFB Rule B,independent,0,55,full move,,0,t > calibrated 5%,20,0,,,,,,,13.81,55.07,1,1,2026-10-24,0.5692,0.5692,2026-10-24,3.286,19.93,,,,,,,,
dates,CFB Rule B,independent,0,25,full move,,0,t > 1.65,30,0,,,,,,,16.58,25.03,0.2968,0.3298,2026-11-21,0.2742,0.3044,2026-11-21,7.286,1.65,,,,,,,,
dates,CFB Rule B,independent,0,40,full move,,0,t > 1.65,30,0,,,,,,,14.98,40.03,0.6976,0.7302,2026-11-14,0.6419,0.6722,2026-11-14,6.286,9.991,,,,,,,,
dates,CFB Rule B,independent,0,55,full move,,0,t > 1.65,30,0,,,,,,,13.81,55.07,1,1,2026-11-05,0.9207,0.9207,2026-11-05,5,23.08,,,,,,,,
dates,CFB Rule B,independent,0,25,full move,,0,bootstrap 90% lower bound > 0,30,0,,,,,,,16.58,25.03,0.2968,0.3298,2026-11-21,0.2862,0.3179,2026-11-21,7.286,1.72,,,,,,,,
dates,CFB Rule B,independent,0,40,full move,,0,bootstrap 90% lower bound > 0,30,0,,,,,,,14.98,40.03,0.6976,0.7302,2026-11-14,0.6716,0.7033,2026-11-14,6.286,10.45,,,,,,,,
dates,CFB Rule B,independent,0,55,full move,,0,bootstrap 90% lower bound > 0,30,0,,,,,,,13.81,55.07,1,1,2026-11-05,0.9637,0.9637,2026-11-05,5,24.15,,,,,,,,
dates,CFB Rule B,independent,0,25,full move,,0,bootstrap 95% lower bound > 0,30,0,,,,,,,16.58,25.03,0.2968,0.3298,2026-11-21,0.2754,0.3057,2026-11-21,7.286,1.657,,,,,,,,
dates,CFB Rule B,independent,0,40,full move,,0,bootstrap 95% lower bound > 0,30,0,,,,,,,14.98,40.03,0.6976,0.7302,2026-11-14,0.6448,0.6753,2026-11-14,6.286,10.04,,,,,,,,
dates,CFB Rule B,independent,0,55,full move,,0,bootstrap 95% lower bound > 0,30,0,,,,,,,13.81,55.07,1,1,2026-11-05,0.9251,0.9251,2026-11-05,5,23.19,,,,,,,,
dates,CFB Rule B,independent,0,25,full move,,0,t > calibrated 5%,30,0,,,,,,,16.58,25.03,0.2968,0.3298,2026-11-21,0.2162,0.2402,2026-11-21,7.286,1.302,,,,,,,,
dates,CFB Rule B,independent,0,40,full move,,0,t > calibrated 5%,30,0,,,,,,,14.98,40.03,0.6976,0.7302,2026-11-14,0.5101,0.5343,2026-11-14,6.286,7.942,,,,,,,,
dates,CFB Rule B,independent,0,55,full move,,0,t > calibrated 5%,30,0,,,,,,,13.81,55.07,1,1,2026-11-05,0.7312,0.7312,2026-11-05,5,18.35,,,,,,,,
dates,CFB Rule B,independent,0,25,full move,,0,t > 1.65,40,0,,,,,,,16.58,25.03,0,0.03295,2026-12-19,0,0.03205,2026-12-19,11.29,0,,,,,,,,
dates,CFB Rule B,independent,0,40,full move,,0,t > 1.65,40,0,,,,,,,14.98,40.03,0.4981,0.533,2026-11-21,0.4835,0.5177,2026-11-21,7.286,4.562,,,,,,,,
dates,CFB Rule B,independent,0,55,full move,,0,t > 1.65,40,0,,,,,,,13.81,55.07,0.5995,0.736,2026-11-14,0.582,0.7148,2026-11-14,6.286,15.33,,,,,,,,
dates,CFB Rule B,independent,0,25,full move,,0,bootstrap 90% lower bound > 0,40,0,,,,,,,16.58,25.03,0,0.03295,2026-12-19,0,0.0326,2026-12-19,11.29,0,,,,,,,,
dates,CFB Rule B,independent,0,40,full move,,0,bootstrap 90% lower bound > 0,40,0,,,,,,,14.98,40.03,0.4981,0.533,2026-11-21,0.4924,0.527,2026-11-21,7.286,4.643,,,,,,,,
dates,CFB Rule B,independent,0,55,full move,,0,bootstrap 90% lower bound > 0,40,0,,,,,,,13.81,55.07,0.5995,0.736,2026-11-14,0.5924,0.7275,2026-11-14,6.286,15.6,,,,,,,,
dates,CFB Rule B,independent,0,25,full move,,0,bootstrap 95% lower bound > 0,40,0,,,,,,,16.58,25.03,0,0.03295,2026-12-19,0,0.03215,2026-12-19,11.29,0,,,,,,,,
dates,CFB Rule B,independent,0,40,full move,,0,bootstrap 95% lower bound > 0,40,0,,,,,,,14.98,40.03,0.4981,0.533,2026-11-21,0.4844,0.5186,2026-11-21,7.286,4.569,,,,,,,,
dates,CFB Rule B,independent,0,55,full move,,0,bootstrap 95% lower bound > 0,40,0,,,,,,,13.81,55.07,0.5995,0.736,2026-11-14,0.5831,0.7162,2026-11-14,6.286,15.36,,,,,,,,
dates,CFB Rule B,independent,0,25,full move,,0,t > calibrated 5%,40,0,,,,,,,16.58,25.03,0,0.03295,2026-12-19,0,0.02973,2026-12-19,11.29,0,,,,,,,,
dates,CFB Rule B,independent,0,40,full move,,0,t > calibrated 5%,40,0,,,,,,,14.98,40.03,0.4981,0.533,2026-11-21,0.4358,0.4669,2026-11-21,7.286,4.111,,,,,,,,
dates,CFB Rule B,independent,0,55,full move,,0,t > calibrated 5%,40,0,,,,,,,13.81,55.07,0.5995,0.736,2026-11-14,0.5253,0.6446,2026-11-14,6.286,13.83,,,,,,,,
dates,CFB Rule B,independent,0,25,full move,,0,sequential constant 5%,10-40,0,,,,,,,16.58,25.03,0.397,0.4329,2026-11-14,0.397,0.4229,2026-11-14,6.286,4.706,,,,,,,,
dates,CFB Rule B,independent,0,40,full move,,0,sequential constant 5%,10-40,0,,,,,,,14.98,40.03,0.7436,0.7742,2026-11-14,0.5838,0.604,2026-10-31,4.286,12.87,,,,,,,,
dates,CFB Rule B,independent,0,55,full move,,0,sequential constant 5%,10-40,0,,,,,,,13.81,55.07,0.8383,0.9058,2026-11-04,0.6471,0.6692,2026-10-24,3.286,22.66,,,,,,,,
dates,CFB Rule B,independent,0,25,full move,,0,sequential constant 10%,10-40,0,,,,,,,16.58,25.03,0.5809,0.6143,2026-11-14,0.5809,0.6099,2026-11-14,6.286,7.265,,,,,,,,
dates,CFB Rule B,independent,0,40,full move,,0,sequential constant 10%,10-40,0,,,,,,,14.98,40.03,0.8461,0.8685,2026-10-31,0.7721,0.7902,2026-10-27,3.714,18.25,,,,,,,,
dates,CFB Rule B,independent,0,55,full move,,0,sequential constant 10%,10-40,0,,,,,,,13.81,55.07,0.9163,0.9534,2026-10-24,0.8281,0.8445,2026-10-24,3.286,30.72,,,,,,,,
dates,CFB Rule B,independent,0,25,full move,,0,sequential OBF 5%,10-40,0,,,,,,,16.58,25.03,0.3123,0.3539,2026-11-21,0.3123,0.3484,2026-11-21,7.286,2.907,,,,,,,,
dates,CFB Rule B,independent,0,40,full move,,0,sequential OBF 5%,10-40,0,,,,,,,14.98,40.03,0.7248,0.7688,2026-11-14,0.6343,0.6726,2026-11-14,6.286,11.34,,,,,,,,
dates,CFB Rule B,independent,0,55,full move,,0,sequential OBF 5%,10-40,0,,,,,,,13.81,55.07,0.8721,0.9354,2026-11-07,0.7632,0.8009,2026-10-31,4.286,22.8,,,,,,,,
dates,CFB Rule B,independent,0,25,full move,,0,sequential OBF 10%,10-40,0,,,,,,,16.58,25.03,0.4676,0.5131,2026-11-21,0.4676,0.5111,2026-11-21,7.286,4.89,,,,,,,,
dates,CFB Rule B,independent,0,40,full move,,0,sequential OBF 10%,10-40,0,,,,,,,14.98,40.03,0.8267,0.8631,2026-11-07,0.7879,0.8222,2026-11-07,5.286,15.69,,,,,,,,
dates,CFB Rule B,independent,0,55,full move,,0,sequential OBF 10%,10-40,0,,,,,,,13.81,55.07,0.9379,0.9701,2026-10-29,0.8924,0.9144,2026-10-24,3.286,29.07,,,,,,,,
dates,CFB Rule B,independent,0,25,full move,,0,registered keep test (reference),40,0,,,,,,,16.58,25.03,0,0.03295,2026-12-19,0,0.03135,2026-12-19,11.29,0,,,,,,,,
dates,CFB Rule B,independent,0,40,full move,,0,registered keep test (reference),40,0,,,,,,,14.98,40.03,0.4981,0.533,2026-11-21,0.4687,0.5019,2026-11-21,7.286,4.426,,,,,,,,
dates,CFB Rule B,independent,0,55,full move,,0,registered keep test (reference),40,0,,,,,,,13.81,55.07,0.5995,0.736,2026-11-14,0.5652,0.6938,2026-11-14,6.286,14.89,,,,,,,,
dates,CFB Rule B,same-day correlated,0.17,25,no edge,,0,mean CLV > 0 (today's gate),20,0,,,,,,,16.58,25.03,0.5976,0.5976,2026-11-21,0.2982,0.2982,2026-11-21,7.286,3.104,,,,,,,,
dates,CFB Rule B,same-day correlated,0.17,25,no edge,,0,t > 1.65,20,0,,,,,,,16.58,25.03,0.5976,0.5976,2026-11-21,0.06465,0.06465,2026-11-21,7.286,0.7155,,,,,,,,
dates,CFB Rule B,same-day correlated,0.17,25,no edge,,0,bootstrap 90% lower bound > 0,20,0,,,,,,,16.58,25.03,0.5976,0.5976,2026-11-21,0.1034,0.1034,2026-11-21,7.286,1.125,,,,,,,,
dates,CFB Rule B,same-day correlated,0.17,25,no edge,,0,bootstrap 95% lower bound > 0,20,0,,,,,,,16.58,25.03,0.5976,0.5976,2026-11-21,0.06943,0.06943,2026-11-21,7.286,0.7679,,,,,,,,
dates,CFB Rule B,same-day correlated,0.17,25,no edge,,0,t > calibrated 5%,20,0,,,,,,,16.58,25.03,0.5976,0.5976,2026-11-21,0.02463,0.02463,2026-11-21,7.286,0.2818,,,,,,,,
dates,CFB Rule B,same-day correlated,0.17,25,no edge,,0,t > 1.65,30,0,,,,,,,16.58,25.03,0.2968,0.3298,2026-11-21,0.03845,0.04263,2026-11-21,7.286,0.2298,,,,,,,,
dates,CFB Rule B,same-day correlated,0.17,25,no edge,,0,bootstrap 90% lower bound > 0,30,0,,,,,,,16.58,25.03,0.2968,0.3298,2026-11-21,0.05772,0.0639,2026-11-21,7.286,0.346,,,,,,,,
dates,CFB Rule B,same-day correlated,0.17,25,no edge,,0,bootstrap 95% lower bound > 0,30,0,,,,,,,16.58,25.03,0.2968,0.3298,2026-11-21,0.04013,0.04445,2026-11-21,7.286,0.2406,,,,,,,,
dates,CFB Rule B,same-day correlated,0.17,25,no edge,,0,t > calibrated 5%,30,0,,,,,,,16.58,25.03,0.2968,0.3298,2026-11-21,0.01438,0.01595,2026-11-21,7.286,0.08618,,,,,,,,
dates,CFB Rule B,same-day correlated,0.17,25,no edge,,0,t > 1.65,40,0,,,,,,,16.58,25.03,0,0.03295,2026-12-19,0,0.004675,2026-12-19,11.29,0,,,,,,,,
dates,CFB Rule B,same-day correlated,0.17,25,no edge,,0,bootstrap 90% lower bound > 0,40,0,,,,,,,16.58,25.03,0,0.03295,2026-12-19,0,0.0069,2026-12-19,11.29,0,,,,,,,,
dates,CFB Rule B,same-day correlated,0.17,25,no edge,,0,bootstrap 95% lower bound > 0,40,0,,,,,,,16.58,25.03,0,0.03295,2026-12-19,0,0.00475,2026-12-19,11.29,0,,,,,,,,
dates,CFB Rule B,same-day correlated,0.17,25,no edge,,0,t > calibrated 5%,40,0,,,,,,,16.58,25.03,0,0.03295,2026-12-19,0,0.002325,2026-12-19,11.29,0,,,,,,,,
dates,CFB Rule B,same-day correlated,0.17,25,no edge,,0,sequential constant 5%,10-40,0,,,,,,,16.58,25.03,0.03045,0.06225,2026-12-19,0.03045,0.03115,2026-11-07,5.286,0.4362,,,,,,,,
dates,CFB Rule B,same-day correlated,0.17,25,no edge,,0,sequential constant 10%,10-40,0,,,,,,,16.58,25.03,0.0615,0.0925,2026-11-19,0.0615,0.06308,2026-11-07,5.286,0.8658,,,,,,,,
dates,CFB Rule B,same-day correlated,0.17,25,no edge,,0,sequential OBF 5%,10-40,0,,,,,,,16.58,25.03,0.01735,0.04967,2026-12-19,0.01735,0.0188,2026-11-21,7.286,0.1627,,,,,,,,
dates,CFB Rule B,same-day correlated,0.17,25,no edge,,0,sequential OBF 10%,10-40,0,,,,,,,16.58,25.03,0.03805,0.0697,2026-11-28,0.03805,0.04063,2026-11-21,7.286,0.3977,,,,,,,,
dates,CFB Rule B,same-day correlated,0.17,25,no edge,,0,registered keep test (reference),40,0,,,,,,,16.58,25.03,0,0.03295,2026-12-19,0,0.003575,2026-12-19,11.29,0,,,,,,,,
dates,CFB Rule B,same-day correlated,0.17,25,half the move,,0,mean CLV > 0 (today's gate),20,0,,,,,,,16.58,25.03,0.5976,0.5976,2026-11-21,0.5003,0.5003,2026-11-21,7.286,5.201,,,,,,,,
dates,CFB Rule B,same-day correlated,0.17,25,half the move,,0,t > 1.65,20,0,,,,,,,16.58,25.03,0.5976,0.5976,2026-11-21,0.2353,0.2353,2026-11-21,7.286,2.478,,,,,,,,
dates,CFB Rule B,same-day correlated,0.17,25,half the move,,0,bootstrap 90% lower bound > 0,20,0,,,,,,,16.58,25.03,0.5976,0.5976,2026-11-21,0.3063,0.3063,2026-11-21,7.286,3.194,,,,,,,,
dates,CFB Rule B,same-day correlated,0.17,25,half the move,,0,bootstrap 95% lower bound > 0,20,0,,,,,,,16.58,25.03,0.5976,0.5976,2026-11-21,0.2446,0.2446,2026-11-21,7.286,2.572,,,,,,,,
dates,CFB Rule B,same-day correlated,0.17,25,half the move,,0,t > calibrated 5%,20,0,,,,,,,16.58,25.03,0.5976,0.5976,2026-11-21,0.131,0.131,2026-11-21,7.286,1.409,,,,,,,,
dates,CFB Rule B,same-day correlated,0.17,25,half the move,,0,t > 1.65,30,0,,,,,,,16.58,25.03,0.2968,0.3298,2026-11-21,0.1428,0.1583,2026-11-21,7.286,0.8647,,,,,,,,
dates,CFB Rule B,same-day correlated,0.17,25,half the move,,0,bootstrap 90% lower bound > 0,30,0,,,,,,,16.58,25.03,0.2968,0.3298,2026-11-21,0.174,0.1926,2026-11-21,7.286,1.049,,,,,,,,
dates,CFB Rule B,same-day correlated,0.17,25,half the move,,0,bootstrap 95% lower bound > 0,30,0,,,,,,,16.58,25.03,0.2968,0.3298,2026-11-21,0.1458,0.1616,2026-11-21,7.286,0.8816,,,,,,,,
dates,CFB Rule B,same-day correlated,0.17,25,half the move,,0,t > calibrated 5%,30,0,,,,,,,16.58,25.03,0.2968,0.3298,2026-11-21,0.0834,0.09242,2026-11-21,7.286,0.5026,,,,,,,,
dates,CFB Rule B,same-day correlated,0.17,25,half the move,,0,t > 1.65,40,0,,,,,,,16.58,25.03,0,0.03295,2026-12-19,0,0.01827,2026-12-19,11.29,0,,,,,,,,
dates,CFB Rule B,same-day correlated,0.17,25,half the move,,0,bootstrap 90% lower bound > 0,40,0,,,,,,,16.58,25.03,0,0.03295,2026-12-19,0,0.02127,2026-12-19,11.29,0,,,,,,,,
dates,CFB Rule B,same-day correlated,0.17,25,half the move,,0,bootstrap 95% lower bound > 0,40,0,,,,,,,16.58,25.03,0,0.03295,2026-12-19,0,0.0185,2026-12-19,11.29,0,,,,,,,,
dates,CFB Rule B,same-day correlated,0.17,25,half the move,,0,t > calibrated 5%,40,0,,,,,,,16.58,25.03,0,0.03295,2026-12-19,0,0.01197,2026-12-19,11.29,0,,,,,,,,
dates,CFB Rule B,same-day correlated,0.17,25,half the move,,0,sequential constant 5%,10-40,0,,,,,,,16.58,25.03,0.152,0.1837,2026-11-14,0.152,0.1596,2026-11-14,6.286,1.95,,,,,,,,
dates,CFB Rule B,same-day correlated,0.17,25,half the move,,0,sequential constant 10%,10-40,0,,,,,,,16.58,25.03,0.2552,0.2855,2026-11-14,0.2552,0.2666,2026-11-10,5.714,3.328,,,,,,,,
dates,CFB Rule B,same-day correlated,0.17,25,half the move,,0,sequential OBF 5%,10-40,0,,,,,,,16.58,25.03,0.1106,0.1433,2026-11-21,0.1106,0.1215,2026-11-21,7.286,1.056,,,,,,,,
dates,CFB Rule B,same-day correlated,0.17,25,half the move,,0,sequential OBF 10%,10-40,0,,,,,,,16.58,25.03,0.1885,0.2214,2026-11-21,0.1885,0.2044,2026-11-21,7.286,2.009,,,,,,,,
dates,CFB Rule B,same-day correlated,0.17,25,half the move,,0,registered keep test (reference),40,0,,,,,,,16.58,25.03,0,0.03295,2026-12-19,0,0.01565,2026-12-19,11.29,0,,,,,,,,
dates,CFB Rule B,same-day correlated,0.17,25,full move,,0,mean CLV > 0 (today's gate),20,0,,,,,,,16.58,25.03,0.5976,0.5976,2026-11-21,0.5833,0.5833,2026-11-21,7.286,6.093,,,,,,,,
dates,CFB Rule B,same-day correlated,0.17,25,full move,,0,t > 1.65,20,0,,,,,,,16.58,25.03,0.5976,0.5976,2026-11-21,0.4535,0.4535,2026-11-21,7.286,4.712,,,,,,,,
dates,CFB Rule B,same-day correlated,0.17,25,full move,,0,bootstrap 90% lower bound > 0,20,0,,,,,,,16.58,25.03,0.5976,0.5976,2026-11-21,0.5056,0.5056,2026-11-21,7.286,5.258,,,,,,,,
dates,CFB Rule B,same-day correlated,0.17,25,full move,,0,bootstrap 95% lower bound > 0,20,0,,,,,,,16.58,25.03,0.5976,0.5976,2026-11-21,0.4608,0.4608,2026-11-21,7.286,4.791,,,,,,,,
dates,CFB Rule B,same-day correlated,0.17,25,full move,,0,t > calibrated 5%,20,0,,,,,,,16.58,25.03,0.5976,0.5976,2026-11-21,0.3394,0.3394,2026-11-21,7.286,3.531,,,,,,,,
dates,CFB Rule B,same-day correlated,0.17,25,full move,,0,t > 1.65,30,0,,,,,,,16.58,25.03,0.2968,0.3298,2026-11-21,0.2535,0.2806,2026-11-21,7.286,1.521,,,,,,,,
dates,CFB Rule B,same-day correlated,0.17,25,full move,,0,bootstrap 90% lower bound > 0,30,0,,,,,,,16.58,25.03,0.2968,0.3298,2026-11-21,0.2702,0.2993,2026-11-21,7.286,1.621,,,,,,,,
dates,CFB Rule B,same-day correlated,0.17,25,full move,,0,bootstrap 95% lower bound > 0,30,0,,,,,,,16.58,25.03,0.2968,0.3298,2026-11-21,0.2551,0.2824,2026-11-21,7.286,1.529,,,,,,,,
dates,CFB Rule B,same-day correlated,0.17,25,full move,,0,t > calibrated 5%,30,0,,,,,,,16.58,25.03,0.2968,0.3298,2026-11-21,0.2039,0.2253,2026-11-21,7.286,1.226,,,,,,,,
dates,CFB Rule B,same-day correlated,0.17,25,full move,,0,t > 1.65,40,0,,,,,,,16.58,25.03,0,0.03295,2026-12-19,0,0.02945,2026-12-19,11.29,0,,,,,,,,
dates,CFB Rule B,same-day correlated,0.17,25,full move,,0,bootstrap 90% lower bound > 0,40,0,,,,,,,16.58,25.03,0,0.03295,2026-12-19,0,0.0307,2026-12-19,11.29,0,,,,,,,,
dates,CFB Rule B,same-day correlated,0.17,25,full move,,0,bootstrap 95% lower bound > 0,40,0,,,,,,,16.58,25.03,0,0.03295,2026-12-19,0,0.02948,2026-12-19,11.29,0,,,,,,,,
dates,CFB Rule B,same-day correlated,0.17,25,full move,,0,t > calibrated 5%,40,0,,,,,,,16.58,25.03,0,0.03295,2026-12-19,0,0.02612,2026-12-19,11.29,0,,,,,,,,
dates,CFB Rule B,same-day correlated,0.17,25,full move,,0,sequential constant 5%,10-40,0,,,,,,,16.58,25.03,0.4325,0.4628,2026-11-14,0.4325,0.4528,2026-11-14,6.286,5.462,,,,,,,,
dates,CFB Rule B,same-day correlated,0.17,25,full move,,0,sequential constant 10%,10-40,0,,,,,,,16.58,25.03,0.5887,0.6196,2026-11-10,0.5887,0.6138,2026-11-07,5.286,7.615,,,,,,,,
dates,CFB Rule B,same-day correlated,0.17,25,full move,,0,sequential OBF 5%,10-40,0,,,,,,,16.58,25.03,0.3296,0.3696,2026-11-21,0.3296,0.3621,2026-11-21,7.286,3.486,,,,,,,,
dates,CFB Rule B,same-day correlated,0.17,25,full move,,0,sequential OBF 10%,10-40,0,,,,,,,16.58,25.03,0.4652,0.509,2026-11-20,0.4652,0.5042,2026-11-18,6.857,5.306,,,,,,,,
dates,CFB Rule B,same-day correlated,0.17,25,full move,,0,registered keep test (reference),40,0,,,,,,,16.58,25.03,0,0.03295,2026-12-19,0,0.02823,2026-12-19,11.29,0,,,,,,,,
dates,CFB Rule B,same-day correlated,0.17,40,no edge,,0,mean CLV > 0 (today's gate),20,0,,,,,,,14.98,40.03,1,1,2026-11-07,0.5004,0.5004,2026-11-07,5.286,10.01,,,,,,,,
dates,CFB Rule B,same-day correlated,0.17,40,no edge,,0,t > 1.65,20,0,,,,,,,14.98,40.03,1,1,2026-11-07,0.111,0.111,2026-10-31,4.286,2.424,,,,,,,,
dates,CFB Rule B,same-day correlated,0.17,40,no edge,,0,bootstrap 90% lower bound > 0,20,0,,,,,,,14.98,40.03,1,1,2026-11-07,0.1754,0.1754,2026-10-31,4.286,3.726,,,,,,,,
dates,CFB Rule B,same-day correlated,0.17,40,no edge,,0,bootstrap 95% lower bound > 0,20,0,,,,,,,14.98,40.03,1,1,2026-11-07,0.1182,0.1182,2026-10-31,4.286,2.577,,,,,,,,
dates,CFB Rule B,same-day correlated,0.17,40,no edge,,0,t > calibrated 5%,20,0,,,,,,,14.98,40.03,1,1,2026-11-07,0.0452,0.0452,2026-10-31,4.286,1.037,,,,,,,,
dates,CFB Rule B,same-day correlated,0.17,40,no edge,,0,t > 1.65,30,0,,,,,,,14.98,40.03,0.6976,0.7302,2026-11-14,0.08002,0.08292,2026-11-14,6.286,1.296,,,,,,,,
dates,CFB Rule B,same-day correlated,0.17,40,no edge,,0,bootstrap 90% lower bound > 0,30,0,,,,,,,14.98,40.03,0.6976,0.7302,2026-11-14,0.1254,0.1303,2026-11-14,6.286,2.02,,,,,,,,
dates,CFB Rule B,same-day correlated,0.17,40,no edge,,0,bootstrap 95% lower bound > 0,30,0,,,,,,,14.98,40.03,0.6976,0.7302,2026-11-14,0.08392,0.087,2026-11-14,6.286,1.358,,,,,,,,
dates,CFB Rule B,same-day correlated,0.17,40,no edge,,0,t > calibrated 5%,30,0,,,,,,,14.98,40.03,0.6976,0.7302,2026-11-14,0.027,0.0279,2026-11-10,5.714,0.4509,,,,,,,,
dates,CFB Rule B,same-day correlated,0.17,40,no edge,,0,t > 1.65,40,0,,,,,,,14.98,40.03,0.4981,0.533,2026-11-21,0.06245,0.06615,2026-11-21,7.286,0.6074,,,,,,,,
dates,CFB Rule B,same-day correlated,0.17,40,no edge,,0,bootstrap 90% lower bound > 0,40,0,,,,,,,14.98,40.03,0.4981,0.533,2026-11-21,0.09455,0.1003,2026-11-21,7.286,0.9107,,,,,,,,
dates,CFB Rule B,same-day correlated,0.17,40,no edge,,0,bootstrap 95% lower bound > 0,40,0,,,,,,,14.98,40.03,0.4981,0.533,2026-11-21,0.06495,0.06878,2026-11-21,7.286,0.6309,,,,,,,,
dates,CFB Rule B,same-day correlated,0.17,40,no edge,,0,t > calibrated 5%,40,0,,,,,,,14.98,40.03,0.4981,0.533,2026-11-21,0.02542,0.02685,2026-11-21,7.286,0.2518,,,,,,,,
dates,CFB Rule B,same-day correlated,0.17,40,no edge,,0,sequential constant 5%,10-40,0,,,,,,,14.98,40.03,0.5121,0.5458,2026-11-21,0.03995,0.04052,2026-10-24,3.286,1.084,,,,,,,,
dates,CFB Rule B,same-day correlated,0.17,40,no edge,,0,sequential constant 10%,10-40,0,,,,,,,14.98,40.03,0.5291,0.5615,2026-11-21,0.08317,0.08422,2026-10-24,3.286,2.212,,,,,,,,
dates,CFB Rule B,same-day correlated,0.17,40,no edge,,0,sequential OBF 5%,10-40,0,,,,,,,14.98,40.03,0.5048,0.5394,2026-11-21,0.03195,0.0331,2026-11-14,6.286,0.6171,,,,,,,,
dates,CFB Rule B,same-day correlated,0.17,40,no edge,,0,sequential OBF 10%,10-40,0,,,,,,,14.98,40.03,0.5157,0.5502,2026-11-21,0.06817,0.0708,2026-11-07,5.286,1.387,,,,,,,,
dates,CFB Rule B,same-day correlated,0.17,40,no edge,,0,registered keep test (reference),40,0,,,,,,,14.98,40.03,0.4981,0.533,2026-11-21,0.04355,0.04598,2026-11-21,7.286,0.4252,,,,,,,,
dates,CFB Rule B,same-day correlated,0.17,40,half the move,,0,mean CLV > 0 (today's gate),20,0,,,,,,,14.98,40.03,1,1,2026-11-07,0.8339,0.8339,2026-11-07,5.286,16.47,,,,,,,,
dates,CFB Rule B,same-day correlated,0.17,40,half the move,,0,t > 1.65,20,0,,,,,,,14.98,40.03,1,1,2026-11-07,0.3977,0.3977,2026-10-31,4.286,8.084,,,,,,,,
dates,CFB Rule B,same-day correlated,0.17,40,half the move,,0,bootstrap 90% lower bound > 0,20,0,,,,,,,14.98,40.03,1,1,2026-11-07,0.5162,0.5162,2026-11-07,5.286,10.34,,,,,,,,
dates,CFB Rule B,same-day correlated,0.17,40,half the move,,0,bootstrap 95% lower bound > 0,20,0,,,,,,,14.98,40.03,1,1,2026-11-07,0.4133,0.4133,2026-10-31,4.286,8.377,,,,,,,,
dates,CFB Rule B,same-day correlated,0.17,40,half the move,,0,t > calibrated 5%,20,0,,,,,,,14.98,40.03,1,1,2026-11-07,0.2216,0.2216,2026-10-31,4.286,4.652,,,,,,,,
dates,CFB Rule B,same-day correlated,0.17,40,half the move,,0,t > 1.65,30,0,,,,,,,14.98,40.03,0.6976,0.7302,2026-11-14,0.3351,0.3506,2026-11-14,6.286,5.247,,,,,,,,
dates,CFB Rule B,same-day correlated,0.17,40,half the move,,0,bootstrap 90% lower bound > 0,30,0,,,,,,,14.98,40.03,0.6976,0.7302,2026-11-14,0.414,0.4334,2026-11-14,6.286,6.438,,,,,,,,
dates,CFB Rule B,same-day correlated,0.17,40,half the move,,0,bootstrap 95% lower bound > 0,30,0,,,,,,,14.98,40.03,0.6976,0.7302,2026-11-14,0.3431,0.3588,2026-11-14,6.286,5.369,,,,,,,,
dates,CFB Rule B,same-day correlated,0.17,40,half the move,,0,t > calibrated 5%,30,0,,,,,,,14.98,40.03,0.6976,0.7302,2026-11-14,0.1833,0.1913,2026-11-14,6.286,2.935,,,,,,,,
dates,CFB Rule B,same-day correlated,0.17,40,half the move,,0,t > 1.65,40,0,,,,,,,14.98,40.03,0.4981,0.533,2026-11-21,0.2727,0.2925,2026-11-21,7.286,2.579,,,,,,,,
dates,CFB Rule B,same-day correlated,0.17,40,half the move,,0,bootstrap 90% lower bound > 0,40,0,,,,,,,14.98,40.03,0.4981,0.533,2026-11-21,0.325,0.3489,2026-11-21,7.286,3.067,,,,,,,,
dates,CFB Rule B,same-day correlated,0.17,40,half the move,,0,bootstrap 95% lower bound > 0,40,0,,,,,,,14.98,40.03,0.4981,0.533,2026-11-21,0.2776,0.2979,2026-11-21,7.286,2.628,,,,,,,,
dates,CFB Rule B,same-day correlated,0.17,40,half the move,,0,t > calibrated 5%,40,0,,,,,,,14.98,40.03,0.4981,0.533,2026-11-21,0.1736,0.1852,2026-11-21,7.286,1.655,,,,,,,,
dates,CFB Rule B,same-day correlated,0.17,40,half the move,,0,sequential constant 5%,10-40,0,,,,,,,14.98,40.03,0.5809,0.6126,2026-11-21,0.2171,0.2224,2026-10-24,3.286,5.208,,,,,,,,
dates,CFB Rule B,same-day correlated,0.17,40,half the move,,0,sequential constant 10%,10-40,0,,,,,,,14.98,40.03,0.6414,0.6705,2026-11-21,0.35,0.3581,2026-10-24,3.286,8.475,,,,,,,,
dates,CFB Rule B,same-day correlated,0.17,40,half the move,,0,sequential OBF 5%,10-40,0,,,,,,,14.98,40.03,0.5614,0.5984,2026-11-21,0.2253,0.238,2026-11-14,6.286,4.158,,,,,,,,
dates,CFB Rule B,same-day correlated,0.17,40,half the move,,0,sequential OBF 10%,10-40,0,,,,,,,14.98,40.03,0.6196,0.6561,2026-11-21,0.3548,0.3725,2026-11-14,6.286,6.929,,,,,,,,
dates,CFB Rule B,same-day correlated,0.17,40,half the move,,0,registered keep test (reference),40,0,,,,,,,14.98,40.03,0.4981,0.533,2026-11-21,0.2296,0.2457,2026-11-21,7.286,2.18,,,,,,,,
dates,CFB Rule B,same-day correlated,0.17,40,full move,,0,mean CLV > 0 (today's gate),20,0,,,,,,,14.98,40.03,1,1,2026-11-07,0.9725,0.9725,2026-11-07,5.286,19.36,,,,,,,,
dates,CFB Rule B,same-day correlated,0.17,40,full move,,0,t > 1.65,20,0,,,,,,,14.98,40.03,1,1,2026-11-07,0.757,0.757,2026-11-07,5.286,14.98,,,,,,,,
dates,CFB Rule B,same-day correlated,0.17,40,full move,,0,bootstrap 90% lower bound > 0,20,0,,,,,,,14.98,40.03,1,1,2026-11-07,0.8409,0.8409,2026-11-07,5.286,16.64,,,,,,,,
dates,CFB Rule B,same-day correlated,0.17,40,full move,,0,bootstrap 95% lower bound > 0,20,0,,,,,,,14.98,40.03,1,1,2026-11-07,0.7687,0.7687,2026-11-07,5.286,15.2,,,,,,,,
dates,CFB Rule B,same-day correlated,0.17,40,full move,,0,t > calibrated 5%,20,0,,,,,,,14.98,40.03,1,1,2026-11-07,0.5724,0.5724,2026-11-07,5.286,11.45,,,,,,,,
dates,CFB Rule B,same-day correlated,0.17,40,full move,,0,t > 1.65,30,0,,,,,,,14.98,40.03,0.6976,0.7302,2026-11-14,0.5989,0.6275,2026-11-14,6.286,9.272,,,,,,,,
dates,CFB Rule B,same-day correlated,0.17,40,full move,,0,bootstrap 90% lower bound > 0,30,0,,,,,,,14.98,40.03,0.6976,0.7302,2026-11-14,0.6374,0.6681,2026-11-14,6.286,9.865,,,,,,,,
dates,CFB Rule B,same-day correlated,0.17,40,full move,,0,bootstrap 95% lower bound > 0,30,0,,,,,,,14.98,40.03,0.6976,0.7302,2026-11-14,0.6031,0.632,2026-11-14,6.286,9.34,,,,,,,,
dates,CFB Rule B,same-day correlated,0.17,40,full move,,0,t > calibrated 5%,30,0,,,,,,,14.98,40.03,0.6976,0.7302,2026-11-14,0.4837,0.5066,2026-11-14,6.286,7.497,,,,,,,,
dates,CFB Rule B,same-day correlated,0.17,40,full move,,0,t > 1.65,40,0,,,,,,,14.98,40.03,0.4981,0.533,2026-11-21,0.4533,0.4862,2026-11-21,7.286,4.269,,,,,,,,
dates,CFB Rule B,same-day correlated,0.17,40,full move,,0,bootstrap 90% lower bound > 0,40,0,,,,,,,14.98,40.03,0.4981,0.533,2026-11-21,0.4718,0.5057,2026-11-21,7.286,4.441,,,,,,,,
dates,CFB Rule B,same-day correlated,0.17,40,full move,,0,bootstrap 95% lower bound > 0,40,0,,,,,,,14.98,40.03,0.4981,0.533,2026-11-21,0.4551,0.488,2026-11-21,7.286,4.287,,,,,,,,
dates,CFB Rule B,same-day correlated,0.17,40,full move,,0,t > calibrated 5%,40,0,,,,,,,14.98,40.03,0.4981,0.533,2026-11-21,0.3988,0.4282,2026-11-21,7.286,3.754,,,,,,,,
dates,CFB Rule B,same-day correlated,0.17,40,full move,,0,sequential constant 5%,10-40,0,,,,,,,14.98,40.03,0.761,0.7877,2026-11-07,0.6075,0.6242,2026-10-31,4.286,14.19,,,,,,,,
dates,CFB Rule B,same-day correlated,0.17,40,full move,,0,sequential constant 10%,10-40,0,,,,,,,14.98,40.03,0.8451,0.8667,2026-10-29,0.7543,0.7701,2026-10-24,3.286,18.48,,,,,,,,
dates,CFB Rule B,same-day correlated,0.17,40,full move,,0,sequential OBF 5%,10-40,0,,,,,,,14.98,40.03,0.7376,0.7777,2026-11-14,0.6242,0.6573,2026-11-14,6.286,12.01,,,,,,,,
dates,CFB Rule B,same-day correlated,0.17,40,full move,,0,sequential OBF 10%,10-40,0,,,,,,,14.98,40.03,0.8271,0.8604,2026-11-07,0.7599,0.7895,2026-11-07,5.286,15.89,,,,,,,,
dates,CFB Rule B,same-day correlated,0.17,40,full move,,0,registered keep test (reference),40,0,,,,,,,14.98,40.03,0.4981,0.533,2026-11-21,0.4333,0.4651,2026-11-21,7.286,4.081,,,,,,,,
dates,CFB Rule B,same-day correlated,0.17,55,no edge,,0,mean CLV > 0 (today's gate),20,0,,,,,,,13.81,55.07,1,1,2026-10-24,0.5024,0.5024,2026-10-24,3.286,17.6,,,,,,,,
dates,CFB Rule B,same-day correlated,0.17,55,no edge,,0,t > 1.65,20,0,,,,,,,13.81,55.07,1,1,2026-10-24,0.1176,0.1176,2026-10-24,3.286,4.42,,,,,,,,
dates,CFB Rule B,same-day correlated,0.17,55,no edge,,0,bootstrap 90% lower bound > 0,20,0,,,,,,,13.81,55.07,1,1,2026-10-24,0.1824,0.1824,2026-10-24,3.286,6.667,,,,,,,,
dates,CFB Rule B,same-day correlated,0.17,55,no edge,,0,bootstrap 95% lower bound > 0,20,0,,,,,,,13.81,55.07,1,1,2026-10-24,0.126,0.126,2026-10-24,3.286,4.703,,,,,,,,
dates,CFB Rule B,same-day correlated,0.17,55,no edge,,0,t > calibrated 5%,20,0,,,,,,,13.81,55.07,1,1,2026-10-24,0.04897,0.04897,2026-10-24,3.286,1.918,,,,,,,,
dates,CFB Rule B,same-day correlated,0.17,55,no edge,,0,t > 1.65,30,0,,,,,,,13.81,55.07,1,1,2026-11-05,0.1274,0.1274,2026-10-31,4.286,3.55,,,,,,,,
dates,CFB Rule B,same-day correlated,0.17,55,no edge,,0,bootstrap 90% lower bound > 0,30,0,,,,,,,13.81,55.07,1,1,2026-11-05,0.1912,0.1912,2026-10-31,4.286,5.17,,,,,,,,
dates,CFB Rule B,same-day correlated,0.17,55,no edge,,0,bootstrap 95% lower bound > 0,30,0,,,,,,,13.81,55.07,1,1,2026-11-05,0.134,0.134,2026-10-31,4.286,3.719,,,,,,,,
dates,CFB Rule B,same-day correlated,0.17,55,no edge,,0,t > calibrated 5%,30,0,,,,,,,13.81,55.07,1,1,2026-11-05,0.05008,0.05008,2026-10-31,4.286,1.487,,,,,,,,
dates,CFB Rule B,same-day correlated,0.17,55,no edge,,0,t > 1.65,40,0,,,,,,,13.81,55.07,0.5995,0.736,2026-11-14,0.0851,0.09738,2026-11-14,6.286,2.263,,,,,,,,
dates,CFB Rule B,same-day correlated,0.17,55,no edge,,0,bootstrap 90% lower bound > 0,40,0,,,,,,,13.81,55.07,0.5995,0.736,2026-11-14,0.1244,0.1449,2026-11-14,6.286,3.285,,,,,,,,
dates,CFB Rule B,same-day correlated,0.17,55,no edge,,0,bootstrap 95% lower bound > 0,40,0,,,,,,,13.81,55.07,0.5995,0.736,2026-11-14,0.0878,0.1009,2026-11-14,6.286,2.333,,,,,,,,
dates,CFB Rule B,same-day correlated,0.17,55,no edge,,0,t > calibrated 5%,40,0,,,,,,,13.81,55.07,0.5995,0.736,2026-11-14,0.03725,0.041,2026-11-07,5.286,0.992,,,,,,,,
dates,CFB Rule B,same-day correlated,0.17,55,no edge,,0,sequential constant 5%,10-40,0,,,,,,,13.81,55.07,0.6109,0.744,2026-11-14,0.04905,0.04938,2026-10-18,2.429,2.052,,,,,,,,
dates,CFB Rule B,same-day correlated,0.17,55,no edge,,0,sequential constant 10%,10-40,0,,,,,,,13.81,55.07,0.626,0.7544,2026-11-14,0.09652,0.09755,2026-10-24,3.286,3.97,,,,,,,,
dates,CFB Rule B,same-day correlated,0.17,55,no edge,,0,sequential OBF 5%,10-40,0,,,,,,,13.81,55.07,0.6081,0.7432,2026-11-14,0.04615,0.048,2026-10-25,3.5,1.573,,,,,,,,
dates,CFB Rule B,same-day correlated,0.17,55,no edge,,0,sequential OBF 10%,10-40,0,,,,,,,13.81,55.07,0.621,0.7522,2026-11-14,0.09365,0.09707,2026-10-24,3.286,3.222,,,,,,,,
dates,CFB Rule B,same-day correlated,0.17,55,no edge,,0,registered keep test (reference),40,0,,,,,,,13.81,55.07,0.5995,0.736,2026-11-14,0.06048,0.06822,2026-11-14,6.286,1.607,,,,,,,,
dates,CFB Rule B,same-day correlated,0.17,55,half the move,,0,mean CLV > 0 (today's gate),20,0,,,,,,,13.81,55.07,1,1,2026-10-24,0.8324,0.8324,2026-10-24,3.286,28.91,,,,,,,,
dates,CFB Rule B,same-day correlated,0.17,55,half the move,,0,t > 1.65,20,0,,,,,,,13.81,55.07,1,1,2026-10-24,0.4014,0.4014,2026-10-24,3.286,14.2,,,,,,,,
dates,CFB Rule B,same-day correlated,0.17,55,half the move,,0,bootstrap 90% lower bound > 0,20,0,,,,,,,13.81,55.07,1,1,2026-10-24,0.5175,0.5175,2026-10-24,3.286,18.15,,,,,,,,
dates,CFB Rule B,same-day correlated,0.17,55,half the move,,0,bootstrap 95% lower bound > 0,20,0,,,,,,,13.81,55.07,1,1,2026-10-24,0.4166,0.4166,2026-10-24,3.286,14.72,,,,,,,,
dates,CFB Rule B,same-day correlated,0.17,55,half the move,,0,t > calibrated 5%,20,0,,,,,,,13.81,55.07,1,1,2026-10-24,0.2268,0.2268,2026-10-24,3.286,8.212,,,,,,,,
dates,CFB Rule B,same-day correlated,0.17,55,half the move,,0,t > 1.65,30,0,,,,,,,13.81,55.07,1,1,2026-11-05,0.4844,0.4844,2026-10-31,4.286,12.24,,,,,,,,
dates,CFB Rule B,same-day correlated,0.17,55,half the move,,0,bootstrap 90% lower bound > 0,30,0,,,,,,,13.81,55.07,1,1,2026-11-05,0.5908,0.5908,2026-11-05,5,14.74,,,,,,,,
dates,CFB Rule B,same-day correlated,0.17,55,half the move,,0,bootstrap 95% lower bound > 0,30,0,,,,,,,13.81,55.07,1,1,2026-11-05,0.4955,0.4955,2026-10-31,4.286,12.5,,,,,,,,
dates,CFB Rule B,same-day correlated,0.17,55,half the move,,0,t > calibrated 5%,30,0,,,,,,,13.81,55.07,1,1,2026-11-05,0.2782,0.2782,2026-10-31,4.286,7.294,,,,,,,,
dates,CFB Rule B,same-day correlated,0.17,55,half the move,,0,t > 1.65,40,0,,,,,,,13.81,55.07,0.5995,0.736,2026-11-14,0.3273,0.4005,2026-11-14,6.286,8.61,,,,,,,,
dates,CFB Rule B,same-day correlated,0.17,55,half the move,,0,bootstrap 90% lower bound > 0,40,0,,,,,,,13.81,55.07,0.5995,0.736,2026-11-14,0.386,0.4764,2026-11-14,6.286,10.15,,,,,,,,
dates,CFB Rule B,same-day correlated,0.17,55,half the move,,0,bootstrap 95% lower bound > 0,40,0,,,,,,,13.81,55.07,0.5995,0.736,2026-11-14,0.3325,0.4072,2026-11-14,6.286,8.74,,,,,,,,
dates,CFB Rule B,same-day correlated,0.17,55,half the move,,0,t > calibrated 5%,40,0,,,,,,,13.81,55.07,0.5995,0.736,2026-11-14,0.2174,0.2601,2026-11-14,6.286,5.731,,,,,,,,
dates,CFB Rule B,same-day correlated,0.17,55,half the move,,0,sequential constant 5%,10-40,0,,,,,,,13.81,55.07,0.6806,0.7948,2026-11-07,0.2515,0.2577,2026-10-24,3.286,9.406,,,,,,,,
dates,CFB Rule B,same-day correlated,0.17,55,half the move,,0,sequential constant 10%,10-40,0,,,,,,,13.81,55.07,0.7386,0.8342,2026-11-07,0.3945,0.4032,2026-10-24,3.286,14.75,,,,,,,,
dates,CFB Rule B,same-day correlated,0.17,55,half the move,,0,sequential OBF 5%,10-40,0,,,,,,,13.81,55.07,0.6851,0.8027,2026-11-07,0.2876,0.3059,2026-10-31,4.286,8.919,,,,,,,,
dates,CFB Rule B,same-day correlated,0.17,55,half the move,,0,sequential OBF 10%,10-40,0,,,,,,,13.81,55.07,0.7439,0.8432,2026-11-07,0.4277,0.449,2026-10-31,4.286,13.66,,,,,,,,
dates,CFB Rule B,same-day correlated,0.17,55,half the move,,0,registered keep test (reference),40,0,,,,,,,13.81,55.07,0.5995,0.736,2026-11-14,0.2794,0.3392,2026-11-14,6.286,7.35,,,,,,,,
dates,CFB Rule B,same-day correlated,0.17,55,full move,,0,mean CLV > 0 (today's gate),20,0,,,,,,,13.81,55.07,1,1,2026-10-24,0.9702,0.9702,2026-10-24,3.286,33.89,,,,,,,,
dates,CFB Rule B,same-day correlated,0.17,55,full move,,0,t > 1.65,20,0,,,,,,,13.81,55.07,1,1,2026-10-24,0.7561,0.7561,2026-10-24,3.286,26.31,,,,,,,,
dates,CFB Rule B,same-day correlated,0.17,55,full move,,0,bootstrap 90% lower bound > 0,20,0,,,,,,,13.81,55.07,1,1,2026-10-24,0.839,0.839,2026-10-24,3.286,29.17,,,,,,,,
dates,CFB Rule B,same-day correlated,0.17,55,full move,,0,bootstrap 95% lower bound > 0,20,0,,,,,,,13.81,55.07,1,1,2026-10-24,0.7679,0.7679,2026-10-24,3.286,26.72,,,,,,,,
dates,CFB Rule B,same-day correlated,0.17,55,full move,,0,t > calibrated 5%,20,0,,,,,,,13.81,55.07,1,1,2026-10-24,0.5729,0.5729,2026-10-24,3.286,20.05,,,,,,,,
dates,CFB Rule B,same-day correlated,0.17,55,full move,,0,t > 1.65,30,0,,,,,,,13.81,55.07,1,1,2026-11-05,0.8517,0.8517,2026-11-05,5,21.07,,,,,,,,
dates,CFB Rule B,same-day correlated,0.17,55,full move,,0,bootstrap 90% lower bound > 0,30,0,,,,,,,13.81,55.07,1,1,2026-11-05,0.9051,0.9051,2026-11-05,5,22.44,,,,,,,,
dates,CFB Rule B,same-day correlated,0.17,55,full move,,0,bootstrap 95% lower bound > 0,30,0,,,,,,,13.81,55.07,1,1,2026-11-05,0.8568,0.8568,2026-11-05,5,21.21,,,,,,,,
dates,CFB Rule B,same-day correlated,0.17,55,full move,,0,t > calibrated 5%,30,0,,,,,,,13.81,55.07,1,1,2026-11-05,0.6874,0.6874,2026-11-05,5,17.06,,,,,,,,
dates,CFB Rule B,same-day correlated,0.17,55,full move,,0,t > 1.65,40,0,,,,,,,13.81,55.07,0.5995,0.736,2026-11-14,0.5424,0.6712,2026-11-14,6.286,14.27,,,,,,,,
dates,CFB Rule B,same-day correlated,0.17,55,full move,,0,bootstrap 90% lower bound > 0,40,0,,,,,,,13.81,55.07,0.5995,0.736,2026-11-14,0.5639,0.6961,2026-11-14,6.286,14.84,,,,,,,,
dates,CFB Rule B,same-day correlated,0.17,55,full move,,0,bootstrap 95% lower bound > 0,40,0,,,,,,,13.81,55.07,0.5995,0.736,2026-11-14,0.5443,0.6733,2026-11-14,6.286,14.32,,,,,,,,
dates,CFB Rule B,same-day correlated,0.17,55,full move,,0,t > calibrated 5%,40,0,,,,,,,13.81,55.07,0.5995,0.736,2026-11-14,0.4764,0.5897,2026-11-14,6.286,12.53,,,,,,,,
dates,CFB Rule B,same-day correlated,0.17,55,full move,,0,sequential constant 5%,10-40,0,,,,,,,13.81,55.07,0.8501,0.9101,2026-10-31,0.6608,0.6764,2026-10-24,3.286,24.16,,,,,,,,
dates,CFB Rule B,same-day correlated,0.17,55,full move,,0,sequential constant 10%,10-40,0,,,,,,,13.81,55.07,0.9137,0.9489,2026-10-24,0.7995,0.8117,2026-10-24,3.286,30.43,,,,,,,,
dates,CFB Rule B,same-day correlated,0.17,55,full move,,0,sequential OBF 5%,10-40,0,,,,,,,13.81,55.07,0.8702,0.929,2026-11-07,0.7268,0.7558,2026-10-31,4.286,22.86,,,,,,,,
dates,CFB Rule B,same-day correlated,0.17,55,full move,,0,sequential OBF 10%,10-40,0,,,,,,,13.81,55.07,0.9259,0.9602,2026-10-29,0.8389,0.8585,2026-10-24,3.286,28.32,,,,,,,,
dates,CFB Rule B,same-day correlated,0.17,55,full move,,0,registered keep test (reference),40,0,,,,,,,13.81,55.07,0.5995,0.736,2026-11-14,0.5181,0.6421,2026-11-14,6.286,13.63,,,,,,,,
dates,CFB Rule B,stress: stronger correlation,0.28,40,no edge,,0,mean CLV > 0 (today's gate),20,0,,,,,,,14.98,40.03,1,1,2026-11-07,0.5032,0.5032,2026-11-07,5.286,10.07,,,,,,,,
dates,CFB Rule B,stress: stronger correlation,0.28,40,no edge,,0,t > 1.65,20,0,,,,,,,14.98,40.03,1,1,2026-11-07,0.1411,0.1411,2026-10-31,4.286,3.111,,,,,,,,
dates,CFB Rule B,stress: stronger correlation,0.28,40,no edge,,0,bootstrap 90% lower bound > 0,20,0,,,,,,,14.98,40.03,1,1,2026-11-07,0.2052,0.2052,2026-10-31,4.286,4.405,,,,,,,,
dates,CFB Rule B,stress: stronger correlation,0.28,40,no edge,,0,bootstrap 95% lower bound > 0,20,0,,,,,,,14.98,40.03,1,1,2026-11-07,0.1487,0.1487,2026-10-31,4.286,3.261,,,,,,,,
dates,CFB Rule B,stress: stronger correlation,0.28,40,no edge,,0,t > calibrated 5%,20,0,,,,,,,14.98,40.03,1,1,2026-11-07,0.0686,0.0686,2026-10-31,4.286,1.58,,,,,,,,
dates,CFB Rule B,stress: stronger correlation,0.28,40,no edge,,0,t > 1.65,30,0,,,,,,,14.98,40.03,0.6976,0.7302,2026-11-14,0.1038,0.1075,2026-11-14,6.286,1.696,,,,,,,,
dates,CFB Rule B,stress: stronger correlation,0.28,40,no edge,,0,bootstrap 90% lower bound > 0,30,0,,,,,,,14.98,40.03,0.6976,0.7302,2026-11-14,0.1472,0.1534,2026-11-14,6.286,2.381,,,,,,,,
dates,CFB Rule B,stress: stronger correlation,0.28,40,no edge,,0,bootstrap 95% lower bound > 0,30,0,,,,,,,14.98,40.03,0.6976,0.7302,2026-11-14,0.1075,0.1113,2026-11-14,6.286,1.754,,,,,,,,
dates,CFB Rule B,stress: stronger correlation,0.28,40,no edge,,0,t > calibrated 5%,30,0,,,,,,,14.98,40.03,0.6976,0.7302,2026-11-14,0.04235,0.0435,2026-11-10,5.714,0.7092,,,,,,,,
dates,CFB Rule B,stress: stronger correlation,0.28,40,no edge,,0,t > 1.65,40,0,,,,,,,14.98,40.03,0.4981,0.533,2026-11-21,0.08007,0.0846,2026-11-21,7.286,0.7779,,,,,,,,
dates,CFB Rule B,stress: stronger correlation,0.28,40,no edge,,0,bootstrap 90% lower bound > 0,40,0,,,,,,,14.98,40.03,0.4981,0.533,2026-11-21,0.1119,0.1182,2026-11-21,7.286,1.08,,,,,,,,
dates,CFB Rule B,stress: stronger correlation,0.28,40,no edge,,0,bootstrap 95% lower bound > 0,40,0,,,,,,,14.98,40.03,0.4981,0.533,2026-11-21,0.08278,0.08762,2026-11-21,7.286,0.8055,,,,,,,,
dates,CFB Rule B,stress: stronger correlation,0.28,40,no edge,,0,t > calibrated 5%,40,0,,,,,,,14.98,40.03,0.4981,0.533,2026-11-21,0.0398,0.04167,2026-11-21,7.286,0.3934,,,,,,,,
dates,CFB Rule B,stress: stronger correlation,0.28,40,no edge,,0,sequential constant 5%,10-40,0,,,,,,,14.98,40.03,0.5192,0.5517,2026-11-21,0.0653,0.06588,2026-10-24,3.286,1.804,,,,,,,,
dates,CFB Rule B,stress: stronger correlation,0.28,40,no edge,,0,sequential constant 10%,10-40,0,,,,,,,14.98,40.03,0.5408,0.5722,2026-11-21,0.1194,0.1205,2026-10-24,3.286,3.225,,,,,,,,
dates,CFB Rule B,stress: stronger correlation,0.28,40,no edge,,0,sequential OBF 5%,10-40,0,,,,,,,14.98,40.03,0.5091,0.5436,2026-11-21,0.05365,0.05535,2026-11-07,5.286,1.105,,,,,,,,
dates,CFB Rule B,stress: stronger correlation,0.28,40,no edge,,0,sequential OBF 10%,10-40,0,,,,,,,14.98,40.03,0.5246,0.5581,2026-11-21,0.1008,0.1036,2026-11-07,5.286,2.182,,,,,,,,
dates,CFB Rule B,stress: stronger correlation,0.28,40,no edge,,0,registered keep test (reference),40,0,,,,,,,14.98,40.03,0.4981,0.533,2026-11-21,0.0607,0.0638,2026-11-21,7.286,0.5956,,,,,,,,
dates,CFB Rule B,stress: stronger correlation,0.28,40,half the move,,0,mean CLV > 0 (today's gate),20,0,,,,,,,14.98,40.03,1,1,2026-11-07,0.8072,0.8072,2026-11-07,5.286,15.89,,,,,,,,
dates,CFB Rule B,stress: stronger correlation,0.28,40,half the move,,0,t > 1.65,20,0,,,,,,,14.98,40.03,1,1,2026-11-07,0.416,0.416,2026-10-31,4.286,8.479,,,,,,,,
dates,CFB Rule B,stress: stronger correlation,0.28,40,half the move,,0,bootstrap 90% lower bound > 0,20,0,,,,,,,14.98,40.03,1,1,2026-11-07,0.5201,0.5201,2026-11-07,5.286,10.43,,,,,,,,
dates,CFB Rule B,stress: stronger correlation,0.28,40,half the move,,0,bootstrap 95% lower bound > 0,20,0,,,,,,,14.98,40.03,1,1,2026-11-07,0.4285,0.4285,2026-10-31,4.286,8.721,,,,,,,,
dates,CFB Rule B,stress: stronger correlation,0.28,40,half the move,,0,t > calibrated 5%,20,0,,,,,,,14.98,40.03,1,1,2026-11-07,0.2541,0.2541,2026-10-31,4.286,5.375,,,,,,,,
dates,CFB Rule B,stress: stronger correlation,0.28,40,half the move,,0,t > 1.65,30,0,,,,,,,14.98,40.03,0.6976,0.7302,2026-11-14,0.34,0.3555,2026-11-14,6.286,5.321,,,,,,,,
dates,CFB Rule B,stress: stronger correlation,0.28,40,half the move,,0,bootstrap 90% lower bound > 0,30,0,,,,,,,14.98,40.03,0.6976,0.7302,2026-11-14,0.4097,0.4289,2026-11-14,6.286,6.375,,,,,,,,
dates,CFB Rule B,stress: stronger correlation,0.28,40,half the move,,0,bootstrap 95% lower bound > 0,30,0,,,,,,,14.98,40.03,0.6976,0.7302,2026-11-14,0.3468,0.3628,2026-11-14,6.286,5.424,,,,,,,,
dates,CFB Rule B,stress: stronger correlation,0.28,40,half the move,,0,t > calibrated 5%,30,0,,,,,,,14.98,40.03,0.6976,0.7302,2026-11-14,0.2069,0.2157,2026-11-14,6.286,3.307,,,,,,,,
dates,CFB Rule B,stress: stronger correlation,0.28,40,half the move,,0,t > 1.65,40,0,,,,,,,14.98,40.03,0.4981,0.533,2026-11-21,0.272,0.2919,2026-11-21,7.286,2.572,,,,,,,,
dates,CFB Rule B,stress: stronger correlation,0.28,40,half the move,,0,bootstrap 90% lower bound > 0,40,0,,,,,,,14.98,40.03,0.4981,0.533,2026-11-21,0.3172,0.3407,2026-11-21,7.286,2.993,,,,,,,,
dates,CFB Rule B,stress: stronger correlation,0.28,40,half the move,,0,bootstrap 95% lower bound > 0,40,0,,,,,,,14.98,40.03,0.4981,0.533,2026-11-21,0.2765,0.2967,2026-11-21,7.286,2.612,,,,,,,,
dates,CFB Rule B,stress: stronger correlation,0.28,40,half the move,,0,t > calibrated 5%,40,0,,,,,,,14.98,40.03,0.4981,0.533,2026-11-21,0.1861,0.1983,2026-11-21,7.286,1.777,,,,,,,,
dates,CFB Rule B,stress: stronger correlation,0.28,40,half the move,,0,sequential constant 5%,10-40,0,,,,,,,14.98,40.03,0.5985,0.628,2026-11-21,0.2625,0.2673,2026-10-24,3.286,6.478,,,,,,,,
dates,CFB Rule B,stress: stronger correlation,0.28,40,half the move,,0,sequential constant 10%,10-40,0,,,,,,,14.98,40.03,0.6587,0.6871,2026-11-21,0.3909,0.3993,2026-10-24,3.286,9.689,,,,,,,,
dates,CFB Rule B,stress: stronger correlation,0.28,40,half the move,,0,sequential OBF 5%,10-40,0,,,,,,,14.98,40.03,0.5762,0.6125,2026-11-21,0.2619,0.2751,2026-11-14,6.286,5.107,,,,,,,,
dates,CFB Rule B,stress: stronger correlation,0.28,40,half the move,,0,sequential OBF 10%,10-40,0,,,,,,,14.98,40.03,0.6347,0.6697,2026-11-21,0.3858,0.4029,2026-11-07,5.286,7.901,,,,,,,,
dates,CFB Rule B,stress: stronger correlation,0.28,40,half the move,,0,registered keep test (reference),40,0,,,,,,,14.98,40.03,0.4981,0.533,2026-11-21,0.2356,0.2521,2026-11-21,7.286,2.239,,,,,,,,
dates,CFB Rule B,stress: stronger correlation,0.28,40,full move,,0,mean CLV > 0 (today's gate),20,0,,,,,,,14.98,40.03,1,1,2026-11-07,0.9551,0.9551,2026-11-07,5.286,18.94,,,,,,,,
dates,CFB Rule B,stress: stronger correlation,0.28,40,full move,,0,t > 1.65,20,0,,,,,,,14.98,40.03,1,1,2026-11-07,0.741,0.741,2026-11-07,5.286,14.64,,,,,,,,
dates,CFB Rule B,stress: stronger correlation,0.28,40,full move,,0,bootstrap 90% lower bound > 0,20,0,,,,,,,14.98,40.03,1,1,2026-11-07,0.8182,0.8182,2026-11-07,5.286,16.13,,,,,,,,
dates,CFB Rule B,stress: stronger correlation,0.28,40,full move,,0,bootstrap 95% lower bound > 0,20,0,,,,,,,14.98,40.03,1,1,2026-11-07,0.7517,0.7517,2026-11-07,5.286,14.86,,,,,,,,
dates,CFB Rule B,stress: stronger correlation,0.28,40,full move,,0,t > calibrated 5%,20,0,,,,,,,14.98,40.03,1,1,2026-11-07,0.5755,0.5755,2026-11-07,5.286,11.52,,,,,,,,
dates,CFB Rule B,stress: stronger correlation,0.28,40,full move,,0,t > 1.65,30,0,,,,,,,14.98,40.03,0.6976,0.7302,2026-11-14,0.581,0.6089,2026-11-14,6.286,8.975,,,,,,,,
dates,CFB Rule B,stress: stronger correlation,0.28,40,full move,,0,bootstrap 90% lower bound > 0,30,0,,,,,,,14.98,40.03,0.6976,0.7302,2026-11-14,0.6195,0.6493,2026-11-14,6.286,9.566,,,,,,,,
dates,CFB Rule B,stress: stronger correlation,0.28,40,full move,,0,bootstrap 95% lower bound > 0,30,0,,,,,,,14.98,40.03,0.6976,0.7302,2026-11-14,0.5854,0.6134,2026-11-14,6.286,9.045,,,,,,,,
dates,CFB Rule B,stress: stronger correlation,0.28,40,full move,,0,t > calibrated 5%,30,0,,,,,,,14.98,40.03,0.6976,0.7302,2026-11-14,0.4738,0.4964,2026-11-14,6.286,7.344,,,,,,,,
dates,CFB Rule B,stress: stronger correlation,0.28,40,full move,,0,t > 1.65,40,0,,,,,,,14.98,40.03,0.4981,0.533,2026-11-21,0.438,0.4703,2026-11-21,7.286,4.122,,,,,,,,
dates,CFB Rule B,stress: stronger correlation,0.28,40,full move,,0,bootstrap 90% lower bound > 0,40,0,,,,,,,14.98,40.03,0.4981,0.533,2026-11-21,0.4585,0.492,2026-11-21,7.286,4.312,,,,,,,,
dates,CFB Rule B,stress: stronger correlation,0.28,40,full move,,0,bootstrap 95% lower bound > 0,40,0,,,,,,,14.98,40.03,0.4981,0.533,2026-11-21,0.4397,0.4722,2026-11-21,7.286,4.137,,,,,,,,
dates,CFB Rule B,stress: stronger correlation,0.28,40,full move,,0,t > calibrated 5%,40,0,,,,,,,14.98,40.03,0.4981,0.533,2026-11-21,0.3859,0.4145,2026-11-21,7.286,3.63,,,,,,,,
dates,CFB Rule B,stress: stronger correlation,0.28,40,full move,,0,sequential constant 5%,10-40,0,,,,,,,14.98,40.03,0.7702,0.7944,2026-11-05,0.6192,0.6333,2026-10-24,3.286,14.85,,,,,,,,
dates,CFB Rule B,stress: stronger correlation,0.28,40,full move,,0,sequential constant 10%,10-40,0,,,,,,,14.98,40.03,0.8486,0.868,2026-10-24,0.7528,0.7662,2026-10-24,3.286,18.72,,,,,,,,
dates,CFB Rule B,stress: stronger correlation,0.28,40,full move,,0,sequential OBF 5%,10-40,0,,,,,,,14.98,40.03,0.7462,0.7838,2026-11-14,0.626,0.6563,2026-11-07,5.286,12.51,,,,,,,,
dates,CFB Rule B,stress: stronger correlation,0.28,40,full move,,0,sequential OBF 10%,10-40,0,,,,,,,14.98,40.03,0.8277,0.8579,2026-11-07,0.7509,0.7767,2026-11-07,5.286,16.16,,,,,,,,
dates,CFB Rule B,stress: stronger correlation,0.28,40,full move,,0,registered keep test (reference),40,0,,,,,,,14.98,40.03,0.4981,0.533,2026-11-21,0.418,0.449,2026-11-21,7.286,3.929,,,,,,,,
dates,NFL Rule B,independent,0,17,no edge,,0,mean CLV > 0 (today's gate),20,0,,,,,,,15.34,17,0.1979,0.1979,2027-01-03,0.0951,0.0951,2027-01-03,12.43,0.0943,,,,,,,,
dates,NFL Rule B,independent,0,25,no edge,,0,mean CLV > 0 (today's gate),20,0,,,,,,,13.09,24.7,0.7994,0.7994,2026-12-13,0.3946,0.3946,2026-12-13,9.429,2.575,,,,,,,,
dates,NFL Rule B,independent,0,17,no edge,,0,t > 1.65,20,0,,,,,,,15.34,17,0.1979,0.1979,2027-01-03,0.0078,0.0078,2026-12-14,9.571,0.00795,,,,,,,,
dates,NFL Rule B,independent,0,25,no edge,,0,t > 1.65,20,0,,,,,,,13.09,24.7,0.7994,0.7994,2026-12-13,0.03422,0.03422,2026-12-13,9.429,0.2256,,,,,,,,
dates,NFL Rule B,independent,0,17,no edge,,0,bootstrap 90% lower bound > 0,20,0,,,,,,,15.34,17,0.1979,0.1979,2027-01-03,0.0177,0.0177,2027-01-03,12.43,0.0176,,,,,,,,
dates,NFL Rule B,independent,0,25,no edge,,0,bootstrap 90% lower bound > 0,20,0,,,,,,,13.09,24.7,0.7994,0.7994,2026-12-13,0.0781,0.0781,2026-12-13,9.429,0.5093,,,,,,,,
dates,NFL Rule B,independent,0,17,no edge,,0,bootstrap 95% lower bound > 0,20,0,,,,,,,15.34,17,0.1979,0.1979,2027-01-03,0.009275,0.009275,2026-12-14,9.571,0.00955,,,,,,,,
dates,NFL Rule B,independent,0,25,no edge,,0,bootstrap 95% lower bound > 0,20,0,,,,,,,13.09,24.7,0.7994,0.7994,2026-12-13,0.04068,0.04068,2026-12-13,9.429,0.2675,,,,,,,,
dates,NFL Rule B,independent,0,17,no edge,,0,t > calibrated 5%,20,0,,,,,,,15.34,17,0.1979,0.1979,2027-01-03,0.00405,0.00405,2026-12-14,9.571,0.0041,,,,,,,,
dates,NFL Rule B,independent,0,25,no edge,,0,t > calibrated 5%,20,0,,,,,,,13.09,24.7,0.7994,0.7994,2026-12-13,0.01897,0.01897,2026-12-13,9.429,0.1258,,,,,,,,
dates,NFL Rule B,independent,0,17,no edge,,0,t > 1.65,30,0,,,,,,,15.34,17,0,0,,0,0,,,0,,,,,,,,
dates,NFL Rule B,independent,0,25,no edge,,0,t > 1.65,30,0,,,,,,,13.09,24.7,0.1013,0.1013,2026-12-27,0.004325,0.004325,2026-12-27,11.43,0.004325,,,,,,,,
dates,NFL Rule B,independent,0,17,no edge,,0,bootstrap 90% lower bound > 0,30,0,,,,,,,15.34,17,0,0,,0,0,,,0,,,,,,,,
dates,NFL Rule B,independent,0,25,no edge,,0,bootstrap 90% lower bound > 0,30,0,,,,,,,13.09,24.7,0.1013,0.1013,2026-12-27,0.009475,0.009475,2026-12-27,11.43,0.009475,,,,,,,,
dates,NFL Rule B,independent,0,17,no edge,,0,bootstrap 95% lower bound > 0,30,0,,,,,,,15.34,17,0,0,,0,0,,,0,,,,,,,,
dates,NFL Rule B,independent,0,25,no edge,,0,bootstrap 95% lower bound > 0,30,0,,,,,,,13.09,24.7,0.1013,0.1013,2026-12-27,0.005125,0.005125,2026-12-27,11.43,0.005125,,,,,,,,
dates,NFL Rule B,independent,0,17,no edge,,0,t > calibrated 5%,30,0,,,,,,,15.34,17,0,0,,0,0,,,0,,,,,,,,
dates,NFL Rule B,independent,0,25,no edge,,0,t > calibrated 5%,30,0,,,,,,,13.09,24.7,0.1013,0.1013,2026-12-27,0.0028,0.0028,2026-12-27,11.43,0.0028,,,,,,,,
dates,NFL Rule B,independent,0,17,no edge,,0,t > 1.65,40,0,,,,,,,15.34,17,0,0,,0,0,,,0,,,,,,,,
dates,NFL Rule B,independent,0,25,no edge,,0,t > 1.65,40,0,,,,,,,13.09,24.7,0,0,,0,0,,,0,,,,,,,,
dates,NFL Rule B,independent,0,17,no edge,,0,bootstrap 90% lower bound > 0,40,0,,,,,,,15.34,17,0,0,,0,0,,,0,,,,,,,,
dates,NFL Rule B,independent,0,25,no edge,,0,bootstrap 90% lower bound > 0,40,0,,,,,,,13.09,24.7,0,0,,0,0,,,0,,,,,,,,
dates,NFL Rule B,independent,0,17,no edge,,0,bootstrap 95% lower bound > 0,40,0,,,,,,,15.34,17,0,0,,0,0,,,0,,,,,,,,
dates,NFL Rule B,independent,0,25,no edge,,0,bootstrap 95% lower bound > 0,40,0,,,,,,,13.09,24.7,0,0,,0,0,,,0,,,,,,,,
dates,NFL Rule B,independent,0,17,no edge,,0,t > calibrated 5%,40,0,,,,,,,15.34,17,0,0,,0,0,,,0,,,,,,,,
dates,NFL Rule B,independent,0,25,no edge,,0,t > calibrated 5%,40,0,,,,,,,13.09,24.7,0,0,,0,0,,,0,,,,,,,,
dates,NFL Rule B,independent,0,17,no edge,,0,sequential constant 5%,10-40,0,,,,,,,15.34,17,0.0114,0.0114,2026-11-29,0.0114,0.0114,2026-11-29,7.429,0.06678,,,,,,,,
dates,NFL Rule B,independent,0,25,no edge,,0,sequential constant 5%,10-40,0,,,,,,,13.09,24.7,0.01505,0.01505,2026-11-22,0.01505,0.01505,2026-11-22,6.429,0.1674,,,,,,,,
dates,NFL Rule B,independent,0,17,no edge,,0,sequential constant 10%,10-40,0,,,,,,,15.34,17,0.02977,0.02977,2026-11-29,0.02977,0.02977,2026-11-29,7.429,0.1676,,,,,,,,
dates,NFL Rule B,independent,0,25,no edge,,0,sequential constant 10%,10-40,0,,,,,,,13.09,24.7,0.0394,0.0394,2026-11-22,0.0394,0.0394,2026-11-22,6.429,0.4375,,,,,,,,
dates,NFL Rule B,independent,0,17,no edge,,0,sequential OBF 5%,10-40,0,,,,,,,15.34,17,0.001375,0.001375,2026-12-13,0.001375,0.001375,2026-12-13,9.429,0.005975,,,,,,,,
dates,NFL Rule B,independent,0,25,no edge,,0,sequential OBF 5%,10-40,0,,,,,,,13.09,24.7,0.004925,0.004925,2026-12-20,0.004925,0.004925,2026-12-20,10.43,0.0277,,,,,,,,
dates,NFL Rule B,independent,0,17,no edge,,0,sequential OBF 10%,10-40,0,,,,,,,15.34,17,0.00565,0.00565,2026-12-13,0.00565,0.00565,2026-12-13,9.429,0.02142,,,,,,,,
dates,NFL Rule B,independent,0,25,no edge,,0,sequential OBF 10%,10-40,0,,,,,,,13.09,24.7,0.01762,0.01762,2026-12-20,0.01762,0.01762,2026-12-20,10.43,0.1063,,,,,,,,
dates,NFL Rule B,independent,0,17,no edge,,0,registered keep test (reference),40,0,,,,,,,15.34,17,0,0,,0,0,,,0,,,,,,,,
dates,NFL Rule B,independent,0,25,no edge,,0,registered keep test (reference),40,0,,,,,,,13.09,24.7,0,0,,0,0,,,0,,,,,,,,
dates,NFL Rule B,independent,0,17,half the move,,0,mean CLV > 0 (today's gate),20,0,,,,,,,15.34,17,0.1979,0.1979,2027-01-03,0.164,0.164,2027-01-03,12.43,0.1629,,,,,,,,
dates,NFL Rule B,independent,0,25,half the move,,0,mean CLV > 0 (today's gate),20,0,,,,,,,13.09,24.7,0.7994,0.7994,2026-12-13,0.6661,0.6661,2026-12-13,9.429,4.333,,,,,,,,
dates,NFL Rule B,independent,0,17,half the move,,0,t > 1.65,20,0,,,,,,,15.34,17,0.1979,0.1979,2027-01-03,0.04455,0.04455,2026-12-14,9.571,0.04535,,,,,,,,
dates,NFL Rule B,independent,0,25,half the move,,0,t > 1.65,20,0,,,,,,,13.09,24.7,0.7994,0.7994,2026-12-13,0.1888,0.1888,2026-12-13,9.429,1.236,,,,,,,,
dates,NFL Rule B,independent,0,17,half the move,,0,bootstrap 90% lower bound > 0,20,0,,,,,,,15.34,17,0.1979,0.1979,2027-01-03,0.07655,0.07655,2027-01-03,12.43,0.0761,,,,,,,,
dates,NFL Rule B,independent,0,25,half the move,,0,bootstrap 90% lower bound > 0,20,0,,,,,,,13.09,24.7,0.7994,0.7994,2026-12-13,0.3159,0.3159,2026-12-13,9.429,2.062,,,,,,,,
dates,NFL Rule B,independent,0,17,half the move,,0,bootstrap 95% lower bound > 0,20,0,,,,,,,15.34,17,0.1979,0.1979,2027-01-03,0.05047,0.05047,2026-12-14,9.571,0.051,,,,,,,,
dates,NFL Rule B,independent,0,25,half the move,,0,bootstrap 95% lower bound > 0,20,0,,,,,,,13.09,24.7,0.7994,0.7994,2026-12-13,0.2143,0.2143,2026-12-13,9.429,1.401,,,,,,,,
dates,NFL Rule B,independent,0,17,half the move,,0,t > calibrated 5%,20,0,,,,,,,15.34,17,0.1979,0.1979,2027-01-03,0.03112,0.03112,2026-12-14,9.571,0.03155,,,,,,,,
dates,NFL Rule B,independent,0,25,half the move,,0,t > calibrated 5%,20,0,,,,,,,13.09,24.7,0.7994,0.7994,2026-12-13,0.1333,0.1333,2026-12-13,9.429,0.8696,,,,,,,,
dates,NFL Rule B,independent,0,17,half the move,,0,t > 1.65,30,0,,,,,,,15.34,17,0,0,,0,0,,,0,,,,,,,,
dates,NFL Rule B,independent,0,25,half the move,,0,t > 1.65,30,0,,,,,,,13.09,24.7,0.1013,0.1013,2026-12-27,0.03112,0.03112,2026-12-27,11.43,0.03112,,,,,,,,
dates,NFL Rule B,independent,0,17,half the move,,0,bootstrap 90% lower bound > 0,30,0,,,,,,,15.34,17,0,0,,0,0,,,0,,,,,,,,
dates,NFL Rule B,independent,0,25,half the move,,0,bootstrap 90% lower bound > 0,30,0,,,,,,,13.09,24.7,0.1013,0.1013,2026-12-27,0.04913,0.04913,2026-12-27,11.43,0.04913,,,,,,,,
dates,NFL Rule B,independent,0,17,half the move,,0,bootstrap 95% lower bound > 0,30,0,,,,,,,15.34,17,0,0,,0,0,,,0,,,,,,,,
dates,NFL Rule B,independent,0,25,half the move,,0,bootstrap 95% lower bound > 0,30,0,,,,,,,13.09,24.7,0.1013,0.1013,2026-12-27,0.03425,0.03425,2026-12-27,11.43,0.03425,,,,,,,,
dates,NFL Rule B,independent,0,17,half the move,,0,t > calibrated 5%,30,0,,,,,,,15.34,17,0,0,,0,0,,,0,,,,,,,,
dates,NFL Rule B,independent,0,25,half the move,,0,t > calibrated 5%,30,0,,,,,,,13.09,24.7,0.1013,0.1013,2026-12-27,0.02397,0.02397,2026-12-27,11.43,0.02397,,,,,,,,
dates,NFL Rule B,independent,0,17,half the move,,0,t > 1.65,40,0,,,,,,,15.34,17,0,0,,0,0,,,0,,,,,,,,
dates,NFL Rule B,independent,0,25,half the move,,0,t > 1.65,40,0,,,,,,,13.09,24.7,0,0,,0,0,,,0,,,,,,,,
dates,NFL Rule B,independent,0,17,half the move,,0,bootstrap 90% lower bound > 0,40,0,,,,,,,15.34,17,0,0,,0,0,,,0,,,,,,,,
dates,NFL Rule B,independent,0,25,half the move,,0,bootstrap 90% lower bound > 0,40,0,,,,,,,13.09,24.7,0,0,,0,0,,,0,,,,,,,,
dates,NFL Rule B,independent,0,17,half the move,,0,bootstrap 95% lower bound > 0,40,0,,,,,,,15.34,17,0,0,,0,0,,,0,,,,,,,,
dates,NFL Rule B,independent,0,25,half the move,,0,bootstrap 95% lower bound > 0,40,0,,,,,,,13.09,24.7,0,0,,0,0,,,0,,,,,,,,
dates,NFL Rule B,independent,0,17,half the move,,0,t > calibrated 5%,40,0,,,,,,,15.34,17,0,0,,0,0,,,0,,,,,,,,
dates,NFL Rule B,independent,0,25,half the move,,0,t > calibrated 5%,40,0,,,,,,,13.09,24.7,0,0,,0,0,,,0,,,,,,,,
dates,NFL Rule B,independent,0,17,half the move,,0,sequential constant 5%,10-40,0,,,,,,,15.34,17,0.0713,0.0713,2026-12-06,0.0713,0.0713,2026-12-06,8.429,0.3713,,,,,,,,
dates,NFL Rule B,independent,0,25,half the move,,0,sequential constant 5%,10-40,0,,,,,,,13.09,24.7,0.1094,0.1094,2026-11-29,0.1094,0.1094,2026-11-29,7.429,1.078,,,,,,,,
dates,NFL Rule B,independent,0,17,half the move,,0,sequential constant 10%,10-40,0,,,,,,,15.34,17,0.1444,0.1444,2026-12-06,0.1444,0.1444,2026-12-06,8.429,0.7806,,,,,,,,
dates,NFL Rule B,independent,0,25,half the move,,0,sequential constant 10%,10-40,0,,,,,,,13.09,24.7,0.2107,0.2107,2026-11-29,0.2107,0.2107,2026-11-29,7.429,2.159,,,,,,,,
dates,NFL Rule B,independent,0,17,half the move,,0,sequential OBF 5%,10-40,0,,,,,,,15.34,17,0.01537,0.01537,2026-12-19,0.01537,0.01537,2026-12-19,10.29,0.04925,,,,,,,,
dates,NFL Rule B,independent,0,25,half the move,,0,sequential OBF 5%,10-40,0,,,,,,,13.09,24.7,0.06588,0.06588,2026-12-20,0.06588,0.06588,2026-12-20,10.43,0.3314,,,,,,,,
dates,NFL Rule B,independent,0,17,half the move,,0,sequential OBF 10%,10-40,0,,,,,,,15.34,17,0.04922,0.04922,2026-12-14,0.04922,0.04922,2026-12-14,9.571,0.169,,,,,,,,
dates,NFL Rule B,independent,0,25,half the move,,0,sequential OBF 10%,10-40,0,,,,,,,13.09,24.7,0.1479,0.1479,2026-12-20,0.1479,0.1479,2026-12-20,10.43,0.9027,,,,,,,,
dates,NFL Rule B,independent,0,17,half the move,,0,registered keep test (reference),40,0,,,,,,,15.34,17,0,0,,0,0,,,0,,,,,,,,
dates,NFL Rule B,independent,0,25,half the move,,0,registered keep test (reference),40,0,,,,,,,13.09,24.7,0,0,,0,0,,,0,,,,,,,,
dates,NFL Rule B,independent,0,17,full move,,0,mean CLV > 0 (today's gate),20,0,,,,,,,15.34,17,0.1979,0.1979,2027-01-03,0.193,0.193,2027-01-03,12.43,0.1911,,,,,,,,
dates,NFL Rule B,independent,0,25,full move,,0,mean CLV > 0 (today's gate),20,0,,,,,,,13.09,24.7,0.7994,0.7994,2026-12-13,0.781,0.781,2026-12-13,9.429,5.074,,,,,,,,
dates,NFL Rule B,independent,0,17,full move,,0,t > 1.65,20,0,,,,,,,15.34,17,0.1979,0.1979,2027-01-03,0.1236,0.1236,2027-01-03,12.43,0.1236,,,,,,,,
dates,NFL Rule B,independent,0,25,full move,,0,t > 1.65,20,0,,,,,,,13.09,24.7,0.7994,0.7994,2026-12-13,0.5038,0.5038,2026-12-13,9.429,3.276,,,,,,,,
dates,NFL Rule B,independent,0,17,full move,,0,bootstrap 90% lower bound > 0,20,0,,,,,,,15.34,17,0.1979,0.1979,2027-01-03,0.1529,0.1529,2027-01-03,12.43,0.1517,,,,,,,,
dates,NFL Rule B,independent,0,25,full move,,0,bootstrap 90% lower bound > 0,20,0,,,,,,,13.09,24.7,0.7994,0.7994,2026-12-13,0.6226,0.6226,2026-12-13,9.429,4.048,,,,,,,,
dates,NFL Rule B,independent,0,17,full move,,0,bootstrap 95% lower bound > 0,20,0,,,,,,,15.34,17,0.1979,0.1979,2027-01-03,0.1303,0.1303,2026-12-14,9.571,0.1303,,,,,,,,
dates,NFL Rule B,independent,0,25,full move,,0,bootstrap 95% lower bound > 0,20,0,,,,,,,13.09,24.7,0.7994,0.7994,2026-12-13,0.5315,0.5315,2026-12-13,9.429,3.454,,,,,,,,
dates,NFL Rule B,independent,0,17,full move,,0,t > calibrated 5%,20,0,,,,,,,15.34,17,0.1979,0.1979,2027-01-03,0.1034,0.1034,2027-01-03,12.43,0.1028,,,,,,,,
dates,NFL Rule B,independent,0,25,full move,,0,t > calibrated 5%,20,0,,,,,,,13.09,24.7,0.7994,0.7994,2026-12-13,0.4242,0.4242,2026-12-13,9.429,2.766,,,,,,,,
dates,NFL Rule B,independent,0,17,full move,,0,t > 1.65,30,0,,,,,,,15.34,17,0,0,,0,0,,,0,,,,,,,,
dates,NFL Rule B,independent,0,25,full move,,0,t > 1.65,30,0,,,,,,,13.09,24.7,0.1013,0.1013,2026-12-27,0.0805,0.0805,2026-12-27,11.43,0.0805,,,,,,,,
dates,NFL Rule B,independent,0,17,full move,,0,bootstrap 90% lower bound > 0,30,0,,,,,,,15.34,17,0,0,,0,0,,,0,,,,,,,,
dates,NFL Rule B,independent,0,25,full move,,0,bootstrap 90% lower bound > 0,30,0,,,,,,,13.09,24.7,0.1013,0.1013,2026-12-27,0.0909,0.0909,2026-12-27,11.43,0.0909,,,,,,,,
dates,NFL Rule B,independent,0,17,full move,,0,bootstrap 95% lower bound > 0,30,0,,,,,,,15.34,17,0,0,,0,0,,,0,,,,,,,,
dates,NFL Rule B,independent,0,25,full move,,0,bootstrap 95% lower bound > 0,30,0,,,,,,,13.09,24.7,0.1013,0.1013,2026-12-27,0.08232,0.08232,2026-12-27,11.43,0.08232,,,,,,,,
dates,NFL Rule B,independent,0,17,full move,,0,t > calibrated 5%,30,0,,,,,,,15.34,17,0,0,,0,0,,,0,,,,,,,,
dates,NFL Rule B,independent,0,25,full move,,0,t > calibrated 5%,30,0,,,,,,,13.09,24.7,0.1013,0.1013,2026-12-27,0.0741,0.0741,2026-12-27,11.43,0.0741,,,,,,,,
dates,NFL Rule B,independent,0,17,full move,,0,t > 1.65,40,0,,,,,,,15.34,17,0,0,,0,0,,,0,,,,,,,,
dates,NFL Rule B,independent,0,25,full move,,0,t > 1.65,40,0,,,,,,,13.09,24.7,0,0,,0,0,,,0,,,,,,,,
dates,NFL Rule B,independent,0,17,full move,,0,bootstrap 90% lower bound > 0,40,0,,,,,,,15.34,17,0,0,,0,0,,,0,,,,,,,,
dates,NFL Rule B,independent,0,25,full move,,0,bootstrap 90% lower bound > 0,40,0,,,,,,,13.09,24.7,0,0,,0,0,,,0,,,,,,,,
dates,NFL Rule B,independent,0,17,full move,,0,bootstrap 95% lower bound > 0,40,0,,,,,,,15.34,17,0,0,,0,0,,,0,,,,,,,,
dates,NFL Rule B,independent,0,25,full move,,0,bootstrap 95% lower bound > 0,40,0,,,,,,,13.09,24.7,0,0,,0,0,,,0,,,,,,,,
dates,NFL Rule B,independent,0,17,full move,,0,t > calibrated 5%,40,0,,,,,,,15.34,17,0,0,,0,0,,,0,,,,,,,,
dates,NFL Rule B,independent,0,25,full move,,0,t > calibrated 5%,40,0,,,,,,,13.09,24.7,0,0,,0,0,,,0,,,,,,,,
dates,NFL Rule B,independent,0,17,full move,,0,sequential constant 5%,10-40,0,,,,,,,15.34,17,0.2671,0.2671,2026-12-06,0.2671,0.2671,2026-12-06,8.429,1.392,,,,,,,,
dates,NFL Rule B,independent,0,25,full move,,0,sequential constant 5%,10-40,0,,,,,,,13.09,24.7,0.4141,0.4141,2026-11-29,0.4141,0.4141,2026-11-29,7.429,4.05,,,,,,,,
dates,NFL Rule B,independent,0,17,full move,,0,sequential constant 10%,10-40,0,,,,,,,15.34,17,0.4212,0.4212,2026-12-04,0.4212,0.4212,2026-12-04,8.143,2.3,,,,,,,,
dates,NFL Rule B,independent,0,25,full move,,0,sequential constant 10%,10-40,0,,,,,,,13.09,24.7,0.5883,0.5883,2026-11-22,0.5883,0.5883,2026-11-22,6.429,6.258,,,,,,,,
dates,NFL Rule B,independent,0,17,full move,,0,sequential OBF 5%,10-40,0,,,,,,,15.34,17,0.1003,0.1003,2026-12-20,0.1003,0.1003,2026-12-20,10.43,0.3178,,,,,,,,
dates,NFL Rule B,independent,0,25,full move,,0,sequential OBF 5%,10-40,0,,,,,,,13.09,24.7,0.3273,0.3273,2026-12-20,0.3273,0.3273,2026-12-20,10.43,1.924,,,,,,,,
dates,NFL Rule B,independent,0,17,full move,,0,sequential OBF 10%,10-40,0,,,,,,,15.34,17,0.2203,0.2203,2026-12-13,0.2203,0.2203,2026-12-13,9.429,0.8074,,,,,,,,
dates,NFL Rule B,independent,0,25,full move,,0,sequential OBF 10%,10-40,0,,,,,,,13.09,24.7,0.5093,0.5093,2026-12-13,0.5093,0.5093,2026-12-13,9.429,3.653,,,,,,,,
dates,NFL Rule B,independent,0,17,full move,,0,registered keep test (reference),40,0,,,,,,,15.34,17,0,0,,0,0,,,0,,,,,,,,
dates,NFL Rule B,independent,0,25,full move,,0,registered keep test (reference),40,0,,,,,,,13.09,24.7,0,0,,0,0,,,0,,,,,,,,
dates,NFL Rule B,same-day correlated,0.17,17,no edge,,0,mean CLV > 0 (today's gate),20,0,,,,,,,15.34,17,0.1979,0.1979,2027-01-03,0.09625,0.09625,2026-12-14,9.571,0.09655,,,,,,,,
dates,NFL Rule B,same-day correlated,0.17,17,no edge,,0,t > 1.65,20,0,,,,,,,15.34,17,0.1979,0.1979,2027-01-03,0.01445,0.01445,2026-12-14,9.571,0.01575,,,,,,,,
dates,NFL Rule B,same-day correlated,0.17,17,no edge,,0,bootstrap 90% lower bound > 0,20,0,,,,,,,15.34,17,0.1979,0.1979,2027-01-03,0.02658,0.02658,2026-12-14,9.571,0.02785,,,,,,,,
dates,NFL Rule B,same-day correlated,0.17,17,no edge,,0,bootstrap 95% lower bound > 0,20,0,,,,,,,15.34,17,0.1979,0.1979,2027-01-03,0.01653,0.01653,2026-12-14,9.571,0.0176,,,,,,,,
dates,NFL Rule B,same-day correlated,0.17,17,no edge,,0,t > calibrated 5%,20,0,,,,,,,15.34,17,0.1979,0.1979,2027-01-03,0.009825,0.009825,2026-12-14,9.571,0.01075,,,,,,,,
dates,NFL Rule B,same-day correlated,0.17,17,no edge,,0,t > 1.65,30,0,,,,,,,15.34,17,0,0,,0,0,,,0,,,,,,,,
dates,NFL Rule B,same-day correlated,0.17,17,no edge,,0,bootstrap 90% lower bound > 0,30,0,,,,,,,15.34,17,0,0,,0,0,,,0,,,,,,,,
dates,NFL Rule B,same-day correlated,0.17,17,no edge,,0,bootstrap 95% lower bound > 0,30,0,,,,,,,15.34,17,0,0,,0,0,,,0,,,,,,,,
dates,NFL Rule B,same-day correlated,0.17,17,no edge,,0,t > calibrated 5%,30,0,,,,,,,15.34,17,0,0,,0,0,,,0,,,,,,,,
dates,NFL Rule B,same-day correlated,0.17,17,no edge,,0,t > 1.65,40,0,,,,,,,15.34,17,0,0,,0,0,,,0,,,,,,,,
dates,NFL Rule B,same-day correlated,0.17,17,no edge,,0,bootstrap 90% lower bound > 0,40,0,,,,,,,15.34,17,0,0,,0,0,,,0,,,,,,,,
dates,NFL Rule B,same-day correlated,0.17,17,no edge,,0,bootstrap 95% lower bound > 0,40,0,,,,,,,15.34,17,0,0,,0,0,,,0,,,,,,,,
dates,NFL Rule B,same-day correlated,0.17,17,no edge,,0,t > calibrated 5%,40,0,,,,,,,15.34,17,0,0,,0,0,,,0,,,,,,,,
dates,NFL Rule B,same-day correlated,0.17,17,no edge,,0,sequential constant 5%,10-40,0,,,,,,,15.34,17,0.0267,0.0267,2026-11-29,0.0267,0.0267,2026-11-29,7.429,0.1616,,,,,,,,
dates,NFL Rule B,same-day correlated,0.17,17,no edge,,0,sequential constant 10%,10-40,0,,,,,,,15.34,17,0.05407,0.05407,2026-11-29,0.05407,0.05407,2026-11-29,7.429,0.3275,,,,,,,,
dates,NFL Rule B,same-day correlated,0.17,17,no edge,,0,sequential OBF 5%,10-40,0,,,,,,,15.34,17,0.004875,0.004875,2026-12-06,0.004875,0.004875,2026-12-06,8.429,0.0202,,,,,,,,
dates,NFL Rule B,same-day correlated,0.17,17,no edge,,0,sequential OBF 10%,10-40,0,,,,,,,15.34,17,0.0161,0.0161,2026-12-06,0.0161,0.0161,2026-12-06,8.5,0.0707,,,,,,,,
dates,NFL Rule B,same-day correlated,0.17,17,no edge,,0,registered keep test (reference),40,0,,,,,,,15.34,17,0,0,,0,0,,,0,,,,,,,,
dates,NFL Rule B,same-day correlated,0.17,17,half the move,,0,mean CLV > 0 (today's gate),20,0,,,,,,,15.34,17,0.1979,0.1979,2027-01-03,0.1568,0.1568,2027-01-03,12.43,0.1548,,,,,,,,
dates,NFL Rule B,same-day correlated,0.17,17,half the move,,0,t > 1.65,20,0,,,,,,,15.34,17,0.1979,0.1979,2027-01-03,0.0541,0.0541,2026-12-14,9.571,0.0547,,,,,,,,
dates,NFL Rule B,same-day correlated,0.17,17,half the move,,0,bootstrap 90% lower bound > 0,20,0,,,,,,,15.34,17,0.1979,0.1979,2027-01-03,0.08063,0.08063,2026-12-14,9.571,0.08195,,,,,,,,
dates,NFL Rule B,same-day correlated,0.17,17,half the move,,0,bootstrap 95% lower bound > 0,20,0,,,,,,,15.34,17,0.1979,0.1979,2027-01-03,0.05883,0.05883,2026-12-14,9.571,0.05955,,,,,,,,
dates,NFL Rule B,same-day correlated,0.17,17,half the move,,0,t > calibrated 5%,20,0,,,,,,,15.34,17,0.1979,0.1979,2027-01-03,0.04177,0.04177,2026-12-14,9.571,0.0429,,,,,,,,
dates,NFL Rule B,same-day correlated,0.17,17,half the move,,0,t > 1.65,30,0,,,,,,,15.34,17,0,0,,0,0,,,0,,,,,,,,
dates,NFL Rule B,same-day correlated,0.17,17,half the move,,0,bootstrap 90% lower bound > 0,30,0,,,,,,,15.34,17,0,0,,0,0,,,0,,,,,,,,
dates,NFL Rule B,same-day correlated,0.17,17,half the move,,0,bootstrap 95% lower bound > 0,30,0,,,,,,,15.34,17,0,0,,0,0,,,0,,,,,,,,
dates,NFL Rule B,same-day correlated,0.17,17,half the move,,0,t > calibrated 5%,30,0,,,,,,,15.34,17,0,0,,0,0,,,0,,,,,,,,
dates,NFL Rule B,same-day correlated,0.17,17,half the move,,0,t > 1.65,40,0,,,,,,,15.34,17,0,0,,0,0,,,0,,,,,,,,
dates,NFL Rule B,same-day correlated,0.17,17,half the move,,0,bootstrap 90% lower bound > 0,40,0,,,,,,,15.34,17,0,0,,0,0,,,0,,,,,,,,
dates,NFL Rule B,same-day correlated,0.17,17,half the move,,0,bootstrap 95% lower bound > 0,40,0,,,,,,,15.34,17,0,0,,0,0,,,0,,,,,,,,
dates,NFL Rule B,same-day correlated,0.17,17,half the move,,0,t > calibrated 5%,40,0,,,,,,,15.34,17,0,0,,0,0,,,0,,,,,,,,
dates,NFL Rule B,same-day correlated,0.17,17,half the move,,0,sequential constant 5%,10-40,0,,,,,,,15.34,17,0.1094,0.1094,2026-11-29,0.1094,0.1094,2026-11-29,7.429,0.6207,,,,,,,,
dates,NFL Rule B,same-day correlated,0.17,17,half the move,,0,sequential constant 10%,10-40,0,,,,,,,15.34,17,0.1912,0.1912,2026-11-29,0.1912,0.1912,2026-11-29,7.429,1.083,,,,,,,,
dates,NFL Rule B,same-day correlated,0.17,17,half the move,,0,sequential OBF 5%,10-40,0,,,,,,,15.34,17,0.0331,0.0331,2026-12-13,0.0331,0.0331,2026-12-13,9.429,0.1308,,,,,,,,
dates,NFL Rule B,same-day correlated,0.17,17,half the move,,0,sequential OBF 10%,10-40,0,,,,,,,15.34,17,0.07955,0.07955,2026-12-13,0.07955,0.07955,2026-12-13,9.429,0.3277,,,,,,,,
dates,NFL Rule B,same-day correlated,0.17,17,half the move,,0,registered keep test (reference),40,0,,,,,,,15.34,17,0,0,,0,0,,,0,,,,,,,,
dates,NFL Rule B,same-day correlated,0.17,17,full move,,0,mean CLV > 0 (today's gate),20,0,,,,,,,15.34,17,0.1979,0.1979,2027-01-03,0.1883,0.1883,2027-01-03,12.43,0.1855,,,,,,,,
dates,NFL Rule B,same-day correlated,0.17,17,full move,,0,t > 1.65,20,0,,,,,,,15.34,17,0.1979,0.1979,2027-01-03,0.1211,0.1211,2026-12-14,9.571,0.1212,,,,,,,,
dates,NFL Rule B,same-day correlated,0.17,17,full move,,0,bootstrap 90% lower bound > 0,20,0,,,,,,,15.34,17,0.1979,0.1979,2027-01-03,0.1457,0.1457,2027-01-03,12.43,0.144,,,,,,,,
dates,NFL Rule B,same-day correlated,0.17,17,full move,,0,bootstrap 95% lower bound > 0,20,0,,,,,,,15.34,17,0.1979,0.1979,2027-01-03,0.126,0.126,2027-01-03,12.43,0.125,,,,,,,,
dates,NFL Rule B,same-day correlated,0.17,17,full move,,0,t > calibrated 5%,20,0,,,,,,,15.34,17,0.1979,0.1979,2027-01-03,0.1048,0.1048,2026-12-14,9.571,0.1062,,,,,,,,
dates,NFL Rule B,same-day correlated,0.17,17,full move,,0,t > 1.65,30,0,,,,,,,15.34,17,0,0,,0,0,,,0,,,,,,,,
dates,NFL Rule B,same-day correlated,0.17,17,full move,,0,bootstrap 90% lower bound > 0,30,0,,,,,,,15.34,17,0,0,,0,0,,,0,,,,,,,,
dates,NFL Rule B,same-day correlated,0.17,17,full move,,0,bootstrap 95% lower bound > 0,30,0,,,,,,,15.34,17,0,0,,0,0,,,0,,,,,,,,
dates,NFL Rule B,same-day correlated,0.17,17,full move,,0,t > calibrated 5%,30,0,,,,,,,15.34,17,0,0,,0,0,,,0,,,,,,,,
dates,NFL Rule B,same-day correlated,0.17,17,full move,,0,t > 1.65,40,0,,,,,,,15.34,17,0,0,,0,0,,,0,,,,,,,,
dates,NFL Rule B,same-day correlated,0.17,17,full move,,0,bootstrap 90% lower bound > 0,40,0,,,,,,,15.34,17,0,0,,0,0,,,0,,,,,,,,
dates,NFL Rule B,same-day correlated,0.17,17,full move,,0,bootstrap 95% lower bound > 0,40,0,,,,,,,15.34,17,0,0,,0,0,,,0,,,,,,,,
dates,NFL Rule B,same-day correlated,0.17,17,full move,,0,t > calibrated 5%,40,0,,,,,,,15.34,17,0,0,,0,0,,,0,,,,,,,,
dates,NFL Rule B,same-day correlated,0.17,17,full move,,0,sequential constant 5%,10-40,0,,,,,,,15.34,17,0.3143,0.3143,2026-12-04,0.3143,0.3143,2026-12-04,8.143,1.736,,,,,,,,
dates,NFL Rule B,same-day correlated,0.17,17,full move,,0,sequential constant 10%,10-40,0,,,,,,,15.34,17,0.4539,0.4539,2026-11-29,0.4539,0.4539,2026-11-29,7.429,2.595,,,,,,,,
dates,NFL Rule B,same-day correlated,0.17,17,full move,,0,sequential OBF 5%,10-40,0,,,,,,,15.34,17,0.1391,0.1391,2026-12-13,0.1391,0.1391,2026-12-13,9.429,0.5263,,,,,,,,
dates,NFL Rule B,same-day correlated,0.17,17,full move,,0,sequential OBF 10%,10-40,0,,,,,,,15.34,17,0.2601,0.2601,2026-12-13,0.2601,0.2601,2026-12-13,9.429,1.095,,,,,,,,
dates,NFL Rule B,same-day correlated,0.17,17,full move,,0,registered keep test (reference),40,0,,,,,,,15.34,17,0,0,,0,0,,,0,,,,,,,,
dates,NFL Rule B,same-day correlated,0.17,25,no edge,,0,mean CLV > 0 (today's gate),20,0,,,,,,,13.09,24.7,0.7994,0.7994,2026-12-13,0.3948,0.3948,2026-12-13,9.429,2.568,,,,,,,,
dates,NFL Rule B,same-day correlated,0.17,25,no edge,,0,t > 1.65,20,0,,,,,,,13.09,24.7,0.7994,0.7994,2026-12-13,0.05995,0.05995,2026-12-13,9.429,0.4001,,,,,,,,
dates,NFL Rule B,same-day correlated,0.17,25,no edge,,0,bootstrap 90% lower bound > 0,20,0,,,,,,,13.09,24.7,0.7994,0.7994,2026-12-13,0.1128,0.1128,2026-12-13,9.429,0.7461,,,,,,,,
dates,NFL Rule B,same-day correlated,0.17,25,no edge,,0,bootstrap 95% lower bound > 0,20,0,,,,,,,13.09,24.7,0.7994,0.7994,2026-12-13,0.0683,0.0683,2026-12-13,9.429,0.456,,,,,,,,
dates,NFL Rule B,same-day correlated,0.17,25,no edge,,0,t > calibrated 5%,20,0,,,,,,,13.09,24.7,0.7994,0.7994,2026-12-13,0.04072,0.04072,2026-12-13,9.429,0.2731,,,,,,,,
dates,NFL Rule B,same-day correlated,0.17,25,no edge,,0,t > 1.65,30,0,,,,,,,13.09,24.7,0.1013,0.1013,2026-12-27,0.007825,0.007825,2026-12-27,11.43,0.007825,,,,,,,,
dates,NFL Rule B,same-day correlated,0.17,25,no edge,,0,bootstrap 90% lower bound > 0,30,0,,,,,,,13.09,24.7,0.1013,0.1013,2026-12-27,0.01455,0.01455,2026-12-27,11.43,0.01455,,,,,,,,
dates,NFL Rule B,same-day correlated,0.17,25,no edge,,0,bootstrap 95% lower bound > 0,30,0,,,,,,,13.09,24.7,0.1013,0.1013,2026-12-27,0.00865,0.00865,2026-12-27,11.43,0.00865,,,,,,,,
dates,NFL Rule B,same-day correlated,0.17,25,no edge,,0,t > calibrated 5%,30,0,,,,,,,13.09,24.7,0.1013,0.1013,2026-12-27,0.0057,0.0057,2026-12-27,11.43,0.0057,,,,,,,,
dates,NFL Rule B,same-day correlated,0.17,25,no edge,,0,t > 1.65,40,0,,,,,,,13.09,24.7,0,0,,0,0,,,0,,,,,,,,
dates,NFL Rule B,same-day correlated,0.17,25,no edge,,0,bootstrap 90% lower bound > 0,40,0,,,,,,,13.09,24.7,0,0,,0,0,,,0,,,,,,,,
dates,NFL Rule B,same-day correlated,0.17,25,no edge,,0,bootstrap 95% lower bound > 0,40,0,,,,,,,13.09,24.7,0,0,,0,0,,,0,,,,,,,,
dates,NFL Rule B,same-day correlated,0.17,25,no edge,,0,t > calibrated 5%,40,0,,,,,,,13.09,24.7,0,0,,0,0,,,0,,,,,,,,
dates,NFL Rule B,same-day correlated,0.17,25,no edge,,0,sequential constant 5%,10-40,0,,,,,,,13.09,24.7,0.03957,0.03957,2026-11-22,0.03957,0.03957,2026-11-22,6.429,0.4435,,,,,,,,
dates,NFL Rule B,same-day correlated,0.17,25,no edge,,0,sequential constant 10%,10-40,0,,,,,,,13.09,24.7,0.07888,0.07888,2026-11-22,0.07888,0.07888,2026-11-22,6.429,0.8991,,,,,,,,
dates,NFL Rule B,same-day correlated,0.17,25,no edge,,0,sequential OBF 5%,10-40,0,,,,,,,13.09,24.7,0.01792,0.01792,2026-12-19,0.01792,0.01792,2026-12-19,10.29,0.112,,,,,,,,
dates,NFL Rule B,same-day correlated,0.17,25,no edge,,0,sequential OBF 10%,10-40,0,,,,,,,13.09,24.7,0.04238,0.04238,2026-12-13,0.04238,0.04238,2026-12-13,9.429,0.3075,,,,,,,,
dates,NFL Rule B,same-day correlated,0.17,25,no edge,,0,registered keep test (reference),40,0,,,,,,,13.09,24.7,0,0,,0,0,,,0,,,,,,,,
dates,NFL Rule B,same-day correlated,0.17,25,half the move,,0,mean CLV > 0 (today's gate),20,0,,,,,,,13.09,24.7,0.7994,0.7994,2026-12-13,0.6392,0.6392,2026-12-13,9.429,4.148,,,,,,,,
dates,NFL Rule B,same-day correlated,0.17,25,half the move,,0,t > 1.65,20,0,,,,,,,13.09,24.7,0.7994,0.7994,2026-12-13,0.2227,0.2227,2026-12-13,9.429,1.462,,,,,,,,
dates,NFL Rule B,same-day correlated,0.17,25,half the move,,0,bootstrap 90% lower bound > 0,20,0,,,,,,,13.09,24.7,0.7994,0.7994,2026-12-13,0.3278,0.3278,2026-12-13,9.429,2.141,,,,,,,,
dates,NFL Rule B,same-day correlated,0.17,25,half the move,,0,bootstrap 95% lower bound > 0,20,0,,,,,,,13.09,24.7,0.7994,0.7994,2026-12-13,0.2413,0.2413,2026-12-13,9.429,1.581,,,,,,,,
dates,NFL Rule B,same-day correlated,0.17,25,half the move,,0,t > calibrated 5%,20,0,,,,,,,13.09,24.7,0.7994,0.7994,2026-12-13,0.1705,0.1705,2026-12-13,9.429,1.118,,,,,,,,
dates,NFL Rule B,same-day correlated,0.17,25,half the move,,0,t > 1.65,30,0,,,,,,,13.09,24.7,0.1013,0.1013,2026-12-27,0.03578,0.03578,2026-12-27,11.43,0.03578,,,,,,,,
dates,NFL Rule B,same-day correlated,0.17,25,half the move,,0,bootstrap 90% lower bound > 0,30,0,,,,,,,13.09,24.7,0.1013,0.1013,2026-12-27,0.04927,0.04927,2026-12-27,11.43,0.04927,,,,,,,,
dates,NFL Rule B,same-day correlated,0.17,25,half the move,,0,bootstrap 95% lower bound > 0,30,0,,,,,,,13.09,24.7,0.1013,0.1013,2026-12-27,0.03793,0.03793,2026-12-27,11.43,0.03793,,,,,,,,
dates,NFL Rule B,same-day correlated,0.17,25,half the move,,0,t > calibrated 5%,30,0,,,,,,,13.09,24.7,0.1013,0.1013,2026-12-27,0.02967,0.02967,2026-12-27,11.43,0.02967,,,,,,,,
dates,NFL Rule B,same-day correlated,0.17,25,half the move,,0,t > 1.65,40,0,,,,,,,13.09,24.7,0,0,,0,0,,,0,,,,,,,,
dates,NFL Rule B,same-day correlated,0.17,25,half the move,,0,bootstrap 90% lower bound > 0,40,0,,,,,,,13.09,24.7,0,0,,0,0,,,0,,,,,,,,
dates,NFL Rule B,same-day correlated,0.17,25,half the move,,0,bootstrap 95% lower bound > 0,40,0,,,,,,,13.09,24.7,0,0,,0,0,,,0,,,,,,,,
dates,NFL Rule B,same-day correlated,0.17,25,half the move,,0,t > calibrated 5%,40,0,,,,,,,13.09,24.7,0,0,,0,0,,,0,,,,,,,,
dates,NFL Rule B,same-day correlated,0.17,25,half the move,,0,sequential constant 5%,10-40,0,,,,,,,13.09,24.7,0.1692,0.1692,2026-11-29,0.1692,0.1692,2026-11-29,7.429,1.779,,,,,,,,
dates,NFL Rule B,same-day correlated,0.17,25,half the move,,0,sequential constant 10%,10-40,0,,,,,,,13.09,24.7,0.2743,0.2743,2026-11-22,0.2743,0.2743,2026-11-22,6.429,2.978,,,,,,,,
dates,NFL Rule B,same-day correlated,0.17,25,half the move,,0,sequential OBF 5%,10-40,0,,,,,,,13.09,24.7,0.1085,0.1085,2026-12-19,0.1085,0.1085,2026-12-19,10.29,0.6885,,,,,,,,
dates,NFL Rule B,same-day correlated,0.17,25,half the move,,0,sequential OBF 10%,10-40,0,,,,,,,13.09,24.7,0.2018,0.2018,2026-12-13,0.2018,0.2018,2026-12-13,9.429,1.47,,,,,,,,
dates,NFL Rule B,same-day correlated,0.17,25,half the move,,0,registered keep test (reference),40,0,,,,,,,13.09,24.7,0,0,,0,0,,,0,,,,,,,,
dates,NFL Rule B,same-day correlated,0.17,25,full move,,0,mean CLV > 0 (today's gate),20,0,,,,,,,13.09,24.7,0.7994,0.7994,2026-12-13,0.7636,0.7636,2026-12-13,9.429,4.957,,,,,,,,
dates,NFL Rule B,same-day correlated,0.17,25,full move,,0,t > 1.65,20,0,,,,,,,13.09,24.7,0.7994,0.7994,2026-12-13,0.489,0.489,2026-12-13,9.429,3.179,,,,,,,,
dates,NFL Rule B,same-day correlated,0.17,25,full move,,0,bootstrap 90% lower bound > 0,20,0,,,,,,,13.09,24.7,0.7994,0.7994,2026-12-13,0.5928,0.5928,2026-12-13,9.429,3.848,,,,,,,,
dates,NFL Rule B,same-day correlated,0.17,25,full move,,0,bootstrap 95% lower bound > 0,20,0,,,,,,,13.09,24.7,0.7994,0.7994,2026-12-13,0.5095,0.5095,2026-12-13,9.429,3.309,,,,,,,,
dates,NFL Rule B,same-day correlated,0.17,25,full move,,0,t > calibrated 5%,20,0,,,,,,,13.09,24.7,0.7994,0.7994,2026-12-13,0.4229,0.4229,2026-12-13,9.429,2.752,,,,,,,,
dates,NFL Rule B,same-day correlated,0.17,25,full move,,0,t > 1.65,30,0,,,,,,,13.09,24.7,0.1013,0.1013,2026-12-27,0.07562,0.07562,2026-12-27,11.43,0.07562,,,,,,,,
dates,NFL Rule B,same-day correlated,0.17,25,full move,,0,bootstrap 90% lower bound > 0,30,0,,,,,,,13.09,24.7,0.1013,0.1013,2026-12-27,0.0854,0.0854,2026-12-27,11.43,0.0854,,,,,,,,
dates,NFL Rule B,same-day correlated,0.17,25,full move,,0,bootstrap 95% lower bound > 0,30,0,,,,,,,13.09,24.7,0.1013,0.1013,2026-12-27,0.0769,0.0769,2026-12-27,11.43,0.0769,,,,,,,,
dates,NFL Rule B,same-day correlated,0.17,25,full move,,0,t > calibrated 5%,30,0,,,,,,,13.09,24.7,0.1013,0.1013,2026-12-27,0.06988,0.06988,2026-12-27,11.43,0.06988,,,,,,,,
dates,NFL Rule B,same-day correlated,0.17,25,full move,,0,t > 1.65,40,0,,,,,,,13.09,24.7,0,0,,0,0,,,0,,,,,,,,
dates,NFL Rule B,same-day correlated,0.17,25,full move,,0,bootstrap 90% lower bound > 0,40,0,,,,,,,13.09,24.7,0,0,,0,0,,,0,,,,,,,,
dates,NFL Rule B,same-day correlated,0.17,25,full move,,0,bootstrap 95% lower bound > 0,40,0,,,,,,,13.09,24.7,0,0,,0,0,,,0,,,,,,,,
dates,NFL Rule B,same-day correlated,0.17,25,full move,,0,t > calibrated 5%,40,0,,,,,,,13.09,24.7,0,0,,0,0,,,0,,,,,,,,
dates,NFL Rule B,same-day correlated,0.17,25,full move,,0,sequential constant 5%,10-40,0,,,,,,,13.09,24.7,0.4586,0.4586,2026-11-29,0.4586,0.4586,2026-11-29,7.429,4.826,,,,,,,,
dates,NFL Rule B,same-day correlated,0.17,25,full move,,0,sequential constant 10%,10-40,0,,,,,,,13.09,24.7,0.6041,0.6041,2026-11-22,0.6041,0.6041,2026-11-22,6.429,6.764,,,,,,,,
dates,NFL Rule B,same-day correlated,0.17,25,full move,,0,sequential OBF 5%,10-40,0,,,,,,,13.09,24.7,0.365,0.365,2026-12-13,0.365,0.365,2026-12-13,9.429,2.525,,,,,,,,
dates,NFL Rule B,same-day correlated,0.17,25,full move,,0,sequential OBF 10%,10-40,0,,,,,,,13.09,24.7,0.5228,0.5228,2026-12-06,0.5228,0.5228,2026-12-06,8.429,4.23,,,,,,,,
dates,NFL Rule B,same-day correlated,0.17,25,full move,,0,registered keep test (reference),40,0,,,,,,,13.09,24.7,0,0,,0,0,,,0,,,,,,,,
dates,NFL Rule B,stress: stronger correlation,0.28,17,no edge,,0,mean CLV > 0 (today's gate),20,0,,,,,,,15.34,17,0.1979,0.1979,2027-01-03,0.09742,0.09742,2026-12-14,9.571,0.09745,,,,,,,,
dates,NFL Rule B,stress: stronger correlation,0.28,17,no edge,,0,t > 1.65,20,0,,,,,,,15.34,17,0.1979,0.1979,2027-01-03,0.0189,0.0189,2026-12-14,9.571,0.02085,,,,,,,,
dates,NFL Rule B,stress: stronger correlation,0.28,17,no edge,,0,bootstrap 90% lower bound > 0,20,0,,,,,,,15.34,17,0.1979,0.1979,2027-01-03,0.03152,0.03152,2026-12-14,9.571,0.03275,,,,,,,,
dates,NFL Rule B,stress: stronger correlation,0.28,17,no edge,,0,bootstrap 95% lower bound > 0,20,0,,,,,,,15.34,17,0.1979,0.1979,2027-01-03,0.02075,0.02075,2026-12-14,9.571,0.023,,,,,,,,
dates,NFL Rule B,stress: stronger correlation,0.28,17,no edge,,0,t > calibrated 5%,20,0,,,,,,,15.34,17,0.1979,0.1979,2027-01-03,0.01375,0.01375,2026-12-14,9.571,0.0153,,,,,,,,
dates,NFL Rule B,stress: stronger correlation,0.28,17,no edge,,0,t > 1.65,30,0,,,,,,,15.34,17,0,0,,0,0,,,0,,,,,,,,
dates,NFL Rule B,stress: stronger correlation,0.28,17,no edge,,0,bootstrap 90% lower bound > 0,30,0,,,,,,,15.34,17,0,0,,0,0,,,0,,,,,,,,
dates,NFL Rule B,stress: stronger correlation,0.28,17,no edge,,0,bootstrap 95% lower bound > 0,30,0,,,,,,,15.34,17,0,0,,0,0,,,0,,,,,,,,
dates,NFL Rule B,stress: stronger correlation,0.28,17,no edge,,0,t > calibrated 5%,30,0,,,,,,,15.34,17,0,0,,0,0,,,0,,,,,,,,
dates,NFL Rule B,stress: stronger correlation,0.28,17,no edge,,0,t > 1.65,40,0,,,,,,,15.34,17,0,0,,0,0,,,0,,,,,,,,
dates,NFL Rule B,stress: stronger correlation,0.28,17,no edge,,0,bootstrap 90% lower bound > 0,40,0,,,,,,,15.34,17,0,0,,0,0,,,0,,,,,,,,
dates,NFL Rule B,stress: stronger correlation,0.28,17,no edge,,0,bootstrap 95% lower bound > 0,40,0,,,,,,,15.34,17,0,0,,0,0,,,0,,,,,,,,
dates,NFL Rule B,stress: stronger correlation,0.28,17,no edge,,0,t > calibrated 5%,40,0,,,,,,,15.34,17,0,0,,0,0,,,0,,,,,,,,
dates,NFL Rule B,stress: stronger correlation,0.28,17,no edge,,0,sequential constant 5%,10-40,0,,,,,,,15.34,17,0.0385,0.0385,2026-11-29,0.0385,0.0385,2026-11-29,7.429,0.2411,,,,,,,,
dates,NFL Rule B,stress: stronger correlation,0.28,17,no edge,,0,sequential constant 10%,10-40,0,,,,,,,15.34,17,0.07168,0.07168,2026-11-29,0.07168,0.07168,2026-11-29,7.429,0.4445,,,,,,,,
dates,NFL Rule B,stress: stronger correlation,0.28,17,no edge,,0,sequential OBF 5%,10-40,0,,,,,,,15.34,17,0.00885,0.00885,2026-12-06,0.00885,0.00885,2026-12-06,8.429,0.0398,,,,,,,,
dates,NFL Rule B,stress: stronger correlation,0.28,17,no edge,,0,sequential OBF 10%,10-40,0,,,,,,,15.34,17,0.02457,0.02457,2026-12-06,0.02457,0.02457,2026-12-06,8.429,0.1174,,,,,,,,
dates,NFL Rule B,stress: stronger correlation,0.28,17,no edge,,0,registered keep test (reference),40,0,,,,,,,15.34,17,0,0,,0,0,,,0,,,,,,,,
dates,NFL Rule B,stress: stronger correlation,0.28,17,half the move,,0,mean CLV > 0 (today's gate),20,0,,,,,,,15.34,17,0.1979,0.1979,2027-01-03,0.1536,0.1536,2027-01-03,12.43,0.1503,,,,,,,,
dates,NFL Rule B,stress: stronger correlation,0.28,17,half the move,,0,t > 1.65,20,0,,,,,,,15.34,17,0.1979,0.1979,2027-01-03,0.05847,0.05847,2026-12-14,9.571,0.05985,,,,,,,,
dates,NFL Rule B,stress: stronger correlation,0.28,17,half the move,,0,bootstrap 90% lower bound > 0,20,0,,,,,,,15.34,17,0.1979,0.1979,2027-01-03,0.08315,0.08315,2026-12-14,9.571,0.0844,,,,,,,,
dates,NFL Rule B,stress: stronger correlation,0.28,17,half the move,,0,bootstrap 95% lower bound > 0,20,0,,,,,,,15.34,17,0.1979,0.1979,2027-01-03,0.06267,0.06267,2026-12-14,9.571,0.0641,,,,,,,,
dates,NFL Rule B,stress: stronger correlation,0.28,17,half the move,,0,t > calibrated 5%,20,0,,,,,,,15.34,17,0.1979,0.1979,2027-01-03,0.04655,0.04655,2026-12-14,9.571,0.04775,,,,,,,,
dates,NFL Rule B,stress: stronger correlation,0.28,17,half the move,,0,t > 1.65,30,0,,,,,,,15.34,17,0,0,,0,0,,,0,,,,,,,,
dates,NFL Rule B,stress: stronger correlation,0.28,17,half the move,,0,bootstrap 90% lower bound > 0,30,0,,,,,,,15.34,17,0,0,,0,0,,,0,,,,,,,,
dates,NFL Rule B,stress: stronger correlation,0.28,17,half the move,,0,bootstrap 95% lower bound > 0,30,0,,,,,,,15.34,17,0,0,,0,0,,,0,,,,,,,,
dates,NFL Rule B,stress: stronger correlation,0.28,17,half the move,,0,t > calibrated 5%,30,0,,,,,,,15.34,17,0,0,,0,0,,,0,,,,,,,,
dates,NFL Rule B,stress: stronger correlation,0.28,17,half the move,,0,t > 1.65,40,0,,,,,,,15.34,17,0,0,,0,0,,,0,,,,,,,,
dates,NFL Rule B,stress: stronger correlation,0.28,17,half the move,,0,bootstrap 90% lower bound > 0,40,0,,,,,,,15.34,17,0,0,,0,0,,,0,,,,,,,,
dates,NFL Rule B,stress: stronger correlation,0.28,17,half the move,,0,bootstrap 95% lower bound > 0,40,0,,,,,,,15.34,17,0,0,,0,0,,,0,,,,,,,,
dates,NFL Rule B,stress: stronger correlation,0.28,17,half the move,,0,t > calibrated 5%,40,0,,,,,,,15.34,17,0,0,,0,0,,,0,,,,,,,,
dates,NFL Rule B,stress: stronger correlation,0.28,17,half the move,,0,sequential constant 5%,10-40,0,,,,,,,15.34,17,0.1343,0.1343,2026-11-29,0.1343,0.1343,2026-11-29,7.429,0.7833,,,,,,,,
dates,NFL Rule B,stress: stronger correlation,0.28,17,half the move,,0,sequential constant 10%,10-40,0,,,,,,,15.34,17,0.2177,0.2177,2026-11-29,0.2177,0.2177,2026-11-29,7.429,1.268,,,,,,,,
dates,NFL Rule B,stress: stronger correlation,0.28,17,half the move,,0,sequential OBF 5%,10-40,0,,,,,,,15.34,17,0.0461,0.0461,2026-12-13,0.0461,0.0461,2026-12-13,9.429,0.1973,,,,,,,,
dates,NFL Rule B,stress: stronger correlation,0.28,17,half the move,,0,sequential OBF 10%,10-40,0,,,,,,,15.34,17,0.0995,0.0995,2026-12-13,0.0995,0.0995,2026-12-13,9.429,0.4454,,,,,,,,
dates,NFL Rule B,stress: stronger correlation,0.28,17,half the move,,0,registered keep test (reference),40,0,,,,,,,15.34,17,0,0,,0,0,,,0,,,,,,,,
dates,NFL Rule B,stress: stronger correlation,0.28,17,full move,,0,mean CLV > 0 (today's gate),20,0,,,,,,,15.34,17,0.1979,0.1979,2027-01-03,0.1851,0.1851,2027-01-03,12.43,0.1815,,,,,,,,
dates,NFL Rule B,stress: stronger correlation,0.28,17,full move,,0,t > 1.65,20,0,,,,,,,15.34,17,0.1979,0.1979,2027-01-03,0.1195,0.1195,2026-12-14,9.571,0.1196,,,,,,,,
dates,NFL Rule B,stress: stronger correlation,0.28,17,full move,,0,bootstrap 90% lower bound > 0,20,0,,,,,,,15.34,17,0.1979,0.1979,2027-01-03,0.1424,0.1424,2027-01-03,12.43,0.1405,,,,,,,,
dates,NFL Rule B,stress: stronger correlation,0.28,17,full move,,0,bootstrap 95% lower bound > 0,20,0,,,,,,,15.34,17,0.1979,0.1979,2027-01-03,0.1236,0.1236,2027-01-03,12.43,0.1234,,,,,,,,
dates,NFL Rule B,stress: stronger correlation,0.28,17,full move,,0,t > calibrated 5%,20,0,,,,,,,15.34,17,0.1979,0.1979,2027-01-03,0.1056,0.1056,2026-12-14,9.571,0.1066,,,,,,,,
dates,NFL Rule B,stress: stronger correlation,0.28,17,full move,,0,t > 1.65,30,0,,,,,,,15.34,17,0,0,,0,0,,,0,,,,,,,,
dates,NFL Rule B,stress: stronger correlation,0.28,17,full move,,0,bootstrap 90% lower bound > 0,30,0,,,,,,,15.34,17,0,0,,0,0,,,0,,,,,,,,
dates,NFL Rule B,stress: stronger correlation,0.28,17,full move,,0,bootstrap 95% lower bound > 0,30,0,,,,,,,15.34,17,0,0,,0,0,,,0,,,,,,,,
dates,NFL Rule B,stress: stronger correlation,0.28,17,full move,,0,t > calibrated 5%,30,0,,,,,,,15.34,17,0,0,,0,0,,,0,,,,,,,,
dates,NFL Rule B,stress: stronger correlation,0.28,17,full move,,0,t > 1.65,40,0,,,,,,,15.34,17,0,0,,0,0,,,0,,,,,,,,
dates,NFL Rule B,stress: stronger correlation,0.28,17,full move,,0,bootstrap 90% lower bound > 0,40,0,,,,,,,15.34,17,0,0,,0,0,,,0,,,,,,,,
dates,NFL Rule B,stress: stronger correlation,0.28,17,full move,,0,bootstrap 95% lower bound > 0,40,0,,,,,,,15.34,17,0,0,,0,0,,,0,,,,,,,,
dates,NFL Rule B,stress: stronger correlation,0.28,17,full move,,0,t > calibrated 5%,40,0,,,,,,,15.34,17,0,0,,0,0,,,0,,,,,,,,
dates,NFL Rule B,stress: stronger correlation,0.28,17,full move,,0,sequential constant 5%,10-40,0,,,,,,,15.34,17,0.3387,0.3387,2026-11-29,0.3387,0.3387,2026-11-29,7.429,1.926,,,,,,,,
dates,NFL Rule B,stress: stronger correlation,0.28,17,full move,,0,sequential constant 10%,10-40,0,,,,,,,15.34,17,0.4688,0.4688,2026-11-29,0.4688,0.4688,2026-11-29,7.429,2.736,,,,,,,,
dates,NFL Rule B,stress: stronger correlation,0.28,17,full move,,0,sequential OBF 5%,10-40,0,,,,,,,15.34,17,0.1608,0.1608,2026-12-13,0.1608,0.1608,2026-12-13,9.429,0.6615,,,,,,,,
dates,NFL Rule B,stress: stronger correlation,0.28,17,full move,,0,sequential OBF 10%,10-40,0,,,,,,,15.34,17,0.2835,0.2835,2026-12-13,0.2835,0.2835,2026-12-13,9.429,1.264,,,,,,,,
dates,NFL Rule B,stress: stronger correlation,0.28,17,full move,,0,registered keep test (reference),40,0,,,,,,,15.34,17,0,0,,0,0,,,0,,,,,,,,
stakes,,,,,"no edge, 50.0% at -110",,,,,,,,,,,,,,,,,,,,,,20,-0.9091,-8.545,6.727,0.5881,-0.4545,-4.273,3.364
stakes,,,,,"half the edge, 53.3% at -110",,,,,,,,,,,,,,,,,,,,,,20,0.3509,-6.636,6.727,0.4695,0.1755,-3.318,3.364
stakes,,,,,"historical edge (CFB windy unders), 56.6% at -110",,,,,,,,,,,,,,,,,,,,,,20,1.611,-4.727,8.636,0.353,0.8055,-2.364,4.318
stakes,,,,,"no edge, 50.0% at -110",,,,,,,,,,,,,,,,,,,,,,40,-1.818,-11.36,7.727,0.5627,-0.9091,-5.682,3.864
stakes,,,,,"half the edge, 53.3% at -110",,,,,,,,,,,,,,,,,,,,,,40,0.7018,-9.455,9.636,0.3964,0.3509,-4.727,4.818
stakes,,,,,"historical edge (CFB windy unders), 56.6% at -110",,,,,,,,,,,,,,,,,,,,,,40,3.222,-7.545,13.45,0.2464,1.611,-3.773,6.727
