request_id,requested_utc,event_id,source,max_new_credits,params_json
14bbb1db1d57650aa7033e7810e0cd0cdbd8f0bc7bc933e6e8171cd66322d8d5,2023-12-09T18:00:00Z,003f1b5d02fe699b7efae4b3af1df39c,oddsapi/hist_event_markets,1,"{""date"": ""2023-12-09T18:00:00Z"", ""dateFormat"": ""iso"", ""regions"": ""us,us2,eu""}"
bc6e9fa4416c03008d3f5ce797aa2a07d74ddc717239edae1f4dd8ee21999d2a,2023-12-10T17:50:00Z,003f1b5d02fe699b7efae4b3af1df39c,oddsapi/hist_event_markets,1,"{""date"": ""2023-12-10T17:50:00Z"", ""dateFormat"": ""iso"", ""regions"": ""us,us2,eu""}"
07d329f9c5199bef351c270824bf9f1514fbf05c513a6ee42e945e607e37f6c7,2025-11-01T18:00:00Z,016f76d8237e8d4eb62b9c2ef68381bb,oddsapi/hist_event_markets,1,"{""date"": ""2025-11-01T18:00:00Z"", ""dateFormat"": ""iso"", ""regions"": ""us,us2,eu""}"
8067d7eadef6a09aef0518e5fb7c203f9aa43aeaf10944dade944b638e90cf65,2025-11-02T17:50:00Z,016f76d8237e8d4eb62b9c2ef68381bb,oddsapi/hist_event_markets,1,"{""date"": ""2025-11-02T17:50:00Z"", ""dateFormat"": ""iso"", ""regions"": ""us,us2,eu""}"
e5333875bbe88367054975c4a36fa8cf79223426b53a36a27a18b5085b6b3143,2023-12-02T21:25:00Z,01d2c501c2836b50ef978f04c4673c6f,oddsapi/hist_event_markets,1,"{""date"": ""2023-12-02T21:25:00Z"", ""dateFormat"": ""iso"", ""regions"": ""us,us2,eu""}"
cb067948a225f1bacd9b47696895431894254d5cf4b4e0d9185929013057426c,2023-12-03T21:15:00Z,01d2c501c2836b50ef978f04c4673c6f,oddsapi/hist_event_markets,1,"{""date"": ""2023-12-03T21:15:00Z"", ""dateFormat"": ""iso"", ""regions"": ""us,us2,eu""}"
f82712e2ba2503fb11711af080229670c2ec0e8d5c396ed01f5b8312d260ade1,2024-09-07T17:00:00Z,022add645ca37d612dbb69e8ef02f6b9,oddsapi/hist_event_markets,1,"{""date"": ""2024-09-07T17:00:00Z"", ""dateFormat"": ""iso"", ""regions"": ""us,us2,eu""}"
63638280a69d7bc1be30b25335abc7e6e67c47f304c632dcadafb9fcfd39b2e8,2024-09-08T16:50:00Z,022add645ca37d612dbb69e8ef02f6b9,oddsapi/hist_event_markets,1,"{""date"": ""2024-09-08T16:50:00Z"", ""dateFormat"": ""iso"", ""regions"": ""us,us2,eu""}"
19c9a694dd2b4e7881119b4ee4b6f6272f70f45c78678f3eb4ee3116cdc9f9e1,2025-09-20T17:00:00Z,02522f48a7b7e7524881c1b1638cd94d,oddsapi/hist_event_markets,1,"{""date"": ""2025-09-20T17:00:00Z"", ""dateFormat"": ""iso"", ""regions"": ""us,us2,eu""}"
4876527ec058750d408e7dc1cb87e0bd692746e2040a1c345c523233030b9115,2025-09-21T16:50:00Z,02522f48a7b7e7524881c1b1638cd94d,oddsapi/hist_event_markets,1,"{""date"": ""2025-09-21T16:50:00Z"", ""dateFormat"": ""iso"", ""regions"": ""us,us2,eu""}"
ef93c30233169b7efba616d13667f1d59ced470db5730ad1109c1db8b3cce299,2023-10-22T00:20:00Z,029287f953eb89c62eb833591b639086,oddsapi/hist_event_markets,1,"{""date"": ""2023-10-22T00:20:00Z"", ""dateFormat"": ""iso"", ""regions"": ""us,us2,eu""}"
5a99db0c677d3a5d67230b0ba6a4e10166f3ee1fede90045ea295d9a23d53b44,2023-10-23T00:10:00Z,029287f953eb89c62eb833591b639086,oddsapi/hist_event_markets,1,"{""date"": ""2023-10-23T00:10:00Z"", ""dateFormat"": ""iso"", ""regions"": ""us,us2,eu""}"
3b015285f92628c97b2d3429f60e56bdeedf9ec89e9a42a5fcd6598146a3f839,2025-09-20T17:00:00Z,03a5eed2c8ef5d1c8a48866ea4b0d63a,oddsapi/hist_event_markets,1,"{""date"": ""2025-09-20T17:00:00Z"", ""dateFormat"": ""iso"", ""regions"": ""us,us2,eu""}"
19df5758084d1113b33ce728c195bf8b7814a48d7f2c1cdda94af2ae3af2ee24,2025-09-21T16:50:00Z,03a5eed2c8ef5d1c8a48866ea4b0d63a,oddsapi/hist_event_markets,1,"{""date"": ""2025-09-21T16:50:00Z"", ""dateFormat"": ""iso"", ""regions"": ""us,us2,eu""}"
4cda275284b789348fbc230cafee57b74b4505f466448dfcc76fbf41fc145951,2025-01-10T21:30:00Z,03dd880f071a65053e37000d3d826e14,oddsapi/hist_event_markets,1,"{""date"": ""2025-01-10T21:30:00Z"", ""dateFormat"": ""iso"", ""regions"": ""us,us2,eu""}"
da8915638d847937495551e3360b718e83514bb4972ecdb8096eaf4eb5faad7d,2025-01-11T21:20:00Z,03dd880f071a65053e37000d3d826e14,oddsapi/hist_event_markets,1,"{""date"": ""2025-01-11T21:20:00Z"", ""dateFormat"": ""iso"", ""regions"": ""us,us2,eu""}"
32271242f84a7c6688fd33e93d7847eeaf363db64ed60b10c881aeb2f4a9fabd,2024-11-30T18:00:00Z,041764a17c3ecb1fccd45fc75b7a2b49,oddsapi/hist_event_markets,1,"{""date"": ""2024-11-30T18:00:00Z"", ""dateFormat"": ""iso"", ""regions"": ""us,us2,eu""}"
e3c2b1fd1e4c8f3fbf94fd1a3cd7202c8c4730d9d714c006930c0f857684331b,2024-12-01T17:50:00Z,041764a17c3ecb1fccd45fc75b7a2b49,oddsapi/hist_event_markets,1,"{""date"": ""2024-12-01T17:50:00Z"", ""dateFormat"": ""iso"", ""regions"": ""us,us2,eu""}"
3cd58be7d33d519cd70b8b0155986dacf44c180e2450bfc56f63cd7403d83428,2023-12-30T18:00:00Z,04a8a0b984c5853cc74b3f7aa350169d,oddsapi/hist_event_markets,1,"{""date"": ""2023-12-30T18:00:00Z"", ""dateFormat"": ""iso"", ""regions"": ""us,us2,eu""}"
c66731cfc491a260af1dbb01e151b17dc09b1ce3ea40f1d489b9a16b1aa4a45c,2023-12-31T17:50:00Z,04a8a0b984c5853cc74b3f7aa350169d,oddsapi/hist_event_markets,1,"{""date"": ""2023-12-31T17:50:00Z"", ""dateFormat"": ""iso"", ""regions"": ""us,us2,eu""}"
6dbe1eb54edfc0596dd83d0a00e360d7abdb350eb6806f222de42b96dba54bc9,2025-09-27T20:25:00Z,051233db287b02fd3e7574955879ece2,oddsapi/hist_event_markets,1,"{""date"": ""2025-09-27T20:25:00Z"", ""dateFormat"": ""iso"", ""regions"": ""us,us2,eu""}"
2ba1103c96f6fe2a01f7ed72c5b14dd7ff43a648bcaaaee8ee8ff8841a09257b,2025-09-28T20:15:00Z,051233db287b02fd3e7574955879ece2,oddsapi/hist_event_markets,1,"{""date"": ""2025-09-28T20:15:00Z"", ""dateFormat"": ""iso"", ""regions"": ""us,us2,eu""}"
cb5e5d89e99c815a30cb6288896703c2343e561a3e19d5a2ffab4250664ff6b1,2025-09-13T17:00:00Z,05a5b084f4e19535b2d3f91ef5c00169,oddsapi/hist_event_markets,1,"{""date"": ""2025-09-13T17:00:00Z"", ""dateFormat"": ""iso"", ""regions"": ""us,us2,eu""}"
c8c2f8304d2dc82426a807584470d0c803b5cbc36513d6c9322850cee69dc863,2025-09-14T16:50:00Z,05a5b084f4e19535b2d3f91ef5c00169,oddsapi/hist_event_markets,1,"{""date"": ""2025-09-14T16:50:00Z"", ""dateFormat"": ""iso"", ""regions"": ""us,us2,eu""}"
16c677be4f186a145d29c334e7787979f4f1300a9f4d8d28cd845e7c0744e29e,2024-11-30T18:00:00Z,0693d63a0af985e361e21fa59fdd8bed,oddsapi/hist_event_markets,1,"{""date"": ""2024-11-30T18:00:00Z"", ""dateFormat"": ""iso"", ""regions"": ""us,us2,eu""}"
d8ef61754d1885161ecf8e511f321281765f3a44f01202097ca8109277b83acb,2024-12-01T17:50:00Z,0693d63a0af985e361e21fa59fdd8bed,oddsapi/hist_event_markets,1,"{""date"": ""2024-12-01T17:50:00Z"", ""dateFormat"": ""iso"", ""regions"": ""us,us2,eu""}"
1640608ea7a44dad64b16cc6fb79700b14f0980d6b8c99734ae2fb224421684f,2023-11-11T18:00:00Z,07fc4a3bb61dceee5482086876af7ca0,oddsapi/hist_event_markets,1,"{""date"": ""2023-11-11T18:00:00Z"", ""dateFormat"": ""iso"", ""regions"": ""us,us2,eu""}"
0595d3782792b424671114b59a1081e8804f56a5f469e1e14bde6da3f80e7498,2023-11-12T17:50:00Z,07fc4a3bb61dceee5482086876af7ca0,oddsapi/hist_event_markets,1,"{""date"": ""2023-11-12T17:50:00Z"", ""dateFormat"": ""iso"", ""regions"": ""us,us2,eu""}"
b2979763931503e162c7d6c1cf6e5e1161726c60c78282f39244696b6591cde1,2023-10-07T17:00:00Z,088c8fc0a2e5f02bb2591f44a41a2cd1,oddsapi/hist_event_markets,1,"{""date"": ""2023-10-07T17:00:00Z"", ""dateFormat"": ""iso"", ""regions"": ""us,us2,eu""}"
2e0b26c1b9fa19c8afcd195154a4e4049eea18c4291aeb13f72506b8099edfae,2023-10-08T16:50:00Z,088c8fc0a2e5f02bb2591f44a41a2cd1,oddsapi/hist_event_markets,1,"{""date"": ""2023-10-08T16:50:00Z"", ""dateFormat"": ""iso"", ""regions"": ""us,us2,eu""}"
592368e5cf9a49fe14c02f22507e24a7a0cc1cd9742b77fc45d980a012d05887,2025-12-11T01:15:00Z,08bfd9cd8115339250817cc66a8b3cba,oddsapi/hist_event_markets,1,"{""date"": ""2025-12-11T01:15:00Z"", ""dateFormat"": ""iso"", ""regions"": ""us,us2,eu""}"
9d125e6e84381bdba0f65c6be92253b91d7e9006bf4303bfe2f3f2c6c31e6697,2025-12-12T01:05:00Z,08bfd9cd8115339250817cc66a8b3cba,oddsapi/hist_event_markets,1,"{""date"": ""2025-12-12T01:05:00Z"", ""dateFormat"": ""iso"", ""regions"": ""us,us2,eu""}"
baebb0ca445b2824ff08e19c36896ae247b3188c47faebe385e0d48a3d017d89,2025-01-11T01:00:00Z,08e2147df0b21744fdef99cbcdf3edb7,oddsapi/hist_event_markets,1,"{""date"": ""2025-01-11T01:00:00Z"", ""dateFormat"": ""iso"", ""regions"": ""us,us2,eu""}"
ae9eb51beba0972d84eb3653f48b21932f8791b5ac454daea9dbb4e518af3423,2025-01-12T00:50:00Z,08e2147df0b21744fdef99cbcdf3edb7,oddsapi/hist_event_markets,1,"{""date"": ""2025-01-12T00:50:00Z"", ""dateFormat"": ""iso"", ""regions"": ""us,us2,eu""}"
54b4e450229d722b1c74c863cc3fde57bead43da60ad11f80f888d9f31858113,2023-12-23T21:25:00Z,092ea6c489184135df2f5f61dcf4c1b4,oddsapi/hist_event_markets,1,"{""date"": ""2023-12-23T21:25:00Z"", ""dateFormat"": ""iso"", ""regions"": ""us,us2,eu""}"
446424ffb2a9b4c17a223b01cd9f81280f391e482db97df9286440c4273f599f,2023-12-24T21:15:00Z,092ea6c489184135df2f5f61dcf4c1b4,oddsapi/hist_event_markets,1,"{""date"": ""2023-12-24T21:15:00Z"", ""dateFormat"": ""iso"", ""regions"": ""us,us2,eu""}"
e4c74369ffdaec80605bf13e050d8732b719602f095290b9b002f2bd2bc0bc03,2023-10-07T17:00:00Z,093f902b13a40cc6d60eb0a38e6d40e1,oddsapi/hist_event_markets,1,"{""date"": ""2023-10-07T17:00:00Z"", ""dateFormat"": ""iso"", ""regions"": ""us,us2,eu""}"
16cc9052cf1d4313aadafe6627d457c6a2029190b0a32428de861e1aafc94ce3,2023-10-08T16:50:00Z,093f902b13a40cc6d60eb0a38e6d40e1,oddsapi/hist_event_markets,1,"{""date"": ""2023-10-08T16:50:00Z"", ""dateFormat"": ""iso"", ""regions"": ""us,us2,eu""}"
db58561b5704b2fd6ba832832b4d5d19399d201528c93efa6e1f80d9e0a6b2ad,2025-01-05T01:20:00Z,09d8388d4ccba7ddafec2e400b5c013f,oddsapi/hist_event_markets,1,"{""date"": ""2025-01-05T01:20:00Z"", ""dateFormat"": ""iso"", ""regions"": ""us,us2,eu""}"
1bbc6459e5ae1b6dbe254e23e5d3802677c3668e6c14358b2a62c88083a19b96,2025-01-06T01:10:00Z,09d8388d4ccba7ddafec2e400b5c013f,oddsapi/hist_event_markets,1,"{""date"": ""2025-01-06T01:10:00Z"", ""dateFormat"": ""iso"", ""regions"": ""us,us2,eu""}"
865c317ca02059b810c4f62c0677036c128effc0893fef877b298c57f05f0de7,2025-09-27T20:05:00Z,09f55b4a19a83eb951a9400a11123477,oddsapi/hist_event_markets,1,"{""date"": ""2025-09-27T20:05:00Z"", ""dateFormat"": ""iso"", ""regions"": ""us,us2,eu""}"
38a7705a61a4c0e2e63260ccfb1465239c312861dcce59f31cc694430fbe096b,2025-09-28T19:55:00Z,09f55b4a19a83eb951a9400a11123477,oddsapi/hist_event_markets,1,"{""date"": ""2025-09-28T19:55:00Z"", ""dateFormat"": ""iso"", ""regions"": ""us,us2,eu""}"
429bb0ff62638392daed837d0c6af7d2f7a09b310b4a1b66878d106ea6f9a2f1,2024-01-13T21:30:00Z,0a28f0143dfea152e45ae5c423bec9e7,oddsapi/hist_event_markets,1,"{""date"": ""2024-01-13T21:30:00Z"", ""dateFormat"": ""iso"", ""regions"": ""us,us2,eu""}"
ab985dbea2c7f4a798a714c75b1b362a2959a0a46d3ebe2f0fb2618e28c28db7,2024-01-14T21:20:00Z,0a28f0143dfea152e45ae5c423bec9e7,oddsapi/hist_event_markets,1,"{""date"": ""2024-01-14T21:20:00Z"", ""dateFormat"": ""iso"", ""regions"": ""us,us2,eu""}"
4bb1472f346056e20136db208706a9b5bc30642adf131f2ea512fad6712e893c,2023-09-09T20:25:00Z,0a368c64b212ecbad4ec46f6ff6c1af2,oddsapi/hist_event_markets,1,"{""date"": ""2023-09-09T20:25:00Z"", ""dateFormat"": ""iso"", ""regions"": ""us,us2,eu""}"
dc0305b8542fbd4a2ba83df8807722f35c2727308afe7ffb9abc1d89ca8e4e42,2023-09-10T20:15:00Z,0a368c64b212ecbad4ec46f6ff6c1af2,oddsapi/hist_event_markets,1,"{""date"": ""2023-09-10T20:15:00Z"", ""dateFormat"": ""iso"", ""regions"": ""us,us2,eu""}"
601643be19a1e41933f141ae8090c4a8acc9b352dd079048fc5caef7c7c348ac,2025-11-15T18:00:00Z,0ae85bbc3711ad0cb94475a40e2364f0,oddsapi/hist_event_markets,1,"{""date"": ""2025-11-15T18:00:00Z"", ""dateFormat"": ""iso"", ""regions"": ""us,us2,eu""}"
64c255c89812d305d6a6bfab320194fa2efee9d90a2f51e64dccdbef9b69568d,2025-11-16T17:50:00Z,0ae85bbc3711ad0cb94475a40e2364f0,oddsapi/hist_event_markets,1,"{""date"": ""2025-11-16T17:50:00Z"", ""dateFormat"": ""iso"", ""regions"": ""us,us2,eu""}"
b9b2d3f5ed627b119bf7ef9adbac081dc3e41f98ba8e1f63d1dfe27d7a096a25,2025-01-18T18:00:00Z,0b1a23856259f01b20535b791fc23761,oddsapi/hist_event_markets,1,"{""date"": ""2025-01-18T18:00:00Z"", ""dateFormat"": ""iso"", ""regions"": ""us,us2,eu""}"
263c048a877520c4733a5ee84b9b82a7362894ae95d18c44ffe369ba4f42ca1c,2025-01-19T17:50:00Z,0b1a23856259f01b20535b791fc23761,oddsapi/hist_event_markets,1,"{""date"": ""2025-01-19T17:50:00Z"", ""dateFormat"": ""iso"", ""regions"": ""us,us2,eu""}"
57adfc9fa3ef17d22d84daa46b2e249109dcf4719125d31c591badb238aceb65,2025-09-06T17:00:00Z,0b2455795dfcd692dd607503e4f20d04,oddsapi/hist_event_markets,1,"{""date"": ""2025-09-06T17:00:00Z"", ""dateFormat"": ""iso"", ""regions"": ""us,us2,eu""}"
8e7df25b7216d5ddb689f4f797272de7cdf8c3446721fb32a89b924eded1c7b0,2025-09-07T16:50:00Z,0b2455795dfcd692dd607503e4f20d04,oddsapi/hist_event_markets,1,"{""date"": ""2025-09-07T16:50:00Z"", ""dateFormat"": ""iso"", ""regions"": ""us,us2,eu""}"
6fd8a4d9f5281d85428808aca86fad72a43a3a4c3b2eef8084b4de256347a6f3,2025-09-11T00:15:00Z,0c6e5d9821ce0d3e82f3e792879776a6,oddsapi/hist_event_markets,1,"{""date"": ""2025-09-11T00:15:00Z"", ""dateFormat"": ""iso"", ""regions"": ""us,us2,eu""}"
e564697ff5579a8b14e9f5278b0ace5b65bd1916ec3695227e352cbd4560eacf,2025-09-12T00:05:00Z,0c6e5d9821ce0d3e82f3e792879776a6,oddsapi/hist_event_markets,1,"{""date"": ""2025-09-12T00:05:00Z"", ""dateFormat"": ""iso"", ""regions"": ""us,us2,eu""}"
28ece81790352f5bd1d4e1d4970e9966d3392ee06ca871bad20c0dadab7b4760,2025-10-11T20:25:00Z,0c85b0939650e29689bb2651b33522eb,oddsapi/hist_event_markets,1,"{""date"": ""2025-10-11T20:25:00Z"", ""dateFormat"": ""iso"", ""regions"": ""us,us2,eu""}"
1b67c678f13d269a13a83804ce27e156252e8641348c0e94a9c475d0f5b43664,2025-10-12T20:15:00Z,0c85b0939650e29689bb2651b33522eb,oddsapi/hist_event_markets,1,"{""date"": ""2025-10-12T20:15:00Z"", ""dateFormat"": ""iso"", ""regions"": ""us,us2,eu""}"
48a574db22cbb75984d458930c3eead0354e3374fad00352cc5e41adbd98914c,2025-01-18T20:00:00Z,0c95381e5634e6c64aa5ca079e669dea,oddsapi/hist_event_markets,1,"{""date"": ""2025-01-18T20:00:00Z"", ""dateFormat"": ""iso"", ""regions"": ""us,us2,eu""}"
266a11e3c03bdd0081b2d2001c41b6c4c5367b790ff352436cfcaee4a48a0f9d,2025-01-19T19:50:00Z,0c95381e5634e6c64aa5ca079e669dea,oddsapi/hist_event_markets,1,"{""date"": ""2025-01-19T19:50:00Z"", ""dateFormat"": ""iso"", ""regions"": ""us,us2,eu""}"
f3104f1822726c2d1f12200a80a1523b85b932849829dd57e94f7a5fd4dbfad5,2023-12-30T21:25:00Z,0cad8e04a03b002316d6fca721bf68af,oddsapi/hist_event_markets,1,"{""date"": ""2023-12-30T21:25:00Z"", ""dateFormat"": ""iso"", ""regions"": ""us,us2,eu""}"
ade29375783b73a0107d5ac7100257891975f87edbe1d33cb47a05d85fb2a463,2023-12-31T21:15:00Z,0cad8e04a03b002316d6fca721bf68af,oddsapi/hist_event_markets,1,"{""date"": ""2023-12-31T21:15:00Z"", ""dateFormat"": ""iso"", ""regions"": ""us,us2,eu""}"
b9bfb934e9a81935842c818896bd4a1661178cb70ca93076942307bacd893865,2025-12-20T18:00:00Z,0cce34b9a49c4c6bdc1e65449e37a0f9,oddsapi/hist_event_markets,1,"{""date"": ""2025-12-20T18:00:00Z"", ""dateFormat"": ""iso"", ""regions"": ""us,us2,eu""}"
2e64212adde252085824c2e38a0f38895587b6bc9ac9cce68bcbc1abb08bb05d,2025-12-21T17:50:00Z,0cce34b9a49c4c6bdc1e65449e37a0f9,oddsapi/hist_event_markets,1,"{""date"": ""2025-12-21T17:50:00Z"", ""dateFormat"": ""iso"", ""regions"": ""us,us2,eu""}"
49ac7d1432f76959ac79ef259fe53b14ab45e5543024a5673556c84603d8c9b4,2023-10-14T13:30:00Z,0cd8d5597260f1a2c9692f4c54ffb91f,oddsapi/hist_event_markets,1,"{""date"": ""2023-10-14T13:30:00Z"", ""dateFormat"": ""iso"", ""regions"": ""us,us2,eu""}"
431becea061075d06278922fc00e11668bd3e6d460766d4bdbf5b2a7568c0897,2023-10-15T13:20:00Z,0cd8d5597260f1a2c9692f4c54ffb91f,oddsapi/hist_event_markets,1,"{""date"": ""2023-10-15T13:20:00Z"", ""dateFormat"": ""iso"", ""regions"": ""us,us2,eu""}"
ed0a85a3a906045dbe7bd76832b6bf2298bbfd9c658d77706af35709d7527048,2024-12-28T18:00:00Z,0ce683697325d7715a78889240d82cc7,oddsapi/hist_event_markets,1,"{""date"": ""2024-12-28T18:00:00Z"", ""dateFormat"": ""iso"", ""regions"": ""us,us2,eu""}"
264123d5a9cb72c09789a1db0a85ff20ab7e6ce72f88c408a3c21b0f43c4ebf7,2024-12-29T17:50:00Z,0ce683697325d7715a78889240d82cc7,oddsapi/hist_event_markets,1,"{""date"": ""2024-12-29T17:50:00Z"", ""dateFormat"": ""iso"", ""regions"": ""us,us2,eu""}"
35ae2053a68ececc228c89986d032fd8451ee24f8dbffb43c2d7cef4283bd53f,2024-10-10T00:15:00Z,0dac14546d6008893a8b3b6c417472a6,oddsapi/hist_event_markets,1,"{""date"": ""2024-10-10T00:15:00Z"", ""dateFormat"": ""iso"", ""regions"": ""us,us2,eu""}"
cbf2db526a470cc4294a1fc9ac21171b514af6cf8782a329764e1f3c8b965212,2024-10-11T00:05:00Z,0dac14546d6008893a8b3b6c417472a6,oddsapi/hist_event_markets,1,"{""date"": ""2024-10-11T00:05:00Z"", ""dateFormat"": ""iso"", ""regions"": ""us,us2,eu""}"
16d7e738d72c740a4665d3d07f0dd3ffd8989daec26fd80509f857c9c382e0e4,2025-09-13T17:00:00Z,0e6f68b30237afc04d1517a193213a65,oddsapi/hist_event_markets,1,"{""date"": ""2025-09-13T17:00:00Z"", ""dateFormat"": ""iso"", ""regions"": ""us,us2,eu""}"
406c471882d02ba4c49a066475375fe5fcb0745ace503e57001fcf7669bc541d,2025-09-14T16:50:00Z,0e6f68b30237afc04d1517a193213a65,oddsapi/hist_event_markets,1,"{""date"": ""2025-09-14T16:50:00Z"", ""dateFormat"": ""iso"", ""regions"": ""us,us2,eu""}"
35ff4d8f7e3ec534dbc6b7125e167307c1e311d60a28f21c9ae365f3be33f9a3,2025-09-20T20:05:00Z,0ee3f5a0078c21cfdffd1b97002e7da5,oddsapi/hist_event_markets,1,"{""date"": ""2025-09-20T20:05:00Z"", ""dateFormat"": ""iso"", ""regions"": ""us,us2,eu""}"
8cb2e362fe5e96b3ba11aac7e18944a7bb8d31fa3e466962c2b5eae18051ea5f,2025-09-21T19:55:00Z,0ee3f5a0078c21cfdffd1b97002e7da5,oddsapi/hist_event_markets,1,"{""date"": ""2025-09-21T19:55:00Z"", ""dateFormat"": ""iso"", ""regions"": ""us,us2,eu""}"
b6085c98905ed650e24937335c1a0ea8184899a1cc8af5613edfb631e5a1bed7,2025-12-13T18:00:00Z,0f0601c020a478f5d9f81f06a141c2c8,oddsapi/hist_event_markets,1,"{""date"": ""2025-12-13T18:00:00Z"", ""dateFormat"": ""iso"", ""regions"": ""us,us2,eu""}"
f93b73f813b377941d3a1b48f215e7adf22d8fd062a75c7f45545c1d624dd1a6,2025-12-14T17:50:00Z,0f0601c020a478f5d9f81f06a141c2c8,oddsapi/hist_event_markets,1,"{""date"": ""2025-12-14T17:50:00Z"", ""dateFormat"": ""iso"", ""regions"": ""us,us2,eu""}"
65bc2afc5cdc84e5a0baac719acdfaf9321fac3dff2599c2fb23d27d7b03ab56,2023-11-22T17:30:00Z,0f2909e25d9307a32b840dcccf848e5f,oddsapi/hist_event_markets,1,"{""date"": ""2023-11-22T17:30:00Z"", ""dateFormat"": ""iso"", ""regions"": ""us,us2,eu""}"
73199b4f6b89f6a42cc775b8fd936a41cb2c28a9b610d91a6117318fe1669b1d,2023-11-23T17:20:00Z,0f2909e25d9307a32b840dcccf848e5f,oddsapi/hist_event_markets,1,"{""date"": ""2023-11-23T17:20:00Z"", ""dateFormat"": ""iso"", ""regions"": ""us,us2,eu""}"
df4e7d28383370cb16615e3f114acea4bc9a245297be204fddfdb474871a8ebc,2025-11-22T18:00:00Z,0ff4e68cf39cc57ca7cf1276e4a44d2f,oddsapi/hist_event_markets,1,"{""date"": ""2025-11-22T18:00:00Z"", ""dateFormat"": ""iso"", ""regions"": ""us,us2,eu""}"
ec02619146b69089a2aabc5a4c919a54c42a83c6fd464da8a42e281bc799799d,2025-11-23T17:50:00Z,0ff4e68cf39cc57ca7cf1276e4a44d2f,oddsapi/hist_event_markets,1,"{""date"": ""2025-11-23T17:50:00Z"", ""dateFormat"": ""iso"", ""regions"": ""us,us2,eu""}"
3cb4a3cb5d70b1b7ed737011ccf15f2982bc101ac43b23a31eed373ffd4d55f8,2025-10-18T20:25:00Z,1036171316ac51350b388c99e000cfc1,oddsapi/hist_event_markets,1,"{""date"": ""2025-10-18T20:25:00Z"", ""dateFormat"": ""iso"", ""regions"": ""us,us2,eu""}"
039b64330fb272376f175ea018c045ae9452db100a2f502ac2a67a72307b9eb7,2025-10-19T20:15:00Z,1036171316ac51350b388c99e000cfc1,oddsapi/hist_event_markets,1,"{""date"": ""2025-10-19T20:15:00Z"", ""dateFormat"": ""iso"", ""regions"": ""us,us2,eu""}"
443e9f7fd8dd2485086ffa4a1f0a22d54b5d69a7157950f96f96ddd7a7347e04,2023-12-30T18:00:00Z,10c45d3ea3c7306b41f67688c09df290,oddsapi/hist_event_markets,1,"{""date"": ""2023-12-30T18:00:00Z"", ""dateFormat"": ""iso"", ""regions"": ""us,us2,eu""}"
053b781934f6bee6849ae2412f5f0118c78935a10dbf6e6c1568cc02a1b9e140,2023-12-31T17:50:00Z,10c45d3ea3c7306b41f67688c09df290,oddsapi/hist_event_markets,1,"{""date"": ""2023-12-31T17:50:00Z"", ""dateFormat"": ""iso"", ""regions"": ""us,us2,eu""}"
6bac3cc7422584ed87f7eb87a8edc310d9d65d26cdd1c47fac8ac6817112a830,2023-12-21T01:15:00Z,11009ecb9244b0f3f598ed07bc26ac7b,oddsapi/hist_event_markets,1,"{""date"": ""2023-12-21T01:15:00Z"", ""dateFormat"": ""iso"", ""regions"": ""us,us2,eu""}"
17a58b304f4299e1ae451bf091efa57da0a3de422de8d4ade9e5cc3f019a7b0b,2023-12-22T01:05:00Z,11009ecb9244b0f3f598ed07bc26ac7b,oddsapi/hist_event_markets,1,"{""date"": ""2023-12-22T01:05:00Z"", ""dateFormat"": ""iso"", ""regions"": ""us,us2,eu""}"
59e3d66f5ab3cc2fc5767b8af3030d6e8334e732012ce49c03c9460a0eff3071,2024-11-02T18:00:00Z,11154d508a0b557087b0fa84cccf8a66,oddsapi/hist_event_markets,1,"{""date"": ""2024-11-02T18:00:00Z"", ""dateFormat"": ""iso"", ""regions"": ""us,us2,eu""}"
1048a6defc23c1156689101e622da23e637dafb64b2a3ffbed4091515c3f837e,2024-11-03T17:50:00Z,11154d508a0b557087b0fa84cccf8a66,oddsapi/hist_event_markets,1,"{""date"": ""2024-11-03T17:50:00Z"", ""dateFormat"": ""iso"", ""regions"": ""us,us2,eu""}"
181227b428b1390cbd75914a62554f981bf5cbf0bd9c05b6aa765a824492daa4,2024-09-14T17:00:00Z,111ac41e21c6f16a2d3d1511f07e2004,oddsapi/hist_event_markets,1,"{""date"": ""2024-09-14T17:00:00Z"", ""dateFormat"": ""iso"", ""regions"": ""us,us2,eu""}"
fc918e40bfe854e0167c4d98770a16169e41f1bea01bdb16229d612ccf93e674,2024-09-15T16:50:00Z,111ac41e21c6f16a2d3d1511f07e2004,oddsapi/hist_event_markets,1,"{""date"": ""2024-09-15T16:50:00Z"", ""dateFormat"": ""iso"", ""regions"": ""us,us2,eu""}"
d271b0e7ed0aca3cbc5bfda64ea716c735dca93c25aaaba9d9aed810068c2c4d,2023-10-05T00:15:00Z,115303070d36ce1e366dc4a3091c53cd,oddsapi/hist_event_markets,1,"{""date"": ""2023-10-05T00:15:00Z"", ""dateFormat"": ""iso"", ""regions"": ""us,us2,eu""}"
ff6c8c5c87854c7c26b6a5985361e0f1389b8ee23aa5a6a3539f29fa269f9dd3,2023-10-06T00:05:00Z,115303070d36ce1e366dc4a3091c53cd,oddsapi/hist_event_markets,1,"{""date"": ""2023-10-06T00:05:00Z"", ""dateFormat"": ""iso"", ""regions"": ""us,us2,eu""}"
ee2491db0ba25e6d99adbb84296c86f1c8c92fe9e77bfd2334816df17a150a72,2023-09-09T17:00:00Z,1278f44be0d97920fd149f7cdfc9574d,oddsapi/hist_event_markets,1,"{""date"": ""2023-09-09T17:00:00Z"", ""dateFormat"": ""iso"", ""regions"": ""us,us2,eu""}"
129ceee457af284176f1b8ff883e1d14bf1ab5899f1b3df832cc1c43bfc4e02c,2023-09-10T16:50:00Z,1278f44be0d97920fd149f7cdfc9574d,oddsapi/hist_event_markets,1,"{""date"": ""2023-09-10T16:50:00Z"", ""dateFormat"": ""iso"", ""regions"": ""us,us2,eu""}"
9ca05cfb0713a2162bd00497bf985ecc772be8a40b41c1b14e7fce385c4e19ce,2025-12-06T21:25:00Z,12bbffdcd65d53436b56c68a811ca610,oddsapi/hist_event_markets,1,"{""date"": ""2025-12-06T21:25:00Z"", ""dateFormat"": ""iso"", ""regions"": ""us,us2,eu""}"
5ee89400cc7ab65e2e5f841044e18cac89382e4bfce7ab5289b5c28c73e516c0,2025-12-07T21:15:00Z,12bbffdcd65d53436b56c68a811ca610,oddsapi/hist_event_markets,1,"{""date"": ""2025-12-07T21:15:00Z"", ""dateFormat"": ""iso"", ""regions"": ""us,us2,eu""}"
8be9b2c34558e5215e8a83e39b792a88ed9b0634ad8b276ee25391fb06c5f2a7,2024-12-21T18:00:00Z,134659e6aca5f32ceb1392398557953b,oddsapi/hist_event_markets,1,"{""date"": ""2024-12-21T18:00:00Z"", ""dateFormat"": ""iso"", ""regions"": ""us,us2,eu""}"
a294560aa8b6bbcd70cadfa2e06bb8182118a7be326d1bf1609b7b643f8a8270,2024-12-22T17:50:00Z,134659e6aca5f32ceb1392398557953b,oddsapi/hist_event_markets,1,"{""date"": ""2024-12-22T17:50:00Z"", ""dateFormat"": ""iso"", ""regions"": ""us,us2,eu""}"
fce67b2918a447f7fd6b3c2489be8c03d70673ee1d9d7530dd62c363dc5122ff,2023-11-04T18:00:00Z,13a6db4b4dcde6ea412927c1668faf65,oddsapi/hist_event_markets,1,"{""date"": ""2023-11-04T18:00:00Z"", ""dateFormat"": ""iso"", ""regions"": ""us,us2,eu""}"
745fc980399f597bd75acd2e1db5d18ec0cbf023a37b69afa97db3ce00271d24,2023-11-05T17:50:00Z,13a6db4b4dcde6ea412927c1668faf65,oddsapi/hist_event_markets,1,"{""date"": ""2023-11-05T17:50:00Z"", ""dateFormat"": ""iso"", ""regions"": ""us,us2,eu""}"
bbdf5dd385c4039296a3d91e1ff5ccd083960933a1ce95ec1be7a397b8131cc5,2025-11-06T01:15:00Z,13bdffda97e8fb13179fe3f2f69d66f8,oddsapi/hist_event_markets,1,"{""date"": ""2025-11-06T01:15:00Z"", ""dateFormat"": ""iso"", ""regions"": ""us,us2,eu""}"
13e3363a6c740c12c1004277d475af0194060777f7fd606be45cf88fd6311fc1,2025-11-07T01:05:00Z,13bdffda97e8fb13179fe3f2f69d66f8,oddsapi/hist_event_markets,1,"{""date"": ""2025-11-07T01:05:00Z"", ""dateFormat"": ""iso"", ""regions"": ""us,us2,eu""}"
8940df29a420cb3628d1a6250462e89bb23f8710fde972419e26f67904643bbd,2023-11-18T18:00:00Z,14322e4bcc697089c189622915db1a04,oddsapi/hist_event_markets,1,"{""date"": ""2023-11-18T18:00:00Z"", ""dateFormat"": ""iso"", ""regions"": ""us,us2,eu""}"
0d6e8b32006b0e101e59b76fe4fbd1265ee422d2d8e2acc6f3c3e32f753dbd3c,2023-11-19T17:50:00Z,14322e4bcc697089c189622915db1a04,oddsapi/hist_event_markets,1,"{""date"": ""2023-11-19T17:50:00Z"", ""dateFormat"": ""iso"", ""regions"": ""us,us2,eu""}"
792121eeff1b4ee2efb509db46bfaaf8e5fc1176f0c16bd6e7cd5f75ed632ff4,2024-12-23T01:15:00Z,14c12ef82be07b0dc984dd20d477bb8f,oddsapi/hist_event_markets,1,"{""date"": ""2024-12-23T01:15:00Z"", ""dateFormat"": ""iso"", ""regions"": ""us,us2,eu""}"
e8b374bf672462427618a8fe9216e27975c70facfa3d26fc92625881ba2bdd8f,2024-12-24T01:05:00Z,14c12ef82be07b0dc984dd20d477bb8f,oddsapi/hist_event_markets,1,"{""date"": ""2024-12-24T01:05:00Z"", ""dateFormat"": ""iso"", ""regions"": ""us,us2,eu""}"
01f498b52060be497a13945d7163ad947c5d296d8053939bb03e5e06dff12469,2023-12-30T18:00:00Z,14ee1908972456dd89e80d242417c095,oddsapi/hist_event_markets,1,"{""date"": ""2023-12-30T18:00:00Z"", ""dateFormat"": ""iso"", ""regions"": ""us,us2,eu""}"
7558d71882c8e833a7433910837a267f0335b645efbeac3cd2d8ca65b905ce3b,2023-12-31T17:50:00Z,14ee1908972456dd89e80d242417c095,oddsapi/hist_event_markets,1,"{""date"": ""2023-12-31T17:50:00Z"", ""dateFormat"": ""iso"", ""regions"": ""us,us2,eu""}"
9f747890b008b01719e9c0f87070b9548fceffe1c5433370c807826e2c8e55a8,2024-10-19T17:00:00Z,15077c31238fbc767b91e73f8068f2a2,oddsapi/hist_event_markets,1,"{""date"": ""2024-10-19T17:00:00Z"", ""dateFormat"": ""iso"", ""regions"": ""us,us2,eu""}"
87158e967dd0ddfd162dc10b7bc737c889079128fc3c9d1a75457ce07637562e,2024-10-20T16:50:00Z,15077c31238fbc767b91e73f8068f2a2,oddsapi/hist_event_markets,1,"{""date"": ""2024-10-20T16:50:00Z"", ""dateFormat"": ""iso"", ""regions"": ""us,us2,eu""}"
72fa9d1a20ff1d5c1d727ff3c2e293a80d01d52677d9d50c95c684f1b7a2d0cd,2025-12-06T18:00:00Z,15555b4c7283dc6553e011dd6c8aea8d,oddsapi/hist_event_markets,1,"{""date"": ""2025-12-06T18:00:00Z"", ""dateFormat"": ""iso"", ""regions"": ""us,us2,eu""}"
4da2379c78238bc8ccff756a1aada107338681c4dfc9d32f65050eeca3d093a9,2025-12-07T17:50:00Z,15555b4c7283dc6553e011dd6c8aea8d,oddsapi/hist_event_markets,1,"{""date"": ""2025-12-07T17:50:00Z"", ""dateFormat"": ""iso"", ""regions"": ""us,us2,eu""}"
745e03f458594ab44cd231738f405f5c79868891d980bfd55b66120d2508e7b5,2025-01-03T21:30:00Z,15a56f0e44d8fdb660a6a0aed2449e4b,oddsapi/hist_event_markets,1,"{""date"": ""2025-01-03T21:30:00Z"", ""dateFormat"": ""iso"", ""regions"": ""us,us2,eu""}"
2a967591d88075cac7030638f4ea2f283b3c91b3baf6ff3a1877c2bdffb122bc,2025-01-04T21:20:00Z,15a56f0e44d8fdb660a6a0aed2449e4b,oddsapi/hist_event_markets,1,"{""date"": ""2025-01-04T21:20:00Z"", ""dateFormat"": ""iso"", ""regions"": ""us,us2,eu""}"
a37edcbec422d103820a7b4e7fd68167d3e9db2ba6ffc61fd178a20cc69eaa18,2023-12-30T21:25:00Z,15e520010a81e82faa9db037632923aa,oddsapi/hist_event_markets,1,"{""date"": ""2023-12-30T21:25:00Z"", ""dateFormat"": ""iso"", ""regions"": ""us,us2,eu""}"
b466136743de873830e60c88c43f5f65a8c600881550f10a607be1e4967decd3,2023-12-31T21:15:00Z,15e520010a81e82faa9db037632923aa,oddsapi/hist_event_markets,1,"{""date"": ""2023-12-31T21:15:00Z"", ""dateFormat"": ""iso"", ""regions"": ""us,us2,eu""}"
e0a0a75bebc484730f0ff944bde03f235f50b437334d11473ce8fe0de7f17300,2023-10-19T00:15:00Z,16143d5b3cfe34d32198da53771e14ee,oddsapi/hist_event_markets,1,"{""date"": ""2023-10-19T00:15:00Z"", ""dateFormat"": ""iso"", ""regions"": ""us,us2,eu""}"
af3cd4da7b567066a2e36c3ada0bbfe38d377a3ef58ddea597b5536b754c39b6,2023-10-20T00:05:00Z,16143d5b3cfe34d32198da53771e14ee,oddsapi/hist_event_markets,1,"{""date"": ""2023-10-20T00:05:00Z"", ""dateFormat"": ""iso"", ""regions"": ""us,us2,eu""}"
5091fd761a911d6f2b41599b3dee919a4338fe2a012fa57e7bc0824cc0d6e606,2025-01-25T23:30:00Z,165f895da9df97bac81a9592d3c9181d,oddsapi/hist_event_markets,1,"{""date"": ""2025-01-25T23:30:00Z"", ""dateFormat"": ""iso"", ""regions"": ""us,us2,eu""}"
781466edfdf8506f2299ceff1cc1e5536328843e9461273b2a8393e590d290df,2025-01-26T23:20:00Z,165f895da9df97bac81a9592d3c9181d,oddsapi/hist_event_markets,1,"{""date"": ""2025-01-26T23:20:00Z"", ""dateFormat"": ""iso"", ""regions"": ""us,us2,eu""}"
b08ff4022de8170200cf2643728b6f0b3184bb38e513c3e6ecafa9eae5704578,2023-10-07T20:25:00Z,166bf980718e06c346f9eb8a6ed882db,oddsapi/hist_event_markets,1,"{""date"": ""2023-10-07T20:25:00Z"", ""dateFormat"": ""iso"", ""regions"": ""us,us2,eu""}"
7db0a022a672d8ed1ba994a5aa4c3df05ce421a4ea96c49d36785dd8ad261715,2023-10-08T20:15:00Z,166bf980718e06c346f9eb8a6ed882db,oddsapi/hist_event_markets,1,"{""date"": ""2023-10-08T20:15:00Z"", ""dateFormat"": ""iso"", ""regions"": ""us,us2,eu""}"
e09a234b3ec9c09db8bceaca69218fc3c3134635f9d13d151c3883c692df8858,2023-12-16T21:25:00Z,16807f51a2a89040e6573ff24bfcd9ab,oddsapi/hist_event_markets,1,"{""date"": ""2023-12-16T21:25:00Z"", ""dateFormat"": ""iso"", ""regions"": ""us,us2,eu""}"
c92942078bdff40357a3dd9d691adce340928d3fc68a0d781a1f5fbfa09a097d,2023-12-17T21:15:00Z,16807f51a2a89040e6573ff24bfcd9ab,oddsapi/hist_event_markets,1,"{""date"": ""2023-12-17T21:15:00Z"", ""dateFormat"": ""iso"", ""regions"": ""us,us2,eu""}"
05eb55b79735400ee218b931381b132529940086bf60b66cb96c81abcad82635,2023-09-09T17:00:00Z,175d9f07fc52d99b21bc772b1499c3d8,oddsapi/hist_event_markets,1,"{""date"": ""2023-09-09T17:00:00Z"", ""dateFormat"": ""iso"", ""regions"": ""us,us2,eu""}"
681ebb88974a743e9213df8e9ffca741e7db474a7b77c2eb807ebe3027461379,2023-09-10T16:50:00Z,175d9f07fc52d99b21bc772b1499c3d8,oddsapi/hist_event_markets,1,"{""date"": ""2023-09-10T16:50:00Z"", ""dateFormat"": ""iso"", ""regions"": ""us,us2,eu""}"
fb41a19a82dab544f80753a5772d4ed9fdead8e685e539cb0e1fa4a94857276f,2023-10-21T17:00:00Z,17d4277bfa01c37a1c599fb1fb3d3d13,oddsapi/hist_event_markets,1,"{""date"": ""2023-10-21T17:00:00Z"", ""dateFormat"": ""iso"", ""regions"": ""us,us2,eu""}"
61c830fc95b096376e1e6c03fd0e284eaaf17ee318205ca53211bd3591587a55,2023-10-22T16:50:00Z,17d4277bfa01c37a1c599fb1fb3d3d13,oddsapi/hist_event_markets,1,"{""date"": ""2023-10-22T16:50:00Z"", ""dateFormat"": ""iso"", ""regions"": ""us,us2,eu""}"
1a890e083e600f7c4a38ee9c2039800829060a3b5cd784de1edbed50dd7b786e,2024-09-14T17:00:00Z,17d4d840f9f4094d76c6e9b53b18ac05,oddsapi/hist_event_markets,1,"{""date"": ""2024-09-14T17:00:00Z"", ""dateFormat"": ""iso"", ""regions"": ""us,us2,eu""}"
feb47c0d16649bcc5c54de5b1c3f5d48e55d91cb5496f9ee741106a3a5b53bd3,2024-09-15T16:50:00Z,17d4d840f9f4094d76c6e9b53b18ac05,oddsapi/hist_event_markets,1,"{""date"": ""2024-09-15T16:50:00Z"", ""dateFormat"": ""iso"", ""regions"": ""us,us2,eu""}"
609f60fefb386c020823c4da7930fa22ca807d0a19489588bef7168c2abbeea6,2023-11-04T21:05:00Z,18005bf9b379df1435ae3caa1e12ac00,oddsapi/hist_event_markets,1,"{""date"": ""2023-11-04T21:05:00Z"", ""dateFormat"": ""iso"", ""regions"": ""us,us2,eu""}"
2082bc0b0a07c751e3e12395cfc4ffa67eeebbfd65c501e54542299d2947cf78,2023-11-05T20:55:00Z,18005bf9b379df1435ae3caa1e12ac00,oddsapi/hist_event_markets,1,"{""date"": ""2023-11-05T20:55:00Z"", ""dateFormat"": ""iso"", ""regions"": ""us,us2,eu""}"
a74565dbaccaecb75eead26730dd65054a1fd3b141cd7058de95589833bcce8a,2025-01-25T20:00:00Z,1828ad92c570cf68cb77f7754e9c6a5a,oddsapi/hist_event_markets,1,"{""date"": ""2025-01-25T20:00:00Z"", ""dateFormat"": ""iso"", ""regions"": ""us,us2,eu""}"
a5f5804c5a62ac8703ecbf9cf28faa7fdedcbe8f62faf0f5cdccfc5b328ee968,2025-01-26T19:50:00Z,1828ad92c570cf68cb77f7754e9c6a5a,oddsapi/hist_event_markets,1,"{""date"": ""2025-01-26T19:50:00Z"", ""dateFormat"": ""iso"", ""regions"": ""us,us2,eu""}"
9ba73ca308d66b906207a5966f8f41a854144af8ae7d8e42ff8c0e7498ad6044,2025-09-20T20:25:00Z,186868cc79ce1f5d22075b67ebbc7b64,oddsapi/hist_event_markets,1,"{""date"": ""2025-09-20T20:25:00Z"", ""dateFormat"": ""iso"", ""regions"": ""us,us2,eu""}"
890ae52a508278d0f7a4eeb4ca10c52e92bca9be66997dc0b39d309e1753055c,2025-09-21T20:15:00Z,186868cc79ce1f5d22075b67ebbc7b64,oddsapi/hist_event_markets,1,"{""date"": ""2025-09-21T20:15:00Z"", ""dateFormat"": ""iso"", ""regions"": ""us,us2,eu""}"
a594b68c16a12960b34bad6cc48aa80a45bb68fc111ca0fd426de06cb35bba8f,2023-10-14T20:25:00Z,18aaf89457d739e1a06bda112ef80cc7,oddsapi/hist_event_markets,1,"{""date"": ""2023-10-14T20:25:00Z"", ""dateFormat"": ""iso"", ""regions"": ""us,us2,eu""}"
ffabd4e787e0a5a2584ad898ff24ea4a77591b0eb58d49168107d1be26fef87f,2023-10-15T20:15:00Z,18aaf89457d739e1a06bda112ef80cc7,oddsapi/hist_event_markets,1,"{""date"": ""2023-10-15T20:15:00Z"", ""dateFormat"": ""iso"", ""regions"": ""us,us2,eu""}"
caac784aa2ee76284e3afc8f8d9f5bad0c84bf9cf8fd70304467eae4a4ebce90,2025-12-19T22:00:00Z,18fe4528a0bc43d9cd64bd09c0d5019f,oddsapi/hist_event_markets,1,"{""date"": ""2025-12-19T22:00:00Z"", ""dateFormat"": ""iso"", ""regions"": ""us,us2,eu""}"
5a837dbdaf15286c624709ee8e138ed29e1eb0aaf20ed29734dbb5ed40737169,2025-12-20T21:50:00Z,18fe4528a0bc43d9cd64bd09c0d5019f,oddsapi/hist_event_markets,1,"{""date"": ""2025-12-20T21:50:00Z"", ""dateFormat"": ""iso"", ""regions"": ""us,us2,eu""}"
004767de8d80cf2e19e560cc0ff884dd613058c58e2c2cf2f34fee7ab7b77c89,2025-10-06T00:15:00Z,1910db6879dddf37e4f86f0bcf1c9547,oddsapi/hist_event_markets,1,"{""date"": ""2025-10-06T00:15:00Z"", ""dateFormat"": ""iso"", ""regions"": ""us,us2,eu""}"
ea2610efaef6d155f0eae994884b2a4d44942292e858a84730013c8850929eb2,2025-10-07T00:05:00Z,1910db6879dddf37e4f86f0bcf1c9547,oddsapi/hist_event_markets,1,"{""date"": ""2025-10-07T00:05:00Z"", ""dateFormat"": ""iso"", ""regions"": ""us,us2,eu""}"
d92c9544b8f1cb2d66b36a570626522e6b144fdc7a9e4d599243ff4b88597bb4,2023-09-30T20:25:00Z,19b8f1eaf555f3eef3ce87a61ad7ad16,oddsapi/hist_event_markets,1,"{""date"": ""2023-09-30T20:25:00Z"", ""dateFormat"": ""iso"", ""regions"": ""us,us2,eu""}"
be77b977ae3fe1486f38e1cdc6d1d5d0c74d6254ebc5ebdbe53bf260df2edabd,2023-10-01T20:15:00Z,19b8f1eaf555f3eef3ce87a61ad7ad16,oddsapi/hist_event_markets,1,"{""date"": ""2023-10-01T20:15:00Z"", ""dateFormat"": ""iso"", ""regions"": ""us,us2,eu""}"
aa4c88fe9506862b88ee31feb3c78d9ae39a853f31ecadd159b65aba1de16b91,2024-11-23T21:05:00Z,19d5cf9ece71b4671440a3b9e03942c4,oddsapi/hist_event_markets,1,"{""date"": ""2024-11-23T21:05:00Z"", ""dateFormat"": ""iso"", ""regions"": ""us,us2,eu""}"
658606e231da75aff580f17ca6adeb757dd143eb5bf1b43341c8e89fd9a20a1a,2024-11-24T20:55:00Z,19d5cf9ece71b4671440a3b9e03942c4,oddsapi/hist_event_markets,1,"{""date"": ""2024-11-24T20:55:00Z"", ""dateFormat"": ""iso"", ""regions"": ""us,us2,eu""}"
4354c3ef4f32c508c620225689273ccf0c1451e521d1ad8c61d9a54535a65156,2026-01-03T21:25:00Z,1a5451b8f0d74f90937c52bec447dc40,oddsapi/hist_event_markets,1,"{""date"": ""2026-01-03T21:25:00Z"", ""dateFormat"": ""iso"", ""regions"": ""us,us2,eu""}"
4a2baa4915a214a09b5b8b2dab819fc06578de1dd85a28c915bdee1976b302f4,2026-01-04T21:15:00Z,1a5451b8f0d74f90937c52bec447dc40,oddsapi/hist_event_markets,1,"{""date"": ""2026-01-04T21:15:00Z"", ""dateFormat"": ""iso"", ""regions"": ""us,us2,eu""}"
b7d0d25075d1636d40d137fe0ac3124a1e4320f3aaf6f30b657c896916af4a99,2023-12-24T01:15:00Z,1a815be65f48c8cace4642809bf9baa2,oddsapi/hist_event_markets,1,"{""date"": ""2023-12-24T01:15:00Z"", ""dateFormat"": ""iso"", ""regions"": ""us,us2,eu""}"
9a66b675a965066220be99c5717423b264edf00b3c7b7b99125c710b43f3dfda,2023-12-25T01:05:00Z,1a815be65f48c8cace4642809bf9baa2,oddsapi/hist_event_markets,1,"{""date"": ""2023-12-25T01:05:00Z"", ""dateFormat"": ""iso"", ""regions"": ""us,us2,eu""}"
062685d6215a77f0b2d6be5620c529eac844d3183c138c4fd6e3f78372d48c88,2025-11-22T18:00:00Z,1a8f3d70399a5cad83c95196795ed77b,oddsapi/hist_event_markets,1,"{""date"": ""2025-11-22T18:00:00Z"", ""dateFormat"": ""iso"", ""regions"": ""us,us2,eu""}"
75ee218d3e2af1d9db747b4c732eca3e6baf80236456cfe69fcc617a8b6eaa9d,2025-11-23T17:50:00Z,1a8f3d70399a5cad83c95196795ed77b,oddsapi/hist_event_markets,1,"{""date"": ""2025-11-23T17:50:00Z"", ""dateFormat"": ""iso"", ""regions"": ""us,us2,eu""}"
0ef4acba42b725710c6ffbcf705377b073ca5b10393e937c14cadcf2e12ac3bf,2025-12-13T18:00:00Z,1aa1fb046f11dadb32dad77d5baf552e,oddsapi/hist_event_markets,1,"{""date"": ""2025-12-13T18:00:00Z"", ""dateFormat"": ""iso"", ""regions"": ""us,us2,eu""}"
79fe7c0ec423412c98e7cf7081a4421ab5508c870c13a0796af6b8d498aced3a,2025-12-14T17:50:00Z,1aa1fb046f11dadb32dad77d5baf552e,oddsapi/hist_event_markets,1,"{""date"": ""2025-12-14T17:50:00Z"", ""dateFormat"": ""iso"", ""regions"": ""us,us2,eu""}"
96e9344e2c9a68f6809513fc26984f573b44f11621dfb73037fcac414a4e4da0,2023-12-09T21:25:00Z,1b45a999d8130829ebd2663fed2dff9e,oddsapi/hist_event_markets,1,"{""date"": ""2023-12-09T21:25:00Z"", ""dateFormat"": ""iso"", ""regions"": ""us,us2,eu""}"
c548b985c1e6e7d254d0c4a0a35c7f2230839eb2bdd37da9a6a72105d7a76a0b,2023-12-10T21:15:00Z,1b45a999d8130829ebd2663fed2dff9e,oddsapi/hist_event_markets,1,"{""date"": ""2023-12-10T21:15:00Z"", ""dateFormat"": ""iso"", ""regions"": ""us,us2,eu""}"
52dc5ea2774803b346fc6d04bc2fde29e8ab5bc91f7e42c2225934db751e2059,2024-12-27T18:00:00Z,1bccaf2a9388f9d02f8f0c23cbc6b121,oddsapi/hist_event_markets,1,"{""date"": ""2024-12-27T18:00:00Z"", ""dateFormat"": ""iso"", ""regions"": ""us,us2,eu""}"
29473b3ad179a4633db9841b1c8db96e887dd72183bc4042fe1d94d750504b35,2024-12-28T17:50:00Z,1bccaf2a9388f9d02f8f0c23cbc6b121,oddsapi/hist_event_markets,1,"{""date"": ""2024-12-28T17:50:00Z"", ""dateFormat"": ""iso"", ""regions"": ""us,us2,eu""}"
f8f01d9b6fcfb25dbdd8ac1b705020319948090488042e43cc8661dc572028c7,2024-11-09T21:25:00Z,1c2195dfc898e85136f4d40b4ac512fb,oddsapi/hist_event_markets,1,"{""date"": ""2024-11-09T21:25:00Z"", ""dateFormat"": ""iso"", ""regions"": ""us,us2,eu""}"
3080f8341e3dbdd5b25d34a6d6191add44eb45dc364fd8fd2ddd55060a507de7,2024-11-10T21:15:00Z,1c2195dfc898e85136f4d40b4ac512fb,oddsapi/hist_event_markets,1,"{""date"": ""2024-11-10T21:15:00Z"", ""dateFormat"": ""iso"", ""regions"": ""us,us2,eu""}"
81ef28009d7aad6e43bc641d80f670c0d58ae1e21f9ac3936a0f40ea73b509e2,2023-10-21T20:05:00Z,1c4772551a69fb6409e6a77dbd6845ab,oddsapi/hist_event_markets,1,"{""date"": ""2023-10-21T20:05:00Z"", ""dateFormat"": ""iso"", ""regions"": ""us,us2,eu""}"
1bc460253e8335fa31125fd46a6c31546236df8f330db60e52a8a701c4df2b97,2023-10-22T19:55:00Z,1c4772551a69fb6409e6a77dbd6845ab,oddsapi/hist_event_markets,1,"{""date"": ""2023-10-22T19:55:00Z"", ""dateFormat"": ""iso"", ""regions"": ""us,us2,eu""}"
4b4a0bce46b673b6bad2d450bbe68e01d51e86cbba12034e5c1d9d95341a555e,2024-11-27T21:30:00Z,1c53fc0f9537ba80e2c121bb58979a24,oddsapi/hist_event_markets,1,"{""date"": ""2024-11-27T21:30:00Z"", ""dateFormat"": ""iso"", ""regions"": ""us,us2,eu""}"
f052940227120f4062f2eea84c6adfdf02a4cc701030b0b98eba1802ea636233,2024-11-28T21:20:00Z,1c53fc0f9537ba80e2c121bb58979a24,oddsapi/hist_event_markets,1,"{""date"": ""2024-11-28T21:20:00Z"", ""dateFormat"": ""iso"", ""regions"": ""us,us2,eu""}"
69b3b0a9453222ead9e1cf96d6b90dd21a1588b4a25fcdb9e144aee650e7db73,2024-12-26T01:15:00Z,1cc92f3601760bad475efd70d52ca482,oddsapi/hist_event_markets,1,"{""date"": ""2024-12-26T01:15:00Z"", ""dateFormat"": ""iso"", ""regions"": ""us,us2,eu""}"
73692aa6201192c9f69960d823a588a6312dd973c62b12510ab4e6683427485b,2024-12-27T01:05:00Z,1cc92f3601760bad475efd70d52ca482,oddsapi/hist_event_markets,1,"{""date"": ""2024-12-27T01:05:00Z"", ""dateFormat"": ""iso"", ""regions"": ""us,us2,eu""}"
da2f610420ace434b7c371f0c8043ced49105cc30131081098d618dfc0eae096,2023-09-23T17:00:00Z,1db441aef0ee06367729d9f1fc3e57b0,oddsapi/hist_event_markets,1,"{""date"": ""2023-09-23T17:00:00Z"", ""dateFormat"": ""iso"", ""regions"": ""us,us2,eu""}"
1e7fc427d4975025176feda827c081a1010f38b5819e8f368e54b2fac5f68652,2023-09-24T16:50:00Z,1db441aef0ee06367729d9f1fc3e57b0,oddsapi/hist_event_markets,1,"{""date"": ""2023-09-24T16:50:00Z"", ""dateFormat"": ""iso"", ""regions"": ""us,us2,eu""}"
14f7140c4fa6e988d088cc08745e538a66ddbc459452c7b7fd00a6751843ce21,2023-09-24T23:15:00Z,1e006c91ca2e69c339ed517495a2f428,oddsapi/hist_event_markets,1,"{""date"": ""2023-09-24T23:15:00Z"", ""dateFormat"": ""iso"", ""regions"": ""us,us2,eu""}"
adecf0cca2834b26fa577edc758703bf66ff8a98eef53a088d0714ff6fd69efc,2023-09-25T23:05:00Z,1e006c91ca2e69c339ed517495a2f428,oddsapi/hist_event_markets,1,"{""date"": ""2023-09-25T23:05:00Z"", ""dateFormat"": ""iso"", ""regions"": ""us,us2,eu""}"
44f8fbb0a1d95e0f30f566114bfc285ef7611bd3e10413cb7a979905fc6c7332,2025-09-06T17:00:00Z,1e09eb3fe1385796c1a32000de48ac64,oddsapi/hist_event_markets,1,"{""date"": ""2025-09-06T17:00:00Z"", ""dateFormat"": ""iso"", ""regions"": ""us,us2,eu""}"
b1c04e35a87d40a3eaf2acc4a4011173cb510eef5da249cc12efe0153222b53e,2025-09-07T16:50:00Z,1e09eb3fe1385796c1a32000de48ac64,oddsapi/hist_event_markets,1,"{""date"": ""2025-09-07T16:50:00Z"", ""dateFormat"": ""iso"", ""regions"": ""us,us2,eu""}"
e067be5a5c14e369170cdabc1d1b3ec3b206a4de27c9109649f4fd7ee696065b,2025-10-04T17:00:00Z,1e3d3526039030b96471845ade5992cf,oddsapi/hist_event_markets,1,"{""date"": ""2025-10-04T17:00:00Z"", ""dateFormat"": ""iso"", ""regions"": ""us,us2,eu""}"
6f13754d052ad4ecc6f7706ff34711fafa1c16d571796856de9f60bfe403b492,2025-10-05T16:50:00Z,1e3d3526039030b96471845ade5992cf,oddsapi/hist_event_markets,1,"{""date"": ""2025-10-05T16:50:00Z"", ""dateFormat"": ""iso"", ""regions"": ""us,us2,eu""}"
6f80165567f046a9ceabbd2253e780e931bf4378ad43ac52f8d853f486f1b757,2024-02-10T23:30:00Z,1e5633073b585f9550959cc85872c68d,oddsapi/hist_event_markets,1,"{""date"": ""2024-02-10T23:30:00Z"", ""dateFormat"": ""iso"", ""regions"": ""us,us2,eu""}"
62750fd3b25720992292f6b4b9adbf454e2956d5ceba4373687f9d1f0c654b1f,2024-02-11T23:20:00Z,1e5633073b585f9550959cc85872c68d,oddsapi/hist_event_markets,1,"{""date"": ""2024-02-11T23:20:00Z"", ""dateFormat"": ""iso"", ""regions"": ""us,us2,eu""}"
515f8f06f32e8cc6fb723474d8862ae73a2b93c046d52ce0be927761984af516,2024-11-16T18:00:00Z,1e5feffbcc2b9c122727b45963203298,oddsapi/hist_event_markets,1,"{""date"": ""2024-11-16T18:00:00Z"", ""dateFormat"": ""iso"", ""regions"": ""us,us2,eu""}"
7a992999735565f2388c558e231a5706f6195950436598839a99fae60f4f4f72,2024-11-17T17:50:00Z,1e5feffbcc2b9c122727b45963203298,oddsapi/hist_event_markets,1,"{""date"": ""2024-11-17T17:50:00Z"", ""dateFormat"": ""iso"", ""regions"": ""us,us2,eu""}"
e90b06b036c507c44ac759045b5738258bba8028ebf6961421cf517d2d85e8a9,2026-01-17T20:00:00Z,1e7cc7c3ef7d9f4e473cb43f39652897,oddsapi/hist_event_markets,1,"{""date"": ""2026-01-17T20:00:00Z"", ""dateFormat"": ""iso"", ""regions"": ""us,us2,eu""}"
ce3c52eb7814dade58573ce88ecf3892e5949af589b3452a86e7bc80b76a6c8d,2026-01-18T19:50:00Z,1e7cc7c3ef7d9f4e473cb43f39652897,oddsapi/hist_event_markets,1,"{""date"": ""2026-01-18T19:50:00Z"", ""dateFormat"": ""iso"", ""regions"": ""us,us2,eu""}"
feae4d8300958bd9ee53882c5d3fd480852d0d3ee164eec29d8f0c31729b95b7,2023-09-16T17:00:00Z,1ed637f2ef1ae5f2f7184d38e94fe137,oddsapi/hist_event_markets,1,"{""date"": ""2023-09-16T17:00:00Z"", ""dateFormat"": ""iso"", ""regions"": ""us,us2,eu""}"
0a03ef820de211e1599690bce2cd36bfdc54ebf542bc159201c23a891b8067bf,2023-09-17T16:50:00Z,1ed637f2ef1ae5f2f7184d38e94fe137,oddsapi/hist_event_markets,1,"{""date"": ""2023-09-17T16:50:00Z"", ""dateFormat"": ""iso"", ""regions"": ""us,us2,eu""}"
acc9dc184d17c86633b0c48990817e73f9db105f5826962256132e22cd004c09,2025-09-13T17:00:00Z,1ee9ea2c8256bc6be5dd92e60f6c17de,oddsapi/hist_event_markets,1,"{""date"": ""2025-09-13T17:00:00Z"", ""dateFormat"": ""iso"", ""regions"": ""us,us2,eu""}"
8c76ca70576dd7f541a3349de0452740851d0a00347d0fc2152ee0274013a5a4,2025-09-14T16:50:00Z,1ee9ea2c8256bc6be5dd92e60f6c17de,oddsapi/hist_event_markets,1,"{""date"": ""2025-09-14T16:50:00Z"", ""dateFormat"": ""iso"", ""regions"": ""us,us2,eu""}"
9006edfa347e06083e90b9a30c471a92fcb7788fc31c238cee183b6af3405a80,2023-12-30T18:00:00Z,1eefaa757efae485b1164d514ef95c72,oddsapi/hist_event_markets,1,"{""date"": ""2023-12-30T18:00:00Z"", ""dateFormat"": ""iso"", ""regions"": ""us,us2,eu""}"
b0a2513595495f80a6d57cb5f95a0f3483c75a89aa7a341862df56cb73efe111,2023-12-31T17:50:00Z,1eefaa757efae485b1164d514ef95c72,oddsapi/hist_event_markets,1,"{""date"": ""2023-12-31T17:50:00Z"", ""dateFormat"": ""iso"", ""regions"": ""us,us2,eu""}"
b5311245afa92fbaac6d247d00ea4f39712d651701bcebc5075a0c2490344b25,2023-11-11T18:00:00Z,1ef403b76cec4a4fafa9896083ab1e98,oddsapi/hist_event_markets,1,"{""date"": ""2023-11-11T18:00:00Z"", ""dateFormat"": ""iso"", ""regions"": ""us,us2,eu""}"
94e872e2e3ba63a54b9998f4fc4dac45661447c7936fec85da03e9e2336e14a3,2023-11-12T17:50:00Z,1ef403b76cec4a4fafa9896083ab1e98,oddsapi/hist_event_markets,1,"{""date"": ""2023-11-12T17:50:00Z"", ""dateFormat"": ""iso"", ""regions"": ""us,us2,eu""}"
393599a3538e9c3ac5b3352fd0791db7917773fb8c2c5064f5d153a4d06fad56,2024-10-24T00:15:00Z,1f22f5d9de70779ac521b9c1de59162f,oddsapi/hist_event_markets,1,"{""date"": ""2024-10-24T00:15:00Z"", ""dateFormat"": ""iso"", ""regions"": ""us,us2,eu""}"
601297e38416d8b8e17e9c79b964760116a802665e70a46966e3b6ef67b22d0d,2024-10-25T00:05:00Z,1f22f5d9de70779ac521b9c1de59162f,oddsapi/hist_event_markets,1,"{""date"": ""2024-10-25T00:05:00Z"", ""dateFormat"": ""iso"", ""regions"": ""us,us2,eu""}"
a2642749a0868113cb83f11f68994460038b24aa86e301b2f48780c5c2334fa7,2024-09-28T17:00:00Z,1f9f768db4ab5e36fad5080f8a338725,oddsapi/hist_event_markets,1,"{""date"": ""2024-09-28T17:00:00Z"", ""dateFormat"": ""iso"", ""regions"": ""us,us2,eu""}"
85046625be12552a1ddc3db9ef5bb32d3a5f335b4c0e8a722b82b1e2b6acbdfd,2024-09-29T16:50:00Z,1f9f768db4ab5e36fad5080f8a338725,oddsapi/hist_event_markets,1,"{""date"": ""2024-09-29T16:50:00Z"", ""dateFormat"": ""iso"", ""regions"": ""us,us2,eu""}"
f3a644647accb68a458bf2520f2227e5230859e2a22a1ecd70c468be2163885c,2025-10-04T17:00:00Z,1fe136913ef0e77717c0f0668163637f,oddsapi/hist_event_markets,1,"{""date"": ""2025-10-04T17:00:00Z"", ""dateFormat"": ""iso"", ""regions"": ""us,us2,eu""}"
f05510d7e02a0f0efaa8dc4c736aba4ef0506e499185716669a7d5b162bb110b,2025-10-05T16:50:00Z,1fe136913ef0e77717c0f0668163637f,oddsapi/hist_event_markets,1,"{""date"": ""2025-10-05T16:50:00Z"", ""dateFormat"": ""iso"", ""regions"": ""us,us2,eu""}"
83237a5ea66e63833f75e756625027c44df86e1f2c717beab2d7a12c0022d2f2,2024-09-21T17:00:00Z,200c20527d1d6f44257155548cdac1e8,oddsapi/hist_event_markets,1,"{""date"": ""2024-09-21T17:00:00Z"", ""dateFormat"": ""iso"", ""regions"": ""us,us2,eu""}"
b4b32740c5bcb5f618379aed9ad61f78e60f65c5fe9b31a272161728d81260aa,2024-09-22T16:50:00Z,200c20527d1d6f44257155548cdac1e8,oddsapi/hist_event_markets,1,"{""date"": ""2024-09-22T16:50:00Z"", ""dateFormat"": ""iso"", ""regions"": ""us,us2,eu""}"
25ae390475b83c44cfe71a74f6fe97200b4301eff0ddf6ca94e5bf4324df32d9,2024-10-19T20:05:00Z,205e5260b14ecb55558ddb85f419edaf,oddsapi/hist_event_markets,1,"{""date"": ""2024-10-19T20:05:00Z"", ""dateFormat"": ""iso"", ""regions"": ""us,us2,eu""}"
0d7901b43a232d923324e4ce49c1c1b780cb7d84bd284c9f3cfcdcbb0f03a6b9,2024-10-20T19:55:00Z,205e5260b14ecb55558ddb85f419edaf,oddsapi/hist_event_markets,1,"{""date"": ""2024-10-20T19:55:00Z"", ""dateFormat"": ""iso"", ""regions"": ""us,us2,eu""}"
5166a907fa4e0e4c60251567c5cc907e76e26b855ef17d9c2dc57ad7eef0a429,2024-01-12T21:30:00Z,20a35d24ca8a5d672a6520effdcbacb6,oddsapi/hist_event_markets,1,"{""date"": ""2024-01-12T21:30:00Z"", ""dateFormat"": ""iso"", ""regions"": ""us,us2,eu""}"
3136c4faf0aac4faa4074776cca54458c660062ecc1649ab657b20faccc1a59b,2024-01-13T21:20:00Z,20a35d24ca8a5d672a6520effdcbacb6,oddsapi/hist_event_markets,1,"{""date"": ""2024-01-13T21:20:00Z"", ""dateFormat"": ""iso"", ""regions"": ""us,us2,eu""}"
e6209d9ede96dddf2f6545b15ce20016473df633d0c47b0878154d7a44088cb9,2025-09-20T20:25:00Z,20b50dac292089c063b21e1410f172ef,oddsapi/hist_event_markets,1,"{""date"": ""2025-09-20T20:25:00Z"", ""dateFormat"": ""iso"", ""regions"": ""us,us2,eu""}"
e2d84b89b9c60a5f99d2fd88aae88f22231ada3c91c0f5659781d8c697e1a762,2025-09-21T20:15:00Z,20b50dac292089c063b21e1410f172ef,oddsapi/hist_event_markets,1,"{""date"": ""2025-09-21T20:15:00Z"", ""dateFormat"": ""iso"", ""regions"": ""us,us2,eu""}"
c482cf5c1dd4defec4048076545ea49e9bbb95a50c5ae64b523645e8f8af32b1,2024-12-07T18:00:00Z,20f2d85ab93463d3c7dbe2573da7f892,oddsapi/hist_event_markets,1,"{""date"": ""2024-12-07T18:00:00Z"", ""dateFormat"": ""iso"", ""regions"": ""us,us2,eu""}"
09e69348dc8d35988ba97e3fafb24dfa1fa2a37ac4053de9ce9d66b17dbd2838,2024-12-08T17:50:00Z,20f2d85ab93463d3c7dbe2573da7f892,oddsapi/hist_event_markets,1,"{""date"": ""2024-12-08T17:50:00Z"", ""dateFormat"": ""iso"", ""regions"": ""us,us2,eu""}"
6f25a8628a84046d201dd5602bb5e937d5c3e902af7474cd10967c88813ad163,2023-12-09T18:00:00Z,21466b3f0fdff97da5c44d0774f2c1a6,oddsapi/hist_event_markets,1,"{""date"": ""2023-12-09T18:00:00Z"", ""dateFormat"": ""iso"", ""regions"": ""us,us2,eu""}"
395d68e25ced45683b87b2148211cb572b2f47b79aff7e6855f5769a5f0f3cdb,2023-12-10T17:50:00Z,21466b3f0fdff97da5c44d0774f2c1a6,oddsapi/hist_event_markets,1,"{""date"": ""2023-12-10T17:50:00Z"", ""dateFormat"": ""iso"", ""regions"": ""us,us2,eu""}"
48b0a0b2234a2346562899749cf39de16d7e2fbe84845fb9a91691c5a96f63df,2023-09-30T17:00:00Z,21557c1796a67d11b1d49a025fc5f74f,oddsapi/hist_event_markets,1,"{""date"": ""2023-09-30T17:00:00Z"", ""dateFormat"": ""iso"", ""regions"": ""us,us2,eu""}"
f3c703ba8523e03c90c14d15e023414b86a9449b4ece042a9872ea0244507eb6,2023-10-01T16:50:00Z,21557c1796a67d11b1d49a025fc5f74f,oddsapi/hist_event_markets,1,"{""date"": ""2023-10-01T16:50:00Z"", ""dateFormat"": ""iso"", ""regions"": ""us,us2,eu""}"
0974bc09d8ba96262bcbe7245473ffcee3b7f16f3e5107da0bcaf0cf42744bdf,2023-09-14T00:15:00Z,217559949d3b88a1267c2c4c480eab51,oddsapi/hist_event_markets,1,"{""date"": ""2023-09-14T00:15:00Z"", ""dateFormat"": ""iso"", ""regions"": ""us,us2,eu""}"
5fa6971fc4569e349b2094592bc394a947b29dbecb66d8ecc685fcaffa6b0952,2023-09-15T00:05:00Z,217559949d3b88a1267c2c4c480eab51,oddsapi/hist_event_markets,1,"{""date"": ""2023-09-15T00:05:00Z"", ""dateFormat"": ""iso"", ""regions"": ""us,us2,eu""}"
64083e5531a42a2de88bb96f6c3f1db7f5005b3e8deda2d1d1976da6f6697893,2023-10-28T17:00:00Z,21c7005a3e6cd5da08d67e737a83d89d,oddsapi/hist_event_markets,1,"{""date"": ""2023-10-28T17:00:00Z"", ""dateFormat"": ""iso"", ""regions"": ""us,us2,eu""}"
37181d30d2fe612c050db961ed0ac812576e86103bf93553e171bcb23cc9efee,2023-10-29T16:50:00Z,21c7005a3e6cd5da08d67e737a83d89d,oddsapi/hist_event_markets,1,"{""date"": ""2023-10-29T16:50:00Z"", ""dateFormat"": ""iso"", ""regions"": ""us,us2,eu""}"
51f63b61ea7cd8f7577dc03f3e71932c9c13f50091885c7124e489f6d7351dd7,2025-11-08T18:00:00Z,21f47a328fb2ab65c01360a7a2bd9571,oddsapi/hist_event_markets,1,"{""date"": ""2025-11-08T18:00:00Z"", ""dateFormat"": ""iso"", ""regions"": ""us,us2,eu""}"
58f8342316820393793dc9d454bf87ec75e5cda4ae014c075d09385f36b1ad99,2025-11-09T17:50:00Z,21f47a328fb2ab65c01360a7a2bd9571,oddsapi/hist_event_markets,1,"{""date"": ""2025-11-09T17:50:00Z"", ""dateFormat"": ""iso"", ""regions"": ""us,us2,eu""}"
2208d502aa013db5ea97b95913eeef2e78ff4d37f42581322774ea29391d8d7c,2025-01-25T23:30:00Z,22818189fc5a3166e04ce2be6e94cfa2,oddsapi/hist_event_markets,1,"{""date"": ""2025-01-25T23:30:00Z"", ""dateFormat"": ""iso"", ""regions"": ""us,us2,eu""}"
9a451e2c7d6522c3e1e82fb421602e151580580add6e79de6c3d2c9fcbaf189c,2025-01-26T23:20:00Z,22818189fc5a3166e04ce2be6e94cfa2,oddsapi/hist_event_markets,1,"{""date"": ""2025-01-26T23:20:00Z"", ""dateFormat"": ""iso"", ""regions"": ""us,us2,eu""}"
ae0d6de279e7bcfe00137a78d62ccf1aa955ec408378831c0d1cf55d782dadb3,2025-11-15T18:00:00Z,229a5e9ce60dcb344a8cc3c97121154e,oddsapi/hist_event_markets,1,"{""date"": ""2025-11-15T18:00:00Z"", ""dateFormat"": ""iso"", ""regions"": ""us,us2,eu""}"
1840f032080037025950fc44b14fab465168ec6cb9fb30ed096f967376c76ce2,2025-11-16T17:50:00Z,229a5e9ce60dcb344a8cc3c97121154e,oddsapi/hist_event_markets,1,"{""date"": ""2025-11-16T17:50:00Z"", ""dateFormat"": ""iso"", ""regions"": ""us,us2,eu""}"
90add7894d7f7704d50c46275b881c4cc92049685a10b008e3ae42187a272814,2025-11-01T18:00:00Z,2340a6e0794d5688996dcf8aaf634742,oddsapi/hist_event_markets,1,"{""date"": ""2025-11-01T18:00:00Z"", ""dateFormat"": ""iso"", ""regions"": ""us,us2,eu""}"
bd9c9ae7e945083b0224f931f33019895fd14f4260cfdbd8f18cfc4674278fd8,2025-11-02T17:50:00Z,2340a6e0794d5688996dcf8aaf634742,oddsapi/hist_event_markets,1,"{""date"": ""2025-11-02T17:50:00Z"", ""dateFormat"": ""iso"", ""regions"": ""us,us2,eu""}"
e538e1df52dd94a65357932b17d9a74f05d74c0939aa642e3a9ad6cb2fcb7a89,2023-09-30T17:00:00Z,24264c7ce10b65e575310ae99c25fb7f,oddsapi/hist_event_markets,1,"{""date"": ""2023-09-30T17:00:00Z"", ""dateFormat"": ""iso"", ""regions"": ""us,us2,eu""}"
01f5e5b90477e110a8980dc7430a98cffde2842b0e9669f04a62277aca063d4e,2023-10-01T16:50:00Z,24264c7ce10b65e575310ae99c25fb7f,oddsapi/hist_event_markets,1,"{""date"": ""2023-10-01T16:50:00Z"", ""dateFormat"": ""iso"", ""regions"": ""us,us2,eu""}"
bc76ea815a526a5d830b20e4854cd1685f33b454e236f8819c4073ab437d8694,2024-10-13T00:20:00Z,245c50e05349966d749c7e3f05699647,oddsapi/hist_event_markets,1,"{""date"": ""2024-10-13T00:20:00Z"", ""dateFormat"": ""iso"", ""regions"": ""us,us2,eu""}"
e64e551ab6650e80247a152b18cc82309aaef5e21f7df1f0cd9cec7c044f8acc,2024-10-14T00:10:00Z,245c50e05349966d749c7e3f05699647,oddsapi/hist_event_markets,1,"{""date"": ""2024-10-14T00:10:00Z"", ""dateFormat"": ""iso"", ""regions"": ""us,us2,eu""}"
c4676ac5109956a85a515857637b284d198f58c14c304f0ddcc9caf845fdf0bb,2024-09-28T20:05:00Z,2536f23add2224ed79c070c55af28bbf,oddsapi/hist_event_markets,1,"{""date"": ""2024-09-28T20:05:00Z"", ""dateFormat"": ""iso"", ""regions"": ""us,us2,eu""}"
42c4246027ae68f99ae43cff5fd16a33a75720d3f4c9bab667062247628e3d2d,2024-09-29T19:55:00Z,2536f23add2224ed79c070c55af28bbf,oddsapi/hist_event_markets,1,"{""date"": ""2024-09-29T19:55:00Z"", ""dateFormat"": ""iso"", ""regions"": ""us,us2,eu""}"
c437fa63102e7982a003b42b4fee120edc5ff5c31debc8d5d371a589c56e8565,2025-12-20T18:00:00Z,2557976e0e66ab698539b543de125469,oddsapi/hist_event_markets,1,"{""date"": ""2025-12-20T18:00:00Z"", ""dateFormat"": ""iso"", ""regions"": ""us,us2,eu""}"
3d268d2274704a10b3705e3142d484253bdaaeeeb1da6aeca5585849bde3fd96,2025-12-21T17:50:00Z,2557976e0e66ab698539b543de125469,oddsapi/hist_event_markets,1,"{""date"": ""2025-12-21T17:50:00Z"", ""dateFormat"": ""iso"", ""regions"": ""us,us2,eu""}"
472c1cdac0ae077b547758329a2bdf397c4e47060f91db21bcc9b09348c1f3c3,2024-12-21T21:05:00Z,2564203db1e6a1661681990219083e55,oddsapi/hist_event_markets,1,"{""date"": ""2024-12-21T21:05:00Z"", ""dateFormat"": ""iso"", ""regions"": ""us,us2,eu""}"
ebed6cd516403d02c7bea287f591d1d0a9c5ba08be5643ad80f412d601c1184b,2024-12-22T20:55:00Z,2564203db1e6a1661681990219083e55,oddsapi/hist_event_markets,1,"{""date"": ""2024-12-22T20:55:00Z"", ""dateFormat"": ""iso"", ""regions"": ""us,us2,eu""}"
dd761b1f4022a260b38e4d4786a1566e008b5308642944623bf64225f6c41368,2023-12-24T18:00:00Z,25aea15aa16519945e654a0a5158ccf0,oddsapi/hist_event_markets,1,"{""date"": ""2023-12-24T18:00:00Z"", ""dateFormat"": ""iso"", ""regions"": ""us,us2,eu""}"
4941e6dc63f223622d36c549c55d6e3d6f0695fbceb570182c64e24eb5be9fa6,2023-12-25T17:50:00Z,25aea15aa16519945e654a0a5158ccf0,oddsapi/hist_event_markets,1,"{""date"": ""2023-12-25T17:50:00Z"", ""dateFormat"": ""iso"", ""regions"": ""us,us2,eu""}"
3bd0cb01359ba816935713d6f882e991e1f96a71ab9f73bd7757ab447e76ef16,2025-11-15T14:30:00Z,265f0188945bb81ec64751571eb724cb,oddsapi/hist_event_markets,1,"{""date"": ""2025-11-15T14:30:00Z"", ""dateFormat"": ""iso"", ""regions"": ""us,us2,eu""}"
da169a891579044d5ae5a743b80a914a8834de1f39855154ff7e20c0b686b1b0,2025-11-16T14:20:00Z,265f0188945bb81ec64751571eb724cb,oddsapi/hist_event_markets,1,"{""date"": ""2025-11-16T14:20:00Z"", ""dateFormat"": ""iso"", ""regions"": ""us,us2,eu""}"
b2475a3d831b1636afa1fc1c8d755866817954d71ef860b6ad8be4c7bc7c9895,2023-12-16T18:00:00Z,269d93043744dc23028a0de89fbc3c14,oddsapi/hist_event_markets,1,"{""date"": ""2023-12-16T18:00:00Z"", ""dateFormat"": ""iso"", ""regions"": ""us,us2,eu""}"
0180b73a4a01e1588a35608e6fb8b96ffa9e0ce2e7be5e11e96c7aa6ce0df835,2023-12-17T17:50:00Z,269d93043744dc23028a0de89fbc3c14,oddsapi/hist_event_markets,1,"{""date"": ""2023-12-17T17:50:00Z"", ""dateFormat"": ""iso"", ""regions"": ""us,us2,eu""}"
566ffca32002b5125ee53e62f35913ca1e85059bfd99e374d84cb68f76f518bb,2024-10-21T00:15:00Z,269f082de1c875831ceb05c8e0fa6e9e,oddsapi/hist_event_markets,1,"{""date"": ""2024-10-21T00:15:00Z"", ""dateFormat"": ""iso"", ""regions"": ""us,us2,eu""}"
5036c8b86d3d503f4d9e787511619ef18d1ee86d60211b45e912325a1f53e434,2024-10-22T00:05:00Z,269f082de1c875831ceb05c8e0fa6e9e,oddsapi/hist_event_markets,1,"{""date"": ""2024-10-22T00:05:00Z"", ""dateFormat"": ""iso"", ""regions"": ""us,us2,eu""}"
dc056348aad141466d69188fd83c0d7bde32985c7a6d4e2242424849eae5d021,2026-01-03T18:00:00Z,26b8cf55eeac1bb05b585132f7dcc0e3,oddsapi/hist_event_markets,1,"{""date"": ""2026-01-03T18:00:00Z"", ""dateFormat"": ""iso"", ""regions"": ""us,us2,eu""}"
4b3f23c5f4ae23e76c5e3488ef7b3856741f6ceb7446e59e6972fdd07484d130,2026-01-04T17:50:00Z,26b8cf55eeac1bb05b585132f7dcc0e3,oddsapi/hist_event_markets,1,"{""date"": ""2026-01-04T17:50:00Z"", ""dateFormat"": ""iso"", ""regions"": ""us,us2,eu""}"
0dacf5843552427dedc12440c608ed1e4212d4cddef8faea13fabd2fcac7dd59,2025-11-08T21:25:00Z,2710103fe4fb0170ae03b4e34bde8132,oddsapi/hist_event_markets,1,"{""date"": ""2025-11-08T21:25:00Z"", ""dateFormat"": ""iso"", ""regions"": ""us,us2,eu""}"
995fdd55c2146f0457eb130f42f06fddc3b22aab34a72e00777ad7f44abdbce5,2025-11-09T21:15:00Z,2710103fe4fb0170ae03b4e34bde8132,oddsapi/hist_event_markets,1,"{""date"": ""2025-11-09T21:15:00Z"", ""dateFormat"": ""iso"", ""regions"": ""us,us2,eu""}"
c3b1f11d3359c5d801bd628f59faaa2a9b59f0b6b0582ac6de1a05f2b1acc2d6,2026-01-10T01:00:00Z,271335072b85daf0ceabb360ef75220e,oddsapi/hist_event_markets,1,"{""date"": ""2026-01-10T01:00:00Z"", ""dateFormat"": ""iso"", ""regions"": ""us,us2,eu""}"
59128e3b2f83e01ff52a15a0478e96d7d585754c87952fe5b1df4f8cdabc7be0,2026-01-11T00:50:00Z,271335072b85daf0ceabb360ef75220e,oddsapi/hist_event_markets,1,"{""date"": ""2026-01-11T00:50:00Z"", ""dateFormat"": ""iso"", ""regions"": ""us,us2,eu""}"
47bc0b8d20fbe784149cd41fa00b620a9e6437693045236c2e90360644c82b23,2025-11-22T21:05:00Z,27f50ddbc4c3fbad10398c5187a28dc7,oddsapi/hist_event_markets,1,"{""date"": ""2025-11-22T21:05:00Z"", ""dateFormat"": ""iso"", ""regions"": ""us,us2,eu""}"
1dc7a1e681df60b7982043c3130efbb3e55118ba9ae347359bc24816f413c4e4,2025-11-23T20:55:00Z,27f50ddbc4c3fbad10398c5187a28dc7,oddsapi/hist_event_markets,1,"{""date"": ""2025-11-23T20:55:00Z"", ""dateFormat"": ""iso"", ""regions"": ""us,us2,eu""}"
3a6f476016d23a03b908bbf5112584cadff3c5d5785c5b1820548612d5d2f951,2024-10-26T17:00:00Z,2883af924ad72a75da65e3257b9284e7,oddsapi/hist_event_markets,1,"{""date"": ""2024-10-26T17:00:00Z"", ""dateFormat"": ""iso"", ""regions"": ""us,us2,eu""}"
ae398d568c1ff2272003f3aed2ebe81f7628899e243da78f5f4c2b3c46046a48,2024-10-27T16:50:00Z,2883af924ad72a75da65e3257b9284e7,oddsapi/hist_event_markets,1,"{""date"": ""2024-10-27T16:50:00Z"", ""dateFormat"": ""iso"", ""regions"": ""us,us2,eu""}"
9160c5d2a8832ef1828066235527010ea2a82d101974b02757c981939c49f430,2024-11-23T18:00:00Z,28c6ab7cb99a26666b9c7d649bbd46f3,oddsapi/hist_event_markets,1,"{""date"": ""2024-11-23T18:00:00Z"", ""dateFormat"": ""iso"", ""regions"": ""us,us2,eu""}"
0075f504781db37d628d502c39dfff93323714ea13cfeef2bc882dc350dd4f29,2024-11-24T17:50:00Z,28c6ab7cb99a26666b9c7d649bbd46f3,oddsapi/hist_event_markets,1,"{""date"": ""2024-11-24T17:50:00Z"", ""dateFormat"": ""iso"", ""regions"": ""us,us2,eu""}"
b37fb807269e96b80c1708f7a1f8aa9541955a2676fa206f1e9f71796faa8d18,2025-12-25T01:15:00Z,29164a99a917051c6e1778270033d362,oddsapi/hist_event_markets,1,"{""date"": ""2025-12-25T01:15:00Z"", ""dateFormat"": ""iso"", ""regions"": ""us,us2,eu""}"
ed77420b8cbca39199821b7562c0095536183d66575583f3283112f4a776a0b6,2025-12-26T01:05:00Z,29164a99a917051c6e1778270033d362,oddsapi/hist_event_markets,1,"{""date"": ""2025-12-26T01:05:00Z"", ""dateFormat"": ""iso"", ""regions"": ""us,us2,eu""}"
44791bb73ea024d39f64ebbd331f8fe52019364d7a6c90f6bedbd75aab770a50,2025-12-24T21:30:00Z,29da148b927afea00a7774b2a8ee68e7,oddsapi/hist_event_markets,1,"{""date"": ""2025-12-24T21:30:00Z"", ""dateFormat"": ""iso"", ""regions"": ""us,us2,eu""}"
9f0b7e4c2e8168c7f0577afd3c117dd9d5f4d6fa6bad381c759c96efd64886f8,2025-12-25T21:20:00Z,29da148b927afea00a7774b2a8ee68e7,oddsapi/hist_event_markets,1,"{""date"": ""2025-12-25T21:20:00Z"", ""dateFormat"": ""iso"", ""regions"": ""us,us2,eu""}"
ff27bc464d127a87bbd4d51520e6800022895a206b5d7baa31fa2852af043285,2024-11-16T21:25:00Z,2ac4732d168fd3fd0958719e2b11aad1,oddsapi/hist_event_markets,1,"{""date"": ""2024-11-16T21:25:00Z"", ""dateFormat"": ""iso"", ""regions"": ""us,us2,eu""}"
9dd83b9133ef47c717a7653f2a18c70960c8f8305a35026c0f0e9d7c3f459c05,2024-11-17T21:15:00Z,2ac4732d168fd3fd0958719e2b11aad1,oddsapi/hist_event_markets,1,"{""date"": ""2024-11-17T21:15:00Z"", ""dateFormat"": ""iso"", ""regions"": ""us,us2,eu""}"
b9a5d850e2b246c05a560f8df592a0eba541aeb97459ec2c17b6a56c2c94ffc2,2024-01-06T21:25:00Z,2b2da592b91fb61473aed5b4fe975254,oddsapi/hist_event_markets,1,"{""date"": ""2024-01-06T21:25:00Z"", ""dateFormat"": ""iso"", ""regions"": ""us,us2,eu""}"
92d13f6273f4df2e1083cf09185b6726c2d8397827230dbfb94c83502b5ad022,2024-01-07T21:15:00Z,2b2da592b91fb61473aed5b4fe975254,oddsapi/hist_event_markets,1,"{""date"": ""2024-01-07T21:15:00Z"", ""dateFormat"": ""iso"", ""regions"": ""us,us2,eu""}"
d793fd8289ef89031819b9c1e5b13fcbc5aa9c38795a487950909ca17b2fbf71,2024-09-30T00:15:00Z,2b7f812133cedc184625d7bc8362564a,oddsapi/hist_event_markets,1,"{""date"": ""2024-09-30T00:15:00Z"", ""dateFormat"": ""iso"", ""regions"": ""us,us2,eu""}"
9489a0dde2b50e5a2a2ad5a21024cf24fa4b59c60df9e04461f1bdb25954a87d,2024-10-01T00:05:00Z,2b7f812133cedc184625d7bc8362564a,oddsapi/hist_event_markets,1,"{""date"": ""2024-10-01T00:05:00Z"", ""dateFormat"": ""iso"", ""regions"": ""us,us2,eu""}"
19baa97413e7c703f4c2db366eab47f568a21bda60907bd81831389baae0b0a1,2024-10-19T20:05:00Z,2bc06cb4fb03e96b39448675c1943487,oddsapi/hist_event_markets,1,"{""date"": ""2024-10-19T20:05:00Z"", ""dateFormat"": ""iso"", ""regions"": ""us,us2,eu""}"
8b7cbec4a24c45a2f6b7d2b3b8232150c2eff51e500e9903705720263dd4c539,2024-10-20T19:55:00Z,2bc06cb4fb03e96b39448675c1943487,oddsapi/hist_event_markets,1,"{""date"": ""2024-10-20T19:55:00Z"", ""dateFormat"": ""iso"", ""regions"": ""us,us2,eu""}"
3e6617ef1ff4dc5b38e87fb655231f481a5150339ebccadf948e80c021de1796,2024-11-30T18:00:00Z,2be5371e838993958fd7eb2eda6fc412,oddsapi/hist_event_markets,1,"{""date"": ""2024-11-30T18:00:00Z"", ""dateFormat"": ""iso"", ""regions"": ""us,us2,eu""}"
7d9ae8af36fa50984977201bf42b80659620cba91859fc9e1b3aa236e9960000,2024-12-01T17:50:00Z,2be5371e838993958fd7eb2eda6fc412,oddsapi/hist_event_markets,1,"{""date"": ""2024-12-01T17:50:00Z"", ""dateFormat"": ""iso"", ""regions"": ""us,us2,eu""}"
14b1153a1ce25cbbb9d007968d39362d6caa07e9d5d5387cf61c7396aa94e8c8,2024-01-13T18:00:00Z,2bebe84a9caf7b75cadb4242058b916a,oddsapi/hist_event_markets,1,"{""date"": ""2024-01-13T18:00:00Z"", ""dateFormat"": ""iso"", ""regions"": ""us,us2,eu""}"
3c5dc2a3a06e281190254d3ccd88ee47a186cbaad5960f3264e6ae9bbcace21f,2024-01-14T17:50:00Z,2bebe84a9caf7b75cadb4242058b916a,oddsapi/hist_event_markets,1,"{""date"": ""2024-01-14T17:50:00Z"", ""dateFormat"": ""iso"", ""regions"": ""us,us2,eu""}"
be4d620673153b1d834b0efc564db8b19e2968e87387622c295c979725cc61a9,2023-12-09T21:05:00Z,2c2e60cf464088acdefc0c972de49317,oddsapi/hist_event_markets,1,"{""date"": ""2023-12-09T21:05:00Z"", ""dateFormat"": ""iso"", ""regions"": ""us,us2,eu""}"
b751814536d5d0ba40cd4d387f0d9e60d64d208a8128b122e86b47b7abf8ccfb,2023-12-10T20:55:00Z,2c2e60cf464088acdefc0c972de49317,oddsapi/hist_event_markets,1,"{""date"": ""2023-12-10T20:55:00Z"", ""dateFormat"": ""iso"", ""regions"": ""us,us2,eu""}"
7c0775cc975e4c1202d701b935b61492353ffb91c256fdc7a80245d016f417d5,2023-12-11T01:15:00Z,2c4ca7353e2db06d12d583f8a46d38a7,oddsapi/hist_event_markets,1,"{""date"": ""2023-12-11T01:15:00Z"", ""dateFormat"": ""iso"", ""regions"": ""us,us2,eu""}"
5a62c8083bfbc78ca90bc988a27f15d7c36f30859214ff7b4a437a94dcd5c0e2,2023-12-12T01:05:00Z,2c4ca7353e2db06d12d583f8a46d38a7,oddsapi/hist_event_markets,1,"{""date"": ""2023-12-12T01:05:00Z"", ""dateFormat"": ""iso"", ""regions"": ""us,us2,eu""}"
207f00369435b34754569e72ece3e41b1fa14aa21e00e33d213115c7ca25ed7f,2023-09-23T17:00:00Z,2c66bee99eec7cca649ecb6b249868fb,oddsapi/hist_event_markets,1,"{""date"": ""2023-09-23T17:00:00Z"", ""dateFormat"": ""iso"", ""regions"": ""us,us2,eu""}"
30b0b333c5ef70b9cae34e0870a3db707507eba8af0f5b97938a51d75231946d,2023-09-24T16:50:00Z,2c66bee99eec7cca649ecb6b249868fb,oddsapi/hist_event_markets,1,"{""date"": ""2023-09-24T16:50:00Z"", ""dateFormat"": ""iso"", ""regions"": ""us,us2,eu""}"
5cc82ec3d5430d608d1e3f333015ca57e391409c913df0d7791cde70d3bdc0e7,2024-11-23T18:00:00Z,2c895731f7e3bd3effe4e87779fbdcc2,oddsapi/hist_event_markets,1,"{""date"": ""2024-11-23T18:00:00Z"", ""dateFormat"": ""iso"", ""regions"": ""us,us2,eu""}"
0e735eca9ce5f507b7a5ccf2ef2a0c747c35ce048744c7678a30b6e35daca7ab,2024-11-24T17:50:00Z,2c895731f7e3bd3effe4e87779fbdcc2,oddsapi/hist_event_markets,1,"{""date"": ""2024-11-24T17:50:00Z"", ""dateFormat"": ""iso"", ""regions"": ""us,us2,eu""}"
94c3e187f97723ccc37fb921f84029e2459bb538850a9bf925fde20702fc0474,2024-09-16T00:15:00Z,2cefb0f9bcf18ed3f64396174ece14ad,oddsapi/hist_event_markets,1,"{""date"": ""2024-09-16T00:15:00Z"", ""dateFormat"": ""iso"", ""regions"": ""us,us2,eu""}"
b37b5cfbf0d14161abe73362308e24a07a0c462b8a89dfef93d62d65f1f3062e,2024-09-17T00:05:00Z,2cefb0f9bcf18ed3f64396174ece14ad,oddsapi/hist_event_markets,1,"{""date"": ""2024-09-17T00:05:00Z"", ""dateFormat"": ""iso"", ""regions"": ""us,us2,eu""}"
5fec9230140e845387c6505b90ae8a1a30307ce9e89766bd576105537e267d33,2025-01-04T21:25:00Z,2cf5abcfe39f3ac0d82ffb5a90b49e93,oddsapi/hist_event_markets,1,"{""date"": ""2025-01-04T21:25:00Z"", ""dateFormat"": ""iso"", ""regions"": ""us,us2,eu""}"
48489ad5d78579e4d16d88cb16d8ea61960aed7b04f8c00b544d29db325f993e,2025-01-05T21:15:00Z,2cf5abcfe39f3ac0d82ffb5a90b49e93,oddsapi/hist_event_markets,1,"{""date"": ""2025-01-05T21:15:00Z"", ""dateFormat"": ""iso"", ""regions"": ""us,us2,eu""}"
1ab5f3a6ff9eee0d5234deed2604c913d706f51205dde17f0a546419de077c16,2023-09-10T00:20:00Z,2dd1bc48e4929ba7ed2b38fc668b1609,oddsapi/hist_event_markets,1,"{""date"": ""2023-09-10T00:20:00Z"", ""dateFormat"": ""iso"", ""regions"": ""us,us2,eu""}"
40caca744c25fc5ac3dfa99381a2a4d2497f62586f7a68e076fb8b52046472c9,2023-09-11T00:10:00Z,2dd1bc48e4929ba7ed2b38fc668b1609,oddsapi/hist_event_markets,1,"{""date"": ""2023-09-11T00:10:00Z"", ""dateFormat"": ""iso"", ""regions"": ""us,us2,eu""}"
101f57dcdf053e5aed6d3ec667040fae67aa604afdfe352e942fb0ef2a5b147b,2025-12-22T01:15:00Z,2dd4521ee298fa2c6f0ab009c182aae9,oddsapi/hist_event_markets,1,"{""date"": ""2025-12-22T01:15:00Z"", ""dateFormat"": ""iso"", ""regions"": ""us,us2,eu""}"
0d7dbfb602754104020920607d43347bd6824f93416e0f4d0340c30000c5250d,2025-12-23T01:05:00Z,2dd4521ee298fa2c6f0ab009c182aae9,oddsapi/hist_event_markets,1,"{""date"": ""2025-12-23T01:05:00Z"", ""dateFormat"": ""iso"", ""regions"": ""us,us2,eu""}"
a6fac185a5687eb76c813226e49bdd62b72ce8b05b1f8dbded13439382efd189,2023-10-21T17:00:00Z,2decc44ccdfb309756fa93d864f5773f,oddsapi/hist_event_markets,1,"{""date"": ""2023-10-21T17:00:00Z"", ""dateFormat"": ""iso"", ""regions"": ""us,us2,eu""}"
9110a9e6f4dc34dbbed4b953cf185331e95699382262bbc8d75907afbdeb9276,2023-10-22T16:50:00Z,2decc44ccdfb309756fa93d864f5773f,oddsapi/hist_event_markets,1,"{""date"": ""2023-10-22T16:50:00Z"", ""dateFormat"": ""iso"", ""regions"": ""us,us2,eu""}"
1b5b4d32ef8d49474e7d0250a77f1f65a02b92ad0d35330afa9440d7e226b176,2024-01-06T01:15:00Z,2e8d909625844e0aea3dad1beee6712f,oddsapi/hist_event_markets,1,"{""date"": ""2024-01-06T01:15:00Z"", ""dateFormat"": ""iso"", ""regions"": ""us,us2,eu""}"
48e2d76bf9275f766befa6bf8e92bad3b04f60e7b0498079a3ea6da7b37e58d9,2024-01-07T01:05:00Z,2e8d909625844e0aea3dad1beee6712f,oddsapi/hist_event_markets,1,"{""date"": ""2024-01-07T01:05:00Z"", ""dateFormat"": ""iso"", ""regions"": ""us,us2,eu""}"
caf26def05fb90cbed8c85d735ff369bcd89494e973b376594c924371b8d4e01,2024-10-05T17:00:00Z,2eb8e0798cb1b1f9d0f0d414253b4e37,oddsapi/hist_event_markets,1,"{""date"": ""2024-10-05T17:00:00Z"", ""dateFormat"": ""iso"", ""regions"": ""us,us2,eu""}"
c724757005357edfe636c5dcc3e38596d04c25b31366b7aa087a5b915a495ccd,2024-10-06T16:50:00Z,2eb8e0798cb1b1f9d0f0d414253b4e37,oddsapi/hist_event_markets,1,"{""date"": ""2024-10-06T16:50:00Z"", ""dateFormat"": ""iso"", ""regions"": ""us,us2,eu""}"
0223fcca8fa9a4ed01672f1dcd83d13fa5c624b28cab8b5332ac9568a32ee211,2025-12-13T21:25:00Z,2ec8a387d0c337aeffac3f956c292e87,oddsapi/hist_event_markets,1,"{""date"": ""2025-12-13T21:25:00Z"", ""dateFormat"": ""iso"", ""regions"": ""us,us2,eu""}"
aafe8d7c64da6ec3b4772015bbb4c63635391bf956c3c8f712d7808386b6f796,2025-12-14T21:15:00Z,2ec8a387d0c337aeffac3f956c292e87,oddsapi/hist_event_markets,1,"{""date"": ""2025-12-14T21:15:00Z"", ""dateFormat"": ""iso"", ""regions"": ""us,us2,eu""}"
ce5fa5cd6d5c94bc21c418d65a9e447e149af52b2bdfe02da70fee40c68c6e11,2023-09-16T17:00:00Z,2ecfbe1dcf553f66dd34b4772c1c9b99,oddsapi/hist_event_markets,1,"{""date"": ""2023-09-16T17:00:00Z"", ""dateFormat"": ""iso"", ""regions"": ""us,us2,eu""}"
0556b18c0a314ca175de954889c25df1aa789024bec2040bf68dfc390ea2b478,2023-09-17T16:50:00Z,2ecfbe1dcf553f66dd34b4772c1c9b99,oddsapi/hist_event_markets,1,"{""date"": ""2023-09-17T16:50:00Z"", ""dateFormat"": ""iso"", ""regions"": ""us,us2,eu""}"
97020f401b8278452a17839f4dcb1a852a800cf7eae04fd5c6d7d1f16fb6bbd2,2024-09-21T17:00:00Z,2ee776f967540a404694111f27822004,oddsapi/hist_event_markets,1,"{""date"": ""2024-09-21T17:00:00Z"", ""dateFormat"": ""iso"", ""regions"": ""us,us2,eu""}"
e51866d10a37158f2f1031793088ff40bab9d9d488de324e4338338c2255a0de,2024-09-22T16:50:00Z,2ee776f967540a404694111f27822004,oddsapi/hist_event_markets,1,"{""date"": ""2024-09-22T16:50:00Z"", ""dateFormat"": ""iso"", ""regions"": ""us,us2,eu""}"
0fcf99951eda9fe3ad184e7ca8a5a5088ad584fd49473e2a6e94b4cd151488a1,2024-11-23T18:00:00Z,2f2541411e68f807dc47d527f5dd4cba,oddsapi/hist_event_markets,1,"{""date"": ""2024-11-23T18:00:00Z"", ""dateFormat"": ""iso"", ""regions"": ""us,us2,eu""}"
e69d659b187f90f32a4ef1b6b1f0bf5b98d0884e91c43b654b18f43a530c64f7,2024-11-24T17:50:00Z,2f2541411e68f807dc47d527f5dd4cba,oddsapi/hist_event_markets,1,"{""date"": ""2024-11-24T17:50:00Z"", ""dateFormat"": ""iso"", ""regions"": ""us,us2,eu""}"
65fc4aaf84d65eaeb9679bc11e80424fc4e2bd9245ce5fecab7861dc4a569ba0,2026-01-03T21:25:00Z,2f4cf01e2db22ed928eb8f0357a74007,oddsapi/hist_event_markets,1,"{""date"": ""2026-01-03T21:25:00Z"", ""dateFormat"": ""iso"", ""regions"": ""us,us2,eu""}"
8e8ed3d56320c54c470a0f805e8a9aee9250603e36ed498c3852947aa20ff81f,2026-01-04T21:15:00Z,2f4cf01e2db22ed928eb8f0357a74007,oddsapi/hist_event_markets,1,"{""date"": ""2026-01-04T21:15:00Z"", ""dateFormat"": ""iso"", ""regions"": ""us,us2,eu""}"
04cadf98108697709109fe75d94db5ea8da264732a24abb528a041b8151a2dcd,2024-12-09T01:15:00Z,2fd335893dbb8ab9c0e1aea6c98a969c,oddsapi/hist_event_markets,1,"{""date"": ""2024-12-09T01:15:00Z"", ""dateFormat"": ""iso"", ""regions"": ""us,us2,eu""}"
db0e7bb126ff9ba1ae0622574fde379ce0e68b2a2b2f8b3e0560c4daeec46795,2024-12-10T01:05:00Z,2fd335893dbb8ab9c0e1aea6c98a969c,oddsapi/hist_event_markets,1,"{""date"": ""2024-12-10T01:05:00Z"", ""dateFormat"": ""iso"", ""regions"": ""us,us2,eu""}"
43cb0b9110e05a455e8dcdd2472a4f3542b83d2c4686239a5fd31eb05bf48be1,2023-09-23T17:00:00Z,2ff30bbaf02729644dc5dd83dd02ab12,oddsapi/hist_event_markets,1,"{""date"": ""2023-09-23T17:00:00Z"", ""dateFormat"": ""iso"", ""regions"": ""us,us2,eu""}"
bfb54e1308bb8ae4efc15bb570f8e4c8f77437409c5f2d9b623afd61647f0d8e,2023-09-24T16:50:00Z,2ff30bbaf02729644dc5dd83dd02ab12,oddsapi/hist_event_markets,1,"{""date"": ""2023-09-24T16:50:00Z"", ""dateFormat"": ""iso"", ""regions"": ""us,us2,eu""}"
0ef95998057db7ce47637dfe08eccd11887175fc66056919e28add9e75c8ebde,2026-01-03T21:25:00Z,30621f6a1072712bee795c15eafe9768,oddsapi/hist_event_markets,1,"{""date"": ""2026-01-03T21:25:00Z"", ""dateFormat"": ""iso"", ""regions"": ""us,us2,eu""}"
6154df816997a5f28962dd25fe28fd70b6ed4ced83fd4a393d21cbd603405ce5,2026-01-04T21:15:00Z,30621f6a1072712bee795c15eafe9768,oddsapi/hist_event_markets,1,"{""date"": ""2026-01-04T21:15:00Z"", ""dateFormat"": ""iso"", ""regions"": ""us,us2,eu""}"
700f2f7b8c98aa892db77257323a3604ee5b0d60f3bbc6a5ab94f413c9575e81,2024-12-16T01:00:00Z,307cc09543c511d894a76fef99e429bb,oddsapi/hist_event_markets,1,"{""date"": ""2024-12-16T01:00:00Z"", ""dateFormat"": ""iso"", ""regions"": ""us,us2,eu""}"
d341b0403a2b7a7cfef6a8a3cb7a5d98171602ab3564dacd081ed49019f97571,2024-12-17T00:50:00Z,307cc09543c511d894a76fef99e429bb,oddsapi/hist_event_markets,1,"{""date"": ""2024-12-17T00:50:00Z"", ""dateFormat"": ""iso"", ""regions"": ""us,us2,eu""}"
671fd330e5db2cb9815c86b2b26a91e9dc19a65a3b41b1e85322b718d34e2614,2023-10-21T17:00:00Z,3080378924a7a8fa778d90243a1f4d54,oddsapi/hist_event_markets,1,"{""date"": ""2023-10-21T17:00:00Z"", ""dateFormat"": ""iso"", ""regions"": ""us,us2,eu""}"
9d33f978cbfe9af8d565e24c1d5728678926b0ed4be21d3b8ad0d9087f16cee3,2023-10-22T16:50:00Z,3080378924a7a8fa778d90243a1f4d54,oddsapi/hist_event_markets,1,"{""date"": ""2023-10-22T16:50:00Z"", ""dateFormat"": ""iso"", ""regions"": ""us,us2,eu""}"
e44762cdfb1d0ae9dd6ab03ffa3a0fc370f0f8b069a7175820757be0db105fff,2023-09-16T17:00:00Z,30e317800515c33d2635df2d05a6d14d,oddsapi/hist_event_markets,1,"{""date"": ""2023-09-16T17:00:00Z"", ""dateFormat"": ""iso"", ""regions"": ""us,us2,eu""}"
246e0a39bbf9d1adf7f91e09ad6c5abe29ae8d985efe6a31700021e6d38c79ff,2023-09-17T16:50:00Z,30e317800515c33d2635df2d05a6d14d,oddsapi/hist_event_markets,1,"{""date"": ""2023-09-17T16:50:00Z"", ""dateFormat"": ""iso"", ""regions"": ""us,us2,eu""}"
a5571f47673b0fcdc1faf2e4cb943892a5c46804366195076db5ae1add242eba,2025-09-20T20:05:00Z,311c411c2d53e36a902763dc7a2ef678,oddsapi/hist_event_markets,1,"{""date"": ""2025-09-20T20:05:00Z"", ""dateFormat"": ""iso"", ""regions"": ""us,us2,eu""}"
6edcde598fadf43709fbf9e0f9e380c385f1fab714640a0dbe74cbfb7f94bc87,2025-09-21T19:55:00Z,311c411c2d53e36a902763dc7a2ef678,oddsapi/hist_event_markets,1,"{""date"": ""2025-09-21T19:55:00Z"", ""dateFormat"": ""iso"", ""regions"": ""us,us2,eu""}"
bce3cfe4fb142ee18dedf7b70af34d565a35979d2a01bc667c1b343cab6d7d0e,2025-10-18T17:00:00Z,3127c0dd6ed51a44354af51791bc3e5a,oddsapi/hist_event_markets,1,"{""date"": ""2025-10-18T17:00:00Z"", ""dateFormat"": ""iso"", ""regions"": ""us,us2,eu""}"
e1c431aea1d43ccafb2b382ef6184da1cc9105596085f2d2edd4f84cc686803c,2025-10-19T16:50:00Z,3127c0dd6ed51a44354af51791bc3e5a,oddsapi/hist_event_markets,1,"{""date"": ""2025-10-19T16:50:00Z"", ""dateFormat"": ""iso"", ""regions"": ""us,us2,eu""}"
72c9e15ac796c2c63015d4718c546d27588b3075d3d3cbe8c303e4f181395677,2023-11-18T18:00:00Z,3152f45199a800df6949bedc3667cc56,oddsapi/hist_event_markets,1,"{""date"": ""2023-11-18T18:00:00Z"", ""dateFormat"": ""iso"", ""regions"": ""us,us2,eu""}"
8ecd92677c45d3af66dcd981a8679b36a4f6da33587c39ccb13dc062dbfd1aca,2023-11-19T17:50:00Z,3152f45199a800df6949bedc3667cc56,oddsapi/hist_event_markets,1,"{""date"": ""2023-11-19T17:50:00Z"", ""dateFormat"": ""iso"", ""regions"": ""us,us2,eu""}"
4fca83fe9bbc6b1e5421134a78209ad2dd6acbd2539a2cbacfb6166c04fc500d,2024-12-01T01:20:00Z,31557235498f42eeba725001c12c97ff,oddsapi/hist_event_markets,1,"{""date"": ""2024-12-01T01:20:00Z"", ""dateFormat"": ""iso"", ""regions"": ""us,us2,eu""}"
932a104b701c717969b036923f0a9fc433143f0193dd7c51b0bea1b54a897214,2024-12-02T01:10:00Z,31557235498f42eeba725001c12c97ff,oddsapi/hist_event_markets,1,"{""date"": ""2024-12-02T01:10:00Z"", ""dateFormat"": ""iso"", ""regions"": ""us,us2,eu""}"
e131a0ab9871600611211c7ea367ff39fbf6f371fbcaae86c3c60e3592f4ce72,2024-11-02T18:00:00Z,31f1bb5fbbc8c3d9b8719357fa40941e,oddsapi/hist_event_markets,1,"{""date"": ""2024-11-02T18:00:00Z"", ""dateFormat"": ""iso"", ""regions"": ""us,us2,eu""}"
0ad6f6f10eb994d3380d615fb832c5394794bf51f92515b3f8dbf55dd5b9881e,2024-11-03T17:50:00Z,31f1bb5fbbc8c3d9b8719357fa40941e,oddsapi/hist_event_markets,1,"{""date"": ""2024-11-03T17:50:00Z"", ""dateFormat"": ""iso"", ""regions"": ""us,us2,eu""}"
808428128f61f7ae8d1220969d3e8092c9f3a6d643ff2c3ed4342c23d3b8b8df,2024-09-21T17:00:00Z,326301fd41fe90d64929b44a2e227b23,oddsapi/hist_event_markets,1,"{""date"": ""2024-09-21T17:00:00Z"", ""dateFormat"": ""iso"", ""regions"": ""us,us2,eu""}"
97c8c79de534688444407f88c933acc61fcf45820add5ee6d5d2b13a796ae050,2024-09-22T16:50:00Z,326301fd41fe90d64929b44a2e227b23,oddsapi/hist_event_markets,1,"{""date"": ""2024-09-22T16:50:00Z"", ""dateFormat"": ""iso"", ""regions"": ""us,us2,eu""}"
28d5e28327b5efdeca7ae080c096dcac4b620673818cf9031386cbc7575f29bb,2023-11-02T00:15:00Z,32af8c89aaa69de55f0267103f5cc765,oddsapi/hist_event_markets,1,"{""date"": ""2023-11-02T00:15:00Z"", ""dateFormat"": ""iso"", ""regions"": ""us,us2,eu""}"
fa08d97a70cafecf6906b271550343775525236bf9fbe6eb000134f4860bdd59,2023-11-03T00:05:00Z,32af8c89aaa69de55f0267103f5cc765,oddsapi/hist_event_markets,1,"{""date"": ""2023-11-03T00:05:00Z"", ""dateFormat"": ""iso"", ""regions"": ""us,us2,eu""}"
39c9fb2fa17c208d9bbe89507e119d9dedc8b60ef9b3bc50d7083b99e59bf139,2023-11-23T20:00:00Z,32c414934534235b0885860a21180ddc,oddsapi/hist_event_markets,1,"{""date"": ""2023-11-23T20:00:00Z"", ""dateFormat"": ""iso"", ""regions"": ""us,us2,eu""}"
ef4e3d528ac7b12fb845e3a7ce1e8d5436fd42507eadda82bd7d8f60caed4b17,2023-11-24T19:50:00Z,32c414934534235b0885860a21180ddc,oddsapi/hist_event_markets,1,"{""date"": ""2023-11-24T19:50:00Z"", ""dateFormat"": ""iso"", ""regions"": ""us,us2,eu""}"
2e17a0cf462696f0e206a6e9e4e53a86e440fcdf2d60661a89c0a4f99eaff51c,2025-11-13T01:15:00Z,32ec2bd4ac9e4c40f9f5cbed7e67f837,oddsapi/hist_event_markets,1,"{""date"": ""2025-11-13T01:15:00Z"", ""dateFormat"": ""iso"", ""regions"": ""us,us2,eu""}"
0448bfba2d07bdeb97d6547163800808f6b03e17222d8e8e421a75c86bf96a60,2025-11-14T01:05:00Z,32ec2bd4ac9e4c40f9f5cbed7e67f837,oddsapi/hist_event_markets,1,"{""date"": ""2025-11-14T01:05:00Z"", ""dateFormat"": ""iso"", ""regions"": ""us,us2,eu""}"
60579259d24fcf6bd551cffc80e19dd2e3cd19f5360fd46a91bde6aa498d1e9f,2023-09-09T17:00:00Z,33368d4979d3475b77f5e9eb49648203,oddsapi/hist_event_markets,1,"{""date"": ""2023-09-09T17:00:00Z"", ""dateFormat"": ""iso"", ""regions"": ""us,us2,eu""}"
38483ea89c07dea240919d48a8f8c4149382c8d53eca6693f86feeb768dfbedb,2023-09-10T16:50:00Z,33368d4979d3475b77f5e9eb49648203,oddsapi/hist_event_markets,1,"{""date"": ""2023-09-10T16:50:00Z"", ""dateFormat"": ""iso"", ""regions"": ""us,us2,eu""}"
445a18b10b6c12e73330a0857b30605939eb13b1bec194e379d451f5ab0258d1,2023-12-15T21:30:00Z,333bbb25233d3e004f0979b9a9987074,oddsapi/hist_event_markets,1,"{""date"": ""2023-12-15T21:30:00Z"", ""dateFormat"": ""iso"", ""regions"": ""us,us2,eu""}"
280ffd14ba9b5a853649ce57e84d70665543e79ec772ab0223020998a6bc8579,2023-12-16T21:20:00Z,333bbb25233d3e004f0979b9a9987074,oddsapi/hist_event_markets,1,"{""date"": ""2023-12-16T21:20:00Z"", ""dateFormat"": ""iso"", ""regions"": ""us,us2,eu""}"
54b4838eb20bd6611d9062382cb1668a09503eca2c77fd7cbe15a59748f1a924,2023-10-14T20:05:00Z,3377b0af3e43d0a451483df35f3491c9,oddsapi/hist_event_markets,1,"{""date"": ""2023-10-14T20:05:00Z"", ""dateFormat"": ""iso"", ""regions"": ""us,us2,eu""}"
db7a7b2ad034bc2a804095eee545e514f0f1f8bd7ed5622ae511e7a7fbdb526b,2023-10-15T19:55:00Z,3377b0af3e43d0a451483df35f3491c9,oddsapi/hist_event_markets,1,"{""date"": ""2023-10-15T19:55:00Z"", ""dateFormat"": ""iso"", ""regions"": ""us,us2,eu""}"
8503ac48498fccac22f45f6e037baaf7d24689c5775cee9e269e840e714491dc,2025-10-12T23:15:00Z,33e0adf378d2856ffe5f8452e7d5512d,oddsapi/hist_event_markets,1,"{""date"": ""2025-10-12T23:15:00Z"", ""dateFormat"": ""iso"", ""regions"": ""us,us2,eu""}"
fa189f84a26b722e64f1a869edf7ccc27dcca0261e39506a7f793811c0d6ba3e,2025-10-13T23:05:00Z,33e0adf378d2856ffe5f8452e7d5512d,oddsapi/hist_event_markets,1,"{""date"": ""2025-10-13T23:05:00Z"", ""dateFormat"": ""iso"", ""regions"": ""us,us2,eu""}"
e97eb4c3b4a8d5755426fcbb5787d30c3fbd4b1f30f3e708043eaefe91ff9956,2025-11-09T01:20:00Z,349d53a4f89591312ea528e81b786474,oddsapi/hist_event_markets,1,"{""date"": ""2025-11-09T01:20:00Z"", ""dateFormat"": ""iso"", ""regions"": ""us,us2,eu""}"
f57110e54b0f1cb31bdbd40fd305702f91380378adb632e7d9a605b483b81667,2025-11-10T01:10:00Z,349d53a4f89591312ea528e81b786474,oddsapi/hist_event_markets,1,"{""date"": ""2025-11-10T01:10:00Z"", ""dateFormat"": ""iso"", ""regions"": ""us,us2,eu""}"
930ec887650f69911b7545b4e0c141892cc9dc7bc97974c2032532665086a796,2023-09-09T17:00:00Z,35294c242bcfdb30c9f58dc6f68da6b2,oddsapi/hist_event_markets,1,"{""date"": ""2023-09-09T17:00:00Z"", ""dateFormat"": ""iso"", ""regions"": ""us,us2,eu""}"
54fd213ed63a781d7dc778474763e337d74d388f67061039648dc8aefe0a2a7c,2023-09-10T16:50:00Z,35294c242bcfdb30c9f58dc6f68da6b2,oddsapi/hist_event_markets,1,"{""date"": ""2023-09-10T16:50:00Z"", ""dateFormat"": ""iso"", ""regions"": ""us,us2,eu""}"
605ea4b107c7be247094f05a3a97dc4fe3ac78fbb646d6030fae7ae50b51de86,2023-11-04T21:25:00Z,3530767142f1ffd184aa029401f5acbb,oddsapi/hist_event_markets,1,"{""date"": ""2023-11-04T21:25:00Z"", ""dateFormat"": ""iso"", ""regions"": ""us,us2,eu""}"
2b3607fc4e0ebccdd20361589493abd98db11c2fb8bc798bf622089a45c366a5,2023-11-05T21:15:00Z,3530767142f1ffd184aa029401f5acbb,oddsapi/hist_event_markets,1,"{""date"": ""2023-11-05T21:15:00Z"", ""dateFormat"": ""iso"", ""regions"": ""us,us2,eu""}"
3242cf001ef9a5c71b2f35f607aeeb11e16409467ddea5f0f5b0949a1f537e47,2025-10-25T17:00:00Z,3536a3e857050d2dd6e2019ceb668f67,oddsapi/hist_event_markets,1,"{""date"": ""2025-10-25T17:00:00Z"", ""dateFormat"": ""iso"", ""regions"": ""us,us2,eu""}"
d9e837edc97c15232a43a1389d277944a7f328c92fd9d00a5fd3669fd1e1d1b3,2025-10-26T16:50:00Z,3536a3e857050d2dd6e2019ceb668f67,oddsapi/hist_event_markets,1,"{""date"": ""2025-10-26T16:50:00Z"", ""dateFormat"": ""iso"", ""regions"": ""us,us2,eu""}"
3c81d3f618ada5d5fa8e8dafa01eed0671d2f46a1b31b89bda93758fff625600,2023-10-09T00:15:00Z,353b0556f31bd97a30c0a55212c1617f,oddsapi/hist_event_markets,1,"{""date"": ""2023-10-09T00:15:00Z"", ""dateFormat"": ""iso"", ""regions"": ""us,us2,eu""}"
51d4f8dd139599e075c4619db5b036859cc98e534c2066e18c76748ba56f913b,2023-10-10T00:05:00Z,353b0556f31bd97a30c0a55212c1617f,oddsapi/hist_event_markets,1,"{""date"": ""2023-10-10T00:05:00Z"", ""dateFormat"": ""iso"", ""regions"": ""us,us2,eu""}"
dbb464af75c205999f72fe69d72913f05b002fd6c2a93d454b671838a8aadad0,2024-11-21T01:15:00Z,3544bdfabe61cc6d4389984a5ca83955,oddsapi/hist_event_markets,1,"{""date"": ""2024-11-21T01:15:00Z"", ""dateFormat"": ""iso"", ""regions"": ""us,us2,eu""}"
69e7f63d30eed6db7fab65c14a28fb578cf92357ee2ec4d0dbca53a673c445a7,2024-11-22T01:05:00Z,3544bdfabe61cc6d4389984a5ca83955,oddsapi/hist_event_markets,1,"{""date"": ""2024-11-22T01:05:00Z"", ""dateFormat"": ""iso"", ""regions"": ""us,us2,eu""}"
13896202c9db34f61c0227166251f9943012d30aaed3974e66d81e2ed858fa41,2024-12-21T18:00:00Z,36091a3b07686b0c7c912d4d4a244474,oddsapi/hist_event_markets,1,"{""date"": ""2024-12-21T18:00:00Z"", ""dateFormat"": ""iso"", ""regions"": ""us,us2,eu""}"
a6820c86242d18ea00cd9168bbb30bb0c4a8eaf6e0e74bb84c5ab00bdf8003c2,2024-12-22T17:50:00Z,36091a3b07686b0c7c912d4d4a244474,oddsapi/hist_event_markets,1,"{""date"": ""2024-12-22T17:50:00Z"", ""dateFormat"": ""iso"", ""regions"": ""us,us2,eu""}"
322154a4f52c0d696c1b60ef49a0c76edacbaedc65728f6fe29d29dcb11b8daf,2023-12-24T21:30:00Z,361a376a7fe6aa6a72a42331299683dc,oddsapi/hist_event_markets,1,"{""date"": ""2023-12-24T21:30:00Z"", ""dateFormat"": ""iso"", ""regions"": ""us,us2,eu""}"
02d0d2f2522a0b86e2c193ddeb7477f6b61c5d6809af368e22442c0f98f7fb9e,2023-12-25T21:20:00Z,361a376a7fe6aa6a72a42331299683dc,oddsapi/hist_event_markets,1,"{""date"": ""2023-12-25T21:20:00Z"", ""dateFormat"": ""iso"", ""regions"": ""us,us2,eu""}"
09ef36048a47fdde09627eae01ea7342e4044f7a331903582051e6dd85436d5e,2025-11-29T21:25:00Z,365a766a3862bc47a5455dc3b097421e,oddsapi/hist_event_markets,1,"{""date"": ""2025-11-29T21:25:00Z"", ""dateFormat"": ""iso"", ""regions"": ""us,us2,eu""}"
0a1fa3bd01b762267b6b3c7ce9c17e3ac7fb5fe2e8f7fd79db38d9a71e893fda,2025-11-30T21:15:00Z,365a766a3862bc47a5455dc3b097421e,oddsapi/hist_event_markets,1,"{""date"": ""2025-11-30T21:15:00Z"", ""dateFormat"": ""iso"", ""regions"": ""us,us2,eu""}"
cab0c22cd86efb8e0ab6ce680e328517bc27052d3188ef57952ca7aa28810f2a,2024-11-23T18:00:00Z,366a8618003ac848eac5144aebbeace4,oddsapi/hist_event_markets,1,"{""date"": ""2024-11-23T18:00:00Z"", ""dateFormat"": ""iso"", ""regions"": ""us,us2,eu""}"
8f9faf214415d0923cd3de63e7c3c0ff2945a9ad0faa0d6ed51cd74e95480c39,2024-11-24T17:50:00Z,366a8618003ac848eac5144aebbeace4,oddsapi/hist_event_markets,1,"{""date"": ""2024-11-24T17:50:00Z"", ""dateFormat"": ""iso"", ""regions"": ""us,us2,eu""}"
d8f7cbc8eb89945f0a335108529c393f0d89cad937ed7a3e274e803a2dc16203,2025-11-29T18:00:00Z,36fcf5ca155a5dcd2f7a87fd2a985b02,oddsapi/hist_event_markets,1,"{""date"": ""2025-11-29T18:00:00Z"", ""dateFormat"": ""iso"", ""regions"": ""us,us2,eu""}"
91ca2de63bc96e3c05f63616ec1e78a81af4d63867e7c0425af89a2c05bf02cf,2025-11-30T17:50:00Z,36fcf5ca155a5dcd2f7a87fd2a985b02,oddsapi/hist_event_markets,1,"{""date"": ""2025-11-30T17:50:00Z"", ""dateFormat"": ""iso"", ""regions"": ""us,us2,eu""}"
d197c112e759ca12230af5485356e760a20f575040060de0725c57956e2c664b,2025-12-27T18:00:00Z,374166780155b8c14e867face95885ee,oddsapi/hist_event_markets,1,"{""date"": ""2025-12-27T18:00:00Z"", ""dateFormat"": ""iso"", ""regions"": ""us,us2,eu""}"
f3d718ef3dcdd3e90eff345305bcf05a222bcc4470f955e8c6aeefec56b4108d,2025-12-28T17:50:00Z,374166780155b8c14e867face95885ee,oddsapi/hist_event_markets,1,"{""date"": ""2025-12-28T17:50:00Z"", ""dateFormat"": ""iso"", ""regions"": ""us,us2,eu""}"
3b52e041e9585f70459b4749fbbc0172bf4586da604563498566858399d4ead5,2025-01-11T18:00:00Z,37782dbe2a28d8865336398aa5593de6,oddsapi/hist_event_markets,1,"{""date"": ""2025-01-11T18:00:00Z"", ""dateFormat"": ""iso"", ""regions"": ""us,us2,eu""}"
84524efadbe86085b8f6b2081ca9ab02e4bdff182c0f2bf4e47de601e3808603,2025-01-12T17:50:00Z,37782dbe2a28d8865336398aa5593de6,oddsapi/hist_event_markets,1,"{""date"": ""2025-01-12T17:50:00Z"", ""dateFormat"": ""iso"", ""regions"": ""us,us2,eu""}"
1628fa465f864249036bf2a44bf98d1377556aabaa224d297555275be485736c,2025-09-14T00:20:00Z,37d09ce5d357536d0e58dd4ba0ab4106,oddsapi/hist_event_markets,1,"{""date"": ""2025-09-14T00:20:00Z"", ""dateFormat"": ""iso"", ""regions"": ""us,us2,eu""}"
3d1349c48cf10a6598fe99b03dc4eaab72761a145b601bf0c5498208cb1a7eae,2025-09-15T00:10:00Z,37d09ce5d357536d0e58dd4ba0ab4106,oddsapi/hist_event_markets,1,"{""date"": ""2025-09-15T00:10:00Z"", ""dateFormat"": ""iso"", ""regions"": ""us,us2,eu""}"
5607432ef6637a49d9ebd801f8874b6e76cfd8dc10336d9579074c3dfbd7cdc4,2025-10-13T00:15:00Z,38366aa83a3eb6cef71a1134c4fceb2c,oddsapi/hist_event_markets,1,"{""date"": ""2025-10-13T00:15:00Z"", ""dateFormat"": ""iso"", ""regions"": ""us,us2,eu""}"
a14c5f712be3c2990100c15f761ea921773d0e496fbcf85ca43e784c7341da42,2025-10-14T00:05:00Z,38366aa83a3eb6cef71a1134c4fceb2c,oddsapi/hist_event_markets,1,"{""date"": ""2025-10-14T00:05:00Z"", ""dateFormat"": ""iso"", ""regions"": ""us,us2,eu""}"
d43a3bc7547000bb65bb4b499656d36ca05470d3d2489bcba8f356878456183b,2024-09-28T17:00:00Z,3855431777952837560f29bff9d6b4e3,oddsapi/hist_event_markets,1,"{""date"": ""2024-09-28T17:00:00Z"", ""dateFormat"": ""iso"", ""regions"": ""us,us2,eu""}"
c0768f0299280c50f9345198e1829901f3998bde369c18d481282f2199047352,2024-09-29T16:50:00Z,3855431777952837560f29bff9d6b4e3,oddsapi/hist_event_markets,1,"{""date"": ""2024-09-29T16:50:00Z"", ""dateFormat"": ""iso"", ""regions"": ""us,us2,eu""}"
1fd501757681312152aae67962f0b7e563b320c25aa7c3320219095d9647ce8c,2024-09-28T17:00:00Z,3858ab1dfdb4db4987218c709a51d1bf,oddsapi/hist_event_markets,1,"{""date"": ""2024-09-28T17:00:00Z"", ""dateFormat"": ""iso"", ""regions"": ""us,us2,eu""}"
9261879533b51259af4a366c97896b78c02a5a8120b4bcfabf5cbad0db3c689b,2024-09-29T16:50:00Z,3858ab1dfdb4db4987218c709a51d1bf,oddsapi/hist_event_markets,1,"{""date"": ""2024-09-29T16:50:00Z"", ""dateFormat"": ""iso"", ""regions"": ""us,us2,eu""}"
2d31d3c93cca61bf952d94a838c7218bd01901796c7cce9f17a4f71db55a7b6b,2023-11-25T18:00:00Z,387496b9809d0ba1d218674c095a9851,oddsapi/hist_event_markets,1,"{""date"": ""2023-11-25T18:00:00Z"", ""dateFormat"": ""iso"", ""regions"": ""us,us2,eu""}"
3061a0838b2a2383884642103ae7e5af60f71221612a7d1bcc8d1c030c07105c,2023-11-26T17:50:00Z,387496b9809d0ba1d218674c095a9851,oddsapi/hist_event_markets,1,"{""date"": ""2023-11-26T17:50:00Z"", ""dateFormat"": ""iso"", ""regions"": ""us,us2,eu""}"
c927687079511d7ab1c334c082952b88c0a01ccca2f61936dcbaaf3809a5e28f,2023-12-23T18:00:00Z,3877bbd549c811dc565cc9e08345eff2,oddsapi/hist_event_markets,1,"{""date"": ""2023-12-23T18:00:00Z"", ""dateFormat"": ""iso"", ""regions"": ""us,us2,eu""}"
651e8d511d185152511f0d8a834153d5b514a39d6f9d1f786ec244e8ca174e50,2023-12-24T17:50:00Z,3877bbd549c811dc565cc9e08345eff2,oddsapi/hist_event_markets,1,"{""date"": ""2023-12-24T17:50:00Z"", ""dateFormat"": ""iso"", ""regions"": ""us,us2,eu""}"
71ae1d6a00dbb7ac51d8b082228d11c169cc3c5f30f4569449216d83d06206ff,2025-09-06T17:00:00Z,394256a6c3d0f5ecd1208fffaae6a72f,oddsapi/hist_event_markets,1,"{""date"": ""2025-09-06T17:00:00Z"", ""dateFormat"": ""iso"", ""regions"": ""us,us2,eu""}"
8c1533b4e5846db6c67899ee0a91c42a5ab8eedfbac5f7fbd3b5ec7c2f8d8865,2025-09-07T16:50:00Z,394256a6c3d0f5ecd1208fffaae6a72f,oddsapi/hist_event_markets,1,"{""date"": ""2025-09-07T16:50:00Z"", ""dateFormat"": ""iso"", ""regions"": ""us,us2,eu""}"
3049c0b52553e8b8b05baeeb5bc7e254438b7afaffc7ab5d35641e8c36f9a037,2024-12-28T18:00:00Z,398f58cef1cbb3c99805b52375104238,oddsapi/hist_event_markets,1,"{""date"": ""2024-12-28T18:00:00Z"", ""dateFormat"": ""iso"", ""regions"": ""us,us2,eu""}"
946aaab660bbf1a8fb6281fe2b0b1af6841ab7004cadd4e8c2aba741875e694c,2024-12-29T17:50:00Z,398f58cef1cbb3c99805b52375104238,oddsapi/hist_event_markets,1,"{""date"": ""2024-12-29T17:50:00Z"", ""dateFormat"": ""iso"", ""regions"": ""us,us2,eu""}"
1d5aeca5b5e7bc1d56ddebe4470436bec40e01efaa72dfd8738ad5afa3a0cd45,2025-11-08T18:00:00Z,39e7c1f6e36d5bc4d2613ebf7bb83c10,oddsapi/hist_event_markets,1,"{""date"": ""2025-11-08T18:00:00Z"", ""dateFormat"": ""iso"", ""regions"": ""us,us2,eu""}"
4c7cc99a528ed0d35987be0906990629cdbef24632df0d3088a873f41474fde4,2025-11-09T17:50:00Z,39e7c1f6e36d5bc4d2613ebf7bb83c10,oddsapi/hist_event_markets,1,"{""date"": ""2025-11-09T17:50:00Z"", ""dateFormat"": ""iso"", ""regions"": ""us,us2,eu""}"
25d6339e0a8d76130baf642123adafc6c67a802135757fb8b0fe3bf14510a62c,2024-09-14T20:25:00Z,3a300e2fb659ca896b5e60252f13150c,oddsapi/hist_event_markets,1,"{""date"": ""2024-09-14T20:25:00Z"", ""dateFormat"": ""iso"", ""regions"": ""us,us2,eu""}"
02946d51d072984cda131183b57911e0bc28162c02a79a54b2d7833adcdec1f6,2024-09-15T20:15:00Z,3a300e2fb659ca896b5e60252f13150c,oddsapi/hist_event_markets,1,"{""date"": ""2024-09-15T20:15:00Z"", ""dateFormat"": ""iso"", ""regions"": ""us,us2,eu""}"
af05905e49fece37686b5cff48d38cf292dab1acc1fc7a85c419cd51dbd50383,2025-12-13T18:00:00Z,3aba4bb1fe41ecd45f934116fcc90c3f,oddsapi/hist_event_markets,1,"{""date"": ""2025-12-13T18:00:00Z"", ""dateFormat"": ""iso"", ""regions"": ""us,us2,eu""}"
d8814c85177b3fb800aa5bc6d269312b9190a3f25c989885ce76117bbda8efc7,2025-12-14T17:50:00Z,3aba4bb1fe41ecd45f934116fcc90c3f,oddsapi/hist_event_markets,1,"{""date"": ""2025-12-14T17:50:00Z"", ""dateFormat"": ""iso"", ""regions"": ""us,us2,eu""}"
b33246e633ef101d316d7cad59c0923133bf964f439aa2df5f965beac6f7d593,2025-11-08T18:00:00Z,3b1a97366685a96e6e1940ae56cc4d31,oddsapi/hist_event_markets,1,"{""date"": ""2025-11-08T18:00:00Z"", ""dateFormat"": ""iso"", ""regions"": ""us,us2,eu""}"
2c80d8ac9328a15617dada18a1d8b0f95f7a63867d8838e174c598ed860ca48b,2025-11-09T17:50:00Z,3b1a97366685a96e6e1940ae56cc4d31,oddsapi/hist_event_markets,1,"{""date"": ""2025-11-09T17:50:00Z"", ""dateFormat"": ""iso"", ""regions"": ""us,us2,eu""}"
ae572624460693f5e4776e3869b29d83cbf022fd1a7ccfd18e48ca16a2487987,2024-12-14T18:00:00Z,3b7db9e7d8af9f357fa301fb43f2e6af,oddsapi/hist_event_markets,1,"{""date"": ""2024-12-14T18:00:00Z"", ""dateFormat"": ""iso"", ""regions"": ""us,us2,eu""}"
2dbdcfa092098df8c5eb3eb1e8dd2bbcaa91f227205cd067dded964a33f10b8c,2024-12-15T17:50:00Z,3b7db9e7d8af9f357fa301fb43f2e6af,oddsapi/hist_event_markets,1,"{""date"": ""2024-12-15T17:50:00Z"", ""dateFormat"": ""iso"", ""regions"": ""us,us2,eu""}"
d8639a06afeba3d0de296b98bccc59ec999c6269f14c2be672e1376dd7fcea03,2023-10-28T17:00:00Z,3bd722d85e1bb286bb75111a0787eb87,oddsapi/hist_event_markets,1,"{""date"": ""2023-10-28T17:00:00Z"", ""dateFormat"": ""iso"", ""regions"": ""us,us2,eu""}"
4fe93e7d8ca12c0b8589d0b677ad39f6baf6c6dcab0d972ebaaca44b98c85e38,2023-10-29T16:50:00Z,3bd722d85e1bb286bb75111a0787eb87,oddsapi/hist_event_markets,1,"{""date"": ""2023-10-29T16:50:00Z"", ""dateFormat"": ""iso"", ""regions"": ""us,us2,eu""}"
5db4b19d9d5df77f19e66a5672fceba318b87c63a0b26f2029d9ebd672638168,2025-10-18T20:05:00Z,3be866344dfa050e602a6e69170b3cbe,oddsapi/hist_event_markets,1,"{""date"": ""2025-10-18T20:05:00Z"", ""dateFormat"": ""iso"", ""regions"": ""us,us2,eu""}"
daa64ea1d8de4e11d5d45290009c2a0813d3c5f2a41b63a0a3617abff47d653c,2025-10-19T19:55:00Z,3be866344dfa050e602a6e69170b3cbe,oddsapi/hist_event_markets,1,"{""date"": ""2025-10-19T19:55:00Z"", ""dateFormat"": ""iso"", ""regions"": ""us,us2,eu""}"
e575652bea1c04727091fcae402e0be618249fae16518cf8069d188449b77865,2025-11-08T18:00:00Z,3c10bc18680995136017c3bfd3152334,oddsapi/hist_event_markets,1,"{""date"": ""2025-11-08T18:00:00Z"", ""dateFormat"": ""iso"", ""regions"": ""us,us2,eu""}"
db54777697e2762e01da185c9f2b438bb824c3a5f450e1dc5e913d6ea6f9c947,2025-11-09T17:50:00Z,3c10bc18680995136017c3bfd3152334,oddsapi/hist_event_markets,1,"{""date"": ""2025-11-09T17:50:00Z"", ""dateFormat"": ""iso"", ""regions"": ""us,us2,eu""}"
ad556c8d35cebbf36e9e00103fa954db6bffa95950d4f285efbd0da242748eed,2023-12-16T18:00:00Z,3c35ab18ec14298b28d7881f50bb503d,oddsapi/hist_event_markets,1,"{""date"": ""2023-12-16T18:00:00Z"", ""dateFormat"": ""iso"", ""regions"": ""us,us2,eu""}"
614ef5e0d75e4748c7bb758e11502298f7649e4e3b25e7700c7ef4563225731e,2023-12-17T17:50:00Z,3c35ab18ec14298b28d7881f50bb503d,oddsapi/hist_event_markets,1,"{""date"": ""2023-12-17T17:50:00Z"", ""dateFormat"": ""iso"", ""regions"": ""us,us2,eu""}"
f134452d3afb704226c69ff897c9a33c02b122b5095ddfa33b9396dae78da83f,2025-12-14T01:20:00Z,3c74ebd1d005a7346c182daf6f7279dd,oddsapi/hist_event_markets,1,"{""date"": ""2025-12-14T01:20:00Z"", ""dateFormat"": ""iso"", ""regions"": ""us,us2,eu""}"
7c237e95f8f1629dbea3e03d9e100e347a94a498cc2bb0e74c85e18168b8ddca,2025-12-15T01:10:00Z,3c74ebd1d005a7346c182daf6f7279dd,oddsapi/hist_event_markets,1,"{""date"": ""2025-12-15T01:10:00Z"", ""dateFormat"": ""iso"", ""regions"": ""us,us2,eu""}"
27c3151c5b98b6faecb397bf2d03a4ee8005da57771a2b302677ab87a95cfee8,2024-11-23T18:00:00Z,3c833a498591fa8934c84aa7f3215b7f,oddsapi/hist_event_markets,1,"{""date"": ""2024-11-23T18:00:00Z"", ""dateFormat"": ""iso"", ""regions"": ""us,us2,eu""}"
32ab835fc17cdec45d490dd0cc15c7da9297ecb6fc253d3299c614ac05be5903,2024-11-24T17:50:00Z,3c833a498591fa8934c84aa7f3215b7f,oddsapi/hist_event_markets,1,"{""date"": ""2024-11-24T17:50:00Z"", ""dateFormat"": ""iso"", ""regions"": ""us,us2,eu""}"
1cccb0272b2c0a82c5ec8735c4a41e108c302ee43e93b5bb62b9ff4950b62363,2026-01-17T23:30:00Z,3cb03f5ff8d371b94e8b55c7e58b7a34,oddsapi/hist_event_markets,1,"{""date"": ""2026-01-17T23:30:00Z"", ""dateFormat"": ""iso"", ""regions"": ""us,us2,eu""}"
95a3e2934930a46aec496d50ae0003eb116ae2b002ecd37bd8f4c415d3ff6032,2026-01-18T23:20:00Z,3cb03f5ff8d371b94e8b55c7e58b7a34,oddsapi/hist_event_markets,1,"{""date"": ""2026-01-18T23:20:00Z"", ""dateFormat"": ""iso"", ""regions"": ""us,us2,eu""}"
1530dc4f89ca7228ce81ee2aa9a223f90740f60597dd76cd6e2aa82dd6a71be5,2023-11-18T18:00:00Z,3d08e5109caaffbcbe0deb49638886df,oddsapi/hist_event_markets,1,"{""date"": ""2023-11-18T18:00:00Z"", ""dateFormat"": ""iso"", ""regions"": ""us,us2,eu""}"
3fde312274e8de71c569b2dfa7dd968b883e6f5c50159fc66cb7d21560f096e4,2023-11-19T17:50:00Z,3d08e5109caaffbcbe0deb49638886df,oddsapi/hist_event_markets,1,"{""date"": ""2023-11-19T17:50:00Z"", ""dateFormat"": ""iso"", ""regions"": ""us,us2,eu""}"
fb388cbe5ed0bc0851374933b78ac56dc724f06ef7c51af1e3b315d5f4bf0e81,2024-11-02T18:00:00Z,3d24ae93125568c136d57ff911a4d2e4,oddsapi/hist_event_markets,1,"{""date"": ""2024-11-02T18:00:00Z"", ""dateFormat"": ""iso"", ""regions"": ""us,us2,eu""}"
7191abf60ee9500b810946485ec386619c903fcc21bdf5b2fe5eda4cddc2d8d1,2024-11-03T17:50:00Z,3d24ae93125568c136d57ff911a4d2e4,oddsapi/hist_event_markets,1,"{""date"": ""2024-11-03T17:50:00Z"", ""dateFormat"": ""iso"", ""regions"": ""us,us2,eu""}"
7d265ce2dd9218c1eb83f3722efdd44b6b643ccde4123c105f9be9677f8668dc,2024-10-19T17:00:00Z,3d634649562df7c3b2b22d626162a9c9,oddsapi/hist_event_markets,1,"{""date"": ""2024-10-19T17:00:00Z"", ""dateFormat"": ""iso"", ""regions"": ""us,us2,eu""}"
9d9f09debe5b2e77464bad7943fa3d30e6846cbfdea9d19fd9f415de5e1bb87c,2024-10-20T16:50:00Z,3d634649562df7c3b2b22d626162a9c9,oddsapi/hist_event_markets,1,"{""date"": ""2024-10-20T16:50:00Z"", ""dateFormat"": ""iso"", ""regions"": ""us,us2,eu""}"
4b8ad4e5c63799e0f2d219976c672ed0de4bc2d99cfe046e3b628c57ec3ffe42,2024-11-02T00:20:00Z,3d8f0d24b1f3852b8c1abc29fa0f3cd3,oddsapi/hist_event_markets,1,"{""date"": ""2024-11-02T00:20:00Z"", ""dateFormat"": ""iso"", ""regions"": ""us,us2,eu""}"
8a2c49039b3eda9bb749d2df8b56e56e53ea1fd3fb9e612edae7e3f8114c53d2,2024-11-03T00:10:00Z,3d8f0d24b1f3852b8c1abc29fa0f3cd3,oddsapi/hist_event_markets,1,"{""date"": ""2024-11-03T00:10:00Z"", ""dateFormat"": ""iso"", ""regions"": ""us,us2,eu""}"
f23c8b47cce1e6df33597b8ac5f1013851281e44ec7bb192f98cdbb72045de9f,2025-12-20T18:00:00Z,3db6ba91d2a72ada8843d5a0517bff27,oddsapi/hist_event_markets,1,"{""date"": ""2025-12-20T18:00:00Z"", ""dateFormat"": ""iso"", ""regions"": ""us,us2,eu""}"
908a838372ba103678d4ddf6507ee0a3c67f5be9ea1af54a9934ca44449af384,2025-12-21T17:50:00Z,3db6ba91d2a72ada8843d5a0517bff27,oddsapi/hist_event_markets,1,"{""date"": ""2025-12-21T17:50:00Z"", ""dateFormat"": ""iso"", ""regions"": ""us,us2,eu""}"
ffb0715652797b437e19fc9d06bc36e0d7addb1db51e46b4df21967db76a737d,2024-11-02T18:00:00Z,3de2d54334c462aa393418b75994fee1,oddsapi/hist_event_markets,1,"{""date"": ""2024-11-02T18:00:00Z"", ""dateFormat"": ""iso"", ""regions"": ""us,us2,eu""}"
1695f497d0ac8a828a086fc925743a3ecf9ae19787c000eb4e28f75bad659b2b,2024-11-03T17:50:00Z,3de2d54334c462aa393418b75994fee1,oddsapi/hist_event_markets,1,"{""date"": ""2024-11-03T17:50:00Z"", ""dateFormat"": ""iso"", ""regions"": ""us,us2,eu""}"
44ca30fb39efab8ee0283554462389c746635de6d4944590883cc6eb33237bd0,2025-12-01T01:15:00Z,3e65786eddd4c7aee9e7f2504f6fdedc,oddsapi/hist_event_markets,1,"{""date"": ""2025-12-01T01:15:00Z"", ""dateFormat"": ""iso"", ""regions"": ""us,us2,eu""}"
17cb1a69ae20bf7a908fefcdf33ffd6edc3adf8a9a3beb0549ebc1d88e52c088,2025-12-02T01:05:00Z,3e65786eddd4c7aee9e7f2504f6fdedc,oddsapi/hist_event_markets,1,"{""date"": ""2025-12-02T01:05:00Z"", ""dateFormat"": ""iso"", ""regions"": ""us,us2,eu""}"
b208fa9c3619b01ac33c3d52478e77d263d3f60abe43c5b76388fd62b6b293c4,2024-09-28T20:25:00Z,3f180e883b429700dd32ff2133ac37ef,oddsapi/hist_event_markets,1,"{""date"": ""2024-09-28T20:25:00Z"", ""dateFormat"": ""iso"", ""regions"": ""us,us2,eu""}"
ba0d2ff5f8340b8ce00113568d26cd30c092e9f385b75ccee00af21f82c491f5,2024-09-29T20:15:00Z,3f180e883b429700dd32ff2133ac37ef,oddsapi/hist_event_markets,1,"{""date"": ""2024-09-29T20:15:00Z"", ""dateFormat"": ""iso"", ""regions"": ""us,us2,eu""}"
c0b2229f988af01bc7f8c872fed5db18027802e6aa2bc5ac687d40ab8779b910,2023-12-09T21:25:00Z,3f3e724f37cedc82b772233204dc42eb,oddsapi/hist_event_markets,1,"{""date"": ""2023-12-09T21:25:00Z"", ""dateFormat"": ""iso"", ""regions"": ""us,us2,eu""}"
12793e81f40d7dc40d86ebf1af0cbb6501a80aab33cf5d1c0f6f00a39fb6b17f,2023-12-10T21:15:00Z,3f3e724f37cedc82b772233204dc42eb,oddsapi/hist_event_markets,1,"{""date"": ""2023-12-10T21:15:00Z"", ""dateFormat"": ""iso"", ""regions"": ""us,us2,eu""}"
c8f9c286557488ce36d8e32126f5cfe3ba5f1bf9e3bb45ba3e2ff8089b7cb45f,2023-11-04T14:30:00Z,3f6905c62a5e2b8cd7c8822856860a60,oddsapi/hist_event_markets,1,"{""date"": ""2023-11-04T14:30:00Z"", ""dateFormat"": ""iso"", ""regions"": ""us,us2,eu""}"
cdd4c33352e99ce28f4677e2defe8e38f70d9a703dbe0153caf89521b0bba32a,2023-11-05T14:20:00Z,3f6905c62a5e2b8cd7c8822856860a60,oddsapi/hist_event_markets,1,"{""date"": ""2023-11-05T14:20:00Z"", ""dateFormat"": ""iso"", ""regions"": ""us,us2,eu""}"
0f4a55f70fe3af43e40ff467b44fdc96cf83ddee9003e6133682aea562c63667,2025-02-08T23:30:00Z,3fd7cba821568399920fcea4dadad30d,oddsapi/hist_event_markets,1,"{""date"": ""2025-02-08T23:30:00Z"", ""dateFormat"": ""iso"", ""regions"": ""us,us2,eu""}"
db9d25785840bfdbfba93cb94bcc5aade95e9b7da8609ede906ae32d3400b554,2025-02-09T23:20:00Z,3fd7cba821568399920fcea4dadad30d,oddsapi/hist_event_markets,1,"{""date"": ""2025-02-09T23:20:00Z"", ""dateFormat"": ""iso"", ""regions"": ""us,us2,eu""}"
ceb2adfd3763e145e3813f80105a90a45fc40ff9cbec80ac643ba2223e0b30dd,2024-10-19T17:00:00Z,4084732a953c2a15d46aca93da86fe87,oddsapi/hist_event_markets,1,"{""date"": ""2024-10-19T17:00:00Z"", ""dateFormat"": ""iso"", ""regions"": ""us,us2,eu""}"
eee9fe859c4032de39e87376f23acd5f0c5721ded58f002df043d9d02fedda02,2024-10-20T16:50:00Z,4084732a953c2a15d46aca93da86fe87,oddsapi/hist_event_markets,1,"{""date"": ""2024-10-20T16:50:00Z"", ""dateFormat"": ""iso"", ""regions"": ""us,us2,eu""}"
56d97257c00f174fc5782a1c063c7190d5f680eff303ae900fdc96d60af021a1,2024-11-24T01:20:00Z,40c0ee76eb698fbd5d42139045c27c3e,oddsapi/hist_event_markets,1,"{""date"": ""2024-11-24T01:20:00Z"", ""dateFormat"": ""iso"", ""regions"": ""us,us2,eu""}"
dc55f629faac357b0b2df124cd9e2c2f1d2bd15b4dc319bbbc368a9ca1cf2aa1,2024-11-25T01:10:00Z,40c0ee76eb698fbd5d42139045c27c3e,oddsapi/hist_event_markets,1,"{""date"": ""2024-11-25T01:10:00Z"", ""dateFormat"": ""iso"", ""regions"": ""us,us2,eu""}"
ff43ce915108fe7c0253324ba145573b8ddf2ae531ef5a0933ac328023b76edf,2025-10-25T20:25:00Z,40c2ebd9ddd5ce8ff5b1ada730bb1785,oddsapi/hist_event_markets,1,"{""date"": ""2025-10-25T20:25:00Z"", ""dateFormat"": ""iso"", ""regions"": ""us,us2,eu""}"
91982e2b81f91994020e8067b0dfea05aeb9cad37eb08fba247ca80cbf997c2d,2025-10-26T20:15:00Z,40c2ebd9ddd5ce8ff5b1ada730bb1785,oddsapi/hist_event_markets,1,"{""date"": ""2025-10-26T20:15:00Z"", ""dateFormat"": ""iso"", ""regions"": ""us,us2,eu""}"
65dd1f1a21a0db6a0a85c3449ca468ca7c44f68147d5063ca80155740ad26c12,2023-09-30T20:05:00Z,411f92b1c380589ce362b17fed7d2b6a,oddsapi/hist_event_markets,1,"{""date"": ""2023-09-30T20:05:00Z"", ""dateFormat"": ""iso"", ""regions"": ""us,us2,eu""}"
6963af7336d3125b315e8182329e867641c9ab50ccb393adbd53a0e491747fc2,2023-10-01T19:55:00Z,411f92b1c380589ce362b17fed7d2b6a,oddsapi/hist_event_markets,1,"{""date"": ""2023-10-01T19:55:00Z"", ""dateFormat"": ""iso"", ""regions"": ""us,us2,eu""}"
79cac615e4c73eeeebc831202cfa4aabbf10f455e08786b49d6a49b92d499f82,2023-10-14T17:00:00Z,417e02503976f3971e0750e60fff16e2,oddsapi/hist_event_markets,1,"{""date"": ""2023-10-14T17:00:00Z"", ""dateFormat"": ""iso"", ""regions"": ""us,us2,eu""}"
041cc0094588e5b906c9ff7d050890995f119ebee96d065ca679b0cd54dac2d9,2023-10-15T16:50:00Z,417e02503976f3971e0750e60fff16e2,oddsapi/hist_event_markets,1,"{""date"": ""2023-10-15T16:50:00Z"", ""dateFormat"": ""iso"", ""regions"": ""us,us2,eu""}"
dae972a75f79e0b19740b32efd3329ca63f7fb08e7a8755f027954a0955e0e33,2023-12-10T01:20:00Z,419340a84b66e0873b00597841a3531c,oddsapi/hist_event_markets,1,"{""date"": ""2023-12-10T01:20:00Z"", ""dateFormat"": ""iso"", ""regions"": ""us,us2,eu""}"
fbefca9ef9de05310e6ee8c5d06bf28ce1e2a8d7dbb01c9befa7e2a3a46b8e0e,2023-12-11T01:10:00Z,419340a84b66e0873b00597841a3531c,oddsapi/hist_event_markets,1,"{""date"": ""2023-12-11T01:10:00Z"", ""dateFormat"": ""iso"", ""regions"": ""us,us2,eu""}"
3f77df058b88b683800a556a894dd214894a8ec2955dd6c9355d466e29784b01,2023-12-02T18:00:00Z,41c4d77b6a910a6b2364fbeb51dba059,oddsapi/hist_event_markets,1,"{""date"": ""2023-12-02T18:00:00Z"", ""dateFormat"": ""iso"", ""regions"": ""us,us2,eu""}"
a9bcde1182b9eeac3ae1a0dea7bcf6fc79f8a0a9f3bfeb191f841726e50ae8c1,2023-12-03T17:50:00Z,41c4d77b6a910a6b2364fbeb51dba059,oddsapi/hist_event_markets,1,"{""date"": ""2023-12-03T17:50:00Z"", ""dateFormat"": ""iso"", ""regions"": ""us,us2,eu""}"
f3eae6c69c191ff558da0cdd49d96e1c6c4bc9173d64deede28d38d205c5c284,2026-01-03T18:00:00Z,41fc7f3165cc9dfdb47c25a9decd7c9b,oddsapi/hist_event_markets,1,"{""date"": ""2026-01-03T18:00:00Z"", ""dateFormat"": ""iso"", ""regions"": ""us,us2,eu""}"
2dca86cd71570ccb25d64f72c24779f93889803bcb940603ed2c299b46fb182e,2026-01-04T17:50:00Z,41fc7f3165cc9dfdb47c25a9decd7c9b,oddsapi/hist_event_markets,1,"{""date"": ""2026-01-04T17:50:00Z"", ""dateFormat"": ""iso"", ""regions"": ""us,us2,eu""}"
7a39af060541007195408b81ae931cb8c7addb12a499b098d3b266f5743b4f7c,2025-11-08T14:30:00Z,42473c1ddf8f424069ff3f264dd8dca4,oddsapi/hist_event_markets,1,"{""date"": ""2025-11-08T14:30:00Z"", ""dateFormat"": ""iso"", ""regions"": ""us,us2,eu""}"
68e9462dbb5f473f7ae49746009f843f037ebf12ea473e9f7ce26ed910bf4cb2,2025-11-09T14:20:00Z,42473c1ddf8f424069ff3f264dd8dca4,oddsapi/hist_event_markets,1,"{""date"": ""2025-11-09T14:20:00Z"", ""dateFormat"": ""iso"", ""regions"": ""us,us2,eu""}"
1c882d938a12389c5988c451c3e01d443801a42f272620db355a604c20a9da53,2023-12-07T01:15:00Z,4275f59e3fbef9a01b3007538c0b61fc,oddsapi/hist_event_markets,1,"{""date"": ""2023-12-07T01:15:00Z"", ""dateFormat"": ""iso"", ""regions"": ""us,us2,eu""}"
04b532ee22baae22390d666933a05cf8b311fa5be01c0357d55d929af39319ec,2023-12-08T01:05:00Z,4275f59e3fbef9a01b3007538c0b61fc,oddsapi/hist_event_markets,1,"{""date"": ""2023-12-08T01:05:00Z"", ""dateFormat"": ""iso"", ""regions"": ""us,us2,eu""}"
b4f7e9c38307f8fcd216222915fef40f427550c5cf72878fa7d9b97afe3e3b7a,2025-01-11T18:00:00Z,4290cfcaa959dc5b452481cfff521b45,oddsapi/hist_event_markets,1,"{""date"": ""2025-01-11T18:00:00Z"", ""dateFormat"": ""iso"", ""regions"": ""us,us2,eu""}"
629598207b9069c7620a0a76c611b9c0d297f621d5b40adace16b086b45ee8c5,2025-01-12T17:50:00Z,4290cfcaa959dc5b452481cfff521b45,oddsapi/hist_event_markets,1,"{""date"": ""2025-01-12T17:50:00Z"", ""dateFormat"": ""iso"", ""regions"": ""us,us2,eu""}"
0a38842700940ee96bddab7098579556058d750eda3ff355549701e5dcb27236,2023-10-23T00:15:00Z,42ccfa93a908006e5677687427c528db,oddsapi/hist_event_markets,1,"{""date"": ""2023-10-23T00:15:00Z"", ""dateFormat"": ""iso"", ""regions"": ""us,us2,eu""}"
321da6bedddc1832e85b4ede65e9dc7d012ed54e43edf6b549582839134dd5da,2023-10-24T00:05:00Z,42ccfa93a908006e5677687427c528db,oddsapi/hist_event_markets,1,"{""date"": ""2023-10-24T00:05:00Z"", ""dateFormat"": ""iso"", ""regions"": ""us,us2,eu""}"
fae1c0b9c5e834b3c17116573d395b1bd160731c46c9d4969c0d46ee517d5326,2024-09-14T17:00:00Z,42d27889b51ada96c20671b30129ce4e,oddsapi/hist_event_markets,1,"{""date"": ""2024-09-14T17:00:00Z"", ""dateFormat"": ""iso"", ""regions"": ""us,us2,eu""}"
9af5e97236c65059ccbec7de9030ec5068042dd9ce568a0360f2dcf92257e74f,2024-09-15T16:50:00Z,42d27889b51ada96c20671b30129ce4e,oddsapi/hist_event_markets,1,"{""date"": ""2024-09-15T16:50:00Z"", ""dateFormat"": ""iso"", ""regions"": ""us,us2,eu""}"
b10f1d2907e9633a96237fb72f21d5b681f7f559387c2831e253e93be92292b6,2023-09-07T00:20:00Z,42db668449664943833b5c04a583328a,oddsapi/hist_event_markets,1,"{""date"": ""2023-09-07T00:20:00Z"", ""dateFormat"": ""iso"", ""regions"": ""us,us2,eu""}"
f703fcd83f653ea33361de96abfeaab006bb81f68535cc194ac493c775e3154f,2023-09-08T00:10:00Z,42db668449664943833b5c04a583328a,oddsapi/hist_event_markets,1,"{""date"": ""2023-09-08T00:10:00Z"", ""dateFormat"": ""iso"", ""regions"": ""us,us2,eu""}"
a6eebb5937ec9212564f8bc87face4292b447fb9e98bc56c70af9858adbcff5b,2023-12-23T21:25:00Z,434c4d5264c6da9735c189a2a62b024b,oddsapi/hist_event_markets,1,"{""date"": ""2023-12-23T21:25:00Z"", ""dateFormat"": ""iso"", ""regions"": ""us,us2,eu""}"
fcc0ea566b1f833e211972211aa9ca6c94dd119016ccd31c6726108504929f96,2023-12-24T21:15:00Z,434c4d5264c6da9735c189a2a62b024b,oddsapi/hist_event_markets,1,"{""date"": ""2023-12-24T21:15:00Z"", ""dateFormat"": ""iso"", ""regions"": ""us,us2,eu""}"
4629920b085c0edfbeace6dbb3077f51eae9ed1b26e362772f88d04e0894b239,2025-11-10T01:15:00Z,438868ff90501a1fe9a0fbecbee9dc12,oddsapi/hist_event_markets,1,"{""date"": ""2025-11-10T01:15:00Z"", ""dateFormat"": ""iso"", ""regions"": ""us,us2,eu""}"
fd0cdf92c159c365fef1960f7c976f695e19f22d5f1c9122058b4c4022dabc7d,2025-11-11T01:05:00Z,438868ff90501a1fe9a0fbecbee9dc12,oddsapi/hist_event_markets,1,"{""date"": ""2025-11-11T01:05:00Z"", ""dateFormat"": ""iso"", ""regions"": ""us,us2,eu""}"
8b680fc7e9d1c73b8bf9fe5deedcb453de0a602df4a40a5e4cba6b488859759d,2024-10-05T17:00:00Z,43f21c8e455914cc71d00ca0001ae85b,oddsapi/hist_event_markets,1,"{""date"": ""2024-10-05T17:00:00Z"", ""dateFormat"": ""iso"", ""regions"": ""us,us2,eu""}"
56dbc8aee7603e763e52ad8b9dc2bd904c98ff6fc95cdcb0baf7ae02f51e290b,2024-10-06T16:50:00Z,43f21c8e455914cc71d00ca0001ae85b,oddsapi/hist_event_markets,1,"{""date"": ""2024-10-06T16:50:00Z"", ""dateFormat"": ""iso"", ""regions"": ""us,us2,eu""}"
39d5e7bea1e2f927c9367e12b276c527df0b678dc8dcf37daa88cdef1aee4507,2023-12-09T18:00:00Z,44ce059ff332b5b1169459132488a51e,oddsapi/hist_event_markets,1,"{""date"": ""2023-12-09T18:00:00Z"", ""dateFormat"": ""iso"", ""regions"": ""us,us2,eu""}"
7e37ccc40cb35ff7122010f67f6e68277907f84066d4ad19817da8b13cc92122,2023-12-10T17:50:00Z,44ce059ff332b5b1169459132488a51e,oddsapi/hist_event_markets,1,"{""date"": ""2023-12-10T17:50:00Z"", ""dateFormat"": ""iso"", ""regions"": ""us,us2,eu""}"
2a56ce82cab001003ed25b4df762565b51377f5f9ba39bf723f36ea87d3a5cbc,2023-09-16T17:00:00Z,450d0600bc30565494c6df8096e04976,oddsapi/hist_event_markets,1,"{""date"": ""2023-09-16T17:00:00Z"", ""dateFormat"": ""iso"", ""regions"": ""us,us2,eu""}"
4f7eab95073f65899aa3f320e2d95aef6c739ecf2256a9552e741afba662289b,2023-09-17T16:50:00Z,450d0600bc30565494c6df8096e04976,oddsapi/hist_event_markets,1,"{""date"": ""2023-09-17T16:50:00Z"", ""dateFormat"": ""iso"", ""regions"": ""us,us2,eu""}"
2ec686d06892a950196e94e6564f305cd23629b47c7eca06f4769c68c4c6545d,2025-11-22T21:25:00Z,4553ba763cb3cfcfc33fd62672a2057f,oddsapi/hist_event_markets,1,"{""date"": ""2025-11-22T21:25:00Z"", ""dateFormat"": ""iso"", ""regions"": ""us,us2,eu""}"
944e7001fe55dc482dde476c10685dfdc5d8e57bba9cb814fd598e97046da9fd,2025-11-23T21:15:00Z,4553ba763cb3cfcfc33fd62672a2057f,oddsapi/hist_event_markets,1,"{""date"": ""2025-11-23T21:15:00Z"", ""dateFormat"": ""iso"", ""regions"": ""us,us2,eu""}"
cf921e9b580724f53e25015af85ee3a088822f1a886208c5d3e4576e54ef4fc5,2023-10-14T17:00:00Z,4580cdc2486bd4dbb44cde4fd680e832,oddsapi/hist_event_markets,1,"{""date"": ""2023-10-14T17:00:00Z"", ""dateFormat"": ""iso"", ""regions"": ""us,us2,eu""}"
de5f34bc25ff1686c2aafd63676d0e6035df1ce23f357aed860fea8ecd866dbb,2023-10-15T16:50:00Z,4580cdc2486bd4dbb44cde4fd680e832,oddsapi/hist_event_markets,1,"{""date"": ""2023-10-15T16:50:00Z"", ""dateFormat"": ""iso"", ""regions"": ""us,us2,eu""}"
7d255a09a608c1782cc67aa7b77e44d00092acfafb50eddb1a08a56d31b2fb17,2024-11-30T18:00:00Z,45b543405582d30cef04650884f45c6d,oddsapi/hist_event_markets,1,"{""date"": ""2024-11-30T18:00:00Z"", ""dateFormat"": ""iso"", ""regions"": ""us,us2,eu""}"
29d2742e7329e1f51982ab705171543decf8e8a1eabe0706a0a0928300f48598,2024-12-01T17:50:00Z,45b543405582d30cef04650884f45c6d,oddsapi/hist_event_markets,1,"{""date"": ""2024-12-01T17:50:00Z"", ""dateFormat"": ""iso"", ""regions"": ""us,us2,eu""}"
3434c4087967a371cbb7713c855cb641de1521a8dd92047475bedd90833230c4,2023-09-23T17:00:00Z,4609c9aaa9bc0b3a76b75f2f85f6a5f1,oddsapi/hist_event_markets,1,"{""date"": ""2023-09-23T17:00:00Z"", ""dateFormat"": ""iso"", ""regions"": ""us,us2,eu""}"
521038811e05eeedae1c16389ef7da9ff73ef168760d7a60118d00d77ae45d06,2023-09-24T16:50:00Z,4609c9aaa9bc0b3a76b75f2f85f6a5f1,oddsapi/hist_event_markets,1,"{""date"": ""2023-09-24T16:50:00Z"", ""dateFormat"": ""iso"", ""regions"": ""us,us2,eu""}"
0a5288f3fcff2b942920c73df7e0d55d47f9aa461702ee713355cb1915012ba8,2023-12-02T21:25:00Z,4622746235a30217e61503cbcb3204bc,oddsapi/hist_event_markets,1,"{""date"": ""2023-12-02T21:25:00Z"", ""dateFormat"": ""iso"", ""regions"": ""us,us2,eu""}"
a8b32a77f6b927c65c9ec56988ca11f1d64ece7da204c4d17e1a3d7c47f0e85e,2023-12-03T21:15:00Z,4622746235a30217e61503cbcb3204bc,oddsapi/hist_event_markets,1,"{""date"": ""2023-12-03T21:15:00Z"", ""dateFormat"": ""iso"", ""regions"": ""us,us2,eu""}"
102dbc1340dc9fc20d917e4613110e2878761709210d48d150f11ea3704d8c60,2026-01-10T21:30:00Z,467cba5a1b3809e6b990033dff600f48,oddsapi/hist_event_markets,1,"{""date"": ""2026-01-10T21:30:00Z"", ""dateFormat"": ""iso"", ""regions"": ""us,us2,eu""}"
99a555c3014c2f99d689f8ebebf9b4d6b64be7329c87deecc146f08d6463a7cd,2026-01-11T21:20:00Z,467cba5a1b3809e6b990033dff600f48,oddsapi/hist_event_markets,1,"{""date"": ""2026-01-11T21:20:00Z"", ""dateFormat"": ""iso"", ""regions"": ""us,us2,eu""}"
61ba0451832dcc4a729425cb7b8c5d63eb7e799c94d0f5d758b73b4d3d12d241,2024-01-06T18:00:00Z,46b392b972587cb9f66805dcea8dcac9,oddsapi/hist_event_markets,1,"{""date"": ""2024-01-06T18:00:00Z"", ""dateFormat"": ""iso"", ""regions"": ""us,us2,eu""}"
a2f2e4e770537229d37ce000e7b23ce21273cbdc3a7ceddf45a6391c96ca73a9,2024-01-07T17:50:00Z,46b392b972587cb9f66805dcea8dcac9,oddsapi/hist_event_markets,1,"{""date"": ""2024-01-07T17:50:00Z"", ""dateFormat"": ""iso"", ""regions"": ""us,us2,eu""}"
d2dfb33d5394f0f04079ae5f5d7500d2bc43afeb34ac085995f7313d279dd02a,2024-10-26T17:00:00Z,4708973e15052d8b7c29a53f0c4561dc,oddsapi/hist_event_markets,1,"{""date"": ""2024-10-26T17:00:00Z"", ""dateFormat"": ""iso"", ""regions"": ""us,us2,eu""}"
e92dee6965dba0c9962606380bb8994f65c6b765152fa01f47b1e8591e8cad33,2024-10-27T16:50:00Z,4708973e15052d8b7c29a53f0c4561dc,oddsapi/hist_event_markets,1,"{""date"": ""2024-10-27T16:50:00Z"", ""dateFormat"": ""iso"", ""regions"": ""us,us2,eu""}"
9bc9aab641431801b1c1d59202aaca56662083d430dc4598ce80aa02e278b6ab,2025-12-07T01:20:00Z,4727a6cfcd3d604dbfcb898c5a4d40a6,oddsapi/hist_event_markets,1,"{""date"": ""2025-12-07T01:20:00Z"", ""dateFormat"": ""iso"", ""regions"": ""us,us2,eu""}"
5e687a165316bccd08d8ca2adc2c4f16c80c3bfb67e7e5cff14964f106f4bd43,2025-12-08T01:10:00Z,4727a6cfcd3d604dbfcb898c5a4d40a6,oddsapi/hist_event_markets,1,"{""date"": ""2025-12-08T01:10:00Z"", ""dateFormat"": ""iso"", ""regions"": ""us,us2,eu""}"
92d4a314b2f3cca6bf493c92fb42a250cebdd293ebed2ea0d24ab0da37f4987a,2025-12-20T21:25:00Z,47a54fb60f7b79179bc80e18a7c5de81,oddsapi/hist_event_markets,1,"{""date"": ""2025-12-20T21:25:00Z"", ""dateFormat"": ""iso"", ""regions"": ""us,us2,eu""}"
42ffd00d6be5ad33eb27d8c56e4cca7d4ad85a0d98ddacb2473cd7b3abf785b4,2025-12-21T21:15:00Z,47a54fb60f7b79179bc80e18a7c5de81,oddsapi/hist_event_markets,1,"{""date"": ""2025-12-21T21:15:00Z"", ""dateFormat"": ""iso"", ""regions"": ""us,us2,eu""}"
414dfa0d02e643e2d23441989681da22597549c5ff0fe0ef82224b222f6051a1,2023-09-21T00:15:00Z,47b49faf45f8a39f9910f004a79ff360,oddsapi/hist_event_markets,1,"{""date"": ""2023-09-21T00:15:00Z"", ""dateFormat"": ""iso"", ""regions"": ""us,us2,eu""}"
2cea9e90770556451fa8a6a641bd54934b800c462fe9f247261944a957b8c913,2023-09-22T00:05:00Z,47b49faf45f8a39f9910f004a79ff360,oddsapi/hist_event_markets,1,"{""date"": ""2023-09-22T00:05:00Z"", ""dateFormat"": ""iso"", ""regions"": ""us,us2,eu""}"
724f4c398d235f03349033b0b0910cf9958c5c3f11a95119b68b96b05f6aae99,2023-10-07T20:05:00Z,483964581fdd3bb0bf48d4735c2da6e2,oddsapi/hist_event_markets,1,"{""date"": ""2023-10-07T20:05:00Z"", ""dateFormat"": ""iso"", ""regions"": ""us,us2,eu""}"
8120f5b9f8974a514906d74b54cfbb1c0330b2d020e550af59926e3873b9f57b,2023-10-08T19:55:00Z,483964581fdd3bb0bf48d4735c2da6e2,oddsapi/hist_event_markets,1,"{""date"": ""2023-10-08T19:55:00Z"", ""dateFormat"": ""iso"", ""regions"": ""us,us2,eu""}"
be6e294ccc4414c44d038d8c3f7ab2a66d8968f115a5e5cf866f4c0467fd4109,2024-12-07T18:00:00Z,48859a2a659fe2dd71db168127a01b13,oddsapi/hist_event_markets,1,"{""date"": ""2024-12-07T18:00:00Z"", ""dateFormat"": ""iso"", ""regions"": ""us,us2,eu""}"
531ce76a1886192fb3c8b49a1bf7f5032edeb67ce246e6e4307a145a3b0d92da,2024-12-08T17:50:00Z,48859a2a659fe2dd71db168127a01b13,oddsapi/hist_event_markets,1,"{""date"": ""2024-12-08T17:50:00Z"", ""dateFormat"": ""iso"", ""regions"": ""us,us2,eu""}"
98f2066a71b0b50c135ac63790c10d852244b3d2fd2e9e86772f397262898932,2023-12-09T18:00:00Z,48d726d4f5811eab626ddfb09bf48235,oddsapi/hist_event_markets,1,"{""date"": ""2023-12-09T18:00:00Z"", ""dateFormat"": ""iso"", ""regions"": ""us,us2,eu""}"
700bd49c1a7f80afafdc1c32cac422fc5a06d2bc89ed3f4513d9a6e23b305bc4,2023-12-10T17:50:00Z,48d726d4f5811eab626ddfb09bf48235,oddsapi/hist_event_markets,1,"{""date"": ""2023-12-10T17:50:00Z"", ""dateFormat"": ""iso"", ""regions"": ""us,us2,eu""}"
33f1de2e09673ea5de3bc502309b1f7bcfb8bbffcdb5084472e142ef8bf9d17e,2024-09-21T20:05:00Z,49397bc00cf6d5e50f0a943538f1b00d,oddsapi/hist_event_markets,1,"{""date"": ""2024-09-21T20:05:00Z"", ""dateFormat"": ""iso"", ""regions"": ""us,us2,eu""}"
838f3ba6fb0461ff4073c14ab7c926d29da1daf55995a65d24ccc092582d52e6,2024-09-22T19:55:00Z,49397bc00cf6d5e50f0a943538f1b00d,oddsapi/hist_event_markets,1,"{""date"": ""2024-09-22T19:55:00Z"", ""dateFormat"": ""iso"", ""regions"": ""us,us2,eu""}"
b26d30f0d7527d99cacd865955027b3d18f3611912e205c1369546fa5fb4e8e8,2024-09-14T17:00:00Z,495d9f2c316b05ef092099ef9401a180,oddsapi/hist_event_markets,1,"{""date"": ""2024-09-14T17:00:00Z"", ""dateFormat"": ""iso"", ""regions"": ""us,us2,eu""}"
c173fb95acd42ec166016529c3ab5ae1f0fa37366f22555382c63be44257a7fd,2024-09-15T16:50:00Z,495d9f2c316b05ef092099ef9401a180,oddsapi/hist_event_markets,1,"{""date"": ""2024-09-15T16:50:00Z"", ""dateFormat"": ""iso"", ""regions"": ""us,us2,eu""}"
286c5f736160f91400f4e3345201f899b05ee0e5a3066377a73a220a64556bf3,2025-10-11T20:05:00Z,4963bff460a5f26cab46a8e5ea6db148,oddsapi/hist_event_markets,1,"{""date"": ""2025-10-11T20:05:00Z"", ""dateFormat"": ""iso"", ""regions"": ""us,us2,eu""}"
3915e4071a9cc1d3358fdc8baee637835c5fa40863cab3bbff524bea51f49c20,2025-10-12T19:55:00Z,4963bff460a5f26cab46a8e5ea6db148,oddsapi/hist_event_markets,1,"{""date"": ""2025-10-12T19:55:00Z"", ""dateFormat"": ""iso"", ""regions"": ""us,us2,eu""}"
415b2da5c1dea4bbca022218f91b99d0c8361beb165fa84d21c09ddcb090f0a4,2024-10-19T17:00:00Z,497242e77fc7f2e1fa4cc70a2bd37b20,oddsapi/hist_event_markets,1,"{""date"": ""2024-10-19T17:00:00Z"", ""dateFormat"": ""iso"", ""regions"": ""us,us2,eu""}"
536f8fa50beb2665718c2db42387b7d2722dddadcdb609f4fa9e874ff39ec396,2024-10-20T16:50:00Z,497242e77fc7f2e1fa4cc70a2bd37b20,oddsapi/hist_event_markets,1,"{""date"": ""2024-10-20T16:50:00Z"", ""dateFormat"": ""iso"", ""regions"": ""us,us2,eu""}"
092f82e86382ddc4e70e8bc1603f05df0f4388b8bda91f71c264e6e6b8278a72,2025-09-25T00:15:00Z,4a08b89f07a4a395620f6df5c1d239f4,oddsapi/hist_event_markets,1,"{""date"": ""2025-09-25T00:15:00Z"", ""dateFormat"": ""iso"", ""regions"": ""us,us2,eu""}"
bf365137cd0d6b460b0b3bea2c73333c11a06833ad4b467c607e6b8cc888ed10,2025-09-26T00:05:00Z,4a08b89f07a4a395620f6df5c1d239f4,oddsapi/hist_event_markets,1,"{""date"": ""2025-09-26T00:05:00Z"", ""dateFormat"": ""iso"", ""regions"": ""us,us2,eu""}"
927d2e3f2fcb61a17863e6c145d2cbdfd1286070925cc412830bfda3b9b24e36,2023-11-25T18:00:00Z,4a12e8418289ef8d56250b020a9b5c15,oddsapi/hist_event_markets,1,"{""date"": ""2023-11-25T18:00:00Z"", ""dateFormat"": ""iso"", ""regions"": ""us,us2,eu""}"
ed78c6aecfb759659cfd3bcc8ed6322837d37a684e85a2fa43ac9440739ab452,2023-11-26T17:50:00Z,4a12e8418289ef8d56250b020a9b5c15,oddsapi/hist_event_markets,1,"{""date"": ""2023-11-26T17:50:00Z"", ""dateFormat"": ""iso"", ""regions"": ""us,us2,eu""}"
064561a2e1a31167292bc4e39dc5198ed4e4badad6dde7f09f6c87e9e9ffcaad,2024-10-26T17:00:00Z,4a54b04a572fde8db5f1e1478c1ef673,oddsapi/hist_event_markets,1,"{""date"": ""2024-10-26T17:00:00Z"", ""dateFormat"": ""iso"", ""regions"": ""us,us2,eu""}"
b0be0dceaf7101fa03dfb6cdfb209a8da101c0fc55e56bb4825c3c8a5ea631e1,2024-10-27T16:50:00Z,4a54b04a572fde8db5f1e1478c1ef673,oddsapi/hist_event_markets,1,"{""date"": ""2024-10-27T16:50:00Z"", ""dateFormat"": ""iso"", ""regions"": ""us,us2,eu""}"
134890540d95779e5b75f188b12f7d3d1a7d101167fc63902708f2f761a974d7,2023-12-30T18:00:00Z,4b3400a92d27954eba760f003c253ddb,oddsapi/hist_event_markets,1,"{""date"": ""2023-12-30T18:00:00Z"", ""dateFormat"": ""iso"", ""regions"": ""us,us2,eu""}"
c30003cd5e4aafd5e0cf80ebed188f9548261132bdd2bc4c53dd8c5f7c1fd0cd,2023-12-31T17:50:00Z,4b3400a92d27954eba760f003c253ddb,oddsapi/hist_event_markets,1,"{""date"": ""2023-12-31T17:50:00Z"", ""dateFormat"": ""iso"", ""regions"": ""us,us2,eu""}"
f8f7defea2f621c137df2bf86a7bf59a67b6c370ad84cad6ebac657f8d5b3bcc,2023-10-28T20:25:00Z,4b3bf6a14799c3aba60073fab153a9b1,oddsapi/hist_event_markets,1,"{""date"": ""2023-10-28T20:25:00Z"", ""dateFormat"": ""iso"", ""regions"": ""us,us2,eu""}"
42bb92f2dc402c958dd14915af47f532360cd17a994a2c0da9f51842b70cffd7,2023-10-29T20:15:00Z,4b3bf6a14799c3aba60073fab153a9b1,oddsapi/hist_event_markets,1,"{""date"": ""2023-10-29T20:15:00Z"", ""dateFormat"": ""iso"", ""regions"": ""us,us2,eu""}"
e8b690a2d4aba82abba9c74884ae6bef2e1f58f90235bdc4e97425514b56420a,2023-09-23T20:05:00Z,4b3ed4ec08352199ff98bdf14b247c88,oddsapi/hist_event_markets,1,"{""date"": ""2023-09-23T20:05:00Z"", ""dateFormat"": ""iso"", ""regions"": ""us,us2,eu""}"
61718e8572657aa85326e75496ce3d3dc1192a8fb1444b3a0ba415b695907ddb,2023-09-24T19:55:00Z,4b3ed4ec08352199ff98bdf14b247c88,oddsapi/hist_event_markets,1,"{""date"": ""2023-09-24T19:55:00Z"", ""dateFormat"": ""iso"", ""regions"": ""us,us2,eu""}"
3efe699ac4e655dd36ff99e06885b1ee10cb1646a1cf33a3b7236f63a2cb3935,2024-11-16T21:05:00Z,4baedb2bf9b85f9b9ec40e88bacc1792,oddsapi/hist_event_markets,1,"{""date"": ""2024-11-16T21:05:00Z"", ""dateFormat"": ""iso"", ""regions"": ""us,us2,eu""}"
0dc4f2b5ffb30efa967a3757dbbb6545cdafda1a4be12d8cb60778db12ed9d59,2024-11-17T20:55:00Z,4baedb2bf9b85f9b9ec40e88bacc1792,oddsapi/hist_event_markets,1,"{""date"": ""2024-11-17T20:55:00Z"", ""dateFormat"": ""iso"", ""regions"": ""us,us2,eu""}"
0e98d8f99c73782d63692a87326e4b307d98fd44d6d1977addf9b60e105939c5,2026-01-24T23:30:00Z,4bc6eb576f5079baecce8c56689c259a,oddsapi/hist_event_markets,1,"{""date"": ""2026-01-24T23:30:00Z"", ""dateFormat"": ""iso"", ""regions"": ""us,us2,eu""}"
f93829a99f396e63b0ef69e796f578e38a7ed27d8c745fb718a04cda3fe0d750,2026-01-25T23:20:00Z,4bc6eb576f5079baecce8c56689c259a,oddsapi/hist_event_markets,1,"{""date"": ""2026-01-25T23:20:00Z"", ""dateFormat"": ""iso"", ""regions"": ""us,us2,eu""}"
1fc3d3512275e1492c66edf5de79a1aa98497156837920f56276d7e5a6cb68dc,2025-09-20T17:00:00Z,4c4ae4a2d54fc3f71c450187e9391ddc,oddsapi/hist_event_markets,1,"{""date"": ""2025-09-20T17:00:00Z"", ""dateFormat"": ""iso"", ""regions"": ""us,us2,eu""}"
18a3afea3501c35dd2a73162e12bdbbb8d4b18bbadffc189b9189e90f0ec0960,2025-09-21T16:50:00Z,4c4ae4a2d54fc3f71c450187e9391ddc,oddsapi/hist_event_markets,1,"{""date"": ""2025-09-21T16:50:00Z"", ""dateFormat"": ""iso"", ""regions"": ""us,us2,eu""}"
5e44ce215e582ee10ffe2d5f31368e7a06f2e839d5cd6028cce9ec06c25ae8a2,2025-09-06T17:00:00Z,4cce00ca468c67eca17a9a061f778fb2,oddsapi/hist_event_markets,1,"{""date"": ""2025-09-06T17:00:00Z"", ""dateFormat"": ""iso"", ""regions"": ""us,us2,eu""}"
8dd01897f76aa55d9042a9704b9918f661bed5039c476daef9741cf6fa259dba,2025-09-07T16:50:00Z,4cce00ca468c67eca17a9a061f778fb2,oddsapi/hist_event_markets,1,"{""date"": ""2025-09-07T16:50:00Z"", ""dateFormat"": ""iso"", ""regions"": ""us,us2,eu""}"
8ff86e77cbf3338ececf0c3cde70ed4edfea95bc84720a205f39c54fda9f9762,2023-09-09T20:25:00Z,4d18f524fdaa6d8d7f81f9803a43d5f0,oddsapi/hist_event_markets,1,"{""date"": ""2023-09-09T20:25:00Z"", ""dateFormat"": ""iso"", ""regions"": ""us,us2,eu""}"
663290d2beb363eba3fe0f0ebf896bebffea5afdf41bc72fc7362e5a3d902a1f,2023-09-10T20:15:00Z,4d18f524fdaa6d8d7f81f9803a43d5f0,oddsapi/hist_event_markets,1,"{""date"": ""2023-09-10T20:15:00Z"", ""dateFormat"": ""iso"", ""regions"": ""us,us2,eu""}"
8427012cb74b75f8dd7f97e97d7ede71cb5a022656125e37d8aab8eaa83a82f3,2025-01-18T18:00:00Z,4d19aa62cfee9c5118758fe4dd827a4e,oddsapi/hist_event_markets,1,"{""date"": ""2025-01-18T18:00:00Z"", ""dateFormat"": ""iso"", ""regions"": ""us,us2,eu""}"
60182e0a4c7161a62de166b3fa962e1a8fea5dc7a12a55993ec016857b39e202,2025-01-19T17:50:00Z,4d19aa62cfee9c5118758fe4dd827a4e,oddsapi/hist_event_markets,1,"{""date"": ""2025-01-19T17:50:00Z"", ""dateFormat"": ""iso"", ""regions"": ""us,us2,eu""}"
3737cdee5c5cb96e64ee6d017fb34c933b4b08e53bb1e5c486eea3d0153a8318,2023-10-28T17:00:00Z,4d8b130d0b5c36b7eac558283ebb4490,oddsapi/hist_event_markets,1,"{""date"": ""2023-10-28T17:00:00Z"", ""dateFormat"": ""iso"", ""regions"": ""us,us2,eu""}"
56e4b75f6a6df6a264a082f588ed4f370b6ad849db65fb8b3e5e1d207ba01362,2023-10-29T16:50:00Z,4d8b130d0b5c36b7eac558283ebb4490,oddsapi/hist_event_markets,1,"{""date"": ""2023-10-29T16:50:00Z"", ""dateFormat"": ""iso"", ""regions"": ""us,us2,eu""}"
6af0ce611aa0f07092d3fe8dda0a604117382b90006c16286838f7d26d4d9219,2025-01-04T18:00:00Z,4da44c8ba4e595d3fe313cbeb1fe797b,oddsapi/hist_event_markets,1,"{""date"": ""2025-01-04T18:00:00Z"", ""dateFormat"": ""iso"", ""regions"": ""us,us2,eu""}"
42438196caa475de01eb871624f5a19de4cad896c627a5efded1533deb3ee9bb,2025-01-05T17:50:00Z,4da44c8ba4e595d3fe313cbeb1fe797b,oddsapi/hist_event_markets,1,"{""date"": ""2025-01-05T17:50:00Z"", ""dateFormat"": ""iso"", ""regions"": ""us,us2,eu""}"
d0e16367aaf8968d4d7b38ca203f2014be21eccb671bc6aa6c0daba5ebc062ac,2025-09-27T13:30:00Z,4dd631102a977fd398f7ea594ed208f2,oddsapi/hist_event_markets,1,"{""date"": ""2025-09-27T13:30:00Z"", ""dateFormat"": ""iso"", ""regions"": ""us,us2,eu""}"
ec156107c6e3a9975210c5861d2e8ed1a5aa6f892dbcba35674db615cded4943,2025-09-28T13:20:00Z,4dd631102a977fd398f7ea594ed208f2,oddsapi/hist_event_markets,1,"{""date"": ""2025-09-28T13:20:00Z"", ""dateFormat"": ""iso"", ""regions"": ""us,us2,eu""}"
bea94b6b454effcdbd74fc52d7e07aad424f5158729aa8d67eba4445676158a5,2025-12-06T18:00:00Z,4e289ac7d9b5663fd5a06881f2b1424d,oddsapi/hist_event_markets,1,"{""date"": ""2025-12-06T18:00:00Z"", ""dateFormat"": ""iso"", ""regions"": ""us,us2,eu""}"
36ef74b0a9eb7d8904cd06555299cb6261a8e4f5e71c208d3ae6c23458929b29,2025-12-07T17:50:00Z,4e289ac7d9b5663fd5a06881f2b1424d,oddsapi/hist_event_markets,1,"{""date"": ""2025-12-07T17:50:00Z"", ""dateFormat"": ""iso"", ""regions"": ""us,us2,eu""}"
3bde5bb57019b68f9166ed8c5ef5f43460213e7046020942d453e3625940dd24,2024-01-07T01:20:00Z,4ede93bcf0120eff85ceba01144694b9,oddsapi/hist_event_markets,1,"{""date"": ""2024-01-07T01:20:00Z"", ""dateFormat"": ""iso"", ""regions"": ""us,us2,eu""}"
ad29a41766867ad64882c33b9ee6d26c2d11cbd492129f0b1e8d1e2840e30700,2024-01-08T01:10:00Z,4ede93bcf0120eff85ceba01144694b9,oddsapi/hist_event_markets,1,"{""date"": ""2024-01-08T01:10:00Z"", ""dateFormat"": ""iso"", ""regions"": ""us,us2,eu""}"
5ab19e06dbd5435d6139962c7c9c42bd61bb357ca1020702079b52c89cccce59,2023-12-09T21:05:00Z,4fc535d395a9c86c6fa686a251a47acd,oddsapi/hist_event_markets,1,"{""date"": ""2023-12-09T21:05:00Z"", ""dateFormat"": ""iso"", ""regions"": ""us,us2,eu""}"
b211109c7402ce9cd78d470e30da08fc7d6a215b380ace92982d313223a73803,2023-12-10T20:55:00Z,4fc535d395a9c86c6fa686a251a47acd,oddsapi/hist_event_markets,1,"{""date"": ""2023-12-10T20:55:00Z"", ""dateFormat"": ""iso"", ""regions"": ""us,us2,eu""}"
3bb5936a1fb84c4b7c9db4c7fb795c729cfb5c3f7e00d5cccb25e9272f0f7c6e,2023-11-25T18:00:00Z,4fc56a4d2185021682448f394e367742,oddsapi/hist_event_markets,1,"{""date"": ""2023-11-25T18:00:00Z"", ""dateFormat"": ""iso"", ""regions"": ""us,us2,eu""}"
f8e629f142efe707e175882450bea5b98e28d1b1a81b06e619c5e9b19a34e077,2023-11-26T17:50:00Z,4fc56a4d2185021682448f394e367742,oddsapi/hist_event_markets,1,"{""date"": ""2023-11-26T17:50:00Z"", ""dateFormat"": ""iso"", ""regions"": ""us,us2,eu""}"
441a26b418589f371eaf57f8d7de7d970baafab846bd1e2276a2c89e74f0313d,2026-01-02T21:30:00Z,4fd1173e2f647cbbebf6713d39693089,oddsapi/hist_event_markets,1,"{""date"": ""2026-01-02T21:30:00Z"", ""dateFormat"": ""iso"", ""regions"": ""us,us2,eu""}"
114c1cd91712e64ff8ad8faad76f91cc6c67da7862ecb740c5c356c0841c6a04,2026-01-03T21:20:00Z,4fd1173e2f647cbbebf6713d39693089,oddsapi/hist_event_markets,1,"{""date"": ""2026-01-03T21:20:00Z"", ""dateFormat"": ""iso"", ""regions"": ""us,us2,eu""}"
1290a0b814056dbeb6e5197934d767e07d522dd266d6bbcd9fd8d2763bc663c9,2025-12-06T18:00:00Z,4fead7bd0592ec121cc3baf72e3e21e0,oddsapi/hist_event_markets,1,"{""date"": ""2025-12-06T18:00:00Z"", ""dateFormat"": ""iso"", ""regions"": ""us,us2,eu""}"
7d33417a205c75dd47457c2cd9b1159f7ac6b95bda8c3936334231119d1c6345,2025-12-07T17:50:00Z,4fead7bd0592ec121cc3baf72e3e21e0,oddsapi/hist_event_markets,1,"{""date"": ""2025-12-07T17:50:00Z"", ""dateFormat"": ""iso"", ""regions"": ""us,us2,eu""}"
0ac68efbe7ffd81d72d16dc4a306f5bb1aa62107e94b609174cd924987f36e93,2024-12-20T18:00:00Z,5000078dc935bf60015a51c01eaee016,oddsapi/hist_event_markets,1,"{""date"": ""2024-12-20T18:00:00Z"", ""dateFormat"": ""iso"", ""regions"": ""us,us2,eu""}"
21060c427ffd6092431996e63a42a64f2737861c5e87516e16d9adf48105dfec,2024-12-21T17:50:00Z,5000078dc935bf60015a51c01eaee016,oddsapi/hist_event_markets,1,"{""date"": ""2024-12-21T17:50:00Z"", ""dateFormat"": ""iso"", ""regions"": ""us,us2,eu""}"
45f6d7d909105609b90394b2777b009c27db8ce14516ef59044b25d425d8c1ed,2024-10-06T00:20:00Z,504a7b09264059083346ab086141da30,oddsapi/hist_event_markets,1,"{""date"": ""2024-10-06T00:20:00Z"", ""dateFormat"": ""iso"", ""regions"": ""us,us2,eu""}"
15566f4624cd62949311572713b1db2ee962a338211dfea9996b7548b497c734,2024-10-07T00:10:00Z,504a7b09264059083346ab086141da30,oddsapi/hist_event_markets,1,"{""date"": ""2024-10-07T00:10:00Z"", ""dateFormat"": ""iso"", ""regions"": ""us,us2,eu""}"
5a2e371452ad6546ea56d08c954093ebcccc68eb5900fe036bf2384ae4fc9ac8,2023-12-15T18:00:00Z,504debed5f593861f189755b6f1cd04c,oddsapi/hist_event_markets,1,"{""date"": ""2023-12-15T18:00:00Z"", ""dateFormat"": ""iso"", ""regions"": ""us,us2,eu""}"
bb7b59e04b5728085cd91681386f9188e88bdd75e72ca2bc3bcb3a0ac37f654a,2023-12-16T17:50:00Z,504debed5f593861f189755b6f1cd04c,oddsapi/hist_event_markets,1,"{""date"": ""2023-12-16T17:50:00Z"", ""dateFormat"": ""iso"", ""regions"": ""us,us2,eu""}"
f9339688a1d25fa2821bcfe7889a69350164f41794c0de538d7b94b995f70533,2023-10-21T17:00:00Z,50bd8049327bddb2433b90e98994d98b,oddsapi/hist_event_markets,1,"{""date"": ""2023-10-21T17:00:00Z"", ""dateFormat"": ""iso"", ""regions"": ""us,us2,eu""}"
5f9c158eda4f5deb69a3d7ce9927c5254938aa75c11f3c2511b283097be4013e,2023-10-22T16:50:00Z,50bd8049327bddb2433b90e98994d98b,oddsapi/hist_event_markets,1,"{""date"": ""2023-10-22T16:50:00Z"", ""dateFormat"": ""iso"", ""regions"": ""us,us2,eu""}"
634965597d7d5fa0e6505aae142d428b5a1276c4155d08164614dae1b41f64e2,2024-01-06T18:00:00Z,50c6ec417a0a3cb00945bee203ecccad,oddsapi/hist_event_markets,1,"{""date"": ""2024-01-06T18:00:00Z"", ""dateFormat"": ""iso"", ""regions"": ""us,us2,eu""}"
2237dee7846a0a721a7ad0259852e748475632bbc585e3183fe31406d5241b20,2024-01-07T17:50:00Z,50c6ec417a0a3cb00945bee203ecccad,oddsapi/hist_event_markets,1,"{""date"": ""2024-01-07T17:50:00Z"", ""dateFormat"": ""iso"", ""regions"": ""us,us2,eu""}"
359e5ab4f8950ef92f6bbbed5ad6b84d0a0d966b49eff475dea98404bcc52976,2023-10-07T20:05:00Z,51324a8a97c14d19e5c8e9091ba8b37c,oddsapi/hist_event_markets,1,"{""date"": ""2023-10-07T20:05:00Z"", ""dateFormat"": ""iso"", ""regions"": ""us,us2,eu""}"
6fb93a36d03a569ee80acf776fc4360404126a65bc96c0382d851c4c34432a08,2023-10-08T19:55:00Z,51324a8a97c14d19e5c8e9091ba8b37c,oddsapi/hist_event_markets,1,"{""date"": ""2023-10-08T19:55:00Z"", ""dateFormat"": ""iso"", ""regions"": ""us,us2,eu""}"
1b5f4852ee314b30fc6a5e231c3b9925123452c2492b8b4dafc538beb0d5ba59,2024-10-19T17:00:00Z,514ad4e46861e2aa51571079d75856b5,oddsapi/hist_event_markets,1,"{""date"": ""2024-10-19T17:00:00Z"", ""dateFormat"": ""iso"", ""regions"": ""us,us2,eu""}"
198fbae95a56ede2a683883706ca826ccd3bfabc4c537835e06f2f4a2f80bb18,2024-10-20T16:50:00Z,514ad4e46861e2aa51571079d75856b5,oddsapi/hist_event_markets,1,"{""date"": ""2024-10-20T16:50:00Z"", ""dateFormat"": ""iso"", ""regions"": ""us,us2,eu""}"
9132d09371a3409f4ffbd701f3fdf6b2574edd1e3e82fc212e81455232b988e0,2023-10-02T00:15:00Z,5176634f6d30e29b08199d1e0ed6309d,oddsapi/hist_event_markets,1,"{""date"": ""2023-10-02T00:15:00Z"", ""dateFormat"": ""iso"", ""regions"": ""us,us2,eu""}"
39fdfe803dc2fc5237db52c783ed5f36190a8841669a8ebba28bfafb1526ac89,2023-10-03T00:05:00Z,5176634f6d30e29b08199d1e0ed6309d,oddsapi/hist_event_markets,1,"{""date"": ""2023-10-03T00:05:00Z"", ""dateFormat"": ""iso"", ""regions"": ""us,us2,eu""}"
f20543920f288b7217d9942b4a81ce47978984d8ac5a01a6cf62d45c8491c68a,2024-12-07T21:25:00Z,5188cb03fd7577d7448874486c26dccb,oddsapi/hist_event_markets,1,"{""date"": ""2024-12-07T21:25:00Z"", ""dateFormat"": ""iso"", ""regions"": ""us,us2,eu""}"
faffb6cee4ee31b47c17976387864182b04db790eb17b4b372706e9d1cbb85ed,2024-12-08T21:15:00Z,5188cb03fd7577d7448874486c26dccb,oddsapi/hist_event_markets,1,"{""date"": ""2024-12-08T21:15:00Z"", ""dateFormat"": ""iso"", ""regions"": ""us,us2,eu""}"
82a1123632eab1c897a0e70504a3047a4452f4758cee1e17e2e85d88f19b6e0e,2023-12-30T18:00:00Z,51a3c6804628bc320376f1281759cd59,oddsapi/hist_event_markets,1,"{""date"": ""2023-12-30T18:00:00Z"", ""dateFormat"": ""iso"", ""regions"": ""us,us2,eu""}"
245fa26e2d38c59aa3ec77bc2f80144e7e1befa51cb24885a7d149fac7f559ad,2023-12-31T17:50:00Z,51a3c6804628bc320376f1281759cd59,oddsapi/hist_event_markets,1,"{""date"": ""2023-12-31T17:50:00Z"", ""dateFormat"": ""iso"", ""regions"": ""us,us2,eu""}"
5922bc0aa9501fa23b6a4ecadb3ce3e37fbb384f193ee8d179d43662c1461730,2024-01-06T21:25:00Z,52c6f0c38ee6458d03e5caffe56af385,oddsapi/hist_event_markets,1,"{""date"": ""2024-01-06T21:25:00Z"", ""dateFormat"": ""iso"", ""regions"": ""us,us2,eu""}"
a6f94f9e3d00760625b704e2303a832e5d9cbd5b5615ddef0687ef01099505c9,2024-01-07T21:15:00Z,52c6f0c38ee6458d03e5caffe56af385,oddsapi/hist_event_markets,1,"{""date"": ""2024-01-07T21:15:00Z"", ""dateFormat"": ""iso"", ""regions"": ""us,us2,eu""}"
4f6ea8d8d51a80793468d5b2701403c5818b7687537ade30b58aadf7ff50cdaa,2025-11-27T20:00:00Z,52f539d9d080618aa8830a0b03846a80,oddsapi/hist_event_markets,1,"{""date"": ""2025-11-27T20:00:00Z"", ""dateFormat"": ""iso"", ""regions"": ""us,us2,eu""}"
676748141d1902cbc8e1794e643983226983f2c27a8f3b985b33e1c010f7722b,2025-11-28T19:50:00Z,52f539d9d080618aa8830a0b03846a80,oddsapi/hist_event_markets,1,"{""date"": ""2025-11-28T19:50:00Z"", ""dateFormat"": ""iso"", ""regions"": ""us,us2,eu""}"
57542882132d40074f49246c4eae98e8110bc82c0af0d5f04e486d008a71aa60,2024-12-14T21:25:00Z,531a7692ed7474109ad7d6e331751234,oddsapi/hist_event_markets,1,"{""date"": ""2024-12-14T21:25:00Z"", ""dateFormat"": ""iso"", ""regions"": ""us,us2,eu""}"
d2321fe0f4ea32bcccea14e16656a5ca0477fcd985e8bba6947714c01ecbc290,2024-12-15T21:15:00Z,531a7692ed7474109ad7d6e331751234,oddsapi/hist_event_markets,1,"{""date"": ""2024-12-15T21:15:00Z"", ""dateFormat"": ""iso"", ""regions"": ""us,us2,eu""}"
4d9626191851e1c1c5b3e380a6f48eead51de3b63bf13559aa0d3574fd659864,2024-12-21T18:00:00Z,534fd9bc355dbfa4d35156e6d59e3913,oddsapi/hist_event_markets,1,"{""date"": ""2024-12-21T18:00:00Z"", ""dateFormat"": ""iso"", ""regions"": ""us,us2,eu""}"
f8ddfb456be8f28bcb34b1e13190418bbb0bdee95ed8eb541ebfcf3e5f79430c,2024-12-22T17:50:00Z,534fd9bc355dbfa4d35156e6d59e3913,oddsapi/hist_event_markets,1,"{""date"": ""2024-12-22T17:50:00Z"", ""dateFormat"": ""iso"", ""regions"": ""us,us2,eu""}"
5bee8c16b7a1c5ce72a9103634fa7b1b4397cf53663b48d79af7311bf655186c,2025-11-22T18:00:00Z,535bbe97d4e56494b039ade88459c338,oddsapi/hist_event_markets,1,"{""date"": ""2025-11-22T18:00:00Z"", ""dateFormat"": ""iso"", ""regions"": ""us,us2,eu""}"
4dcc16e6a60055841cce7c723062b1287c6b4a43949efbbe365d67af22f1bd29,2025-11-23T17:50:00Z,535bbe97d4e56494b039ade88459c338,oddsapi/hist_event_markets,1,"{""date"": ""2025-11-23T17:50:00Z"", ""dateFormat"": ""iso"", ""regions"": ""us,us2,eu""}"
4bb573a0584ff32f24f29715f83d8fc2d847ebc77267edc2f62389d08edae1ab,2023-12-02T18:00:00Z,53c6da53a7ba5f06aae182ee5ce38616,oddsapi/hist_event_markets,1,"{""date"": ""2023-12-02T18:00:00Z"", ""dateFormat"": ""iso"", ""regions"": ""us,us2,eu""}"
69031bcc0453f6602ceb420e45ef4803ed603d1eddcbded99e6f641b2490ba03,2023-12-03T17:50:00Z,53c6da53a7ba5f06aae182ee5ce38616,oddsapi/hist_event_markets,1,"{""date"": ""2023-12-03T17:50:00Z"", ""dateFormat"": ""iso"", ""regions"": ""us,us2,eu""}"
c969c69ebbddfa6d7f764094f8c2aff79d09c4ae3ffbeee72b2b12e420628659,2025-10-25T17:00:00Z,53d4369464c66630f03a5d128cd39b08,oddsapi/hist_event_markets,1,"{""date"": ""2025-10-25T17:00:00Z"", ""dateFormat"": ""iso"", ""regions"": ""us,us2,eu""}"
2e94b4d00cfd622736c5285dce0bc8e52de4beca6be7cf66bee0000fa3cbd440,2025-10-26T16:50:00Z,53d4369464c66630f03a5d128cd39b08,oddsapi/hist_event_markets,1,"{""date"": ""2025-10-26T16:50:00Z"", ""dateFormat"": ""iso"", ""regions"": ""us,us2,eu""}"
e92de1bdd8de258c58f6d1b805c136a6918888475a6edb3334525ed0aeaf4518,2023-10-21T20:05:00Z,547cb2dc8c177f05c94b27b7ba6adaae,oddsapi/hist_event_markets,1,"{""date"": ""2023-10-21T20:05:00Z"", ""dateFormat"": ""iso"", ""regions"": ""us,us2,eu""}"
df6ca6c3d32deb7ff82ec99a3d726c1abf65330562f5eb80ccb5b1f7a77c690d,2023-10-22T19:55:00Z,547cb2dc8c177f05c94b27b7ba6adaae,oddsapi/hist_event_markets,1,"{""date"": ""2023-10-22T19:55:00Z"", ""dateFormat"": ""iso"", ""regions"": ""us,us2,eu""}"
0460c6a2ca4f48d005ef719436a2eab68b586b78d1cb091c8a5eebd2ff358566,2023-09-09T20:25:00Z,54b900ff32cfc8ad40f4d856fc5a4985,oddsapi/hist_event_markets,1,"{""date"": ""2023-09-09T20:25:00Z"", ""dateFormat"": ""iso"", ""regions"": ""us,us2,eu""}"
ac83efff9e77b84c4d7690273b467c8e61e622d25c30179190b0d57daf8274c0,2023-09-10T20:15:00Z,54b900ff32cfc8ad40f4d856fc5a4985,oddsapi/hist_event_markets,1,"{""date"": ""2023-09-10T20:15:00Z"", ""dateFormat"": ""iso"", ""regions"": ""us,us2,eu""}"
d98d64af423c1932072f9cff6bc495162fde5035e85abb25e9f1c965a98d1f9c,2023-12-23T18:00:00Z,5500b405eeb2cd0ef11921548ec01793,oddsapi/hist_event_markets,1,"{""date"": ""2023-12-23T18:00:00Z"", ""dateFormat"": ""iso"", ""regions"": ""us,us2,eu""}"
40fa1ba2cefd0fcf3f54f4846aa846d267771b7def34699acfb19197f186e7eb,2023-12-24T17:50:00Z,5500b405eeb2cd0ef11921548ec01793,oddsapi/hist_event_markets,1,"{""date"": ""2023-12-24T17:50:00Z"", ""dateFormat"": ""iso"", ""regions"": ""us,us2,eu""}"
7b39208f86a9c1ee22590aa61d99b033e711e06ccd0115f378bb34a3f141b019,2025-09-13T17:00:00Z,553edb8bf2452482b37dde58e832a6fb,oddsapi/hist_event_markets,1,"{""date"": ""2025-09-13T17:00:00Z"", ""dateFormat"": ""iso"", ""regions"": ""us,us2,eu""}"
f4effd5735d16f477b452ec347bb834f35e56c40d4e1fdee2764cf2bdb16ad93,2025-09-14T16:50:00Z,553edb8bf2452482b37dde58e832a6fb,oddsapi/hist_event_markets,1,"{""date"": ""2025-09-14T16:50:00Z"", ""dateFormat"": ""iso"", ""regions"": ""us,us2,eu""}"
77c0cb1e85020084c38a7a68c3bd1d82494193c51a0f524fd6e2b57937ed5de8,2025-09-06T17:00:00Z,557d13ef8f4c1d21044f3a478cda6d0b,oddsapi/hist_event_markets,1,"{""date"": ""2025-09-06T17:00:00Z"", ""dateFormat"": ""iso"", ""regions"": ""us,us2,eu""}"
064562f8625301b32b03496041472b92bc0af1061ce6c82a1c088769c2da5628,2025-09-07T16:50:00Z,557d13ef8f4c1d21044f3a478cda6d0b,oddsapi/hist_event_markets,1,"{""date"": ""2025-09-07T16:50:00Z"", ""dateFormat"": ""iso"", ""regions"": ""us,us2,eu""}"
34fb9c4d7a3a6e7785016a380e7efc69ae30ba078c1c00abc59bdc06082b0639,2023-12-16T21:05:00Z,56468ff158e85d48b0d04faa35a86461,oddsapi/hist_event_markets,1,"{""date"": ""2023-12-16T21:05:00Z"", ""dateFormat"": ""iso"", ""regions"": ""us,us2,eu""}"
d0db8bb1558897c347349805d9b301c6f720dd66dcc87f1a04559a62664dd13b,2023-12-17T20:55:00Z,56468ff158e85d48b0d04faa35a86461,oddsapi/hist_event_markets,1,"{""date"": ""2023-12-17T20:55:00Z"", ""dateFormat"": ""iso"", ""regions"": ""us,us2,eu""}"
0fea610c7ea6a69f8750761de3d08599f0d61fae77789301744ebe14f9eb2301,2024-11-23T18:00:00Z,56f4bfb8e21ec6003f31a080be045fc3,oddsapi/hist_event_markets,1,"{""date"": ""2024-11-23T18:00:00Z"", ""dateFormat"": ""iso"", ""regions"": ""us,us2,eu""}"
8df908b459a0132749149b374b911714977183e8b93c2ea654c52322899877e0,2024-11-24T17:50:00Z,56f4bfb8e21ec6003f31a080be045fc3,oddsapi/hist_event_markets,1,"{""date"": ""2024-11-24T17:50:00Z"", ""dateFormat"": ""iso"", ""regions"": ""us,us2,eu""}"
4e34a35070b04a5e1514d78c6dfaadd656f945375b41084dc19e4aa62036d893,2023-10-29T00:20:00Z,56fab852b2d32615b5a38fb949e166e5,oddsapi/hist_event_markets,1,"{""date"": ""2023-10-29T00:20:00Z"", ""dateFormat"": ""iso"", ""regions"": ""us,us2,eu""}"
be92a16af70543201e01f5ca9d210c5dd3dda1d7143c087c666280a5336c3dce,2023-10-30T00:10:00Z,56fab852b2d32615b5a38fb949e166e5,oddsapi/hist_event_markets,1,"{""date"": ""2023-10-30T00:10:00Z"", ""dateFormat"": ""iso"", ""regions"": ""us,us2,eu""}"
97eb99213add64940ddf944e3948608086d2f8aa6f16bfda6faa67eaacff7fb5,2025-09-20T17:00:00Z,5737e4dbf6879c5061bb23033a4d8a55,oddsapi/hist_event_markets,1,"{""date"": ""2025-09-20T17:00:00Z"", ""dateFormat"": ""iso"", ""regions"": ""us,us2,eu""}"
34ffd4de77d35a1da5f31061eb0f93383668630aa44cd63dd9516eed5680e00b,2025-09-21T16:50:00Z,5737e4dbf6879c5061bb23033a4d8a55,oddsapi/hist_event_markets,1,"{""date"": ""2025-09-21T16:50:00Z"", ""dateFormat"": ""iso"", ""regions"": ""us,us2,eu""}"
34d0b2fe53823230195a41614042e7673c8326d4253a07348d7fdd1c26d683cc,2025-09-13T17:00:00Z,575c1b169aab675ec72372ccb0f4c55f,oddsapi/hist_event_markets,1,"{""date"": ""2025-09-13T17:00:00Z"", ""dateFormat"": ""iso"", ""regions"": ""us,us2,eu""}"
e3035db98b3cc2b3ae96b677e94e79eab132c15553938d85391c56c810145413,2025-09-14T16:50:00Z,575c1b169aab675ec72372ccb0f4c55f,oddsapi/hist_event_markets,1,"{""date"": ""2025-09-14T16:50:00Z"", ""dateFormat"": ""iso"", ""regions"": ""us,us2,eu""}"
34666da5f4584cbe8c41ef6ece1df4a60d44004f845e48fe5e3816e68405d8f0,2024-11-02T18:00:00Z,5791e31f6f4b95476889c4854b508faf,oddsapi/hist_event_markets,1,"{""date"": ""2024-11-02T18:00:00Z"", ""dateFormat"": ""iso"", ""regions"": ""us,us2,eu""}"
f3aea77fe724b5af22ba86737b5666b8d63c0d86433515113cb9332ba4efcba8,2024-11-03T17:50:00Z,5791e31f6f4b95476889c4854b508faf,oddsapi/hist_event_markets,1,"{""date"": ""2024-11-03T17:50:00Z"", ""dateFormat"": ""iso"", ""regions"": ""us,us2,eu""}"
43c850ea9151b7d1db3a447f771a756aae5993a7456880eda1b2867ef81a2299,2024-12-07T21:25:00Z,57e91ca052d9484f67f83308f3fb7f65,oddsapi/hist_event_markets,1,"{""date"": ""2024-12-07T21:25:00Z"", ""dateFormat"": ""iso"", ""regions"": ""us,us2,eu""}"
95b42569ad8c54804da5bd667eb7d18589d5f67e116609023e9d4a3b7d2b9afa,2024-12-08T21:15:00Z,57e91ca052d9484f67f83308f3fb7f65,oddsapi/hist_event_markets,1,"{""date"": ""2024-12-08T21:15:00Z"", ""dateFormat"": ""iso"", ""regions"": ""us,us2,eu""}"
570146ddf2d6b78485c8b239a6d0df7232bf035a703df1a96d382fe9622bf4a1,2025-09-20T17:00:00Z,581955d1b79fe87a3a61a4885cd7ea67,oddsapi/hist_event_markets,1,"{""date"": ""2025-09-20T17:00:00Z"", ""dateFormat"": ""iso"", ""regions"": ""us,us2,eu""}"
b3a90e5972e4922a0627f4c80666bdf1da836096178c236938530622e7c18a89,2025-09-21T16:50:00Z,581955d1b79fe87a3a61a4885cd7ea67,oddsapi/hist_event_markets,1,"{""date"": ""2025-09-21T16:50:00Z"", ""dateFormat"": ""iso"", ""regions"": ""us,us2,eu""}"
a40e29ef79b3256a6eed889e6f30b1905ecfd3d03e88ef7cffee844565d08a1d,2023-11-11T21:05:00Z,5879128840c29e3469a6ceb64bab9470,oddsapi/hist_event_markets,1,"{""date"": ""2023-11-11T21:05:00Z"", ""dateFormat"": ""iso"", ""regions"": ""us,us2,eu""}"
284606e04611987d81c075c27de2d74f845a16f3c0bb338a14a9e88ab15ad84c,2023-11-12T20:55:00Z,5879128840c29e3469a6ceb64bab9470,oddsapi/hist_event_markets,1,"{""date"": ""2023-11-12T20:55:00Z"", ""dateFormat"": ""iso"", ""regions"": ""us,us2,eu""}"
8f1b1f932b76665112e2e3309a0dffac9b34451f6442f6edfb8ea331009a42b1,2025-12-06T18:00:00Z,58b16c4033587f5662ff365bce2dbb92,oddsapi/hist_event_markets,1,"{""date"": ""2025-12-06T18:00:00Z"", ""dateFormat"": ""iso"", ""regions"": ""us,us2,eu""}"
d1d67f6a145c275ffd1a49b14eee2daf6f5409d2327909bce1dcfdad6621cea1,2025-12-07T17:50:00Z,58b16c4033587f5662ff365bce2dbb92,oddsapi/hist_event_markets,1,"{""date"": ""2025-12-07T17:50:00Z"", ""dateFormat"": ""iso"", ""regions"": ""us,us2,eu""}"
467d6425d6e9c1e4439e26a9923d0b54dc04225e391f2eafcc8a93ef6196b322,2025-11-15T18:00:00Z,591fd7cff37201a14cbdfbd457592445,oddsapi/hist_event_markets,1,"{""date"": ""2025-11-15T18:00:00Z"", ""dateFormat"": ""iso"", ""regions"": ""us,us2,eu""}"
511b5b7ab3ce40e6968f3fd39822940239ef8ceb2d002fcfb8801ebb0d1c4dbc,2025-11-16T17:50:00Z,591fd7cff37201a14cbdfbd457592445,oddsapi/hist_event_markets,1,"{""date"": ""2025-11-16T17:50:00Z"", ""dateFormat"": ""iso"", ""regions"": ""us,us2,eu""}"
1ebfa11996f09359fc1293d61b2985bcad250903ce78df7d6aeab376f5ad710a,2025-12-27T21:25:00Z,596df6f5735277fee0cd78e61cd71060,oddsapi/hist_event_markets,1,"{""date"": ""2025-12-27T21:25:00Z"", ""dateFormat"": ""iso"", ""regions"": ""us,us2,eu""}"
fe0026aa5847a7aef064696217353831c955eb0daf06971d066015b6f39467f6,2025-12-28T21:15:00Z,596df6f5735277fee0cd78e61cd71060,oddsapi/hist_event_markets,1,"{""date"": ""2025-12-28T21:15:00Z"", ""dateFormat"": ""iso"", ""regions"": ""us,us2,eu""}"
32e03566d4cff5098af6217a6643a457b0ee5db4b2521ce12cd683ce39a862c7,2024-11-02T21:05:00Z,597e7fb5542c56bda7f1a73402cd47e0,oddsapi/hist_event_markets,1,"{""date"": ""2024-11-02T21:05:00Z"", ""dateFormat"": ""iso"", ""regions"": ""us,us2,eu""}"
bd0f377376cb319fc58180fed51d7d7ee5aa8fddb6f9e585d389dbb409eebc66,2024-11-03T20:55:00Z,597e7fb5542c56bda7f1a73402cd47e0,oddsapi/hist_event_markets,1,"{""date"": ""2024-11-03T20:55:00Z"", ""dateFormat"": ""iso"", ""regions"": ""us,us2,eu""}"
d5c04b88be9969a2509e7eef50d6c4d3348718bc5d9eb468c53c3118104f5ba4,2023-11-11T18:00:00Z,598cba017220362c51b4e9436b864e55,oddsapi/hist_event_markets,1,"{""date"": ""2023-11-11T18:00:00Z"", ""dateFormat"": ""iso"", ""regions"": ""us,us2,eu""}"
52ee2f3f2c4bc0d73dd0bb9753d1da24e9e3a349bdfaa3e725d35034c4c8ea74,2023-11-12T17:50:00Z,598cba017220362c51b4e9436b864e55,oddsapi/hist_event_markets,1,"{""date"": ""2023-11-12T17:50:00Z"", ""dateFormat"": ""iso"", ""regions"": ""us,us2,eu""}"
f8ea1ee7368a73a25c36b05a1fc0c24ab667dbc044d47db2fc6b63918824745c,2024-11-30T21:05:00Z,59ffd762ad2b5d96196f4f58037ab670,oddsapi/hist_event_markets,1,"{""date"": ""2024-11-30T21:05:00Z"", ""dateFormat"": ""iso"", ""regions"": ""us,us2,eu""}"
e486d4370359143f325fe20a1ee52b8bc98fc99ddbf455e267fc3bd5ecf1ae67,2024-12-01T20:55:00Z,59ffd762ad2b5d96196f4f58037ab670,oddsapi/hist_event_markets,1,"{""date"": ""2024-12-01T20:55:00Z"", ""dateFormat"": ""iso"", ""regions"": ""us,us2,eu""}"
8376fb5756619b3586048c4cd8a18778a2f0102399958aee47b703c08c279ba2,2024-09-14T17:00:00Z,5a2bfc721fb2300d4578743aee7ad891,oddsapi/hist_event_markets,1,"{""date"": ""2024-09-14T17:00:00Z"", ""dateFormat"": ""iso"", ""regions"": ""us,us2,eu""}"
e5da104a06178729aadc5ae25d00e6f2158470c924a71c5d5e0416b107d7cef8,2024-09-15T16:50:00Z,5a2bfc721fb2300d4578743aee7ad891,oddsapi/hist_event_markets,1,"{""date"": ""2024-09-15T16:50:00Z"", ""dateFormat"": ""iso"", ""regions"": ""us,us2,eu""}"
58c2acdd6f7e03fee86a33fcf592afa688b988a1707cf47fd3f4c6d62b550ab0,2024-09-14T17:00:00Z,5b05775b536cda3f2efab93935af4f54,oddsapi/hist_event_markets,1,"{""date"": ""2024-09-14T17:00:00Z"", ""dateFormat"": ""iso"", ""regions"": ""us,us2,eu""}"
cd080096c6d03d32722762ef9e38f9d4f0792ff55f8d0c89c22e545b9141a55e,2024-09-15T16:50:00Z,5b05775b536cda3f2efab93935af4f54,oddsapi/hist_event_markets,1,"{""date"": ""2024-09-15T16:50:00Z"", ""dateFormat"": ""iso"", ""regions"": ""us,us2,eu""}"
ce5e32f4a85e63aa0d732d09f2efb94dbb9a72c79ac193e74717cd23ddb02651,2024-12-14T18:00:00Z,5b0eca40563ea0d05181677441c3c0bc,oddsapi/hist_event_markets,1,"{""date"": ""2024-12-14T18:00:00Z"", ""dateFormat"": ""iso"", ""regions"": ""us,us2,eu""}"
82ebf48678707035ff91d76242efde6b36b27738209a89818bf24de909fba878,2024-12-15T17:50:00Z,5b0eca40563ea0d05181677441c3c0bc,oddsapi/hist_event_markets,1,"{""date"": ""2024-12-15T17:50:00Z"", ""dateFormat"": ""iso"", ""regions"": ""us,us2,eu""}"
f31d24426ec33e431fc6a8b2ad25aebc028a4a4e1c22277ec3a46fb3fce8b04f,2025-12-06T21:25:00Z,5b1211b476d0afa2b57133c9603583b6,oddsapi/hist_event_markets,1,"{""date"": ""2025-12-06T21:25:00Z"", ""dateFormat"": ""iso"", ""regions"": ""us,us2,eu""}"
a05f5a3c5eba7cdf6e807486bd303c531e6b5a972f2a1e4e6b8e7ff564b6cdb6,2025-12-07T21:15:00Z,5b1211b476d0afa2b57133c9603583b6,oddsapi/hist_event_markets,1,"{""date"": ""2025-12-07T21:15:00Z"", ""dateFormat"": ""iso"", ""regions"": ""us,us2,eu""}"
08abbb03b35c93fca87565259a8fdb967479b4b62c1789dd62eacf18bb370b46,2025-11-15T18:00:00Z,5c06e82838fcfade9adf1e89b8bd3081,oddsapi/hist_event_markets,1,"{""date"": ""2025-11-15T18:00:00Z"", ""dateFormat"": ""iso"", ""regions"": ""us,us2,eu""}"
8c351e2604ac49f6dcdac0ae3cee0c1976df0a18b40a31ea509768f37f41b5dc,2025-11-16T17:50:00Z,5c06e82838fcfade9adf1e89b8bd3081,oddsapi/hist_event_markets,1,"{""date"": ""2025-11-16T17:50:00Z"", ""dateFormat"": ""iso"", ""regions"": ""us,us2,eu""}"
d2ac1638a3cfd0783f3a30f00a94968818dcd9a31ea69ba1eb31678d0951780f,2024-01-26T18:00:00Z,5c6ef977d5d61de11810594b137619c6,oddsapi/hist_event_markets,1,"{""date"": ""2024-01-26T18:00:00Z"", ""dateFormat"": ""iso"", ""regions"": ""us,us2,eu""}"
b680874b7421bc1012a5eaff45d36f68d5f9fc5b5295bc4e2b45d39cc8c723eb,2024-01-27T17:50:00Z,5c6ef977d5d61de11810594b137619c6,oddsapi/hist_event_markets,1,"{""date"": ""2024-01-27T17:50:00Z"", ""dateFormat"": ""iso"", ""regions"": ""us,us2,eu""}"
bf3aef6820e2d6d27b59edc6e9b770a694da18229afbf614e2c929721ae509cd,2024-10-05T17:00:00Z,5cb3b58ed90ecfac2acac9115e08c017,oddsapi/hist_event_markets,1,"{""date"": ""2024-10-05T17:00:00Z"", ""dateFormat"": ""iso"", ""regions"": ""us,us2,eu""}"
88b7b132a0368241d1c0f3fa21f8cc8a41235fa6f855199847b7fad0754c6791,2024-10-06T16:50:00Z,5cb3b58ed90ecfac2acac9115e08c017,oddsapi/hist_event_markets,1,"{""date"": ""2024-10-06T16:50:00Z"", ""dateFormat"": ""iso"", ""regions"": ""us,us2,eu""}"
81cafef07ad4944249542a82a5fcf4157a3ab41c45295a65902851574cd8ddff,2025-12-08T01:15:00Z,5d7b12c34454df4ff2c59a15ca58e63f,oddsapi/hist_event_markets,1,"{""date"": ""2025-12-08T01:15:00Z"", ""dateFormat"": ""iso"", ""regions"": ""us,us2,eu""}"
879c878eb66d1315f01be51ba29063f79d2d06a2efd897490c32464b1b19e962,2025-12-09T01:05:00Z,5d7b12c34454df4ff2c59a15ca58e63f,oddsapi/hist_event_markets,1,"{""date"": ""2025-12-09T01:05:00Z"", ""dateFormat"": ""iso"", ""regions"": ""us,us2,eu""}"
b645b45d27a775fbf73986f9978c8465656925abaa3969a35a62581ca812c297,2023-10-21T17:00:00Z,5daeacbcda1ca66cf0ac102b1b6c3728,oddsapi/hist_event_markets,1,"{""date"": ""2023-10-21T17:00:00Z"", ""dateFormat"": ""iso"", ""regions"": ""us,us2,eu""}"
d630993b04d3e26c098c30c94833ed614bb5715e9809bf1e37a51f83678abab9,2023-10-22T16:50:00Z,5daeacbcda1ca66cf0ac102b1b6c3728,oddsapi/hist_event_markets,1,"{""date"": ""2023-10-22T16:50:00Z"", ""dateFormat"": ""iso"", ""regions"": ""us,us2,eu""}"
4ef3631d34fb5a33e1407e873eb406c764be7ccd576bef1e4ef3fb0b9b767b55,2024-12-14T18:00:00Z,5e028b3e2019613c56d3431d4e04e46d,oddsapi/hist_event_markets,1,"{""date"": ""2024-12-14T18:00:00Z"", ""dateFormat"": ""iso"", ""regions"": ""us,us2,eu""}"
7e859b5a29d7020e88d22c5eec5c077ca592bde8e492ca00649cb5c81800908b,2024-12-15T17:50:00Z,5e028b3e2019613c56d3431d4e04e46d,oddsapi/hist_event_markets,1,"{""date"": ""2024-12-15T17:50:00Z"", ""dateFormat"": ""iso"", ""regions"": ""us,us2,eu""}"
8f09ddffebd19389975176d59d2295070819a0676424bc74521050abd9c6dd27,2023-12-02T18:00:00Z,5e0c5b79c3cb142f3361ade464174b68,oddsapi/hist_event_markets,1,"{""date"": ""2023-12-02T18:00:00Z"", ""dateFormat"": ""iso"", ""regions"": ""us,us2,eu""}"
f6e808291f40e385b288f0072b7b60afb484bb1df2e00652dbb470332621b85a,2023-12-03T17:50:00Z,5e0c5b79c3cb142f3361ade464174b68,oddsapi/hist_event_markets,1,"{""date"": ""2023-12-03T17:50:00Z"", ""dateFormat"": ""iso"", ""regions"": ""us,us2,eu""}"
22cfbe5011fbdfc763f94570e1b7885ff8c7d76ab7f4db4ea5fb83c9389a1690,2024-10-07T00:15:00Z,5e0d59f75b7f9056461e2970aca2a6cb,oddsapi/hist_event_markets,1,"{""date"": ""2024-10-07T00:15:00Z"", ""dateFormat"": ""iso"", ""regions"": ""us,us2,eu""}"
57fafd553bffe9daec38119e6d3db281c50baf88834f2fde88dbec20db963c6c,2024-10-08T00:05:00Z,5e0d59f75b7f9056461e2970aca2a6cb,oddsapi/hist_event_markets,1,"{""date"": ""2024-10-08T00:05:00Z"", ""dateFormat"": ""iso"", ""regions"": ""us,us2,eu""}"
c65d1e65b403031b48ae01928f3c3709e9d0c92cf2991783bb1da86cac268e83,2023-11-25T21:25:00Z,5e766a287ba24d40d9e40aa41efe19de,oddsapi/hist_event_markets,1,"{""date"": ""2023-11-25T21:25:00Z"", ""dateFormat"": ""iso"", ""regions"": ""us,us2,eu""}"
0f8e1175a2f83b27aa51ca87fcfe13abd3c15f843d0226df11c805c594549481,2023-11-26T21:15:00Z,5e766a287ba24d40d9e40aa41efe19de,oddsapi/hist_event_markets,1,"{""date"": ""2023-11-26T21:15:00Z"", ""dateFormat"": ""iso"", ""regions"": ""us,us2,eu""}"
c4ec399f09f3b4b67e66d5c2901bbf55c7ea84d87807589bebb2c18b44a2f696,2025-09-06T17:00:00Z,5ed483bb614b18955f8b43f177746371,oddsapi/hist_event_markets,1,"{""date"": ""2025-09-06T17:00:00Z"", ""dateFormat"": ""iso"", ""regions"": ""us,us2,eu""}"
7c2571a1138066b494b8666476a5e08c61101d9226b3326f0bc5d514c41f86cf,2025-09-07T16:50:00Z,5ed483bb614b18955f8b43f177746371,oddsapi/hist_event_markets,1,"{""date"": ""2025-09-07T16:50:00Z"", ""dateFormat"": ""iso"", ""regions"": ""us,us2,eu""}"
20fb41dcc2caaf0ea6e0ee5164426fbb7c4fcf50dbef5c419e6d3d2ad28d38c8,2024-09-07T17:00:00Z,5f14ebd3a8f10d141a7f0c2dcf510368,oddsapi/hist_event_markets,1,"{""date"": ""2024-09-07T17:00:00Z"", ""dateFormat"": ""iso"", ""regions"": ""us,us2,eu""}"
0778b06c1a0f972a989fea8f8a5c01baa5ebebb3a711e5bdf9689f652ba84b68,2024-09-08T16:50:00Z,5f14ebd3a8f10d141a7f0c2dcf510368,oddsapi/hist_event_markets,1,"{""date"": ""2024-09-08T16:50:00Z"", ""dateFormat"": ""iso"", ""regions"": ""us,us2,eu""}"
69c22ff93c8f6b63d6541810507df6af8f93ec5baba0e569f4d8c998b5381668,2024-12-29T01:20:00Z,5f99b5d40cf65d48be81c3812cd1e95e,oddsapi/hist_event_markets,1,"{""date"": ""2024-12-29T01:20:00Z"", ""dateFormat"": ""iso"", ""regions"": ""us,us2,eu""}"
88e1d486931f3d7fa0ad82710fe315eac0e610172971051b6716ff07dc3d762b,2024-12-30T01:10:00Z,5f99b5d40cf65d48be81c3812cd1e95e,oddsapi/hist_event_markets,1,"{""date"": ""2024-12-30T01:10:00Z"", ""dateFormat"": ""iso"", ""regions"": ""us,us2,eu""}"
0130ec33e8d4b938f676cc635e48d5fc4c6d788bffa1e7424a74c294a7cc507b,2024-10-26T17:00:00Z,5fd9657af1356ec2a567b07d75a8e6a3,oddsapi/hist_event_markets,1,"{""date"": ""2024-10-26T17:00:00Z"", ""dateFormat"": ""iso"", ""regions"": ""us,us2,eu""}"
fbf78f94a50ae15342c0a63353fc2cb17350e103d8358c8a171de9987425c2a5,2024-10-27T16:50:00Z,5fd9657af1356ec2a567b07d75a8e6a3,oddsapi/hist_event_markets,1,"{""date"": ""2024-10-27T16:50:00Z"", ""dateFormat"": ""iso"", ""regions"": ""us,us2,eu""}"
495e095cd21f94ec2dab5a78a5cc290ed43560bdbb7b0a3291983b1a1dd7fbc9,2025-11-01T18:00:00Z,6031b513e188fc19a2311499566c9258,oddsapi/hist_event_markets,1,"{""date"": ""2025-11-01T18:00:00Z"", ""dateFormat"": ""iso"", ""regions"": ""us,us2,eu""}"
13621d1bb17b194bb25a16bced0fd81d3a8913f1325e624facd9f7bbb4c4aafa,2025-11-02T17:50:00Z,6031b513e188fc19a2311499566c9258,oddsapi/hist_event_markets,1,"{""date"": ""2025-11-02T17:50:00Z"", ""dateFormat"": ""iso"", ""regions"": ""us,us2,eu""}"
4a7430c1f9454d7a32cea126e0105c80f7193de49901ef34198c4f28732e91fb,2025-10-16T00:15:00Z,6076f9eab496770efc0ab7095b27c122,oddsapi/hist_event_markets,1,"{""date"": ""2025-10-16T00:15:00Z"", ""dateFormat"": ""iso"", ""regions"": ""us,us2,eu""}"
fcd15976caa6f4219bfa88236113a610dcbc21a4cce24246ef6bb5d94eb317d8,2025-10-17T00:05:00Z,6076f9eab496770efc0ab7095b27c122,oddsapi/hist_event_markets,1,"{""date"": ""2025-10-17T00:05:00Z"", ""dateFormat"": ""iso"", ""regions"": ""us,us2,eu""}"
ee1e2473a592a8c0c44c0963b4f53aacb6fa720bf2c820c4e61f89ce1bfedb34,2025-01-04T18:00:00Z,60b1da9a88c680190bfbf3ac935bff82,oddsapi/hist_event_markets,1,"{""date"": ""2025-01-04T18:00:00Z"", ""dateFormat"": ""iso"", ""regions"": ""us,us2,eu""}"
2e41629cb1e50919eac84ef0a04d3f476ce18d96f419ccbbe0d6851d6f0601e9,2025-01-05T17:50:00Z,60b1da9a88c680190bfbf3ac935bff82,oddsapi/hist_event_markets,1,"{""date"": ""2025-01-05T17:50:00Z"", ""dateFormat"": ""iso"", ""regions"": ""us,us2,eu""}"
f1cd4a000a44c9ae0f958bc3a73ff19ad7f2eaa05312afa186eb646b8d96d44c,2024-09-07T17:00:00Z,60fdc65ee27ab7dbe07dc06ef35afadc,oddsapi/hist_event_markets,1,"{""date"": ""2024-09-07T17:00:00Z"", ""dateFormat"": ""iso"", ""regions"": ""us,us2,eu""}"
0a86b4d54e8890896c757e79a37fd29d74047b80fa7f5eb8c46958b4dbb4500c,2024-09-08T16:50:00Z,60fdc65ee27ab7dbe07dc06ef35afadc,oddsapi/hist_event_markets,1,"{""date"": ""2024-09-08T16:50:00Z"", ""dateFormat"": ""iso"", ""regions"": ""us,us2,eu""}"
8dfaabbbb9aa461b5118d2663bd85ad623ba33735a5cca0c03933b689fc0e4da,2024-10-20T00:20:00Z,6103604599da91e8a44ce683292242ec,oddsapi/hist_event_markets,1,"{""date"": ""2024-10-20T00:20:00Z"", ""dateFormat"": ""iso"", ""regions"": ""us,us2,eu""}"
09e12d6fd382aa989f58d2a2455a47f7ed7e6cedb47b3be8e9e221b44555e68c,2024-10-21T00:10:00Z,6103604599da91e8a44ce683292242ec,oddsapi/hist_event_markets,1,"{""date"": ""2024-10-21T00:10:00Z"", ""dateFormat"": ""iso"", ""regions"": ""us,us2,eu""}"
5a9add8f4b41c9f8ab3f82dcdad14de776359c21a72c06f8008fdb6c902ac5f2,2024-09-05T00:20:00Z,612c2c3f6ca9e10d4b7ead21a2b0ff38,oddsapi/hist_event_markets,1,"{""date"": ""2024-09-05T00:20:00Z"", ""dateFormat"": ""iso"", ""regions"": ""us,us2,eu""}"
8713d2569e6832f55558397368c0d2da5f313d8a889727b34a1eaa735d3a2997,2024-09-06T00:10:00Z,612c2c3f6ca9e10d4b7ead21a2b0ff38,oddsapi/hist_event_markets,1,"{""date"": ""2024-09-06T00:10:00Z"", ""dateFormat"": ""iso"", ""regions"": ""us,us2,eu""}"
d2dfd4c1939605887fcb73cd1990468c00f824c6badd5bc000def6553232925f,2025-11-01T21:25:00Z,61531628516decd1ee8116da5f6f9056,oddsapi/hist_event_markets,1,"{""date"": ""2025-11-01T21:25:00Z"", ""dateFormat"": ""iso"", ""regions"": ""us,us2,eu""}"
8e4a96d1bdfaae5d31e9a92b724c5536347964491cc4873aac7a11b2bd1b5255,2025-11-02T21:15:00Z,61531628516decd1ee8116da5f6f9056,oddsapi/hist_event_markets,1,"{""date"": ""2025-11-02T21:15:00Z"", ""dateFormat"": ""iso"", ""regions"": ""us,us2,eu""}"
39bdfa12380385d1cba7eef00bf40688c8cbf2f11fb9456eef5c5051d2742396,2023-09-16T20:05:00Z,6166ce062983d3566b0ef03d8fd2ab87,oddsapi/hist_event_markets,1,"{""date"": ""2023-09-16T20:05:00Z"", ""dateFormat"": ""iso"", ""regions"": ""us,us2,eu""}"
0e30940179e8a6cee11f138f3cf27f38dc44ec34490c2d25ded7c10ae1da05d5,2023-09-17T19:55:00Z,6166ce062983d3566b0ef03d8fd2ab87,oddsapi/hist_event_markets,1,"{""date"": ""2023-09-17T19:55:00Z"", ""dateFormat"": ""iso"", ""regions"": ""us,us2,eu""}"
099a798f0553bb20d2f31d66daaa76eef789b4b1cc54beae3bd4cbef529a19b2,2023-12-23T21:05:00Z,61c73107ddf7135cabd60aee621545a0,oddsapi/hist_event_markets,1,"{""date"": ""2023-12-23T21:05:00Z"", ""dateFormat"": ""iso"", ""regions"": ""us,us2,eu""}"
b760dc2cd916a6ef31919910c207770bc8e112c703ebb6a5ebf82926a277ba2c,2023-12-24T20:55:00Z,61c73107ddf7135cabd60aee621545a0,oddsapi/hist_event_markets,1,"{""date"": ""2023-12-24T20:55:00Z"", ""dateFormat"": ""iso"", ""regions"": ""us,us2,eu""}"
0e9d5706514efe0b083d87503f0020f00f26ec4ee2f67127918772cf250d39a9,2023-12-30T18:00:00Z,61dcb8f3d6ed2f109976809f81c282a0,oddsapi/hist_event_markets,1,"{""date"": ""2023-12-30T18:00:00Z"", ""dateFormat"": ""iso"", ""regions"": ""us,us2,eu""}"
183c5779313385d69d9c9adf2dcd6a7d96e37c21a78dc4918975dc28efa18871,2023-12-31T17:50:00Z,61dcb8f3d6ed2f109976809f81c282a0,oddsapi/hist_event_markets,1,"{""date"": ""2023-12-31T17:50:00Z"", ""dateFormat"": ""iso"", ""regions"": ""us,us2,eu""}"
74550ed2e6eb5dc6e6673f3bd5723f0c3344267bb6d53b0ad48e23a01c0d74e9,2024-01-27T20:00:00Z,61dcc385d9c0927b9392d04c3b944198,oddsapi/hist_event_markets,1,"{""date"": ""2024-01-27T20:00:00Z"", ""dateFormat"": ""iso"", ""regions"": ""us,us2,eu""}"
1ca44c02b9b8e629014b09f14cae78708167b2df79fe69d0d9e65f4c60bda983,2024-01-28T19:50:00Z,61dcc385d9c0927b9392d04c3b944198,oddsapi/hist_event_markets,1,"{""date"": ""2024-01-28T19:50:00Z"", ""dateFormat"": ""iso"", ""regions"": ""us,us2,eu""}"
f1b358c69b781d62e58ec7e82335b15fa7fceb9580242c6a2c2140b702a98e2d,2025-11-29T18:00:00Z,61e1e459b2ddafd43e8808d4f40c01d9,oddsapi/hist_event_markets,1,"{""date"": ""2025-11-29T18:00:00Z"", ""dateFormat"": ""iso"", ""regions"": ""us,us2,eu""}"
440fe811846d86585cd26f6eba2792dd8035959a8bd4cd76d70141844afe5597,2025-11-30T17:50:00Z,61e1e459b2ddafd43e8808d4f40c01d9,oddsapi/hist_event_markets,1,"{""date"": ""2025-11-30T17:50:00Z"", ""dateFormat"": ""iso"", ""regions"": ""us,us2,eu""}"
1118caf4091383a7155aeb2951e2854a94c2d909acebb707b851870e72b59c7c,2024-11-09T21:05:00Z,6214d50d3a5b442078f670ff8e08945e,oddsapi/hist_event_markets,1,"{""date"": ""2024-11-09T21:05:00Z"", ""dateFormat"": ""iso"", ""regions"": ""us,us2,eu""}"
209a545bd5f64d4501b46d29675c7617376e4ea9ed128589c3fd36b2608fbdd8,2024-11-10T20:55:00Z,6214d50d3a5b442078f670ff8e08945e,oddsapi/hist_event_markets,1,"{""date"": ""2024-11-10T20:55:00Z"", ""dateFormat"": ""iso"", ""regions"": ""us,us2,eu""}"
ffd4f046467cf2f986103a135e3654137655c5d03b5a0c89ec5dbedd2bb2010e,2026-01-03T18:00:00Z,623e9172767ca231241e2313bbee095e,oddsapi/hist_event_markets,1,"{""date"": ""2026-01-03T18:00:00Z"", ""dateFormat"": ""iso"", ""regions"": ""us,us2,eu""}"
bd3f8f77a6015f033536cc4aed6d808f7258089f952f214fd3c2eba1d8d9ed6b,2026-01-04T17:50:00Z,623e9172767ca231241e2313bbee095e,oddsapi/hist_event_markets,1,"{""date"": ""2026-01-04T17:50:00Z"", ""dateFormat"": ""iso"", ""regions"": ""us,us2,eu""}"
fcb56169383dc4f4a97ad3aa415df6aa18881431cc0480175ef6a908ba38dd8c,2023-10-26T00:15:00Z,623ebe645e0e4dec5759ce364b68682f,oddsapi/hist_event_markets,1,"{""date"": ""2023-10-26T00:15:00Z"", ""dateFormat"": ""iso"", ""regions"": ""us,us2,eu""}"
b055e94049c6cd92cf566360bf359d1588245174d426d715a76072acd4a4b795,2023-10-27T00:05:00Z,623ebe645e0e4dec5759ce364b68682f,oddsapi/hist_event_markets,1,"{""date"": ""2023-10-27T00:05:00Z"", ""dateFormat"": ""iso"", ""regions"": ""us,us2,eu""}"
3c58c90b3f2f09a677e654422b4d5303e31a5f531095a97c0189467b521e034f,2024-01-15T01:00:00Z,628d1c378a60a3a1d743264ac8df8cb8,oddsapi/hist_event_markets,1,"{""date"": ""2024-01-15T01:00:00Z"", ""dateFormat"": ""iso"", ""regions"": ""us,us2,eu""}"
1967567126f211f7b116b7ebc8093a893398f5d5970d37dbde36112d640b7f55,2024-01-16T00:50:00Z,628d1c378a60a3a1d743264ac8df8cb8,oddsapi/hist_event_markets,1,"{""date"": ""2024-01-16T00:50:00Z"", ""dateFormat"": ""iso"", ""regions"": ""us,us2,eu""}"
2e5177a43289dfdd93235a198049a73add867d69a12a5850c4da860c8072a66f,2024-11-30T18:00:00Z,63057e9eb2da9cc89ac93911769b9a3e,oddsapi/hist_event_markets,1,"{""date"": ""2024-11-30T18:00:00Z"", ""dateFormat"": ""iso"", ""regions"": ""us,us2,eu""}"
03c6ff0fe7d43db9be651e124234f2a80bfcec4cbc4ef1a81583ef2592b75cea,2024-12-01T17:50:00Z,63057e9eb2da9cc89ac93911769b9a3e,oddsapi/hist_event_markets,1,"{""date"": ""2024-12-01T17:50:00Z"", ""dateFormat"": ""iso"", ""regions"": ""us,us2,eu""}"
5832b5f6256600389e333250f4d7a5c894860250e3d22901fc52b6b4daed1f64,2023-11-04T18:00:00Z,6342c443837605582abb04112f1e1221,oddsapi/hist_event_markets,1,"{""date"": ""2023-11-04T18:00:00Z"", ""dateFormat"": ""iso"", ""regions"": ""us,us2,eu""}"
cef1810acfaa3127bc85d551e1f5a04910840f7f74ac2175ad53085c5e4ab95c,2023-11-05T17:50:00Z,6342c443837605582abb04112f1e1221,oddsapi/hist_event_markets,1,"{""date"": ""2023-11-05T17:50:00Z"", ""dateFormat"": ""iso"", ""regions"": ""us,us2,eu""}"
c8b043d556c5f6b8b33c57b80818464176e9314c65a2e076ac7aded7f9507ee3,2024-10-19T17:00:00Z,63e9b5302666e36b47431100bcb22973,oddsapi/hist_event_markets,1,"{""date"": ""2024-10-19T17:00:00Z"", ""dateFormat"": ""iso"", ""regions"": ""us,us2,eu""}"
ac90709a508b7c2276acb95d986a232c7b1f181046a91b0e43029cb021ea9f33,2024-10-20T16:50:00Z,63e9b5302666e36b47431100bcb22973,oddsapi/hist_event_markets,1,"{""date"": ""2024-10-20T16:50:00Z"", ""dateFormat"": ""iso"", ""regions"": ""us,us2,eu""}"
c7091774356a6e4850706d1a16d42c2628b06c15f930114adfc974cdf34606b2,2025-10-23T00:15:00Z,6439b16f4a038f1c351dc3f1aef27471,oddsapi/hist_event_markets,1,"{""date"": ""2025-10-23T00:15:00Z"", ""dateFormat"": ""iso"", ""regions"": ""us,us2,eu""}"
960f3bc136250110f7e71e2a3b5013b63c086276c56dcd4f0b26bec6df708bb6,2025-10-24T00:05:00Z,6439b16f4a038f1c351dc3f1aef27471,oddsapi/hist_event_markets,1,"{""date"": ""2025-10-24T00:05:00Z"", ""dateFormat"": ""iso"", ""regions"": ""us,us2,eu""}"
61a07d1761916cf1179075c1ecbe280a672fd2a3421b85a83a84717ffeed0a31,2023-11-18T18:00:00Z,643c0a5da6ec46a44b0b1d5dd3819b9c,oddsapi/hist_event_markets,1,"{""date"": ""2023-11-18T18:00:00Z"", ""dateFormat"": ""iso"", ""regions"": ""us,us2,eu""}"
494f0395940b4650fabfc869b164572be48a654fb448081e0447aa4a13b059e4,2023-11-19T17:50:00Z,643c0a5da6ec46a44b0b1d5dd3819b9c,oddsapi/hist_event_markets,1,"{""date"": ""2023-11-19T17:50:00Z"", ""dateFormat"": ""iso"", ""regions"": ""us,us2,eu""}"
3f1da7fff316c018691eecd2228d6f7f9ab7473efd29542a00f6320106f871ac,2023-11-04T18:00:00Z,64ad3ec55cefcf573466f418bd52f408,oddsapi/hist_event_markets,1,"{""date"": ""2023-11-04T18:00:00Z"", ""dateFormat"": ""iso"", ""regions"": ""us,us2,eu""}"
a4751189bf1fdabbd3922f59542d726d18ba8bcee8ecf440b95ea5c7d8cf7432,2023-11-05T17:50:00Z,64ad3ec55cefcf573466f418bd52f408,oddsapi/hist_event_markets,1,"{""date"": ""2023-11-05T17:50:00Z"", ""dateFormat"": ""iso"", ""regions"": ""us,us2,eu""}"
f4e9e2cb7cc9189448ea906cb26b21a4d57e9606c91e4b0bd8bcc7c33d277156,2025-01-18T18:00:00Z,64bd9fac5bfa8a7fc49ce53c7c784562,oddsapi/hist_event_markets,1,"{""date"": ""2025-01-18T18:00:00Z"", ""dateFormat"": ""iso"", ""regions"": ""us,us2,eu""}"
03da1124af2c45cb5c676188d51c90c7afa537427525ec263077e80ed6e318d2,2025-01-19T17:50:00Z,64bd9fac5bfa8a7fc49ce53c7c784562,oddsapi/hist_event_markets,1,"{""date"": ""2025-01-19T17:50:00Z"", ""dateFormat"": ""iso"", ""regions"": ""us,us2,eu""}"
88b8436d1b4f6a680441cc7cba2c8d8631b4a2bf8820632e741eb7d32fd0526b,2023-09-16T17:00:00Z,666546663407166ca824cc304f740dfe,oddsapi/hist_event_markets,1,"{""date"": ""2023-09-16T17:00:00Z"", ""dateFormat"": ""iso"", ""regions"": ""us,us2,eu""}"
21c68b9b9f44f3adbaf7fdb93953563ca54d9702d8acc9368d8e152b9bd98758,2023-09-17T16:50:00Z,666546663407166ca824cc304f740dfe,oddsapi/hist_event_markets,1,"{""date"": ""2023-09-17T16:50:00Z"", ""dateFormat"": ""iso"", ""regions"": ""us,us2,eu""}"
21645096185af53048bf6eb24f78d903ba2078c33b31dae7729f5be2f076f8f9,2024-01-06T21:25:00Z,66c7e39643ecae341addae9fff981d0b,oddsapi/hist_event_markets,1,"{""date"": ""2024-01-06T21:25:00Z"", ""dateFormat"": ""iso"", ""regions"": ""us,us2,eu""}"
e360e50fd278f58b15a60a680a459c8ad92875b6e08b4ead6d495c2919997fba,2024-01-07T21:15:00Z,66c7e39643ecae341addae9fff981d0b,oddsapi/hist_event_markets,1,"{""date"": ""2024-01-07T21:15:00Z"", ""dateFormat"": ""iso"", ""regions"": ""us,us2,eu""}"
9bc6be323adc4eb7f27496a6f74914da9c66059d11b05e22af4cf40b89f2cb94,2023-09-23T17:00:00Z,66edacbc3505803f401192da0fb09b49,oddsapi/hist_event_markets,1,"{""date"": ""2023-09-23T17:00:00Z"", ""dateFormat"": ""iso"", ""regions"": ""us,us2,eu""}"
9a262956402a6b7a5f2ca128ad57c5a33f6e085dee539c9c08cf138a16d59633,2023-09-24T16:50:00Z,66edacbc3505803f401192da0fb09b49,oddsapi/hist_event_markets,1,"{""date"": ""2023-09-24T16:50:00Z"", ""dateFormat"": ""iso"", ""regions"": ""us,us2,eu""}"
127f2abafbf3d3fae27e4b16020d0723560dc1f8d1a6a277bd5d77b3dee48026,2025-10-30T00:15:00Z,677dbbb6ad96fc5f5b36bb20b43139dd,oddsapi/hist_event_markets,1,"{""date"": ""2025-10-30T00:15:00Z"", ""dateFormat"": ""iso"", ""regions"": ""us,us2,eu""}"
e173ee04d7e9e94e6279c9961347f0e858027f82421294adb86a09ff7c3751f0,2025-10-31T00:05:00Z,677dbbb6ad96fc5f5b36bb20b43139dd,oddsapi/hist_event_markets,1,"{""date"": ""2025-10-31T00:05:00Z"", ""dateFormat"": ""iso"", ""regions"": ""us,us2,eu""}"
b32becf41570dd7cc2cb137d3bfed445cbe22e03dbceb1e562e00517f456031a,2023-09-30T13:30:00Z,679ec2fdc4a6bc423cdc77759cc226b7,oddsapi/hist_event_markets,1,"{""date"": ""2023-09-30T13:30:00Z"", ""dateFormat"": ""iso"", ""regions"": ""us,us2,eu""}"
5304093aa769bfd85fe381b12b3012817f731c365faf93cc5d7d089157b904ed,2023-10-01T13:20:00Z,679ec2fdc4a6bc423cdc77759cc226b7,oddsapi/hist_event_markets,1,"{""date"": ""2023-10-01T13:20:00Z"", ""dateFormat"": ""iso"", ""regions"": ""us,us2,eu""}"
6844a12f813cef6b0c92ae0d3139e5ca89cc935e14fadfc990fa9449b58ad29f,2024-10-12T20:25:00Z,67c389265b00a40407a23054e45d8e45,oddsapi/hist_event_markets,1,"{""date"": ""2024-10-12T20:25:00Z"", ""dateFormat"": ""iso"", ""regions"": ""us,us2,eu""}"
015cda6fb941410b4b38bf166e999dd65c772f22775fa418c6f5d2f105be7d88,2024-10-13T20:15:00Z,67c389265b00a40407a23054e45d8e45,oddsapi/hist_event_markets,1,"{""date"": ""2024-10-13T20:15:00Z"", ""dateFormat"": ""iso"", ""regions"": ""us,us2,eu""}"
3047dcb09c8c4ad65e47c5de95ede57a7e54cbb512ffdfa7d5e3d3f1af3fb30a,2025-11-29T18:00:00Z,67e51d17848485bed8737bd7043a275a,oddsapi/hist_event_markets,1,"{""date"": ""2025-11-29T18:00:00Z"", ""dateFormat"": ""iso"", ""regions"": ""us,us2,eu""}"
9a14b1b4c0fcad4fa722c4eee22deeb43ee5ce12cbb23a414562d115dfc56b63,2025-11-30T17:50:00Z,67e51d17848485bed8737bd7043a275a,oddsapi/hist_event_markets,1,"{""date"": ""2025-11-30T17:50:00Z"", ""dateFormat"": ""iso"", ""regions"": ""us,us2,eu""}"
4a70166a6c6c4e28228b2990490db86b0f29cde5e8c2ee3964b160b62f70d84e,2025-09-06T20:05:00Z,68397f3aa9eb847a421a49f990a11928,oddsapi/hist_event_markets,1,"{""date"": ""2025-09-06T20:05:00Z"", ""dateFormat"": ""iso"", ""regions"": ""us,us2,eu""}"
59cd7075045349e8fac1dbc15da10630079b2772d502500cb5af9f5f03f2546c,2025-09-07T19:55:00Z,68397f3aa9eb847a421a49f990a11928,oddsapi/hist_event_markets,1,"{""date"": ""2025-09-07T19:55:00Z"", ""dateFormat"": ""iso"", ""regions"": ""us,us2,eu""}"
e9cd41358fe956ddf60c64ecb20ce549c24f3f85ddd4ced20c1973c543f34a21,2025-01-04T01:00:00Z,68aa07e4336438b1f2f5a4dfb82fe9cc,oddsapi/hist_event_markets,1,"{""date"": ""2025-01-04T01:00:00Z"", ""dateFormat"": ""iso"", ""regions"": ""us,us2,eu""}"
e5b2d4764f0ba924ceb1eb567813169ba9019a323377476b438efc9ec00e9f5f,2025-01-05T00:50:00Z,68aa07e4336438b1f2f5a4dfb82fe9cc,oddsapi/hist_event_markets,1,"{""date"": ""2025-01-05T00:50:00Z"", ""dateFormat"": ""iso"", ""regions"": ""us,us2,eu""}"
1cd033d83c645fac6112518aab22d61155c6db873d48a54b6b65fb8e25ebb1c4,2023-11-05T01:20:00Z,68afbfc763fee8c6dcabf1c129275c5b,oddsapi/hist_event_markets,1,"{""date"": ""2023-11-05T01:20:00Z"", ""dateFormat"": ""iso"", ""regions"": ""us,us2,eu""}"
27a6ac0582fd2543f2bcf03b8c5a25dd6579af48197ae1d3b4e92efbae2346c9,2023-11-06T01:10:00Z,68afbfc763fee8c6dcabf1c129275c5b,oddsapi/hist_event_markets,1,"{""date"": ""2023-11-06T01:10:00Z"", ""dateFormat"": ""iso"", ""regions"": ""us,us2,eu""}"
dbabd8942c0b867106d351e8b6327200cd1d3cd992c17b7bf36cb629eebfd985,2023-10-15T00:20:00Z,68b7be06e7590bd403fd52db5c1d1c35,oddsapi/hist_event_markets,1,"{""date"": ""2023-10-15T00:20:00Z"", ""dateFormat"": ""iso"", ""regions"": ""us,us2,eu""}"
c13486cb1fefc93e1813c83dca21249339aebcb1d910e150239fb4f5c1fdd17c,2023-10-16T00:10:00Z,68b7be06e7590bd403fd52db5c1d1c35,oddsapi/hist_event_markets,1,"{""date"": ""2023-10-16T00:10:00Z"", ""dateFormat"": ""iso"", ""regions"": ""us,us2,eu""}"
3f708d3d47b728659724c601a1834cc0fc199527b52bf7dfc9bdf1aacdee47e2,2023-11-25T18:00:00Z,68d540f963b61e7362b7bf8d27740352,oddsapi/hist_event_markets,1,"{""date"": ""2023-11-25T18:00:00Z"", ""dateFormat"": ""iso"", ""regions"": ""us,us2,eu""}"
85946915c45617976013205c69cff3a0233c01428f7cf622669fe16eb139cafb,2023-11-26T17:50:00Z,68d540f963b61e7362b7bf8d27740352,oddsapi/hist_event_markets,1,"{""date"": ""2023-11-26T17:50:00Z"", ""dateFormat"": ""iso"", ""regions"": ""us,us2,eu""}"
a490674c76f918d45d1ece4d216597d7ff5902a84ae4cb11482a0c0598b9e66e,2024-12-28T18:00:00Z,68e8e424d470fb6d60f1b2f0a3f3d1e3,oddsapi/hist_event_markets,1,"{""date"": ""2024-12-28T18:00:00Z"", ""dateFormat"": ""iso"", ""regions"": ""us,us2,eu""}"
a97928278aed67c9b8f48d901277c80ccaea0a3962ef6966771846e5f6c02508,2024-12-29T17:50:00Z,68e8e424d470fb6d60f1b2f0a3f3d1e3,oddsapi/hist_event_markets,1,"{""date"": ""2024-12-29T17:50:00Z"", ""dateFormat"": ""iso"", ""regions"": ""us,us2,eu""}"
0877e60d7e776a7f5e2e0e86fab23cb37fbddb25618d2968d7485e346b12dea4,2025-10-18T17:00:00Z,6a8d2daf7f75100d02656bc0217737e8,oddsapi/hist_event_markets,1,"{""date"": ""2025-10-18T17:00:00Z"", ""dateFormat"": ""iso"", ""regions"": ""us,us2,eu""}"
f83c2784b8075013be1eab74764c217e66a38dc3fdf9b5a7036bc355512890ab,2025-10-19T16:50:00Z,6a8d2daf7f75100d02656bc0217737e8,oddsapi/hist_event_markets,1,"{""date"": ""2025-10-19T16:50:00Z"", ""dateFormat"": ""iso"", ""regions"": ""us,us2,eu""}"
8d9054706a124fdcc9419f878eaf15f64e16c08287d824e6e08e755f704a9cde,2024-11-16T18:00:00Z,6aa05bdde84274ea82472f0bc79baaad,oddsapi/hist_event_markets,1,"{""date"": ""2024-11-16T18:00:00Z"", ""dateFormat"": ""iso"", ""regions"": ""us,us2,eu""}"
22fa431342aaf7562e13e1fa3662dcdb43a689f39723b86598cc1349756df4e1,2024-11-17T17:50:00Z,6aa05bdde84274ea82472f0bc79baaad,oddsapi/hist_event_markets,1,"{""date"": ""2024-11-17T17:50:00Z"", ""dateFormat"": ""iso"", ""regions"": ""us,us2,eu""}"
f8cee029825b7b1e99bc3bbb24290f53bbc36acd4f9473f60bc9ca7ff393015b,2024-09-28T17:00:00Z,6b08b0416089dbb0459c208f5c0c6d41,oddsapi/hist_event_markets,1,"{""date"": ""2024-09-28T17:00:00Z"", ""dateFormat"": ""iso"", ""regions"": ""us,us2,eu""}"
309b0333558a3bfce6f3be07a52f7f1414550625e77b8e8972eed2fb7b47d076,2024-09-29T16:50:00Z,6b08b0416089dbb0459c208f5c0c6d41,oddsapi/hist_event_markets,1,"{""date"": ""2024-09-29T16:50:00Z"", ""dateFormat"": ""iso"", ""regions"": ""us,us2,eu""}"
7733cdd90647dadf383dae9a3e7a1a1dfb7d6016e252fa53c8bb7a1dbc052376,2025-01-04T21:25:00Z,6b14461632df941a9ea60ff83ddca897,oddsapi/hist_event_markets,1,"{""date"": ""2025-01-04T21:25:00Z"", ""dateFormat"": ""iso"", ""regions"": ""us,us2,eu""}"
b3c7d3ad53065843f449267144337378b1e88222f6aa8a16e55fd686faac94b3,2025-01-05T21:15:00Z,6b14461632df941a9ea60ff83ddca897,oddsapi/hist_event_markets,1,"{""date"": ""2025-01-05T21:15:00Z"", ""dateFormat"": ""iso"", ""regions"": ""us,us2,eu""}"
98a8b89a256c0ab423a1d8a99308ccb18cf8cc01b3e87606469cca9febcdee55,2025-01-25T23:30:00Z,6bd7375e75e2df1cf3c1db1a3600f3ff,oddsapi/hist_event_markets,1,"{""date"": ""2025-01-25T23:30:00Z"", ""dateFormat"": ""iso"", ""regions"": ""us,us2,eu""}"
9acf3ae77699d14adeceee8793ac67af6f86250bfddf701fdb619b3e09147ed9,2025-01-26T23:20:00Z,6bd7375e75e2df1cf3c1db1a3600f3ff,oddsapi/hist_event_markets,1,"{""date"": ""2025-01-26T23:20:00Z"", ""dateFormat"": ""iso"", ""regions"": ""us,us2,eu""}"
48480e7865be2257212848c135eebe969c7d94415b0a4ce5e38eae6d58165ea5,2023-09-09T17:00:00Z,6c2d3077c50eece8e6a37742d1ac5756,oddsapi/hist_event_markets,1,"{""date"": ""2023-09-09T17:00:00Z"", ""dateFormat"": ""iso"", ""regions"": ""us,us2,eu""}"
1863a431c884c19c003ae95df0a006be2fd71d6178a90df350ecb301fe175ad7,2023-09-10T16:50:00Z,6c2d3077c50eece8e6a37742d1ac5756,oddsapi/hist_event_markets,1,"{""date"": ""2023-09-10T16:50:00Z"", ""dateFormat"": ""iso"", ""regions"": ""us,us2,eu""}"
2aa1d56702c57bb9158816bcd3a4f9f78a4af948d6930e39e52cacd1e7fce5df,2023-12-02T18:00:00Z,6cd4bff8b0950234be09e6c0acda7b95,oddsapi/hist_event_markets,1,"{""date"": ""2023-12-02T18:00:00Z"", ""dateFormat"": ""iso"", ""regions"": ""us,us2,eu""}"
9ef0ab8de6430f5a1981ac1271bf680af4f69661a695cfbac4177cb84af882fe,2023-12-03T17:50:00Z,6cd4bff8b0950234be09e6c0acda7b95,oddsapi/hist_event_markets,1,"{""date"": ""2023-12-03T17:50:00Z"", ""dateFormat"": ""iso"", ""regions"": ""us,us2,eu""}"
1bbc5f112d9e06d48111fbf31a7ca6fdabfd729769ccb9cb2ad915aa5f07df71,2025-11-16T01:20:00Z,6d209e0e637f3b116ec958e0634f2a02,oddsapi/hist_event_markets,1,"{""date"": ""2025-11-16T01:20:00Z"", ""dateFormat"": ""iso"", ""regions"": ""us,us2,eu""}"
d138b95d85911c78b36f29b97fc113d38ad45363e173b4312cad76d027b21773,2025-11-17T01:10:00Z,6d209e0e637f3b116ec958e0634f2a02,oddsapi/hist_event_markets,1,"{""date"": ""2025-11-17T01:10:00Z"", ""dateFormat"": ""iso"", ""regions"": ""us,us2,eu""}"
33c7ba7a6fd6bbc8b9dea918e59927bdc46ae4b3604c6e124fd0790da3a56a6e,2023-11-11T18:00:00Z,6dbc9e87817daefec0b0657fc11b19f4,oddsapi/hist_event_markets,1,"{""date"": ""2023-11-11T18:00:00Z"", ""dateFormat"": ""iso"", ""regions"": ""us,us2,eu""}"
c97ffb9a9c73d3d8deb5124374789a18a73c677b79bdcf614bd755ede9936bf0,2023-11-12T17:50:00Z,6dbc9e87817daefec0b0657fc11b19f4,oddsapi/hist_event_markets,1,"{""date"": ""2023-11-12T17:50:00Z"", ""dateFormat"": ""iso"", ""regions"": ""us,us2,eu""}"
c23dbc440611bf09942f92cd1867cdb93361d04d85f8895851abc8f6e2a87182,2025-11-01T18:00:00Z,6dd3b8a705ed0db85d59fa19b9062cc8,oddsapi/hist_event_markets,1,"{""date"": ""2025-11-01T18:00:00Z"", ""dateFormat"": ""iso"", ""regions"": ""us,us2,eu""}"
86b6eb7fbf5c8cdb7479c5feb5a29ed99aa34fc381ed019acb67a3e7b7af7987,2025-11-02T17:50:00Z,6dd3b8a705ed0db85d59fa19b9062cc8,oddsapi/hist_event_markets,1,"{""date"": ""2025-11-02T17:50:00Z"", ""dateFormat"": ""iso"", ""regions"": ""us,us2,eu""}"
356bfa737e3b638d44238c5523ce9651795c40d7cf0f08a9ced0ffd194a5e51e,2023-10-14T17:00:00Z,6e17a8cfafca4010863de42a11a5e05c,oddsapi/hist_event_markets,1,"{""date"": ""2023-10-14T17:00:00Z"", ""dateFormat"": ""iso"", ""regions"": ""us,us2,eu""}"
339870c9466925b16752cafdbc03216f199bf5bdc0d46b0000655f0f213e241d,2023-10-15T16:50:00Z,6e17a8cfafca4010863de42a11a5e05c,oddsapi/hist_event_markets,1,"{""date"": ""2023-10-15T16:50:00Z"", ""dateFormat"": ""iso"", ""regions"": ""us,us2,eu""}"
e303676f24bf907266ed002452d5f2a5bd1adfb71112f57ecd032a4459f83d86,2025-10-04T13:30:00Z,6e206c7bc9379b07d27298a393305384,oddsapi/hist_event_markets,1,"{""date"": ""2025-10-04T13:30:00Z"", ""dateFormat"": ""iso"", ""regions"": ""us,us2,eu""}"
03fbbf57f097da49f9e5343f6fe8d99b8d462a8a8e9d47f342b2143de1f95def,2025-10-05T13:20:00Z,6e206c7bc9379b07d27298a393305384,oddsapi/hist_event_markets,1,"{""date"": ""2025-10-05T13:20:00Z"", ""dateFormat"": ""iso"", ""regions"": ""us,us2,eu""}"
da16a086da2e6c32d1b8888b133e0df79ac1a6bb4c70193959e2c0e80854640e,2025-09-22T00:15:00Z,6e67ddae4bb01d1c2d3f461ee62d2666,oddsapi/hist_event_markets,1,"{""date"": ""2025-09-22T00:15:00Z"", ""dateFormat"": ""iso"", ""regions"": ""us,us2,eu""}"
cc894d4217161d60e32addafba4d2c5572c8629f01ef19bc1eece715b34783ac,2025-09-23T00:05:00Z,6e67ddae4bb01d1c2d3f461ee62d2666,oddsapi/hist_event_markets,1,"{""date"": ""2025-09-23T00:05:00Z"", ""dateFormat"": ""iso"", ""regions"": ""us,us2,eu""}"
d5ee578e38004502f9cfee1e65e81c9f4a47aff91297a67a5272564a0fe88842,2025-10-04T17:00:00Z,6eb8eeff6a052455649ddd2a50e0a188,oddsapi/hist_event_markets,1,"{""date"": ""2025-10-04T17:00:00Z"", ""dateFormat"": ""iso"", ""regions"": ""us,us2,eu""}"
ce9687ca9fd866b7ae5e4f16ef6d59cba7a11930f28f57b5bae8a027c7381471,2025-10-05T16:50:00Z,6eb8eeff6a052455649ddd2a50e0a188,oddsapi/hist_event_markets,1,"{""date"": ""2025-10-05T16:50:00Z"", ""dateFormat"": ""iso"", ""regions"": ""us,us2,eu""}"
35ddc14e9677429a846a913d838f6b843ee2d74da7eb10247104c3e18719748c,2025-10-04T20:05:00Z,6f5a22a3ca33478094cef1e9212ba0fc,oddsapi/hist_event_markets,1,"{""date"": ""2025-10-04T20:05:00Z"", ""dateFormat"": ""iso"", ""regions"": ""us,us2,eu""}"
169779804a6d666f6544ffe3356da5244cdbfc22484caafad01890dd000c3f38,2025-10-05T19:55:00Z,6f5a22a3ca33478094cef1e9212ba0fc,oddsapi/hist_event_markets,1,"{""date"": ""2025-10-05T19:55:00Z"", ""dateFormat"": ""iso"", ""regions"": ""us,us2,eu""}"
c3a99c70fa10b96cd8083987fee46284a2d9391f9c3029324203ae2d62fb91e7,2025-11-29T21:05:00Z,6f956074c4df48e7b07a3286a6c6ed2a,oddsapi/hist_event_markets,1,"{""date"": ""2025-11-29T21:05:00Z"", ""dateFormat"": ""iso"", ""regions"": ""us,us2,eu""}"
f8ee1e3a68e64f9adc75a57236b1878d8a0a731c5b87cf27b1f9926faf63b663,2025-11-30T20:55:00Z,6f956074c4df48e7b07a3286a6c6ed2a,oddsapi/hist_event_markets,1,"{""date"": ""2025-11-30T20:55:00Z"", ""dateFormat"": ""iso"", ""regions"": ""us,us2,eu""}"
a1594a59e4715cbfd71dc703acae5850c854814ab54deb4da84e9838bc7e3c5b,2024-09-28T17:00:00Z,701d98795b391636de6d0860c6782f2d,oddsapi/hist_event_markets,1,"{""date"": ""2024-09-28T17:00:00Z"", ""dateFormat"": ""iso"", ""regions"": ""us,us2,eu""}"
5c58eab8306565890f143c4c325e29d1cc9fe5b6d080b548a56fbaa80bab3b3e,2024-09-29T16:50:00Z,701d98795b391636de6d0860c6782f2d,oddsapi/hist_event_markets,1,"{""date"": ""2024-09-29T16:50:00Z"", ""dateFormat"": ""iso"", ""regions"": ""us,us2,eu""}"
ef2e377b2dbdff947c4ce3ebe8d304609d837ff62498f8dd31cf75843ece6390,2025-01-04T21:25:00Z,704a4d59f3dd729fbf089bbe0b6ae27d,oddsapi/hist_event_markets,1,"{""date"": ""2025-01-04T21:25:00Z"", ""dateFormat"": ""iso"", ""regions"": ""us,us2,eu""}"
3e52f1d5aa775d0636e6809196bc482b20450ebda34b8c6887c812c33637dd6a,2025-01-05T21:15:00Z,704a4d59f3dd729fbf089bbe0b6ae27d,oddsapi/hist_event_markets,1,"{""date"": ""2025-01-05T21:15:00Z"", ""dateFormat"": ""iso"", ""regions"": ""us,us2,eu""}"
b3d2180f0e7b237775f33144649dd6bfed8111571e55e6433c603078e0d74e96,2024-10-26T20:05:00Z,70c540bd6e70676319e44a7dd02cbd38,oddsapi/hist_event_markets,1,"{""date"": ""2024-10-26T20:05:00Z"", ""dateFormat"": ""iso"", ""regions"": ""us,us2,eu""}"
fcf4c42707524f1a49c814b922f34be85fe33a575231590745d95b81c0422e2d,2024-10-27T19:55:00Z,70c540bd6e70676319e44a7dd02cbd38,oddsapi/hist_event_markets,1,"{""date"": ""2024-10-27T19:55:00Z"", ""dateFormat"": ""iso"", ""regions"": ""us,us2,eu""}"
9a9c6f7aa7b6e2578b0c9ab0abd7b700566f69a9c9a1a95a3719f460902d24eb,2025-11-15T18:00:00Z,7147476b5d96c0ee874b838de3910ee3,oddsapi/hist_event_markets,1,"{""date"": ""2025-11-15T18:00:00Z"", ""dateFormat"": ""iso"", ""regions"": ""us,us2,eu""}"
f398f1ba27b63c269f5f519150da7758e34ac97e9eaf297c3373f183ab49558a,2025-11-16T17:50:00Z,7147476b5d96c0ee874b838de3910ee3,oddsapi/hist_event_markets,1,"{""date"": ""2025-11-16T17:50:00Z"", ""dateFormat"": ""iso"", ""regions"": ""us,us2,eu""}"
08ee3d20149f121af7b77a9de4519432afcffc05d5a443388473f06c43629571,2025-11-22T18:00:00Z,7159d60c7a31c7d593167637723d7663,oddsapi/hist_event_markets,1,"{""date"": ""2025-11-22T18:00:00Z"", ""dateFormat"": ""iso"", ""regions"": ""us,us2,eu""}"
32ef4459604cfcd75b3b70b6a26652ce8ab7302a5359e661de5e2d8b225ec952,2025-11-23T17:50:00Z,7159d60c7a31c7d593167637723d7663,oddsapi/hist_event_markets,1,"{""date"": ""2025-11-23T17:50:00Z"", ""dateFormat"": ""iso"", ""regions"": ""us,us2,eu""}"
8f00624bd258faaada5cfedce712b3fd13a81dc3ca26b0d2d1b9b8ba1353200f,2023-11-18T18:00:00Z,725fda19c1793f5a81c16263426788ee,oddsapi/hist_event_markets,1,"{""date"": ""2023-11-18T18:00:00Z"", ""dateFormat"": ""iso"", ""regions"": ""us,us2,eu""}"
e356f8161de22e2f309210af78ea54a769d3e57996fd10d569860198367a5b0a,2023-11-19T17:50:00Z,725fda19c1793f5a81c16263426788ee,oddsapi/hist_event_markets,1,"{""date"": ""2023-11-19T17:50:00Z"", ""dateFormat"": ""iso"", ""regions"": ""us,us2,eu""}"
c8bcea463192cb7a00468a3bfb1fc472671f33ae9e4b11cefda97887b2023c34,2025-01-18T18:00:00Z,727c062028788fd05ca76b3376e11dfc,oddsapi/hist_event_markets,1,"{""date"": ""2025-01-18T18:00:00Z"", ""dateFormat"": ""iso"", ""regions"": ""us,us2,eu""}"
6a18fc4657eab64ded1a27feab00aab92732f0e92742f46a1c0d990c987c6d08,2025-01-19T17:50:00Z,727c062028788fd05ca76b3376e11dfc,oddsapi/hist_event_markets,1,"{""date"": ""2025-01-19T17:50:00Z"", ""dateFormat"": ""iso"", ""regions"": ""us,us2,eu""}"
8831bec88daa17d505e8b6036f773c83f74fffe13175e7bbc0a75fe8633a8b4e,2023-12-14T01:15:00Z,72a6214a3f806871b60e04ee1f977abe,oddsapi/hist_event_markets,1,"{""date"": ""2023-12-14T01:15:00Z"", ""dateFormat"": ""iso"", ""regions"": ""us,us2,eu""}"
7f3b0be67b8fa55eaa5624593b7d363a05e7ccc533374986075d4cc88837a1ab,2023-12-15T01:05:00Z,72a6214a3f806871b60e04ee1f977abe,oddsapi/hist_event_markets,1,"{""date"": ""2023-12-15T01:05:00Z"", ""dateFormat"": ""iso"", ""regions"": ""us,us2,eu""}"
3c1696240357208c1d7480b6e380c4bec61f91f91b45eaf9e3afdd82b9211de2,2025-11-01T18:00:00Z,72e2ce6652bbb3901f60b38bec05bf5f,oddsapi/hist_event_markets,1,"{""date"": ""2025-11-01T18:00:00Z"", ""dateFormat"": ""iso"", ""regions"": ""us,us2,eu""}"
d66011fbd0e0a2d7e9820944b45386c3b63340fc46a2746c70b68bdf8be78232,2025-11-02T17:50:00Z,72e2ce6652bbb3901f60b38bec05bf5f,oddsapi/hist_event_markets,1,"{""date"": ""2025-11-02T17:50:00Z"", ""dateFormat"": ""iso"", ""regions"": ""us,us2,eu""}"
e72b2f241b6a21fa9cabc37a461d9c5ed68a258ad96d8eb620f2c2d99d534e49,2024-10-05T17:00:00Z,73da5785865b6ab0852df1aa0c47994e,oddsapi/hist_event_markets,1,"{""date"": ""2024-10-05T17:00:00Z"", ""dateFormat"": ""iso"", ""regions"": ""us,us2,eu""}"
6c23e612c375c4fc54f413b818b912a5021f04bf172b7ed20da54c649cde6767,2024-10-06T16:50:00Z,73da5785865b6ab0852df1aa0c47994e,oddsapi/hist_event_markets,1,"{""date"": ""2024-10-06T16:50:00Z"", ""dateFormat"": ""iso"", ""regions"": ""us,us2,eu""}"
e3ede6de4f37a499b698c114029f13fd44b29ca62b3e9d472ceaf05b5d44cc9f,2024-11-16T18:00:00Z,73f1d28c0bfe32a1ff292b688bb85df3,oddsapi/hist_event_markets,1,"{""date"": ""2024-11-16T18:00:00Z"", ""dateFormat"": ""iso"", ""regions"": ""us,us2,eu""}"
011ae312f1326afeb854ce395624cbf71eb09b540061c9e1909e8f2e0b04a3fd,2024-11-17T17:50:00Z,73f1d28c0bfe32a1ff292b688bb85df3,oddsapi/hist_event_markets,1,"{""date"": ""2024-11-17T17:50:00Z"", ""dateFormat"": ""iso"", ""regions"": ""us,us2,eu""}"
bb7ac8040d0b986a424f0c5f1483ac296d95936d9879a535ddbf02fbfd798e09,2025-11-08T21:05:00Z,740b843794cc89176c4ffe38b66d30d9,oddsapi/hist_event_markets,1,"{""date"": ""2025-11-08T21:05:00Z"", ""dateFormat"": ""iso"", ""regions"": ""us,us2,eu""}"
e686093b8e6da70a38906f2b9a1e39b67ed5a02ff41a8792151475b2ad698218,2025-11-09T20:55:00Z,740b843794cc89176c4ffe38b66d30d9,oddsapi/hist_event_markets,1,"{""date"": ""2025-11-09T20:55:00Z"", ""dateFormat"": ""iso"", ""regions"": ""us,us2,eu""}"
302b1611fa8f42085d3073faa5404c9fd51792266255f32c7f4af168b82e4518,2023-09-09T17:00:00Z,741437df0e5c0350c32ce707161bd423,oddsapi/hist_event_markets,1,"{""date"": ""2023-09-09T17:00:00Z"", ""dateFormat"": ""iso"", ""regions"": ""us,us2,eu""}"
8922a42ec22a44d1b0398f2e7731e0bf2d5fbf718b5e1e1d3d57b8d31df9e21f,2023-09-10T16:50:00Z,741437df0e5c0350c32ce707161bd423,oddsapi/hist_event_markets,1,"{""date"": ""2023-09-10T16:50:00Z"", ""dateFormat"": ""iso"", ""regions"": ""us,us2,eu""}"
46f22933eb19089e67df77f19346e1c8e138a7913eed9a8413a7488b4d9db68f,2024-09-15T00:20:00Z,7533f0f2d5cfe270fa0ccdc32a98c7fd,oddsapi/hist_event_markets,1,"{""date"": ""2024-09-15T00:20:00Z"", ""dateFormat"": ""iso"", ""regions"": ""us,us2,eu""}"
1f6379c9e3705e02b5fe3b01d9868e842081339b4cd5555340b4522b1aa289a2,2024-09-16T00:10:00Z,7533f0f2d5cfe270fa0ccdc32a98c7fd,oddsapi/hist_event_markets,1,"{""date"": ""2024-09-16T00:10:00Z"", ""dateFormat"": ""iso"", ""regions"": ""us,us2,eu""}"
bcf33550e43f69377d01fe56fcb4aa6c1545b05c3d47c524946c8093bcb3baa4,2023-12-09T18:00:00Z,75558e1b61a377e60eba1971dfb6a46c,oddsapi/hist_event_markets,1,"{""date"": ""2023-12-09T18:00:00Z"", ""dateFormat"": ""iso"", ""regions"": ""us,us2,eu""}"
75d3a2009c4ad013404087443176fba8b543f4fa0723c826887455418ccb1f2f,2023-12-10T17:50:00Z,75558e1b61a377e60eba1971dfb6a46c,oddsapi/hist_event_markets,1,"{""date"": ""2023-12-10T17:50:00Z"", ""dateFormat"": ""iso"", ""regions"": ""us,us2,eu""}"
73f7a9d1017dfd8a719834b615269fef96c726700663c5fa5a987879b9f4d66c,2024-12-07T18:00:00Z,757ca79be58cadb6fece7718e6e260a2,oddsapi/hist_event_markets,1,"{""date"": ""2024-12-07T18:00:00Z"", ""dateFormat"": ""iso"", ""regions"": ""us,us2,eu""}"
df7eff6f2c1642778beeacb0cf45c29e714be8b621954e1239c1e3ee0325a857,2024-12-08T17:50:00Z,757ca79be58cadb6fece7718e6e260a2,oddsapi/hist_event_markets,1,"{""date"": ""2024-12-08T17:50:00Z"", ""dateFormat"": ""iso"", ""regions"": ""us,us2,eu""}"
b2f80b9d3c62560174ad8773bab1d84786836938ab00650fcf96a485186b8ad2,2024-11-16T18:00:00Z,7614724acc0987e643d0a60e73167b2e,oddsapi/hist_event_markets,1,"{""date"": ""2024-11-16T18:00:00Z"", ""dateFormat"": ""iso"", ""regions"": ""us,us2,eu""}"
f32cfd7ed1c27f673fcb116dd46c8da80a927d0086a78893b8cc833aa4e82de2,2024-11-17T17:50:00Z,7614724acc0987e643d0a60e73167b2e,oddsapi/hist_event_markets,1,"{""date"": ""2024-11-17T17:50:00Z"", ""dateFormat"": ""iso"", ""regions"": ""us,us2,eu""}"
8afd80b26fecd0824b467b0ae6b6f08857667b99246854d3f6cb246ec5007721,2024-10-26T17:00:00Z,7679451910267ad5cd8620cf63870aaa,oddsapi/hist_event_markets,1,"{""date"": ""2024-10-26T17:00:00Z"", ""dateFormat"": ""iso"", ""regions"": ""us,us2,eu""}"
b90aab57eb06700024ee589b3bd74f3cfb91eda2fd97eed3f866135e58570cd0,2024-10-27T16:50:00Z,7679451910267ad5cd8620cf63870aaa,oddsapi/hist_event_markets,1,"{""date"": ""2024-10-27T16:50:00Z"", ""dateFormat"": ""iso"", ""regions"": ""us,us2,eu""}"
916fbe427e999c5ad1e6b83e552eeac9273d73bfe6a2125ebc8ebe4d52d3276a,2025-11-29T21:25:00Z,76ac5a8d2c8679ae6ea8861114791bd8,oddsapi/hist_event_markets,1,"{""date"": ""2025-11-29T21:25:00Z"", ""dateFormat"": ""iso"", ""regions"": ""us,us2,eu""}"
918118ac5be0c1d23997560905aafd1f9fe2a7d53c060ca86cdaabf250361a9a,2025-11-30T21:15:00Z,76ac5a8d2c8679ae6ea8861114791bd8,oddsapi/hist_event_markets,1,"{""date"": ""2025-11-30T21:15:00Z"", ""dateFormat"": ""iso"", ""regions"": ""us,us2,eu""}"
41794d0ee7bf79661b4bae88b104a626366c04ad4d0ef8bb6bbc5225ee8ca4d9,2023-12-02T18:00:00Z,76ae384526017414d68d617bf80b8aab,oddsapi/hist_event_markets,1,"{""date"": ""2023-12-02T18:00:00Z"", ""dateFormat"": ""iso"", ""regions"": ""us,us2,eu""}"
9938bdde8995fb583b58df36f2947f66f39d562e8c1504076a399b57fea61c13,2023-12-03T17:50:00Z,76ae384526017414d68d617bf80b8aab,oddsapi/hist_event_markets,1,"{""date"": ""2023-12-03T17:50:00Z"", ""dateFormat"": ""iso"", ""regions"": ""us,us2,eu""}"
512a0617f3fae0615a4ccb3491fd8a5956dc7d21d53d7210c4072197ea7f7161,2024-10-12T20:05:00Z,76fbc0191f917329bad82f76a9a22a2e,oddsapi/hist_event_markets,1,"{""date"": ""2024-10-12T20:05:00Z"", ""dateFormat"": ""iso"", ""regions"": ""us,us2,eu""}"
908a3210b2136e29c932d03839c7fd29a678746f8c48c4a5989c959e9f33225a,2024-10-13T19:55:00Z,76fbc0191f917329bad82f76a9a22a2e,oddsapi/hist_event_markets,1,"{""date"": ""2024-10-13T19:55:00Z"", ""dateFormat"": ""iso"", ""regions"": ""us,us2,eu""}"
6f57dc28b413493770e5a939947c8cf279efa22eda6a86c55abae8c60c2e6bf1,2024-12-20T21:30:00Z,77184e40f6e14084fd2c378c157640b8,oddsapi/hist_event_markets,1,"{""date"": ""2024-12-20T21:30:00Z"", ""dateFormat"": ""iso"", ""regions"": ""us,us2,eu""}"
cbad0617ac418a2c3f7ed889d0cba12f7616e7b93ab444bd89a8efc254fa8394,2024-12-21T21:20:00Z,77184e40f6e14084fd2c378c157640b8,oddsapi/hist_event_markets,1,"{""date"": ""2024-12-21T21:20:00Z"", ""dateFormat"": ""iso"", ""regions"": ""us,us2,eu""}"
4d662794d93538a5f7dea5e150ca72fef46c6d693a72c4b2ef18b8ea1177ccd9,2024-11-09T21:25:00Z,776c336fae7523f356cb0cd4a32ba356,oddsapi/hist_event_markets,1,"{""date"": ""2024-11-09T21:25:00Z"", ""dateFormat"": ""iso"", ""regions"": ""us,us2,eu""}"
791239a63c97ff9c0d7aa2f95a314709d5e2868ad381404ef147d66818113348,2024-11-10T21:15:00Z,776c336fae7523f356cb0cd4a32ba356,oddsapi/hist_event_markets,1,"{""date"": ""2024-11-10T21:15:00Z"", ""dateFormat"": ""iso"", ""regions"": ""us,us2,eu""}"
1bbea4feaba66e1d4309a4ee9587b59a50915b7693b4a4634e59e4a38fc4952e,2024-10-05T20:25:00Z,777e65cf50b4517465cea9ac9d686227,oddsapi/hist_event_markets,1,"{""date"": ""2024-10-05T20:25:00Z"", ""dateFormat"": ""iso"", ""regions"": ""us,us2,eu""}"
fc85829077b60d6d23c1baf192ac77b4234917c6436c7265f37f63a7d9216c3a,2024-10-06T20:15:00Z,777e65cf50b4517465cea9ac9d686227,oddsapi/hist_event_markets,1,"{""date"": ""2024-10-06T20:15:00Z"", ""dateFormat"": ""iso"", ""regions"": ""us,us2,eu""}"
93c6e00d43777d33422950624770b5f0aa842dcbbf373065bd5168979c7752d6,2024-01-06T18:00:00Z,77acb65d6a0314b676df5b4832ef45a3,oddsapi/hist_event_markets,1,"{""date"": ""2024-01-06T18:00:00Z"", ""dateFormat"": ""iso"", ""regions"": ""us,us2,eu""}"
37679dc2f19b665a5279c495ec62d1f9437ac4fc56717d9a90fbf79714268e53,2024-01-07T17:50:00Z,77acb65d6a0314b676df5b4832ef45a3,oddsapi/hist_event_markets,1,"{""date"": ""2024-01-07T17:50:00Z"", ""dateFormat"": ""iso"", ""regions"": ""us,us2,eu""}"
5e92094c416e40a70b1ab464ce863ab7db8b33883cee9823ab8f991d9d8dbc8f,2023-12-16T21:25:00Z,7856ae92af5a45990c0673041c46917b,oddsapi/hist_event_markets,1,"{""date"": ""2023-12-16T21:25:00Z"", ""dateFormat"": ""iso"", ""regions"": ""us,us2,eu""}"
0a3347a7dc6a4750b4ffd6e72973c80f46dc821b2ff2bdaa9a5457eb890816a8,2023-12-17T21:15:00Z,7856ae92af5a45990c0673041c46917b,oddsapi/hist_event_markets,1,"{""date"": ""2023-12-17T21:15:00Z"", ""dateFormat"": ""iso"", ""regions"": ""us,us2,eu""}"
3b480100018e4092cc6b7129a4afc9c009637b47ff2620a15b99b8356f07e315,2023-10-28T20:05:00Z,787552bac1bf53711f90ae8de5c55aef,oddsapi/hist_event_markets,1,"{""date"": ""2023-10-28T20:05:00Z"", ""dateFormat"": ""iso"", ""regions"": ""us,us2,eu""}"
534239b9c3b37d491fdb7cd269793a1e82f6a959f344204508f108295ce3b15a,2023-10-29T19:55:00Z,787552bac1bf53711f90ae8de5c55aef,oddsapi/hist_event_markets,1,"{""date"": ""2023-10-29T19:55:00Z"", ""dateFormat"": ""iso"", ""regions"": ""us,us2,eu""}"
1121a9e7132fb8992f7d4f7b10b93a1222ac0b57c7b402d01475e1ec19f4bc45,2024-09-14T17:00:00Z,787ae4144b2b45d7ef8a9c7b1ab6abd8,oddsapi/hist_event_markets,1,"{""date"": ""2024-09-14T17:00:00Z"", ""dateFormat"": ""iso"", ""regions"": ""us,us2,eu""}"
8d235de8b9e3d6d4f5c417e180670164e40ca10a899157ac36e6d424b9e67c30,2024-09-15T16:50:00Z,787ae4144b2b45d7ef8a9c7b1ab6abd8,oddsapi/hist_event_markets,1,"{""date"": ""2024-09-15T16:50:00Z"", ""dateFormat"": ""iso"", ""regions"": ""us,us2,eu""}"
7309b605f97e89e178181f376e72f1bc86b4bf9eb7ce803798abd373f8a72c6a,2026-01-03T18:00:00Z,7906052ca20e6daddf755c7fe3932887,oddsapi/hist_event_markets,1,"{""date"": ""2026-01-03T18:00:00Z"", ""dateFormat"": ""iso"", ""regions"": ""us,us2,eu""}"
2cbf31343764ba8c866454d16a6f0ba0bc5b4af0a2d23f83e9ea044b077fdb3d,2026-01-04T17:50:00Z,7906052ca20e6daddf755c7fe3932887,oddsapi/hist_event_markets,1,"{""date"": ""2026-01-04T17:50:00Z"", ""dateFormat"": ""iso"", ""regions"": ""us,us2,eu""}"
606fc9cb7f126b04d749feface2508ebf0535364ebf067452fcd1ee0adddea38,2024-01-06T18:00:00Z,794e49c4f03306ab9c79cb84fcc2b0ac,oddsapi/hist_event_markets,1,"{""date"": ""2024-01-06T18:00:00Z"", ""dateFormat"": ""iso"", ""regions"": ""us,us2,eu""}"
d7575548424a7fb89e2c5b4281239abff8a6b752a5ec8f33ef94633772d91c47,2024-01-07T17:50:00Z,794e49c4f03306ab9c79cb84fcc2b0ac,oddsapi/hist_event_markets,1,"{""date"": ""2024-01-07T17:50:00Z"", ""dateFormat"": ""iso"", ""regions"": ""us,us2,eu""}"
88752e012db26ae129adfeaea5867754a9973f66e7425ab687341dc9ca45fcca,2023-11-09T01:15:00Z,79846786112c7d5116a2326be9abedcb,oddsapi/hist_event_markets,1,"{""date"": ""2023-11-09T01:15:00Z"", ""dateFormat"": ""iso"", ""regions"": ""us,us2,eu""}"
6803aa429aa4230a9ce5f8f92d557bb8b2a81b0be306bc9d159a5c97c90c7528,2023-11-10T01:05:00Z,79846786112c7d5116a2326be9abedcb,oddsapi/hist_event_markets,1,"{""date"": ""2023-11-10T01:05:00Z"", ""dateFormat"": ""iso"", ""regions"": ""us,us2,eu""}"
f67ea6f0ca7d429f8a33dc166ce1584a791edf044fe9ee81502b774da80aee2d,2024-10-14T00:15:00Z,79b5655b7342104f50bc735a5d838b71,oddsapi/hist_event_markets,1,"{""date"": ""2024-10-14T00:15:00Z"", ""dateFormat"": ""iso"", ""regions"": ""us,us2,eu""}"
1ff56c57986ff78596faab876ea1916bc7f047cc5a27af50cd66f92d5f79be10,2024-10-15T00:05:00Z,79b5655b7342104f50bc735a5d838b71,oddsapi/hist_event_markets,1,"{""date"": ""2024-10-15T00:05:00Z"", ""dateFormat"": ""iso"", ""regions"": ""us,us2,eu""}"
1cf8d14d16b1c47d250f467ee07196340b2cebaca05a4c3eea408abba6aa21bb,2025-10-04T20:25:00Z,79c4e9f40e2647dc2a7b377cf61c48cd,oddsapi/hist_event_markets,1,"{""date"": ""2025-10-04T20:25:00Z"", ""dateFormat"": ""iso"", ""regions"": ""us,us2,eu""}"
45cd71c5afb67ada426f48c36aaaf78e73bba0a27a1c36d2f9ce42735e4b95b3,2025-10-05T20:15:00Z,79c4e9f40e2647dc2a7b377cf61c48cd,oddsapi/hist_event_markets,1,"{""date"": ""2025-10-05T20:15:00Z"", ""dateFormat"": ""iso"", ""regions"": ""us,us2,eu""}"
c3a05d389d36b4bbc7ffc799d69ea3e5a48573f6766a0d4366142ea3e2ea48be,2025-10-18T13:30:00Z,79de65f1b97c9145ebdcb019eb486500,oddsapi/hist_event_markets,1,"{""date"": ""2025-10-18T13:30:00Z"", ""dateFormat"": ""iso"", ""regions"": ""us,us2,eu""}"
eee7e2211000db2b94e60179ea41c54af9d614378c1c5db1f1339e99af56712f,2025-10-19T13:20:00Z,79de65f1b97c9145ebdcb019eb486500,oddsapi/hist_event_markets,1,"{""date"": ""2025-10-19T13:20:00Z"", ""dateFormat"": ""iso"", ""regions"": ""us,us2,eu""}"
c2479caa6c3829f973f77b0e6098f9fe56de63efc4fd3d0f2e0fc39a0868d7e3,2024-12-14T18:00:00Z,79eb6a96467e443fcd884f1aab38fb40,oddsapi/hist_event_markets,1,"{""date"": ""2024-12-14T18:00:00Z"", ""dateFormat"": ""iso"", ""regions"": ""us,us2,eu""}"
a86c7268fea9546650cacffbdec5645363131d45acfdefc95fc3ef62964460bc,2024-12-15T17:50:00Z,79eb6a96467e443fcd884f1aab38fb40,oddsapi/hist_event_markets,1,"{""date"": ""2024-12-15T17:50:00Z"", ""dateFormat"": ""iso"", ""regions"": ""us,us2,eu""}"
46fbbf8b355754380344785de4a782ae8bb05579c94178d39e9baa46157756aa,2023-12-18T01:15:00Z,7a1a8c9bc432ca71251b70e6d48a66f2,oddsapi/hist_event_markets,1,"{""date"": ""2023-12-18T01:15:00Z"", ""dateFormat"": ""iso"", ""regions"": ""us,us2,eu""}"
2ba99c23ebd46616e320bf7f80a6dca5787eff6ac74dc85fd6b4d0a8ef84c983,2023-12-19T01:05:00Z,7a1a8c9bc432ca71251b70e6d48a66f2,oddsapi/hist_event_markets,1,"{""date"": ""2023-12-19T01:05:00Z"", ""dateFormat"": ""iso"", ""regions"": ""us,us2,eu""}"
e6d2ea096e752964e98502ae8a93b286432c2787100641c178820775aea8c917,2024-09-07T17:00:00Z,7a5e353202d40a844491fa5753bc3097,oddsapi/hist_event_markets,1,"{""date"": ""2024-09-07T17:00:00Z"", ""dateFormat"": ""iso"", ""regions"": ""us,us2,eu""}"
9f33037909c2acd8066763abcea1247e8928765e9216cc3083c478d2ddd4adb0,2024-09-08T16:50:00Z,7a5e353202d40a844491fa5753bc3097,oddsapi/hist_event_markets,1,"{""date"": ""2024-09-08T16:50:00Z"", ""dateFormat"": ""iso"", ""regions"": ""us,us2,eu""}"
c861eb57879377238ff7fe7d2b946f6b86a33dddcb8c50231b47f72289a45750,2023-11-20T01:15:00Z,7ada5a3ce1269f9c0953a196b5fb4a0c,oddsapi/hist_event_markets,1,"{""date"": ""2023-11-20T01:15:00Z"", ""dateFormat"": ""iso"", ""regions"": ""us,us2,eu""}"
ea5b230fdbab97bc4f30d16aa7ece25999a78649098a4b0d4fff01ddc0731881,2023-11-21T01:05:00Z,7ada5a3ce1269f9c0953a196b5fb4a0c,oddsapi/hist_event_markets,1,"{""date"": ""2023-11-21T01:05:00Z"", ""dateFormat"": ""iso"", ""regions"": ""us,us2,eu""}"
401203cae125cbc2eab909b6a4098f63ce9b714ad8f22457677c52fb9c590037,2024-12-07T18:00:00Z,7ae6be20a581839e77dd6b3f4eab564b,oddsapi/hist_event_markets,1,"{""date"": ""2024-12-07T18:00:00Z"", ""dateFormat"": ""iso"", ""regions"": ""us,us2,eu""}"
5e286cbee77709c440614fe2665993a3168c8154d404e27ca4d12876972bae55,2024-12-08T17:50:00Z,7ae6be20a581839e77dd6b3f4eab564b,oddsapi/hist_event_markets,1,"{""date"": ""2024-12-08T17:50:00Z"", ""dateFormat"": ""iso"", ""regions"": ""us,us2,eu""}"
99dc60126938e362bff1a370f02d8133f67b2bec7cb90fec7dc61f2500efc7b0,2025-12-27T18:00:00Z,7aeff5d5bb88b218c7d72f267a90eb7f,oddsapi/hist_event_markets,1,"{""date"": ""2025-12-27T18:00:00Z"", ""dateFormat"": ""iso"", ""regions"": ""us,us2,eu""}"
36e2d4b1bab3ec505550998c6f891d2a6b67291a01ceb1c5da699c9c045b451f,2025-12-28T17:50:00Z,7aeff5d5bb88b218c7d72f267a90eb7f,oddsapi/hist_event_markets,1,"{""date"": ""2025-12-28T17:50:00Z"", ""dateFormat"": ""iso"", ""regions"": ""us,us2,eu""}"
d6b1dc52b758dbcebc2fb25e15d78cd24ac27919a9f230d089af4befe03f163e,2025-10-19T00:20:00Z,7b2ded52498efcf97a08ef10ee99b0f3,oddsapi/hist_event_markets,1,"{""date"": ""2025-10-19T00:20:00Z"", ""dateFormat"": ""iso"", ""regions"": ""us,us2,eu""}"
b1984074a2ea20f1aecc6cf50df118025d2c121c15d48cb40d0a61c1420883fb,2025-10-20T00:10:00Z,7b2ded52498efcf97a08ef10ee99b0f3,oddsapi/hist_event_markets,1,"{""date"": ""2025-10-20T00:10:00Z"", ""dateFormat"": ""iso"", ""regions"": ""us,us2,eu""}"
2ab4101395bfad6746807ff84e76e0c368d24b7e19346ad1e1e1b014c5ea7c16,2024-12-14T18:00:00Z,7b58ba499776572737bf4335349ee5ca,oddsapi/hist_event_markets,1,"{""date"": ""2024-12-14T18:00:00Z"", ""dateFormat"": ""iso"", ""regions"": ""us,us2,eu""}"
8fd8cd52fe2ee66f93ccfa2e6c0d6d99dd5b3bd31e9614eaff2e15936b9caab5,2024-12-15T17:50:00Z,7b58ba499776572737bf4335349ee5ca,oddsapi/hist_event_markets,1,"{""date"": ""2024-12-15T17:50:00Z"", ""dateFormat"": ""iso"", ""regions"": ""us,us2,eu""}"
8c64f36b9527c6e38d5b1f3c9a0ad40a29ce4de8174d039cd286d90518d48d7a,2025-12-13T21:25:00Z,7ba03312d1012d9872de9999e496558f,oddsapi/hist_event_markets,1,"{""date"": ""2025-12-13T21:25:00Z"", ""dateFormat"": ""iso"", ""regions"": ""us,us2,eu""}"
a619d333bf55febf17c0fe6c08cf2f6444b9e46096e79bf8aafa07b840371d7f,2025-12-14T21:15:00Z,7ba03312d1012d9872de9999e496558f,oddsapi/hist_event_markets,1,"{""date"": ""2025-12-14T21:15:00Z"", ""dateFormat"": ""iso"", ""regions"": ""us,us2,eu""}"
705c7d2e04c0a18564fcd17851c008b18ebb0df06f0002c24710979725fa918f,2024-11-02T18:00:00Z,7c2d09c53f3c271b20f53db0b21f1498,oddsapi/hist_event_markets,1,"{""date"": ""2024-11-02T18:00:00Z"", ""dateFormat"": ""iso"", ""regions"": ""us,us2,eu""}"
6a65c5b63e191e98326ff36065952d8c67b1df3fd5558935174f3620a6310fec,2024-11-03T17:50:00Z,7c2d09c53f3c271b20f53db0b21f1498,oddsapi/hist_event_markets,1,"{""date"": ""2024-11-03T17:50:00Z"", ""dateFormat"": ""iso"", ""regions"": ""us,us2,eu""}"
ba5dcf996793fb6dac35ce32a1519b144ad3f339db824bd79d14d7342c02b578,2024-12-28T21:05:00Z,7c63b1e23a0c65ee07312131e1b7be7e,oddsapi/hist_event_markets,1,"{""date"": ""2024-12-28T21:05:00Z"", ""dateFormat"": ""iso"", ""regions"": ""us,us2,eu""}"
27117172db15ee7aef849d1c1ef159461129cc32cef32a8d0e1937096011af31,2024-12-29T20:55:00Z,7c63b1e23a0c65ee07312131e1b7be7e,oddsapi/hist_event_markets,1,"{""date"": ""2024-12-29T20:55:00Z"", ""dateFormat"": ""iso"", ""regions"": ""us,us2,eu""}"
d415fd1858c80a76d95bf4b750c39905c8e08a5e253abf0b89cd9c68549f7b29,2024-11-16T18:00:00Z,7c742858a76089990395c3179731744b,oddsapi/hist_event_markets,1,"{""date"": ""2024-11-16T18:00:00Z"", ""dateFormat"": ""iso"", ""regions"": ""us,us2,eu""}"
9b1bcf4aa91cecb6292c5c8b3680dfb511b91741dd58af9609844042be91f622,2024-11-17T17:50:00Z,7c742858a76089990395c3179731744b,oddsapi/hist_event_markets,1,"{""date"": ""2024-11-17T17:50:00Z"", ""dateFormat"": ""iso"", ""regions"": ""us,us2,eu""}"
0ec549039d5bd76fc92098e056a69588619abe261a903de66b5eeeb26450b347,2023-10-14T17:00:00Z,7c8e887a27e43988654b137a001f6d3b,oddsapi/hist_event_markets,1,"{""date"": ""2023-10-14T17:00:00Z"", ""dateFormat"": ""iso"", ""regions"": ""us,us2,eu""}"
c6f8bea0ffdcfae6f90c1051f78f86e90211b24d463a5efd91b7e85551795f4f,2023-10-15T16:50:00Z,7c8e887a27e43988654b137a001f6d3b,oddsapi/hist_event_markets,1,"{""date"": ""2023-10-15T16:50:00Z"", ""dateFormat"": ""iso"", ""regions"": ""us,us2,eu""}"
15b28ae99c71ec42cf3deb127e8d4bcfc64aceb3feaff9d401a038d2cffec762,2025-10-20T02:00:00Z,7ca953ab786f70b22cabbe4946d330fa,oddsapi/hist_event_markets,1,"{""date"": ""2025-10-20T02:00:00Z"", ""dateFormat"": ""iso"", ""regions"": ""us,us2,eu""}"
cf3847f607106b6c8f7a71b83f8aac265157109e7852277404a6fed182a99e3f,2025-10-21T01:50:00Z,7ca953ab786f70b22cabbe4946d330fa,oddsapi/hist_event_markets,1,"{""date"": ""2025-10-21T01:50:00Z"", ""dateFormat"": ""iso"", ""regions"": ""us,us2,eu""}"
5d141c9a76187171a11f926edc92675769fa4dee58d24709df9ae54cfd902a81,2024-12-07T18:00:00Z,7d1198f17462901352e686d8d9515232,oddsapi/hist_event_markets,1,"{""date"": ""2024-12-07T18:00:00Z"", ""dateFormat"": ""iso"", ""regions"": ""us,us2,eu""}"
d23cef1e922ea6cb73712eae89da646a46287cae4ced453b904c5fc5eba80341,2024-12-08T17:50:00Z,7d1198f17462901352e686d8d9515232,oddsapi/hist_event_markets,1,"{""date"": ""2024-12-08T17:50:00Z"", ""dateFormat"": ""iso"", ""regions"": ""us,us2,eu""}"
294b181674cd7653f893bb49957a9f8782a47d3d3fa60594f59b13d7593683df,2025-12-20T21:05:00Z,7d71a0d3cc2a04eb35f1a725104217b5,oddsapi/hist_event_markets,1,"{""date"": ""2025-12-20T21:05:00Z"", ""dateFormat"": ""iso"", ""regions"": ""us,us2,eu""}"
486b0ebb9f87ff0505ddca3b18e569b210f4fbc064626227911026793b26d366,2025-12-21T20:55:00Z,7d71a0d3cc2a04eb35f1a725104217b5,oddsapi/hist_event_markets,1,"{""date"": ""2025-12-21T20:55:00Z"", ""dateFormat"": ""iso"", ""regions"": ""us,us2,eu""}"
1c42ad54af4fc57d2dbfe6086147a88786f3d20c625b1671ce7151aefafeda6c,2025-09-14T23:00:00Z,7d9a04f411031528d9c1d2df7b9a0453,oddsapi/hist_event_markets,1,"{""date"": ""2025-09-14T23:00:00Z"", ""dateFormat"": ""iso"", ""regions"": ""us,us2,eu""}"
8ccd7a0194be7ea28f7703bd00261764192d0645c837552fb8e87ada1d26d93a,2025-09-15T22:50:00Z,7d9a04f411031528d9c1d2df7b9a0453,oddsapi/hist_event_markets,1,"{""date"": ""2025-09-15T22:50:00Z"", ""dateFormat"": ""iso"", ""regions"": ""us,us2,eu""}"
7397353d677977165641e1079ab3c74e29332155c8aa548835199b4f4d46a091,2025-09-13T20:05:00Z,7e2ad5ef04493526707e0868f7b70c47,oddsapi/hist_event_markets,1,"{""date"": ""2025-09-13T20:05:00Z"", ""dateFormat"": ""iso"", ""regions"": ""us,us2,eu""}"
2df6d96b1cb48d4f1776d95be2ad46fcc3ae270c6ce102a1b445a5cf58fdeba7,2025-09-14T19:55:00Z,7e2ad5ef04493526707e0868f7b70c47,oddsapi/hist_event_markets,1,"{""date"": ""2025-09-14T19:55:00Z"", ""dateFormat"": ""iso"", ""regions"": ""us,us2,eu""}"
79802612d71cde9af83d8d2a28df49720bad58511b9e1338c529b60ab6ac5ac3,2025-10-27T00:15:00Z,7e3361e84d5223a8d210a887b249f247,oddsapi/hist_event_markets,1,"{""date"": ""2025-10-27T00:15:00Z"", ""dateFormat"": ""iso"", ""regions"": ""us,us2,eu""}"
2411d6bb4081aab6a5e9faf795949109f36f1adee8c08804e47bd42ad935ffe2,2025-10-28T00:05:00Z,7e3361e84d5223a8d210a887b249f247,oddsapi/hist_event_markets,1,"{""date"": ""2025-10-28T00:05:00Z"", ""dateFormat"": ""iso"", ""regions"": ""us,us2,eu""}"
2bebbf756f79c62a5731a53680ef8c291ebe708fc34fa009ed59d2e106a3d84a,2023-09-16T20:25:00Z,7e881b03dcf88ddd4e9d1a3c609db6d3,oddsapi/hist_event_markets,1,"{""date"": ""2023-09-16T20:25:00Z"", ""dateFormat"": ""iso"", ""regions"": ""us,us2,eu""}"
e98d213a0d63d4ac38bba9e4e3f857218e2d5251823ab00bc068953cac9de39a,2023-09-17T20:15:00Z,7e881b03dcf88ddd4e9d1a3c609db6d3,oddsapi/hist_event_markets,1,"{""date"": ""2023-09-17T20:15:00Z"", ""dateFormat"": ""iso"", ""regions"": ""us,us2,eu""}"
9f474297246f342a16ba48155e7e8c07b1e0a05b60d69a964667df5dc0d249c7,2023-09-18T00:15:00Z,7ea45f55c7bb922c581f809166c0fab3,oddsapi/hist_event_markets,1,"{""date"": ""2023-09-18T00:15:00Z"", ""dateFormat"": ""iso"", ""regions"": ""us,us2,eu""}"
7b7075d101e3a51f3074d131cf3c83415af604ccb2f1b58c184e8da74f5b90e2,2023-09-19T00:05:00Z,7ea45f55c7bb922c581f809166c0fab3,oddsapi/hist_event_markets,1,"{""date"": ""2023-09-19T00:05:00Z"", ""dateFormat"": ""iso"", ""regions"": ""us,us2,eu""}"
536270f747f56bb1643371400e7a159059b09b4ae3d52f807d662dab6490bc6b,2024-12-21T18:00:00Z,7f9202e3018e484a3f30bc99422776fa,oddsapi/hist_event_markets,1,"{""date"": ""2024-12-21T18:00:00Z"", ""dateFormat"": ""iso"", ""regions"": ""us,us2,eu""}"
056f459ae351e52c3ffeae6cf52bd5545161353d844971b6231514f191de9a83,2024-12-22T17:50:00Z,7f9202e3018e484a3f30bc99422776fa,oddsapi/hist_event_markets,1,"{""date"": ""2024-12-22T17:50:00Z"", ""dateFormat"": ""iso"", ""regions"": ""us,us2,eu""}"
b6e5997f7987d6d635ad086044aa4f5682b238b6b97f7a2708b062ec32fa6974,2023-11-18T21:25:00Z,7ffa1ceb2b78914d13f2e894ed2e83bd,oddsapi/hist_event_markets,1,"{""date"": ""2023-11-18T21:25:00Z"", ""dateFormat"": ""iso"", ""regions"": ""us,us2,eu""}"
358503a77ab3e5f257256435d88152efdb0859782630a0230392a732fab1e113,2023-11-19T21:15:00Z,7ffa1ceb2b78914d13f2e894ed2e83bd,oddsapi/hist_event_markets,1,"{""date"": ""2023-11-19T21:15:00Z"", ""dateFormat"": ""iso"", ""regions"": ""us,us2,eu""}"
a29701219e0d33eae20569b64872c9617a9355a24ad183fe13eda0b0d0e13abd,2023-09-23T20:25:00Z,806b105d4be36f9d8ac4a782cb43c1f1,oddsapi/hist_event_markets,1,"{""date"": ""2023-09-23T20:25:00Z"", ""dateFormat"": ""iso"", ""regions"": ""us,us2,eu""}"
fc460c527000041474c8350ce4a9dc0c890fb21e6a6e19a628e3cf287ef8791d,2023-09-24T20:15:00Z,806b105d4be36f9d8ac4a782cb43c1f1,oddsapi/hist_event_markets,1,"{""date"": ""2023-09-24T20:15:00Z"", ""dateFormat"": ""iso"", ""regions"": ""us,us2,eu""}"
d6f056971ecceafc59b273029b1f1471f4736a62d51fcf83b01fd3d23a3e84ab,2024-11-09T18:00:00Z,80899c1a82df27832eff9206d9c2ab1b,oddsapi/hist_event_markets,1,"{""date"": ""2024-11-09T18:00:00Z"", ""dateFormat"": ""iso"", ""regions"": ""us,us2,eu""}"
fda9734916b7b897850a05029da58e73ed5977aebccbb2d28f3d3c829cb8151c,2024-11-10T17:50:00Z,80899c1a82df27832eff9206d9c2ab1b,oddsapi/hist_event_markets,1,"{""date"": ""2024-11-10T17:50:00Z"", ""dateFormat"": ""iso"", ""regions"": ""us,us2,eu""}"
79cb9e5c38f825a00e9c1a71d6d8f21012830379e8456a73c59a841d1ee51a96,2023-12-25T01:15:00Z,809b12cea8824cbfd8643214b2e16192,oddsapi/hist_event_markets,1,"{""date"": ""2023-12-25T01:15:00Z"", ""dateFormat"": ""iso"", ""regions"": ""us,us2,eu""}"
535a2261fd1cf68f8174888f96c95652058ccc93bf39c7fb7557bfd3374bb368,2023-12-26T01:05:00Z,809b12cea8824cbfd8643214b2e16192,oddsapi/hist_event_markets,1,"{""date"": ""2023-12-26T01:05:00Z"", ""dateFormat"": ""iso"", ""regions"": ""us,us2,eu""}"
a9e4c2083ea50656d7d3adeda986d92e3b7c308732d5eb9a0a6eecec4ca6f2fd,2025-11-17T01:15:00Z,80d04ba917883a6438580ebae9fb0f22,oddsapi/hist_event_markets,1,"{""date"": ""2025-11-17T01:15:00Z"", ""dateFormat"": ""iso"", ""regions"": ""us,us2,eu""}"
05a0772ce341e4cdc19d61ed96fd1b703ce19a091d6a34e455ab2c7e1991d269,2025-11-18T01:05:00Z,80d04ba917883a6438580ebae9fb0f22,oddsapi/hist_event_markets,1,"{""date"": ""2025-11-18T01:05:00Z"", ""dateFormat"": ""iso"", ""regions"": ""us,us2,eu""}"
7b83bcb97023bebc42f06bbb7aaac704a2b248b358f8d7646d176df368852cc3,2025-12-13T18:00:00Z,813dab51d999b87c7968ac4890965f73,oddsapi/hist_event_markets,1,"{""date"": ""2025-12-13T18:00:00Z"", ""dateFormat"": ""iso"", ""regions"": ""us,us2,eu""}"
a127298f0097c493233083630c638023d026f0a0fd341d3d0aca087e28dab2be,2025-12-14T17:50:00Z,813dab51d999b87c7968ac4890965f73,oddsapi/hist_event_markets,1,"{""date"": ""2025-12-14T17:50:00Z"", ""dateFormat"": ""iso"", ""regions"": ""us,us2,eu""}"
f093414c3966a70e257689f1408725be9c264a59400356bee8e3bae0ea43bf69,2024-11-27T17:30:00Z,818a0f592da4fc2dea2a8caa3170bd6f,oddsapi/hist_event_markets,1,"{""date"": ""2024-11-27T17:30:00Z"", ""dateFormat"": ""iso"", ""regions"": ""us,us2,eu""}"
a4062314888b2589eaf592650c612b886926ca14df782119f27d8dd8cff784bf,2024-11-28T17:20:00Z,818a0f592da4fc2dea2a8caa3170bd6f,oddsapi/hist_event_markets,1,"{""date"": ""2024-11-28T17:20:00Z"", ""dateFormat"": ""iso"", ""regions"": ""us,us2,eu""}"
da09856c216cf7176d3fc652b2c0b9f8a826b315912fde7f4184dcc6532dd729,2023-10-16T00:15:00Z,818b323e8a88e6a5701ea3f725f51d3c,oddsapi/hist_event_markets,1,"{""date"": ""2023-10-16T00:15:00Z"", ""dateFormat"": ""iso"", ""regions"": ""us,us2,eu""}"
d6deb64ea13146f3a2eea684f5958cca00bb2332936bcc543904aeac92ba08a9,2023-10-17T00:05:00Z,818b323e8a88e6a5701ea3f725f51d3c,oddsapi/hist_event_markets,1,"{""date"": ""2023-10-17T00:05:00Z"", ""dateFormat"": ""iso"", ""regions"": ""us,us2,eu""}"
849ec2a4a28c98e5321a9d4130f934ba0f38b05110597c5a4f03b91b9cd62aff,2024-11-18T01:15:00Z,81c2170ca58c6a837e5c0f1528e8513c,oddsapi/hist_event_markets,1,"{""date"": ""2024-11-18T01:15:00Z"", ""dateFormat"": ""iso"", ""regions"": ""us,us2,eu""}"
36768accd145281dd53a4c456be22af66c66b97800aedd835d0dd66f1dc4d151,2024-11-19T01:05:00Z,81c2170ca58c6a837e5c0f1528e8513c,oddsapi/hist_event_markets,1,"{""date"": ""2024-11-19T01:05:00Z"", ""dateFormat"": ""iso"", ""regions"": ""us,us2,eu""}"
a5d59d754ce4e09d75b95c8c71093f6e91b042b3571eae07e902864e339c036b,2024-09-21T17:00:00Z,81cee90c26bf0ec45c3bc946b8143e19,oddsapi/hist_event_markets,1,"{""date"": ""2024-09-21T17:00:00Z"", ""dateFormat"": ""iso"", ""regions"": ""us,us2,eu""}"
b914d604d08595cc7098034edc7dcc938fe1dac5d6761df44a0f98f754c4dc64,2024-09-22T16:50:00Z,81cee90c26bf0ec45c3bc946b8143e19,oddsapi/hist_event_markets,1,"{""date"": ""2024-09-22T16:50:00Z"", ""dateFormat"": ""iso"", ""regions"": ""us,us2,eu""}"
9c4e406b1e64dd4a492bb0d52ce01c5ce1d93f8ebb6153c5500df7d518671ef9,2025-12-04T01:15:00Z,81db991c5b34169eeeff8d734d8836d9,oddsapi/hist_event_markets,1,"{""date"": ""2025-12-04T01:15:00Z"", ""dateFormat"": ""iso"", ""regions"": ""us,us2,eu""}"
dffa66603d84e9680871c191b61a75e1114c02ae2ce4b5900b0683b46743d036,2025-12-05T01:05:00Z,81db991c5b34169eeeff8d734d8836d9,oddsapi/hist_event_markets,1,"{""date"": ""2025-12-05T01:05:00Z"", ""dateFormat"": ""iso"", ""regions"": ""us,us2,eu""}"
02f9f7824591bcac438661a913bae8b95f82775fad78f97035a774ced42c71a0,2024-10-12T20:05:00Z,81df9672b5e68bc84e98641d5de2505b,oddsapi/hist_event_markets,1,"{""date"": ""2024-10-12T20:05:00Z"", ""dateFormat"": ""iso"", ""regions"": ""us,us2,eu""}"
1db700f6fe0974d40e01dbb31d6917b7bd5ca882ce239e197cdbe4ff4cdb8325,2024-10-13T19:55:00Z,81df9672b5e68bc84e98641d5de2505b,oddsapi/hist_event_markets,1,"{""date"": ""2024-10-13T19:55:00Z"", ""dateFormat"": ""iso"", ""regions"": ""us,us2,eu""}"
3c016dae09f0b7e7012e3d7c9b7823e1b22204c29f16e626826044e469d6ef58,2024-02-10T23:30:00Z,821066e2d2f7a99b660ffc6aec1cb85f,oddsapi/hist_event_markets,1,"{""date"": ""2024-02-10T23:30:00Z"", ""dateFormat"": ""iso"", ""regions"": ""us,us2,eu""}"
585ba47ee5bb306893b31066c05d35c19b16b8cf76df2d234f0ca90f384b8df5,2024-02-11T23:20:00Z,821066e2d2f7a99b660ffc6aec1cb85f,oddsapi/hist_event_markets,1,"{""date"": ""2024-02-11T23:20:00Z"", ""dateFormat"": ""iso"", ""regions"": ""us,us2,eu""}"
bf2726db21c9df1b59406958e9fedba50ec9db589231a693cf5ed1cfbdfb9f9c,2024-09-28T17:00:00Z,82483a4f1a2ae000d00778810d85d13c,oddsapi/hist_event_markets,1,"{""date"": ""2024-09-28T17:00:00Z"", ""dateFormat"": ""iso"", ""regions"": ""us,us2,eu""}"
0c5dd474d49ede33beedf8dd615ab573bf2c36d6a4f2563f3e7822d6e2465b67,2024-09-29T16:50:00Z,82483a4f1a2ae000d00778810d85d13c,oddsapi/hist_event_markets,1,"{""date"": ""2024-09-29T16:50:00Z"", ""dateFormat"": ""iso"", ""regions"": ""us,us2,eu""}"
332eb62014825f8bba3b0e442f026eb9a9dc749d4e900484f787971b7b779ca3,2023-09-25T00:15:00Z,8251607b68015d2972e7f4b773149cb2,oddsapi/hist_event_markets,1,"{""date"": ""2023-09-25T00:15:00Z"", ""dateFormat"": ""iso"", ""regions"": ""us,us2,eu""}"
e8f913bf2cc376c7208d0ec92a6f36d0c8bf6d9d5d016894db0428da4492ad1d,2023-09-26T00:05:00Z,8251607b68015d2972e7f4b773149cb2,oddsapi/hist_event_markets,1,"{""date"": ""2023-09-26T00:05:00Z"", ""dateFormat"": ""iso"", ""regions"": ""us,us2,eu""}"
f5c1ae2678b87f900e12fab8e49ed9365257846e15042d44f7942a8f343ea475,2025-12-13T18:00:00Z,8261541e6b9b32537bd0821ef2c0a05d,oddsapi/hist_event_markets,1,"{""date"": ""2025-12-13T18:00:00Z"", ""dateFormat"": ""iso"", ""regions"": ""us,us2,eu""}"
87ad0bd78504e1512320dc6535d2196d4436a10211d39dfc02fca88c29e2de6f,2025-12-14T17:50:00Z,8261541e6b9b32537bd0821ef2c0a05d,oddsapi/hist_event_markets,1,"{""date"": ""2025-12-14T17:50:00Z"", ""dateFormat"": ""iso"", ""regions"": ""us,us2,eu""}"
18e40b353ba41ce8cfa748a37c18542d4c23b842c13620066a836b6c693fd212,2024-12-28T01:15:00Z,8297b863d5f355bd3127adf93cf196a7,oddsapi/hist_event_markets,1,"{""date"": ""2024-12-28T01:15:00Z"", ""dateFormat"": ""iso"", ""regions"": ""us,us2,eu""}"
322106216cec9ed4110700c8ad8a3aab54a4e2a60a1c4bdfaa92cfe2fd2d0a63,2024-12-29T01:05:00Z,8297b863d5f355bd3127adf93cf196a7,oddsapi/hist_event_markets,1,"{""date"": ""2024-12-29T01:05:00Z"", ""dateFormat"": ""iso"", ""regions"": ""us,us2,eu""}"
123a8ab45cca22003c0a10b41e07b29bace92a895ed17c55809f417524d7ace4,2025-10-12T00:20:00Z,82e432d5d8bc0b5a6cbe0c324de90de3,oddsapi/hist_event_markets,1,"{""date"": ""2025-10-12T00:20:00Z"", ""dateFormat"": ""iso"", ""regions"": ""us,us2,eu""}"
7ad0f53980a7e724d46005d96931f0d4739238db57c6dcc916f72414c28d0680,2025-10-13T00:10:00Z,82e432d5d8bc0b5a6cbe0c324de90de3,oddsapi/hist_event_markets,1,"{""date"": ""2025-10-13T00:10:00Z"", ""dateFormat"": ""iso"", ""regions"": ""us,us2,eu""}"
24a95b64dbebe1be64495c11b94d38eefbe4ef2da58901e6106d81fc0d5b3e4e,2025-09-13T17:00:00Z,82f9fd7001598d5cf9c1bdd57c66cae4,oddsapi/hist_event_markets,1,"{""date"": ""2025-09-13T17:00:00Z"", ""dateFormat"": ""iso"", ""regions"": ""us,us2,eu""}"
4de09fdeb3f852b89d219af3a5480c3c113c443a5c1119aa9acfb18ff6894520,2025-09-14T16:50:00Z,82f9fd7001598d5cf9c1bdd57c66cae4,oddsapi/hist_event_markets,1,"{""date"": ""2025-09-14T16:50:00Z"", ""dateFormat"": ""iso"", ""regions"": ""us,us2,eu""}"
0aa47380a6819b7d98619ff10a61ba09bb33afea5d2812202442d72d150fd4db,2025-12-26T21:30:00Z,832c36c4b6d5132e88cf11391797c194,oddsapi/hist_event_markets,1,"{""date"": ""2025-12-26T21:30:00Z"", ""dateFormat"": ""iso"", ""regions"": ""us,us2,eu""}"
262fe4ed610aca82392e710d95ab65e29b07f0535f395ba40dfccc329b683698,2025-12-27T21:20:00Z,832c36c4b6d5132e88cf11391797c194,oddsapi/hist_event_markets,1,"{""date"": ""2025-12-27T21:20:00Z"", ""dateFormat"": ""iso"", ""regions"": ""us,us2,eu""}"
7592e32e57460b313aaf8261cc409a28504fa10f3b42f44a528812d82ffc065c,2023-10-07T17:00:00Z,83400c65dd84cef26b7911a49fe909f5,oddsapi/hist_event_markets,1,"{""date"": ""2023-10-07T17:00:00Z"", ""dateFormat"": ""iso"", ""regions"": ""us,us2,eu""}"
e17509e7bcd5111b967c9c1256347846c87e8c5903c6c6f911efc27b65af9df0,2023-10-08T16:50:00Z,83400c65dd84cef26b7911a49fe909f5,oddsapi/hist_event_markets,1,"{""date"": ""2023-10-08T16:50:00Z"", ""dateFormat"": ""iso"", ""regions"": ""us,us2,eu""}"
462a232161b8e7fa1adf40ceba745c676bc9495af429a111514590b19c78ef9c,2025-11-08T18:00:00Z,844b89333f293f055f8e0c147fb9fec5,oddsapi/hist_event_markets,1,"{""date"": ""2025-11-08T18:00:00Z"", ""dateFormat"": ""iso"", ""regions"": ""us,us2,eu""}"
67054a450b07c80ebc3aaade6bc5c1c0bc8c7bacd7ee84da0faafb1a09371255,2025-11-09T17:50:00Z,844b89333f293f055f8e0c147fb9fec5,oddsapi/hist_event_markets,1,"{""date"": ""2025-11-09T17:50:00Z"", ""dateFormat"": ""iso"", ""regions"": ""us,us2,eu""}"
125e9006613e0eaf376275ab403e62d86e7f6104a1e18b017b78fa2b46dd074d,2024-11-02T21:25:00Z,84d2187ad0c2a42b32879d3bcbaee8dd,oddsapi/hist_event_markets,1,"{""date"": ""2024-11-02T21:25:00Z"", ""dateFormat"": ""iso"", ""regions"": ""us,us2,eu""}"
527e361647360cbf818c0d5078a54a93d9bcd3528b4492e8d29c1844a51aa1a9,2024-11-03T21:15:00Z,84d2187ad0c2a42b32879d3bcbaee8dd,oddsapi/hist_event_markets,1,"{""date"": ""2024-11-03T21:15:00Z"", ""dateFormat"": ""iso"", ""regions"": ""us,us2,eu""}"
aff07690ece538ae1400682429fec31da629f623717c634c1702f9d7656addfe,2024-11-09T18:00:00Z,853cc3b59ffe65a55a55d799789bc726,oddsapi/hist_event_markets,1,"{""date"": ""2024-11-09T18:00:00Z"", ""dateFormat"": ""iso"", ""regions"": ""us,us2,eu""}"
02d7e1d4f4ec9ec0d7ebfcc1b151c290ac06b4e7430890124b203ef62f9d56eb,2024-11-10T17:50:00Z,853cc3b59ffe65a55a55d799789bc726,oddsapi/hist_event_markets,1,"{""date"": ""2024-11-10T17:50:00Z"", ""dateFormat"": ""iso"", ""regions"": ""us,us2,eu""}"
9ee1a03f9f56f8634c12b34e3bf531d80be13ab0bd17a1a3a8343ae7c62a8b6b,2023-12-28T01:15:00Z,856010af3973ce10b0dd20f7dfc50fb6,oddsapi/hist_event_markets,1,"{""date"": ""2023-12-28T01:15:00Z"", ""dateFormat"": ""iso"", ""regions"": ""us,us2,eu""}"
a470afa5b1c497608f9607b29050f1ecdfed7251004060f9d85846e827bcb17b,2023-12-29T01:05:00Z,856010af3973ce10b0dd20f7dfc50fb6,oddsapi/hist_event_markets,1,"{""date"": ""2023-12-29T01:05:00Z"", ""dateFormat"": ""iso"", ""regions"": ""us,us2,eu""}"
4f5ad6f27714b1f0d303734d0c3fadb184170cb057114ac2dab2722fb7a0b2dc,2025-12-27T01:00:00Z,85bead6a72a1952cdd737dcecb55446b,oddsapi/hist_event_markets,1,"{""date"": ""2025-12-27T01:00:00Z"", ""dateFormat"": ""iso"", ""regions"": ""us,us2,eu""}"
3fa69acb087882c1505ead241f6139d9679a9b6876ec6cc5d1fedbf5f30d0e02,2025-12-28T00:50:00Z,85bead6a72a1952cdd737dcecb55446b,oddsapi/hist_event_markets,1,"{""date"": ""2025-12-28T00:50:00Z"", ""dateFormat"": ""iso"", ""regions"": ""us,us2,eu""}"
3ee0ebf5a3def1eb4b1fdb99ee64c2c7a133a1a7833d8e69ce173f70ed752f7c,2025-09-27T17:00:00Z,85c9b76cd6bd575b611cb4e8feb7a0b0,oddsapi/hist_event_markets,1,"{""date"": ""2025-09-27T17:00:00Z"", ""dateFormat"": ""iso"", ""regions"": ""us,us2,eu""}"
6eba90adcbaef6bfbd9dfd07333c2370fd21b2173bc992e1b136b29b7a0575b6,2025-09-28T16:50:00Z,85c9b76cd6bd575b611cb4e8feb7a0b0,oddsapi/hist_event_markets,1,"{""date"": ""2025-09-28T16:50:00Z"", ""dateFormat"": ""iso"", ""regions"": ""us,us2,eu""}"
432094a01c7c3c98012ee2f8bbe3e0d5c34d7d44b3ce8fc6dda40e28f82dbab7,2024-10-28T00:15:00Z,86278ec4bbdcadd945d79df6c695c2ec,oddsapi/hist_event_markets,1,"{""date"": ""2024-10-28T00:15:00Z"", ""dateFormat"": ""iso"", ""regions"": ""us,us2,eu""}"
f98107d09b6b2b72f8e6205ef5e0f1178e1c16877c8da8fd2e657e29abdea284,2024-10-29T00:05:00Z,86278ec4bbdcadd945d79df6c695c2ec,oddsapi/hist_event_markets,1,"{""date"": ""2024-10-29T00:05:00Z"", ""dateFormat"": ""iso"", ""regions"": ""us,us2,eu""}"
6aff99511da364555acc18884f86af5aba79f4cff40da928d555c41aecb7e212,2025-09-13T17:00:00Z,866d7405986fb4d14897cdb6c0aa5926,oddsapi/hist_event_markets,1,"{""date"": ""2025-09-13T17:00:00Z"", ""dateFormat"": ""iso"", ""regions"": ""us,us2,eu""}"
3c8b6e95b830a0397450b4ac8c3280865732277a09d5f8bca27165327ac3c7e3,2025-09-14T16:50:00Z,866d7405986fb4d14897cdb6c0aa5926,oddsapi/hist_event_markets,1,"{""date"": ""2025-09-14T16:50:00Z"", ""dateFormat"": ""iso"", ""regions"": ""us,us2,eu""}"
efc0e126fcf97b8f4f7b8a8ae7270fe80e8f1aded361f1aca6904ac0252e356d,2023-09-11T00:15:00Z,87ca05f061855f8497a3a81d9942b5d1,oddsapi/hist_event_markets,1,"{""date"": ""2023-09-11T00:15:00Z"", ""dateFormat"": ""iso"", ""regions"": ""us,us2,eu""}"
24d4af2c9305d736d83068021339899e3ff2754a719d5e68ac361103f08516c1,2023-09-12T00:05:00Z,87ca05f061855f8497a3a81d9942b5d1,oddsapi/hist_event_markets,1,"{""date"": ""2023-09-12T00:05:00Z"", ""dateFormat"": ""iso"", ""regions"": ""us,us2,eu""}"
9c278feb2775dc3363d23a8c27d73cfb84f13809b8d56e17061073a277af5dcf,2024-12-21T21:05:00Z,87ed34522672eabe6cb5b85c34c4e8ce,oddsapi/hist_event_markets,1,"{""date"": ""2024-12-21T21:05:00Z"", ""dateFormat"": ""iso"", ""regions"": ""us,us2,eu""}"
e03c8e3ec5e78d6c3161ad9ba4b989bb9b615c24ca83af53e416a40523d6007d,2024-12-22T20:55:00Z,87ed34522672eabe6cb5b85c34c4e8ce,oddsapi/hist_event_markets,1,"{""date"": ""2024-12-22T20:55:00Z"", ""dateFormat"": ""iso"", ""regions"": ""us,us2,eu""}"
89ae2cb00fb1140b7800466335f1c8d53c2ccc0847aa302e6728fede62990f9d,2025-10-25T20:25:00Z,88187a33b007c088d75c6cd14c83086c,oddsapi/hist_event_markets,1,"{""date"": ""2025-10-25T20:25:00Z"", ""dateFormat"": ""iso"", ""regions"": ""us,us2,eu""}"
cbbc1e6616d7ecbf19807076a211715d0677c6390743fed9c167e598f57055be,2025-10-26T20:15:00Z,88187a33b007c088d75c6cd14c83086c,oddsapi/hist_event_markets,1,"{""date"": ""2025-10-26T20:15:00Z"", ""dateFormat"": ""iso"", ""regions"": ""us,us2,eu""}"
289e6db6f4a022a0d09f217374b5b6d2da4239eba5fb65cbc8951afdbfeec7ae,2025-11-27T01:20:00Z,883a79a306b312fad75ebf04b441b4da,oddsapi/hist_event_markets,1,"{""date"": ""2025-11-27T01:20:00Z"", ""dateFormat"": ""iso"", ""regions"": ""us,us2,eu""}"
7ab50c13acec3fc1a6b7f33d5fba2e133e04e40f10ce385d7261040a3e80c900,2025-11-28T01:10:00Z,883a79a306b312fad75ebf04b441b4da,oddsapi/hist_event_markets,1,"{""date"": ""2025-11-28T01:10:00Z"", ""dateFormat"": ""iso"", ""regions"": ""us,us2,eu""}"
c3b66bfd23db0cfc4f59c9841d57ba97d79a86bc2568727b97805e5bf0534956,2025-02-08T23:30:00Z,885a39a6a793bebb4b8b6533d69a505b,oddsapi/hist_event_markets,1,"{""date"": ""2025-02-08T23:30:00Z"", ""dateFormat"": ""iso"", ""regions"": ""us,us2,eu""}"
798faba3104323d71857f96b46628e160fd880ec268f9d1c1577bd34683497a9,2025-02-09T23:20:00Z,885a39a6a793bebb4b8b6533d69a505b,oddsapi/hist_event_markets,1,"{""date"": ""2025-02-09T23:20:00Z"", ""dateFormat"": ""iso"", ""regions"": ""us,us2,eu""}"
a36acfa029e5b6a452cd73986664562b6c183b11322fee03099aa97b5a27f240,2024-11-25T01:15:00Z,887b10368f0b3f33a8c47e955736da89,oddsapi/hist_event_markets,1,"{""date"": ""2024-11-25T01:15:00Z"", ""dateFormat"": ""iso"", ""regions"": ""us,us2,eu""}"
a129f2bc3e4e70fa161b390ab694f20ebd1c5246c2b8d284716ce5323e356f63,2024-11-26T01:05:00Z,887b10368f0b3f33a8c47e955736da89,oddsapi/hist_event_markets,1,"{""date"": ""2024-11-26T01:05:00Z"", ""dateFormat"": ""iso"", ""regions"": ""us,us2,eu""}"
b71eb846029554338086ea2bfdce85a56aca3c3e60f5bfc93d73ad02e802b333,2024-01-15T21:20:00Z,88c29162853b9f40edcd339da8771fa9,oddsapi/hist_event_markets,1,"{""date"": ""2024-01-15T21:20:00Z"", ""dateFormat"": ""iso"", ""regions"": ""us,us2,eu""}"
b7e3bd0cb27360fb07df20c24335fc6f235483a200ff63139cfba57927d4b885,2025-09-27T17:00:00Z,894976986c24d52cf1d45f0e6bb0e90c,oddsapi/hist_event_markets,1,"{""date"": ""2025-09-27T17:00:00Z"", ""dateFormat"": ""iso"", ""regions"": ""us,us2,eu""}"
fd243ab24b774ee5feae95d1e16b003c645e9bbf900c695f50bc272734e1997f,2025-09-28T16:50:00Z,894976986c24d52cf1d45f0e6bb0e90c,oddsapi/hist_event_markets,1,"{""date"": ""2025-09-28T16:50:00Z"", ""dateFormat"": ""iso"", ""regions"": ""us,us2,eu""}"
7aad5f451e01c7e541029553f5fa39129eff299682d5d9be0c9d488bf2235452,2023-12-16T18:00:00Z,89a76d31332effa87075701f164a8e0a,oddsapi/hist_event_markets,1,"{""date"": ""2023-12-16T18:00:00Z"", ""dateFormat"": ""iso"", ""regions"": ""us,us2,eu""}"
a875b6e1746ea6fafa0cfbd7448728035f316b10d2ac18edf6290782648e2d49,2023-12-17T17:50:00Z,89a76d31332effa87075701f164a8e0a,oddsapi/hist_event_markets,1,"{""date"": ""2023-12-17T17:50:00Z"", ""dateFormat"": ""iso"", ""regions"": ""us,us2,eu""}"
365c2c0a4f8f548d99956bc32b2b7fdc0c031e0cfb0b438e9092786ab6a7b2df,2023-12-17T01:20:00Z,89e5efd7cfa4a336f328dc372458c1aa,oddsapi/hist_event_markets,1,"{""date"": ""2023-12-17T01:20:00Z"", ""dateFormat"": ""iso"", ""regions"": ""us,us2,eu""}"
5927f4eadfa2952807e7196d19e0e7e4ee24db58ff6dc29ba0c33b40a5aa47e7,2023-12-18T01:10:00Z,89e5efd7cfa4a336f328dc372458c1aa,oddsapi/hist_event_markets,1,"{""date"": ""2023-12-18T01:10:00Z"", ""dateFormat"": ""iso"", ""regions"": ""us,us2,eu""}"
f6a417124edc358346025678cd7e47c15035860e1c49242f3874e480aaf80613,2024-11-07T01:15:00Z,89f860b80a0c5b61375d4aa49d9ec853,oddsapi/hist_event_markets,1,"{""date"": ""2024-11-07T01:15:00Z"", ""dateFormat"": ""iso"", ""regions"": ""us,us2,eu""}"
6dfb9b1406e40f2d0958faef2c2ffd5fdc3e073d1288ad12390d1ac602387d8e,2024-11-08T01:05:00Z,89f860b80a0c5b61375d4aa49d9ec853,oddsapi/hist_event_markets,1,"{""date"": ""2024-11-08T01:05:00Z"", ""dateFormat"": ""iso"", ""regions"": ""us,us2,eu""}"
2e63f46d5baf97d634e9e8e4e406d2924c8fede5d820446d14aa735c7b6ac4cd,2023-12-16T18:00:00Z,8aea6316338b72fd46c714d6eb8fb3e7,oddsapi/hist_event_markets,1,"{""date"": ""2023-12-16T18:00:00Z"", ""dateFormat"": ""iso"", ""regions"": ""us,us2,eu""}"
e46fdeaf840032699e840eb86d43163d73667b25c0b14bddeaed575a8510b029,2023-12-17T17:50:00Z,8aea6316338b72fd46c714d6eb8fb3e7,oddsapi/hist_event_markets,1,"{""date"": ""2023-12-17T17:50:00Z"", ""dateFormat"": ""iso"", ""regions"": ""us,us2,eu""}"
98e9ce60f061386cc60238d42053ab972d41a0c3155d7bfb332754cd9588d1ff,2025-11-22T18:00:00Z,8b39d8dc550ced94f9faa91878ebf6b6,oddsapi/hist_event_markets,1,"{""date"": ""2025-11-22T18:00:00Z"", ""dateFormat"": ""iso"", ""regions"": ""us,us2,eu""}"
e0105403dbf6dbdc9cbb96be0ed86b672d49ced0a3d09a46829576b6f55b9a1c,2025-11-23T17:50:00Z,8b39d8dc550ced94f9faa91878ebf6b6,oddsapi/hist_event_markets,1,"{""date"": ""2025-11-23T17:50:00Z"", ""dateFormat"": ""iso"", ""regions"": ""us,us2,eu""}"
6055fb11f71a1b01015328562aba5c13b794f23b6456b04108c2b09de002d397,2023-10-30T00:15:00Z,8b59fe43939a2e45652c93373a06fa05,oddsapi/hist_event_markets,1,"{""date"": ""2023-10-30T00:15:00Z"", ""dateFormat"": ""iso"", ""regions"": ""us,us2,eu""}"
e91f798c8d2982deeb96e521969cc729fd54fa89492f9056ec66e2e88df2cd02,2023-10-31T00:05:00Z,8b59fe43939a2e45652c93373a06fa05,oddsapi/hist_event_markets,1,"{""date"": ""2023-10-31T00:05:00Z"", ""dateFormat"": ""iso"", ""regions"": ""us,us2,eu""}"
216b4ff386449ee102d80cb37a31198dcd4750651eb619072068f864e3b892b5,2023-10-07T20:25:00Z,8b607ae76ab2f647be17e7553ff57533,oddsapi/hist_event_markets,1,"{""date"": ""2023-10-07T20:25:00Z"", ""dateFormat"": ""iso"", ""regions"": ""us,us2,eu""}"
c4660e5aa66c8e277b47b2fb2c74b40fc00c60b71d2a7d32e61ebe25277753d7,2023-10-08T20:15:00Z,8b607ae76ab2f647be17e7553ff57533,oddsapi/hist_event_markets,1,"{""date"": ""2023-10-08T20:15:00Z"", ""dateFormat"": ""iso"", ""regions"": ""us,us2,eu""}"
a0a48a859d4e9c48987c52536089000052a923a69c5adb57d1775679fd27064d,2024-09-21T17:00:00Z,8b6897f314b84276526a4ba371d67e20,oddsapi/hist_event_markets,1,"{""date"": ""2024-09-21T17:00:00Z"", ""dateFormat"": ""iso"", ""regions"": ""us,us2,eu""}"
84d4bb43505431d1a81755c48bc98b3a9d0cacf86c84628701520ed74d654088,2024-09-22T16:50:00Z,8b6897f314b84276526a4ba371d67e20,oddsapi/hist_event_markets,1,"{""date"": ""2024-09-22T16:50:00Z"", ""dateFormat"": ""iso"", ""regions"": ""us,us2,eu""}"
7efa384491961f7dd1937b6f6ea3783287c481b29970e0977d0188c64cfc855d,2024-11-30T18:00:00Z,8b7a76ee61f07cddbb60fc1e079bfeed,oddsapi/hist_event_markets,1,"{""date"": ""2024-11-30T18:00:00Z"", ""dateFormat"": ""iso"", ""regions"": ""us,us2,eu""}"
4a1486bef5a9acba95b0def988b01f3620d64b08bd95d943c7ace90c47ef2d7d,2024-12-01T17:50:00Z,8b7a76ee61f07cddbb60fc1e079bfeed,oddsapi/hist_event_markets,1,"{""date"": ""2024-12-01T17:50:00Z"", ""dateFormat"": ""iso"", ""regions"": ""us,us2,eu""}"
a74675719ef49b0b7b4dcf0ea4d432d37ab32e084f66009f1bb5ccb69190bc07,2024-11-02T21:25:00Z,8baadfa082af81fe72b1cfd941d96edf,oddsapi/hist_event_markets,1,"{""date"": ""2024-11-02T21:25:00Z"", ""dateFormat"": ""iso"", ""regions"": ""us,us2,eu""}"
dbf2209d54f18137f4723b489893307c3fa4a6fff0300576de843437f9e8d7ed,2024-11-03T21:15:00Z,8baadfa082af81fe72b1cfd941d96edf,oddsapi/hist_event_markets,1,"{""date"": ""2024-11-03T21:15:00Z"", ""dateFormat"": ""iso"", ""regions"": ""us,us2,eu""}"
9ba1ceb6781bb512711971c5a38407b887bf10e824acbf0ae388b70b38a1a87b,2024-10-12T17:00:00Z,8bd202ca7bacf3396a1b774f12de0fab,oddsapi/hist_event_markets,1,"{""date"": ""2024-10-12T17:00:00Z"", ""dateFormat"": ""iso"", ""regions"": ""us,us2,eu""}"
12f3e4b401ba059facd58627f610846767f41492ec04ca303d796a09daad0d13,2024-10-13T16:50:00Z,8bd202ca7bacf3396a1b774f12de0fab,oddsapi/hist_event_markets,1,"{""date"": ""2024-10-13T16:50:00Z"", ""dateFormat"": ""iso"", ""regions"": ""us,us2,eu""}"
45618e98f700166c8a9084c1f0b5dec92392ce0768268fc82dcd7260da823968,2024-09-07T17:00:00Z,8c0e75b0a4ea07212e741acf25ad96b6,oddsapi/hist_event_markets,1,"{""date"": ""2024-09-07T17:00:00Z"", ""dateFormat"": ""iso"", ""regions"": ""us,us2,eu""}"
292be5afbcc54229d95ddcede16ca2f587755d54cdce6a8e62842544731ed414,2024-09-08T16:50:00Z,8c0e75b0a4ea07212e741acf25ad96b6,oddsapi/hist_event_markets,1,"{""date"": ""2024-09-08T16:50:00Z"", ""dateFormat"": ""iso"", ""regions"": ""us,us2,eu""}"
39c7b0156b052efd3b9cae6c75c883e92f0bfa69690b715c6beef4e21293d611,2025-11-22T21:25:00Z,8c2d6a56aa63f42227f18a18fc3d2146,oddsapi/hist_event_markets,1,"{""date"": ""2025-11-22T21:25:00Z"", ""dateFormat"": ""iso"", ""regions"": ""us,us2,eu""}"
55b71070b91dabbe6a11f42127d814c4901308404b4910101cc200a3cb1e8e5a,2025-11-23T21:15:00Z,8c2d6a56aa63f42227f18a18fc3d2146,oddsapi/hist_event_markets,1,"{""date"": ""2025-11-23T21:15:00Z"", ""dateFormat"": ""iso"", ""regions"": ""us,us2,eu""}"
78ada9edc822a3942c55e2c4d1c5580cb1b114437a02ff34c359c995bd8e6556,2024-12-07T21:05:00Z,8c7efb50e0c8c9be94e7b969c58da045,oddsapi/hist_event_markets,1,"{""date"": ""2024-12-07T21:05:00Z"", ""dateFormat"": ""iso"", ""regions"": ""us,us2,eu""}"
a161ccdc250b4b3716ff42ee94cfae961789263c0c369519de8705e0e1c0ced6,2024-12-08T20:55:00Z,8c7efb50e0c8c9be94e7b969c58da045,oddsapi/hist_event_markets,1,"{""date"": ""2024-12-08T20:55:00Z"", ""dateFormat"": ""iso"", ""regions"": ""us,us2,eu""}"
f6cf04958a62666d743ab13562826c8be8c0e25ef4a5a8c85665306f2476fef9,2023-09-16T20:25:00Z,8d0feb26abd99c7136450e434ba91173,oddsapi/hist_event_markets,1,"{""date"": ""2023-09-16T20:25:00Z"", ""dateFormat"": ""iso"", ""regions"": ""us,us2,eu""}"
36818ff66b294ba4dea569f2a51038fe6d4af980175fd41fb2048a1f41307776,2023-09-17T20:15:00Z,8d0feb26abd99c7136450e434ba91173,oddsapi/hist_event_markets,1,"{""date"": ""2023-09-17T20:15:00Z"", ""dateFormat"": ""iso"", ""regions"": ""us,us2,eu""}"
83b41dc6b027cde6e1876726367f95e1570a86e5e0c9bf6501487e8b229435b7,2025-09-29T00:15:00Z,8dcb2a6bf542ccb7e6bc58f83c8fc2ac,oddsapi/hist_event_markets,1,"{""date"": ""2025-09-29T00:15:00Z"", ""dateFormat"": ""iso"", ""regions"": ""us,us2,eu""}"
a5d859a3011cdb986da56f3491920187905fcb548b7bb5b76a9bebcba630a19e,2025-09-30T00:05:00Z,8dcb2a6bf542ccb7e6bc58f83c8fc2ac,oddsapi/hist_event_markets,1,"{""date"": ""2025-09-30T00:05:00Z"", ""dateFormat"": ""iso"", ""regions"": ""us,us2,eu""}"
948178d2921f5dfbf6a30ca002b21f8d01c44a7cb8bec42f2b26f1819cbcdf3f,2023-11-18T21:05:00Z,8dcb7c89abe06e78be444bc54284ad95,oddsapi/hist_event_markets,1,"{""date"": ""2023-11-18T21:05:00Z"", ""dateFormat"": ""iso"", ""regions"": ""us,us2,eu""}"
50f3554b517ea5704a0da7f8a9f59c24901836a6f4c6168aa1dcdce1f1550b21,2023-11-19T20:55:00Z,8dcb7c89abe06e78be444bc54284ad95,oddsapi/hist_event_markets,1,"{""date"": ""2023-11-19T20:55:00Z"", ""dateFormat"": ""iso"", ""regions"": ""us,us2,eu""}"
449c3861b0c914cf42ce88e84528ddca9c280ea7e154d9b36aaf6a129e203bdf,2024-09-23T00:15:00Z,8e047915fdc9b7dc77d2276e740f55d2,oddsapi/hist_event_markets,1,"{""date"": ""2024-09-23T00:15:00Z"", ""dateFormat"": ""iso"", ""regions"": ""us,us2,eu""}"
77e4378567b20f462af0b8ca24703516d07099c9c2bea97c92db527a7ff6c9e2,2024-09-24T00:05:00Z,8e047915fdc9b7dc77d2276e740f55d2,oddsapi/hist_event_markets,1,"{""date"": ""2024-09-24T00:05:00Z"", ""dateFormat"": ""iso"", ""regions"": ""us,us2,eu""}"
0cf961bb933e0c2f9502d5d9b3bbbb40d261295388860cb104c83af09136564b,2025-09-06T20:25:00Z,8e0e2d9237098222f9ca7554b11b12bb,oddsapi/hist_event_markets,1,"{""date"": ""2025-09-06T20:25:00Z"", ""dateFormat"": ""iso"", ""regions"": ""us,us2,eu""}"
c2604f68c254c304c1d6442f10796e4d714aec8cb0177ed7a3d998011dfe8947,2025-09-07T20:15:00Z,8e0e2d9237098222f9ca7554b11b12bb,oddsapi/hist_event_markets,1,"{""date"": ""2025-09-07T20:15:00Z"", ""dateFormat"": ""iso"", ""regions"": ""us,us2,eu""}"
e66463a89512697cb2767e23f8cca47d9a29627ba43bb04977c67c610489e8ea,2025-01-17T21:30:00Z,8e69ba9c62b475e7c9dda2260f7e5a87,oddsapi/hist_event_markets,1,"{""date"": ""2025-01-17T21:30:00Z"", ""dateFormat"": ""iso"", ""regions"": ""us,us2,eu""}"
70f380d8248555595b4b56ada3166835bd653cc46d88ca803347b7b81785df29,2025-01-18T21:20:00Z,8e69ba9c62b475e7c9dda2260f7e5a87,oddsapi/hist_event_markets,1,"{""date"": ""2025-01-18T21:20:00Z"", ""dateFormat"": ""iso"", ""regions"": ""us,us2,eu""}"
e5675e88f35b8b08c98ea8cfe72e9d55dcf222a1e350adaeac6ee23f7262591b,2025-12-27T18:00:00Z,8e7a26b4026e4eca7394cc523fa10a64,oddsapi/hist_event_markets,1,"{""date"": ""2025-12-27T18:00:00Z"", ""dateFormat"": ""iso"", ""regions"": ""us,us2,eu""}"
9ad6dc591971aae4c28e2859a9e8342110d8c3f34fbb8918e95a9a198c214ee5,2025-12-28T17:50:00Z,8e7a26b4026e4eca7394cc523fa10a64,oddsapi/hist_event_markets,1,"{""date"": ""2025-12-28T17:50:00Z"", ""dateFormat"": ""iso"", ""regions"": ""us,us2,eu""}"
17ccbd94ad91c4ba1a3da06b662d5f7fd0b7598c81408b5d1a39a11fb0c3c651,2025-10-18T17:00:00Z,8f06a4b503cc7309cb0df4a8b67f9930,oddsapi/hist_event_markets,1,"{""date"": ""2025-10-18T17:00:00Z"", ""dateFormat"": ""iso"", ""regions"": ""us,us2,eu""}"
2e9b86a197178195fb8cae048d4ff7e2a0d2a2d60613861460512598be0a6bb3,2025-10-19T16:50:00Z,8f06a4b503cc7309cb0df4a8b67f9930,oddsapi/hist_event_markets,1,"{""date"": ""2025-10-19T16:50:00Z"", ""dateFormat"": ""iso"", ""regions"": ""us,us2,eu""}"
13d6567374aff6360ca9f9a554123c0dfa1e59ef75169b1b1f18f93a910e9b95,2024-11-04T01:15:00Z,8f751d18969af50ec341e0b282e5b4d6,oddsapi/hist_event_markets,1,"{""date"": ""2024-11-04T01:15:00Z"", ""dateFormat"": ""iso"", ""regions"": ""us,us2,eu""}"
faab18df1b40123aeaeb31dc286f36735d290945ef8f9f88b23e9e5c3e7e093f,2024-11-05T01:05:00Z,8f751d18969af50ec341e0b282e5b4d6,oddsapi/hist_event_markets,1,"{""date"": ""2024-11-05T01:05:00Z"", ""dateFormat"": ""iso"", ""regions"": ""us,us2,eu""}"
30b7a5efdcb1274afffbaf21598ff0d8c0a45607b433bda01c8a01ffe19ec861,2025-10-04T20:05:00Z,8fa3fd86eaa7b432469d43b84904e1dc,oddsapi/hist_event_markets,1,"{""date"": ""2025-10-04T20:05:00Z"", ""dateFormat"": ""iso"", ""regions"": ""us,us2,eu""}"
ed70cbe78d6302ed90d4a40de91da0ff780a286df1b667a51e4ec4b45e70b595,2025-10-05T19:55:00Z,8fa3fd86eaa7b432469d43b84904e1dc,oddsapi/hist_event_markets,1,"{""date"": ""2025-10-05T19:55:00Z"", ""dateFormat"": ""iso"", ""regions"": ""us,us2,eu""}"
6a2f04ef7eee7cb7e73c40c2b86eb0b49abc7d76c3b7a5ebc6b5ed20f4c7ae46,2023-09-17T00:20:00Z,9003a41d4bd320e1c437ea6dc5a2fec6,oddsapi/hist_event_markets,1,"{""date"": ""2023-09-17T00:20:00Z"", ""dateFormat"": ""iso"", ""regions"": ""us,us2,eu""}"
80d91bbe7591331941e7a7d98ed42aeafd14b99c6844aa3af99dc666f727adea,2023-09-18T00:10:00Z,9003a41d4bd320e1c437ea6dc5a2fec6,oddsapi/hist_event_markets,1,"{""date"": ""2023-09-18T00:10:00Z"", ""dateFormat"": ""iso"", ""regions"": ""us,us2,eu""}"
84e6ebd68d293ba270991d1903c12bcadffc7f79b9d6dde80caa63b878b225be,2024-11-09T14:30:00Z,9016850451d9e4190ec1bd178dac4849,oddsapi/hist_event_markets,1,"{""date"": ""2024-11-09T14:30:00Z"", ""dateFormat"": ""iso"", ""regions"": ""us,us2,eu""}"
6960ff437525798f1f8c12b226b0cd8e0b881d86e239af00baa6dc205f6e1a48,2024-11-10T14:20:00Z,9016850451d9e4190ec1bd178dac4849,oddsapi/hist_event_markets,1,"{""date"": ""2024-11-10T14:20:00Z"", ""dateFormat"": ""iso"", ""regions"": ""us,us2,eu""}"
b55434b62e9bdaa0739aa20dc0c264a29125321f120d27abce3644e1a96ca2f0,2025-11-24T01:15:00Z,90391be251d876bb41d36978a43c7ac2,oddsapi/hist_event_markets,1,"{""date"": ""2025-11-24T01:15:00Z"", ""dateFormat"": ""iso"", ""regions"": ""us,us2,eu""}"
deb5c1618008826ad7d076c0cff058c4e056edabaaf4451f4e1d415a34959038,2025-11-25T01:05:00Z,90391be251d876bb41d36978a43c7ac2,oddsapi/hist_event_markets,1,"{""date"": ""2025-11-25T01:05:00Z"", ""dateFormat"": ""iso"", ""regions"": ""us,us2,eu""}"
ea635e68d20efb5619b66d10ff5722cb5451b8fe37165388061200cb7c6e65df,2025-11-22T18:00:00Z,91019a528f43cd28965fdc68a3f3ef85,oddsapi/hist_event_markets,1,"{""date"": ""2025-11-22T18:00:00Z"", ""dateFormat"": ""iso"", ""regions"": ""us,us2,eu""}"
468d1beb138f4882fadc1994045fa8701c3f5116f5617390ebc4951162cf60f5,2025-11-23T17:50:00Z,91019a528f43cd28965fdc68a3f3ef85,oddsapi/hist_event_markets,1,"{""date"": ""2025-11-23T17:50:00Z"", ""dateFormat"": ""iso"", ""regions"": ""us,us2,eu""}"
0b9b0f427a84921c72c23ea9637de8b0e2875331a25ebb15f94e0bc938cebeef,2026-01-17T01:00:00Z,9161553abe07f4eadf12b071f4f6e3ac,oddsapi/hist_event_markets,1,"{""date"": ""2026-01-17T01:00:00Z"", ""dateFormat"": ""iso"", ""regions"": ""us,us2,eu""}"
d4bbf37c71db81b10fd59c4037831601f440e1cfd26521ec1ef2a0a96e386750,2026-01-18T00:50:00Z,9161553abe07f4eadf12b071f4f6e3ac,oddsapi/hist_event_markets,1,"{""date"": ""2026-01-18T00:50:00Z"", ""dateFormat"": ""iso"", ""regions"": ""us,us2,eu""}"
97f898c6959cb59f0e6aed3d53904b2100f100a826a38f3d74671fa9677eaed0,2025-11-15T21:05:00Z,91630b9c62640117918fa30d2a62d2db,oddsapi/hist_event_markets,1,"{""date"": ""2025-11-15T21:05:00Z"", ""dateFormat"": ""iso"", ""regions"": ""us,us2,eu""}"
f37b430d041ab030f7a79c30d4e4af5c1242f7ec60ce22aa23fff244ce00b097,2025-11-16T20:55:00Z,91630b9c62640117918fa30d2a62d2db,oddsapi/hist_event_markets,1,"{""date"": ""2025-11-16T20:55:00Z"", ""dateFormat"": ""iso"", ""regions"": ""us,us2,eu""}"
efa1e63442f3b40ca249ba5538aacdedb25c2132a1de7bc98bd80aac37291ff1,2024-09-07T17:00:00Z,92665529cce6b8089e793d1e7d5e4b66,oddsapi/hist_event_markets,1,"{""date"": ""2024-09-07T17:00:00Z"", ""dateFormat"": ""iso"", ""regions"": ""us,us2,eu""}"
86af086d1c3daffca3e7467eb7ae3086d8a980096255be2bdcc34f1736382a31,2024-09-08T16:50:00Z,92665529cce6b8089e793d1e7d5e4b66,oddsapi/hist_event_markets,1,"{""date"": ""2024-09-08T16:50:00Z"", ""dateFormat"": ""iso"", ""regions"": ""us,us2,eu""}"
56a33d000fcefcc33ffe0d49b2cc82e753c8082e00bce616963f8efa66918cb2,2024-11-09T18:00:00Z,928f8f873c2bf276d0b2a63a8f8941b4,oddsapi/hist_event_markets,1,"{""date"": ""2024-11-09T18:00:00Z"", ""dateFormat"": ""iso"", ""regions"": ""us,us2,eu""}"
1cde0e27e1b75b2408b63477c292f02b8e0574c24b82a4914de69b0122689f00,2024-11-10T17:50:00Z,928f8f873c2bf276d0b2a63a8f8941b4,oddsapi/hist_event_markets,1,"{""date"": ""2024-11-10T17:50:00Z"", ""dateFormat"": ""iso"", ""regions"": ""us,us2,eu""}"
239c99c1dbac0c641b90200b5ce9ddfd1e503281adb019d461bad6d7be9b824b,2026-01-12T01:00:00Z,932813a3782921beb4f7fecdf247865e,oddsapi/hist_event_markets,1,"{""date"": ""2026-01-12T01:00:00Z"", ""dateFormat"": ""iso"", ""regions"": ""us,us2,eu""}"
1509daa607caf75d066d1e076901f523ae253c991e819e244269cd609529aacc,2026-01-13T00:50:00Z,932813a3782921beb4f7fecdf247865e,oddsapi/hist_event_markets,1,"{""date"": ""2026-01-13T00:50:00Z"", ""dateFormat"": ""iso"", ""regions"": ""us,us2,eu""}"
3145764d2126d20afdc065fbf7313dc8000b697b4aee600d863c2f27562ba429,2025-11-08T21:25:00Z,93365f943b3aa23705bc9e1c7b47d7f8,oddsapi/hist_event_markets,1,"{""date"": ""2025-11-08T21:25:00Z"", ""dateFormat"": ""iso"", ""regions"": ""us,us2,eu""}"
05305facc7a9c516e0e39ede100fe0af81da425c1c725132fcc28f716476f366,2025-11-09T21:15:00Z,93365f943b3aa23705bc9e1c7b47d7f8,oddsapi/hist_event_markets,1,"{""date"": ""2025-11-09T21:15:00Z"", ""dateFormat"": ""iso"", ""regions"": ""us,us2,eu""}"
bb7adb61741bd61ab96c57f19f778e26ddc83a3e46c036a6eba3c72e2ca09d27,2023-09-28T00:15:00Z,934acd8d5f569c955f4a02aa42284fa4,oddsapi/hist_event_markets,1,"{""date"": ""2023-09-28T00:15:00Z"", ""dateFormat"": ""iso"", ""regions"": ""us,us2,eu""}"
681e7574327402b11f2a08f28fd406147e0958620d76db2df30a2646b7b434de,2023-09-29T00:05:00Z,934acd8d5f569c955f4a02aa42284fa4,oddsapi/hist_event_markets,1,"{""date"": ""2023-09-29T00:05:00Z"", ""dateFormat"": ""iso"", ""regions"": ""us,us2,eu""}"
9489888b68a4d35a8c71ce36cef4b008053ec53456a712e43d009403ef390387,2023-10-28T17:00:00Z,93991757289dd5b650742a6e18184271,oddsapi/hist_event_markets,1,"{""date"": ""2023-10-28T17:00:00Z"", ""dateFormat"": ""iso"", ""regions"": ""us,us2,eu""}"
0f2b960b49233bff4e72e899ffc46a5b64849f436fd09d983c3b89c7af4cc6fa,2023-10-29T16:50:00Z,93991757289dd5b650742a6e18184271,oddsapi/hist_event_markets,1,"{""date"": ""2023-10-29T16:50:00Z"", ""dateFormat"": ""iso"", ""regions"": ""us,us2,eu""}"
7ce25677ec126585d08eaaf7b525bfd635f7c072620120cadd343e8d10d7add2,2023-11-12T01:20:00Z,93b978585bf0aa7cafb48cc3ef875fc9,oddsapi/hist_event_markets,1,"{""date"": ""2023-11-12T01:20:00Z"", ""dateFormat"": ""iso"", ""regions"": ""us,us2,eu""}"
18f650e51856fb100a6287939cda9b1194099ba5fa5e68788c1695995dae17eb,2023-11-13T01:10:00Z,93b978585bf0aa7cafb48cc3ef875fc9,oddsapi/hist_event_markets,1,"{""date"": ""2023-11-13T01:10:00Z"", ""dateFormat"": ""iso"", ""regions"": ""us,us2,eu""}"
9f710e02e7c8028e920f6564c9232264d310e1f7083b07338185cc09a8ca4746,2025-12-20T21:05:00Z,93c002f0a42d1b57f3bbabdcfe24ab97,oddsapi/hist_event_markets,1,"{""date"": ""2025-12-20T21:05:00Z"", ""dateFormat"": ""iso"", ""regions"": ""us,us2,eu""}"
ae4302f137497af9c5d99e52e69387970d8cd531d2574113f89c72817cf99b85,2025-12-21T20:55:00Z,93c002f0a42d1b57f3bbabdcfe24ab97,oddsapi/hist_event_markets,1,"{""date"": ""2025-12-21T20:55:00Z"", ""dateFormat"": ""iso"", ""regions"": ""us,us2,eu""}"
d14a379e02d1a9d7369a3cda5608efd7d8251943bdacfa2fa36aff7c70c0789c,2023-11-11T21:05:00Z,93ca64cd0a848ea783fffc08d2f520c2,oddsapi/hist_event_markets,1,"{""date"": ""2023-11-11T21:05:00Z"", ""dateFormat"": ""iso"", ""regions"": ""us,us2,eu""}"
374a0adb73bc4789ff7d9f5712a7d13fe4daf1a36fd487c1b86208f17d9aa288,2023-11-12T20:55:00Z,93ca64cd0a848ea783fffc08d2f520c2,oddsapi/hist_event_markets,1,"{""date"": ""2023-11-12T20:55:00Z"", ""dateFormat"": ""iso"", ""regions"": ""us,us2,eu""}"
eecf54b63556e0c9673810874277b028e9f9ea11958b303a6949c405757934cc,2025-01-11T20:00:00Z,940b68c66c90d2dd10169ae8d6eeba77,oddsapi/hist_event_markets,1,"{""date"": ""2025-01-11T20:00:00Z"", ""dateFormat"": ""iso"", ""regions"": ""us,us2,eu""}"
d2d8d9c1f624c932954caad31365192ca05f48e29699799d52456c65d04410da,2025-01-12T19:50:00Z,940b68c66c90d2dd10169ae8d6eeba77,oddsapi/hist_event_markets,1,"{""date"": ""2025-01-12T19:50:00Z"", ""dateFormat"": ""iso"", ""regions"": ""us,us2,eu""}"
16fcf5c89199bfd9fc66ed18a6dc80680e3ad4cad917a604cbc8f3d982576130,2025-12-20T18:00:00Z,945286798abb5081432aef109df29778,oddsapi/hist_event_markets,1,"{""date"": ""2025-12-20T18:00:00Z"", ""dateFormat"": ""iso"", ""regions"": ""us,us2,eu""}"
24ca69a54f716acf366b019fc89e4c9cb522c67d6624778c6c4d54ae6cde3f20,2025-12-21T17:50:00Z,945286798abb5081432aef109df29778,oddsapi/hist_event_markets,1,"{""date"": ""2025-12-21T17:50:00Z"", ""dateFormat"": ""iso"", ""regions"": ""us,us2,eu""}"
7b8aaf2e23e2cca623d2e25d6d9e514c46109c847db992093a1f9154907b13a1,2023-10-21T17:00:00Z,949fd4373890ee339add53eb5f343dc0,oddsapi/hist_event_markets,1,"{""date"": ""2023-10-21T17:00:00Z"", ""dateFormat"": ""iso"", ""regions"": ""us,us2,eu""}"
b2f0fc7541080f06827b8f704ab91ec837e6d112fd3c02f9fb4305923f4557ed,2023-10-22T16:50:00Z,949fd4373890ee339add53eb5f343dc0,oddsapi/hist_event_markets,1,"{""date"": ""2023-10-22T16:50:00Z"", ""dateFormat"": ""iso"", ""regions"": ""us,us2,eu""}"
4e2d76187151e44251678613596da43bced80e0ee7c46191021516fd973444ef,2023-12-31T01:20:00Z,952206f7c222510449ef202c2cce48b2,oddsapi/hist_event_markets,1,"{""date"": ""2023-12-31T01:20:00Z"", ""dateFormat"": ""iso"", ""regions"": ""us,us2,eu""}"
024d932dc018a06947c302fa6f54480961b5090c6aa12943ce3e33247bc05f38,2024-01-01T01:10:00Z,952206f7c222510449ef202c2cce48b2,oddsapi/hist_event_markets,1,"{""date"": ""2024-01-01T01:10:00Z"", ""dateFormat"": ""iso"", ""regions"": ""us,us2,eu""}"
50598f2384956519f916335e102e59f2a5f44fe464ce6b96ad62db911e331906,2025-09-05T00:00:00Z,9535d3e3ee9d9fc83ea2b500ad0b587c,oddsapi/hist_event_markets,1,"{""date"": ""2025-09-05T00:00:00Z"", ""dateFormat"": ""iso"", ""regions"": ""us,us2,eu""}"
44353467edcf45958f7665e468e602dedfd8272d5c3d349c5e194caedeba5927,2025-09-05T23:50:00Z,9535d3e3ee9d9fc83ea2b500ad0b587c,oddsapi/hist_event_markets,1,"{""date"": ""2025-09-05T23:50:00Z"", ""dateFormat"": ""iso"", ""regions"": ""us,us2,eu""}"
fc5915eb086b8a9e3dc9ede87d15dc1c8551ecb60b81c5a4f938f994e1a5f18f,2023-09-23T20:25:00Z,9541cadef6a637071b8588eb4938a5c8,oddsapi/hist_event_markets,1,"{""date"": ""2023-09-23T20:25:00Z"", ""dateFormat"": ""iso"", ""regions"": ""us,us2,eu""}"
d621c14be65046f8e436d079e74755d02a364f09e10571d1b2c8ac51843cb20e,2023-09-24T20:15:00Z,9541cadef6a637071b8588eb4938a5c8,oddsapi/hist_event_markets,1,"{""date"": ""2023-09-24T20:15:00Z"", ""dateFormat"": ""iso"", ""regions"": ""us,us2,eu""}"
e297aa793b6d9c1ba2a49d79aa08518862c2af68858cca19363c8253b454cc84,2025-12-27T18:00:00Z,95bdb9f5b22f0491bfba1381637c5009,oddsapi/hist_event_markets,1,"{""date"": ""2025-12-27T18:00:00Z"", ""dateFormat"": ""iso"", ""regions"": ""us,us2,eu""}"
5d340ce44f87be47c64be025b5f9c60c7e6edde08f303ff82c9290d94aa71875,2025-12-28T17:50:00Z,95bdb9f5b22f0491bfba1381637c5009,oddsapi/hist_event_markets,1,"{""date"": ""2025-12-28T17:50:00Z"", ""dateFormat"": ""iso"", ""regions"": ""us,us2,eu""}"
6b22bf266e05eb21284d1b333232f7e8ab5d28de4a9fb450129de4c5ae48a370,2023-12-23T18:00:00Z,961b2207f2c12f9cbf59a2b6e7c99469,oddsapi/hist_event_markets,1,"{""date"": ""2023-12-23T18:00:00Z"", ""dateFormat"": ""iso"", ""regions"": ""us,us2,eu""}"
b42419631afcacfec6f50d35eb4f0b3948e72301f13b6a4ad4c8512daa6f2a32,2023-12-24T17:50:00Z,961b2207f2c12f9cbf59a2b6e7c99469,oddsapi/hist_event_markets,1,"{""date"": ""2023-12-24T17:50:00Z"", ""dateFormat"": ""iso"", ""regions"": ""us,us2,eu""}"
9a6b0a05b52807e330aa1f22fa7e60392b9a9c46007e10330be052e46980783f,2025-11-15T18:00:00Z,96377d2fb55e3cef733cecccdecaed5f,oddsapi/hist_event_markets,1,"{""date"": ""2025-11-15T18:00:00Z"", ""dateFormat"": ""iso"", ""regions"": ""us,us2,eu""}"
b69a7d5fed9129c4bd1abaa471ac410daca5c077b4467772bb7ea74e7b1485ac,2025-11-16T17:50:00Z,96377d2fb55e3cef733cecccdecaed5f,oddsapi/hist_event_markets,1,"{""date"": ""2025-11-16T17:50:00Z"", ""dateFormat"": ""iso"", ""regions"": ""us,us2,eu""}"
058bb74c2196ca77859d56d75dac69ccfe0dc800d628f9b5f62ba3d39172b36c,2024-10-19T13:30:00Z,964d089b9bbbf792a705da3b3f355312,oddsapi/hist_event_markets,1,"{""date"": ""2024-10-19T13:30:00Z"", ""dateFormat"": ""iso"", ""regions"": ""us,us2,eu""}"
18760ec82f2b8a5967000d9f942af10e7207fc8f35b618a358c6b6f1506da860,2024-10-20T13:20:00Z,964d089b9bbbf792a705da3b3f355312,oddsapi/hist_event_markets,1,"{""date"": ""2024-10-20T13:20:00Z"", ""dateFormat"": ""iso"", ""regions"": ""us,us2,eu""}"
06de292fac58d7d64cb96ac4550298fae11b8b9cd9e1a6dc7ee165ac65a766dc,2025-01-11T18:00:00Z,964db4396eeca2fa33e82d66f5e6acad,oddsapi/hist_event_markets,1,"{""date"": ""2025-01-11T18:00:00Z"", ""dateFormat"": ""iso"", ""regions"": ""us,us2,eu""}"
c2eada504ec7567a46df3b8e490d7a1626e3a1ec255433de69b43220c85b4598,2025-01-12T17:50:00Z,964db4396eeca2fa33e82d66f5e6acad,oddsapi/hist_event_markets,1,"{""date"": ""2025-01-12T17:50:00Z"", ""dateFormat"": ""iso"", ""regions"": ""us,us2,eu""}"
873f5e291eb43aaad72750f09fb5c43f3367ecb0f44a7c8949a5d6ada6b4b4b6,2024-01-20T20:00:00Z,967657674563bebaf7d86113f872c471,oddsapi/hist_event_markets,1,"{""date"": ""2024-01-20T20:00:00Z"", ""dateFormat"": ""iso"", ""regions"": ""us,us2,eu""}"
657de7837d514292ea9df85811b0101de827c77a3515098780f4265f89e5fb7e,2024-01-21T19:50:00Z,967657674563bebaf7d86113f872c471,oddsapi/hist_event_markets,1,"{""date"": ""2024-01-21T19:50:00Z"", ""dateFormat"": ""iso"", ""regions"": ""us,us2,eu""}"
fd49c372d9e947359a90a83c2969ff3f402fee227176d989d2d772b0552fe9fa,2024-10-26T17:00:00Z,9693ad2122e496b05f7efd56f0ef03d0,oddsapi/hist_event_markets,1,"{""date"": ""2024-10-26T17:00:00Z"", ""dateFormat"": ""iso"", ""regions"": ""us,us2,eu""}"
4b4d0aa0b3cf163e1e38dbc594509bf16211348bdaa12b929c2eed9593bcac1b,2024-10-27T16:50:00Z,9693ad2122e496b05f7efd56f0ef03d0,oddsapi/hist_event_markets,1,"{""date"": ""2024-10-27T16:50:00Z"", ""dateFormat"": ""iso"", ""regions"": ""us,us2,eu""}"
2480efcf0137e7c410b5ffa0e47848904a076f65404bf566e97c37a93aec0a75,2024-09-22T23:30:00Z,96be3ba73fc562e49a0120b5923c3213,oddsapi/hist_event_markets,1,"{""date"": ""2024-09-22T23:30:00Z"", ""dateFormat"": ""iso"", ""regions"": ""us,us2,eu""}"
8d1192a7283b7198e2408f8e69aabfea5557b5bdb8af8c3ab308a63b559aa45e,2024-09-23T23:20:00Z,96be3ba73fc562e49a0120b5923c3213,oddsapi/hist_event_markets,1,"{""date"": ""2024-09-23T23:20:00Z"", ""dateFormat"": ""iso"", ""regions"": ""us,us2,eu""}"
af9d2b61aec29d9018243b16831826976dd4e66f44de728b226cefecae8a1493,2025-11-15T21:25:00Z,96ce7785b0980b03282c7e10d4c58d4a,oddsapi/hist_event_markets,1,"{""date"": ""2025-11-15T21:25:00Z"", ""dateFormat"": ""iso"", ""regions"": ""us,us2,eu""}"
ac4775c5b8517135044faad4ae0a7a90041219a6333d60677bde87bea7db43fe,2025-11-16T21:15:00Z,96ce7785b0980b03282c7e10d4c58d4a,oddsapi/hist_event_markets,1,"{""date"": ""2025-11-16T21:15:00Z"", ""dateFormat"": ""iso"", ""regions"": ""us,us2,eu""}"
b863990356f37ad0fe4d4a60a5cf09ef42d4c27551b194627621f571d2830c7a,2023-10-28T17:00:00Z,97819f71c474956d24e436f0465f1591,oddsapi/hist_event_markets,1,"{""date"": ""2023-10-28T17:00:00Z"", ""dateFormat"": ""iso"", ""regions"": ""us,us2,eu""}"
eef82d758a6c8786bb764fa2747ad053e265e3095a1f2756fbbaf078a5ee139d,2023-10-29T16:50:00Z,97819f71c474956d24e436f0465f1591,oddsapi/hist_event_markets,1,"{""date"": ""2023-10-29T16:50:00Z"", ""dateFormat"": ""iso"", ""regions"": ""us,us2,eu""}"
fd7858a849861773fe5e73d8e807ae6243a1acf3561c5991f11e8b956a423b44,2025-09-20T17:00:00Z,97de7672b61dbddbce982711c121e76d,oddsapi/hist_event_markets,1,"{""date"": ""2025-09-20T17:00:00Z"", ""dateFormat"": ""iso"", ""regions"": ""us,us2,eu""}"
4ea458a794383ad9dcc1530fd629965ac98f2f1abe28da3a578ec55f69a9b23d,2025-09-21T16:50:00Z,97de7672b61dbddbce982711c121e76d,oddsapi/hist_event_markets,1,"{""date"": ""2025-09-21T16:50:00Z"", ""dateFormat"": ""iso"", ""regions"": ""us,us2,eu""}"
cd8f88393ab43924d31c331bfeec520d0c830893840ab3d985a0591113aa6454,2023-11-11T18:00:00Z,98081ab3500423fd829a5b9c1d47fe0c,oddsapi/hist_event_markets,1,"{""date"": ""2023-11-11T18:00:00Z"", ""dateFormat"": ""iso"", ""regions"": ""us,us2,eu""}"
fae437a424bbe38fd0591667ecb999ed6866fc27d50878658e020ff4034584d7,2023-11-12T17:50:00Z,98081ab3500423fd829a5b9c1d47fe0c,oddsapi/hist_event_markets,1,"{""date"": ""2023-11-12T17:50:00Z"", ""dateFormat"": ""iso"", ""regions"": ""us,us2,eu""}"
7a3616d96cd3505f95798d91588ae0e713db7202f3ad3ae84ffdc8d85a02d7b5,2025-01-04T18:00:00Z,983cd3ee325119e16969d4797a6d94f2,oddsapi/hist_event_markets,1,"{""date"": ""2025-01-04T18:00:00Z"", ""dateFormat"": ""iso"", ""regions"": ""us,us2,eu""}"
4c5bbddf259a73fc59a356e70111c86415f5dd43e46308fd492e636c48abed93,2025-01-05T17:50:00Z,983cd3ee325119e16969d4797a6d94f2,oddsapi/hist_event_markets,1,"{""date"": ""2025-01-05T17:50:00Z"", ""dateFormat"": ""iso"", ""regions"": ""us,us2,eu""}"
74f7d93da4f09713fa11c516d1f5b357b400956294240802bbadfe07e1f30fa3,2024-12-21T21:25:00Z,987be0b1af962f068e2928a9067998c9,oddsapi/hist_event_markets,1,"{""date"": ""2024-12-21T21:25:00Z"", ""dateFormat"": ""iso"", ""regions"": ""us,us2,eu""}"
144358b4f1349cf0244a4ba777f02ee09a4a299ceabb18a3e635979e2fcd9ead,2024-12-22T21:15:00Z,987be0b1af962f068e2928a9067998c9,oddsapi/hist_event_markets,1,"{""date"": ""2024-12-22T21:15:00Z"", ""dateFormat"": ""iso"", ""regions"": ""us,us2,eu""}"
21f05266917842a09a90b1b8a089acb0b4ff7c9819fe9694971dfd92ed8a3a4b,2024-12-30T01:15:00Z,987f7eb725e6a3937511b6c60dee5f18,oddsapi/hist_event_markets,1,"{""date"": ""2024-12-30T01:15:00Z"", ""dateFormat"": ""iso"", ""regions"": ""us,us2,eu""}"
b07bc4cfe046b7807508c6ab98a7d3277d0a3d8586a2145f59fe2c6168f49fa0,2024-12-31T01:05:00Z,987f7eb725e6a3937511b6c60dee5f18,oddsapi/hist_event_markets,1,"{""date"": ""2024-12-31T01:05:00Z"", ""dateFormat"": ""iso"", ""regions"": ""us,us2,eu""}"
fcd5f474895550376703faa935a19c937f684e49088d9ce22b4674acef2c8471,2025-11-08T18:00:00Z,9900b89c4776c5b47dd26ca4c755edf9,oddsapi/hist_event_markets,1,"{""date"": ""2025-11-08T18:00:00Z"", ""dateFormat"": ""iso"", ""regions"": ""us,us2,eu""}"
10abee73b98b7eb24b3b888901e0ebe9dad86fc6d71ddd299b5598bab62726c8,2025-11-09T17:50:00Z,9900b89c4776c5b47dd26ca4c755edf9,oddsapi/hist_event_markets,1,"{""date"": ""2025-11-09T17:50:00Z"", ""dateFormat"": ""iso"", ""regions"": ""us,us2,eu""}"
9993908f7d37b6cde935582105f8dce64f423c5b5a51340b295af4c204cc8c76,2023-09-30T17:00:00Z,99ad9bb646b822c7dc5af2f7eb2945c7,oddsapi/hist_event_markets,1,"{""date"": ""2023-09-30T17:00:00Z"", ""dateFormat"": ""iso"", ""regions"": ""us,us2,eu""}"
6001401c0283cd6cd6f3808e8ca12e6067f04046b5d1a097cb7338d6b3d534b1,2023-10-01T16:50:00Z,99ad9bb646b822c7dc5af2f7eb2945c7,oddsapi/hist_event_markets,1,"{""date"": ""2023-10-01T16:50:00Z"", ""dateFormat"": ""iso"", ""regions"": ""us,us2,eu""}"
b12029da10aaf200ded5c36947cb2dc58b272165f08638ea824072906f978ce2,2024-10-26T20:05:00Z,9a263061dd1c784a20f393971744d176,oddsapi/hist_event_markets,1,"{""date"": ""2024-10-26T20:05:00Z"", ""dateFormat"": ""iso"", ""regions"": ""us,us2,eu""}"
506b40dd497bf73bd2c010db763955afe9a03ae117b86a025cdabba3e1269440,2024-10-27T19:55:00Z,9a263061dd1c784a20f393971744d176,oddsapi/hist_event_markets,1,"{""date"": ""2024-10-27T19:55:00Z"", ""dateFormat"": ""iso"", ""regions"": ""us,us2,eu""}"
6695f630c7fb43fbbc1a7ec3183301e6d7ab1b937106eeee060b5fa23b4f431e,2024-10-05T20:05:00Z,9a9219cd7180fe6481e6bd9e460a7622,oddsapi/hist_event_markets,1,"{""date"": ""2024-10-05T20:05:00Z"", ""dateFormat"": ""iso"", ""regions"": ""us,us2,eu""}"
7fea23858c7a96e6ce0c014bdfaa1af3d122efa990331632e0fd3956b1330554,2024-10-06T19:55:00Z,9a9219cd7180fe6481e6bd9e460a7622,oddsapi/hist_event_markets,1,"{""date"": ""2024-10-06T19:55:00Z"", ""dateFormat"": ""iso"", ""regions"": ""us,us2,eu""}"
fa2724daa49a12c4b6a70d22c3d2ec4a4e2aaaa8e616acb31d8af53bc8eb80eb,2023-11-13T01:15:00Z,9a9404cf872703411250a88f6c2b7ac6,oddsapi/hist_event_markets,1,"{""date"": ""2023-11-13T01:15:00Z"", ""dateFormat"": ""iso"", ""regions"": ""us,us2,eu""}"
a5a9b0ec5280b252fe06488e151aa1cc05af060fc9d78d0ef6b24db2d4398b77,2023-11-14T01:05:00Z,9a9404cf872703411250a88f6c2b7ac6,oddsapi/hist_event_markets,1,"{""date"": ""2023-11-14T01:05:00Z"", ""dateFormat"": ""iso"", ""regions"": ""us,us2,eu""}"
ab1034e9013aa1177b35a3932e6b5765639f1e5ad63702c9bffc26e6b584f932,2023-10-14T17:00:00Z,9b493f1a26dccbb3d34e029ad34e0235,oddsapi/hist_event_markets,1,"{""date"": ""2023-10-14T17:00:00Z"", ""dateFormat"": ""iso"", ""regions"": ""us,us2,eu""}"
33e3c9db8694bb32094d9ed4cd2e06f6e4af1ccacdab45a29441c7b5b7f4a972,2023-10-15T16:50:00Z,9b493f1a26dccbb3d34e029ad34e0235,oddsapi/hist_event_markets,1,"{""date"": ""2023-10-15T16:50:00Z"", ""dateFormat"": ""iso"", ""regions"": ""us,us2,eu""}"
c0ee7608c430fdb0a271dc3ea889cdb1635a44fb654c5e050ae2e0c6c82ab67c,2024-01-26T18:00:00Z,9b4deb22ccb058b3a4f30e7cbc768f27,oddsapi/hist_event_markets,1,"{""date"": ""2024-01-26T18:00:00Z"", ""dateFormat"": ""iso"", ""regions"": ""us,us2,eu""}"
6433016f5a36f39d446cea5fe7dff49500b28159093d13cd2e78e9b734349010,2024-01-27T17:50:00Z,9b4deb22ccb058b3a4f30e7cbc768f27,oddsapi/hist_event_markets,1,"{""date"": ""2024-01-27T17:50:00Z"", ""dateFormat"": ""iso"", ""regions"": ""us,us2,eu""}"
ac60392c5e7f164c0c7401093a6c9b99cf2e81abc8bbb77a8d1239e2850f0987,2024-10-26T17:00:00Z,9b5367d7e95dd05cb7517d99484bf95b,oddsapi/hist_event_markets,1,"{""date"": ""2024-10-26T17:00:00Z"", ""dateFormat"": ""iso"", ""regions"": ""us,us2,eu""}"
4863ad5741d41f68065a54e89d82a45950ec65dd592da6d3eecc555a4d540b33,2024-10-27T16:50:00Z,9b5367d7e95dd05cb7517d99484bf95b,oddsapi/hist_event_markets,1,"{""date"": ""2024-10-27T16:50:00Z"", ""dateFormat"": ""iso"", ""regions"": ""us,us2,eu""}"
13f897248542c2fd023cb0ac2896ceb6c2b81897610c5ebbe95cd535f81d2c73,2025-11-30T01:20:00Z,9c040de8f1dfc3ddee20e0d65c9402de,oddsapi/hist_event_markets,1,"{""date"": ""2025-11-30T01:20:00Z"", ""dateFormat"": ""iso"", ""regions"": ""us,us2,eu""}"
0a2e7b08c04eab9a18578238fdde88c3bac8645bc0acee2b1cae91287d076475,2025-12-01T01:10:00Z,9c040de8f1dfc3ddee20e0d65c9402de,oddsapi/hist_event_markets,1,"{""date"": ""2025-12-01T01:10:00Z"", ""dateFormat"": ""iso"", ""regions"": ""us,us2,eu""}"
f92ebd3c5d6c7084881a42b9c404df7b02ad81ad5b5c712296d0bede8a2ef63f,2025-10-25T17:00:00Z,9c1f73e48ca9750f6e7d5d64874057c2,oddsapi/hist_event_markets,1,"{""date"": ""2025-10-25T17:00:00Z"", ""dateFormat"": ""iso"", ""regions"": ""us,us2,eu""}"
ca295815e9646120763cc68b1f34d814b1351ceb1af1e979cf1d9a2b9fbb5f43,2025-10-26T16:50:00Z,9c1f73e48ca9750f6e7d5d64874057c2,oddsapi/hist_event_markets,1,"{""date"": ""2025-10-26T16:50:00Z"", ""dateFormat"": ""iso"", ""regions"": ""us,us2,eu""}"
ae99c24fd38978abaf37ece9b93f4ea7bc56a8eed65a948b4e0789e71d4dfecd,2024-12-21T18:00:00Z,9c6ae1f00e07b696e2dd19a0efb7be8f,oddsapi/hist_event_markets,1,"{""date"": ""2024-12-21T18:00:00Z"", ""dateFormat"": ""iso"", ""regions"": ""us,us2,eu""}"
a1790c80533b6d306e928ffcac211a29e799b5f77385fc8aa6e78d52453bf521,2024-12-22T17:50:00Z,9c6ae1f00e07b696e2dd19a0efb7be8f,oddsapi/hist_event_markets,1,"{""date"": ""2024-12-22T17:50:00Z"", ""dateFormat"": ""iso"", ""regions"": ""us,us2,eu""}"
9a3eb2d815522929e32ba9e3d9c3aaf9fb7d9ecc5d644a1d6e213d1319001c38,2024-12-14T21:25:00Z,9cec3324e93aa4ece67f4ed4447bc212,oddsapi/hist_event_markets,1,"{""date"": ""2024-12-14T21:25:00Z"", ""dateFormat"": ""iso"", ""regions"": ""us,us2,eu""}"
e352a3071c96edb54cb238345decd1f3273bc1ce86b22a22555cee995baad669,2024-12-15T21:15:00Z,9cec3324e93aa4ece67f4ed4447bc212,oddsapi/hist_event_markets,1,"{""date"": ""2024-12-15T21:15:00Z"", ""dateFormat"": ""iso"", ""regions"": ""us,us2,eu""}"
d029711094b6ee9af29f13b1167d7d7b30f1600643b6169fe627f3fe0a432ccc,2024-09-14T17:00:00Z,9d5dace601f10c135f5c03facf23fd22,oddsapi/hist_event_markets,1,"{""date"": ""2024-09-14T17:00:00Z"", ""dateFormat"": ""iso"", ""regions"": ""us,us2,eu""}"
fcc6612204d18aff5d1f3a2fb10913f8f738e6d510da0d862f0a5d8aaa50cf5c,2024-09-15T16:50:00Z,9d5dace601f10c135f5c03facf23fd22,oddsapi/hist_event_markets,1,"{""date"": ""2024-09-15T16:50:00Z"", ""dateFormat"": ""iso"", ""regions"": ""us,us2,eu""}"
c7d48c020a3cfd7995638d52038e15ff1f4212a91780ba0b0fda48ca5385f57a,2025-11-29T18:00:00Z,9da608f5bdae527b280abd61e47a110b,oddsapi/hist_event_markets,1,"{""date"": ""2025-11-29T18:00:00Z"", ""dateFormat"": ""iso"", ""regions"": ""us,us2,eu""}"
c2415a31eb1330b67e1232b7cc37369d7ad8c3fbef2566c93d6b831a9c0565fd,2025-11-30T17:50:00Z,9da608f5bdae527b280abd61e47a110b,oddsapi/hist_event_markets,1,"{""date"": ""2025-11-30T17:50:00Z"", ""dateFormat"": ""iso"", ""regions"": ""us,us2,eu""}"
a4f6147e824d8b648e199309eeda9791edfe312608b0d2514c06751652a030e8,2024-12-14T18:00:00Z,9db2aef33225a4bda04bbc7c33e50e63,oddsapi/hist_event_markets,1,"{""date"": ""2024-12-14T18:00:00Z"", ""dateFormat"": ""iso"", ""regions"": ""us,us2,eu""}"
69db0537640522107a84734ce667579279430b1cc1136c36009a4c9a6d87803a,2024-12-15T17:50:00Z,9db2aef33225a4bda04bbc7c33e50e63,oddsapi/hist_event_markets,1,"{""date"": ""2024-12-15T17:50:00Z"", ""dateFormat"": ""iso"", ""regions"": ""us,us2,eu""}"
905cf0abcba0e92fd979290f94bb60d29543b33df6f0c370f45ec39aeda91eef,2025-11-08T18:00:00Z,9dbf94f23521c7cae7fd89b2d33fc3bd,oddsapi/hist_event_markets,1,"{""date"": ""2025-11-08T18:00:00Z"", ""dateFormat"": ""iso"", ""regions"": ""us,us2,eu""}"
df362d5016af43f5dde0c74334e5f8155703343a28815e95452e94d96525d79f,2025-11-09T17:50:00Z,9dbf94f23521c7cae7fd89b2d33fc3bd,oddsapi/hist_event_markets,1,"{""date"": ""2025-11-09T17:50:00Z"", ""dateFormat"": ""iso"", ""regions"": ""us,us2,eu""}"
03295e2ae90571834b077cb9989de1735b52a3c4252b8ece8f8c07afdcff300d,2024-11-30T21:05:00Z,9dcbd3e2d022d7ed1ef1e0e7f8b08f2b,oddsapi/hist_event_markets,1,"{""date"": ""2024-11-30T21:05:00Z"", ""dateFormat"": ""iso"", ""regions"": ""us,us2,eu""}"
90e9e3012edebb9451c82eea4898bbac24ca0e99dae6234875f034f1433d8eb7,2024-12-01T20:55:00Z,9dcbd3e2d022d7ed1ef1e0e7f8b08f2b,oddsapi/hist_event_markets,1,"{""date"": ""2024-12-01T20:55:00Z"", ""dateFormat"": ""iso"", ""regions"": ""us,us2,eu""}"
e85471b72480d2af5a43dd96be1ebecdaf1f91f4a307da2cb7b16ac136e8138b,2025-10-11T20:25:00Z,9e705d669039f2ca8364f408b7792a8a,oddsapi/hist_event_markets,1,"{""date"": ""2025-10-11T20:25:00Z"", ""dateFormat"": ""iso"", ""regions"": ""us,us2,eu""}"
4b118a2c654add8c2a425524e233e3207d13dad0c99af84b9aa46965a38f3384,2025-10-12T20:15:00Z,9e705d669039f2ca8364f408b7792a8a,oddsapi/hist_event_markets,1,"{""date"": ""2025-10-12T20:15:00Z"", ""dateFormat"": ""iso"", ""regions"": ""us,us2,eu""}"
1a7a03fb6e1c156d6ccedc9722b2d641720237ddb168d3e925bfe9ddbb9793b7,2025-11-23T01:20:00Z,9e7119f5a24471c39145663b84f100b2,oddsapi/hist_event_markets,1,"{""date"": ""2025-11-23T01:20:00Z"", ""dateFormat"": ""iso"", ""regions"": ""us,us2,eu""}"
89a00d0e46f53cb31724a32a16f5da299929ccd5bb9401eb75a4be0fecc2aee0,2025-11-24T01:10:00Z,9e7119f5a24471c39145663b84f100b2,oddsapi/hist_event_markets,1,"{""date"": ""2025-11-24T01:10:00Z"", ""dateFormat"": ""iso"", ""regions"": ""us,us2,eu""}"
aca08769b250f6c26a092635c4134bfb6a7d6651599a26564a39c764388bec3d,2025-09-06T20:05:00Z,9f1ad249959aacae89e5e74e43429a4a,oddsapi/hist_event_markets,1,"{""date"": ""2025-09-06T20:05:00Z"", ""dateFormat"": ""iso"", ""regions"": ""us,us2,eu""}"
376615afb753c45e899305c0030f41b886a7121d8812c95503ca71a1e23c6d2a,2025-09-07T19:55:00Z,9f1ad249959aacae89e5e74e43429a4a,oddsapi/hist_event_markets,1,"{""date"": ""2025-09-07T19:55:00Z"", ""dateFormat"": ""iso"", ""regions"": ""us,us2,eu""}"
96effeb92e8edd82c0c20981d28a2b77c122283416fb75342aed42ea4ff60853,2025-12-20T01:20:00Z,9f70d98bc6918dc8e21f329405b649fe,oddsapi/hist_event_markets,1,"{""date"": ""2025-12-20T01:20:00Z"", ""dateFormat"": ""iso"", ""regions"": ""us,us2,eu""}"
5a4bd2f9ccd9112b4e8c2b6f8fe26e9a33748dc9970e534d9bd977630b9aaf3f,2025-12-21T01:10:00Z,9f70d98bc6918dc8e21f329405b649fe,oddsapi/hist_event_markets,1,"{""date"": ""2025-12-21T01:10:00Z"", ""dateFormat"": ""iso"", ""regions"": ""us,us2,eu""}"
e7f295be37e4731f64301b5113f4e039f9743fe9f3794d4e2ac89aa3bf3d0702,2024-01-14T01:00:00Z,9ff192208ec1d91f43c90c9c67503558,oddsapi/hist_event_markets,1,"{""date"": ""2024-01-14T01:00:00Z"", ""dateFormat"": ""iso"", ""regions"": ""us,us2,eu""}"
0764ee05aa1567fe3a3700ac6e8d7d9616cec893ff682f6d7478c3757b2df031,2024-01-15T00:50:00Z,9ff192208ec1d91f43c90c9c67503558,oddsapi/hist_event_markets,1,"{""date"": ""2024-01-15T00:50:00Z"", ""dateFormat"": ""iso"", ""regions"": ""us,us2,eu""}"
41cbe92d7d8d379fa62989581f2c818d74df649cbff98fd62d686b9759901a02,2023-12-30T21:05:00Z,a030104232f100d142c34a800ea48fc8,oddsapi/hist_event_markets,1,"{""date"": ""2023-12-30T21:05:00Z"", ""dateFormat"": ""iso"", ""regions"": ""us,us2,eu""}"
8acf4ec6f08b76246fc30bbb991c4a37c7447ccb26f677b572ecd7740790c570,2023-12-31T20:55:00Z,a030104232f100d142c34a800ea48fc8,oddsapi/hist_event_markets,1,"{""date"": ""2023-12-31T20:55:00Z"", ""dateFormat"": ""iso"", ""regions"": ""us,us2,eu""}"
d7c9bb7488b02290a2e4e5ce168d7fa0bdbeca87efe351d216174ed6a4cef4af,2025-12-20T21:25:00Z,a03f89d3aaadf737deb09be24986d5bf,oddsapi/hist_event_markets,1,"{""date"": ""2025-12-20T21:25:00Z"", ""dateFormat"": ""iso"", ""regions"": ""us,us2,eu""}"
9896e51b273fb5f1354f4dd72a3c5f84fdc0dc2bda9859ffa48d3d157b7a3596,2025-12-21T21:15:00Z,a03f89d3aaadf737deb09be24986d5bf,oddsapi/hist_event_markets,1,"{""date"": ""2025-12-21T21:15:00Z"", ""dateFormat"": ""iso"", ""regions"": ""us,us2,eu""}"
dbdb93e002907980d8464872892f9ad16358d6c6d15da4e0a8df7da3216d0b04,2025-12-21T01:20:00Z,a0476b027679a1670f21e8b75a860ab9,oddsapi/hist_event_markets,1,"{""date"": ""2025-12-21T01:20:00Z"", ""dateFormat"": ""iso"", ""regions"": ""us,us2,eu""}"
1a08427fbbc7aa86ee6f35f7563e488d1688d8ac23fb548d6e2198c84d244d6f,2025-12-22T01:10:00Z,a0476b027679a1670f21e8b75a860ab9,oddsapi/hist_event_markets,1,"{""date"": ""2025-12-22T01:10:00Z"", ""dateFormat"": ""iso"", ""regions"": ""us,us2,eu""}"
c3410cebee719722d042422b6d990cef138e103c5e81348b066e7935711c99ea,2025-10-25T17:00:00Z,a061e80d1f50eab193b34d19f8e59f62,oddsapi/hist_event_markets,1,"{""date"": ""2025-10-25T17:00:00Z"", ""dateFormat"": ""iso"", ""regions"": ""us,us2,eu""}"
d098f2094a6fcc0d96d629f0bba6137dacda04549ec2ae420268e23bcc46b0a2,2025-10-26T16:50:00Z,a061e80d1f50eab193b34d19f8e59f62,oddsapi/hist_event_markets,1,"{""date"": ""2025-10-26T16:50:00Z"", ""dateFormat"": ""iso"", ""regions"": ""us,us2,eu""}"
5d4fe4c09d35be3accca56d055888b604bb66dd03a113111a18dafbedd025bb1,2024-10-05T20:05:00Z,a0877d6a0f0a97e5790884008b9974c9,oddsapi/hist_event_markets,1,"{""date"": ""2024-10-05T20:05:00Z"", ""dateFormat"": ""iso"", ""regions"": ""us,us2,eu""}"
3f7e367b67757351657eca3bc874faa99f64cf9f992c70b9c7ec2d7921923899,2024-10-06T19:55:00Z,a0877d6a0f0a97e5790884008b9974c9,oddsapi/hist_event_markets,1,"{""date"": ""2024-10-06T19:55:00Z"", ""dateFormat"": ""iso"", ""regions"": ""us,us2,eu""}"
a7e3443d80d57c66d8e5d1378b7caa03195f4ba0fd6697548970d3a0f7ed9e18,2024-01-27T18:00:00Z,a091be34ce8b8ec0db0642634962592e,oddsapi/hist_event_markets,1,"{""date"": ""2024-01-27T18:00:00Z"", ""dateFormat"": ""iso"", ""regions"": ""us,us2,eu""}"
b0909c33cff0a1f31ebd567af017f29355e8bd113ede0a29afbecdd8e945077a,2024-01-28T17:50:00Z,a091be34ce8b8ec0db0642634962592e,oddsapi/hist_event_markets,1,"{""date"": ""2024-01-28T17:50:00Z"", ""dateFormat"": ""iso"", ""regions"": ""us,us2,eu""}"
0d1971e140b2c51e08d5cfabb645e9273db9c61b82d7b021a12009c00c3c23e0,2024-09-28T17:00:00Z,a0a3ae18f5a26bdaa0e2f32aa8af7ce0,oddsapi/hist_event_markets,1,"{""date"": ""2024-09-28T17:00:00Z"", ""dateFormat"": ""iso"", ""regions"": ""us,us2,eu""}"
e24e47ba6bf0f71502505979dce1b98cd231602e7cf79281277939a7827cb6f9,2024-09-29T16:50:00Z,a0a3ae18f5a26bdaa0e2f32aa8af7ce0,oddsapi/hist_event_markets,1,"{""date"": ""2024-09-29T16:50:00Z"", ""dateFormat"": ""iso"", ""regions"": ""us,us2,eu""}"
b6414701a34a0c2153c68c9ec73bd26a9c3edcbb130094b3c8b95ed15f428019,2025-10-18T20:05:00Z,a0ad5501e9d1d2ee9f61d9f293374f17,oddsapi/hist_event_markets,1,"{""date"": ""2025-10-18T20:05:00Z"", ""dateFormat"": ""iso"", ""regions"": ""us,us2,eu""}"
839d213676c33c791ee1f8e610a7a08c2fd858e809c850b082c44f6770be2acb,2025-10-19T19:55:00Z,a0ad5501e9d1d2ee9f61d9f293374f17,oddsapi/hist_event_markets,1,"{""date"": ""2025-10-19T19:55:00Z"", ""dateFormat"": ""iso"", ""regions"": ""us,us2,eu""}"
5a4d96ef92ed91015ef9de4afc4a76ebd63ee67c72706b728c66dd6fdf7c3614,2024-10-19T20:25:00Z,a0b429ad5863438f4550ced4f368d2e2,oddsapi/hist_event_markets,1,"{""date"": ""2024-10-19T20:25:00Z"", ""dateFormat"": ""iso"", ""regions"": ""us,us2,eu""}"
704bd1448c331881d90b18ef92a760125ab5b18d125168f35e0ac85d06c8fbdd,2024-10-20T20:15:00Z,a0b429ad5863438f4550ced4f368d2e2,oddsapi/hist_event_markets,1,"{""date"": ""2024-10-20T20:15:00Z"", ""dateFormat"": ""iso"", ""regions"": ""us,us2,eu""}"
b2c8bcf857b3ba6551a968bec95d54df99ca58e3c16852171c1026ecf1cbca06,2023-11-06T01:15:00Z,a0dcb94e3a5fa0633a6a5e013d5d43db,oddsapi/hist_event_markets,1,"{""date"": ""2023-11-06T01:15:00Z"", ""dateFormat"": ""iso"", ""regions"": ""us,us2,eu""}"
070ae40dc992561b3768006e86c94e1c3df9c39773ae94aeb5d1dc8e09f1afea,2023-11-07T01:05:00Z,a0dcb94e3a5fa0633a6a5e013d5d43db,oddsapi/hist_event_markets,1,"{""date"": ""2023-11-07T01:05:00Z"", ""dateFormat"": ""iso"", ""regions"": ""us,us2,eu""}"
983465f1d889b7e0552cf9e9a6e04d7701a05f41d1a5dae08ab46aee1f6733fc,2025-10-11T17:00:00Z,a11bbccb332241029ebaeb519b93b776,oddsapi/hist_event_markets,1,"{""date"": ""2025-10-11T17:00:00Z"", ""dateFormat"": ""iso"", ""regions"": ""us,us2,eu""}"
a445569f803fcc75d341f8a80879b5e8c0c8f80078179e5eb63765e4b6d5cd70,2025-10-12T16:50:00Z,a11bbccb332241029ebaeb519b93b776,oddsapi/hist_event_markets,1,"{""date"": ""2025-10-12T16:50:00Z"", ""dateFormat"": ""iso"", ""regions"": ""us,us2,eu""}"
06747cf81b4b637b71b380badc42393d830217814c6fafd5dcb6b27fdda642b9,2024-09-07T20:25:00Z,a1682ca5d9e0c4b14d19ed69d6299806,oddsapi/hist_event_markets,1,"{""date"": ""2024-09-07T20:25:00Z"", ""dateFormat"": ""iso"", ""regions"": ""us,us2,eu""}"
8bc61920dbfc63c8751755ff63788d874d09bdfe8d56354ca8cab49a41fc41dd,2024-09-08T20:15:00Z,a1682ca5d9e0c4b14d19ed69d6299806,oddsapi/hist_event_markets,1,"{""date"": ""2024-09-08T20:15:00Z"", ""dateFormat"": ""iso"", ""regions"": ""us,us2,eu""}"
17adf443cd2b4234987b0d09f58ed0b66eaf4384c50678fef2971b665cd8d7f0,2025-01-13T01:00:00Z,a190a79160476a82ba6004f69be5729d,oddsapi/hist_event_markets,1,"{""date"": ""2025-01-13T01:00:00Z"", ""dateFormat"": ""iso"", ""regions"": ""us,us2,eu""}"
2cf851855b464ea838a5db315e830bd743513a3d88230e35277317cdf11bd948,2025-01-14T00:50:00Z,a190a79160476a82ba6004f69be5729d,oddsapi/hist_event_markets,1,"{""date"": ""2025-01-14T00:50:00Z"", ""dateFormat"": ""iso"", ""regions"": ""us,us2,eu""}"
e8d6af476f460a7e1018791e5efe0a46e65a539580e37ff0c3dfd6700b5e7a1b,2023-09-30T17:00:00Z,a1d0ade76d13bd11993b0e6f654ef787,oddsapi/hist_event_markets,1,"{""date"": ""2023-09-30T17:00:00Z"", ""dateFormat"": ""iso"", ""regions"": ""us,us2,eu""}"
06d55568190f5b6b08c2cf988a5456ff486b205a893ae149d956ea5703aea870,2023-10-01T16:50:00Z,a1d0ade76d13bd11993b0e6f654ef787,oddsapi/hist_event_markets,1,"{""date"": ""2023-10-01T16:50:00Z"", ""dateFormat"": ""iso"", ""regions"": ""us,us2,eu""}"
bde6abb499576e710b91edbef92712fcf40d70be569edae353d9c453e7851455,2024-09-29T23:30:00Z,a207d1faa78a276de49cdebb7ef4fc0e,oddsapi/hist_event_markets,1,"{""date"": ""2024-09-29T23:30:00Z"", ""dateFormat"": ""iso"", ""regions"": ""us,us2,eu""}"
35b684a9173dd22bccc2cac59c771bb5332385867156cf8a120213941af56e4f,2024-09-30T23:20:00Z,a207d1faa78a276de49cdebb7ef4fc0e,oddsapi/hist_event_markets,1,"{""date"": ""2024-09-30T23:20:00Z"", ""dateFormat"": ""iso"", ""regions"": ""us,us2,eu""}"
bcfc996d948c42fedd6e78d2c0d93cb88b4c87be1addeb48e23105a5e067eb76,2024-11-17T01:15:00Z,a2b3fd60eede2230285512b8c3b4eed3,oddsapi/hist_event_markets,1,"{""date"": ""2024-11-17T01:15:00Z"", ""dateFormat"": ""iso"", ""regions"": ""us,us2,eu""}"
0512cfad018cbd4da36b15e20b561a3d285789400aad4390d02ed3d611345c87,2024-11-18T01:05:00Z,a2b3fd60eede2230285512b8c3b4eed3,oddsapi/hist_event_markets,1,"{""date"": ""2024-11-18T01:05:00Z"", ""dateFormat"": ""iso"", ""regions"": ""us,us2,eu""}"
18ee547ac274392d6426ab7f96ead4af9d0571b409c9ab45b935b30efc8cb711,2024-09-07T20:05:00Z,a2f9dcdf49ccacf33036a0b795413a6e,oddsapi/hist_event_markets,1,"{""date"": ""2024-09-07T20:05:00Z"", ""dateFormat"": ""iso"", ""regions"": ""us,us2,eu""}"
be0e9e04843b12c0c9180972bf764e6378da7fa0f9e5bd5598419858d3b4d2a4,2024-09-08T19:55:00Z,a2f9dcdf49ccacf33036a0b795413a6e,oddsapi/hist_event_markets,1,"{""date"": ""2024-09-08T19:55:00Z"", ""dateFormat"": ""iso"", ""regions"": ""us,us2,eu""}"
eec3511ea848585e5af92fe25211cb204248f47ba894eb87bdf0d45215c4156d,2025-12-13T18:00:00Z,a360e4c43576d22057ff90d818928066,oddsapi/hist_event_markets,1,"{""date"": ""2025-12-13T18:00:00Z"", ""dateFormat"": ""iso"", ""regions"": ""us,us2,eu""}"
3bbc853f24164cde5962fbbe5fde81bc19ea95e99a079a2292d5322597ac811b,2025-12-14T17:50:00Z,a360e4c43576d22057ff90d818928066,oddsapi/hist_event_markets,1,"{""date"": ""2025-12-14T17:50:00Z"", ""dateFormat"": ""iso"", ""regions"": ""us,us2,eu""}"
637114dd0b7f6f112bb6a8d97c6ddeeb99d3a4e252a9d5bebac8e4b9a6e46223,2024-01-27T23:30:00Z,a37cd2c4037d3d5a79c0d014ff6357ee,oddsapi/hist_event_markets,1,"{""date"": ""2024-01-27T23:30:00Z"", ""dateFormat"": ""iso"", ""regions"": ""us,us2,eu""}"
f1f87e74aadc6a61c9797ee10d8f21e92afb0591f734f5ab2a415d27fd0e5d62,2024-01-28T23:20:00Z,a37cd2c4037d3d5a79c0d014ff6357ee,oddsapi/hist_event_markets,1,"{""date"": ""2024-01-28T23:20:00Z"", ""dateFormat"": ""iso"", ""regions"": ""us,us2,eu""}"
ec2ae200086c0d17154d08f31b820d69b09aacb563f9602af9ccd1e42cffd30e,2023-12-04T01:15:00Z,a4e3931e811a989c571fff8bf47def0a,oddsapi/hist_event_markets,1,"{""date"": ""2023-12-04T01:15:00Z"", ""dateFormat"": ""iso"", ""regions"": ""us,us2,eu""}"
5405b5af9794cbcfef8f6b3cd0191a6cfaa5004c5bd0ef0cfe466324a217364b,2023-12-05T01:05:00Z,a4e3931e811a989c571fff8bf47def0a,oddsapi/hist_event_markets,1,"{""date"": ""2023-12-05T01:05:00Z"", ""dateFormat"": ""iso"", ""regions"": ""us,us2,eu""}"
69d27a9021d1e6c72bb6b7c245d441b8463cc7bd8cb06a63db9549354466e31b,2024-01-06T21:25:00Z,a50417b93fb8ac1e9653946bb4850eb4,oddsapi/hist_event_markets,1,"{""date"": ""2024-01-06T21:25:00Z"", ""dateFormat"": ""iso"", ""regions"": ""us,us2,eu""}"
01fedda11a0535a39c95aa76c9d605c46514fceef8dc3e13e2d2c441f278820a,2024-01-07T21:15:00Z,a50417b93fb8ac1e9653946bb4850eb4,oddsapi/hist_event_markets,1,"{""date"": ""2024-01-07T21:15:00Z"", ""dateFormat"": ""iso"", ""regions"": ""us,us2,eu""}"
161e3aca547b4d4f8e4d944fa250795d3984d0d616bdc6729667924365735af8,2025-01-04T18:00:00Z,a578e4a27a55666b1043c20dbb3d74cd,oddsapi/hist_event_markets,1,"{""date"": ""2025-01-04T18:00:00Z"", ""dateFormat"": ""iso"", ""regions"": ""us,us2,eu""}"
3f402f2ad329ccf8a025761973552d5e94d2b1f86361ce72ec736af19c5f17e5,2025-01-05T17:50:00Z,a578e4a27a55666b1043c20dbb3d74cd,oddsapi/hist_event_markets,1,"{""date"": ""2025-01-05T17:50:00Z"", ""dateFormat"": ""iso"", ""regions"": ""us,us2,eu""}"
aa09a5735963787b921552faf4fd23d28528d8f377d110d7537fb74ef7f6287f,2024-11-09T18:00:00Z,a59741270a5f21dfb288838acf98537b,oddsapi/hist_event_markets,1,"{""date"": ""2024-11-09T18:00:00Z"", ""dateFormat"": ""iso"", ""regions"": ""us,us2,eu""}"
211d918626a2e9eac2ede5fb1fff62421a74892fb12581b97d4440d8b5bc8972,2024-11-10T17:50:00Z,a59741270a5f21dfb288838acf98537b,oddsapi/hist_event_markets,1,"{""date"": ""2024-11-10T17:50:00Z"", ""dateFormat"": ""iso"", ""regions"": ""us,us2,eu""}"
70920e1f631d9022441f85b01bc933c7c3b958ae5e0944a19b696f942be6034d,2024-10-19T17:00:00Z,a60ecb3c882d09f08b6e194e858aec42,oddsapi/hist_event_markets,1,"{""date"": ""2024-10-19T17:00:00Z"", ""dateFormat"": ""iso"", ""regions"": ""us,us2,eu""}"
efbc5adbc23f26d5229eb865e3f6dd8845f14a36d06372557f4b2d6a87279c90,2024-10-20T16:50:00Z,a60ecb3c882d09f08b6e194e858aec42,oddsapi/hist_event_markets,1,"{""date"": ""2024-10-20T16:50:00Z"", ""dateFormat"": ""iso"", ""regions"": ""us,us2,eu""}"
7e8d94c852c8fa99f2479b0e2b47d8d6a37253b2c4f305d0b9c5803eb468fd04,2024-11-09T18:00:00Z,a6383a73f7e6937fcdc376b50d4dc510,oddsapi/hist_event_markets,1,"{""date"": ""2024-11-09T18:00:00Z"", ""dateFormat"": ""iso"", ""regions"": ""us,us2,eu""}"
465e3f013cc61de429ecd2f0d3a1ec3b0b063d3168ab6d68ebc3daeb6bb30860,2024-11-10T17:50:00Z,a6383a73f7e6937fcdc376b50d4dc510,oddsapi/hist_event_markets,1,"{""date"": ""2024-11-10T17:50:00Z"", ""dateFormat"": ""iso"", ""regions"": ""us,us2,eu""}"
deae7eae04cb73d71e04d18f1dfbb01fb6e0dc953a15ab6303ccb6a3915b7869,2023-09-16T20:05:00Z,a6a30233e1ec7fb3b9f9a5e4444ff14b,oddsapi/hist_event_markets,1,"{""date"": ""2023-09-16T20:05:00Z"", ""dateFormat"": ""iso"", ""regions"": ""us,us2,eu""}"
fb68616367cbd2b379121987cfb2035ad94bd59bb873ea8cb35ab276a4fb66f3,2023-09-17T19:55:00Z,a6a30233e1ec7fb3b9f9a5e4444ff14b,oddsapi/hist_event_markets,1,"{""date"": ""2023-09-17T19:55:00Z"", ""dateFormat"": ""iso"", ""regions"": ""us,us2,eu""}"
20d5e1c391ffa0e059a48b0c64784e503c039ae1a13449ffa4f6e725dd193a7b,2023-11-22T21:30:00Z,a6e073fff37db15464e7e44b71462a20,oddsapi/hist_event_markets,1,"{""date"": ""2023-11-22T21:30:00Z"", ""dateFormat"": ""iso"", ""regions"": ""us,us2,eu""}"
2c33613f4c9744d837abfcd49ca06e474aae84b91c584ddfb6aa37aa6dfd8b49,2023-11-23T21:20:00Z,a6e073fff37db15464e7e44b71462a20,oddsapi/hist_event_markets,1,"{""date"": ""2023-11-23T21:20:00Z"", ""dateFormat"": ""iso"", ""regions"": ""us,us2,eu""}"
45d10eea156fe1f71044f0143a60752550b8abc4791c86e4d7a9fda0245994b3,2025-01-25T20:00:00Z,a71edc36539a782d96fd5c5332ebeabb,oddsapi/hist_event_markets,1,"{""date"": ""2025-01-25T20:00:00Z"", ""dateFormat"": ""iso"", ""regions"": ""us,us2,eu""}"
00abfb8e1c22ebf2ae49ff9f9b924f2618f699fa62e6b61d454a9a4d71660134,2025-01-26T19:50:00Z,a71edc36539a782d96fd5c5332ebeabb,oddsapi/hist_event_markets,1,"{""date"": ""2025-01-26T19:50:00Z"", ""dateFormat"": ""iso"", ""regions"": ""us,us2,eu""}"
ef4e5501ecdda82e07cc1506c25f814e7a956497f7d4cb7f882faca804d15f8b,2025-10-11T17:00:00Z,a7211a87bbd5fb2ee473eb9c93ee2e68,oddsapi/hist_event_markets,1,"{""date"": ""2025-10-11T17:00:00Z"", ""dateFormat"": ""iso"", ""regions"": ""us,us2,eu""}"
5befc192bbbf8b5d7c313295c31f6ae4ae565da06214928346d3190a52875dfb,2025-10-12T16:50:00Z,a7211a87bbd5fb2ee473eb9c93ee2e68,oddsapi/hist_event_markets,1,"{""date"": ""2025-10-12T16:50:00Z"", ""dateFormat"": ""iso"", ""regions"": ""us,us2,eu""}"
6602fdab9b7425465700f11f9715cd625c141e49c7d5d9f8ae28e75f8ea40045,2023-11-25T18:00:00Z,a721e155795f890bffe4c51c3dc0a472,oddsapi/hist_event_markets,1,"{""date"": ""2023-11-25T18:00:00Z"", ""dateFormat"": ""iso"", ""regions"": ""us,us2,eu""}"
6039ef8eb04f13e86c784bcf382e9fa473bdc955f57e2df9d98eed0576bbca23,2023-11-26T17:50:00Z,a721e155795f890bffe4c51c3dc0a472,oddsapi/hist_event_markets,1,"{""date"": ""2023-11-26T17:50:00Z"", ""dateFormat"": ""iso"", ""regions"": ""us,us2,eu""}"
226348541e4fd25be79f734af257402dc3584f50670bda3d82121dddead2fed4,2025-11-01T18:00:00Z,a788e7cebff4b5fe10034710090e4529,oddsapi/hist_event_markets,1,"{""date"": ""2025-11-01T18:00:00Z"", ""dateFormat"": ""iso"", ""regions"": ""us,us2,eu""}"
2233a3b5aca2bcbe7f740f7a4b22472279e9767afb90401f19e1b1a2d61207c3,2025-11-02T17:50:00Z,a788e7cebff4b5fe10034710090e4529,oddsapi/hist_event_markets,1,"{""date"": ""2025-11-02T17:50:00Z"", ""dateFormat"": ""iso"", ""regions"": ""us,us2,eu""}"
abe8340763d7fce0bf02dadbd641f04341622e65d8d2fbf4809c8243a1f5371c,2023-10-14T20:25:00Z,a87c4b6c187d59ac7f17783f0b810501,oddsapi/hist_event_markets,1,"{""date"": ""2023-10-14T20:25:00Z"", ""dateFormat"": ""iso"", ""regions"": ""us,us2,eu""}"
57b9ca11a6a604ce38e34947355460ef8d757a9c488e7fe4c8fbcf9873187fd5,2023-10-15T20:15:00Z,a87c4b6c187d59ac7f17783f0b810501,oddsapi/hist_event_markets,1,"{""date"": ""2023-10-15T20:15:00Z"", ""dateFormat"": ""iso"", ""regions"": ""us,us2,eu""}"
91a3a17724f51308d7bf1c35914eee9a6dc04c430823c5ef4db3b16045f6ed60,2025-10-25T20:05:00Z,a8dd9bb0681692540d067bd0e9e66989,oddsapi/hist_event_markets,1,"{""date"": ""2025-10-25T20:05:00Z"", ""dateFormat"": ""iso"", ""regions"": ""us,us2,eu""}"
b12e06fb75b702cdd3062f252b384de7bec4475de815d50806aab97dcdfbe036,2025-10-26T19:55:00Z,a8dd9bb0681692540d067bd0e9e66989,oddsapi/hist_event_markets,1,"{""date"": ""2025-10-26T19:55:00Z"", ""dateFormat"": ""iso"", ""regions"": ""us,us2,eu""}"
d4fd0c48e733635fd7ece8380c3cb9cdfb66771fb669652bdae13518d75d004c,2025-10-25T17:00:00Z,a8ebe01e05675c109b53a97f653f8653,oddsapi/hist_event_markets,1,"{""date"": ""2025-10-25T17:00:00Z"", ""dateFormat"": ""iso"", ""regions"": ""us,us2,eu""}"
54e5624753d5b96ad9d8fb91c989c7759ba362a479db76e2e49b4e575725ef79,2025-10-26T16:50:00Z,a8ebe01e05675c109b53a97f653f8653,oddsapi/hist_event_markets,1,"{""date"": ""2025-10-26T16:50:00Z"", ""dateFormat"": ""iso"", ""regions"": ""us,us2,eu""}"
07638f506aff8c2474e6219384fa0e363ec83f26a19bf0203d921a7b920a6f11,2023-12-23T18:00:00Z,a9a95caf10c8a405258a388d5bee57a5,oddsapi/hist_event_markets,1,"{""date"": ""2023-12-23T18:00:00Z"", ""dateFormat"": ""iso"", ""regions"": ""us,us2,eu""}"
753a00f9bd3860f077fb44c5f5d6525e41f39cb4d0015f36a981f5fd4663238b,2023-12-24T17:50:00Z,a9a95caf10c8a405258a388d5bee57a5,oddsapi/hist_event_markets,1,"{""date"": ""2023-12-24T17:50:00Z"", ""dateFormat"": ""iso"", ""regions"": ""us,us2,eu""}"
005254878b49f6f38cd3f01ba4a6bd983dd1e8af68c5d0df461f065dcb5f46f8,2024-12-19T01:15:00Z,a9bf9c4e9be5107617933461faf7f382,oddsapi/hist_event_markets,1,"{""date"": ""2024-12-19T01:15:00Z"", ""dateFormat"": ""iso"", ""regions"": ""us,us2,eu""}"
69fa99cc3b595c94fdc2dbdacc202b9726bf86d27c2d1ff9f9630de2b46eb87f,2024-12-20T01:05:00Z,a9bf9c4e9be5107617933461faf7f382,oddsapi/hist_event_markets,1,"{""date"": ""2024-12-20T01:05:00Z"", ""dateFormat"": ""iso"", ""regions"": ""us,us2,eu""}"
6617621fb6a0750a9c5bd1de8c3058e51fb6354fbe06deb69b2253aaa7dd2b55,2024-01-19T21:30:00Z,a9d0896e7cb33aef7a51723f9cd7230a,oddsapi/hist_event_markets,1,"{""date"": ""2024-01-19T21:30:00Z"", ""dateFormat"": ""iso"", ""regions"": ""us,us2,eu""}"
ec9270a33376ccfb6e25ddcf70f4187a7ac8752312d228699f243da0d6acb68b,2024-01-20T21:20:00Z,a9d0896e7cb33aef7a51723f9cd7230a,oddsapi/hist_event_markets,1,"{""date"": ""2024-01-20T21:20:00Z"", ""dateFormat"": ""iso"", ""regions"": ""us,us2,eu""}"
b9f8635f9b9535d6c946b870ab5cff4fc7ee5c2cc21a3b56f8f392d5fb8bb454,2024-12-27T21:30:00Z,aa15f18a1c3124af14045b32185ff166,oddsapi/hist_event_markets,1,"{""date"": ""2024-12-27T21:30:00Z"", ""dateFormat"": ""iso"", ""regions"": ""us,us2,eu""}"
4674c8882b0d55f98b7dadbfca7272e47af9cfedcc861c62161e17d4e241d453,2024-12-28T21:20:00Z,aa15f18a1c3124af14045b32185ff166,oddsapi/hist_event_markets,1,"{""date"": ""2024-12-28T21:20:00Z"", ""dateFormat"": ""iso"", ""regions"": ""us,us2,eu""}"
e78504010db3a29b8932dde8af9a7c488ad6b5ff6671ccf083af36408cdc9feb,2025-12-20T18:00:00Z,aa5b25e85d1ad6540d7a5ae04b73ddfd,oddsapi/hist_event_markets,1,"{""date"": ""2025-12-20T18:00:00Z"", ""dateFormat"": ""iso"", ""regions"": ""us,us2,eu""}"
e03e14a8189d2c8f4b54bb0a5b752354dec41ce00a6566d5a18527b8418c4080,2025-12-21T17:50:00Z,aa5b25e85d1ad6540d7a5ae04b73ddfd,oddsapi/hist_event_markets,1,"{""date"": ""2025-12-21T17:50:00Z"", ""dateFormat"": ""iso"", ""regions"": ""us,us2,eu""}"
3ac3182c0b8e8c217aeb679517df7b8b8e78828d077efdf90621a40121b4ccdc,2025-12-20T18:00:00Z,aa9d0cf732b6adde4ad3ec04ca79825c,oddsapi/hist_event_markets,1,"{""date"": ""2025-12-20T18:00:00Z"", ""dateFormat"": ""iso"", ""regions"": ""us,us2,eu""}"
37b13dcc6fb92b0d241b09e8da284dc6e35c89166b268e190bce69ac04541707,2025-12-21T17:50:00Z,aa9d0cf732b6adde4ad3ec04ca79825c,oddsapi/hist_event_markets,1,"{""date"": ""2025-12-21T17:50:00Z"", ""dateFormat"": ""iso"", ""regions"": ""us,us2,eu""}"
6fa6f00b7cfecc583271aa1556df64a475fdb717b38215d2286841dd4c460b02,2023-10-28T20:25:00Z,aba08270582c4520f5ee43171e98e269,oddsapi/hist_event_markets,1,"{""date"": ""2023-10-28T20:25:00Z"", ""dateFormat"": ""iso"", ""regions"": ""us,us2,eu""}"
8f0fc9d84583209007a33cf67ce561bfe6da5cfa6cbc0cbf9128144f012de1ab,2023-10-29T20:15:00Z,aba08270582c4520f5ee43171e98e269,oddsapi/hist_event_markets,1,"{""date"": ""2023-10-29T20:15:00Z"", ""dateFormat"": ""iso"", ""regions"": ""us,us2,eu""}"
f3a50b24606fb435d952efcb349ae7a8b10f716d3f83a9765431ca925f81413a,2025-10-25T17:00:00Z,abc4104a9ac597ce37d703613256fd6c,oddsapi/hist_event_markets,1,"{""date"": ""2025-10-25T17:00:00Z"", ""dateFormat"": ""iso"", ""regions"": ""us,us2,eu""}"
1d02bae669a5905e7fd2544cf80e7f741fa287114a2926de9efe0e235706a13c,2025-10-26T16:50:00Z,abc4104a9ac597ce37d703613256fd6c,oddsapi/hist_event_markets,1,"{""date"": ""2025-10-26T16:50:00Z"", ""dateFormat"": ""iso"", ""regions"": ""us,us2,eu""}"
e2fe72b46e8364a4564d174c8c416a77204d5f402ba5356fc6ab33218357d241,2023-12-16T18:00:00Z,abf4a23e7c6b9dd94d13a3070a32a65f,oddsapi/hist_event_markets,1,"{""date"": ""2023-12-16T18:00:00Z"", ""dateFormat"": ""iso"", ""regions"": ""us,us2,eu""}"
cf053d53869f335c1008870b72273d1b463e5cb249869cf014722ca79c45e572,2023-12-17T17:50:00Z,abf4a23e7c6b9dd94d13a3070a32a65f,oddsapi/hist_event_markets,1,"{""date"": ""2023-12-17T17:50:00Z"", ""dateFormat"": ""iso"", ""regions"": ""us,us2,eu""}"
e52e4a109142590b71aae53e902636f643a21cae92df718237cc810a688f9f38,2023-09-24T00:20:00Z,abf76aa8adc82854d703518042be4452,oddsapi/hist_event_markets,1,"{""date"": ""2023-09-24T00:20:00Z"", ""dateFormat"": ""iso"", ""regions"": ""us,us2,eu""}"
fcfa81464cb168f1f06d1a0ab3b95535bb5547be4d0fe11a1c33ff695cf84491,2023-09-25T00:10:00Z,abf76aa8adc82854d703518042be4452,oddsapi/hist_event_markets,1,"{""date"": ""2023-09-25T00:10:00Z"", ""dateFormat"": ""iso"", ""regions"": ""us,us2,eu""}"
caa6f3a2cdeb37bcfdcd0a2138ede5b78499e3cfd0a07260435637e74fffa4f1,2025-10-25T17:00:00Z,ac02b1b59aa0623845378a02bc530c68,oddsapi/hist_event_markets,1,"{""date"": ""2025-10-25T17:00:00Z"", ""dateFormat"": ""iso"", ""regions"": ""us,us2,eu""}"
a6f9ae0c729a1adeb029aa436a3a8ebb35ad42d1c9863dd8318a53f6c3b4202f,2025-10-26T16:50:00Z,ac02b1b59aa0623845378a02bc530c68,oddsapi/hist_event_markets,1,"{""date"": ""2025-10-26T16:50:00Z"", ""dateFormat"": ""iso"", ""regions"": ""us,us2,eu""}"
3ab2b0f6c59300f3f9125deeb67aaa9529ee08f86e47f6f79a392373a5e0c754,2025-12-18T01:15:00Z,ac7881cc5a498c5b72680498d3fa8f6e,oddsapi/hist_event_markets,1,"{""date"": ""2025-12-18T01:15:00Z"", ""dateFormat"": ""iso"", ""regions"": ""us,us2,eu""}"
41f8127107f1873183ce89c17014b97f438c92a2c065b913257132aaa88c2f6d,2025-12-19T01:05:00Z,ac7881cc5a498c5b72680498d3fa8f6e,oddsapi/hist_event_markets,1,"{""date"": ""2025-12-19T01:05:00Z"", ""dateFormat"": ""iso"", ""regions"": ""us,us2,eu""}"
4f800f6a0e0f5e3bb250a7992435aa0478f62435d295fe4ae66d7afc6f41a2ad,2024-11-14T01:15:00Z,ac99fa94b66a64304ae19873d0a7907a,oddsapi/hist_event_markets,1,"{""date"": ""2024-11-14T01:15:00Z"", ""dateFormat"": ""iso"", ""regions"": ""us,us2,eu""}"
15d277cb931244a6b3fe68710cceb3bdd44dcb23a193d68d1765bdf1b39f4028,2024-11-15T01:05:00Z,ac99fa94b66a64304ae19873d0a7907a,oddsapi/hist_event_markets,1,"{""date"": ""2024-11-15T01:05:00Z"", ""dateFormat"": ""iso"", ""regions"": ""us,us2,eu""}"
49c81d80918d86aa65b3c1f56d70279fd507a501720f410c56321fed807514a0,2025-09-18T00:15:00Z,aca5234c57e31b1931e51d2d0d6046f5,oddsapi/hist_event_markets,1,"{""date"": ""2025-09-18T00:15:00Z"", ""dateFormat"": ""iso"", ""regions"": ""us,us2,eu""}"
2286f00b742b05f9fd11b5295e59ecb2db61d0f96d5306e9a4df51496c0f6f3f,2025-09-19T00:05:00Z,aca5234c57e31b1931e51d2d0d6046f5,oddsapi/hist_event_markets,1,"{""date"": ""2025-09-19T00:05:00Z"", ""dateFormat"": ""iso"", ""regions"": ""us,us2,eu""}"
084c167f824bb046db611c497c844867c68b3d7a3f3e96de2d993f21545ae191,2024-09-21T20:05:00Z,acc41dc7aeae8f8db0604c743213916c,oddsapi/hist_event_markets,1,"{""date"": ""2024-09-21T20:05:00Z"", ""dateFormat"": ""iso"", ""regions"": ""us,us2,eu""}"
52816fbe07f4a8299644c852aa7668e7a7c77908b39a0fed688bcb8075d45bef,2024-09-22T19:55:00Z,acc41dc7aeae8f8db0604c743213916c,oddsapi/hist_event_markets,1,"{""date"": ""2024-09-22T19:55:00Z"", ""dateFormat"": ""iso"", ""regions"": ""us,us2,eu""}"
7b2737c81af1d994bd4339168500e5e7bbcb8efd6b4e8b35bda654458d73d0bc,2023-12-02T18:00:00Z,ad1bbe3e94716ca03c3059092cbd1eee,oddsapi/hist_event_markets,1,"{""date"": ""2023-12-02T18:00:00Z"", ""dateFormat"": ""iso"", ""regions"": ""us,us2,eu""}"
b4a6ee7d9529a83ef16205294709d3ecb9ef053c1651a26a528d8707cdaed150,2023-12-03T17:50:00Z,ad1bbe3e94716ca03c3059092cbd1eee,oddsapi/hist_event_markets,1,"{""date"": ""2023-12-03T17:50:00Z"", ""dateFormat"": ""iso"", ""regions"": ""us,us2,eu""}"
70534a36e54de460a510c2c3d221110e7782502e614f005c42f285619be5954b,2023-11-16T01:15:00Z,ad2140bcb78fd6f6d37bee937bfa4d90,oddsapi/hist_event_markets,1,"{""date"": ""2023-11-16T01:15:00Z"", ""dateFormat"": ""iso"", ""regions"": ""us,us2,eu""}"
5d239b346713724a33076dc307209f4bc80461a2be3f14681fa27528b2c0dcf3,2023-11-17T01:05:00Z,ad2140bcb78fd6f6d37bee937bfa4d90,oddsapi/hist_event_markets,1,"{""date"": ""2023-11-17T01:05:00Z"", ""dateFormat"": ""iso"", ""regions"": ""us,us2,eu""}"
0222a84e92b90ddda9eece79212c0f5e40547b27f1ae60a5e0da4799e92ae6ee,2025-01-18T18:00:00Z,ad4656a89ef49a8cccf660f2141182e0,oddsapi/hist_event_markets,1,"{""date"": ""2025-01-18T18:00:00Z"", ""dateFormat"": ""iso"", ""regions"": ""us,us2,eu""}"
b5c1b82bf65cfe41b3d2495dda6e9d296764c8725066cfed0c81c4b597b49df8,2025-01-19T17:50:00Z,ad4656a89ef49a8cccf660f2141182e0,oddsapi/hist_event_markets,1,"{""date"": ""2025-01-19T17:50:00Z"", ""dateFormat"": ""iso"", ""regions"": ""us,us2,eu""}"
a40c3598aee9736927b5a6c0fc27f297d94d896eb93a4683c934b520069b3a3d,2023-10-28T20:25:00Z,ada6e4fa41270f4b036701448503cea6,oddsapi/hist_event_markets,1,"{""date"": ""2023-10-28T20:25:00Z"", ""dateFormat"": ""iso"", ""regions"": ""us,us2,eu""}"
eddca0152e52217fc5d221f52514a8385c0f5dbe50159cee8e7557d739e20075,2023-10-29T20:15:00Z,ada6e4fa41270f4b036701448503cea6,oddsapi/hist_event_markets,1,"{""date"": ""2023-10-29T20:15:00Z"", ""dateFormat"": ""iso"", ""regions"": ""us,us2,eu""}"
c070bf6f08013d8216574ef5ef6bb8493e6956c40d19c29a008ad7f437017965,2024-12-24T21:30:00Z,adf41cffa9d818a982d19273df911106,oddsapi/hist_event_markets,1,"{""date"": ""2024-12-24T21:30:00Z"", ""dateFormat"": ""iso"", ""regions"": ""us,us2,eu""}"
1500819c44ee2bd683ab518f02918ea26a4ce3e621f85062d19faf0a172ff4d8,2024-12-25T21:20:00Z,adf41cffa9d818a982d19273df911106,oddsapi/hist_event_markets,1,"{""date"": ""2024-12-25T21:20:00Z"", ""dateFormat"": ""iso"", ""regions"": ""us,us2,eu""}"
ee1ff0465dda4a34ac6ade0699302c06f15d52962141c4cd7038d109e570e6e0,2025-09-27T20:25:00Z,af6fbb0a2e996613bc393115276c60e2,oddsapi/hist_event_markets,1,"{""date"": ""2025-09-27T20:25:00Z"", ""dateFormat"": ""iso"", ""regions"": ""us,us2,eu""}"
faf764685dd6d6a0a23d8b64ec122ef325fc773bc0591b2dc9c5c83fe4813ae7,2025-09-28T20:15:00Z,af6fbb0a2e996613bc393115276c60e2,oddsapi/hist_event_markets,1,"{""date"": ""2025-09-28T20:15:00Z"", ""dateFormat"": ""iso"", ""regions"": ""us,us2,eu""}"
0fa9aab7fe882445f4721aaa6bce73e9b851b320877812ef59a9dbad0e6deb43,2024-11-30T21:25:00Z,afa7eb720baa94269de839965e41b8b3,oddsapi/hist_event_markets,1,"{""date"": ""2024-11-30T21:25:00Z"", ""dateFormat"": ""iso"", ""regions"": ""us,us2,eu""}"
12d5d2489dd4346f02e56cef7a607aec07372ed891e71621406b3424f5ae4011,2024-12-01T21:15:00Z,afa7eb720baa94269de839965e41b8b3,oddsapi/hist_event_markets,1,"{""date"": ""2024-12-01T21:15:00Z"", ""dateFormat"": ""iso"", ""regions"": ""us,us2,eu""}"
259338d641435962dc6e1ef4789de31616a8cee5ec746aacc2145f9f71fbaae6,2024-09-07T20:05:00Z,afb7e137dbb2a3de38d2d3cb68897e3b,oddsapi/hist_event_markets,1,"{""date"": ""2024-09-07T20:05:00Z"", ""dateFormat"": ""iso"", ""regions"": ""us,us2,eu""}"
3aa2d0bdd9d12ead210322f013a8cc2b072baaca1dc9ba4127131250d18da4dc,2024-09-08T19:55:00Z,afb7e137dbb2a3de38d2d3cb68897e3b,oddsapi/hist_event_markets,1,"{""date"": ""2024-09-08T19:55:00Z"", ""dateFormat"": ""iso"", ""regions"": ""us,us2,eu""}"
3a00ee0ad9945b8b0d388831fb6b1e004a742f639ef1825d1d4e18b1ccd4a90a,2025-01-12T01:00:00Z,afde2a86c73e9809e147d457d4d40f62,oddsapi/hist_event_markets,1,"{""date"": ""2025-01-12T01:00:00Z"", ""dateFormat"": ""iso"", ""regions"": ""us,us2,eu""}"
8f6dd38dfb7ceb8f3a64f0630b70fc79e2b865a3174f2bbac2eb8e123da9af62,2025-01-13T00:50:00Z,afde2a86c73e9809e147d457d4d40f62,oddsapi/hist_event_markets,1,"{""date"": ""2025-01-13T00:50:00Z"", ""dateFormat"": ""iso"", ""regions"": ""us,us2,eu""}"
4d6de276b4f4b14aa5e8b95362540e74ba850d0a8346a9befefe59ef87988ba1,2023-12-09T18:00:00Z,affdea10708b9e802b8b0c445be6ce4b,oddsapi/hist_event_markets,1,"{""date"": ""2023-12-09T18:00:00Z"", ""dateFormat"": ""iso"", ""regions"": ""us,us2,eu""}"
bf068d6b09ebd98ea2b2b37cd0a45a951ed62f44fcdbb371214996b3923a9c3f,2023-12-10T17:50:00Z,affdea10708b9e802b8b0c445be6ce4b,oddsapi/hist_event_markets,1,"{""date"": ""2023-12-10T17:50:00Z"", ""dateFormat"": ""iso"", ""regions"": ""us,us2,eu""}"
f09f8c39338326f0ec9be15049ca799ba6e4f78c817a7349f4a2a849c17289e8,2025-09-06T17:00:00Z,b02a72c768a6c6dee87aa74f78e84176,oddsapi/hist_event_markets,1,"{""date"": ""2025-09-06T17:00:00Z"", ""dateFormat"": ""iso"", ""regions"": ""us,us2,eu""}"
538225cfd06077fae09231c769f606743d48ec9f75c5c72a71d36983495fd95c,2025-09-07T16:50:00Z,b02a72c768a6c6dee87aa74f78e84176,oddsapi/hist_event_markets,1,"{""date"": ""2025-09-07T16:50:00Z"", ""dateFormat"": ""iso"", ""regions"": ""us,us2,eu""}"
b4e8ac5e04885780387bc74dcc3a8ec5fe22094deca6a8258951fb02d1768c80,2023-10-07T17:00:00Z,b0302377625f15c445b6ce2227a50529,oddsapi/hist_event_markets,1,"{""date"": ""2023-10-07T17:00:00Z"", ""dateFormat"": ""iso"", ""regions"": ""us,us2,eu""}"
286d2d36f9a366d9d656340a07b7caaf14414678914a11d28ace60fad55ceeee,2023-10-08T16:50:00Z,b0302377625f15c445b6ce2227a50529,oddsapi/hist_event_markets,1,"{""date"": ""2023-10-08T16:50:00Z"", ""dateFormat"": ""iso"", ""regions"": ""us,us2,eu""}"
2be108bfb5de28a47ac6abd1be642815b7922dc97a67cd26af100350eef29c8e,2024-09-28T20:05:00Z,b0461ea737b89685d0aee3050bca0cc5,oddsapi/hist_event_markets,1,"{""date"": ""2024-09-28T20:05:00Z"", ""dateFormat"": ""iso"", ""regions"": ""us,us2,eu""}"
514f55010255affda7357d6a4f56e88387e4a8f52bccf12382e422132bc6e182,2024-09-29T19:55:00Z,b0461ea737b89685d0aee3050bca0cc5,oddsapi/hist_event_markets,1,"{""date"": ""2024-09-29T19:55:00Z"", ""dateFormat"": ""iso"", ""regions"": ""us,us2,eu""}"
3195c94a75584932d0de96f4f5c2f3074112a93ac0059189aa91d70e9e24d2b9,2024-09-26T00:15:00Z,b08196b0745d9e2e0bebfe8627fc5a1f,oddsapi/hist_event_markets,1,"{""date"": ""2024-09-26T00:15:00Z"", ""dateFormat"": ""iso"", ""regions"": ""us,us2,eu""}"
9aa82a5e41757e5ed307932710037b7895d3de706e4fbda8605e42d0170c3bb1,2024-09-27T00:05:00Z,b08196b0745d9e2e0bebfe8627fc5a1f,oddsapi/hist_event_markets,1,"{""date"": ""2024-09-27T00:05:00Z"", ""dateFormat"": ""iso"", ""regions"": ""us,us2,eu""}"
d67ab1ed9fa9d2f6f3284b6f394fac62ed5dbb862283ea3fffbe79e05aa67b7c,2025-11-01T21:05:00Z,b08df670a95f1809707b335dc75081c6,oddsapi/hist_event_markets,1,"{""date"": ""2025-11-01T21:05:00Z"", ""dateFormat"": ""iso"", ""regions"": ""us,us2,eu""}"
8efd9c33140b3a7e8b95f0fc7d31b8baacf5b9beb619ffea7314d9a7e517b500,2025-11-02T20:55:00Z,b08df670a95f1809707b335dc75081c6,oddsapi/hist_event_markets,1,"{""date"": ""2025-11-02T20:55:00Z"", ""dateFormat"": ""iso"", ""regions"": ""us,us2,eu""}"
81b925d783bddf47a034a23036295b2c8c9ee67569172c43923f236e193f0aab,2025-12-28T01:20:00Z,b0dedebd28a82f8f38398033356e9015,oddsapi/hist_event_markets,1,"{""date"": ""2025-12-28T01:20:00Z"", ""dateFormat"": ""iso"", ""regions"": ""us,us2,eu""}"
772518bf204dee57e136deb4e30fdc4f278bd3b84cd78fea5467567a4a81d5ac,2025-12-29T01:10:00Z,b0dedebd28a82f8f38398033356e9015,oddsapi/hist_event_markets,1,"{""date"": ""2025-12-29T01:10:00Z"", ""dateFormat"": ""iso"", ""regions"": ""us,us2,eu""}"
d547296846e1756f4c2447a6fe05e9cbf350732bdb2e679bd8607322be82c561,2024-12-21T21:25:00Z,b0e2f4e7023b4f29ca1e1e64f93726f2,oddsapi/hist_event_markets,1,"{""date"": ""2024-12-21T21:25:00Z"", ""dateFormat"": ""iso"", ""regions"": ""us,us2,eu""}"
94136ecc389023a49a70d859c73c68f05e212151d84aa71f87544b594e269aa1,2024-12-22T21:15:00Z,b0e2f4e7023b4f29ca1e1e64f93726f2,oddsapi/hist_event_markets,1,"{""date"": ""2024-12-22T21:15:00Z"", ""dateFormat"": ""iso"", ""regions"": ""us,us2,eu""}"
3deba8029c5fc674e6f38fc9a61888add8f02349ce22bbd81518ee05e8fb5dcf,2023-09-16T17:00:00Z,b11493a11859c02a97dfa186c32a2b7a,oddsapi/hist_event_markets,1,"{""date"": ""2023-09-16T17:00:00Z"", ""dateFormat"": ""iso"", ""regions"": ""us,us2,eu""}"
f180362543858c8a17e29ff531210f76faf84e4607266b2cc5a33ac5a690f9d2,2023-09-17T16:50:00Z,b11493a11859c02a97dfa186c32a2b7a,oddsapi/hist_event_markets,1,"{""date"": ""2023-09-17T16:50:00Z"", ""dateFormat"": ""iso"", ""regions"": ""us,us2,eu""}"
ea58f4dbbf35fc4a0665983f31079a5d71a03fc3c5cdf4077f4e56bee72aa3a9,2023-10-28T17:00:00Z,b1ac8bca9348e03321aa9bb276a6aadb,oddsapi/hist_event_markets,1,"{""date"": ""2023-10-28T17:00:00Z"", ""dateFormat"": ""iso"", ""regions"": ""us,us2,eu""}"
d1e24f52c8dca5b49f5603f19914170488f1a2a39e80c63b9cc036767daf5107,2023-10-29T16:50:00Z,b1ac8bca9348e03321aa9bb276a6aadb,oddsapi/hist_event_markets,1,"{""date"": ""2023-10-29T16:50:00Z"", ""dateFormat"": ""iso"", ""regions"": ""us,us2,eu""}"
88e7a2d9df7afe9df2ecb5f1f656e1439aec3205184bf7d884653737b889594a,2025-01-04T18:00:00Z,b1d966863dd3f4c8fc78180f63a20a2f,oddsapi/hist_event_markets,1,"{""date"": ""2025-01-04T18:00:00Z"", ""dateFormat"": ""iso"", ""regions"": ""us,us2,eu""}"
88f11b124c4d44bdd25299412ab37b7cb712790a09feb2ce07b8d683a7ee5ae4,2025-01-05T17:50:00Z,b1d966863dd3f4c8fc78180f63a20a2f,oddsapi/hist_event_markets,1,"{""date"": ""2025-01-05T17:50:00Z"", ""dateFormat"": ""iso"", ""regions"": ""us,us2,eu""}"
02735971b1221a888398a52074c0224e5bc749f6ab40e4fe57775f66830d32a2,2025-10-11T17:00:00Z,b235bc78609644cb28492cc1d6ad69fd,oddsapi/hist_event_markets,1,"{""date"": ""2025-10-11T17:00:00Z"", ""dateFormat"": ""iso"", ""regions"": ""us,us2,eu""}"
a6c84201f91e125f8032b4a1ebe548f72673c9a7913f6215852add8f8c9e57a6,2025-10-12T16:50:00Z,b235bc78609644cb28492cc1d6ad69fd,oddsapi/hist_event_markets,1,"{""date"": ""2025-10-12T16:50:00Z"", ""dateFormat"": ""iso"", ""regions"": ""us,us2,eu""}"
5b19715c217d7f87486115d71735b7695f1e6942c997753ae60e0a1ba2b721da,2024-11-23T21:25:00Z,b26e961510947a770532c902ceb27e75,oddsapi/hist_event_markets,1,"{""date"": ""2024-11-23T21:25:00Z"", ""dateFormat"": ""iso"", ""regions"": ""us,us2,eu""}"
41bd2406c127f57a4acc4ff87bc46fd6303724b834939f7c3913bd574cf64ae8,2024-11-24T21:15:00Z,b26e961510947a770532c902ceb27e75,oddsapi/hist_event_markets,1,"{""date"": ""2024-11-24T21:15:00Z"", ""dateFormat"": ""iso"", ""regions"": ""us,us2,eu""}"
d379ff343e91fd21b6f1f4688e201d532a7283661d603331f9f813e14a1ad677,2023-11-30T01:15:00Z,b2eeb176fc9adfc63b9098b313905792,oddsapi/hist_event_markets,1,"{""date"": ""2023-11-30T01:15:00Z"", ""dateFormat"": ""iso"", ""regions"": ""us,us2,eu""}"
043a59a865aec688f29bc69b2f355a9554f1b061700e99c14e1df6f7fcd76dde,2023-12-01T01:05:00Z,b2eeb176fc9adfc63b9098b313905792,oddsapi/hist_event_markets,1,"{""date"": ""2023-12-01T01:05:00Z"", ""dateFormat"": ""iso"", ""regions"": ""us,us2,eu""}"
1920a76e79523096de9e92179acd698cc0f27c599853b7c7ee377160db463913,2023-09-09T17:00:00Z,b3763a6d678b9787e27cec3272252e24,oddsapi/hist_event_markets,1,"{""date"": ""2023-09-09T17:00:00Z"", ""dateFormat"": ""iso"", ""regions"": ""us,us2,eu""}"
2115fafab24c88196a8db753ec4d314e22c4474b5220775dd48ad4a5b48c0b22,2023-09-10T16:50:00Z,b3763a6d678b9787e27cec3272252e24,oddsapi/hist_event_markets,1,"{""date"": ""2023-09-10T16:50:00Z"", ""dateFormat"": ""iso"", ""regions"": ""us,us2,eu""}"
ca33fc1f60c3c1658cb5030f893659f77f3f7d3cf7e091e8d97beb0ae3381dd9,2024-09-14T17:00:00Z,b4769cda12183128858f49f475aabfce,oddsapi/hist_event_markets,1,"{""date"": ""2024-09-14T17:00:00Z"", ""dateFormat"": ""iso"", ""regions"": ""us,us2,eu""}"
7ec653aaf4c7e111f3cfc1592804df8c8e0ded5e9bad6397091a8c890a591682,2024-09-15T16:50:00Z,b4769cda12183128858f49f475aabfce,oddsapi/hist_event_markets,1,"{""date"": ""2024-09-15T16:50:00Z"", ""dateFormat"": ""iso"", ""regions"": ""us,us2,eu""}"
059145f09e3d305a98c766c1f44b0d6f5f7c876e40d93eca0152cdba1f3b6a51,2024-10-03T00:15:00Z,b516611a4ade7c4d55fcde561ed71328,oddsapi/hist_event_markets,1,"{""date"": ""2024-10-03T00:15:00Z"", ""dateFormat"": ""iso"", ""regions"": ""us,us2,eu""}"
3a215162d400a74b07e455f06d22998c54158bd7ea3f2669ea6d23e9baa5a89c,2024-10-04T00:05:00Z,b516611a4ade7c4d55fcde561ed71328,oddsapi/hist_event_markets,1,"{""date"": ""2024-10-04T00:05:00Z"", ""dateFormat"": ""iso"", ""regions"": ""us,us2,eu""}"
6ea74ec0fdbc06f5424bd159543f27a7b7e095cbca70717cf3fb8a70cc4dc2b1,2024-01-06T18:00:00Z,b51ff34c488e8470c3d975a781cc638d,oddsapi/hist_event_markets,1,"{""date"": ""2024-01-06T18:00:00Z"", ""dateFormat"": ""iso"", ""regions"": ""us,us2,eu""}"
c2aab46351d1a7500e9651a65017139494f5943116b7c9a3ebf7c50cc9fd4955,2024-01-07T17:50:00Z,b51ff34c488e8470c3d975a781cc638d,oddsapi/hist_event_markets,1,"{""date"": ""2024-01-07T17:50:00Z"", ""dateFormat"": ""iso"", ""regions"": ""us,us2,eu""}"
233c8f74b1e346f64a33968d1ab0a1091ecb7fe7bec12ab1f6ca6eeb3c9b64d0,2023-11-11T14:30:00Z,b5b610ddb0ca0f0bc3d51e07ecc4c520,oddsapi/hist_event_markets,1,"{""date"": ""2023-11-11T14:30:00Z"", ""dateFormat"": ""iso"", ""regions"": ""us,us2,eu""}"
bd726956ac397ed3df37b4c2e2b2a9c05d7e05f5429cdbec275079d9c3065583,2023-11-12T14:20:00Z,b5b610ddb0ca0f0bc3d51e07ecc4c520,oddsapi/hist_event_markets,1,"{""date"": ""2023-11-12T14:20:00Z"", ""dateFormat"": ""iso"", ""regions"": ""us,us2,eu""}"
5d40064e65cb045dcb0f3a2f86be589cbf2afd6d5f862e35c77e7803d4480d6a,2024-09-07T17:00:00Z,b5b9d07cdd5c7bd14e943ccd7973e6a2,oddsapi/hist_event_markets,1,"{""date"": ""2024-09-07T17:00:00Z"", ""dateFormat"": ""iso"", ""regions"": ""us,us2,eu""}"
61230b6c1ad2a4a5dccf00452e17ace25e39a72681ee9b9ac2ceaf02d092e0a7,2024-09-08T16:50:00Z,b5b9d07cdd5c7bd14e943ccd7973e6a2,oddsapi/hist_event_markets,1,"{""date"": ""2024-09-08T16:50:00Z"", ""dateFormat"": ""iso"", ""regions"": ""us,us2,eu""}"
94425ca9b67c1e0d2ee6329ad689ef8bc7495902e5235cde247b7139066ad3d1,2025-11-01T18:00:00Z,b60025aea576e2e89ef7bc7303f847ec,oddsapi/hist_event_markets,1,"{""date"": ""2025-11-01T18:00:00Z"", ""dateFormat"": ""iso"", ""regions"": ""us,us2,eu""}"
92f0fd54e1d8bd488d724d55e711281b5e7e3405a7bc79f13fbd56037c130a51,2025-11-02T17:50:00Z,b60025aea576e2e89ef7bc7303f847ec,oddsapi/hist_event_markets,1,"{""date"": ""2025-11-02T17:50:00Z"", ""dateFormat"": ""iso"", ""regions"": ""us,us2,eu""}"
3ab0c7e37a1fb587a9efffec23c886a7010baa26708dd90815d1875567aa53c3,2026-02-07T23:30:00Z,b64e3587d7a4cf01a568e7150a2a1aec,oddsapi/hist_event_markets,1,"{""date"": ""2026-02-07T23:30:00Z"", ""dateFormat"": ""iso"", ""regions"": ""us,us2,eu""}"
5d44ef965803a0b1ee3fe6d3d9eb706ab5b45e596c49bd05ba94f0bfe2ce13e1,2026-02-08T23:20:00Z,b64e3587d7a4cf01a568e7150a2a1aec,oddsapi/hist_event_markets,1,"{""date"": ""2026-02-08T23:20:00Z"", ""dateFormat"": ""iso"", ""regions"": ""us,us2,eu""}"
4703937b5ecbdf1273bab2dc7e891efb28d76f61177a217da87c75cf6867d9c2,2024-02-10T23:30:00Z,b6e6703ec11fa7058cca1e8300fc757f,oddsapi/hist_event_markets,1,"{""date"": ""2024-02-10T23:30:00Z"", ""dateFormat"": ""iso"", ""regions"": ""us,us2,eu""}"
ef65cb699ec1d2b1890d30168dd4a2a35d78587b995d03ec2fa27ef2684acc4e,2024-02-11T23:20:00Z,b6e6703ec11fa7058cca1e8300fc757f,oddsapi/hist_event_markets,1,"{""date"": ""2024-02-11T23:20:00Z"", ""dateFormat"": ""iso"", ""regions"": ""us,us2,eu""}"
9cbc341dc30b6d129d2e146c9c0dfeb857ae57fbfa4cc9d1c23ec7a32b73b4ad,2026-01-03T21:25:00Z,b6eb23d78a4e1b3bf9946be7cfac0e6b,oddsapi/hist_event_markets,1,"{""date"": ""2026-01-03T21:25:00Z"", ""dateFormat"": ""iso"", ""regions"": ""us,us2,eu""}"
dbfcdc4096cc61301536c98e7bb496cc42990f886673ee1466a6c5aa7f9c0045,2026-01-04T21:15:00Z,b6eb23d78a4e1b3bf9946be7cfac0e6b,oddsapi/hist_event_markets,1,"{""date"": ""2026-01-04T21:15:00Z"", ""dateFormat"": ""iso"", ""regions"": ""us,us2,eu""}"
6efbd6fb69d8034720119485190fac19af0fc58cc9701bdfaf2fb34a61d2199d,2023-12-02T21:05:00Z,b70cc20a6410503c2661e5074c3bedd8,oddsapi/hist_event_markets,1,"{""date"": ""2023-12-02T21:05:00Z"", ""dateFormat"": ""iso"", ""regions"": ""us,us2,eu""}"
03fee6667dee4c5c96c7201f676148c24becddb4008b5664cf15523e7c891e63,2023-12-03T20:55:00Z,b70cc20a6410503c2661e5074c3bedd8,oddsapi/hist_event_markets,1,"{""date"": ""2023-12-03T20:55:00Z"", ""dateFormat"": ""iso"", ""regions"": ""us,us2,eu""}"
1d13d775372c43ba609575637da03512b94cf1f2afa3088aba2395f2c733d884,2024-12-16T01:30:00Z,b72078945287a94944a0ffefcd09c42c,oddsapi/hist_event_markets,1,"{""date"": ""2024-12-16T01:30:00Z"", ""dateFormat"": ""iso"", ""regions"": ""us,us2,eu""}"
72979d643792c490e83f10bcd1636e8ed7f1b5b5d5be2015c92f5bad778f601f,2024-12-17T01:20:00Z,b72078945287a94944a0ffefcd09c42c,oddsapi/hist_event_markets,1,"{""date"": ""2024-12-17T01:20:00Z"", ""dateFormat"": ""iso"", ""regions"": ""us,us2,eu""}"
ac09560f4bd4693b9f12052e6f5d6ccbdf357cf5ced66f0493a54b56a2139826,2024-10-05T17:00:00Z,b727380f1b93218185ba53da28e0f6a7,oddsapi/hist_event_markets,1,"{""date"": ""2024-10-05T17:00:00Z"", ""dateFormat"": ""iso"", ""regions"": ""us,us2,eu""}"
867749c4e9a03fe6d6050a4a32e5d2ffada3ab11c64cdd2d27b07e31e568c32c,2024-10-06T16:50:00Z,b727380f1b93218185ba53da28e0f6a7,oddsapi/hist_event_markets,1,"{""date"": ""2024-10-06T16:50:00Z"", ""dateFormat"": ""iso"", ""regions"": ""us,us2,eu""}"
cad9c8ed63bd602e3eb9ab00917efdb3dada261b735e279cb9d70def50b02485,2024-10-05T13:30:00Z,b782886bcc4874123d3bb50e5d1e88c3,oddsapi/hist_event_markets,1,"{""date"": ""2024-10-05T13:30:00Z"", ""dateFormat"": ""iso"", ""regions"": ""us,us2,eu""}"
57a3665974a192e6e5948fff97dcb0981a1a11338badcfb0fab91e037ae3721c,2024-10-06T13:20:00Z,b782886bcc4874123d3bb50e5d1e88c3,oddsapi/hist_event_markets,1,"{""date"": ""2024-10-06T13:20:00Z"", ""dateFormat"": ""iso"", ""regions"": ""us,us2,eu""}"
eef705929a4fc54ea36fe4b91de90087b6dcd9338b983541492b35dd16ad08b7,2025-09-27T17:00:00Z,b7934d72587b62de0f563ac9acbaa770,oddsapi/hist_event_markets,1,"{""date"": ""2025-09-27T17:00:00Z"", ""dateFormat"": ""iso"", ""regions"": ""us,us2,eu""}"
4880a8928240699e281979f3586cc4b7c85a68bd22f1738b27e605d266dd5895,2025-09-28T16:50:00Z,b7934d72587b62de0f563ac9acbaa770,oddsapi/hist_event_markets,1,"{""date"": ""2025-09-28T16:50:00Z"", ""dateFormat"": ""iso"", ""regions"": ""us,us2,eu""}"
b5c0ace7cae7bd2e234f5e6964f872cebe786612f608e8ddf5cec0501ec2c5cb,2025-10-19T23:00:00Z,b808059d3ccc754ace4a3d23b58e47e8,oddsapi/hist_event_markets,1,"{""date"": ""2025-10-19T23:00:00Z"", ""dateFormat"": ""iso"", ""regions"": ""us,us2,eu""}"
c71d0bf4684ea2f9cb5574bd803d44449a02ffe9fec8d3e34d1a49a7e494bd17,2025-10-20T22:50:00Z,b808059d3ccc754ace4a3d23b58e47e8,oddsapi/hist_event_markets,1,"{""date"": ""2025-10-20T22:50:00Z"", ""dateFormat"": ""iso"", ""regions"": ""us,us2,eu""}"
b05f978d338ef3495089532180b5c927d4b22898f1843b924f1e201ac98d8b37,2023-10-28T17:00:00Z,b82f30e931a965bc7277d187549ca294,oddsapi/hist_event_markets,1,"{""date"": ""2023-10-28T17:00:00Z"", ""dateFormat"": ""iso"", ""regions"": ""us,us2,eu""}"
3d2c7881809ae311b1b2c82f98795bd476e0d33b520c7639676facf5a1bd1747,2023-10-29T16:50:00Z,b82f30e931a965bc7277d187549ca294,oddsapi/hist_event_markets,1,"{""date"": ""2023-10-29T16:50:00Z"", ""dateFormat"": ""iso"", ""regions"": ""us,us2,eu""}"
573c29c10ac16e9e4f7caaffe5a53b44c30a74041ab9119b4e775791d4a2c48b,2024-09-28T20:25:00Z,b839e959b4e28cdd96341dbcf99d4a42,oddsapi/hist_event_markets,1,"{""date"": ""2024-09-28T20:25:00Z"", ""dateFormat"": ""iso"", ""regions"": ""us,us2,eu""}"
07558208d533c6156b79f89e9edde1668117103e362b3e74c7446153dee39595,2024-09-29T20:15:00Z,b839e959b4e28cdd96341dbcf99d4a42,oddsapi/hist_event_markets,1,"{""date"": ""2024-09-29T20:15:00Z"", ""dateFormat"": ""iso"", ""regions"": ""us,us2,eu""}"
5422d7cb8b376263b1f3255d635d56485677ef5fb6cc44990f1e14661a4b8ac4,2024-12-07T18:00:00Z,b8419de1f0e84d8b18da62151ab69596,oddsapi/hist_event_markets,1,"{""date"": ""2024-12-07T18:00:00Z"", ""dateFormat"": ""iso"", ""regions"": ""us,us2,eu""}"
80f9c3279eb54bed0fbe06951b0aec8907ad5c7277cc06dc3c52cf1e13168388,2024-12-08T17:50:00Z,b8419de1f0e84d8b18da62151ab69596,oddsapi/hist_event_markets,1,"{""date"": ""2024-12-08T17:50:00Z"", ""dateFormat"": ""iso"", ""regions"": ""us,us2,eu""}"
c6b9fa59348a19832b930405f7980d18237f6840c19ecc440b96d746ae510c94,2024-12-12T01:15:00Z,b89ffb3a984d693fd6e69cdc3f2d585a,oddsapi/hist_event_markets,1,"{""date"": ""2024-12-12T01:15:00Z"", ""dateFormat"": ""iso"", ""regions"": ""us,us2,eu""}"
9e3b0ccfb78afcaf7595052d790c5b9e693b412e42a8059aff81c896aa1c2c1e,2024-12-13T01:05:00Z,b89ffb3a984d693fd6e69cdc3f2d585a,oddsapi/hist_event_markets,1,"{""date"": ""2024-12-13T01:05:00Z"", ""dateFormat"": ""iso"", ""regions"": ""us,us2,eu""}"
86c1f7c681449054c1d08bf1863b2893c1ca47a27a65f25d0260906a5be52332,2023-12-16T01:15:00Z,b8d545e119fa18b7183acc18f89d9b55,oddsapi/hist_event_markets,1,"{""date"": ""2023-12-16T01:15:00Z"", ""dateFormat"": ""iso"", ""regions"": ""us,us2,eu""}"
72f11efe3271734a1e6638e03fa48c952572c3b4da753af60f29ff740ca701b1,2023-12-17T01:05:00Z,b8d545e119fa18b7183acc18f89d9b55,oddsapi/hist_event_markets,1,"{""date"": ""2023-12-17T01:05:00Z"", ""dateFormat"": ""iso"", ""regions"": ""us,us2,eu""}"
74b38601827dbd0b0f2e0fe80f5d5f74f3e1ba9566eb5d7b32aeeda4751e2a7a,2023-10-12T00:15:00Z,b956b90b48a7a34230fac518cd294c7a,oddsapi/hist_event_markets,1,"{""date"": ""2023-10-12T00:15:00Z"", ""dateFormat"": ""iso"", ""regions"": ""us,us2,eu""}"
67f50a04f9a261b04b29e3b4a56dce43339eec60a62877d8f0a912c820b73922,2023-10-13T00:05:00Z,b956b90b48a7a34230fac518cd294c7a,oddsapi/hist_event_markets,1,"{""date"": ""2023-10-13T00:05:00Z"", ""dateFormat"": ""iso"", ""regions"": ""us,us2,eu""}"
3b51d1f62e2a509f987fcfbacb274b35244c691fe193d20ca52e124cbf4bdeb6,2024-10-12T17:00:00Z,ba1097486d1edb57bfe2bc22f5c4573e,oddsapi/hist_event_markets,1,"{""date"": ""2024-10-12T17:00:00Z"", ""dateFormat"": ""iso"", ""regions"": ""us,us2,eu""}"
978abb9d18385217b258a558116955e4846b69bba77ef6c967c5d2ee98a2b6d1,2024-10-13T16:50:00Z,ba1097486d1edb57bfe2bc22f5c4573e,oddsapi/hist_event_markets,1,"{""date"": ""2024-10-13T16:50:00Z"", ""dateFormat"": ""iso"", ""regions"": ""us,us2,eu""}"
c4f29ad0f3f480736d95553705007dcf89fe69775de772c7674e37f7a3f34c36,2024-09-07T20:25:00Z,ba439e5505ce1ee745d2e48f2d2f31e6,oddsapi/hist_event_markets,1,"{""date"": ""2024-09-07T20:25:00Z"", ""dateFormat"": ""iso"", ""regions"": ""us,us2,eu""}"
22929ee73fdd98a1e8cf7b9dd16bfb85b1764280cf65c3a758b6947ad4085a81,2024-09-08T20:15:00Z,ba439e5505ce1ee745d2e48f2d2f31e6,oddsapi/hist_event_markets,1,"{""date"": ""2024-09-08T20:15:00Z"", ""dateFormat"": ""iso"", ""regions"": ""us,us2,eu""}"
0f0128ac557edd73d4a0ae5eadd0fe29300ae0b17128b5a06ad3d306471dff1b,2025-10-18T17:00:00Z,ba4e8bfa1f4eeaa74c7b09f409361c0d,oddsapi/hist_event_markets,1,"{""date"": ""2025-10-18T17:00:00Z"", ""dateFormat"": ""iso"", ""regions"": ""us,us2,eu""}"
78b206c9c059e68a868a4c534ee8f27f37956bfb25842cf792f85b9ec7be5224,2025-10-19T16:50:00Z,ba4e8bfa1f4eeaa74c7b09f409361c0d,oddsapi/hist_event_markets,1,"{""date"": ""2025-10-19T16:50:00Z"", ""dateFormat"": ""iso"", ""regions"": ""us,us2,eu""}"
43b452734817a1251b8872f48ba288ee51f0e3e121bba3ecaea725b5fdf5aa2f,2025-12-15T01:15:00Z,ba5d065a7e9ea9afe54642036f2ec83a,oddsapi/hist_event_markets,1,"{""date"": ""2025-12-15T01:15:00Z"", ""dateFormat"": ""iso"", ""regions"": ""us,us2,eu""}"
44e5dc0f1b547af9f5300b0dcdd6f0ae25d9d8d0cb18eacf3cca85e1df42dd0b,2025-12-16T01:05:00Z,ba5d065a7e9ea9afe54642036f2ec83a,oddsapi/hist_event_markets,1,"{""date"": ""2025-12-16T01:05:00Z"", ""dateFormat"": ""iso"", ""regions"": ""us,us2,eu""}"
60a8ff97c0996ed805697d11c0267214e85df1f1134c9fe197971dd50200d9c4,2025-10-05T00:20:00Z,ba826e757d625a676452b8d3d6971bb0,oddsapi/hist_event_markets,1,"{""date"": ""2025-10-05T00:20:00Z"", ""dateFormat"": ""iso"", ""regions"": ""us,us2,eu""}"
e3da718550295f74da473acb9d1805f74dcbcd9ed9c23c849aa967e6f07493c9,2025-10-06T00:10:00Z,ba826e757d625a676452b8d3d6971bb0,oddsapi/hist_event_markets,1,"{""date"": ""2025-10-06T00:10:00Z"", ""dateFormat"": ""iso"", ""regions"": ""us,us2,eu""}"
b1c016ddc807a14a7380cb084e24927f5510dfd8d42ea171dea9e01415d9c953,2023-09-30T17:00:00Z,bb0df615dfa27a50a742c4af2e81e9e1,oddsapi/hist_event_markets,1,"{""date"": ""2023-09-30T17:00:00Z"", ""dateFormat"": ""iso"", ""regions"": ""us,us2,eu""}"
3c6f966245af61790038c25a06c04209cae08d0cf7ed16c7d701f7f6e35dffe3,2023-10-01T16:50:00Z,bb0df615dfa27a50a742c4af2e81e9e1,oddsapi/hist_event_markets,1,"{""date"": ""2023-10-01T16:50:00Z"", ""dateFormat"": ""iso"", ""regions"": ""us,us2,eu""}"
0434bbbd2bb9800aebbe6db4bd7646ab210c303b555329136796804eb203c762,2025-09-20T17:00:00Z,bb506016737825f4d0b1f9862f95c246,oddsapi/hist_event_markets,1,"{""date"": ""2025-09-20T17:00:00Z"", ""dateFormat"": ""iso"", ""regions"": ""us,us2,eu""}"
f66a50997eeabf5f766b62540729a23fbd53adaa7600dce1f79c8fb7deaa86d7,2025-09-21T16:50:00Z,bb506016737825f4d0b1f9862f95c246,oddsapi/hist_event_markets,1,"{""date"": ""2025-09-21T16:50:00Z"", ""dateFormat"": ""iso"", ""regions"": ""us,us2,eu""}"
1984fb2347905dc83ea3c7f81a1c455f04433713ff91f4de4f7fd6112f8c2383,2024-10-26T20:25:00Z,bba53e1026b6121c0255771479517a2f,oddsapi/hist_event_markets,1,"{""date"": ""2024-10-26T20:25:00Z"", ""dateFormat"": ""iso"", ""regions"": ""us,us2,eu""}"
e5061f138ef729943ac0dda36af6d75c5f7ce76f04e9a4beec615a70aa2033f2,2024-10-27T20:15:00Z,bba53e1026b6121c0255771479517a2f,oddsapi/hist_event_markets,1,"{""date"": ""2024-10-27T20:15:00Z"", ""dateFormat"": ""iso"", ""regions"": ""us,us2,eu""}"
d6ddb09c98906b7208b74e0d9dff52b9190778e8586cc1d525ab01129ef7762e,2023-09-09T17:00:00Z,bbe791f371726d950a509d928f4c65cd,oddsapi/hist_event_markets,1,"{""date"": ""2023-09-09T17:00:00Z"", ""dateFormat"": ""iso"", ""regions"": ""us,us2,eu""}"
55985310c334407a8e00c0edfdee1df2bf2a6326ecfc8ecc3c07b5884585c539,2023-09-10T16:50:00Z,bbe791f371726d950a509d928f4c65cd,oddsapi/hist_event_markets,1,"{""date"": ""2023-09-10T16:50:00Z"", ""dateFormat"": ""iso"", ""regions"": ""us,us2,eu""}"
5c7a26595ca4c7d9ac65512ee125a34711a59e55f600b2d087ccc688379beada,2025-09-13T20:25:00Z,bbec8d71145954cff67915c9b006bb6e,oddsapi/hist_event_markets,1,"{""date"": ""2025-09-13T20:25:00Z"", ""dateFormat"": ""iso"", ""regions"": ""us,us2,eu""}"
7fa6221f7731e661c4539a9b3d258e603d26f5d03dc94d7a85975a7a76842327,2025-09-14T20:15:00Z,bbec8d71145954cff67915c9b006bb6e,oddsapi/hist_event_markets,1,"{""date"": ""2025-09-14T20:15:00Z"", ""dateFormat"": ""iso"", ""regions"": ""us,us2,eu""}"
b3d082bbb53f39502bb5fba0a2bd02e1263ab056afcacb3c44f5c08edfded9e0,2025-10-04T17:00:00Z,bc4f9a719baf61261befad75f4bdb539,oddsapi/hist_event_markets,1,"{""date"": ""2025-10-04T17:00:00Z"", ""dateFormat"": ""iso"", ""regions"": ""us,us2,eu""}"
6c8fee077655c773db78ed0c6cb6d20321517ca8a2c25f362e7281783d5d4051,2025-10-05T16:50:00Z,bc4f9a719baf61261befad75f4bdb539,oddsapi/hist_event_markets,1,"{""date"": ""2025-10-05T16:50:00Z"", ""dateFormat"": ""iso"", ""regions"": ""us,us2,eu""}"
0a6fb5ef5a40a18150a51584e77144cd6c9900b646187ba5d4a1fa51c8d06c0a,2023-11-04T18:00:00Z,bc6c1c48eee564737dc27d9c184dd041,oddsapi/hist_event_markets,1,"{""date"": ""2023-11-04T18:00:00Z"", ""dateFormat"": ""iso"", ""regions"": ""us,us2,eu""}"
c6d881a18fd3bba53ef06b502aad6a2d9246e7be793295774d64976225949353,2023-11-05T17:50:00Z,bc6c1c48eee564737dc27d9c184dd041,oddsapi/hist_event_markets,1,"{""date"": ""2023-11-05T17:50:00Z"", ""dateFormat"": ""iso"", ""regions"": ""us,us2,eu""}"
6cc8c462923a02087904cf3457c0822d66d77062e060a1d2afee34df05d7b288,2024-11-23T18:00:00Z,bc6d508d57f822879df4dbc3c4465226,oddsapi/hist_event_markets,1,"{""date"": ""2024-11-23T18:00:00Z"", ""dateFormat"": ""iso"", ""regions"": ""us,us2,eu""}"
218396325aba2abf6c04343b636f4e6ac734e142c15100ed508a368711982eef,2024-11-24T17:50:00Z,bc6d508d57f822879df4dbc3c4465226,oddsapi/hist_event_markets,1,"{""date"": ""2024-11-24T17:50:00Z"", ""dateFormat"": ""iso"", ""regions"": ""us,us2,eu""}"
9a56481e5943149def67901f0792808b88edd06a558e01e16afdf0fe82e578c2,2023-11-18T21:25:00Z,bc7543ec7bf3dddcc6d71b433ef360d0,oddsapi/hist_event_markets,1,"{""date"": ""2023-11-18T21:25:00Z"", ""dateFormat"": ""iso"", ""regions"": ""us,us2,eu""}"
451e24ccbdc249a161811e41000584ae2ce8ec1e9450a850bb86649f7a571497,2023-11-19T21:15:00Z,bc7543ec7bf3dddcc6d71b433ef360d0,oddsapi/hist_event_markets,1,"{""date"": ""2023-11-19T21:15:00Z"", ""dateFormat"": ""iso"", ""regions"": ""us,us2,eu""}"
3742fcdc6bb5a6df858cf750b413258b6a36fa2daa4231bc876444bb0469b5d6,2025-09-28T23:15:00Z,bc76fb8d846588ed46297aaab4e83de9,oddsapi/hist_event_markets,1,"{""date"": ""2025-09-28T23:15:00Z"", ""dateFormat"": ""iso"", ""regions"": ""us,us2,eu""}"
770038772c1acd129caced9a364863ce5b6b210c9ae3fd8bf5a8beb227d6151e,2025-09-29T23:05:00Z,bc76fb8d846588ed46297aaab4e83de9,oddsapi/hist_event_markets,1,"{""date"": ""2025-09-29T23:05:00Z"", ""dateFormat"": ""iso"", ""regions"": ""us,us2,eu""}"
60b3c8b161b5611ce690a4aed4b5ac91c931f5f2a0f6e60ca85e036c11ffab92,2025-09-27T17:00:00Z,bcb1f89cf378a586097c50585e53acce,oddsapi/hist_event_markets,1,"{""date"": ""2025-09-27T17:00:00Z"", ""dateFormat"": ""iso"", ""regions"": ""us,us2,eu""}"
4bd92146dd13f71511806e971024df72b7f5cab6c9c6dffb229569435eba7a8a,2025-09-28T16:50:00Z,bcb1f89cf378a586097c50585e53acce,oddsapi/hist_event_markets,1,"{""date"": ""2025-09-28T16:50:00Z"", ""dateFormat"": ""iso"", ""regions"": ""us,us2,eu""}"
01763c99cdf38665d9ea80e54197ad8ae61f125850958f20892d05909497e55e,2024-01-20T01:15:00Z,bcba70d77b8cd7d1666b6c4179df2071,oddsapi/hist_event_markets,1,"{""date"": ""2024-01-20T01:15:00Z"", ""dateFormat"": ""iso"", ""regions"": ""us,us2,eu""}"
54aa07cacf20bfd5b16cf0cf8d012866619258011b18a7d6e8f7a24629522d2d,2024-01-21T01:05:00Z,bcba70d77b8cd7d1666b6c4179df2071,oddsapi/hist_event_markets,1,"{""date"": ""2024-01-21T01:05:00Z"", ""dateFormat"": ""iso"", ""regions"": ""us,us2,eu""}"
412b22f7960af649b563df2968381c36b28e3181582bf9219f97b9346acabd21,2023-12-30T18:00:00Z,bcbee01dcb5f170e494bbaf61b01d213,oddsapi/hist_event_markets,1,"{""date"": ""2023-12-30T18:00:00Z"", ""dateFormat"": ""iso"", ""regions"": ""us,us2,eu""}"
2c570e903013d8ef00cf3a7c3e84186d6017f54540e07ac45b3b8749060a5b8b,2023-12-31T17:50:00Z,bcbee01dcb5f170e494bbaf61b01d213,oddsapi/hist_event_markets,1,"{""date"": ""2023-12-31T17:50:00Z"", ""dateFormat"": ""iso"", ""regions"": ""us,us2,eu""}"
bf9a82060bcf58144b32a9042b00a8ae0a6baea682bfd00fcc67adad1330d309,2025-12-13T21:25:00Z,bd299b70476643cff05f2be58e12301a,oddsapi/hist_event_markets,1,"{""date"": ""2025-12-13T21:25:00Z"", ""dateFormat"": ""iso"", ""regions"": ""us,us2,eu""}"
56110b96b56ca27d7eec74d21f4c35483f26e2767382dece38228ffd136c651b,2025-12-14T21:15:00Z,bd299b70476643cff05f2be58e12301a,oddsapi/hist_event_markets,1,"{""date"": ""2025-12-14T21:15:00Z"", ""dateFormat"": ""iso"", ""regions"": ""us,us2,eu""}"
951208ef314003a7ffe1356015548345d3096b5e9b53556775d6e7f57455dcfa,2025-02-08T23:30:00Z,bd4955e110d816bbdff723b41d29d698,oddsapi/hist_event_markets,1,"{""date"": ""2025-02-08T23:30:00Z"", ""dateFormat"": ""iso"", ""regions"": ""us,us2,eu""}"
59c654fc0e091b2b2659a7070d3a1c459fdcd6e8f40890df72171f3e030832df,2025-02-09T23:20:00Z,bd4955e110d816bbdff723b41d29d698,oddsapi/hist_event_markets,1,"{""date"": ""2025-02-09T23:20:00Z"", ""dateFormat"": ""iso"", ""regions"": ""us,us2,eu""}"
b127750450a767cb598deb6e41b75c8232be08f9382cb269c883c71e8a62185b,2026-01-03T21:25:00Z,bd5134e8440a2b12cc8ac98ab4f18093,oddsapi/hist_event_markets,1,"{""date"": ""2026-01-03T21:25:00Z"", ""dateFormat"": ""iso"", ""regions"": ""us,us2,eu""}"
11a1da1304a7ea5dad3e8de0ac605e2e80bb54ccea25001fdd5edf4c6a38cd12,2026-01-04T21:15:00Z,bd5134e8440a2b12cc8ac98ab4f18093,oddsapi/hist_event_markets,1,"{""date"": ""2026-01-04T21:15:00Z"", ""dateFormat"": ""iso"", ""regions"": ""us,us2,eu""}"
baccf2e24c175c09add6b0605c2dae8c6184736ffe91c98366f4c4a1aa00f1f2,2024-09-22T00:20:00Z,bd907bcbaaefa56a30c4fa2c57281a51,oddsapi/hist_event_markets,1,"{""date"": ""2024-09-22T00:20:00Z"", ""dateFormat"": ""iso"", ""regions"": ""us,us2,eu""}"
468ee564d6896bc0a6eaca2dcce9f731aa5756d93c6a4134929d6ff012ff4feb,2024-09-23T00:10:00Z,bd907bcbaaefa56a30c4fa2c57281a51,oddsapi/hist_event_markets,1,"{""date"": ""2024-09-23T00:10:00Z"", ""dateFormat"": ""iso"", ""regions"": ""us,us2,eu""}"
fba26c7bef2be029bb9088b968874e568537ceb15a316cfbf9867c59a5d6a624,2024-10-12T17:00:00Z,bdc58f80a5a9b4515ee631fddc63a2c8,oddsapi/hist_event_markets,1,"{""date"": ""2024-10-12T17:00:00Z"", ""dateFormat"": ""iso"", ""regions"": ""us,us2,eu""}"
7f2cc742cb4b0402c4c1cb3cb613d1f1f7fb6b05d98beb86ee40a5cd285d9533,2024-10-13T16:50:00Z,bdc58f80a5a9b4515ee631fddc63a2c8,oddsapi/hist_event_markets,1,"{""date"": ""2024-10-13T16:50:00Z"", ""dateFormat"": ""iso"", ""regions"": ""us,us2,eu""}"
9636c70f9ddc93e06e0d158b1550d4a4f7d9e5e046c03edeadb874716034da63,2025-09-15T02:00:00Z,bebae12f59f19bd877df7ac3cab05263,oddsapi/hist_event_markets,1,"{""date"": ""2025-09-15T02:00:00Z"", ""dateFormat"": ""iso"", ""regions"": ""us,us2,eu""}"
2f808cf2c77932b3804a4c8abc0f5930252705be76a92325cc51071e356ef72d,2025-09-16T01:50:00Z,bebae12f59f19bd877df7ac3cab05263,oddsapi/hist_event_markets,1,"{""date"": ""2025-09-16T01:50:00Z"", ""dateFormat"": ""iso"", ""regions"": ""us,us2,eu""}"
851d7336661e8ef27eb20efba70bd1e8e55cd0ba7d8538e47812289f33f1c7a8,2024-12-22T01:20:00Z,beea49da0ca78cc5636fa84188603fa0,oddsapi/hist_event_markets,1,"{""date"": ""2024-12-22T01:20:00Z"", ""dateFormat"": ""iso"", ""regions"": ""us,us2,eu""}"
7e2b1bb44df8252b69c841cbc2622418c13a53e45fb7ee5243c0a02a81553f9e,2024-12-23T01:10:00Z,beea49da0ca78cc5636fa84188603fa0,oddsapi/hist_event_markets,1,"{""date"": ""2024-12-23T01:10:00Z"", ""dateFormat"": ""iso"", ""regions"": ""us,us2,eu""}"
ff9474ce9fd1ed7f70e1b81fd2a9930d46d3fa884ad9bba548dc22cc6d477972,2023-10-07T17:00:00Z,bef2023cdadb009e088e3ef6db2ea809,oddsapi/hist_event_markets,1,"{""date"": ""2023-10-07T17:00:00Z"", ""dateFormat"": ""iso"", ""regions"": ""us,us2,eu""}"
3b565035f51c2b2c1561eae1fde931b593a5bdeb95b2798947774fb65b27228a,2023-10-08T16:50:00Z,bef2023cdadb009e088e3ef6db2ea809,oddsapi/hist_event_markets,1,"{""date"": ""2023-10-08T16:50:00Z"", ""dateFormat"": ""iso"", ""regions"": ""us,us2,eu""}"
53c25eece1d7d3eec34383fc385930406ed3af1aa9b8b7666c6da0bc6e3b7a12,2024-12-19T01:15:00Z,bfc194ec2b2697cd57f0c7d139e3c05f,oddsapi/hist_event_markets,1,"{""date"": ""2024-12-19T01:15:00Z"", ""dateFormat"": ""iso"", ""regions"": ""us,us2,eu""}"
93f6588e6c9735d121ef5c4b2b729f28c0d90269bdcfbc866f04860f4d0d970f,2024-12-20T01:05:00Z,bfc194ec2b2697cd57f0c7d139e3c05f,oddsapi/hist_event_markets,1,"{""date"": ""2024-12-20T01:05:00Z"", ""dateFormat"": ""iso"", ""regions"": ""us,us2,eu""}"
e73d5ab665d0d20fd74004a9fededc13016aab43b8ecf6671c31faf71e5af044,2023-10-14T17:00:00Z,bfc6774467b939acbabaa8414f1a4961,oddsapi/hist_event_markets,1,"{""date"": ""2023-10-14T17:00:00Z"", ""dateFormat"": ""iso"", ""regions"": ""us,us2,eu""}"
428b068c5c5ac9c03ba7887739dcc3636a5c3120cfa651d0f5649a9e4d009a12,2023-10-15T16:50:00Z,bfc6774467b939acbabaa8414f1a4961,oddsapi/hist_event_markets,1,"{""date"": ""2023-10-15T16:50:00Z"", ""dateFormat"": ""iso"", ""regions"": ""us,us2,eu""}"
b849735f5c4f06fa245214fb0e29aa890aae62bbe2eb75b340e8204d7e7a2a81,2023-11-04T18:00:00Z,c0b98a80a1d531cc3f1bc4c99e1a1b76,oddsapi/hist_event_markets,1,"{""date"": ""2023-11-04T18:00:00Z"", ""dateFormat"": ""iso"", ""regions"": ""us,us2,eu""}"
0ecc5b79a77a37fae381880d732bb4a796138cf7e56707f4796632dd122faeb3,2023-11-05T17:50:00Z,c0b98a80a1d531cc3f1bc4c99e1a1b76,oddsapi/hist_event_markets,1,"{""date"": ""2023-11-05T17:50:00Z"", ""dateFormat"": ""iso"", ""regions"": ""us,us2,eu""}"
399f13a21429812e18ae24c0caf41c46d74e333138c17ca9f409b72773e7919d,2025-11-29T18:00:00Z,c0d324e29ce58b36bdc77564f7aae56f,oddsapi/hist_event_markets,1,"{""date"": ""2025-11-29T18:00:00Z"", ""dateFormat"": ""iso"", ""regions"": ""us,us2,eu""}"
eb4b205e2b7161c19eb9b97688536876af2bf57c131a1ae4ae320e4c5f8a86f2,2025-11-30T17:50:00Z,c0d324e29ce58b36bdc77564f7aae56f,oddsapi/hist_event_markets,1,"{""date"": ""2025-11-30T17:50:00Z"", ""dateFormat"": ""iso"", ""regions"": ""us,us2,eu""}"
caa01e675095758513f4b09eb7df24b41b9cda001a8506fb93813cc05ed474b0,2025-12-13T18:00:00Z,c127c7a2426ec655e18ca9c394068f6c,oddsapi/hist_event_markets,1,"{""date"": ""2025-12-13T18:00:00Z"", ""dateFormat"": ""iso"", ""regions"": ""us,us2,eu""}"
bbb2ce95ccd8157aa9b0b0a32d5839d1c7ef3c63a95ef84a2234ca5bde292013,2025-12-14T17:50:00Z,c127c7a2426ec655e18ca9c394068f6c,oddsapi/hist_event_markets,1,"{""date"": ""2025-12-14T17:50:00Z"", ""dateFormat"": ""iso"", ""regions"": ""us,us2,eu""}"
ae91d9dafab1c02001a942e5ec6be447d3f1b0be15822b8ae4e97fb984452d12,2023-11-04T18:00:00Z,c1362543e7eb1a7fb370510089fdd2bb,oddsapi/hist_event_markets,1,"{""date"": ""2023-11-04T18:00:00Z"", ""dateFormat"": ""iso"", ""regions"": ""us,us2,eu""}"
0952937b224c2c589ba9c7a37ea3147a69b46e19308c7fdf127f954e2fc41485,2023-11-05T17:50:00Z,c1362543e7eb1a7fb370510089fdd2bb,oddsapi/hist_event_markets,1,"{""date"": ""2023-11-05T17:50:00Z"", ""dateFormat"": ""iso"", ""regions"": ""us,us2,eu""}"
863fb0b69769987aaafe72d8f461e12ec2eecaa3873fb2b92b2abd795fdd8401,2024-12-07T18:00:00Z,c14dd2e8bf469a6736f73be3c28706e8,oddsapi/hist_event_markets,1,"{""date"": ""2024-12-07T18:00:00Z"", ""dateFormat"": ""iso"", ""regions"": ""us,us2,eu""}"
e1b61073da4cc1b50cfeb695d64d5ea9c00e89cbb137af9a3e71c1413b4258f2,2024-12-08T17:50:00Z,c14dd2e8bf469a6736f73be3c28706e8,oddsapi/hist_event_markets,1,"{""date"": ""2024-12-08T17:50:00Z"", ""dateFormat"": ""iso"", ""regions"": ""us,us2,eu""}"
215f4ad4a5304a2c7b52493b2b3b3a0e1160491803c80c8d8cac757e4f9e9c39,2023-11-27T01:15:00Z,c1b7e562062eb3bac053a2f5ecf399f9,oddsapi/hist_event_markets,1,"{""date"": ""2023-11-27T01:15:00Z"", ""dateFormat"": ""iso"", ""regions"": ""us,us2,eu""}"
6b275f57634af260dd0a0ec6532818337feb2297ef01e5a497b118441c2a02d9,2023-11-28T01:05:00Z,c1b7e562062eb3bac053a2f5ecf399f9,oddsapi/hist_event_markets,1,"{""date"": ""2023-11-28T01:05:00Z"", ""dateFormat"": ""iso"", ""regions"": ""us,us2,eu""}"
1537ab1aeff1afe51b3518b294a5a3e31bb3c6bf865fd8af6de4bb61d9d32503,2024-10-12T13:30:00Z,c1bcc8bbec33008ae587584b1b3de2d0,oddsapi/hist_event_markets,1,"{""date"": ""2024-10-12T13:30:00Z"", ""dateFormat"": ""iso"", ""regions"": ""us,us2,eu""}"
876c522f60ec5c7c04724f1667a9b221ce3cb5aa26191815b5154949c90f9023,2024-10-13T13:20:00Z,c1bcc8bbec33008ae587584b1b3de2d0,oddsapi/hist_event_markets,1,"{""date"": ""2024-10-13T13:20:00Z"", ""dateFormat"": ""iso"", ""regions"": ""us,us2,eu""}"
aa13b02a4592e1552f046febf72e70e1bf3e7a08f13a4261e22cd16cba293e46,2023-10-08T00:20:00Z,c240c9cee93e5677cdd74f93f77dd4c9,oddsapi/hist_event_markets,1,"{""date"": ""2023-10-08T00:20:00Z"", ""dateFormat"": ""iso"", ""regions"": ""us,us2,eu""}"
52ea12fb4da01ec49b055c8c514216e33333ecbf26667287dbb5df380c063e2a,2023-10-09T00:10:00Z,c240c9cee93e5677cdd74f93f77dd4c9,oddsapi/hist_event_markets,1,"{""date"": ""2023-10-09T00:10:00Z"", ""dateFormat"": ""iso"", ""regions"": ""us,us2,eu""}"
6391987adcf62b84e50c150eab3a453190302ca0fb2b84fb715c28e6b11ae0d7,2024-01-06T21:25:00Z,c275e949047e5983348e5431f78e4013,oddsapi/hist_event_markets,1,"{""date"": ""2024-01-06T21:25:00Z"", ""dateFormat"": ""iso"", ""regions"": ""us,us2,eu""}"
f20bebf95edb4d4db699845fb71e34c398269db8beb594638c313ad901ac8a14,2024-01-07T21:15:00Z,c275e949047e5983348e5431f78e4013,oddsapi/hist_event_markets,1,"{""date"": ""2024-01-07T21:15:00Z"", ""dateFormat"": ""iso"", ""regions"": ""us,us2,eu""}"
524eb37fe69eaf5538ab935a87b8b3c56c7d549e1bf3b950281cd75af9f01f24,2025-11-02T01:20:00Z,c2fd8a23091a954fb21ff6d3537db826,oddsapi/hist_event_markets,1,"{""date"": ""2025-11-02T01:20:00Z"", ""dateFormat"": ""iso"", ""regions"": ""us,us2,eu""}"
46d6a4d6e43b51eb76ad4da53a438a21366527bff6eb07ccd7483b015df58cb4,2025-11-03T01:10:00Z,c2fd8a23091a954fb21ff6d3537db826,oddsapi/hist_event_markets,1,"{""date"": ""2025-11-03T01:10:00Z"", ""dateFormat"": ""iso"", ""regions"": ""us,us2,eu""}"
5e1611a5992aef9e329354fffe8300547e835450c30f1218dfa4cff870acafa4,2023-09-30T17:00:00Z,c341da353c0b5f8267f046c60e7ad2ad,oddsapi/hist_event_markets,1,"{""date"": ""2023-09-30T17:00:00Z"", ""dateFormat"": ""iso"", ""regions"": ""us,us2,eu""}"
a7ee3c6246bb046bf20ef52861c3394db0168cea69f7bc9f7c723c6226a1d71b,2023-10-01T16:50:00Z,c341da353c0b5f8267f046c60e7ad2ad,oddsapi/hist_event_markets,1,"{""date"": ""2023-10-01T16:50:00Z"", ""dateFormat"": ""iso"", ""regions"": ""us,us2,eu""}"
ae60d3f80a07a5cf2ae1829813fc33b103460716dd6f7c1887fd447a419eca55,2026-01-09T21:30:00Z,c37a03009947c0191ab4e2de9664705a,oddsapi/hist_event_markets,1,"{""date"": ""2026-01-09T21:30:00Z"", ""dateFormat"": ""iso"", ""regions"": ""us,us2,eu""}"
97006db8005fa2ea312203efae422bf1b0cbcbf4e516104b0ae65e1bea1ab645,2026-01-10T21:20:00Z,c37a03009947c0191ab4e2de9664705a,oddsapi/hist_event_markets,1,"{""date"": ""2026-01-10T21:20:00Z"", ""dateFormat"": ""iso"", ""regions"": ""us,us2,eu""}"
dfe6e6789f6cf46c5ee8bcdd8892622c82b969afd88bbfbd46b06d7b7e9d1fd0,2024-10-21T01:00:00Z,c38d6ebf21ca6194da4757c090eac3a2,oddsapi/hist_event_markets,1,"{""date"": ""2024-10-21T01:00:00Z"", ""dateFormat"": ""iso"", ""regions"": ""us,us2,eu""}"
21107b78e4de8106c8762325a3d1529efa2435f001a9dbb21483dba16482a108,2024-10-22T00:50:00Z,c38d6ebf21ca6194da4757c090eac3a2,oddsapi/hist_event_markets,1,"{""date"": ""2024-10-22T00:50:00Z"", ""dateFormat"": ""iso"", ""regions"": ""us,us2,eu""}"
e2c02ec6a5837239b7992ff18e52af51eea8b85cbd5070b34aca5bd9d50c42c3,2024-10-12T17:00:00Z,c3b700ee54cf3cb44de965e6cfcb19f9,oddsapi/hist_event_markets,1,"{""date"": ""2024-10-12T17:00:00Z"", ""dateFormat"": ""iso"", ""regions"": ""us,us2,eu""}"
8acbedf1047fb7330b3692e407ac46973ec78d835d85663d9847cfbda39f9cc2,2024-10-13T16:50:00Z,c3b700ee54cf3cb44de965e6cfcb19f9,oddsapi/hist_event_markets,1,"{""date"": ""2024-10-13T16:50:00Z"", ""dateFormat"": ""iso"", ""regions"": ""us,us2,eu""}"
850ab83195756871365fdcaf3007d0ec59cd1cae5cc24954f11d5913e5deedf1,2024-09-07T17:00:00Z,c483f5c8e0ee5f1f5abdd75870eeeffc,oddsapi/hist_event_markets,1,"{""date"": ""2024-09-07T17:00:00Z"", ""dateFormat"": ""iso"", ""regions"": ""us,us2,eu""}"
57b86ca26efe7fee26cc545933c14143a94682bb487db483eec5cd4669300584,2024-09-08T16:50:00Z,c483f5c8e0ee5f1f5abdd75870eeeffc,oddsapi/hist_event_markets,1,"{""date"": ""2024-09-08T16:50:00Z"", ""dateFormat"": ""iso"", ""regions"": ""us,us2,eu""}"
b3446471ce18cb53e8234b8cd9e1ea2a1b2dfbeed21dbb28873bc31930212fba,2023-11-25T21:25:00Z,c491f05b066449d95732c4f52ac57e66,oddsapi/hist_event_markets,1,"{""date"": ""2023-11-25T21:25:00Z"", ""dateFormat"": ""iso"", ""regions"": ""us,us2,eu""}"
4a800247e55655ca92cd169cf2b7bee5741f71121c954beee3436f4fe30de4dc,2023-11-26T21:15:00Z,c491f05b066449d95732c4f52ac57e66,oddsapi/hist_event_markets,1,"{""date"": ""2023-11-26T21:15:00Z"", ""dateFormat"": ""iso"", ""regions"": ""us,us2,eu""}"
fc7f51a38fbe91af370736021113909f7acec2bbbea6ff7c0fc1a4c10b5c21d6,2025-10-02T00:15:00Z,c4b72eabb3d557e73022ec730d8e3944,oddsapi/hist_event_markets,1,"{""date"": ""2025-10-02T00:15:00Z"", ""dateFormat"": ""iso"", ""regions"": ""us,us2,eu""}"
50abd64671fe93f8f435111026896d962bec208b22708d75b75f663250f05922,2025-10-03T00:05:00Z,c4b72eabb3d557e73022ec730d8e3944,oddsapi/hist_event_markets,1,"{""date"": ""2025-10-03T00:05:00Z"", ""dateFormat"": ""iso"", ""regions"": ""us,us2,eu""}"
77236b4464df2d023e130a71caddbc6923a6844d3a40ef2103d8df98146208ce,2025-09-20T17:00:00Z,c4c42918a645b1a4773f47d7eaa5cfcf,oddsapi/hist_event_markets,1,"{""date"": ""2025-09-20T17:00:00Z"", ""dateFormat"": ""iso"", ""regions"": ""us,us2,eu""}"
b28c0379c74078fac360fcdae076935587ec797814994c040a2fb0dd0e672bd9,2025-09-21T16:50:00Z,c4c42918a645b1a4773f47d7eaa5cfcf,oddsapi/hist_event_markets,1,"{""date"": ""2025-09-21T16:50:00Z"", ""dateFormat"": ""iso"", ""regions"": ""us,us2,eu""}"
5b7701bfff09d35e344bd5a209c1032468d6c284c3b9d4406669e169d424f35f,2024-09-14T17:00:00Z,c4e5642a8746f3e8fbb09d59a611ffe4,oddsapi/hist_event_markets,1,"{""date"": ""2024-09-14T17:00:00Z"", ""dateFormat"": ""iso"", ""regions"": ""us,us2,eu""}"
44d2dca030c0af99b3f9123d5f598fdbb4451545cb1688b798570a2cd760ae54,2024-09-15T16:50:00Z,c4e5642a8746f3e8fbb09d59a611ffe4,oddsapi/hist_event_markets,1,"{""date"": ""2024-09-15T16:50:00Z"", ""dateFormat"": ""iso"", ""regions"": ""us,us2,eu""}"
11270dc43bf8682f3d64f7203c521394b2a5b845187318237b322fc59985c5b4,2023-12-09T18:00:00Z,c4fa37180b109663749897f5e7ddb134,oddsapi/hist_event_markets,1,"{""date"": ""2023-12-09T18:00:00Z"", ""dateFormat"": ""iso"", ""regions"": ""us,us2,eu""}"
2b0c736f9ede7448bb83acba9516e4f304d0c2c1432d1c778f2def521038b7b6,2023-12-10T17:50:00Z,c4fa37180b109663749897f5e7ddb134,oddsapi/hist_event_markets,1,"{""date"": ""2023-12-10T17:50:00Z"", ""dateFormat"": ""iso"", ""regions"": ""us,us2,eu""}"
6f3c6280e3b03a966b8785d60238fe6553a63d984a84de751846e99adf72d6ad,2024-12-14T21:25:00Z,c562ac548944fe897e62f4a142de4d54,oddsapi/hist_event_markets,1,"{""date"": ""2024-12-14T21:25:00Z"", ""dateFormat"": ""iso"", ""regions"": ""us,us2,eu""}"
72d3f34b9362030e7245e865a95cfb147c3a256e432ce70df379f2444471538e,2024-12-15T21:15:00Z,c562ac548944fe897e62f4a142de4d54,oddsapi/hist_event_markets,1,"{""date"": ""2024-12-15T21:15:00Z"", ""dateFormat"": ""iso"", ""regions"": ""us,us2,eu""}"
3a090dc1d8e56e40e80d12f8d006ce15f788f18be4f5877d4733fb5b5ea986f8,2023-09-30T17:00:00Z,c5d8f1bdd3a599a9643b955f27aa1afb,oddsapi/hist_event_markets,1,"{""date"": ""2023-09-30T17:00:00Z"", ""dateFormat"": ""iso"", ""regions"": ""us,us2,eu""}"
521c54b0e82c8bbcf501064e92924b5a04ffb98d9d6570654d4442a70e901b31,2023-10-01T16:50:00Z,c5d8f1bdd3a599a9643b955f27aa1afb,oddsapi/hist_event_markets,1,"{""date"": ""2023-10-01T16:50:00Z"", ""dateFormat"": ""iso"", ""regions"": ""us,us2,eu""}"
0c41b0ba5b9f6f0466ad25567118fe1c5be12b620ba6c876fee5012d94332ba4,2023-11-11T18:00:00Z,c5eeafee32ce8de348c503a58d42e8d5,oddsapi/hist_event_markets,1,"{""date"": ""2023-11-11T18:00:00Z"", ""dateFormat"": ""iso"", ""regions"": ""us,us2,eu""}"
0b43302d63c02ef4aaa4cb6694b143ee64c2eb90bbd0801deb12a84df9d25a48,2023-11-12T17:50:00Z,c5eeafee32ce8de348c503a58d42e8d5,oddsapi/hist_event_markets,1,"{""date"": ""2023-11-12T17:50:00Z"", ""dateFormat"": ""iso"", ""regions"": ""us,us2,eu""}"
2a8c81dbd6896b5fb9d70b7d4ff6c29e0054722372049ca8d12b343eb11b6c85,2026-01-03T01:00:00Z,c624c615075899bb7be6a39e5eea3b2b,oddsapi/hist_event_markets,1,"{""date"": ""2026-01-03T01:00:00Z"", ""dateFormat"": ""iso"", ""regions"": ""us,us2,eu""}"
60efb6d0ab4552884eef7b17b35b3f1bcd4b278ce6f46346b38ec2d39f2fa442,2026-01-04T00:50:00Z,c624c615075899bb7be6a39e5eea3b2b,oddsapi/hist_event_markets,1,"{""date"": ""2026-01-04T00:50:00Z"", ""dateFormat"": ""iso"", ""regions"": ""us,us2,eu""}"
4c7dd562f12c46bc847e16f9c93f9aca1e867fde23764e057ca48ec1c9a1bd31,2025-12-06T18:00:00Z,c67c327076a98a3a1c4a5eb32e5a80c2,oddsapi/hist_event_markets,1,"{""date"": ""2025-12-06T18:00:00Z"", ""dateFormat"": ""iso"", ""regions"": ""us,us2,eu""}"
cd11b60be85ae0873ae18dd74437b8522c052616801353aa5b0487888a7f9984,2025-12-07T17:50:00Z,c67c327076a98a3a1c4a5eb32e5a80c2,oddsapi/hist_event_markets,1,"{""date"": ""2025-12-07T17:50:00Z"", ""dateFormat"": ""iso"", ""regions"": ""us,us2,eu""}"
1fc3b15146ce1baf584a1fa9d91e48a64461ea6095054c977bd374a08b9d832e,2023-09-23T17:00:00Z,c6aa32a2bdcc85e5d8b8ae2e570607e6,oddsapi/hist_event_markets,1,"{""date"": ""2023-09-23T17:00:00Z"", ""dateFormat"": ""iso"", ""regions"": ""us,us2,eu""}"
20aead6f4d6c09f999226eafd75c7968e4623342b2bbb7c4cfeedd026c97394c,2023-09-24T16:50:00Z,c6aa32a2bdcc85e5d8b8ae2e570607e6,oddsapi/hist_event_markets,1,"{""date"": ""2023-09-24T16:50:00Z"", ""dateFormat"": ""iso"", ""regions"": ""us,us2,eu""}"
0cae93c69038edc1b823696713f59ac5f283fc95c29627ed988ba5287e30c447,2024-12-28T21:25:00Z,c6aa971def88c7d2127d05ace3a8e643,oddsapi/hist_event_markets,1,"{""date"": ""2024-12-28T21:25:00Z"", ""dateFormat"": ""iso"", ""regions"": ""us,us2,eu""}"
5371a6cdf0f2b6248408fa6952afa6f11eafceb1098b35233e3a605d2cdea5b0,2024-12-29T21:15:00Z,c6aa971def88c7d2127d05ace3a8e643,oddsapi/hist_event_markets,1,"{""date"": ""2024-12-29T21:15:00Z"", ""dateFormat"": ""iso"", ""regions"": ""us,us2,eu""}"
91e00935d5b96dfc7b8cd716f98e32b5b5e7bfec7d1608309d51b6d2485b11a6,2023-12-23T18:00:00Z,c6c5f6a4a8e8b48115dfd68af22c08c4,oddsapi/hist_event_markets,1,"{""date"": ""2023-12-23T18:00:00Z"", ""dateFormat"": ""iso"", ""regions"": ""us,us2,eu""}"
6035d4af9c4cc60ecd6e8fa278493eedfdc25e57d768a3ba63f80b376372e90d,2023-12-24T17:50:00Z,c6c5f6a4a8e8b48115dfd68af22c08c4,oddsapi/hist_event_markets,1,"{""date"": ""2023-12-24T17:50:00Z"", ""dateFormat"": ""iso"", ""regions"": ""us,us2,eu""}"
6be1b0230d170e458694ff04f96daaf571492c66526ba5e7553c17e44a240d92,2025-09-08T00:15:00Z,c6d7807cee33d5e81c671527b9c8b3f1,oddsapi/hist_event_markets,1,"{""date"": ""2025-09-08T00:15:00Z"", ""dateFormat"": ""iso"", ""regions"": ""us,us2,eu""}"
bf950e835215829495cbe8cf52ef8cc254e35ab1b29def67ada1ed04ee8cf6cb,2025-09-09T00:05:00Z,c6d7807cee33d5e81c671527b9c8b3f1,oddsapi/hist_event_markets,1,"{""date"": ""2025-09-09T00:05:00Z"", ""dateFormat"": ""iso"", ""regions"": ""us,us2,eu""}"
4dbf5669f6a3dfbc398af49e290eca69d4e7e801bc02f75baa3a990b41da9e36,2023-10-14T17:00:00Z,c6e270f707e1122b6e6431cfbf1124fa,oddsapi/hist_event_markets,1,"{""date"": ""2023-10-14T17:00:00Z"", ""dateFormat"": ""iso"", ""regions"": ""us,us2,eu""}"
a09c68f46894f661cac03037d2eb7731fc2ef58b40e67d8be69c72d296d0e547,2023-10-15T16:50:00Z,c6e270f707e1122b6e6431cfbf1124fa,oddsapi/hist_event_markets,1,"{""date"": ""2023-10-15T16:50:00Z"", ""dateFormat"": ""iso"", ""regions"": ""us,us2,eu""}"
5ea7c2b6a3bc7dab73596071ee1af4c56c0e902665d7c35cfde5f1602401186e,2024-12-08T01:20:00Z,c70e1ecbef22c98419d4707199d050af,oddsapi/hist_event_markets,1,"{""date"": ""2024-12-08T01:20:00Z"", ""dateFormat"": ""iso"", ""regions"": ""us,us2,eu""}"
2a26e410af5349d6b7cb22f811e36d62b9f33788042dd3e55e75fd272403c514,2024-12-09T01:10:00Z,c70e1ecbef22c98419d4707199d050af,oddsapi/hist_event_markets,1,"{""date"": ""2024-12-09T01:10:00Z"", ""dateFormat"": ""iso"", ""regions"": ""us,us2,eu""}"
c26bbb3da59ac2fa32601aca1ae3d48ab0985b5fe40f154824f1f521bf0c3384,2023-09-30T17:00:00Z,c8507434f37635cdaed5f91a0fd5d54a,oddsapi/hist_event_markets,1,"{""date"": ""2023-09-30T17:00:00Z"", ""dateFormat"": ""iso"", ""regions"": ""us,us2,eu""}"
3d8976dc3ec5aa408198d789f770d6a7aec9072badfc8a972d3e84d033fd0187,2023-10-01T16:50:00Z,c8507434f37635cdaed5f91a0fd5d54a,oddsapi/hist_event_markets,1,"{""date"": ""2023-10-01T16:50:00Z"", ""dateFormat"": ""iso"", ""regions"": ""us,us2,eu""}"
2e20649fffbdb6363aac0ba06880664fc44b20223ecfdf5a4e6d902ff669e899,2025-12-06T18:00:00Z,c86a0783216d21040c87fce3aadd3336,oddsapi/hist_event_markets,1,"{""date"": ""2025-12-06T18:00:00Z"", ""dateFormat"": ""iso"", ""regions"": ""us,us2,eu""}"
e1aa92d7aec34b7fb3c113376e9d1ffdb0c09bb55de6c3a55314e616a82b5032,2025-12-07T17:50:00Z,c86a0783216d21040c87fce3aadd3336,oddsapi/hist_event_markets,1,"{""date"": ""2025-12-07T17:50:00Z"", ""dateFormat"": ""iso"", ""regions"": ""us,us2,eu""}"
a18bb16a2a5db567e7cd7e7e2f311fd373eb4af1d1a426d556c514217fbbbf5e,2024-11-09T18:00:00Z,c885c70be6b073f94096eb0db2a27c3c,oddsapi/hist_event_markets,1,"{""date"": ""2024-11-09T18:00:00Z"", ""dateFormat"": ""iso"", ""regions"": ""us,us2,eu""}"
1181c9041aec91e7b888970ab0cee6e3484c9c37b259df8ea1996abc9f611244,2024-11-10T17:50:00Z,c885c70be6b073f94096eb0db2a27c3c,oddsapi/hist_event_markets,1,"{""date"": ""2024-11-10T17:50:00Z"", ""dateFormat"": ""iso"", ""regions"": ""us,us2,eu""}"
8282b65aae8697c7624dc8dc4a2c8a7190695df228cb9237607461f257731c8e,2025-11-22T18:00:00Z,c8913b70b63ae247f23a4e1dec08c668,oddsapi/hist_event_markets,1,"{""date"": ""2025-11-22T18:00:00Z"", ""dateFormat"": ""iso"", ""regions"": ""us,us2,eu""}"
70b30647e4a1948287c836f673034dfd399d81d90c65281e2e2235618505c3e7,2025-11-23T17:50:00Z,c8913b70b63ae247f23a4e1dec08c668,oddsapi/hist_event_markets,1,"{""date"": ""2025-11-23T17:50:00Z"", ""dateFormat"": ""iso"", ""regions"": ""us,us2,eu""}"
62c485a90a84198968abea2a1b1423897c94ed0ac9f3db57cd40ef4df1a52bcf,2023-10-21T20:25:00Z,c992a4e4d0046cd4926bf3524e35ff79,oddsapi/hist_event_markets,1,"{""date"": ""2023-10-21T20:25:00Z"", ""dateFormat"": ""iso"", ""regions"": ""us,us2,eu""}"
f426a496f8a113cbccc1f1a3f74f4dc53ddbc423e3e8d7c7b0248beafd19b5e2,2023-10-22T20:15:00Z,c992a4e4d0046cd4926bf3524e35ff79,oddsapi/hist_event_markets,1,"{""date"": ""2023-10-22T20:15:00Z"", ""dateFormat"": ""iso"", ""regions"": ""us,us2,eu""}"
f238ecbfe98dc849809493f911fc770e24ce67ed8fcd65ed8b89325a5556a959,2024-11-16T18:00:00Z,ca63340028583e516e8053ee36318425,oddsapi/hist_event_markets,1,"{""date"": ""2024-11-16T18:00:00Z"", ""dateFormat"": ""iso"", ""regions"": ""us,us2,eu""}"
ae1bdcbc3e9f64819ec324075e85a32406b9455dda136e77d63a6521f1bd384b,2024-11-17T17:50:00Z,ca63340028583e516e8053ee36318425,oddsapi/hist_event_markets,1,"{""date"": ""2024-11-17T17:50:00Z"", ""dateFormat"": ""iso"", ""regions"": ""us,us2,eu""}"
ac0d7b01d9870281f0f7af4d7837ddb33e26dc25bf834b63b56d6f9e6d5172ce,2023-12-30T18:00:00Z,ca9b6b094079a726579f7cc265ce6c18,oddsapi/hist_event_markets,1,"{""date"": ""2023-12-30T18:00:00Z"", ""dateFormat"": ""iso"", ""regions"": ""us,us2,eu""}"
188a054309120193940f99c3c51d65ea261cdc174b47558a79bd34a50a64d1d1,2023-12-31T17:50:00Z,ca9b6b094079a726579f7cc265ce6c18,oddsapi/hist_event_markets,1,"{""date"": ""2023-12-31T17:50:00Z"", ""dateFormat"": ""iso"", ""regions"": ""us,us2,eu""}"
0e1e409a888d7bde782b6667e09f97254cb63e13ad096cf7a3b9ea24c8fa7982,2023-09-23T17:00:00Z,caae83ff4cadf6b1d63bc8a70af76865,oddsapi/hist_event_markets,1,"{""date"": ""2023-09-23T17:00:00Z"", ""dateFormat"": ""iso"", ""regions"": ""us,us2,eu""}"
9f42cbcf81d168ad279b8b1370af94ac073cf4e730cd2d38d1a3e62f47210445,2023-09-24T16:50:00Z,caae83ff4cadf6b1d63bc8a70af76865,oddsapi/hist_event_markets,1,"{""date"": ""2023-09-24T16:50:00Z"", ""dateFormat"": ""iso"", ""regions"": ""us,us2,eu""}"
e1f57cde00275d84db5896a9b382125ef31313093004b89cd718a7e264265f8d,2024-12-28T18:00:00Z,cb4060acc9d027ca0069619ef9983415,oddsapi/hist_event_markets,1,"{""date"": ""2024-12-28T18:00:00Z"", ""dateFormat"": ""iso"", ""regions"": ""us,us2,eu""}"
ed0e06aef3b31f06070df1b54490ea36d7597334d98826f6c71170a8bb805941,2024-12-29T17:50:00Z,cb4060acc9d027ca0069619ef9983415,oddsapi/hist_event_markets,1,"{""date"": ""2024-12-29T17:50:00Z"", ""dateFormat"": ""iso"", ""regions"": ""us,us2,eu""}"
6fc2ef449cb514e72563a3381af6c60dfd9f75fd74ea660f595458e06a20a654,2023-11-04T18:00:00Z,cb6cae2ee8545b9f028840116a6d8aac,oddsapi/hist_event_markets,1,"{""date"": ""2023-11-04T18:00:00Z"", ""dateFormat"": ""iso"", ""regions"": ""us,us2,eu""}"
7f25d9b0fead5cba0d3fb580d254d79db3a232089f66897eff3c8086f504c5bf,2023-11-05T17:50:00Z,cb6cae2ee8545b9f028840116a6d8aac,oddsapi/hist_event_markets,1,"{""date"": ""2023-11-05T17:50:00Z"", ""dateFormat"": ""iso"", ""regions"": ""us,us2,eu""}"
634751a45b173029880217bd41c5a43e56afd3ba3f061bc88bc4ef9969e4b00c,2024-10-17T00:15:00Z,cc1d6e0125f5444f70609ce9e0829fa9,oddsapi/hist_event_markets,1,"{""date"": ""2024-10-17T00:15:00Z"", ""dateFormat"": ""iso"", ""regions"": ""us,us2,eu""}"
1624118437bb4c9d24df0e6c579964d889446973062ef897f5166f9de17bcc97,2024-10-18T00:05:00Z,cc1d6e0125f5444f70609ce9e0829fa9,oddsapi/hist_event_markets,1,"{""date"": ""2024-10-18T00:05:00Z"", ""dateFormat"": ""iso"", ""regions"": ""us,us2,eu""}"
24ceef65020c67e8556fea5ba6bf1ce23e4ab816626a3e5e3e09a24f84df4098,2024-11-16T21:05:00Z,cc4a0f06f87d64f4a02816ca7da514fa,oddsapi/hist_event_markets,1,"{""date"": ""2024-11-16T21:05:00Z"", ""dateFormat"": ""iso"", ""regions"": ""us,us2,eu""}"
9a99678b65a45989657ec2d89b12e5d541b5b6f07ff059e334c5a037a38f8309,2024-11-17T20:55:00Z,cc4a0f06f87d64f4a02816ca7da514fa,oddsapi/hist_event_markets,1,"{""date"": ""2024-11-17T20:55:00Z"", ""dateFormat"": ""iso"", ""regions"": ""us,us2,eu""}"
068f7f514a23166bee6442cfcca251a1c33a22a5817fc1f2cc57b8389bb85350,2024-01-06T21:25:00Z,cc55919e69edfb7f2749f3430f5b4b26,oddsapi/hist_event_markets,1,"{""date"": ""2024-01-06T21:25:00Z"", ""dateFormat"": ""iso"", ""regions"": ""us,us2,eu""}"
774de86926eaed7a132159df8e58ac566692fdbd0210f237a98b1f45445c66c4,2024-01-07T21:15:00Z,cc55919e69edfb7f2749f3430f5b4b26,oddsapi/hist_event_markets,1,"{""date"": ""2024-01-07T21:15:00Z"", ""dateFormat"": ""iso"", ""regions"": ""us,us2,eu""}"
3a12bca2a2efc3282f11961608b56e0ba51a55a6c1f3672464193ca09095e392,2025-11-15T21:25:00Z,cc60225b5a907bd9ba7c27c23131fc5c,oddsapi/hist_event_markets,1,"{""date"": ""2025-11-15T21:25:00Z"", ""dateFormat"": ""iso"", ""regions"": ""us,us2,eu""}"
8dc9b71ffdcfa0790b6461608c5d7055e84f3dea77d275877a93ef0c2c7f0e21,2025-11-16T21:15:00Z,cc60225b5a907bd9ba7c27c23131fc5c,oddsapi/hist_event_markets,1,"{""date"": ""2025-11-16T21:15:00Z"", ""dateFormat"": ""iso"", ""regions"": ""us,us2,eu""}"
d3024bbda52a91b9200170280777df5fb574e3c4b1904958e199fc05c0ca271d,2024-10-26T20:25:00Z,ccc621108fb48382b825128007dc8120,oddsapi/hist_event_markets,1,"{""date"": ""2024-10-26T20:25:00Z"", ""dateFormat"": ""iso"", ""regions"": ""us,us2,eu""}"
b33eb7681ab96801c989cafb7692e5053043a2b0373b8964a6d39c7570ac4fcb,2024-10-27T20:15:00Z,ccc621108fb48382b825128007dc8120,oddsapi/hist_event_markets,1,"{""date"": ""2024-10-27T20:15:00Z"", ""dateFormat"": ""iso"", ""regions"": ""us,us2,eu""}"
5ee8ec701fd2eff56c453e51a2f6521b74c9e7de4dd0189d0a9696334bed8036,2025-09-13T17:00:00Z,cd0fd9335b5182d3bfed35ab8d5ab6fb,oddsapi/hist_event_markets,1,"{""date"": ""2025-09-13T17:00:00Z"", ""dateFormat"": ""iso"", ""regions"": ""us,us2,eu""}"
254a59e69826c12060c8bb21a6a03b350e6a7836b811690c43f1bcd526a4c8ce,2025-09-14T16:50:00Z,cd0fd9335b5182d3bfed35ab8d5ab6fb,oddsapi/hist_event_markets,1,"{""date"": ""2025-09-14T16:50:00Z"", ""dateFormat"": ""iso"", ""regions"": ""us,us2,eu""}"
487924bcb8312dec882c12a520c4d36d345dc35ca2a4ac435bf210c1e3852dc1,2025-11-20T01:15:00Z,cd2e0964817c30ad3f5144ea49b55f2b,oddsapi/hist_event_markets,1,"{""date"": ""2025-11-20T01:15:00Z"", ""dateFormat"": ""iso"", ""regions"": ""us,us2,eu""}"
5bb715fc077cc34e50044c4596a7b166cfe9c143de0694bfb82e22cf0acdcc9e,2025-11-21T01:05:00Z,cd2e0964817c30ad3f5144ea49b55f2b,oddsapi/hist_event_markets,1,"{""date"": ""2025-11-21T01:05:00Z"", ""dateFormat"": ""iso"", ""regions"": ""us,us2,eu""}"
2532dbe43170d64d7eb64bf5966dffb21548b2faf4da16e4e653eb5b438a2cec,2025-12-13T18:00:00Z,cd5151f8a1e7fcba4901929e77b94acd,oddsapi/hist_event_markets,1,"{""date"": ""2025-12-13T18:00:00Z"", ""dateFormat"": ""iso"", ""regions"": ""us,us2,eu""}"
e6a21e15cd95e1a4b9779792da373028b9b89e50087b8a89c0eb57b77f8f8bd1,2025-12-14T17:50:00Z,cd5151f8a1e7fcba4901929e77b94acd,oddsapi/hist_event_markets,1,"{""date"": ""2025-12-14T17:50:00Z"", ""dateFormat"": ""iso"", ""regions"": ""us,us2,eu""}"
ea7af895a9989fe824f8604facf2796dc0dafbb25d55661fb5015d83910fbf8b,2024-09-21T20:25:00Z,cd904fbb09c5130b857595217364bb07,oddsapi/hist_event_markets,1,"{""date"": ""2024-09-21T20:25:00Z"", ""dateFormat"": ""iso"", ""regions"": ""us,us2,eu""}"
845f0121846c2c9760278b02c06be74dfebd64bd313fe85b0c01984f9cdef71b,2024-09-22T20:15:00Z,cd904fbb09c5130b857595217364bb07,oddsapi/hist_event_markets,1,"{""date"": ""2024-09-22T20:15:00Z"", ""dateFormat"": ""iso"", ""regions"": ""us,us2,eu""}"
942c669a1373498801f8848c1eb25409f00ffbb211a2463c1fc15f5baab4316f,2024-09-29T00:15:00Z,ce925c8cb892e1806399345e7885828d,oddsapi/hist_event_markets,1,"{""date"": ""2024-09-29T00:15:00Z"", ""dateFormat"": ""iso"", ""regions"": ""us,us2,eu""}"
519a7a67c879a811056694b815f1d7d96b790f646938e2c4044ed51acbc64796,2024-09-30T00:05:00Z,ce925c8cb892e1806399345e7885828d,oddsapi/hist_event_markets,1,"{""date"": ""2024-09-30T00:05:00Z"", ""dateFormat"": ""iso"", ""regions"": ""us,us2,eu""}"
16e572380f4715dc77537503aaa746a83c0d1a7c6099997508c9dd2b44bf5134,2024-12-24T18:00:00Z,ce94e5673c8b7a0834f1948f1c5f52c7,oddsapi/hist_event_markets,1,"{""date"": ""2024-12-24T18:00:00Z"", ""dateFormat"": ""iso"", ""regions"": ""us,us2,eu""}"
079435503b7286c2aa5b00c79039154cd2adc16ed2f69a88ca87a85190f9a17d,2024-12-25T17:50:00Z,ce94e5673c8b7a0834f1948f1c5f52c7,oddsapi/hist_event_markets,1,"{""date"": ""2024-12-25T17:50:00Z"", ""dateFormat"": ""iso"", ""regions"": ""us,us2,eu""}"
8159a9a6c8c1829cd76053609be6543bc285953e01f68d45ce23127a17ceec23,2024-01-13T01:00:00Z,ce9dc097985c7b6fc971fc97c131af4c,oddsapi/hist_event_markets,1,"{""date"": ""2024-01-13T01:00:00Z"", ""dateFormat"": ""iso"", ""regions"": ""us,us2,eu""}"
fe23b2e0f7730d9f59bcc220af72b7198a4a47d3b7298294028e6e979ba4489c,2024-01-14T00:50:00Z,ce9dc097985c7b6fc971fc97c131af4c,oddsapi/hist_event_markets,1,"{""date"": ""2024-01-14T00:50:00Z"", ""dateFormat"": ""iso"", ""regions"": ""us,us2,eu""}"
41e00caa2b7202b4d8aeedf71fb6615fda3953bbf0db856a2fbdacf41a4a13a1,2024-11-30T18:00:00Z,cea1abe8ef88e4105f4cd505b45cd781,oddsapi/hist_event_markets,1,"{""date"": ""2024-11-30T18:00:00Z"", ""dateFormat"": ""iso"", ""regions"": ""us,us2,eu""}"
a953d466158df532a90f97b6f32ca93335df0434e8f5160a935ac6f7fb619d89,2024-12-01T17:50:00Z,cea1abe8ef88e4105f4cd505b45cd781,oddsapi/hist_event_markets,1,"{""date"": ""2024-12-01T17:50:00Z"", ""dateFormat"": ""iso"", ""regions"": ""us,us2,eu""}"
e97e7eeb3d3d1efce233e61423f2936aa0d11f872250bccb9b5c49c277c68cfa,2023-12-23T01:00:00Z,cf855efaf0c22025c0ad8d8a605679a1,oddsapi/hist_event_markets,1,"{""date"": ""2023-12-23T01:00:00Z"", ""dateFormat"": ""iso"", ""regions"": ""us,us2,eu""}"
cfd1d0ccf552806668bd743379601517cd3c41792e451f32ebdd0ef70f3eab59,2023-12-24T00:50:00Z,cf855efaf0c22025c0ad8d8a605679a1,oddsapi/hist_event_markets,1,"{""date"": ""2023-12-24T00:50:00Z"", ""dateFormat"": ""iso"", ""regions"": ""us,us2,eu""}"
e20172531ac48b6d912e48d6c81a97b351b1c4ffbb774e87802c3d1223c92850,2025-11-01T18:00:00Z,cf95657d78ab3e515203df1d19c3b0c2,oddsapi/hist_event_markets,1,"{""date"": ""2025-11-01T18:00:00Z"", ""dateFormat"": ""iso"", ""regions"": ""us,us2,eu""}"
3c19ecf6c0644a1a4f7334001aebeb5a8eb7f45314994fa733b30a468dae4d91,2025-11-02T17:50:00Z,cf95657d78ab3e515203df1d19c3b0c2,oddsapi/hist_event_markets,1,"{""date"": ""2025-11-02T17:50:00Z"", ""dateFormat"": ""iso"", ""regions"": ""us,us2,eu""}"
9387640d1c7869b21be068f71e2fb2df2502002cf85c017e5c4d87deebbea531,2023-11-23T01:20:00Z,d001a3b1c793ab693130ede3dc9e6810,oddsapi/hist_event_markets,1,"{""date"": ""2023-11-23T01:20:00Z"", ""dateFormat"": ""iso"", ""regions"": ""us,us2,eu""}"
0ec8f25ad72d931fd00bc4b574d066352d333e14676bf8171ca66d394913fc98,2023-11-24T01:10:00Z,d001a3b1c793ab693130ede3dc9e6810,oddsapi/hist_event_markets,1,"{""date"": ""2023-11-24T01:10:00Z"", ""dateFormat"": ""iso"", ""regions"": ""us,us2,eu""}"
6d7312a17b2265ac8fa7869a479e66e94dea7f929d2a79b209816db7e7d0192e,2025-12-20T18:00:00Z,d056f31082bdea4d018a26ba274b8430,oddsapi/hist_event_markets,1,"{""date"": ""2025-12-20T18:00:00Z"", ""dateFormat"": ""iso"", ""regions"": ""us,us2,eu""}"
55572e50d4472e3572ac3e3c15ee6c7287dad78e142397d368ae16481e900c7d,2025-12-21T17:50:00Z,d056f31082bdea4d018a26ba274b8430,oddsapi/hist_event_markets,1,"{""date"": ""2025-12-21T17:50:00Z"", ""dateFormat"": ""iso"", ""regions"": ""us,us2,eu""}"
5eb40dfb02e130c885c599087a07d4c50e1dd00c61854cdbdde3674ef1593a4e,2024-01-20T23:30:00Z,d06d2bfbdddbf4348e34ca0a396fdcfc,oddsapi/hist_event_markets,1,"{""date"": ""2024-01-20T23:30:00Z"", ""dateFormat"": ""iso"", ""regions"": ""us,us2,eu""}"
de5cb0c859c79f4bf913d8416d58136ae58a48f84668fcc35f9d15e5d12a1866,2024-01-21T23:20:00Z,d06d2bfbdddbf4348e34ca0a396fdcfc,oddsapi/hist_event_markets,1,"{""date"": ""2024-01-21T23:20:00Z"", ""dateFormat"": ""iso"", ""regions"": ""us,us2,eu""}"
d416d3a9367ed8ac30328e6be6cc55967e14334a5a8af968a85d420db865c8e7,2025-01-04T21:25:00Z,d0a37e977bf675c070587b2e13a37e17,oddsapi/hist_event_markets,1,"{""date"": ""2025-01-04T21:25:00Z"", ""dateFormat"": ""iso"", ""regions"": ""us,us2,eu""}"
09a307d6cefcc969a82b54fb7f7f1ec71860bfe5e3ae9c55ef78122db7c50a2f,2025-01-05T21:15:00Z,d0a37e977bf675c070587b2e13a37e17,oddsapi/hist_event_markets,1,"{""date"": ""2025-01-05T21:15:00Z"", ""dateFormat"": ""iso"", ""regions"": ""us,us2,eu""}"
e7d955979014a1edc190c1375bf9d393814f3937deef27eb889585ec6abb5daa,2025-11-01T21:05:00Z,d0bf341e7959d69b55f1a8ff09065234,oddsapi/hist_event_markets,1,"{""date"": ""2025-11-01T21:05:00Z"", ""dateFormat"": ""iso"", ""regions"": ""us,us2,eu""}"
765d770bb32766a7ef9be26b78140c4e9a9c6ac798522a76d932adee3d67c5c5,2025-11-02T20:55:00Z,d0bf341e7959d69b55f1a8ff09065234,oddsapi/hist_event_markets,1,"{""date"": ""2025-11-02T20:55:00Z"", ""dateFormat"": ""iso"", ""regions"": ""us,us2,eu""}"
850a0a264b332ea84d2027655f78ad44ad8392c25b7ceb6193d40e63e8c2b8d6,2024-11-16T18:00:00Z,d0f73537e153be7455c87ae97864ef7d,oddsapi/hist_event_markets,1,"{""date"": ""2024-11-16T18:00:00Z"", ""dateFormat"": ""iso"", ""regions"": ""us,us2,eu""}"
42b667c4331bf274700df4b6cbd31ee628875fbb3115314f4b8e537c4e7b2cd2,2024-11-17T17:50:00Z,d0f73537e153be7455c87ae97864ef7d,oddsapi/hist_event_markets,1,"{""date"": ""2024-11-17T17:50:00Z"", ""dateFormat"": ""iso"", ""regions"": ""us,us2,eu""}"
322a9be114d8daa027f641afd2c13fcfbe2454833e4064c6e26f5c3394843c2c,2025-09-27T17:00:00Z,d16a43752aaac66e9ff8768d8590b662,oddsapi/hist_event_markets,1,"{""date"": ""2025-09-27T17:00:00Z"", ""dateFormat"": ""iso"", ""regions"": ""us,us2,eu""}"
9ee639aefab18011f2ed6737b529fc70224dfb1292dca3563e0df465ff43d886,2025-09-28T16:50:00Z,d16a43752aaac66e9ff8768d8590b662,oddsapi/hist_event_markets,1,"{""date"": ""2025-09-28T16:50:00Z"", ""dateFormat"": ""iso"", ""regions"": ""us,us2,eu""}"
8c737098b6e66f44b016473940f33230a9a0bb54cdaadff16e7a066079e96cbb,2026-01-03T21:25:00Z,d242576b25f56b3f598044c9abfb4df0,oddsapi/hist_event_markets,1,"{""date"": ""2026-01-03T21:25:00Z"", ""dateFormat"": ""iso"", ""regions"": ""us,us2,eu""}"
712c570c63b9c6338d284208e768a07f5efcaf7dce6e5ef25152a2689cab7a75,2026-01-04T21:15:00Z,d242576b25f56b3f598044c9abfb4df0,oddsapi/hist_event_markets,1,"{""date"": ""2026-01-04T21:15:00Z"", ""dateFormat"": ""iso"", ""regions"": ""us,us2,eu""}"
098fb4b3beb4549f39e191aa62138231038d909d9dfdbc8e3d261fbc3e14fa78,2023-12-16T21:05:00Z,d2e02edc27163741a907439f1dafd4c2,oddsapi/hist_event_markets,1,"{""date"": ""2023-12-16T21:05:00Z"", ""dateFormat"": ""iso"", ""regions"": ""us,us2,eu""}"
a10093bad0af49640ca2a7e377908715d65d91f9ae3e81db97c084f463f27a81,2023-12-17T20:55:00Z,d2e02edc27163741a907439f1dafd4c2,oddsapi/hist_event_markets,1,"{""date"": ""2023-12-17T20:55:00Z"", ""dateFormat"": ""iso"", ""regions"": ""us,us2,eu""}"
1df861f28ff285864a55788795e95a284fb4425060bffc64ae26b0a87906d78c,2025-01-04T18:00:00Z,d2e5d211cba187e5865c9783f3db5288,oddsapi/hist_event_markets,1,"{""date"": ""2025-01-04T18:00:00Z"", ""dateFormat"": ""iso"", ""regions"": ""us,us2,eu""}"
965788117c4ae2be567b9002ce7c4a7136104a274910f08c2d074d56736efd78,2025-01-05T17:50:00Z,d2e5d211cba187e5865c9783f3db5288,oddsapi/hist_event_markets,1,"{""date"": ""2025-01-05T17:50:00Z"", ""dateFormat"": ""iso"", ""regions"": ""us,us2,eu""}"
1b38830cf4036363342e0deccacc48be6fab8d7c6b2c8642c36fad48b218e06d,2025-01-25T23:30:00Z,d43eaaa8d1f21ca6d9822bca070a3d30,oddsapi/hist_event_markets,1,"{""date"": ""2025-01-25T23:30:00Z"", ""dateFormat"": ""iso"", ""regions"": ""us,us2,eu""}"
90a60e9f101828a0ae8b18fb89220c0836cb7a26c0b20de8e83a0309fb18be3c,2025-01-26T23:20:00Z,d43eaaa8d1f21ca6d9822bca070a3d30,oddsapi/hist_event_markets,1,"{""date"": ""2025-01-26T23:20:00Z"", ""dateFormat"": ""iso"", ""regions"": ""us,us2,eu""}"
6db189e93b07df11d58d215c53a7dc5a2dc5cd21fbb62b0c3666a527780549c5,2026-01-11T01:00:00Z,d48193fef08ca62ade864612a40e2a4e,oddsapi/hist_event_markets,1,"{""date"": ""2026-01-11T01:00:00Z"", ""dateFormat"": ""iso"", ""regions"": ""us,us2,eu""}"
f063862d4ffd2e56f02b80d98d2cb1d0c50d18e0f454f00c69e1cda5eaa12c72,2026-01-12T00:50:00Z,d48193fef08ca62ade864612a40e2a4e,oddsapi/hist_event_markets,1,"{""date"": ""2026-01-12T00:50:00Z"", ""dateFormat"": ""iso"", ""regions"": ""us,us2,eu""}"
7f8096e9acd5de6c6d1feac98d0700bf8d00575a615354bd8b48df2b6bab8e77,2026-01-03T18:00:00Z,d48a44e7b45f563282fd042c2104da9b,oddsapi/hist_event_markets,1,"{""date"": ""2026-01-03T18:00:00Z"", ""dateFormat"": ""iso"", ""regions"": ""us,us2,eu""}"
331fc29aee50fde233b3f10d484bdc0cb0e85abbf4b8b4831d4f4d1b7b23c482,2026-01-04T17:50:00Z,d48a44e7b45f563282fd042c2104da9b,oddsapi/hist_event_markets,1,"{""date"": ""2026-01-04T17:50:00Z"", ""dateFormat"": ""iso"", ""regions"": ""us,us2,eu""}"
5d64e3c9694d48a061e7af4cd009b670248a3498349223d5eb679e4451f26967,2024-11-09T18:00:00Z,d4901034c9f4ee931bc6971a4b089209,oddsapi/hist_event_markets,1,"{""date"": ""2024-11-09T18:00:00Z"", ""dateFormat"": ""iso"", ""regions"": ""us,us2,eu""}"
b9cfb1b8713348ee26d32093a9358898097aa9a1d411bff675dd6f08bda45716,2024-11-10T17:50:00Z,d4901034c9f4ee931bc6971a4b089209,oddsapi/hist_event_markets,1,"{""date"": ""2024-11-10T17:50:00Z"", ""dateFormat"": ""iso"", ""regions"": ""us,us2,eu""}"
af8c2b8602350b1ebf3a1ff23f7393e7818fe04ecd576f06bd8dce55f8d4a94e,2024-10-12T20:25:00Z,d4d2902446e120ea6f1afafdc0b3d55d,oddsapi/hist_event_markets,1,"{""date"": ""2024-10-12T20:25:00Z"", ""dateFormat"": ""iso"", ""regions"": ""us,us2,eu""}"
65e0c49f37950df36f94b52cec3f8f50a5228742271cb2058be30590dde6c853,2024-10-13T20:15:00Z,d4d2902446e120ea6f1afafdc0b3d55d,oddsapi/hist_event_markets,1,"{""date"": ""2024-10-13T20:15:00Z"", ""dateFormat"": ""iso"", ""regions"": ""us,us2,eu""}"
ca592c47d6aaaefdf030be7a62d8fbc1308697405f9b26d3939f579845983be1,2023-09-09T20:25:00Z,d543cbc3d38bed6c7c727e3cabc1188e,oddsapi/hist_event_markets,1,"{""date"": ""2023-09-09T20:25:00Z"", ""dateFormat"": ""iso"", ""regions"": ""us,us2,eu""}"
a175c7c02e384d69ac485a41ebfa34f5d0df443d149c92ba889c2035a7274a8d,2023-09-10T20:15:00Z,d543cbc3d38bed6c7c727e3cabc1188e,oddsapi/hist_event_markets,1,"{""date"": ""2023-09-10T20:15:00Z"", ""dateFormat"": ""iso"", ""regions"": ""us,us2,eu""}"
ea8e0b3de278bd4edffd3b2eeddc93d7da9ef989a90cb9b9c38c18c32b3cc307,2024-11-03T01:20:00Z,d555bf749139691c613e4aec350592c1,oddsapi/hist_event_markets,1,"{""date"": ""2024-11-03T01:20:00Z"", ""dateFormat"": ""iso"", ""regions"": ""us,us2,eu""}"
ecee82e4b69b2bd558f5e6df657f45782f5533665b9a6c2bdeee09d436a5a9cf,2024-11-04T01:10:00Z,d555bf749139691c613e4aec350592c1,oddsapi/hist_event_markets,1,"{""date"": ""2024-11-04T01:10:00Z"", ""dateFormat"": ""iso"", ""regions"": ""us,us2,eu""}"
2562512671634e060dc4eb25129b94009d6fe91ef2a484e673983d3483f82c3b,2023-11-19T01:20:00Z,d59ec10420e78737c5fdfb5371c4c8e0,oddsapi/hist_event_markets,1,"{""date"": ""2023-11-19T01:20:00Z"", ""dateFormat"": ""iso"", ""regions"": ""us,us2,eu""}"
ce8c497808ee74292078533851121aebbe60cd06311e0d1dbac03243f699e360,2023-11-20T01:10:00Z,d59ec10420e78737c5fdfb5371c4c8e0,oddsapi/hist_event_markets,1,"{""date"": ""2023-11-20T01:10:00Z"", ""dateFormat"": ""iso"", ""regions"": ""us,us2,eu""}"
62885804ed687a66ddacea510eed02b70a359109010d917a40d510397d4ab475,2025-12-06T21:05:00Z,d5fd126cbfea2ccd79962a17f0ef4463,oddsapi/hist_event_markets,1,"{""date"": ""2025-12-06T21:05:00Z"", ""dateFormat"": ""iso"", ""regions"": ""us,us2,eu""}"
d6e5522f66b846495e3d296a2de11a1942dcbbe012cd659d40f0fe7f48b0131b,2025-12-07T20:55:00Z,d5fd126cbfea2ccd79962a17f0ef4463,oddsapi/hist_event_markets,1,"{""date"": ""2025-12-07T20:55:00Z"", ""dateFormat"": ""iso"", ""regions"": ""us,us2,eu""}"
c1a5316ae42f9867276c54f922df901448077176c126827b7bc09e2ee2948a9e,2023-11-18T18:00:00Z,d676d3d58ba5c3b249015c9797c11459,oddsapi/hist_event_markets,1,"{""date"": ""2023-11-18T18:00:00Z"", ""dateFormat"": ""iso"", ""regions"": ""us,us2,eu""}"
37c429c1cac3295f13f9a540254029d7bb1ab0a3a6622dc62fd1da845258072a,2023-11-19T17:50:00Z,d676d3d58ba5c3b249015c9797c11459,oddsapi/hist_event_markets,1,"{""date"": ""2023-11-19T17:50:00Z"", ""dateFormat"": ""iso"", ""regions"": ""us,us2,eu""}"
bf37afa6e15c7ec82520afb9968643f2e8c8886d251884e278bcd16abb10951b,2024-12-15T01:20:00Z,d6e49bbdc498fb1113b86f472f93d8af,oddsapi/hist_event_markets,1,"{""date"": ""2024-12-15T01:20:00Z"", ""dateFormat"": ""iso"", ""regions"": ""us,us2,eu""}"
c0b0a2e6f82ee100ee13c25a18a9d09be88f4544be0b47b486e6e71684e60f7a,2024-12-16T01:10:00Z,d6e49bbdc498fb1113b86f472f93d8af,oddsapi/hist_event_markets,1,"{""date"": ""2024-12-16T01:10:00Z"", ""dateFormat"": ""iso"", ""regions"": ""us,us2,eu""}"
1012789677110a59a4e91f7a6cb0947974d8819deadf0cd0b7bd65cc273f83c6,2024-11-11T01:15:00Z,d6eab9011bd146fdbb2639f6e8c07056,oddsapi/hist_event_markets,1,"{""date"": ""2024-11-11T01:15:00Z"", ""dateFormat"": ""iso"", ""regions"": ""us,us2,eu""}"
f6785337dc82a3717be66dd0ed55e38868a87967f125446bab89b86db91d5cd3,2024-11-12T01:05:00Z,d6eab9011bd146fdbb2639f6e8c07056,oddsapi/hist_event_markets,1,"{""date"": ""2024-11-12T01:05:00Z"", ""dateFormat"": ""iso"", ""regions"": ""us,us2,eu""}"
c826e8e369b68ba8b117866b6a35d79eba76badf2b5e9009d578c387ce11932d,2024-11-28T20:00:00Z,d703217fef577dba3f2d0c38881dd7d3,oddsapi/hist_event_markets,1,"{""date"": ""2024-11-28T20:00:00Z"", ""dateFormat"": ""iso"", ""regions"": ""us,us2,eu""}"
f50725ae4ef007398b407fc80548ceec4af99e7b8f66d0ed2b3e1d56cdac3f1a,2024-11-29T19:50:00Z,d703217fef577dba3f2d0c38881dd7d3,oddsapi/hist_event_markets,1,"{""date"": ""2024-11-29T19:50:00Z"", ""dateFormat"": ""iso"", ""regions"": ""us,us2,eu""}"
a4215423e2c69b7f8b6a01a4c775c87fc159c0b3ca1146e7dd3f8be6eb6f9746,2023-10-07T17:00:00Z,d72ca5073fe1d69e6cd3beb37e52c081,oddsapi/hist_event_markets,1,"{""date"": ""2023-10-07T17:00:00Z"", ""dateFormat"": ""iso"", ""regions"": ""us,us2,eu""}"
feefb2c017a8ea2350581dfecc0f066e8f4956f0095e6cf1ffe0deb33580c9e3,2023-10-08T16:50:00Z,d72ca5073fe1d69e6cd3beb37e52c081,oddsapi/hist_event_markets,1,"{""date"": ""2023-10-08T16:50:00Z"", ""dateFormat"": ""iso"", ""regions"": ""us,us2,eu""}"
3d0ba0bd87d44c31aa221be46713bf7afd7d39225f29baa38c7bf3104997ca77,2025-12-27T18:00:00Z,d75c88e4fb7650ab0577264980bdf98f,oddsapi/hist_event_markets,1,"{""date"": ""2025-12-27T18:00:00Z"", ""dateFormat"": ""iso"", ""regions"": ""us,us2,eu""}"
89bab4dab0af5671f8f448ee8b7150b8f0a19357a386e8b9568513c4ad275e08,2025-12-28T17:50:00Z,d75c88e4fb7650ab0577264980bdf98f,oddsapi/hist_event_markets,1,"{""date"": ""2025-12-28T17:50:00Z"", ""dateFormat"": ""iso"", ""regions"": ""us,us2,eu""}"
61746c8bc0f50c44902d085fb6ad678edb0287f99ae4ebc5ea9ea3c247549483,2024-01-06T21:25:00Z,d7e8bbb2997c341248c04ec59abb94fb,oddsapi/hist_event_markets,1,"{""date"": ""2024-01-06T21:25:00Z"", ""dateFormat"": ""iso"", ""regions"": ""us,us2,eu""}"
8e4957c4e9ac2f1bef2c9242e8a823821d86d4f4fd25716de5a7ce496b124177,2024-01-07T21:15:00Z,d7e8bbb2997c341248c04ec59abb94fb,oddsapi/hist_event_markets,1,"{""date"": ""2024-01-07T21:15:00Z"", ""dateFormat"": ""iso"", ""regions"": ""us,us2,eu""}"
b74e32f701998a15374dc2e757f9eb8d96a864c0479d09796802f308327e9238,2023-09-09T20:25:00Z,d818062d65dfa411c269ee61943655cd,oddsapi/hist_event_markets,1,"{""date"": ""2023-09-09T20:25:00Z"", ""dateFormat"": ""iso"", ""regions"": ""us,us2,eu""}"
fc980058458766387a3b3d26ca92abb86d26c53e7e685752751a43b440b87422,2023-09-10T20:15:00Z,d818062d65dfa411c269ee61943655cd,oddsapi/hist_event_markets,1,"{""date"": ""2023-09-10T20:15:00Z"", ""dateFormat"": ""iso"", ""regions"": ""us,us2,eu""}"
70ebc9d375d628dcbcf2a4a7b42ed8938334a1617c39553d254d0dc633869146,2023-12-22T21:30:00Z,d86898556d2e1132370891f1fc23603f,oddsapi/hist_event_markets,1,"{""date"": ""2023-12-22T21:30:00Z"", ""dateFormat"": ""iso"", ""regions"": ""us,us2,eu""}"
28917517dca41d129396a29a84cb6827a892e757c82022a7ed6fbc605f66531b,2023-12-23T21:20:00Z,d86898556d2e1132370891f1fc23603f,oddsapi/hist_event_markets,1,"{""date"": ""2023-12-23T21:20:00Z"", ""dateFormat"": ""iso"", ""regions"": ""us,us2,eu""}"
98dc08a92972451bc13a25d196f12ffdaad969f7c5da94fe7ee6dfe54da12eb7,2023-11-04T21:25:00Z,d882b26f19332ec0aa9397de2285e457,oddsapi/hist_event_markets,1,"{""date"": ""2023-11-04T21:25:00Z"", ""dateFormat"": ""iso"", ""regions"": ""us,us2,eu""}"
a5e199324cd6c5b328ec5d27625443986f70d09f7a10a49dae867523e667d61b,2023-11-05T21:15:00Z,d882b26f19332ec0aa9397de2285e457,oddsapi/hist_event_markets,1,"{""date"": ""2023-11-05T21:15:00Z"", ""dateFormat"": ""iso"", ""regions"": ""us,us2,eu""}"
a704bf9c12f0698f2463d471d795f381dc5baae6619f13e7f34d55fa6622f188,2025-02-08T23:30:00Z,d90bef2fcd891c33dc2932f0fb7c1786,oddsapi/hist_event_markets,1,"{""date"": ""2025-02-08T23:30:00Z"", ""dateFormat"": ""iso"", ""regions"": ""us,us2,eu""}"
c0a39bd65d1f9e0ea66218761112d3db8d0fc36c03d4427780f2f83bfa8499cb,2025-02-09T23:20:00Z,d90bef2fcd891c33dc2932f0fb7c1786,oddsapi/hist_event_markets,1,"{""date"": ""2025-02-09T23:20:00Z"", ""dateFormat"": ""iso"", ""regions"": ""us,us2,eu""}"
8a9f7baa35ef0790092d53e150f5d8ebc847c4f1c17fd2e69ca921a4f8d5bf7f,2025-09-27T20:05:00Z,d90e0de2d5fa2d57e8812f31775ad0ba,oddsapi/hist_event_markets,1,"{""date"": ""2025-09-27T20:05:00Z"", ""dateFormat"": ""iso"", ""regions"": ""us,us2,eu""}"
9677c7b0c0c34c677ae6498038a158e966c8484bcc5442ac2d17e60b2aacae0b,2025-09-28T19:55:00Z,d90e0de2d5fa2d57e8812f31775ad0ba,oddsapi/hist_event_markets,1,"{""date"": ""2025-09-28T19:55:00Z"", ""dateFormat"": ""iso"", ""regions"": ""us,us2,eu""}"
6900bda11eb2c383a155080d6668f2b0c3823b3e4ddbfb0ff505b9ab8b2c0c8a,2024-12-28T18:00:00Z,d91d050a1528e77a870d681bbe42f514,oddsapi/hist_event_markets,1,"{""date"": ""2024-12-28T18:00:00Z"", ""dateFormat"": ""iso"", ""regions"": ""us,us2,eu""}"
10b2d523fda61cad285d4c7320865a01b77a676ee41f8d9c28be4e377075ca77,2024-12-29T17:50:00Z,d91d050a1528e77a870d681bbe42f514,oddsapi/hist_event_markets,1,"{""date"": ""2024-12-29T17:50:00Z"", ""dateFormat"": ""iso"", ""regions"": ""us,us2,eu""}"
fc7195e986b535152d7a1aff68ec2cae8cc57e5b2e362426c4d87a3f235c1cef,2025-09-27T17:00:00Z,d921b1e86b0a30ad91000ffc360d302d,oddsapi/hist_event_markets,1,"{""date"": ""2025-09-27T17:00:00Z"", ""dateFormat"": ""iso"", ""regions"": ""us,us2,eu""}"
c4f7c1a40cfb25295e46f24b366481e8c2aa5acce1c47ca602ff2d97803e885a,2025-09-28T16:50:00Z,d921b1e86b0a30ad91000ffc360d302d,oddsapi/hist_event_markets,1,"{""date"": ""2025-09-28T16:50:00Z"", ""dateFormat"": ""iso"", ""regions"": ""us,us2,eu""}"
693a601c7035b3080c1a5a1548e1aa8406e04f44cc0251a1f88d61de5485fe14,2024-12-21T21:25:00Z,d93e285150cc30bb71e930879219d26e,oddsapi/hist_event_markets,1,"{""date"": ""2024-12-21T21:25:00Z"", ""dateFormat"": ""iso"", ""regions"": ""us,us2,eu""}"
98290a41bfc60711c23267e0078af1f30625a204256181cf234743fa13fff2da,2024-12-22T21:15:00Z,d93e285150cc30bb71e930879219d26e,oddsapi/hist_event_markets,1,"{""date"": ""2024-12-22T21:15:00Z"", ""dateFormat"": ""iso"", ""regions"": ""us,us2,eu""}"
d64eb8014f14c4933a563551cc26b74903982d38b66df3abeb9516a35da59ff8,2023-12-02T18:00:00Z,d9498cb661062746dfc500a20c3a87e8,oddsapi/hist_event_markets,1,"{""date"": ""2023-12-02T18:00:00Z"", ""dateFormat"": ""iso"", ""regions"": ""us,us2,eu""}"
58eb3d128d6a771cda2de7472b972115a2703edef705703bef9da7fa7a709b3a,2023-12-03T17:50:00Z,d9498cb661062746dfc500a20c3a87e8,oddsapi/hist_event_markets,1,"{""date"": ""2023-12-03T17:50:00Z"", ""dateFormat"": ""iso"", ""regions"": ""us,us2,eu""}"
1764115600717482077431b632f8816a11ec4cdad7569ee3bab8f49ddd3aa041,2024-09-09T00:15:00Z,d94f808523ced7460f7c88c758c481f5,oddsapi/hist_event_markets,1,"{""date"": ""2024-09-09T00:15:00Z"", ""dateFormat"": ""iso"", ""regions"": ""us,us2,eu""}"
160b06a36aa0cce93c9cf18dfb34d2cce3c55dff9e7f4ab38f7363dc5a54209d,2024-09-10T00:05:00Z,d94f808523ced7460f7c88c758c481f5,oddsapi/hist_event_markets,1,"{""date"": ""2024-09-10T00:05:00Z"", ""dateFormat"": ""iso"", ""regions"": ""us,us2,eu""}"
b8d1c8a00ef943526da7b72b770222273409907c4650689764f463ba8e8c0462,2024-11-23T21:25:00Z,d9a2e1ead2367a3b0f46d247ed5b2906,oddsapi/hist_event_markets,1,"{""date"": ""2024-11-23T21:25:00Z"", ""dateFormat"": ""iso"", ""regions"": ""us,us2,eu""}"
85484c3dc3705c0aa92895f64a9b34b973a46abb7455d7d9f5cbbe57fcf50940,2024-11-24T21:15:00Z,d9a2e1ead2367a3b0f46d247ed5b2906,oddsapi/hist_event_markets,1,"{""date"": ""2024-11-24T21:15:00Z"", ""dateFormat"": ""iso"", ""regions"": ""us,us2,eu""}"
62763d000f4240c4fa49770aff2a396b79cad366c8f7ca6b28b86b3d1682e7ee,2024-12-21T18:00:00Z,d9ace22fff68cd1916da62a70491e424,oddsapi/hist_event_markets,1,"{""date"": ""2024-12-21T18:00:00Z"", ""dateFormat"": ""iso"", ""regions"": ""us,us2,eu""}"
f181e9aca560701df70fae25311e6ed15c7abf7bd780eea3673de59048e02445,2024-12-22T17:50:00Z,d9ace22fff68cd1916da62a70491e424,oddsapi/hist_event_markets,1,"{""date"": ""2024-12-22T17:50:00Z"", ""dateFormat"": ""iso"", ""regions"": ""us,us2,eu""}"
a98d58959c440b7e502f3d2c3883da2a61f0af2cf3ac7812ce2da181cbb9e8cd,2026-01-03T18:00:00Z,dad5ec44b4df2b91138872aeb4454e1e,oddsapi/hist_event_markets,1,"{""date"": ""2026-01-03T18:00:00Z"", ""dateFormat"": ""iso"", ""regions"": ""us,us2,eu""}"
ddf3dd9862cf3a0bc58f463fc4c774c8a597774c3bb8ca07256f269d1d4044f6,2026-01-04T17:50:00Z,dad5ec44b4df2b91138872aeb4454e1e,oddsapi/hist_event_markets,1,"{""date"": ""2026-01-04T17:50:00Z"", ""dateFormat"": ""iso"", ""regions"": ""us,us2,eu""}"
1f2d2696507df44ec92719568acf5c8d5a322f84aac7aa266e3abb35f253ee3f,2024-11-02T18:00:00Z,db18946165af62532b19d4c509d7ba56,oddsapi/hist_event_markets,1,"{""date"": ""2024-11-02T18:00:00Z"", ""dateFormat"": ""iso"", ""regions"": ""us,us2,eu""}"
7b5b50281165fdfd36ccadbfd402f1f6e92bc7adcd248904954bdb6475bf2ac7,2024-11-03T17:50:00Z,db18946165af62532b19d4c509d7ba56,oddsapi/hist_event_markets,1,"{""date"": ""2024-11-03T17:50:00Z"", ""dateFormat"": ""iso"", ""regions"": ""us,us2,eu""}"
05a66eb5204ba6058b1a017bc9ccfec0c22719242f6c1491b3678678a2dbda3a,2024-09-14T20:05:00Z,db997fc1b5fe71f4960012f81c21a017,oddsapi/hist_event_markets,1,"{""date"": ""2024-09-14T20:05:00Z"", ""dateFormat"": ""iso"", ""regions"": ""us,us2,eu""}"
e0e85dfa2884bc407ec78bcd18a14bb0c59b5785146038ab9a649e8c14d9cab4,2024-09-15T19:55:00Z,db997fc1b5fe71f4960012f81c21a017,oddsapi/hist_event_markets,1,"{""date"": ""2024-09-15T19:55:00Z"", ""dateFormat"": ""iso"", ""regions"": ""us,us2,eu""}"
8c5e5be9534c11ef5a51c04be648c61458c84623300f4d594af22ecd94b11cd1,2024-10-05T17:00:00Z,dba45197b1cd2dbafe7f83ebffd2be90,oddsapi/hist_event_markets,1,"{""date"": ""2024-10-05T17:00:00Z"", ""dateFormat"": ""iso"", ""regions"": ""us,us2,eu""}"
53ca26babeef54d5969aaa21028e0bd6508dd41499c4a02b91839d19c2120423,2024-10-06T16:50:00Z,dba45197b1cd2dbafe7f83ebffd2be90,oddsapi/hist_event_markets,1,"{""date"": ""2024-10-06T16:50:00Z"", ""dateFormat"": ""iso"", ""regions"": ""us,us2,eu""}"
3676bbeb8a412b0481ad4d1c103ffa35ddf3d2743a3cb9359994f8291d54bd86,2025-09-06T20:25:00Z,dc0e3db61983a138098f28226788d2d3,oddsapi/hist_event_markets,1,"{""date"": ""2025-09-06T20:25:00Z"", ""dateFormat"": ""iso"", ""regions"": ""us,us2,eu""}"
a89f07d9222e7ede87d62b9dd60f202fdf6c41c96671794fc8c8cbbc4c0d1657,2025-09-07T20:15:00Z,dc0e3db61983a138098f28226788d2d3,oddsapi/hist_event_markets,1,"{""date"": ""2025-09-07T20:15:00Z"", ""dateFormat"": ""iso"", ""regions"": ""us,us2,eu""}"
46c635bef40eb1e7e2d93d1b2f5c65297bd783a14069e98fe157fba277366089,2025-10-11T17:00:00Z,dd3a14fa1529e79bd338a7bfd71d5b3a,oddsapi/hist_event_markets,1,"{""date"": ""2025-10-11T17:00:00Z"", ""dateFormat"": ""iso"", ""regions"": ""us,us2,eu""}"
549b91e552edb139aa428479f062934bcc3d0a4ad3eb857ffb9ae8a777bedfc4,2025-10-12T16:50:00Z,dd3a14fa1529e79bd338a7bfd71d5b3a,oddsapi/hist_event_markets,1,"{""date"": ""2025-10-12T16:50:00Z"", ""dateFormat"": ""iso"", ""regions"": ""us,us2,eu""}"
3769cdfc726d4e093d6643e53a551096f057ab661e6da0d263dc0de9d669b2ca,2025-12-27T21:05:00Z,dd4aec72c5175cb8cea67d5edc7b1990,oddsapi/hist_event_markets,1,"{""date"": ""2025-12-27T21:05:00Z"", ""dateFormat"": ""iso"", ""regions"": ""us,us2,eu""}"
7c5a74a3fe3a299ebd993909ad401105c58a46dbf6091684c388ada43563ef83,2025-12-28T20:55:00Z,dd4aec72c5175cb8cea67d5edc7b1990,oddsapi/hist_event_markets,1,"{""date"": ""2025-12-28T20:55:00Z"", ""dateFormat"": ""iso"", ""regions"": ""us,us2,eu""}"
7b399e2d34033d81ba07c36689cc1ca002f42814e14c5afcfbe5729bad3ca2dc,2024-09-12T00:15:00Z,ddd9b67cf1d68282e1e8652000c0d015,oddsapi/hist_event_markets,1,"{""date"": ""2024-09-12T00:15:00Z"", ""dateFormat"": ""iso"", ""regions"": ""us,us2,eu""}"
1fb1aefbca20a713209e2d05feb56b587ba535ad55901ef42c13c108a4e431fe,2024-09-13T00:05:00Z,ddd9b67cf1d68282e1e8652000c0d015,oddsapi/hist_event_markets,1,"{""date"": ""2024-09-13T00:05:00Z"", ""dateFormat"": ""iso"", ""regions"": ""us,us2,eu""}"
51824cfdc8f22de2aea21ff118abd4c97e00321c6505008e1590074b55c7cf5a,2025-12-24T18:00:00Z,de07002921b9b2b2e1ee2928e4270a3c,oddsapi/hist_event_markets,1,"{""date"": ""2025-12-24T18:00:00Z"", ""dateFormat"": ""iso"", ""regions"": ""us,us2,eu""}"
119917c1e04085ad14f7237947d4781f62d5aca29846c222f4f35241e55f0478,2025-12-25T17:50:00Z,de07002921b9b2b2e1ee2928e4270a3c,oddsapi/hist_event_markets,1,"{""date"": ""2025-12-25T17:50:00Z"", ""dateFormat"": ""iso"", ""regions"": ""us,us2,eu""}"
1e667b064907ea086577204f77ec711964adc1e54a81bdd52cc6449fd254de30,2025-09-28T00:20:00Z,de432abcc3bd8d42a582ae9f71388dcd,oddsapi/hist_event_markets,1,"{""date"": ""2025-09-28T00:20:00Z"", ""dateFormat"": ""iso"", ""regions"": ""us,us2,eu""}"
0484687fb117da43c0054461b6f5b4995d5b2010bd29bd8854debc2fdbf2d651,2025-09-29T00:10:00Z,de432abcc3bd8d42a582ae9f71388dcd,oddsapi/hist_event_markets,1,"{""date"": ""2025-09-29T00:10:00Z"", ""dateFormat"": ""iso"", ""regions"": ""us,us2,eu""}"
e8948bd9ac66af8e76c9b1d5ed8738cbcbd7959f3ac061cffbf348916dbf2a76,2026-01-03T21:25:00Z,de4ae000f7f94eecf9d827eabff2991b,oddsapi/hist_event_markets,1,"{""date"": ""2026-01-03T21:25:00Z"", ""dateFormat"": ""iso"", ""regions"": ""us,us2,eu""}"
90eed4e2f07af0b0e0bce1cd592e76ac2aa203d3392921bcf3a6135daaa276e1,2026-01-04T21:15:00Z,de4ae000f7f94eecf9d827eabff2991b,oddsapi/hist_event_markets,1,"{""date"": ""2026-01-04T21:15:00Z"", ""dateFormat"": ""iso"", ""regions"": ""us,us2,eu""}"
fc6e09d050a434816157f84d18b271f6b21155a19d415b08d6a34f5b84f3f2c3,2025-11-26T21:30:00Z,de53b8a594fe830c5fd56484705cd756,oddsapi/hist_event_markets,1,"{""date"": ""2025-11-26T21:30:00Z"", ""dateFormat"": ""iso"", ""regions"": ""us,us2,eu""}"
3b686e1ac5b5e9cdc3335f1477ada685e4ed42b40f6cef520999f7e3c9df3edb,2025-11-27T21:20:00Z,de53b8a594fe830c5fd56484705cd756,oddsapi/hist_event_markets,1,"{""date"": ""2025-11-27T21:20:00Z"", ""dateFormat"": ""iso"", ""regions"": ""us,us2,eu""}"
ea9f3e974515f8a639c7019d15009b0de27765d074298c077ad904cc08794954,2023-12-16T18:00:00Z,de64df56de3a6998f152879e68fee61c,oddsapi/hist_event_markets,1,"{""date"": ""2023-12-16T18:00:00Z"", ""dateFormat"": ""iso"", ""regions"": ""us,us2,eu""}"
18bad79081202cd7ea6573285e0daa97b036c3bf44f768100eea1535675670b5,2023-12-17T17:50:00Z,de64df56de3a6998f152879e68fee61c,oddsapi/hist_event_markets,1,"{""date"": ""2023-12-17T17:50:00Z"", ""dateFormat"": ""iso"", ""regions"": ""us,us2,eu""}"
6cb92ba65cf7b6737620ff54e9467932455b07caf11678bd17b76904d6b927f0,2023-12-23T18:00:00Z,de97e48e6a47020a876631d2075c788d,oddsapi/hist_event_markets,1,"{""date"": ""2023-12-23T18:00:00Z"", ""dateFormat"": ""iso"", ""regions"": ""us,us2,eu""}"
4b1e673076d79e22d75ca1e4419c3cce82c10d7d9f1581159eb8df8e6c0ab359,2023-12-24T17:50:00Z,de97e48e6a47020a876631d2075c788d,oddsapi/hist_event_markets,1,"{""date"": ""2023-12-24T17:50:00Z"", ""dateFormat"": ""iso"", ""regions"": ""us,us2,eu""}"
1784cfc692cabdb2dde649d5a9646871345296c5ac6a82b67e1550d5aa568857,2025-09-07T00:20:00Z,dee0a41ed5e8201a96d457899adbe918,oddsapi/hist_event_markets,1,"{""date"": ""2025-09-07T00:20:00Z"", ""dateFormat"": ""iso"", ""regions"": ""us,us2,eu""}"
3b2d942141e288eb669297f25208fd77c0f05eb46aded4408e2b08c03c2c82a3,2025-09-08T00:10:00Z,dee0a41ed5e8201a96d457899adbe918,oddsapi/hist_event_markets,1,"{""date"": ""2025-09-08T00:10:00Z"", ""dateFormat"": ""iso"", ""regions"": ""us,us2,eu""}"
736021cf95344487037e44e0cd0c23be54bb3305b0e9f012f7ff52ed79af260d,2025-10-04T17:00:00Z,df7e32f3c6cfaaa66de560906faabe32,oddsapi/hist_event_markets,1,"{""date"": ""2025-10-04T17:00:00Z"", ""dateFormat"": ""iso"", ""regions"": ""us,us2,eu""}"
5924f85193c36a9a8f681f7cfd8e2015fb028d3972a8b6e54d53700251af3068,2025-10-05T16:50:00Z,df7e32f3c6cfaaa66de560906faabe32,oddsapi/hist_event_markets,1,"{""date"": ""2025-10-05T16:50:00Z"", ""dateFormat"": ""iso"", ""regions"": ""us,us2,eu""}"
3d8b4e7aa258f6d242001b77cf1bed957340723e8c7b91006ab52e138231bea1,2025-10-11T17:00:00Z,dfa87b0532de1389297103c2e3195347,oddsapi/hist_event_markets,1,"{""date"": ""2025-10-11T17:00:00Z"", ""dateFormat"": ""iso"", ""regions"": ""us,us2,eu""}"
711e3d80aa136babe16ac5f5178bd66e984856a2f5e0a680720a41d6d82493f5,2025-10-12T16:50:00Z,dfa87b0532de1389297103c2e3195347,oddsapi/hist_event_markets,1,"{""date"": ""2025-10-12T16:50:00Z"", ""dateFormat"": ""iso"", ""regions"": ""us,us2,eu""}"
c0c9dfcabb5a193280db2b4b0b84b979f02291924c7c4fc743ae08b0fdf1c69d,2024-10-26T17:00:00Z,e07e64de78a6095754d2a048255dadac,oddsapi/hist_event_markets,1,"{""date"": ""2024-10-26T17:00:00Z"", ""dateFormat"": ""iso"", ""regions"": ""us,us2,eu""}"
9623d6aa781344aca83fb82d94a93aef3bef59e26be72504b27d19dea12b9cf5,2024-10-27T16:50:00Z,e07e64de78a6095754d2a048255dadac,oddsapi/hist_event_markets,1,"{""date"": ""2024-10-27T16:50:00Z"", ""dateFormat"": ""iso"", ""regions"": ""us,us2,eu""}"
7ba99bb1fd81d986845bbf001900d8bd120667136a48a65a506dfefec676e13c,2024-12-05T01:15:00Z,e0b1a11b515324fa603bb16ff278dcbf,oddsapi/hist_event_markets,1,"{""date"": ""2024-12-05T01:15:00Z"", ""dateFormat"": ""iso"", ""regions"": ""us,us2,eu""}"
64b7ee0d10b1f11ea1a8fa1495f4853f274bb77d0fcf63126f89c112308adafd,2024-12-06T01:05:00Z,e0b1a11b515324fa603bb16ff278dcbf,oddsapi/hist_event_markets,1,"{""date"": ""2024-12-06T01:05:00Z"", ""dateFormat"": ""iso"", ""regions"": ""us,us2,eu""}"
54ff492d533b5312ed05f97c1e37d0292bae4d3332df660992f468191cb55188,2025-10-09T00:15:00Z,e10fe83ee6178a598e7fa84ea0913366,oddsapi/hist_event_markets,1,"{""date"": ""2025-10-09T00:15:00Z"", ""dateFormat"": ""iso"", ""regions"": ""us,us2,eu""}"
38abf2785d70531b35d192c00bae1c4e8493415760e7ae7a6fdf207da9409a8c,2025-10-10T00:05:00Z,e10fe83ee6178a598e7fa84ea0913366,oddsapi/hist_event_markets,1,"{""date"": ""2025-10-10T00:05:00Z"", ""dateFormat"": ""iso"", ""regions"": ""us,us2,eu""}"
03ae24e2998c33137108db7e7f3ce001b735303162e5b1d507dd8e3b234cb101,2023-09-17T23:15:00Z,e1573fb36f89f2e295e128bf5ec13a6a,oddsapi/hist_event_markets,1,"{""date"": ""2023-09-17T23:15:00Z"", ""dateFormat"": ""iso"", ""regions"": ""us,us2,eu""}"
d9eae05ebb209e41104fb2b65ff359c232febd2995390e974780169adfdca346,2023-09-18T23:05:00Z,e1573fb36f89f2e295e128bf5ec13a6a,oddsapi/hist_event_markets,1,"{""date"": ""2023-09-18T23:05:00Z"", ""dateFormat"": ""iso"", ""regions"": ""us,us2,eu""}"
a808abce990353388654177e0e77678655a66f917aba44dfe856801a3c4db80a,2023-11-18T18:00:00Z,e1950715bf70945e95a913a3270cd69c,oddsapi/hist_event_markets,1,"{""date"": ""2023-11-18T18:00:00Z"", ""dateFormat"": ""iso"", ""regions"": ""us,us2,eu""}"
90d394794839c7419534cf9b54746f1e5e8a2da080f98b24b704b122ca21bef4,2023-11-19T17:50:00Z,e1950715bf70945e95a913a3270cd69c,oddsapi/hist_event_markets,1,"{""date"": ""2023-11-19T17:50:00Z"", ""dateFormat"": ""iso"", ""regions"": ""us,us2,eu""}"
8b72fc3afdfd13afb9d9852a41aba45cc249f9a6ac9e9aabc77d0432d291458e,2025-01-04T18:00:00Z,e1ba96b7e56eba655eafcf8249b1d3df,oddsapi/hist_event_markets,1,"{""date"": ""2025-01-04T18:00:00Z"", ""dateFormat"": ""iso"", ""regions"": ""us,us2,eu""}"
965abf08fe3d09acdc62fded76d1c0db3a3f4017c64a656083b4538917912cf4,2025-01-05T17:50:00Z,e1ba96b7e56eba655eafcf8249b1d3df,oddsapi/hist_event_markets,1,"{""date"": ""2025-01-05T17:50:00Z"", ""dateFormat"": ""iso"", ""regions"": ""us,us2,eu""}"
a51cec025ca7f5d16a93d2275b3e73825ffd279a07579872582db85b5ae081f1,2025-09-13T20:05:00Z,e217b38ef8bc6e98d3512cb42b90782e,oddsapi/hist_event_markets,1,"{""date"": ""2025-09-13T20:05:00Z"", ""dateFormat"": ""iso"", ""regions"": ""us,us2,eu""}"
39de5390bd90fff26b77bfd22a22a837919281d182b85424b218538a9d372dfc,2025-09-14T19:55:00Z,e217b38ef8bc6e98d3512cb42b90782e,oddsapi/hist_event_markets,1,"{""date"": ""2025-09-14T19:55:00Z"", ""dateFormat"": ""iso"", ""regions"": ""us,us2,eu""}"
b80588a7f6451199c44d5f6b8c8d542df0dcf023236fc15a9973d49b7986f4f3,2024-11-10T01:20:00Z,e27b5c11ba461a77a8e7773b2ea30238,oddsapi/hist_event_markets,1,"{""date"": ""2024-11-10T01:20:00Z"", ""dateFormat"": ""iso"", ""regions"": ""us,us2,eu""}"
2ffaad7f342417f51f985ea65d46e6de4902f53e40211361004f1170212c73fc,2024-11-11T01:10:00Z,e27b5c11ba461a77a8e7773b2ea30238,oddsapi/hist_event_markets,1,"{""date"": ""2024-11-11T01:10:00Z"", ""dateFormat"": ""iso"", ""regions"": ""us,us2,eu""}"
a66c3d92e44b468d41bfc827911232640c7dd1725ca56e45e4c77a1826a63d7e,2023-12-30T01:15:00Z,e282b9dedc7fbb32af43dcd2c0514ddf,oddsapi/hist_event_markets,1,"{""date"": ""2023-12-30T01:15:00Z"", ""dateFormat"": ""iso"", ""regions"": ""us,us2,eu""}"
0b42c0506172238497803c12f23da00630b996020417c689cf6252dc02f3ba37,2023-12-31T01:05:00Z,e282b9dedc7fbb32af43dcd2c0514ddf,oddsapi/hist_event_markets,1,"{""date"": ""2023-12-31T01:05:00Z"", ""dateFormat"": ""iso"", ""regions"": ""us,us2,eu""}"
9612de770c858e440d7957945e2e0c9ca4f2e5d9b20b85a380b06a7c15cc299b,2025-01-18T23:30:00Z,e2845c7119bd64fe725e9f9495032d72,oddsapi/hist_event_markets,1,"{""date"": ""2025-01-18T23:30:00Z"", ""dateFormat"": ""iso"", ""regions"": ""us,us2,eu""}"
14c1147a09c77a79e5f7bf8a315e423f2423ee01de2a4ef6de8bfb6deefeac2d,2025-01-19T23:20:00Z,e2845c7119bd64fe725e9f9495032d72,oddsapi/hist_event_markets,1,"{""date"": ""2025-01-19T23:20:00Z"", ""dateFormat"": ""iso"", ""regions"": ""us,us2,eu""}"
2b6a460e815a800063e5941ee6a69b4c1dd11cb340b867b1299c2a7c9acbe22d,2025-09-06T17:00:00Z,e2d3b0596efcebc1c19dab92009f5e26,oddsapi/hist_event_markets,1,"{""date"": ""2025-09-06T17:00:00Z"", ""dateFormat"": ""iso"", ""regions"": ""us,us2,eu""}"
ec423c3e9c223862fad83e3f9082613a9eb1f44b393c83413d041319f21b8c9a,2025-09-07T16:50:00Z,e2d3b0596efcebc1c19dab92009f5e26,oddsapi/hist_event_markets,1,"{""date"": ""2025-09-07T16:50:00Z"", ""dateFormat"": ""iso"", ""regions"": ""us,us2,eu""}"
66f5930a00dd7c26069df36cb9ecd3ccdf5bb5ed895e69e6f359e840c8026a6c,2025-11-22T21:05:00Z,e32e0030899c06fdf2c74745ca27d85a,oddsapi/hist_event_markets,1,"{""date"": ""2025-11-22T21:05:00Z"", ""dateFormat"": ""iso"", ""regions"": ""us,us2,eu""}"
1052b0f734813ffe152e6f0ab8177ce0a39e4c81a1434d93efe3ab2f84706920,2025-11-23T20:55:00Z,e32e0030899c06fdf2c74745ca27d85a,oddsapi/hist_event_markets,1,"{""date"": ""2025-11-23T20:55:00Z"", ""dateFormat"": ""iso"", ""regions"": ""us,us2,eu""}"
c6d8cb734871e0aafbe099a71477f0f8c0edbaad95c027504941dd70f524c726,2025-10-11T13:30:00Z,e34812ee7fbf13bd75e4298bccfbdd10,oddsapi/hist_event_markets,1,"{""date"": ""2025-10-11T13:30:00Z"", ""dateFormat"": ""iso"", ""regions"": ""us,us2,eu""}"
9395d0805ec6e56724799ec54c26ee09fb231d8d13ce885e53f7d80bc2aa7b35,2025-10-12T13:20:00Z,e34812ee7fbf13bd75e4298bccfbdd10,oddsapi/hist_event_markets,1,"{""date"": ""2025-10-12T13:20:00Z"", ""dateFormat"": ""iso"", ""regions"": ""us,us2,eu""}"
b34093630bf0f571c3499846eafcb7913e801dcb53ee6b708ef16afc9b4cab8d,2025-11-29T18:00:00Z,e3c9bfba57bbe784481d881ea3b4519d,oddsapi/hist_event_markets,1,"{""date"": ""2025-11-29T18:00:00Z"", ""dateFormat"": ""iso"", ""regions"": ""us,us2,eu""}"
687e0c5239bfaa3cea56cfcc494103e25854a717f4990f1fe0c4c1c5892e7c15,2025-11-30T17:50:00Z,e3c9bfba57bbe784481d881ea3b4519d,oddsapi/hist_event_markets,1,"{""date"": ""2025-11-30T17:50:00Z"", ""dateFormat"": ""iso"", ""regions"": ""us,us2,eu""}"
3f42d07ff02395acffea3240a10caa8d9db3cc4b4704fc253c0d2d5c22b23950,2023-12-16T18:00:00Z,e3f50249e8a9b42484ad0922fca4f9f0,oddsapi/hist_event_markets,1,"{""date"": ""2023-12-16T18:00:00Z"", ""dateFormat"": ""iso"", ""regions"": ""us,us2,eu""}"
ab4a7efb23f81da10bcbaf37aed1db5604e4e9ce0f2ef3c9454d3139b7858580,2023-12-17T17:50:00Z,e3f50249e8a9b42484ad0922fca4f9f0,oddsapi/hist_event_markets,1,"{""date"": ""2023-12-17T17:50:00Z"", ""dateFormat"": ""iso"", ""regions"": ""us,us2,eu""}"
8fe08fbe1509dcc798c9b432e3776116bc936eb58b54be7cb8fac8774fe10b49,2024-09-21T17:00:00Z,e46e4c9f5d6884910657cd6581da3978,oddsapi/hist_event_markets,1,"{""date"": ""2024-09-21T17:00:00Z"", ""dateFormat"": ""iso"", ""regions"": ""us,us2,eu""}"
5c0ed5423aa6dea7b993af13db5a55a560aabec709f67f6fc24deb48a9599621,2024-09-22T16:50:00Z,e46e4c9f5d6884910657cd6581da3978,oddsapi/hist_event_markets,1,"{""date"": ""2024-09-22T16:50:00Z"", ""dateFormat"": ""iso"", ""regions"": ""us,us2,eu""}"
6b4f4a39eab26e81621592f0e384fdb73a10c1922d1909d0ab55106ff2b9004c,2024-11-16T18:00:00Z,e552bfd99b12a0acd319b922f7a9fa7c,oddsapi/hist_event_markets,1,"{""date"": ""2024-11-16T18:00:00Z"", ""dateFormat"": ""iso"", ""regions"": ""us,us2,eu""}"
66de28171a73b5c9b35f4b608e35ea1ae27541a38c690fe4584eac0d4b5b83d1,2024-11-17T17:50:00Z,e552bfd99b12a0acd319b922f7a9fa7c,oddsapi/hist_event_markets,1,"{""date"": ""2024-11-17T17:50:00Z"", ""dateFormat"": ""iso"", ""regions"": ""us,us2,eu""}"
1fcd14750a00935ec6d8c22bc201b7d2959eec4803caf6de531acf9459108235,2023-10-01T00:20:00Z,e588f3f6aef44746b18980633bd7b312,oddsapi/hist_event_markets,1,"{""date"": ""2023-10-01T00:20:00Z"", ""dateFormat"": ""iso"", ""regions"": ""us,us2,eu""}"
99f6a2ed3b81f114ae9ff82043296ec3b0a038ded954059afe6538e46652638b,2023-10-02T00:10:00Z,e588f3f6aef44746b18980633bd7b312,oddsapi/hist_event_markets,1,"{""date"": ""2023-10-02T00:10:00Z"", ""dateFormat"": ""iso"", ""regions"": ""us,us2,eu""}"
b5722c715775d72e8bd10ec46aab382d021db676b486c11ad9d2bc68b1365dc1,2023-10-21T20:25:00Z,e5a039468378fe43795987ade2d44536,oddsapi/hist_event_markets,1,"{""date"": ""2023-10-21T20:25:00Z"", ""dateFormat"": ""iso"", ""regions"": ""us,us2,eu""}"
b3045931841200e239b1b94ac4aa92977be919b5988a0f793d30c15a365b71ea,2023-10-22T20:15:00Z,e5a039468378fe43795987ade2d44536,oddsapi/hist_event_markets,1,"{""date"": ""2023-10-22T20:15:00Z"", ""dateFormat"": ""iso"", ""regions"": ""us,us2,eu""}"
c94b571af5ef28d407c901642c90ca2403118eee4e1ff6e2e29e0c67ab6d78a1,2023-11-25T18:00:00Z,e5dae7f38f74481f9ca66ff314785ba7,oddsapi/hist_event_markets,1,"{""date"": ""2023-11-25T18:00:00Z"", ""dateFormat"": ""iso"", ""regions"": ""us,us2,eu""}"
69cf4183c0e6e9e358a3b2c2d1db3135525f5cda25e6bd08ffc2065d717ffaab,2023-11-26T17:50:00Z,e5dae7f38f74481f9ca66ff314785ba7,oddsapi/hist_event_markets,1,"{""date"": ""2023-11-26T17:50:00Z"", ""dateFormat"": ""iso"", ""regions"": ""us,us2,eu""}"
095965a03189e356259c8b3c693d364c57dd17401564659aec5c3d6b2e76788e,2025-10-11T17:00:00Z,e5dd1fed586cfc0ec2d7c06f2a02c37a,oddsapi/hist_event_markets,1,"{""date"": ""2025-10-11T17:00:00Z"", ""dateFormat"": ""iso"", ""regions"": ""us,us2,eu""}"
747502417730accf26c87b0a46df2cc8c547a93ff1df46253bb9719f8ea8e0a6,2025-10-12T16:50:00Z,e5dd1fed586cfc0ec2d7c06f2a02c37a,oddsapi/hist_event_markets,1,"{""date"": ""2025-10-12T16:50:00Z"", ""dateFormat"": ""iso"", ""regions"": ""us,us2,eu""}"
8fb18eaea8ee3763d3ef2f065a1e442543eb1ff9870e1cc6d9ed0af3ed156522,2024-09-28T17:00:00Z,e603ee3c4035a8558b9bcb6aded87ff4,oddsapi/hist_event_markets,1,"{""date"": ""2024-09-28T17:00:00Z"", ""dateFormat"": ""iso"", ""regions"": ""us,us2,eu""}"
5cc6a1e7c4dce8108c87f3f2070129716d476fc17c0eb19a2f19f5b2bea4a5c8,2024-09-29T16:50:00Z,e603ee3c4035a8558b9bcb6aded87ff4,oddsapi/hist_event_markets,1,"{""date"": ""2024-09-29T16:50:00Z"", ""dateFormat"": ""iso"", ""regions"": ""us,us2,eu""}"
9631d8e1ea5e5f0f68b8b2226a8f870a5b3f64c2753f23b9a363275ffedfb22b,2024-09-21T20:25:00Z,e61fbdc294fce579705fa0ed6de85ce2,oddsapi/hist_event_markets,1,"{""date"": ""2024-09-21T20:25:00Z"", ""dateFormat"": ""iso"", ""regions"": ""us,us2,eu""}"
06531a91dc1e8ad98009dc6f3373ca2cd395f818479d06c93a575bb5b995c927,2024-09-22T20:15:00Z,e61fbdc294fce579705fa0ed6de85ce2,oddsapi/hist_event_markets,1,"{""date"": ""2024-09-22T20:15:00Z"", ""dateFormat"": ""iso"", ""regions"": ""us,us2,eu""}"
e2746a36ea47a8c0bd5cdfc234c4493d38c0b892a2cd1448cc032419b46d1efe,2023-11-11T21:25:00Z,e658ecc30213f84c4b68dc3cf5f3f44c,oddsapi/hist_event_markets,1,"{""date"": ""2023-11-11T21:25:00Z"", ""dateFormat"": ""iso"", ""regions"": ""us,us2,eu""}"
1cb717b41cf8e533f47ba525c3a66a910676410b7223d694568d394579716adf,2023-11-12T21:15:00Z,e658ecc30213f84c4b68dc3cf5f3f44c,oddsapi/hist_event_markets,1,"{""date"": ""2023-11-12T21:15:00Z"", ""dateFormat"": ""iso"", ""regions"": ""us,us2,eu""}"
265311c1742fabaf7c03b365cad1471d7586e8bcd42d2524fe8eda3676ba24c7,2025-12-27T18:00:00Z,e6721ef0adb705a8abcbedc2ef6dfb3a,oddsapi/hist_event_markets,1,"{""date"": ""2025-12-27T18:00:00Z"", ""dateFormat"": ""iso"", ""regions"": ""us,us2,eu""}"
1eaebaa134a7e648868f15f06b8e229231292206e207e682a1452e0c488cd109,2025-12-28T17:50:00Z,e6721ef0adb705a8abcbedc2ef6dfb3a,oddsapi/hist_event_markets,1,"{""date"": ""2025-12-28T17:50:00Z"", ""dateFormat"": ""iso"", ""regions"": ""us,us2,eu""}"
2620bb2be370a502a837de03584f22be3e499264c9d1e3468031c0684f162019,2024-11-28T01:20:00Z,e6b414e1b7a012e57d1a0746769f28a2,oddsapi/hist_event_markets,1,"{""date"": ""2024-11-28T01:20:00Z"", ""dateFormat"": ""iso"", ""regions"": ""us,us2,eu""}"
8128cd9c10bce77d8168d5cf09e58bc67697d3082149e882e07c0ded1d2366b0,2024-11-29T01:10:00Z,e6b414e1b7a012e57d1a0746769f28a2,oddsapi/hist_event_markets,1,"{""date"": ""2024-11-29T01:10:00Z"", ""dateFormat"": ""iso"", ""regions"": ""us,us2,eu""}"
44a6a4d40a4ce766c1f4d0d6debdf6fb50fab429603738534d30e0c0606294a4,2024-12-02T01:15:00Z,e73de417d2fd01292ed12cea2a906903,oddsapi/hist_event_markets,1,"{""date"": ""2024-12-02T01:15:00Z"", ""dateFormat"": ""iso"", ""regions"": ""us,us2,eu""}"
a1f1993724b97c2cc4578b9929424016213bc148fb48c77d8287356729800fb9,2024-12-03T01:05:00Z,e73de417d2fd01292ed12cea2a906903,oddsapi/hist_event_markets,1,"{""date"": ""2024-12-03T01:05:00Z"", ""dateFormat"": ""iso"", ""regions"": ""us,us2,eu""}"
42039f09250971a21f5e8e999c43d6ae9e8fdacdeff4e0404c518bb56d135d80,2024-02-10T23:30:00Z,e89a34588d65a68265c104373ffdc28a,oddsapi/hist_event_markets,1,"{""date"": ""2024-02-10T23:30:00Z"", ""dateFormat"": ""iso"", ""regions"": ""us,us2,eu""}"
2ba5cd537918412362a0612517a9f3982361c69bfe341b54a4f887904d05502c,2024-02-11T23:20:00Z,e89a34588d65a68265c104373ffdc28a,oddsapi/hist_event_markets,1,"{""date"": ""2024-02-11T23:20:00Z"", ""dateFormat"": ""iso"", ""regions"": ""us,us2,eu""}"
23f939b58a49f027be5320d20040e7f99bb9398403dbac9862f1ccee183bbdef,2023-10-28T17:00:00Z,e8fd2231245ca0c308b65b0f736f5e0c,oddsapi/hist_event_markets,1,"{""date"": ""2023-10-28T17:00:00Z"", ""dateFormat"": ""iso"", ""regions"": ""us,us2,eu""}"
07e0da66242f9e3ddb2d4c9b9f314e7e3da2a6b42a2cfdda03025188979be5e8,2023-10-29T16:50:00Z,e8fd2231245ca0c308b65b0f736f5e0c,oddsapi/hist_event_markets,1,"{""date"": ""2023-10-29T16:50:00Z"", ""dateFormat"": ""iso"", ""regions"": ""us,us2,eu""}"
7523dbaa8fc6d749e9b429b9fcc61a22e82ba924fa978f8f4b3ae3881d0aebd3,2025-11-15T21:05:00Z,e926e654cedeb65fcfcc389a5158ef4e,oddsapi/hist_event_markets,1,"{""date"": ""2025-11-15T21:05:00Z"", ""dateFormat"": ""iso"", ""regions"": ""us,us2,eu""}"
92ca1b64b0637f1e6e1b360a1aee259754f89d73949d149725c044b7a2b0abdd,2025-11-16T20:55:00Z,e926e654cedeb65fcfcc389a5158ef4e,oddsapi/hist_event_markets,1,"{""date"": ""2025-11-16T20:55:00Z"", ""dateFormat"": ""iso"", ""regions"": ""us,us2,eu""}"
c8c841de297bb0641aa2abeceae90ddea3f0d1f7bd1b468e45ca466c134c255b,2023-11-18T18:00:00Z,e968a3bb4e60b63f814badcfbf9977ab,oddsapi/hist_event_markets,1,"{""date"": ""2023-11-18T18:00:00Z"", ""dateFormat"": ""iso"", ""regions"": ""us,us2,eu""}"
666834e462ea34502a949be7af53f5006f85e631266ed54789073cc814078a3f,2023-11-19T17:50:00Z,e968a3bb4e60b63f814badcfbf9977ab,oddsapi/hist_event_markets,1,"{""date"": ""2023-11-19T17:50:00Z"", ""dateFormat"": ""iso"", ""regions"": ""us,us2,eu""}"
8f55d834577c91bd1431e3ef1f6dbe843340e580b78278b90559edc8c2f84e0e,2025-10-04T20:25:00Z,e9de9c4390a28a90f437760050b23531,oddsapi/hist_event_markets,1,"{""date"": ""2025-10-04T20:25:00Z"", ""dateFormat"": ""iso"", ""regions"": ""us,us2,eu""}"
02f92e6f529b392f3d92d951ba49050ef456a11ea29aa99ad39f2bb993b9ff22,2025-10-05T20:15:00Z,e9de9c4390a28a90f437760050b23531,oddsapi/hist_event_markets,1,"{""date"": ""2025-10-05T20:15:00Z"", ""dateFormat"": ""iso"", ""regions"": ""us,us2,eu""}"
a4676c17716d95857cfe055d9fa7595871d19ba6b04bc45d789c8df3dbeff2fc,2023-12-11T01:15:00Z,ea43090cd4cc2eb2fb98ba3847aba986,oddsapi/hist_event_markets,1,"{""date"": ""2023-12-11T01:15:00Z"", ""dateFormat"": ""iso"", ""regions"": ""us,us2,eu""}"
c5993b236735ef07d90a27ae8d93cb962427787826d9f4e7844e1b983f11c195,2023-12-12T01:05:00Z,ea43090cd4cc2eb2fb98ba3847aba986,oddsapi/hist_event_markets,1,"{""date"": ""2023-12-12T01:05:00Z"", ""dateFormat"": ""iso"", ""regions"": ""us,us2,eu""}"
caabe73ec924d868a6091633da8cfa924b60b655654ef4616d46ae54b01a9142,2023-09-30T20:25:00Z,ea59f24a92e52fee542214baf4d33560,oddsapi/hist_event_markets,1,"{""date"": ""2023-09-30T20:25:00Z"", ""dateFormat"": ""iso"", ""regions"": ""us,us2,eu""}"
1243ecd2aa4c9d1cce672f24ec0200fa965bf484519ec6dcafdf449b220ae0bd,2023-10-01T20:15:00Z,ea59f24a92e52fee542214baf4d33560,oddsapi/hist_event_markets,1,"{""date"": ""2023-10-01T20:15:00Z"", ""dateFormat"": ""iso"", ""regions"": ""us,us2,eu""}"
e6fa38a61b09f57190e0828fe6edea5931919063fc262970d0b1865bc29057f5,2025-12-29T01:15:00Z,ea5fe5f603483c8d46f83081cf780397,oddsapi/hist_event_markets,1,"{""date"": ""2025-12-29T01:15:00Z"", ""dateFormat"": ""iso"", ""regions"": ""us,us2,eu""}"
5a4081c338f826bd19e8bee3e34fc4cd64c8a5e113a5b7fba1df9fad185aac75,2025-12-30T01:05:00Z,ea5fe5f603483c8d46f83081cf780397,oddsapi/hist_event_markets,1,"{""date"": ""2025-12-30T01:05:00Z"", ""dateFormat"": ""iso"", ""regions"": ""us,us2,eu""}"
2b0a413707a15a11c0aa53b232175e84fc5698087380662f65e8a14711e6afd3,2026-01-16T21:30:00Z,ea794ebbcb7cbcaf7753c65d0f1a15c8,oddsapi/hist_event_markets,1,"{""date"": ""2026-01-16T21:30:00Z"", ""dateFormat"": ""iso"", ""regions"": ""us,us2,eu""}"
e2b05036475e47752ce06894b875a3a69ceda67edec0aeac87f97765370a46bd,2026-01-17T21:20:00Z,ea794ebbcb7cbcaf7753c65d0f1a15c8,oddsapi/hist_event_markets,1,"{""date"": ""2026-01-17T21:20:00Z"", ""dateFormat"": ""iso"", ""regions"": ""us,us2,eu""}"
876db2da4d4d26501f333c1282a9dffa3f98da61718bbc4a47f5fafdba2c0051,2023-09-16T17:00:00Z,eab3d772c3c8e4a6d3813ece55055529,oddsapi/hist_event_markets,1,"{""date"": ""2023-09-16T17:00:00Z"", ""dateFormat"": ""iso"", ""regions"": ""us,us2,eu""}"
8362c3b0de74ecdb66aaf3939a75afee8247d7f707699d5cba33271bdf6a4f2e,2023-09-17T16:50:00Z,eab3d772c3c8e4a6d3813ece55055529,oddsapi/hist_event_markets,1,"{""date"": ""2023-09-17T16:50:00Z"", ""dateFormat"": ""iso"", ""regions"": ""us,us2,eu""}"
3e6cfde1fc591810be839a79b99b55bdc5d8573bd8b4f102725d0bcdb69d6136,2025-01-11T18:00:00Z,eac47be392d58d012f8c38266021aab3,oddsapi/hist_event_markets,1,"{""date"": ""2025-01-11T18:00:00Z"", ""dateFormat"": ""iso"", ""regions"": ""us,us2,eu""}"
afb7539cc8be2df136c6fbc6df6d006f795c1c085d44480b6a8af1143513dbe5,2025-01-12T17:50:00Z,eac47be392d58d012f8c38266021aab3,oddsapi/hist_event_markets,1,"{""date"": ""2025-01-12T17:50:00Z"", ""dateFormat"": ""iso"", ""regions"": ""us,us2,eu""}"
9bc4278d6c01eab48cf8861c7cd80580d2aa9207ea14b75f450b3b42fb9d7279,2024-12-28T18:00:00Z,eb5a71180b3558fdc20a896e98c00385,oddsapi/hist_event_markets,1,"{""date"": ""2024-12-28T18:00:00Z"", ""dateFormat"": ""iso"", ""regions"": ""us,us2,eu""}"
82950bdeb614f9d52c697fe9020872f5b09139f14a8f0ed870fdff202add9d10,2024-12-29T17:50:00Z,eb5a71180b3558fdc20a896e98c00385,oddsapi/hist_event_markets,1,"{""date"": ""2024-12-29T17:50:00Z"", ""dateFormat"": ""iso"", ""regions"": ""us,us2,eu""}"
eecc69f87b76063349aa72012c7a558606e1cf526d1e2ea42af84a9b0a43bf29,2023-11-26T01:20:00Z,eb77c9dad13ef82ba5ff4dcf439d3bab,oddsapi/hist_event_markets,1,"{""date"": ""2023-11-26T01:20:00Z"", ""dateFormat"": ""iso"", ""regions"": ""us,us2,eu""}"
a50265044498016e3ac7f12f3e90fae829385e68ece92fb9556e0be43779ad1d,2023-11-27T01:10:00Z,eb77c9dad13ef82ba5ff4dcf439d3bab,oddsapi/hist_event_markets,1,"{""date"": ""2023-11-27T01:10:00Z"", ""dateFormat"": ""iso"", ""regions"": ""us,us2,eu""}"
f5122af359ba258c4f168d14d85c24dfbb9afee9b30d17bbb0c9da613c12faca,2025-01-04T21:25:00Z,ebda13c375e6e6bb69822f91bce86756,oddsapi/hist_event_markets,1,"{""date"": ""2025-01-04T21:25:00Z"", ""dateFormat"": ""iso"", ""regions"": ""us,us2,eu""}"
cbd37bb818c77227299c276187065605e6383ff4aab15250d7bcf2f158f8b857,2025-01-05T21:15:00Z,ebda13c375e6e6bb69822f91bce86756,oddsapi/hist_event_markets,1,"{""date"": ""2025-01-05T21:15:00Z"", ""dateFormat"": ""iso"", ""regions"": ""us,us2,eu""}"
3458403105c43fe25e21e24fc4b44bfc1b85cde671e454ce4d9068b5896672b7,2023-09-16T17:00:00Z,ec238fc4bfd91d24ae566950edc120fe,oddsapi/hist_event_markets,1,"{""date"": ""2023-09-16T17:00:00Z"", ""dateFormat"": ""iso"", ""regions"": ""us,us2,eu""}"
4bd642bb366b91b626e72e1dbfdb610daa3f2c8c969a9f4e72b2fae5f2a6cd99,2023-09-17T16:50:00Z,ec238fc4bfd91d24ae566950edc120fe,oddsapi/hist_event_markets,1,"{""date"": ""2023-09-17T16:50:00Z"", ""dateFormat"": ""iso"", ""regions"": ""us,us2,eu""}"
f42ca76bbedfa4b80a85e4a36b4a0b546b74775ba96c5a99bc8cc9badc7b70f3,2025-01-04T18:00:00Z,ec3a43f544c27aba390eea6b4f1bb55a,oddsapi/hist_event_markets,1,"{""date"": ""2025-01-04T18:00:00Z"", ""dateFormat"": ""iso"", ""regions"": ""us,us2,eu""}"
7c37e6504b2747481b7a1a13ce1b57631fa32d40394d1ff7882210818d23a779,2025-01-05T17:50:00Z,ec3a43f544c27aba390eea6b4f1bb55a,oddsapi/hist_event_markets,1,"{""date"": ""2025-01-05T17:50:00Z"", ""dateFormat"": ""iso"", ""regions"": ""us,us2,eu""}"
18e6997a59b8718ea315078ce7d1dfee078acf83b6504352179b314edd6c171a,2025-09-13T17:00:00Z,ec75e45d75691f810f347e0c5ff25d6e,oddsapi/hist_event_markets,1,"{""date"": ""2025-09-13T17:00:00Z"", ""dateFormat"": ""iso"", ""regions"": ""us,us2,eu""}"
24e643154a0f0297ad1e85383923f870af0ccba3eaddb04a5db5316849c2e4d0,2025-09-14T16:50:00Z,ec75e45d75691f810f347e0c5ff25d6e,oddsapi/hist_event_markets,1,"{""date"": ""2025-09-14T16:50:00Z"", ""dateFormat"": ""iso"", ""regions"": ""us,us2,eu""}"
98c49c3745b67261d421afcc6c89d9525d201fcd91bbf6f5e489816a4bb29d54,2024-09-06T00:15:00Z,eca3b71919531e7ae0b4f3f501157e6c,oddsapi/hist_event_markets,1,"{""date"": ""2024-09-06T00:15:00Z"", ""dateFormat"": ""iso"", ""regions"": ""us,us2,eu""}"
83199453dd600ff85f1cb41912bc13e0b843d96243fdfef4ed7a94816d8b10b2,2024-09-07T00:05:00Z,eca3b71919531e7ae0b4f3f501157e6c,oddsapi/hist_event_markets,1,"{""date"": ""2024-09-07T00:05:00Z"", ""dateFormat"": ""iso"", ""regions"": ""us,us2,eu""}"
a000d14cd1b10fe4112b038ef9113cfbb3865d7df8c396d3725a80a134cc3c5c,2025-01-11T21:30:00Z,edbc8c5b53a7705b9caa5e1908109e19,oddsapi/hist_event_markets,1,"{""date"": ""2025-01-11T21:30:00Z"", ""dateFormat"": ""iso"", ""regions"": ""us,us2,eu""}"
724ea0f51ac1c20bb82f52dbb2f8ecae35cd3e56d9cafcfa0b8809958e34daca,2025-01-12T21:20:00Z,edbc8c5b53a7705b9caa5e1908109e19,oddsapi/hist_event_markets,1,"{""date"": ""2025-01-12T21:20:00Z"", ""dateFormat"": ""iso"", ""regions"": ""us,us2,eu""}"
9d1b7f53f6149922687c55bb5dce175683ae13a6a69df6566422a6316acd52a0,2024-10-31T00:15:00Z,edde9aeb8a9114f38b30b45c7cffbfa8,oddsapi/hist_event_markets,1,"{""date"": ""2024-10-31T00:15:00Z"", ""dateFormat"": ""iso"", ""regions"": ""us,us2,eu""}"
7a6a53f91deb2a445ff4e1551693d3ce94eaa76c388b622c89fe52519e8f89a4,2024-11-01T00:05:00Z,edde9aeb8a9114f38b30b45c7cffbfa8,oddsapi/hist_event_markets,1,"{""date"": ""2024-11-01T00:05:00Z"", ""dateFormat"": ""iso"", ""regions"": ""us,us2,eu""}"
b82351971ad7c01b3a1a1bb9ec5b0cfedff3e8d6601022ed31b5854de44c5399,2025-09-21T00:20:00Z,ee840f13db8bd150fcdd8f6670fa7041,oddsapi/hist_event_markets,1,"{""date"": ""2025-09-21T00:20:00Z"", ""dateFormat"": ""iso"", ""regions"": ""us,us2,eu""}"
4405a87e477ce6e138afaff0d2fb291f099525f139d1fc6715dfb94b10fd2dd6,2025-09-22T00:10:00Z,ee840f13db8bd150fcdd8f6670fa7041,oddsapi/hist_event_markets,1,"{""date"": ""2025-09-22T00:10:00Z"", ""dateFormat"": ""iso"", ""regions"": ""us,us2,eu""}"
481004a2f1e370eb3217c5a33a771b76317edfbeb44ede5f23199f1c8d220514,2025-09-20T17:00:00Z,eefb7f130c8fc2c129e296fe5c6ba3e3,oddsapi/hist_event_markets,1,"{""date"": ""2025-09-20T17:00:00Z"", ""dateFormat"": ""iso"", ""regions"": ""us,us2,eu""}"
9f5ce3bc59f9e72017dd8cd36c965fb475a679d1c07a137f08b54a65c3bc0f8e,2025-09-21T16:50:00Z,eefb7f130c8fc2c129e296fe5c6ba3e3,oddsapi/hist_event_markets,1,"{""date"": ""2025-09-21T16:50:00Z"", ""dateFormat"": ""iso"", ""regions"": ""us,us2,eu""}"
ab4603c3260029f195cca1b7c4a76965dbd01a4f4e5334bb307076f6deeadec8,2024-11-02T21:05:00Z,ef026bf62bfb6cda42ee983680eda2d4,oddsapi/hist_event_markets,1,"{""date"": ""2024-11-02T21:05:00Z"", ""dateFormat"": ""iso"", ""regions"": ""us,us2,eu""}"
06f0c6f4a19c2a7d3753d64bc886e8ca71eba8462d32d048f9696f92b98c7d03,2024-11-03T20:55:00Z,ef026bf62bfb6cda42ee983680eda2d4,oddsapi/hist_event_markets,1,"{""date"": ""2024-11-03T20:55:00Z"", ""dateFormat"": ""iso"", ""regions"": ""us,us2,eu""}"
2eacd7732145412d5962bd1f692104572e3b08778df1b13c5fe55558ee7bb500,2024-10-27T00:20:00Z,ef27be93158f43d94f94035d2af7096f,oddsapi/hist_event_markets,1,"{""date"": ""2024-10-27T00:20:00Z"", ""dateFormat"": ""iso"", ""regions"": ""us,us2,eu""}"
5e8e4469065b672d5767aa4d75b75de1e36f60d85bf8abb5db7aa8e66994352f,2024-10-28T00:10:00Z,ef27be93158f43d94f94035d2af7096f,oddsapi/hist_event_markets,1,"{""date"": ""2024-10-28T00:10:00Z"", ""dateFormat"": ""iso"", ""regions"": ""us,us2,eu""}"
ea88f0c359646905261ed812e5da3769360fc420b3136e32a9145721e43ccee6,2025-01-25T20:00:00Z,efbac15f56fe50a7f1ed3eb0b68e4338,oddsapi/hist_event_markets,1,"{""date"": ""2025-01-25T20:00:00Z"", ""dateFormat"": ""iso"", ""regions"": ""us,us2,eu""}"
bb4e7fd552b2daf946f4fdd626e8ad5d6d7eb88913ae979e34df5976229f5563,2025-01-26T19:50:00Z,efbac15f56fe50a7f1ed3eb0b68e4338,oddsapi/hist_event_markets,1,"{""date"": ""2025-01-26T19:50:00Z"", ""dateFormat"": ""iso"", ""regions"": ""us,us2,eu""}"
b641d5e52e6121f129bddb85502afc3035b70960c02d9f0d44c15710217f46f4,2023-10-14T20:25:00Z,efeda644ef61c16b001be5fa849d5271,oddsapi/hist_event_markets,1,"{""date"": ""2023-10-14T20:25:00Z"", ""dateFormat"": ""iso"", ""regions"": ""us,us2,eu""}"
675f21f7543afa052bf581719194a542883f44d97e1d3c2cc715ed41b10053e7,2023-10-15T20:15:00Z,efeda644ef61c16b001be5fa849d5271,oddsapi/hist_event_markets,1,"{""date"": ""2023-10-15T20:15:00Z"", ""dateFormat"": ""iso"", ""regions"": ""us,us2,eu""}"
fc202734f95e40ca93d49c2d6987998d840c6f3e8c369814d68b572f14a653f0,2025-10-18T17:00:00Z,f0336c9a3749716250afba387d157377,oddsapi/hist_event_markets,1,"{""date"": ""2025-10-18T17:00:00Z"", ""dateFormat"": ""iso"", ""regions"": ""us,us2,eu""}"
9a93ed5d72cbcbc0feacf411db6fece1bcc92ed1659435b2b1f3b1b5d5a551a3,2025-10-19T16:50:00Z,f0336c9a3749716250afba387d157377,oddsapi/hist_event_markets,1,"{""date"": ""2025-10-19T16:50:00Z"", ""dateFormat"": ""iso"", ""regions"": ""us,us2,eu""}"
afdf2fcbc13f6b2a271b9b0b5ab98ae1bf9a029786aaec9564f95796e4ca8fde,2024-12-21T18:00:00Z,f03bb31e9ff7b81ad1e18e36b7cdddb7,oddsapi/hist_event_markets,1,"{""date"": ""2024-12-21T18:00:00Z"", ""dateFormat"": ""iso"", ""regions"": ""us,us2,eu""}"
4c61e504223c15925e5b9c9d6847c7c4b4b27d2c99c572be887f5c9094fd83b8,2024-12-22T17:50:00Z,f03bb31e9ff7b81ad1e18e36b7cdddb7,oddsapi/hist_event_markets,1,"{""date"": ""2024-12-22T17:50:00Z"", ""dateFormat"": ""iso"", ""regions"": ""us,us2,eu""}"
ba07d0369410a72ce0f404f9bc00de29e2fa8592b360562a7272bf45dd9413c3,2023-09-23T17:00:00Z,f049d09c797baccf11023b4cb7bc9b0b,oddsapi/hist_event_markets,1,"{""date"": ""2023-09-23T17:00:00Z"", ""dateFormat"": ""iso"", ""regions"": ""us,us2,eu""}"
ed3c64682ba7b961b88a7a9f0f97510d4deae3b5bf111c1e010d66b1fbe401c0,2023-09-24T16:50:00Z,f049d09c797baccf11023b4cb7bc9b0b,oddsapi/hist_event_markets,1,"{""date"": ""2023-09-24T16:50:00Z"", ""dateFormat"": ""iso"", ""regions"": ""us,us2,eu""}"
8994a6d487abd73b916c76cc022762b21d524905b4d4973d98f727dad2aeedde,2025-12-06T18:00:00Z,f0bdd27bbed46dfc3d0657500c95a96c,oddsapi/hist_event_markets,1,"{""date"": ""2025-12-06T18:00:00Z"", ""dateFormat"": ""iso"", ""regions"": ""us,us2,eu""}"
35ed78b2108ef0e94fba6556067c5c0e44003940bb0660ab720666a5d8a9d66f,2025-12-07T17:50:00Z,f0bdd27bbed46dfc3d0657500c95a96c,oddsapi/hist_event_markets,1,"{""date"": ""2025-12-07T17:50:00Z"", ""dateFormat"": ""iso"", ""regions"": ""us,us2,eu""}"
425932b54fc9147b731be2e295ed3e7f24116cff5d346c70e4660e3e7704d3e6,2023-11-25T21:05:00Z,f1788bb541815fe2a101212cf18d5af9,oddsapi/hist_event_markets,1,"{""date"": ""2023-11-25T21:05:00Z"", ""dateFormat"": ""iso"", ""regions"": ""us,us2,eu""}"
fb0127c12890e651dc882a6cf2aa459471f24e933a24e6ffd2b3cffd90adee76,2023-11-26T20:55:00Z,f1788bb541815fe2a101212cf18d5af9,oddsapi/hist_event_markets,1,"{""date"": ""2023-11-26T20:55:00Z"", ""dateFormat"": ""iso"", ""regions"": ""us,us2,eu""}"
9bc76226c345a0a6846c6cbb7b67e5218ecb5e81c685eaee10cfbb476c50f407,2025-09-04T00:20:00Z,f1bc532dff946d15cb85654b5c4b246e,oddsapi/hist_event_markets,1,"{""date"": ""2025-09-04T00:20:00Z"", ""dateFormat"": ""iso"", ""regions"": ""us,us2,eu""}"
6412ebe08d3b3f5c279e08bfca10c194da6ee7d5a05aebc96c58a1d4523e4601,2025-09-05T00:10:00Z,f1bc532dff946d15cb85654b5c4b246e,oddsapi/hist_event_markets,1,"{""date"": ""2025-09-05T00:10:00Z"", ""dateFormat"": ""iso"", ""regions"": ""us,us2,eu""}"
65ec6e0269d6b98b4573adeee3c186675de13516d30490ea45d48237feb73b80,2026-01-24T20:00:00Z,f1d11f109fd93364e11f97623bddf652,oddsapi/hist_event_markets,1,"{""date"": ""2026-01-24T20:00:00Z"", ""dateFormat"": ""iso"", ""regions"": ""us,us2,eu""}"
a61ef1a89f23f6dbd3db6d9bb885f903c27a6bd4c02038b3e655165ace3d5151,2026-01-25T19:50:00Z,f1d11f109fd93364e11f97623bddf652,oddsapi/hist_event_markets,1,"{""date"": ""2026-01-25T19:50:00Z"", ""dateFormat"": ""iso"", ""regions"": ""us,us2,eu""}"
d29d9f858f42a96505adb3cb323e0ab5f7790289e1da51d74dda9009c8ddca73,2024-01-05T21:30:00Z,f1db1ea65e63375c8f6f9766dac5d4f7,oddsapi/hist_event_markets,1,"{""date"": ""2024-01-05T21:30:00Z"", ""dateFormat"": ""iso"", ""regions"": ""us,us2,eu""}"
2721792d0c2a6fc9e8ca319d338f2a29e24def0e844c54859ab17ebadd98b76b,2024-01-06T21:20:00Z,f1db1ea65e63375c8f6f9766dac5d4f7,oddsapi/hist_event_markets,1,"{""date"": ""2024-01-06T21:20:00Z"", ""dateFormat"": ""iso"", ""regions"": ""us,us2,eu""}"
a132a5b1a31977d7d5cc80414285a2aa9ea179741b189f0f2a49dccf2abdcfb3,2023-09-30T17:00:00Z,f2a6d22204b5c05c9860c4a0934715a7,oddsapi/hist_event_markets,1,"{""date"": ""2023-09-30T17:00:00Z"", ""dateFormat"": ""iso"", ""regions"": ""us,us2,eu""}"
0aa5f1c5f2872168b3f0bcd8295dcd911b4f9ebd1d67c1555147c598c88e3455,2023-10-01T16:50:00Z,f2a6d22204b5c05c9860c4a0934715a7,oddsapi/hist_event_markets,1,"{""date"": ""2023-10-01T16:50:00Z"", ""dateFormat"": ""iso"", ""regions"": ""us,us2,eu""}"
43d30812909a26a93f180abf58c008c7742fa184f3cf0d8d6a90b18847509104,2025-10-11T17:00:00Z,f2c642e1f95555424b9a9a4f03733b42,oddsapi/hist_event_markets,1,"{""date"": ""2025-10-11T17:00:00Z"", ""dateFormat"": ""iso"", ""regions"": ""us,us2,eu""}"
a7c1371fb29b6e69f0b8b7d3d67b2de34817e132a7c8912f8b83ff2c67de0073,2025-10-12T16:50:00Z,f2c642e1f95555424b9a9a4f03733b42,oddsapi/hist_event_markets,1,"{""date"": ""2025-10-12T16:50:00Z"", ""dateFormat"": ""iso"", ""regions"": ""us,us2,eu""}"
245d349bf5ee2c383937c702204160b91929db9fd2975315e592acea607e2d14,2025-01-18T05:00:00Z,f2fa576ed2944e3359678d81cafdad36,oddsapi/hist_event_markets,1,"{""date"": ""2025-01-18T05:00:00Z"", ""dateFormat"": ""iso"", ""regions"": ""us,us2,eu""}"
904b1be61ecf7cb43342e08d04eeb3eae67d118582c5fed6ddc98130e2aab25c,2025-01-19T04:50:00Z,f2fa576ed2944e3359678d81cafdad36,oddsapi/hist_event_markets,1,"{""date"": ""2025-01-19T04:50:00Z"", ""dateFormat"": ""iso"", ""regions"": ""us,us2,eu""}"
2ef5efe194729c4ef2c2b71a9b08b2f855455030362e744d1318aab4a8a4cfab,2024-12-14T21:25:00Z,f3d85c6f4152c6f9c28df5332d7d01ae,oddsapi/hist_event_markets,1,"{""date"": ""2024-12-14T21:25:00Z"", ""dateFormat"": ""iso"", ""regions"": ""us,us2,eu""}"
a780a8e23d3340a834171f50c64097ed8c28251e5491cc1648e8977daeb6b246,2024-12-15T21:15:00Z,f3d85c6f4152c6f9c28df5332d7d01ae,oddsapi/hist_event_markets,1,"{""date"": ""2024-12-15T21:15:00Z"", ""dateFormat"": ""iso"", ""regions"": ""us,us2,eu""}"
fd414b5df283f593d4ff023973bf911bd7d6a2d404acde43b9ff667ecef71c98,2025-11-03T01:15:00Z,f3dfb574e0a542375a480534525ee6cf,oddsapi/hist_event_markets,1,"{""date"": ""2025-11-03T01:15:00Z"", ""dateFormat"": ""iso"", ""regions"": ""us,us2,eu""}"
e9b423c515b706be3581228f0ade5d2d04a877fc2908e347f342fbb29fa9cae7,2025-11-04T01:05:00Z,f3dfb574e0a542375a480534525ee6cf,oddsapi/hist_event_markets,1,"{""date"": ""2025-11-04T01:05:00Z"", ""dateFormat"": ""iso"", ""regions"": ""us,us2,eu""}"
1a3a6068363d973b004a9d92beaa9efae8517aad2cbd3a42fd0642af249b36b6,2024-12-14T21:25:00Z,f3f5d87420f5bc34d3affc8f44a1c934,oddsapi/hist_event_markets,1,"{""date"": ""2024-12-14T21:25:00Z"", ""dateFormat"": ""iso"", ""regions"": ""us,us2,eu""}"
1106cd2c768bdf79235063c3490da5762b799695973e715a9854ae2cef4b0760,2024-12-15T21:15:00Z,f3f5d87420f5bc34d3affc8f44a1c934,oddsapi/hist_event_markets,1,"{""date"": ""2024-12-15T21:15:00Z"", ""dateFormat"": ""iso"", ""regions"": ""us,us2,eu""}"
f962f473b754b0898d7a307bd57e13952876018cd1da76c642f8b5679eea5279,2025-12-13T21:25:00Z,f3fd2782d4d03bd12a177fbbad17005b,oddsapi/hist_event_markets,1,"{""date"": ""2025-12-13T21:25:00Z"", ""dateFormat"": ""iso"", ""regions"": ""us,us2,eu""}"
c2502fba427b5c4208e1e05641ea4ed7b24316d1c27ccbafc5f94a10a2529869,2025-12-14T21:15:00Z,f3fd2782d4d03bd12a177fbbad17005b,oddsapi/hist_event_markets,1,"{""date"": ""2025-12-14T21:15:00Z"", ""dateFormat"": ""iso"", ""regions"": ""us,us2,eu""}"
507b439ce8c302926991398d04b88e1ac848414841b596da42ab205692abb7c1,2025-01-25T20:00:00Z,f4ed30484e7eb10d8276a44dd7046f87,oddsapi/hist_event_markets,1,"{""date"": ""2025-01-25T20:00:00Z"", ""dateFormat"": ""iso"", ""regions"": ""us,us2,eu""}"
c9a0b180756e0afdab58542b472ab6aaf40460e65f149709b78c8bfdeeea6e7b,2025-01-26T19:50:00Z,f4ed30484e7eb10d8276a44dd7046f87,oddsapi/hist_event_markets,1,"{""date"": ""2025-01-26T19:50:00Z"", ""dateFormat"": ""iso"", ""regions"": ""us,us2,eu""}"
5621258dfb917a3221cbe4e6ebb6dc4bd46c8702670efc84ef0b75e24a660e3b,2023-12-18T01:15:00Z,f51da6d224ba8d719fe220e807cd0442,oddsapi/hist_event_markets,1,"{""date"": ""2023-12-18T01:15:00Z"", ""dateFormat"": ""iso"", ""regions"": ""us,us2,eu""}"
b04637ac08ab511b10402f059eb1cf7af3d2e1effdb8474a91ccefb98b65ab70,2023-12-19T01:05:00Z,f51da6d224ba8d719fe220e807cd0442,oddsapi/hist_event_markets,1,"{""date"": ""2023-12-19T01:05:00Z"", ""dateFormat"": ""iso"", ""regions"": ""us,us2,eu""}"
c3774dc90b31a81b14514b59f634c67a97774a1750d5481c583c84d045583823,2024-10-05T20:25:00Z,f555a965152f8896b1cf418205724508,oddsapi/hist_event_markets,1,"{""date"": ""2024-10-05T20:25:00Z"", ""dateFormat"": ""iso"", ""regions"": ""us,us2,eu""}"
6b31422f88ca5a76c0f0d3a1bdd6b36f51fb6cbd90bf7aca19443909a45a5d45,2024-10-06T20:15:00Z,f555a965152f8896b1cf418205724508,oddsapi/hist_event_markets,1,"{""date"": ""2024-10-06T20:15:00Z"", ""dateFormat"": ""iso"", ""regions"": ""us,us2,eu""}"
9db2718ef84066ed9d1efac71b7d22171bcdb334a4454ef22127ffdf3b81e499,2026-01-10T18:00:00Z,f5701bd3d1340565779bc9ccf6d0b73b,oddsapi/hist_event_markets,1,"{""date"": ""2026-01-10T18:00:00Z"", ""dateFormat"": ""iso"", ""regions"": ""us,us2,eu""}"
19aab1f707ca7a9e1bd242cc0b976ab50eb680001b659809be0a53eb90d52ed2,2026-01-11T17:50:00Z,f5701bd3d1340565779bc9ccf6d0b73b,oddsapi/hist_event_markets,1,"{""date"": ""2026-01-11T17:50:00Z"", ""dateFormat"": ""iso"", ""regions"": ""us,us2,eu""}"
b8fa94cd8743b152d76cadcb23a9973c6c6985cd57abfd290da745c1949c152c,2026-01-04T01:20:00Z,f609b38fe2bf0687644ad8603e28220b,oddsapi/hist_event_markets,1,"{""date"": ""2026-01-04T01:20:00Z"", ""dateFormat"": ""iso"", ""regions"": ""us,us2,eu""}"
19e61aea264d7184d45ee26fb4cb57d9bcdc14bd7d25832feea62d9bf3033e7e,2026-01-05T01:10:00Z,f609b38fe2bf0687644ad8603e28220b,oddsapi/hist_event_markets,1,"{""date"": ""2026-01-05T01:10:00Z"", ""dateFormat"": ""iso"", ""regions"": ""us,us2,eu""}"
c451199b80dd7cc9dd99e1c85daa2fe9b9a78708991d0846f699b9d738764cea,2025-01-18T18:00:00Z,f61a619d9349872d708e481cb4c8571a,oddsapi/hist_event_markets,1,"{""date"": ""2025-01-18T18:00:00Z"", ""dateFormat"": ""iso"", ""regions"": ""us,us2,eu""}"
28a2500fe5d943731f128b342658cac1a2cfd75d28f3fffb870805efd19271b0,2025-01-19T17:50:00Z,f61a619d9349872d708e481cb4c8571a,oddsapi/hist_event_markets,1,"{""date"": ""2025-01-19T17:50:00Z"", ""dateFormat"": ""iso"", ""regions"": ""us,us2,eu""}"
4fb8bff57ecd29052e0bd6fb6b5a5a3b804785e2b769eac2c694fa1a34d03de0,2023-11-25T21:05:00Z,f67d77c0cd4a8ecb8d3fb6ad0f3b1aea,oddsapi/hist_event_markets,1,"{""date"": ""2023-11-25T21:05:00Z"", ""dateFormat"": ""iso"", ""regions"": ""us,us2,eu""}"
70968cd4568846418a291f47e6bb46ac54d6b2fa984976ce193ac2689e072e0a,2023-11-26T20:55:00Z,f67d77c0cd4a8ecb8d3fb6ad0f3b1aea,oddsapi/hist_event_markets,1,"{""date"": ""2023-11-26T20:55:00Z"", ""dateFormat"": ""iso"", ""regions"": ""us,us2,eu""}"
91011f0e8bf9261ab2ea350329012e6638d411ef67643b97c9aea3eda80c6f08,2023-10-28T17:00:00Z,f6d472a6b7b7e70ba2d43f8a975fdccc,oddsapi/hist_event_markets,1,"{""date"": ""2023-10-28T17:00:00Z"", ""dateFormat"": ""iso"", ""regions"": ""us,us2,eu""}"
84e9d55f39223b63a941d681c85698c62a3ef438085b31ac4238cc8fcb77ecca,2023-10-29T16:50:00Z,f6d472a6b7b7e70ba2d43f8a975fdccc,oddsapi/hist_event_markets,1,"{""date"": ""2023-10-29T16:50:00Z"", ""dateFormat"": ""iso"", ""regions"": ""us,us2,eu""}"
f0bc07237371e748298ec8cbea8a864dea53d39161e94e2e1b8cd2ac67eb91a7,2024-12-14T18:00:00Z,f6d5d91ea4480042265698647a6120f6,oddsapi/hist_event_markets,1,"{""date"": ""2024-12-14T18:00:00Z"", ""dateFormat"": ""iso"", ""regions"": ""us,us2,eu""}"
924e1bd2aa098d5ebf0f3acfc650f807f02f2585c041a450bc08d65460138dab,2024-12-15T17:50:00Z,f6d5d91ea4480042265698647a6120f6,oddsapi/hist_event_markets,1,"{""date"": ""2024-12-15T17:50:00Z"", ""dateFormat"": ""iso"", ""regions"": ""us,us2,eu""}"
702c41a2f6b968e9c8b537e6f30cb1bbd1eae5ac4051623b63d0d41e18d3d184,2023-09-23T17:00:00Z,f72ef9b6be34818391c726a0cd690f48,oddsapi/hist_event_markets,1,"{""date"": ""2023-09-23T17:00:00Z"", ""dateFormat"": ""iso"", ""regions"": ""us,us2,eu""}"
5d08f9443b870c8c3c4fadfd62a5d63d4f34bece2703b095936b4bc8495c8350,2023-09-24T16:50:00Z,f72ef9b6be34818391c726a0cd690f48,oddsapi/hist_event_markets,1,"{""date"": ""2023-09-24T16:50:00Z"", ""dateFormat"": ""iso"", ""regions"": ""us,us2,eu""}"
c8881399bc4894ad8d1e040d737c61a4b6c20aee8c65990424415c319ca390ec,2025-12-13T21:25:00Z,f7343baf47dcf23e672799d00788173d,oddsapi/hist_event_markets,1,"{""date"": ""2025-12-13T21:25:00Z"", ""dateFormat"": ""iso"", ""regions"": ""us,us2,eu""}"
bd75a3305c32283be5e10d47b3e09154c26b7df74fe35c508481c6ad4daef3bf,2025-12-14T21:15:00Z,f7343baf47dcf23e672799d00788173d,oddsapi/hist_event_markets,1,"{""date"": ""2025-12-14T21:15:00Z"", ""dateFormat"": ""iso"", ""regions"": ""us,us2,eu""}"
dca6f9ce884045137bf122b1744f9c68fc150eec865d3ec39956bc11c8ebd756,2025-10-18T17:00:00Z,f7fa9341eeffb08f7e6e769398cd32e2,oddsapi/hist_event_markets,1,"{""date"": ""2025-10-18T17:00:00Z"", ""dateFormat"": ""iso"", ""regions"": ""us,us2,eu""}"
f47186cfcce28976832e2f99fe2c97ae0299bf700493aab1ba57dc2fd87ee985,2025-10-19T16:50:00Z,f7fa9341eeffb08f7e6e769398cd32e2,oddsapi/hist_event_markets,1,"{""date"": ""2025-10-19T16:50:00Z"", ""dateFormat"": ""iso"", ""regions"": ""us,us2,eu""}"
a19c2f516a240d7ef28f4e4241f9c3f23988f0e611b3f0beb9961391f35e475c,2025-01-18T01:00:00Z,f86739438df6c6481fdec0d16c189023,oddsapi/hist_event_markets,1,"{""date"": ""2025-01-18T01:00:00Z"", ""dateFormat"": ""iso"", ""regions"": ""us,us2,eu""}"
eff78ef1c283af0a7ec49d4e3993bd32e00f965394d44df3c7fcd30920eb79b1,2025-01-19T00:50:00Z,f86739438df6c6481fdec0d16c189023,oddsapi/hist_event_markets,1,"{""date"": ""2025-01-19T00:50:00Z"", ""dateFormat"": ""iso"", ""regions"": ""us,us2,eu""}"
0f12cab34a1d38482b580dbd040d79f92602e314cd86fec5764dbec0a54f6299,2023-12-30T18:00:00Z,f88a82df08055b17c6a314f1e5ab282d,oddsapi/hist_event_markets,1,"{""date"": ""2023-12-30T18:00:00Z"", ""dateFormat"": ""iso"", ""regions"": ""us,us2,eu""}"
005b0c29e21c2ee477b3f79397249734285c4eb36044bf39a0bb4dbcc965883e,2023-12-31T17:50:00Z,f88a82df08055b17c6a314f1e5ab282d,oddsapi/hist_event_markets,1,"{""date"": ""2023-12-31T17:50:00Z"", ""dateFormat"": ""iso"", ""regions"": ""us,us2,eu""}"
1ebd602f228b353604447e7ea14e0e0b2707ce387f328e99c15ffbf9445b5fc4,2024-09-21T20:25:00Z,f89d2da2d1b692de14ddf77e186cc5c7,oddsapi/hist_event_markets,1,"{""date"": ""2024-09-21T20:25:00Z"", ""dateFormat"": ""iso"", ""regions"": ""us,us2,eu""}"
bfc29c4b75abda518979ca70ae87bb6b7e77cd738dfc5860a7dc10300b33032b,2024-09-22T20:15:00Z,f89d2da2d1b692de14ddf77e186cc5c7,oddsapi/hist_event_markets,1,"{""date"": ""2024-09-22T20:15:00Z"", ""dateFormat"": ""iso"", ""regions"": ""us,us2,eu""}"
5f853ac95861f8cb1c069405f96e588715fa3b72a8793f4ba769fd6a57407b93,2025-09-27T17:00:00Z,f8fe40924827231233dc10f6999d8ff7,oddsapi/hist_event_markets,1,"{""date"": ""2025-09-27T17:00:00Z"", ""dateFormat"": ""iso"", ""regions"": ""us,us2,eu""}"
03a611c9b6d503d4d3783f472e86f5b8725a72f4872b4f36177b150743cd1a30,2025-09-28T16:50:00Z,f8fe40924827231233dc10f6999d8ff7,oddsapi/hist_event_markets,1,"{""date"": ""2025-09-28T16:50:00Z"", ""dateFormat"": ""iso"", ""regions"": ""us,us2,eu""}"
c28edbd4822fa0bdb004dfaebc8e8a2ac0a3b11be99e3e8cd45dbd54dcab1cb2,2025-12-06T18:00:00Z,f95be6b9bd8ce1208f766cbaae8a4822,oddsapi/hist_event_markets,1,"{""date"": ""2025-12-06T18:00:00Z"", ""dateFormat"": ""iso"", ""regions"": ""us,us2,eu""}"
c10600b8787accf02ed60f8d464c6cae786cab43487735898704c91916af48b5,2025-12-07T17:50:00Z,f95be6b9bd8ce1208f766cbaae8a4822,oddsapi/hist_event_markets,1,"{""date"": ""2025-12-07T17:50:00Z"", ""dateFormat"": ""iso"", ""regions"": ""us,us2,eu""}"
b975aea9c0408c316ddd92a53d38bbb8e622451652ee5b8956c28d55a81e79f3,2025-12-27T18:00:00Z,f960b282ac197513c9d80bd28baa7e38,oddsapi/hist_event_markets,1,"{""date"": ""2025-12-27T18:00:00Z"", ""dateFormat"": ""iso"", ""regions"": ""us,us2,eu""}"
4dbc6c5b31e22e51557c1b91194706db84ddfe5a25a7ee88547d438f55b22a74,2025-12-28T17:50:00Z,f960b282ac197513c9d80bd28baa7e38,oddsapi/hist_event_markets,1,"{""date"": ""2025-12-28T17:50:00Z"", ""dateFormat"": ""iso"", ""regions"": ""us,us2,eu""}"
8dc6cd6d1dc6b05c819dd8f1ee520b3fbb14cb1d22c136a353db9b240328f110,2024-09-08T00:20:00Z,fa20351fa9ca26c47f93abc8a9b2c941,oddsapi/hist_event_markets,1,"{""date"": ""2024-09-08T00:20:00Z"", ""dateFormat"": ""iso"", ""regions"": ""us,us2,eu""}"
be6cad6dbdcfc044e248da31447f50f4f8596c97bc7d0baae6708336404fc450,2024-09-09T00:10:00Z,fa20351fa9ca26c47f93abc8a9b2c941,oddsapi/hist_event_markets,1,"{""date"": ""2024-09-09T00:10:00Z"", ""dateFormat"": ""iso"", ""regions"": ""us,us2,eu""}"
90862e531124353e750255230b59321bb750652dbd01dc58e018e47cbe4eceb1,2025-11-29T18:00:00Z,fa46c661007f5f0cbbf6abf939ac9d51,oddsapi/hist_event_markets,1,"{""date"": ""2025-11-29T18:00:00Z"", ""dateFormat"": ""iso"", ""regions"": ""us,us2,eu""}"
c62276e0cc04835932aa5657b9b264ab5fdca024177a94d1c2776550189b1afe,2025-11-30T17:50:00Z,fa46c661007f5f0cbbf6abf939ac9d51,oddsapi/hist_event_markets,1,"{""date"": ""2025-11-30T17:50:00Z"", ""dateFormat"": ""iso"", ""regions"": ""us,us2,eu""}"
ac77438c2a6b837d8a05a0c1c25943a8895f5839024ab66f03fe9b7e599f979d,2024-09-14T20:25:00Z,faaeaab20409da65e7314cc1857ccfba,oddsapi/hist_event_markets,1,"{""date"": ""2024-09-14T20:25:00Z"", ""dateFormat"": ""iso"", ""regions"": ""us,us2,eu""}"
6b9cc43fe079cb32d81c2a708b4d73d17b526b5b0794269b3324ecafa436eb1a,2024-09-15T20:15:00Z,faaeaab20409da65e7314cc1857ccfba,oddsapi/hist_event_markets,1,"{""date"": ""2024-09-15T20:15:00Z"", ""dateFormat"": ""iso"", ""regions"": ""us,us2,eu""}"
3e1a4b541e9f62c4927f26239fd7787352f333c9d9152cf9adc8c49b15da3aa2,2024-10-12T17:00:00Z,fb08594af963cff8fae2f93b2e0f4269,oddsapi/hist_event_markets,1,"{""date"": ""2024-10-12T17:00:00Z"", ""dateFormat"": ""iso"", ""regions"": ""us,us2,eu""}"
80ca343c836714db9fc78f544a48482326cb01c0b96a698b7f7dcb278f7afc40,2024-10-13T16:50:00Z,fb08594af963cff8fae2f93b2e0f4269,oddsapi/hist_event_markets,1,"{""date"": ""2024-10-13T16:50:00Z"", ""dateFormat"": ""iso"", ""regions"": ""us,us2,eu""}"
949e994f87b93758c90a4f7bc256451577cc58234b5ff4b4f3d536c863e18047,2024-10-26T20:25:00Z,fb5217800ed73d9cae485efbba37ba96,oddsapi/hist_event_markets,1,"{""date"": ""2024-10-26T20:25:00Z"", ""dateFormat"": ""iso"", ""regions"": ""us,us2,eu""}"
3c196c3e26aa2c283c092d7a8e4dc5cb4aa61c6f337c04e5352db205884b6558,2024-10-27T20:15:00Z,fb5217800ed73d9cae485efbba37ba96,oddsapi/hist_event_markets,1,"{""date"": ""2024-10-27T20:15:00Z"", ""dateFormat"": ""iso"", ""regions"": ""us,us2,eu""}"
80d0c8efbc10ad22a491f380fc3e52f44f8cab32f26d76602849ffde7cd3ee51,2024-01-06T18:00:00Z,fb5a05459a7e5616f95e2caa7732c20f,oddsapi/hist_event_markets,1,"{""date"": ""2024-01-06T18:00:00Z"", ""dateFormat"": ""iso"", ""regions"": ""us,us2,eu""}"
c45c5354a29529db9d7dd6bdd83d1bf5053999a20aa726b6fcd450804b5f7bb3,2024-01-07T17:50:00Z,fb5a05459a7e5616f95e2caa7732c20f,oddsapi/hist_event_markets,1,"{""date"": ""2024-01-07T17:50:00Z"", ""dateFormat"": ""iso"", ""regions"": ""us,us2,eu""}"
5e0140f30273561c146d4f10c52ad18ae6544782b0b9ed794f15ddfa430139a6,2025-10-26T00:20:00Z,fb900eef07307ebf5c1930341ecd852a,oddsapi/hist_event_markets,1,"{""date"": ""2025-10-26T00:20:00Z"", ""dateFormat"": ""iso"", ""regions"": ""us,us2,eu""}"
8e721e323564dba99efd0e27d4d224ed432b97dc25f10caa9ac7cec4a29a9bd0,2025-10-27T00:10:00Z,fb900eef07307ebf5c1930341ecd852a,oddsapi/hist_event_markets,1,"{""date"": ""2025-10-27T00:10:00Z"", ""dateFormat"": ""iso"", ""regions"": ""us,us2,eu""}"
71afa01a134efec39654c182c9c41da542681e36a98a4de9c50d3f188b431ba0,2023-11-11T21:25:00Z,fc007baa989f1a6102c9b6100f2a07f7,oddsapi/hist_event_markets,1,"{""date"": ""2023-11-11T21:25:00Z"", ""dateFormat"": ""iso"", ""regions"": ""us,us2,eu""}"
ccb7a390bbff4e988e082ac94401fc50c075254410a3a4a90dc97cc615e2c886,2023-11-12T21:15:00Z,fc007baa989f1a6102c9b6100f2a07f7,oddsapi/hist_event_markets,1,"{""date"": ""2023-11-12T21:15:00Z"", ""dateFormat"": ""iso"", ""regions"": ""us,us2,eu""}"
79353da046bbeb26c4e5e69003949aa4836004003112dce6bf621e65adc5c48e,2024-11-02T18:00:00Z,fc022a0b74f3182e2da491dfe4276301,oddsapi/hist_event_markets,1,"{""date"": ""2024-11-02T18:00:00Z"", ""dateFormat"": ""iso"", ""regions"": ""us,us2,eu""}"
0a9e76bcf434bc196ba563862b0a2ce1dd3912d6cfbd51a9473a04be6416da8e,2024-11-03T17:50:00Z,fc022a0b74f3182e2da491dfe4276301,oddsapi/hist_event_markets,1,"{""date"": ""2024-11-03T17:50:00Z"", ""dateFormat"": ""iso"", ""regions"": ""us,us2,eu""}"
f356674984c6d081777b20d57933899e0a7c3b1adc2723c49f0e8195e5c02cea,2024-09-21T17:00:00Z,fc293a1ac914f24cb110ed2b8250292d,oddsapi/hist_event_markets,1,"{""date"": ""2024-09-21T17:00:00Z"", ""dateFormat"": ""iso"", ""regions"": ""us,us2,eu""}"
dddf5d0b60a03f4439a91d13e1fc707944980f6ec995080d05c5f8a32f766c66,2024-09-22T16:50:00Z,fc293a1ac914f24cb110ed2b8250292d,oddsapi/hist_event_markets,1,"{""date"": ""2024-09-22T16:50:00Z"", ""dateFormat"": ""iso"", ""regions"": ""us,us2,eu""}"
44984e35edfc0af64966b03a4210bd119ed2a09b3a37174d628726d27272dee4,2025-11-15T18:00:00Z,fd2f29289d6437a7c07d4780c5f04936,oddsapi/hist_event_markets,1,"{""date"": ""2025-11-15T18:00:00Z"", ""dateFormat"": ""iso"", ""regions"": ""us,us2,eu""}"
93f8adda2267bc762cf82a4fdd1e2459837d8c143f2e51bf22b8bd1bdbad2062,2025-11-16T17:50:00Z,fd2f29289d6437a7c07d4780c5f04936,oddsapi/hist_event_markets,1,"{""date"": ""2025-11-16T17:50:00Z"", ""dateFormat"": ""iso"", ""regions"": ""us,us2,eu""}"
91f03a280e50026bce316d1dfbad5d3f25d531070e22b0b61954fd44361cc844,2023-10-07T13:30:00Z,fdb93b64c39ea4a4312ffe74788b551b,oddsapi/hist_event_markets,1,"{""date"": ""2023-10-07T13:30:00Z"", ""dateFormat"": ""iso"", ""regions"": ""us,us2,eu""}"
506e23fa683ba83cc220365e5ee7fdb510fbc5f8b8e19178abec3bc0ca9a1067,2023-10-08T13:20:00Z,fdb93b64c39ea4a4312ffe74788b551b,oddsapi/hist_event_markets,1,"{""date"": ""2023-10-08T13:20:00Z"", ""dateFormat"": ""iso"", ""regions"": ""us,us2,eu""}"
e83e81a9d8553f52a39f61fcb9ee6f0cf43e827246da33c7ed7d59a377301d35,2025-11-26T18:00:00Z,fe2eb07797580740af78037ab498198e,oddsapi/hist_event_markets,1,"{""date"": ""2025-11-26T18:00:00Z"", ""dateFormat"": ""iso"", ""regions"": ""us,us2,eu""}"
74dfcc40068ea58015edb00e3dcf420289715952257ec71d8130dafc31dfe4a5,2025-11-27T17:50:00Z,fe2eb07797580740af78037ab498198e,oddsapi/hist_event_markets,1,"{""date"": ""2025-11-27T17:50:00Z"", ""dateFormat"": ""iso"", ""regions"": ""us,us2,eu""}"
c2e23d6b82da33452df6cae91826d0440f963fdad321f5930151d33fda483321,2024-10-12T17:00:00Z,febb2d674e85a32c8636ff900fffb5d2,oddsapi/hist_event_markets,1,"{""date"": ""2024-10-12T17:00:00Z"", ""dateFormat"": ""iso"", ""regions"": ""us,us2,eu""}"
46ed3def7085adb7fc09cd15c1e58a8c395ac296030afef3095f9aeb2845b063,2024-10-13T16:50:00Z,febb2d674e85a32c8636ff900fffb5d2,oddsapi/hist_event_markets,1,"{""date"": ""2024-10-13T16:50:00Z"", ""dateFormat"": ""iso"", ""regions"": ""us,us2,eu""}"
b0cf6612fb0b48c1d2d03e8755d1a2b958c18bf47ac4d92f481a8d82196f02b9,2023-12-03T01:20:00Z,fed9bbf95a14428f10feee2cad9f7068,oddsapi/hist_event_markets,1,"{""date"": ""2023-12-03T01:20:00Z"", ""dateFormat"": ""iso"", ""regions"": ""us,us2,eu""}"
867e6e6c71eaa24a68195c698c6a46e05cdac291b3f02541d5323f126d598869,2023-12-04T01:10:00Z,fed9bbf95a14428f10feee2cad9f7068,oddsapi/hist_event_markets,1,"{""date"": ""2023-12-04T01:10:00Z"", ""dateFormat"": ""iso"", ""regions"": ""us,us2,eu""}"
25a0a163d0cd9e92814401ca7723d6d5c575d706b90ee0f59a824ca21db4b8b7,2025-10-18T20:25:00Z,ff0c1ce30d562926ce40fc9bbaa2b7b1,oddsapi/hist_event_markets,1,"{""date"": ""2025-10-18T20:25:00Z"", ""dateFormat"": ""iso"", ""regions"": ""us,us2,eu""}"
31239be37044e317dffdaa37f1c0c4677983fee86909f0eb172ca26336475751,2025-10-19T20:15:00Z,ff0c1ce30d562926ce40fc9bbaa2b7b1,oddsapi/hist_event_markets,1,"{""date"": ""2025-10-19T20:15:00Z"", ""dateFormat"": ""iso"", ""regions"": ""us,us2,eu""}"
4c87f052a3f9e5838c0129c2e0a6ad8767f3c120b5f7f5a2336efc35e52d4311,2024-09-19T00:15:00Z,ff0f310a02a527f105b5b37dbd61c502,oddsapi/hist_event_markets,1,"{""date"": ""2024-09-19T00:15:00Z"", ""dateFormat"": ""iso"", ""regions"": ""us,us2,eu""}"
96f37b3718f10ad58c855a63a30cd8e7d38921ee953577b127fb6ca6b66162f8,2024-09-20T00:05:00Z,ff0f310a02a527f105b5b37dbd61c502,oddsapi/hist_event_markets,1,"{""date"": ""2024-09-20T00:05:00Z"", ""dateFormat"": ""iso"", ""regions"": ""us,us2,eu""}"
dd8037a545bd6a5c4c0d847aed32cfbe67eb847a1e0e834c09e1c61be9feed5b,2025-10-04T17:00:00Z,ff8222149317a63ffe50fcda777d14c0,oddsapi/hist_event_markets,1,"{""date"": ""2025-10-04T17:00:00Z"", ""dateFormat"": ""iso"", ""regions"": ""us,us2,eu""}"
d2add93fc304dc75914e8d882b672f2e2419f9a0e08045e52c6238c10a882cab,2025-10-05T16:50:00Z,ff8222149317a63ffe50fcda777d14c0,oddsapi/hist_event_markets,1,"{""date"": ""2025-10-05T16:50:00Z"", ""dateFormat"": ""iso"", ""regions"": ""us,us2,eu""}"
