venue_id,venue,lat,lon,dome,eligible_games,rank,icao,km,mos_name,mos_state,mos_lat,mos_lon,obs_station,obs_icao,obs_km,same_as_obs
36,Leonidoff Field,41.7191409,-73.9329549,False,0,0,KPOU,10.84,POUGHKEEPSIE,NY,41.63,-73.88,KPOU0,KPOU,11.06,True
36,Leonidoff Field,41.7191409,-73.9329549,False,0,1,KSWF,28.05,NEWBURGH,NY,41.5,-74.1,KPOU0,KPOU,11.06,False
36,Leonidoff Field,41.7191409,-73.9329549,False,0,2,KMGJ,35.78,MONTGOMERY,NY,41.51,-74.26,KPOU0,KPOU,11.06,False
150,Jack Coffey Field,40.8466508,-73.8785937,False,0,0,KLGA,8.71,NEW YORK-LAGUARD.,NY,40.77,-73.9,72503,KLGA,7.5,True
150,Jack Coffey Field,40.8466508,-73.8785937,False,0,1,KNYC,10.68,NEW YORK CITY,NY,40.78,-73.97,72503,KLGA,7.5,False
150,Jack Coffey Field,40.8466508,-73.8785937,False,0,2,KTEB,14.42,TETERBORO,NJ,40.85,-74.05,72503,KLGA,7.5,False
347,Camp Randall Stadium,43.06994,-89.4126943,False,124,0,KMSN,9.47,MADISON,WI,43.13,-89.33,72641,KMSN,32.91,True
477,Los Angeles Memorial Coliseum,34.014167,-118.287778,False,98,0,KCQT,1.77,USC CAMPUS,CA,34.03,-118.29,KHHR0,KHHR,11.06,False
477,Los Angeles Memorial Coliseum,34.014167,-118.287778,False,98,1,KHHR,11.17,HAWTHORNE,CA,33.92,-118.33,KHHR0,KHHR,11.06,True
477,Los Angeles Memorial Coliseum,34.014167,-118.287778,False,98,2,KLAX,13.95,LOS ANGELES,CA,33.93,-118.4,KHHR0,KHHR,11.06,False
587,Rice-Eccles Stadium,40.7599724,-111.8488255,False,114,0,KSLC,10.27,SALT LAKE CITY,UT,40.77,-111.97,72572,KSLC,10.26,True
716,Torero Stadium,32.7730674,-117.183721,False,0,0,KSAN,4.96,SAN DIEGO,CA,32.73,-117.17,72290,KSAN,4.42,True
716,Torero Stadium,32.7730674,-117.183721,False,0,1,KMYF,6.1,SAN DIEGO,CA,32.82,-117.15,72290,KSAN,4.42,False
716,Torero Stadium,32.7730674,-117.183721,False,0,2,KNZY,8.8,NORTH ISLAND NAS,CA,32.7,-117.22,72290,KSAN,4.42,False
717,Villanova Stadium,40.0343329,-75.3367666,False,0,0,KLOM,13.44,PHILADELPHIA/WINGS,PA,40.14,-75.26,KLOM0,KLOM,13.0,True
717,Villanova Stadium,40.0343329,-75.3367666,False,0,1,KPHL,18.69,PHILADELPHIA,PA,39.88,-75.25,KLOM0,KLOM,13.0,False
717,Villanova Stadium,40.0343329,-75.3367666,False,0,2,KNXX,24.32,WILLOW GROVE NAS,PA,40.2,-75.15,KLOM0,KLOM,13.0,False
721,Bobby Dodd Stadium,33.7724449,-84.3928054,False,110,0,KFTY,11.79,FULTON CO.APRT,GA,33.78,-84.52,KFTY0,KFTY,11.91,True
721,Bobby Dodd Stadium,33.7724449,-84.3928054,False,110,1,KATL,14.04,ATLANTA      ASOS,GA,33.65,-84.43,KFTY0,KFTY,11.91,False
721,Bobby Dodd Stadium,33.7724449,-84.3928054,False,110,2,KPDK,14.71,DEKALB-PCHTREE AP,GA,33.88,-84.3,KFTY0,KFTY,11.91,False
844,Stambaugh Stadium,41.1092964,-80.6501885,False,0,0,KYNG,17.95,YOUNGSTOWN   ASOS,OH,41.27,-80.67,72525,KYNG,15.71,True
980,Benedetti-Wehrli Stadium,41.7728699,-88.1479278,False,0,0,KDPA,18.42,WEST CHICAGO,IL,41.92,-88.25,,,,False
980,Benedetti-Wehrli Stadium,41.7728699,-88.1479278,False,0,1,KLOT,20.03,ROMEOVILLE  WFO,IL,41.6,-88.08,,,,False
980,Benedetti-Wehrli Stadium,41.7728699,-88.1479278,False,0,2,KARR,26.71,AURORA,IL,41.77,-88.47,,,,False
1027,Alex G. Spanos Stadium,35.2984123,-120.6650005,False,0,0,KSBP,8.24,SAN LUIS OBISPO,CA,35.23,-120.63,KSBP0,KSBP,7.09,True
1056,Rose Bowl,34.1613284,-118.1676462,False,117,0,KCQT,18.44,USC CAMPUS,CA,34.03,-118.29,72289,KMWS,12.26,False
1056,Rose Bowl,34.1613284,-118.1676462,False,117,1,KBUR,19.1,BURBANK,CA,34.2,-118.37,72289,KMWS,12.26,False
1056,Rose Bowl,34.1613284,-118.1676462,False,117,2,KVNY,29.46,VAN NUYS,CA,34.22,-118.48,72289,KMWS,12.26,False
1905,DakotaDome,42.7911218,-96.9278427,True,0,0,KYKN,39.54,YANKTON   (AWOS),SD,42.92,-97.38,,,,False
1930,Holt Arena,42.8702052,-112.4281274,True,0,0,KPIH,15.06,POCATELLO,ID,42.92,-112.6,,,,False
1964,JMA Wireless Dome,43.0362269,-76.1363161,True,0,0,KSYR,9.41,SYRACUSE     ASOS,NY,43.12,-76.12,,,,False
2023,Walkup Skydome,35.1805483,-111.6528377,True,0,0,KFLG,5.83,FLAGSTAFF    ASOS,AZ,35.13,-111.67,,,,False
2031,Pitbull Stadium,25.7525,-80.37778,False,12,0,KMIA,12.34,MIAMI,FL,25.82,-80.28,72202,KMIA,7.01,True
2031,Pitbull Stadium,25.7525,-80.37778,False,12,1,KTMB,13.56,TAMIAMI ARPT,FL,25.64,-80.43,72202,KMIA,7.01,False
2031,Pitbull Stadium,25.7525,-80.37778,False,12,2,KOPF,19.1,OPA LOCKA ARPT,FL,25.9,-80.28,72202,KMIA,7.01,False
2068,E. Claiborne Robins Stadium,37.5807765,-77.5372211,False,0,0,KOFP,16.28,RICHMOND/HANOVER,VA,37.7,-77.43,KOFP0,KOFP,16.78,True
2068,E. Claiborne Robins Stadium,37.5807765,-77.5372211,False,0,1,KRIC,20.36,RICHMOND     ASOS,VA,37.5,-77.33,KOFP0,KOFP,16.78,False
3558,Michigan Stadium,42.2658365,-83.7486956,False,130,0,KARB,5.1,ANN ARBOR,MI,42.22,-83.75,KARB0,KARB,4.77,True
3558,Michigan Stadium,42.2658365,-83.7486956,False,130,1,KYIP,18.44,WILLOW RUN APRT,MI,42.23,-83.53,KARB0,KARB,4.77,False
3558,Michigan Stadium,42.2658365,-83.7486956,False,130,2,KDTW,34.69,DETROIT      ASOS,MI,42.23,-83.33,KARB0,KARB,4.77,False
3597,Alumni Memorial Field,37.788983,-79.43505,False,0,0,KHSP,38.24,HOT SPRINGS,VA,37.95,-79.82,KHSP0,KHSP,39.39,True
3599,Ace W. Mumford Stadium,30.5221461,-91.1896087,False,0,0,KBTR,3.89,BATON ROUGE  ASOS,LA,30.53,-91.15,KHDC0,KHDC,73.87,False
3600,Tom Adams Field,42.3315509,-83.0466403,False,0,0,KDET,9.23,DETROIT CITY APRT,MI,42.41,-83.01,,,,False
3600,Tom Adams Field,42.3315509,-83.0466403,False,0,1,KVLL,25.63,OAKLAND/TROY_ARPT,MI,42.54,-83.18,,,,False
3600,Tom Adams Field,42.3315509,-83.0466403,False,0,2,KDTW,25.9,DETROIT      ASOS,MI,42.23,-83.33,,,,False
3601,Aggie Memorial Stadium,32.2796202,-106.7411148,False,98,0,KLRU,16.82,LAS CRUCES,NM,32.28,-106.92,KLRU0,KLRU,17.04,True
3602,Aggie Stadium,38.5365266,-121.7627936,False,0,0,KSAC,22.93,SACRAMENTO,CA,38.52,-121.5,KSMF0,KSMF,23.14,False
3602,Aggie Stadium,38.5365266,-121.7627936,False,0,1,KSMF,23.03,SACRAMENTO MET AP,CA,38.7,-121.6,KSMF0,KSMF,23.14,True
3602,Aggie Stadium,38.5365266,-121.7627936,False,0,2,KVCB,24.45,VACAVILLE,CA,38.38,-121.96,KSMF0,KSMF,23.14,False
3603,Aggie Stadium,36.0814337,-79.7700391,False,0,0,KGSO,16.17,GREENSBORO   ASOS,NC,36.08,-79.95,72317,KGSO,16.3,True
3603,Aggie Stadium,36.0814337,-79.7700391,False,0,1,KBUY,27.57,BURLINGTON/ALAMANCE_,NC,36.03,-79.47,72317,KGSO,16.3,False
3604,Alamodome,29.4169834,-98.4788143,True,0,0,KSSF,9.67,SAN ANTONIO/STIN,TX,29.33,-98.48,,,,False
3604,Alamodome,29.4169834,-98.4788143,True,0,1,KSKF,10.63,KELLY AFB,TX,29.38,-98.58,,,,False
3604,Alamodome,29.4169834,-98.4788143,True,0,2,KSAT,12.6,SAN ANTONIO  ASOS,TX,29.53,-98.47,,,,False
3605,Alerus Center,47.910622,-97.090996,True,0,0,KGFK,7.95,GRAND FORKS,ND,47.95,-97.18,,,,False
3605,Alerus Center,47.910622,-97.090996,True,0,1,KRDR,23.43,GRAND FORKS AFB,ND,47.95,-97.4,,,,False
3605,Alerus Center,47.910622,-97.090996,True,0,2,KCKN,35.77,CROOKSTON_MUNI_FLD,MN,47.85,-96.62,,,,False
3606,Scheels Field at Nemzek Stadium,46.8739081,-96.7538674,False,0,0,KFAR,4.55,FARGO,ND,46.9,-96.8,,,,False
3606,Scheels Field at Nemzek Stadium,46.8739081,-96.7538674,False,0,1,KJKJ,8.07,MOORHEAD,MN,46.84,-96.66,,,,False
3607,Alfond Stadium,44.905128,-68.6724718,False,0,0,KBGR,16.49,BANGOR,ME,44.8,-68.82,KBHB0,KBHB,56.28,False
3608,Allen E. Paulson Stadium,32.4122471,-81.7849296,False,68,0,KTBR,8.63,STATESBORO,GA,32.48,-81.74,KTBR0,KTBR,9.04,True
3608,Allen E. Paulson Stadium,32.4122471,-81.7849296,False,68,1,KJYL,31.61,SYLVANIA/PLANTATION,GA,32.65,-81.6,KTBR0,KTBR,9.04,False
3609,Allgood-Bailey Stadium,37.95037,-91.780444,False,0,0,KVIH,19.99,VICHY-ROLLA,MO,38.13,-91.77,,,,False
3609,Allgood-Bailey Stadium,37.95037,-91.780444,False,0,1,KTBN,39.36,FT LEONARD WOOD,MO,37.75,-92.15,,,,False
3612,Alumni Memorial Stadium (NC),35.6709727,-80.4742261,False,0,0,KRUQ,4.75,SALISBURY,NC,35.65,-80.52,,,,False
3612,Alumni Memorial Stadium (NC),35.6709727,-80.4742261,False,0,1,KEXX,19.86,LEXINGTON,NC,35.78,-80.3,,,,False
3612,Alumni Memorial Stadium (NC),35.6709727,-80.4742261,False,0,2,KJQF,37.83,CONCORD RGNL AP,NC,35.39,-80.71,,,,False
3613,Alumni Stadium,39.189375,-75.5433185,False,0,0,KDOV,9.14,DOVER AFB,DE,39.13,-75.47,KMIV0,KMIV,45.14,False
3615,"Alumni Stadium (Chestnut Hill, MA)",42.335104,-71.1664413,False,114,0,KBOS,11.86,BOSTON,MA,42.37,-71.03,72509,KBOS,12.8,True
3615,"Alumni Stadium (Chestnut Hill, MA)",42.335104,-71.1664413,False,114,1,KMQE,13.36,MILTON_(ASOS),MA,42.22,-71.12,72509,KBOS,12.8,False
3615,"Alumni Stadium (Chestnut Hill, MA)",42.335104,-71.1664413,False,114,2,KOWD,16.14,NORWOOD,MA,42.19,-71.17,72509,KBOS,12.8,False
3616,Amon G. Carter Stadium,32.7096604,-97.3680835,False,113,0,KNFW,9.5,FORT WORTH NAS,TX,32.77,-97.44,74739,KFTW,12.26,False
3616,Amon G. Carter Stadium,32.7096604,-97.3680835,False,113,1,KFTW,12.39,FT. WORTH,TX,32.82,-97.35,74739,KFTW,12.26,True
3616,Amon G. Carter Stadium,32.7096604,-97.3680835,False,113,2,KFWS,16.45,FT WORTH/SPINKS,TX,32.57,-97.31,74739,KFTW,12.26,False
3618,Apprentice Field,36.9775016,-76.42977,False,0,0,KNGU,13.1,NORFOLK NAS,VA,36.94,-76.29,,,,False
3618,Apprentice Field,36.9775016,-76.42977,False,0,1,KLFI,13.42,LANGLEY AFB,VA,37.08,-76.35,,,,False
3618,Apprentice Field,36.9775016,-76.42977,False,0,2,KPHF,17.78,NEWPORT NEWS,VA,37.13,-76.49,,,,False
3619,Arizona Stadium,32.2288054,-110.9488677,False,115,0,KDMA,9.21,DAVIS-MONTHAN AFB,AZ,32.17,-110.88,72274,KTUS,10.62,False
3619,Arizona Stadium,32.2288054,-110.9488677,False,115,1,KTUS,12.23,TUCSON,AZ,32.12,-110.93,72274,KTUS,10.62,True
3620,Armstrong Stadium,37.0200894,-76.3331555,False,0,0,KLFI,6.83,LANGLEY AFB,VA,37.08,-76.35,74598,KLFI,7.19,True
3620,Armstrong Stadium,37.0200894,-76.3331555,False,0,1,KNGU,9.7,NORFOLK NAS,VA,36.94,-76.29,74598,KLFI,7.19,False
3620,Armstrong Stadium,37.0200894,-76.3331555,False,0,2,KORF,17.84,NORFOLK,VA,36.9,-76.2,74598,KLFI,7.19,False
3621,Arnold Field (PA),40.3295901,-76.515226,False,0,0,KMUI,12.09,MUIR AAF,PA,40.43,-76.57,,,,False
3621,Arnold Field (PA),40.3295901,-76.515226,False,0,1,KMDT,25.98,MIDDLETWN/HARRISB,PA,40.2,-76.77,,,,False
3621,Arnold Field (PA),40.3295901,-76.515226,False,0,2,KLNS,29.61,LANCASTER,PA,40.12,-76.3,,,,False
3623,Arthur J. Rooney Athletic Field,40.4355808,-79.9900263,False,0,0,KAGC,10.79,ALLEGHENY CO.ARPT,PA,40.35,-79.93,72520,KPIT,8.38,False
3623,Arthur J. Rooney Athletic Field,40.4355808,-79.9900263,False,0,1,KPIT,20.73,PITTSBURGH,PA,40.5,-80.22,72520,KPIT,8.38,True
3623,Arthur J. Rooney Athletic Field,40.4355808,-79.9900263,False,0,2,KBTP,38.45,BUTLER_CO._(AWOS),PA,40.78,-79.95,72520,KPIT,8.38,False
3624,Arute Field,41.6950591,-72.7616197,False,0,0,KHFD,10.05,HARTFORD-BRAINARD,CT,41.73,-72.65,KHFD0,KHFD,10.4,True
3624,Arute Field,41.6950591,-72.7616197,False,0,1,KMMK,21.35,MERIDEN MARKHAM MUN,CT,41.51,-72.83,KHFD0,KHFD,10.4,False
3624,Arute Field,41.6950591,-72.7616197,False,0,2,KBDL,26.99,HARTFORD       ASOS,CT,41.93,-72.68,KHFD0,KHFD,10.4,False
3625,Centennial Bank Stadium,35.8488977,-90.6677436,False,95,0,KJBR,2.64,JONESBORO,AR,35.83,-90.65,KJBR0,KJBR,2.71,True
3625,Centennial Bank Stadium,35.8488977,-90.6677436,False,95,1,KARG,38.63,WALNUT RIDGE AWOS,AR,36.13,-90.92,KJBR0,KJBR,2.71,False
3626,Autzen Stadium,44.0582712,-123.0684883,False,116,0,KEUG,13.91,EUGENE       ASOS,OR,44.12,-123.22,72693,KEUG,14.48,True
3627,Bailey Memorial Stadium,34.46158,-81.861368,False,0,0,KGRD,35.43,GREENWOOD,SC,34.25,-82.15,KGRD0,KGRD,36.16,True
3629,Barker-Lane Stadium,35.4047689,-78.7424842,False,1,0,KHRJ,2.76,ERWIN/HARNETT COUNT,NC,35.38,-78.74,KHRJ0,KHRJ,2.89,True
3629,Barker-Lane Stadium,35.4047689,-78.7424842,False,1,1,KFBG,34.98,FORT BRAGG,NC,35.13,-78.93,KHRJ0,KHRJ,2.89,False
3629,Barker-Lane Stadium,35.4047689,-78.7424842,False,1,2,KJNX,36.11,SMITHFIELD,NC,35.54,-78.38,KHRJ0,KHRJ,2.89,False
3630,Allegacy Federal Credit Union Stadium,36.1305507,-80.2545851,False,115,0,KINT,2.21,WINSTON-SALEM,NC,36.13,-80.23,72317,KGSO,27.57,False
3630,Allegacy Federal Credit Union Stadium,36.1305507,-80.2545851,False,115,1,KGSO,27.93,GREENSBORO   ASOS,NC,36.08,-79.95,72317,KGSO,27.57,True
3630,Allegacy Federal Credit Union Stadium,36.1305507,-80.2545851,False,115,2,KEXX,39.19,LEXINGTON,NC,35.78,-80.3,72317,KGSO,27.57,False
3631,BBVA Compass Stadium,29.7521988,-95.3524146,False,5,0,KHOU,13.34,HOUSTON/HOBBY AP,TX,29.65,-95.28,72244,KEFD,24.69,False
3631,BBVA Compass Stadium,29.7521988,-95.3524146,False,5,1,KEFD,22.95,ELLINGTON AFB,TX,29.62,-95.17,72244,KEFD,24.69,True
3631,BBVA Compass Stadium,29.7521988,-95.3524146,False,5,2,KIAH,24.22,HOUSTON,TX,29.97,-95.35,72244,KEFD,24.69,False
3632,Beaver Stadium,40.8121958,-77.8561023,False,128,0,KUNV,4.23,UNIVERSITY PARK,PA,40.85,-77.85,KUNV0,KUNV,4.17,True
3633,Ben Altamirano Field,32.7751371,-108.2754371,False,0,0,KSVC,18.92,SILVER CITY,NM,32.63,-108.17,,,,False
3634,Ben Hill Griffin Stadium,29.6499357,-82.3485788,False,110,0,KGNV,8.3,GAINESVILLE,FL,29.68,-82.27,74756,KGNV,8.66,True
3635,Bill Buxton Stadium,41.3604966,-93.5613292,False,0,0,KDSM,20.25,DES MOINES     ASOS,IA,41.53,-93.65,,,,False
3635,Bill Buxton Stadium,41.3604966,-93.5613292,False,0,1,KIKV,36.65,ANKENY,IA,41.69,-93.57,,,,False
3635,Bill Buxton Stadium,41.3604966,-93.5613292,False,0,2,KOXV,37.46,KNOXVILLE,IA,41.3,-93.12,,,,False
3636,Bill Snyder Family Stadium,39.2020096,-96.5938395,False,118,0,KMHK,8.75,MANHATTAN,KS,39.15,-96.67,KMHK0,KMHK,9.49,True
3638,MDU Resources Community Bowl,46.808327,-100.783739,False,0,0,KBIS,4.98,BISMARCK,ND,46.77,-100.75,,,,False
3641,Blakeslee Stadium,44.1634663,-93.9993505,False,0,0,KMKT,8.92,MANKATO,MN,44.22,-93.92,,,,False
3641,Blakeslee Stadium,44.1634663,-93.9993505,False,0,1,KACQ,37.35,WASECA MUNI AP,MN,44.07,-93.55,,,,False
3642,Bobcat Stadium (MD),39.6581425,-78.928357,False,0,0,KCBE,15.03,GREATER CUMBERLAND R,MD,39.62,-78.76,,,,False
3643,Bobcat Stadium,45.659048,-111.049547,False,0,0,KBZN,15.55,BOZEMAN      ASOS,MT,45.78,-111.15,KBZN0,KBZN,15.4,True
3644,Bobcat Stadium (TX),29.8910008,-97.9255735,False,81,0,KHYI,5.45,SAN MARCOS,TX,29.9,-97.87,KHYI0,KHYI,6.04,True
3644,Bobcat Stadium (TX),29.8910008,-97.9255735,False,81,1,KBAZ,22.49,NEW BRAUNFELS  ASOS,TX,29.72,-98.05,KHYI0,KHYI,6.04,False
3646,Boone Pickens Stadium,36.125673,-97.066513,False,116,0,KSWO,5.08,STILLWATER,OK,36.17,-97.08,KSWO0,KSWO,4.31,True
3646,Boone Pickens Stadium,36.125673,-97.066513,False,116,1,KCUH,33.05,CUSHING MUNI AP,OK,35.95,-96.77,KSWO0,KSWO,4.31,False
3647,Elliott T. Bowers Stadium,30.713926,-95.5419802,False,10,0,KUTS,5.41,HUNTSVILLE_(ASOS),TX,30.75,-95.58,KCXO0,KCXO,42.01,False
3649,Bowman Gray Stadium,36.083372,-80.222037,False,0,0,KINT,5.23,WINSTON-SALEM,NC,36.13,-80.23,,,,False
3649,Bowman Gray Stadium,36.083372,-80.222037,False,0,1,KGSO,24.45,GREENSBORO   ASOS,NC,36.08,-79.95,,,,False
3649,Bowman Gray Stadium,36.083372,-80.222037,False,0,2,KEXX,34.46,LEXINGTON,NC,35.78,-80.3,,,,False
3650,Bragg Memorial Stadium,30.4261632,-84.2923095,False,0,0,KTLH,9.05,TALLAHASSEE,FL,30.38,-84.37,72214,KTLH,26.59,True
3651,Bridgeforth Stadium,38.4352919,-78.8729349,False,25,0,KSHD,18.49,STAUNTON,VA,38.27,-78.85,KSHD0,KSHD,19.18,True
3652,FBC Mortgage Stadium,28.6079765,-81.1927233,False,107,0,KORL,15.76,ORLANDO,FL,28.55,-81.34,KORL0,KORL,15.35,True
3652,FBC Mortgage Stadium,28.6079765,-81.1927233,False,107,1,KSFB,19.93,SANFORD,FL,28.78,-81.25,KORL0,KORL,15.35,False
3652,FBC Mortgage Stadium,28.6079765,-81.1927233,False,107,2,KMCO,23.37,ORLANDO INTL,FL,28.43,-81.32,KORL0,KORL,15.35,False
3653,Albertsons Stadium,43.6028839,-116.1958882,False,118,0,KBOI,4.14,BOISE,ID,43.57,-116.22,72681,KBOI,5.03,True
3653,Albertsons Stadium,43.6028839,-116.1958882,False,118,1,KEUL,35.08,CALDWELL,ID,43.63,-116.63,72681,KBOI,5.03,False
3654,Brooks Stadium (SC),33.7928506,-79.0166946,False,57,0,KMYR,14.89,MYRTLE BEACH AFB,SC,33.68,-78.93,74791,KMYR,14.42,True
3654,Brooks Stadium (SC),33.7928506,-79.0166946,False,57,1,KCRE,27.58,N.MYRTLE BEACH,SC,33.82,-78.72,74791,KMYR,14.42,False
3655,Brown Field,41.465642,-87.0479446,False,0,0,KVPZ,4.36,VALPARAISO,IN,41.45,-87.0,KVPZ0,KVPZ,3.64,True
3655,Brown Field,41.465642,-87.0479446,False,0,1,KGYY,35.4,GARY,IN,41.62,-87.42,KVPZ0,KVPZ,3.64,False
3656,Brown Stadium,41.842114,-71.3939416,False,1,0,KSFZ,12.33,N CENTRAL STATE ARPT,RI,41.92,-71.5,KSFZ0,KSFZ,11.9,True
3656,Brown Stadium,41.842114,-71.3939416,False,1,1,KPVD,12.82,PROVIDENCE   ASOS,RI,41.73,-71.43,KSFZ0,KSFZ,11.9,False
3656,Brown Stadium,41.842114,-71.3939416,False,1,2,KOQU,27.01,N. KINGSTOWN/QUONSET,RI,41.6,-71.42,KSFZ0,KSFZ,11.9,False
3657,Bryant-Denny Stadium,33.2082752,-87.5503836,False,126,0,KTCL,6.91,TUSCALOOSA,AL,33.23,-87.62,KTCL0,KTCL,5.84,True
3658,Buccaneer Field,32.9810239,-80.0659664,False,0,0,KCHS,9.61,CHARLESTON   ASOS,SC,32.9,-80.03,72208,KCHS,9.51,True
3660,Valley Children's Stadium,36.8143527,-119.7580092,False,100,0,KFAT,5.98,FRESNO       ASOS,CA,36.77,-119.72,72389,KFAT,5.04,True
3660,Valley Children's Stadium,36.8143527,-119.7580092,False,100,1,KMAE,37.09,MADERA,CA,36.98,-120.12,72389,KFAT,5.04,False
3661,Bulldog Stadium,41.924206,-71.5385124,False,0,0,KSFZ,3.22,N CENTRAL STATE ARPT,RI,41.92,-71.5,KSFZ0,KSFZ,3.92,True
3661,Bulldog Stadium,41.924206,-71.5385124,False,0,1,KPVD,23.39,PROVIDENCE   ASOS,RI,41.73,-71.43,KSFZ0,KSFZ,3.92,False
3661,Bulldog Stadium,41.924206,-71.5385124,False,0,2,KOQU,37.37,N. KINGSTOWN/QUONSET,RI,41.6,-71.42,KSFZ0,KSFZ,3.92,False
3662,AmFirst Stadium,33.8201052,-85.76647,False,19,0,KANB,26.73,ANNISTON,AL,33.59,-85.85,KANB0,KANB,27.14,True
3662,AmFirst Stadium,33.8201052,-85.76647,False,19,1,KGAD,33.4,GADSDEN,AL,33.97,-86.08,KANB0,KANB,27.14,False
3664,Butler Bowl,39.8444694,-86.1659242,False,0,0,KEYE,11.56,INDIANAPOLIS   ASOS,IN,39.83,-86.3,KEYE0,KEYE,11.07,True
3664,Butler Bowl,39.8444694,-86.1659242,False,0,1,KIND,16.03,INDIANAPOLIS,IN,39.73,-86.28,KEYE0,KEYE,11.07,False
3665,SECU Stadium,38.9903332,-76.9473792,False,112,0,KCGS,2.63,COLLEGE PARK AIRPORT,MD,38.98,-76.92,KCGS0,KCGS,2.42,True
3665,SECU Stadium,38.9903332,-76.9473792,False,112,1,KDCA,17.16,WASHINGTON,DC,38.85,-77.03,KCGS0,KCGS,2.42,False
3665,SECU Stadium,38.9903332,-76.9473792,False,112,2,KFME,19.61,FORT MEADE,MD,39.09,-76.76,KCGS0,KCGS,2.42,False
3666,Cajun Field,30.2158434,-92.0417371,False,72,0,KLFT,4.38,LAFAYETTE,LA,30.2,-92.0,KLFT0,KLFT,5.34,True
3666,Cajun Field,30.2158434,-92.0417371,False,72,1,KARA,25.87,NEW_IBERIA/ACADIANA,LA,30.03,-91.88,KLFT0,KLFT,5.34,False
3667,Callaghan Stadium,37.366328,-81.1026607,False,0,0,KBLF,11.33,BLUEFIELD,WV,37.3,-81.2,,,,False
3668,Campus Field,41.2212488,-73.2417431,False,0,0,KBDR,10.95,BRIDGEPORT     ASOS,CT,41.17,-73.13,72504,KBDR,10.91,True
3668,Campus Field,41.2212488,-73.2417431,False,0,1,KDXR,25.88,DANBURY,CT,41.37,-73.48,72504,KBDR,10.91,False
3668,Campus Field,41.2212488,-73.2417431,False,0,2,KHVN,29.72,NEW HAVEN,CT,41.26,-72.89,72504,KBDR,10.91,False
3670,Carter-Finley Stadium,35.8008001,-78.7195655,False,104,0,KRDU,9.43,RALEIGH-DURHAM,NC,35.87,-78.78,72306,KRDU,11.82,True
3670,Carter-Finley Stadium,35.8008001,-78.7195655,False,104,1,KIGX,35.17,CHAPEL_HILL_(ASOS),NC,35.94,-79.07,72306,KRDU,11.82,False
3671,Case Field,41.513447,-81.603634,False,0,0,KBKL,6.4,BURKE LAKEFRNT AP,OH,41.52,-81.68,,,,False
3671,Case Field,41.513447,-81.603634,False,0,1,KCGF,12.06,CUYAHOGA CO APRT,OH,41.57,-81.48,,,,False
3671,Case Field,41.513447,-81.603634,False,0,2,KCLE,24.1,CLEVELAND,OH,41.4,-81.85,,,,False
3674,Chapman Stadium,36.1489175,-95.9437853,False,91,0,KTUL,6.91,TULSA        ASOS,OK,36.2,-95.9,72356,KTUL,7.57,True
3674,Chapman Stadium,36.1489175,-95.9437853,False,91,1,KRVS,12.8,TULSA,OK,36.04,-95.99,72356,KTUL,7.57,False
3675,Charles A. Gaetano Stadium,43.1009031,-75.2326641,False,0,0,KRME,19.75,GRIFFISS AFB,NY,43.23,-75.4,,,,False
3676,Christy Mathewson-Memorial Stadium,40.9519411,-76.884752,False,0,0,KSEG,14.72,SELINSGROVE/PENN_VAL,PA,40.82,-76.87,KSEG0,KSEG,14.64,True
3676,Christy Mathewson-Memorial Stadium,40.9519411,-76.884752,False,0,1,KIPT,33.27,WILLIAMSPORT ASOS,PA,41.25,-76.92,KSEG0,KSEG,14.64,False
3677,Chuck Noll Field,40.317287,-79.3840301,False,0,0,KLBE,4.36,LATROBE,PA,40.28,-79.4,,,,False
3683,Kroger Field,38.0220905,-84.5053408,False,129,0,KLEX,8.34,LEXINGTON,KY,38.03,-84.6,72422,KLEX,8.38,True
3683,Kroger Field,38.0220905,-84.5053408,False,129,1,KFFT,38.74,FRANKFORT      ASOS,KY,38.18,-84.9,72422,KLEX,8.38,False
3686,Cowboy Stadium,30.1804575,-93.2178729,False,0,0,KLCH,6.73,LAKE CHARLES,LA,30.12,-93.22,72240,KLCH,16.05,True
3686,Cowboy Stadium,30.1804575,-93.2178729,False,0,1,KCWF,7.87,CHENAULT_AIRPARK,LA,30.22,-93.15,72240,KLCH,16.05,False
3688,Wildcat Stadium,43.1386231,-70.9393077,False,0,0,KPSM,11.67,PORTSMOUTH,NH,43.08,-70.82,KPSM0,KPSM,11.59,True
3688,Wildcat Stadium,43.1386231,-70.9393077,False,0,1,KDAW,15.8,ROCHESTER,NH,43.28,-70.92,KPSM0,KPSM,11.59,False
3688,Wildcat Stadium,43.1386231,-70.9393077,False,0,2,KSFM,34.06,SANFORD_MUNI_(AWOS),ME,43.4,-70.72,KPSM0,KPSM,11.59,False
3690,Charles L. Currier Memorial Field,43.757209,-71.688538,False,0,0,KLCI,29.42,LACONIA  (AWOS),NH,43.57,-71.43,,,,False
3693,Davis Wade Stadium,33.4563403,-88.7933652,False,121,0,KGTR,19.81,COLUMBUS,MS,33.45,-88.58,KGTR0,KGTR,18.75,True
3693,Davis Wade Stadium,33.4563403,-88.7933652,False,121,1,KCBM,38.42,COLUMBUS AFB,MS,33.65,-88.45,KGTR0,KGTR,18.75,False
3694,DeGol Field,40.5063173,-78.637214,False,0,0,KJST,27.26,JOHNSTOWN,PA,40.31,-78.83,KJST0,KJST,26.92,True
3694,DeGol Field,40.5063173,-78.637214,False,0,1,KAOO,35.32,ALTOONA,PA,40.3,-78.32,KJST0,KJST,26.92,False
3695,Delaware Stadium,39.6617428,-75.7488224,False,6,0,KILG,12.77,WILMINGTON   ASOS,DE,39.67,-75.6,72418,KILG,12.32,True
3696,Dix Stadium,41.1390935,-81.31346,False,74,0,KAKR,17.13,AKRON_FULTON_INTL_AR,OH,41.04,-81.47,KAKR0,KAKR,17.12,True
3696,Dix Stadium,41.1390935,-81.31346,False,74,1,KCAK,26.25,AKRON CANTON ASOS,OH,40.92,-81.43,KAKR0,KAKR,17.12,False
3697,Doak Campbell Stadium,30.4381692,-84.3044032,False,113,0,KTLH,9.02,TALLAHASSEE,FL,30.38,-84.37,72214,KTLH,27.91,True
3698,Donnell Stadium,41.0413873,-83.6503982,False,0,0,KFDY,2.89,FINDLAY,OH,41.02,-83.67,,,,False
3699,Dowdy-Ficklen Stadium,35.5968486,-77.364564,False,111,0,KPGV,4.88,PITT-GREENVILLE_ARP,NC,35.63,-77.4,KPGV0,KPGV,4.66,True
3699,Dowdy-Ficklen Stadium,35.5968486,-77.364564,False,111,1,KOCW,28.6,WASHINGTON_WARREN_FI,NC,35.57,-77.05,KPGV0,KPGV,4.66,False
3699,Dowdy-Ficklen Stadium,35.5968486,-77.364564,False,111,2,KISO,39.06,KINSTON,NC,35.32,-77.63,KPGV0,KPGV,4.66,False
3700,Doyt L. Perry Stadium,41.3780114,-83.6225,False,97,0,KTDZ,23.46,TOLEDO/METCALF_FIELD,OH,41.56,-83.48,KTDZ0,KTDZ,23.84,True
3700,Doyt L. Perry Stadium,41.3780114,-83.6225,False,97,1,KTOL,28.77,TOLEDO,OH,41.6,-83.8,KTDZ0,KTDZ,23.84,False
3701,Drake Stadium,41.605,-93.655,False,0,0,KDSM,8.35,DES MOINES     ASOS,IA,41.53,-93.65,72546,KDSM,7.97,True
3701,Drake Stadium,41.605,-93.655,False,0,1,KIKV,11.8,ANKENY,IA,41.69,-93.57,72546,KDSM,7.97,False
3704,E. J. Whitmire Stadium,35.3048352,-83.1818148,False,0,0,K1A5,23.59,MACON CNTY ARPT,NC,35.22,-83.42,K1A50,K1A5,23.4,True
3705,Earl Kitchings Stadium,30.3321838,-81.655651,False,0,0,KNIP,10.51,JACKSONVILLE NAS,FL,30.24,-81.68,,,,False
3705,Earl Kitchings Stadium,30.3321838,-81.655651,False,0,1,KCRG,13.02,CRAIG MUNI ARPT,FL,30.33,-81.52,,,,False
3705,Earl Kitchings Stadium,30.3321838,-81.655651,False,0,2,KJAX,19.14,JACKSONVILLE,FL,30.5,-81.7,,,,False
3706,Eccles Coliseum,37.6757919,-113.0773938,False,0,0,KCDC,3.35,CEDAR CITY,UT,37.7,-113.1,KCDC0,KCDC,3.38,True
3709,Hempstead Stadium,42.5584284,-70.8800491,False,0,0,KBVY,4.06,BEVERLY,MA,42.58,-70.92,,,,False
3709,Hempstead Stadium,42.5584284,-70.8800491,False,0,1,KBOS,24.3,BOSTON,MA,42.37,-71.03,,,,False
3709,Hempstead Stadium,42.5584284,-70.8800491,False,0,2,KLWM,26.61,LAWRENCE,MA,42.72,-71.12,,,,False
3710,Ernest W. Spangler Stadium,35.2457593,-81.6739887,False,0,0,KEHO,6.74,SHELBY MUNI ARPT,NC,35.25,-81.6,KEHO0,KEHO,6.74,True
3710,Ernest W. Spangler Stadium,35.2457593,-81.6739887,False,0,1,KFQD,31.65,RUTHERFORDTON,NC,35.43,-81.94,KEHO0,KEHO,6.74,False
3711,Estes Stadium,35.0802599,-92.460045,False,0,0,KLRF,33.39,LITTLE ROCK AFB,AR,34.92,-92.15,KLRF0,KLRF,33.85,True
3713,Falcon Stadium,38.9969701,-104.8436165,False,105,0,KAFF,3.63,USAF ACADEMY,CO,38.97,-104.82,74531,KAFF,4.09,True
3713,Falcon Stadium,38.9969701,-104.8436165,False,105,1,KCOS,22.4,COLO. SPRNGS ASOS,CO,38.82,-104.72,74531,KAFF,4.09,False
3713,Falcon Stadium,38.9969701,-104.8436165,False,105,2,KMNH,30.9,ELBERT MTN/MONUMENT,CO,39.22,-104.63,74531,KAFF,4.09,False
3714,Fargodome,46.9029938,-96.8003251,True,0,0,KFAR,0.33,FARGO,ND,46.9,-96.8,,,,False
3714,Fargodome,46.9029938,-96.8003251,True,0,1,KJKJ,12.76,MOORHEAD,MN,46.84,-96.66,,,,False
3715,FAU Stadium,26.3763763,-80.1015759,False,86,0,KBCT,0.93,BOCA RATON AP,FL,26.38,-80.11,KBCT0,KBCT,0.65,True
3715,FAU Stadium,26.3763763,-80.1015759,False,86,1,KPMP,14.08,POMPANO_BEACH,FL,26.25,-80.11,KBCT0,KBCT,0.65,False
3715,FAU Stadium,26.3763763,-80.1015759,False,86,2,KFXE,21.11,FORT LAUDERDALE,FL,26.2,-80.18,KBCT0,KBCT,0.65,False
3716,"Stewart """"Red"""" Faught Stadium",33.704156,-117.75109,False,0,0,KSNA,12.52,SANTA ANA,CA,33.67,-117.88,,,,False
3716,"Stewart """"Red"""" Faught Stadium",33.704156,-117.75109,False,0,1,KFUL,27.37,FULLERTON,CA,33.87,-117.97,,,,False
3716,"Stewart """"Red"""" Faught Stadium",33.704156,-117.75109,False,0,2,KCNO,31.61,CHINO,CA,33.97,-117.63,,,,False
3717,Edwin Fauver Stadium,43.157285,-77.615214,False,0,0,KROC,6.08,ROCHESTER,NY,43.12,-77.67,,,,False
3718,Tom Benson Hall of Fame Stadium,40.7985464,-81.3749508,False,0,0,KCAK,14.28,AKRON CANTON ASOS,OH,40.92,-81.43,,,,False
3718,Tom Benson Hall of Fame Stadium,40.7985464,-81.3749508,False,0,1,KAKR,28.01,AKRON_FULTON_INTL_AR,OH,41.04,-81.47,,,,False
3718,Tom Benson Hall of Fame Stadium,40.7985464,-81.3749508,False,0,2,KPHD,36.73,HARRY_CLEVER_FIELD,OH,40.47,-81.42,,,,False
3720,Finley Stadium,35.0363792,-85.3158835,False,0,0,KCHA,10.57,CHATTANOOGA  ASOS,TN,35.03,-85.2,72324,KCHA,10.56,True
3721,Fisher Field,40.7009796,-75.2106499,False,0,0,KABE,19.35,ALLENTOWN      ASOS,PA,40.65,-75.43,72517,KABE,20.97,True
3721,Fisher Field,40.7009796,-75.2106499,False,0,1,KUKT,32.35,QUAKERTOWN AP,PA,40.44,-75.38,72517,KABE,20.97,False
3722,Fitton Field,42.2403564,-71.8111424,False,0,0,KORH,5.86,WORCESTER    ASOS,MA,42.27,-71.87,72510,KORH,6.1,True
3722,Fitton Field,42.2403564,-71.8111424,False,0,1,KFIT,34.69,FITCHBURG,MA,42.55,-71.76,72510,KORH,6.1,False
3723,QU Stadium,39.9356016,-91.4098727,False,0,0,KUIN,17.96,QUINCY,IL,39.95,-91.2,,,,False
3725,"Johnny ""Red"" Floyd Stadium",35.8511463,-86.3681649,False,94,0,KMQY,20.37,SMYRNA,TN,36.0,-86.5,KMQY0,KMQY,22.25,True
3726,Folsom Field,40.0094746,-105.266905,False,108,0,KBJC,17.46,BROOMFIELD,CO,39.9,-105.12,KBJC0,KBJC,16.97,True
3728,Terry Fox Field,35.895335,-78.515105,False,0,0,KLHZ,21.67,LOUISBURG/FRANKLIN,NC,36.02,-78.33,,,,False
3728,Terry Fox Field,35.895335,-78.515105,False,0,1,KRDU,24.03,RALEIGH-DURHAM,NC,35.87,-78.78,,,,False
3729,"Frank ""Muddy"" Waters Stadium",41.8779105,-84.5984396,False,0,0,KJYM,4.73,HILLSDALE,MI,41.92,-84.59,,,,False
3729,"Frank ""Muddy"" Waters Stadium",41.8779105,-84.5984396,False,0,1,KOEB,34.18,COLDWATER,MI,41.95,-85.0,,,,False
3730,Franklin Field,39.9501475,-75.1901043,False,0,0,KPHL,9.32,PHILADELPHIA,PA,39.88,-75.25,72408,KPHL,9.98,True
3730,Franklin Field,39.9501475,-75.1901043,False,0,1,KPNE,20.45,N.PHILADELPHIA,PA,40.08,-75.02,72408,KPHL,9.98,False
3730,Franklin Field,39.9501475,-75.1901043,False,0,2,KLOM,21.93,PHILADELPHIA/WINGS,PA,40.14,-75.26,72408,KPHL,9.98,False
3733,Garcelon Field,44.100351,-70.2147764,False,0,0,KLEW,7.65,AUBURN/LWSTN AWOS,ME,44.05,-70.28,,,,False
3733,Garcelon Field,44.100351,-70.2147764,False,0,1,KNHZ,32.1,BRUNSWICK NAS,ME,43.89,-69.94,,,,False
3734,Gayle and Tom Benson Stadium,29.4674787,-98.470014,False,0,0,KSAT,6.95,SAN ANTONIO  ASOS,TX,29.53,-98.47,72253,KSAT,7.33,True
3734,Gayle and Tom Benson Stadium,29.4674787,-98.470014,False,0,1,KSKF,14.43,KELLY AFB,TX,29.38,-98.58,72253,KSAT,7.33,False
3734,Gayle and Tom Benson Stadium,29.4674787,-98.470014,False,0,2,KSSF,15.32,SAN ANTONIO/STIN,TX,29.33,-98.48,72253,KSAT,7.33,False
3735,Gerald J. Ford Stadium,32.8377223,-96.7827859,False,111,0,KDAL,6.43,DALLAS,TX,32.85,-96.85,72258,KDAL,6.53,True
3735,Gerald J. Ford Stadium,32.8377223,-96.7827859,False,111,1,KADS,15.35,DALLAS/ADDISON,TX,32.97,-96.83,72258,KDAL,6.53,False
3735,Gerald J. Ford Stadium,32.8377223,-96.7827859,False,111,2,KRBD,19.34,DALLAS/REDBIRD,TX,32.68,-96.87,72258,KDAL,6.53,False
3737,Gibbs Stadium,34.9618606,-81.9328915,False,0,0,KGSP,27.06,GREENVILLE-SPART.,SC,34.9,-82.22,KSPA0,KSPA,5.57,False
3739,Glass Bowl,41.6574777,-83.6135652,False,109,0,KDUH,9.95,TOLEDO SUBURBAN ARPT,MI,41.74,-83.66,KDUH0,KDUH,9.4,True
3739,Glass Bowl,41.6574777,-83.6135652,False,109,1,KTDZ,15.52,TOLEDO/METCALF_FIELD,OH,41.56,-83.48,KDUH0,KDUH,9.4,False
3739,Glass Bowl,41.6574777,-83.6135652,False,109,2,KTOL,16.76,TOLEDO,OH,41.6,-83.8,KDUH0,KDUH,9.4,False
3740,Golden Lion Stadium,34.253327,-92.0214031,False,0,0,KPBF,11.71,PINE BLUFF,AR,34.18,-91.93,KPBF0,KPBF,11.79,True
3741,Goodman Stadium,40.5890837,-75.3553874,False,0,0,KABE,9.25,ALLENTOWN      ASOS,PA,40.65,-75.43,72517,KABE,10.47,True
3741,Goodman Stadium,40.5890837,-75.3553874,False,0,1,KUKT,16.71,QUAKERTOWN AP,PA,40.44,-75.38,72517,KABE,10.47,False
3741,Goodman Stadium,40.5890837,-75.3553874,False,0,2,KDYL,35.02,DOYLESTOWN,PA,40.33,-75.12,72517,KABE,10.47,False
3742,Governors Stadium,36.5362559,-87.3525507,False,0,0,KCKV,10.63,CLARKSVILLE,TN,36.62,-87.41,72328,KCKV,11.04,True
3742,Governors Stadium,36.5362559,-87.3525507,False,0,1,KHOP,19.86,FT. CAMBELL AAF,KY,36.67,-87.5,72328,KCKV,11.04,False
3744,Hancock Stadium,40.5125091,-88.9967177,False,0,0,KBMI,6.7,BLOOMINGTON,IL,40.48,-88.93,KBMI0,KBMI,7.89,True
3745,Greater Zion Stadium,37.1098868,-113.5674494,False,0,0,KSGU,3.09,ST GEORGE  (AWOS),UT,37.1,-113.6,KSGU0,KSGU,3.13,True
3746,Hanson Field,40.4683928,-90.6841248,False,0,0,KMQB,6.42,MACOMB MUNI AIRPORT,IL,40.52,-90.65,KMQB0,KMQB,6.34,True
3747,Hantz Stadium,43.6155825,-84.2472117,False,0,0,KMBS,16.49,SAGINAW,MI,43.53,-84.08,,,,False
3747,Hantz Stadium,43.6155825,-84.2472117,False,0,1,KHYX,37.42,SAGINAW/BROWNE,MI,43.43,-83.86,,,,False
3747,Hantz Stadium,43.6155825,-84.2472117,False,0,2,KMOP,39.67,MOUNT PLEASANT MUNI,MI,43.62,-84.74,,,,False
3749,Hunter Stadium,38.7946252,-90.519829,False,0,0,KSTL,13.1,ST. LOUIS,MO,38.75,-90.38,KSET0,KSET,16.91,False
3749,Hunter Stadium,38.7946252,-90.519829,False,0,1,KSET,16.94,ST_CHARLES,MO,38.93,-90.43,KSET0,KSET,16.91,True
3749,Hunter Stadium,38.7946252,-90.519829,False,0,2,KSUS,18.71,SPIRIT OF ST LOUI,MO,38.65,-90.63,KSET0,KSET,16.91,False
3750,Harvard Stadium,42.366704,-71.1267511,False,0,0,KBOS,7.96,BOSTON,MA,42.37,-71.03,72509,KBOS,9.04,True
3750,Harvard Stadium,42.366704,-71.1267511,False,0,1,KMQE,16.32,MILTON_(ASOS),MA,42.22,-71.12,72509,KBOS,9.04,False
3750,Harvard Stadium,42.366704,-71.1267511,False,0,2,KBED,17.03,BEDFORD,MA,42.47,-71.28,72509,KBOS,9.04,False
3752,Acrisure Stadium,40.4467648,-80.0157603,False,119,0,KAGC,12.98,ALLEGHENY CO.ARPT,PA,40.35,-79.93,72520,KPIT,5.92,False
3752,Acrisure Stadium,40.4467648,-80.0157603,False,119,1,KPIT,18.26,PITTSBURGH,PA,40.5,-80.22,72520,KPIT,5.92,True
3752,Acrisure Stadium,40.4467648,-80.0157603,False,119,2,KBTP,37.47,BUTLER_CO._(AWOS),PA,40.78,-79.95,72520,KPIT,5.92,False
3755,Ray and Sue Smith Stadium,42.7876022,-86.1090828,False,0,0,KBIV,6.85,HOLLAND/TULIP CITY,MI,42.83,-86.17,,,,False
3756,Homer Bryce Stadium,31.625719,-94.6444034,False,0,0,KOCH,8.78,NACOGDOCHES_(AWOS),TX,31.58,-94.72,KOCH0,KOCH,8.19,True
3757,Hornet Stadium,38.5556718,-121.4229607,False,0,0,KSAC,7.79,SACRAMENTO,CA,38.52,-121.5,72483,KSAC,9.12,True
3757,Hornet Stadium,38.5556718,-121.4229607,False,0,1,KMHR,10.71,MATHER AFB,CA,38.55,-121.3,72483,KSAC,9.12,False
3757,Hornet Stadium,38.5556718,-121.4229607,False,0,2,KSMF,22.23,SACRAMENTO MET AP,CA,38.7,-121.6,72483,KSAC,9.12,False
3762,Hughes Stadium,39.3439778,-76.5829573,False,0,0,KDMH,7.48,BALTIMORE_(ASOS),MD,39.28,-76.61,KDMH0,KDMH,7.35,True
3762,Hughes Stadium,39.3439778,-76.5829573,False,0,1,KMTN,14.1,GLENN MARTIN APRT,MD,39.33,-76.42,KDMH0,KDMH,7.35,False
3762,Hughes Stadium,39.3439778,-76.5829573,False,0,2,KBWI,19.71,BALTIMORE,MD,39.18,-76.67,KDMH0,KDMH,7.35,False
3764,Huskie Stadium,41.9339586,-88.7778357,False,101,0,KDKB,5.63,DE KALB TAYLOR MUNI,IL,41.93,-88.71,KDKB0,KDKB,5.97,True
3764,Huskie Stadium,41.9339586,-88.7778357,False,101,1,KRPJ,25.48,ROCHELLE MUNI ARPT,IL,41.89,-89.08,KDKB0,KDKB,5.97,False
3764,Huskie Stadium,41.9339586,-88.7778357,False,101,2,KARR,31.34,AURORA,IL,41.77,-88.47,KDKB0,KDKB,5.97,False
3765,Husky Stadium,47.6503235,-122.3015746,False,112,0,KBFI,13.38,BOEING FIELD,WA,47.53,-122.3,KBFI0,KBFI,13.38,True
3765,Husky Stadium,47.6503235,-122.3015746,False,112,1,KRNT,17.8,RENTON,WA,47.5,-122.22,KBFI0,KBFI,13.38,False
3765,Husky Stadium,47.6503235,-122.3015746,False,112,2,KSEA,22.28,SEATTLE-TACOMA,WA,47.45,-122.3,KBFI0,KBFI,13.38,False
3768,InfoCision Stadium,41.0725534,-81.5083408,False,89,0,KAKR,4.84,AKRON_FULTON_INTL_AR,OH,41.04,-81.47,KAKR0,KAKR,5.22,True
3768,InfoCision Stadium,41.0725534,-81.5083408,False,89,1,KCAK,18.19,AKRON CANTON ASOS,OH,40.92,-81.43,KAKR0,KAKR,5.22,False
3768,InfoCision Stadium,41.0725534,-81.5083408,False,89,2,KBJJ,39.17,WOOSTER,OH,40.87,-81.89,KAKR0,KAKR,5.22,False
3769,Jack Britt Memorial Stadium,41.7244885,-81.245657,False,0,0,KCGF,25.97,CUYAHOGA CO APRT,OH,41.57,-81.48,,,,False
3770,Jack Miller Stadium,40.8686147,-82.3175942,False,0,0,KMFD,17.86,MANSFIELD,OH,40.82,-82.52,,,,False
3770,Jack Miller Stadium,40.8686147,-82.3175942,False,0,1,KBJJ,35.96,WOOSTER,OH,40.87,-81.89,,,,False
3771,Jack Spinks Stadium,31.873621,-91.13488,False,0,0,KHEZ,30.23,NATCHEZ  (AWOS),MS,31.62,-91.25,KHEZ0,KHEZ,32.73,True
3772,Jack Trice Stadium,42.0139977,-93.6357716,False,116,0,KAMW,2.97,AMES MUNICIPAL ARPT,IA,41.99,-93.62,KAMW0,KAMW,2.69,True
3772,Jack Trice Stadium,42.0139977,-93.6357716,False,116,1,KBNW,18.14,BOONE_MUNI,IA,42.05,-93.85,KAMW0,KAMW,2.69,False
3772,Jack Trice Stadium,42.0139977,-93.6357716,False,116,2,KIKV,36.44,ANKENY,IA,41.69,-93.57,KAMW0,KAMW,2.69,False
3775,Joan C. Edwards Stadium,38.4247042,-82.4214412,False,112,0,KHTS,12.75,HUNTINGTON,WV,38.37,-82.55,72425,KHTS,12.93,True
3777,Joe Walton Stadium,40.521046,-80.2159227,False,0,0,KPIT,2.37,PITTSBURGH,PA,40.5,-80.22,72520,KPIT,13.3,True
3777,Joe Walton Stadium,40.521046,-80.2159227,False,0,1,KAGC,30.78,ALLEGHENY CO.ARPT,PA,40.35,-79.93,72520,KPIT,13.3,False
3777,Joe Walton Stadium,40.521046,-80.2159227,False,0,2,KBVI,31.74,BEAVER FALLS,PA,40.77,-80.4,72520,KPIT,13.3,False
3779,Manning Field at John L. Guidry Stadium,29.7867254,-90.80455,False,0,0,KHUM,27.38,HOUMA,LA,29.57,-90.67,KHUM0,KHUM,28.17,True
3781,Johnny Unitas Stadium,39.3885683,-76.6159716,False,0,0,KDMH,12.08,BALTIMORE_(ASOS),MD,39.28,-76.61,KDMH0,KDMH,11.71,True
3781,Johnny Unitas Stadium,39.3885683,-76.6159716,False,0,1,KMTN,18.06,GLENN MARTIN APRT,MD,39.33,-76.42,KDMH0,KDMH,11.71,False
3781,Johnny Unitas Stadium,39.3885683,-76.6159716,False,0,2,KBWI,23.65,BALTIMORE,MD,39.18,-76.67,KDMH0,KDMH,11.71,False
3782,Johnson Hagood Stadium,32.7936975,-79.9558183,False,0,0,KCHS,13.7,CHARLESTON   ASOS,SC,32.9,-80.03,72208,KCHS,13.86,True
3784,Jones AT&T Stadium,33.5910518,-101.8728824,False,111,0,KLBB,8.18,LUBBOCK      ASOS,TX,33.65,-101.82,72267,KLBB,9.89,True
3785,Jordan-Hare Stadium,32.6025532,-85.4897479,False,131,0,KAUO,2.69,AUBURN    AWOS,AL,32.58,-85.5,KCSG0,KCSG,52.51,False
3786,Kelly/Shorts Stadium,43.5777313,-84.7709904,False,100,0,KMOP,5.32,MOUNT PLEASANT MUNI,MI,43.62,-84.74,KMOP0,KMOP,5.58,True
3786,Kelly/Shorts Stadium,43.5777313,-84.7709904,False,100,1,KAMN,29.39,ALMA,MI,43.32,-84.69,KMOP0,KMOP,5.58,False
3787,Kenan Stadium,35.9069294,-79.0478889,False,111,0,KIGX,4.18,CHAPEL_HILL_(ASOS),NC,35.94,-79.07,72306,KRDU,25.34,False
3787,Kenan Stadium,35.9069294,-79.0478889,False,111,1,KRDU,24.48,RALEIGH-DURHAM,NC,35.87,-78.78,72306,KRDU,25.34,True
3787,Kenan Stadium,35.9069294,-79.0478889,False,111,2,KTTA,36.66,SANFORD-LEE CNTY APT,NC,35.58,-79.1,72306,KRDU,25.34,False
3788,Kenneth P. LaValle Stadium,40.9188829,-73.1242966,False,0,0,KISP,13.38,ISLIP,NY,40.8,-73.1,72505,KISP,13.89,True
3788,Kenneth P. LaValle Stadium,40.9188829,-73.1242966,False,0,1,KHWV,24.04,SHIRLEY/BROOKHAVEN,NY,40.82,-72.87,72505,KISP,13.89,False
3788,Kenneth P. LaValle Stadium,40.9188829,-73.1242966,False,0,2,KBDR,27.93,BRIDGEPORT     ASOS,CT,41.17,-73.13,72505,KISP,13.89,False
3791,Kibbie Dome,46.7262921,-117.0173713,True,0,0,KPUW,7.22,PULLMAN-MOSCOW RGNL,WA,46.74,-117.11,,,,False
3791,Kibbie Dome,46.7262921,-117.0173713,True,0,1,KLWS,38.51,LEWISTON     ASOS,ID,46.38,-117.02,,,,False
3792,Kidd Brewer Stadium,36.2114267,-81.6854278,False,72,0,KTNB,3.42,BOONE,NC,36.2,-81.65,KTNB0,KTNB,3.42,True
3792,Kidd Brewer Stadium,36.2114267,-81.6854278,False,72,1,KGEV,34.0,JEFFERSON/ASHE CO,NC,36.43,-81.42,KTNB0,KTNB,3.42,False
3793,Kinnick Stadium,41.6586045,-91.5510829,False,122,0,KIOW,3.18,IOWA CITY    ASOS,IA,41.63,-91.55,KIOW0,KIOW,2.11,True
3793,Kinnick Stadium,41.6586045,-91.5510829,False,122,1,KCID,27.54,CEDAR RAPIDS,IA,41.88,-91.7,KIOW0,KIOW,2.11,False
3795,Kyle Field,30.6098891,-96.3403828,False,120,0,KCLL,4.37,COLLEGE STATION,TX,30.58,-96.37,KCLL0,KCLL,3.26,True
3795,Kyle Field,30.6098891,-96.3403828,False,120,1,KRWV,35.85,CALDWELL MUNI AP,TX,30.52,-96.7,KCLL0,KCLL,3.26,False
3795,Kyle Field,30.6098891,-96.3403828,False,120,2,KLHB,39.38,HEARNE MUNI ARPT,TX,30.87,-96.62,KCLL0,KCLL,3.26,False
3796,Houchens Industries-L.T. Smith Stadium,36.9847901,-86.4594041,False,98,0,KBWG,3.09,BOWLING GREEN,KY,36.97,-86.43,KBWG0,KBWG,4.19,True
3799,Lane Stadium,37.2199873,-80.4180643,False,113,0,KBCB,0.17,VIRGINIA_TECH_ARPT,VA,37.22,-80.42,KBCB0,KBCB,1.65,True
3799,Lane Stadium,37.2199873,-80.4180643,False,113,1,KPSK,25.27,DUBLIN/NEW_RIV_VLLY,VA,37.13,-80.68,KBCB0,KBCB,1.65,False
3801,LaVell Edwards Stadium,40.2575347,-111.6545247,False,98,0,KPVU,6.95,PROVO,UT,40.22,-111.72,KPVU0,KPVU,7.24,True
3802,Lawrence A. Wien Stadium,40.8732697,-73.9164594,False,0,0,KNYC,11.31,NEW YORK CITY,NY,40.78,-73.97,72503,KLGA,10.9,False
3802,Lawrence A. Wien Stadium,40.8732697,-73.9164594,False,0,1,KTEB,11.52,TETERBORO,NJ,40.85,-74.05,72503,KLGA,10.9,False
3802,Lawrence A. Wien Stadium,40.8732697,-73.9164594,False,0,2,KLGA,11.57,NEW YORK-LAGUARD.,NY,40.77,-73.9,72503,KLGA,10.9,True
3805,Simmons Bank Liberty Stadium,35.1209429,-89.977147,False,123,0,KMEM,8.16,MEMPHIS,TN,35.05,-90.0,72334,KMEM,9.76,True
3805,Simmons Bank Liberty Stadium,35.1209429,-89.977147,False,123,1,KAWM,23.09,WEST MEMPHIS MUNI AP,AR,35.14,-90.23,72334,KMEM,9.76,False
3805,Simmons Bank Liberty Stadium,35.1209429,-89.977147,False,123,2,KOLV,23.15,OLIVE BRANCH AIRPORT,MS,34.98,-89.79,72334,KMEM,9.76,False
3806,Lincoln Financial Field,39.9007995,-75.1675414,False,123,0,KPHL,7.41,PHILADELPHIA,PA,39.88,-75.25,72408,KPHL,6.77,True
3806,Lincoln Financial Field,39.9007995,-75.1675414,False,123,1,KPNE,23.56,N.PHILADELPHIA,PA,40.08,-75.02,72408,KPHL,6.77,False
3806,Lincoln Financial Field,39.9007995,-75.1675414,False,123,2,KLOM,27.74,PHILADELPHIA/WINGS,PA,40.14,-75.26,72408,KPHL,6.77,False
3808,Lincoln University Stadium,39.8065518,-75.92870551247694,False,0,0,KILG,31.95,WILMINGTON   ASOS,DE,39.67,-75.6,,,,False
3809,Louis Crews Stadium,34.7835363,-86.5784132,False,0,0,KMDQ,8.67,MADISON CNTY EXEC AP,AL,34.86,-86.56,KMDQ0,KMDQ,8.87,True
3809,Louis Crews Stadium,34.7835363,-86.5784132,False,0,1,KHUA,14.79,REDSTONE ARSENAL,AL,34.68,-86.68,KMDQ0,KMDQ,8.87,False
3809,Louis Crews Stadium,34.7835363,-86.5784132,False,0,2,KHSV,22.96,HUNTSVILLE   ASOS,AL,34.65,-86.77,KMDQ0,KMDQ,8.87,False
3810,Nissan Stadium,36.166479,-86.7712898,False,8,0,KBNA,9.69,NASHVILLE,TN,36.12,-86.68,72327,KBNA,9.65,True
3810,Nissan Stadium,36.166479,-86.7712898,False,8,1,KMQY,30.61,SMYRNA,TN,36.0,-86.5,72327,KBNA,9.65,False
3811,Lubbers Stadium,42.968996,-85.894735,False,0,0,KBIV,27.23,HOLLAND/TULIP CITY,MI,42.83,-86.17,,,,False
3811,Lubbers Stadium,42.968996,-85.894735,False,0,1,KGRR,32.08,GRAND RAPIDS ASOS,MI,42.88,-85.52,,,,False
3811,Lubbers Stadium,42.968996,-85.894735,False,0,2,KMKG,35.23,MUSKEGON,MI,43.17,-86.23,,,,False
3813,"Luther ""Nick"" Jeralds Stadium",35.0525759,-78.878292,False,0,0,KFAY,5.85,FAYETTEVILLE,NC,35.0,-78.88,,,,False
3813,"Luther ""Nick"" Jeralds Stadium",35.0525759,-78.878292,False,0,1,KFBG,9.81,FORT BRAGG,NC,35.13,-78.93,,,,False
3813,"Luther ""Nick"" Jeralds Stadium",35.0525759,-78.878292,False,0,2,KPOB,18.35,POPE AFB,NC,35.17,-79.02,,,,False
3815,M. M. Roberts Stadium,31.3289321,-89.3318118,False,108,0,KHBG,9.46,HATTIESBURG,MS,31.27,-89.26,74759,KHBG,10.34,True
3815,M. M. Roberts Stadium,31.3289321,-89.3318118,False,108,1,KPIB,15.69,LAUREL-HATIESBURG,MS,31.47,-89.33,74759,KHBG,10.34,False
3816,Mackay Stadium,39.5469459,-119.8175435,False,104,0,KRNO,6.13,RENO         ASOS,NV,39.5,-119.78,72488,KRNO,8.31,True
3816,Mackay Stadium,39.5469459,-119.8175435,False,104,1,KTRK,36.84,TRUCKEE,CA,39.32,-120.13,72488,KRNO,8.31,False
3817,Malone Stadium,32.5308089,-92.0660602,False,86,0,KMLU,4.1,MONROE,LA,32.51,-92.03,KMLU0,KMLU,3.46,True
3819,Bowditch Field,42.3095704,-71.4413097,False,0,0,KBED,22.22,BEDFORD,MA,42.47,-71.28,,,,False
3819,Bowditch Field,42.3095704,-71.4413097,False,0,1,KOWD,25.99,NORWOOD,MA,42.19,-71.17,,,,False
3819,Bowditch Field,42.3095704,-71.4413097,False,0,2,KMQE,28.25,MILTON_(ASOS),MA,42.22,-71.12,,,,False
3820,Gesa Field,46.731831,-117.1604991,False,104,0,KPUW,3.95,PULLMAN-MOSCOW RGNL,WA,46.74,-117.11,KPUW0,KPUW,4.1,True
3824,Meade Stadium,41.4879984,-71.5347458,False,0,0,KOQU,15.69,N. KINGSTOWN/QUONSET,RI,41.6,-71.42,KOQU0,KOQU,15.85,True
3824,Meade Stadium,41.4879984,-71.5347458,False,0,1,KUUU,21.72,NEWPORT        ASOS,RI,41.53,-71.28,KOQU0,KOQU,15.85,False
3824,Meade Stadium,41.4879984,-71.5347458,False,0,2,KWST,26.92,WESTERLY STATE AIRPO,RI,41.35,-71.8,KOQU0,KOQU,15.85,False
3825,DATCU Stadium,33.203899,-97.159245,False,84,0,KDTO,3.82,DENTON       ASOS,TX,33.2,-97.2,KDTO0,KDTO,3.62,True
3825,DATCU Stadium,33.203899,-97.159245,False,84,1,KAFW,30.01,FT WORTH/ALLIANCE,TX,32.97,-97.32,KDTO0,KDTO,3.62,False
3825,DATCU Stadium,33.203899,-97.159245,False,84,2,KDFW,35.87,DALLAS-FT.WORTH,TX,32.9,-97.03,KDTO0,KDTO,3.62,False
3826,Memorial Field,43.701302,-72.2842781,False,0,0,KLEB,8.43,LEBANON,NH,43.63,-72.32,72611,KLEB,8.51,True
3827,"Memorial Stadium (Stephenville, TX)",32.2191836,-98.2130634,False,0,0,KSEP,3.11,STEPHENVILLE/CLARK,TX,32.22,-98.18,72260,KSEP,2.81,True
3829,Memorial Stadium,39.4746858,-87.3669599,False,0,0,KHUF,6.37,TERRE HAUTE,IN,39.45,-87.3,72437,KHUF,5.71,True
3829,Memorial Stadium,39.4746858,-87.3669599,False,0,1,KPRG,36.08,EDGAR CNTY ARPT,IL,39.7,-87.67,72437,KHUF,5.71,False
3830,"Memorial Stadium (Bloomington, IN)",39.1808959,-86.5256217,False,119,0,KBMG,9.91,BLOOMINGTON,IN,39.13,-86.62,KBMG0,KBMG,8.76,True
3831,California Memorial Stadium,37.8710434,-122.2507729,False,105,0,KOAK,17.01,OAKLAND,CA,37.72,-122.22,72493,KOAK,17.23,True
3831,California Memorial Stadium,37.8710434,-122.2507729,False,105,1,KCCR,21.38,CONCORD,CA,37.98,-122.05,72493,KOAK,17.23,False
3831,California Memorial Stadium,37.8710434,-122.2507729,False,105,2,KHWD,27.13,HAYWARD,CA,37.65,-122.12,72493,KOAK,17.23,False
3832,"Memorial Stadium (Champaign, IL)",40.0993268,-88.2359569,False,121,0,KCMI,8.57,CHAMPAIGN,IL,40.03,-88.28,KCMI0,KCMI,7.61,True
3832,"Memorial Stadium (Champaign, IL)",40.0993268,-88.2359569,False,121,1,KTIP,22.71,RANTOUL,IL,40.29,-88.14,KCMI0,KCMI,7.61,False
3833,Memorial Stadium,38.9629418,-95.2463686,False,109,0,KLWC,6.1,LAWRENCE,KS,39.01,-95.21,KLWC0,KLWC,5.94,True
3833,Memorial Stadium,38.9629418,-95.2463686,False,109,1,KIXD,33.42,OLATHE/INDUSTRIAL,KS,38.83,-94.9,KLWC0,KLWC,5.94,False
3833,Memorial Stadium,38.9629418,-95.2463686,False,109,2,KTOP,35.22,TOPEKA       ASOS,KS,39.07,-95.63,KLWC0,KLWC,5.94,False
3834,"Memorial Stadium (Lincoln, NE)",40.820682,-96.705594,False,124,0,KLNK,4.96,LINCOLN      ASOS,NE,40.85,-96.75,72551,KLNK,5.17,True
3835,"Memorial Stadium (Norman, OK)",35.2058537,-97.4423145,False,115,0,KOUN,1.72,NORMAN  WFO,OK,35.22,-97.45,72357,KOUN,1.39,True
3835,"Memorial Stadium (Norman, OK)",35.2058537,-97.4423145,False,115,1,KTIK,24.47,TINKER AFB,OK,35.42,-97.38,72357,KOUN,1.39,False
3835,"Memorial Stadium (Norman, OK)",35.2058537,-97.4423145,False,115,2,KOKC,25.9,OKLAHOMA CTY ASOS,OK,35.4,-97.6,72357,KOUN,1.39,False
3836,"Memorial Stadium (Clemson, SC)",34.6787737,-82.8432428,False,123,0,KCEU,3.5,CLEMSON,SC,34.67,-82.88,KCEU0,KCEU,4.06,True
3836,"Memorial Stadium (Clemson, SC)",34.6787737,-82.8432428,False,123,1,KAND,22.86,ANDERSON,SC,34.5,-82.72,KCEU0,KCEU,4.06,False
3838,Memorial Stadium,38.9358491,-92.3332009,False,118,0,KCOU,16.19,COLUMBIA     ASOS,MO,38.82,-92.22,72445,KCOU,16.65,True
3838,Memorial Stadium,38.9358491,-92.3332009,False,118,1,KJEF,39.94,JEFFERSON CITY,MO,38.6,-92.17,72445,KCOU,16.65,False
3841,Michie Stadium,41.3874924,-73.9640891,False,97,0,KSWF,16.88,NEWBURGH,NY,41.5,-74.1,KPOU0,KPOU,27.41,False
3841,Michie Stadium,41.3874924,-73.9640891,False,97,1,KPOU,27.86,POUGHKEEPSIE,NY,41.63,-73.88,KPOU0,KPOU,27.41,True
3841,Michie Stadium,41.3874924,-73.9640891,False,97,2,KMGJ,28.17,MONTGOMERY,NY,41.51,-74.26,KPOU0,KPOU,27.41,False
3842,Milan Puskar Stadium,39.6502744,-79.9551873,False,111,0,KMGW,3.01,MORGANTOWN,WV,39.65,-79.92,KMGW0,KMGW,3.43,True
3843,MLC Bowl,44.3140261,-94.4614177,False,0,0,KULM,3.14,NEW_ULM_MUNI_(AWOS),MN,44.32,-94.5,,,,False
3843,MLC Bowl,44.3140261,-94.4614177,False,0,1,KJYG,37.81,ST._JAMES,MN,43.98,-94.55,,,,False
3847,Cooper Field,38.9080248,-77.0753144,False,0,0,KDCA,7.55,WASHINGTON,DC,38.85,-77.03,72405,KDCA,7.41,True
3847,Cooper Field,38.9080248,-77.0753144,False,0,1,KCGS,15.64,COLLEGE PARK AIRPORT,MD,38.98,-76.92,72405,KDCA,7.41,False
3847,Cooper Field,38.9080248,-77.0753144,False,0,2,KADW,20.29,ANDREWS AFB,MD,38.82,-76.87,72405,KDCA,7.41,False
3848,Multi-Sport Stadium,42.2625621,-71.8018877,False,0,0,KORH,5.67,WORCESTER    ASOS,MA,42.27,-71.87,,,,False
3848,Multi-Sport Stadium,42.2625621,-71.8018877,False,0,1,KFIT,32.15,FITCHBURG,MA,42.55,-71.76,,,,False
3850,Municipal Stadium,29.173466,-81.117511,False,1,0,KDAB,6.59,DAYTONA BEACH AO2,FL,29.18,-81.05,74787,KDAB,5.81,True
3851,Mustang Stadium,39.4102772,-76.7128314,False,0,0,KDMH,16.97,BALTIMORE_(ASOS),MD,39.28,-76.61,,,,False
3851,Mustang Stadium,39.4102772,-76.7128314,False,0,1,KBWI,25.87,BALTIMORE,MD,39.18,-76.67,,,,False
3851,Mustang Stadium,39.4102772,-76.7128314,False,0,2,KMTN,26.71,GLENN MARTIN APRT,MD,39.33,-76.42,,,,False
3852,Navy-Marine Corps Memorial Stadium,38.9846985,-76.5076335,False,99,0,KNAK,2.46,US NAVAL ACADEMY,MD,38.99,-76.48,KNAK0,KNAK,2.11,True
3852,Navy-Marine Corps Memorial Stadium,38.9846985,-76.5076335,False,99,1,KFME,24.74,FORT MEADE,MD,39.09,-76.76,KNAK0,KNAK,2.11,False
3852,Navy-Marine Corps Memorial Stadium,38.9846985,-76.5076335,False,99,2,KBWI,25.85,BALTIMORE,MD,39.18,-76.67,KNAK0,KNAK,2.11,False
3853,Neyland Stadium,35.9550131,-83.9250128,False,130,0,KTYS,15.81,KNOXVILLE    ASOS,TN,35.82,-83.98,KDKX0,KDKX,4.72,False
3853,Neyland Stadium,35.9550131,-83.9250128,False,130,1,KOQT,28.38,OAK_RIDGE_(ASOS),TN,36.02,-84.23,KDKX0,KDKX,4.72,False
3854,Nippert Stadium,39.1312495,-84.5161913,False,106,0,KLUK,8.21,CINCINNATI/LUNK ASOS,OH,39.1,-84.43,KLUK0,KLUK,8.97,True
3854,Nippert Stadium,39.1312495,-84.5161913,False,106,1,KCVG,16.06,COVINGTON    ASOS,KY,39.05,-84.67,KLUK0,KLUK,8.97,False
3854,Nippert Stadium,39.1312495,-84.5161913,False,106,2,KHAO,25.44,HAMILTON,OH,39.36,-84.52,KLUK0,KLUK,8.97,False
3855,Notre Dame Stadium,41.698378,-86.2339425,False,121,0,KSBN,7.15,SOUTH BEND,IN,41.7,-86.32,72535,KSBN,6.87,True
3856,Nottingham Field,40.403493,-104.705139,False,0,0,KGXY,7.01,GREELEY  (AWOS),CO,40.43,-104.63,KGXY0,KGXY,7.16,True
3856,Nottingham Field,40.403493,-104.705139,False,0,1,KFNL,27.15,FT COLLINS/L AWOS,CO,40.45,-105.02,KGXY0,KGXY,7.16,False
3858,O'Brien Stadium,39.4804965,-88.1811618,False,0,0,KMTO,8.48,MATTOON,IL,39.48,-88.28,KMTO0,KMTO,8.42,True
3859,Offutt Field,40.3014581,-79.5389289,False,0,0,KLBE,12.02,LATROBE,PA,40.28,-79.4,,,,False
3859,Offutt Field,40.3014581,-79.5389289,False,0,1,KAGC,33.59,ALLEGHENY CO.ARPT,PA,40.35,-79.93,,,,False
3860,O'Harra Stadium,44.0869329,-103.2274481,False,0,0,KRCA,12.36,ELLSWORTH AFB,SD,44.15,-103.1,,,,False
3860,O'Harra Stadium,44.0869329,-103.2274481,False,0,1,KRAP,13.23,RAPID CITY     ASOS,SD,44.05,-103.07,,,,False
3861,Ohio Stadium,40.0016447,-83.0197266,False,128,0,KOSU,9.71,OHIO STATE UNIV.,OH,40.08,-83.07,KOSU0,KOSU,9.8,True
3861,Ohio Stadium,40.0016447,-83.0197266,False,128,1,KCMH,11.9,COLUMBUS,OH,40.0,-82.88,KOSU0,KOSU,9.8,False
3861,Ohio Stadium,40.0016447,-83.0197266,False,128,2,KTZR,14.7,COLUMBUS/BOLTON_FLD,OH,39.9,-83.13,KOSU0,KOSU,9.8,False
3862,O'Kelly-Riddick Stadium,35.9738646,-78.896969,False,0,0,KRDU,15.63,RALEIGH-DURHAM,NC,35.87,-78.78,72306,KRDU,14.32,True
3862,O'Kelly-Riddick Stadium,35.9738646,-78.896969,False,0,1,KIGX,16.02,CHAPEL_HILL_(ASOS),NC,35.94,-79.07,72306,KRDU,14.32,False
3862,O'Kelly-Riddick Stadium,35.9738646,-78.896969,False,0,2,KTDF,34.85,ROXBORO,NC,36.28,-78.98,72306,KRDU,14.32,False
3864,Oliver C. Dawson Stadium,33.4986313,-80.8446857,False,0,0,KOGB,4.32,ORANGEBURG,SC,33.46,-80.85,KOGB0,KOGB,4.84,True
3868,Paladin Stadium,34.920192,-82.4370917,False,0,0,KGMU,11.14,GREENVILLE,SC,34.85,-82.35,KGMU0,KGMU,11.3,True
3868,Paladin Stadium,34.920192,-82.4370917,False,0,1,KGSP,19.92,GREENVILLE-SPART.,SC,34.9,-82.22,KGMU0,KGMU,11.3,False
3870,Panther Stadium (OH),39.9622601,-83.0007065,False,0,0,KCMH,11.11,COLUMBUS,OH,40.0,-82.88,,,,False
3870,Panther Stadium (OH),39.9622601,-83.0007065,False,0,1,KTZR,13.02,COLUMBUS/BOLTON_FLD,OH,39.9,-83.13,,,,False
3870,Panther Stadium (OH),39.9622601,-83.0007065,False,0,2,KOSU,14.36,OHIO STATE UNIV.,OH,40.08,-83.07,,,,False
3871,General Charles C. Krulak Stadium,33.5206824,-86.8024326,False,0,0,KBHM,7.33,BIRMINGHAM,AL,33.57,-86.75,,,,False
3871,General Charles C. Krulak Stadium,33.5206824,-86.8024326,False,0,1,KEET,37.94,CALERA/SHELBY CTY AP,AL,33.18,-86.78,,,,False
3873,L&N Federal Credit Union Stadium,38.2057621,-85.7588141,False,119,0,KSDF,3.81,LOUISVILLE   ASOS,KY,38.18,-85.73,72423,KSDF,3.35,True
3873,L&N Federal Credit Union Stadium,38.2057621,-85.7588141,False,119,1,KLOU,8.78,BOWMAN FIELD ARPT,KY,38.22,-85.66,72423,KSDF,3.35,False
3873,L&N Federal Credit Union Stadium,38.2057621,-85.7588141,False,119,2,KFTK,38.7,FORT KNOX,KY,37.9,-85.97,72423,KSDF,3.35,False
3875,Paul Laird Field,33.9919761,-96.3776762,False,0,0,KDUA,5.89,EAKER FIELD AIRPORT,OK,33.94,-96.39,,,,False
3877,Pioneer Stadium,42.2542334,-77.7906062,False,0,0,KELZ,22.38,WELLSVILLE MUNICIPAL,NY,42.11,-77.98,,,,False
3877,Pioneer Stadium,42.2542334,-77.7906062,False,0,1,KDSV,35.73,DANSVILLE,NY,42.57,-77.71,,,,False
3878,Plaster Sports Complex,37.1976229,-93.2798119,False,6,0,KSGF,9.57,SPRINGFIELD,MO,37.23,-93.38,72440,KSGF,20.73,True
3879,TowneBank Stadium,36.9775016,-76.42977,False,0,0,KNGU,13.1,NORFOLK NAS,VA,36.94,-76.29,,,,False
3879,TowneBank Stadium,36.9775016,-76.42977,False,0,1,KLFI,13.42,LANGLEY AFB,VA,37.08,-76.35,,,,False
3879,TowneBank Stadium,36.9775016,-76.42977,False,0,2,KPHF,17.78,NEWPORT NEWS,VA,37.13,-76.49,,,,False
3881,Princeton University Stadium,40.3457928,-74.6500047,False,0,0,KTTN,16.16,TRENTON,NJ,40.28,-74.82,KTTN0,KTTN,15.85,True
3881,Princeton University Stadium,40.3457928,-74.6500047,False,0,1,KSMQ,30.54,SOMERSET_AIRPORT_ASO,NJ,40.62,-74.67,KTTN0,KTTN,15.85,False
3881,Princeton University Stadium,40.3457928,-74.6500047,False,0,2,KWRI,36.47,MCGUIRE AFB,NJ,40.02,-74.6,KTTN0,KTTN,15.85,False
3882,Provost Umphrey Stadium,30.04313,-94.069963,False,0,0,KBPT,11.42,PORT ARTHUR,TX,29.95,-94.02,KORG0,KORG,25.75,False
3882,Provost Umphrey Stadium,30.04313,-94.069963,False,0,1,KORG,26.15,ORANGE/ORANGE CO AP,TX,30.07,-93.8,KORG0,KORG,25.75,True
3885,Harvey Randall Wickes Memorial Stadium,25.71414555,-80.27640498387049,False,0,0,KMIA,11.78,MIAMI,FL,25.82,-80.28,,,,False
3885,Harvey Randall Wickes Memorial Stadium,25.71414555,-80.27640498387049,False,0,1,KTMB,17.46,TAMIAMI ARPT,FL,25.64,-80.43,,,,False
3885,Harvey Randall Wickes Memorial Stadium,25.71414555,-80.27640498387049,False,0,2,KOPF,20.67,OPA LOCKA ARPT,FL,25.9,-80.28,,,,False
3886,Raymond James Stadium,27.9758691,-82.5033344,False,108,0,KTPA,2.7,TAMPA,FL,27.97,-82.53,72211,KTPA,3.11,True
3886,Raymond James Stadium,27.9758691,-82.5033344,False,108,1,KMCF,14.0,MAC DILL AFB,FL,27.85,-82.5,72211,KTPA,3.11,False
3886,Raymond James Stadium,27.9758691,-82.5033344,False,108,2,KVDF,15.53,TAMPA/VANDENBURG APT,FL,28.01,-82.35,72211,KTPA,3.11,False
3887,Razorback Stadium,36.0680662,-94.1789534,False,105,0,KFYV,7.61,FAYETTEVILLE,AR,36.0,-94.17,KFYV0,KFYV,7.05,True
3887,Razorback Stadium,36.0680662,-94.1789534,False,105,1,KASG,12.51,SPRINGDALE MUNI AP,AR,36.17,-94.12,KFYV0,KFYV,7.05,False
3887,Razorback Stadium,36.0680662,-94.1789534,False,105,2,KXNA,26.34,NORTHWEST_ARKANSAS_A,AR,36.28,-94.31,KFYV0,KFYV,7.05,False
3889,Reinhart Field,40.807528,-73.797744,False,0,0,KLGA,9.57,NEW YORK-LAGUARD.,NY,40.77,-73.9,,,,False
3889,Reinhart Field,40.807528,-73.797744,False,0,1,KNYC,14.82,NEW YORK CITY,NY,40.78,-73.97,,,,False
3889,Reinhart Field,40.807528,-73.797744,False,0,2,KJFK,17.58,NEW YORK-KENNEDY,NY,40.65,-73.78,,,,False
3892,Pratt & Whitney Stadium,41.7595675,-72.6187728,False,110,0,KHFD,4.19,HARTFORD-BRAINARD,CT,41.73,-72.65,KHFD0,KHFD,3.59,True
3892,Pratt & Whitney Stadium,41.7595675,-72.6187728,False,110,1,KBDL,19.62,HARTFORD       ASOS,CT,41.93,-72.68,KHFD0,KHFD,3.59,False
3892,Pratt & Whitney Stadium,41.7595675,-72.6187728,False,110,2,KMMK,32.84,MERIDEN MARKHAM MUN,CT,41.51,-72.83,KHFD0,KHFD,3.59,False
3893,Reser Stadium,44.5594559,-123.2814341,False,112,0,KCVO,6.61,CORVALLIS (AWOS),OR,44.5,-123.28,KCVO0,KCVO,6.96,True
3894,Rhodes Stadium,36.1101269,-79.5079979,False,0,0,KBUY,9.54,BURLINGTON/ALAMANCE_,NC,36.03,-79.47,KBUY0,KBUY,7.47,True
3894,Rhodes Stadium,36.1101269,-79.5079979,False,0,1,KGSO,39.85,GREENSBORO   ASOS,NC,36.08,-79.95,KBUY0,KBUY,7.47,False
3895,Rice Stadium,29.7163297,-95.4093261,False,96,0,KHOU,14.51,HOUSTON/HOBBY AP,TX,29.65,-95.28,KSGR0,KSGR,26.07,False
3895,Rice Stadium,29.7163297,-95.4093261,False,96,1,KEFD,25.48,ELLINGTON AFB,TX,29.62,-95.17,KSGR0,KSGR,26.07,False
3895,Rice Stadium,29.7163297,-95.4093261,False,96,2,KSGR,26.48,SUGARLAND/HULL FLD,TX,29.62,-95.66,KSGR0,KSGR,26.07,True
3896,Rice-Totten Field,33.5118304,-90.3397718,False,0,0,KGWO,24.12,GREENWOOD,MS,33.5,-90.08,KGWO0,KGWO,23.73,True
3897,Richardson Stadium,35.4995744,-80.8428419,False,0,0,KJQF,17.13,CONCORD RGNL AP,NC,35.39,-80.71,KJQF0,KJQF,17.36,True
3897,Richardson Stadium,35.4995744,-80.8428419,False,0,1,KIPJ,28.8,LINCOLNTON,NC,35.48,-81.16,KJQF0,KJQF,17.36,False
3897,Richardson Stadium,35.4995744,-80.8428419,False,0,2,KSVH,30.83,STATESVILLE,NC,35.76,-80.96,KJQF0,KJQF,17.36,False
3904,Rogers Stadium (VA),37.227928,-77.4019268,False,0,0,KPTB,11.74,PETERSBURG,VA,37.18,-77.52,,,,False
3904,Rogers Stadium (VA),37.227928,-77.4019268,False,0,1,KRIC,30.91,RICHMOND     ASOS,VA,37.5,-77.33,,,,False
3905,Maverik Stadium,41.7517394,-111.8116007,False,100,0,KLGU,4.47,LOGAN,UT,41.78,-111.85,KLGU0,KLGU,5.51,True
3906,Roos Field,47.49278,-117.587353,False,0,0,KGEG,15.85,SPOKANE      ASOS,WA,47.63,-117.53,72785,KGEG,14.36,True
3906,Roos Field,47.49278,-117.587353,False,0,1,KSKA,15.97,FAIRCHILD AFB,WA,47.63,-117.65,72785,KGEG,14.36,False
3906,Roos Field,47.49278,-117.587353,False,0,2,KSFF,27.58,SPOKANE/FELTS,WA,47.67,-117.33,72785,KGEG,14.36,False
3907,Ross-Ade Stadium,40.4352253,-86.9186843,False,123,0,KLAF,1.95,LAFAYETTE,IN,40.42,-86.93,KLAF0,KLAF,2.98,True
3910,DKR-Texas Memorial Stadium,30.2836813,-97.7325345,False,117,0,KATT,3.2,AUSTIN_CITY,TX,30.29,-97.7,72254,KATT,4.92,True
3910,DKR-Texas Memorial Stadium,30.2836813,-97.7325345,False,117,1,KAUS,9.29,AUSTIN/BERGSTROM,TX,30.22,-97.67,72254,KATT,4.92,False
3912,Rynearson Stadium,42.256126,-83.647285,False,96,0,KARB,9.36,ANN ARBOR,MI,42.22,-83.75,KARB0,KARB,8.89,True
3912,Rynearson Stadium,42.256126,-83.647285,False,96,1,KYIP,10.08,WILLOW RUN APRT,MI,42.23,-83.53,KARB0,KARB,8.89,False
3912,Rynearson Stadium,42.256126,-83.647285,False,96,2,KDTW,26.28,DETROIT      ASOS,MI,42.23,-83.33,KARB0,KARB,8.89,False
3913,Saluki Stadium,37.708637,-89.216212,False,0,0,KMDH,8.47,CARBONDALE,IL,37.78,-89.25,KMDH0,KMDH,8.34,True
3913,Saluki Stadium,37.708637,-89.216212,False,0,1,KMWA,19.56,MARION,IL,37.75,-89.0,KMDH0,KMDH,8.34,False
3915,Charles Lee Field at Samford Stadium,32.3669656,-86.3006485,False,0,0,KMXF,6.67,MAXWELL AFB,AL,32.38,-86.37,,,,False
3915,Charles Lee Field at Samford Stadium,32.3669656,-86.3006485,False,0,1,KMGM,11.94,MONTGOMERY   ASOS,AL,32.3,-86.4,,,,False
3917,Sanford Stadium,33.9498197,-83.3733813,False,113,0,KAHN,4.92,ATHENS         ASOS,GA,33.95,-83.32,72311,KAHN,3.7,True
3917,Sanford Stadium,33.9498197,-83.3733813,False,113,1,KWDR,27.56,WINDER,GA,33.98,-83.67,72311,KAHN,3.7,False
3918,S.B. Ballard Stadium,36.8889533,-76.3049175,False,63,0,KNGU,5.83,NORFOLK NAS,VA,36.94,-76.29,69536,KNGU,5.52,True
3918,S.B. Ballard Stadium,36.8889533,-76.3049175,False,63,1,KORF,9.41,NORFOLK,VA,36.9,-76.2,69536,KNGU,5.52,False
3918,S.B. Ballard Stadium,36.8889533,-76.3049175,False,63,2,KLFI,21.62,LANGLEY AFB,VA,37.08,-76.35,69536,KNGU,5.52,False
3919,Scheumann Stadium,40.2159422,-85.4161148,False,98,0,KMIE,3.44,MUNCIE,IN,40.23,-85.38,KMIE0,KMIE,3.42,True
3919,Scheumann Stadium,40.2159422,-85.4161148,False,98,1,KAID,20.35,ANDERSON,IN,40.12,-85.62,KMIE0,KMIE,3.42,False
3920,Schmidt Stadium,33.707182,-85.51021468718943,False,0,0,KANB,34.04,ANNISTON,AL,33.59,-85.85,,,,False
3921,Schoellkopf Field,42.4439016,-76.4785398,False,0,0,KITH,4.07,ITHACA,NY,42.48,-76.47,KITH0,KITH,5.53,True
3922,Kenneth R. Gill Stadium,39.5752639,-76.9959277,False,0,0,KDMW,4.05,CARROLL CNTY RGNL AR,MD,39.61,-77.01,,,,False
3922,Kenneth R. Gill Stadium,39.5752639,-76.9959277,False,0,1,KFDK,36.45,FREDERICK MUNI AIRPO,MD,39.42,-77.37,,,,False
3922,Kenneth R. Gill Stadium,39.5752639,-76.9959277,False,0,2,KTHV,39.59,YORK,PA,39.92,-76.88,,,,False
3923,Scott Stadium,38.0311801,-78.5137897,False,118,0,KCHO,12.33,CHARLOTTESVILLE,VA,38.13,-78.45,KCHO0,KCHO,13.08,True
3923,Scott Stadium,38.0311801,-78.5137897,False,118,1,KSHD,39.62,STAUNTON,VA,38.27,-78.85,KCHO0,KCHO,13.08,False
3925,Seibert Stadium,33.463273,-86.795326,False,0,0,KBHM,12.59,BIRMINGHAM,AL,33.57,-86.75,72228,KBHM,12.24,True
3925,Seibert Stadium,33.463273,-86.795326,False,0,1,KEET,31.53,CALERA/SHELBY CTY AP,AL,33.18,-86.78,72228,KBHM,12.24,False
3934,Southern Nazarene University Football Stadium,35.5186728,-97.6322648,False,0,0,KPWA,1.28,OKLAHOMA CITY,OK,35.53,-97.63,,,,False
3934,Southern Nazarene University Football Stadium,35.5186728,-97.6322648,False,0,1,KOKC,13.52,OKLAHOMA CTY ASOS,OK,35.4,-97.6,,,,False
3934,Southern Nazarene University Football Stadium,35.5186728,-97.6322648,False,0,2,KTIK,25.34,TINKER AFB,OK,35.42,-97.38,,,,False
3935,CEFCU Stadium,37.3196675,-121.8682962,False,92,0,KRHV,4.42,SAN JOSE,CA,37.33,-121.82,KRHV0,KRHV,4.53,True
3935,CEFCU Stadium,37.3196675,-121.8682962,False,92,1,KSJC,6.4,SAN JOSE,CA,37.36,-121.92,KRHV0,KRHV,4.53,False
3935,CEFCU Stadium,37.3196675,-121.8682962,False,92,2,KNUQ,19.55,MOUNTAIN VIEW NAS,CA,37.42,-122.05,KRHV0,KRHV,4.53,False
3936,Spartan Stadium,42.7281474,-84.4848526,False,125,0,KLAN,11.03,LANSING,MI,42.78,-84.6,72539,KLAN,10.11,True
3936,Spartan Stadium,42.7281474,-84.4848526,False,125,1,KTEW,18.37,MASON,MI,42.57,-84.42,72539,KLAN,10.11,False
3936,Spartan Stadium,42.7281474,-84.4848526,False,125,2,KFPK,31.88,FITCH BEACH AIRPORT,MI,42.57,-84.81,72539,KLAN,10.11,False
3940,Stanford Stadium,37.4345556,-122.1611271,False,113,0,KPAO,5.36,PALO ALTO,CA,37.47,-122.12,KPAO0,KPAO,5.02,True
3940,Stanford Stadium,37.4345556,-122.1611271,False,113,1,KNUQ,9.95,MOUNTAIN VIEW NAS,CA,37.42,-122.05,KPAO0,KPAO,5.02,False
3940,Stanford Stadium,37.4345556,-122.1611271,False,113,2,KSQL,12.32,SAN CARLOS,CA,37.52,-122.25,KPAO0,KPAO,5.02,False
3942,Stewart Stadium,41.1918741,-111.9401391,False,0,0,KOGD,6.81,OGDEN,UT,41.18,-112.02,72575,KOGD,6.47,True
3942,Stewart Stadium,41.1918741,-111.9401391,False,0,1,KHIF,8.37,HILL AFB,UT,41.12,-111.97,72575,KOGD,6.47,False
3944,Strawberry Stadium,30.5110264,-90.4685792,False,0,0,KHDC,4.76,HAMMOND MUNI ARPT,LA,30.52,-90.42,KHDC0,KHDC,4.95,True
3945,Strong Stadium,42.5083272,-89.031784,False,0,0,KJVL,12.42,JANESVILLE,WI,42.62,-89.03,,,,False
3945,Strong Stadium,42.5083272,-89.031784,False,0,1,KRFD,34.74,ROCKFORD     ASOS,IL,42.2,-89.1,,,,False
3946,Sun Bowl,31.7733353,-106.507957,False,105,0,KELP,10.63,EL PASO      ASOS,TX,31.8,-106.4,72270,KELP,12.73,True
3947,Mountain America Stadium,33.4264471,-111.9325005,False,115,0,KPHX,8.13,PHOENIX      ASOS,AZ,33.43,-112.02,72278,KPHX,10.93,True
3947,Mountain America Stadium,33.4264471,-111.9325005,False,115,1,KCHD,20.29,CHANDLER,AZ,33.27,-111.82,72278,KPHX,10.93,False
3947,Mountain America Stadium,33.4264471,-111.9325005,False,115,2,KSDL,21.62,SCOTTSDALE,AZ,33.62,-111.91,72278,KPHX,10.93,False
3948,Hard Rock Stadium,25.9579665,-80.2388604,False,101,0,KHWO,4.68,NORTH_PERRY_ARPT_ASO,FL,26.0,-80.24,KHWO0,KHWO,4.81,True
3948,Hard Rock Stadium,25.9579665,-80.2388604,False,101,1,KOPF,7.65,OPA LOCKA ARPT,FL,25.9,-80.28,KHWO0,KHWO,4.81,False
3948,Hard Rock Stadium,25.9579665,-80.2388604,False,101,2,KFLL,15.3,FORT LAUDERDALE,FL,26.07,-80.15,KHWO0,KHWO,4.81,False
3950,Superior Dome,46.560589,-87.393741,False,0,0,KSAW,23.42,GWINN,MI,46.35,-87.4,,,,False
3951,Swisher Field,45.4649805,-98.487813,False,0,0,KABR,4.81,ABERDEEN       ASOS,SD,45.45,-98.43,,,,False
3952,Ted Wright Stadium,32.0274346,-81.0687492,False,0,0,KSVN,5.83,HUNTER AFB,GA,32.02,-81.13,,,,False
3952,Ted Wright Stadium,32.0274346,-81.0687492,False,0,1,KSAV,16.82,SAVANNAH,GA,32.13,-81.2,,,,False
3953,Huntington Bank Stadium,44.976525,-93.2245462,False,112,0,KMSP,10.74,MINNEAPOLIS,MN,44.88,-93.22,KSTP0,KSTP,13.74,False
3953,Huntington Bank Stadium,44.976525,-93.2245462,False,112,1,KSTP,13.22,ST PAUL,MN,44.93,-93.07,KSTP0,KSTP,13.74,True
3953,Huntington Bank Stadium,44.976525,-93.2245462,False,112,2,KMIC,14.33,MINNEAPOLIS CRYS.,MN,45.07,-93.35,KSTP0,KSTP,13.74,False
3957,Tiger Stadium (AL),32.5843026,-88.1872474,False,0,0,KNMM,35.14,MERIDIAN NAS,MS,32.55,-88.56,,,,False
3958,Tiger Stadium (LA),30.412035,-91.1838163,False,120,0,KBTR,13.51,BATON ROUGE  ASOS,LA,30.53,-91.15,KHDC0,KHDC,74.37,False
3960,Top Taggart Field,43.698078,-85.483656,False,0,0,KRQB,2.77,BIG RAPIDS,MI,43.72,-85.5,,,,False
3963,Harry Turpin Stadium,31.747259,-93.0961357,False,0,0,KIER,0.89,NATCHITOCHES RGNL AP,LA,31.74,-93.1,KIER0,KIER,1.32,True
3965,UB Stadium,42.9991334,-78.7775113,False,109,0,KBUF,8.6,BUFFALO,NY,42.93,-78.73,72528,KBUF,8.16,True
3965,UB Stadium,42.9991334,-78.7775113,False,109,1,KIAG,18.06,NIAGARA FALLS,NY,43.11,-78.94,72528,KBUF,8.16,False
3967,UNI-Dome,42.5156111,-92.4672307,True,0,0,KALO,6.71,WATERLOO       ASOS,IA,42.55,-92.4,,,,False
3971,University Stadium (NM),35.0669479,-106.6283225,False,108,0,KABQ,2.03,ALBUQUERQUE    ASOS,NM,35.05,-106.62,72365,KABQ,4.54,True
3971,University Stadium (NM),35.0669479,-106.6283225,False,108,1,KAEG,17.6,DOUBLE EAGLE/ALBUQUE,NM,35.14,-106.8,72365,KABQ,4.54,False
3973,FirstBank Stadium,36.1440455,-86.8088942,False,121,0,KBNA,11.88,NASHVILLE,TN,36.12,-86.68,72327,KBNA,11.68,True
3973,FirstBank Stadium,36.1440455,-86.8088942,False,121,1,KMQY,32.05,SMYRNA,TN,36.0,-86.5,72327,KBNA,11.68,False
3975,Veterans Memorial Stadium (AL),31.7995565,-85.9518328,False,106,0,KTOI,8.68,TROY,AL,31.86,-86.01,KTOI0,KTOI,8.84,True
3976,Mississippi Veterans Memorial Stadium,32.3300053,-90.1795578,False,0,0,KHKS,4.87,JACKSON,MS,32.34,-90.23,72419,KHKS,4.07,True
3976,Mississippi Veterans Memorial Stadium,32.3300053,-90.1795578,False,0,1,KJAN,9.42,JACKSON      ASOS,MS,32.32,-90.08,72419,KHKS,4.07,False
3979,Wagner College Stadium,40.614688,-74.090639,False,0,0,KEWR,11.61,NEWARK,NJ,40.7,-74.17,72502,KEWR,10.05,True
3979,Wagner College Stadium,40.614688,-74.090639,False,0,1,KNYC,21.01,NEW YORK CITY,NY,40.78,-73.97,72502,KEWR,10.05,False
3979,Wagner College Stadium,40.614688,-74.090639,False,0,2,KLGA,23.59,NEW YORK-LAGUARD.,NY,40.77,-73.9,72502,KEWR,10.05,False
3980,Waldo Stadium,42.2860064,-85.6007573,False,100,0,KAZO,7.5,KALAMAZOO,MI,42.23,-85.55,KAZO0,KAZO,7.02,True
3980,Waldo Stadium,42.2860064,-85.6007573,False,100,1,KBTL,30.54,BATTLE CREEK,MI,42.3,-85.23,KAZO0,KAZO,7.02,False
3982,Wallace Wade Stadium,35.9953688,-78.9417564,False,112,0,KIGX,13.08,CHAPEL_HILL_(ASOS),NC,35.94,-79.07,72306,KRDU,18.99,False
3982,Wallace Wade Stadium,35.9953688,-78.9417564,False,112,1,KRDU,20.16,RALEIGH-DURHAM,NC,35.87,-78.78,72306,KRDU,18.99,True
3982,Wallace Wade Stadium,35.9953688,-78.9417564,False,112,2,KTDF,31.84,ROXBORO,NC,36.28,-78.98,72306,KRDU,18.99,False
3984,War Memorial Stadium,41.31161,-105.5681384,False,98,0,KLAR,8.56,LARAMIE,WY,41.32,-105.67,KVDW0,KVDW,22.06,False
3985,Warren McGuirk Alumni Stadium,42.3773244,-72.5360595,False,50,0,KCEF,19.72,CHICOPEE FALLS,MA,42.2,-72.53,74491,KCEF,19.72,True
3985,Warren McGuirk Alumni Stadium,42.3773244,-72.5360595,False,50,1,KBAF,27.58,WESTFIELD,MA,42.17,-72.72,74491,KCEF,19.72,False
3985,Warren McGuirk Alumni Stadium,42.3773244,-72.5360595,False,50,2,KORE,30.0,ORANGE       ASOS,MA,42.57,-72.28,74491,KCEF,19.72,False
3987,Washington-Grizzly Stadium,46.8638753,-113.9815042,False,0,0,KMSO,9.75,MISSOULA,MT,46.92,-114.08,72773,KMSO,10.75,True
3988,Welcome Stadium,39.7369239,-84.1981068,False,0,0,KFFO,16.35,WRIGHT-PATTERSON,OH,39.83,-84.05,74570,KFFO,16.58,True
3988,Welcome Stadium,39.7369239,-84.1981068,False,0,1,KMGY,16.56,DAYTON_WRIGHT BROS,OH,39.59,-84.23,74570,KFFO,16.58,False
3988,Welcome Stadium,39.7369239,-84.1981068,False,0,2,KDAY,18.13,DAYTON,OH,39.9,-84.2,74570,KFFO,16.58,False
3990,William H. Greene Stadium,38.925487,-77.021047,False,0,0,KDCA,8.43,WASHINGTON,DC,38.85,-77.03,72405,KDCA,8.46,True
3990,William H. Greene Stadium,38.925487,-77.021047,False,0,1,KCGS,10.63,COLLEGE PARK AIRPORT,MD,38.98,-76.92,72405,KDCA,8.46,False
3990,William H. Greene Stadium,38.925487,-77.021047,False,0,2,KADW,17.57,ANDREWS AFB,MD,38.82,-76.87,72405,KDCA,8.46,False
3991,"William Dick"""" Price Stadium""""",36.8469442,-76.2600839,False,0,0,KORF,7.96,NORFOLK,VA,36.9,-76.2,72308,KORF,7.96,True
3991,"William Dick"""" Price Stadium""""",36.8469442,-76.2600839,False,0,1,KNGU,10.68,NORFOLK NAS,VA,36.94,-76.29,72308,KORF,7.96,False
3991,"William Dick"""" Price Stadium""""",36.8469442,-76.2600839,False,0,2,KNTU,20.7,OCEANA NAS,VA,36.82,-76.03,72308,KORF,7.96,False
3992,Williams Stadium (VA),37.3544305,-79.1750239,False,50,0,KLYH,3.5,LYNCHBURG,VA,37.33,-79.2,72410,KLYH,4.74,True
3994,Williams-Brice Stadium,33.9730239,-81.0191726,False,120,0,KCUB,2.71,COLUMBIA_OWENS_AIRPO,SC,33.97,-80.99,KCUB0,KCUB,2.23,True
3994,Williams-Brice Stadium,33.9730239,-81.0191726,False,120,1,KCAE,9.64,COLUMBIA,SC,33.95,-81.12,KCUB0,KCUB,2.23,False
3994,Williams-Brice Stadium,33.9730239,-81.0191726,False,120,2,KMMT,21.06,MCENTIRE ANGB AP,SC,33.92,-80.8,KCUB0,KCUB,2.23,False
3995,Dr. John W. Winkin Sports Complex,44.8011821,-68.7778138,False,0,0,KBGR,3.33,BANGOR,ME,44.8,-68.82,,,,False
3996,Yager Stadium,39.5197009,-84.7330255,False,96,0,KHAO,25.5,HAMILTON,OH,39.36,-84.52,KHAO0,KHAO,25.08,True
3997,Yale Bowl,41.3132441,-72.9605333,False,1,0,KHVN,8.35,NEW HAVEN,CT,41.26,-72.89,KHVN0,KHVN,8.26,True
3997,Yale Bowl,41.3132441,-72.9605333,False,1,1,KBDR,21.32,BRIDGEPORT     ASOS,CT,41.17,-73.13,KHVN0,KHVN,8.26,False
3997,Yale Bowl,41.3132441,-72.9605333,False,1,2,KOXC,23.32,OXFORD    AWOS,CT,41.48,-73.13,KHVN0,KHVN,8.26,False
3998,Zable Stadium,37.2730996,-76.7137202,False,0,0,KJGG,3.72,WILLIAMSBURG-JAMESTO,VA,37.24,-76.72,KJGG0,KJGG,3.78,True
3998,Zable Stadium,37.2730996,-76.7137202,False,0,1,KFAF,17.95,FORT EUSTIS,VA,37.13,-76.62,KJGG0,KJGG,3.78,False
3998,Zable Stadium,37.2730996,-76.7137202,False,0,2,KPHF,25.41,NEWPORT NEWS,VA,37.13,-76.49,KJGG0,KJGG,3.78,False
4015,Barron Stadium,34.257038,-85.1646726,False,0,0,KRMG,10.35,ROME (RAMOS),GA,34.35,-85.17,,,,False
4015,Barron Stadium,34.257038,-85.1646726,False,0,1,KVPC,32.21,CARTERSVILLE,GA,34.13,-84.85,,,,False
4133,Braly Municipal Stadium,34.810914,-87.670587,False,0,0,KMSL,8.2,MUSCLE SHOALS,AL,34.75,-87.62,KMSL0,KMSL,9.15,True
4246,Center Parc Stadium,33.735267,-84.389949,False,52,0,KATL,10.18,ATLANTA      ASOS,GA,33.65,-84.43,KFTY0,KFTY,13.09,False
4246,Center Parc Stadium,33.735267,-84.389949,False,52,1,KFTY,13.01,FULTON CO.APRT,GA,33.78,-84.52,KFTY0,KFTY,13.09,True
4246,Center Parc Stadium,33.735267,-84.389949,False,52,2,KPDK,18.11,DEKALB-PCHTREE AP,GA,33.88,-84.3,KFTY0,KFTY,13.09,False
4416,Spec Martin Municipal Stadium,29.0208575,-81.2993746,False,0,0,KSFB,27.21,SANFORD,FL,28.78,-81.25,KSFB0,KSFB,27.85,True
4416,Spec Martin Municipal Stadium,29.0208575,-81.2993746,False,0,1,KDAB,30.0,DAYTONA BEACH AO2,FL,29.18,-81.05,KSFB0,KSFB,27.85,False
4417,Five Star Stadium at the Moye Complex,32.8262075,-83.6522485,False,0,0,KMCN,14.04,MACON        ASOS,GA,32.7,-83.65,KWRB0,KWRB,21.45,False
4417,Five Star Stadium at the Moye Complex,32.8262075,-83.6522485,False,0,1,KWRB,22.36,ROBINS AFB,GA,32.63,-83.6,KWRB0,KWRB,21.45,True
4418,Jerry Richardson Stadium,35.3105033,-80.7401194,False,61,0,KJQF,9.25,CONCORD RGNL AP,NC,35.39,-80.71,KJQF0,KJQF,9.04,True
4418,Jerry Richardson Stadium,35.3105033,-80.7401194,False,61,1,KCLT,22.09,CHARLOTTE,NC,35.21,-80.95,KJQF0,KJQF,9.04,False
4418,Jerry Richardson Stadium,35.3105033,-80.7401194,False,61,2,KEQY,34.1,MONROE AIRPORT,NC,35.02,-80.62,KJQF0,KJQF,9.04,False
4419,Bob Ford Field,42.6808062,-73.8272841,False,0,0,KALB,8.01,ALBANY         ASOS,NY,42.75,-73.8,KSCH0,KSCH,20.82,False
4419,Bob Ford Field,42.6808062,-73.8272841,False,0,1,KSCH,21.31,SCHENECTADY,NY,42.85,-73.95,KSCH0,KSCH,20.82,True
4421,Multi-Sport Performance Stadium,39.1523198,-80.0403578,False,0,0,KCKB,21.64,CLARKSBURG (AMOS),WV,39.28,-80.23,,,,False
4421,Multi-Sport Performance Stadium,39.1523198,-80.0403578,False,0,1,KW22,26.07,BUCKHANNON/UPSHUR CO,WV,39.0,-80.27,,,,False
4421,Multi-Sport Performance Stadium,39.1523198,-80.0403578,False,0,2,KEKN,34.46,ELKINS         ASOS,WV,38.88,-79.85,,,,False
4422,Valhalla Stadium,34.275093,-85.1832843,False,0,0,KRMG,8.42,ROME (RAMOS),GA,34.35,-85.17,,,,False
4422,Valhalla Stadium,34.275093,-85.1832843,False,0,1,KVPC,34.64,CARTERSVILLE,GA,34.13,-84.85,,,,False
4423,Young-Wise Memorial Stadium,35.2521996,-92.6888936,False,0,0,KRUE,37.33,RUSSELLVILLE_(ASOS),AR,35.25,-93.1,,,,False
4424,Husky Stadium,29.6949025,-95.5167353,False,0,0,KSGR,16.16,SUGARLAND/HULL FLD,TX,29.62,-95.66,KSGR0,KSGR,15.73,True
4424,Husky Stadium,29.6949025,-95.5167353,False,0,1,KHOU,23.41,HOUSTON/HOBBY AP,TX,29.65,-95.28,KSGR0,KSGR,15.73,False
4424,Husky Stadium,29.6949025,-95.5167353,False,0,2,KLVJ,33.24,HOUSTON/CLOVER_FIELD,TX,29.53,-95.23,KSGR0,KSGR,15.73,False
4427,John A. Farrell Stadium,39.9597213,-75.6059638,False,0,0,KPTW,31.41,POTTSTOWN LIMERICK A,PA,40.24,-75.56,,,,False
4427,John A. Farrell Stadium,39.9597213,-75.6059638,False,0,1,KPHL,31.62,PHILADELPHIA,PA,39.88,-75.25,,,,False
4427,John A. Farrell Stadium,39.9597213,-75.6059638,False,0,2,KILG,32.22,WILMINGTON   ASOS,DE,39.67,-75.6,,,,False
4428,Saxon Stadium,42.1294712,-80.0852695,False,0,0,KERI,9.56,ERIE         ASOS,PA,42.08,-80.18,72526,KERI,9.58,True
4430,Mihalik-Thompson Stadium,41.0639506,-80.0564468,False,0,0,KBTP,32.82,BUTLER_CO._(AWOS),PA,40.78,-79.95,,,,False
4430,Mihalik-Thompson Stadium,41.0639506,-80.0564468,False,0,1,KFKL,38.45,FRANKLIN,PA,41.38,-79.87,,,,False
4431,Chryst Field at Biemesderfer Stadium,39.997998,-76.3545372,False,0,0,KLNS,14.34,LANCASTER,PA,40.12,-76.3,,,,False
4432,Andre Reed Stadium,40.5173165,-75.7774177,False,0,0,KRDG,22.33,READING,PA,40.38,-75.97,,,,False
4432,Andre Reed Stadium,40.5173165,-75.7774177,False,0,1,KABE,32.84,ALLENTOWN      ASOS,PA,40.65,-75.43,,,,False
4432,Andre Reed Stadium,40.5173165,-75.7774177,False,0,2,KUKT,34.7,QUAKERTOWN AP,PA,40.44,-75.38,,,,False
4433,George P. Miller Stadium,40.6214551,-79.1525349,False,0,0,KIDI,4.53,STEWART FIELD,PA,40.63,-79.1,,,,False
4436,Adamson Stadium,40.0236854,-79.8839357,False,0,0,KAFJ,35.71,WASHINGTON (AWOS),PA,40.13,-80.28,,,,False
4436,Adamson Stadium,40.0236854,-79.8839357,False,0,1,KAGC,36.49,ALLEGHENY CO.ARPT,PA,40.35,-79.93,,,,False
4439,Eiler-Martin Stadium,40.9995386,-75.1812913,False,0,0,KMPO,24.09,POCONO MNTS MUNIL AP,PA,41.14,-75.4,,,,False
4439,Eiler-Martin Stadium,40.9995386,-75.1812913,False,0,1,K12N,37.93,ANDOVER,NJ,41.02,-74.73,,,,False
4440,Sox Harrison Stadium,41.8742225,-80.1317236,False,0,0,KERI,23.23,ERIE         ASOS,PA,42.08,-80.18,,,,False
4440,Sox Harrison Stadium,41.8742225,-80.1317236,False,0,1,KGKJ,27.92,MEADVILLE-PORT_MEADV,PA,41.63,-80.21,,,,False
4441,McConnell Family Stadium,42.1294712,-80.0852695,False,0,0,KERI,9.56,ERIE         ASOS,PA,42.08,-80.18,,,,False
4463,Crusader Stadium,31.0560132,-97.464453,False,0,0,KTPL,11.28,TEMPLE,TX,31.15,-97.42,,,,False
4463,Crusader Stadium,31.0560132,-97.464453,False,0,1,KILE,20.7,KILLEEN/MUNI AWOS,TX,31.08,-97.68,,,,False
4463,Crusader Stadium,31.0560132,-97.464453,False,0,2,KHLR,26.48,HOOD AAF,TX,31.15,-97.72,,,,False
4582,Hornet Stadium,32.3642223,-86.2896902,False,0,0,KMXF,7.74,MAXWELL AFB,AL,32.38,-86.37,KMXF0,KMXF,7.04,True
4582,Hornet Stadium,32.3642223,-86.2896902,False,0,1,KMGM,12.59,MONTGOMERY   ASOS,AL,32.3,-86.4,KMXF0,KMXF,7.04,False
4724,Audrey J. Walton Stadium at Vernon Kennedy Field,38.7624373,-93.7409596,False,0,0,KSZL,17.22,WHITEMAN AFB,MO,38.72,-93.55,,,,False
4727,McLane Stadium,31.5582015,-97.1156702,False,74,0,KACT,12.04,WACO           ASOS,TX,31.62,-97.22,72256,KACT,7.77,True
4727,McLane Stadium,31.5582015,-97.1156702,False,74,1,KPWG,21.23,MC_GREGOR_(AWOS),TX,31.48,-97.32,72256,KACT,7.77,False
4728,TDECU Stadium,29.7219885,-95.3491623,False,70,0,KHOU,10.43,HOUSTON/HOBBY AP,TX,29.65,-95.28,72244,KEFD,22.39,False
4728,TDECU Stadium,29.7219885,-95.3491623,False,70,1,KEFD,20.69,ELLINGTON AFB,TX,29.62,-95.17,72244,KEFD,22.39,True
4728,TDECU Stadium,29.7219885,-95.3491623,False,70,2,KLVJ,24.26,HOUSTON/CLOVER_FIELD,TX,29.53,-95.23,72244,KEFD,22.39,False
4729,Yulman Stadium,29.944616,-90.116692,False,72,0,KNEW,12.64,LAKEFRONT ARPT,LA,30.03,-90.03,72231,KMSY,6.95,False
4729,Yulman Stadium,29.944616,-90.116692,False,72,1,KMSY,13.43,NEW ORLEANS,LA,29.98,-90.25,72231,KMSY,6.95,True
4729,Yulman Stadium,29.944616,-90.116692,False,72,2,KNBG,14.73,NEW ORLEANS NAS,LA,29.83,-90.04,72231,KMSY,6.95,False
4747,Abbott Memorial Alumni Stadium,32.4240286,-85.6916195,False,0,0,KAUO,24.97,AUBURN    AWOS,AL,32.58,-85.5,,,,False
4749,McPherson Memorial Stadium,39.6847822,-83.9296526,False,0,0,KFFO,19.15,WRIGHT-PATTERSON,OH,39.83,-84.05,,,,False
4749,McPherson Memorial Stadium,39.6847822,-83.9296526,False,0,1,KMGY,27.79,DAYTON_WRIGHT BROS,OH,39.59,-84.23,,,,False
4749,McPherson Memorial Stadium,39.6847822,-83.9296526,False,0,2,KILN,31.1,WILMINGTON,OH,39.43,-83.78,,,,False
4750,The Reservation,35.0717945,-81.6498195,False,0,0,KEHO,20.33,SHELBY MUNI ARPT,NC,35.25,-81.6,,,,False
4757,Edwards-Maurer Field,39.937943,-83.812075,False,0,0,KFFO,23.58,WRIGHT-PATTERSON,OH,39.83,-84.05,,,,False
4757,Edwards-Maurer Field,39.937943,-83.812075,False,0,1,KDAY,33.35,DAYTON,OH,39.9,-84.2,,,,False
4762,Memorial Stadium (Commerce TX),33.2442615,-95.9006353,False,0,0,KGVT,24.98,GREENVILLE/MAJORS AP,TX,33.07,-96.07,KGVT0,KGVT,24.9,True
4762,Memorial Stadium (Commerce TX),33.2442615,-95.9006353,False,0,1,KSLR,27.74,SULPHUR_SPRINGS_MUNI,TX,33.16,-95.62,KGVT0,KGVT,24.9,False
4763,Ranger Field,36.8030501,-98.6660278,False,0,0,KAVK,3.69,ALVA REGIONAL AIRPT,OK,36.77,-98.67,,,,False
4765,Hillsboro Stadium,45.554597,-122.90694,False,0,0,KHIO,3.39,HILLSBORO/PORTLAND,OR,45.55,-122.95,KHIO0,KHIO,3.71,True
4765,Hillsboro Stadium,45.554597,-122.90694,False,0,1,KVUO,21.28,VANCOUVER_(ASOS),WA,45.62,-122.65,KHIO0,KHIO,3.71,False
4765,Hillsboro Stadium,45.554597,-122.90694,False,0,2,KPDX,24.42,PORTLAND,OR,45.6,-122.6,KHIO0,KHIO,3.71,False
4851,Bazemore-Hyder Stadium,30.8327022,-83.2784851,False,0,0,KVLD,5.86,VALDOSTA,GA,30.78,-83.28,,,,False
4851,Bazemore-Hyder Stadium,30.8327022,-83.2784851,False,0,1,KVAD,17.0,MOODY AFB,GA,30.97,-83.2,,,,False
4852,Neta and Eddie DeRose ThunderBowl,38.2544472,-104.609141,False,0,0,KPUB,8.28,PUEBLO       ASOS,CO,38.28,-104.52,,,,False
4854,Perkins Stadium,42.8336422,-88.7292679,False,0,0,KRYV,29.63,WATERTOWN_(AWOS),WI,43.1,-88.72,,,,False
4854,Perkins Stadium,42.8336422,-88.7292679,False,0,1,KJVL,34.17,JANESVILLE,WI,42.62,-89.03,,,,False
4854,Perkins Stadium,42.8336422,-88.7292679,False,0,2,KBUU,38.51,BURLINGTON MUNI ARPT,WI,42.69,-88.3,,,,False
4855,Leslie C. Quick Jr. Stadium,39.849557,-75.3557458,False,0,0,KPHL,9.64,PHILADELPHIA,PA,39.88,-75.25,,,,False
4855,Leslie C. Quick Jr. Stadium,39.849557,-75.3557458,False,0,1,KILG,28.89,WILMINGTON   ASOS,DE,39.67,-75.6,,,,False
4855,Leslie C. Quick Jr. Stadium,39.849557,-75.3557458,False,0,2,KLOM,33.31,PHILADELPHIA/WINGS,PA,40.14,-75.26,,,,False
4856,Mount Union Stadium,40.9153362,-81.1059309,False,0,0,KCAK,27.23,AKRON CANTON ASOS,OH,40.92,-81.43,,,,False
4856,Mount Union Stadium,40.9153362,-81.1059309,False,0,1,KAKR,33.56,AKRON_FULTON_INTL_AR,OH,41.04,-81.47,,,,False
4899,Fifth Third Stadium,34.0289318,-84.5676234,False,12,0,KRYY,3.65,MARIETTA/COBB CO,GA,34.01,-84.6,KRYY0,KRYY,3.23,True
4899,Fifth Third Stadium,34.0289318,-84.5676234,False,12,1,KMGE,12.88,DOBBINS AFB,GA,33.92,-84.52,KRYY0,KRYY,3.23,False
4899,Fifth Third Stadium,34.0289318,-84.5676234,False,12,2,KFTY,28.03,FULTON CO.APRT,GA,33.78,-84.52,KRYY0,KRYY,3.23,False
5114,Shelton Stadium,32.44645,-99.7475905,False,0,0,KABI,6.99,ABILENE        ASOS,TX,32.42,-99.68,,,,False
5114,Shelton Stadium,32.44645,-99.7475905,False,0,1,KDYS,9.78,DYESS AFB,TX,32.43,-99.85,,,,False
5115,McCully Stadium,41.8646959,-88.1101709,False,0,0,KDPA,13.11,WEST CHICAGO,IL,41.92,-88.25,,,,False
5115,McCully Stadium,41.8646959,-88.1101709,False,0,1,KORD,21.6,CHICAGO-OHARE,IL,41.98,-87.9,,,,False
5115,McCully Stadium,41.8646959,-88.1101709,False,0,2,KLOT,29.54,ROMEOVILLE  WFO,IL,41.6,-88.08,,,,False
5116,O'Shaughnessy Stadium,44.9497487,-93.0931028,False,0,0,KSTP,2.85,ST PAUL,MN,44.93,-93.07,KSTP0,KSTP,3.08,True
5116,O'Shaughnessy Stadium,44.9497487,-93.0931028,False,0,1,KSGS,11.96,SOUTH ST PAUL MUNI,MN,44.85,-93.15,KSTP0,KSTP,3.08,False
5116,O'Shaughnessy Stadium,44.9497487,-93.0931028,False,0,2,KMSP,12.65,MINNEAPOLIS,MN,44.88,-93.22,KSTP0,KSTP,3.08,False
5117,Clemens Stadium,45.5944117,-94.3622868,False,0,0,KSTC,23.28,ST CLOUD     ASOS,MN,45.55,-94.07,,,,False
5117,Clemens Stadium,45.5944117,-94.3622868,False,0,1,KLXL,39.55,LITTLE_FALLS_(AWOS),MN,45.95,-94.35,,,,False
5119,Maxwell Field,45.2100367,-123.194463,False,0,0,KMMV,5.17,MCMINNVILLE,OR,45.2,-123.13,,,,False
5119,Maxwell Field,45.2100367,-123.194463,False,0,1,KUAO,33.54,AURORA STATE,OR,45.25,-122.77,,,,False
5119,Maxwell Field,45.2100367,-123.194463,False,0,2,KSLE,35.68,SALEM        ASOS,OR,44.92,-123.0,,,,False
5120,J.J. Keller Field at Titan Stadium,44.0206919,-88.5408574,False,0,0,KOSH,3.28,OSKOSH,WI,44.0,-88.57,,,,False
5120,J.J. Keller Field at Titan Stadium,44.0206919,-88.5408574,False,0,1,KATW,27.77,APPLETON,WI,44.27,-88.52,,,,False
5120,J.J. Keller Field at Titan Stadium,44.0206919,-88.5408574,False,0,2,KFLD,28.17,FOND_DU_LAC,WI,43.77,-88.49,,,,False
5121,University of Charleston Stadium,38.3505995,-81.6332812,False,0,0,KCRW,3.62,CHARLESTON   ASOS,WV,38.37,-81.6,,,,False
5122,Shuford Stadium,35.6709727,-80.4742261,False,0,0,KRUQ,4.75,SALISBURY,NC,35.65,-80.52,,,,False
5122,Shuford Stadium,35.6709727,-80.4742261,False,0,1,KEXX,19.86,LEXINGTON,NC,35.78,-80.3,,,,False
5122,Shuford Stadium,35.6709727,-80.4742261,False,0,2,KJQF,37.83,CONCORD RGNL AP,NC,35.39,-80.71,,,,False
5124,Homewood Field,39.2908816,-76.610759,False,0,0,KDMH,1.21,BALTIMORE_(ASOS),MD,39.28,-76.61,,,,False
5124,Homewood Field,39.2908816,-76.610759,False,0,1,KBWI,13.34,BALTIMORE,MD,39.18,-76.67,,,,False
5124,Homewood Field,39.2908816,-76.610759,False,0,2,KMTN,16.98,GLENN MARTIN APRT,MD,39.33,-76.42,,,,False
5125,Stadium Red Field,41.2446453,-73.9259559,False,0,0,KHPN,27.92,WHITE PLAINS,NY,41.06,-73.7,,,,False
5125,Stadium Red Field,41.2446453,-73.9259559,False,0,1,KSWF,31.89,NEWBURGH,NY,41.5,-74.1,,,,False
5125,Stadium Red Field,41.2446453,-73.9259559,False,0,2,KDXR,39.77,DANBURY,CT,41.37,-73.48,,,,False
5127,Gene L. Shirk Stadium,40.335345,-75.9279495,False,0,0,KRDG,6.11,READING,PA,40.38,-75.97,,,,False
5127,Gene L. Shirk Stadium,40.335345,-75.9279495,False,0,1,KPTW,32.96,POTTSTOWN LIMERICK A,PA,40.24,-75.56,,,,False
5127,Gene L. Shirk Stadium,40.335345,-75.9279495,False,0,2,KLNS,39.64,LANCASTER,PA,40.12,-76.3,,,,False
5133,Ram Stadium (WV),39.4300996,-77.804161,False,0,0,KMRB,14.63,MARTINSBURG,WV,39.4,-77.97,,,,False
5133,Ram Stadium (WV),39.4300996,-77.804161,False,0,1,KHGR,30.87,HAGERSTOWN,MD,39.7,-77.72,,,,False
5133,Ram Stadium (WV),39.4300996,-77.804161,False,0,2,KFDK,37.31,FREDERICK MUNI AIRPO,MD,39.42,-77.37,,,,False
5220,Garrison Stadium,36.434053,-77.098431,False,0,0,KASJ,16.23,AHOSKIE_TRI_COU,NC,36.3,-77.17,,,,False
5220,Garrison Stadium,36.434053,-77.098431,False,0,1,KFKN,34.48,FRANKLIN/J_B_ROSE,VA,36.7,-76.9,,,,False
5237,Dana J. Dykhouse Stadium,44.3210182,-96.7801386,False,0,0,KBKX,2.82,BROOKINGS,SD,44.3,-96.8,KBKX0,KBKX,3.44,True
5238,Panther Stadium,30.0937874,-95.9960913,False,0,0,K11R,38.59,BRENHAM,TX,30.22,-96.37,K11R0,K11R,38.97,True
5263,Steele Stadium,37.742297,-87.119976,False,0,0,KOWB,4.41,OWENSBORO,KY,37.74,-87.17,,,,False
5388,Canvas Stadium,40.570015,-105.088435,False,49,0,KFNL,14.55,FT COLLINS/L AWOS,CO,40.45,-105.02,KFNL0,KFNL,14.67,True
5389,Kessler Stadium,40.278953,-74.009451,False,0,0,KBLM,15.03,BELMAR-FARMDALE,NJ,40.18,-74.13,KBLM0,KBLM,14.16,True
5400,William B. Greene Jr. Stadium,36.299084,-82.374117,False,0,0,KTRI,20.25,BRISTOL      ASOS,TN,36.48,-82.4,72335,KTRI,19.81,True
5440,Wildcat Stadium (TX),32.472275,-99.710464,False,0,0,KABI,6.48,ABILENE        ASOS,TX,32.42,-99.68,72266,KABI,6.68,True
5440,Wildcat Stadium (TX),32.472275,-99.710464,False,0,1,KDYS,13.91,DYESS AFB,TX,32.43,-99.85,72266,KABI,6.68,False
5637,Vendetti Field,42.0572744,-71.9396898,False,0,0,KORH,24.34,WORCESTER    ASOS,MA,42.27,-71.87,,,,False
5637,Vendetti Field,42.0572744,-71.9396898,False,0,1,KSFZ,39.42,N CENTRAL STATE ARPT,RI,41.92,-71.5,,,,False
5637,Vendetti Field,42.0572744,-71.9396898,False,0,2,KIJD,39.53,WILLIMANTIC  ASOS,CT,41.75,-72.18,,,,False
5638,Dave Wolk Stadium,43.6111275,-73.1807089,False,0,0,KRUT,20.66,RUTLAND  (AWOS),VT,43.53,-72.95,,,,False
5689,Seaverns Field At Harold Alfond Stadium,44.5520105,-69.6317121,False,0,0,KWVL,3.9,WATERVILLE (AWOS),ME,44.53,-69.67,,,,False
5689,Seaverns Field At Harold Alfond Stadium,44.5520105,-69.6317121,False,0,1,KAUG,29.05,AUGUSTA,ME,44.32,-69.8,,,,False
5780,Altra Federal Credit Union Stadium,43.9582272,-91.7807784,False,0,0,KONA,15.0,WINONA_MUNI_(AWOS),MN,44.08,-91.7,,,,False
5781,Irwin Belk Stadium,34.9843176,-80.4492319,False,0,0,KEQY,16.05,MONROE AIRPORT,NC,35.02,-80.62,,,,False
5782,Mountaineer Bowl,38.6476702,-107.0603126,False,0,0,KGUC,16.33,GUNNISON  (AWOS),CO,38.55,-106.92,,,,False
5783,McArthur Field,44.8486414,-123.2290777,False,0,0,KSLE,19.72,SALEM        ASOS,OR,44.92,-123.0,,,,False
5783,McArthur Field,44.8486414,-123.2290777,False,0,1,KCVO,38.98,CORVALLIS (AWOS),OR,44.5,-123.28,,,,False
5783,McArthur Field,44.8486414,-123.2290777,False,0,2,KMMV,39.84,MCMINNVILLE,OR,45.2,-123.13,,,,False
5784,Cebe Ross Field,38.9939426,-80.2322698,False,0,0,KW22,3.33,BUCKHANNON/UPSHUR CO,WV,39.0,-80.27,,,,False
5784,Cebe Ross Field,38.9939426,-80.2322698,False,0,1,KCKB,31.81,CLARKSBURG (AMOS),WV,39.28,-80.23,,,,False
5784,Cebe Ross Field,38.9939426,-80.2322698,False,0,2,KEKN,35.41,ELKINS         ASOS,WV,38.88,-79.85,,,,False
5785,Dickerson Stadium,38.3836097,-81.7654665,False,0,0,KCRW,14.5,CHARLESTON   ASOS,WV,38.37,-81.6,,,,False
5786,Sprankle-Sprandel Stadium,42.243097,-84.7530304,False,0,0,KRMY,17.05,MARSHALL,MI,42.25,-84.96,,,,False
5786,Sprankle-Sprandel Stadium,42.243097,-84.7530304,False,0,1,KJXN,23.48,JACKSON,MI,42.27,-84.47,,,,False
5786,Sprankle-Sprandel Stadium,42.243097,-84.7530304,False,0,2,KFPK,36.65,FITCH BEACH AIRPORT,MI,42.57,-84.81,,,,False
5787,Docking Stadium,41.8975152,-84.0373054,False,0,0,KADG,4.67,ADRIAN,MI,41.87,-84.08,,,,False
5787,Docking Stadium,41.8975152,-84.0373054,False,0,1,KDUH,35.84,TOLEDO SUBURBAN ARPT,MI,41.74,-83.66,,,,False
5787,Docking Stadium,41.8975152,-84.0373054,False,0,2,KTOL,38.5,TOLEDO,OH,41.6,-83.8,,,,False
5788,Merrill Field at Yunevich Stadium,42.2542334,-77.7906062,False,0,0,KELZ,22.38,WELLSVILLE MUNICIPAL,NY,42.11,-77.98,,,,False
5788,Merrill Field at Yunevich Stadium,42.2542334,-77.7906062,False,0,1,KDSV,35.73,DANSVILLE,NY,42.57,-77.71,,,,False
5789,Frank B. Fuhrer Field,41.641445,-80.151449,False,0,0,KGKJ,5.03,MEADVILLE-PORT_MEADV,PA,41.63,-80.21,,,,False
5789,Frank B. Fuhrer Field,41.641445,-80.151449,False,0,1,KFKL,37.34,FRANKLIN,PA,41.38,-79.87,,,,False
5790,Bahlke Field,43.37892,-84.659727,False,0,0,KAMN,6.99,ALMA,MI,43.32,-84.69,,,,False
5790,Bahlke Field,43.37892,-84.659727,False,0,1,KMOP,27.58,MOUNT PLEASANT MUNI,MI,43.62,-84.74,,,,False
5791,Turf Field,40.335345,-75.9279495,False,0,0,KRDG,6.11,READING,PA,40.38,-75.97,,,,False
5791,Turf Field,40.335345,-75.9279495,False,0,1,KPTW,32.96,POTTSTOWN LIMERICK A,PA,40.24,-75.56,,,,False
5791,Turf Field,40.335345,-75.9279495,False,0,2,KLNS,39.64,LANCASTER,PA,40.12,-76.3,,,,False
5792,Pratt Field at Lehrman Stadium,42.3685658,-72.505714,False,0,0,KCEF,18.85,CHICOPEE FALLS,MA,42.2,-72.53,,,,False
5792,Pratt Field at Lehrman Stadium,42.3685658,-72.505714,False,0,1,KBAF,28.26,WESTFIELD,MA,42.17,-72.72,,,,False
5792,Pratt Field at Lehrman Stadium,42.3685658,-72.505714,False,0,2,KORE,29.06,ORANGE       ASOS,MA,42.57,-72.28,,,,False
5793,Macholtz Stadium,40.1053196,-85.6802541,False,0,0,KAID,5.38,ANDERSON,IN,40.12,-85.62,,,,False
5793,Macholtz Stadium,40.1053196,-85.6802541,False,0,1,KMIE,29.04,MUNCIE,IN,40.23,-85.38,,,,False
5794,Caparso Field,42.3122967,-71.934172,False,0,0,KORH,7.07,WORCESTER    ASOS,MA,42.27,-71.87,,,,False
5794,Caparso Field,42.3122967,-71.934172,False,0,1,KFIT,30.05,FITCHBURG,MA,42.55,-71.76,,,,False
5795,Edor Nelson Field,44.9772995,-93.2654692,False,0,0,KMSP,11.4,MINNEAPOLIS,MN,44.88,-93.22,,,,False
5795,Edor Nelson Field,44.9772995,-93.2654692,False,0,1,KMIC,12.26,MINNEAPOLIS CRYS.,MN,45.07,-93.35,,,,False
5795,Edor Nelson Field,44.9772995,-93.2654692,False,0,2,KSTP,16.26,ST PAUL,MN,44.93,-93.07,,,,False
5796,Charles D. Lindberg Stadium,41.4411786,-90.5766144,False,0,0,KMLI,4.82,MOLINE       ASOS,IL,41.45,-90.52,,,,False
5796,Charles D. Lindberg Stadium,41.4411786,-90.5766144,False,0,1,KDVN,19.89,DAVENPORT      ASOS,IA,41.62,-90.58,,,,False
5797,Vago Field,41.7571701,-88.3147539,False,0,0,KARR,12.95,AURORA,IL,41.77,-88.47,,,,False
5797,Vago Field,41.7571701,-88.3147539,False,0,1,KDPA,18.88,WEST CHICAGO,IL,41.92,-88.25,,,,False
5797,Vago Field,41.7571701,-88.3147539,False,0,2,KLOT,26.18,ROMEOVILLE  WFO,IL,41.6,-88.08,,,,False
5799,Daly Field at Frank R. Campbell Stadium,36.5859718,-79.3950228,False,0,0,KDAN,5.22,DANVILLE,VA,36.57,-79.34,,,,False
5800,Jopson Athletic Complex,38.3820655,-78.9766975,False,0,0,KSHD,16.66,STAUNTON,VA,38.27,-78.85,,,,False
5801,George Finnie Stadium,41.3661614,-81.8543026,False,0,0,KCLE,3.78,CLEVELAND,OH,41.4,-81.85,,,,False
5801,George Finnie Stadium,41.3661614,-81.8543026,False,0,1,KBKL,22.44,BURKE LAKEFRNT AP,OH,41.52,-81.68,,,,False
5801,George Finnie Stadium,41.3661614,-81.8543026,False,0,2,KLPR,27.24,LORAIN/ELYRIA,OH,41.35,-82.18,,,,False
5802,Belhaven Bowl Stadium,32.2990021,-90.1847691,False,0,0,KHKS,6.23,JACKSON,MS,32.34,-90.23,,,,False
5802,Belhaven Bowl Stadium,32.2990021,-90.1847691,False,0,1,KJAN,10.12,JACKSON      ASOS,MS,32.32,-90.08,,,,False
5803,Bison Stadium,40.205627,-80.5567384,False,0,0,KHLG,8.42,WHEELING,WV,40.18,-80.65,,,,False
5803,Bison Stadium,40.205627,-80.5567384,False,0,1,KAFJ,24.97,WASHINGTON (AWOS),PA,40.13,-80.28,,,,False
5804,Royal Stadium,45.0761409,-93.1666945,False,0,0,KANE,9.22,ANOKA COUNTY ARPT,MN,45.15,-93.22,,,,False
5804,Royal Stadium,45.0761409,-93.1666945,False,0,1,KMIC,14.41,MINNEAPOLIS CRYS.,MN,45.07,-93.35,,,,False
5804,Royal Stadium,45.0761409,-93.1666945,False,0,2,KSTP,17.94,ST PAUL,MN,44.93,-93.07,,,,False
5805,Alumni Field (OH),40.8934459,-83.8917849,False,0,0,KAOH,23.08,LIMA,OH,40.71,-84.02,,,,False
5805,Alumni Field (OH),40.8934459,-83.8917849,False,0,1,KFDY,23.34,FINDLAY,OH,41.02,-83.67,,,,False
5806,Whittier Field,43.9145244,-69.9653278,False,0,0,KNHZ,3.4,BRUNSWICK NAS,ME,43.89,-69.94,,,,False
5806,Whittier Field,43.9145244,-69.9653278,False,0,1,KIWI,20.59,WISCASSET      ASOS,ME,43.97,-69.72,,,,False
5806,Whittier Field,43.9145244,-69.9653278,False,0,2,KLEW,29.34,AUBURN/LWSTN AWOS,ME,44.05,-70.28,,,,False
5807,Brevard Memorial Stadium,35.2334472,-82.7342919,False,0,0,KAVL,27.52,ASHEVILLE      ASOS,NC,35.43,-82.55,,,,False
5808,Edward C. Swenson Athletic Complex,41.9903787,-70.9750426,False,0,0,KTAN,12.82,TAUNTON,MA,41.88,-71.02,,,,False
5808,Edward C. Swenson Athletic Complex,41.9903787,-70.9750426,False,0,1,KPYM,21.72,PLYMOUTH     ASOS,MA,41.92,-70.73,,,,False
5808,Edward C. Swenson Athletic Complex,41.9903787,-70.9750426,False,0,2,KOWD,27.41,NORWOOD,MA,42.19,-71.17,,,,False
5809,J. Leslie Rollins Stadium,42.6452817,-95.1992726,False,0,0,KSLB,5.63,STORM_LAKE,IA,42.6,-95.23,,,,False
5810,Coyer Field,42.8867166,-78.8783922,False,0,0,KBUF,13.01,BUFFALO,NY,42.93,-78.73,,,,False
5810,Coyer Field,42.8867166,-78.8783922,False,0,1,KIAG,25.33,NIAGARA FALLS,NY,43.11,-78.94,,,,False
5811,William Rolland Stadium,34.1705609,-118.8375937,False,0,0,KCMA,23.63,CAMARILLO   AWOS,CA,34.21,-119.09,,,,False
5811,William Rolland Stadium,34.1705609,-118.8375937,False,0,1,KNTD,26.59,POINT MUGU NAS,CA,34.12,-119.12,,,,False
5811,William Rolland Stadium,34.1705609,-118.8375937,False,0,2,K3A6,33.11,NEWHALL,CA,34.37,-118.57,,,,False
5812,Bernlohr Stadium,39.9692378,-82.936864,False,0,0,KCMH,5.93,COLUMBUS,OH,40.0,-82.88,,,,False
5812,Bernlohr Stadium,39.9692378,-82.936864,False,0,1,KLCK,16.6,RICKENBACKER AFB,OH,39.82,-82.93,,,,False
5812,Bernlohr Stadium,39.9692378,-82.936864,False,0,2,KOSU,16.74,OHIO STATE UNIV.,OH,40.08,-83.07,,,,False
5813,Klein Field at Manitou,44.4582041,-93.161159,False,0,0,KSYN,11.46,STANTON AIRFIELD,MN,44.48,-93.02,,,,False
5813,Klein Field at Manitou,44.4582041,-93.161159,False,0,1,KFBL,19.04,FARIBAULT/MUNI,MN,44.33,-93.32,,,,False
5813,Klein Field at Manitou,44.4582041,-93.161159,False,0,2,KLVN,19.87,AIRLAKE,MN,44.63,-93.23,,,,False
5814,Gesling Stadium,40.4416941,-79.9900861,False,0,0,KAGC,11.4,ALLEGHENY CO.ARPT,PA,40.35,-79.93,,,,False
5814,Gesling Stadium,40.4416941,-79.9900861,False,0,1,KPIT,20.5,PITTSBURGH,PA,40.5,-80.22,,,,False
5814,Gesling Stadium,40.4416941,-79.9900861,False,0,2,KBTP,37.77,BUTLER_CO._(AWOS),PA,40.78,-79.95,,,,False
5815,Schneider Stadium,43.0053145,-88.24736430153254,False,0,0,KUES,3.09,WAUKESHA,WI,43.03,-88.23,,,,False
5815,Schneider Stadium,43.0053145,-88.24736430153254,False,0,1,KMKE,28.92,MILWAUKEE    ASOS,WI,42.95,-87.9,,,,False
5815,Schneider Stadium,43.0053145,-88.24736430153254,False,0,2,KBUU,35.32,BURLINGTON MUNI ARPT,WI,42.69,-88.3,,,,False
5816,Art Keller Field,42.5846773,-87.8212263,False,0,0,KENW,9.87,KENOSHA,WI,42.6,-87.94,,,,False
5816,Art Keller Field,42.5846773,-87.8212263,False,0,1,KUGN,18.74,WAUKEGAN  AWOSIII,IL,42.42,-87.87,,,,False
5816,Art Keller Field,42.5846773,-87.8212263,False,0,2,KRAC,19.5,RACINE,WI,42.76,-87.82,,,,False
5817,Ron and Joyce Schipper Stadium,41.4073138,-92.9174074,False,0,0,KPEA,2.84,PELLA MUNI AP,IA,41.4,-92.95,,,,False
5817,Ron and Joyce Schipper Stadium,41.4073138,-92.9174074,False,0,1,KOXV,20.7,KNOXVILLE,IA,41.3,-93.12,,,,False
5817,Ron and Joyce Schipper Stadium,41.4073138,-92.9174074,False,0,2,KTNU,31.5,NEWTON_MUNI,IA,41.68,-93.02,,,,False
5819,Ernie Chapman Stadium,33.7500378,-117.8704931,False,0,0,KSNA,8.94,SANTA ANA,CA,33.67,-117.88,,,,False
5819,Ernie Chapman Stadium,33.7500378,-117.8704931,False,0,1,KFUL,16.2,FULLERTON,CA,33.87,-117.97,,,,False
5819,Ernie Chapman Stadium,33.7500378,-117.8704931,False,0,2,KLGB,26.98,LONG BEACH,CA,33.82,-118.15,,,,False
5820,Amos Alonzo Stagg Field,41.8755616,-87.6244212,False,0,0,KMDW,14.87,CHICAGO-MDWAYAMOS,IL,41.78,-87.75,,,,False
5820,Amos Alonzo Stagg Field,41.8755616,-87.6244212,False,0,1,KORD,25.59,CHICAGO-OHARE,IL,41.98,-87.9,,,,False
5820,Amos Alonzo Stagg Field,41.8755616,-87.6244212,False,0,2,KGYY,33.09,GARY,IN,41.62,-87.42,,,,False
5821,Fritz B. Burns Stadium,34.0966764,-117.7197785,False,0,0,KONT,10.55,ONTARIO,CA,34.05,-117.62,,,,False
5821,Fritz B. Burns Stadium,34.0966764,-117.7197785,False,0,1,KCNO,16.34,CHINO,CA,33.97,-117.63,,,,False
5821,Fritz B. Burns Stadium,34.0966764,-117.7197785,False,0,2,KRAL,29.73,RIVERSIDE,CA,33.95,-117.45,,,,False
5822,Cadet Memorial Field,41.3556187,-72.0997804,False,0,0,KGON,5.75,GROTON,CT,41.33,-72.04,,,,False
5822,Cadet Memorial Field,41.3556187,-72.0997804,False,0,1,KWST,25.03,WESTERLY STATE AIRPO,RI,41.35,-71.8,,,,False
5822,Cadet Memorial Field,41.3556187,-72.0997804,False,0,2,KMTP,35.14,MONTAUK_AIRPORT,NY,41.07,-71.92,,,,False
5823,Clark Field,41.9758872,-91.6704053,False,0,0,KCID,10.94,CEDAR RAPIDS,IA,41.88,-91.7,,,,False
5823,Clark Field,41.9758872,-91.6704053,False,0,1,KIOW,39.73,IOWA CITY    ASOS,IA,41.63,-91.55,,,,False
5824,Lions Stadium,40.2688105,-74.8006895,False,0,0,KTTN,2.06,TRENTON,NJ,40.28,-74.82,,,,False
5824,Lions Stadium,40.2688105,-74.8006895,False,0,1,KDYL,27.92,DOYLESTOWN,PA,40.33,-75.12,,,,False
5824,Lions Stadium,40.2688105,-74.8006895,False,0,2,KPNE,28.07,N.PHILADELPHIA,PA,40.08,-75.02,,,,False
5825,Jake Christiansen Stadium,46.8739081,-96.7538674,False,0,0,KFAR,4.55,FARGO,ND,46.9,-96.8,,,,False
5825,Jake Christiansen Stadium,46.8739081,-96.7538674,False,0,1,KJKJ,8.07,MOORHEAD,MN,46.84,-96.66,,,,False
5826,Concordia Stadium,41.8978091,-87.8139483,False,0,0,KORD,11.58,CHICAGO-OHARE,IL,41.98,-87.9,,,,False
5826,Concordia Stadium,41.8978091,-87.8139483,False,0,1,KMDW,14.13,CHICAGO-MDWAYAMOS,IL,41.78,-87.75,,,,False
5826,Concordia Stadium,41.8978091,-87.8139483,False,0,2,KPWK,23.58,CHICAGO/WHEELING,IL,42.1,-87.9,,,,False
5827,Tomasini Stadium,43.2219088,-87.9822969,False,0,0,KETB,25.06,WEST_BEND,WI,43.42,-88.13,,,,False
5827,Tomasini Stadium,43.2219088,-87.9822969,False,0,1,KUES,29.32,WAUKESHA,WI,43.03,-88.23,,,,False
5827,Tomasini Stadium,43.2219088,-87.9822969,False,0,2,KMKE,30.96,MILWAUKEE    ASOS,WI,42.95,-87.9,,,,False
5828,Van Metre Field at Ash Park,41.9222443,-91.4171209,False,0,0,KCID,23.88,CEDAR RAPIDS,IA,41.88,-91.7,,,,False
5828,Van Metre Field at Ash Park,41.9222443,-91.4171209,False,0,1,KIOW,34.31,IOWA CITY    ASOS,IA,41.63,-91.55,,,,False
5828,Van Metre Field at Ash Park,41.9222443,-91.4171209,False,0,2,KMXO,39.84,MONTICELLO_MUNI,IA,42.23,-91.17,,,,False
5830,Walter M. Katz Field,42.2501425,-71.065573,False,0,0,KMQE,5.6,MILTON_(ASOS),MA,42.22,-71.12,,,,False
5830,Walter M. Katz Field,42.2501425,-71.065573,False,0,1,KOWD,10.89,NORWOOD,MA,42.19,-71.17,,,,False
5830,Walter M. Katz Field,42.2501425,-71.065573,False,0,2,KBOS,13.64,BOSTON,MA,42.37,-71.03,,,,False
5831,Dale Lippert Field,34.440962,-87.8339064,False,0,0,KMSL,39.55,MUSCLE SHOALS,AL,34.75,-87.62,,,,False
5832,Justin F. Coressel Stadium,41.2844933,-84.3557802,False,0,0,KDFI,8.75,DEFIANCE_MEMORIAL_AI,OH,41.34,-84.43,,,,False
5833,Robert A. Lipinski Field at James Work Memorial Stadium,40.30815835,-75.2164370939226,False,0,0,KDYL,8.53,DOYLESTOWN,PA,40.33,-75.12,,,,False
5833,Robert A. Lipinski Field at James Work Memorial Stadium,40.30815835,-75.2164370939226,False,0,1,KNXX,13.28,WILLOW GROVE NAS,PA,40.2,-75.15,,,,False
5833,Robert A. Lipinski Field at James Work Memorial Stadium,40.30815835,-75.2164370939226,False,0,2,KLOM,19.06,PHILADELPHIA/WINGS,PA,40.14,-75.26,,,,False
5834,Deeds Field-Piper Stadium,40.0681192,-82.5196037,False,0,0,KVTA,7.37,NEWARK,OH,40.02,-82.46,,,,False
5834,Deeds Field-Piper Stadium,40.0681192,-82.5196037,False,0,1,KCMH,31.6,COLUMBUS,OH,40.0,-82.88,,,,False
5834,Deeds Field-Piper Stadium,40.0681192,-82.5196037,False,0,2,KLHQ,37.63,LANCASTER      ASOS,OH,39.75,-82.67,,,,False
5835,Biddle Field,40.201499,-77.1890783,False,0,0,KCXY,28.02,HARRISBURG,PA,40.22,-76.86,,,,False
5835,Biddle Field,40.201499,-77.1890783,False,0,1,KMDT,35.59,MIDDLETWN/HARRISB,PA,40.2,-76.77,,,,False
5836,Chalmers Field,42.5006243,-90.6647985,False,0,0,KDBQ,11.56,DUBUQUE      ASOS,IA,42.4,-90.7,,,,False
5838,Ornelas Stadium,32.5447756,-94.3661004,False,0,0,KGGG,37.92,LONGVIEW,TX,32.38,-94.72,,,,False
5839,Langhorst Field,41.8994745,-87.9403418,False,0,0,KORD,9.56,CHICAGO-OHARE,IL,41.98,-87.9,,,,False
5839,Langhorst Field,41.8994745,-87.9403418,False,0,1,KMDW,20.62,CHICAGO-MDWAYAMOS,IL,41.78,-87.75,,,,False
5839,Langhorst Field,41.8994745,-87.9403418,False,0,2,KPWK,22.55,CHICAGO/WHEELING,IL,42.1,-87.9,,,,False
5840,Fred Selfe Stadium at Nicewonder Field,37.3065238,-80.0267067,False,0,0,KROA,5.23,ROANOKE,VA,37.32,-79.97,,,,False
5840,Fred Selfe Stadium at Nicewonder Field,37.3065238,-80.0267067,False,0,1,KBCB,36.11,VIRGINIA_TECH_ARPT,VA,37.22,-80.42,,,,False
5841,Pete FioRito Stadium at McKinzie Field,40.7213015,-89.2726708,False,0,0,KC75,34.42,LACON/MARSHALL CNTY,IL,41.02,-89.38,,,,False
5841,Pete FioRito Stadium at McKinzie Field,40.7213015,-89.2726708,False,0,1,KPIA,34.81,PEORIA       ASOS,IL,40.67,-89.68,,,,False
5841,Pete FioRito Stadium at McKinzie Field,40.7213015,-89.2726708,False,0,2,KBMI,39.46,BLOOMINGTON,IL,40.48,-88.93,,,,False
5842,Robert T. Shields Field,40.7598227,-74.417097,False,0,0,KMMU,4.47,MORRISTOWN,NJ,40.8,-74.42,,,,False
5842,Robert T. Shields Field,40.7598227,-74.417097,False,0,1,KCDW,16.83,CALDWELL,NJ,40.87,-74.28,,,,False
5842,Robert T. Shields Field,40.7598227,-74.417097,False,0,2,KEWR,21.86,NEWARK,NJ,40.7,-74.17,,,,False
5843,W.B. Adams Stadium,36.937856999999994,-80.01424992208018,False,0,0,KMTV,34.24,MARTINSVILLE,VA,36.63,-80.02,,,,False
5845,Elliot Field Athletic Complex,42.5903661,-71.8119837,False,0,0,KFIT,6.19,FITCHBURG,MA,42.55,-71.76,,,,False
5845,Elliot Field Athletic Complex,42.5903661,-71.8119837,False,0,1,KAFN,27.92,JAFFREY        ASOS,NH,42.8,-72.0,,,,False
5845,Elliot Field Athletic Complex,42.5903661,-71.8119837,False,0,2,KASH,32.46,NASHUA/BOIRE FLD,NH,42.78,-71.51,,,,False
5848,Hotchkiss Field,38.8950368,-77.0365427,False,0,0,KDCA,5.04,WASHINGTON,DC,38.85,-77.03,,,,False
5848,Hotchkiss Field,38.8950368,-77.0365427,False,0,1,KCGS,13.82,COLLEGE PARK AIRPORT,MD,38.98,-76.92,,,,False
5848,Hotchkiss Field,38.8950368,-77.0365427,False,0,2,KADW,16.66,ANDREWS AFB,MD,38.82,-76.87,,,,False
5849,Reeves Field (PA),40.7520097,-80.3192295,False,0,0,KBVI,7.09,BEAVER FALLS,PA,40.77,-80.4,,,,False
5849,Reeves Field (PA),40.7520097,-80.3192295,False,0,1,KPIT,29.25,PITTSBURGH,PA,40.5,-80.22,,,,False
5849,Reeves Field (PA),40.7520097,-80.3192295,False,0,2,KBTP,31.25,BUTLER_CO._(AWOS),PA,40.78,-79.95,,,,False
5850,Stoffer Family Stadium,45.300347,-122.972751,False,0,0,KMMV,16.61,MCMINNVILLE,OR,45.2,-123.13,,,,False
5850,Stoffer Family Stadium,45.300347,-122.972751,False,0,1,KUAO,16.82,AURORA STATE,OR,45.25,-122.77,,,,False
5850,Stoffer Family Stadium,45.300347,-122.972751,False,0,2,KHIO,27.82,HILLSBORO/PORTLAND,OR,45.55,-122.95,,,,False
5851,Shirk Field at Musselman Stadium,39.8308973,-77.231012,False,0,0,KDMW,30.99,CARROLL CNTY RGNL AR,MD,39.61,-77.01,,,,False
5851,Shirk Field at Musselman Stadium,39.8308973,-77.231012,False,0,1,KTHV,31.55,YORK,PA,39.92,-76.88,,,,False
5852,Jamieson Stadium,36.0726355,-79.7919754,False,0,0,KGSO,14.23,GREENSBORO   ASOS,NC,36.08,-79.95,,,,False
5852,Jamieson Stadium,36.0726355,-79.7919754,False,0,1,KBUY,29.33,BURLINGTON/ALAMANCE_,NC,36.03,-79.47,,,,False
5852,Jamieson Stadium,36.0726355,-79.7919754,False,0,2,KINT,39.87,WINSTON-SALEM,NC,36.13,-80.23,,,,False
5853,Francis Field (IL),38.8922687,-89.4131356,False,0,0,K3LF,37.13,LITCHFIELD_MUNI_ARPT,IL,39.16,-89.67,,,,False
5855,Charles A. Henry Field,41.312555,-81.14371,False,0,0,KYNG,39.86,YOUNGSTOWN   ASOS,OH,41.27,-80.67,,,,False
5856,Boswell Field at David J. Urick Stadium,42.8690271,-76.9786122,False,0,0,KPEO,26.13,PENN YAN,NY,42.64,-77.05,,,,False
5857,Gordon Wood Stadium,31.7070026,-98.9831022,False,0,0,KBWD,9.48,BROWNWOOD RGNL AP,TX,31.79,-98.96,,,,False
5858,England Stadium,39.7343037,-90.2288356,False,0,0,KIJX,4.08,JACKSONVILLE MUNI AP,IL,39.77,-90.24,,,,False
5859,Tucci Stadium,40.4797828,-88.9939147,False,0,0,KBMI,5.41,BLOOMINGTON,IL,40.48,-88.93,,,,False
5861,Rosenbloom Field,41.7430237,-92.7239637,False,0,0,KTNU,25.55,NEWTON_MUNI,IA,41.68,-93.02,,,,False
5862,Butterfield Stadium,42.4396039,-76.4968019,False,0,0,KITH,5.0,ITHACA,NY,42.48,-76.47,,,,False
5863,Don Shula Stadium at Wasmer Field,41.497831,-81.537346,False,0,0,KCGF,9.34,CUYAHOGA CO APRT,OH,41.57,-81.48,,,,False
5863,Don Shula Stadium at Wasmer Field,41.497831,-81.537346,False,0,1,KBKL,12.13,BURKE LAKEFRNT AP,OH,41.52,-81.68,,,,False
5863,Don Shula Stadium at Wasmer Field,41.497831,-81.537346,False,0,2,KCLE,28.24,CLEVELAND,OH,41.4,-81.85,,,,False
5864,Robert E. Thorn Field,41.1579008,-80.0886631,False,0,0,KFKL,30.72,FRANKLIN,PA,41.38,-79.87,,,,False
5866,Rex Stadium,37.5780995,-105.7890452,False,0,0,KALS,15.93,ALAMOSA        ASOS,CO,37.45,-105.87,,,,False
5867,Albany State University Coliseum,31.5782062,-84.1556809,False,0,0,KABY,5.35,ALBANY,GA,31.54,-84.19,,,,False
5868,Ronald J. Abdow Field,42.1018764,-72.5886727,False,0,0,KCEF,11.93,CHICOPEE FALLS,MA,42.2,-72.53,,,,False
5868,Ronald J. Abdow Field,42.1018764,-72.5886727,False,0,1,KBAF,13.22,WESTFIELD,MA,42.17,-72.72,,,,False
5868,Ronald J. Abdow Field,42.1018764,-72.5886727,False,0,2,KBDL,20.55,HARTFORD       ASOS,CT,41.93,-72.68,,,,False
5869,LeGrand Stadium at 1st Community Credit Union Field,31.4649685,-100.4405094,False,0,0,KSJT,11.97,SAN ANGELO,TX,31.37,-100.5,,,,False
5870,Thone Stadium at Buerkle Field,35.2784173,-93.1337856,False,0,0,KRUE,4.4,RUSSELLVILLE_(ASOS),AR,35.25,-93.1,,,,False
5871,Convoy Leslie Cotton Boll Stadium,33.6293427,-91.7912327,False,0,0,KLLQ,3.82,MONTICELLO_(ASOS),AR,33.63,-91.75,,,,False
5872,Kirkeby-Over Stadium,43.5488256,-96.7307737,False,0,0,KFSD,2.36,SIOUX FALLS,SD,43.57,-96.73,,,,False
5873,Bulldogs Stadium,38.9424464,-76.7301718,False,0,0,KFME,16.61,FORT MEADE,MD,39.09,-76.76,,,,False
5873,Bulldogs Stadium,38.9424464,-76.7301718,False,0,1,KCGS,16.94,COLLEGE PARK AIRPORT,MD,38.98,-76.92,,,,False
5873,Bulldogs Stadium,38.9424464,-76.7301718,False,0,2,KADW,18.22,ANDREWS AFB,MD,38.82,-76.87,,,,False
5874,Chet Anderson Stadium,47.4785418,-94.8907869,False,0,0,KBJI,3.79,BEMIDJI,MN,47.5,-94.93,,,,False
5875,Charlie W. Johnson Stadium,34.0007493,-81.0343313,False,0,0,KCUB,5.33,COLUMBIA_OWENS_AIRPO,SC,33.97,-80.99,,,,False
5875,Charlie W. Johnson Stadium,34.0007493,-81.0343313,False,0,1,KCAE,9.71,COLUMBIA,SC,33.95,-81.12,,,,False
5875,Charlie W. Johnson Stadium,34.0007493,-81.0343313,False,0,2,KMMT,23.4,MCENTIRE ANGB AP,SC,33.92,-80.8,,,,False
5876,Bentley University Football Stadium,42.3756401,-71.2358004,False,0,0,KBED,11.1,BEDFORD,MA,42.47,-71.28,,,,False
5876,Bentley University Football Stadium,42.3756401,-71.2358004,False,0,1,KBOS,16.92,BOSTON,MA,42.37,-71.03,,,,False
5876,Bentley University Football Stadium,42.3756401,-71.2358004,False,0,2,KMQE,19.75,MILTON_(ASOS),MA,42.22,-71.12,,,,False
5878,Wantland Stadium,35.6571367,-97.4649038,False,0,0,KPWA,20.56,OKLAHOMA CITY,OK,35.53,-97.63,,,,False
5878,Wantland Stadium,35.6571367,-97.4649038,False,0,1,KGOK,21.82,GUTHRIE MUNICIPAL AI,OK,35.85,-97.42,,,,False
5878,Wantland Stadium,35.6571367,-97.4649038,False,0,2,KTIK,27.46,TINKER AFB,OK,35.42,-97.38,,,,False
5879,Tomlinson Stadium,46.9970635,-120.545122,False,0,0,KELN,1.93,ELLENSBURG/BOWERS,WA,47.0,-120.52,,,,False
5880,Elliott Field at Don Beebe Stadium,42.8309807,-103.0003729,False,0,0,KCDR,8.19,CHADRON,NE,42.84,-103.1,,,,False
5881,CAU Panther Stadium,33.7489924,-84.3902644,False,0,0,KATL,11.61,ATLANTA      ASOS,GA,33.65,-84.43,,,,False
5881,CAU Panther Stadium,33.7489924,-84.3902644,False,0,1,KFTY,12.48,FULTON CO.APRT,GA,33.78,-84.52,,,,False
5881,CAU Panther Stadium,33.7489924,-84.3902644,False,0,2,KPDK,16.79,DEKALB-PCHTREE AP,GA,33.88,-84.3,,,,False
5882,Ralph Stocker Stadium,39.063956,-108.5507317,False,0,0,KGJT,6.48,GRAND JUNCTION,CO,39.12,-108.53,,,,False
5883,Marv Kay Stadium at Campbell Field,39.7546349,-105.2205809,False,0,0,KBJC,18.3,BROOMFIELD,CO,39.9,-105.12,,,,False
5883,Marv Kay Stadium at Campbell Field,39.7546349,-105.2205809,False,0,1,KAPA,38.4,ENGLEWOOD/DENVER,CO,39.56,-104.85,,,,False
5884,Buffalo Stadium,34.9799429,-101.919197,False,0,0,KAMA,34.22,AMARILLO       ASOS,TX,35.23,-101.7,,,,False
5886,West Family Stadium,40.0639616,-80.7209149,False,0,0,KHLG,14.24,WHEELING,WV,40.18,-80.65,,,,False
5886,West Family Stadium,40.0639616,-80.7209149,False,0,1,KAFJ,38.22,WASHINGTON (AWOS),PA,40.13,-80.28,,,,False
5887,I.L. & Sue Morris Stadium,38.9342573,-80.8376033,False,0,0,K48I,31.65,SUTTON/BRAXTON CO AP,WV,38.69,-80.65,,,,False
5890,Lewis Field Stadium,38.8791783,-99.3267702,False,0,0,KHYS,5.89,HAYS   (AWOS),KS,38.85,-99.27,,,,False
5892,Armfield Athletic Center,36.0726355,-79.7919754,False,0,0,KGSO,14.23,GREENSBORO   ASOS,NC,36.08,-79.95,,,,False
5892,Armfield Athletic Center,36.0726355,-79.7919754,False,0,1,KBUY,29.33,BURLINGTON/ALAMANCE_,NC,36.03,-79.47,,,,False
5892,Armfield Athletic Center,36.0726355,-79.7919754,False,0,2,KINT,39.87,WINSTON-SALEM,NC,36.13,-80.23,,,,False
5893,Hollingsworth Field,44.3238384,-93.9585295,False,0,0,KMKT,11.95,MANKATO,MN,44.22,-93.92,,,,False
5894,Steuben Field,44.7278943,-73.6686982,False,0,0,KPBG,17.94,PLATTSBURGH AFB,NY,44.65,-73.47,,,,False
5895,Klas Field,44.9497487,-93.0931028,False,0,0,KSTP,2.85,ST PAUL,MN,44.93,-93.07,,,,False
5895,Klas Field,44.9497487,-93.0931028,False,0,1,KSGS,11.96,SOUTH ST PAUL MUNI,MN,44.85,-93.15,,,,False
5895,Klas Field,44.9497487,-93.0931028,False,0,2,KMSP,12.65,MINNEAPOLIS,MN,44.88,-93.22,,,,False
5896,Lewis C. Everett Stadium,37.3024713,-78.3923813,False,0,0,KFVX,6.24,FARMVILLE,VA,37.35,-78.43,,,,False
5897,Francis Field (MO),38.6264256,-90.1995853,False,0,0,KCPS,7.61,CAHOKIA/ST. LOUIS,IL,38.57,-90.15,,,,False
5897,Francis Field (MO),38.6264256,-90.1995853,False,0,1,KSTL,20.83,ST. LOUIS,MO,38.75,-90.38,,,,False
5897,Francis Field (MO),38.6264256,-90.1995853,False,0,2,KALN,31.04,ALTON,IL,38.88,-90.05,,,,False
5898,John Coughlin Memorial Field,42.2625621,-71.8018877,False,0,0,KORH,5.67,WORCESTER    ASOS,MA,42.27,-71.87,,,,False
5898,John Coughlin Memorial Field,42.2625621,-71.8018877,False,0,1,KFIT,32.15,FITCHBURG,MA,42.55,-71.76,,,,False
5899,"Alumni Stadium (Worcester, MA)",42.2625621,-71.8018877,False,0,0,KORH,5.67,WORCESTER    ASOS,MA,42.27,-71.87,,,,False
5899,"Alumni Stadium (Worcester, MA)",42.2625621,-71.8018877,False,0,1,KFIT,32.15,FITCHBURG,MA,42.55,-71.76,,,,False
5900,Don and Nona Williams Stadium,44.8755183,-91.9193422,False,0,0,KLUM,4.21,MENOMONIE MUNI ARPT/,WI,44.89,-91.87,,,,False
5900,Don and Nona Williams Stadium,44.8755183,-91.9193422,False,0,1,KEAU,34.63,EAU CLAIRE,WI,44.87,-91.48,,,,False
5901,David Smith Stadium at Ramer Field,44.8595111,-92.6265897,False,0,0,KRGK,33.17,RED_WING,MN,44.58,-92.48,,,,False
5901,David Smith Stadium at Ramer Field,44.8595111,-92.6265897,False,0,1,KRNH,35.35,NEW RICHMOND,WI,45.17,-92.53,,,,False
5901,David Smith Stadium at Ramer Field,44.8595111,-92.6265897,False,0,2,KSTP,35.8,ST PAUL,MN,44.93,-93.07,,,,False
5902,Knox Stadium,40.4847959,-78.0102813,False,0,0,KAOO,33.32,ALTOONA,PA,40.3,-78.32,,,,False
5903,Community Stadium at Goerke Park,44.5229223,-89.574111,False,0,0,KSTE,4.61,STEVENS_POINT,WI,44.55,-89.53,,,,False
5903,Community Stadium at Goerke Park,44.5229223,-89.574111,False,0,1,KISW,26.49,WISCONSIN R.   ASOS,WI,44.37,-89.83,,,,False
5903,Community Stadium at Goerke Park,44.5229223,-89.574111,False,0,2,KCWA,29.57,MOSINEE,WI,44.78,-89.67,,,,False
5904,Angell Field,42.291707,-85.5872286,False,0,0,KAZO,7.51,KALAMAZOO,MI,42.23,-85.55,,,,False
5904,Angell Field,42.291707,-85.5872286,False,0,1,KBTL,29.4,BATTLE CREEK,MI,42.3,-85.23,,,,False
5905,Kean Alumni Stadium,40.6976019,-74.2632024,False,0,0,KEWR,7.86,NEWARK,NJ,40.7,-74.17,,,,False
5905,Kean Alumni Stadium,40.6976019,-74.2632024,False,0,1,KMMU,17.44,MORRISTOWN,NJ,40.8,-74.42,,,,False
5905,Kean Alumni Stadium,40.6976019,-74.2632024,False,0,2,KCDW,19.22,CALDWELL,NJ,40.87,-74.28,,,,False
5906,McBride Field,40.375643,-82.3970994,False,0,0,KVTA,39.9,NEWARK,OH,40.02,-82.46,,,,False
5907,McCarthy Stadium (Wilkes Barre),41.23369915,-75.85364178943517,False,0,0,KAVP,14.88,SCRANTON       ASOS,PA,41.33,-75.73,,,,False
5907,McCarthy Stadium (Wilkes Barre),41.23369915,-75.85364178943517,False,0,1,KMPO,39.37,POCONO MNTS MUNIL AP,PA,41.14,-75.4,,,,False
5908,Harley Knosher Bowl,40.9475652,-90.3712169,False,0,0,KGBG,5.31,GALESBURG,IL,40.93,-90.43,,,,False
5909,Ortmayer Stadium,34.1008426,-117.7678355,False,0,0,KONT,14.74,ONTARIO,CA,34.05,-117.62,,,,False
5909,Ortmayer Stadium,34.1008426,-117.7678355,False,0,1,KCNO,19.31,CHINO,CA,33.97,-117.63,,,,False
5909,Ortmayer Stadium,34.1008426,-117.7678355,False,0,2,KFUL,31.72,FULLERTON,CA,33.87,-117.97,,,,False
5910,Callaway Stadium,33.039291,-85.0313269,False,0,0,KLGC,4.2,LA GRANGE,GA,33.02,-85.07,,,,False
5910,Callaway Stadium,33.039291,-85.0313269,False,0,1,KCCO,38.7,NEWNAN_COWETA_ARPT,GA,33.31,-84.77,,,,False
5911,Ralph E. Davis Pioneer Stadium,42.7342942,-90.4784451,False,0,0,KMRJ,25.95,MINERAL POINT,WI,42.88,-90.23,,,,False
5913,Warrior Field at Raabe Stadium,43.0494122,-88.0079271,False,0,0,KMKE,14.11,MILWAUKEE    ASOS,WI,42.95,-87.9,,,,False
5913,Warrior Field at Raabe Stadium,43.0494122,-88.0079271,False,0,1,KUES,18.18,WAUKESHA,WI,43.03,-88.23,,,,False
5913,Warrior Field at Raabe Stadium,43.0494122,-88.0079271,False,0,2,KRAC,35.64,RACINE,WI,42.76,-87.82,,,,False
5914,Veterans Memorial Stadium (WI),43.8122836,-91.2514355,False,0,0,KLSE,7.53,LA CROSSE,WI,43.88,-91.25,,,,False
5915,Farwell Field,42.2586342,-87.840625,False,0,0,KUGN,18.1,WAUKEGAN  AWOSIII,IL,42.42,-87.87,,,,False
5915,Farwell Field,42.2586342,-87.840625,False,0,1,KPWK,18.31,CHICAGO/WHEELING,IL,42.1,-87.9,,,,False
5915,Farwell Field,42.2586342,-87.840625,False,0,2,KORD,31.37,CHICAGO-OHARE,IL,41.98,-87.9,,,,False
5916,Carson Park,44.811349,-91.4984941,False,0,0,KEAU,6.68,EAU CLAIRE,WI,44.87,-91.48,,,,False
5916,Carson Park,44.811349,-91.4984941,False,0,1,KLUM,30.56,MENOMONIE MUNI ARPT/,WI,44.89,-91.87,,,,False
5917,Ratliff Stadium,31.8457149,-102.367687,False,0,0,KODO,8.52,ODESSA,TX,31.92,-102.39,,,,False
5917,Ratliff Stadium,31.8457149,-102.367687,False,0,1,KMAF,21.18,MIDLAND,TX,31.95,-102.18,,,,False
5917,Ratliff Stadium,31.8457149,-102.367687,False,0,2,KMDD,33.24,MIDLAND_AIRPARK,TX,32.04,-102.1,,,,False
5918,Taylor Field,43.7486054,-87.977038,False,0,0,KSBM,10.78,SHEBOYGAN,WI,43.78,-87.85,,,,False
5918,Taylor Field,43.7486054,-87.977038,False,0,1,KETB,38.56,WEST_BEND,WI,43.42,-88.13,,,,False
5919,Ron Roberts Field at the Banta Bowl,44.2613967,-88.4069744,False,0,0,KATW,9.05,APPLETON,WI,44.27,-88.52,,,,False
5919,Ron Roberts Field at the Banta Bowl,44.2613967,-88.4069744,False,0,1,KOSH,31.85,OSKOSH,WI,44.0,-88.57,,,,False
5919,Ron Roberts Field at the Banta Bowl,44.2613967,-88.4069744,False,0,2,KGRB,32.8,GREEN BAY,WI,44.48,-88.13,,,,False
5920,Griswold Stadium,45.5202471,-122.6741949,False,0,0,KPDX,10.58,PORTLAND,OR,45.6,-122.6,,,,False
5920,Griswold Stadium,45.5202471,-122.6741949,False,0,1,KVUO,11.25,VANCOUVER_(ASOS),WA,45.62,-122.65,,,,False
5920,Griswold Stadium,45.5202471,-122.6741949,False,0,2,KTTD,20.84,PORTLAND/TROUTDALE,OR,45.55,-122.41,,,,False
5921,Rock Bowl,42.5006243,-90.6647985,False,0,0,KDBQ,11.56,DUBUQUE      ASOS,IA,42.4,-90.7,,,,False
5923,Legacy Field in Carlson Stadium,43.3041609,-91.7859098,False,0,0,KDEH,5.26,DECORAH,IA,43.28,-91.73,,,,False
5925,David Person Field,41.2493292,-77.0027671,False,0,0,KIPT,6.92,WILLIAMSPORT ASOS,PA,41.25,-76.92,,,,False
5926,Henry G. Steinbrenner '27 Stadium,42.3750997,-71.1056157,False,0,0,KBOS,6.24,BOSTON,MA,42.37,-71.03,,,,False
5926,Henry G. Steinbrenner '27 Stadium,42.3750997,-71.1056157,False,0,1,KMQE,17.29,MILTON_(ASOS),MA,42.22,-71.12,,,,False
5926,Henry G. Steinbrenner '27 Stadium,42.3750997,-71.1056157,False,0,2,KBED,17.78,BEDFORD,MA,42.47,-71.28,,,,False
5928,Macalester Stadium,44.9497487,-93.0931028,False,0,0,KSTP,2.85,ST PAUL,MN,44.93,-93.07,,,,False
5928,Macalester Stadium,44.9497487,-93.0931028,False,0,1,KSGS,11.96,SOUTH ST PAUL MUNI,MN,44.85,-93.15,,,,False
5928,Macalester Stadium,44.9497487,-93.0931028,False,0,2,KMSP,12.65,MINNEAPOLIS,MN,44.88,-93.22,,,,False
5929,Ritchie Field,44.388164,-68.79982,False,0,0,KBHB,34.82,BAR HARBOR (AWOS),ME,44.45,-68.37,,,,False
5930,Carl W. Burt Memorial Stadium,41.0006005,-85.768597,False,0,0,KASW,30.55,WARSAW MUNI ARPT,IN,41.27,-85.84,,,,False
5931,Don Drumm Stadium,39.4167742,-81.4548392,False,0,0,KPKB,7.73,PARKERSBURG,WV,39.35,-81.43,,,,False
5932,Lloyd L. Thornton Stadium,35.7564719,-83.9704593,False,0,0,KTYS,7.12,KNOXVILLE    ASOS,TN,35.82,-83.98,,,,False
5932,Lloyd L. Thornton Stadium,35.7564719,-83.9704593,False,0,1,KOQT,37.49,OAK_RIDGE_(ASOS),TN,36.02,-84.23,,,,False
5933,Sea Foam Stadium,44.9497487,-93.0931028,False,0,0,KSTP,2.85,ST PAUL,MN,44.93,-93.07,,,,False
5933,Sea Foam Stadium,44.9497487,-93.0931028,False,0,1,KSGS,11.96,SOUTH ST PAUL MUNI,MN,44.85,-93.15,,,,False
5933,Sea Foam Stadium,44.9497487,-93.0931028,False,0,2,KMSP,12.65,MINNEAPOLIS,MN,44.88,-93.22,,,,False
5934,Farmers Insurance Athletic Complex,37.763382,-90.7729061,False,0,0,KFAM,30.15,FARMINGTON_AIRPORT,MO,37.77,-90.43,,,,False
5935,Parker Field at McCool Stadium,33.7440023,-90.7248187,False,0,0,KGLH,36.82,GREENVILLE,MS,33.49,-90.98,,,,False
5936,Koi Ishto Stadium,34.7743383,-96.6783651,False,0,0,KADH,4.04,ADA,OK,34.81,-96.67,,,,False
5938,Al Whitehead Field at Greyhound Stadium,34.1861922,-103.334397,False,0,0,KCVS,21.59,CANNON AFB,NM,34.38,-103.32,,,,False
5938,Al Whitehead Field at Greyhound Stadium,34.1861922,-103.334397,False,0,1,KCVN,34.96,CLOVIS   (AWOS),NM,34.42,-103.08,,,,False
5939,Cressy Field,41.6332267,-70.9879928,False,0,0,KEWB,5.41,NEW BEDFORD,MA,41.68,-70.97,,,,False
5939,Cressy Field,41.6332267,-70.9879928,False,0,1,KUUU,26.86,NEWPORT        ASOS,RI,41.53,-71.28,,,,False
5939,Cressy Field,41.6332267,-70.9879928,False,0,2,KTAN,27.57,TAUNTON,MA,41.88,-71.02,,,,False
5940,Clean Harbors Stadium,41.745383,-70.618087,False,0,0,KFMH,13.37,OTIS AFB,MA,41.65,-70.52,,,,False
5940,Clean Harbors Stadium,41.745383,-70.618087,False,0,1,KPYM,21.52,PLYMOUTH     ASOS,MA,41.92,-70.73,,,,False
5940,Clean Harbors Stadium,41.745383,-70.618087,False,0,2,KHYA,29.29,HYANNIS,MA,41.67,-70.28,,,,False
5941,Roebuck Stadium,36.2956836,-76.2247697,False,0,0,KECG,4.93,ELIZABETH CITY,NC,36.27,-76.18,,,,False
5941,Roebuck Stadium,36.2956836,-76.2247697,False,0,1,KONX,21.7,CURRITUCK COUNTY AIR,NC,36.4,-76.02,,,,False
5942,Francis G. Welch Stadium,38.4040054,-96.181623,False,0,0,KEMP,8.38,EMPORIA        ASOS,KS,38.33,-96.2,,,,False
5943,Duvall-Rosier Field,39.4850848,-80.1425781,False,0,0,KCKB,24.01,CLARKSBURG (AMOS),WV,39.28,-80.23,,,,False
5943,Duvall-Rosier Field,39.4850848,-80.1425781,False,0,1,KMGW,26.46,MORGANTOWN,WV,39.65,-79.92,,,,False
5944,Ray Dennison Memorial Field,37.2395367,-107.82158179169292,False,0,0,KDRO,11.8,DURANGO        ASOS,CO,37.15,-107.75,,,,False
5945,Wildcat Stadium (GA),32.5537585,-83.8874084,False,0,0,KMCN,27.55,MACON        ASOS,GA,32.7,-83.65,,,,False
5945,Wildcat Stadium (GA),32.5537585,-83.8874084,False,0,1,KWRB,28.23,ROBINS AFB,GA,32.63,-83.6,,,,False
5960,Lanny and Sharon Martin Stadium,42.058246,-87.670876,False,10,0,KPWK,19.47,CHICAGO/WHEELING,IL,42.1,-87.9,KPWK0,KPWK,20.03,True
5960,Lanny and Sharon Martin Stadium,42.058246,-87.670876,False,10,1,KORD,20.83,CHICAGO-OHARE,IL,41.98,-87.9,KPWK0,KPWK,20.03,False
5960,Lanny and Sharon Martin Stadium,42.058246,-87.670876,False,10,2,KMDW,31.62,CHICAGO-MDWAYAMOS,IL,41.78,-87.75,KPWK0,KPWK,20.03,False
5996,Wilford Moore Stadium,32.44645,-99.7475905,False,0,0,KABI,6.99,ABILENE        ASOS,TX,32.42,-99.68,,,,False
5996,Wilford Moore Stadium,32.44645,-99.7475905,False,0,1,KDYS,9.78,DYESS AFB,TX,32.43,-99.85,,,,False
5997,Brooks Stadium (NY),40.8197813,-73.7351337,False,0,0,KLGA,14.94,NEW YORK-LAGUARD.,NY,40.77,-73.9,,,,False
5997,Brooks Stadium (NY),40.8197813,-73.7351337,False,0,1,KJFK,19.25,NEW YORK-KENNEDY,NY,40.65,-73.78,,,,False
5997,Brooks Stadium (NY),40.8197813,-73.7351337,False,0,2,KNYC,20.26,NEW YORK CITY,NY,40.78,-73.97,,,,False
5998,Monarch Stadium,35.0525759,-78.878292,False,0,0,KFAY,5.85,FAYETTEVILLE,NC,35.0,-78.88,,,,False
5998,Monarch Stadium,35.0525759,-78.878292,False,0,1,KFBG,9.81,FORT BRAGG,NC,35.13,-78.93,,,,False
5998,Monarch Stadium,35.0525759,-78.878292,False,0,2,KPOB,18.35,POPE AFB,NC,35.17,-79.02,,,,False
6006,Robert and Janet Vackar Stadium,26.2826,-98.1352,False,0,0,KMFE,14.82,MCALLEN,TX,26.18,-98.23,KMFE0,KMFE,15.73,True
6006,Robert and Janet Vackar Stadium,26.2826,-98.1352,False,0,1,KEBG,17.51,EDINBURG INTL ARPT,TX,26.44,-98.13,KMFE0,KMFE,15.73,False
6006,Robert and Janet Vackar Stadium,26.2826,-98.1352,False,0,2,KT65,20.04,MID VALLEY ARPT,TX,26.18,-97.97,KMFE0,KMFE,15.73,False
6027,Albert J. H. Sloan - Alumni Stadium,33.4859402,-86.9119366,False,0,0,KBHM,17.68,BIRMINGHAM,AL,33.57,-86.75,,,,False
6027,Albert J. H. Sloan - Alumni Stadium,33.4859402,-86.9119366,False,0,1,KEET,36.16,CALERA/SHELBY CTY AP,AL,33.18,-86.78,,,,False
6030,Harms-Eischeid Stadium,42.8420766,-91.850265,False,0,0,KOLZ,20.5,OELWEN,IA,42.68,-91.97,,,,False
6032,Hovey Field,37.5385087,-77.43428,False,0,0,KRIC,10.14,RICHMOND     ASOS,VA,37.5,-77.33,,,,False
6032,Hovey Field,37.5385087,-77.43428,False,0,1,KOFP,17.96,RICHMOND/HANOVER,VA,37.7,-77.43,,,,False
6033,Carl Smith Stadium,36.9759345,-82.5757108,False,0,0,KLNP,4.09,WISE/LONESOME_PINE,VA,36.98,-82.53,,,,False
6034,Yager Stadium at Moore Bowl,39.049011,-95.677556,False,0,0,KTOP,4.72,TOPEKA       ASOS,KS,39.07,-95.63,,,,False
6034,Yager Stadium at Moore Bowl,39.049011,-95.677556,False,0,1,KFOE,11.03,FORBES AFB,KS,38.95,-95.67,,,,False
6035,"Memorial Stadium (Wayne, NE)",42.1941294,-97.169623,False,0,0,KLCG,16.43,WAYNE MUNI AP,NE,42.24,-96.98,,,,False
6035,"Memorial Stadium (Wayne, NE)",42.1941294,-97.169623,False,0,1,KOFK,32.07,NORFOLK,NE,41.98,-97.43,,,,False
6040,Key Stadium,39.7683331,-86.1583502,False,0,0,KIND,11.24,INDIANAPOLIS,IN,39.73,-86.28,,,,False
6040,Key Stadium,39.7683331,-86.1583502,False,0,1,KEYE,13.91,INDIANAPOLIS   ASOS,IN,39.83,-86.3,,,,False
6040,Key Stadium,39.7683331,-86.1583502,False,0,2,KGEZ,36.52,SHELBYVILLE,IN,39.59,-85.8,,,,False
6041,Irwin Belk Complex,35.2272086,-80.8430827,False,0,0,KCLT,9.9,CHARLOTTE,NC,35.21,-80.95,,,,False
6041,Irwin Belk Complex,35.2272086,-80.8430827,False,0,1,KJQF,21.76,CONCORD RGNL AP,NC,35.39,-80.71,,,,False
6041,Irwin Belk Complex,35.2272086,-80.8430827,False,0,2,KAKH,28.05,GASTONIA_(ASOS),NC,35.2,-81.15,,,,False
6042,Alumni Stadium (KY),38.2009055,-84.8732836,False,0,0,KFFT,3.29,FRANKFORT      ASOS,KY,38.18,-84.9,,,,False
6042,Alumni Stadium (KY),38.2009055,-84.8732836,False,0,1,KLEX,30.54,LEXINGTON,KY,38.03,-84.6,,,,False
6043,Bethpage Federal Credit Union Stadium,40.816284,-73.589546,False,0,0,KFRG,17.91,FARMINGDALE,NY,40.73,-73.41,KFRG0,KFRG,17.74,True
6043,Bethpage Federal Credit Union Stadium,40.816284,-73.589546,False,0,1,KJFK,24.48,NEW YORK-KENNEDY,NY,40.65,-73.78,KFRG0,KFRG,17.74,False
6043,Bethpage Federal Credit Union Stadium,40.816284,-73.589546,False,0,2,KLGA,26.64,NEW YORK-LAGUARD.,NY,40.77,-73.9,KFRG0,KFRG,17.74,False
6044,Lane Field,35.6144446,-88.8177418,False,0,0,KMKL,9.38,JACKSON,TN,35.6,-88.92,,,,False
6045,Dwight T. Reed Stadium,38.577359,-92.1724265,False,0,0,KJEF,2.53,JEFFERSON CITY,MO,38.6,-92.17,,,,False
6045,Dwight T. Reed Stadium,38.577359,-92.1724265,False,0,1,KCOU,27.29,COLUMBIA     ASOS,MO,38.82,-92.22,,,,False
6047,Leemon Field,38.6039375,-89.8073195,False,0,0,KBLV,7.05,SCOTT AFB,IL,38.55,-89.85,,,,False
6047,Leemon Field,38.6039375,-89.8073195,False,0,1,KCPS,30.02,CAHOKIA/ST. LOUIS,IL,38.57,-90.15,,,,False
6047,Leemon Field,38.6039375,-89.8073195,False,0,2,KALN,37.22,ALTON,IL,38.88,-90.05,,,,False
6048,Duane Stadium,42.6839894,-71.1127065,False,0,0,KLWM,4.05,LAWRENCE,MA,42.72,-71.12,KLWM0,KLWM,3.79,True
6048,Duane Stadium,42.6839894,-71.1127065,False,0,1,KBVY,19.55,BEVERLY,MA,42.58,-70.92,KLWM0,KLWM,3.79,False
6048,Duane Stadium,42.6839894,-71.1127065,False,0,2,KBED,27.46,BEDFORD,MA,42.47,-71.28,KLWM0,KLWM,3.79,False
6049,"Memorial Stadium (Wichita Falls, TX)",33.9137085,-98.4933873,False,0,0,KSPS,6.38,WTCHITA FLS/ ASOS,TX,33.97,-98.48,,,,False
6051,James S. Malosky Stadium,46.7729322,-92.1251218,False,0,0,KDLH,7.6,DULUTH,MN,46.83,-92.18,,,,False
6051,James S. Malosky Stadium,46.7729322,-92.1251218,False,0,1,KDYT,8.76,DULUTH,MN,46.72,-92.04,,,,False
6051,James S. Malosky Stadium,46.7729322,-92.1251218,False,0,2,KSUW,10.13,SUPERIOR_(AWOS),WI,46.69,-92.07,,,,False
6052,Herb Parker Stadium,48.23251,-101.296273,False,0,0,KMOT,3.62,MINOT,ND,48.26,-101.27,,,,False
6052,Herb Parker Stadium,48.23251,-101.296273,False,0,1,KMIB,21.22,MINOT AFB,ND,48.42,-101.35,,,,False
6053,Robinson-Hale Stadium,32.3410552,-90.3215983,False,0,0,KHKS,8.61,JACKSON,MS,32.34,-90.23,,,,False
6053,Robinson-Hale Stadium,32.3410552,-90.3215983,False,0,1,KJAN,22.82,JACKSON      ASOS,MS,32.32,-90.08,,,,False
6054,Fred G. Hughes Stadium,37.08418,-94.51323,False,0,0,KJLN,9.61,JOPLIN,MO,37.17,-94.5,,,,False
6055,Craig Field at Spratt Memorial Stadium,39.7686055,-94.8466322,False,0,0,KSTJ,6.27,ST. JOSEPH,MO,39.77,-94.92,,,,False
6056,B.T. Harvey Stadium,33.7489924,-84.3902644,False,0,0,KATL,11.61,ATLANTA      ASOS,GA,33.65,-84.43,,,,False
6056,B.T. Harvey Stadium,33.7489924,-84.3902644,False,0,1,KFTY,12.48,FULTON CO.APRT,GA,33.78,-84.52,,,,False
6056,B.T. Harvey Stadium,33.7489924,-84.3902644,False,0,2,KPDK,16.79,DEKALB-PCHTREE AP,GA,33.88,-84.3,,,,False
6057,Ron & Carol Cope Stadium at Foster Field,40.4906216,-98.9472344,False,0,0,KEAR,26.99,KEARNEY,NE,40.73,-99.0,,,,False
6057,Ron & Carol Cope Stadium at Foster Field,40.4906216,-98.9472344,False,0,1,KHDE,32.69,BREWSTER FIELD_ARPT,NE,40.45,-99.33,,,,False
6058,Ralph F. DellaCamera Stadium,41.2706527,-72.9470471,False,0,0,KHVN,4.91,NEW HAVEN,CT,41.26,-72.89,KHVN0,KHVN,5.09,True
6058,Ralph F. DellaCamera Stadium,41.2706527,-72.9470471,False,0,1,KBDR,18.96,BRIDGEPORT     ASOS,CT,41.17,-73.13,KHVN0,KHVN,5.09,False
6058,Ralph F. DellaCamera Stadium,41.2706527,-72.9470471,False,0,2,KOXC,27.84,OXFORD    AWOS,CT,41.48,-73.13,KHVN0,KHVN,5.09,False
6059,Sanchez Family Stadium,35.5939325,-105.2238969,False,0,0,KLVS,10.56,LAS VEGAS,NM,35.66,-105.14,,,,False
6060,Grace P. Johnson Stadium,34.6801627,-79.1950373,False,0,0,KLBT,14.5,LUMBERTON,NC,34.6,-79.07,,,,False
6060,Grace P. Johnson Stadium,34.6801627,-79.1950373,False,0,1,KMEB,20.12,MAXTON,NC,34.79,-79.37,,,,False
6061,Younts Stadium,35.0684492,-82.3684509,False,0,0,KGSP,23.1,GREENVILLE-SPART.,SC,34.9,-82.22,,,,False
6061,Younts Stadium,35.0684492,-82.3684509,False,0,1,KGMU,24.35,GREENVILLE,SC,34.85,-82.35,,,,False
6062,Gable Field at Doc Wadley Stadium,35.91537,-94.969956,False,0,0,KTQH,3.16,TAHLEQUAH MUNI ARPT,OK,35.93,-95.0,,,,False
6063,Mueller Field,41.5231076,-81.5184553,False,0,0,KCGF,6.12,CUYAHOGA CO APRT,OH,41.57,-81.48,,,,False
6063,Mueller Field,41.5231076,-81.5184553,False,0,1,KBKL,13.45,BURKE LAKEFRNT AP,OH,41.52,-81.68,,,,False
6063,Mueller Field,41.5231076,-81.5184553,False,0,2,KCLE,30.83,CLEVELAND,OH,41.4,-81.85,,,,False
6064,Crain Family Stadium,35.3272928,-96.9253004,False,0,0,KSNL,3.87,SHAWNEE MUNI AIRPORT,OK,35.36,-96.94,,,,False
6066,Pace Stadium,41.1328736,-73.7926335,False,0,0,KHPN,11.22,WHITE PLAINS,NY,41.06,-73.7,,,,False
6066,Pace Stadium,41.1328736,-73.7926335,False,0,1,KDXR,37.13,DANBURY,CT,41.37,-73.48,,,,False
6066,Pace Stadium,41.1328736,-73.7926335,False,0,2,KTEB,38.16,TETERBORO,NJ,40.85,-74.05,,,,False
6067,Carnie Smith Stadium,37.4108841,-94.70496,False,0,0,KJLN,32.34,JOPLIN,MO,37.17,-94.5,,,,False
6068,George Williams Athletic Complex,35.7803977,-78.6390989,False,0,0,KRDU,16.14,RALEIGH-DURHAM,NC,35.87,-78.78,,,,False
6068,George Williams Athletic Complex,35.7803977,-78.6390989,False,0,1,KJNX,35.53,SMITHFIELD,NC,35.54,-78.38,,,,False
6068,George Williams Athletic Complex,35.7803977,-78.6390989,False,0,2,KLHZ,38.54,LOUISBURG/FRANKLIN,NC,36.02,-78.33,,,,False
6070,Bob Young Field,43.5488256,-96.7307737,False,0,0,KFSD,2.36,SIOUX FALLS,SD,43.57,-96.73,,,,False
6071,Jess Dow Field,41.3082138,-72.9250518,False,0,0,KHVN,6.11,NEW HAVEN,CT,41.26,-72.89,,,,False
6071,Jess Dow Field,41.3082138,-72.9250518,False,0,1,KBDR,23.02,BRIDGEPORT     ASOS,CT,41.17,-73.13,,,,False
6071,Jess Dow Field,41.3082138,-72.9250518,False,0,2,KMMK,23.8,MERIDEN MARKHAM MUN,CT,41.51,-72.83,,,,False
6072,Schwan Regional Event Center,48.3605336,-96.381968,False,0,0,KTVF,35.6,THIEF RIVER FALLS,MN,48.07,-96.18,,,,False
6073,Milam Stadium,35.5261633,-98.7075744,False,0,0,KCLK,20.19,CLINTON RGNL AP,OK,35.54,-98.93,,,,False
6074,Grappone Stadium,42.9956397,-71.4547891,False,0,0,KMHT,7.57,MANCHESTER,NH,42.93,-71.43,,,,False
6074,Grappone Stadium,42.9956397,-71.4547891,False,0,1,KCON,23.02,CONCORD,NH,43.2,-71.5,,,,False
6074,Grappone Stadium,42.9956397,-71.4547891,False,0,2,KASH,24.4,NASHUA/BOIRE FLD,NH,42.78,-71.51,,,,False
6075,W.B. Mason Stadium,42.0667665,-71.1036592,False,0,0,KOWD,14.75,NORWOOD,MA,42.19,-71.17,KOWD0,KOWD,14.9,True
6075,W.B. Mason Stadium,42.0667665,-71.1036592,False,0,1,KMQE,17.09,MILTON_(ASOS),MA,42.22,-71.12,KOWD0,KOWD,14.9,False
6075,W.B. Mason Stadium,42.0667665,-71.1036592,False,0,2,KTAN,21.89,TAUNTON,MA,41.88,-71.02,KOWD0,KOWD,14.9,False
6076,Javelina Stadium,27.5158689,-97.856109,False,0,0,KNQI,4.59,KINGSVILLE NAS,TX,27.51,-97.81,,,,False
6076,Javelina Stadium,27.5158689,-97.856109,False,0,1,KALI,29.7,ALICE,TX,27.74,-98.02,,,,False
6076,Javelina Stadium,27.5158689,-97.856109,False,0,2,KRBO,33.62,ROBSTOWN NUECES COUN,TX,27.78,-97.69,,,,False
6077,Stokes Stadium,40.1948848,-92.5833939,False,0,0,KIRK,11.18,KIRKSVILLE,MO,40.1,-92.54,,,,False
6080,Frank M. Lindsay Field,39.8454163,-88.9524151,False,0,0,KDEC,8.07,DECATUR,IL,39.83,-88.86,,,,False
6081,Harper Davis Field,32.2990021,-90.1847691,False,0,0,KHKS,6.23,JACKSON,MS,32.34,-90.23,,,,False
6081,Harper Davis Field,32.2990021,-90.1847691,False,0,1,KJAN,10.12,JACKSON      ASOS,MS,32.32,-90.08,,,,False
6082,Big Cat Stadium,45.586072,-95.913941,False,0,0,KMOX,4.71,MORRIS_MUNI_(AWOS),MN,45.57,-95.97,,,,False
6082,Big Cat Stadium,45.586072,-95.913941,False,0,1,KBBB,36.04,BENSON_MUNI,MN,45.32,-95.65,,,,False
6084,April Zorn Memorial Stadium,40.9127103,-90.6472477,False,0,0,KGBG,18.35,GALESBURG,IL,40.93,-90.43,,,,False
6085,Sprague Field,40.8164458,-74.2210643,False,0,0,KCDW,7.75,CALDWELL,NJ,40.87,-74.28,,,,False
6085,Sprague Field,40.8164458,-74.2210643,False,0,1,KEWR,13.64,NEWARK,NJ,40.7,-74.17,,,,False
6085,Sprague Field,40.8164458,-74.2210643,False,0,2,KTEB,14.87,TETERBORO,NJ,40.85,-74.05,,,,False
6086,Rocco Calvo Field,40.6178915,-75.3786521,False,0,0,KABE,5.61,ALLENTOWN      ASOS,PA,40.65,-75.43,,,,False
6086,Rocco Calvo Field,40.6178915,-75.3786521,False,0,1,KUKT,19.78,QUAKERTOWN AP,PA,40.44,-75.38,,,,False
6086,Rocco Calvo Field,40.6178915,-75.3786521,False,0,2,KDYL,38.77,DOYLESTOWN,PA,40.33,-75.12,,,,False
6088,Schueler Field,39.1014537,-84.5124602,False,0,0,KLUK,7.12,CINCINNATI/LUNK ASOS,OH,39.1,-84.43,,,,False
6088,Schueler Field,39.1014537,-84.5124602,False,0,1,KCVG,14.75,COVINGTON    ASOS,KY,39.05,-84.67,,,,False
6088,Schueler Field,39.1014537,-84.5124602,False,0,2,KHAO,28.76,HAMILTON,OH,39.36,-84.52,,,,False
6089,Scotty Wood Stadium,40.6022059,-75.4712794,False,0,0,KABE,6.35,ALLENTOWN      ASOS,PA,40.65,-75.43,,,,False
6089,Scotty Wood Stadium,40.6022059,-75.4712794,False,0,1,KUKT,19.62,QUAKERTOWN AP,PA,40.44,-75.38,,,,False
6090,Sherman Field at McConagha Stadium,39.9934992,-81.7338559,False,0,0,KZZV,14.16,ZANESVILLE,OH,39.95,-81.89,,,,False
6091,Abel Stadium,40.8088861,-96.7077751,False,0,0,KLNK,5.79,LINCOLN      ASOS,NE,40.85,-96.75,,,,False
6092,Bishop Stadium,35.9423833,-77.7956949,False,0,0,KRWI,13.92,ROCKY MOUNT,NC,35.85,-77.9,,,,False
6093,Holmgren Athletic Complex,41.8755616,-87.6244212,False,0,0,KMDW,14.87,CHICAGO-MDWAYAMOS,IL,41.78,-87.75,,,,False
6093,Holmgren Athletic Complex,41.8755616,-87.6244212,False,0,1,KORD,25.59,CHICAGO-OHARE,IL,41.98,-87.9,,,,False
6093,Holmgren Athletic Complex,41.8755616,-87.6244212,False,0,2,KGYY,33.09,GARY,IN,41.62,-87.42,,,,False
6094,Reynolds Field,45.0060767,-93.1566107,False,0,0,KSTP,10.86,ST PAUL,MN,44.93,-93.07,,,,False
6094,Reynolds Field,45.0060767,-93.1566107,False,0,1,KMSP,14.88,MINNEAPOLIS,MN,44.88,-93.22,,,,False
6094,Reynolds Field,45.0060767,-93.1566107,False,0,2,KANE,16.76,ANOKA COUNTY ARPT,MN,45.15,-93.22,,,,False
6095,Sabine Field at Haynes Family Stadium,44.153195,-72.65679528850326,False,0,0,KMPV,8.66,MONTPELIER,VT,44.2,-72.57,,,,False
6096,Austin E. Knowlton Athletics Complex,41.2939386,-82.2173786,False,0,0,KLPR,6.97,LORAIN/ELYRIA,OH,41.35,-82.18,,,,False
6096,Austin E. Knowlton Athletics Complex,41.2939386,-82.2173786,False,0,1,KCLE,32.86,CLEVELAND,OH,41.4,-81.85,,,,False
6099,Selby Stadium,40.2986724,-83.067965,False,0,0,KOSU,24.32,OHIO STATE UNIV.,OH,40.08,-83.07,,,,False
6099,Selby Stadium,40.2986724,-83.067965,False,0,1,KMNN,35.74,MARION,OH,40.62,-83.06,,,,False
6099,Selby Stadium,40.2986724,-83.067965,False,0,2,KCMH,36.85,COLUMBUS,OH,40.0,-82.88,,,,False
6100,Cutler Field,42.4414273,-84.9241542,False,0,0,KFPK,17.09,FITCH BEACH AIRPORT,MI,42.57,-84.81,,,,False
6100,Cutler Field,42.4414273,-84.9241542,False,0,1,KRMY,21.49,MARSHALL,MI,42.25,-84.96,,,,False
6100,Cutler Field,42.4414273,-84.9241542,False,0,2,KBTL,29.64,BATTLE CREEK,MI,42.3,-85.23,,,,False
6101,"Memorial Stadium (Westerville, OH)",40.126139,-82.9295287,False,0,0,KOSU,13.0,OHIO STATE UNIV.,OH,40.08,-83.07,,,,False
6101,"Memorial Stadium (Westerville, OH)",40.126139,-82.9295287,False,0,1,KCMH,14.65,COLUMBUS,OH,40.0,-82.88,,,,False
6101,"Memorial Stadium (Westerville, OH)",40.126139,-82.9295287,False,0,2,KTZR,30.39,COLUMBUS/BOLTON_FLD,OH,39.9,-83.13,,,,False
6102,Sparks Stadium,47.1849009,-122.29214,False,0,0,KTCM,14.72,MCCHORD AFB,WA,47.15,-122.48,,,,False
6102,Sparks Stadium,47.1849009,-122.29214,False,0,1,KTIW,23.71,TACOMA,WA,47.27,-122.58,,,,False
6102,Sparks Stadium,47.1849009,-122.29214,False,0,2,KGRF,24.7,FORT LEWIS,WA,47.08,-122.58,,,,False
6103,Merritt Field,34.0966764,-117.7197785,False,0,0,KONT,10.55,ONTARIO,CA,34.05,-117.62,,,,False
6103,Merritt Field,34.0966764,-117.7197785,False,0,1,KCNO,16.34,CHINO,CA,33.97,-117.63,,,,False
6103,Merritt Field,34.0966764,-117.7197785,False,0,2,KRAL,29.73,RIVERSIDE,CA,33.95,-117.45,,,,False
6104,Baker Stadium,47.2495798,-122.4398746,False,0,0,KTIW,10.82,TACOMA,WA,47.27,-122.58,,,,False
6104,Baker Stadium,47.2495798,-122.4398746,False,0,1,KTCM,11.48,MCCHORD AFB,WA,47.15,-122.48,,,,False
6104,Baker Stadium,47.2495798,-122.4398746,False,0,2,KGRF,21.63,FORT LEWIS,WA,47.08,-122.58,,,,False
6105,Day Field,37.7594012,-77.4806603,False,0,0,KOFP,7.97,RICHMOND/HANOVER,VA,37.7,-77.43,,,,False
6105,Day Field,37.7594012,-77.4806603,False,0,1,KRIC,31.75,RICHMOND     ASOS,VA,37.5,-77.33,,,,False
6106,Ted Runner Stadium,34.0550328,-117.1827445,False,0,0,KRIV,18.32,MARCH AFB,CA,33.9,-117.25,,,,False
6106,Ted Runner Stadium,34.0550328,-117.1827445,False,0,1,KRAL,27.26,RIVERSIDE,CA,33.95,-117.45,,,,False
6107,ECAV Stadium,42.7284117,-73.6917878,False,0,0,KALB,9.16,ALBANY         ASOS,NY,42.75,-73.8,,,,False
6107,ECAV Stadium,42.7284117,-73.6917878,False,0,1,KSCH,25.04,SCHENECTADY,NY,42.85,-73.95,,,,False
6108,Crain Field,35.1335022,-89.9668758,False,0,0,KMEM,9.76,MEMPHIS,TN,35.05,-90.0,,,,False
6108,Crain Field,35.1335022,-89.9668758,False,0,1,KOLV,23.46,OLIVE BRANCH AIRPORT,MS,34.98,-89.79,,,,False
6108,Crain Field,35.1335022,-89.9668758,False,0,2,KAWM,23.94,WEST MEMPHIS MUNI AP,AR,35.14,-90.23,,,,False
6109,Ingalls Field,43.8424502,-88.8372972,False,0,0,KOSH,27.66,OSKOSH,WI,44.0,-88.57,,,,False
6109,Ingalls Field,43.8424502,-88.8372972,False,0,1,KFLD,29.01,FOND_DU_LAC,WI,43.77,-88.49,,,,False
6110,Sam Greeley Field,42.2713945,-89.093966,False,0,0,KRFD,7.95,ROCKFORD     ASOS,IL,42.2,-89.1,,,,False
6110,Sam Greeley Field,42.2713945,-89.093966,False,0,1,KJVL,39.12,JANESVILLE,WI,42.62,-89.03,,,,False
6111,Cook Stadium,39.4667025,-87.4139119,False,0,0,KHUF,9.95,TERRE HAUTE,IN,39.45,-87.3,,,,False
6111,Cook Stadium,39.4667025,-87.4139119,False,0,1,KPRG,33.98,EDGAR CNTY ARPT,IL,39.7,-87.67,,,,False
6112,Richard Wackar Stadium,39.7027677,-75.1119434,False,0,0,KPHL,22.97,PHILADELPHIA,PA,39.88,-75.25,,,,False
6112,Richard Wackar Stadium,39.7027677,-75.1119434,False,0,1,KVAY,35.15,MOUNT HOLLY,NJ,39.94,-74.84,,,,False
6112,Richard Wackar Stadium,39.7027677,-75.1119434,False,0,2,KMIV,37.18,MILLVILLE,NJ,39.37,-75.07,,,,False
6114,Sea Gull Stadium,38.366027,-75.6009964,False,0,0,KSBY,9.27,SALISBURY,MD,38.34,-75.5,,,,False
6115,Toppa Field,41.4899827,-71.3137707,False,0,0,KUUU,5.26,NEWPORT        ASOS,RI,41.53,-71.28,,,,False
6115,Toppa Field,41.4899827,-71.3137707,False,0,1,KOQU,15.09,N. KINGSTOWN/QUONSET,RI,41.6,-71.42,,,,False
6115,Toppa Field,41.4899827,-71.3137707,False,0,2,KPVD,28.38,PROVIDENCE   ASOS,RI,41.73,-71.43,,,,False
6116,Shentel Stadium,39.1852184,-78.1652404,False,0,0,KOKV,4.13,WINCHESTER_RGNL,VA,39.15,-78.15,,,,False
6116,Shentel Stadium,39.1852184,-78.1652404,False,0,1,KMRB,29.2,MARTINSBURG,WV,39.4,-77.97,,,,False
6118,Birkelbach Field,30.6326942,-97.6772311,False,0,0,KGTU,5.27,GEORGETOWN,TX,30.68,-97.68,,,,False
6118,Birkelbach Field,30.6326942,-97.6772311,False,0,1,KATT,38.17,AUSTIN_CITY,TX,30.29,-97.7,,,,False
6119,Stagg Field,42.1018764,-72.5886727,False,0,0,KCEF,11.93,CHICOPEE FALLS,MA,42.2,-72.53,,,,False
6119,Stagg Field,42.1018764,-72.5886727,False,0,1,KBAF,13.22,WESTFIELD,MA,42.17,-72.72,,,,False
6119,Stagg Field,42.1018764,-72.5886727,False,0,2,KBDL,20.55,HARTFORD       ASOS,CT,41.93,-72.68,,,,False
6120,Growney Stadium,43.157285,-77.615214,False,0,0,KROC,6.08,ROCHESTER,NY,43.12,-77.67,,,,False
6121,Donald J. Schneider Stadium,44.4493584,-88.0599986,False,0,0,KGRB,6.52,GREEN BAY,WI,44.48,-88.13,,,,False
6122,Public Schools Stadium,46.7729322,-92.1251218,False,0,0,KDLH,7.6,DULUTH,MN,46.83,-92.18,,,,False
6122,Public Schools Stadium,46.7729322,-92.1251218,False,0,1,KDYT,8.76,DULUTH,MN,46.72,-92.04,,,,False
6122,Public Schools Stadium,46.7729322,-92.1251218,False,0,2,KSUW,10.13,SUPERIOR_(AWOS),WI,46.69,-92.07,,,,False
6123,Jackson Field,30.3573802,-103.6609367,False,0,0,KE38,3.11,ALPINE-CASPARIS MUNI,TX,30.38,-103.68,,,,False
6123,Jackson Field,30.3573802,-103.6609367,False,0,1,KMRF,34.48,MARFA (AMOS),TX,30.37,-104.02,,,,False
6124,Amos Alonzo Stagg Field (PA),40.8062437,-76.8607084,False,0,0,KSEG,1.72,SELINSGROVE/PENN_VAL,PA,40.82,-76.87,,,,False
6125,Bulldog Stadium (TX),29.5688411,-97.9647269,False,0,0,KBAZ,18.72,NEW BRAUNFELS  ASOS,TX,29.72,-98.05,,,,False
6125,Bulldog Stadium (TX),29.5688411,-97.9647269,False,0,1,KRND,30.8,RANDOLPH AFB,TX,29.53,-98.28,,,,False
6125,Bulldog Stadium (TX),29.5688411,-97.9647269,False,0,2,KHYI,37.94,SAN MARCOS,TX,29.9,-97.87,,,,False
6126,Bob Boozer Field,43.213671,-77.93918,False,0,0,KROC,24.19,ROCHESTER,NY,43.12,-77.67,,,,False
6127,John P. Papp Stadium,40.7980976,-81.9397733,False,0,0,KBJJ,9.03,WOOSTER,OH,40.87,-81.89,,,,False
6130,Fred Zollner Athletic Stadium,41.634874,-84.99928,False,0,0,KOEB,35.04,COLDWATER,MI,41.95,-85.0,,,,False
6131,Jessee/Miller Field,41.764582,-72.6908547,False,0,0,KHFD,5.13,HARTFORD-BRAINARD,CT,41.73,-72.65,,,,False
6131,Jessee/Miller Field,41.764582,-72.6908547,False,0,1,KBDL,18.42,HARTFORD       ASOS,CT,41.93,-72.68,,,,False
6131,Jessee/Miller Field,41.764582,-72.6908547,False,0,2,KMMK,30.58,MERIDEN MARKHAM MUN,CT,41.51,-72.83,,,,False
6132,Trinity University Stadium,29.4246002,-98.4951405,False,0,0,KSKF,9.6,KELLY AFB,TX,29.38,-98.58,,,,False
6132,Trinity University Stadium,29.4246002,-98.4951405,False,0,1,KSSF,10.62,SAN ANTONIO/STIN,TX,29.33,-98.48,,,,False
6132,Trinity University Stadium,29.4246002,-98.4951405,False,0,2,KSAT,11.97,SAN ANTONIO  ASOS,TX,29.53,-98.47,,,,False
6133,Ellis Oval at Zimman Field,42.4184296,-71.1061639,False,0,0,KBOS,8.25,BOSTON,MA,42.37,-71.03,,,,False
6133,Ellis Oval at Zimman Field,42.4184296,-71.1061639,False,0,1,KBED,15.37,BEDFORD,MA,42.47,-71.28,,,,False
6133,Ellis Oval at Zimman Field,42.4184296,-71.1061639,False,0,2,KMQE,22.09,MILTON_(ASOS),MA,42.22,-71.12,,,,False
6134,Frank Bailey Field,42.8142432,-73.9395687,False,0,0,KSCH,4.07,SCHENECTADY,NY,42.85,-73.95,,,,False
6134,Frank Bailey Field,42.8142432,-73.9395687,False,0,1,KALB,13.45,ALBANY         ASOS,NY,42.75,-73.8,,,,False
6135,Blue Storm Stadium,43.6610277,-70.2548596,False,0,0,KPWM,5.38,PORTLAND     ASOS,ME,43.65,-70.32,,,,False
6135,Blue Storm Stadium,43.6610277,-70.2548596,False,0,1,KNHZ,35.88,BRUNSWICK NAS,ME,43.89,-69.94,,,,False
6136,Patterson Field,40.1856597,-75.451571,False,0,0,KPTW,11.01,POTTSTOWN LIMERICK A,PA,40.24,-75.56,,,,False
6136,Patterson Field,40.1856597,-75.451571,False,0,1,KLOM,17.05,PHILADELPHIA/WINGS,PA,40.14,-75.26,,,,False
6136,Patterson Field,40.1856597,-75.451571,False,0,2,KNXX,25.66,WILLOW GROVE NAS,PA,40.2,-75.15,,,,False
6137,Walston-Hoover Stadium,42.7258451,-92.4746033,False,0,0,KALO,20.48,WATERLOO       ASOS,IA,42.55,-92.4,,,,False
6138,Wilson Field,37.7840208,-79.4428157,False,0,0,KHSP,37.91,HOT SPRINGS,VA,37.95,-79.82,,,,False
6140,John F. Wiley Stadium,39.8964641,-80.1792299,False,0,0,KAFJ,27.35,WASHINGTON (AWOS),PA,40.13,-80.28,,,,False
6140,John F. Wiley Stadium,39.8964641,-80.1792299,False,0,1,KMGW,35.24,MORGANTOWN,WV,39.65,-79.92,,,,False
6141,Corwin Stadium,41.5623178,-72.6509061,False,0,0,KMMK,16.0,MERIDEN MARKHAM MUN,CT,41.51,-72.83,,,,False
6141,Corwin Stadium,41.5623178,-72.6509061,False,0,1,KHFD,18.65,HARTFORD-BRAINARD,CT,41.73,-72.65,,,,False
6141,Corwin Stadium,41.5623178,-72.6509061,False,0,2,KHVN,39.08,NEW HAVEN,CT,41.26,-72.89,,,,False
6142,Westside Athletic Complex,41.394817,-73.4540111,False,0,0,KDXR,3.51,DANBURY,CT,41.37,-73.48,,,,False
6142,Westside Athletic Complex,41.394817,-73.4540111,False,0,1,KOXC,28.62,OXFORD    AWOS,CT,41.48,-73.13,,,,False
6142,Westside Athletic Complex,41.394817,-73.4540111,False,0,2,KBDR,36.85,BRIDGEPORT     ASOS,CT,41.17,-73.13,,,,False
6143,Golden Bear Stadium,42.1018764,-72.5886727,False,0,0,KCEF,11.93,CHICOPEE FALLS,MA,42.2,-72.53,,,,False
6143,Golden Bear Stadium,42.1018764,-72.5886727,False,0,1,KBAF,13.22,WESTFIELD,MA,42.17,-72.72,,,,False
6143,Golden Bear Stadium,42.1018764,-72.5886727,False,0,2,KBDL,20.55,HARTFORD       ASOS,CT,41.93,-72.68,,,,False
6144,"Alumni Field (Westfield, MA)",42.1390327,-72.7584859,False,0,0,KBAF,4.68,WESTFIELD,MA,42.17,-72.72,,,,False
6144,"Alumni Field (Westfield, MA)",42.1390327,-72.7584859,False,0,1,KCEF,20.01,CHICOPEE FALLS,MA,42.2,-72.53,,,,False
6144,"Alumni Field (Westfield, MA)",42.1390327,-72.7584859,False,0,2,KBDL,24.13,HARTFORD       ASOS,CT,41.93,-72.68,,,,False
6145,Blue Jay Stadium,38.8467082,-91.9479586,False,0,0,KCOU,23.75,COLUMBIA     ASOS,MO,38.82,-92.22,,,,False
6145,Blue Jay Stadium,38.8467082,-91.9479586,False,0,1,KJEF,33.52,JEFFERSON CITY,MO,38.6,-92.17,,,,False
6146,Memorial Field (PA),41.1222812,-80.3328428,False,0,0,KYNG,32.64,YOUNGSTOWN   ASOS,OH,41.27,-80.67,,,,False
6146,Memorial Field (PA),41.1222812,-80.3328428,False,0,1,KBVI,39.58,BEAVER FALLS,PA,40.77,-80.4,,,,False
6147,"Memorial Stadium (Whittier, CA)",33.9708782,-118.0308396,False,0,0,KFUL,12.54,FULLERTON,CA,33.87,-117.97,,,,False
6147,"Memorial Stadium (Whittier, CA)",33.9708782,-118.0308396,False,0,1,KLGB,20.06,LONG BEACH,CA,33.82,-118.15,,,,False
6147,"Memorial Stadium (Whittier, CA)",33.9708782,-118.0308396,False,0,2,KCQT,24.78,USC CAMPUS,CA,34.03,-118.29,,,,False
6148,The Pine Bowl,47.6571934,-117.4235106,False,0,0,KSFF,7.15,SPOKANE/FELTS,WA,47.67,-117.33,,,,False
6148,The Pine Bowl,47.6571934,-117.4235106,False,0,1,KGEG,8.53,SPOKANE      ASOS,WA,47.63,-117.53,,,,False
6148,The Pine Bowl,47.6571934,-117.4235106,False,0,2,KSKA,17.24,FAIRCHILD AFB,WA,47.63,-117.65,,,,False
6149,McCulloch Stadium,44.9391565,-123.033121,False,0,0,KSLE,3.37,SALEM        ASOS,OR,44.92,-123.0,,,,False
6149,McCulloch Stadium,44.9391565,-123.033121,False,0,1,KMMV,29.99,MCMINNVILLE,OR,45.2,-123.13,,,,False
6150,Wightman Stadium,40.9491723,-74.2376802,False,0,0,KCDW,9.49,CALDWELL,NJ,40.87,-74.28,,,,False
6150,Wightman Stadium,40.9491723,-74.2376802,False,0,1,KTEB,19.25,TETERBORO,NJ,40.85,-74.05,,,,False
6150,Wightman Stadium,40.9491723,-74.2376802,False,0,2,KMMU,22.59,MORRISTOWN,NJ,40.8,-74.42,,,,False
6151,Farley-Lamb Field,42.6889156,-73.2246057,False,0,0,KAQW,4.63,NORTH ADAMS    ASOS,MA,42.7,-73.17,,,,False
6151,Farley-Lamb Field,42.6889156,-73.2246057,False,0,1,KDDH,22.46,BENNINGTON,VT,42.89,-73.25,,,,False
6151,Farley-Lamb Field,42.6889156,-73.2246057,False,0,2,KPSF,29.44,PITTSFIELD,MA,42.43,-73.3,,,,False
6152,Wiliams Stadium (OH),39.4453393,-83.8285375,False,0,0,KILN,4.5,WILMINGTON,OH,39.43,-83.78,,,,False
6152,Wiliams Stadium (OH),39.4453393,-83.8285375,False,0,1,KMGY,38.01,DAYTON_WRIGHT BROS,OH,39.59,-84.23,,,,False
6153,Hanson Stadium,45.5197452,-123.1114405,False,0,0,KHIO,13.02,HILLSBORO/PORTLAND,OR,45.55,-122.95,,,,False
6153,Hanson Stadium,45.5197452,-123.1114405,False,0,1,KMMV,35.58,MCMINNVILLE,OR,45.2,-123.13,,,,False
6153,Hanson Stadium,45.5197452,-123.1114405,False,0,2,KSPB,35.81,SCAPPOOSE,OR,45.78,-122.84,,,,False
6202,Cardinal Stadium (DC),38.8950368,-77.0365427,False,0,0,KDCA,5.04,WASHINGTON,DC,38.85,-77.03,,,,False
6202,Cardinal Stadium (DC),38.8950368,-77.0365427,False,0,1,KCGS,13.82,COLLEGE PARK AIRPORT,MD,38.98,-76.92,,,,False
6202,Cardinal Stadium (DC),38.8950368,-77.0365427,False,0,2,KADW,16.66,ANDREWS AFB,MD,38.82,-76.87,,,,False
6211,Sodexo Field,42.7517669,-72.01012902437412,False,0,0,KAFN,5.43,JAFFREY        ASOS,NH,42.8,-72.0,,,,False
6211,Sodexo Field,42.7517669,-72.01012902437412,False,0,1,KEEN,26.85,KEENE  (AWOS),NH,42.9,-72.27,,,,False
6211,Sodexo Field,42.7517669,-72.01012902437412,False,0,2,KORE,29.92,ORANGE       ASOS,MA,42.57,-72.28,,,,False
6212,Bishop Schmitt Field,40.0639616,-80.7209149,False,0,0,KHLG,14.24,WHEELING,WV,40.18,-80.65,,,,False
6212,Bishop Schmitt Field,40.0639616,-80.7209149,False,0,1,KAFJ,38.22,WASHINGTON (AWOS),PA,40.13,-80.28,,,,False
6217,W.C. Hawkins Stadium,34.0007493,-81.0343313,False,0,0,KCUB,5.33,COLUMBIA_OWENS_AIRPO,SC,33.97,-80.99,,,,False
6217,W.C. Hawkins Stadium,34.0007493,-81.0343313,False,0,1,KCAE,9.71,COLUMBIA,SC,33.95,-81.12,,,,False
6217,W.C. Hawkins Stadium,34.0007493,-81.0343313,False,0,2,KMMT,23.4,MCENTIRE ANGB AP,SC,33.92,-80.8,,,,False
6221,Mitchell Stadium,37.2698395,-81.2223195,False,0,0,KBLF,3.89,BLUEFIELD,WV,37.3,-81.2,,,,False
6284,Village of Lisle-Benedictine University Sports Complex,41.801159,-88.0747687,False,0,0,KDPA,19.63,WEST CHICAGO,IL,41.92,-88.25,,,,False
6284,Village of Lisle-Benedictine University Sports Complex,41.801159,-88.0747687,False,0,1,KLOT,22.37,ROMEOVILLE  WFO,IL,41.6,-88.08,,,,False
6284,Village of Lisle-Benedictine University Sports Complex,41.801159,-88.0747687,False,0,2,KORD,24.59,CHICAGO-OHARE,IL,41.98,-87.9,,,,False
6501,Allegiant Stadium,36.09075,-115.183722,True,0,0,KLAS,1.72,LAS VEGAS    ASOS,NV,36.08,-115.17,,,,False
6501,Allegiant Stadium,36.09075,-115.183722,True,0,1,KVGT,13.34,NORTH_LAS_VEGAS,NV,36.21,-115.2,,,,False
6501,Allegiant Stadium,36.09075,-115.183722,True,0,2,KHND,14.27,LAS VEGAS/HENDERSON,NV,35.97,-115.13,,,,False
6526,Hancock Whitney Stadium,30.696904,-88.192013,False,40,0,KMOB,5.85,MOBILE,AL,30.68,-88.25,72223,KMOB,12.08,True
6526,Hancock Whitney Stadium,30.696904,-88.192013,False,40,1,KBFM,13.84,BROOKLEY APRT,AL,30.63,-88.07,72223,KMOB,12.08,False
6553,Helen and Leonard Moretz Stadium,35.7333312,-81.3442915,False,0,0,KHKY,3.72,HICKORY,NC,35.75,-81.38,,,,False
6553,Helen and Leonard Moretz Stadium,35.7333312,-81.3442915,False,0,1,KMRN,25.84,MORGANTON_LENOIR_AIR,NC,35.82,-81.61,,,,False
6553,Helen and Leonard Moretz Stadium,35.7333312,-81.3442915,False,0,2,KIPJ,32.73,LINCOLNTON,NC,35.48,-81.16,,,,False
6577,SHI Stadium,40.513611,-74.465278,False,38,0,KSMQ,20.95,SOMERSET_AIRPORT_ASO,NJ,40.62,-74.67,KSMQ0,KSMQ,21.35,True
6577,SHI Stadium,40.513611,-74.465278,False,38,1,KMMU,32.07,MORRISTOWN,NJ,40.8,-74.42,KSMQ0,KSMQ,21.35,False
6577,SHI Stadium,40.513611,-74.465278,False,38,2,KEWR,32.42,NEWARK,NJ,40.7,-74.17,KSMQ0,KSMQ,21.35,False
7003,Houck Field,37.3034933,-89.5230357,False,0,0,KCGI,9.6,CAPE GIRARDEAU,MO,37.23,-89.58,KCGI0,KCGI,9.67,True
7075,Electric Supply Company Field,35.7212689,-77.9155395,False,0,0,KRWI,14.38,ROCKY MOUNT,NC,35.85,-77.9,,,,False
7075,Electric Supply Company Field,35.7212689,-77.9155395,False,0,1,KGWW,29.33,GOLDSBORO-WAYNE MUNI,NC,35.46,-77.96,,,,False
7076,J.W. Babb Stadium,34.1954001,-82.1617883,False,0,0,KGRD,6.17,GREENWOOD,SC,34.25,-82.15,,,,False
7077,Shadek Stadium,40.03813,-76.3056686,False,0,0,KLNS,9.12,LANCASTER,PA,40.12,-76.3,,,,False
7079,Laird Stadium,44.4582041,-93.161159,False,0,0,KSYN,11.46,STANTON AIRFIELD,MN,44.48,-93.02,,,,False
7079,Laird Stadium,44.4582041,-93.161159,False,0,1,KFBL,19.04,FARIBAULT/MUNI,MN,44.33,-93.32,,,,False
7079,Laird Stadium,44.4582041,-93.161159,False,0,2,KLVN,19.87,AIRLAKE,MN,44.63,-93.23,,,,False
7082,Athletic Field Complex,41.5565738,-75.7551655,False,0,0,KAVP,25.28,SCRANTON       ASOS,PA,41.33,-75.73,,,,False
7220,Clarence T.C. Ching Athletics Complex,21.294294,-157.819338,False,33,0,PHNL,13.03,HONOLULU,HI,21.35,-157.93,91182,PHNL,14.21,True
7220,Clarence T.C. Ching Athletics Complex,21.294294,-157.819338,False,33,1,PHNG,15.93,KANEOHE BAY MCAS,HI,21.43,-157.77,91182,PHNL,14.21,False
7220,Clarence T.C. Ching Athletics Complex,21.294294,-157.819338,False,33,2,PHJR,26.12,KALAELOA ARPT/OAHU,HI,21.32,-158.07,91182,PHNL,14.21,False
7221,Protective Stadium,33.5206824,-86.8024326,False,29,0,KBHM,7.33,BIRMINGHAM,AL,33.57,-86.75,72228,KBHM,7.06,True
7221,Protective Stadium,33.5206824,-86.8024326,False,29,1,KEET,37.94,CALERA/SHELBY CTY AP,AL,33.18,-86.78,72228,KBHM,7.06,False
7311,Snapdragon Stadium,32.784444,-117.122833,False,27,0,KMYF,4.7,SAN DIEGO,CA,32.82,-117.15,72290,KSAN,8.02,False
7311,Snapdragon Stadium,32.784444,-117.122833,False,27,1,KSAN,7.49,SAN DIEGO,CA,32.73,-117.17,72290,KSAN,8.02,True
7311,Snapdragon Stadium,32.784444,-117.122833,False,27,2,KNKX,9.65,MIRAMAR NAS,CA,32.87,-117.14,72290,KSAN,8.02,False
10803,Pen-Air Field,30.547231,-87.222001,False,0,0,KPNS,8.84,PENSACOLA,FL,30.47,-87.2,,,,False
10803,Pen-Air Field,30.547231,-87.222001,False,0,1,KNPA,23.86,PENSACOLA NAS,FL,30.35,-87.32,,,,False
10803,Pen-Air Field,30.547231,-87.222001,False,0,2,KNSE,27.25,MILTON NAS,FL,30.72,-87.02,,,,False
