season,team,player_id,full_name,first_name,football_name,last_name
2023,ARI,00-0023853,Matt Prater,Matt,Matt,Prater
2023,ARI,00-0027688,Colt McCoy,Daniel,Colt,McCoy
2023,ARI,00-0028946,Aaron Brewer,Aaron,Aaron,Brewer
2023,ARI,00-0029316,Kelvin Beachum,Kelvin,Kelvin,Beachum
2023,ARI,00-0030061,Zach Ertz,Zachary,Zach,Ertz
2023,ARI,00-0030874,Damien Williams,Damien,Damien,Williams
2023,ARI,00-0032141,Geoff Swaim,Geoffrey,Geoff,Swaim
2023,ARI,00-0032222,D.J. Humphries,DeMarcus,D.J.,Humphries
2023,ARI,00-0032436,Jeff Driskel,Jeffrey,Jeff,Driskel
2023,ARI,00-0032933,Antonio Hamilton,Antonio,Antonio,Hamilton
2023,ARI,00-0033251,Zach Pascal,Zachary,Zach,Pascal
2023,ARI,00-0033553,James Conner,James,James,Conner
2023,ARI,00-0033563,Carlos Watkins,Carlos,Carlos,Watkins
2023,ARI,00-0033568,Nate Hairston,Nathan,Nate,Hairston
2023,ARI,00-0033676,Elijah Wilkinson,Elijah,Elijah,Wilkinson
2023,ARI,00-0033725,Corey Clement,Corey,Corey,Clement
2023,ARI,00-0033890,Budda Baker,Budda,Budda,Baker
2023,ARI,00-0033909,Pat Elflein,Patrick,Pat,Elflein
2023,ARI,00-0033949,Joshua Dobbs,Robert,Joshua,Dobbs
2023,ARI,00-0033951,Marlon Mack,Marlon,Marlon,Mack
2023,ARI,00-0034125,Kendal Vickers,Kendal,Kendal,Vickers
2023,ARI,00-0034346,Will Hernandez,William,Will,Hernandez
2023,ARI,00-0034375,Kyzir White,Kyzir,Kyzir,White
2023,ARI,00-0034473,Dennis Gardeck,Dennis,Dennis,Gardeck
2023,ARI,00-0034490,Ezekiel Turner,Ezekiel,Ezekiel,Turner
2023,ARI,00-0034496,Sean Chandler,Sean,Sean,Chandler
2023,ARI,00-0034623,Andre Chachere,Andre,Andre,Chachere
2023,ARI,00-0034801,Josh Woods,Josh,Josh,Woods
2023,ARI,00-0035003,Jackson Barton,Jackson,Jackson,Barton
2023,ARI,00-0035101,Davion Davis,Davion,Davion,Davis
2023,ARI,00-0035147,Rashad Fenton,Rashad,Rashad,Fenton
2023,ARI,00-0035150,Kris Boyd,Kris,Kris,Boyd
2023,ARI,00-0035228,Kyler Murray,Kyler,Kyler,Murray
2023,ARI,00-0035258,Hjalte Froholdt,Hjalte,Hjalte,Froholdt
2023,ARI,00-0035300,Dennis Daley,Dennis,Dennis,Daley
2023,ARI,00-0035334,Kevin Strong,Kevin,Kevin,Strong
2023,ARI,00-0035343,Jonathan Ledbetter,Jonathan,Jonathan,Ledbetter
2023,ARI,00-0035500,Greg Dortch,Greg,Greg,Dortch
2023,ARI,00-0035510,Jeff Smith,Jeffrey,Jeff,Smith
2023,ARI,00-0035636,L.J. Collier,Lawrence,L.J.,Collier
2023,ARI,00-0035662,Marquise Brown,Marquise,Marquise,Brown
2023,ARI,00-0035705,Jalen Thompson,Jalen,Jalen,Thompson
2023,ARI,00-0035829,Austen Pleasants,Austen,Austen,Pleasants
2023,ARI,00-0035853,Carter O'Donnell,Carter,Carter,O'Donnell
2023,ARI,00-0035859,Blake Gillikin,Blake,Blake,Gillikin
2023,ARI,00-0035860,Tony Jones,Tony,Tony,Jones
2023,ARI,00-0035876,Andre Baccellia,Andre,Andre,Baccellia
2023,ARI,00-0035928,Eric Banks,Eric,Eric,Banks
2023,ARI,00-0035930,Cohl Cabral,Cohl,Cohl,Cabral
2023,ARI,00-0035961,Krys Barnes,Krystopher,Krys,Barnes
2023,ARI,00-0035976,Dan Chisena,Daniel,Dan,Chisena
2023,ARI,00-0035992,Trystan Colon,Trystan,Trystan,Colon
2023,ARI,00-0036005,Noah Togiai,Noah,Noah,Togiai
2023,ARI,00-0036011,Bobby Price,Bobby,Bobby,Price
2023,ARI,00-0036077,Juju Hughes,Juwuane,Juju,Hughes
2023,ARI,00-0036118,Jovante Moffatt,Jovante,Jovante,Moffatt
2023,ARI,00-0036210,Badara Traore,Badara,Badara,Traore
2023,ARI,00-0036318,Lachavious Simmons,Lachavious,Lachavious,Simmons
2023,ARI,00-0036342,Keith Ismael,Keith,Keith,Ismael
2023,ARI,00-0036371,Leki Fotu,George,Leki,Fotu
2023,ARI,00-0036393,Davion Taylor,Davion,Davion,Taylor
2023,ARI,00-0036395,K'Von Wallace,K'Von,K'Von,Wallace
2023,ARI,00-0036457,Ty'Son Williams,Ty'Son,Ty'Son,Williams
2023,ARI,00-0036539,Nolan Cooney,Nolan,Nolan,Cooney
2023,ARI,00-0036548,Stevie Scott,Stevie,Stevie,Scott
2023,ARI,00-0036568,Roy Lopez,Roy,Roy,Lopez
2023,ARI,00-0036576,Phil Hoskins,Phil,Phil,Hoskins
2023,ARI,00-0036695,Naquan Jones,Naquan,Naquan,Jones
2023,ARI,00-0036770,Braylon Jones,Braylon,Braylon,Jones
2023,ARI,00-0036775,Brandon Smith,Brandon,Brandon,Smith
2023,ARI,00-0036884,Marco Wilson,Marco,Marco,Wilson
2023,ARI,00-0036896,Victor Dimukeje,Victor,Victor,Dimukeje
2023,ARI,00-0036924,Michael Carter,Michael,Michael,Carter
2023,ARI,00-0036933,Zaven Collins,Zaven,Zaven,Collins
2023,ARI,00-0036936,Rondale Moore,Rondale,Rondale,Moore
2023,ARI,00-0037020,Bernhard Seikovits,Bernhard,Bernhard,Seikovits
2023,ARI,00-0037080,Tyreke Smith,Tyreke,Tyreke,Smith
2023,ARI,00-0037088,Doug Kramer,Doug,Doug,Kramer
2023,ARI,00-0037141,Joey Blount,Joey,Joey,Blount
2023,ARI,00-0037299,Keaontay Ingram,Keaontay,Keaontay,Ingram
2023,ARI,00-0037308,Lecitus Smith,Lecitus,Lecitus,Smith
2023,ARI,00-0037330,Jesse Luketa,Jesse,Jesse,Luketa
2023,ARI,00-0037354,Verone McKinley,Verone,Verone,McKinley
2023,ARI,00-0037356,Ben Stille,Ben,Ben,Stille
2023,ARI,00-0037380,Kaden Davis,Kaden,Kaden,Davis
2023,ARI,00-0037413,Ben Brown,Ben,Ben,Brown
2023,ARI,00-0037469,Tyreek Maddox-Williams,Tyreek,Tyreek,Maddox-Williams
2023,ARI,00-0037484,Kyler McMichael,Kyler,Kyler,McMichael
2023,ARI,00-0037496,Zach McCloud,Zach,Zach,McCloud
2023,ARI,00-0037522,Qwuantrezz Knight,Qwuantrezz,Qwuantrezz,Knight
2023,ARI,00-0037592,David Anenih,David,David,Anenih
2023,ARI,00-0037598,Hayden Howerton,Hayden,Hayden,Howerton
2023,ARI,00-0037625,Vitaliy Gurman,Vitaliy,Vitaliy,Gurman
2023,ARI,00-0037744,Trey McBride,Trey,Trey,McBride
2023,ARI,00-0037747,Christian Matthew,Christian,Christian,Matthew
2023,ARI,00-0037748,Marquis Hayes,Marquis,Marquis,Hayes
2023,ARI,00-0037751,Myjai Sanders,Myjai,Myjai,Sanders
2023,ARI,00-0037815,Cameron Thomas,Cameron,Cameron,Thomas
2023,ARI,00-0038456,Travis Vokolek,Travis,Travis,Vokolek
2023,ARI,00-0038499,Caleb Johnson,Caleb,Caleb,Johnson
2023,ARI,00-0038529,William Hooper,William,William,Hooper
2023,ARI,00-0038540,Paris Johnson,Paris,Paris,Johnson
2023,ARI,00-0038559,Michael Wilson,Michael,Michael,Wilson
2023,ARI,00-0038571,Jon Gaines,Jon,Jon,Gaines
2023,ARI,00-0038582,Clayton Tune,Clayton,Clayton,Tune
2023,ARI,00-0038600,Owen Pappoe,Owen,Owen,Pappoe
2023,ARI,00-0038623,Dante Stills,Dante,Dante,Stills
2023,ARI,00-0038660,Trevor Nowaske,Trevor,Trevor,Nowaske
2023,ARI,00-0038663,Starling Thomas,Starling,Starling,Thomas
2023,ARI,00-0038674,Divaad Wilson,Divaad,Divaad,Wilson
2023,ARI,00-0038702,Daniel Arias,Daniel,Daniel,Arias
2023,ARI,00-0038703,Kendell Brooks,Kendell,Kendell,Brooks
2023,ARI,00-0038704,Matt Hembrough,Matthew,Matt,Hembrough
2023,ARI,00-0038705,Emari Demercado,Emari,Emari,Demercado
2023,ARI,00-0038706,Joel Honigford,Joel,Joel,Honigford
2023,ARI,00-0038708,Jacob Slade,Jacob,Jacob,Slade
2023,ARI,00-0038709,Kyle Soelle,Kyle,Kyle,Soelle
2023,ARI,00-0038710,Blake Whiteheart,Blake,Blake,Whiteheart
2023,ARI,00-0038714,Hassan Hall,Hassan,Hassan,Hall
2023,ARI,00-0038880,Ilm Manning,Ilm,Ilm,Manning
2023,ARI,00-0038920,John Samuel Shenker,John Samuel,John Samuel,Shenker
2023,ARI,00-0038931,Quavian White,Quavian,Quavian,White
2023,ARI,00-0038984,Kei'Trel Clark,Kei'Trel,Kei'Trel,Clark
2023,ARI,00-0039007,Garrett Williams,Garrett,Garrett,Williams
2023,ARI,00-0039011,Brian Cobbs,Brian,Brian,Cobbs
2023,ARI,00-0039041,Elijah Higgins,Elijah,Elijah,Higgins
2023,ARI,00-0039155,B.J. Ojulari,Jamiu,B.J.,Ojulari
2023,ATL,00-0026190,Calais Campbell,Calais,Calais,Campbell
2023,ATL,00-0030578,Cordarrelle Patterson,Cordarrelle,Cordarrelle,Patterson
2023,ATL,00-0030649,Jonotthan Harrison,Jonotthan,Jonotthan,Harrison
2023,ATL,00-0030968,Keith Smith,Alton,Keith,Smith
2023,ATL,00-0031079,Pat O'Donnell,Patrick,Pat,O'Donnell
2023,ATL,00-0031279,Jake Matthews,Jacob,Jake,Matthews
2023,ATL,00-0031551,Eddie Goldman,Eddie,Eddie,Goldman
2023,ATL,00-0031583,Grady Jarrett,Grady,Grady,Jarrett
2023,ATL,00-0031585,MyCole Pruitt,MyCole,MyCole,Pruitt
2023,ATL,00-0031800,Taylor Heinicke,Taylor,Taylor,Heinicke
2023,ATL,00-0031868,Damiere Byrd,Damiere,Damiere,Byrd
2023,ATL,00-0032065,Bradley Pinion,Bradley,Bradley,Pinion
2023,ATL,00-0032146,Bud Dupree,Alvin,Bud,Dupree
2023,ATL,00-0033051,David Onyemata,David,David,Onyemata
2023,ATL,00-0033435,Breon Borders,Breon,Breon,Borders
2023,ATL,00-0033555,Mack Hollins,Mack,Mack,Hollins
2023,ATL,00-0033598,Eli Ankou,Eli,Eli,Ankou
2023,ATL,00-0033702,Younghoe Koo,Younghoe,Younghoe,Koo
2023,ATL,00-0033752,Storm Norton,Storm,Storm,Norton
2023,ATL,00-0033858,Jonnu Smith,Jonnu,Jonnu,Smith
2023,ATL,00-0034320,Kentavius Street,Kentavius,Kentavius,Street
2023,ATL,00-0034354,Kemoko Turay,Kemoko,Kemoko,Turay
2023,ATL,00-0034360,Lorenzo Carter,Lorenzo,Lorenzo,Carter
2023,ATL,00-0034430,Andre Smith,Andre,Andre,Smith
2023,ATL,00-0034438,Logan Woodside,Logan,Logan,Woodside
2023,ATL,00-0034474,Frank Ginda,Frank,Frank,Ginda
2023,ATL,00-0034500,Tae Davis,Octavious,Tae,Davis
2023,ATL,00-0034612,Demone Harris,Demone,Demone,Harris
2023,ATL,00-0034614,Godwin Igwebuike,Godwin,Godwin,Igwebuike
2023,ATL,00-0034675,Jessie Bates,Jessie,Jessie,Bates
2023,ATL,00-0034756,Tre Flowers,Trequille,Tre,Flowers
2023,ATL,00-0034792,Cornell Armstrong,Cornell,Cornell,Armstrong
2023,ATL,00-0034843,Mike Hughes,Michael,Mike,Hughes
2023,ATL,00-0034854,KhaDarel Hodge,KhaDarel Lott,KhaDarel,Hodge
2023,ATL,00-0034937,John Leglue,John,John,Leglue
2023,ATL,00-0035022,Penny Hart,Penny,Penny,Hart
2023,ATL,00-0035098,Micah Abernathy,Micah,Micah,Abernathy
2023,ATL,00-0035189,Matthew Wright,Matthew,Matthew,Wright
2023,ATL,00-0035235,Kaleb McGary,Kaleb,Kaleb,McGary
2023,ATL,00-0035246,J.J. Arcega-Whiteside,Jose Joaquin,J.J.,Arcega-Whiteside
2023,ATL,00-0035294,Blessuan Austin,Blessuan,Blessuan,Austin
2023,ATL,00-0035295,Isaiah Prince,Isaiah,Isaiah,Prince
2023,ATL,00-0035298,Scott Miller,Scott,Scott,Miller
2023,ATL,00-0035316,Kaden Elliss,Kaden,Kaden,Elliss
2023,ATL,00-0035317,Joshua Miles,Joshua,Joshua,Miles
2023,ATL,00-0035403,Ethan Greenidge,Ethan,Ethan,Greenidge
2023,ATL,00-0035455,Albert Huggins,Albert,Albert,Huggins
2023,ATL,00-0035470,Lukas Denis,Lukas,Lukas,Denis
2023,ATL,00-0035572,Parker Hesse,Parker,Parker,Hesse
2023,ATL,00-0035630,Chris Lindstrom,Christopher,Chris,Lindstrom
2023,ATL,00-0035903,Joe Gaziano,Joseph,Joe,Gaziano
2023,ATL,00-0035971,Delontae Scott,Delontae,Delontae,Scott
2023,ATL,00-0036082,Liam McCullough,Liam,Liam,McCullough
2023,ATL,00-0036204,Lacale London,Lacale,Lacale,London
2023,ATL,00-0036274,Jeff Okudah,Jeffrey,Jeff,Okudah
2023,ATL,00-0036285,A.J. Terrell,A.J.,A.J.,Terrell
2023,ATL,00-0036295,Matt Hennessy,Matthew,Matt,Hennessy
2023,ATL,00-0036302,Jaylinn Hawkins,Jaylinn,Jaylinn,Hawkins
2023,ATL,00-0036352,Carlos Davis,Carlos,Carlos,Davis
2023,ATL,00-0036354,Kyle Hinton,Kyle,Kyle,Hinton
2023,ATL,00-0036415,Van Jefferson,Vanchii,Van,Jefferson
2023,ATL,00-0036463,Chris Blair,Chris,Chris,Blair
2023,ATL,00-0036471,Mathew Sexton,Mathew,Mathew,Sexton
2023,ATL,00-0036511,Milo Eifler,Camilo,Milo,Eifler
2023,ATL,00-0036825,Feleipe Franks,Feleipe,Feleipe,Franks
2023,ATL,00-0036833,Ryan Neuzil,Ryan,Ryan,Neuzil
2023,ATL,00-0036883,Tommy Togiai,Tommy,Tommy,Togiai
2023,ATL,00-0036890,Michal Menet,Michal,Michal,Menet
2023,ATL,00-0036910,C.J. Saunders,Charles,C.J.,Saunders
2023,ATL,00-0036948,Ta'Quon Graham,Ta'Quon,Ta'Quon,Graham
2023,ATL,00-0036949,Adetokunbo Ogundeji,Adetokunbo,Adetokunbo,Ogundeji
2023,ATL,00-0036950,Avery Williams,Avery,Avery,Williams
2023,ATL,00-0036951,Frank Darby,Frank,Frank,Darby
2023,ATL,00-0036957,Drew Dalman,Drew,Drew,Dalman
2023,ATL,00-0036961,Richie Grant,Richie,Richie,Grant
2023,ATL,00-0036970,Kyle Pitts,Kyle,Kyle,Pitts
2023,ATL,00-0037034,Dee Alford,DeAundre,Dee,Alford
2023,ATL,00-0037173,Slade Bolden,Slade,Slade,Bolden
2023,ATL,00-0037238,Drake London,Drake,Drake,London
2023,ATL,00-0037263,Tyler Allgeier,Tyler,Tyler,Allgeier
2023,ATL,00-0037290,Justin Shaffer,Justin,Justin,Shaffer
2023,ATL,00-0037306,John FitzPatrick,John,John,FitzPatrick
2023,ATL,00-0037580,Jared Bernhardt,Jared,Jared,Bernhardt
2023,ATL,00-0037585,Timmy Horne,Timmy,Timmy,Horne
2023,ATL,00-0037587,Nate Landman,Nate,Nate,Landman
2023,ATL,00-0037590,Tyler Vrabel,Tyler,Tyler,Vrabel
2023,ATL,00-0037654,Tucker Fisk,Tucker,Tucker,Fisk
2023,ATL,00-0037670,Arnold Tarpley,Arnold,Arnold,Tarpley
2023,ATL,00-0037808,DeAngelo Malone,DeAngelo,DeAngelo,Malone
2023,ATL,00-0037810,Troy Andersen,Troy,Troy,Andersen
2023,ATL,00-0038044,Caeveon Patton,Caeveon,Caeveon,Patton
2023,ATL,00-0038116,Arnold Ebiketie,Arnold,Arnold,Ebiketie
2023,ATL,00-0038122,Desmond Ridder,Desmond,Desmond,Ridder
2023,ATL,00-0038149,Josh Ali,Josh,Josh,Ali
2023,ATL,00-0038156,Clint Ratkovich,Clint,Clint,Ratkovich
2023,ATL,00-0038304,Barry Wesley,Barry,Barry,Wesley
2023,ATL,00-0038405,Travis Bell,Travis,Travis,Bell
2023,ATL,00-0038437,Donavan Mutin,Donavan,Donavan,Mutin
2023,ATL,00-0038486,Trevor Reid,Trevor,Trevor,Reid
2023,ATL,00-0038542,Bijan Robinson,Bijan,Bijan,Robinson
2023,ATL,00-0038568,Clark Phillips,Clark,Clark,Phillips
2023,ATL,00-0038628,DeMarcco Hellams,DeMarcco,DeMarcco,Hellams
2023,ATL,00-0038629,Jovaughn Gwyn,Jovaughn,Jovaughn,Gwyn
2023,ATL,00-0038662,Ryan Swoboda,Ryan,Ryan,Swoboda
2023,ATL,00-0038896,Jacob Saylors,Jacob,Jacob,Saylors
2023,ATL,00-0038925,Ikenna Enechukwu,Ikenna,Ikenna,Enechukwu
2023,ATL,00-0038926,Keilahn Harris,Keilahn,Keilahn,Harris
2023,ATL,00-0038927,Mike Jones,Mike,Mike,Jones
2023,ATL,00-0038928,Xavier Malone,Xavier,Xavier,Malone
2023,ATL,00-0038930,Carlos Washington,Carlos,Carlos,Washington
2023,ATL,00-0038966,Natrone Brooks,Natrone,Natrone,Brooks
2023,ATL,00-0038967,Clifford Chattman,Clifford,Clifford,Chattman
2023,ATL,00-0038980,Zach Harrison,Zach,Zach,Harrison
2023,ATL,00-0039048,Matthew Bergeron,Matthew,Matthew,Bergeron
2023,BAL,00-0026300,Josh Johnson,Joshua,Josh,Johnson
2023,BAL,00-0029592,Kevin Zeitler,Kevin,Kevin,Zeitler
2023,BAL,00-0029597,Justin Tucker,Justin,Justin,Tucker
2023,BAL,00-0030383,Duron Harmon,Duron,Duron,Harmon
2023,BAL,00-0030829,Josh Wells,Joshua,Josh,Wells
2023,BAL,00-0031156,Tyler Ott,Tyler,Tyler,Ott
2023,BAL,00-0031177,Brent Urban,Brent,Brent,Urban
2023,BAL,00-0031235,Odell Beckham,Odell,Odell,Beckham
2023,BAL,00-0031235,Odell Beckham Jr.,Odell,Odell,Beckham
2023,BAL,00-0031330,Morgan Moses,Morgan,Morgan,Moses
2023,BAL,00-0031360,Kyle Van Noy,Kyle,Kyle,Van Noy
2023,BAL,00-0031364,Jadeveon Clowney,Jadeveon,Jadeveon,Clowney
2023,BAL,00-0031549,Nelson Agholor,Nelson,Nelson,Agholor
2023,BAL,00-0031690,Eric Tomlinson,Eric,Eric,Tomlinson
2023,BAL,00-0032144,Melvin Gordon,Melvin,Melvin,Gordon
2023,BAL,00-0032195,Ronald Darby,Ronald,Ronald,Darby
2023,BAL,00-0032574,Michael Pierce,Michael,Michael,Pierce
2023,BAL,00-0032637,Andrew Adams,Andrew,Andrew,Adams
2023,BAL,00-0032790,DeAndre Houston-Carson,DeAndre,DeAndre,Houston-Carson
2023,BAL,00-0032891,Daryl Worley,Daryl,Daryl,Worley
2023,BAL,00-0032942,Kevon Seymour,Kevon,Kevon,Seymour
2023,BAL,00-0032951,Laquon Treadwell,Laquon,Laquon,Treadwell
2023,BAL,00-0032965,Ronnie Stanley,Ronnie,Ronnie,Stanley
2023,BAL,00-0033118,Kenyan Drake,Kenyan,Kenyan,Drake
2023,BAL,00-0033281,Marlon Humphrey,Marlon,Marlon,Humphrey
2023,BAL,00-0033283,Tyus Bowser,Tyus,Tyus,Bowser
2023,BAL,00-0033376,Patrick Ricard,Patrick,Patrick,Ricard
2023,BAL,00-0033503,Arthur Maulet,Arthur,Arthur,Maulet
2023,BAL,00-0033592,Kyle Fuller,Kyle,Kyle,Fuller
2023,BAL,00-0033893,Dalvin Cook,Dalvin,Dalvin,Cook
2023,BAL,00-0033894,Marcus Williams,Marcus,Marcus,Williams
2023,BAL,00-0034184,Gus Edwards,Gus,Gus,Edwards
2023,BAL,00-0034753,Mark Andrews,Mark,Mark,Andrews
2023,BAL,00-0034796,Lamar Jackson,Lamar,Lamar,Jackson
2023,BAL,00-0034874,Roquan Smith,Roquan,Roquan,Smith
2023,BAL,00-0034975,Justice Hill,Justice,Justice,Hill
2023,BAL,00-0035062,Sam Mustipher,Samuel,Sam,Mustipher
2023,BAL,00-0035112,Patrick Mekari,Patrick,Patrick,Mekari
2023,BAL,00-0035202,Del'Shawn Phillips,Del'Shawn,Del'Shawn,Phillips
2023,BAL,00-0035365,Tae Hayes,Ke'Montoe,Tae,Hayes
2023,BAL,00-0035408,Nick Moore,Nick,Nick,Moore
2023,BAL,00-0035637,Rock Ya-Sin,Abdurrahman,Rock,Ya-Sin
2023,BAL,00-0035695,Trayvon Mullen,Trayvon,Trayvon,Mullen
2023,BAL,00-0035769,Scotty Washington,Scotty,Scotty,Washington
2023,BAL,00-0035976,Dan Chisena,Daniel,Dan,Chisena
2023,BAL,00-0035993,Tyler Huntley,Tyler,Tyler,Huntley
2023,BAL,00-0036081,Broderick Washington,Broderick,Broderick,Washington
2023,BAL,00-0036130,Justin Madubuike,Justin,Justin,Madubuike
2023,BAL,00-0036133,James Proche,James,James,Proche
2023,BAL,00-0036158,J.K. Dobbins,Jkaylin,J.K.,Dobbins
2023,BAL,00-0036199,Geno Stone,Geno,Geno,Stone
2023,BAL,00-0036280,Malik Harrison,Malik,Malik,Harrison
2023,BAL,00-0036311,Bravvion Roy,Bravvion,Bravvion,Roy
2023,BAL,00-0036323,Patrick Queen,Patrick,Patrick,Queen
2023,BAL,00-0036331,Devin Duvernay,Devin,Devin,Duvernay
2023,BAL,00-0036369,John Simpson,John,John,Simpson
2023,BAL,00-0036491,Tarik Black,Tarik,Tarik,Black
2023,BAL,00-0036550,Rashod Bateman,Rashod,Rashod,Bateman
2023,BAL,00-0036565,Ben Mason,Ben,Ben,Mason
2023,BAL,00-0036587,Ar'Darius Washington,Ar'Darius,Ar'Darius,Washington
2023,BAL,00-0036630,Tylan Wallace,Tylan,Tylan,Wallace
2023,BAL,00-0036860,Jake Funk,Jake,Jake,Funk
2023,BAL,00-0036940,Odafe Oweh,Odafe,Odafe,Oweh
2023,BAL,00-0036977,Ben Cleveland,Ben,Ben,Cleveland
2023,BAL,00-0036987,Brandon Stephens,Brandon,Brandon,Stephens
2023,BAL,00-0037174,Shemar Bridges,Shemar,Shemar,Bridges
2023,BAL,00-0037175,Anthony Brown,Anthony,Anthony,Brown
2023,BAL,00-0037179,Jeremiah Moon,Jeremiah,Jeremiah,Moon
2023,BAL,00-0037181,Rayshad Nichols,Rayshad,Rayshad,Nichols
2023,BAL,00-0037184,Josh Ross,Josh,Josh,Ross
2023,BAL,00-0037608,Tre Swilling,Tre,Tre,Swilling
2023,BAL,00-0037747,Christian Matthew,Christian,Christian,Matthew
2023,BAL,00-0037756,Travis Jones,Travis,Travis,Jones
2023,BAL,00-0037825,Tyler Linderbaum,Tyler,Tyler,Linderbaum
2023,BAL,00-0037838,Isaiah Likely,Isaiah,Isaiah,Likely
2023,BAL,00-0037984,Damarion Williams,Damarion,Damarion,Williams
2023,BAL,00-0038038,Kyle Hamilton,Kyle,Kyle,Hamilton
2023,BAL,00-0038046,Charlie Kolar,Charlie,Charlie,Kolar
2023,BAL,00-0038094,Jordan Stout,Jordan,Jordan,Stout
2023,BAL,00-0038118,Daniel Faalele,Daniel,Daniel,Faalele
2023,BAL,00-0038119,Jalyn Armour-Davis,Jalyn,Jalyn,Armour-Davis
2023,BAL,00-0038142,David Ojabo,David,David,Ojabo
2023,BAL,00-0038382,Malaesala Aumavae-Laulu,Malaesala,Sala,Aumavae-Laulu
2023,BAL,00-0038382,Sala Aumavae-Laulu,Malaesala,Sala,Aumavae-Laulu
2023,BAL,00-0038383,Andrew Vorhees,Andrew,Andrew,Vorhees
2023,BAL,00-0038445,Trey Botts,Trey,Trey,Botts
2023,BAL,00-0038446,Kai Caesar,Kaieem,Kai,Caesar
2023,BAL,00-0038447,Dontay Demus,Dontay,Dontay,Demus
2023,BAL,00-0038448,Malik Hamm,Malik,Malik,Hamm
2023,BAL,00-0038451,Jeremy Lucien,Jeremy,Jeremy,Lucien
2023,BAL,00-0038452,Tashawn Manning,Tashawn,Tashawn,Manning
2023,BAL,00-0038453,Corey Mayfield,Corey,Corey,Mayfield
2023,BAL,00-0038454,Keaton Mitchell,Keaton,Keaton,Mitchell
2023,BAL,00-0038455,Sean Ryan,Sean,Sean,Ryan
2023,BAL,00-0038456,Travis Vokolek,Travis,Travis,Vokolek
2023,BAL,00-0038458,Owen Wright,Owen,Owen,Wright
2023,BAL,00-0038459,Tykeem Doss,Tykeem,Tykeem,Doss
2023,BAL,00-0038460,Jake Guidone,Jake,Jake,Guidone
2023,BAL,00-0038461,Kelle Sanders,Kelle,Kelle,Sanders
2023,BAL,00-0038504,Trenton Simpson,Trenton,Trenton,Simpson
2023,BAL,00-0038505,Tavius Robinson,Tavius,Tavius,Robinson
2023,BAL,00-0038911,Malik Cunningham,Malik,Malik,Cunningham
2023,BAL,00-0039064,Zay Flowers,Xavien,Zay,Flowers
2023,BUF,00-0027885,Linval Joseph,Linval,Linval,Joseph
2023,BUF,00-0027940,Von Miller,Vonnie,Von,Miller
2023,BUF,00-0029285,Josh Norman,Joshua,Josh,Norman
2023,BUF,00-0030090,Micah Hyde,Micah,Micah,Hyde
2023,BUF,00-0030092,Sam Martin,Sam,Sam,Martin
2023,BUF,00-0030114,Jordan Poyer,Jordan,Jordan,Poyer
2023,BUF,00-0030463,A.J. Klein,Aaron,A.J.,Klein
2023,BUF,00-0030513,Latavius Murray,Latavius,Latavius,Murray
2023,BUF,00-0030533,Matt Barkley,Matthew,Matt,Barkley
2023,BUF,00-0031054,DaQuan Jones,DaQuan,DaQuan,Jones
2023,BUF,00-0031361,Christian Kirksey,Christian,Christian,Kirksey
2023,BUF,00-0031557,Jordan Phillips,Jordan,Jordan,Phillips
2023,BUF,00-0031588,Stefon Diggs,Stefon,Stefon,Diggs
2023,BUF,00-0031923,Greg Mancz,Gregory,Greg,Mancz
2023,BUF,00-0031936,Mitch Morse,Mitchell,Mitch,Morse
2023,BUF,00-0032366,Tyler Matakevich,Tyler,Tyler,Matakevich
2023,BUF,00-0032384,Germain Ifedi,Germain,Germain,Ifedi
2023,BUF,00-0032420,Brandon Shell,Brandon,Brandon,Shell
2023,BUF,00-0032497,Reid Ferguson,Chandler,Reid,Ferguson
2023,BUF,00-0033072,Leonard Floyd,Leonard,Leonard,Floyd
2023,BUF,00-0033096,Shaq Lawson,Shaq,Shaq,Lawson
2023,BUF,00-0033400,Matt Haack,Matt,Matt,Haack
2023,BUF,00-0033551,Rasul Douglas,Rasul,Rasul,Douglas
2023,BUF,00-0033571,Matt Milano,Matthew,Matt,Milano
2023,BUF,00-0033598,Eli Ankou,Eli,Eli,Ankou
2023,BUF,00-0033856,Leonard Fournette,Leonard,Leonard,Fournette
2023,BUF,00-0033884,Tre'Davious White,Tre'Davious,Tre'Davious,White
2023,BUF,00-0033904,Dion Dawkins,Dion,Dion,Dawkins
2023,BUF,00-0034125,Kendal Vickers,Kendal,Kendal,Vickers
2023,BUF,00-0034234,Poona Ford,Kaylon,Poona,Ford
2023,BUF,00-0034367,Nyheim Hines,Nyheim,Nyheim,Hines
2023,BUF,00-0034376,Taron Johnson,Taron,Taron,Johnson
2023,BUF,00-0034391,Siran Neal,Siran,Siran,Neal
2023,BUF,00-0034394,Andrew Brown,Andrew,Andrew,Brown
2023,BUF,00-0034397,Tim Settle,Timothy,Tim,Settle
2023,BUF,00-0034487,Trent Sherfield,Trent,Trent,Sherfield
2023,BUF,00-0034505,Ike Boettger,Isaac,Ike,Boettger
2023,BUF,00-0034577,Kyle Allen,Kyle,Kyle,Allen
2023,BUF,00-0034747,Marcell Ateman,Marcell,Marcell,Ateman
2023,BUF,00-0034812,Travin Howard,Travin,Travin,Howard
2023,BUF,00-0034857,Josh Allen,Joshua,Josh,Allen
2023,BUF,00-0035210,Herb Miller,Herb,Herb,Miller
2023,BUF,00-0035215,Deonte Harty,Deonte,Deonte,Harty
2023,BUF,00-0035230,Ed Oliver,Ed,Ed,Oliver
2023,BUF,00-0035287,KeeSean Johnson,KeeSean,KeeSean,Johnson
2023,BUF,00-0035315,Cortez Broughton,Cortez,Cortez,Broughton
2023,BUF,00-0035352,Tyrel Dodson,Tyrel,Tyrel,Dodson
2023,BUF,00-0035357,Cam Lewis,Cameron,Cameron,Lewis
2023,BUF,00-0035357,Cameron Lewis,Cameron,Cameron,Lewis
2023,BUF,00-0035382,Ryan Bates,Ryan,Ryan,Bates
2023,BUF,00-0035499,Kyron Brown,Kyron,Kyron,Brown
2023,BUF,00-0035527,Andy Isabella,Andrew,Andy,Isabella
2023,BUF,00-0035537,Ty Johnson,Ty,Ty,Johnson
2023,BUF,00-0035558,Garrett McGhin,Garrett,Garrett,McGhin
2023,BUF,00-0035657,Damien Harris,Damien,Damien,Harris
2023,BUF,00-0035663,Taylor Rapp,Taylor,Taylor,Rapp
2023,BUF,00-0035668,David Edwards,David,David,Edwards
2023,BUF,00-0035671,Jace Sternberger,Jace,Jace,Sternberger
2023,BUF,00-0035679,Connor McGovern,Connor,Connor,McGovern
2023,BUF,00-0035689,Dawson Knox,Dawson,Dawson,Knox
2023,BUF,00-0035808,Jared Mayden,Jared,Jared,Mayden
2023,BUF,00-0035850,Kameron Cline,Kameron,Kameron,Cline
2023,BUF,00-0036162,Tyler Bass,Tyler,Tyler,Bass
2023,BUF,00-0036166,Dane Jackson,Dane,Dane,Jackson
2023,BUF,00-0036187,Reggie Gilliam,Reggie,Reggie,Gilliam
2023,BUF,00-0036192,A.J. Epenesa,Andrew,A.J.,Epenesa
2023,BUF,00-0036196,Gabe Davis,Gabriel,Gabe,Davis
2023,BUF,00-0036308,Isaiah Coulter,Isaiah,Isaiah,Coulter
2023,BUF,00-0036412,K.J. Hamler,Kahlee,K.J.,Hamler
2023,BUF,00-0036560,Tommy Doyle,Thomas,Tommy,Doyle
2023,BUF,00-0036590,Quintin Morris,Quintin,Quintin,Morris
2023,BUF,00-0036640,Zach Davidson,Zach,Zach,Davidson
2023,BUF,00-0036679,Shane Buechele,Shane,Shane,Buechele
2023,BUF,00-0036846,Tre Norwood,Tre,Tre,Norwood
2023,BUF,00-0036888,Damar Hamlin,Damar,Damar,Hamlin
2023,BUF,00-0036914,Greg Rousseau,Gregory,Gregory,Rousseau
2023,BUF,00-0036914,Gregory Rousseau,Gregory,Gregory,Rousseau
2023,BUF,00-0036976,Spencer Brown,Spencer,Spencer,Brown
2023,BUF,00-0037011,Tre' McKitty,Tre',Tre',McKitty
2023,BUF,00-0037242,Kaiir Elam,Kaiir,Kaiir,Elam
2023,BUF,00-0037248,James Cook,James,James,Cook
2023,BUF,00-0037254,Terrel Bernard,Terrel,Terrel,Bernard
2023,BUF,00-0037261,Khalil Shakir,Khalil,Khalil,Shakir
2023,BUF,00-0037288,Christian Benford,Christian,Christian,Benford
2023,BUF,00-0037318,Baylon Spector,Baylon,Baylon,Spector
2023,BUF,00-0037404,Ryan Van Demark,Ryan,Ryan,Van Demark
2023,BUF,00-0037428,Alec Anderson,Alec,Alec,Anderson
2023,BUF,00-0037431,Kingsley Jonathan,Kingsley,Kingsley,Jonathan
2023,BUF,00-0037441,Kevin Jarvis,Kevin,Kevin,Jarvis
2023,BUF,00-0037661,Ja'Marcus Ingram,Ja'Marcus,Ja'Marcus,Ingram
2023,BUF,00-0038414,Kendall Williamson,Kendall,Kendall,Williamson
2023,BUF,00-0038548,O'Cyrus Torrence,O'Cyrus,O'Cyrus,Torrence
2023,BUF,00-0038557,Dorian Williams,Dorian,Dorian,Williams
2023,BUF,00-0038590,Justin Shorter,Justin,Justin,Shorter
2023,BUF,00-0038675,D.J. Dale,D.J.,D.J.,Dale
2023,BUF,00-0038676,Richard Gouraige,Richard,Richard,Gouraige
2023,BUF,00-0038679,Tyrell Shavers,Tyrell,Tyrell,Shavers
2023,BUF,00-0038680,Bryan Thompson,Bryan,Bryan,Thompson
2023,BUF,00-0038933,Dalton Kincaid,Dalton,Dalton,Kincaid
2023,BUF,00-0039023,Joel Wilson,Joel,Joel,Wilson
2023,BUF,00-0039038,DaShaun White,DaShaun,DaShaun,White
2023,CAR,00-0026027,J.J. Jansen,Jeffrey,J.J.,Jansen
2023,CAR,00-0027973,Andy Dalton,Andrew,Andy,Dalton
2023,CAR,00-0028008,Justin Houston,Justin,Justin,Houston
2023,CAR,00-0028872,Johnny Hekker,John,Johnny,Hekker
2023,CAR,00-0030035,Adam Thielen,Adam,Adam,Thielen
2023,CAR,00-0030792,Justin McCray,Justin,Justin,McCray
2023,CAR,00-0031299,Jordan Matthews,Jordan,Jordan,Matthews
2023,CAR,00-0031367,Gabe Jackson,Gabriel,Gabe,Jackson
2023,CAR,00-0031550,Shaq Thompson,Sha'Quille,Shaq,Thompson
2023,CAR,00-0031555,Eric Rowe,Nelson,Eric,Rowe
2023,CAR,00-0031785,Troy Hill,Troy,Troy,Hill
2023,CAR,00-0031795,DeShawn Williams,DeShawn,DeShawn,Williams
2023,CAR,00-0032145,Cameron Erving,Cameron,Cameron,Erving
2023,CAR,00-0032269,Henry Anderson,Henry,Henry,Anderson
2023,CAR,00-0032388,Deion Jones,Deion,Deion,Jones
2023,CAR,00-0032408,Blake Martinez,Blake,Blake,Martinez
2023,CAR,00-0032437,Kamu Grugier-Hill,Caelan Kamuela,Kamu,Grugier-Hill
2023,CAR,00-0032496,Matthias Farley,Matthias,Matthias,Farley
2023,CAR,00-0032939,Vonn Bell,Vonn,Vonn,Bell
2023,CAR,00-0033284,Taylor Moton,Taylor,Taylor,Moton
2023,CAR,00-0033430,Greg Mabin,Gregory,Greg,Mabin
2023,CAR,00-0033556,Tarik Cohen,Tarik,Tarik,Cohen
2023,CAR,00-0033579,Xavier Woods,Xavier,Xavier,Woods
2023,CAR,00-0033913,Chris Wormley,Christopher,Chris,Wormley
2023,CAR,00-0033926,Shaquill Griffin,Shaquill,Shaquill,Griffin
2023,CAR,00-0033946,David Sharpe,David,David,Sharpe
2023,CAR,00-0034104,Cam Sims,Cam,Cam,Sims
2023,CAR,00-0034173,Eddy Pineiro,Eddy,Eddy,Pineiro
2023,CAR,00-0034208,Mike Boone,Michael,Mike,Boone
2023,CAR,00-0034261,Austin Corbett,Austin,Austin,Corbett
2023,CAR,00-0034281,Bradley Bozeman,Bradley,Bradley,Bozeman
2023,CAR,00-0034302,Frankie Luvu,Frankie,Frankie,Luvu
2023,CAR,00-0034325,Taylor Stallworth,Taylor,Taylor,Stallworth
2023,CAR,00-0034356,Donte Jackson,Donte,Donte,Jackson
2023,CAR,00-0034365,Ian Thomas,Ian,Ian,Thomas
2023,CAR,00-0034382,Marquis Haynes,Marquis,Marquis,Haynes
2023,CAR,00-0034420,Jordan Thomas,Jordan,Jordan,Thomas
2023,CAR,00-0034426,Javon Wims,Javon,Javon,Wims
2023,CAR,00-0034500,Tae Davis,Octavious,Tae,Davis
2023,CAR,00-0034723,Nick Thurman,Nick,Nick,Thurman
2023,CAR,00-0034777,D.J. Chark,Darrell,D.J.,Chark
2023,CAR,00-0034830,Hayden Hurst,Hayden,Hayden,Hurst
2023,CAR,00-0035189,Matthew Wright,Matthew,Matthew,Wright
2023,CAR,00-0035210,Herb Miller,Herb,Herb,Miller
2023,CAR,00-0035243,Miles Sanders,Miles,Miles,Sanders
2023,CAR,00-0035266,Michael Jordan,Michael,Michael,Jordan
2023,CAR,00-0035409,Shy Tuttle,Shyheim,Shy,Tuttle
2023,CAR,00-0035589,Gary Jennings,Gary,Gary,Jennings
2023,CAR,00-0035665,David Long,David,David,Long
2023,CAR,00-0035713,Brian Burns,Brian,Brian,Burns
2023,CAR,00-0035743,Brett Toth,Brett,Brett,Toth
2023,CAR,00-0035764,Calvin Throckmorton,Calvin,Calvin,Throckmorton
2023,CAR,00-0035956,Giovanni Ricci,Giovanni,Giovanni,Ricci
2023,CAR,00-0035958,Sam Tecklenburg,Sam,Sam,Tecklenburg
2023,CAR,00-0036007,Raequan Williams,Raequan,Raequan,Williams
2023,CAR,00-0036037,Sam Franklin,Sam,Sam,Franklin
2023,CAR,00-0036152,Lamar Jackson,Lamar,Lamar,Jackson
2023,CAR,00-0036189,Josh Thomas,Josh,Josh,Thomas
2023,CAR,00-0036210,Badara Traore,Badara,Badara,Traore
2023,CAR,00-0036220,Derrick Brown,Derrick,Derrick,Brown
2023,CAR,00-0036228,Dezmon Patmon,Dezmon,Dezmon,Patmon
2023,CAR,00-0036268,Laviska Shenault,Laviska,Laviska,Shenault
2023,CAR,00-0036281,C.J. Henderson,Christopher,C.J.,Henderson
2023,CAR,00-0036288,Yetur Gross-Matos,Yetur,Yetur,Gross-Matos
2023,CAR,00-0036293,Jeremy Chinn,Jeremy,Jeremy,Chinn
2023,CAR,00-0036312,Jake Luton,Jake,Jake,Luton
2023,CAR,00-0036315,Stantley Thomas-Oliver,Stantley,Stantley,Thomas-Oliver
2023,CAR,00-0036373,Rashard Lawrence,Ronald,Rashard,Lawrence
2023,CAR,00-0036438,Stephen Sullivan,Stephen,Stephen,Sullivan
2023,CAR,00-0036482,Mike Strachan,Mike,Mike,Strachan
2023,CAR,00-0036543,Spencer Brown,Spencer,Spencer,Brown
2023,CAR,00-0036555,Chuba Hubbard,Chuba,Chuba,Hubbard
2023,CAR,00-0036566,Deonte Brown,Deonte,Deonte,Brown
2023,CAR,00-0036571,Marquez Stevenson,Marquez,Marquez,Stevenson
2023,CAR,00-0036572,Shi Smith,Shiyun,Shi,Smith
2023,CAR,00-0036575,Larnel Coleman,Larnel,Larnel,Coleman
2023,CAR,00-0036635,Ihmir Smith-Marsette,Ihmir,Ihmir,Smith-Marsette
2023,CAR,00-0036678,Dicaprio Bootle,Dicaprio,Dicaprio,Bootle
2023,CAR,00-0036724,Mac McCain,Franklin,Mac,McCain
2023,CAR,00-0036752,A.J. Parker,A.J.,A.J.,Parker
2023,CAR,00-0036831,Kobe Jones,Kobe,Kobe,Jones
2023,CAR,00-0036858,Jalen Camp,Jalen,Jalen,Camp
2023,CAR,00-0036904,Robert Rochell,Robert,Robert,Rochell
2023,CAR,00-0036944,Jaycee Horn,Jaycee,Jaycee,Horn
2023,CAR,00-0036955,Terrace Marshall,Terrace,Terrace,Marshall
2023,CAR,00-0036968,Brady Christensen,Brady,Brady,Christensen
2023,CAR,00-0037005,Tommy Tremble,Tommy,Tommy,Tremble
2023,CAR,00-0037043,Amare Barno,Amare,Amare,Barno
2023,CAR,00-0037203,LaBryan Ray,LaBryan,LaBryan,Ray
2023,CAR,00-0037229,Ikem Ekwonu,Ikem,Ikem,Ekwonu
2023,CAR,00-0037297,Cade Mays,Cade,Cade,Mays
2023,CAR,00-0037368,Derek Wright,Derek,Derek,Wright
2023,CAR,00-0037410,Jashaun Corbin,Jashaun,Jashaun,Corbin
2023,CAR,00-0037429,Raheem Blackshear,Raheem,Raheem,Blackshear
2023,CAR,00-0037499,Luiji Vilain,Luiji,Luiji,Vilain
2023,CAR,00-0037516,Sam Webb,Sam,Sam,Webb
2023,CAR,00-0037556,Chris Pierce,Chris,Chris,Pierce
2023,CAR,00-0037560,Chandler Wooten,Chandler,Chandler,Wooten
2023,CAR,00-0037603,Jayden Peevy,Jayden,Jayden,Peevy
2023,CAR,00-0038113,Brandon Smith,Brandon,Brandon,Smith
2023,CAR,00-0038253,Antwuan Jackson,Antwuan,Antwuan,Jackson
2023,CAR,00-0038475,Alex Cook,Alex,Alex,Cook
2023,CAR,00-0038493,Claudin Cherelus,Claudin,Claudin,Cherelus
2023,CAR,00-0038535,D.J. Johnson,D.J.,D.J.,Johnson
2023,CAR,00-0038536,Chandler Zavala,Chandler,Chandler,Zavala
2023,CAR,00-0038537,J.D. DiRenzo,Joseph,J.D.,DiRenzo
2023,CAR,00-0038538,Mark Milton,Mark,Mark,Milton
2023,CAR,00-0038539,Bumper Pool,Bumper,Bumper,Pool
2023,CAR,00-0038587,Jammie Robinson,Jammie,Jammie,Robinson
2023,CAR,00-0038762,Matt Landers,Matthew,Matt,Landers
2023,CAR,00-0038775,Nash Jensen,Nash,Nash,Jensen
2023,CAR,00-0038776,Ricky Lee,Ricky,Ricky,Lee
2023,CAR,00-0038777,Camerun Peoples,Camerun,Camerun,Peoples
2023,CAR,00-0038780,Josh Vann,Josh,Josh,Vann
2023,CAR,00-0038781,Rejzohn Wright,Rejzohn,Rejzohn,Wright
2023,CAR,00-0038782,Eku Leota,Andrew,Eku,Leota
2023,CAR,00-0038877,D'Shawn Jamison,D'Shawn,D'Shawn,Jamison
2023,CAR,00-0038880,Ilm Manning,Ilm,Ilm,Manning
2023,CAR,00-0038944,Collin Duncan,Collin,Collin,Duncan
2023,CAR,00-0038990,Ayinde Eley,Ayinde,Ayinde,Eley
2023,CAR,00-0039062,Jonathan Mingo,Jonathan,Jonathan,Mingo
2023,CAR,00-0039150,Bryce Young,Bryce,Bryce,Young
2023,CHI,00-0024243,Marcedes Lewis,Marcedes,Marcedes,Lewis
2023,CHI,00-0027187,Matt Overton,Matthew,Matt,Overton
2023,CHI,00-0028284,Patrick Scales,Patrick,Patrick,Scales
2023,CHI,00-0030383,Duron Harmon,Duron,Duron,Harmon
2023,CHI,00-0031203,Cairo Santos,Cairo,Cairo,Santos
2023,CHI,00-0032768,Cody Whitehair,Cody,Cody,Whitehair
2023,CHI,00-0033066,Andrew Billings,Andrew,Andrew,Billings
2023,CHI,00-0033082,Lucas Patrick,Lucas,Lucas,Patrick
2023,CHI,00-0033123,Yannick Ngakoue,Yannick,Yannick,Ngakoue
2023,CHI,00-0033292,Trent Taylor,Trent,Trent,Taylor
2023,CHI,00-0033302,Adrian Colbert,Adrian,Adrian,Colbert
2023,CHI,00-0033326,Aviante Collins,Aviante,Aviante,Collins
2023,CHI,00-0033471,Isaiah Ford,Isaiah,Isaiah,Ford
2023,CHI,00-0033757,Robert Tonyan,Robert,Robert,Tonyan
2023,CHI,00-0033765,Dylan Cole,Dylan,Dylan,Cole
2023,CHI,00-0033782,DeMarcus Walker,DeMarcus,DeMarcus,Walker
2023,CHI,00-0033784,Eddie Jackson,Eddie,Eddie,Jackson
2023,CHI,00-0033910,Dan Feeney,Daniel,Dan,Feeney
2023,CHI,00-0033925,D'Onta Foreman,D'Onta,D'Onta,Foreman
2023,CHI,00-0033958,Nathan Peterman,Nathan,Nathan,Peterman
2023,CHI,00-0034279,Equanimeous St. Brown,Equanimeous,Equanimeous,St. Brown
2023,CHI,00-0034337,Greg Stroman,Gregory,Greg,Stroman
2023,CHI,00-0034394,Andrew Brown,Andrew,Andrew,Brown
2023,CHI,00-0034673,Tremaine Edmunds,Fe'Zahn,Tremaine,Edmunds
2023,CHI,00-0034677,Justin Jones,Justin,Justin,Jones
2023,CHI,00-0034769,DeMarquis Gates,DeMarquis,DeMarquis,Gates
2023,CHI,00-0034827,D.J. Moore,Denniston,D.J.,Moore
2023,CHI,00-0034831,Rasheem Green,Rasheem,Rasheem,Green
2023,CHI,00-0034860,Dante Pettis,Dante,Dante,Pettis
2023,CHI,00-0035039,Stephen Carlson,Stephen,Stephen,Carlson
2023,CHI,00-0035099,Khari Blasingame,Khari,Khari,Blasingame
2023,CHI,00-0035146,Trace McSorley,Trace,Trace,McSorley
2023,CHI,00-0035241,Joejuan Williams,Joejuan,Joejuan,Williams
2023,CHI,00-0035386,T.J. Edwards,T.J.,T.J.,Edwards
2023,CHI,00-0035594,Travis Homer,Travis,Travis,Homer
2023,CHI,00-0035621,Nsimba Webster,Nsimba,Nsimba,Webster
2023,CHI,00-0035647,Montez Sweat,Montez,Montez,Sweat
2023,CHI,00-0035649,Nate Davis,Nate,Nate,Davis
2023,CHI,00-0035787,Jared Pinkney,Jared,Jared,Pinkney
2023,CHI,00-0035829,Austen Pleasants,Austen,Austen,Pleasants
2023,CHI,00-0036093,Bill Murray,Bill,Bill,Murray
2023,CHI,00-0036234,Logan Stenberg,Logan,Logan,Stenberg
2023,CHI,00-0036254,Collin Johnson,Collin,Collin,Johnson
2023,CHI,00-0036290,Cole Kmet,Cole,Cole,Kmet
2023,CHI,00-0036292,Jaylon Johnson,Jaylon,Jaylon,Johnson
2023,CHI,00-0036297,Darrynton Evans,Darrynton,Darrynton,Evans
2023,CHI,00-0036300,Mykal Walker,Mykal,Mykal,Walker
2023,CHI,00-0036309,Darnell Mooney,Darnell,Darnell,Mooney
2023,CHI,00-0036326,Chase Claypool,Chase,Chase,Claypool
2023,CHI,00-0036341,Khalid Kareem,Khalid,Khalid,Kareem
2023,CHI,00-0036377,Joe Reed,Joseph,Joe,Reed
2023,CHI,00-0036390,Michael Ojemudia,Michael,Michael,Ojemudia
2023,CHI,00-0036393,Davion Taylor,Davion,Davion,Taylor
2023,CHI,00-0036419,Terrell Lewis,Terrell,Terrell,Lewis
2023,CHI,00-0036507,Michael Dwumfour,Michael,Michael,Dwumfour
2023,CHI,00-0036586,Barrington Wade,Barrington,Barrington,Wade
2023,CHI,00-0036663,Matt Farniok,Matt,Matt,Farniok
2023,CHI,00-0036870,Buddy Johnson,Buddy,Buddy,Johnson
2023,CHI,00-0036905,Larry Borom,Larry,Larry,Borom
2023,CHI,00-0036906,Khalil Herbert,Khalil,Khalil,Herbert
2023,CHI,00-0036945,Justin Fields,Justin,Justin,Fields
2023,CHI,00-0036953,Teven Jenkins,Teven,Teven,Jenkins
2023,CHI,00-0037040,Roy Mbaeteka,Roy,Roy,Mbaeteka
2023,CHI,00-0037081,Braxton Jones,Braxton,Braxton,Jones
2023,CHI,00-0037082,Dominique Robinson,Dominique,Dominique,Robinson
2023,CHI,00-0037087,Trestan Ebner,Trestan,Trestan,Ebner
2023,CHI,00-0037088,Doug Kramer,Doug,Doug,Kramer
2023,CHI,00-0037089,Ja'Tyre Carter,Ja'Tyre,Ja'Tyre,Carter
2023,CHI,00-0037096,Elijah Hicks,Elijah,Elijah,Hicks
2023,CHI,00-0037097,Trenton Gill,Trenton,Trenton,Gill
2023,CHI,00-0037106,Jaylon Jones,Jaylon,Jaylon,Jones
2023,CHI,00-0037109,Jack Sanborn,Jack,Jack,Sanborn
2023,CHI,00-0037129,Josh Blackwell,Josh,Josh,Blackwell
2023,CHI,00-0037222,A.J. Thomas,A.J.,A.J.,Thomas
2023,CHI,00-0037542,John Parker Romo,John Parker,John Parker,Romo
2023,CHI,00-0037745,Velus Jones,Velus,Velus,Jones
2023,CHI,00-0037747,Christian Matthew,Christian,Christian,Matthew
2023,CHI,00-0037843,Daniel Hardy,Daniel,Daniel,Hardy
2023,CHI,00-0038111,Kyler Gordon,Kyler,Kyler,Gordon
2023,CHI,00-0038135,Jaquan Brisker,Jaquan,Jaquan,Brisker
2023,CHI,00-0038368,Quindell Johnson,Quindell,Quindell,Johnson
2023,CHI,00-0038390,Noah Sewell,Noah,Noah,Sewell
2023,CHI,00-0038395,Terell Smith,Terell,Terell,Smith
2023,CHI,00-0038405,Travis Bell,Travis,Travis,Bell
2023,CHI,00-0038414,Kendall Williamson,Kendall,Kendall,Williamson
2023,CHI,00-0038416,Tyson Bagent,Tyson,Tyson,Bagent
2023,CHI,00-0038417,Micah Baskerville,Micah,Micah,Baskerville
2023,CHI,00-0038419,Robert Burns,Robert,Robert,Burns
2023,CHI,00-0038421,Macon Clark,Macon,Macon,Clark
2023,CHI,00-0038423,Jalen Harris,Jalen,Jalen,Harris
2023,CHI,00-0038424,Bobby Haskins,Bobby,Bobby,Haskins
2023,CHI,00-0038425,Gabe Houy,Gabe,Gabe,Houy
2023,CHI,00-0038491,Deslin Alexandre,Deslin,Deslin,Alexandre
2023,CHI,00-0038509,Jerome Carvin,Jerome,Jerome,Carvin
2023,CHI,00-0038524,D'Anthony Jones,D'Anthony,D'Anthony,Jones
2023,CHI,00-0038525,Josh Lugg,Josh,Josh,Lugg
2023,CHI,00-0038526,Bralen Trahan,Bralen,Bralen,Trahan
2023,CHI,00-0038932,Darnell Wright,Darnell,Darnell,Wright
2023,CHI,00-0038937,Zacch Pickens,Zacch,Zacch,Pickens
2023,CHI,00-0038941,Tyler Scott,Tyler,Tyler,Scott
2023,CHI,00-0039021,Roschon Johnson,Roschon,Roschon,Johnson
2023,CHI,00-0039070,Gervon Dexter,Gervon,Gervon,Dexter
2023,CHI,00-0039071,Tyrique Stevenson,Tyrique,Tyrique,Stevenson
2023,CHI,00-0039188,Lachlan Pitts,Lachlan,Lachlan,Pitts
2023,CIN,00-0028908,Michael Thomas,Michael,Michael,Thomas
2023,CIN,00-0031288,AJ McCarron,Raymond,AJ,McCarron
2023,CIN,00-0031534,La'el Collins,La'el,La'el,Collins
2023,CIN,00-0032156,Trevor Siemian,Trevor,Trevor,Siemian
2023,CIN,00-0032424,D.J. Reader,David,D.J.,Reader
2023,CIN,00-0032445,Ted Karras,Ted,Ted,Karras
2023,CIN,00-0032521,Mike Hilton,Michael,Mike,Hilton
2023,CIN,00-0033009,Tyler Boyd,Tyler,Tyler,Boyd
2023,CIN,00-0033347,Josh Tupou,Josh,Josh,Tupou
2023,CIN,00-0033543,Sidney Jones,Sidney,Sidney,Jones
2023,CIN,00-0033548,Chidobe Awuzie,Chidobe,Chidobe,Awuzie
2023,CIN,00-0033897,Joe Mixon,Joe,Joe,Mixon
2023,CIN,00-0033935,Trey Hendrickson,Collins,Trey,Hendrickson
2023,CIN,00-0034446,Jalen Davis,Jalen,Jalen,Davis
2023,CIN,00-0034613,Tanner Hudson,Tanner,Tanner,Hudson
2023,CIN,00-0034678,Alex Cappa,Alexander,Alex,Cappa
2023,CIN,00-0034752,Orlando Brown,Orlando,Orlando,Brown
2023,CIN,00-0034800,B.J. Hill,Bobby,B.J.,Hill
2023,CIN,00-0034834,Sam Hubbard,Samuel,Sam,Hubbard
2023,CIN,00-0034970,Irv Smith,Irvin,Irv,Smith
2023,CIN,00-0035100,Jake Browning,Jake,Jake,Browning
2023,CIN,00-0035222,Zach Gentry,Zach,Zach,Gentry
2023,CIN,00-0035238,Cody Ford,Cody,Cody,Ford
2023,CIN,00-0035245,Max Scharping,Max,Max,Scharping
2023,CIN,00-0035251,Will Grier,Will,Will,Grier
2023,CIN,00-0035291,Trayveon Williams,Trayveon,Trayveon,Williams
2023,CIN,00-0035341,Trenton Irwin,Trenton,Trenton,Irwin
2023,CIN,00-0035399,Stanley Morgan,Stanley,Stanley,Morgan
2023,CIN,00-0035534,Marvell Tell,Marvell,Marvell,Tell
2023,CIN,00-0035629,Jonah Williams,Jonah,Jonah,Williams
2023,CIN,00-0035631,Drew Sample,Drew,Drew,Sample
2023,CIN,00-0035669,Nick Scott,Nicholas,Nick,Scott
2023,CIN,00-0035697,Germaine Pratt,Germaine,Germaine,Pratt
2023,CIN,00-0035771,Mitchell Wilcox,Mitchell,Mitchell,Wilcox
2023,CIN,00-0035895,Joe Bachie,Joe,Joe,Bachie
2023,CIN,00-0035904,Nathan Gilliam,Nathan,Nathan,Gilliam
2023,CIN,00-0036052,Reid Sinnett,Reid,Reid,Sinnett
2023,CIN,00-0036148,Domenique Davis,Domenique,Domenique,Davis
2023,CIN,00-0036194,Devin Asiasi,Devin,Devin,Asiasi
2023,CIN,00-0036203,Keandre Jones,Keandre,Keandre,Jones
2023,CIN,00-0036294,Logan Wilson,Logan,Logan,Wilson
2023,CIN,00-0036298,Akeem Davis-Gaither,Akeem,Akeem,Davis-Gaither
2023,CIN,00-0036314,Markus Bailey,Markus,Markus,Bailey
2023,CIN,00-0036410,Tee Higgins,Tamaurice,Tee,Higgins
2023,CIN,00-0036432,Clay Johnston,Clay,Clay,Johnston
2023,CIN,00-0036442,Joe Burrow,Joe,Joe,Burrow
2023,CIN,00-0036654,Demetric Felton,Demetric,Demetric,Felton
2023,CIN,00-0036729,Drue Chrisman,Drue,Drue,Chrisman
2023,CIN,00-0036850,Cam Sample,Cameron,Cam,Sample
2023,CIN,00-0036852,D'Ante Smith,D'Ante,D'Ante,Smith
2023,CIN,00-0036854,Evan McPherson,Evan,Evan,McPherson
2023,CIN,00-0036856,Trey Hill,Trey,Trey,Hill
2023,CIN,00-0036857,Chris Evans,Chris,Chris,Evans
2023,CIN,00-0036865,Jackson Carman,Jackson,Jackson,Carman
2023,CIN,00-0036881,Jay Tufele,Jay,Jay,Tufele
2023,CIN,00-0036900,Ja'Marr Chase,Ja'Marr,Ja'Marr,Chase
2023,CIN,00-0036902,Joseph Ossai,Joseph,Joseph,Ossai
2023,CIN,00-0037293,Devin Harper,Devin,Devin,Harper
2023,CIN,00-0037346,Owen Carney,Owen,Owen,Carney
2023,CIN,00-0037370,Yusuf Corker,Yusuf,Yusuf,Corker
2023,CIN,00-0037412,Cal Adomitis,Cal,Cal,Adomitis
2023,CIN,00-0037414,Devin Cochran,Devin,Devin,Cochran
2023,CIN,00-0037415,Allan George,Darian,Allan,George
2023,CIN,00-0037420,Kwamie Lassiter,Kwamie,Kwamie,Lassiter
2023,CIN,00-0037422,Kendric Pryor,Kendric,Kendric,Pryor
2023,CIN,00-0037743,Dax Hill,Daxton,Dax,Hill
2023,CIN,00-0037752,Tycen Anderson,Tycen,Tycen,Anderson
2023,CIN,00-0037753,Cam Taylor-Britt,Cam,Cam,Taylor-Britt
2023,CIN,00-0037760,Jeff Gunter,Jeffrey,Jeff,Gunter
2023,CIN,00-0037804,Zach Carter,Zachary,Zach,Carter
2023,CIN,00-0038095,Cordell Volson,Cordell,Cordell,Volson
2023,CIN,00-0038137,Drew Plitt,Drew,Drew,Plitt
2023,CIN,00-0038405,Travis Bell,Travis,Travis,Bell
2023,CIN,00-0038546,Myles Murphy,Myles,Myles,Murphy
2023,CIN,00-0038549,D.J. Turner,Juandrago,D.J.,Turner
2023,CIN,00-0038560,Jordan Battle,Jordan,Jordan,Battle
2023,CIN,00-0038576,Charlie Jones,Charlie,Charlie,Jones
2023,CIN,00-0038597,Chase Brown,Chase,Chase,Brown
2023,CIN,00-0038619,Andrei Iosivas,Andrei,Andrei,Iosivas
2023,CIN,00-0038626,Brad Robbins,Brad,Brad,Robbins
2023,CIN,00-0038642,D.J. Ivey,D.J.,D.J.,Ivey
2023,CIN,00-0038693,Garrett Nelson,Garrett,Garrett,Nelson
2023,CIN,00-0038886,Malachi Carter,Malachi,Malachi,Carter
2023,CIN,00-0038887,Mac Hippenhammer,Mac,Mac,Hippenhammer
2023,CIN,00-0038888,Tautala Pesefea,Tautala,Tautala,Pesefea
2023,CIN,00-0038889,Larry Brooks,Larry,Larry,Brooks
2023,CIN,00-0038890,Shaka Heyward,Shaka,Shaka,Heyward
2023,CIN,00-0038891,Shedrick Jackson,Shedrick,Shedrick,Jackson
2023,CIN,00-0038892,Jaxson Kirkland,Jaxson,Jaxson,Kirkland
2023,CIN,00-0038893,Devonnsha Maxwell,Devonnsha,Devonnsha,Maxwell
2023,CIN,00-0038894,Jaylen Moody,Jaylen,Jaylen,Moody
2023,CIN,00-0038895,Tyler Murray,Tyler,Tyler,Murray
2023,CIN,00-0038896,Jacob Saylors,Jacob,Jacob,Saylors
2023,CIN,00-0038897,Christian Trahan,Christian,Christian,Trahan
2023,CIN,00-0038898,Calvin Tyler,Calvin,Calvin,Tyler
2023,CLE,00-0026158,Joe Flacco,Joseph,Joe,Flacco
2023,CLE,00-0027648,Rodger Saffold,Rodger,Rodger,Saffold
2023,CLE,00-0028899,Rodney McLeod,Rodney,Rodney,McLeod
2023,CLE,00-0028899,Rodney McLeod Jr.,Rodney,Rodney,McLeod
2023,CLE,00-0029008,Charley Hughlett,Robert,Charley,Hughlett
2023,CLE,00-0029709,Ty Nsekhe,Attauyo,Ty,Nsekhe
2023,CLE,00-0030068,Marquise Goodwin,Marquise,Marquise,Goodwin
2023,CLE,00-0030098,Dustin Hopkins,Dustin,Dustin,Hopkins
2023,CLE,00-0030383,Duron Harmon,Duron,Duron,Harmon
2023,CLE,00-0031270,Shelby Harris,Shelby,Shelby,Harris
2023,CLE,00-0031426,Joel Bitonio,Joel,Joel,Bitonio
2023,CLE,00-0031544,Amari Cooper,Amari,Amari,Cooper
2023,CLE,00-0031576,Za'Darius Smith,Za'Darius,Za'Darius,Smith
2023,CLE,00-0032436,Jeff Driskel,Jeffrey,Jeff,Driskel
2023,CLE,00-0032528,Justin Murray,Justin,Justin,Murray
2023,CLE,00-0032791,Jakeem Grant,Jakeem,Jakeem,Grant
2023,CLE,00-0033057,Jack Conklin,Jack,Jack,Conklin
2023,CLE,00-0033118,Kenyan Drake,Kenyan,Kenyan,Drake
2023,CLE,00-0033275,P.J. Walker,Phillip,P.J.,Walker
2023,CLE,00-0033275,PJ Walker,Phillip,P.J.,Walker
2023,CLE,00-0033275,Phillip Walker,Phillip,Phillip,Walker
2023,CLE,00-0033400,Matt Haack,Matt,Matt,Haack
2023,CLE,00-0033537,Deshaun Watson,Derrick,Deshaun,Watson
2023,CLE,00-0033546,Dalvin Tomlinson,Dalvin,Dalvin,Tomlinson
2023,CLE,00-0033570,Anthony Walker,Anthony,Anthony,Walker
2023,CLE,00-0033868,Myles Garrett,Myles,Myles,Garrett
2023,CLE,00-0033885,David Njoku,David,David,Njoku
2023,CLE,00-0033901,Ethan Pocic,Ethan,Ethan,Pocic
2023,CLE,00-0033923,Kareem Hunt,Kareem,Kareem,Hunt
2023,CLE,00-0033995,Michael Dunn,Michael,Michael,Dunn
2023,CLE,00-0034364,Jordan Akins,Jordan,Jordan,Akins
2023,CLE,00-0034399,Wyatt Teller,William,Wyatt,Teller
2023,CLE,00-0034400,Jordan Wilkins,Jordan,Jordan,Wilkins
2023,CLE,00-0034424,Matthew Adams,Matthew,Matthew,Adams
2023,CLE,00-0034639,Mike Ford,Michael,Mike,Ford
2023,CLE,00-0034721,Corey Bojorquez,Corey,Corey,Bojorquez
2023,CLE,00-0034746,Maurice Hurst,Maurice,Maurice,Hurst
2023,CLE,00-0034791,Nick Chubb,Nicholas,Nick,Chubb
2023,CLE,00-0034807,Ogbo Okoronkwo,Ogbonnia,Ogbonnia,Okoronkwo
2023,CLE,00-0034807,Ogbonnia Okoronkwo,Ogbonnia,Ogbonnia,Okoronkwo
2023,CLE,00-0034808,John Kelly,John,John,Kelly
2023,CLE,00-0034817,Geron Christian,Geron,Geron,Christian
2023,CLE,00-0034856,Denzel Ward,Denzel,Denzel,Ward
2023,CLE,00-0034930,Trinity Benson,Trinity,Trinity,Benson
2023,CLE,00-0034991,Drew Forbes,Andrew,Drew,Forbes
2023,CLE,00-0035108,Nate Meadors,Nathan,Nate,Meadors
2023,CLE,00-0035247,Trysten Hill,Trysten,Trysten,Hill
2023,CLE,00-0035263,Wes Martin,Wesley,Wes,Martin
2023,CLE,00-0035407,Derrick Kelly,Derrick,Derrick,Kelly
2023,CLE,00-0035444,Jordan Kunaszyk,Jordan,Jordan,Kunaszyk
2023,CLE,00-0035625,Juan Thornhill,Juan,Juan,Thornhill
2023,CLE,00-0035646,Sione Takitaki,Sione,Sione,Takitaki
2023,CLE,00-0035857,Chris Williams,Christopher,Chris,Williams
2023,CLE,00-0036056,Gavin Heslop,Gavin,Gavin,Heslop
2023,CLE,00-0036114,A.J. Green,Alvin,A.J.,Green
2023,CLE,00-0036133,James Proche,James,James,Proche
2023,CLE,00-0036194,Devin Asiasi,Devin,Devin,Asiasi
2023,CLE,00-0036232,Harrison Bryant,Harrison,Harrison,Bryant
2023,CLE,00-0036233,Donovan Peoples-Jones,Donovan,Donovan,Peoples-Jones
2023,CLE,00-0036236,Nick Harris,Nick,Nick,Harris
2023,CLE,00-0036266,Jordan Elliott,Jordan,Jordan,Elliott
2023,CLE,00-0036267,Jedrick Wills,Jedrick,Jedrick,Wills
2023,CLE,00-0036276,Jacob Phillips,Jacob,Jacob,Phillips
2023,CLE,00-0036282,Grant Delpit,Grant,Grant,Delpit
2023,CLE,00-0036385,Thakarius Keyes,Thakarius,Thakarius,Keyes
2023,CLE,00-0036493,Deon Jackson,Deon,Deon,Jackson
2023,CLE,00-0036582,Nate McCrary,Nate,Nate,McCrary
2023,CLE,00-0036634,Tony Fields,Tony,Tony,Fields
2023,CLE,00-0036634,Tony Fields II,Tony,Tony,Fields
2023,CLE,00-0036676,Austin Watkins,Austin,Austin,Watkins
2023,CLE,00-0036676,Austin Watkins Jr.,Austin,Austin,Watkins
2023,CLE,00-0036692,Miller Forristall,Miller,Miller,Forristall
2023,CLE,00-0036705,Sam Kamara,Sam,Sam,Kamara
2023,CLE,00-0036807,Lorenzo Burns,Lorenzo,Lorenzo,Burns
2023,CLE,00-0036816,Riley Patterson,Riley,Riley,Patterson
2023,CLE,00-0036866,James Hudson,James,James,Hudson
2023,CLE,00-0036877,Jaelon Darden,Jaelon,Jaelon,Darden
2023,CLE,00-0036883,Tommy Togiai,Tommy,Tommy,Togiai
2023,CLE,00-0036892,Alex Leatherwood,Alex,Alex,Leatherwood
2023,CLE,00-0036908,Thomas Graham,Thomas,Thomas,Graham
2023,CLE,00-0036915,Jeremiah Owusu-Koramoah,Jeremiah,Jeremiah,Owusu-Koramoah
2023,CLE,00-0036946,Kellen Mond,Kellen,Kellen,Mond
2023,CLE,00-0036980,Elijah Moore,Elijah,Elijah,Moore
2023,CLE,00-0036996,Greg Newsome,Greg,Greg,Newsome
2023,CLE,00-0036996,Greg Newsome II,Greg,Greg,Newsome
2023,CLE,00-0036999,Anthony Schwartz,Anthony,Anthony,Schwartz
2023,CLE,00-0037250,Martin Emerson,Martin,Martin,Emerson
2023,CLE,00-0037251,Alex Wright,Alex,Alex,Wright
2023,CLE,00-0037257,David Bell,David,David,Bell
2023,CLE,00-0037267,Jerome Ford,Jerome,Jerome,Ford
2023,CLE,00-0037300,Mike Woods,Michael,Mike,Woods
2023,CLE,00-0037314,Isaiah Thomas,Isaiah,Isaiah,Thomas
2023,CLE,00-0037325,Kalon Barnes,Kalon,Kalon,Barnes
2023,CLE,00-0037326,Dawson Deaton,Dawson,Dawson,Deaton
2023,CLE,00-0037332,D'Anthony Bell,D'Anthony,D'Anthony,Bell
2023,CLE,00-0037334,Mike Harley,Mike,Mike,Harley
2023,CLE,00-0037340,Zaire Mitchell-Paden,Zaire,Zaire,Mitchell-Paden
2023,CLE,00-0037343,Isaiah Weston,Isaiah,Isaiah,Weston
2023,CLE,00-0037536,Vincent Gray,Vincent,Vincent,Gray
2023,CLE,00-0037591,Leroy Watson,Leroy,Leroy,Watson
2023,CLE,00-0038098,Pierre Strong,Pierre,Pierre,Strong
2023,CLE,00-0038152,Lucas Havrisik,Lucas,Lucas,Havrisik
2023,CLE,00-0038523,Kahlef Hailassie,Kahlef,Kahlef,Hailassie
2023,CLE,00-0038561,Siaki Ika,Siaki,Siaki,Ika
2023,CLE,00-0038574,Isaiah McGuire,Isaiah,Isaiah,McGuire
2023,CLE,00-0038583,Dorian Thompson-Robinson,Dorian,Dorian,Thompson-Robinson
2023,CLE,00-0038585,Cameron Mitchell,Cameron,Cameron,Mitchell
2023,CLE,00-0038609,Luke Wypler,Luke,Luke,Wypler
2023,CLE,00-0038681,Jalen Wayne,Jalen,Jalen,Wayne
2023,CLE,00-0038711,Mohamoud Diabate,Mohamoud,Mohamoud,Diabate
2023,CLE,00-0038712,Caleb Biggers,Caleb,Caleb,Biggers
2023,CLE,00-0038713,Thomas Greaney,Thomas,Thomas,Greaney
2023,CLE,00-0038714,Hassan Hall,Hassan,Hassan,Hall
2023,CLE,00-0038715,Ronnie Hickman,Ronnie,Ronnie,Hickman
2023,CLE,00-0038715,Ronnie Hickman Jr.,Ronnie,Ronnie,Hickman
2023,CLE,00-0038716,Jeremiah Martin,Jeremiah,Jeremiah,Martin
2023,CLE,00-0038717,Tanner McCalister,Tanner,Tanner,McCalister
2023,CLE,00-0038718,Lonnie Phelps,Lonnie,Lonnie,Phelps
2023,CLE,00-0038719,Charlie Thomas,Charlie,Charlie,Thomas
2023,CLE,00-0038754,Cam Bright,Cam,Cam,Bright
2023,CLE,00-0038876,Joey Fisher,Joseph,Joey,Fisher
2023,CLE,00-0038979,Cedric Tillman,Cedric,Cedric,Tillman
2023,CLE,00-0039014,Dawand Jones,Dawand,Dawand,Jones
2023,DAL,00-0027947,Tyron Smith,Tyron,Tyron,Smith
2023,DAL,00-0029542,Stephon Gilmore,Stephon,Stephon,Gilmore
2023,DAL,00-0029692,Bryan Anger,Bryan,Bryan,Anger
2023,DAL,00-0030063,Johnathan Hankins,Johnathan,Johnathan,Hankins
2023,DAL,00-0031236,Brandin Cooks,Brandin,Brandin,Cooks
2023,DAL,00-0031357,C.J. Goodwin,Charaun,C.J.,Goodwin
2023,DAL,00-0031373,Martavis Bryant,Martavis,Martavis,Bryant
2023,DAL,00-0031402,Zack Martin,Zachary,Zack,Martin
2023,DAL,00-0031411,Demarcus Lawrence,Demarcus,Demarcus,Lawrence
2023,DAL,00-0031534,La'el Collins,La'el,La'el,Collins
2023,DAL,00-0031938,Carl Davis,Carl,Carl,Davis
2023,DAL,00-0032052,Dante Fowler,Dante,Dante,Fowler
2023,DAL,00-0032052,Dante Fowler Jr.,Dante,Dante,Fowler
2023,DAL,00-0032215,Damien Wilson,Damien,Damien,Wilson
2023,DAL,00-0032454,Jayron Kearse,Jayron,Jayron,Kearse
2023,DAL,00-0033077,Dak Prescott,Rayne,Dak,Prescott
2023,DAL,00-0033359,Adam Pankey,Adam,Adam,Pankey
2023,DAL,00-0033511,Sean Harlow,Sean,Sean,Harlow
2023,DAL,00-0033576,Eric Saubert,Eric,Eric,Saubert
2023,DAL,00-0033662,Cooper Rush,Cooper,Cooper,Rush
2023,DAL,00-0033877,Malik Hooker,Malik,Malik,Hooker
2023,DAL,00-0033928,Jourdan Lewis,Jourdan,Jourdan,Lewis
2023,DAL,00-0034198,Trent Sieg,Trent,Trent,Sieg
2023,DAL,00-0034229,Dakoda Shepley,Dakoda,Dakoda,Shepley
2023,DAL,00-0034373,Dorance Armstrong,Dorance,Dorance,Armstrong
2023,DAL,00-0034674,Leighton Vander Esch,Leighton,Leighton,Vander Esch
2023,DAL,00-0034743,Rashaan Evans,Rashaan,Rashaan,Evans
2023,DAL,00-0034762,Billy Price,Billy,Billy,Price
2023,DAL,00-0034764,Michael Gallup,Michael,Michael,Gallup
2023,DAL,00-0034816,Ronald Jones,Ronald,Ronald,Jones
2023,DAL,00-0034835,Malik Jefferson,Malik,Malik,Jefferson
2023,DAL,00-0034969,Ben Banogu,Benjamin,Ben,Banogu
2023,DAL,00-0034977,Sheldrick Redwine,Sheldrick,Sheldrick,Redwine
2023,DAL,00-0035261,Tony Pollard,Tony,Tony,Pollard
2023,DAL,00-0035301,Donovan Wilson,Donovan,Donovan,Wilson
2023,DAL,00-0035457,Tyron Johnson,Tyron,Tyron,Johnson
2023,DAL,00-0035698,Chuma Edoga,Chuma,Chuma,Edoga
2023,DAL,00-0035969,Willington Previlon,Willington,Willington,Previlon
2023,DAL,00-0036032,Sean McKeon,Sean,Sean,McKeon
2023,DAL,00-0036036,Terence Steele,Terence,Terence,Steele
2023,DAL,00-0036120,Alex Taylor,Alex,Alex,Taylor
2023,DAL,00-0036139,Rico Dowdle,Rico,Rico,Dowdle
2023,DAL,00-0036287,Noah Igbinoghene,Noah,Noah,Igbinoghene
2023,DAL,00-0036358,CeeDee Lamb,Cedarian,CeeDee,Lamb
2023,DAL,00-0036361,Trevon Diggs,Trevon,Trevon,Diggs
2023,DAL,00-0036366,Neville Gallimore,Neville,Neville,Gallimore
2023,DAL,00-0036376,Tyler Biadasz,Tyler,Tyler,Biadasz
2023,DAL,00-0036448,Isaac Alarcon,Isaac,Isaac,Alarcon
2023,DAL,00-0036652,Racey McMath,Racey,Racey,McMath
2023,DAL,00-0036661,Israel Mukuamu,Israel,Israel,Mukuamu
2023,DAL,00-0036764,Tyler Coyle,Tyler,Tyler,Coyle
2023,DAL,00-0036870,Buddy Johnson,Buddy,Buddy,Johnson
2023,DAL,00-0036886,Josh Ball,Josh,Josh,Ball
2023,DAL,00-0036932,Micah Parsons,Micah,Micah,Parsons
2023,DAL,00-0036942,Osa Odighizuwa,Osa,Osa,Odighizuwa
2023,DAL,00-0036982,Chauncey Golston,Chauncey,Chauncey,Golston
2023,DAL,00-0036986,Nahshon Wright,Nahshon,Nahshon,Wright
2023,DAL,00-0037012,Trey Lance,Trey,Trey,Lance
2023,DAL,00-0037225,Chris Glaser,Chris,Chris,Glaser
2023,DAL,00-0037243,Tyler Smith,Tyler,Tyler,Smith
2023,DAL,00-0037266,Matt Waletzko,Matt,Matt,Waletzko
2023,DAL,00-0037275,DaRon Bland,Daron,Daron,Bland
2023,DAL,00-0037275,Daron Bland,Daron,Daron,Bland
2023,DAL,00-0037281,Damone Clark,Damone,Damone,Clark
2023,DAL,00-0037293,Devin Harper,Devin,Devin,Harper
2023,DAL,00-0037336,Brock Hoffman,Brock,Brock,Hoffman
2023,DAL,00-0037455,Seth Green,Seth,Seth,Green
2023,DAL,00-0037561,Markquese Bell,Markquese,Markquese,Bell
2023,DAL,00-0037563,Malik Davis,Malik,Malik,Davis
2023,DAL,00-0037564,Dontario Drummond,Dontario,Dontario,Drummond
2023,DAL,00-0037569,Peyton Hendershot,Peyton,Peyton,Hendershot
2023,DAL,00-0037572,Alec Lindstrom,Alec,Alec,Lindstrom
2023,DAL,00-0037578,Juanyeh Thomas,Juanyeh,Juanyeh,Thomas
2023,DAL,00-0037665,Sam Williams,Sam,Sam,Williams
2023,DAL,00-0037666,Jalen Tolbert,Jalen,Jalen,Tolbert
2023,DAL,00-0037692,Brandon Aubrey,Brandon,Brandon,Aubrey
2023,DAL,00-0037801,KaVontae Turpin,Kavontae,Kavontae,Turpin
2023,DAL,00-0037801,Kavontae Turpin,Kavontae,Kavontae,Turpin
2023,DAL,00-0038041,Jake Ferguson,Jake,Jake,Ferguson
2023,DAL,00-0038348,Josh Butler,Josh,Josh,Butler
2023,DAL,00-0038545,Mazi Smith,Mazi,Mazi,Smith
2023,DAL,00-0038547,Luke Schoonmaker,Luke,Luke,Schoonmaker
2023,DAL,00-0038556,DeMarvion Overshown,DeMarvion,DeMarvion,Overshown
2023,DAL,00-0038575,Viliami Fehoko,Viliami,Viliami,Fehoko
2023,DAL,00-0038575,Viliami Fehoko Jr.,Viliami,Viliami,Fehoko
2023,DAL,00-0038601,Asim Richards,Asim,Asim,Richards
2023,DAL,00-0038604,Eric Scott,Eric,Eric,Scott
2023,DAL,00-0038604,Eric Scott Jr.,Eric,Eric,Scott
2023,DAL,00-0038622,Deuce Vaughn,Christopher,Deuce,Vaughn
2023,DAL,00-0038640,Jalen Brooks,Jalen,Jalen,Brooks
2023,DAL,00-0038730,Jose Barbon,Jose,Jose,Barbon
2023,DAL,00-0038731,T.J. Bass,T.J.,T.J.,Bass
2023,DAL,00-0038731,TJ Bass,T.J.,T.J.,Bass
2023,DAL,00-0038732,Earl Bostick,Earl,Earl,Bostick
2023,DAL,00-0038732,Earl Bostick Jr.,Earl,Earl,Bostick
2023,DAL,00-0038733,Myles Brooks,Myles,Myles,Brooks
2023,DAL,00-0038734,David Durden,David,David,Durden
2023,DAL,00-0038735,Princeton Fant,Princeton,Princeton,Fant
2023,DAL,00-0038736,Durrell Johnson,Durrell,Durrell,Johnson
2023,DAL,00-0038738,Hunter Luepke,Hunter,Hunter,Luepke
2023,DAL,00-0038739,D'Angelo Mandell,D'Angelo,D'Angelo,Mandell
2023,DAL,00-0038740,Jalen Moreno-Cropper,Jalen,Jalen,Moreno-Cropper
2023,DAL,00-0038741,John Stephens,John,John,Stephens
2023,DAL,00-0038741,John Stephens Jr.,John,John,Stephens
2023,DAL,00-0038742,Tyrus Wheat,Tyrus,Tyrus,Wheat
2023,DAL,00-0038868,Mikel Jones,Mikel,Mikel,Jones
2023,DAL,00-0038910,SaRodorick Thompson,SaRodorick,SaRodorick,Thompson
2023,DAL,00-0038910,SaRodorick Thompson Jr.,SaRodorick,SaRodorick,Thompson
2023,DEN,00-0027872,Kareem Jackson,Kareem,Kareem,Jackson
2023,DEN,00-0029263,Russell Wilson,Russell,Russell,Wilson
2023,DEN,00-0029890,Mike Purcell,Michael,Mike,Purcell
2023,DEN,00-0031067,Cameron Fleming,Cameron,Cameron,Fleming
2023,DEN,00-0031253,K'Waun Williams,K'Waun,K'Waun,Williams
2023,DEN,00-0031484,Chris Manhertz,Chris,Chris,Manhertz
2023,DEN,00-0031595,Michael Burton,Michael,Michael,Burton
2023,DEN,00-0031898,Alex Singleton,Alex,Alex,Singleton
2023,DEN,00-0032197,Randy Gregory,Randy,Randy,Gregory
2023,DEN,00-0032208,Phillip Dorsett,Phillip,Phillip,Dorsett
2023,DEN,00-0032210,Frank Clark,Frank,Frank,Clark
2023,DEN,00-0032450,Dwayne Washington,Dwayne,Dwayne,Washington
2023,DEN,00-0032569,Wil Lutz,William,Wil,Lutz
2023,DEN,00-0032943,Riley Dixon,Riley,Riley,Dixon
2023,DEN,00-0032971,Justin Simmons,Justin,Justin,Simmons
2023,DEN,00-0033297,D.J. Jones,David,D.J.,Jones
2023,DEN,00-0033375,Tim Patrick,Tim,Tim,Patrick
2023,DEN,00-0033526,Samaje Perine,Samaje,Samaje,Perine
2023,DEN,00-0033538,Garett Bolles,Garett,Garett,Bolles
2023,DEN,00-0033592,Kyle Fuller,Kyle,Kyle,Fuller
2023,DEN,00-0033918,Fabian Moreau,Fabian,Fabian,Moreau
2023,DEN,00-0034089,Tomasi Laulile,Tomasi,Tomasi,Laulile
2023,DEN,00-0034185,Tyler Lancaster,Tyler,Tyler,Lancaster
2023,DEN,00-0034278,Tremon Smith,Tremon,Tremon,Smith
2023,DEN,00-0034296,Ben Niemann,Ben,Ben,Niemann
2023,DEN,00-0034348,Courtland Sutton,Courtland,Courtland,Sutton
2023,DEN,00-0034368,Josey Jewell,Josey,Josey,Jewell
2023,DEN,00-0034726,Dallin Leavitt,Dallin,Dallin,Leavitt
2023,DEN,00-0034765,Tre'Quan Smith,Tre'Quan,Tre'Quan,Smith
2023,DEN,00-0034847,Mike McGlinchey,Mike,Mike,McGlinchey
2023,DEN,00-0034929,Quinn Bailey,Quinn,Quinn,Bailey
2023,DEN,00-0034978,Ben Powers,Bennett,Ben,Powers
2023,DEN,00-0035073,Jonathan Harris,Jonathan,Jonathan,Harris
2023,DEN,00-0035227,P.J. Locke,James,P.J.,Locke
2023,DEN,00-0035248,Zach Allen,Zachary,Zach,Allen
2023,DEN,00-0035264,Jarrett Stidham,Jarrett,Jarrett,Stidham
2023,DEN,00-0035359,David Sills,David,David,Sills
2023,DEN,00-0035406,Lil'Jordan Humphrey,Lil'Jordan,Lil'Jordan,Humphrey
2023,DEN,00-0035804,Jonas Griffith,Jonas,Jonas,Griffith
2023,DEN,00-0035826,Josh Hammond,Josh,Josh,Hammond
2023,DEN,00-0035862,Essang Bassey,Essang,Essang,Bassey
2023,DEN,00-0035864,Kendall Hinton,Kendall,Kendall,Hinton
2023,DEN,00-0035935,J.J. Koski,Jared,J.J.,Koski
2023,DEN,00-0036384,Ben DiNucci,Benjamin,Ben,DiNucci
2023,DEN,00-0036391,Lloyd Cushenberry,Lloyd,Lloyd,Cushenberry
2023,DEN,00-0036407,Jerry Jeudy,Jerry,Jerry,Jeudy
2023,DEN,00-0036422,Adam Trautman,Adam,Adam,Trautman
2023,DEN,00-0036428,Justin Strnad,Justin,Justin,Strnad
2023,DEN,00-0036465,Aaron Patrick,Aaron,Aaron,Patrick
2023,DEN,00-0036535,William Sherman,William,William,Sherman
2023,DEN,00-0036633,Caden Sterns,Caden,Caden,Sterns
2023,DEN,00-0036683,Devon Key,Devon,Devon,Key
2023,DEN,00-0036780,Forrest Merrill,Forrest,Forrest,Merrill
2023,DEN,00-0036874,Patrick Surtain,Patrick,Patrick,Surtain
2023,DEN,00-0036943,Mitchell Fraboni,Mitchell,Mitchell,Fraboni
2023,DEN,00-0036952,Jonathon Cooper,Jonathon,Jonathon,Cooper
2023,DEN,00-0036959,Michael Bandy,Michael,Michael,Bandy
2023,DEN,00-0036978,Ronnie Perkins,Ronnie,Ronnie,Perkins
2023,DEN,00-0036995,Baron Browning,Baron,Baron,Browning
2023,DEN,00-0036997,Javonte Williams,Javonte,Javonte,Williams
2023,DEN,00-0037001,Quinn Meinerz,Quinn,Quinn,Meinerz
2023,DEN,00-0037041,Haggai Chisom Ndubuisi,Haggai Chisom,Haggai Chisom,Ndubuisi
2023,DEN,00-0037051,Elijah Garcia,Elijah,Elijah,Garcia
2023,DEN,00-0037085,Tyler Badie,Tyler,Tyler,Badie
2023,DEN,00-0037249,Nik Bonitto,Nik,Nik,Bonitto
2023,DEN,00-0037252,Greg Dulcich,Greg,Greg,Dulcich
2023,DEN,00-0037264,Delarrin Turner-Yell,Delarrin,Delarrin,Turner-Yell
2023,DEN,00-0037278,Luke Wattenberg,Luke,Luke,Wattenberg
2023,DEN,00-0037294,Jordan Jackson,Jordan,Jordan,Jackson
2023,DEN,00-0037303,Matt Henningsen,Matt,Matt,Henningsen
2023,DEN,00-0037319,Faion Hicks,Faion,Faion,Hicks
2023,DEN,00-0037379,Christopher Allen,Christopher,Christopher,Allen
2023,DEN,00-0037382,Brandon Johnson,Brandon,Brandon,Johnson
2023,DEN,00-0037384,Ja'Quan McMillian,Ja'Quan,Ja'Quan,McMillian
2023,DEN,00-0037387,Jalen Virgil,Jalen,Jalen,Virgil
2023,DEN,00-0037418,Delonte Hood,Delonte,Delonte,Hood
2023,DEN,00-0037539,Lucas Krull,Lucas,Lucas,Krull
2023,DEN,00-0038105,Damarri Mathis,Damarri,Damarri,Mathis
2023,DEN,00-0038106,Eyioma Uwazurike,Eyioma,Eyioma,Uwazurike
2023,DEN,00-0038521,Reese Taylor,Reese,Reese,Taylor
2023,DEN,00-0038552,Riley Moss,Riley,Riley,Moss
2023,DEN,00-0038605,J.L. Skinner,J.L.,J.L.,Skinner
2023,DEN,00-0038649,Alex Forsyth,Alex,Alex,Forsyth
2023,DEN,00-0038696,Keidron Smith,Keidron,Keidron,Smith
2023,DEN,00-0038783,Nate Adkins,Nate,Nate,Adkins
2023,DEN,00-0038784,Seth Benson,Seth,Seth,Benson
2023,DEN,00-0038788,Art Green,Art,Art,Green
2023,DEN,00-0038789,Taylor Grimes,Taylor,Taylor,Grimes
2023,DEN,00-0038790,Marcus Haynes,Marcus,Marcus,Haynes
2023,DEN,00-0038791,Thomas Incoom,Thomas,Thomas,Incoom
2023,DEN,00-0038792,Demontrey Jacobs,Demontrey,Demontrey,Jacobs
2023,DEN,00-0038794,Jaleel McLaughlin,Jaleel,Jaleel,McLaughlin
2023,DEN,00-0038795,P.J. Mustipher,P.J.,P.J.,Mustipher
2023,DEN,00-0038796,Alex Palczewski,Alex,Alex,Palczewski
2023,DEN,00-0038913,Johnny Lumpkin,Johnny,Johnny,Lumpkin
2023,DEN,00-0038976,Marvin Mims,Marvin,Marvin,Mims
2023,DEN,00-0038985,Keondre Coburn,Keondre,Keondre,Coburn
2023,DEN,00-0039003,Drew Sanders,Drew,Drew,Sanders
2023,DEN,00-0039045,Nick Williams,Nick,Nick,Williams
2023,DEN,00-0039178,Austin Ajiake,Austin,Austin,Ajiake
2023,DET,00-0027862,Tyson Alualu,Tyson,Tyson,Alualu
2023,DET,00-0028394,Jake McQuaide,Jacob,Jake,McQuaide
2023,DET,00-0029193,Bruce Irvin,Bruce,Bruce,Irvin
2023,DET,00-0029293,Marvin Jones,Marvin,Marvin,Jones
2023,DET,00-0030061,Zach Ertz,Zachary,Zach,Ertz
2023,DET,00-0031237,Teddy Bridgewater,Theodore,Teddy,Bridgewater
2023,DET,00-0031353,Michael Schofield,Michael,Michael,Schofield
2023,DET,00-0032381,Taylor Decker,Taylor,Taylor,Decker
2023,DET,00-0032395,Graham Glasgow,Graham,Graham,Glasgow
2023,DET,00-0032464,Kalif Raymond,Kalif,Kalif,Raymond
2023,DET,00-0032655,Romeo Okwara,Romeo,Romeo,Okwara
2023,DET,00-0032785,Halapoulivaati Vaitai,Halapoulivaati,Halapoulivaati,Vaitai
2023,DET,00-0032792,Nate Sudfeld,Nathan,Nate,Sudfeld
2023,DET,00-0033106,Jared Goff,Jared,Jared,Goff
2023,DET,00-0033258,Darrell Daniels,Darrell,Darrell,Daniels
2023,DET,00-0033455,Anthony Firkser,Anthony,Anthony,Firkser
2023,DET,00-0033557,Jalen Reeves-Maybin,Jalen,Jalen,Reeves-Maybin
2023,DET,00-0033863,Dan Skipper,Daniel,Dan,Skipper
2023,DET,00-0033880,Charles Harris,Charles,Charles,Harris
2023,DET,00-0033914,Alex Anzalone,Alex,Alex,Anzalone
2023,DET,00-0033930,Cameron Sutton,Cameron,Cameron,Sutton
2023,DET,00-0033943,Josh Reynolds,Joshua Dedmon-Reynolds,Josh,Reynolds
2023,DET,00-0034067,Scott Daly,Kevin,Scott,Daly
2023,DET,00-0034084,Michael Badgley,Michael,Michael,Badgley
2023,DET,00-0034084,Mike Badgley,Michael,Michael,Badgley
2023,DET,00-0034096,Emmanuel Moseley,Emmanuel,Emmanuel,Moseley
2023,DET,00-0034171,Jason Cabinda,Jason,Jason,Cabinda
2023,DET,00-0034265,Anthony Averett,Anthony,Anthony,Averett
2023,DET,00-0034310,Craig James,Craig,Craig,James
2023,DET,00-0034339,Trey Quinn,David,Trey,Quinn
2023,DET,00-0034345,Frank Ragnow,Frank,Frank,Ragnow
2023,DET,00-0034395,Daurice Fountain,Daurice,Daurice,Fountain
2023,DET,00-0034440,Justin Jackson,Justin,Justin,Jackson
2023,DET,00-0034683,Darius Phillips,Darius,Darius,Phillips
2023,DET,00-0034745,Tracy Walker,Tracy,Tracy,Walker
2023,DET,00-0034745,Tracy Walker III,Tracy,Tracy,Walker
2023,DET,00-0034930,Trinity Benson,Trinity,Trinity,Benson
2023,DET,00-0035040,David Blough,David,David,Blough
2023,DET,00-0035156,Jack Fox,John,Jack,Fox
2023,DET,00-0035184,Devine Ozigbo,Devine,Devine,Ozigbo
2023,DET,00-0035217,Benny Snell,Benny,Benny,Snell
2023,DET,00-0035219,Isaiah Buggs,Isaiah,Isaiah,Buggs
2023,DET,00-0035253,C.J. Gardner-Johnson,Chauncey,Chauncey,Gardner-Johnson
2023,DET,00-0035253,Chauncey Gardner-Johnson,Chauncey,Chauncey,Gardner-Johnson
2023,DET,00-0035265,John Cominsky,John,John,Cominsky
2023,DET,00-0035328,Matt Nelson,Matt,Matt,Nelson
2023,DET,00-0035330,Anthony Pittman,Anthony,Anthony,Pittman
2023,DET,00-0035428,Daniel Helm,Daniel,Daniel,Helm
2023,DET,00-0035544,Tom Kennedy,Thomas,Tom,Kennedy
2023,DET,00-0035567,Craig Reynolds,Craig,Craig,Reynolds
2023,DET,00-0035655,Will Harris,William,Will,Harris
2023,DET,00-0035685,David Montgomery,David,David,Montgomery
2023,DET,00-0035841,Benito Jones,Benito,Benito,Jones
2023,DET,00-0036024,Darrin Paulo,Darrin,Darrin,Paulo
2023,DET,00-0036124,Khalil Dorsey,Khalil,Khalil,Dorsey
2023,DET,00-0036233,Donovan Peoples-Jones,Donovan,Donovan,Peoples-Jones
2023,DET,00-0036249,Julian Okwara,Julian,Julian,Okwara
2023,DET,00-0036258,Jonah Jackson,Jonah,Jonah,Jackson
2023,DET,00-0036307,Kindle Vildor,Kindle,Kindle,Vildor
2023,DET,00-0036534,Shane Zylstra,Shane,Shane,Zylstra
2023,DET,00-0036605,Max Pircher,Max,Max,Pircher
2023,DET,00-0036611,Raymond Johnson,Raymond,Raymond,Johnson
2023,DET,00-0036611,Raymond Johnson III,Raymond,Raymond,Johnson
2023,DET,00-0036624,Alim McNeill,Alim,Alim,McNeill
2023,DET,00-0036649,Quinton Bohanna,Quinton,Quinton,Bohanna
2023,DET,00-0036663,Matt Farniok,Matt,Matt,Farniok
2023,DET,00-0036670,Jermar Jefferson,Jermar,Jermar,Jefferson
2023,DET,00-0036736,Kayode Awosika,Kayode,Kayode,Awosika
2023,DET,00-0036748,Jerry Jacobs,Jerry,Jerry,Jacobs
2023,DET,00-0036754,Brock Wright,Brock,Brock,Wright
2023,DET,00-0036816,Riley Patterson,Riley,Riley,Patterson
2023,DET,00-0036860,Jake Funk,Jake,Jake,Funk
2023,DET,00-0036880,Penei Sewell,Penei,Penei,Sewell
2023,DET,00-0036954,Levi Onwuzurike,Levi,Levi,Onwuzurike
2023,DET,00-0036963,Amon-Ra St. Brown,Amon-Ra,Amon-Ra,St. Brown
2023,DET,00-0036964,Derrick Barnes,Derrick,Derrick,Barnes
2023,DET,00-0036993,Ifeatu Melifonwu,Ifeatu,Ifeatu,Melifonwu
2023,DET,00-0037157,Bam Knight,Zonovan,Zonovan,Knight
2023,DET,00-0037157,Zonovan Knight,Zonovan,Zonovan,Knight
2023,DET,00-0037236,Aidan Hutchinson,Aidan,Aidan,Hutchinson
2023,DET,00-0037240,Jameson Williams,Jameson,Jameson,Williams
2023,DET,00-0037282,James Mitchell,James,James,Mitchell
2023,DET,00-0037289,Malcolm Rodriguez,Malcolm,Malcolm,Rodriguez
2023,DET,00-0037310,James Houston,James,James,Houston
2023,DET,00-0037321,Chase Lucas,Chase,Chase,Lucas
2023,DET,00-0037385,Michael Niese,Michael,Michael,Niese
2023,DET,00-0037397,Alex Mollette,Alex,Alex,Mollette
2023,DET,00-0037440,Obinna Eze,Obinna,Obinna,Eze
2023,DET,00-0037667,Kerby Joseph,Kerby,Kerby,Joseph
2023,DET,00-0037708,Maurice Alexander,Maurice,Maurice,Alexander
2023,DET,00-0038096,Josh Paschal,Joshua,Josh,Paschal
2023,DET,00-0038096,Joshua Paschal,Joshua,Josh,Paschal
2023,DET,00-0038550,Hendon Hooker,Hendon,Hendon,Hooker
2023,DET,00-0038592,Colby Sorsdal,Colby,Colby,Sorsdal
2023,DET,00-0038627,Antoine Green,Antoine,Antoine,Green
2023,DET,00-0038650,Brad Cecil,Brad,Brad,Cecil
2023,DET,00-0038651,Chase Cota,Chase,Chase,Cota
2023,DET,00-0038653,Cory Durden,Cory,Cory,Durden
2023,DET,00-0038654,Connor Galvin,Connor,Connor,Galvin
2023,DET,00-0038655,Steven Gilmore,Steven,Steven,Gilmore
2023,DET,00-0038656,Mohamed Ibrahim,Mohamed,Mohamed,Ibrahim
2023,DET,00-0038657,Brandon Joseph,Brandon,Brandon,Joseph
2023,DET,00-0038658,Adrian Martinez,Adrian,Adrian,Martinez
2023,DET,00-0038660,Trevor Nowaske,Trevor,Trevor,Nowaske
2023,DET,00-0038661,Chris Smith,Chris,Chris,Smith
2023,DET,00-0038682,Mitchell Agude,Mitchell,Mitchell,Agude
2023,DET,00-0038779,Colby Richardson,Colby,Colby,Richardson
2023,DET,00-0038939,Brodric Martin,Brodric,Brodric,Martin
2023,DET,00-0038953,Dylan Drummond,Dylan,Dylan,Drummond
2023,DET,00-0039018,Jack Campbell,Jack,Jack,Campbell
2023,DET,00-0039065,Sam LaPorta,Sam,Sam,LaPorta
2023,DET,00-0039139,Jahmyr Gibbs,Jahmyr,Jahmyr,Gibbs
2023,DET,00-0039141,Brian Branch,Brian,Brian,Branch
2023,DET,00-0039186,Avery Davis,Avery,Avery,Davis
2023,GB,00-0030074,David Bakhtiari,David,David,Bakhtiari
2023,GB,00-0031079,Pat O'Donnell,Patrick,Pat,O'Donnell
2023,GB,00-0031935,Preston Smith,Preston,Preston,Smith
2023,GB,00-0032401,De'Vondre Campbell,De'Vondre,De'Vondre,Campbell
2023,GB,00-0033118,Kenyan Drake,Kenyan,Kenyan,Drake
2023,GB,00-0033120,Kenny Clark,Kenneth,Kenny,Clark
2023,GB,00-0033293,Aaron Jones,Aaron,Aaron,Jones
2023,GB,00-0033336,Eric Wilson,Eric,Eric,Wilson
2023,GB,00-0033551,Rasul Douglas,Rasul,Rasul,Douglas
2023,GB,00-0033792,Rudy Ford,Johnathan,Rudy,Ford
2023,GB,00-0034263,Tarvarius Moore,Tarvarius,Tarvarius,Moore
2023,GB,00-0034485,Jonathan Owens,Jonathan,Jonathan,Owens
2023,GB,00-0034726,Dallin Leavitt,Dallin,Dallin,Leavitt
2023,GB,00-0034728,Jaire Alexander,Jaire,Jaire,Alexander
2023,GB,00-0034732,Alex McGough,Alexander,Alex,McGough
2023,GB,00-0034967,Rashan Gary,Rashan,Rashan,Gary
2023,GB,00-0034968,Darnell Savage,Darnell,Darnell,Savage
2023,GB,00-0035004,Chris Slayton,Christopher,Chris,Slayton
2023,GB,00-0035084,Yosh Nijman,Yosuah,Yosuah,Nijman
2023,GB,00-0035084,Yosuah Nijman,Yosuah,Yosuah,Nijman
2023,GB,00-0035118,Matt Orzech,Matt,Matt,Orzech
2023,GB,00-0035118,Matthew Orzech,Matt,Matt,Orzech
2023,GB,00-0035133,Keisean Nixon,Keisean,Keisean,Nixon
2023,GB,00-0035266,Michael Jordan,Michael,Michael,Jordan
2023,GB,00-0035266,Mike Jordan,Michael,Michael,Jordan
2023,GB,00-0035526,Elgton Jenkins,Elgton,Elgton,Jenkins
2023,GB,00-0035591,Justin Hollins,Justin,Justin,Hollins
2023,GB,00-0035633,Corey Ballentine,Corey,Corey,Ballentine
2023,GB,00-0035665,David Long,David,David,Long
2023,GB,00-0035831,James Robinson,James,James,Robinson
2023,GB,00-0035973,Patrick Taylor,Patrick,Patrick,Taylor
2023,GB,00-0036157,Kristian Welch,Kristian,Kristian,Welch
2023,GB,00-0036246,Jon Runyan,Jon,Jon,Runyan
2023,GB,00-0036250,Tyler Davis,Tyler,Tyler,Davis
2023,GB,00-0036264,Jordan Love,Jordan,Jordan,Love
2023,GB,00-0036265,A.J. Dillon,Algiers,A.J.,Dillon
2023,GB,00-0036265,AJ Dillon,Algiers,A.J.,Dillon
2023,GB,00-0036332,Josiah Deguara,Josiah,Josiah,Deguara
2023,GB,00-0036462,Innis Gaines,Innis,Innis,Gaines
2023,GB,00-0036582,Nate McCrary,Nate,Nate,McCrary
2023,GB,00-0036622,Josh Myers,Josh,Josh,Myers
2023,GB,00-0036631,Royce Newman,Royce,Royce,Newman
2023,GB,00-0036642,Tedarrell Slaton,Tedarrell,Tedarrell,Slaton
2023,GB,00-0036658,Isaiah McDuffie,Stevenson,Isaiah,McDuffie
2023,GB,00-0036677,Zayne Anderson,Zayne,Zayne,Anderson
2023,GB,00-0036688,Kiondre Thomas,Kiondre,Kiondre,Thomas
2023,GB,00-0036764,Tyler Coyle,Tyler,Tyler,Coyle
2023,GB,00-0036901,Eric Stokes,Eric,Eric,Stokes
2023,GB,00-0036904,Robert Rochell,Robert,Robert,Rochell
2023,GB,00-0037074,Quay Walker,Quay,Quay,Walker
2023,GB,00-0037075,Devonte Wyatt,Devonte,Devonte,Wyatt
2023,GB,00-0037076,Sean Rhyan,Sean,Sean,Rhyan
2023,GB,00-0037083,Kingsley Enagbare,Kingsley,Kingsley,Enagbare
2023,GB,00-0037091,Bo Melton,Bo,Bo,Melton
2023,GB,00-0037094,Jonathan Ford,Jonathan,Jonathan,Ford
2023,GB,00-0037098,Samori Toure,Samori,Samori,Toure
2023,GB,00-0037103,Jean Delance,Jean,Jean,Delance
2023,GB,00-0037120,Tyler Goodson,Tyler,Tyler,Goodson
2023,GB,00-0037122,Caleb Jones,Caleb,Caleb,Jones
2023,GB,00-0037126,Cole Schneider,Cole,Cole,Schneider
2023,GB,00-0037196,Rasheed Walker,Rasheed,Rasheed,Walker
2023,GB,00-0037305,Luke Tenuta,Luke,Luke,Tenuta
2023,GB,00-0037350,Elijah Hamilton,Elijah,Elijah,Hamilton
2023,GB,00-0037352,Deandre Johnson,Deandre,Deandre,Johnson
2023,GB,00-0037364,Arron Mosby,Arron,Arron,Mosby
2023,GB,00-0037369,Austin Allen,Austin,Austin,Allen
2023,GB,00-0037373,Zyon Gilbert,Zyon,Zyon,Gilbert
2023,GB,00-0037448,Dre Miller,Andre,Dre,Miller
2023,GB,00-0037547,Daniel Whelan,Daniel,Daniel,Whelan
2023,GB,00-0037565,James Empey,James,James,Empey
2023,GB,00-0037816,Romeo Doubs,Romeo,Romeo,Doubs
2023,GB,00-0037817,Zach Tom,Zach,Zach,Tom
2023,GB,00-0038124,Christian Watson,Christian,Christian,Watson
2023,GB,00-0038151,Tyrell Ford,Tyrell,Tyrell,Ford
2023,GB,00-0038381,Kyu Blu Kelly,Kyu Blu,Kyu Blu,Kelly
2023,GB,00-0038387,Colby Wooden,Colby,Colby,Wooden
2023,GB,00-0038391,Sean Clifford,Sean,Sean,Clifford
2023,GB,00-0038393,Dontayvion Wicks,Dontayvion,Dontayvion,Wicks
2023,GB,00-0038398,Karl Brooks,Karl,Karl,Brooks
2023,GB,00-0038402,Anders Carlson,Anders,Anders,Carlson
2023,GB,00-0038408,Carrington Valentine,Carrington,Carrington,Valentine
2023,GB,00-0038409,Lew Nichols,Arthur,Lew,Nichols
2023,GB,00-0038411,Anthony Johnson,Anthony,Anthony,Johnson
2023,GB,00-0038411,Anthony Johnson Jr.,Anthony,Anthony,Johnson
2023,GB,00-0038427,Thyrick Pitts,Thyrick,Thyrick,Pitts
2023,GB,00-0038430,Cody Chrest,Cody,Cody,Chrest
2023,GB,00-0038462,Keshawn Banks,Keshawn,Keshawn,Banks
2023,GB,00-0038463,Brenton Cox,Brenton,Brenton,Cox
2023,GB,00-0038463,Brenton Cox Jr.,Brenton,Brenton,Cox
2023,GB,00-0038465,Malik Heath,Malik,Malik,Heath
2023,GB,00-0038466,Jason Lewan,Jason,Jason,Lewan
2023,GB,00-0038468,Henry Pearson,Henry,Henry,Pearson
2023,GB,00-0038469,Jimmy Phillips,Jimmy,Jimmy,Phillips
2023,GB,00-0038470,Benny Sapp,Benny,Benny,Sapp
2023,GB,00-0038470,Benny Sapp III,Benny,Benny,Sapp
2023,GB,00-0038471,Kadeem Telfort,Kadeem,Kadeem,Telfort
2023,GB,00-0038472,Duece Watts,Natorian,Duece,Watts
2023,GB,00-0038491,Deslin Alexandre,Deslin,Deslin,Alexandre
2023,GB,00-0038507,Grant DuBose,Grant,Grant,DuBose
2023,GB,00-0038528,Broughton Hatcher,Broughton,Broughton,Hatcher
2023,GB,00-0038529,William Hooper,William,William,Hooper
2023,GB,00-0038530,Antonio Moultrie,Antonio,Antonio,Moultrie
2023,GB,00-0038707,Marvin Pierre,Marvin,Marvin,Pierre
2023,GB,00-0038773,Christian Young,Christian,Christian,Young
2023,GB,00-0038797,Emanuel Wilson,Emanuel,Emanuel,Wilson
2023,GB,00-0038809,Ben Sims,Ben,Ben,Sims
2023,GB,00-0038907,Anthony Johnson,Anthony,Anthony,Johnson
2023,GB,00-0038965,Ellis Merriweather,Ellis,Ellis,Merriweather
2023,GB,00-0038996,Tucker Kraft,Tucker,Tucker,Kraft
2023,GB,00-0039022,Jadakis Bonds,Jadakis,Jadakis,Bonds
2023,GB,00-0039023,Joel Wilson,Joel,Joel,Wilson
2023,GB,00-0039112,Lukas Van Ness,Lukas,Lukas,Van Ness
2023,GB,00-0039144,Luke Musgrave,Luke,Luke,Musgrave
2023,GB,00-0039146,Jayden Reed,Jayden,Jayden,Reed
2023,GB,00-0039173,Kenneth Odumegwu,Kenneth,Kenneth,Odumegwu
2023,GB,00-0039178,Austin Ajiake,Austin,Austin,Ajiake
2023,HOU,00-0027224,Jon Weeks,Jonathan,Jonathan,Weeks
2023,HOU,00-0027224,Jonathan Weeks,Jonathan,Jonathan,Weeks
2023,HOU,00-0027872,Kareem Jackson,Kareem,Kareem,Jackson
2023,HOU,00-0027881,Jerry Hughes,Jerry,Jerry,Hughes
2023,HOU,00-0028986,Case Keenum,Casey,Case,Keenum
2023,HOU,00-0030431,Robert Woods,Robert,Robert,Woods
2023,HOU,00-0030946,Kerry Hyder,Kerry,Kerry,Hyder
2023,HOU,00-0031298,Jimmie Ward,Jimmie,Jimmie,Ward
2023,HOU,00-0031334,Jason Verrett,Jason,Jason,Verrett
2023,HOU,00-0031580,Shaq Mason,Shaquille,Shaquille,Mason
2023,HOU,00-0031580,Shaquille Mason,Shaquille,Shaquille,Mason
2023,HOU,00-0031584,Adrian Amos,Adrian,Adrian,Amos
2023,HOU,00-0031690,Eric Tomlinson,Eric,Eric,Tomlinson
2023,HOU,00-0031740,Neville Hewitt,Neville,Neville,Hewitt
2023,HOU,00-0031868,Damiere Byrd,Damiere,Damiere,Byrd
2023,HOU,00-0032009,Adam Humphries,Adam,Adam,Humphries
2023,HOU,00-0032103,Denzel Perryman,Denzel,Denzel,Perryman
2023,HOU,00-0032150,Steven Nelson,Steven,Steven,Nelson
2023,HOU,00-0032380,Laremy Tunsil,Laremy,Laremy,Tunsil
2023,HOU,00-0032402,Hassan Ridgeway,Hassan,Hassan,Ridgeway
2023,HOU,00-0032466,George Fant,George,George,Fant
2023,HOU,00-0032677,Cory Littleton,Cory,Cory,Littleton
2023,HOU,00-0032726,Ka'imi Fairbairn,John,Ka'imi,Fairbairn
2023,HOU,00-0032759,Sheldon Rankins,Sheldon,Sheldon,Rankins
2023,HOU,00-0032790,DeAndre Houston-Carson,DeAndre,DeAndre,Houston-Carson
2023,HOU,00-0033038,Eric Murray,Eric,Eric,Murray
2023,HOU,00-0033131,Maliek Collins,Maliek,Maliek,Collins
2023,HOU,00-0033566,Desmond King,Desmond,Desmond,King
2023,HOU,00-0033576,Eric Saubert,Eric,Eric,Saubert
2023,HOU,00-0033591,Noah Brown,Noah,Noah,Brown
2023,HOU,00-0033631,Rashaad Coward,Rashaad,Rashaad,Coward
2023,HOU,00-0033729,Cameron Johnston,Cameron,Cameron,Johnston
2023,HOU,00-0033798,Mason Schreck,Mason,Mason,Schreck
2023,HOU,00-0033854,Dare Ogunbowale,Oluwadare,Dare,Ogunbowale
2023,HOU,00-0033876,Derek Barnett,Derek,Derek,Barnett
2023,HOU,00-0033920,Derek Rivers,Derek,Derek,Rivers
2023,HOU,00-0033926,Shaquill Griffin,Shaquill,Shaquill,Griffin
2023,HOU,00-0034177,Tim Boyle,Timothy,Tim,Boyle
2023,HOU,00-0034208,Mike Boone,Michael,Mike,Boone
2023,HOU,00-0034325,Taylor Stallworth,Taylor,Taylor,Stallworth
2023,HOU,00-0034355,M.J. Stewart,Marvin,M.J.,Stewart
2023,HOU,00-0034383,Dalton Schultz,Dalton,Dalton,Schultz
2023,HOU,00-0034392,Scott Quessenberry,Scott,Scott,Quessenberry
2023,HOU,00-0034461,Bruce Hector,Bruce,Bruce,Hector
2023,HOU,00-0034488,Tavierre Thomas,Tavierre,Tavierre,Thomas
2023,HOU,00-0034730,Marcell Harris,Marcell,Marcell,Harris
2023,HOU,00-0034817,Geron Christian,Geron,Geron,Christian
2023,HOU,00-0034928,Steven Sims,Steven,Steven,Sims
2023,HOU,00-0034959,Andrew Beck,Andrew,Andrew,Beck
2023,HOU,00-0034966,D'Angelo Ross,D'Angelo,D'Angelo,Ross
2023,HOU,00-0034990,Ka'dar Hollman,Ka'dar,Ka'dar,Hollman
2023,HOU,00-0035101,Davion Davis,Davion,Davion,Davis
2023,HOU,00-0035150,Kris Boyd,Kris,Kris,Boyd
2023,HOU,00-0035234,Tytus Howard,Tytus,Tytus,Howard
2023,HOU,00-0035250,Devin Singletary,Devin,Devin,Singletary
2023,HOU,00-0035276,Blake Cashman,Blake,Blake,Cashman
2023,HOU,00-0035278,Byron Cowart,Byron,Byron,Cowart
2023,HOU,00-0035400,Keaton Sutherland,Keaton,Keaton,Sutherland
2023,HOU,00-0035541,Michael Dogbe,Michael,Michael,Dogbe
2023,HOU,00-0035602,Alex Bachman,Alex,Alex,Bachman
2023,HOU,00-0035686,Michael Deiter,Michael,Michael,Deiter
2023,HOU,00-0035995,Grayland Arnold,Grayland,Grayland,Arnold
2023,HOU,00-0036096,J.J. Taylor,J.J.,J.J.,Taylor
2023,HOU,00-0036181,Teair Tart,Teair,Teair,Tart
2023,HOU,00-0036195,Charlie Heck,Charles,Charlie,Heck
2023,HOU,00-0036202,Dieter Eiselen,Dieter,Dieter,Eiselen
2023,HOU,00-0036224,Jonathan Greenard,Jonathan,Jonathan,Greenard
2023,HOU,00-0036225,Dalton Keene,Dalton,Dalton,Keene
2023,HOU,00-0036299,Troy Pride,Troy,Troy,Pride
2023,HOU,00-0036330,Cameron Dantzler,Cameron,Cameron,Dantzler
2023,HOU,00-0036363,Josh Jones,Josh,Josh,Jones
2023,HOU,00-0036373,Rashard Lawrence,Ronald,Rashard,Lawrence
2023,HOU,00-0036420,McTelvin Agim,McTelvin,McTelvin,Agim
2023,HOU,00-0036430,Khalil Davis,Khalil,Khalil,Davis
2023,HOU,00-0036469,Matt Ammendola,Matt,Matt,Ammendola
2023,HOU,00-0036507,Michael Dwumfour,Michael,Michael,Dwumfour
2023,HOU,00-0036554,Nico Collins,Nico,Nico,Collins
2023,HOU,00-0036556,Brevin Jordan,Brevin,Brevin,Jordan
2023,HOU,00-0036568,Roy Lopez,Roy,Roy,Lopez
2023,HOU,00-0036578,Gerrid Doaks,Gerrid,Gerrid,Doaks
2023,HOU,00-0036650,Larry Rountree,Larry,Larry,Rountree
2023,HOU,00-0036656,Brady Breeze,Brady,Brady,Breeze
2023,HOU,00-0036844,Garret Wallow,Garret,Garret,Wallow
2023,HOU,00-0036853,Tyree Gillespie,Tyree,Tyree,Gillespie
2023,HOU,00-0036858,Jalen Camp,Jalen,Jalen,Camp
2023,HOU,00-0036859,Jimmy Morrissey,Jimmy,Jimmy,Morrissey
2023,HOU,00-0036898,Davis Mills,Davis,Davis,Mills
2023,HOU,00-0036983,Kendrick Green,Kendrick,Kendrick,Green
2023,HOU,00-0037055,Lance McCutcheon,Lance,Lance,McCutcheon
2023,HOU,00-0037068,E.J. Perry,Ernest,E.J.,Perry
2023,HOU,00-0037148,Scott Nelson,Scott,Scott,Nelson
2023,HOU,00-0037237,Derek Stingley,Derek,Derek,Stingley
2023,HOU,00-0037237,Derek Stingley Jr.,Derek,Derek,Stingley
2023,HOU,00-0037246,Jalen Pitre,Jalen,Jalen,Pitre
2023,HOU,00-0037258,Dameon Pierce,Dameon,Dameon,Pierce
2023,HOU,00-0037277,Teagan Quitoriano,Teagan,Teagan,Quitoriano
2023,HOU,00-0037302,Austin Deculus,Austin,Austin,Deculus
2023,HOU,00-0037308,Lecitus Smith,Lecitus,Lecitus,Smith
2023,HOU,00-0037456,Troy Hairston,Troy,Troy,Hairston
2023,HOU,00-0037457,Jake Hansen,Jake,Jake,Hansen
2023,HOU,00-0037459,Kurt Hinish,Kurt,Kurt,Hinish
2023,HOU,00-0037460,Johnny Johnson,Johnny,Johnny,Johnson
2023,HOU,00-0037460,Johnny Johnson III,Johnny,Johnny,Johnson
2023,HOU,00-0037464,Jacobi Francis,Jacobi,Jacobi,Francis
2023,HOU,00-0037613,Kenyon Green,Kenyon,Kenyon,Green
2023,HOU,00-0037614,John Metchie,John,John,Metchie
2023,HOU,00-0037614,John Metchie III,John,John,Metchie
2023,HOU,00-0037751,Myjai Sanders,Myjai,Myjai,Sanders
2023,HOU,00-0037823,Christian Harris,Christian,Christian,Harris
2023,HOU,00-0038144,Adedayo Odeleye,Adedayo,Adedayo,Odeleye
2023,HOU,00-0038490,Ty Zentner,Tyler,Ty,Zentner
2023,HOU,00-0038599,Henry To'oTo'o,Henry,Henry,To'oTo'o
2023,HOU,00-0038615,Jarrett Patterson,Jarrett,Jarrett,Patterson
2023,HOU,00-0038618,Xavier Hutchinson,Xavier,Xavier,Hutchinson
2023,HOU,00-0038633,Nick Broeker,Nick,Nick,Broeker
2023,HOU,00-0038644,Brandon Hill,Brandon,Brandon,Hill
2023,HOU,00-0038646,Alex Austin,Alex,Alex,Austin
2023,HOU,00-0038651,Chase Cota,Chase,Chase,Cota
2023,HOU,00-0038695,DJ Scaife,DJ,DJ,Scaife
2023,HOU,00-0038721,Tyler Beach,Tyler,Tyler,Beach
2023,HOU,00-0038724,Ali Gaye,Ali,Ali,Gaye
2023,HOU,00-0038725,Darius Joiner,Darius,Darius,Joiner
2023,HOU,00-0038726,Jesse Matthews,Jesse,Jesse,Matthews
2023,HOU,00-0038728,Jared Wayne,Jared,Jared,Wayne
2023,HOU,00-0038729,Kilian Zierer,Kilian,Kilian,Zierer
2023,HOU,00-0038802,Jacky Chen,Jacky,Jacky,Chen
2023,HOU,00-0038936,Juice Scruggs,Fredrick,Juice,Scruggs
2023,HOU,00-0038977,Nathaniel Dell,Nathaniel,Nathaniel,Dell
2023,HOU,00-0038977,Tank Dell,Nathaniel,Tank,Dell
2023,HOU,00-0038999,Jordan Murray,Jordan,Jordan,Murray
2023,HOU,00-0039005,Jaylon Thomas,Jaylon,Jaylon,Thomas
2023,HOU,00-0039009,Dylan Horton,Dylan,Dylan,Horton
2023,HOU,00-0039108,Will Anderson,William,Will,Anderson
2023,HOU,00-0039108,Will Anderson Jr.,William,Will,Anderson
2023,HOU,00-0039163,C.J. Stroud,Coleridge,C.J.,Stroud
2023,IND,00-0027674,Jared Veldheer,Edwin,Jared,Veldheer
2023,IND,00-0031690,Eric Tomlinson,Eric,Eric,Tomlinson
2023,IND,00-0032054,Breshad Perriman,Breshad,Breshad,Perriman
2023,IND,00-0032378,DeForest Buckner,DeForest,DeForest,Buckner
2023,IND,00-0032383,Ryan Kelly,Ryan,Ryan,Kelly
2023,IND,00-0032753,Luke Rhodes,Luke,Luke,Rhodes
2023,IND,00-0033006,Jaydon Mickens,Jaydon,Jaydon,Mickens
2023,IND,00-0033217,Mo Alie-Cox,Mo,Mo,Alie-Cox
2023,IND,00-0033269,Rigoberto Sanchez,Rigoberto,Rigoberto,Sanchez
2023,IND,00-0033393,Kenny Moore,Kenny,Kenny,Moore
2023,IND,00-0033466,Isaiah McKenzie,Isaiah,Isaiah,McKenzie
2023,IND,00-0033611,Ricky Seals-Jones,Roderick,Ricky,Seals-Jones
2023,IND,00-0033791,Brandon Wilson,Brandon,Brandon,Wilson
2023,IND,00-0033863,Dan Skipper,Daniel,Dan,Skipper
2023,IND,00-0033920,Derek Rivers,Derek,Derek,Rivers
2023,IND,00-0033945,Samson Ebukam,Nnamaka Ebukam,Samson,Ebukam
2023,IND,00-0033952,Grover Stewart,Grover,Grover,Stewart
2023,IND,00-0033964,Al-Quadin Muhammad,Al-Quadin,Al-Quadin,Muhammad
2023,IND,00-0034145,Chris Lammons,Christopher,Chris,Lammons
2023,IND,00-0034163,Jake Martin,Jacob,Jake,Martin
2023,IND,00-0034229,Dakoda Shepley,Dakoda,Dakoda,Shepley
2023,IND,00-0034342,Quenton Nelson,Quenton,Quenton,Nelson
2023,IND,00-0034353,Anthony Miller,Anthony,Anthony,Miller
2023,IND,00-0034359,Tyquan Lewis,Tyquan,Tyquan,Lewis
2023,IND,00-0034431,Zaire Franklin,Zaire,Zaire,Franklin
2023,IND,00-0034505,Ike Boettger,Isaac,Ike,Boettger
2023,IND,00-0034540,Tony Brown,Tony,Tony,Brown
2023,IND,00-0034603,Kevin Toliver,Kevin,Kevin,Toliver
2023,IND,00-0034631,Vyncint Smith,Vyncint,Vyncint,Smith
2023,IND,00-0034676,James Washington,James,James,Washington
2023,IND,00-0034682,Genard Avery,Genardveous,Genard,Avery
2023,IND,00-0034779,Ronnie Harrison,Ronnie,Ronnie,Harrison
2023,IND,00-0034836,Braden Smith,Braden,Braden,Smith
2023,IND,00-0034842,Taven Bryan,Taven,Taven,Bryan
2023,IND,00-0034846,Shaquille Leonard,Shaquille,Shaquille,Leonard
2023,IND,00-0034867,Malik Turner,Malik,Malik,Turner
2023,IND,00-0034987,E.J. Speed,E.J.,E.J.,Speed
2023,IND,00-0035021,Ashton Dulin,Ashton,Ashton,Dulin
2023,IND,00-0035045,D.J. Montgomery,Dewery,D.J.,Montgomery
2023,IND,00-0035269,Matt Gay,Matt,Matt,Gay
2023,IND,00-0035289,Gardner Minshew,Gardner,Gardner,Minshew
2023,IND,00-0035593,Juwann Winfree,Juwann,Juwann,Winfree
2023,IND,00-0035962,Henry Black,Henry,Henry,Black
2023,IND,00-0036215,Danny Pinter,Daniel,Danny,Pinter
2023,IND,00-0036223,Jonathan Taylor,Jonathan,Jonathan,Taylor
2023,IND,00-0036251,Zack Moss,Zaccheus,Zack,Moss
2023,IND,00-0036252,Michael Pittman,Michael,Michael,Pittman
2023,IND,00-0036253,Julian Blackmon,Julian,Julian,Blackmon
2023,IND,00-0036278,Jason Huntley,Jason,Jason,Huntley
2023,IND,00-0036289,Ross Blacklock,Ross,Ross,Blacklock
2023,IND,00-0036317,Arlington Hambright,Arlington,Arlington,Hambright
2023,IND,00-0036412,K.J. Hamler,Kahlee,K.J.,Hamler
2023,IND,00-0036420,McTelvin Agim,McTelvin,McTelvin,Agim
2023,IND,00-0036439,Tyrie Cleveland,Tyrie,Tyrie,Cleveland
2023,IND,00-0036479,Kwity Paye,Kwity,Kwity,Paye
2023,IND,00-0036480,Dayo Odeyingbo,Dayo,Dayo,Odeyingbo
2023,IND,00-0036482,Mike Strachan,Mike,Mike,Strachan
2023,IND,00-0036483,Will Fries,Will,Will,Fries
2023,IND,00-0036493,Deon Jackson,Deon,Deon,Jackson
2023,IND,00-0036577,Jack Anderson,Jack,Jack,Anderson
2023,IND,00-0036644,Cameron McGrone,Cameron,Cameron,McGrone
2023,IND,00-0036652,Racey McMath,Racey,Racey,McMath
2023,IND,00-0036672,Grant Stuard,Grant,Grant,Stuard
2023,IND,00-0036766,Nick Eubanks,Nick,Nick,Eubanks
2023,IND,00-0036860,Jake Funk,Jake,Jake,Funk
2023,IND,00-0036876,Kylen Granson,Kylen,Kylen,Granson
2023,IND,00-0036879,Sam Ehlinger,Samuel,Sam,Ehlinger
2023,IND,00-0036946,Kellen Mond,Kellen,Kellen,Mond
2023,IND,00-0036956,Darren Hall,Darren,Darren,Hall
2023,IND,00-0036984,Trey Sermon,Trey,Trey,Sermon
2023,IND,00-0036991,Amari Rodgers,Amari,Amari,Rodgers
2023,IND,00-0037022,Michael Jacobson,Michael,Michael,Jacobson
2023,IND,00-0037120,Tyler Goodson,Tyler,Tyler,Goodson
2023,IND,00-0037138,Josh Sills,Josh,Josh,Sills
2023,IND,00-0037269,Eric Johnson,Eric,Eric,Johnson
2023,IND,00-0037292,Andrew Ogletree,Andrew,Andrew,Ogletree
2023,IND,00-0037323,Rodney Thomas,Rodney,Rodney,Thomas
2023,IND,00-0037392,Trevor Denbow,Trevor,Trevor,Denbow
2023,IND,00-0037393,JoJo Domann,JoJo,JoJo,Domann
2023,IND,00-0037394,Ethan Fernea,Ethan,Ethan,Fernea
2023,IND,00-0037395,Dallis Flowers,Dallis,Dallis,Flowers
2023,IND,00-0037396,Wesley French,Wesley,Wesley,French
2023,IND,00-0037496,Zach McCloud,Zach,Zach,McCloud
2023,IND,00-0037527,Segun Olubi,Segun,Segun,Olubi
2023,IND,00-0037537,Lewis Kidd,Lewis,Lewis,Kidd
2023,IND,00-0037549,Darrell Baker,Darrell,Darrell,Baker
2023,IND,00-0037577,Isaac Taylor-Stuart,Isaac,Isaac,Taylor-Stuart
2023,IND,00-0037616,Nick Cross,Nicolas,Nick,Cross
2023,IND,00-0037664,Alec Pierce,Alec,Alec,Pierce
2023,IND,00-0037755,Jelani Woods,Jelani,Jelani,Woods
2023,IND,00-0037757,Bernhard Raimann,Bernhard,Bernhard,Raimann
2023,IND,00-0038143,Marcel Dabo,Marcel,Marcel,Dabo
2023,IND,00-0038392,Daniel Scott,Daniel,Daniel,Scott
2023,IND,00-0038394,Will Mallory,Will,Will,Mallory
2023,IND,00-0038397,Evan Hull,Evan,Evan,Hull
2023,IND,00-0038404,Titus Leo,Titus,Titus,Leo
2023,IND,00-0038407,Jaylon Jones,Jaylon,Jaylon,Jones
2023,IND,00-0038410,Jake Witt,Jake,Jake,Witt
2023,IND,00-0038429,Liam Anderson,Liam,Liam,Anderson
2023,IND,00-0038432,Emil Ekiyor,Emil,Emil,Ekiyor
2023,IND,00-0038437,Donavan Mutin,Donavan,Donavan,Mutin
2023,IND,00-0038439,Caleb Sampson,Caleb,Caleb,Sampson
2023,IND,00-0038440,Zavier Scott,Zavier,Zavier,Scott
2023,IND,00-0038531,Tyler Adams,Tyler,Tyler,Adams
2023,IND,00-0038532,Kody Case,Kody,Kody,Case
2023,IND,00-0038533,Matthew Vanderslice,Matthew,Matthew,Vanderslice
2023,IND,00-0038624,Ameer Speed,Ameer,Ameer,Speed
2023,IND,00-0038737,Isaiah Land,Isaiah,Isaiah,Land
2023,IND,00-0038847,Tyreque Jones,Tyreque,Tyreque,Jones
2023,IND,00-0038913,Johnny Lumpkin,Johnny,Johnny,Lumpkin
2023,IND,00-0038997,Josh Downs,Joshua,Josh,Downs
2023,IND,00-0038999,Jordan Murray,Jordan,Jordan,Murray
2023,IND,00-0039031,Adetomiwa Adebawore,Adetomiwa,Adetomiwa,Adebawore
2023,IND,00-0039042,Ryan Hayes,Ryan,Ryan,Hayes
2023,IND,00-0039156,Julius Brents,Julius,Julius,Brents
2023,IND,00-0039158,Blake Freeland,Blake,Blake,Freeland
2023,IND,00-0039164,Anthony Richardson,Anthony,Anthony,Richardson
2023,IND,00-0039178,Austin Ajiake,Austin,Austin,Ajiake
2023,JAX,00-0029822,Brandon McManus,Brandon,Brandon,McManus
2023,JAX,00-0030533,Matt Barkley,Matthew,Matt,Barkley
2023,JAX,00-0030827,Tyler Shatley,Christian,Tyler,Shatley
2023,JAX,00-0030829,Josh Wells,Joshua,Josh,Wells
2023,JAX,00-0032053,Brandon Scherff,Brandon,Brandon,Scherff
2023,JAX,00-0032107,Angelo Blackson,Angelo,Angelo,Blackson
2023,JAX,00-0032667,Roy Robertson-Harris,Roy,Roy,Robertson-Harris
2023,JAX,00-0033064,Adam Gotsis,Adam,Adam,Gotsis
2023,JAX,00-0033572,Jamal Agnew,Jamal,Jamal,Agnew
2023,JAX,00-0033582,Jeremiah Ledbetter,Jeremiah,Jeremiah,Ledbetter
2023,JAX,00-0033881,Evan Engram,Evan,Evan,Engram
2023,JAX,00-0033889,Cam Robinson,Cameron,Cam,Robinson
2023,JAX,00-0033891,Zay Jones,Isaiah,Zay,Jones
2023,JAX,00-0033907,Dawuane Smoot,Dawuane,Dawuane,Smoot
2023,JAX,00-0033936,C.J. Beathard,Casey,C.J.,Beathard
2023,JAX,00-0033941,Rayshawn Jenkins,Rayshawn,Rayshawn,Jenkins
2023,JAX,00-0034203,Darious Williams,Darious,Darious,Williams
2023,JAX,00-0034275,Folorunso Fatukasi,Folorunso,Folorunso,Fatukasi
2023,JAX,00-0034295,James Murray,James,James,Murray
2023,JAX,00-0034318,Henry Mondeaux,Henry,Henry,Mondeaux
2023,JAX,00-0034413,Foyesade Oluokun,Foyesade,Foyesade,Oluokun
2023,JAX,00-0034437,Logan Cooke,Logan,Logan,Cooke
2023,JAX,00-0034516,Tre Herndon,Willie,Tre,Herndon
2023,JAX,00-0034775,Christian Kirk,Christian,Christian,Kirk
2023,JAX,00-0034837,Calvin Ridley,Calvin,Calvin,Ridley
2023,JAX,00-0034903,Tevaughn Campbell,Tevaughn,Tevaughn,Campbell
2023,JAX,00-0035270,Amani Oruwariye,Amani,Amani,Oruwariye
2023,JAX,00-0035355,Blake Hance,Blake,Blake,Hance
2023,JAX,00-0035378,Andrew Wingard,Andrew,Andrew,Wingard
2023,JAX,00-0035400,Keaton Sutherland,Keaton,Keaton,Sutherland
2023,JAX,00-0035541,Michael Dogbe,Michael,Michael,Dogbe
2023,JAX,00-0035623,Chandler Brewer,Chandler,Chandler,Brewer
2023,JAX,00-0035628,D'Ernest Johnson,D'Ernest,D'Ernest,Johnson
2023,JAX,00-0035642,Josh Allen,Joshua,Josh,Allen
2023,JAX,00-0035666,Bobby Evans,Bobby,Bobby,Evans
2023,JAX,00-0035806,Jamycal Hasty,Jamycal,Jamycal,Hasty
2023,JAX,00-0035827,Ross Matiscik,Ross,Ross,Matiscik
2023,JAX,00-0035892,Darryl Williams,Darryl,Darryl,Williams
2023,JAX,00-0036125,Jaylon Moore,Jaylon,Jaylon,Moore
2023,JAX,00-0036235,Shaquille Quarterman,Shaquille,Shaquille,Quarterman
2023,JAX,00-0036262,Davon Hamilton,Davon,Davon,Hamilton
2023,JAX,00-0036272,Ben Bartch,Benjamin,Ben,Bartch
2023,JAX,00-0036286,K'Lavon Chaisson,K'Lavon,K'Lavon,Chaisson
2023,JAX,00-0036289,Ross Blacklock,Ross,Ross,Blacklock
2023,JAX,00-0036306,Daniel Thomas,Daniel,Daniel,Thomas
2023,JAX,00-0036316,Chris Claybrooks,Chris,Chris,Claybrooks
2023,JAX,00-0036327,Ezra Cleveland,Ezra,Ezra,Cleveland
2023,JAX,00-0036474,Sammis Reyes,Sammis,Sammis,Reyes
2023,JAX,00-0036497,Tim Jones,Tim,Tim,Jones
2023,JAX,00-0036655,Cole Van Lanen,Cole,Cole,Van Lanen
2023,JAX,00-0036657,Seth Williams,Seth,Seth,Williams
2023,JAX,00-0036674,Josh Pederson,Josh,Josh,Pederson
2023,JAX,00-0036704,Caleb Johnson,Caleb,Caleb,Johnson
2023,JAX,00-0036785,Coy Cronk,Coy,Coy,Cronk
2023,JAX,00-0036868,Jordan Smith,Jordan,Jordan,Smith
2023,JAX,00-0036883,Tommy Togiai,Tommy,Tommy,Togiai
2023,JAX,00-0036887,Luke Farrell,Luke,Luke,Farrell
2023,JAX,00-0036918,Jacob Harris,Jacob,Jacob,Harris
2023,JAX,00-0036941,Andre Cisco,Andre,Andre,Cisco
2023,JAX,00-0036971,Trevor Lawrence,Trevor,Trevor,Lawrence
2023,JAX,00-0036973,Travis Etienne,Travis,Travis,Etienne
2023,JAX,00-0036974,Tyson Campbell,Tyson,Tyson,Campbell
2023,JAX,00-0036975,Walker Little,Walker,Walker,Little
2023,JAX,00-0037061,De'Shaan Dixon,De'Shaan,De'Shaan,Dixon
2023,JAX,00-0037068,E.J. Perry,Ernest,E.J.,Perry
2023,JAX,00-0037231,Kevin Austin,Kevin,Kevin,Austin
2023,JAX,00-0037235,Travon Walker,Travon,Travon,Walker
2023,JAX,00-0037244,Devin Lloyd,Devin,Devin,Lloyd
2023,JAX,00-0037265,Snoop Conner,Jarod,Snoop,Conner
2023,JAX,00-0037274,Esezi Otomewo,Esezi,Esezi,Otomewo
2023,JAX,00-0037296,Gregory Junior,Gregory,Gregory,Junior
2023,JAX,00-0037313,Montaric Brown,Montaric,Montaric,Brown
2023,JAX,00-0037422,Kendric Pryor,Kendric,Kendric,Pryor
2023,JAX,00-0037471,James McCourt,James,James,McCourt
2023,JAX,00-0037686,Tucker Addington,Tucker,Tucker,Addington
2023,JAX,00-0037811,Chad Muma,Chad,Chad,Muma
2023,JAX,00-0037814,Luke Fortner,Luke,Luke,Fortner
2023,JAX,00-0038141,Ayo Oyelola,Ayo,Ayo,Oyelola
2023,JAX,00-0038150,Nathan Rourke,Nathan,Nathan,Rourke
2023,JAX,00-0038295,Willie Taylor,Willie,Willie,Taylor
2023,JAX,00-0038555,Tank Bigsby,Cartavious,Tank,Bigsby
2023,JAX,00-0038570,Ventrell Miller,Ventrell,Ventrell,Miller
2023,JAX,00-0038580,Yasir Abdullah,Yasir,Yasir,Abdullah
2023,JAX,00-0038596,Antonio Johnson,Antonio,Antonio,Johnson
2023,JAX,00-0038606,Parker Washington,Christopher,Parker,Washington
2023,JAX,00-0038616,Christian Braswell,Christian,Christian,Braswell
2023,JAX,00-0038620,Erick Hallett,Erick,Erick,Hallett
2023,JAX,00-0038630,Cooper Hodges,Cooper,Cooper,Hodges
2023,JAX,00-0038631,Raymond Vohasek,Raymond,Raymond,Vohasek
2023,JAX,00-0038638,Derek Parish,Derek,Derek,Parish
2023,JAX,00-0038666,D.J. Coleman,DarJarri,D.J.,Coleman
2023,JAX,00-0038667,Elijah Cooks,Elijah,Elijah,Cooks
2023,JAX,00-0038669,Dequan Jackson,Dequan,Dequan,Jackson
2023,JAX,00-0038670,Samuel Jackson,Samuel,Samuel,Jackson
2023,JAX,00-0038671,Jaray Jenkins,Jaray,Jaray,Jenkins
2023,JAX,00-0038672,Oliver Martin,Oliver,Oliver,Martin
2023,JAX,00-0038673,Leonard Taylor,Leonard,Leonard,Taylor
2023,JAX,00-0038934,Anton Harrison,Anton,Anton,Harrison
2023,JAX,00-0038935,Brenton Strange,Brenton,Brenton,Strange
2023,JAX,00-0038940,Tyler Lacy,Tyler,Tyler,Lacy
2023,JAX,00-0038955,Latavious Brini,Latavious,Latavious,Brini
2023,KC,00-0027948,Blaine Gabbert,Blaine,Blaine,Gabbert
2023,KC,00-0030506,Travis Kelce,Travis,Travis,Kelce
2023,KC,00-0030615,James Winchester,James,James,Winchester
2023,KC,00-0030757,Mike Pennel,Michael,Mike,Pennel
2023,KC,00-0031376,Jerick McKinnon,Jerick,Jerick,McKinnon
2023,KC,00-0031958,Austin Reiter,Austin,Austin,Reiter
2023,KC,00-0032062,Blake Bell,Blake,Blake,Bell
2023,KC,00-0032143,Danny Shelton,Danny,Danny,Shelton
2023,KC,00-0032217,Donovan Smith,Donovan,Donovan,Smith
2023,KC,00-0032391,Joe Thuney,Joseph,Joe,Thuney
2023,KC,00-0032762,Chris Jones,Christopher,Chris,Jones
2023,KC,00-0032774,Deon Bush,Deon,Deon,Bush
2023,KC,00-0033303,Harrison Butker,Harrison,Harrison,Butker
2023,KC,00-0033460,John Ross,John,John,Ross
2023,KC,00-0033873,Patrick Mahomes,Patrick,Patrick,Mahomes
2023,KC,00-0034272,Marquez Valdes-Scantling,Marquez,Marquez,Valdes-Scantling
2023,KC,00-0034286,Richie James,Richard,Richie,James
2023,KC,00-0034353,Anthony Miller,Anthony,Anthony,Miller
2023,KC,00-0034361,Justin Reid,Justin,Justin,Reid
2023,KC,00-0034386,Justin Watson,Justin,Justin,Watson
2023,KC,00-0034657,Matt Dickerson,Matthew,Matt,Dickerson
2023,KC,00-0034818,Derrick Nnadi,Derrick,Derrick,Nnadi
2023,KC,00-0035140,Mecole Hardman,Mecole,Mecole,Hardman
2023,KC,00-0035149,Nick Allegretti,Nicholas,Nick,Allegretti
2023,KC,00-0035157,Darius Harris,Darius,Darius,Harris
2023,KC,00-0035219,Isaiah Buggs,Isaiah,Isaiah,Buggs
2023,KC,00-0035237,Jawaan Taylor,Jawaan,Jawaan,Taylor
2023,KC,00-0035262,Drue Tranquill,Drue,Drue,Tranquill
2023,KC,00-0035279,Charles Omenihu,Charles,Charles,Omenihu
2023,KC,00-0035423,Daniel Wise,Daniel,Daniel,Wise
2023,KC,00-0035547,Jody Fortson,Joe,Joe,Fortson
2023,KC,00-0035547,Joe Fortson,Joe,Joe,Fortson
2023,KC,00-0035603,Kendall Blanton,Kendall,Kendall,Blanton
2023,KC,00-0035681,Mike Edwards,Mike,Mike,Edwards
2023,KC,00-0035782,Juwan Green,Juwan,Juwan,Green
2023,KC,00-0035857,Chris Williams,Christopher,Chris,Williams
2023,KC,00-0035889,Tommy Townsend,Tommy,Tommy,Townsend
2023,KC,00-0035890,Tershawn Wharton,Tershawn,Tershawn,Wharton
2023,KC,00-0035900,Cole Christiansen,Cole,Cole,Christiansen
2023,KC,00-0036152,Lamar Jackson,Lamar,Lamar,Jackson
2023,KC,00-0036230,Prince Tega Wanogho,Prince Tega,Prince Tega,Wanogho
2023,KC,00-0036269,La'Mical Perine,La'Mical,La'Mical,Perine
2023,KC,00-0036360,Clyde Edwards-Helaire,Clyde,Clyde,Edwards-Helaire
2023,KC,00-0036362,Willie Gay,Willie,Willie,Gay
2023,KC,00-0036362,Willie Gay Jr.,Willie,Willie,Gay
2023,KC,00-0036367,Lucas Niang,Lucas,Lucas,Niang
2023,KC,00-0036374,L'Jarius Sneed,L'Jarius,L'Jarius,Sneed
2023,KC,00-0036378,Michael Danna,Michael,Michael,Danna
2023,KC,00-0036519,Matt Bushman,Matt,Matt,Bushman
2023,KC,00-0036561,Keith Taylor,Keith,Keith,Taylor
2023,KC,00-0036572,Shi Smith,Shiyun,Shi,Smith
2023,KC,00-0036576,Phil Hoskins,Phil,Phil,Hoskins
2023,KC,00-0036621,Nick Bolton,Nicholas,Nick,Bolton
2023,KC,00-0036623,Creed Humphrey,Creed,Creed,Humphrey
2023,KC,00-0036632,Joshua Kaindoh,Joshua,Joshua,Kaindoh
2023,KC,00-0036637,Noah Gray,Noah,Noah,Gray
2023,KC,00-0036647,Cornell Powell,Cornell,Cornell,Powell
2023,KC,00-0036660,Trey Smith,Trey,Trey,Smith
2023,KC,00-0036678,Dicaprio Bootle,Dicaprio,Dicaprio,Bootle
2023,KC,00-0036682,Malik Herring,Malik,Malik,Herring
2023,KC,00-0036853,Tyree Gillespie,Tyree,Tyree,Gillespie
2023,KC,00-0036868,Jordan Smith,Jordan,Jordan,Smith
2023,KC,00-0036913,Kadarius Toney,Kadarius,Kadarius,Toney
2023,KC,00-0036929,Ian Book,Ian,Ian,Book
2023,KC,00-0036935,Kelvin Joseph,Kelvin,Kelvin,Joseph
2023,KC,00-0037191,Trent McDuffie,Trent,Trent,McDuffie
2023,KC,00-0037192,George Karlaftis,George,George,Karlaftis
2023,KC,00-0037193,Bryan Cook,Bryan,Bryan,Cook
2023,KC,00-0037194,Darian Kinnard,Darian,Darian,Kinnard
2023,KC,00-0037195,Jaylen Watson,Jaylen,Jaylen,Watson
2023,KC,00-0037197,Isiah Pacheco,Isiah,Isiah,Pacheco
2023,KC,00-0037198,Nazeeh Johnson,Nazeeh,Nazeeh,Johnson
2023,KC,00-0037207,Mike Caliendo,Mike,Mike,Caliendo
2023,KC,00-0037208,Jack Cochrane,Jack,Jack,Cochrane
2023,KC,00-0037210,Jerrion Ealy,Jerrion,Jerrion,Ealy
2023,KC,00-0037216,Justyn Ross,Justyn,Justyn,Ross
2023,KC,00-0037233,Gerrit Prince,Gerrit,Gerrit,Prince
2023,KC,00-0037272,Montrell Washington,Montrell,Montrell,Washington
2023,KC,00-0037299,Keaontay Ingram,Keaontay,Keaontay,Ingram
2023,KC,00-0037324,Chris Oladokun,Chris,Chris,Oladokun
2023,KC,00-0037381,Sebastian Gutierrez,Sebastian,Sebastian,Gutierrez
2023,KC,00-0037481,Olakunle Fatukasi,Olakunle,Olakunle,Fatukasi
2023,KC,00-0037566,Ty Fryfogle,Ty,Ty,Fryfogle
2023,KC,00-0037634,Duron Lowe,Duron,Duron,Lowe
2023,KC,00-0037819,Leo Chenal,Leo,Leo,Chenal
2023,KC,00-0038043,Joshua Williams,Joshua,Joshua,Williams
2023,KC,00-0038090,Skyy Moore,Skyy,Skyy,Moore
2023,KC,00-0038093,Neil Farrell,Neil,Neil,Farrell
2023,KC,00-0038388,Darius Rush,Darius,Darius,Rush
2023,KC,00-0038494,Trey Dean,Trey,Trey,Dean
2023,KC,00-0038494,Trey Dean III,Trey,Trey,Dean
2023,KC,00-0038509,Jerome Carvin,Jerome,Jerome,Carvin
2023,KC,00-0038510,Anthony Cook,Anthony,Anthony,Cook
2023,KC,00-0038511,Anderson Hardy,Anderson,Anderson,Hardy
2023,KC,00-0038513,Cam Jones,Cam,Cam,Jones
2023,KC,00-0038514,Truman Jones,Truman,Truman,Jones
2023,KC,00-0038516,Isaiah Moore,Isaiah,Isaiah,Moore
2023,KC,00-0038517,Isaiah Norman,Isaiah,Isaiah,Norman
2023,KC,00-0038518,Deneric Prince,Deneric,Deneric,Prince
2023,KC,00-0038519,Nikko Remigio,Nikko,Nikko,Remigio
2023,KC,00-0038520,Ty Scott,Tyrone,Ty,Scott
2023,KC,00-0038521,Reese Taylor,Reese,Reese,Taylor
2023,KC,00-0038651,Chase Cota,Chase,Chase,Cota
2023,KC,00-0038702,Daniel Arias,Daniel,Daniel,Arias
2023,KC,00-0038714,Hassan Hall,Hassan,Hassan,Hall
2023,KC,00-0038843,Jacob Copeland,Jacob,Jacob,Copeland
2023,KC,00-0038954,Izaiah Gathings,Izaiah,Izaiah,Gathings
2023,KC,00-0038956,Ekow Boye-Doe,Ekow,Ekow,Boye-Doe
2023,KC,00-0038981,Wanya Morris,Wanya,Wanya,Morris
2023,KC,00-0038982,Chamarri Conner,Chamarri,Chamarri,Conner
2023,KC,00-0038983,B.J. Thompson,B.J.,B.J.,Thompson
2023,KC,00-0038983,BJ Thompson,B.J.,B.J.,Thompson
2023,KC,00-0038985,Keondre Coburn,Keondre,Keondre,Coburn
2023,KC,00-0038986,Nic Jones,Nic,Nic,Jones
2023,KC,00-0039006,Felix Anudike-Uzomah,Felix,Felix,Anudike-Uzomah
2023,KC,00-0039067,Rashee Rice,Rashee,Rashee,Rice
2023,KC,00-0039174,Chukwuebuka Godrick,Chukwuebuka,Chukwuebuka,Godrick
2023,LA,00-0025580,Mason Crosby,Mason,Mason,Crosby
2023,LA,00-0026498,Matthew Stafford,John,Matthew,Stafford
2023,LA,00-0029959,Carson Tinker,James,Carson,Tinker
2023,LA,00-0030332,Brett Maher,Brett,Brett,Maher
2023,LA,00-0031388,Aaron Donald,Aaron,Aaron,Donald
2023,LA,00-0032242,Rob Havenstein,Robert,Rob,Havenstein
2023,LA,00-0032775,Demarcus Robinson,Demarcus,Demarcus,Robinson
2023,LA,00-0032950,Carson Wentz,Carson,Carson,Wentz
2023,LA,00-0033110,Tyler Higbee,Tyler,Tyler,Higbee
2023,LA,00-0033783,Ahkello Witherspoon,James,Ahkello,Witherspoon
2023,LA,00-0033908,Cooper Kupp,Cooper,Cooper,Kupp
2023,LA,00-0033927,John Johnson,John,John,Johnson
2023,LA,00-0034114,Coleman Shelton,Coleman,Coleman,Shelton
2023,LA,00-0034803,Joe Noteboom,Joseph,Joseph,Noteboom
2023,LA,00-0034803,Joseph Noteboom,Joseph,Joseph,Noteboom
2023,LA,00-0034804,Brian Allen,Brian,Brian,Allen
2023,LA,00-0034838,Royce Freeman,Royce,Royce,Freeman
2023,LA,00-0034845,Sony Michel,Sony,Sony,Michel
2023,LA,00-0034955,Brett Rypien,Brett,Brett,Rypien
2023,LA,00-0035311,Myles Gaskin,Myles,Myles,Gaskin
2023,LA,00-0035607,Marquise Copeland,Marquise,Marquise,Copeland
2023,LA,00-0035617,Troy Reeder,Troy,Troy,Reeder
2023,LA,00-0035664,Darrell Henderson,Darrell,Darrell,Henderson
2023,LA,00-0035696,Duke Shelley,YaQuis,Duke,Shelley
2023,LA,00-0035833,Brandon Wright,Brandon,Brandon,Wright
2023,LA,00-0035916,T.J. Carter,T.J.,T.J.,Carter
2023,LA,00-0035933,Michael Hoecht,Michael,Michael,Hoecht
2023,LA,00-0035942,Christian Rozeboom,Christian,Christian,Rozeboom
2023,LA,00-0035944,Jonah Williams,Jonah,Jonah,Williams
2023,LA,00-0036237,Larrell Murchison,Larrell,Larrell,Murchison
2023,LA,00-0036339,Kevin Dotson,Kevin,Kevin,Dotson
2023,LA,00-0036390,Michael Ojemudia,Michael,Michael,Ojemudia
2023,LA,00-0036414,Cam Akers,Cam,Cam,Akers
2023,LA,00-0036415,Van Jefferson,Vanchii,Van,Jefferson
2023,LA,00-0036424,Brycen Hopkins,Brycen,Brycen,Hopkins
2023,LA,00-0036427,Tyler Johnson,Tyler,Tyler,Johnson
2023,LA,00-0036431,Jordan Fuller,Jordan,Jordan,Fuller
2023,LA,00-0036437,Tremayne Anchrum,Tremayne,Tremayne,Anchrum
2023,LA,00-0036603,Alaric Jackson,Alaric,Alaric,Jackson
2023,LA,00-0036692,Miller Forristall,Miller,Miller,Forristall
2023,LA,00-0036841,Austin Trammell,Austin,Austin,Trammell
2023,LA,00-0036849,Tutu Atwell,Chatarius,Tutu,Atwell
2023,LA,00-0036855,Earnest Brown,Earnest,Earnest,Brown
2023,LA,00-0036855,Earnest Brown IV,Earnest,Earnest,Brown
2023,LA,00-0036862,Ben Skowronek,Ben,Ben,Skowronek
2023,LA,00-0036903,Bobby Brown,Bobby,Bobby,Brown
2023,LA,00-0036903,Bobby Brown III,Bobby,Bobby,Brown
2023,LA,00-0036994,Ernest Jones,Ernest,Ernest,Jones
2023,LA,00-0037004,Hunter Long,Hunter,Hunter,Long
2023,LA,00-0037031,Nikola Kalinic,Nikola,Nikola,Kalinic
2023,LA,00-0037057,Keir Thomas,Keir,Keir,Thomas
2023,LA,00-0037337,Shaun Jolly,Shaun,Shaun,Jolly
2023,LA,00-0037481,Olakunle Fatukasi,Olakunle,Olakunle,Fatukasi
2023,LA,00-0037515,Zach VanValkenburg,Zach,Zach,VanValkenburg
2023,LA,00-0037536,Vincent Gray,Vincent,Vincent,Gray
2023,LA,00-0037557,Ronnie Rivers,Ronnie,Ronnie,Rivers
2023,LA,00-0037618,Zach Thomas,Zachary,Zachary,Thomas
2023,LA,00-0037618,Zachary Thomas,Zachary,Zachary,Thomas
2023,LA,00-0037633,Jacob Hummel,Jake,Jake,Hummel
2023,LA,00-0037633,Jake Hummel,Jake,Jake,Hummel
2023,LA,00-0037836,Logan Bruss,Logan,Logan,Bruss
2023,LA,00-0037839,Cobie Durant,Decobie,Cobie,Durant
2023,LA,00-0037840,Kyren Williams,Kyren,Kyren,Williams
2023,LA,00-0037841,Quentin Lake,Quentin,Quentin,Lake
2023,LA,00-0037842,Derion Kendrick,Derion,Derion,Kendrick
2023,LA,00-0037844,Russ Yeast,Craig,Russ,Yeast
2023,LA,00-0037845,A.J. Arcuri,A.J.,A.J.,Arcuri
2023,LA,00-0038152,Lucas Havrisik,Lucas,Lucas,Havrisik
2023,LA,00-0038325,Alex Matheson,Alex,Alex,Matheson
2023,LA,00-0038354,Tanner Brown,Tanner,Tanner,Brown
2023,LA,00-0038356,Tyler Hudson,Tyler,Tyler,Hudson
2023,LA,00-0038358,Mike McAllister,Mike,Mike,McAllister
2023,LA,00-0038358,Mike Mcallister,Mike,Mike,McAllister
2023,LA,00-0038359,Xavier Smith,Xavier,Xavier,Smith
2023,LA,00-0038360,Alex Ward,Alex,Alex,Ward
2023,LA,00-0038361,Tyon Davis,Tyon,Tyon,Davis
2023,LA,00-0038365,Braxton Burmeister,Braxton,Braxton,Burmeister
2023,LA,00-0038366,Tanner Ingle,Tanner,Tanner,Ingle
2023,LA,00-0038369,Jordan Jones,Jordan,Jordan,Jones
2023,LA,00-0038370,Ryan Smenda,Ryan,Ryan,Smenda
2023,LA,00-0038371,Jaiden Woodbey,Jaiden,Jaiden,Woodbey
2023,LA,00-0038384,Sean Maginn,Sean,Sean,Maginn
2023,LA,00-0038385,Dresser Winn,Dresser,Dresser,Winn
2023,LA,00-0038467,Camren McDonald,Camren,Camren,McDonald
2023,LA,00-0038653,Cory Durden,Cory,Cory,Durden
2023,LA,00-0038943,Kelechi Anyalebechi,Kelechi,Kelechi,Anyalebechi
2023,LA,00-0038946,Cameron McCutcheon,Cameron,Cameron,McCutcheon
2023,LA,00-0038947,Grant Miller,Grant,Grant,Miller
2023,LA,00-0038948,Christian Sims,Christian,Christian,Sims
2023,LA,00-0038949,DeAndre Square,Deandre,DeAndre,Square
2023,LA,00-0038950,Rashad Torrence,Rashad,Rashad,Torrence
2023,LA,00-0038968,Timarcus Davis,Timarcus,Timarcus,Davis
2023,LA,00-0038991,Taron Vincent,Taron,Taron,Vincent
2023,LA,00-0039058,Steve Avila,Esteban,Steve,Avila
2023,LA,00-0039059,Ethan Evans,Ethan,Ethan,Evans
2023,LA,00-0039060,Jason Taylor,Jason,Jason,Taylor
2023,LA,00-0039060,Jason Taylor II,Jason,Jason,Taylor
2023,LA,00-0039061,Desjuan Johnson,Desjuan,Desjuan,Johnson
2023,LA,00-0039074,Davis Allen,Davis,Davis,Allen
2023,LA,00-0039075,Puka Nacua,Puka,Puka,Nacua
2023,LA,00-0039076,Nick Hampton,Nick,Nick,Hampton
2023,LA,00-0039077,Warren McClendon,Warren,Warren,McClendon
2023,LA,00-0039077,Warren McClendon Jr.,Warren,Warren,McClendon
2023,LA,00-0039107,Stetson Bennett,Stetson,Stetson,Bennett
2023,LA,00-0039134,Tre Tomlinson,Tre'Vius,Tre'Vius,Tomlinson
2023,LA,00-0039134,Tre'Vius Tomlinson,Tre'Vius,Tre'Vius,Tomlinson
2023,LA,00-0039135,Ochaun Mathis,Ochaun,Ochaun,Mathis
2023,LA,00-0039136,Zach Evans,Zachary,Zach,Evans
2023,LA,00-0039137,Byron Young,Byron,Byron,Young
2023,LA,00-0039138,Kobie Turner,Kobie,Kobie,Turner
2023,LAC,00-0028845,Josh Harris,Josh,Josh,Harris
2023,LAC,00-0030279,Keenan Allen,Keenan,Keenan,Allen
2023,LAC,00-0030500,Nicholas Williams,Nicholas,Nicholas,Williams
2023,LAC,00-0031019,Corey Linsley,Corey,Corey,Linsley
2023,LAC,00-0031040,Khalil Mack,Khalil,Khalil,Mack
2023,LAC,00-0031554,Eric Kendricks,Eric-Nathan,Eric,Kendricks
2023,LAC,00-0031619,Christian Covington,Christian,Christian,Covington
2023,LAC,00-0031870,Dean Marlowe,Dean,Dean,Marlowe
2023,LAC,00-0032394,Nick Vannett,Nicholas,Nick,Vannett
2023,LAC,00-0032543,Alex Erickson,Alex,Alex,Erickson
2023,LAC,00-0032671,Morgan Fox,Morgan,Morgan,Fox
2023,LAC,00-0032725,Stephen Anderson,Stephen,Stephen,Anderson
2023,LAC,00-0032763,Austin Johnson,Austin,Austin,Johnson
2023,LAC,00-0033156,Joey Bosa,Joseph,Joey,Bosa
2023,LAC,00-0033505,Cameron Tom,Cameron,Cameron,Tom
2023,LAC,00-0033536,Mike Williams,Michael,Mike,Williams
2023,LAC,00-0033697,Michael Davis,Michael,Michael,Davis
2023,LAC,00-0033699,Austin Ekeler,Austin,Austin,Ekeler
2023,LAC,00-0033895,Gerald Everett,Gerald,Gerald,Everett
2023,LAC,00-0034162,J.K. Scott,John,J.K.,Scott
2023,LAC,00-0034436,Will Clapp,William,Will,Clapp
2023,LAC,00-0034591,J.C. Jackson,Jerald,J.C.,Jackson
2023,LAC,00-0034790,Derwin James,Derwin,Derwin,James
2023,LAC,00-0034810,Sebastian Joseph,Sebastian,Sebastian,Joseph
2023,LAC,00-0035120,Keelan Doss,Keelan,Keelan,Doss
2023,LAC,00-0035181,Darrius Shepherd,Darrius,Darrius,Shepherd
2023,LAC,00-0035251,Will Grier,Will,Will,Grier
2023,LAC,00-0035282,Easton Stick,Easton,Easton,Stick
2023,LAC,00-0035329,Donald Parham,Donald,Donald,Parham
2023,LAC,00-0035414,Jalen Guyton,Jalen,Jalen,Guyton
2023,LAC,00-0035468,Zack Bailey,Zackary,Zack,Bailey
2023,LAC,00-0035591,Justin Hollins,Justin,Justin,Hollins
2023,LAC,00-0035613,Matt Kaskey,Matthew,Matt,Kaskey
2023,LAC,00-0035688,Trey Pipkins,Trey,Trey,Pipkins
2023,LAC,00-0035829,Austen Pleasants,Austen,Austen,Pleasants
2023,LAC,00-0035862,Essang Bassey,Essang,Essang,Bassey
2023,LAC,00-0035984,Blake Lynch,Blake,Blake,Lynch
2023,LAC,00-0035985,David Moa,David,David,Moa
2023,LAC,00-0035998,Michael Jacquet,Michael,Michael,Jacquet
2023,LAC,00-0036167,Tae Crowder,Dequartavious,Tae,Crowder
2023,LAC,00-0036302,Jaylinn Hawkins,Jaylinn,Jaylinn,Hawkins
2023,LAC,00-0036355,Justin Herbert,Justin,Justin,Herbert
2023,LAC,00-0036368,Tanner Muse,Tanner,Tanner,Muse
2023,LAC,00-0036370,Joshua Kelley,Joshua,Joshua,Kelley
2023,LAC,00-0036380,Alohi Gilman,Alohi,Alohi,Gilman
2023,LAC,00-0036398,John Hightower,John,John,Hightower
2023,LAC,00-0036441,Kenneth Murray,Kenneth,Kenneth,Murray
2023,LAC,00-0036584,Foster Sarell,Foster,Foster,Sarell
2023,LAC,00-0036617,Asante Samuel,Asante,Asante,Samuel
2023,LAC,00-0036636,Brenden Jaimes,Brenden,Brenden,Jaimes
2023,LAC,00-0036646,Simi Fehoko,Simione,Simi,Fehoko
2023,LAC,00-0036648,Nick Niemann,Nick,Nick,Niemann
2023,LAC,00-0036665,Mark Webb,Mark,Mark,Webb
2023,LAC,00-0036667,Chris Wilcox,Chris,Chris,Wilcox
2023,LAC,00-0036716,Amen Ogbongbemiga,Amen,Amen,Ogbongbemiga
2023,LAC,00-0036755,Jaret Patterson,Jaret,Jaret,Patterson
2023,LAC,00-0036779,Hunter Kampmoyer,Hunter,Hunter,Kampmoyer
2023,LAC,00-0036789,Carlo Kemp,Carlo,Carlo,Kemp
2023,LAC,00-0036867,Chris Rumph,Chris,Chris,Rumph
2023,LAC,00-0036988,Josh Palmer,Josh,Josh,Palmer
2023,LAC,00-0037009,Rashawn Slater,Rashawn,Rashawn,Slater
2023,LAC,00-0037011,Tre' McKitty,Tre',Tre',McKitty
2023,LAC,00-0037224,Cameron Dicker,Cameron,Cameron,Dicker
2023,LAC,00-0037270,Otito Ogbonnia,Otito,Otito,Ogbonnia
2023,LAC,00-0037295,Jamaree Salyer,Jamaree,Jamaree,Salyer
2023,LAC,00-0037307,Ja'Sir Taylor,Ja'Sir,Ja'Sir,Taylor
2023,LAC,00-0037320,Deane Leonard,Deane,Deane,Leonard
2023,LAC,00-0037331,Zander Horvath,Alexander,Zander,Horvath
2023,LAC,00-0037375,Christopher Hinton,Christopher,Christopher,Hinton
2023,LAC,00-0037468,Raheem Layne,Raheem,Raheem,Layne
2023,LAC,00-0037474,Ty Shelby,Ty,Ty,Shelby
2023,LAC,00-0037475,Stone Smartt,Stone,Stone,Smartt
2023,LAC,00-0037477,Andrew Trainer,Andrew,Andrew,Trainer
2023,LAC,00-0037478,Isaac Weaver,Isaac,Isaac,Weaver
2023,LAC,00-0037583,Matt Hankins,Matt,Matt,Hankins
2023,LAC,00-0037609,Aaron Shampklin,Aaron,Aaron,Shampklin
2023,LAC,00-0037818,Zion Johnson,Zion,Zion,Johnson
2023,LAC,00-0038045,Isaiah Spiller,Isaiah,Isaiah,Spiller
2023,LAC,00-0038091,J.T. Woods,J.T.,J.T.,Woods
2023,LAC,00-0038500,Brent Laing,Brent,Brent,Laing
2023,LAC,00-0038544,Quentin Johnston,Quentin,Quentin,Johnston
2023,LAC,00-0038553,Daiyan Henley,Daiyan,Daiyan,Henley
2023,LAC,00-0038573,Derius Davis,Derius,Derius,Davis
2023,LAC,00-0038595,Jordan McFadden,Jordan,Jordan,McFadden
2023,LAC,00-0038614,Scott Matlock,Scott,Scott,Matlock
2023,LAC,00-0038637,Max Duggan,Max,Max,Duggan
2023,LAC,00-0038856,Brevin Allen,Brevin,Brevin,Allen
2023,LAC,00-0038857,Tyler Baker-Williams,Tyler,Tyler,Baker-Williams
2023,LAC,00-0038858,Johari Branch,Johari,Johari,Branch
2023,LAC,00-0038859,Cameron Brown,Cameron,Cameron,Brown
2023,LAC,00-0038860,Terrell Bynum,Terrell,Terrell,Bynum
2023,LAC,00-0038861,Jerrod Clark,Jerrod,Jerrod,Clark
2023,LAC,00-0038862,Elijah Dotson,Elijah,Elijah,Dotson
2023,LAC,00-0038863,Nathan East,Nathan,Nathan,East
2023,LAC,00-0038864,Michael Ezeike,Michael,Michael,Ezeike
2023,LAC,00-0038865,Andrew Farmer,Andrew,Andrew,Farmer
2023,LAC,00-0038866,A.J. Finley,Allister,A.J.,Finley
2023,LAC,00-0038867,Tyler Hoosman,Tyler,Tyler,Hoosman
2023,LAC,00-0038868,Mikel Jones,Mikel,Mikel,Jones
2023,LAC,00-0038869,Terrance Lang,Terrance,Terrance,Lang
2023,LAC,00-0038872,Amechi Uzodinma,Amechi,Amechi,Uzodinma
2023,LAC,00-0038873,Ontaria Wilson,Ontaria,Ontaria,Wilson
2023,LAC,00-0039111,Tuli Tuipulotu,Tulikihelotu,Tuli,Tuipulotu
2023,LAC,00-0039168,Milton Wright,Milton,Milton,Wright
2023,LAC,00-0039176,Basil Okoye,Basil,Basil,Okoye
2023,LV,00-0026625,Brian Hoyer,Brian,Brian,Hoyer
2023,LV,00-0029239,Brandon Bolden,Brandon,Brandon,Bolden
2023,LV,00-0029585,Chandler Jones,Chandler,Chandler,Jones
2023,LV,00-0029685,Greg Van Roten,Gregory,Greg,Van Roten
2023,LV,00-0030070,John Jenkins,Johnathan,John,Jenkins
2023,LV,00-0030505,D.J. Fluker,Danny,D.J.,Fluker
2023,LV,00-0030874,Damien Williams,Damien,Damien,Williams
2023,LV,00-0031345,Jimmy Garoppolo,James,Jimmy,Garoppolo
2023,LV,00-0031381,Davante Adams,Davante,Davante,Adams
2023,LV,00-0031561,Hroniss Grasu,Hroniss,Hroniss,Grasu
2023,LV,00-0031763,DeAndre Carter,DeAndre,DeAndre,Carter
2023,LV,00-0032104,Ameer Abdullah,Ameer,Ameer,Abdullah
2023,LV,00-0032135,Jesse James,Jesse,Jesse,James
2023,LV,00-0032165,Marcus Peters,Marcus,Marcus,Peters
2023,LV,00-0032392,Austin Hooper,Austin,Austin,Hooper
2023,LV,00-0033052,Jaylon Smith,Jaylon,Jaylon,Smith
2023,LV,00-0033290,Jermaine Eluemunor,Jermaine,Jermaine,Eluemunor
2023,LV,00-0033381,Adam Butler,Adam,Adam,Butler
2023,LV,00-0033387,Jacob Hollister,Jacob,Jacob,Hollister
2023,LV,00-0033588,Isaac Rochell,Isaac,Isaac,Rochell
2023,LV,00-0033681,Keelan Cole,Keelan,Keelan,Cole
2023,LV,00-0033912,Jordan Willis,Jordan,Jordan,Willis
2023,LV,00-0034161,Daniel Carlson,Daniel,Daniel,Carlson
2023,LV,00-0034387,Bilal Nichols,Bilal,Bilal,Nichols
2023,LV,00-0034545,Brandon Facyson,Brandon,Brandon,Facyson
2023,LV,00-0034593,Chris Lacy,Chris,Chris,Lacy
2023,LV,00-0034667,Devin Ross,Devin,Devin,Ross
2023,LV,00-0034720,Robert Spillane,Robert,Robert,Spillane
2023,LV,00-0034759,Kolton Miller,Kolton,Kolton,Miller
2023,LV,00-0034763,Brandon Parker,Brandon,Brandon,Parker
2023,LV,00-0034792,Cornell Armstrong,Cornell,Cornell,Armstrong
2023,LV,00-0034954,Malik Reed,Malik,Malik,Reed
2023,LV,00-0034960,Jakobi Meyers,Jakobi,Jakobi,Meyers
2023,LV,00-0034973,Maxx Crosby,Maxx,Maxx,Crosby
2023,LV,00-0034983,Hunter Renfrow,Hunter,Hunter,Renfrow
2023,LV,00-0034993,Marcus Epps,Marcus,Marcus,Epps
2023,LV,00-0035061,Alex Bars,Alex,Alex,Bars
2023,LV,00-0035076,Curtis Bolton,Curtis,Curtis,Bolton
2023,LV,00-0035126,Antoine Wesley,Antoine,Antoine,Wesley
2023,LV,00-0035127,Andre James,Andre,Andre,James
2023,LV,00-0035148,Darwin Thompson,Darwin,Darwin,Thompson
2023,LV,00-0035157,Darius Harris,Darius,Darius,Harris
2023,LV,00-0035187,Austin Walter,Austin,Austin,Walter
2023,LV,00-0035190,A.J. Cole,A.J.,A.J.,Cole
2023,LV,00-0035222,Zach Gentry,Zach,Zach,Gentry
2023,LV,00-0035290,Jaquan Johnson,Jaquan,Jaquan,Johnson
2023,LV,00-0035437,Roderic Teamer,Roderic,Roderic,Teamer
2023,LV,00-0035562,Jesper Horsted,Jesper,Jesper,Horsted
2023,LV,00-0035665,David Long,David,David,Long
2023,LV,00-0035674,Jerry Tillery,Jerry,Jerry,Tillery
2023,LV,00-0035700,Josh Jacobs,Joshua,Josh,Jacobs
2023,LV,00-0035726,Jakob Johnson,Jakob,Jakob,Johnson
2023,LV,00-0035757,Jacob Bobenmoyer,Jacob,Jacob,Bobenmoyer
2023,LV,00-0035783,Tyler Hall,Tyler,Tyler,Hall
2023,LV,00-0035822,Doug Costin,Douglas,Doug,Costin
2023,LV,00-0036005,Noah Togiai,Noah,Noah,Togiai
2023,LV,00-0036100,Isaiah Zuber,Isaiah,Isaiah,Zuber
2023,LV,00-0036163,Justin Herron,Justin,Justin,Herron
2023,LV,00-0036183,Kristian Wilkerson,Kristian,Kristian,Wilkerson
2023,LV,00-0036186,Isiah Brown,Isiah,Isiah,Brown
2023,LV,00-0036219,Marquez Callaway,Marquez,Marquez,Callaway
2023,LV,00-0036299,Troy Pride,Troy,Troy,Pride
2023,LV,00-0036300,Mykal Walker,Mykal,Mykal,Walker
2023,LV,00-0036375,Amik Robertson,Amik,Amik,Robertson
2023,LV,00-0036399,Netane Muti,Netane,Netane,Muti
2023,LV,00-0036527,D.J. Turner,Darryl,D.J.,Turner
2023,LV,00-0036604,Jordan Meredith,Jordan,Jordan,Meredith
2023,LV,00-0036711,Charles Snowden,Charles,Charles,Snowden
2023,LV,00-0036871,Nate Hobbs,Nate,Nate,Hobbs
2023,LV,00-0036878,Janarius Robinson,Janarius,Janarius,Robinson
2023,LV,00-0036895,Elerson Smith,Elerson,Elerson,Smith
2023,LV,00-0036962,Trevon Moehrig,Trevon,Trevon,Moehrig
2023,LV,00-0036989,Malcolm Koonce,Malcolm,Malcolm,Koonce
2023,LV,00-0036990,Divine Deablo,Divine,Divine,Deablo
2023,LV,00-0037255,Dylan Parham,Dylan,Dylan,Parham
2023,LV,00-0037280,Matthew Butler,Matthew,Matthew,Butler
2023,LV,00-0037322,Thayer Munford,Thayer,Thayer,Munford
2023,LV,00-0037329,Brittain Brown,Brittain,Brittain,Brown
2023,LV,00-0037363,Marquan McCall,Marquan,Marquan,McCall
2023,LV,00-0037381,Sebastian Gutierrez,Sebastian,Sebastian,Gutierrez
2023,LV,00-0037383,Kana'i Mauga,Kana'i,Kana'i,Mauga
2023,LV,00-0037471,James McCourt,James,James,McCourt
2023,LV,00-0037503,Darien Butler,Darien,Darien,Butler
2023,LV,00-0037505,Bryce Cosby,Bryce,Bryce,Cosby
2023,LV,00-0037506,Cole Fotheringham,Cole,Cole,Fotheringham
2023,LV,00-0037507,Chase Garbers,Chase,Chase,Garbers
2023,LV,00-0037509,Sincere McCormick,Sincere,Sincere,McCormick
2023,LV,00-0037512,Isaiah Pola-Mao,Isaiah,Isaiah,Pola-Mao
2023,LV,00-0037516,Sam Webb,Sam,Sam,Webb
2023,LV,00-0037517,Luke Masterson,Luke,Luke,Masterson
2023,LV,00-0037600,Jalen McKenzie,Jalen,Jalen,McKenzie
2023,LV,00-0037625,Vitaliy Gurman,Vitaliy,Vitaliy,Gurman
2023,LV,00-0038039,Jack Jones,Jack,Jack,Jones
2023,LV,00-0038040,Zamir White,Zamir,Zamir,White
2023,LV,00-0038498,E.J. Jenkins,Emanuel,E.J.,Jenkins
2023,LV,00-0038541,Tyree Wilson,Tyree,Tyree,Wilson
2023,LV,00-0038563,Tre Tucker,Tre,Tre,Tucker
2023,LV,00-0038579,Aidan O'Connell,Aidan,Aidan,O'Connell
2023,LV,00-0038602,Christopher Smith,Christopher,Christopher,Smith
2023,LV,00-0038617,Amari Burney,Amari,Amari,Burney
2023,LV,00-0038634,Nesta Jade Silvera,Nesta Jade,Nesta Jade,Silvera
2023,LV,00-0038652,Isaac Darkangelo,Isaac,Isaac,Darkangelo
2023,LV,00-0038781,Rejzohn Wright,Rejzohn,Rejzohn,Wright
2023,LV,00-0038904,Malik Flowers,Malik,Malik,Flowers
2023,LV,00-0038914,McClendon Curtis,McClendon,McClendon,Curtis
2023,LV,00-0038915,Jaydon Grant,Jaydon,Jaydon,Grant
2023,LV,00-0038916,Azizi Hearn,Azizi,Azizi,Hearn
2023,LV,00-0038918,Jordan Perryman,Jordan,Jordan,Perryman
2023,LV,00-0038919,Adam Plant,Adam,Adam,Plant
2023,LV,00-0038920,John Samuel Shenker,John Samuel,John Samuel,Shenker
2023,LV,00-0038921,George Tarlas,George,George,Tarlas
2023,LV,00-0038923,Dalton Wagner,Dalton,Dalton,Wagner
2023,LV,00-0038978,Byron Young,Byron,Byron,Young
2023,LV,00-0039066,Michael Mayer,Michael,Michael,Mayer
2023,LV,00-0039072,Jakorian Bennett,Jakorian,Jakorian,Bennett
2023,LV,00-0039177,David Ebuka Agoha,David Ebuka,David Ebuka,Agoha
2023,LV,00-0039178,Austin Ajiake,Austin,Austin,Ajiake
2023,MIA,00-0027867,Jason Pierre-Paul,Jason,Jason,Pierre-Paul
2023,MIA,00-0028008,Justin Houston,Justin,Justin,Houston
2023,MIA,00-0029193,Bruce Irvin,Bruce,Bruce,Irvin
2023,MIA,00-0029249,Melvin Ingram,Melvin,Melvin,Ingram
2023,MIA,00-0029530,Justin Bethel,Justin,Justin,Bethel
2023,MIA,00-0030067,Terron Armstead,Terron,Terron,Armstead
2023,MIA,00-0030649,Jonotthan Harrison,Jonotthan,Jonotthan,Harrison
2023,MIA,00-0031346,Justin Ellis,Justin,Justin,Ellis
2023,MIA,00-0031687,Raheem Mostert,Dominique,Raheem,Mostert
2023,MIA,00-0031921,Kendall Lamm,Kendall,Kendall,Lamm
2023,MIA,00-0032214,Tyler Kroft,Tyler,Tyler,Kroft
2023,MIA,00-0032233,Cedric Ogbuehi,Cedric,Cedric,Ogbuehi
2023,MIA,00-0032379,Eli Apple,Eli,Eli,Apple
2023,MIA,00-0032575,Matt Skura,Matthew,Matt,Skura
2023,MIA,00-0032688,Robbie  Chosen,Robbie,Robbie ,Chosen
2023,MIA,00-0032688,Robbie Chosen,Robbie,Robbie,Chosen
2023,MIA,00-0033040,Tyreek Hill,Tyreek,Tyreek,Hill
2023,MIA,00-0033050,Xavien Howard,Xavien,Xavien,Howard
2023,MIA,00-0033055,Jalen Ramsey,Jalen,Jalen,Ramsey
2023,MIA,00-0033073,Emmanuel Ogbah,Emmanuel,Emmanuel,Ogbah
2023,MIA,00-0033549,Duke Riley,Duke,Duke,Riley
2023,MIA,00-0033576,Eric Saubert,Eric,Eric,Saubert
2023,MIA,00-0033716,Calvin Munson,Calvin,Calvin,Munson
2023,MIA,00-0033734,Jamal Perry,Jamal,Jamal,Perry
2023,MIA,00-0034054,River Cracraft,Tanner,River,Cracraft
2023,MIA,00-0034115,Jeff Wilson,Jeffery,Jeffery,Wilson
2023,MIA,00-0034115,Jeffery Wilson,Jeffery,Jeffery,Wilson
2023,MIA,00-0034248,Elijah Campbell,Elijah,Elijah,Campbell
2023,MIA,00-0034274,Parry Nickerson,Parry,Parry,Nickerson
2023,MIA,00-0034277,DeShon Elliott,Armentae,DeShon,Elliott
2023,MIA,00-0034285,Zach Sieler,Zach,Zach,Sieler
2023,MIA,00-0034352,Connor Williams,Connor,Connor,Williams
2023,MIA,00-0034366,Keke Coutee,Key'vantanie,Keke,Coutee
2023,MIA,00-0034371,Da'Shawn Hand,Da'Shawn,Da'Shawn,Hand
2023,MIA,00-0034401,Mike White,Michael,Mike,White
2023,MIA,00-0034418,Ced Wilson,Cedrick,Cedrick,Wilson
2023,MIA,00-0034418,Cedrick Wilson,Cedrick,Cedrick,Wilson
2023,MIA,00-0034419,Braxton Berrios,Braxton,Braxton,Berrios
2023,MIA,00-0034435,Keion Crossen,Keion,Keion,Crossen
2023,MIA,00-0034662,Joshua Kalu,Joshua,Joshua,Kalu
2023,MIA,00-0034794,Jason Sanders,Jason,Jason,Sanders
2023,MIA,00-0034797,Jerome Baker,Jerome,Jerome,Baker
2023,MIA,00-0034798,Durham Smythe,Durham,Durham,Smythe
2023,MIA,00-0034817,Geron Christian,Geron,Geron,Christian
2023,MIA,00-0034832,Bradley Chubb,Bradley,Bradley,Chubb
2023,MIA,00-0034833,Isaiah Wynn,Isaiah,Isaiah,Wynn
2023,MIA,00-0034887,Alexander Johnson,Alexander,Alexander,Johnson
2023,MIA,00-0034954,Malik Reed,Malik,Malik,Reed
2023,MIA,00-0035000,Quinton Bell,Quinton,Quinton,Bell
2023,MIA,00-0035117,Lester Cotton,Lester,Lester,Cotton
2023,MIA,00-0035125,Alec Ingold,Alec,Alec,Ingold
2023,MIA,00-0035231,Christian Wilkins,Christian,Christian,Wilkins
2023,MIA,00-0035272,Andrew Van Ginkel,Andrew,Andrew,Van Ginkel
2023,MIA,00-0035278,Byron Cowart,Byron,Byron,Cowart
2023,MIA,00-0035280,Jake Bailey,Jacob,Jake,Bailey
2023,MIA,00-0035292,David Long,David,David,Long
2023,MIA,00-0035346,Nik Needham,Nikolas,Nik,Needham
2023,MIA,00-0035654,Chase Winovich,Chase,Chase,Winovich
2023,MIA,00-0035858,Tino Ellis,Tino,Tino,Ellis
2023,MIA,00-0035979,Myles Dorn,Myles,Myles,Dorn
2023,MIA,00-0036020,Salvon Ahmed,Salvon,Salvon,Ahmed
2023,MIA,00-0036083,Nick Bowers,Nicholas,Nick,Bowers
2023,MIA,00-0036212,Tua Tagovailoa,Tua,Tua,Tagovailoa
2023,MIA,00-0036213,Raekwon Davis,Raekwon,Raekwon,Davis
2023,MIA,00-0036217,Blake Ferguson,Blake,Blake,Ferguson
2023,MIA,00-0036221,Brandon Jones,Brandon,Brandon,Jones
2023,MIA,00-0036247,Freddie Swain,Freddie,Freddie,Swain
2023,MIA,00-0036248,Austin Jackson,Austin,Austin,Jackson
2023,MIA,00-0036297,Darrynton Evans,Darrynton,Darrynton,Evans
2023,MIA,00-0036325,Robert Hunt,Robert,Robert,Hunt
2023,MIA,00-0036326,Chase Claypool,Chase,Chase,Claypool
2023,MIA,00-0036373,Rashard Lawrence,Ronald,Rashard,Lawrence
2023,MIA,00-0036537,Josiah Bronson,Josiah,Josiah,Bronson
2023,MIA,00-0036546,Trill Williams,Trill,Trill,Williams
2023,MIA,00-0036596,Robert Jones,Robert,Robert,Jones
2023,MIA,00-0036613,Jaylen Waddle,Jaylen,Jaylen,Waddle
2023,MIA,00-0036651,Jaylen Twyman,Jaylen,Jaylen,Twyman
2023,MIA,00-0036792,Bryce Thompson,Bryce,Bryce,Thompson
2023,MIA,00-0036839,Kion Smith,Kion,Kion,Smith
2023,MIA,00-0036860,Jake Funk,Jake,Jake,Funk
2023,MIA,00-0036934,Jaelan Phillips,Jaelan,Jaelan,Phillips
2023,MIA,00-0036935,Kelvin Joseph,Kelvin,Kelvin,Joseph
2023,MIA,00-0036998,Jevon Holland,Jevon,Jevon,Holland
2023,MIA,00-0036999,Anthony Schwartz,Anthony,Anthony,Schwartz
2023,MIA,00-0037010,Liam Eichenberg,Liam,Liam,Eichenberg
2023,MIA,00-0037185,Raleigh Webb,Raleigh,Raleigh,Webb
2023,MIA,00-0037315,Cameron Goode,Cameron,Cameron,Goode
2023,MIA,00-0037327,Skylar Thompson,Skylar,Skylar,Thompson
2023,MIA,00-0037348,Tanner Conner,Tanner,Tanner,Conner
2023,MIA,00-0037353,Kader Kohou,Kader,Kader,Kohou
2023,MIA,00-0037354,Verone McKinley,Verone,Verone,McKinley
2023,MIA,00-0037355,Braylon Sanders,Braylon,Braylon,Sanders
2023,MIA,00-0037619,Chasen Hines,Chasen,Chasen,Hines
2023,MIA,00-0037813,Channing Tindall,Channing,Channing,Tindall
2023,MIA,00-0038092,Erik Ezukanma,Erik,Erik,Ezukanma
2023,MIA,00-0038534,Jamal Woods,Jamal,Jamal,Woods
2023,MIA,00-0038538,Mark Milton,Mark,Mark,Milton
2023,MIA,00-0038682,Mitchell Agude,Mitchell,Mitchell,Agude
2023,MIA,00-0038683,James Blackman,James,James,Blackman
2023,MIA,00-0038684,Ethan Bonner,Ethan,Ethan,Bonner
2023,MIA,00-0038685,Chris Brooks,Christopher,Christopher,Brooks
2023,MIA,00-0038685,Christopher Brooks,Christopher,Christopher,Brooks
2023,MIA,00-0038686,Randy Charlton,Randy,Randy,Charlton
2023,MIA,00-0038687,Chris Coleman,Chris,Chris,Coleman
2023,MIA,00-0038688,Daewood Davis,Daewood,Daewood,Davis
2023,MIA,00-0038691,Aubrey Miller,Aubrey,Aubrey,Miller
2023,MIA,00-0038694,Brandon Pili,Brandon,Brandon,Pili
2023,MIA,00-0038697,James Tunstall,James,James,Tunstall
2023,MIA,00-0038699,Alama Uluave,Alama,Alama,Uluave
2023,MIA,00-0038700,Zeke Vandenburgh,Zeke,Zeke,Vandenburgh
2023,MIA,00-0038720,Julian Hill,Julian,Julian,Hill
2023,MIA,00-0039040,De'Von Achane,Devon,Devon,Achane
2023,MIA,00-0039040,Devon Achane,Devon,Devon,Achane
2023,MIA,00-0039042,Ryan Hayes,Ryan,Ryan,Hayes
2023,MIA,00-0039133,Cam Smith,Cam,Cam,Smith
2023,MIN,00-0029604,Kirk Cousins,Kirk,Kirk,Cousins
2023,MIN,00-0029606,Harrison Smith,Harrison,Harrison,Smith
2023,MIN,00-0029714,Andrew DePaola,Andrew,Andrew,DePaola
2023,MIN,00-0030097,David Quessenberry,David,David,Quessenberry
2023,MIN,00-0031256,Anthony Barr,Anthony,Anthony,Barr
2023,MIN,00-0031565,Danielle Hunter,Danielle,Danielle,Hunter
2023,MIN,00-0031734,Chris Reed,Christopher,Chris,Reed
2023,MIN,00-0032129,Jordan Hicks,Jordan,Jordan,Hicks
2023,MIN,00-0032245,Sean Mannion,Sean,Sean,Mannion
2023,MIN,00-0032412,Dean Lowry,Dean,Dean,Lowry
2023,MIN,00-0032892,Nick Vigil,Nicholas,Nick,Vigil
2023,MIN,00-0032918,C.J. Ham,Cortez,C.J.,Ham
2023,MIN,00-0033010,Sheldon Day,Sheldon,Sheldon,Day
2023,MIN,00-0033093,Jonathan Bullard,Jonathan,Jonathan,Bullard
2023,MIN,00-0033246,Johnny Mundt,Johnny,Johnny,Mundt
2023,MIN,00-0033319,Nick Mullens,Nicholas,Nick,Mullens
2023,MIN,00-0033580,Tanner Vallejo,Tanner,Tanner,Vallejo
2023,MIN,00-0033720,Colin Thompson,Colin,Colin,Thompson
2023,MIN,00-0033949,Joshua Dobbs,Robert,Joshua,Dobbs
2023,MIN,00-0034112,Austin Schlottmann,Austin,Austin,Schlottmann
2023,MIN,00-0034158,Brian O'Neill,Brian,Brian,O'Neill
2023,MIN,00-0034250,Christian DiLauro,Christian,Christian,DiLauro
2023,MIN,00-0034344,Marcus Davenport,Marcus,Marcus,Davenport
2023,MIN,00-0034393,Troy Fumagalli,Troy,Troy,Fumagalli
2023,MIN,00-0034450,Greg Joseph,Gregory,Greg,Joseph
2023,MIN,00-0034646,Brandon Powell,Brandon,Brandon,Powell
2023,MIN,00-0034782,Harrison Phillips,Harrison,Harrison,Phillips
2023,MIN,00-0034972,Alexander Mattison,Alexander,Alexander,Mattison
2023,MIN,00-0034994,Olisaemeka Udoh,Olisaemeka,Olisaemeka,Udoh
2023,MIN,00-0035229,T.J. Hockenson,Thomas,T.J.,Hockenson
2023,MIN,00-0035236,Byron Murphy,Byron,Byron,Murphy
2023,MIN,00-0035241,Joejuan Williams,Joejuan,Joejuan,Williams
2023,MIN,00-0035249,Josh Oliver,Josh,Josh,Oliver
2023,MIN,00-0035311,Myles Gaskin,Myles,Myles,Gaskin
2023,MIN,00-0035531,Austin Bryant,Austin,Austin,Bryant
2023,MIN,00-0035541,Michael Dogbe,Michael,Michael,Dogbe
2023,MIN,00-0035588,Garrett Bradbury,Garrett,Garrett,Bradbury
2023,MIN,00-0035609,Jake Gervase,Jake,Jake,Gervase
2023,MIN,00-0035624,N'Keal Harry,N'Keal,N'Keal,Harry
2023,MIN,00-0035702,Dalton Risner,Dalton,Dalton,Risner
2023,MIN,00-0035735,Jordan Ta'amu,Jordan,Jordan,Ta'amu
2023,MIN,00-0035823,Ben Ellefson,Ben,Ben,Ellefson
2023,MIN,00-0035910,T.J. Smith,T.J.,T.J.,Smith
2023,MIN,00-0035934,Trishton Jackson,Trishton,Trishton,Jackson
2023,MIN,00-0035976,Dan Chisena,Daniel,Dan,Chisena
2023,MIN,00-0036116,Jameson Houston,Jameson,Jameson,Houston
2023,MIN,00-0036310,Hakeem Adeniji,Hakeem,Hakeem,Adeniji
2023,MIN,00-0036322,Justin Jefferson,Justin,Justin,Jefferson
2023,MIN,00-0036327,Ezra Cleveland,Ezra,Ezra,Cleveland
2023,MIN,00-0036335,D.J. Wonnum,Dennis,D.J.,Wonnum
2023,MIN,00-0036337,James Lynch,James,James,Lynch
2023,MIN,00-0036338,Troy Dye,Troy,Troy,Dye
2023,MIN,00-0036345,K.J. Osborn,K.J.,K.J.,Osborn
2023,MIN,00-0036347,Blake Brandel,Blake,Blake,Brandel
2023,MIN,00-0036348,Josh Metellus,Joshua,Josh,Metellus
2023,MIN,00-0036414,Cam Akers,Cam,Cam,Akers
2023,MIN,00-0036616,Christian Darrisaw,Christian,Christian,Darrisaw
2023,MIN,00-0036629,Camryn Bynum,Camryn,Camryn,Bynum
2023,MIN,00-0036785,Coy Cronk,Coy,Coy,Cronk
2023,MIN,00-0036818,Blake Proehl,Christian,Blake,Proehl
2023,MIN,00-0036842,Kene Nwangwu,Kene,Kene,Nwangwu
2023,MIN,00-0036845,Quincy Roche,Quincy,Quincy,Roche
2023,MIN,00-0036897,Tay Gowan,Quent,Tay,Gowan
2023,MIN,00-0036909,Khyiris Tonga,Khyiris,Khyiris,Tonga
2023,MIN,00-0037007,Patrick Jones,Patrick,Patrick,Jones
2023,MIN,00-0037140,Jarrid Williams,Jarrid,Jarrid,Williams
2023,MIN,00-0037167,Tyrese Robinson,Tyrese,Tyrese,Robinson
2023,MIN,00-0037245,Lewis Cine,Lewis,Lewis,Cine
2023,MIN,00-0037276,Ty Chandler,Ty,Ty,Chandler
2023,MIN,00-0037291,Jalen Nailor,Jalen,Jalen,Nailor
2023,MIN,00-0037301,Theo Jackson,Theo,Theo,Jackson
2023,MIN,00-0037317,Nick Muse,Nick,Nick,Muse
2023,MIN,00-0037325,Kalon Barnes,Kalon,Kalon,Barnes
2023,MIN,00-0037497,Josh Sokol,Josh,Josh,Sokol
2023,MIN,00-0037499,Luiji Vilain,Luiji,Luiji,Vilain
2023,MIN,00-0037500,Ryan Wright,Ryan,Ryan,Wright
2023,MIN,00-0037546,Abram Smith,Abram,Abram,Smith
2023,MIN,00-0037636,Jack Snyder,Jackson,Jack,Snyder
2023,MIN,00-0037638,Benton Whitley,Benton,Benton,Whitley
2023,MIN,00-0037639,William Kwenkeu,William,William,Kwenkeu
2023,MIN,00-0037822,Brian Asamoah,Brian,Brian,Asamoah
2023,MIN,00-0038101,Akayleb Evans,Akayleb,Akayleb,Evans
2023,MIN,00-0038130,Andrew Booth,Andrew,Andrew,Booth
2023,MIN,00-0038131,Ed Ingram,Edward,Ed,Ingram
2023,MIN,00-0038147,Daylen Baldwin,Daylen,Daylen,Baldwin
2023,MIN,00-0038181,Lucky Jackson,Dontavian,Lucky,Jackson
2023,MIN,00-0038485,Chim Okorafor,Chimemela,Chim,Okorafor
2023,MIN,00-0038565,Mekhi Blackmon,Mekhi,Mekhi,Blackmon
2023,MIN,00-0038578,Jay Ward,Jay,Jay,Ward
2023,MIN,00-0038584,Jaquelin Roy,Jaquelin,Jaquelin,Roy
2023,MIN,00-0038598,Jaren Hall,Jaren,Jaren,Hall
2023,MIN,00-0038744,Tanner Morgan,Tanner,Tanner,Morgan
2023,MIN,00-0038785,Henry Byrd,Henry,Henry,Byrd
2023,MIN,00-0038798,Alan Ali,Alan,Alan,Ali
2023,MIN,00-0038799,Calvin Avery,Calvin,Calvin,Avery
2023,MIN,00-0038800,Abraham Beauplan,Abraham,Abraham,Beauplan
2023,MIN,00-0038801,Andre Carter,Andre,Andre,Carter
2023,MIN,00-0038803,C.J. Coldon,C.J.,C.J.,Coldon
2023,MIN,00-0038804,Wilson Huber,Wilson,Wilson,Huber
2023,MIN,00-0038806,Malik Knowles,Malik,Malik,Knowles
2023,MIN,00-0038807,Ivan Pace,Ivan,Ivan,Pace
2023,MIN,00-0038810,Thayer Thomas,Thayer,Thayer,Thomas
2023,MIN,00-0038811,NaJee Thompson,NaJee,NaJee,Thompson
2023,MIN,00-0038812,Jaylin Williams,Jaylin,Jaylin,Williams
2023,MIN,00-0038843,Jacob Copeland,Jacob,Jacob,Copeland
2023,MIN,00-0038994,Jordan Addison,Jordan,Jordan,Addison
2023,MIN,00-0039043,Garett Maag,Garett,Garett,Maag
2023,MIN,00-0039046,DeWayne McBride,DeWayne,DeWayne,McBride
2023,MIN,00-0039175,Junior Aho,Junior,Junior,Aho
2023,MIN,00-0039191,Aaron Dykes,Aaron,Aaron,Dykes
2023,NE,00-0026293,Matt Slater,Matthew,Matt,Slater
2023,NE,00-0027647,Devin McCourty,Devin,Devin,McCourty
2023,NE,00-0028171,Lawrence Guy,Lawrence,Lawrence,Guy
2023,NE,00-0029672,Riley Reiff,Riley,Riley,Reiff
2023,NE,00-0029764,Cody Davis,Cody,Cody,Davis
2023,NE,00-0031039,James Ferentz,James,James,Ferentz
2023,NE,00-0031404,Adrian Phillips,Adrian,Adrian,Phillips
2023,NE,00-0031547,DeVante Parker,DeVante,DeVante,Parker
2023,NE,00-0031566,Trey Flowers,Trey,Trey,Flowers
2023,NE,00-0031852,David Andrews,Jams,David,Andrews
2023,NE,00-0032071,Trenton Brown,Trenton,Trenton,Brown
2023,NE,00-0032200,Ty Montgomery,Ty,Ty,Montgomery
2023,NE,00-0032228,Joe Cardona,Joe,Joe,Cardona
2023,NE,00-0032415,Matt Judon,Matt,Matt,Judon
2023,NE,00-0032580,Jonathan Jones,Jonathan,Jonathan,Jones
2023,NE,00-0032803,Jalen Mills,Jalen,Jalen,Mills
2023,NE,00-0033045,Ezekiel Elliott,Ezekiel,Ezekiel,Elliott
2023,NE,00-0033090,Hunter Henry,Hunter,Hunter,Henry
2023,NE,00-0033300,Conor McDermott,Conor,Conor,McDermott
2023,NE,00-0033307,Kendrick Bourne,Kendrick,Kendrick,Bourne
2023,NE,00-0033435,Breon Borders,Breon,Breon,Borders
2023,NE,00-0033439,Pharaoh Brown,Pharaoh,Pharaoh,Brown
2023,NE,00-0033455,Anthony Firkser,Anthony,Anthony,Firkser
2023,NE,00-0033461,Raekwon McMillan,Raekwon,Raekwon,McMillan
2023,NE,00-0033716,Calvin Munson,Calvin,Calvin,Munson
2023,NE,00-0033857,JuJu Smith-Schuster,John,JuJu,Smith-Schuster
2023,NE,00-0033860,Davon Godchaux,Davon,Davon,Godchaux
2023,NE,00-0033883,Jabrill Peppers,Jabrill,Jabrill,Peppers
2023,NE,00-0033947,Deatrich Wise,Deatrich,Deatrich,Wise
2023,NE,00-0034251,Daniel Ekuale,Daniel,Daniel,Ekuale
2023,NE,00-0034385,Ja'Whaun Bentley,Ja'Whaun,Ja'Whaun,Bentley
2023,NE,00-0034591,J.C. Jackson,Jerald,J.C.,Jackson
2023,NE,00-0034787,Chris Board,Christopher,Chris,Board
2023,NE,00-0034829,Mike Gesicki,Michael,Mike,Gesicki
2023,NE,00-0034957,Calvin Anderson,Calvin,Calvin,Anderson
2023,NE,00-0034962,Terez Hall,Terez,Terez,Hall
2023,NE,00-0034971,Jalen Hurd,Jalen,Jalen,Hurd
2023,NE,00-0035144,Mack Wilson,Mack,Mack,Wilson
2023,NE,00-0035146,Trace McSorley,Trace,Trace,McSorley
2023,NE,00-0035189,Matthew Wright,Matthew,Matthew,Wright
2023,NE,00-0035240,Jahlani Tavai,Jahlani,Jahlani,Tavai
2023,NE,00-0035247,Trysten Hill,Trysten,Trysten,Hill
2023,NE,00-0035251,Will Grier,Will,Will,Grier
2023,NE,00-0035363,Joe Giles-Harris,Joe,Joe,Giles-Harris
2023,NE,00-0035435,Rodney Randle,Rodney,Rodney,Randle
2023,NE,00-0035436,Matt Sokol,Matthew,Matt,Sokol
2023,NE,00-0035769,Scotty Washington,Scotty,Scotty,Washington
2023,NE,00-0035806,Jamycal Hasty,Jamycal,Jamycal,Hasty
2023,NE,00-0035821,Corliss Waitman,Corliss,Corliss,Waitman
2023,NE,00-0035973,Patrick Taylor,Patrick,Patrick,Taylor
2023,NE,00-0036087,Myles Bryant,Myles,Myles,Bryant
2023,NE,00-0036096,J.J. Taylor,J.J.,J.J.,Taylor
2023,NE,00-0036159,Josh Uche,Josh,Josh,Uche
2023,NE,00-0036193,Anfernee Jennings,Anfernee,Anfernee,Jennings
2023,NE,00-0036198,Michael Onwenu,Michael,Michael,Onwenu
2023,NE,00-0036231,Kyle Dugger,Kyle,Kyle,Dugger
2023,NE,00-0036387,Jalen Reagor,Jalen,Jalen,Reagor
2023,NE,00-0036450,Ke'Shawn Vaughn,Ke'Shawn,Ke'Shawn,Vaughn
2023,NE,00-0036471,Mathew Sexton,Mathew,Mathew,Sexton
2023,NE,00-0036536,Tre Nixon,Tre,Tre,Nixon
2023,NE,00-0036559,Shaun Wade,Shaun,Shaun,Wade
2023,NE,00-0036664,William Bradley-King,William,William,Bradley-King
2023,NE,00-0036706,C.J. Marable,Torrance,C.J.,Marable
2023,NE,00-0036813,Christian Elliss,Christian,Christian,Elliss
2023,NE,00-0036872,Joshuah Bledsoe,Joshuah,Joshuah,Bledsoe
2023,NE,00-0036875,Rhamondre Stevenson,Rhamondre,Rhamondre,Stevenson
2023,NE,00-0036884,Marco Wilson,Marco,Marco,Wilson
2023,NE,00-0036929,Ian Book,Ian,Ian,Book
2023,NE,00-0036966,Tyrone Wheatley,Tyrone,Tyrone,Wheatley
2023,NE,00-0036972,Mac Jones,Michael,Mac,Jones
2023,NE,00-0036978,Ronnie Perkins,Ronnie,Ronnie,Perkins
2023,NE,00-0036981,Christian Barmore,Christian,Christian,Barmore
2023,NE,00-0037204,Kody Russey,Kody,Kody,Russey
2023,NE,00-0037205,Brenden Schooler,Brenden,Brenden,Schooler
2023,NE,00-0037253,Marcus Jones,Marcus,Marcus,Jones
2023,NE,00-0037286,Kevin Harris,Kevin,Kevin,Harris
2023,NE,00-0037287,Vederian Lowe,Vederian,Vederian,Lowe
2023,NE,00-0037298,Sam Roberts,Samuel,Sam,Roberts
2023,NE,00-0037427,Carson Wells,Carson,Carson,Wells
2023,NE,00-0037551,Manny Jones,Emmanuel,Manny,Jones
2023,NE,00-0037573,Quandre Mosely,Quandre,Quandre,Mosely
2023,NE,00-0037584,Brad Hawkins,Brad,Brad,Hawkins
2023,NE,00-0037620,Andrew Stueber,Andrew,Andrew,Stueber
2023,NE,00-0037711,Jeremiah Pharms,Jeremiah,Jeremiah,Pharms
2023,NE,00-0037724,La'Michael Pettway,La'Michael,La'Michael,Pettway
2023,NE,00-0037806,Diego Fagot,Diego,Diego,Fagot
2023,NE,00-0038039,Jack Jones,Jack,Jack,Jones
2023,NE,00-0038103,Cole Strange,Devin,Cole,Strange
2023,NE,00-0038104,Tyquan Thornton,Tyquan,Tyquan,Thornton
2023,NE,00-0038108,Bailey Zappe,Bailey,Bailey,Zappe
2023,NE,00-0038132,Matt Corral,Matt,Matt,Corral
2023,NE,00-0038150,Nathan Rourke,Nathan,Nathan,Rourke
2023,NE,00-0038427,Thyrick Pitts,Thyrick,Thyrick,Pitts
2023,NE,00-0038502,T.J. Luther,Tyreece,T.J.,Luther
2023,NE,00-0038529,William Hooper,William,William,Hooper
2023,NE,00-0038567,Chad Ryland,Chad,Chad,Ryland
2023,NE,00-0038569,Sidy Sow,Sidy,Sidy,Sow
2023,NE,00-0038586,Atonio Mafi,Atonio,Atonio,Mafi
2023,NE,00-0038608,Kayshon Boutte,Kayshon,Kayshon,Boutte
2023,NE,00-0038610,Bryce Baringer,Bryce,Bryce,Baringer
2023,NE,00-0038621,Demario Douglas,Demario,Demario,Douglas
2023,NE,00-0038624,Ameer Speed,Ameer,Ameer,Speed
2023,NE,00-0038641,Isaiah Bolden,Isaiah,Isaiah,Bolden
2023,NE,00-0038646,Alex Austin,Alex,Alex,Austin
2023,NE,00-0038911,Malik Cunningham,Malik,Malik,Cunningham
2023,NE,00-0038916,Azizi Hearn,Azizi,Azizi,Hearn
2023,NE,00-0039012,Justus Tavai,Justus,Justus,Tavai
2023,NE,00-0039030,Jake Andrews,Jake,Jake,Andrews
2023,NE,00-0039054,Marte Mapu,Marte,Marte,Mapu
2023,NE,00-0039147,Christian Gonzalez,Christian,Christian,Gonzalez
2023,NE,00-0039148,Keion White,Keion,Keion,White
2023,NE,00-0039189,Micah Vanterpool,Micah,Micah,Vanterpool
2023,NO,00-0027696,Jimmy Graham,Jimmy,Jimmy,Graham
2023,NO,00-0027867,Jason Pierre-Paul,Jason,Jason,Pierre-Paul
2023,NO,00-0027962,Cameron Jordan,Cameron,Cameron,Jordan
2023,NO,00-0029607,Demario Davis,Demario,Demario,Davis
2023,NO,00-0030459,Tyrann Mathieu,Tyrann,Tyrann,Mathieu
2023,NO,00-0030665,Daniel Sorensen,Daniel,Daniel,Sorensen
2023,NO,00-0030694,James Hurst,James,James,Hurst
2023,NO,00-0031280,Derek Carr,Derek,Derek,Carr
2023,NO,00-0031362,Trai Turner,Trai,Trai,Turner
2023,NO,00-0031372,Bradley Roby,Bradley,Bradley,Roby
2023,NO,00-0031503,Jameis Winston,Jameis,Jameis,Winston
2023,NO,00-0032132,Max Garcia,Max,Max,Garcia
2023,NO,00-0032135,Jesse James,Jesse,Jesse,James
2023,NO,00-0032145,Cameron Erving,Cameron,Cameron,Erving
2023,NO,00-0032203,Andrus Peat,Andrus,Andrus,Peat
2023,NO,00-0032677,Cory Littleton,Cory,Cory,Littleton
2023,NO,00-0032765,Michael Thomas,Michael,Michael,Thomas
2023,NO,00-0032986,J.P. Holtz,John,J.P.,Holtz
2023,NO,00-0033052,Jaylon Smith,Jaylon,Jaylon,Smith
2023,NO,00-0033063,Zach Wood,Zach,Zach,Wood
2023,NO,00-0033357,Taysom Hill,Taysom,Taysom,Hill
2023,NO,00-0033752,Storm Norton,Storm,Storm,Norton
2023,NO,00-0033874,Marshon Lattimore,Marshon,Marshon,Lattimore
2023,NO,00-0033888,Ryan Ramczyk,Ryan,Ryan,Ramczyk
2023,NO,00-0033892,Marcus Maye,Marcus,Marcus,Maye
2023,NO,00-0033902,Tanoh Kpassagnon,Tanoh,Tanoh,Kpassagnon
2023,NO,00-0033906,Alvin Kamara,Alvin,Alvin,Kamara
2023,NO,00-0033912,Jordan Willis,Jordan,Jordan,Willis
2023,NO,00-0033948,Jamaal Williams,Jamaal,Jamaal,Williams
2023,NO,00-0034116,J.T. Gray,Juantavius,J.T.,Gray
2023,NO,00-0034165,Colby Gossett,Colby,Colby,Gossett
2023,NO,00-0034301,Darrel Williams,Darrel,Darrel,Williams
2023,NO,00-0034317,Keith Kirkwood,Keith,Keith,Kirkwood
2023,NO,00-0034760,Nathan Shepherd,Nathan,Nathan,Shepherd
2023,NO,00-0034765,Tre'Quan Smith,Tre'Quan,Tre'Quan,Smith
2023,NO,00-0034780,Isaac Yiadom,Isaac,Isaac,Yiadom
2023,NO,00-0034981,Foster Moreau,Foster,Foster,Moreau
2023,NO,00-0034999,Ty Summers,Ty,Ty,Summers
2023,NO,00-0035142,Ugochukwu Amadi,Ugochukwu,Ugochukwu,Amadi
2023,NO,00-0035145,Austin Seibert,Austin,Austin,Seibert
2023,NO,00-0035242,Erik McCoy,Erik,Erik,McCoy
2023,NO,00-0035244,Lonnie Johnson,Lonnie,Lonnie,Johnson
2023,NO,00-0035402,Carl Granderson,Carl,Carl,Granderson
2023,NO,00-0035412,Andrew Dowell,Andrew,Andrew,Dowell
2023,NO,00-0035507,Kyle Phillips,Kyle,Kyle,Phillips
2023,NO,00-0035533,Ryan Connelly,Ryan,Ryan,Connelly
2023,NO,00-0035656,Khalen Saunders,Khalen,Khalen,Saunders
2023,NO,00-0035693,Johnathan Abram,Johnathan,Johnathan,Abram
2023,NO,00-0035763,Malcolm Roach,Malcolm,Malcolm,Roach
2023,NO,00-0035816,Niko Lalos,Nikolas,Niko,Lalos
2023,NO,00-0035831,James Robinson,James,James,Robinson
2023,NO,00-0035844,Kirk Merritt,Kirk,Kirk,Merritt
2023,NO,00-0035859,Blake Gillikin,Blake,Blake,Gillikin
2023,NO,00-0035860,Tony Jones,Tony,Tony,Jones
2023,NO,00-0035975,Jake Bargas,Jake,Jake,Bargas
2023,NO,00-0036040,Juwan Johnson,Juwan,Juwan,Johnson
2023,NO,00-0036173,Tommy Hudson,Tommy,Tommy,Hudson
2023,NO,00-0036219,Marquez Callaway,Marquez,Marquez,Callaway
2023,NO,00-0036238,John Penisini,John,John,Penisini
2023,NO,00-0036296,Jabari Zuniga,Jabari,Jabari,Zuniga
2023,NO,00-0036299,Troy Pride,Troy,Troy,Pride
2023,NO,00-0036312,Jake Luton,Jake,Jake,Luton
2023,NO,00-0036330,Cameron Dantzler,Cameron,Cameron,Dantzler
2023,NO,00-0036364,Lynn Bowden,Lynn,Lynn,Bowden
2023,NO,00-0036383,Eno Benjamin,Eno,Eno,Benjamin
2023,NO,00-0036408,Cesar Ruiz,Cesar,Cesar,Ruiz
2023,NO,00-0036418,Zack Baun,Zack,Zack,Baun
2023,NO,00-0036419,Terrell Lewis,Terrell,Terrell,Lewis
2023,NO,00-0036645,Shemar Jean-Charles,Shemar,Shemar,Jean-Charles
2023,NO,00-0036727,Adam Prentice,Adam,Adam,Prentice
2023,NO,00-0036749,Tommy Kraemer,Tommy,Tommy,Kraemer
2023,NO,00-0036788,Jack Heflin,Jack,Jack,Heflin
2023,NO,00-0036926,Payton Turner,Payton,Payton,Turner
2023,NO,00-0036927,Pete Werner,Pete,Pete,Werner
2023,NO,00-0036930,Landon Young,Landon,Landon,Young
2023,NO,00-0036937,Paulson Adebo,Saiid,Paulson,Adebo
2023,NO,00-0036939,Kawaan Baker,Kawaan,Kawaan,Baker
2023,NO,00-0037000,Monty Rice,Monty,Monty,Rice
2023,NO,00-0037022,Michael Jacobson,Michael,Michael,Jacobson
2023,NO,00-0037239,Chris Olave,Chris,Chris,Olave
2023,NO,00-0037241,Trevor Penning,Trevor,Trevor,Penning
2023,NO,00-0037271,D'Marco Jackson,D'Marco,D'Marco,Jackson
2023,NO,00-0037319,Faion Hicks,Faion,Faion,Hicks
2023,NO,00-0037537,Lewis Kidd,Lewis,Lewis,Kidd
2023,NO,00-0037540,Smoke Monday,Smoke,Smoke,Monday
2023,NO,00-0037544,Nephi Sewell,Nephi,Nephi,Sewell
2023,NO,00-0037545,Rashid Shaheed,Rashid,Rashid,Shaheed
2023,NO,00-0037553,Jontre Kirklin,Jontre,Jontre,Kirklin
2023,NO,00-0037660,Prince Emili,Prince,Prince,Emili
2023,NO,00-0038121,Alontae Taylor,Alontae,Alontae,Taylor
2023,NO,00-0038464,Chuck Filiaga,Chuck,Chuck,Filiaga
2023,NO,00-0038551,Kendre Miller,Kendre,Kendre,Miller
2023,NO,00-0038566,Nick Saldiveri,Nick,Nick,Saldiveri
2023,NO,00-0038588,Jordan Howden,Jordan,Jordan,Howden
2023,NO,00-0038612,A.T. Perry,Atorian,A.T.,Perry
2023,NO,00-0038678,Jordan Mims,Jordan,Jordan,Mims
2023,NO,00-0038795,P.J. Mustipher,P.J.,P.J.,Mustipher
2023,NO,00-0038899,Nick Anderson,Nick,Nick,Anderson
2023,NO,00-0038901,Jerron Cage,Jerron,Jerron,Cage
2023,NO,00-0038902,Shaquan Davis,Shaquan,Shaquan,Davis
2023,NO,00-0038903,Mark Evans,Mark,Mark,Evans
2023,NO,00-0038905,Blake Grupe,Blake,Blake,Grupe
2023,NO,00-0038906,Lou Hedley,Lou,Lou,Hedley
2023,NO,00-0038907,Anthony Johnson,Anthony,Anthony,Johnson
2023,NO,00-0038908,Anfernee Orji,Anfernee,Anfernee,Orji
2023,NO,00-0038909,Alex Pihlstrom,Alex,Alex,Pihlstrom
2023,NO,00-0038964,Adrian Frye,Adrian,Adrian,Frye
2023,NO,00-0038965,Ellis Merriweather,Ellis,Ellis,Merriweather
2023,NO,00-0038995,Bryan Bresee,Bryan,Bryan,Bresee
2023,NO,00-0038998,Jake Haener,Jake,Jake,Haener
2023,NO,00-0039143,Isaiah Foskey,Isaiah,Isaiah,Foskey
2023,NYG,00-0025580,Mason Crosby,Mason,Mason,Crosby
2023,NYG,00-0026858,Graham Gano,Graham,Graham,Gano
2023,NYG,00-0028063,Taiwan Jones,Taiwan,Taiwan,Jones
2023,NYG,00-0028118,Tyrod Taylor,Tyrod,Tyrod,Taylor
2023,NYG,00-0029000,Cole Beasley,Cole,Cole,Beasley
2023,NYG,00-0029421,Randy Bullock,Randol,Randy,Bullock
2023,NYG,00-0030533,Matt Barkley,Matthew,Matt,Barkley
2023,NYG,00-0030585,Justin Pugh,Justin,Justin,Pugh
2023,NYG,00-0030957,Casey Kreiter,Casey,Casey,Kreiter
2023,NYG,00-0031581,Mark Glowinski,Mark,Mark,Glowinski
2023,NYG,00-0031587,Bobby McCain,Bobby,Bobby,McCain
2023,NYG,00-0031610,Darren Waller,Darren,Darren,Waller
2023,NYG,00-0031933,Leonard Williams,Leonard,Leonard,Williams
2023,NYG,00-0031957,Rakeem Nunez-Roches,Rakeem,Rakeem,Nunez-Roches
2023,NYG,00-0032385,Sterling Shepard,Sterling,Sterling,Shepard
2023,NYG,00-0032889,A'Shawn Robinson,A'Shawn,A'Shawn,Robinson
2023,NYG,00-0032967,Vernon Butler,Vernon,Vernon,Butler
2023,NYG,00-0033046,Jihad Ward,Jihad,Jihad,Ward
2023,NYG,00-0033308,Matt Breida,Matthew,Matt,Breida
2023,NYG,00-0033511,Sean Harlow,Sean,Sean,Harlow
2023,NYG,00-0033539,Jarrad Davis,Jarrad,Jarrad,Davis
2023,NYG,00-0033878,Adoree' Jackson,Adoree',Adoree',Jackson
2023,NYG,00-0034104,Cam Sims,Cam,Cam,Sims
2023,NYG,00-0034142,J.C. Hassenauer,James,J.C.,Hassenauer
2023,NYG,00-0034844,Saquon Barkley,Saquon,Saquon,Barkley
2023,NYG,00-0035042,Jamie Gillan,Jamie,Jamie,Gillan
2023,NYG,00-0035252,Yodny Cajuste,Yodny,Yodny,Cajuste
2023,NYG,00-0035270,Amani Oruwariye,Amani,Amani,Oruwariye
2023,NYG,00-0035308,Tommy Sweeney,Tommy,Tommy,Sweeney
2023,NYG,00-0035317,Joshua Miles,Joshua,Joshua,Miles
2023,NYG,00-0035345,Chris Myarick,Chris,Chris,Myarick
2023,NYG,00-0035356,Tyree Jackson,Tyree,Tyree,Jackson
2023,NYG,00-0035535,Darius Slayton,Darius,Darius,Slayton
2023,NYG,00-0035591,Justin Hollins,Justin,Justin,Hollins
2023,NYG,00-0035639,Parris Campbell,Parris,Parris,Campbell
2023,NYG,00-0035645,Gunner Olszewski,Kaleb,Gunner,Olszewski
2023,NYG,00-0035683,Dexter Lawrence,Dexter,Dexter,Lawrence
2023,NYG,00-0035687,Bobby Okereke,Robert,Bobby,Okereke
2023,NYG,00-0035708,Oshane Ximines,Oshane,Oshane,Ximines
2023,NYG,00-0035710,Daniel Jones,Daniel,Daniel,Jones
2023,NYG,00-0035790,Ray Wilborn,Ray,Ray,Wilborn
2023,NYG,00-0035831,James Robinson,James,James,Robinson
2023,NYG,00-0036132,Ben Bredeson,Ben,Ben,Bredeson
2023,NYG,00-0036145,Lawrence Cager,Lawrence,Lawrence,Cager
2023,NYG,00-0036165,Isaiah Hodgins,Isaiah,Isaiah,Hodgins
2023,NYG,00-0036180,Kobe Smith,Kobe,Kobe,Smith
2023,NYG,00-0036214,Tyre Phillips,Tyre,Tyre,Phillips
2023,NYG,00-0036226,Jacob Eason,Jacob,Jacob,Eason
2023,NYG,00-0036254,Collin Johnson,Collin,Collin,Johnson
2023,NYG,00-0036315,Stantley Thomas-Oliver,Stantley,Stantley,Thomas-Oliver
2023,NYG,00-0036356,Isaiah Simmons,Isaiah,Isaiah,Simmons
2023,NYG,00-0036386,Andrew Thomas,Andrew,Andrew,Thomas
2023,NYG,00-0036388,Xavier McKinney,Xavier,Xavier,McKinney
2023,NYG,00-0036392,Matt Peart,Matthew,Matt,Peart
2023,NYG,00-0036394,Darnay Holmes,Darnay,Darnay,Holmes
2023,NYG,00-0036397,Shane Lemieux,Shane,Shane,Lemieux
2023,NYG,00-0036400,Cam Brown,Cameron,Cam,Brown
2023,NYG,00-0036402,Carter Coughlin,Carter,Carter,Coughlin
2023,NYG,00-0036493,Deon Jackson,Deon,Deon,Jackson
2023,NYG,00-0036502,Jason Pinnock,Jason,Jason,Pinnock
2023,NYG,00-0036552,Azeez Ojulari,Azeez,Azeez,Ojulari
2023,NYG,00-0036553,Carlos Basham,Carlos,Carlos,Basham
2023,NYG,00-0036569,Gary Brightwell,Gary,Gary,Brightwell
2023,NYG,00-0036577,Jack Anderson,Jack,Jack,Anderson
2023,NYG,00-0036589,Nick McCloud,Nick,Nick,McCloud
2023,NYG,00-0036899,Aaron Robinson,Aaron,Aaron,Robinson
2023,NYG,00-0036947,Jalen Mayfield,Jalen,Jalen,Mayfield
2023,NYG,00-0037006,Wyatt Davis,Wyatt,Wyatt,Davis
2023,NYG,00-0037046,Donovan Jeter,Donovan,Donovan,Jeter
2023,NYG,00-0037259,Micah McFadden,Micah,Micah,McFadden
2023,NYG,00-0037260,D.J. Davidson,D.J.,D.J.,Davidson
2023,NYG,00-0037279,Marcus McKethan,Marcus,Marcus,McKethan
2023,NYG,00-0037285,Darrian Beavers,Darrian,Darrian,Beavers
2023,NYG,00-0037372,Darren Evans,Darren,Darren,Evans
2023,NYG,00-0037373,Zyon Gilbert,Zyon,Zyon,Gilbert
2023,NYG,00-0037410,Jashaun Corbin,Jashaun,Jashaun,Corbin
2023,NYG,00-0037443,Kalil Pimpleton,Kalil,Kalil,Pimpleton
2023,NYG,00-0037447,Tomon Fox,Tomon,Tomon,Fox
2023,NYG,00-0037519,Kevin Atkins,Kevin,Kevin,Atkins
2023,NYG,00-0037570,Dennis Houston,Dennis,Dennis,Houston
2023,NYG,00-0037585,Timmy Horne,Timmy,Timmy,Horne
2023,NYG,00-0037611,Kayvon Thibodeaux,Kayvon,Kayvon,Thibodeaux
2023,NYG,00-0037612,Evan Neal,Evan,Evan,Neal
2023,NYG,00-0037621,Ryder Anderson,Ryder,Ryder,Anderson
2023,NYG,00-0037638,Benton Whitley,Benton,Benton,Whitley
2023,NYG,00-0037758,Cordale Flott,Cordale,Cordale,Flott
2023,NYG,00-0037807,Joshua Ezeudu,Joshua,Joshua,Ezeudu
2023,NYG,00-0038097,Cade York,Cade,Cade,York
2023,NYG,00-0038115,Daniel Bellinger,Daniel,Daniel,Bellinger
2023,NYG,00-0038117,Wan'Dale Robinson,Charles,Wan'Dale,Robinson
2023,NYG,00-0038123,Dane Belton,Dane,Dane,Belton
2023,NYG,00-0038396,Eric Gray,Eric,Eric,Gray
2023,NYG,00-0038403,Tre Hawkins,Tre,Tre,Hawkins
2023,NYG,00-0038413,Gervarrius Owens,Gervarrius,Gervarrius,Owens
2023,NYG,00-0038473,Habakkuk Baldonado,Habakkuk,Habakkuk,Baldonado
2023,NYG,00-0038475,Alex Cook,Alex,Alex,Cook
2023,NYG,00-0038476,Tommy DeVito,Tommy,Tommy,DeVito
2023,NYG,00-0038477,Bryce Ford-Wheaton,Bryce,Bryce,Ford-Wheaton
2023,NYG,00-0038478,Gemon Green,Gemon,Gemon,Green
2023,NYG,00-0038479,Dyontae Johnson,Dyontae,Dyontae,Johnson
2023,NYG,00-0038480,Ryan Jones,Ryan,Ryan,Jones
2023,NYG,00-0038481,Cameron Lyons,Cameron,Cameron,Lyons
2023,NYG,00-0038506,Jordon Riley,Jordon,Jordon,Riley
2023,NYG,00-0038668,Kaleb Hayes,Kaleb,Kaleb,Hayes
2023,NYG,00-0038714,Hassan Hall,Hassan,Hassan,Hall
2023,NYG,00-0038716,Jeremiah Martin,Jeremiah,Jeremiah,Martin
2023,NYG,00-0038938,Jalin Hyatt,Jalin,Jalin,Hyatt
2023,NYG,00-0038953,Dylan Drummond,Dylan,Dylan,Drummond
2023,NYG,00-0039000,Deonte Banks,Deonte,Deonte,Banks
2023,NYG,00-0039005,Jaylon Thomas,Jaylon,Jaylon,Thomas
2023,NYG,00-0039019,John Michael Schmitz,John Michael,John Michael,Schmitz
2023,NYJ,00-0023459,Aaron Rodgers,Aaron,Aaron,Rodgers
2023,NYJ,00-0026166,Duane Brown,Duane,Duane,Brown
2023,NYJ,00-0027114,Thomas Morstead,Thomas,Thomas,Morstead
2023,NYJ,00-0027648,Rodger Saffold,Rodger,Rodger,Saffold
2023,NYJ,00-0027723,Al Woods,Al,Al,Woods
2023,NYJ,00-0028002,Randall Cobb,Randall,Randall,Cobb
2023,NYJ,00-0029419,Dennis Kelly,Dennis,Dennis,Kelly
2023,NYJ,00-0029621,Greg Zuerlein,Greg,Greg,Zuerlein
2023,NYJ,00-0031296,C.J. Mosley,Clinton,C.J.,Mosley
2023,NYJ,00-0031433,Billy Turner,William,Billy,Turner
2023,NYJ,00-0031584,Adrian Amos,Adrian,Adrian,Amos
2023,NYJ,00-0032134,C.J. Uzomah,Christopher,C.J.,Uzomah
2023,NYJ,00-0032156,Trevor Siemian,Trevor,Trevor,Siemian
2023,NYJ,00-0032233,Cedric Ogbuehi,Cedric,Cedric,Ogbuehi
2023,NYJ,00-0032234,Laken Tomlinson,Laken,Laken,Tomlinson
2023,NYJ,00-0032416,Quinton Jefferson,Quinton,Quinton,Jefferson
2023,NYJ,00-0032432,Wes Schweitzer,Weston,Wes,Schweitzer
2023,NYJ,00-0033011,Connor McGovern,Connor,Connor,McGovern
2023,NYJ,00-0033047,Anthony Brown,Anthony,Anthony,Brown
2023,NYJ,00-0033260,Thomas Hennessy,Thomas,Thomas,Hennessy
2023,NYJ,00-0033294,Chuck Clark,Charles,Chuck,Clark
2023,NYJ,00-0033298,Pita Taumoepenu,Pita,Pita,Taumoepenu
2023,NYJ,00-0033359,Adam Pankey,Adam,Adam,Pankey
2023,NYJ,00-0033463,Carl Lawson,Carl,Carl,Lawson
2023,NYJ,00-0033770,Justin Hardee,Justin,Justin,Hardee
2023,NYJ,00-0033870,Solomon Thomas,Solomon,Solomon,Thomas
2023,NYJ,00-0033871,Corey Davis,Corey,Corey,Davis
2023,NYJ,00-0033893,Dalvin Cook,Dalvin,Dalvin,Cook
2023,NYJ,00-0033963,Tanzel Smart,Tanzel,Tanzel,Smart
2023,NYJ,00-0033969,Ifeadi Odenigbo,Ifeadikachakwu,Ifeadi,Odenigbo
2023,NYJ,00-0034177,Tim Boyle,Timothy,Tim,Boyle
2023,NYJ,00-0034264,Jalyn Holmes,Jalyn,Jalyn,Holmes
2023,NYJ,00-0034270,Tyler Conklin,Tyler,Tyler,Conklin
2023,NYJ,00-0034280,Greg Senat,Greg,Greg,Senat
2023,NYJ,00-0034310,Craig James,Craig,Craig,James
2023,NYJ,00-0034374,Jordan Whitehead,Jordan,Jordan,Whitehead
2023,NYJ,00-0034384,D.J. Reed,Dennis,D.J.,Reed
2023,NYJ,00-0034433,Nick Bawden,Charles,Nick,Bawden
2023,NYJ,00-0034461,Bruce Hector,Bruce,Bruce,Hector
2023,NYJ,00-0034521,Allen Lazard,Allen,Allen,Lazard
2023,NYJ,00-0034805,John Franklin-Myers,John Franklin-Myers,John,Franklin-Myers
2023,NYJ,00-0034902,Sam Eguavoen,Samuel,Sam,Eguavoen
2023,NYJ,00-0034955,Brett Rypien,Brett,Brett,Rypien
2023,NYJ,00-0035140,Mecole Hardman,Mecole,Mecole,Hardman
2023,NYJ,00-0035145,Austin Seibert,Austin,Austin,Seibert
2023,NYJ,00-0035307,Jimmy Moreland,Jimmy,Jimmy,Moreland
2023,NYJ,00-0035365,Tae Hayes,Ke'Montoe,Tae,Hayes
2023,NYJ,00-0035480,Malik Taylor,Malik,Malik,Taylor
2023,NYJ,00-0035680,Quincy Williams,Quincy,Quincy,Williams
2023,NYJ,00-0035718,Quinnen Williams,Quinnen,Quinnen,Williams
2023,NYJ,00-0035760,Jacques Patrick,Jacques,Jacques,Patrick
2023,NYJ,00-0036149,Javelin Guidry,Javelin,Javelin,Guidry
2023,NYJ,00-0036151,Bryce Huff,Bryce,Bryce,Huff
2023,NYJ,00-0036241,Bryce Hall,Bryce,Bryce,Hall
2023,NYJ,00-0036273,Jake Hanson,Jake,Jake,Hanson
2023,NYJ,00-0036284,Mekhi Becton,Mekhi,Mekhi,Becton
2023,NYJ,00-0036329,Ashtyn Davis,Ashtyn,Ashtyn,Davis
2023,NYJ,00-0036379,Bradlee Anae,Bradlee,Bradlee,Anae
2023,NYJ,00-0036500,Jamien Sherwood,Jamien,Jamien,Sherwood
2023,NYJ,00-0036501,Michael Carter,Michael,Michael,Carter
2023,NYJ,00-0036503,Hamsah Nasirildeen,Hamsah,Hamsah,Nasirildeen
2023,NYJ,00-0036504,Brandin Echols,Brandin,Brandin,Echols
2023,NYJ,00-0036510,Kenny Yeboah,Kenny,Kenny,Yeboah
2023,NYJ,00-0036513,Grant Hermanns,Grant,Grant,Hermanns
2023,NYJ,00-0036668,Marquiss Spencer,Marquiss,Marquiss,Spencer
2023,NYJ,00-0036895,Elerson Smith,Elerson,Elerson,Smith
2023,NYJ,00-0036924,Michael Carter,Michael,Michael,Carter
2023,NYJ,00-0036979,Alijah Vera-Tucker,Alijah,Alijah,Vera-Tucker
2023,NYJ,00-0037003,Chazz Surratt,Chazz,Chazz,Surratt
2023,NYJ,00-0037013,Zach Wilson,Zachary,Zach,Wilson
2023,NYJ,00-0037055,Lance McCutcheon,Lance,Lance,McCutcheon
2023,NYJ,00-0037155,Tony Adams,Tony,Tony,Adams
2023,NYJ,00-0037156,Irvin Charles,Irvin,Irvin,Charles
2023,NYJ,00-0037190,Ahmad Gardner,Ahmad,Ahmad,Gardner
2023,NYJ,00-0037225,Chris Glaser,Chris,Chris,Glaser
2023,NYJ,00-0037302,Austin Deculus,Austin,Austin,Deculus
2023,NYJ,00-0037325,Kalon Barnes,Kalon,Kalon,Barnes
2023,NYJ,00-0037440,Obinna Eze,Obinna,Obinna,Eze
2023,NYJ,00-0037526,Marcelino McCrary-Ball,Marcelino,Marcelino,McCrary-Ball
2023,NYJ,00-0037529,Jason Poe,Jason,Jason,Poe
2023,NYJ,00-0037551,Stephen Jones,Emmanuel,Stephen,Jones
2023,NYJ,00-0037601,Xavier Newman-Johnson,Xavier,Xavier,Newman-Johnson
2023,NYJ,00-0037625,Vitaliy Gurman,Vitaliy,Vitaliy,Gurman
2023,NYJ,00-0037663,Jermaine Johnson,Jermaine,Jermaine,Johnson
2023,NYJ,00-0037740,Garrett Wilson,Garrett,Garrett,Wilson
2023,NYJ,00-0037805,Jeremy Ruckert,Jeremy,Jeremy,Ruckert
2023,NYJ,00-0038107,Micheal Clemons,Micheal,Micheal,Clemons
2023,NYJ,00-0038114,Max Mitchell,Max,Max,Mitchell
2023,NYJ,00-0038120,Breece Hall,Breece,Breece,Hall
2023,NYJ,00-0038126,Perrion Winfrey,Perrion,Perrion,Winfrey
2023,NYJ,00-0038389,Israel Abanikanda,Israel,Israel,Abanikanda
2023,NYJ,00-0038399,Zaire Barnes,Zaire,Zaire,Barnes
2023,NYJ,00-0038401,Jarrick Bernard-Converse,Jarrick,Jarrick,Bernard-Converse
2023,NYJ,00-0038406,Zack Kuntz,Zack,Zack,Kuntz
2023,NYJ,00-0038492,Jason Brownlee,Jason,Jason,Brownlee
2023,NYJ,00-0038494,Trey Dean,Trey,Trey,Dean
2023,NYJ,00-0038495,Travis Dye,Travis,Travis,Dye
2023,NYJ,00-0038496,Xavier Gipson,Xavier,Xavier,Gipson
2023,NYJ,00-0038497,Maalik Hall,Maalik,Maalik,Hall
2023,NYJ,00-0038498,E.J. Jenkins,Emanuel,E.J.,Jenkins
2023,NYJ,00-0038499,Caleb Johnson,Caleb,Caleb,Johnson
2023,NYJ,00-0038500,Brent Laing,Brent,Brent,Laing
2023,NYJ,00-0038501,Derrick Langford,Derrick,Derrick,Langford
2023,NYJ,00-0038503,Marquis Waters,Marquis,Marquis,Waters
2023,NYJ,00-0038662,Ryan Swoboda,Ryan,Ryan,Swoboda
2023,NYJ,00-0038727,Xazavian Valladay,Xazavian,Xazavian,Valladay
2023,NYJ,00-0038847,Tyreque Jones,Tyreque,Tyreque,Jones
2023,NYJ,00-0039004,Carter Warren,Carter,Carter,Warren
2023,NYJ,00-0039028,Nehemiah Shelton,Nehemiah,Nehemiah,Shelton
2023,NYJ,00-0039033,Jerome Kapp,Jerome,Jerome,Kapp
2023,NYJ,00-0039142,Will McDonald,Will,Will,McDonald
2023,NYJ,00-0039145,Joe Tippmann,Joseph,Joe,Tippmann
2023,PHI,00-0017724,Bernard Williams,Bernard,Bernard,Williams
2023,PHI,00-0027865,Brandon Graham,Brandon,Brandon,Graham
2023,PHI,00-0027944,Julio Jones,Quintorris,Julio,Jones
2023,PHI,00-0028129,Jason Kelce,Jason,Jason,Kelce
2023,PHI,00-0029653,Fletcher Cox,Fletcher,Fletcher,Cox
2023,PHI,00-0030062,Darius Slay,Darius,Darius,Slay
2023,PHI,00-0030561,Lane Johnson,Lane,Lane,Johnson
2023,PHI,00-0031372,Bradley Roby,Bradley,Bradley,Roby
2023,PHI,00-0031911,Rick Lovato,Rick,Rick,Lovato
2023,PHI,00-0032268,Marcus Mariota,Marcus,Marcus,Mariota
2023,PHI,00-0032890,James Bradberry,James,James,Bradberry
2023,PHI,00-0032968,Myles Jack,Myles,Myles,Jack
2023,PHI,00-0033065,Le'Raven Clark,Le'Raven,Le'Raven,Clark
2023,PHI,00-0033132,Kevin Byard,Kevin,Kevin,Byard
2023,PHI,00-0033445,Nicholas Morrow,Nicholas,Nicholas,Morrow
2023,PHI,00-0033547,Zach Cunningham,Zachary,Zach,Cunningham
2023,PHI,00-0033569,Roderick Johnson,Roderick,Roderick,Johnson
2023,PHI,00-0033733,Greg Ward,Gregory,Greg,Ward
2023,PHI,00-0033787,Jake Elliott,Jake,Jake,Elliott
2023,PHI,00-0033875,Haason Reddick,Haason,Haason,Reddick
2023,PHI,00-0033876,Derek Barnett,Derek,Derek,Barnett
2023,PHI,00-0033898,Justin Evans,Justin,Justin,Evans
2023,PHI,00-0034104,Cam Sims,Cam,Cam,Sims
2023,PHI,00-0034320,Kentavius Street,Kentavius,Kentavius,Street
2023,PHI,00-0034351,Dallas Goedert,Dallas,Dallas,Goedert
2023,PHI,00-0034377,Avonte Maddox,Avonte,Avonte,Maddox
2023,PHI,00-0034381,Josh Sweat,Josh,Josh,Sweat
2023,PHI,00-0034414,Boston Scott,Boston,Boston,Scott
2023,PHI,00-0034429,Jordan Mailata,Lafoga,Jordan,Mailata
2023,PHI,00-0034743,Rashaan Evans,Rashaan,Rashaan,Evans
2023,PHI,00-0034750,Rashaad Penny,Rashaad,Rashaad,Penny
2023,PHI,00-0034846,Shaquille Leonard,Shaquille,Shaquille,Leonard
2023,PHI,00-0034858,Terrell Edmunds,FeDerius,Terrell,Edmunds
2023,PHI,00-0034951,Fred Johnson,Fred,Fred,Johnson
2023,PHI,00-0035000,Quinton Bell,Quinton,Quinton,Bell
2023,PHI,00-0035208,Olamide Zaccheaus,Olamide,Olamide,Zaccheaus
2023,PHI,00-0035274,Ross Pierschbacher,Ross,Ross,Pierschbacher
2023,PHI,00-0035384,Iosua Opeta,Iosua,Iosua,Opeta
2023,PHI,00-0035676,A.J. Brown,Arthur,A.J.,Brown
2023,PHI,00-0035720,Olive Sagapolu,Olive,Olive,Sagapolu
2023,PHI,00-0035743,Brett Toth,Brett,Brett,Toth
2023,PHI,00-0035997,Julian Good-Jones,Julian,Julian,Good-Jones
2023,PHI,00-0036005,Noah Togiai,Noah,Noah,Togiai
2023,PHI,00-0036013,Arryn Siposs,Arryn,Arryn,Siposs
2023,PHI,00-0036214,Tyre Phillips,Tyre,Tyre,Phillips
2023,PHI,00-0036222,Isaiah Rodgers,Isaiah,Isaiah,Rodgers
2023,PHI,00-0036247,Freddie Swain,Freddie,Freddie,Swain
2023,PHI,00-0036271,Quez Watkins,Terrance,Quez,Watkins
2023,PHI,00-0036275,D'Andre Swift,D'Andre,D'Andre,Swift
2023,PHI,00-0036303,Josiah Scott,Josiah,Josiah,Scott
2023,PHI,00-0036307,Kindle Vildor,Kindle,Kindle,Vildor
2023,PHI,00-0036313,Braden Mann,Braden,Braden,Mann
2023,PHI,00-0036389,Jalen Hurts,Jalen,Jalen,Hurts
2023,PHI,00-0036396,Jack Driscoll,Jack,Jack,Driscoll
2023,PHI,00-0036401,Shaun Bradley,Shaun,Shaun,Bradley
2023,PHI,00-0036423,Albert Okwuegbunam,Albert,Albert,Okwuegbunam
2023,PHI,00-0036439,Tyrie Cleveland,Tyrie,Tyrie,Cleveland
2023,PHI,00-0036446,Matt Leo,Matt,Matt,Leo
2023,PHI,00-0036689,Marvin Wilson,Marvin,Marvin,Wilson
2023,PHI,00-0036741,Jack Stoll,Jack,Jack,Stoll
2023,PHI,00-0036813,Christian Elliss,Christian,Christian,Elliss
2023,PHI,00-0036912,DeVonta Smith,DeVonta,DeVonta,Smith
2023,PHI,00-0036916,Milton Williams,Milton,Milton,Williams
2023,PHI,00-0036917,Zech McPhearson,Zech,Zech,McPhearson
2023,PHI,00-0036919,Kenneth Gainwell,Kenneth,Kenneth,Gainwell
2023,PHI,00-0036920,Marlon Tuipulotu,Marlon,Marlon,Tuipulotu
2023,PHI,00-0036921,Tarron Jackson,Tarron,Tarron,Jackson
2023,PHI,00-0036922,Patrick Johnson,Patrick,Patrick,Johnson
2023,PHI,00-0036929,Ian Book,Ian,Ian,Book
2023,PHI,00-0036984,Trey Sermon,Trey,Trey,Sermon
2023,PHI,00-0037002,Landon Dickerson,Landon,Landon,Dickerson
2023,PHI,00-0037039,Devon Allen,Devon,Devon,Allen
2023,PHI,00-0037073,Jordan Davis,Jordan,Jordan,Davis
2023,PHI,00-0037084,Kyron Johnson,Kyron,Kyron,Johnson
2023,PHI,00-0037086,Grant Calcaterra,Grant,Grant,Calcaterra
2023,PHI,00-0037130,Reed Blankenship,Reed,Reed,Blankenship
2023,PHI,00-0037131,Kennedy Brooks,Kennedy,Kennedy,Brooks
2023,PHI,00-0037132,Britain Covey,Britain,Britain,Covey
2023,PHI,00-0037134,Noah Elliss,Noah,Noah,Elliss
2023,PHI,00-0037136,Mario Goodrich,Mario,Mario,Goodrich
2023,PHI,00-0037137,Josh Jobe,Josh,Josh,Jobe
2023,PHI,00-0037262,Thomas Booker,Thomas,Thomas,Booker
2023,PHI,00-0037308,Lecitus Smith,Lecitus,Lecitus,Smith
2023,PHI,00-0037366,Charleston Rambo,Charleston,Charleston,Rambo
2023,PHI,00-0037461,Tristin McCollum,Tristin,Tristin,McCollum
2023,PHI,00-0037469,Tyreek Maddox-Williams,Tyreek,Tyreek,Maddox-Williams
2023,PHI,00-0037495,Bryant Koback,Bryant,Bryant,Koback
2023,PHI,00-0037615,Nakobe Dean,Nakobe,Nakobe,Dean
2023,PHI,00-0038112,Cam Jurgens,Cameron,Cam,Jurgens
2023,PHI,00-0038113,Brandon Smith,Brandon,Brandon,Smith
2023,PHI,00-0038386,Jalen Carter,Jalen,Jalen,Carter
2023,PHI,00-0038400,Tanner McKee,Tanner,Tanner,McKee
2023,PHI,00-0038409,Lew Nichols,Arthur,Lew,Nichols
2023,PHI,00-0038412,Moro Ojomo,Morotoluwa,Moro,Ojomo
2023,PHI,00-0038434,Johnny King,Johnny,Johnny,King
2023,PHI,00-0038482,Mekhi Garner,Mekhi,Mekhi,Garner
2023,PHI,00-0038483,Jadon Haselwood,Jadon,Jadon,Haselwood
2023,PHI,00-0038484,Joseph Ngata,Joseph,Joseph,Ngata
2023,PHI,00-0038487,Eli Ricks,Elias,Eli,Ricks
2023,PHI,00-0038488,Brady Russell,Brady,Brady,Russell
2023,PHI,00-0038489,Ben VanSumeren,Ben,Ben,VanSumeren
2023,PHI,00-0038498,E.J. Jenkins,Emanuel,E.J.,Jenkins
2023,PHI,00-0038757,Robert Cooper,Robert,Robert,Cooper
2023,PHI,00-0038760,Griffin Hebert,Griffin,Griffin,Hebert
2023,PHI,00-0038871,Tiawan Mullen,Tiawan,Tiawan,Mullen
2023,PHI,00-0039001,Tyler Steen,Tyler,Tyler,Steen
2023,PHI,00-0039002,Sydney Brown,Sydney,Sydney,Brown
2023,PHI,00-0039013,Nolan Smith,Nolan,Nolan,Smith
2023,PHI,00-0039140,Kelee Ringo,Kelee,Kelee,Ringo
2023,PHI,00-0039192,Caleb Sanders,Caleb,Caleb,Sanders
2023,PIT,00-0027943,Patrick Peterson,Patrick,Patrick,Peterson
2023,PIT,00-0027969,Cameron Heyward,Cameron,Cameron,Heyward
2023,PIT,00-0030142,Brad Wing,Bradley,Brad,Wing
2023,PIT,00-0031136,Chris Boswell,Chris,Chris,Boswell
2023,PIT,00-0031428,Allen Robinson,Allen,Allen,Robinson
2023,PIT,00-0031555,Eric Rowe,Nelson,Eric,Rowe
2023,PIT,00-0032109,Kwon Alexander,Shanderious,Kwon,Alexander
2023,PIT,00-0032127,Markus Golden,Markus,Markus,Golden
2023,PIT,00-0032382,Keanu Neal,Keanu,Keanu,Neal
2023,PIT,00-0032399,Miles Killebrew,Miles,Miles,Killebrew
2023,PIT,00-0032408,Blake Martinez,Blake,Blake,Martinez
2023,PIT,00-0032442,Elandon Roberts,Elandon,Elandon,Roberts
2023,PIT,00-0032773,Nick Kwiatkoski,Nicholas,Nick,Kwiatkoski
2023,PIT,00-0032954,Isaac Seumalo,Isaac,Isaac,Seumalo
2023,PIT,00-0032968,Myles Jack,Myles,Myles,Jack
2023,PIT,00-0033047,Anthony Brown,Anthony,Anthony,Brown
2023,PIT,00-0033052,Jaylon Smith,Jaylon,Jaylon,Smith
2023,PIT,00-0033512,Damontae Kazee,Damontae,Damontae,Kazee
2023,PIT,00-0033566,Desmond King,Desmond,Desmond,King
2023,PIT,00-0033869,Mitchell Trubisky,Mitchell,Mitchell,Trubisky
2023,PIT,00-0033886,T.J. Watt,Trent,T.J.,Watt
2023,PIT,00-0033905,Larry Ogunjobi,Olumide,Larry,Ogunjobi
2023,PIT,00-0033929,Montravius Adams,Montravius,Montravius,Adams
2023,PIT,00-0034051,Christian Kuntz,Christian,Christian,Kuntz
2023,PIT,00-0034347,James Daniels,James,James,Daniels
2023,PIT,00-0034468,Chandon Sullivan,Chandon,Chandon,Sullivan
2023,PIT,00-0034514,Levi Wallace,Levi,Levi,Wallace
2023,PIT,00-0034614,Godwin Igwebuike,Godwin,Godwin,Igwebuike
2023,PIT,00-0034768,Chukwuma Okorafor,Chukwuma,Chukwuma,Okorafor
2023,PIT,00-0034771,Mason Rudolph,Mason,Mason,Rudolph
2023,PIT,00-0034785,Mason Cole,Mason,Mason,Cole
2023,PIT,00-0034789,Minkah Fitzpatrick,Minkah,Minkah,Fitzpatrick
2023,PIT,00-0034992,Armon Watts,Armon,Armon,Watts
2023,PIT,00-0035108,Nate Meadors,Nathan,Nate,Meadors
2023,PIT,00-0035146,Trace McSorley,Trace,Trace,McSorley
2023,PIT,00-0035216,Diontae Johnson,Diontae,Diontae,Johnson
2023,PIT,00-0035260,Renell Wren,Renell,Renell,Wren
2023,PIT,00-0035273,Qadree Ollison,Qadree,Qadree,Ollison
2023,PIT,00-0035286,Cole Holcomb,Cole,Cole,Holcomb
2023,PIT,00-0035383,Nate Herbig,Nathaniel,Nate,Herbig
2023,PIT,00-0035529,Hakeem Butler,Hakeem,Hakeem,Butler
2023,PIT,00-0035645,Gunner Olszewski,Kaleb,Gunner,Olszewski
2023,PIT,00-0035703,Miles Boykin,Miles,Miles,Boykin
2023,PIT,00-0035769,Scotty Washington,Scotty,Scotty,Washington
2023,PIT,00-0035795,James Pierre,James,James,Pierre
2023,PIT,00-0035885,Lavert Hill,Lavert,Lavert,Hill
2023,PIT,00-0035891,Cody White,Cody,Cody,White
2023,PIT,00-0035927,Breiden Fehoko,Breiden,Breiden,Fehoko
2023,PIT,00-0035962,Henry Black,Henry,Henry,Black
2023,PIT,00-0035976,Dan Chisena,Daniel,Dan,Chisena
2023,PIT,00-0035977,Nevelle Clarke,Nevelle,Nevelle,Clarke
2023,PIT,00-0036002,Elijah Riley,Elijah,Elijah,Riley
2023,PIT,00-0036010,Jalen Elliott,Jalen,Jalen,Elliott
2023,PIT,00-0036084,Madre Harper,Madre,Madre,Harper
2023,PIT,00-0036101,Luq Barcoo,Luqman,Luq,Barcoo
2023,PIT,00-0036255,Denzel Mims,Denzel,Denzel,Mims
2023,PIT,00-0036283,Kenny Robinson,Kenny,Kenny,Robinson
2023,PIT,00-0036300,Mykal Walker,Mykal,Mykal,Walker
2023,PIT,00-0036303,Josiah Scott,Josiah,Josiah,Scott
2023,PIT,00-0036313,Braden Mann,Braden,Braden,Mann
2023,PIT,00-0036333,Alex Highsmith,Alex,Alex,Highsmith
2023,PIT,00-0036336,Anthony McFarland,Anthony,Anthony,McFarland
2023,PIT,00-0036434,Chapelle Russell,Chapelle,Chapelle,Russell
2023,PIT,00-0036443,Rex Sunahara,Rex,Rex,Sunahara
2023,PIT,00-0036505,Jonathan Marshall,Jonathan,Jonathan,Marshall
2023,PIT,00-0036627,Dez Fitzpatrick,Dez,Dez,Fitzpatrick
2023,PIT,00-0036646,Simi Fehoko,Simione,Simi,Fehoko
2023,PIT,00-0036783,Ryan McCollum,Ryan,Ryan,McCollum
2023,PIT,00-0036843,Isaiahh Loudermilk,Isaiahh,Isaiahh,Loudermilk
2023,PIT,00-0036845,Quincy Roche,Quincy,Quincy,Roche
2023,PIT,00-0036846,Tre Norwood,Tre,Tre,Norwood
2023,PIT,00-0036847,Pressley Harvin,Pressley,Pressley,Harvin
2023,PIT,00-0036858,Jalen Camp,Jalen,Jalen,Camp
2023,PIT,00-0036869,Dan Moore,Dan,Dan,Moore
2023,PIT,00-0036893,Najee Harris,Najee,Najee,Harris
2023,PIT,00-0036894,Pat Freiermuth,Pat,Pat,Freiermuth
2023,PIT,00-0037084,Kyron Johnson,Kyron,Kyron,Johnson
2023,PIT,00-0037090,Tariq Carpenter,Tariq,Tariq,Carpenter
2023,PIT,00-0037133,William Dunkle,William,William,Dunkle
2023,PIT,00-0037228,Jaylen Warren,Jaylen,Jaylen,Warren
2023,PIT,00-0037247,George Pickens,George,George,Pickens
2023,PIT,00-0037304,Connor Heyward,Connor,Connor,Heyward
2023,PIT,00-0037316,Mark Robinson,Mark,Mark,Robinson
2023,PIT,00-0037325,Kalon Barnes,Kalon,Kalon,Barnes
2023,PIT,00-0037331,Zander Horvath,Alexander,Zander,Horvath
2023,PIT,00-0037349,Kellen Diesch,Kellen,Kellen,Diesch
2023,PIT,00-0037377,Trenton Thompson,Trenton,Trenton,Thompson
2023,PIT,00-0037401,Forrest Rhyne,Forrest,Forrest,Rhyne
2023,PIT,00-0037437,Greg Bell,Greg,Greg,Bell
2023,PIT,00-0037440,Obinna Eze,Obinna,Obinna,Eze
2023,PIT,00-0037451,Rod Williams,Rod,Rod,Williams
2023,PIT,00-0037480,Dylan Cook,Dylan,Dylan,Cook
2023,PIT,00-0037551,Manny Jones,Emmanuel,Manny,Jones
2023,PIT,00-0037582,Kuony Deng,Kuony,Kuony,Deng
2023,PIT,00-0037759,DeMarvin Leal,DeMarvin,DeMarvin,Leal
2023,PIT,00-0037837,Calvin Austin,Calvin,Calvin,Austin
2023,PIT,00-0038102,Kenny Pickett,Kenny,Kenny,Pickett
2023,PIT,00-0038388,Darius Rush,Darius,Darius,Rush
2023,PIT,00-0038422,Aron Cruickshank,Aron,Aron,Cruickshank
2023,PIT,00-0038433,Darius Hagans,Darius,Darius,Hagans
2023,PIT,00-0038472,Duece Watts,Natorian,Duece,Watts
2023,PIT,00-0038499,Caleb Johnson,Caleb,Caleb,Johnson
2023,PIT,00-0038558,Darnell Washington,Darnell,Darnell,Washington
2023,PIT,00-0038577,Nick Herbig,Nicholas,Nick,Herbig
2023,PIT,00-0038639,Cory Trice,Cory,Cory,Trice
2023,PIT,00-0038645,Spencer Anderson,Spencer,Spencer,Anderson
2023,PIT,00-0038743,Jordan Byrd,Jordan,Jordan,Byrd
2023,PIT,00-0038744,Tanner Morgan,Tanner,Tanner,Morgan
2023,PIT,00-0038745,James Nyamwaya,James,James,Nyamwaya
2023,PIT,00-0038746,David Perales,David,David,Perales
2023,PIT,00-0038747,Monte Pottebaum,Monte,Monte,Pottebaum
2023,PIT,00-0038748,B.T. Potter,Benjamin,B.T.,Potter
2023,PIT,00-0038758,Noah Gindorff,Noah,Noah,Gindorff
2023,PIT,00-0038843,Jacob Copeland,Jacob,Jacob,Copeland
2023,PIT,00-0038875,Jack Colletto,Jack,Jack,Colletto
2023,PIT,00-0038876,Joey Fisher,Joseph,Joey,Fisher
2023,PIT,00-0038895,Tyler Murray,Tyler,Tyler,Murray
2023,PIT,00-0038957,Alfonzo Graham,Alfonzo,Alfonzo,Graham
2023,PIT,00-0039016,Toby Ndukwe,Toby,Toby,Ndukwe
2023,PIT,00-0039109,Broderick Jones,Broderick,Broderick,Jones
2023,PIT,00-0039110,Keeanu Benton,Keeanu,Keeanu,Benton
2023,PIT,00-0039167,Joey Porter,Joey,Joey,Porter
2023,SEA,00-0022531,Jason Peters,Jason,Jason,Peters
2023,SEA,00-0028292,Nick Bellore,Nick,Nick,Bellore
2023,SEA,00-0029255,Bobby Wagner,Bobby,Bobby,Wagner
2023,SEA,00-0030565,Geno Smith,Eugene,Geno,Smith
2023,SEA,00-0031492,Jason Myers,Jason,Jason,Myers
2023,SEA,00-0031608,Quandre Diggs,Quandre,Quandre,Diggs
2023,SEA,00-0031933,Leonard Williams,Leonard,Leonard,Williams
2023,SEA,00-0031938,Carl Davis,Carl,Carl,Davis
2023,SEA,00-0032210,Frank Clark,Frank,Frank,Clark
2023,SEA,00-0032211,Tyler Lockett,Tyler,Tyler,Lockett
2023,SEA,00-0032245,Sean Mannion,Sean,Sean,Mannion
2023,SEA,00-0032265,Mario Edwards,Mario,Mario,Edwards
2023,SEA,00-0032387,Jarran Reed,Jarran,Jarran,Reed
2023,SEA,00-0032443,Joey Hunt,Joseph,Joey,Hunt
2023,SEA,00-0033103,Artie Burns,Artie,Artie,Burns
2023,SEA,00-0033545,Teez Tabor,Jalen,Teez,Tabor
2023,SEA,00-0033872,Jamal Adams,Jamal,Jamal,Adams
2023,SEA,00-0034159,Will Dissly,Will,Will,Dissly
2023,SEA,00-0034160,Michael Dickson,Michael,Michael,Dickson
2023,SEA,00-0034350,Uchenna Nwosu,Uchenna,Uchenna,Nwosu
2023,SEA,00-0034495,Evan Brown,Evan,Evan,Brown
2023,SEA,00-0034955,Brett Rypien,Brett,Brett,Rypien
2023,SEA,00-0034974,Julian Love,Julian,Julian,Love
2023,SEA,00-0035094,Bryan Mone,Bryan,Bryan,Mone
2023,SEA,00-0035141,Phil Haynes,Phil,Phil,Haynes
2023,SEA,00-0035143,Ben Burr-Kirven,Ben,Ben,Burr-Kirven
2023,SEA,00-0035164,Cody Thompson,Cody,Cody,Thompson
2023,SEA,00-0035277,Michael Jackson,Michael,Michael,Jackson
2023,SEA,00-0035525,Devin Bush,Devin,Devin,Bush
2023,SEA,00-0035640,DK Metcalf,DeKaylin,DK,Metcalf
2023,SEA,00-0035644,Noah Fant,Noah,Noah,Fant
2023,SEA,00-0035678,Dre'Mont Jones,Dre'Mont,Dre'Mont,Jones
2023,SEA,00-0035704,Drew Lock,Drew,Drew,Lock
2023,SEA,00-0035891,Cody White,Cody,Cody,White
2023,SEA,00-0035946,Myles Adams,Myles,Myles,Adams
2023,SEA,00-0036059,Tyler Mabry,Tyler,Tyler,Mabry
2023,SEA,00-0036080,Easop Winston,Easop,Easop,Winston
2023,SEA,00-0036244,Colby Parkinson,Colby,Colby,Parkinson
2023,SEA,00-0036409,Jordyn Brooks,Jordyn,Jordyn,Brooks
2023,SEA,00-0036413,Darrell Taylor,Darrell,Darrell,Taylor
2023,SEA,00-0036417,Damien Lewis,Damien,Damien,Lewis
2023,SEA,00-0036425,DeeJay Dallas,Demetrius,DeeJay,Dallas
2023,SEA,00-0036517,Hamilcar Rashed,Hamilcar,Hamilcar,Rashed
2023,SEA,00-0036620,D'Wayne Eskridge,D'Wayne,D'Wayne,Eskridge
2023,SEA,00-0036653,Stone Forsythe,Stone,Stone,Forsythe
2023,SEA,00-0036656,Brady Breeze,Brady,Brady,Breeze
2023,SEA,00-0036767,Austin Faoliu,Austin,Austin,Faoliu
2023,SEA,00-0036795,Jake Curhan,Jake,Jake,Curhan
2023,SEA,00-0036796,Greg Eiland,Greg,Greg,Eiland
2023,SEA,00-0036802,Jon Rhattigan,Jon,Jon,Rhattigan
2023,SEA,00-0036810,Cade Johnson,Cade,Cade,Johnson
2023,SEA,00-0036885,Tre Brown,Tre,Tre,Brown
2023,SEA,00-0036904,Robert Rochell,Robert,Robert,Rochell
2023,SEA,00-0036935,Kelvin Joseph,Kelvin,Kelvin,Joseph
2023,SEA,00-0037015,Sal Cannella,Sal,Sal,Cannella
2023,SEA,00-0037049,Chris Steele,Chris,Chris,Steele
2023,SEA,00-0037062,Benjie Franklin,Benjie,Benjie,Franklin
2023,SEA,00-0037079,Tariq Woolen,Tariq,Tariq,Woolen
2023,SEA,00-0037080,Tyreke Smith,Tyreke,Tyreke,Smith
2023,SEA,00-0037093,Dareke Young,Dareke,Dareke,Young
2023,SEA,00-0037141,Joey Blount,Joey,Joey,Blount
2023,SEA,00-0037149,Joshua Onujiogu,Joshua,Joshua,Onujiogu
2023,SEA,00-0037152,Matthew Gotel,Matthew,Matthew,Gotel
2023,SEA,00-0037153,Vi Jones,Levi,Vi,Jones
2023,SEA,00-0037341,Roderick Perry,Roderick,Roderick,Perry
2023,SEA,00-0037362,Ra'Shaun Henry,Ra'shaun,Ra'Shaun,Henry
2023,SEA,00-0037413,Ben Brown,Ben,Ben,Brown
2023,SEA,00-0037495,Bryant Koback,Bryant,Bryant,Koback
2023,SEA,00-0037600,Jalen McKenzie,Jalen,Jalen,McKenzie
2023,SEA,00-0037658,Liam Ryan,Liam,Liam,Ryan
2023,SEA,00-0037812,Abraham Lucas,Abraham,Abraham,Lucas
2023,SEA,00-0037821,Charles Cross,Charles,Charles,Cross
2023,SEA,00-0038133,Boye Mafe,Boye,Boye,Mafe
2023,SEA,00-0038134,Kenneth Walker,Kenneth,Kenneth,Walker
2023,SEA,00-0038136,Coby Bryant,Coby,Coby,Bryant
2023,SEA,00-0038381,Kyu Blu Kelly,Kyu Blu,Kyu Blu,Kelly
2023,SEA,00-0038444,Levi Bell,Levi,Levi,Bell
2023,SEA,00-0038488,Brady Russell,Brady,Brady,Russell
2023,SEA,00-0038543,Jaxon Smith-Njigba,Jaxon,Jaxon,Smith-Njigba
2023,SEA,00-0038572,Cameron Young,Cameron,Cameron,Young
2023,SEA,00-0038591,Mike Morris,Michael,Mike,Morris
2023,SEA,00-0038593,Olusegun Oluwatimi,Olusegun,Olusegun,Oluwatimi
2023,SEA,00-0038613,Jerrick Reed,Jerrick,Jerrick,Reed
2023,SEA,00-0038636,Kenny McIntosh,Kenny,Kenny,McIntosh
2023,SEA,00-0038749,Holton Ahlers,Holton,Holton,Ahlers
2023,SEA,00-0038752,Jake Bobo,Jake,Jake,Bobo
2023,SEA,00-0038753,Lance Boykin,Lance,Lance,Boykin
2023,SEA,00-0038755,Arquon Bush,Arquon,Arquon,Bush
2023,SEA,00-0038759,John Hall,John,John,Hall
2023,SEA,00-0038760,Griffin Hebert,Griffin,Griffin,Hebert
2023,SEA,00-0038762,Matt Landers,Matthew,Matt,Landers
2023,SEA,00-0038763,Tyjon Lindsey,Tyjon,Tyjon,Lindsey
2023,SEA,00-0038764,Patrick O'Connell,Patrick,Patrick,O'Connell
2023,SEA,00-0038765,Ty Okada,Ty,Ty,Okada
2023,SEA,00-0038767,Kendall Randolph,Kendall,Kendall,Randolph
2023,SEA,00-0038769,Chris Stoll,Chris,Chris,Stoll
2023,SEA,00-0038770,Jonathan Sutherland,Jonathan,Jonathan,Sutherland
2023,SEA,00-0038771,Jacob Sykes,Jacob,Jacob,Sykes
2023,SEA,00-0038773,Christian Young,Christian,Christian,Young
2023,SEA,00-0038826,Raiqwon O'Neal,Raiqwon,Raiqwon,O'Neal
2023,SEA,00-0038904,Malik Flowers,Malik,Malik,Flowers
2023,SEA,00-0038910,SaRodorick Thompson,SaRodorick,SaRodorick,Thompson
2023,SEA,00-0038914,McClendon Curtis,McClendon,McClendon,Curtis
2023,SEA,00-0038922,Drake Thomas,Drake,Drake,Thomas
2023,SEA,00-0038929,Justin Marshall,Justin,Justin,Marshall
2023,SEA,00-0039015,LaTrell Bumphus,LaTrell,LaTrell,Bumphus
2023,SEA,00-0039020,Anthony Bradford,Anthony,Anthony,Bradford
2023,SEA,00-0039037,Jordan Ferguson,Jordan,Jordan,Ferguson
2023,SEA,00-0039047,Derick Hall,Derick,Derick,Hall
2023,SEA,00-0039165,Zach Charbonnet,Zach,Zach,Charbonnet
2023,SEA,00-0039166,Andrew Whitaker,Andrew,Andrew,Whitaker
2023,SEA,00-0039169,Devon Witherspoon,Devon,Devon,Witherspoon
2023,SEA,00-0039170,Wayne Taulapapa,Wayne,Wayne,Taulapapa
2023,SF,00-0027857,Trent Williams,Trent,Trent,Williams
2023,SF,00-0028924,Tashaun Gipson,Tashaun,Tashaun,Gipson
2023,SF,00-0029892,Kyle Juszczyk,Kyle,Kyle,Juszczyk
2023,SF,00-0030411,Logan Ryan,Logan,Logan,Ryan
2023,SF,00-0030663,Willie Snead,Willie,Willie,Snead
2023,SF,00-0030946,Kerry Hyder,Kerry,Kerry,Hyder
2023,SF,00-0031097,Terrance Mitchell,Terrance,Terrance,Mitchell
2023,SF,00-0031334,Jason Verrett,Jason,Jason,Verrett
2023,SF,00-0031893,Jesse Davis,Jesse,Jesse,Davis
2023,SF,00-0032128,Chris Conley,Christian,Chris,Conley
2023,SF,00-0032151,Jon Feliciano,Jonathan,Jon,Feliciano
2023,SF,00-0032162,T.Y. McGill,Torrone,T.Y.,McGill
2023,SF,00-0032164,Arik Armstead,Arik,Arik,Armstead
2023,SF,00-0032197,Randy Gregory,Randy,Randy,Gregory
2023,SF,00-0032320,Erik Harris,Erik,Erik,Harris
2023,SF,00-0032434,Brandon Allen,Brandon,Brandon,Allen
2023,SF,00-0032701,Jake Brendel,Jacob,Jake,Brendel
2023,SF,00-0033047,Anthony Brown,Anthony,Anthony,Brown
2023,SF,00-0033109,Javon Hargrave,Javon,Javon,Hargrave
2023,SF,00-0033199,Taybor Pepper,Taybor,Taybor,Pepper
2023,SF,00-0033280,Christian McCaffrey,Christian,Christian,McCaffrey
2023,SF,00-0033288,George Kittle,George,George,Kittle
2023,SF,00-0033567,Brian Hill,Brian,Brian,Hill
2023,SF,00-0033746,Alex Barrett,Alejandro,Alex,Barrett
2023,SF,00-0033862,Zane Gonzalez,Zane,Zane,Gonzalez
2023,SF,00-0033955,Jeremy McNichols,Jeremy,Jeremy,McNichols
2023,SF,00-0034073,Ross Dwelley,Ross,Ross,Dwelley
2023,SF,00-0034091,George Odum,George,George,Odum
2023,SF,00-0034325,Taylor Stallworth,Taylor,Taylor,Stallworth
2023,SF,00-0034353,Anthony Miller,Anthony,Anthony,Miller
2023,SF,00-0034357,Isaiah Oliver,Muhammad,Isaiah,Oliver
2023,SF,00-0034393,Troy Fumagalli,Troy,Troy,Fumagalli
2023,SF,00-0034407,Ray-Ray McCloud,Ray-Ray,Ray-Ray,McCloud
2023,SF,00-0034417,Matt Pryor,Matthew,Matt,Pryor
2023,SF,00-0034573,Charvarius Ward,Charvarius,Charvarius,Ward
2023,SF,00-0034754,Oren Burks,Oren,Oren,Burks
2023,SF,00-0034774,Breeland Speaks,Breeland,Breeland,Speaks
2023,SF,00-0034810,Sebastian Joseph,Sebastian,Sebastian,Joseph
2023,SF,00-0034810,Sebastian Joseph-Day,Sebastian,Sebastian,Joseph
2023,SF,00-0034815,Fred Warner,Federico,Fred,Warner
2023,SF,00-0034869,Sam Darnold,Sam,Sam,Darnold
2023,SF,00-0034941,Mitch Wishnowsky,Mitch,Mitch,Wishnowsky
2023,SF,00-0034982,Dre Greenlaw,Keaundre,Dre,Greenlaw
2023,SF,00-0035020,Demetrius Flannigan-Fowles,Demetrius,Demetrius,Flannigan-Fowles
2023,SF,00-0035026,Kevin Givens,Kevin,Kevin,Givens
2023,SF,00-0035189,Matthew Wright,Matthew,Matthew,Wright
2023,SF,00-0035255,Kendall Sheffield,Kendall,Kendall,Sheffield
2023,SF,00-0035485,Nate Brooks,Nate,Nate,Brooks
2023,SF,00-0035531,Austin Bryant,Austin,Austin,Bryant
2023,SF,00-0035542,Kemon Hall,Kemon,Kemon,Hall
2023,SF,00-0035692,Clelin Ferrell,Clelin,Clelin,Ferrell
2023,SF,00-0035717,Nick Bosa,Nicholas,Nick,Bosa
2023,SF,00-0035719,Deebo Samuel,Tyshun,Deebo,Samuel
2023,SF,00-0035950,Myles Hartsfield,Myles,Myles,Hartsfield
2023,SF,00-0036030,Ladarius Hamilton,Ladarius,Ladarius,Hamilton
2023,SF,00-0036097,Kyahva Tezino,Kyahva,Kyahva,Tezino
2023,SF,00-0036256,Colton McKivitz,Colton,Colton,McKivitz
2023,SF,00-0036259,Jauan Jennings,Bennie,Jauan,Jennings
2023,SF,00-0036260,Javon Kinlaw,Javon,Javon,Kinlaw
2023,SF,00-0036261,Brandon Aiyuk,Brandon,Brandon,Aiyuk
2023,SF,00-0036272,Ben Bartch,Benjamin,Ben,Bartch
2023,SF,00-0036291,Marlon Davidson,Marlon,Marlon,Davidson
2023,SF,00-0036321,Chase Young,Chase,Chase,Young
2023,SF,00-0036429,Charlie Woerner,Charlie,Charlie,Woerner
2023,SF,00-0036448,Isaac Alarcon,Isaac,Isaac,Alarcon
2023,SF,00-0036551,Aaron Banks,Aaron,Aaron,Banks
2023,SF,00-0036557,Jaylon Moore,Jaylon,Jaylon,Moore
2023,SF,00-0036563,Deommodore Lenoir,Deommodore,Deommodore,Lenoir
2023,SF,00-0036564,Talanoa Hufanga,Sione Leti,Talanoa,Hufanga
2023,SF,00-0036567,Elijah Mitchell,Elijah,Elijah,Mitchell
2023,SF,00-0036645,Shemar Jean-Charles,Shemar,Shemar,Jean-Charles
2023,SF,00-0036728,Curtis Robinson,Curtis,Curtis,Robinson
2023,SF,00-0036752,A.J. Parker,A.J.,A.J.,Parker
2023,SF,00-0036846,Tre Norwood,Tre,Tre,Norwood
2023,SF,00-0037008,Ambry Thomas,Ambry,Ambry,Thomas
2023,SF,00-0037018,Alfredo Gutierrez,Alfredo,Alfredo,Gutierrez
2023,SF,00-0037112,Jake Tonges,Jake,Jake,Tonges
2023,SF,00-0037381,Sebastian Gutierrez,Sebastian,Sebastian,Gutierrez
2023,SF,00-0037521,Tayler Hawkins,Tayler,Tayler,Hawkins
2023,SF,00-0037522,Qwuantrezz Knight,Qwuantrezz,Qwuantrezz,Knight
2023,SF,00-0037524,Tay Martin,Dovontavean,Tay,Martin
2023,SF,00-0037525,Jordan Mason,Jordan,Jordan,Mason
2023,SF,00-0037591,Leroy Watson,Leroy,Leroy,Watson
2023,SF,00-0037602,Sam Okuayinonu,Sam,Sam,Okuayinonu
2023,SF,00-0037608,Tre Swilling,Tre,Tre,Swilling
2023,SF,00-0037826,Drake Jackson,Drake,Drake,Jackson
2023,SF,00-0037827,Tyrion Davis-Price,Tyrion,Tyrion,Davis-Price
2023,SF,00-0037828,Danny Gray,Danny,Danny,Gray
2023,SF,00-0037829,Spencer Burford,Spencer,Spencer,Burford
2023,SF,00-0037830,Samuel Womack,Samuel,Samuel,Womack
2023,SF,00-0037831,Nick Zakelj,Nick,Nick,Zakelj
2023,SF,00-0037832,Kalia Davis,Kalia,Kalia,Davis
2023,SF,00-0037834,Brock Purdy,Brock,Brock,Purdy
2023,SF,00-0038554,Ji'Ayir Brown,Ji'Ayir,Ji'Ayir,Brown
2023,SF,00-0038562,Jake Moody,Jake,Jake,Moody
2023,SF,00-0038564,Cameron Latu,Cameron,Cameron,Latu
2023,SF,00-0038594,Darrell Luter,Darrell,Darrell,Luter
2023,SF,00-0038594,Darrell Luter Jr.,Darrell,Darrell,Luter
2023,SF,00-0038603,Robert Beal,Robert,Robert,Beal
2023,SF,00-0038603,Robert Beal Jr.,Robert,Robert,Beal
2023,SF,00-0038625,Dee Winters,Demonderick,Dee,Winters
2023,SF,00-0038643,Brayden Willis,Brayden,Brayden,Willis
2023,SF,00-0038647,Ronnie Bell,Ronnie,Ronnie,Bell
2023,SF,00-0038648,Jalen Graham,Jalen,Jalen,Graham
2023,SF,00-0038785,Henry Byrd,Henry,Henry,Byrd
2023,SF,00-0038875,Jack Colletto,Jack,Jack,Colletto
2023,SF,00-0038879,Corey Luciano,Corey,Corey,Luciano
2023,SF,00-0038880,Ilm Manning,Ilm,Ilm,Manning
2023,SF,00-0038882,Spencer Waege,Spencer,Spencer,Waege
2023,SF,00-0038883,Isaiah Winstead,Isaiah,Isaiah,Winstead
2023,TB,00-0029562,Lavonte David,Lavonte,Lavonte,David
2023,TB,00-0029895,Ryan Jensen,Ryan,Ryan,Jensen
2023,TB,00-0030386,William Gholston,William,William,Gholston
2023,TB,00-0031101,Shaquil Barrett,Shaquil,Shaquil,Barrett
2023,TB,00-0031142,Matt Feiler,Matt,Matt,Feiler
2023,TB,00-0031408,Mike Evans,Mike,Mike,Evans
2023,TB,00-0033196,Zach Triner,Zach,Zach,Triner
2023,TB,00-0033589,David Moore,David,David,Moore
2023,TB,00-0033595,Pat O'Connor,Patrick,Pat,O'Connor
2023,TB,00-0033921,Chris Godwin,Rod,Chris,Godwin
2023,TB,00-0034363,Deadrin Senat,Deadrin,Deadrin,Senat
2023,TB,00-0034411,Russell Gage,Russell,Russell,Gage
2023,TB,00-0034515,Dee Delaney,DeVonta',Dee,Delaney
2023,TB,00-0034527,Ryan Neal,Ryan,Ryan,Neal
2023,TB,00-0034575,David Wells,David,David,Wells
2023,TB,00-0034668,Aaron Stinnie,Aaron,Aaron,Stinnie
2023,TB,00-0034681,Chase Edmonds,Chase,Chase,Edmonds
2023,TB,00-0034773,Vita Vea,Tevita,Vita,Vea
2023,TB,00-0034778,Carlton Davis,Carlton,Carlton,Davis
2023,TB,00-0034855,Baker Mayfield,Baker,Baker,Mayfield
2023,TB,00-0034899,John Wolford,John,John,Wolford
2023,TB,00-0034989,Justin Skule,Justin,Justin,Skule
2023,TB,00-0035223,Ulysees Gilbert,Ulysees,Ulysees,Gilbert
2023,TB,00-0035254,Anthony Nelson,Anthony,Anthony,Nelson
2023,TB,00-0035290,Jaquan Johnson,Jaquan,Jaquan,Johnson
2023,TB,00-0035342,Patrick Laird,Patrick,Patrick,Laird
2023,TB,00-0035358,Chase McLaughlin,Chase,Chase,McLaughlin
2023,TB,00-0035393,Anthony Chesley,Anthony,Anthony,Chesley
2023,TB,00-0035667,Greg Gaines,Greg,Greg,Gaines
2023,TB,00-0035699,Jamel Dean,Jamel,Jamel,Dean
2023,TB,00-0035707,Devin White,Devin,Devin,White
2023,TB,00-0036045,Cam Gill,Cameron,Cam,Gill
2023,TB,00-0036048,John Molchon,John,John,Molchon
2023,TB,00-0036105,Nick Leverett,Nick,Nick,Leverett
2023,TB,00-0036123,Brandon Walton,Brandon,Brandon,Walton
2023,TB,00-0036234,Logan Stenberg,Logan,Logan,Stenberg
2023,TB,00-0036406,Tristan Wirfs,Tristan,Tristan,Wirfs
2023,TB,00-0036411,Antoine Winfield,Antoine,Antoine,Winfield
2023,TB,00-0036411,Antoine Winfield Jr.,Antoine,Antoine,Winfield
2023,TB,00-0036450,Ke'Shawn Vaughn,Ke'Shawn,Ke'Shawn,Vaughn
2023,TB,00-0036456,Dominique Dafney,Dominique,Dominique,Dafney
2023,TB,00-0036517,Hamilcar Rashed,Hamilcar,Hamilcar,Rashed
2023,TB,00-0036570,Rodarius Williams,Rodarius,Rodarius,Williams
2023,TB,00-0036641,Richard LeCounte,Richard,Richard,LeCounte
2023,TB,00-0036643,K.J. Britt,K.J.,K.J.,Britt
2023,TB,00-0036711,Charles Snowden,Charles,Charles,Snowden
2023,TB,00-0036928,Kyle Trask,Kyle,Kyle,Trask
2023,TB,00-0036967,Joe Tryon,Joseph,Joe,Tryon
2023,TB,00-0036967,Joe Tryon-Shoyinka,Joseph,Joe,Tryon
2023,TB,00-0036985,Robert Hainsey,Robert,Robert,Hainsey
2023,TB,00-0037153,Vi Jones,Levi,Vi,Jones
2023,TB,00-0037185,Raleigh Webb,Raleigh,Raleigh,Webb
2023,TB,00-0037256,Rachaad White,Rachaad,Rachaad,White
2023,TB,00-0037268,Zyon McCollum,Zyon,Zyon,McCollum
2023,TB,00-0037311,Ko Kieft,Ko,Ko,Kieft
2023,TB,00-0037482,Don Gardner,Donald,Don,Gardner
2023,TB,00-0037483,Kaylon Geiger,Kaylon,Kaylon,Geiger
2023,TB,00-0037487,Deven Thompkins,Deven,Deven,Thompkins
2023,TB,00-0037488,Nolan Turner,Nolan,Nolan,Turner
2023,TB,00-0037491,J.J. Russell,Javarius,J.J.,Russell
2023,TB,00-0037573,Quandre Mosely,Quandre,Quandre,Mosely
2023,TB,00-0037627,Mike Greene,Michael,Mike,Greene
2023,TB,00-0037662,C.J. Brewer,C.J.,C.J.,Brewer
2023,TB,00-0037835,Luke Goedeke,Luke,Luke,Goedeke
2023,TB,00-0038042,Jake Camarda,Jake,Jake,Camarda
2023,TB,00-0038127,Logan Hall,Logan,Logan,Hall
2023,TB,00-0038129,Cade Otton,Cade,Cade,Otton
2023,TB,00-0038805,Cephus Johnson,Cephus,Cephus,Johnson
2023,TB,00-0038805,Cephus Johnson III,Cephus,Cephus,Johnson
2023,TB,00-0038814,Taye Barber,Taye,Taye,Barber
2023,TB,00-0038815,Brandon Bouyer-Randle,Brandon,Brandon,Bouyer-Randle
2023,TB,00-0038816,Ronnie Brown,Ronnie,Ronnie,Brown
2023,TB,00-0038817,Evan Deckers,Evan,Evan,Deckers
2023,TB,00-0038818,Luke Haggard,Luke,Luke,Haggard
2023,TB,00-0038819,Keenan Isaac,Keenan,Keenan,Isaac
2023,TB,00-0038820,Christian Izien,Christian,Christian,Izien
2023,TB,00-0038821,Rakim Jarrett,Rakim,Rakim,Jarrett
2023,TB,00-0038823,Kaevon Merriweather,Kaevon,Kaevon,Merriweather
2023,TB,00-0038824,Ryan Miller,Ryan,Ryan,Miller
2023,TB,00-0038825,Chris Murray,Chris,Chris,Murray
2023,TB,00-0038826,Raiqwon O'Neal,Raiqwon,Raiqwon,O'Neal
2023,TB,00-0038827,Derrek Pitts,Derrek,Derrek,Pitts
2023,TB,00-0038828,Tanner Taula,Tanner,Tanner,Taula
2023,TB,00-0038829,Kade Warner,Kade,Kade,Warner
2023,TB,00-0038885,Avery Young,Avery,Avery,Young
2023,TB,00-0038924,Silas Dzansi,Silas,Silas,Dzansi
2023,TB,00-0038951,Sean Tucker,Sean,Sean,Tucker
2023,TB,00-0038958,Markees Watts,Markees,Markees,Watts
2023,TB,00-0038959,Kedrick Whitehead,Kedrick,Kedrick,Whitehead
2023,TB,00-0039049,SirVocea Dennis,SirVocea,SirVocea,Dennis
2023,TB,00-0039050,Payne Durham,Payne,Payne,Durham
2023,TB,00-0039051,Josh Hayes,Josh,Josh,Hayes
2023,TB,00-0039052,Trey Palmer,Trey,Trey,Palmer
2023,TB,00-0039053,Jose Ramirez,Jose,Jose,Ramirez
2023,TB,00-0039063,Calijah Kancey,Calijah,Calijah,Kancey
2023,TB,00-0039068,YaYa Diaby,Yaya,YaYa,Diaby
2023,TB,00-0039157,Cody Mauch,Cody,Cody,Mauch
2023,TEN,00-0025565,Nick Folk,Nick,Nick,Folk
2023,TEN,00-0027557,Morgan Cox,Charles,Morgan,Cox
2023,TEN,00-0029701,Ryan Tannehill,Ryan,Ryan,Tannehill
2023,TEN,00-0029963,Christopher Hubbard,Christopher,Christopher,Hubbard
2023,TEN,00-0030564,DeAndre Hopkins,DeAndre,DeAndre,Hopkins
2023,TEN,00-0031254,Denico Autry,Denico,Denico,Autry
2023,TEN,00-0032398,Chris Moore,Christopher,Chris,Moore
2023,TEN,00-0032463,Kyle Peko,Kyle,Kyle,Peko
2023,TEN,00-0032528,Justin Murray,Justin,Justin,Murray
2023,TEN,00-0032566,Trevon Coley,Trevon,Trevon,Coley
2023,TEN,00-0032764,Derrick Henry,Derrick,Derrick,Henry
2023,TEN,00-0033132,Kevin Byard,Kevin,Kevin,Byard
2023,TEN,00-0033221,Daniel Brunskill,Daniel,Daniel,Brunskill
2023,TEN,00-0033659,Joseph Jones,Joseph,Joseph,Jones
2023,TEN,00-0033740,Jordan Roos,Jordan,Jordan,Roos
2023,TEN,00-0033793,Corey Levin,Corey,Corey,Levin
2023,TEN,00-0033940,Jaleel Johnson,Jaleel,Jaleel,Johnson
2023,TEN,00-0034193,Kevin Rader,Kevin,Kevin,Rader
2023,TEN,00-0034295,James Murray,James,James,Murray
2023,TEN,00-0034325,Taylor Stallworth,Taylor,Taylor,Stallworth
2023,TEN,00-0034389,Dane Cruikshank,Dane,Dane,Cruikshank
2023,TEN,00-0034683,Darius Phillips,Darius,Darius,Phillips
2023,TEN,00-0034825,Arden Key,Arden,Arden,Key
2023,TEN,00-0034828,Harold Landry,Harold,Harold,Landry
2023,TEN,00-0034858,Terrell Edmunds,FeDerius,Terrell,Edmunds
2023,TEN,00-0034937,John Leglue,John,John,Leglue
2023,TEN,00-0035166,Azeez Al-Shaair,Azeez,Azeez,Al-Shaair
2023,TEN,00-0035233,Andre Dillard,Andre,Andre,Dillard
2023,TEN,00-0035239,Sean Murphy-Bunting,Sean,Sean,Murphy-Bunting
2023,TEN,00-0035255,Kendall Sheffield,Kendall,Kendall,Sheffield
2023,TEN,00-0035259,Trevon Wesco,Trevon,Trevon,Wesco
2023,TEN,00-0035309,Alize Mack,Alize,Alize,Mack
2023,TEN,00-0035413,Luke Gifford,Luke,Luke,Gifford
2023,TEN,00-0035632,Amani Hooker,Amani,Amani,Hooker
2023,TEN,00-0035643,Jeffery Simmons,Jeffery,Jeffery,Simmons
2023,TEN,00-0035760,Jacques Patrick,Jacques,Jacques,Patrick
2023,TEN,00-0035764,Calvin Throckmorton,Calvin,Calvin,Throckmorton
2023,TEN,00-0035924,Jonathan Ward,Jonathan,Jonathan,Ward
2023,TEN,00-0035985,David Moa,David,David,Moa
2023,TEN,00-0036015,Zack Johnson,Zachary,Zack,Johnson
2023,TEN,00-0036147,Shyheim Carter,Shyheim,Shyheim,Carter
2023,TEN,00-0036167,Tae Crowder,Dequartavious,Tae,Crowder
2023,TEN,00-0036171,Aaron Brewer,Aaron,Aaron,Brewer
2023,TEN,00-0036176,Mason Kinsey,Mason,Mason,Kinsey
2023,TEN,00-0036181,Teair Tart,Teair,Teair,Tart
2023,TEN,00-0036182,Nick Westbrook-Ikhine,Nicholas,Nick,Westbrook-Ikhine
2023,TEN,00-0036194,Devin Asiasi,Devin,Devin,Asiasi
2023,TEN,00-0036289,Ross Blacklock,Ross,Ross,Blacklock
2023,TEN,00-0036291,Marlon Davidson,Marlon,Marlon,Davidson
2023,TEN,00-0036305,Trevis Gipson,Trevis,Trevis,Gipson
2023,TEN,00-0036307,Kindle Vildor,Kindle,Kindle,Vildor
2023,TEN,00-0036318,Lachavious Simmons,Lachavious,Lachavious,Simmons
2023,TEN,00-0036395,K'Von Wallace,K'Von,K'Von,Wallace
2023,TEN,00-0036416,Kristian Fulton,Kristian,Kristian,Fulton
2023,TEN,00-0036507,Michael Dwumfour,Michael,Michael,Dwumfour
2023,TEN,00-0036572,Shi Smith,Shiyun,Shi,Smith
2023,TEN,00-0036615,Caleb Farley,Caleb,Caleb,Farley
2023,TEN,00-0036619,Dillon Radunz,Dillon,Dillon,Radunz
2023,TEN,00-0036649,Quinton Bohanna,Quinton,Quinton,Bohanna
2023,TEN,00-0036695,Naquan Jones,Naquan,Naquan,Jones
2023,TEN,00-0036844,Garret Wallow,Garret,Garret,Wallow
2023,TEN,00-0036851,Tyler Shelvin,Tyler,Tyler,Shelvin
2023,TEN,00-0036897,Tay Gowan,Quent,Tay,Gowan
2023,TEN,00-0036938,Rashad Weaver,Rashad,Rashad,Weaver
2023,TEN,00-0036992,Elijah Molden,Elijah,Elijah,Molden
2023,TEN,00-0037000,Monty Rice,Monty,Monty,Rice
2023,TEN,00-0037070,Josh Thompson,Josh,Josh,Thompson
2023,TEN,00-0037273,Kyle Philips,Kyle,Kyle,Philips
2023,TEN,00-0037312,Chance Campbell,Chance,Chance,Campbell
2023,TEN,00-0037393,JoJo Domann,JoJo,JoJo,Domann
2023,TEN,00-0037424,Justin Rigg,Justin,Justin,Rigg
2023,TEN,00-0037493,Mike Brown,Michael,Mike,Brown
2023,TEN,00-0037565,James Empey,James,James,Empey
2023,TEN,00-0037593,Tre Avery,Tre,Tre,Avery
2023,TEN,00-0037594,Julius Chestnut,Julius,Julius,Chestnut
2023,TEN,00-0037596,Jack Gibbens,Jack,Jack,Gibbens
2023,TEN,00-0037601,Xavier Newman-Johnson,Xavier,Xavier,Newman-Johnson
2023,TEN,00-0037602,Sam Okuayinonu,Sam,Sam,Okuayinonu
2023,TEN,00-0037603,Jayden Peevy,Jayden,Jayden,Peevy
2023,TEN,00-0037604,Reggie Roberson,Reggie,Reggie,Roberson
2023,TEN,00-0037605,Andrew Rupcich,Andrew,Andrew,Rupcich
2023,TEN,00-0037607,Ryan Stonehouse,Ryan,Ryan,Stonehouse
2023,TEN,00-0037617,Hassan Haskins,Hassan,Hassan,Haskins
2023,TEN,00-0037742,Treylon Burks,Treylon,Treylon,Burks
2023,TEN,00-0037754,Nicholas Petit-Frere,Nicholas,Nicholas,Petit-Frere
2023,TEN,00-0037809,Chigoziem Okonkwo,Chigoziem,Chigoziem,Okonkwo
2023,TEN,00-0038097,Cade York,Cade,Cade,York
2023,TEN,00-0038125,Roger McCreary,Roger,Roger,McCreary
2023,TEN,00-0038128,Malik Willis,Malik,Malik,Willis
2023,TEN,00-0038145,Thomas Odukoya,Thomas,Thomas,Odukoya
2023,TEN,00-0038490,Ty Zentner,Tyler,Ty,Zentner
2023,TEN,00-0038589,Josh Whyle,Josh,Josh,Whyle
2023,TEN,00-0038607,Jaelyn Duncan,Jaelyn,Jaelyn,Duncan
2023,TEN,00-0038632,Colton Dowell,Colton,Colton,Dowell
2023,TEN,00-0038842,Shakel Brown,Shakel,Shakel,Brown
2023,TEN,00-0038844,Tre'Shaun Harrison,Tre'Shaun,Tre'Shaun,Harrison
2023,TEN,00-0038845,Matthew Jackson,Matthew,Matthew,Jackson
2023,TEN,00-0038846,Steven Jones,Steven,Steven,Jones
2023,TEN,00-0038848,Anthony Kendall,Anthony,Anthony,Kendall
2023,TEN,00-0038850,T.K. McLendon,T.K.,T.K.,McLendon
2023,TEN,00-0038851,Caleb Murphy,Caleb,Caleb,Murphy
2023,TEN,00-0038852,John Ojukwu,John,John,Ojukwu
2023,TEN,00-0038853,Otis Reese,Otis,Otis,Reese
2023,TEN,00-0038854,Thomas Rush,Thomas,Thomas,Rush
2023,TEN,00-0038960,L.J. Davis,Alonzo,L.J.,Davis
2023,TEN,00-0038961,Eric Garror,Eric,Eric,Garror
2023,TEN,00-0038962,Gavin Holmes,Gavin,Gavin,Holmes
2023,TEN,00-0038963,Armani Marsh,Armani,Armani,Marsh
2023,TEN,00-0038969,Kearis Jackson,Kearis,Kearis,Jackson
2023,TEN,00-0038985,Keondre Coburn,Keondre,Keondre,Coburn
2023,TEN,00-0039032,Tyjae Spears,Tyjae,Tyjae,Spears
2023,TEN,00-0039034,Peter Skoronski,Peter,Peter,Skoronski
2023,TEN,00-0039152,Will Levis,Will,Will,Levis
2023,WAS,00-0030140,Tress Way,Tress,Tress,Way
2023,WAS,00-0030725,Cornelius Lucas,Cornelius,Cornelius,Lucas
2023,WAS,00-0030869,Tyler Larsen,Tyler,Tyler,Larsen
2023,WAS,00-0031095,Charles Leno,Charles,Charles,Leno
2023,WAS,00-0031260,Logan Thomas,Logan,Logan,Thomas
2023,WAS,00-0031500,Efe Obada,Efe,Efe,Obada
2023,WAS,00-0031596,David Mayo,David,David,Mayo
2023,WAS,00-0031941,Jamison Crowder,Jamison,Jamison,Crowder
2023,WAS,00-0032975,Jonathan Williams,Jonathan,Jonathan,Williams
2023,WAS,00-0033084,Kendall Fuller,Kendall,Kendall,Fuller
2023,WAS,00-0033119,Jacoby Brissett,Jacoby,Jacoby,Brissett
2023,WAS,00-0033282,Curtis Samuel,Curtis,Curtis,Samuel
2023,WAS,00-0033296,Alex Armah,Alex,Alex,Armah
2023,WAS,00-0033481,Marcus Kemp,Marcus,Marcus,Kemp
2023,WAS,00-0033523,Jonathan Allen,Jonathan,Jonathan,Allen
2023,WAS,00-0033831,Andrew Wylie,Andrew,Andrew,Wylie
2023,WAS,00-0034071,Danny Johnson,Danny,Danny,Johnson
2023,WAS,00-0034297,Byron Pringle,Byron,Byron,Pringle
2023,WAS,00-0034333,Daron Payne,Daron,Daron,Payne
2023,WAS,00-0034334,Troy Apke,Troy,Troy,Apke
2023,WAS,00-0034445,Nick Gates,Nicholas,Nick,Gates
2023,WAS,00-0034465,Jeremy Reaves,Jeremy,Jeremy,Reaves
2023,WAS,00-0034496,Sean Chandler,Sean,Sean,Chandler
2023,WAS,00-0034571,Trenton Scott,Trenton,Trenton,Scott
2023,WAS,00-0034587,Abdullah Anderson,Abdullah,Abdullah,Anderson
2023,WAS,00-0034628,Jaryd Jones-Smith,Jaryd,Jaryd,Jones-Smith
2023,WAS,00-0034662,Joshua Kalu,Joshua,Joshua,Kalu
2023,WAS,00-0034988,Kaden Smith,Kaden,Kaden,Smith
2023,WAS,00-0035101,Davion Davis,Davion,Davion,Davis
2023,WAS,00-0035102,Brandon Dillon,Brandon,Brandon,Dillon
2023,WAS,00-0035192,Joey Slye,Joey,Joey,Slye
2023,WAS,00-0035344,Aaron Monteiro,Aaron,Aaron,Monteiro
2023,WAS,00-0035519,Isaiah Mack,Isaiah,Isaiah,Mack
2023,WAS,00-0035647,Montez Sweat,Montez,Montez,Sweat
2023,WAS,00-0035659,Terry McLaurin,Terry,Terry,McLaurin
2023,WAS,00-0035672,Cody Barton,Cody,Cody,Barton
2023,WAS,00-0035715,Derrick Gore,Derrick,Derrick,Gore
2023,WAS,00-0035997,Julian Good-Jones,Julian,Julian,Good-Jones
2023,WAS,00-0036043,Jace Whittaker,Jace,Jace,Whittaker
2023,WAS,00-0036050,Benning Potoa'e,Benning,Benning,Potoa'e
2023,WAS,00-0036090,De'Jon Harris,De'Jon,De'Jon,Harris
2023,WAS,00-0036197,Jake Fromm,William,Jake,Fromm
2023,WAS,00-0036321,Chase Young,Chase,Chase,Young
2023,WAS,00-0036328,Antonio Gibson,Antonio,Antonio,Gibson
2023,WAS,00-0036334,Saahdiq Charles,Saahdiq,Saahdiq,Charles
2023,WAS,00-0036343,Khaleke Hudson,Khaleke,Khaleke,Hudson
2023,WAS,00-0036349,Kamren Curl,Kamren,Kamren,Curl
2023,WAS,00-0036351,James Smith-Williams,James,James,Smith-Williams
2023,WAS,00-0036403,Casey Toohill,Casey,Casey,Toohill
2023,WAS,00-0036421,Terrell Burgess,Terrell,Terrell,Burgess
2023,WAS,00-0036447,David Bada,David,David,Bada
2023,WAS,00-0036511,Milo Eifler,Camilo,Milo,Eifler
2023,WAS,00-0036573,Rachad Wildgoose,Rachad,Rachad,Wildgoose
2023,WAS,00-0036614,Jamin Davis,Jamin,Jamin,Davis
2023,WAS,00-0036618,Samuel Cosmi,Samuel,Samuel,Cosmi
2023,WAS,00-0036625,Benjamin St-Juste,Benjamin,Benjamin,St-Juste
2023,WAS,00-0036626,Dyami Brown,Dyami,Dyami,Brown
2023,WAS,00-0036628,John Bates,John,John,Bates
2023,WAS,00-0036638,Darrick Forrest,Darrick,Darrick,Forrest
2023,WAS,00-0036659,Camaron Cheeseman,Camaron,Camaron,Cheeseman
2023,WAS,00-0036664,William Bradley-King,William,William,Bradley-King
2023,WAS,00-0036666,Shaka Toney,Shaka,Shaka,Toney
2023,WAS,00-0036671,Dax Milne,Dax,Dax,Milne
2023,WAS,00-0036722,Nolan Laufenberg,Nolan,Nolan,Laufenberg
2023,WAS,00-0036755,Jaret Patterson,Jaret,Jaret,Patterson
2023,WAS,00-0036882,Jabril Cox,Jabril,Jabril,Cox
2023,WAS,00-0037077,Sam Howell,Sam,Sam,Howell
2023,WAS,00-0037078,Cole Turner,Cole,Cole,Turner
2023,WAS,00-0037092,Chris Paul,Chris,Chris,Paul
2023,WAS,00-0037095,Christian Holmes,Christian,Christian,Holmes
2023,WAS,00-0037163,Ferrod Gardner,Ferrod,Ferrod,Gardner
2023,WAS,00-0037164,Curtis Hodges,Curtis,Curtis,Hodges
2023,WAS,00-0037168,Armani Rogers,Armani,Armani,Rogers
2023,WAS,00-0037171,Drew White,Drew,Drew,White
2023,WAS,00-0037172,Kyric McGowan,Kyric,Kyric,McGowan
2023,WAS,00-0037283,John Ridgeway,John,John,Ridgeway
2023,WAS,00-0037309,Curtis Brooks,Curtis,Curtis,Brooks
2023,WAS,00-0037535,DaMarcus Fields,DaMarcus,DaMarcus,Fields
2023,WAS,00-0037686,Tucker Addington,Tucker,Tucker,Addington
2023,WAS,00-0037741,Jahan Dotson,Jahan,Jahan,Dotson
2023,WAS,00-0037746,Brian Robinson,Brian,Brian,Robinson
2023,WAS,00-0037833,Tariq Castro-Fields,Tariq,Tariq,Castro-Fields
2023,WAS,00-0038073,Alex Akingbulu,Alexander,Alex,Akingbulu
2023,WAS,00-0038099,Phidarian Mathis,Phidarian,Phidarian,Mathis
2023,WAS,00-0038100,Percy Butler,Percy,Percy,Butler
2023,WAS,00-0038381,Kyu Blu Kelly,Kyu Blu,Kyu Blu,Kelly
2023,WAS,00-0038423,Jalen Harris,Jalen,Jalen,Harris
2023,WAS,00-0038581,K.J. Henry,K.J.,K.J.,Henry
2023,WAS,00-0038611,Chris Rodriguez,Christopher,Chris,Rodriguez
2023,WAS,00-0038635,Andre Jones,Gerald,Andre,Jones
2023,WAS,00-0038692,Anthony Montalvo,Anthony,Anthony,Montalvo
2023,WAS,00-0038696,Keidron Smith,Keidron,Keidron,Smith
2023,WAS,00-0038739,D'Angelo Mandell,D'Angelo,D'Angelo,Mandell
2023,WAS,00-0038815,Brandon Bouyer-Randle,Brandon,Brandon,Bouyer-Randle
2023,WAS,00-0038830,Kazmeir Allen,Kazmeir,Kazmeir,Allen
2023,WAS,00-0038831,Zion Bowens,Zion,Zion,Bowens
2023,WAS,00-0038832,Mason Brooks,Mason,Mason,Brooks
2023,WAS,00-0038835,Joshua Pryor,Joshua,Joshua,Pryor
2023,WAS,00-0038837,Kendall Smith,Kendall,Kendall,Smith
2023,WAS,00-0038838,D.J. Stirgus,D.J.,D.J.,Stirgus
2023,WAS,00-0038839,Mitchell Tinsley,Mitchell,Mitchell,Tinsley
2023,WAS,00-0038840,Brycen Tremayne,Brycen,Brycen,Tremayne
2023,WAS,00-0038841,Nick Whiteside,Nick,Nick,Whiteside
2023,WAS,00-0039008,Ricky Stromberg,Ricky,Ricky,Stromberg
2023,WAS,00-0039010,Braeden Daniels,Braeden,Braeden,Daniels
2023,WAS,00-0039149,Jartavius Martin,Jartavius,Jartavius,Martin
2023,WAS,00-0039149,Quan Martin,Jartavius,Quan,Martin
2023,WAS,00-0039151,Emmanuel Forbes,Emmanuel,Emmanuel,Forbes
2024,ARI,00-0023853,Matt Prater,Matt,Matt,Prater
2024,ARI,00-0028946,Aaron Brewer,Aaron,Aaron,Brewer
2024,ARI,00-0029316,Kelvin Beachum,Kelvin,Kelvin,Beachum
2024,ARI,00-0031363,Michael Palardy,Michael,Michael,Palardy
2024,ARI,00-0032107,Angelo Blackson,Angelo,Angelo,Blackson
2024,ARI,00-0032398,Chris Moore,Christopher,Chris,Moore
2024,ARI,00-0033251,Zach Pascal,Zachary,Zach,Pascal
2024,ARI,00-0033553,James Conner,James,James,Conner
2024,ARI,00-0033890,Budda Baker,Budda,Budda,Baker
2024,ARI,00-0033891,Zay Jones,Isaiah,Zay,Jones
2024,ARI,00-0034346,Will Hernandez,William,Will,Hernandez
2024,ARI,00-0034375,Kyzir White,Kyzir,Kyzir,White
2024,ARI,00-0034387,Bilal Nichols,Bilal,Bilal,Nichols
2024,ARI,00-0034435,Keion Crossen,Keion,Keion,Crossen
2024,ARI,00-0034473,Dennis Gardeck,Dennis,Dennis,Gardeck
2024,ARI,00-0034495,Evan Brown,Evan,Evan,Brown
2024,ARI,00-0034623,Andre Chachere,Andre,Andre,Chachere
2024,ARI,00-0034677,Justin Jones,Justin,Justin,Jones
2024,ARI,00-0035003,Jackson Barton,Jackson,Jackson,Barton
2024,ARI,00-0035144,Mack Wilson,Mack,Mack,Wilson
2024,ARI,00-0035228,Kyler Murray,Kyler,Kyler,Murray
2024,ARI,00-0035239,Sean Murphy-Bunting,Sean,Sean,Murphy-Bunting
2024,ARI,00-0035258,Hjalte Froholdt,Hjalte,Hjalte,Froholdt
2024,ARI,00-0035300,Dennis Daley,Dennis,Dennis,Daley
2024,ARI,00-0035500,Greg Dortch,Greg,Greg,Dortch
2024,ARI,00-0035510,Jeff Smith,Jeffrey,Jeff,Smith
2024,ARI,00-0035629,Jonah Williams,Jonah,Jonah,Williams
2024,ARI,00-0035636,L.J. Collier,Lawrence,L.J.,Collier
2024,ARI,00-0035705,Jalen Thompson,Jalen,Jalen,Thompson
2024,ARI,00-0035829,Austen Pleasants,Austen,Austen,Pleasants
2024,ARI,00-0035853,Carter O'Donnell,Carter,Carter,O'Donnell
2024,ARI,00-0035859,Blake Gillikin,Blake,Blake,Gillikin
2024,ARI,00-0035860,Tony Jones,Tony,Tony,Jones
2024,ARI,00-0035876,Andre Baccellia,Andre,Andre,Baccellia
2024,ARI,00-0035916,T.J. Carter,T.J.,T.J.,Carter
2024,ARI,00-0035961,Krys Barnes,Krystopher,Krys,Barnes
2024,ARI,00-0035976,Dan Chisena,Daniel,Dan,Chisena
2024,ARI,00-0035992,Trystan Colon,Trystan,Trystan,Colon
2024,ARI,00-0036105,Nick Leverett,Nick,Nick,Leverett
2024,ARI,00-0036195,Charlie Heck,Charles,Charlie,Heck
2024,ARI,00-0036249,Julian Okwara,Julian,Julian,Okwara
2024,ARI,00-0036314,Markus Bailey,Markus,Markus,Bailey
2024,ARI,00-0036342,Keith Ismael,Keith,Keith,Ismael
2024,ARI,00-0036390,Michael Ojemudia,Michael,Michael,Ojemudia
2024,ARI,00-0036425,DeeJay Dallas,Demetrius,DeeJay,Dallas
2024,ARI,00-0036511,Milo Eifler,Camilo,Milo,Eifler
2024,ARI,00-0036568,Roy Lopez,Roy,Roy,Lopez
2024,ARI,00-0036695,Naquan Jones,Naquan,Naquan,Jones
2024,ARI,00-0036753,Sage Surratt,Sage,Sage,Surratt
2024,ARI,00-0036863,Chris Garrett,Christopher,Chris,Garrett
2024,ARI,00-0036896,Victor Dimukeje,Victor,Victor,Dimukeje
2024,ARI,00-0036909,Khyiris Tonga,Khyiris,Khyiris,Tonga
2024,ARI,00-0036924,Michael Carter,Michael,Michael,Carter
2024,ARI,00-0036933,Zaven Collins,Zaven,Zaven,Collins
2024,ARI,00-0036956,Darren Hall,Darren,Darren,Hall
2024,ARI,00-0036978,Ronnie Perkins,Ronnie,Ronnie,Perkins
2024,ARI,00-0036995,Baron Browning,Baron,Baron,Browning
2024,ARI,00-0037020,Bernhard Seikovits,Bernhard,Bernhard,Seikovits
2024,ARI,00-0037141,Joey Blount,Joey,Joey,Blount
2024,ARI,00-0037153,Vi Jones,Levi,Vi,Jones
2024,ARI,00-0037175,Anthony Brown,Anthony,Anthony,Brown
2024,ARI,00-0037305,Luke Tenuta,Luke,Luke,Tenuta
2024,ARI,00-0037330,Jesse Luketa,Jesse,Jesse,Luketa
2024,ARI,00-0037354,Verone McKinley III,Verone,Verone,McKinley
2024,ARI,00-0037356,Ben Stille,Ben,Ben,Stille
2024,ARI,00-0037418,Delonte Hood,Delonte,Delonte,Hood
2024,ARI,00-0037469,Tyreek Maddox-Williams,Tyreek,Tyreek,Maddox-Williams
2024,ARI,00-0037638,Benton Whitley,Benton,Benton,Whitley
2024,ARI,00-0037744,Trey McBride,Trey,Trey,McBride
2024,ARI,00-0037748,Marquis Hayes,Marquis,Marquis,Hayes
2024,ARI,00-0037844,Russ Yeast,Craig,Russ,Yeast
2024,ARI,00-0038122,Desmond Ridder,Desmond,Desmond,Ridder
2024,ARI,00-0038147,Daylen Baldwin,Daylen,Daylen,Baldwin
2024,ARI,00-0038456,Travis Vokolek,Travis,Travis,Vokolek
2024,ARI,00-0038462,Keshawn Banks,Keshawn,Keshawn,Banks
2024,ARI,00-0038540,Paris Johnson Jr.,Paris,Paris,Johnson
2024,ARI,00-0038559,Michael Wilson,Michael,Michael,Wilson
2024,ARI,00-0038567,Chad Ryland,Chad,Chad,Ryland
2024,ARI,00-0038571,Jon Gaines II,Jon,Jon,Gaines
2024,ARI,00-0038582,Clayton Tune,Clayton,Clayton,Tune
2024,ARI,00-0038587,Jammie Robinson,Jammie,Jammie,Robinson
2024,ARI,00-0038600,Owen Pappoe,Owen,Owen,Pappoe
2024,ARI,00-0038623,Dante Stills,Dante,Dante,Stills
2024,ARI,00-0038663,Starling Thomas V,Starling,Starling,Thomas
2024,ARI,00-0038674,Divaad Wilson,Divaad,Divaad,Wilson
2024,ARI,00-0038702,Daniel Arias,Daniel,Daniel,Arias
2024,ARI,00-0038705,Emari Demercado,Emari,Emari,Demercado
2024,ARI,00-0038714,Hassan Hall,Hassan,Hassan,Hall
2024,ARI,00-0038795,PJ Mustipher,P.J.,P.J.,Mustipher
2024,ARI,00-0038984,Kei'Trel Clark,Kei'Trel,Kei'Trel,Clark
2024,ARI,00-0038999,Jordan Murray,Jordan,Jordan,Murray
2024,ARI,00-0039007,Garrett Williams,Garrett,Garrett,Williams
2024,ARI,00-0039041,Elijah Higgins,Elijah,Elijah,Higgins
2024,ARI,00-0039060,Jason Taylor II,Jason,Jason,Taylor
2024,ARI,00-0039155,BJ Ojulari,Jamiu,B.J.,Ojulari
2024,ARI,00-0039367,Xavier Thomas,Xavier,Xavier,Thomas
2024,ARI,00-0039382,Christian Jones,Christian,Christian,Jones
2024,ARI,00-0039397,Tejhaun Palmer,Tejhaun,Tejhaun,Palmer
2024,ARI,00-0039416,Jaden Davis,Jaden,Jaden,Davis
2024,ARI,00-0039484,Matthew Jones,Matthew,Matthew,Jones
2024,ARI,00-0039519,Myles Murphy,Myles,Myles,Murphy
2024,ARI,00-0039520,Joe Shimko,Joseph,Joe,Shimko
2024,ARI,00-0039521,Xavier Weaver,Xavier,Xavier,Weaver
2024,ARI,00-0039712,Tyler Manoa,Tyler,Tyler,Manoa
2024,ARI,00-0039737,Tip Reiman,Tip,Tip,Reiman
2024,ARI,00-0039783,Anthony Goodlow,Anthony,Anthony,Goodlow
2024,ARI,00-0039807,Max Melton,Max,Max,Melton
2024,ARI,00-0039808,Isaiah Adams,Isaiah,Isaiah,Adams
2024,ARI,00-0039823,Elijah Jones,Elijah,Elijah,Jones
2024,ARI,00-0039849,Marvin Harrison Jr.,Marvin,Marvin,Harrison
2024,ARI,00-0039854,Darius Robinson,Darius,Darius,Robinson
2024,ARI,00-0039864,Dadrion Taylor-Demerson,Dadrion,Dadrion,Taylor-Demerson
2024,ARI,00-0039921,Trey Benson,Trey,Trey,Benson
2024,ATL,00-0026143,Matt Ryan,Matthew,Matt,Ryan
2024,ATL,00-0029604,Kirk Cousins,Kirk,Kirk,Cousins
2024,ATL,00-0031279,Jake Matthews,Jacob,Jake,Matthews
2024,ATL,00-0031551,Eddie Goldman,Eddie,Eddie,Goldman
2024,ATL,00-0031583,Grady Jarrett,Grady,Grady,Jarrett
2024,ATL,00-0032065,Bradley Pinion,Bradley,Bradley,Pinion
2024,ATL,00-0032208,Phillip Dorsett,Phillip,Phillip,Dorsett
2024,ATL,00-0032415,Matthew Judon,Matt,Matt,Judon
2024,ATL,00-0032791,Jakeem Grant,Jakeem,Jakeem,Grant
2024,ATL,00-0032933,Antonio Hamilton,Antonio,Antonio,Hamilton
2024,ATL,00-0032971,Justin Simmons,Justin,Justin,Simmons
2024,ATL,00-0033051,David Onyemata,David,David,Onyemata
2024,ATL,00-0033524,Kevin King,Kevin,Kevin,King
2024,ATL,00-0033560,Julie'n Davenport,Julien,Julien,Davenport
2024,ATL,00-0033676,Elijah Wilkinson,Elijah,Elijah,Wilkinson
2024,ATL,00-0033702,Younghoe Koo,Younghoe,Younghoe,Koo
2024,ATL,00-0033752,Storm Norton,Storm,Storm,Norton
2024,ATL,00-0033958,Nathan Peterman,Nathan,Nathan,Peterman
2024,ATL,00-0034073,Ross Dwelley,Ross,Ross,Dwelley
2024,ATL,00-0034320,Kentavius Street,Kentavius,Kentavius,Street
2024,ATL,00-0034360,Lorenzo Carter,Lorenzo,Lorenzo,Carter
2024,ATL,00-0034389,Dane Cruikshank,Dane,Dane,Cruikshank
2024,ATL,00-0034407,Ray-Ray McCloud,Ray-Ray,Ray-Ray,McCloud
2024,ATL,00-0034612,Demone Harris,Demone,Demone,Harris
2024,ATL,00-0034628,Jaryd Jones-Smith,Jaryd,Jaryd,Jones-Smith
2024,ATL,00-0034675,Jessie Bates,Jessie,Jessie,Bates
2024,ATL,00-0034743,Rashaan Evans,Rashaan,Rashaan,Evans
2024,ATL,00-0034763,Brandon Parker,Brandon,Brandon,Parker
2024,ATL,00-0034801,Josh Woods,Josh,Josh,Woods
2024,ATL,00-0034843,Mike Hughes,Michael,Mike,Hughes
2024,ATL,00-0034854,KhaDarel Hodge,KhaDarel Lott,KhaDarel,Hodge
2024,ATL,00-0035098,Micah Abernathy,Micah,Micah,Abernathy
2024,ATL,00-0035235,Kaleb McGary,Kaleb,Kaleb,McGary
2024,ATL,00-0035316,Kaden Elliss,Kaden,Kaden,Elliss
2024,ATL,00-0035468,Zack Bailey,Zackary,Zack,Bailey
2024,ATL,00-0035470,Lukas Denis,Lukas,Lukas,Denis
2024,ATL,00-0035630,Chris Lindstrom,Christopher,Chris,Lindstrom
2024,ATL,00-0035869,Austin Mack,Austin,Austin,Mack
2024,ATL,00-0036082,Liam McCullough,Liam,Liam,McCullough
2024,ATL,00-0036152,Lamar Jackson,Lamar,Lamar,Jackson
2024,ATL,00-0036204,LaCale London,Lacale,Lacale,London
2024,ATL,00-0036285,A.J. Terrell,A.J.,A.J.,Terrell
2024,ATL,00-0036295,Matt Hennessy,Matthew,Matt,Hennessy
2024,ATL,00-0036309,Darnell Mooney,Darnell,Darnell,Mooney
2024,ATL,00-0036341,Khalid Kareem,Khalid,Khalid,Kareem
2024,ATL,00-0036344,Harrison Hand,Benjamin,Harrison,Hand
2024,ATL,00-0036351,James Smith-Williams,James,James,Smith-Williams
2024,ATL,00-0036354,Kyle Hinton,Kyle,Kyle,Hinton
2024,ATL,00-0036379,Bradlee Anae,Bradlee,Bradlee,Anae
2024,ATL,00-0036429,Charlie Woerner,Charlie,Charlie,Woerner
2024,ATL,00-0036463,Chris Blair,Chris,Chris,Blair
2024,ATL,00-0036511,Milo Eifler,Camilo,Milo,Eifler
2024,ATL,00-0036543,Spencer Brown,Spencer,Spencer,Brown
2024,ATL,00-0036785,Coy Cronk,Coy,Coy,Cronk
2024,ATL,00-0036816,Riley Patterson,Riley,Riley,Patterson
2024,ATL,00-0036833,Ryan Neuzil,Ryan,Ryan,Neuzil
2024,ATL,00-0036883,Tommy Togiai,Tommy,Tommy,Togiai
2024,ATL,00-0036936,Rondale Moore,Rondale,Rondale,Moore
2024,ATL,00-0036948,Ta'Quon Graham,Ta'Quon,Ta'Quon,Graham
2024,ATL,00-0036950,Avery Williams,Avery,Avery,Williams
2024,ATL,00-0036957,Drew Dalman,Drew,Drew,Dalman
2024,ATL,00-0036961,Richie Grant,Richie,Richie,Grant
2024,ATL,00-0036966,Tyrone Wheatley Jr.,Tyrone,Tyrone,Wheatley
2024,ATL,00-0036970,Kyle Pitts,Kyle,Kyle,Pitts
2024,ATL,00-0037000,Monty Rice,Monty,Monty,Rice
2024,ATL,00-0037034,Dee Alford,DeAundre,Dee,Alford
2024,ATL,00-0037070,Josh Thompson,Josh,Josh,Thompson
2024,ATL,00-0037168,Armani Rogers,Armani,Armani,Rogers
2024,ATL,00-0037213,Kehinde Oginni Hassan,Kehinde,Kehinde,Oginni
2024,ATL,00-0037238,Drake London,Drake,Drake,London
2024,ATL,00-0037263,Tyler Allgeier,Tyler,Tyler,Allgeier
2024,ATL,00-0037306,John FitzPatrick,John,John,FitzPatrick
2024,ATL,00-0037469,Tyreek Maddox-Williams,Tyreek,Tyreek,Maddox-Williams
2024,ATL,00-0037571,Storey Jackson,Storey,Storey,Jackson
2024,ATL,00-0037587,Nate Landman,Nate,Nate,Landman
2024,ATL,00-0037590,Tyler Vrabel,Tyler,Tyler,Vrabel
2024,ATL,00-0037620,Andrew Stueber,Andrew,Andrew,Stueber
2024,ATL,00-0037660,Prince Emili,Prince,Prince,Emili
2024,ATL,00-0037670,Arnold Tarpley,Arnold,Arnold,Tarpley
2024,ATL,00-0037808,DeAngelo Malone,DeAngelo,DeAngelo,Malone
2024,ATL,00-0037810,Troy Andersen,Troy,Troy,Andersen
2024,ATL,00-0038116,Arnold Ebiketie,Arnold,Arnold,Ebiketie
2024,ATL,00-0038149,Josh Ali,Josh,Josh,Ali
2024,ATL,00-0038304,Barry Wesley,Barry,Barry,Wesley
2024,ATL,00-0038354,Tanner Brown,Tanner,Tanner,Brown
2024,ATL,00-0038419,Robert Burns,Robert,Robert,Burns
2024,ATL,00-0038437,Donavan Mutin,Donavan,Donavan,Mutin
2024,ATL,00-0038470,Benny Sapp III,Benny,Benny,Sapp
2024,ATL,00-0038529,William Hooper,William,William,Hooper
2024,ATL,00-0038542,Bijan Robinson,Bijan,Bijan,Robinson
2024,ATL,00-0038568,Clark Phillips III,Clark,Clark,Phillips
2024,ATL,00-0038628,DeMarcco Hellams,DeMarcco,DeMarcco,Hellams
2024,ATL,00-0038629,Jovaughn Gwyn,Jovaughn,Jovaughn,Gwyn
2024,ATL,00-0038726,Jesse Matthews,Jesse,Jesse,Matthews
2024,ATL,00-0038862,Elijah Dotson,Elijah,Elijah,Dotson
2024,ATL,00-0038907,Anthony Johnson,Anthony,Anthony,Johnson
2024,ATL,00-0038930,Carlos Washington,Carlos,Carlos,Washington
2024,ATL,00-0038953,Dylan Drummond,Dylan,Dylan,Drummond
2024,ATL,00-0038966,Natrone Brooks,Natrone,Natrone,Brooks
2024,ATL,00-0038980,Zach Harrison,Zach,Zach,Harrison
2024,ATL,00-0039048,Matthew Bergeron,Matthew,Matthew,Bergeron
2024,ATL,00-0039175,Junior Aho,Junior,Junior,Aho
2024,ATL,00-0039331,Emory Jones,Emory,Emory,Jones
2024,ATL,00-0039370,JD Bertrand,J.D.,J.D.,Bertrand
2024,ATL,00-0039393,Jase McClellan,Jase,Jase,McClellan
2024,ATL,00-0039394,Casey Washington,Casey,Casey,Washington
2024,ATL,00-0039400,Zion Logue,Zion,Zion,Logue
2024,ATL,00-0039609,Kyler Baugh,Kyler,Kyler,Baugh
2024,ATL,00-0039704,Matthew Cindric,Matthew,Matthew,Cindric
2024,ATL,00-0039723,John Paddock,John,John,Paddock
2024,ATL,00-0039724,Nolan Potter,Nolan,Nolan,Potter
2024,ATL,00-0039725,Jayden Price,Jayden,Jayden,Price
2024,ATL,00-0039726,Ryan Sanborn,Ryan,Ryan,Sanborn
2024,ATL,00-0039727,Anthony Sao,Anthony,Anthony,Sao
2024,ATL,00-0039728,Austin Stogner,Austin,Austin,Stogner
2024,ATL,00-0039729,Trey Vaval,Trey,Trey,Vaval
2024,ATL,00-0039733,Ruke Orhorhoro,Ruke,Ruke,Orhorhoro
2024,ATL,00-0039837,Bralen Trice,Bralen,Bralen,Trice
2024,ATL,00-0039848,OJ Hiliare,Odieu,Odieu,Hiliare
2024,ATL,00-0039859,Brandon Dorlus,Brandon,Brandon,Dorlus
2024,ATL,00-0039917,Michael Penix Jr.,Michael,Michael,Penix
2024,BAL,00-0026300,Josh Johnson,Joshua,Josh,Johnson
2024,BAL,00-0029597,Justin Tucker,Justin,Justin,Tucker
2024,BAL,00-0031177,Brent Urban,Brent,Brent,Urban
2024,BAL,00-0031360,Kyle Van Noy,Kyle,Kyle,Van Noy
2024,BAL,00-0031549,Nelson Agholor,Nelson,Nelson,Agholor
2024,BAL,00-0032574,Michael Pierce,Michael,Michael,Pierce
2024,BAL,00-0032764,Derrick Henry,Derrick,Derrick,Henry
2024,BAL,00-0032891,Daryl Worley,Daryl,Daryl,Worley
2024,BAL,00-0032965,Ronnie Stanley,Ronnie,Ronnie,Stanley
2024,BAL,00-0033123,Yannick Ngakoue,Yannick,Yannick,Ngakoue
2024,BAL,00-0033281,Marlon Humphrey,Marlon,Marlon,Humphrey
2024,BAL,00-0033347,Josh Tupou,Josh,Josh,Tupou
2024,BAL,00-0033376,Patrick Ricard,Patrick,Patrick,Ricard
2024,BAL,00-0033503,Arthur Maulet,Arthur,Arthur,Maulet
2024,BAL,00-0033566,Desmond King,Desmond,Desmond,King
2024,BAL,00-0033784,Eddie Jackson,Eddie,Eddie,Jackson
2024,BAL,00-0033884,Tre'Davious White,Tre'Davious,Tre'Davious,White
2024,BAL,00-0033894,Marcus Williams,Marcus,Marcus,Williams
2024,BAL,00-0033913,Chris Wormley,Christopher,Chris,Wormley
2024,BAL,00-0034317,Keith Kirkwood,Keith,Keith,Kirkwood
2024,BAL,00-0034353,Anthony Miller,Anthony,Anthony,Miller
2024,BAL,00-0034363,Deadrin Senat,Deadrin,Deadrin,Senat
2024,BAL,00-0034411,Russell Gage,Russell,Russell,Gage
2024,BAL,00-0034753,Mark Andrews,Mark,Mark,Andrews
2024,BAL,00-0034787,Chris Board,Christopher,Chris,Board
2024,BAL,00-0034796,Lamar Jackson,Lamar,Lamar,Jackson
2024,BAL,00-0034808,John Kelly,John,John,Kelly
2024,BAL,00-0034874,Roquan Smith,Roquan,Roquan,Smith
2024,BAL,00-0034928,Steven Sims,Steven,Steven,Sims
2024,BAL,00-0034975,Justice Hill,Justice,Justice,Hill
2024,BAL,00-0034990,Ka'dar Hollman,Ka'dar,Ka'dar,Hollman
2024,BAL,00-0035112,Patrick Mekari,Patrick,Patrick,Mekari
2024,BAL,00-0035215,Deonte Harty,Deonte,Deonte,Harty
2024,BAL,00-0035216,Diontae Johnson,Diontae,Diontae,Johnson
2024,BAL,00-0035408,Nick Moore,Nick,Nick,Moore
2024,BAL,00-0035695,Trayvon Mullen,Trayvon,Trayvon,Mullen
2024,BAL,00-0035769,Scotty Washington,Scotty,Scotty,Washington
2024,BAL,00-0035993,Tyler Huntley,Tyler,Tyler,Huntley
2024,BAL,00-0036081,Broderick Washington,Broderick,Broderick,Washington
2024,BAL,00-0036130,Nnamdi Madubuike,Nnamdi,Nnamdi,Madubuike
2024,BAL,00-0036157,Kristian Welch,Kristian,Kristian,Welch
2024,BAL,00-0036280,Malik Harrison,Malik,Malik,Harrison
2024,BAL,00-0036363,Josh Jones,Josh,Josh,Jones
2024,BAL,00-0036550,Rashod Bateman,Rashod,Rashod,Bateman
2024,BAL,00-0036587,Ar'Darius Washington,Ar'Darius,Ar'Darius,Washington
2024,BAL,00-0036630,Tylan Wallace,Tylan,Tylan,Wallace
2024,BAL,00-0036940,Odafe Oweh,Odafe,Odafe,Oweh
2024,BAL,00-0036977,Ben Cleveland,Ben,Ben,Cleveland
2024,BAL,00-0036987,Brandon Stephens,Brandon,Brandon,Stephens
2024,BAL,00-0037181,Rayshad Nichols,Rayshad,Rayshad,Nichols
2024,BAL,00-0037184,Josh Ross,Josh,Josh,Ross
2024,BAL,00-0037340,Zaire Mitchell-Paden,Zaire,Zaire,Mitchell-Paden
2024,BAL,00-0037639,William Kwenkeu,William,William,Kwenkeu
2024,BAL,00-0037747,Christian Matthew,Christian,Christian,Matthew
2024,BAL,00-0037756,Travis Jones,Travis,Travis,Jones
2024,BAL,00-0037825,Tyler Linderbaum,Tyler,Tyler,Linderbaum
2024,BAL,00-0037838,Isaiah Likely,Isaiah,Isaiah,Likely
2024,BAL,00-0037984,Damarion Williams,Damarion,Damarion,Williams
2024,BAL,00-0038038,Kyle Hamilton,Kyle,Kyle,Hamilton
2024,BAL,00-0038046,Charlie Kolar,Charlie,Charlie,Kolar
2024,BAL,00-0038094,Jordan Stout,Jordan,Jordan,Stout
2024,BAL,00-0038118,Daniel Faalele,Daniel,Daniel,Faalele
2024,BAL,00-0038119,Jalyn Armour-Davis,Jalyn,Jalyn,Armour-Davis
2024,BAL,00-0038142,David Ojabo,David,David,Ojabo
2024,BAL,00-0038144,Adedayo Odeleye,Adedayo,Adedayo,Odeleye
2024,BAL,00-0038382,Malaesala Aumavae-Laulu,Malaesala,Sala,Aumavae-Laulu
2024,BAL,00-0038383,Andrew Vorhees,Andrew,Andrew,Vorhees
2024,BAL,00-0038448,Malik Hamm,Malik,Malik,Hamm
2024,BAL,00-0038454,Keaton Mitchell,Keaton,Keaton,Mitchell
2024,BAL,00-0038455,Sean Ryan,Sean,Sean,Ryan
2024,BAL,00-0038458,Owen Wright,Owen,Owen,Wright
2024,BAL,00-0038504,Trenton Simpson,Trenton,Trenton,Simpson
2024,BAL,00-0038505,Tavius Robinson,Tavius,Tavius,Robinson
2024,BAL,00-0038848,Anthony Kendall,Anthony,Anthony,Kendall
2024,BAL,00-0038911,Malik Cunningham,Malik,Malik,Cunningham
2024,BAL,00-0039064,Zay Flowers,Xavien,Zay,Flowers
2024,BAL,00-0039232,Nate Wiggins,Nathaniel,Nate,Wiggins
2024,BAL,00-0039233,Roger Rosengarten,Roger,Roger,Rosengarten
2024,BAL,00-0039234,T.J. Tampa,Marques,T.J.,Tampa
2024,BAL,00-0039235,Sanoussi Kane,Sanoussi,Sanoussi,Kane
2024,BAL,00-0039237,Nick Samac,Nick,Nick,Samac
2024,BAL,00-0039241,Beau Brade,Beau,Beau,Brade
2024,BAL,00-0039242,Corey Bullock,Corey,Corey,Bullock
2024,BAL,00-0039244,Chris Collier,Chris,Chris,Collier
2024,BAL,00-0039245,Ryan Cooper Jr.,Ryan,Ryan,Cooper
2024,BAL,00-0039246,Darrian Dalcourt,Darrian,Darrian,Dalcourt
2024,BAL,00-0039247,Joe Evans,Joe,Joe,Evans
2024,BAL,00-0039250,Deion Jennings,Deion,Deion,Jennings
2024,BAL,00-0039251,Julian Pearl,Julian,Julian,Pearl
2024,BAL,00-0039254,Mike Rigerman,Mike,Mike,Rigerman
2024,BAL,00-0039256,Riley Sharp,Riley,Riley,Sharp
2024,BAL,00-0039257,Darrell Simpson,Darrell,Darrell,Simpson
2024,BAL,00-0039258,Jordan Toles,Jordan,Jordan,Toles
2024,BAL,00-0039259,Dayton Wade,Dayton,Dayton,Wade
2024,BAL,00-0039260,Tramel Walthour,Tramel,Tramel,Walthour
2024,BAL,00-0039261,Isaiah Washington,Isaiah,Isaiah,Washington
2024,BAL,00-0039331,Emory Jones,Emory,Emory,Jones
2024,BAL,00-0039332,C.J. Ravenell,Cameron,C.J.,Ravenell
2024,BAL,00-0039477,Jack Browning,Jack,Jack,Browning
2024,BAL,00-0039791,Adisa Isaac,Adisa,Adisa,Isaac
2024,BAL,00-0039792,Devontez Walker,Devontez,Devontez,Walker
2024,BAL,00-0039796,Rasheen Ali,Rasheen,Rasheen,Ali
2024,BAL,00-0039801,Devin Leary,Devin,Devin,Leary
2024,BAL,00-0039843,Qadir Ismail,Qadir,Qadir,Ismail
2024,BUF,00-0027872,Kareem Jackson,Kareem,Kareem,Jackson
2024,BUF,00-0027940,Von Miller,Vonnie,Von,Miller
2024,BUF,00-0030090,Micah Hyde,Micah,Micah,Hyde
2024,BUF,00-0030092,Sam Martin,Sam,Sam,Martin
2024,BUF,00-0031054,DaQuan Jones,DaQuan,DaQuan,Jones
2024,BUF,00-0031534,La'el Collins,La'el,La'el,Collins
2024,BUF,00-0031544,Amari Cooper,Amari,Amari,Cooper
2024,BUF,00-0031557,Jordan Phillips,Jordan,Jordan,Phillips
2024,BUF,00-0031795,DeShawn Williams,DeShawn,DeShawn,Williams
2024,BUF,00-0031868,Damiere Byrd,Damiere,Damiere,Byrd
2024,BUF,00-0032388,Deion Jones,Deion,Deion,Jones
2024,BUF,00-0032416,Quinton Jefferson,Quinton,Quinton,Jefferson
2024,BUF,00-0032497,Reid Ferguson,Chandler,Reid,Ferguson
2024,BUF,00-0032763,Austin Johnson,Austin,Austin,Johnson
2024,BUF,00-0033282,Curtis Samuel,Curtis,Curtis,Samuel
2024,BUF,00-0033445,Nicholas Morrow,Nicholas,Nicholas,Morrow
2024,BUF,00-0033551,Rasul Douglas,Rasul,Rasul,Douglas
2024,BUF,00-0033555,Mack Hollins,Mack,Mack,Hollins
2024,BUF,00-0033571,Matt Milano,Matthew,Matt,Milano
2024,BUF,00-0033598,Eli Ankou,Eli,Eli,Ankou
2024,BUF,00-0033869,Mitchell Trubisky,Mitchell,Mitchell,Trubisky
2024,BUF,00-0033904,Dion Dawkins,Dion,Dion,Dawkins
2024,BUF,00-0033907,Dawuane Smoot,Dawuane,Dawuane,Smoot
2024,BUF,00-0034272,Marquez Valdes-Scantling,Marquez,Marquez,Valdes-Scantling
2024,BUF,00-0034376,Taron Johnson,Taron,Taron,Johnson
2024,BUF,00-0034401,Mike White,Michael,Mike,White
2024,BUF,00-0034406,Deon Cain,Deon,Deon,Cain
2024,BUF,00-0034436,Will Clapp,William,Will,Clapp
2024,BUF,00-0034515,Dee Delaney,DeVonta',Dee,Delaney
2024,BUF,00-0034857,Josh Allen,Joshua,Josh,Allen
2024,BUF,00-0035230,Ed Oliver,Ed,Ed,Oliver
2024,BUF,00-0035357,Cam Lewis,Cameron,Cameron,Lewis
2024,BUF,00-0035499,Kyron Brown,Kyron,Kyron,Brown
2024,BUF,00-0035527,Andy Isabella,Andrew,Andy,Isabella
2024,BUF,00-0035537,Ty Johnson,Ty,Ty,Johnson
2024,BUF,00-0035663,Taylor Rapp,Taylor,Taylor,Rapp
2024,BUF,00-0035668,David Edwards,David,David,Edwards
2024,BUF,00-0035679,Connor McGovern,Connor,Connor,McGovern
2024,BUF,00-0035681,Mike Edwards,Mike,Mike,Edwards
2024,BUF,00-0035689,Dawson Knox,Dawson,Dawson,Knox
2024,BUF,00-0035850,Kameron Cline,Kameron,Kameron,Cline
2024,BUF,00-0036162,Tyler Bass,Tyler,Tyler,Bass
2024,BUF,00-0036187,Reggie Gilliam,Reggie,Reggie,Gilliam
2024,BUF,00-0036192,A.J. Epenesa,Andrew,A.J.,Epenesa
2024,BUF,00-0036297,Darrynton Evans,Darrynton,Darrynton,Evans
2024,BUF,00-0036326,Chase Claypool,Chase,Chase,Claypool
2024,BUF,00-0036384,Ben DiNucci,Benjamin,Ben,DiNucci
2024,BUF,00-0036403,Casey Toohill,Casey,Casey,Toohill
2024,BUF,00-0036412,KJ Hamler,Kahlee,K.J.,Hamler
2024,BUF,00-0036421,Terrell Burgess,Terrell,Terrell,Burgess
2024,BUF,00-0036560,Tommy Doyle,Thomas,Tommy,Doyle
2024,BUF,00-0036590,Quintin Morris,Quintin,Quintin,Morris
2024,BUF,00-0036640,Zach Davidson,Zach,Zach,Davidson
2024,BUF,00-0036679,Shane Buechele,Shane,Shane,Buechele
2024,BUF,00-0036888,Damar Hamlin,Damar,Damar,Hamlin
2024,BUF,00-0036914,Greg Rousseau,Gregory,Gregory,Rousseau
2024,BUF,00-0036976,Spencer Brown,Spencer,Spencer,Brown
2024,BUF,00-0037011,Tre' McKitty,Tre',Tre',McKitty
2024,BUF,00-0037168,Armani Rogers,Armani,Armani,Rogers
2024,BUF,00-0037175,Anthony Brown,Anthony,Anthony,Brown
2024,BUF,00-0037242,Kaiir Elam,Kaiir,Kaiir,Elam
2024,BUF,00-0037245,Lewis Cine,Lewis,Lewis,Cine
2024,BUF,00-0037248,James Cook,James,James,Cook
2024,BUF,00-0037254,Terrel Bernard,Terrel,Terrel,Bernard
2024,BUF,00-0037261,Khalil Shakir,Khalil,Khalil,Shakir
2024,BUF,00-0037288,Christian Benford,Christian,Christian,Benford
2024,BUF,00-0037318,Baylon Spector,Baylon,Baylon,Spector
2024,BUF,00-0037387,Jalen Virgil,Jalen,Jalen,Virgil
2024,BUF,00-0037404,Ryan Van Demark,Ryan,Ryan,Van Demark
2024,BUF,00-0037428,Alec Anderson,Alec,Alec,Anderson
2024,BUF,00-0037431,Kingsley Jonathan,Kingsley,Kingsley,Jonathan
2024,BUF,00-0037441,Kevin Jarvis,Kevin,Kevin,Jarvis
2024,BUF,00-0037469,Tyreek Maddox-Williams,Tyreek,Tyreek,Maddox-Williams
2024,BUF,00-0037661,Ja'Marcus Ingram,Ja'Marcus,Ja'Marcus,Ingram
2024,BUF,00-0038042,Jake Camarda,Jake,Jake,Camarda
2024,BUF,00-0038152,Lucas Havrisik,Lucas,Lucas,Havrisik
2024,BUF,00-0038414,Kendall Williamson,Kendall,Kendall,Williamson
2024,BUF,00-0038548,O'Cyrus Torrence,O'Cyrus,O'Cyrus,Torrence
2024,BUF,00-0038557,Dorian Williams,Dorian,Dorian,Williams
2024,BUF,00-0038676,Richard Gouraige,Richard,Richard,Gouraige
2024,BUF,00-0038679,Tyrell Shavers,Tyrell,Tyrell,Shavers
2024,BUF,00-0038680,Bryan Thompson,Bryan,Bryan,Thompson
2024,BUF,00-0038933,Dalton Kincaid,Dalton,Dalton,Kincaid
2024,BUF,00-0039333,Brandon Codrington,Brandon,Brandon,Codrington
2024,BUF,00-0039400,Zion Logue,Zion,Zion,Logue
2024,BUF,00-0039467,Keaton Bills,Keaton,Keaton,Bills
2024,BUF,00-0039468,Gunner Britton,Gunner,Gunner,Britton
2024,BUF,00-0039469,Te'Cory Couch,Te'Cory,Te'Cory,Couch
2024,BUF,00-0039470,Branson Deen,Branson,Branson,Deen
2024,BUF,00-0039471,Frank Gore Jr.,Frank,Frank,Gore
2024,BUF,00-0039472,Mike Edwards,Mike,Mike,Edwards
2024,BUF,00-0039474,Lawrence Keys,Lawrence,Lawrence,Keys
2024,BUF,00-0039475,Keni-H Lovely,Keni-H,Keni-H,Lovely
2024,BUF,00-0039476,Rondell Bothroyd,Rondell,Rondell,Bothroyd
2024,BUF,00-0039478,David Ugwoegbu,David,David,Ugwoegbu
2024,BUF,00-0039511,Ahmarean Brown,Ahmarean,Ahmarean,Brown
2024,BUF,00-0039763,Joe Andreessen,Joe,Joe,Andreessen
2024,BUF,00-0039865,Gable Steveson,Gable,Gable,Steveson
2024,BUF,00-0039872,Cole Bishop,Cole,Cole,Bishop
2024,BUF,00-0039873,DeWayne Carter,DeWayne,DeWayne,Carter
2024,BUF,00-0039875,Ray Davis,Re'Mahn,Ray,Davis
2024,BUF,00-0039876,Sedrick Van Pran-Granger,Sedrick,Sedrick,Van Pran-Granger
2024,BUF,00-0039878,Edefuan Ulofoshio,Edefuan,Edefuan,Ulofoshio
2024,BUF,00-0039879,Javon Solomon,Javon,Javon,Solomon
2024,BUF,00-0039882,Tylan Grable,Tylan,Tylan,Grable
2024,BUF,00-0039883,Daequan Hardy,Daequan,Daequan,Hardy
2024,BUF,00-0039885,Shayne Simon,Shayne,Shayne,Simon
2024,BUF,00-0039901,Keon Coleman,Keon,Keon,Coleman
2024,BUF,00-0039930,Travis Clayton,Travis,Travis,Clayton
2024,CAR,00-0026027,J.J. Jansen,Jeffrey,J.J.,Jansen
2024,CAR,00-0027973,Andy Dalton,Andrew,Andy,Dalton
2024,CAR,00-0028872,Johnny Hekker,John,Johnny,Hekker
2024,CAR,00-0030035,Adam Thielen,Adam,Adam,Thielen
2024,CAR,00-0031299,Jordan Matthews,Jordan,Jordan,Matthews
2024,CAR,00-0031364,Jadeveon Clowney,Jadeveon,Jadeveon,Clowney
2024,CAR,00-0031550,Shaq Thompson,Sha'Quille,Shaq,Thompson
2024,CAR,00-0031785,Troy Hill,Troy,Troy,Hill
2024,CAR,00-0031795,DeShawn Williams,DeShawn,DeShawn,Williams
2024,CAR,00-0032889,A'Shawn Robinson,A'Shawn,A'Shawn,Robinson
2024,CAR,00-0033047,Anthony Brown,Anthony,Anthony,Brown
2024,CAR,00-0033096,Shaq Lawson,Shaq,Shaq,Lawson
2024,CAR,00-0033284,Taylor Moton,Taylor,Taylor,Moton
2024,CAR,00-0033387,Jacob Hollister,Jacob,Jacob,Hollister
2024,CAR,00-0033579,Xavier Woods,Xavier,Xavier,Woods
2024,CAR,00-0033589,David Moore,David,David,Moore
2024,CAR,00-0033770,Justin Hardee,Justin,Justin,Hardee
2024,CAR,00-0033792,Rudy Ford,Johnathan,Rudy,Ford
2024,CAR,00-0033880,Charles Harris,Charles,Charles,Harris
2024,CAR,00-0034104,Cam Sims,Cam,Cam,Sims
2024,CAR,00-0034173,Eddy Pineiro,Eddy,Eddy,Pineiro
2024,CAR,00-0034208,Mike Boone,Michael,Mike,Boone
2024,CAR,00-0034261,Austin Corbett,Austin,Austin,Corbett
2024,CAR,00-0034365,Ian Thomas,Ian,Ian,Thomas
2024,CAR,00-0034368,Josey Jewell,Josey,Josey,Jewell
2024,CAR,00-0034382,Marquis Haynes,Marquis,Marquis,Haynes
2024,CAR,00-0034406,Deon Cain,Deon,Deon,Cain
2024,CAR,00-0034500,Tae Davis,Octavious,Tae,Davis
2024,CAR,00-0034505,Ike Boettger,Isaac,Ike,Boettger
2024,CAR,00-0034723,Nick Thurman,Nick,Nick,Thurman
2024,CAR,00-0034750,Rashaad Penny,Rashaad,Rashaad,Penny
2024,CAR,00-0035073,Jonathan Harris,Jonathan,Jonathan,Harris
2024,CAR,00-0035084,Yosh Nijman,Yosuah,Yosuah,Nijman
2024,CAR,00-0035216,Diontae Johnson,Diontae,Diontae,Johnson
2024,CAR,00-0035243,Miles Sanders,Miles,Miles,Sanders
2024,CAR,00-0035244,Lonnie Johnson,Lonnie,Lonnie,Johnson
2024,CAR,00-0035277,Mike Jackson,Michael,Michael,Jackson
2024,CAR,00-0035341,Trenton Irwin,Trenton,Trenton,Irwin
2024,CAR,00-0035409,Shy Tuttle,Shyheim,Shy,Tuttle
2024,CAR,00-0035462,Walter Palmore,Walter,Walter,Palmore
2024,CAR,00-0035562,Jesper Horsted,Jesper,Jesper,Horsted
2024,CAR,00-0035669,Nick Scott,Nicholas,Nick,Scott
2024,CAR,00-0035910,T.J. Smith,T.J.,T.J.,Smith
2024,CAR,00-0035976,Dan Chisena,Daniel,Dan,Chisena
2024,CAR,00-0036007,Raequan Williams,Raequan,Raequan,Williams
2024,CAR,00-0036037,Sam Franklin Jr.,Sam,Sam,Franklin
2024,CAR,00-0036045,Cam Gill,Cameron,Cam,Gill
2024,CAR,00-0036123,Brandon Walton,Brandon,Brandon,Walton
2024,CAR,00-0036152,Lamar Jackson,Lamar,Lamar,Jackson
2024,CAR,00-0036166,Dane Jackson,Dane,Dane,Jackson
2024,CAR,00-0036210,Badara Traore,Badara,Badara,Traore
2024,CAR,00-0036220,Derrick Brown,Derrick,Derrick,Brown
2024,CAR,00-0036235,Shaquille Quarterman,Shaquille,Shaquille,Quarterman
2024,CAR,00-0036286,K'Lavon Chaisson,K'Lavon,K'Lavon,Chaisson
2024,CAR,00-0036312,Jake Luton,Jake,Jake,Luton
2024,CAR,00-0036325,Robert Hunt,Robert,Robert,Hunt
2024,CAR,00-0036335,D.J. Wonnum,Dennis,D.J.,Wonnum
2024,CAR,00-0036417,Damien Lewis,Damien,Damien,Lewis
2024,CAR,00-0036431,Jordan Fuller,Jordan,Jordan,Fuller
2024,CAR,00-0036438,Stephen Sullivan,Stephen,Stephen,Sullivan
2024,CAR,00-0036456,Dominique Dafney,Dominique,Dominique,Dafney
2024,CAR,00-0036482,Mike Strachan,Mike,Mike,Strachan
2024,CAR,00-0036555,Chuba Hubbard,Chuba,Chuba,Hubbard
2024,CAR,00-0036577,Jack Anderson,Jack,Jack,Anderson
2024,CAR,00-0036615,Caleb Farley,Caleb,Caleb,Farley
2024,CAR,00-0036635,Ihmir Smith-Marsette,Ihmir,Ihmir,Smith-Marsette
2024,CAR,00-0036667,Chris Wilcox,Chris,Chris,Wilcox
2024,CAR,00-0036671,Dax Milne,Dax,Dax,Milne
2024,CAR,00-0036678,Dicaprio Bootle,Dicaprio,Dicaprio,Bootle
2024,CAR,00-0036802,Jon Rhattigan,Jon,Jon,Rhattigan
2024,CAR,00-0036825,Feleipe Franks,Feleipe,Feleipe,Franks
2024,CAR,00-0036921,Tarron Jackson,Tarron,Tarron,Jackson
2024,CAR,00-0036944,Jaycee Horn,Jaycee,Jaycee,Horn
2024,CAR,00-0036968,Brady Christensen,Brady,Brady,Christensen
2024,CAR,00-0037005,Tommy Tremble,Tommy,Tommy,Tremble
2024,CAR,00-0037043,Amare Barno,Amare,Amare,Barno
2024,CAR,00-0037089,Ja'Tyre Carter,Ja'Tyre,Ja'Tyre,Carter
2024,CAR,00-0037203,LaBryan Ray,LaBryan,LaBryan,Ray
2024,CAR,00-0037229,Ikem Ekwonu,Ikem,Ikem,Ekwonu
2024,CAR,00-0037297,Cade Mays,Cade,Cade,Mays
2024,CAR,00-0037298,Sam Roberts,Samuel,Sam,Roberts
2024,CAR,00-0037429,Raheem Blackshear,Raheem,Raheem,Blackshear
2024,CAR,00-0037487,Deven Thompkins,Deven,Deven,Thompkins
2024,CAR,00-0037499,Luiji Vilain,Luiji,Luiji,Vilain
2024,CAR,00-0037560,Chandler Wooten,Chandler,Chandler,Wooten
2024,CAR,00-0037573,Quandre Mosely,Quandre,Quandre,Mosely
2024,CAR,00-0037603,Jayden Peevy,Jayden,Jayden,Peevy
2024,CAR,00-0037745,Velus Jones Jr.,Velus,Velus,Jones
2024,CAR,00-0037833,Tariq Castro-Fields,Tariq,Tariq,Castro-Fields
2024,CAR,00-0037844,Russ Yeast,Craig,Russ,Yeast
2024,CAR,00-0038101,Akayleb Evans,Akayleb,Akayleb,Evans
2024,CAR,00-0038475,Alex Cook,Alex,Alex,Cook
2024,CAR,00-0038493,Claudin Cherelus,Claudin,Claudin,Cherelus
2024,CAR,00-0038502,T.J. Luther,Tyreece,T.J.,Luther
2024,CAR,00-0038535,DJ Johnson,D.J.,D.J.,Johnson
2024,CAR,00-0038536,Chandler Zavala,Chandler,Chandler,Zavala
2024,CAR,00-0038537,J.D. DiRenzo,Joseph,J.D.,DiRenzo
2024,CAR,00-0038587,Jammie Robinson,Jammie,Jammie,Robinson
2024,CAR,00-0038775,Nash Jensen,Nash,Nash,Jensen
2024,CAR,00-0038782,Eku Leota,Andrew,Eku,Leota
2024,CAR,00-0038791,Thomas Incoom,Thomas,Thomas,Incoom
2024,CAR,00-0038819,Keenan Isaac,Keenan,Keenan,Isaac
2024,CAR,00-0038832,Mason Brooks,Mason,Mason,Brooks
2024,CAR,00-0038877,D'Shawn Jamison,D'Shawn,D'Shawn,Jamison
2024,CAR,00-0038916,Azizi Hearn,Azizi,Azizi,Hearn
2024,CAR,00-0039062,Jonathan Mingo,Jonathan,Jonathan,Mingo
2024,CAR,00-0039150,Bryce Young,Bryce,Bryce,Young
2024,CAR,00-0039175,Junior Aho,Junior,Junior,Aho
2024,CAR,00-0039255,Tayvion Robinson,Tayvion,Tayvion,Robinson
2024,CAR,00-0039275,Messiah Swinson,Messiah,Messiah,Swinson
2024,CAR,00-0039292,Shemar Bartholomew,Shemar,Shemar,Bartholomew
2024,CAR,00-0039311,Emani Bailey,Emani,Emani,Bailey
2024,CAR,00-0039342,Xavier Legette,Xavier,Xavier,Legette
2024,CAR,00-0039344,Jonathon Brooks,Jonathon,Jonathon,Brooks
2024,CAR,00-0039347,Trevin Wallace,Trevin,Trevin,Wallace
2024,CAR,00-0039356,Ja'Tavion Sanders,Ja'Tavion,Ja'Tavion,Sanders
2024,CAR,00-0039380,Chau Smith-Wade,Chau,Chau,Smith-Wade
2024,CAR,00-0039402,Jaden Crumedy,Jaden,Jaden,Crumedy
2024,CAR,00-0039457,Jacoby Windmon,Jacoby,Jacoby,Windmon
2024,CAR,00-0039490,Popo Aumavae,Popo,Popo,Aumavae
2024,CAR,00-0039491,Jalen Coker,Jalen,Jalen,Coker
2024,CAR,00-0039492,Jeremiah Crawford,Jeremiah,Jeremiah,Crawford
2024,CAR,00-0039493,Willie Drew,Willie,Willie,Drew
2024,CAR,00-0039494,Kenny Dyson,Kenneth,Kenny,Dyson
2024,CAR,00-0039498,Harrison Mevis,Harrison,Harrison,Mevis
2024,CAR,00-0039499,Jackson Mitchell,Jackson,Jackson,Mitchell
2024,CAR,00-0039500,Sam Pinckney,Sam,Sam,Pinckney
2024,CAR,00-0039501,Jack Plummer,Jack,Jack,Plummer
2024,CAR,00-0039502,Andrew Raym,Andrew,Andrew,Raym
2024,CAR,00-0039503,Jaden Shirden,Jaden,Jaden,Shirden
2024,CAR,00-0039525,Cam Johnson,Cam,Cam,Johnson
2024,CAR,00-0039598,Christian Duffie,Christian,Christian,Duffie
2024,CAR,00-0039601,Demani Richardson,Demani,Demani,Richardson
2024,CAR,00-0039608,Ulumoo Ale,Ulumoo,Ulumoo,Ale
2024,CAR,00-0039647,Dillon Johnson,Dillon,Dillon,Johnson
2024,CAR,00-0039673,Tyler Smith,Tyler,Tyler,Smith
2024,CAR,00-0039832,Jarrett Kingston,Jarrett,Jarrett,Kingston
2024,CAR,00-0039914,Praise Olatoke,Praise,Praise,Olatoke
2024,CAR,00-0039928,Devin Carter,Devin,Devin,Carter
2024,CAR,00-0039944,Jamie Sheriff,Jamie,Jamie,Sheriff
2024,CAR,00-0039954,Aaron Beasley,Aaron,Aaron,Beasley
2024,CHI,00-0024243,Marcedes Lewis,Marcedes,Marcedes,Lewis
2024,CHI,00-0028284,Patrick Scales,Patrick,Patrick,Scales
2024,CHI,00-0028394,Jake McQuaide,Jacob,Jake,McQuaide
2024,CHI,00-0030279,Keenan Allen,Keenan,Keenan,Allen
2024,CHI,00-0031203,Cairo Santos,Cairo,Cairo,Santos
2024,CHI,00-0031763,DeAndre Carter,DeAndre,DeAndre,Carter
2024,CHI,00-0033066,Andrew Billings,Andrew,Andrew,Billings
2024,CHI,00-0033132,Kevin Byard,Kevin,Kevin,Byard
2024,CHI,00-0033302,Adrian Colbert,Adrian,Adrian,Colbert
2024,CHI,00-0033326,Aviante Collins,Aviante,Aviante,Collins
2024,CHI,00-0033782,DeMarcus Walker,DeMarcus,DeMarcus,Walker
2024,CHI,00-0033895,Gerald Everett,Gerald,Gerald,Everett
2024,CHI,00-0034067,Scott Daly,Kevin,Scott,Daly
2024,CHI,00-0034114,Coleman Shelton,Coleman,Coleman,Shelton
2024,CHI,00-0034163,Jacob Martin,Jacob,Jake,Martin
2024,CHI,00-0034263,Tarvarius Moore,Tarvarius,Tarvarius,Moore
2024,CHI,00-0034337,Greg Stroman,Gregory,Greg,Stroman
2024,CHI,00-0034417,Matt Pryor,Matthew,Matt,Pryor
2024,CHI,00-0034485,Jonathan Owens,Jonathan,Jonathan,Owens
2024,CHI,00-0034673,Tremaine Edmunds,Fe'Zahn,Tremaine,Edmunds
2024,CHI,00-0034827,DJ Moore,Denniston,D.J.,Moore
2024,CHI,00-0034838,Royce Freeman,Royce,Royce,Freeman
2024,CHI,00-0034860,Dante Pettis,Dante,Dante,Pettis
2024,CHI,00-0035039,Stephen Carlson,Stephen,Stephen,Carlson
2024,CHI,00-0035099,Khari Blasingame,Khari,Khari,Blasingame
2024,CHI,00-0035278,Byron Cowart,Byron,Byron,Cowart
2024,CHI,00-0035308,Tommy Sweeney,Tommy,Tommy,Sweeney
2024,CHI,00-0035382,Ryan Bates,Ryan,Ryan,Bates
2024,CHI,00-0035386,T.J. Edwards,T.J.,T.J.,Edwards
2024,CHI,00-0035594,Travis Homer,Travis,Travis,Homer
2024,CHI,00-0035621,Nsimba Webster,Nsimba,Nsimba,Webster
2024,CHI,00-0035647,Montez Sweat,Montez,Montez,Sweat
2024,CHI,00-0035649,Nate Davis,Nate,Nate,Davis
2024,CHI,00-0035821,Corliss Waitman,Corliss,Corliss,Waitman
2024,CHI,00-0035829,Austen Pleasants,Austen,Austen,Pleasants
2024,CHI,00-0035857,Chris Williams,Christopher,Chris,Williams
2024,CHI,00-0035863,Douglas Coleman III,Douglas,Douglas,Coleman
2024,CHI,00-0036085,Javin White,Javin,Javin,White
2024,CHI,00-0036093,Bill Murray,Bill,Bill,Murray
2024,CHI,00-0036247,Freddie Swain,Freddie,Freddie,Swain
2024,CHI,00-0036254,Collin Johnson,Collin,Collin,Johnson
2024,CHI,00-0036275,D'Andre Swift,D'Andre,D'Andre,Swift
2024,CHI,00-0036290,Cole Kmet,Cole,Cole,Kmet
2024,CHI,00-0036292,Jaylon Johnson,Jaylon,Jaylon,Johnson
2024,CHI,00-0036297,Darrynton Evans,Darrynton,Darrynton,Evans
2024,CHI,00-0036413,Darrell Taylor,Darrell,Darrell,Taylor
2024,CHI,00-0036507,Michael Dwumfour,Michael,Michael,Dwumfour
2024,CHI,00-0036654,Demetric Felton,Demetric,Demetric,Felton
2024,CHI,00-0036716,Amen Ogbongbemiga,Amen,Amen,Ogbongbemiga
2024,CHI,00-0036795,Jake Curhan,Jake,Jake,Curhan
2024,CHI,00-0036905,Larry Borom,Larry,Larry,Borom
2024,CHI,00-0036906,Khalil Herbert,Khalil,Khalil,Herbert
2024,CHI,00-0036953,Teven Jenkins,Teven,Teven,Jenkins
2024,CHI,00-0037081,Braxton Jones,Braxton,Braxton,Jones
2024,CHI,00-0037082,Dominique Robinson,Dominique,Dominique,Robinson
2024,CHI,00-0037088,Doug Kramer,Doug,Doug,Kramer
2024,CHI,00-0037094,Jonathan Ford,Jonathan,Jonathan,Ford
2024,CHI,00-0037096,Elijah Hicks,Elijah,Elijah,Hicks
2024,CHI,00-0037098,Samori Toure,Samori,Samori,Toure
2024,CHI,00-0037106,Jaylon Jones,Jaylon,Jaylon,Jones
2024,CHI,00-0037109,Jack Sanborn,Jack,Jack,Sanborn
2024,CHI,00-0037129,Josh Blackwell,Josh,Josh,Blackwell
2024,CHI,00-0037225,Chris Glaser,Chris,Chris,Glaser
2024,CHI,00-0037277,Teagan Quitoriano,Teagan,Teagan,Quitoriano
2024,CHI,00-0037298,Sam Roberts,Samuel,Sam,Roberts
2024,CHI,00-0037745,Velus Jones Jr.,Velus,Velus,Jones
2024,CHI,00-0037843,Daniel Hardy,Daniel,Daniel,Hardy
2024,CHI,00-0038091,JT Woods,J.T.,J.T.,Woods
2024,CHI,00-0038111,Kyler Gordon,Kyler,Kyler,Gordon
2024,CHI,00-0038135,Jaquan Brisker,Jaquan,Jaquan,Brisker
2024,CHI,00-0038368,Quindell Johnson,Quindell,Quindell,Johnson
2024,CHI,00-0038390,Noah Sewell,Noah,Noah,Sewell
2024,CHI,00-0038395,Terell Smith,Terell,Terell,Smith
2024,CHI,00-0038405,Travis Bell,Travis,Travis,Bell
2024,CHI,00-0038416,Tyson Bagent,Tyson,Tyson,Bagent
2024,CHI,00-0038417,Micah Baskerville,Micah,Micah,Baskerville
2024,CHI,00-0038481,Cameron Lyons,Cameron,Cameron,Lyons
2024,CHI,00-0038624,Ameer Speed,Ameer,Ameer,Speed
2024,CHI,00-0038932,Darnell Wright,Darnell,Darnell,Wright
2024,CHI,00-0038937,Zacch Pickens,Zacch,Zacch,Pickens
2024,CHI,00-0038941,Tyler Scott,Tyler,Tyler,Scott
2024,CHI,00-0039008,Ricky Stromberg,Ricky,Ricky,Stromberg
2024,CHI,00-0039021,Roschon Johnson,Roschon,Roschon,Johnson
2024,CHI,00-0039023,Joel Wilson,Joel,Joel,Wilson
2024,CHI,00-0039070,Gervon Dexter Sr.,Gervon,Gervon,Dexter
2024,CHI,00-0039071,Tyrique Stevenson,Tyrique,Tyrique,Stevenson
2024,CHI,00-0039304,Ro Torrence,Roterius,Ro,Torrence
2024,CHI,00-0039459,Theo Benedet,Theo,Theo,Benedet
2024,CHI,00-0039460,Carl Jones,Carl,Carl,Jones
2024,CHI,00-0039461,Jamree Kromah,Jamree,Jamree,Kromah
2024,CHI,00-0039462,Peter LeBlanc,Peter,Peter,LeBlanc
2024,CHI,00-0039463,Keith Randolph Jr.,Keith,Keith,Randolph
2024,CHI,00-0039464,Austin Reed,Austin,Austin,Reed
2024,CHI,00-0039465,Reddy Steward,Reddy,Reddy,Steward
2024,CHI,00-0039466,Ian Wheeler,Ian,Ian,Wheeler
2024,CHI,00-0039745,Tory Taylor,Tory,Tory,Taylor
2024,CHI,00-0039760,John Jackson,John,John,Jackson
2024,CHI,00-0039761,Dashaun Mallory,Dashaun,Dashaun,Mallory
2024,CHI,00-0039762,Paul Moala,Paul,Paul,Moala
2024,CHI,00-0039788,Leon Jones,Leon,Leon,Jones
2024,CHI,00-0039822,Kiran Amegadjie,Kiran,Kiran,Amegadjie
2024,CHI,00-0039840,Austin Booker,Austin,Austin,Booker
2024,CHI,00-0039918,Caleb Williams,Caleb,Caleb,Williams
2024,CHI,00-0039919,Rome Odunze,Rome,Rome,Odunze
2024,CHI,00-0039949,Jaylon Hutchings,Jaylon,Jaylon,Hutchings
2024,CIN,00-0028171,Lawrence Guy,Lawrence,Lawrence,Guy
2024,CIN,00-0032071,Trent Brown,Trenton,Trenton,Brown
2024,CIN,00-0032445,Ted Karras,Ted,Ted,Karras
2024,CIN,00-0032521,Mike Hilton,Michael,Mike,Hilton
2024,CIN,00-0032759,Sheldon Rankins,Sheldon,Sheldon,Rankins
2024,CIN,00-0032939,Vonn Bell,Vonn,Vonn,Bell
2024,CIN,00-0033935,Trey Hendrickson,Collins,Trey,Hendrickson
2024,CIN,00-0034438,Logan Woodside,Logan,Logan,Woodside
2024,CIN,00-0034446,Jalen Davis,Jalen,Jalen,Davis
2024,CIN,00-0034613,Tanner Hudson,Tanner,Tanner,Hudson
2024,CIN,00-0034678,Alex Cappa,Alexander,Alex,Cappa
2024,CIN,00-0034752,Orlando Brown,Orlando,Orlando,Brown
2024,CIN,00-0034800,B.J. Hill,Bobby,B.J.,Hill
2024,CIN,00-0034829,Mike Gesicki,Michael,Mike,Gesicki
2024,CIN,00-0034834,Sam Hubbard,Samuel,Sam,Hubbard
2024,CIN,00-0035100,Jake Browning,Jake,Jake,Browning
2024,CIN,00-0035238,Cody Ford,Cody,Cody,Ford
2024,CIN,00-0035291,Trayveon Williams,Trayveon,Trayveon,Williams
2024,CIN,00-0035341,Trenton Irwin,Trenton,Trenton,Irwin
2024,CIN,00-0035363,Joe Giles-Harris,Joe,Joe,Giles-Harris
2024,CIN,00-0035485,Nate Brooks,Nate,Nate,Brooks
2024,CIN,00-0035529,Hakeem Butler,Hakeem,Hakeem,Butler
2024,CIN,00-0035631,Drew Sample,Drew,Drew,Sample
2024,CIN,00-0035697,Germaine Pratt,Germaine,Germaine,Pratt
2024,CIN,00-0035895,Joe Bachie,Joe,Joe,Bachie
2024,CIN,00-0035904,Nate Gilliam,Nathan,Nathan,Gilliam
2024,CIN,00-0036148,Domenique Davis,Domenique,Domenique,Davis
2024,CIN,00-0036199,Geno Stone,Geno,Geno,Stone
2024,CIN,00-0036251,Zack Moss,Zaccheus,Zack,Moss
2024,CIN,00-0036294,Logan Wilson,Logan,Logan,Wilson
2024,CIN,00-0036298,Akeem Davis-Gaither,Akeem,Akeem,Davis-Gaither
2024,CIN,00-0036352,Carlos Davis,Carlos,Carlos,Davis
2024,CIN,00-0036410,Tee Higgins,Tamaurice,Tee,Higgins
2024,CIN,00-0036442,Joe Burrow,Joe,Joe,Burrow
2024,CIN,00-0036569,Gary Brightwell,Gary,Gary,Brightwell
2024,CIN,00-0036611,Raymond Johnson III,Raymond,Raymond,Johnson
2024,CIN,00-0036850,Cameron Sample,Cameron,Cam,Sample
2024,CIN,00-0036852,D'Ante Smith,D'Ante,D'Ante,Smith
2024,CIN,00-0036854,Evan McPherson,Evan,Evan,McPherson
2024,CIN,00-0036856,Trey Hill,Trey,Trey,Hill
2024,CIN,00-0036857,Chris Evans,Chris,Chris,Evans
2024,CIN,00-0036865,Jackson Carman,Jackson,Jackson,Carman
2024,CIN,00-0036881,Jay Tufele,Jay,Jay,Tufele
2024,CIN,00-0036884,Marco Wilson,Marco,Marco,Wilson
2024,CIN,00-0036900,Ja'Marr Chase,Ja'Marr,Ja'Marr,Chase
2024,CIN,00-0036902,Joseph Ossai,Joseph,Joseph,Ossai
2024,CIN,00-0036906,Khalil Herbert,Khalil,Khalil,Herbert
2024,CIN,00-0037314,Isaiah Thomas,Isaiah,Isaiah,Thomas
2024,CIN,00-0037412,Cal Adomitis,Cal,Cal,Adomitis
2024,CIN,00-0037414,Devin Cochran,Devin,Devin,Cochran
2024,CIN,00-0037415,Allan George,Darian,Allan,George
2024,CIN,00-0037420,Kwamie Lassiter II,Kwamie,Kwamie,Lassiter
2024,CIN,00-0037422,Kendric Pryor,Kendric,Kendric,Pryor
2024,CIN,00-0037620,Andrew Stueber,Andrew,Andrew,Stueber
2024,CIN,00-0037743,Daxton Hill,Daxton,Dax,Hill
2024,CIN,00-0037752,Tycen Anderson,Tycen,Tycen,Anderson
2024,CIN,00-0037753,Cam Taylor-Britt,Cam,Cam,Taylor-Britt
2024,CIN,00-0037760,Jeff Gunter,Jeffrey,Jeff,Gunter
2024,CIN,00-0037804,Zachary Carter,Zachary,Zach,Carter
2024,CIN,00-0038095,Cordell Volson,Cordell,Cordell,Volson
2024,CIN,00-0038097,Cade York,Cade,Cade,York
2024,CIN,00-0038405,Travis Bell,Travis,Travis,Bell
2024,CIN,00-0038452,Tashawn Manning,Tashawn,Tashawn,Manning
2024,CIN,00-0038546,Myles Murphy,Myles,Myles,Murphy
2024,CIN,00-0038549,DJ Turner II,Juandrago,D.J.,Turner
2024,CIN,00-0038560,Jordan Battle,Jordan,Jordan,Battle
2024,CIN,00-0038576,Charlie Jones,Charlie,Charlie,Jones
2024,CIN,00-0038581,KJ Henry,K.J.,K.J.,Henry
2024,CIN,00-0038597,Chase Brown,Chase,Chase,Brown
2024,CIN,00-0038619,Andrei Iosivas,Andrei,Andrei,Iosivas
2024,CIN,00-0038626,Brad Robbins,Brad,Brad,Robbins
2024,CIN,00-0038642,D.J. Ivey,D.J.,D.J.,Ivey
2024,CIN,00-0038835,Joshua Pryor,Joshua,Joshua,Pryor
2024,CIN,00-0038890,Shaka Heyward,Shaka,Shaka,Heyward
2024,CIN,00-0038891,Shedrick Jackson,Shedrick,Shedrick,Jackson
2024,CIN,00-0038892,Jaxson Kirkland,Jaxson,Jaxson,Kirkland
2024,CIN,00-0038893,Devonnsha Maxwell,Devonnsha,Devonnsha,Maxwell
2024,CIN,00-0039266,Kendall Milton,Kendall,Kendall,Milton
2024,CIN,00-0039323,Ryan Rehkow,Ryan,Ryan,Rehkow
2024,CIN,00-0039354,McKinnley Jackson,McKinnley,McKinnley,Jackson
2024,CIN,00-0039375,Josh Newton,Josh,Josh,Newton
2024,CIN,00-0039399,Tanner McLachlan,Tanner,Tanner,McLachlan
2024,CIN,00-0039403,Micah Abraham,Micah,Micah,Abraham
2024,CIN,00-0039414,Daijahn Anthony,Daijahn,Daijahn,Anthony
2024,CIN,00-0039426,Matt Lee,Matthew,Matt,Lee
2024,CIN,00-0039432,Justin Rogers,Justin,Justin,Rogers
2024,CIN,00-0039451,Isaiah Williams,Isaiah,Isaiah,Williams
2024,CIN,00-0039535,Andrew Coker,Andrew,Andrew,Coker
2024,CIN,00-0039551,Andre Carter,Andre,Andre,Carter
2024,CIN,00-0039580,Craig Young,Craig,Craig,Young
2024,CIN,00-0039625,Justin Blazek,Justin,Justin,Blazek
2024,CIN,00-0039626,Cole Burgess,Cole,Cole,Burgess
2024,CIN,00-0039627,Noah Cain,Noah,Noah,Cain
2024,CIN,00-0039628,Aaron Casey,Aaron,Aaron,Casey
2024,CIN,00-0039629,Elijah Collins,Elijah,Elijah,Collins
2024,CIN,00-0039630,Michael Dowell,Michael,Michael,Dowell
2024,CIN,00-0039631,Cam Grandy,Cam,Cam,Grandy
2024,CIN,00-0039632,PJ Jules,P.J.,P.J.,Jules
2024,CIN,00-0039633,Rocky Lombardi,Rocky,Rocky,Lombardi
2024,CIN,00-0039634,Austin McNamara,Austin,Austin,McNamara
2024,CIN,00-0039635,Eric Miller,Eric,Eric,Miller
2024,CIN,00-0039636,Tre Mosley,Tre,Tre,Mosley
2024,CIN,00-0039637,Maema Njongmeta,Maema,Maema,Njongmeta
2024,CIN,00-0039638,Lance Robinson,Lance,Lance,Robinson
2024,CIN,00-0039752,Cedric Johnson,Cedric,Cedric,Johnson
2024,CIN,00-0039802,Jaylen Key,Jaylen,Jaylen,Key
2024,CIN,00-0039810,Jermaine Burton,Jermaine,Jermaine,Burton
2024,CIN,00-0039814,Erick All,Erick,Erick,All
2024,CIN,00-0039908,Kris Jenkins,Kris,Kris,Jenkins
2024,CIN,00-0039925,Amarius Mims,Amarius,Amarius,Mims
2024,CLE,00-0028899,Rodney McLeod Jr.,Rodney,Rodney,McLeod
2024,CLE,00-0029008,Charley Hughlett,Robert,Charley,Hughlett
2024,CLE,00-0030098,Dustin Hopkins,Dustin,Dustin,Hopkins
2024,CLE,00-0031270,Shelby Harris,Shelby,Shelby,Harris
2024,CLE,00-0031361,Christian Kirksey,Christian,Christian,Kirksey
2024,CLE,00-0031426,Joel Bitonio,Joel,Joel,Bitonio
2024,CLE,00-0031503,Jameis Winston,Jameis,Jameis,Winston
2024,CLE,00-0031544,Amari Cooper,Amari,Amari,Cooper
2024,CLE,00-0031576,Za'Darius Smith,Za'Darius,Za'Darius,Smith
2024,CLE,00-0032129,Jordan Hicks,Jordan,Jordan,Hicks
2024,CLE,00-0032141,Geoff Swaim,Geoffrey,Geoff,Swaim
2024,CLE,00-0032162,T.Y. McGill,Torrone,T.Y.,McGill
2024,CLE,00-0032384,Germain Ifedi,Germain,Germain,Ifedi
2024,CLE,00-0032416,Quinton Jefferson,Quinton,Quinton,Jefferson
2024,CLE,00-0032528,Justin Murray,Justin,Justin,Murray
2024,CLE,00-0032977,Rashard Higgins,Rashard,Rashard,Higgins
2024,CLE,00-0033057,Jack Conklin,Jack,Jack,Conklin
2024,CLE,00-0033505,Cameron Tom,Cameron,Cameron,Tom
2024,CLE,00-0033537,Deshaun Watson,Derrick,Deshaun,Watson
2024,CLE,00-0033546,Dalvin Tomlinson,Dalvin,Dalvin,Tomlinson
2024,CLE,00-0033770,Justin Hardee,Justin,Justin,Hardee
2024,CLE,00-0033868,Myles Garrett,Myles,Myles,Garrett
2024,CLE,00-0033885,David Njoku,David,David,Njoku
2024,CLE,00-0033901,Ethan Pocic,Ethan,Ethan,Pocic
2024,CLE,00-0033925,D'Onta Foreman,D'Onta,D'Onta,Foreman
2024,CLE,00-0033995,Michael Dunn,Michael,Michael,Dunn
2024,CLE,00-0034364,Jordan Akins,Jordan,Jordan,Akins
2024,CLE,00-0034367,Nyheim Hines,Nyheim,Nyheim,Hines
2024,CLE,00-0034367,Nyheim Hines,Nyheim,Nyheim,Miller-Hines
2024,CLE,00-0034399,Wyatt Teller,William,Wyatt,Teller
2024,CLE,00-0034540,Tony Brown,Tony,Tony,Brown
2024,CLE,00-0034639,Mike Ford,Michael,Mike,Ford
2024,CLE,00-0034721,Corey Bojorquez,Corey,Corey,Bojorquez
2024,CLE,00-0034746,Maurice Hurst,Maurice,Maurice,Hurst
2024,CLE,00-0034791,Nick Chubb,Nicholas,Nick,Chubb
2024,CLE,00-0034804,Brian Allen,Brian,Brian,Allen
2024,CLE,00-0034807,Ogbo Okoronkwo,Ogbonnia,Ogbonnia,Okoronkwo
2024,CLE,00-0034808,John Kelly,John,John,Kelly
2024,CLE,00-0034817,Geron Christian,Geron,Geron,Christian
2024,CLE,00-0034838,Royce Freeman,Royce,Royce,Freeman
2024,CLE,00-0034856,Denzel Ward,Denzel,Denzel,Ward
2024,CLE,00-0035525,Devin Bush,Devin,Devin,Bush
2024,CLE,00-0035625,Juan Thornhill,Juan,Juan,Thornhill
2024,CLE,00-0035956,Giovanni Ricci,Giovanni,Giovanni,Ricci
2024,CLE,00-0036015,Zack Johnson,Zachary,Zack,Johnson
2024,CLE,00-0036133,James Proche,James,James,Proche
2024,CLE,00-0036236,Nick Harris,Nick,Nick,Harris
2024,CLE,00-0036267,Jedrick Wills,Jedrick,Jedrick,Wills
2024,CLE,00-0036282,Grant Delpit,Grant,Grant,Delpit
2024,CLE,00-0036310,Hakeem Adeniji,Hakeem,Hakeem,Adeniji
2024,CLE,00-0036343,Khaleke Hudson,Khaleke,Khaleke,Hudson
2024,CLE,00-0036407,Jerry Jeudy,Jerry,Jerry,Jeudy
2024,CLE,00-0036443,Rex Sunahara,Rex,Rex,Sunahara
2024,CLE,00-0036507,Michael Dwumfour,Michael,Michael,Dwumfour
2024,CLE,00-0036569,Gary Brightwell,Gary,Gary,Brightwell
2024,CLE,00-0036634,Tony Fields II,Tony,Tony,Fields
2024,CLE,00-0036656,Brady Breeze,Brady,Brady,Breeze
2024,CLE,00-0036705,Sam Kamara,Sam,Sam,Kamara
2024,CLE,00-0036764,Tyler Coyle,Tyler,Tyler,Coyle
2024,CLE,00-0036816,Riley Patterson,Riley,Riley,Patterson
2024,CLE,00-0036858,Jalen Camp,Jalen,Jalen,Camp
2024,CLE,00-0036866,James Hudson,James,James,Hudson
2024,CLE,00-0036877,Jaelon Darden,Jaelon,Jaelon,Darden
2024,CLE,00-0036895,Elerson G. Smith,Elerson,Elerson,Smith
2024,CLE,00-0036913,Kadarius Toney,Kadarius,Kadarius,Toney
2024,CLE,00-0036915,Jeremiah Owusu-Koramoah,Jeremiah,Jeremiah,Owusu-Koramoah
2024,CLE,00-0036980,Elijah Moore,Elijah,Elijah,Moore
2024,CLE,00-0036996,Greg Newsome II,Greg,Greg,Newsome
2024,CLE,00-0037006,Wyatt Davis,Wyatt,Wyatt,Davis
2024,CLE,00-0037011,Tre' McKitty,Tre',Tre',McKitty
2024,CLE,00-0037040,Roy Mbaeteka,Roy,Roy,Mbaeteka
2024,CLE,00-0037250,Martin Emerson,Martin,Martin,Emerson
2024,CLE,00-0037251,Alex Wright,Alex,Alex,Wright
2024,CLE,00-0037257,David Bell,David,David,Bell
2024,CLE,00-0037267,Jerome Ford,Jerome,Jerome,Ford
2024,CLE,00-0037300,Mike Woods,Michael,Mike,Woods
2024,CLE,00-0037310,James Houston,James,James,Houston
2024,CLE,00-0037332,D'Anthony Bell,D'Anthony,D'Anthony,Bell
2024,CLE,00-0037340,Zaire Mitchell-Paden,Zaire,Zaire,Mitchell-Paden
2024,CLE,00-0037380,Kaden Davis,Kaden,Kaden,Davis
2024,CLE,00-0037381,Sebastian Gutierrez,Sebastian,Sebastian,Gutierrez
2024,CLE,00-0037499,Luiji Vilain,Luiji,Luiji,Vilain
2024,CLE,00-0037536,Vincent Gray,Vincent,Vincent,Gray
2024,CLE,00-0037815,Cameron Thomas,Cameron,Cameron,Thomas
2024,CLE,00-0038098,Pierre Strong,Pierre,Pierre,Strong
2024,CLE,00-0038108,Bailey Zappe,Bailey,Bailey,Zappe
2024,CLE,00-0038152,Lucas Havrisik,Lucas,Lucas,Havrisik
2024,CLE,00-0038428,Andre Szmyt,Andre,Andre,Szmyt
2024,CLE,00-0038485,Chim Okorafor,Chimemela,Chim,Okorafor
2024,CLE,00-0038494,Trey Dean III,Trey,Trey,Dean
2024,CLE,00-0038499,Caleb Johnson,Caleb,Caleb,Johnson
2024,CLE,00-0038523,Kahlef Hailassie,Kahlef,Kahlef,Hailassie
2024,CLE,00-0038561,Siaki Ika,Siaki,Siaki,Ika
2024,CLE,00-0038564,Cameron Latu,Cameron,Cameron,Latu
2024,CLE,00-0038574,Isaiah McGuire,Isaiah,Isaiah,McGuire
2024,CLE,00-0038583,Dorian Thompson-Robinson,Dorian,Dorian,Thompson-Robinson
2024,CLE,00-0038585,Cameron Mitchell,Cameron,Cameron,Mitchell
2024,CLE,00-0038609,Luke Wypler,Luke,Luke,Wypler
2024,CLE,00-0038710,Blake Whiteheart,Blake,Blake,Whiteheart
2024,CLE,00-0038711,Mohamoud Diabate,Mohamoud,Mohamoud,Diabate
2024,CLE,00-0038715,Ronnie Hickman Jr.,Ronnie,Ronnie,Hickman
2024,CLE,00-0038716,Jeremiah Martin,Jeremiah,Jeremiah,Martin
2024,CLE,00-0038718,Lonnie Phelps,Lonnie,Lonnie,Phelps
2024,CLE,00-0038719,Charlie Thomas,Charlie,Charlie,Thomas
2024,CLE,00-0038776,Ricky Lee,Ricky,Ricky,Lee
2024,CLE,00-0038790,Marcus Haynes,Marcus,Marcus,Haynes
2024,CLE,00-0038815,Brandon Bouyer-Randle,Brandon,Brandon,Bouyer-Randle
2024,CLE,00-0038896,Jacob Saylors,Jacob,Jacob,Saylors
2024,CLE,00-0038979,Cedric Tillman,Cedric,Cedric,Tillman
2024,CLE,00-0039014,Dawand Jones,Dawand,Dawand,Jones
2024,CLE,00-0039224,Marvin Moody,Marvin,Marvin,Moody
2024,CLE,00-0039251,Julian Pearl,Julian,Julian,Pearl
2024,CLE,00-0039350,Zak Zinter,Zak,Zak,Zinter
2024,CLE,00-0039379,Jamari Thrash,Jamari,Jamari,Thrash
2024,CLE,00-0039406,Nathaniel Watson,Nathaniel,Nathaniel,Watson
2024,CLE,00-0039417,Myles Harden,Myles,Myles,Harden
2024,CLE,00-0039429,Michael Barrett,Michael,Michael,Barrett
2024,CLE,00-0039431,Jowon Briggs,Jowon,Jowon,Briggs
2024,CLE,00-0039458,Brenden Bates,Brenden,Brenden,Bates
2024,CLE,00-0039511,Ahmarean Brown,Ahmarean,Ahmarean,Brown
2024,CLE,00-0039512,Javion Cohen,Javion,Javion,Cohen
2024,CLE,00-0039513,Chris Edmonds,Christopher,Chris,Edmonds
2024,CLE,00-0039514,Dyshawn Gales,Dyshawn,Dyshawn,Gales
2024,CLE,00-0039515,Winston Reid,Winston,Winston,Reid
2024,CLE,00-0039516,Aidan Robbins,Aidan,Aidan,Robbins
2024,CLE,00-0039517,Lorenzo Thompson,Lorenzo,Lorenzo,Thompson
2024,CLE,00-0039541,Lideatrick Griffin,Lideatrick,Lideatrick,Griffin
2024,CLE,00-0039617,Jacob Kibodi,Jacob,Jacob,Kibodi
2024,CLE,00-0039659,Jaelen Gill,Jaelen,Jaelen,Gill
2024,CLE,00-0039676,Chigozie Anusiem,Chigozie,Chigozie,Anusiem
2024,CLE,00-0039895,Mike Hall Jr.,Michael,Michael,Hall
2024,CLE,00-0039943,Landon Honeycutt,Landon,Landon,Honeycutt
2024,CLE,00-0039948,Chase Williams,Chase,Chase,Williams
2024,DAL,00-0027885,Linval Joseph,Linval,Linval,Joseph
2024,DAL,00-0029692,Bryan Anger,Bryan,Bryan,Anger
2024,DAL,00-0031236,Brandin Cooks,Brandin,Brandin,Cooks
2024,DAL,00-0031357,C.J. Goodwin,Charaun,C.J.,Goodwin
2024,DAL,00-0031402,Zack Martin,Zachary,Zack,Martin
2024,DAL,00-0031411,Demarcus Lawrence,Demarcus,Demarcus,Lawrence
2024,DAL,00-0031554,Eric Kendricks,Eric-Nathan,Eric,Kendricks
2024,DAL,00-0031557,Jordan Phillips,Jordan,Jordan,Phillips
2024,DAL,00-0031938,Carl Davis,Carl,Carl,Davis
2024,DAL,00-0032215,Damien Wilson,Damien,Damien,Wilson
2024,DAL,00-0032892,Nick Vigil,Nicholas,Nick,Vigil
2024,DAL,00-0033045,Ezekiel Elliott,Ezekiel,Ezekiel,Elliott
2024,DAL,00-0033077,Dak Prescott,Rayne,Dak,Prescott
2024,DAL,00-0033463,Carl Lawson,Carl,Carl,Lawson
2024,DAL,00-0033563,Carlos Watkins,Carlos,Carlos,Watkins
2024,DAL,00-0033662,Cooper Rush,Cooper,Cooper,Rush
2024,DAL,00-0033877,Malik Hooker,Malik,Malik,Hooker
2024,DAL,00-0033893,Dalvin Cook,Dalvin,Dalvin,Cook
2024,DAL,00-0033928,Jourdan Lewis,Jourdan,Jourdan,Lewis
2024,DAL,00-0033964,Al-Quadin Muhammad,Al-Quadin,Al-Quadin,Muhammad
2024,DAL,00-0034198,Trent Sieg,Trent,Trent,Sieg
2024,DAL,00-0034229,Dakoda Shepley,Dakoda,Dakoda,Shepley
2024,DAL,00-0034515,Dee Delaney,DeVonta',Dee,Delaney
2024,DAL,00-0034653,Deontay Burnett,Deontay,Deontay,Burnett
2024,DAL,00-0034838,Royce Freeman,Royce,Royce,Freeman
2024,DAL,00-0035157,Darius Harris,Darius,Darius,Harris
2024,DAL,00-0035177,Willie Harvey,Willie,Willie,Harvey
2024,DAL,00-0035179,Jalen Dalton,Jalen,Jalen,Dalton
2024,DAL,00-0035251,Will Grier,Will,Will,Grier
2024,DAL,00-0035270,Amani Oruwariye,Amani,Amani,Oruwariye
2024,DAL,00-0035297,Kelvin Harmon,Kelvin,Kelvin,Harmon
2024,DAL,00-0035301,Donovan Wilson,Donovan,Donovan,Wilson
2024,DAL,00-0035455,Albert Huggins,Albert,Albert,Huggins
2024,DAL,00-0035457,Tyron Johnson,Tyron,Tyron,Johnson
2024,DAL,00-0035542,Kemon Hall,Kemon,Kemon,Hall
2024,DAL,00-0035698,Chuma Edoga,Chuma,Chuma,Edoga
2024,DAL,00-0035930,Cohl Cabral,Cohl,Cohl,Cabral
2024,DAL,00-0036036,Terence Steele,Terence,Terence,Steele
2024,DAL,00-0036101,Luq Barcoo,Luqman,Luq,Barcoo
2024,DAL,00-0036139,Rico Dowdle,Rico,Rico,Dowdle
2024,DAL,00-0036299,Troy Pride,Troy,Troy,Pride
2024,DAL,00-0036358,CeeDee Lamb,Cedarian,CeeDee,Lamb
2024,DAL,00-0036361,Trevon Diggs,Trevon,Trevon,Diggs
2024,DAL,00-0036576,Phil Hoskins,Phil,Phil,Hoskins
2024,DAL,00-0036577,Jack Anderson,Jack,Jack,Anderson
2024,DAL,00-0036652,Racey McMath,Racey,Racey,McMath
2024,DAL,00-0036657,Seth Williams,Seth,Seth,Williams
2024,DAL,00-0036661,Israel Mukuamu,Israel,Israel,Mukuamu
2024,DAL,00-0036855,Earnest Brown IV,Earnest,Earnest,Brown
2024,DAL,00-0036870,Buddy Johnson,Buddy,Buddy,Johnson
2024,DAL,00-0036886,Josh Ball,Josh,Josh,Ball
2024,DAL,00-0036932,Micah Parsons,Micah,Micah,Parsons
2024,DAL,00-0036942,Osa Odighizuwa,Osa,Osa,Odighizuwa
2024,DAL,00-0036982,Chauncey Golston,Chauncey,Chauncey,Golston
2024,DAL,00-0037012,Trey Lance,Trey,Trey,Lance
2024,DAL,00-0037243,Tyler Smith,Tyler,Tyler,Smith
2024,DAL,00-0037265,Snoop Conner,Jarod,Snoop,Conner
2024,DAL,00-0037266,Matt Waletzko,Matt,Matt,Waletzko
2024,DAL,00-0037275,DaRon Bland,Daron,Daron,Bland
2024,DAL,00-0037281,Damone Clark,Damone,Damone,Clark
2024,DAL,00-0037336,Brock Hoffman,Brock,Brock,Hoffman
2024,DAL,00-0037499,Luiji Vilain,Luiji,Luiji,Vilain
2024,DAL,00-0037561,Markquese Bell,Markquese,Markquese,Bell
2024,DAL,00-0037563,Malik Davis,Malik,Malik,Davis
2024,DAL,00-0037578,Juanyeh Thomas,Juanyeh,Juanyeh,Thomas
2024,DAL,00-0037665,Sam Williams,Sam,Sam,Williams
2024,DAL,00-0037666,Jalen Tolbert,Jalen,Jalen,Tolbert
2024,DAL,00-0037692,Brandon Aubrey,Brandon,Brandon,Aubrey
2024,DAL,00-0037801,KaVontae Turpin,Kavontae,Kavontae,Turpin
2024,DAL,00-0038041,Jake Ferguson,Jake,Jake,Ferguson
2024,DAL,00-0038130,Andrew Booth,Andrew,Andrew,Booth
2024,DAL,00-0038348,Josh Butler,Josh,Josh,Butler
2024,DAL,00-0038545,Mazi Smith,Mazi,Mazi,Smith
2024,DAL,00-0038547,Luke Schoonmaker,Luke,Luke,Schoonmaker
2024,DAL,00-0038556,DeMarvion Overshown,DeMarvion,DeMarvion,Overshown
2024,DAL,00-0038575,Viliami Fehoko,Viliami,Viliami,Fehoko
2024,DAL,00-0038581,KJ Henry,K.J.,K.J.,Henry
2024,DAL,00-0038601,Asim Richards,Asim,Asim,Richards
2024,DAL,00-0038622,Deuce Vaughn,Christopher,Deuce,Vaughn
2024,DAL,00-0038640,Jalen Brooks,Jalen,Jalen,Brooks
2024,DAL,00-0038731,TJ Bass,T.J.,T.J.,Bass
2024,DAL,00-0038732,Earl Bostick Jr.,Earl,Earl,Bostick
2024,DAL,00-0038734,David Durden,David,David,Durden
2024,DAL,00-0038735,Princeton Fant,Princeton,Princeton,Fant
2024,DAL,00-0038736,Durrell Johnson,Durrell,Durrell,Johnson
2024,DAL,00-0038738,Hunter Luepke,Hunter,Hunter,Luepke
2024,DAL,00-0038740,Jalen Moreno-Cropper,Jalen,Jalen,Moreno-Cropper
2024,DAL,00-0038741,John Stephens Jr.,John,John,Stephens
2024,DAL,00-0038742,Tyrus Wheat,Tyrus,Tyrus,Wheat
2024,DAL,00-0039010,Braeden Daniels,Braeden,Braeden,Daniels
2024,DAL,00-0039062,Jonathan Mingo,Jonathan,Jonathan,Mingo
2024,DAL,00-0039341,Tyler Guyton,Tyler,Tyler,Guyton
2024,DAL,00-0039348,Cooper Beebe,Cooper,Cooper,Beebe
2024,DAL,00-0039352,Marist Liufau,Marist,Marist,Liufau
2024,DAL,00-0039387,Caelen Carson,Caelen,Caelen,Carson
2024,DAL,00-0039410,Ryan Flournoy,Ryan,Ryan,Flournoy
2024,DAL,00-0039422,Nathan Thomas,Nathan,Nathan,Thomas
2024,DAL,00-0039432,Justin Rogers,Justin,Justin,Rogers
2024,DAL,00-0039522,Corey Crooms,Corey,Corey,Crooms
2024,DAL,00-0039523,Josh DeBerry,Josh,Josh,DeBerry
2024,DAL,00-0039524,Alec Holler,Alec,Alec,Holler
2024,DAL,00-0039525,Cam Johnson,Cam,Cam,Johnson
2024,DAL,00-0039526,Emany Johnson,Emany,Emany,Johnson
2024,DAL,00-0039527,Jason Johnson,Jason,Jason,Johnson
2024,DAL,00-0039528,Brock Mogensen,Brock,Brock,Mogensen
2024,DAL,00-0039529,Nathaniel Peat,Nathaniel,Nathaniel,Peat
2024,DAL,00-0039530,Brevyn Spann-Ford,Brevyn,Brevyn,Spann-Ford
2024,DAL,00-0039531,Byron Vaughns,Byron,Byron,Vaughns
2024,DAL,00-0039900,Marshawn Kneeland,Marshawn,Marshawn,Kneeland
2024,DAL,00-0039935,Denzel Daxon,Denzel,Denzel,Daxon
2024,DEN,00-0031067,Cameron Fleming,Cameron,Cameron,Fleming
2024,DEN,00-0031595,Michael Burton,Michael,Michael,Burton
2024,DEN,00-0031898,Alex Singleton,Alex,Alex,Singleton
2024,DEN,00-0032107,Angelo Blackson,Angelo,Angelo,Blackson
2024,DEN,00-0032109,Kwon Alexander,Shanderious,Kwon,Alexander
2024,DEN,00-0032208,Phillip Dorsett,Phillip,Phillip,Dorsett
2024,DEN,00-0032569,Wil Lutz,William,Wil,Lutz
2024,DEN,00-0032943,Riley Dixon,Riley,Riley,Dixon
2024,DEN,00-0033297,D.J. Jones,David,D.J.,Jones
2024,DEN,00-0033538,Garett Bolles,Garett,Garett,Bolles
2024,DEN,00-0033547,Zach Cunningham,Zachary,Zach,Cunningham
2024,DEN,00-0033943,Josh Reynolds,Joshua Dedmon-Reynolds,Josh,Reynolds
2024,DEN,00-0034278,Tremon Smith,Tremon,Tremon,Smith
2024,DEN,00-0034348,Courtland Sutton,Courtland,Courtland,Sutton
2024,DEN,00-0034430,Andre Smith,Andre,Andre,Smith
2024,DEN,00-0034514,Levi Wallace,Levi,Levi,Wallace
2024,DEN,00-0034805,John Franklin-Myers,John Franklin-Myers,John,Franklin-Myers
2024,DEN,00-0034847,Mike McGlinchey,Mike,Mike,McGlinchey
2024,DEN,00-0034929,Quinn Bailey,Quinn,Quinn,Bailey
2024,DEN,00-0034978,Ben Powers,Bennett,Ben,Powers
2024,DEN,00-0035227,P.J. Locke,James,P.J.,Locke
2024,DEN,00-0035248,Zach Allen,Zachary,Zach,Allen
2024,DEN,00-0035264,Jarrett Stidham,Jarrett,Jarrett,Stidham
2024,DEN,00-0035329,Donald Parham,Donald,Donald,Parham
2024,DEN,00-0035359,David Sills,David,David,Sills
2024,DEN,00-0035406,Lil'Jordan Humphrey,Lil'Jordan,Lil'Jordan,Humphrey
2024,DEN,00-0035672,Cody Barton,Cody,Cody,Barton
2024,DEN,00-0035763,Malcolm Roach,Malcolm,Malcolm,Roach
2024,DEN,00-0035764,Calvin Throckmorton,Calvin,Calvin,Throckmorton
2024,DEN,00-0035804,Jonas Griffith,Jonas,Jonas,Griffith
2024,DEN,00-0036020,Salvon Ahmed,Salvon,Salvon,Ahmed
2024,DEN,00-0036157,Kristian Welch,Kristian,Kristian,Welch
2024,DEN,00-0036202,Dieter Eiselen,Dieter,Dieter,Eiselen
2024,DEN,00-0036221,Brandon Jones,Brandon,Brandon,Jones
2024,DEN,00-0036392,Matt Peart,Matthew,Matt,Peart
2024,DEN,00-0036422,Adam Trautman,Adam,Adam,Trautman
2024,DEN,00-0036428,Justin Strnad,Justin,Justin,Strnad
2024,DEN,00-0036535,Will Sherman,William,William,Sherman
2024,DEN,00-0036683,Devon Key,Devon,Devon,Key
2024,DEN,00-0036779,Hunter Kampmoyer,Hunter,Hunter,Kampmoyer
2024,DEN,00-0036874,Pat Surtain II,Patrick,Patrick,Surtain
2024,DEN,00-0036943,Mitchell Fraboni,Mitchell,Mitchell,Fraboni
2024,DEN,00-0036952,Jonathon Cooper,Jonathon,Jonathon,Cooper
2024,DEN,00-0036959,Michael Bandy,Michael,Michael,Bandy
2024,DEN,00-0036978,Ronnie Perkins,Ronnie,Ronnie,Perkins
2024,DEN,00-0036995,Baron Browning,Baron,Baron,Browning
2024,DEN,00-0036997,Javonte Williams,Javonte,Javonte,Williams
2024,DEN,00-0037001,Quinn Meinerz,Quinn,Quinn,Meinerz
2024,DEN,00-0037013,Zach Wilson,Zachary,Zach,Wilson
2024,DEN,00-0037085,Tyler Badie,Tyler,Tyler,Badie
2024,DEN,00-0037097,Trenton Gill,Trenton,Trenton,Gill
2024,DEN,00-0037249,Nik Bonitto,Nik,Nik,Bonitto
2024,DEN,00-0037252,Greg Dulcich,Greg,Greg,Dulcich
2024,DEN,00-0037264,Delarrin Turner-Yell,Delarrin,Delarrin,Turner-Yell
2024,DEN,00-0037278,Luke Wattenberg,Luke,Luke,Wattenberg
2024,DEN,00-0037294,Jordan Jackson,Jordan,Jordan,Jackson
2024,DEN,00-0037303,Matt Henningsen,Matt,Matt,Henningsen
2024,DEN,00-0037380,Kaden Davis,Kaden,Kaden,Davis
2024,DEN,00-0037384,Ja'Quan McMillian,Ja'Quan,Ja'Quan,McMillian
2024,DEN,00-0037539,Lucas Krull,Lucas,Lucas,Krull
2024,DEN,00-0037799,Dondrea Tillman,Dondrea,Dondrea,Tillman
2024,DEN,00-0038105,Damarri Mathis,Damarri,Damarri,Mathis
2024,DEN,00-0038106,Eyioma Uwazurike,Eyioma,Eyioma,Uwazurike
2024,DEN,00-0038521,Reese Taylor,Reese,Reese,Taylor
2024,DEN,00-0038552,Riley Moss,Riley,Riley,Moss
2024,DEN,00-0038605,JL Skinner,J.L.,J.L.,Skinner
2024,DEN,00-0038612,A.T. Perry,Atorian,A.T.,Perry
2024,DEN,00-0038649,Alex Forsyth,Alex,Alex,Forsyth
2024,DEN,00-0038668,Kaleb Hayes,Kaleb,Kaleb,Hayes
2024,DEN,00-0038696,Keidron Smith,Keidron,Keidron,Smith
2024,DEN,00-0038717,Tanner McCalister,Tanner,Tanner,McCalister
2024,DEN,00-0038783,Nate Adkins,Nate,Nate,Adkins
2024,DEN,00-0038794,Jaleel McLaughlin,Jaleel,Jaleel,McLaughlin
2024,DEN,00-0038796,Alex Palczewski,Alex,Alex,Palczewski
2024,DEN,00-0038865,Andrew Farmer,Andrew,Andrew,Farmer
2024,DEN,00-0038976,Marvin Mims Jr.,Marvin,Marvin,Mims
2024,DEN,00-0039003,Drew Sanders,Drew,Drew,Sanders
2024,DEN,00-0039207,Durell Nchami,Durell,Durell,Nchami
2024,DEN,00-0039371,Kris Abrams-Draine,Kris,Kris,Abrams-Draine
2024,DEN,00-0039373,Audric Estimé,Audric,Audric,Estime
2024,DEN,00-0039424,Devaughn Vele,Devaughn,Devaughn,Vele
2024,DEN,00-0039438,Nick Gargiulo,Nick,Nick,Gargiulo
2024,DEN,00-0039564,Jaylon Allen,Jaylon,Jaylon,Allen
2024,DEN,00-0039565,Levelle Bailey,Levelle,Levelle,Bailey
2024,DEN,00-0039568,Frank Crum,Frank,Frank,Crum
2024,DEN,00-0039570,Jordan Miller,Jordan,Jordan,Miller
2024,DEN,00-0039571,Alec Mock,Alec,Alec,Mock
2024,DEN,00-0039573,Blake Watson,Blake,Blake,Watson
2024,DEN,00-0039574,Dylan Leonard,Dylan,Dylan,Leonard
2024,DEN,00-0039705,K.J. Cloyd,Kevon,K.J.,Cloyd
2024,DEN,00-0039732,Bo Nix,Bo,Bo,Nix
2024,DEN,00-0039767,Quinton Newsome,Quinton,Quinton,Newsome
2024,DEN,00-0039809,Jonah Elliss,Jonah,Jonah,Elliss
2024,DEN,00-0039868,Troy Franklin,Troy,Troy,Franklin
2024,DEN,00-0039936,Thomas Yassmin,Thomas,Thomas,Yassmin
2024,DEN,00-0039939,Oliver Jervis,Oliver,Oliver,Jervis
2024,DET,00-0029592,Kevin Zeitler,Kevin,Kevin,Zeitler
2024,DET,00-0031237,Teddy Bridgewater,Theodore,Teddy,Bridgewater
2024,DET,00-0031428,Allen Robinson,Allen,Allen,Robinson
2024,DET,00-0031576,Za'Darius Smith,Za'Darius,Za'Darius,Smith
2024,DET,00-0032109,Kwon Alexander,Shanderious,Kwon,Alexander
2024,DET,00-0032381,Taylor Decker,Taylor,Taylor,Decker
2024,DET,00-0032395,Graham Glasgow,Graham,Graham,Glasgow
2024,DET,00-0032424,D.J. Reader,David,D.J.,Reader
2024,DET,00-0032463,Kyle Peko,Kyle,Kyle,Peko
2024,DET,00-0032464,Kalif Raymond,Kalif,Kalif,Raymond
2024,DET,00-0032792,Nate Sudfeld,Nathan,Nate,Sudfeld
2024,DET,00-0033106,Jared Goff,Jared,Jared,Goff
2024,DET,00-0033375,Tim Patrick,Tim,Tim,Patrick
2024,DET,00-0033557,Jalen Reeves-Maybin,Jalen,Jalen,Reeves-Maybin
2024,DET,00-0033595,Pat O'Connor,Patrick,Pat,O'Connor
2024,DET,00-0033863,Dan Skipper,Daniel,Dan,Skipper
2024,DET,00-0033872,Jamal Adams,Jamal,Jamal,Adams
2024,DET,00-0033914,Alex Anzalone,Alex,Alex,Anzalone
2024,DET,00-0033964,Al-Quadin Muhammad,Al-Quadin,Al-Quadin,Muhammad
2024,DET,00-0034084,Mike Badgley,Michael,Michael,Badgley
2024,DET,00-0034096,Emmanuel Moseley,Emmanuel,Emmanuel,Moseley
2024,DET,00-0034296,Ben Niemann,Ben,Ben,Niemann
2024,DET,00-0034310,Craig James,Craig,Craig,James
2024,DET,00-0034344,Marcus Davenport,Marcus,Marcus,Davenport
2024,DET,00-0034345,Frank Ragnow,Frank,Frank,Ragnow
2024,DET,00-0034372,Joel Iyiegbuniwe,Joel,Joel,Iyiegbuniwe
2024,DET,00-0034395,Daurice Fountain,Daurice,Daurice,Fountain
2024,DET,00-0034450,Greg Joseph,Gregory,Greg,Joseph
2024,DET,00-0034479,Matt McCrane,Matthew,Matthew,McCrane
2024,DET,00-0034490,Ezekiel Turner,Ezekiel,Ezekiel,Turner
2024,DET,00-0034729,Jamarco Jones,Jamarco,Jamarco,Jones
2024,DET,00-0034765,Tre'Quan Smith,Tre'Quan,Tre'Quan,Smith
2024,DET,00-0034778,Carlton Davis,Carlton,Carlton,Davis
2024,DET,00-0035063,Matt Betts,Mathieu,Mathieu,Betts
2024,DET,00-0035156,Jack Fox,John,Jack,Fox
2024,DET,00-0035265,John Cominsky,John,John,Cominsky
2024,DET,00-0035292,David Long Jr.,David,David,Long
2024,DET,00-0035327,C.J. Moore,Calvin,C.J.,Moore
2024,DET,00-0035330,Anthony Pittman,Anthony,Anthony,Pittman
2024,DET,00-0035544,Tom Kennedy,Thomas,Tom,Kennedy
2024,DET,00-0035567,Craig Reynolds,Craig,Craig,Reynolds
2024,DET,00-0035572,Parker Hesse,Parker,Parker,Hesse
2024,DET,00-0035685,David Montgomery,David,David,Montgomery
2024,DET,00-0035862,Essang Bassey,Essang,Essang,Bassey
2024,DET,00-0035944,Jonah Williams,Jonah,Jonah,Williams
2024,DET,00-0035946,Myles Adams,Myles,Myles,Adams
2024,DET,00-0036045,Cam Gill,Cameron,Cam,Gill
2024,DET,00-0036124,Khalil Dorsey,Khalil,Khalil,Dorsey
2024,DET,00-0036149,Javelin Guidry,Javelin,Javelin,Guidry
2024,DET,00-0036197,Jake Fromm,William,Jake,Fromm
2024,DET,00-0036233,Donovan Peoples-Jones,Donovan,Donovan,Peoples-Jones
2024,DET,00-0036307,Kindle Vildor,Kindle,Kindle,Vildor
2024,DET,00-0036315,Stantley Thomas-Oliver,Stantley,Stantley,Thomas-Oliver
2024,DET,00-0036375,Amik Robertson,Amik,Amik,Robertson
2024,DET,00-0036399,Netane Muti,Netane,Netane,Muti
2024,DET,00-0036447,David Bada,David,David,Bada
2024,DET,00-0036534,Shane Zylstra,Shane,Shane,Zylstra
2024,DET,00-0036573,Rachad Wildgoose,Rachad,Rachad,Wildgoose
2024,DET,00-0036609,Jake Burton,Jacob,Jake,Burton
2024,DET,00-0036624,Alim McNeill,Alim,Alim,McNeill
2024,DET,00-0036663,Matt Farniok,Matt,Matt,Farniok
2024,DET,00-0036670,Jermar Jefferson,Jermar,Jermar,Jefferson
2024,DET,00-0036736,Kayode Awosika,Kayode,Kayode,Awosika
2024,DET,00-0036754,Brock Wright,Brock,Brock,Wright
2024,DET,00-0036860,Jake Funk,Jake,Jake,Funk
2024,DET,00-0036880,Penei Sewell,Penei,Penei,Sewell
2024,DET,00-0036954,Levi Onwuzurike,Levi,Levi,Onwuzurike
2024,DET,00-0036963,Amon-Ra St. Brown,Amon-Ra,Amon-Ra,St. Brown
2024,DET,00-0036964,Derrick Barnes,Derrick,Derrick,Barnes
2024,DET,00-0036993,Ifeatu Melifonwu,Ifeatu,Ifeatu,Melifonwu
2024,DET,00-0037157,Bam Knight,Zonovan,Zonovan,Knight
2024,DET,00-0037236,Aidan Hutchinson,Aidan,Aidan,Hutchinson
2024,DET,00-0037240,Jameson Williams,Jameson,Jameson,Williams
2024,DET,00-0037282,James Mitchell,James,James,Mitchell
2024,DET,00-0037289,Malcolm Rodriguez,Malcolm,Malcolm,Rodriguez
2024,DET,00-0037310,James Houston,James,James,Houston
2024,DET,00-0037314,Isaiah Thomas,Isaiah,Isaiah,Thomas
2024,DET,00-0037380,Kaden Davis,Kaden,Kaden,Davis
2024,DET,00-0037385,Michael Niese,Michael,Michael,Niese
2024,DET,00-0037667,Kerby Joseph,Kerby,Kerby,Joseph
2024,DET,00-0037708,Maurice Alexander,Maurice,Maurice,Alexander
2024,DET,00-0038096,Joshua Paschal,Joshua,Josh,Paschal
2024,DET,00-0038550,Hendon Hooker,Hendon,Hendon,Hooker
2024,DET,00-0038592,Colby Sorsdal,Colby,Colby,Sorsdal
2024,DET,00-0038620,Erick Hallett,Erick,Erick,Hallett
2024,DET,00-0038627,Antoine Green,Antoine,Antoine,Green
2024,DET,00-0038654,Connor Galvin,Connor,Connor,Galvin
2024,DET,00-0038655,Steven Gilmore,Steven,Steven,Gilmore
2024,DET,00-0038657,Brandon Joseph,Brandon,Brandon,Joseph
2024,DET,00-0038660,Trevor Nowaske,Trevor,Trevor,Nowaske
2024,DET,00-0038661,Chris Smith,Chris,Chris,Smith
2024,DET,00-0038682,Mitchell Agude,Mitchell,Mitchell,Agude
2024,DET,00-0038800,Abraham Beauplan,Abraham,Abraham,Beauplan
2024,DET,00-0038823,Kaevon Merriweather,Kaevon,Kaevon,Merriweather
2024,DET,00-0038939,Brodric Martin,Brodric,Brodric,Martin
2024,DET,00-0039018,Jack Campbell,Jack,Jack,Campbell
2024,DET,00-0039065,Sam LaPorta,Sam,Sam,LaPorta
2024,DET,00-0039139,Jahmyr Gibbs,Jahmyr,Jahmyr,Gibbs
2024,DET,00-0039141,Brian Branch,Brian,Brian,Branch
2024,DET,00-0039172,Jake Bates,Jacob,Jake,Bates
2024,DET,00-0039362,Giovanni Manu,Giovanni,Giovanni,Manu
2024,DET,00-0039364,Sione Vaki,Sione,Sione,Vaki
2024,DET,00-0039396,Mekhi Wingo,Mekhi,Mekhi,Wingo
2024,DET,00-0039408,Christian Mahogany,Christian,Christian,Mahogany
2024,DET,00-0039439,Jalon Calhoun,Jalon,Jalon,Calhoun
2024,DET,00-0039441,Duke Clemens,Duke,Duke,Clemens
2024,DET,00-0039442,Kingsley Eguakun,Kingsley,Kingsley,Eguakun
2024,DET,00-0039443,Chelen Garnes,Chelen,Chelen,Garnes
2024,DET,00-0039444,DaRon Gilbert,Daron,DaRon,Gilbert
2024,DET,00-0039445,Hogan Hatten,Hogan,Hogan,Hatten
2024,DET,00-0039447,Nate Lynn,Nate,Nate,Lynn
2024,DET,00-0039448,Loren Strickland,Loren,Loren,Strickland
2024,DET,00-0039449,James Turner,James,James,Turner
2024,DET,00-0039450,Isaac Ukwu,Isaac,Isaac,Ukwu
2024,DET,00-0039451,Isaiah Williams,Isaiah,Isaiah,Williams
2024,DET,00-0039453,Morice Norris,Morice,Morice,Norris
2024,DET,00-0039453,Morice Norris Jr.,Morice,Morice,Norris
2024,DET,00-0039862,Ennis Rakestraw Jr.,Ennis,Ennis,Rakestraw
2024,DET,00-0039903,Terrion Arnold,Terrion,Terrion,Arnold
2024,GB,00-0029822,Brandon McManus,Brandon,Brandon,McManus
2024,GB,00-0031935,Preston Smith,Preston,Preston,Smith
2024,GB,00-0033120,Kenny Clark,Kenneth,Kenny,Clark
2024,GB,00-0033336,Eric Wilson,Eric,Eric,Wilson
2024,GB,00-0034450,Greg Joseph,Gregory,Greg,Joseph
2024,GB,00-0034728,Jaire Alexander,Jaire,Jaire,Alexander
2024,GB,00-0034732,Alex McGough,Alexander,Alex,McGough
2024,GB,00-0034959,Andrew Beck,Andrew,Andrew,Beck
2024,GB,00-0034967,Rashan Gary,Rashan,Rashan,Gary
2024,GB,00-0035118,Matthew Orzech,Matt,Matt,Orzech
2024,GB,00-0035133,Keisean Nixon,Keisean,Keisean,Nixon
2024,GB,00-0035233,Andre Dillard,Andre,Andre,Dillard
2024,GB,00-0035266,Mike Jordan,Michael,Michael,Jordan
2024,GB,00-0035526,Elgton Jenkins,Elgton,Elgton,Jenkins
2024,GB,00-0035633,Corey Ballentine,Corey,Corey,Ballentine
2024,GB,00-0035700,Josh Jacobs,Joshua,Josh,Jacobs
2024,GB,00-0036250,Tyler Davis,Tyler,Tyler,Davis
2024,GB,00-0036264,Jordan Love,Jordan,Jordan,Love
2024,GB,00-0036265,AJ Dillon,Algiers,A.J.,Dillon
2024,GB,00-0036269,La'Mical Perine,La'Mical,La'Mical,Perine
2024,GB,00-0036388,Xavier McKinney,Xavier,Xavier,McKinney
2024,GB,00-0036582,Nate McCrary,Nate,Nate,McCrary
2024,GB,00-0036614,Jamin Davis,Jamin,Jamin,Davis
2024,GB,00-0036622,Josh Myers,Josh,Josh,Myers
2024,GB,00-0036642,Tedarrell Slaton,Tedarrell,Tedarrell,Slaton
2024,GB,00-0036658,Isaiah McDuffie,Stevenson,Isaiah,McDuffie
2024,GB,00-0036677,Zayne Anderson,Zayne,Zayne,Anderson
2024,GB,00-0036901,Eric Stokes,Eric,Eric,Stokes
2024,GB,00-0036904,Robert Rochell,Robert,Robert,Rochell
2024,GB,00-0037074,Quay Walker,Quay,Quay,Walker
2024,GB,00-0037075,Devonte Wyatt,Devonte,Devonte,Wyatt
2024,GB,00-0037076,Sean Rhyan,Sean,Sean,Rhyan
2024,GB,00-0037083,Kingsley Enagbare,Kingsley,Kingsley,Enagbare
2024,GB,00-0037091,Bo Melton,Bo,Bo,Melton
2024,GB,00-0037094,Jonathan Ford,Jonathan,Jonathan,Ford
2024,GB,00-0037196,Rasheed Walker,Rasheed,Rasheed,Walker
2024,GB,00-0037306,John FitzPatrick,John,John,FitzPatrick
2024,GB,00-0037308,Lecitus Smith,Lecitus,Lecitus,Smith
2024,GB,00-0037364,Arron Mosby,Arron,Arron,Mosby
2024,GB,00-0037547,Daniel Whelan,Daniel,Daniel,Whelan
2024,GB,00-0037748,Marquis Hayes,Marquis,Marquis,Hayes
2024,GB,00-0037816,Romeo Doubs,Romeo,Romeo,Doubs
2024,GB,00-0037817,Zach Tom,Zach,Zach,Tom
2024,GB,00-0038124,Christian Watson,Christian,Christian,Watson
2024,GB,00-0038128,Malik Willis,Malik,Malik,Willis
2024,GB,00-0038309,Keonte Schad,Keonte,Keonte,Schad
2024,GB,00-0038387,Colby Wooden,Colby,Colby,Wooden
2024,GB,00-0038391,Sean Clifford,Sean,Sean,Clifford
2024,GB,00-0038393,Dontayvion Wicks,Dontayvion,Dontayvion,Wicks
2024,GB,00-0038398,Karl Brooks,Karl,Karl,Brooks
2024,GB,00-0038402,Anders Carlson,Anders,Anders,Carlson
2024,GB,00-0038408,Carrington Valentine,Carrington,Carrington,Valentine
2024,GB,00-0038462,Keshawn Banks,Keshawn,Keshawn,Banks
2024,GB,00-0038463,Brenton Cox Jr.,Brenton,Brenton,Cox
2024,GB,00-0038465,Malik Heath,Malik,Malik,Heath
2024,GB,00-0038468,Henry Pearson,Henry,Henry,Pearson
2024,GB,00-0038470,Benny Sapp III,Benny,Benny,Sapp
2024,GB,00-0038471,Kadeem Telfort,Kadeem,Kadeem,Telfort
2024,GB,00-0038478,Gemon Green,Gemon,Gemon,Green
2024,GB,00-0038491,Deslin Alexandre,Deslin,Deslin,Alexandre
2024,GB,00-0038502,T.J. Luther,Tyreece,T.J.,Luther
2024,GB,00-0038659,Zach Morton,Zach,Zach,Morton
2024,GB,00-0038681,Jalen Wayne,Jalen,Jalen,Wayne
2024,GB,00-0038685,Chris Brooks,Christopher,Christopher,Brooks
2024,GB,00-0038716,Jeremiah Martin,Jeremiah,Jeremiah,Martin
2024,GB,00-0038773,Christian Young,Christian,Christian,Young
2024,GB,00-0038797,Emanuel Wilson,Emanuel,Emanuel,Wilson
2024,GB,00-0038806,Malik Knowles,Malik,Malik,Knowles
2024,GB,00-0038808,Jack Podlesny,Jack,Jack,Podlesny
2024,GB,00-0038809,Ben Sims,Ben,Ben,Sims
2024,GB,00-0038882,Spencer Waege,Spencer,Spencer,Waege
2024,GB,00-0038913,Johnny Lumpkin,Johnny,Johnny,Lumpkin
2024,GB,00-0038960,LJ Davis,Alonzo,Alonzo,Davis
2024,GB,00-0038965,Ellis Merriweather,Ellis,Ellis,Merriweather
2024,GB,00-0038996,Tucker Kraft,Tucker,Tucker,Kraft
2024,GB,00-0039023,Joel Wilson,Joel,Joel,Wilson
2024,GB,00-0039112,Lukas Van Ness,Lukas,Lukas,Van Ness
2024,GB,00-0039144,Luke Musgrave,Luke,Luke,Musgrave
2024,GB,00-0039146,Jayden Reed,Jayden,Jayden,Reed
2024,GB,00-0039239,Kalen King,Kalen,Kalen,King
2024,GB,00-0039268,Peter Bowden,Peter,Peter,Bowden
2024,GB,00-0039269,James Ester,James,James,Ester
2024,GB,00-0039270,Ralen Goforth,Ralen,Ralen,Goforth
2024,GB,00-0039271,Jarveon Howard,Jarveon,Jarveon,Howard
2024,GB,00-0039272,Donovan Jennings,Donovan,Donovan,Jennings
2024,GB,00-0039273,Trente Jones,Trente,Trente,Jones
2024,GB,00-0039275,Messiah Swinson,Messiah,Messiah,Swinson
2024,GB,00-0039329,Julian Hicks,Julian,Julian,Hicks
2024,GB,00-0039330,Dimitri Stanley,Dimitri,Dimitri,Stanley
2024,GB,00-0039429,Michael Barrett,Michael,Michael,Barrett
2024,GB,00-0039437,Cornelius Johnson,Cornelius,Cornelius,Johnson
2024,GB,00-0039566,Omar Brown,Omar,Omar,Brown
2024,GB,00-0039649,Brayden Narveson,Brayden,Brayden,Narveson
2024,GB,00-0039687,DeShaun Fenwick,Deshaun,Deshaun,Fenwick
2024,GB,00-0039719,Spencer Rolland,Spencer,Spencer,Rolland
2024,GB,00-0039811,MarShawn Lloyd,MarShawn,MarShawn,Lloyd
2024,GB,00-0039812,Ty'Ron Hopper,Ty'Ron,Ty'Ron,Hopper
2024,GB,00-0039813,Evan Williams,Evan,Evan,Williams
2024,GB,00-0039817,Jacob Monk,Jacob,Jacob,Monk
2024,GB,00-0039818,Kitan Oladapo,Kitan,Kitan,Oladapo
2024,GB,00-0039819,Travis Glover,Travis,Travis,Glover
2024,GB,00-0039831,Kamal Hadden,Kamal,Kamal,Hadden
2024,GB,00-0039850,Edgerrin Cooper,Edgerrin,Edgerrin,Cooper
2024,GB,00-0039867,Javon Bullard,Javon,Javon,Bullard
2024,GB,00-0039904,Jordan Morgan,Jordan,Jordan,Morgan
2024,GB,00-0039945,Alex Hale,Alex,Alex,Hale
2024,GB,00-0039950,Chris Russell,Chris,Chris,Russell
2024,HOU,00-0027224,Jon Weeks,Jonathan,Jonathan,Weeks
2024,HOU,00-0027881,Jerry Hughes,Jerry,Jerry,Hughes
2024,HOU,00-0028986,Case Keenum,Casey,Case,Keenum
2024,HOU,00-0030431,Robert Woods,Robert,Robert,Woods
2024,HOU,00-0031254,Denico Autry,Denico,Denico,Autry
2024,HOU,00-0031298,Jimmie Ward,Jimmie,Jimmie,Ward
2024,HOU,00-0031565,Danielle Hunter,Danielle,Danielle,Hunter
2024,HOU,00-0031580,Shaq Mason,Shaquille,Shaquille,Mason
2024,HOU,00-0031588,Stefon Diggs,Stefon,Stefon,Diggs
2024,HOU,00-0031734,Chris Reed,Christopher,Chris,Reed
2024,HOU,00-0031740,Neville Hewitt,Neville,Neville,Hewitt
2024,HOU,00-0032145,Cameron Erving,Cameron,Cameron,Erving
2024,HOU,00-0032265,Mario Edwards,Mario,Mario,Edwards
2024,HOU,00-0032380,Laremy Tunsil,Laremy,Laremy,Tunsil
2024,HOU,00-0032543,Alex Erickson,Alex,Alex,Erickson
2024,HOU,00-0032726,Ka'imi Fairbairn,John,Ka'imi,Fairbairn
2024,HOU,00-0033038,Eric Murray,Eric,Eric,Murray
2024,HOU,00-0033566,Desmond King,Desmond,Desmond,King
2024,HOU,00-0033854,Dare Ogunbowale,Oluwadare,Dare,Ogunbowale
2024,HOU,00-0033876,Derek Barnett,Derek,Derek,Barnett
2024,HOU,00-0033897,Joe Mixon,Joe,Joe,Mixon
2024,HOU,00-0033946,David Sharpe,David,David,Sharpe
2024,HOU,00-0034265,Anthony Averett,Anthony,Anthony,Averett
2024,HOU,00-0034275,Foley Fatukasi,Folorunso,Folorunso,Fatukasi
2024,HOU,00-0034355,M.J. Stewart,Marvin,M.J.,Stewart
2024,HOU,00-0034383,Dalton Schultz,Dalton,Dalton,Schultz
2024,HOU,00-0034392,Scott Quessenberry,Scott,Scott,Quessenberry
2024,HOU,00-0034397,Tim Settle,Timothy,Tim,Settle
2024,HOU,00-0034433,Nick Bawden,Charles,Nick,Bawden
2024,HOU,00-0034490,Zeke Turner,Ezekiel,Ezekiel,Turner
2024,HOU,00-0034928,Steven Sims,Steven,Steven,Sims
2024,HOU,00-0034959,Andrew Beck,Andrew,Andrew,Beck
2024,HOU,00-0034966,D'Angelo Ross,D'Angelo,D'Angelo,Ross
2024,HOU,00-0034970,Irv Smith,Irvin,Irv,Smith
2024,HOU,00-0034990,Ka'dar Hollman,Ka'dar,Ka'dar,Hollman
2024,HOU,00-0035150,Kris Boyd,Kris,Kris,Boyd
2024,HOU,00-0035166,Azeez Al-Shaair,Azeez,Azeez,Al-Shaair
2024,HOU,00-0035202,Del'Shawn Phillips,Del'Shawn,Del'Shawn,Phillips
2024,HOU,00-0035216,Diontae Johnson,Diontae,Diontae,Johnson
2024,HOU,00-0035234,Tytus Howard,Tytus,Tytus,Howard
2024,HOU,00-0035345,Chris Myarick,Chris,Chris,Myarick
2024,HOU,00-0035707,Devin White,Devin,Devin,White
2024,HOU,00-0035889,Tommy Townsend,Tommy,Tommy,Townsend
2024,HOU,00-0036087,Myles Bryant,Myles,Myles,Bryant
2024,HOU,00-0036096,J.J. Taylor,J.J.,J.J.,Taylor
2024,HOU,00-0036195,Charlie Heck,Charles,Charlie,Heck
2024,HOU,00-0036202,Dieter Eiselen,Dieter,Dieter,Eiselen
2024,HOU,00-0036225,Dalton Keene,Dalton,Dalton,Keene
2024,HOU,00-0036274,Jeff Okudah,Jeffrey,Jeff,Okudah
2024,HOU,00-0036276,Jacob Phillips,Jacob,Jacob,Phillips
2024,HOU,00-0036277,Quintez Cephus,Quintez,Quintez,Cephus
2024,HOU,00-0036281,C.J. Henderson,Christopher,C.J.,Henderson
2024,HOU,00-0036299,Troy Pride,Troy,Troy,Pride
2024,HOU,00-0036317,Arlington Hambright,Arlington,Arlington,Hambright
2024,HOU,00-0036401,Shaun Bradley,Shaun,Shaun,Bradley
2024,HOU,00-0036414,Cam Akers,Cam,Cam,Akers
2024,HOU,00-0036430,Khalil Davis,Khalil,Khalil,Davis
2024,HOU,00-0036437,Tremayne Anchrum,Tremayne,Tremayne,Anchrum
2024,HOU,00-0036554,Nico Collins,Nico,Nico,Collins
2024,HOU,00-0036556,Brevin Jordan,Brevin,Brevin,Jordan
2024,HOU,00-0036883,Tommy Togiai,Tommy,Tommy,Togiai
2024,HOU,00-0036898,Davis Mills,Davis,Davis,Mills
2024,HOU,00-0036938,Rashad Weaver,Rashad,Rashad,Weaver
2024,HOU,00-0036983,Kendrick Green,Kendrick,Kendrick,Green
2024,HOU,00-0037237,Derek Stingley Jr.,Derek,Derek,Stingley
2024,HOU,00-0037246,Jalen Pitre,Jalen,Jalen,Pitre
2024,HOU,00-0037258,Dameon Pierce,Dameon,Dameon,Pierce
2024,HOU,00-0037277,Teagan Quitoriano,Teagan,Teagan,Quitoriano
2024,HOU,00-0037296,Gregory Junior,Gregory,Gregory,Junior
2024,HOU,00-0037302,Austin Deculus,Austin,Austin,Deculus
2024,HOU,00-0037456,Troy Hairston,Troy,Troy,Hairston
2024,HOU,00-0037457,Jake Hansen,Jake,Jake,Hansen
2024,HOU,00-0037459,Kurt Hinish,Kurt,Kurt,Hinish
2024,HOU,00-0037460,Johnny Johnson III,Johnny,Johnny,Johnson
2024,HOU,00-0037506,Cole Fotheringham,Cole,Cole,Fotheringham
2024,HOU,00-0037603,Jayden Peevy,Jayden,Jayden,Peevy
2024,HOU,00-0037613,Kenyon Green,Kenyon,Kenyon,Green
2024,HOU,00-0037614,John Metchie III,John,John,Metchie
2024,HOU,00-0037618,Zach Thomas,Zachary,Zachary,Thomas
2024,HOU,00-0037823,Christian Harris,Christian,Christian,Harris
2024,HOU,00-0037844,Russ Yeast,Craig,Russ,Yeast
2024,HOU,00-0038297,Malik Fisher,Malik,Malik,Fisher
2024,HOU,00-0038599,Henry To'oTo'o,Henry,Henry,To'oTo'o
2024,HOU,00-0038615,Jarrett Patterson,Jarrett,Jarrett,Patterson
2024,HOU,00-0038618,Xavier Hutchinson,Xavier,Xavier,Hutchinson
2024,HOU,00-0038633,Nick Broeker,Nick,Nick,Broeker
2024,HOU,00-0038644,Brandon Hill,Brandon,Brandon,Hill
2024,HOU,00-0038728,Jared Wayne,Jared,Jared,Wayne
2024,HOU,00-0038729,Kilian Zierer,Kilian,Kilian,Zierer
2024,HOU,00-0038936,Juice Scruggs,Fredrick,Juice,Scruggs
2024,HOU,00-0038977,Tank Dell,Nathaniel,Tank,Dell
2024,HOU,00-0039005,Jaylon Thomas,Jaylon,Jaylon,Thomas
2024,HOU,00-0039009,Dylan Horton,Dylan,Dylan,Horton
2024,HOU,00-0039010,Braeden Daniels,Braeden,Braeden,Daniels
2024,HOU,00-0039108,Will Anderson Jr.,William,Will,Anderson
2024,HOU,00-0039163,C.J. Stroud,Coleridge,C.J.,Stroud
2024,HOU,00-0039343,Kamari Lassiter,Kamari,Kamari,Lassiter
2024,HOU,00-0039359,Cade Stover,Cade,Cade,Stover
2024,HOU,00-0039395,Jamal Hill,Jamal,Jamal,Hill
2024,HOU,00-0039405,Jawhar Jordan,Jawhar,Jawhar,Jordan
2024,HOU,00-0039427,Solomon Byrd,Solomon,Solomon,Byrd
2024,HOU,00-0039433,Marcus Harris,Marcus,Marcus,Harris
2024,HOU,00-0039434,LaDarius Henderson,LaDarius,LaDarius,Henderson
2024,HOU,00-0039473,Xavier Johnson,Xavier,Xavier,Johnson
2024,HOU,00-0039488,Mark Perry,Mark,Mark,Perry
2024,HOU,00-0039577,Kedon Slovis,Kedon,Kedon,Slovis
2024,HOU,00-0039602,Tarique Barnes,Tarique,Tarique,Barnes
2024,HOU,00-0039603,British Brooks,British,British,Brooks
2024,HOU,00-0039605,Jaxon Janke,Jaxon,Jaxon,Janke
2024,HOU,00-0039606,Pheldarius Payne,Pheldarius,Pheldarius,Payne
2024,HOU,00-0039607,Maxwell Tooley,Max,Max,Tooley
2024,HOU,00-0039838,Calen Bullock,Calen,Calen,Bullock
2024,HOU,00-0039857,Blake Fisher,Blake,Blake,Fisher
2024,IND,00-0026158,Joe Flacco,Joseph,Joe,Flacco
2024,IND,00-0031581,Mark Glowinski,Mark,Mark,Glowinski
2024,IND,00-0032378,DeForest Buckner,DeForest,DeForest,Buckner
2024,IND,00-0032383,Ryan Kelly,Ryan,Ryan,Kelly
2024,IND,00-0032753,Luke Rhodes,Luke,Luke,Rhodes
2024,IND,00-0032951,Laquon Treadwell,Laquon,Laquon,Treadwell
2024,IND,00-0033064,Adam Gotsis,Adam,Adam,Gotsis
2024,IND,00-0033217,Mo Alie-Cox,Mo,Mo,Alie-Cox
2024,IND,00-0033269,Rigoberto Sanchez,Rigoberto,Rigoberto,Sanchez
2024,IND,00-0033393,Kenny Moore II,Kenny,Kenny,Moore
2024,IND,00-0033920,Derek Rivers,Derek,Derek,Rivers
2024,IND,00-0033945,Samson Ebukam,Nnamaka Ebukam,Samson,Ebukam
2024,IND,00-0033952,Grover Stewart,Grover,Grover,Stewart
2024,IND,00-0034145,Chris Lammons,Christopher,Chris,Lammons
2024,IND,00-0034342,Quenton Nelson,Quenton,Quenton,Nelson
2024,IND,00-0034359,Tyquan Lewis,Tyquan,Tyquan,Lewis
2024,IND,00-0034431,Zaire Franklin,Zaire,Zaire,Franklin
2024,IND,00-0034682,Genard Avery,Genardveous,Genard,Avery
2024,IND,00-0034756,Tre Flowers,Trequille,Tre,Flowers
2024,IND,00-0034779,Ronnie Harrison,Ronnie,Ronnie,Harrison
2024,IND,00-0034836,Braden Smith,Braden,Braden,Smith
2024,IND,00-0034842,Taven Bryan,Taven,Taven,Bryan
2024,IND,00-0034987,E.J. Speed,E.J.,E.J.,Speed
2024,IND,00-0035021,Ashton Dulin,Ashton,Ashton,Dulin
2024,IND,00-0035045,D.J. Montgomery,Dewery,D.J.,Montgomery
2024,IND,00-0035247,Trysten Hill,Trysten,Trysten,Hill
2024,IND,00-0035269,Matt Gay,Matt,Matt,Gay
2024,IND,00-0035593,Juwann Winfree,Juwann,Juwann,Winfree
2024,IND,00-0035665,David Long,David,David,Long
2024,IND,00-0036020,Salvon Ahmed,Salvon,Salvon,Ahmed
2024,IND,00-0036032,Sean McKeon,Sean,Sean,McKeon
2024,IND,00-0036170,Mike Panasiuk,Mike,Mike,Panasiuk
2024,IND,00-0036213,Raekwon Davis,Raekwon,Raekwon,Davis
2024,IND,00-0036215,Danny Pinter,Daniel,Danny,Pinter
2024,IND,00-0036223,Jonathan Taylor,Jonathan,Jonathan,Taylor
2024,IND,00-0036252,Michael Pittman,Michael,Michael,Pittman
2024,IND,00-0036253,Julian Blackmon,Julian,Julian,Blackmon
2024,IND,00-0036317,Arlington Hambright,Arlington,Arlington,Hambright
2024,IND,00-0036420,McTelvin Agim,McTelvin,McTelvin,Agim
2024,IND,00-0036423,Albert Okwuegbunam,Albert,Albert,Okwuegbunam
2024,IND,00-0036439,Tyrie Cleveland,Tyrie,Tyrie,Cleveland
2024,IND,00-0036479,Kwity Paye,Kwity,Kwity,Paye
2024,IND,00-0036480,Dayo Odeyingbo,Dayo,Dayo,Odeyingbo
2024,IND,00-0036483,Will Fries,Will,Will,Fries
2024,IND,00-0036537,Josiah Bronson,Josiah,Josiah,Bronson
2024,IND,00-0036644,Cameron McGrone,Cameron,Cameron,McGrone
2024,IND,00-0036654,Demetric Felton,Demetric,Demetric,Felton
2024,IND,00-0036672,Grant Stuard,Grant,Grant,Stuard
2024,IND,00-0036876,Kylen Granson,Kylen,Kylen,Granson
2024,IND,00-0036879,Sam Ehlinger,Samuel,Sam,Ehlinger
2024,IND,00-0036935,Kelvin Joseph,Kelvin,Kelvin,Joseph
2024,IND,00-0036956,Darren Hall,Darren,Darren,Hall
2024,IND,00-0036984,Trey Sermon,Trey,Trey,Sermon
2024,IND,00-0037008,Ambry Thomas,Ambry,Ambry,Thomas
2024,IND,00-0037120,Tyler Goodson,Tyler,Tyler,Goodson
2024,IND,00-0037138,Josh Sills,Josh,Josh,Sills
2024,IND,00-0037292,Andrew Ogletree,Andrew,Andrew,Ogletree
2024,IND,00-0037296,Gregory Junior,Gregory,Gregory,Junior
2024,IND,00-0037323,Rodney Thomas,Rodney,Rodney,Thomas
2024,IND,00-0037381,Sebastian Gutierrez,Sebastian,Sebastian,Gutierrez
2024,IND,00-0037392,Trevor Denbow,Trevor,Trevor,Denbow
2024,IND,00-0037394,Ethan Fernea,Ethan,Ethan,Fernea
2024,IND,00-0037395,Dallis Flowers,Dallis,Dallis,Flowers
2024,IND,00-0037396,Wesley French,Wesley,Wesley,French
2024,IND,00-0037527,Segun Olubi,Segun,Segun,Olubi
2024,IND,00-0037616,Nick Cross,Nicolas,Nick,Cross
2024,IND,00-0037664,Alec Pierce,Alec,Alec,Pierce
2024,IND,00-0037755,Jelani Woods,Jelani,Jelani,Woods
2024,IND,00-0037757,Bernhard Raimann,Bernhard,Bernhard,Raimann
2024,IND,00-0037830,Samuel Womack,Samuel,Samuel,Womack
2024,IND,00-0038143,Marcel Dabo,Marcel,Marcel,Dabo
2024,IND,00-0038392,Daniel Scott,Daniel,Daniel,Scott
2024,IND,00-0038394,Will Mallory,Will,Will,Mallory
2024,IND,00-0038397,Evan Hull,Evan,Evan,Hull
2024,IND,00-0038404,Titus Leo,Titus,Titus,Leo
2024,IND,00-0038407,Jaylon Jones,Jaylon,Jaylon,Jones
2024,IND,00-0038410,Jake Witt,Jake,Jake,Witt
2024,IND,00-0038429,Liam Anderson,Liam,Liam,Anderson
2024,IND,00-0038444,Levi Bell,Levi,Levi,Bell
2024,IND,00-0038586,Atonio Mafi,Atonio,Atonio,Mafi
2024,IND,00-0038624,Ameer Speed,Ameer,Ameer,Speed
2024,IND,00-0038737,Isaiah Land,Isaiah,Isaiah,Land
2024,IND,00-0038832,Mason Brooks,Mason,Mason,Brooks
2024,IND,00-0038997,Josh Downs,Joshua,Josh,Downs
2024,IND,00-0039031,Adetomiwa Adebawore,Adetomiwa,Adetomiwa,Adebawore
2024,IND,00-0039069,Michael Tutsie,Michael,Michael,Tutsie
2024,IND,00-0039156,Julius Brents,Julius,Julius,Brents
2024,IND,00-0039158,Blake Freeland,Blake,Blake,Freeland
2024,IND,00-0039164,Anthony Richardson,Anthony,Anthony,Richardson
2024,IND,00-0039178,Austin Ajiake,Austin,Austin,Ajiake
2024,IND,00-0039207,Durell Nchami,Durell,Durell,Nchami
2024,IND,00-0039340,Laiatu Latu,Laiatu,Laiatu,Latu
2024,IND,00-0039377,Jaylon Carlies,Jaylon,Jaylon,Carlies
2024,IND,00-0039383,Jaylin Simpson,Jaylin,Jaylin,Simpson
2024,IND,00-0039403,Micah Abraham,Micah,Micah,Abraham
2024,IND,00-0039506,Alex Johnson,Alex,Alex,Johnson
2024,IND,00-0039575,Jason Bean,Jason,Jason,Bean
2024,IND,00-0039576,Spencer Shrader,Spencer,Spencer,Shrader
2024,IND,00-0039578,Dalton Tucker,Dalton,Dalton,Tucker
2024,IND,00-0039579,Xavier White,Xavier,Xavier,White
2024,IND,00-0039580,Craig Young,Craig,Craig,Young
2024,IND,00-0039581,Trent Pennix,Trent,Trent,Pennix
2024,IND,00-0039606,Pheldarius Payne,Pheldarius,Pheldarius,Payne
2024,IND,00-0039721,Ryan Coll,Ryan,Ryan,Coll
2024,IND,00-0039736,Matt Goncalves,Matt,Matt,Goncalves
2024,IND,00-0039744,Tanor Bortolini,Tanor,Tanor,Bortolini
2024,IND,00-0039816,Anthony Gould,Anthony,Anthony,Gould
2024,IND,00-0039890,Adonai Mitchell,Adonai,Adonai,Mitchell
2024,IND,00-0039891,Derek Slywka,Derek,Derek,Slywka
2024,IND,00-0039892,Clay Fields III,Clayborne,Clay,Fields
2024,IND,00-0039951,Mike Smith Jr.,Mike,Mike,Smith
2024,JAX,00-0028924,Tashaun Gipson,Tashaun,Tashaun,Gipson
2024,JAX,00-0030827,Tyler Shatley,Christian,Tyler,Shatley
2024,JAX,00-0031584,Adrian Amos,Adrian,Adrian,Amos
2024,JAX,00-0031936,Mitch Morse,Mitchell,Mitch,Morse
2024,JAX,00-0032053,Brandon Scherff,Brandon,Brandon,Scherff
2024,JAX,00-0032164,Arik Armstead,Arik,Arik,Armstead
2024,JAX,00-0032195,Ronald Darby,Ronald,Ronald,Darby
2024,JAX,00-0032667,Roy Robertson-Harris,Roy,Roy,Robertson-Harris
2024,JAX,00-0033064,Adam Gotsis,Adam,Adam,Gotsis
2024,JAX,00-0033400,Matt Haack,Matt,Matt,Haack
2024,JAX,00-0033582,Jeremiah Ledbetter,Jeremiah,Jeremiah,Ledbetter
2024,JAX,00-0033881,Evan Engram,Evan,Evan,Engram
2024,JAX,00-0033889,Cam Robinson,Cameron,Cam,Robinson
2024,JAX,00-0033936,C.J. Beathard,Casey,C.J.,Beathard
2024,JAX,00-0033943,Josh Reynolds,Joshua Dedmon-Reynolds,Josh,Reynolds
2024,JAX,00-0034413,Foye Oluokun,Foyesade,Foyesade,Oluokun
2024,JAX,00-0034437,Logan Cooke,Logan,Logan,Cooke
2024,JAX,00-0034623,Andre Chachere,Andre,Andre,Chachere
2024,JAX,00-0034756,Tre Flowers,Trequille,Tre,Flowers
2024,JAX,00-0034774,Breeland Speaks,Breeland,Breeland,Speaks
2024,JAX,00-0034775,Christian Kirk,Christian,Christian,Kirk
2024,JAX,00-0034858,Terrell Edmunds,FeDerius,Terrell,Edmunds
2024,JAX,00-0034899,John Wolford,John,John,Wolford
2024,JAX,00-0034903,Tevaughn Campbell,Tevaughn,Tevaughn,Campbell
2024,JAX,00-0034968,Darnell Savage,Darnell,Darnell,Savage
2024,JAX,00-0035300,Dennis Daley,Dennis,Dennis,Daley
2024,JAX,00-0035311,Myles Gaskin,Myles,Myles,Gaskin
2024,JAX,00-0035330,Anthony Pittman,Anthony,Anthony,Pittman
2024,JAX,00-0035355,Blake Hance,Blake,Blake,Hance
2024,JAX,00-0035363,Joe Giles-Harris,Joe,Joe,Giles-Harris
2024,JAX,00-0035378,Andrew Wingard,Andrew,Andrew,Wingard
2024,JAX,00-0035400,Keaton Sutherland,Keaton,Keaton,Sutherland
2024,JAX,00-0035628,D'Ernest Johnson,D'Ernest,D'Ernest,Johnson
2024,JAX,00-0035642,Josh Hines-Allen,Joshua,Josh,Hines-Allen
2024,JAX,00-0035783,Tyler Hall,Tyler,Tyler,Hall
2024,JAX,00-0035827,Ross Matiscik,Ross,Ross,Matiscik
2024,JAX,00-0035892,Darryl Williams,Darryl,Darryl,Williams
2024,JAX,00-0035903,Joe Gaziano,Joseph,Joe,Gaziano
2024,JAX,00-0036196,Gabe Davis,Gabriel,Gabe,Davis
2024,JAX,00-0036202,Dieter Eiselen,Dieter,Dieter,Eiselen
2024,JAX,00-0036262,DaVon Hamilton,Davon,Davon,Hamilton
2024,JAX,00-0036306,Daniel Thomas,Daniel,Daniel,Thomas
2024,JAX,00-0036327,Ezra Cleveland,Ezra,Ezra,Cleveland
2024,JAX,00-0036331,Devin Duvernay,Devin,Devin,Duvernay
2024,JAX,00-0036332,Josiah Deguara,Josiah,Josiah,Deguara
2024,JAX,00-0036368,Tanner Muse,Tanner,Tanner,Muse
2024,JAX,00-0036497,Tim Jones,Tim,Tim,Jones
2024,JAX,00-0036505,Jonathan Marshall,Jonathan,Jonathan,Marshall
2024,JAX,00-0036611,Raymond Johnson III,Raymond,Raymond,Johnson
2024,JAX,00-0036655,Cole Van Lanen,Cole,Cole,Van Lanen
2024,JAX,00-0036657,Seth Williams,Seth,Seth,Williams
2024,JAX,00-0036674,Josh Pederson,Josh,Josh,Pederson
2024,JAX,00-0036704,Caleb Johnson,Caleb,Caleb,Johnson
2024,JAX,00-0036816,Riley Patterson,Riley,Riley,Patterson
2024,JAX,00-0036841,Austin Trammell,Austin,Austin,Trammell
2024,JAX,00-0036860,Jake Funk,Jake,Jake,Funk
2024,JAX,00-0036887,Luke Farrell,Luke,Luke,Farrell
2024,JAX,00-0036917,Zech McPhearson,Zech,Zech,McPhearson
2024,JAX,00-0036941,Andre Cisco,Andre,Andre,Cisco
2024,JAX,00-0036971,Trevor Lawrence,Trevor,Trevor,Lawrence
2024,JAX,00-0036972,Mac Jones,Michael,Mac,Jones
2024,JAX,00-0036973,Travis Etienne,Travis,Travis,Etienne
2024,JAX,00-0036974,Tyson Campbell,Tyson,Tyson,Campbell
2024,JAX,00-0036975,Walker Little,Walker,Walker,Little
2024,JAX,00-0037061,De'Shaan Dixon,De'Shaan,De'Shaan,Dixon
2024,JAX,00-0037068,E.J. Perry,Ernest,E.J.,Perry
2024,JAX,00-0037235,Travon Walker,Travon,Travon,Walker
2024,JAX,00-0037244,Devin Lloyd,Devin,Devin,Lloyd
2024,JAX,00-0037274,Esezi Otomewo,Esezi,Esezi,Otomewo
2024,JAX,00-0037296,Gregory Junior,Gregory,Gregory,Junior
2024,JAX,00-0037313,Montaric Brown,Montaric,Montaric,Brown
2024,JAX,00-0037686,Tucker Addington,Tucker,Tucker,Addington
2024,JAX,00-0037745,Velus Jones Jr.,Velus,Velus,Jones
2024,JAX,00-0037811,Chad Muma,Chad,Chad,Muma
2024,JAX,00-0037814,Luke Fortner,Luke,Luke,Fortner
2024,JAX,00-0038509,Jerome Carvin,Jerome,Jerome,Carvin
2024,JAX,00-0038555,Tank Bigsby,Cartavious,Tank,Bigsby
2024,JAX,00-0038570,Ventrell Miller,Ventrell,Ventrell,Miller
2024,JAX,00-0038580,Yasir Abdullah,Yasir,Yasir,Abdullah
2024,JAX,00-0038596,Antonio Johnson,Antonio,Antonio,Johnson
2024,JAX,00-0038606,Parker Washington,Christopher,Parker,Washington
2024,JAX,00-0038616,Christian Braswell,Christian,Christian,Braswell
2024,JAX,00-0038630,Cooper Hodges,Cooper,Cooper,Hodges
2024,JAX,00-0038666,DJ Coleman,DarJarri,D.J.,Coleman
2024,JAX,00-0038667,Elijah Cooks,Elijah,Elijah,Cooks
2024,JAX,00-0038845,Matthew Jackson,Matthew,Matthew,Jackson
2024,JAX,00-0038934,Anton Harrison,Anton,Anton,Harrison
2024,JAX,00-0038935,Brenton Strange,Brenton,Brenton,Strange
2024,JAX,00-0038940,Tyler Lacy,Tyler,Tyler,Lacy
2024,JAX,00-0039228,Louis Rees-Zammit,Louis,Louis,Rees-Zammit
2024,JAX,00-0039231,Patrick Murtagh,Patrick,Patrick,Murtagh
2024,JAX,00-0039268,Peter Bowden,Peter,Peter,Bowden
2024,JAX,00-0039353,Jarrian Jones,Jarrian,Jarrian,Jones
2024,JAX,00-0039378,Deantre Prince,Deantre,Deantre,Prince
2024,JAX,00-0039385,Keilan Robinson,Keilan,Keilan,Robinson
2024,JAX,00-0039409,Cam Little,Cameron,Cam,Little
2024,JAX,00-0039425,Myles Cole,Myles,Myles,Cole
2024,JAX,00-0039456,John Rhys Plumlee,John Rhys,John Rhys,Plumlee
2024,JAX,00-0039550,Shawn Bowman,Shawn,Shawn,Bowman
2024,JAX,00-0039552,Joshua Cephus,Joshua,Joshua,Cephus
2024,JAX,00-0039553,Brevin Easton,Brevin,Brevin,Easton
2024,JAX,00-0039554,Jalen Jackson,Jalen,Jalen,Jackson
2024,JAX,00-0039555,Steven Jones,Steven,Steven,Jones
2024,JAX,00-0039558,Andrew Parker,Andrew,Andrew,Parker
2024,JAX,00-0039559,Josh Proctor,Josh,Josh,Proctor
2024,JAX,00-0039560,Wayne Ruby,Wayne,Wayne,Ruby
2024,JAX,00-0039561,Joseph Scates,Joseph,Joseph,Scates
2024,JAX,00-0039562,David White Jr.,David,David,White
2024,JAX,00-0039585,Kalen DeLoach,Kalen,Kalen,DeLoach
2024,JAX,00-0039742,Javon Foster,Javon,Javon,Foster
2024,JAX,00-0039743,Jordan Jefferson,Jordan,Jordan,Jefferson
2024,JAX,00-0039889,Maason Smith,Maason,Maason,Smith
2024,JAX,00-0039893,Brian Thomas Jr.,Brian,Brian,Thomas
2024,KC,00-0030506,Travis Kelce,Travis,Travis,Kelce
2024,KC,00-0030564,DeAndre Hopkins,DeAndre,DeAndre,Hopkins
2024,KC,00-0030615,James Winchester,James,James,Winchester
2024,KC,00-0030757,Mike Pennel,Michael,Mike,Pennel
2024,KC,00-0032150,Steven Nelson,Steven,Steven,Nelson
2024,KC,00-0032222,D.J. Humphries,DeMarcus,D.J.,Humphries
2024,KC,00-0032391,Joe Thuney,Joseph,Joe,Thuney
2024,KC,00-0032762,Chris Jones,Christopher,Chris,Jones
2024,KC,00-0032774,Deon Bush,Deon,Deon,Bush
2024,KC,00-0032950,Carson Wentz,Carson,Carson,Wentz
2024,KC,00-0033303,Harrison Butker,Harrison,Harrison,Butker
2024,KC,00-0033455,Anthony Firkser,Anthony,Anthony,Firkser
2024,KC,00-0033526,Samaje Perine,Samaje,Samaje,Perine
2024,KC,00-0033757,Robert Tonyan,Robert,Robert,Tonyan
2024,KC,00-0033857,JuJu Smith-Schuster,John,JuJu,Smith-Schuster
2024,KC,00-0033873,Patrick Mahomes,Patrick,Patrick,Mahomes
2024,KC,00-0033923,Kareem Hunt,Kareem,Kareem,Hunt
2024,KC,00-0034361,Justin Reid,Justin,Justin,Reid
2024,KC,00-0034386,Justin Watson,Justin,Justin,Watson
2024,KC,00-0034657,Matt Dickerson,Matthew,Matt,Dickerson
2024,KC,00-0034818,Derrick Nnadi,Derrick,Derrick,Nnadi
2024,KC,00-0034970,Irv Smith,Irvin,Irv,Smith
2024,KC,00-0035140,Mecole Hardman,Mecole,Mecole,Hardman
2024,KC,00-0035189,Matthew Wright,Matthew,Matthew,Wright
2024,KC,00-0035219,Isaiah Buggs,Isaiah,Isaiah,Buggs
2024,KC,00-0035237,Jawaan Taylor,Jawaan,Jawaan,Taylor
2024,KC,00-0035262,Drue Tranquill,Drue,Drue,Tranquill
2024,KC,00-0035279,Charles Omenihu,Charles,Charles,Omenihu
2024,KC,00-0035547,Joseph Fortson,Joseph,Joseph,Fortson
2024,KC,00-0035662,Marquise Brown,Marquise,Marquise,Brown
2024,KC,00-0035890,Tershawn Wharton,Tershawn,Tershawn,Wharton
2024,KC,00-0035900,Cole Christiansen,Cole,Cole,Christiansen
2024,KC,00-0035984,Blake Lynch,Blake,Blake,Lynch
2024,KC,00-0036159,Joshua Uche,Joshua,Joshua,Uche
2024,KC,00-0036360,Clyde Edwards-Helaire,Clyde,Clyde,Edwards-Helaire
2024,KC,00-0036367,Lucas Niang,Lucas,Lucas,Niang
2024,KC,00-0036378,Michael Danna,Michael,Michael,Danna
2024,KC,00-0036401,Shaun Bradley,Shaun,Shaun,Bradley
2024,KC,00-0036561,Keith Taylor,Keith,Keith,Taylor
2024,KC,00-0036621,Nick Bolton,Nicholas,Nick,Bolton
2024,KC,00-0036623,Creed Humphrey,Creed,Creed,Humphrey
2024,KC,00-0036637,Noah Gray,Noah,Noah,Gray
2024,KC,00-0036647,Cornell Powell,Cornell,Cornell,Powell
2024,KC,00-0036660,Trey Smith,Trey,Trey,Smith
2024,KC,00-0036682,Malik Herring,Malik,Malik,Herring
2024,KC,00-0036853,Tyree Gillespie,Tyree,Tyree,Gillespie
2024,KC,00-0036913,Kadarius Toney,Kadarius,Kadarius,Toney
2024,KC,00-0036920,Marlon Tuipulotu,Marlon,Marlon,Tuipulotu
2024,KC,00-0036929,Ian Book,Ian,Ian,Book
2024,KC,00-0036935,Kelvin Joseph,Kelvin,Kelvin,Joseph
2024,KC,00-0037191,Trent McDuffie,Trent,Trent,McDuffie
2024,KC,00-0037192,George Karlaftis,George,George,Karlaftis
2024,KC,00-0037193,Bryan Cook,Bryan,Bryan,Cook
2024,KC,00-0037195,Jaylen Watson,Jaylen,Jaylen,Watson
2024,KC,00-0037197,Isiah Pacheco,Isiah,Isiah,Pacheco
2024,KC,00-0037198,Nazeeh Johnson,Nazeeh,Nazeeh,Johnson
2024,KC,00-0037207,Mike Caliendo,Mike,Mike,Caliendo
2024,KC,00-0037208,Jack Cochrane,Jack,Jack,Cochrane
2024,KC,00-0037216,Justyn Ross,Justyn,Justyn,Ross
2024,KC,00-0037233,Gerrit Prince,Gerrit,Gerrit,Prince
2024,KC,00-0037272,Montrell Washington,Montrell,Montrell,Washington
2024,KC,00-0037284,Matt Araiza,Matt,Matt,Araiza
2024,KC,00-0037299,Keaontay Ingram,Keaontay,Keaontay,Ingram
2024,KC,00-0037324,Chris Oladokun,Chris,Chris,Oladokun
2024,KC,00-0037346,Owen Carney,Owen,Owen,Carney
2024,KC,00-0037569,Peyton Hendershot,Peyton,Peyton,Hendershot
2024,KC,00-0037815,Cameron Thomas,Cameron,Cameron,Thomas
2024,KC,00-0037819,Leo Chenal,Leo,Leo,Chenal
2024,KC,00-0038043,Joshua Williams,Joshua,Joshua,Williams
2024,KC,00-0038090,Skyy Moore,Skyy,Skyy,Moore
2024,KC,00-0038093,Neil Farrell,Neil,Neil,Farrell
2024,KC,00-0038104,Tyquan Thornton,Tyquan,Tyquan,Thornton
2024,KC,00-0038108,Bailey Zappe,Bailey,Bailey,Zappe
2024,KC,00-0038388,Darius Rush,Darius,Darius,Rush
2024,KC,00-0038492,Jason Brownlee,Jason,Jason,Brownlee
2024,KC,00-0038494,Trey Dean III,Trey,Trey,Dean
2024,KC,00-0038513,Cam Jones,Cam,Cam,Jones
2024,KC,00-0038514,Truman Jones,Truman,Truman,Jones
2024,KC,00-0038519,Nikko Remigio,Nikko,Nikko,Remigio
2024,KC,00-0038561,Siaki Ika,Siaki,Siaki,Ika
2024,KC,00-0038604,Eric Scott Jr.,Eric,Eric,Scott
2024,KC,00-0038956,Ekow Boye-Doe,Ekow,Ekow,Boye-Doe
2024,KC,00-0038981,Wanya Morris,Wanya,Wanya,Morris
2024,KC,00-0038982,Chamarri Conner,Chamarri,Chamarri,Conner
2024,KC,00-0038983,BJ Thompson,B.J.,B.J.,Thompson
2024,KC,00-0038986,Nic Jones,Nic,Nic,Jones
2024,KC,00-0039006,Felix Anudike-Uzomah,Felix,Felix,Anudike-Uzomah
2024,KC,00-0039060,Jason Taylor,Jason,Jason,Taylor
2024,KC,00-0039060,Jason Taylor II,Jason,Jason,Taylor
2024,KC,00-0039067,Rashee Rice,Rashee,Rashee,Rice
2024,KC,00-0039174,Chukwuebuka Godrick,Chukwuebuka,Chukwuebuka,Godrick
2024,KC,00-0039252,Randen Plattner,Randen,Randen,Plattner
2024,KC,00-0039311,Emani Bailey,Emani,Emani,Bailey
2024,KC,00-0039312,Miles Battle,Miles,Miles,Battle
2024,KC,00-0039313,Swayze Bozeman,Swayze,Swayze,Bozeman
2024,KC,00-0039314,Phillip Brooks,Phillip,Phillip,Brooks
2024,KC,00-0039316,Baylor Cupp,Baylor,Baylor,Cupp
2024,KC,00-0039317,Ethan Driskell,Ethan,Ethan,Driskell
2024,KC,00-0039319,Fabien Lovett Sr.,Fabien,Fabien,Lovett
2024,KC,00-0039320,Griffin McDowell,Griffin,Griffin,McDowell
2024,KC,00-0039321,McKade Mettauer,McKade,McKade,Mettauer
2024,KC,00-0039322,D.J. Miller,D.J.,D.J.,Miller
2024,KC,00-0039324,Christian Roland-Wallace,Christian,Christian,Roland-Wallace
2024,KC,00-0039325,Carson Steele,Carson,Carson,Steele
2024,KC,00-0039326,Nick Torres,Nick,Nick,Torres
2024,KC,00-0039336,Jaaron Hayek,Jaaron,Jaaron,Hayek
2024,KC,00-0039576,Spencer Shrader,Spencer,Spencer,Shrader
2024,KC,00-0039621,Kyle Sheets,Kyle,Kyle,Sheets
2024,KC,00-0039824,Jared Wiley,Jared,Jared,Wiley
2024,KC,00-0039825,Jaden Hicks,Jaden,Jaden,Hicks
2024,KC,00-0039827,Hunter Nourzad,Hunter,Hunter,Nourzad
2024,KC,00-0039833,C.J. Hanson,C.J.,C.J.,Hanson
2024,KC,00-0039844,Kingsley Suamataia,Kingsley,Kingsley,Suamataia
2024,KC,00-0039894,Xavier Worthy,Xavier,Xavier,Worthy
2024,KC,00-0039909,Alex Gubner,Alex,Alex,Gubner
2024,KC,00-0039941,Geor'Quarius Spivey,Geor'quarius,Geor'quarius,Spivey
2024,LA,00-0026498,Matthew Stafford,John,Matthew,Stafford
2024,LA,00-0029709,Ty Nsekhe,Attauyo,Ty,Nsekhe
2024,LA,00-0031345,Jimmy Garoppolo,James,Jimmy,Garoppolo
2024,LA,00-0031388,Aaron Donald,Aaron,Aaron,Donald
2024,LA,00-0032242,Rob Havenstein,Robert,Rob,Havenstein
2024,LA,00-0032775,Demarcus Robinson,Demarcus,Demarcus,Robinson
2024,LA,00-0033110,Tyler Higbee,Tyler,Tyler,Higbee
2024,LA,00-0033300,Conor McDermott,Conor,Conor,McDermott
2024,LA,00-0033783,Ahkello Witherspoon,James,Ahkello,Witherspoon
2024,LA,00-0033884,Tre'Davious White,Tre'Davious,Tre'Davious,White
2024,LA,00-0033908,Cooper Kupp,Cooper,Cooper,Kupp
2024,LA,00-0033927,John Johnson,John,John,Johnson
2024,LA,00-0034203,Darious Williams,Darious,Darious,Williams
2024,LA,00-0034803,Joe Noteboom,Joseph,Joseph,Noteboom
2024,LA,00-0034817,Geron Christian,Geron,Geron,Christian
2024,LA,00-0034838,Royce Freeman,Royce,Royce,Freeman
2024,LA,00-0035334,Kevin Strong,Kevin,Kevin,Strong
2024,LA,00-0035617,Troy Reeder,Troy,Troy,Reeder
2024,LA,00-0035933,Michael Hoecht,Michael,Michael,Hoecht
2024,LA,00-0035942,Christian Rozeboom,Christian,Christian,Rozeboom
2024,LA,00-0035944,Jonah Williams,Jonah,Jonah,Williams
2024,LA,00-0036114,A.J. Green,Alvin,A.J.,Green
2024,LA,00-0036237,Larrell Murchison,Larrell,Larrell,Murchison
2024,LA,00-0036244,Colby Parkinson,Colby,Colby,Parkinson
2024,LA,00-0036258,Jonah Jackson,Jonah,Jonah,Jackson
2024,LA,00-0036277,Quintez Cephus,Quintez,Quintez,Cephus
2024,LA,00-0036339,Kevin Dotson,Kevin,Kevin,Dotson
2024,LA,00-0036349,Kam Curl,Kamren,Kamren,Curl
2024,LA,00-0036349,Kamren Curl,Kamren,Kamren,Curl
2024,LA,00-0036366,Neville Gallimore,Neville,Neville,Gallimore
2024,LA,00-0036427,Tyler Johnson,Tyler,Tyler,Johnson
2024,LA,00-0036603,Alaric Jackson,Alaric,Alaric,Jackson
2024,LA,00-0036634,Tony Fields II,Tony,Tony,Fields
2024,LA,00-0036692,Miller Forristall,Miller,Miller,Forristall
2024,LA,00-0036788,Jack Heflin,Jack,Jack,Heflin
2024,LA,00-0036849,Tutu Atwell,Chatarius,Tutu,Atwell
2024,LA,00-0036903,Bobby Brown III,Bobby,Bobby,Brown
2024,LA,00-0036938,Rashad Weaver,Rashad,Rashad,Weaver
2024,LA,00-0037004,Hunter Long,Hunter,Hunter,Long
2024,LA,00-0037031,Nikola Kalinic,Nikola,Nikola,Kalinic
2024,LA,00-0037057,Keir Thomas,Keir,Keir,Thomas
2024,LA,00-0037337,Shaun Jolly,Shaun,Shaun,Jolly
2024,LA,00-0037481,Olakunle Fatukasi,Olakunle,Olakunle,Fatukasi
2024,LA,00-0037515,Zach VanValkenburg,Zach,Zach,VanValkenburg
2024,LA,00-0037557,Ronnie Rivers,Ronnie,Ronnie,Rivers
2024,LA,00-0037572,Alec Lindstrom,Alec,Alec,Lindstrom
2024,LA,00-0037633,Jacob Hummel,Jake,Jake,Hummel
2024,LA,00-0037836,Logan Bruss,Logan,Logan,Bruss
2024,LA,00-0037839,Cobie Durant,Decobie,Cobie,Durant
2024,LA,00-0037840,Kyren Williams,Kyren,Kyren,Williams
2024,LA,00-0037841,Quentin Lake,Quentin,Quentin,Lake
2024,LA,00-0037842,Derion Kendrick,Derion,Derion,Kendrick
2024,LA,00-0037844,Russ Yeast,Craig,Russ,Yeast
2024,LA,00-0037845,A.J. Arcuri,A.J.,A.J.,Arcuri
2024,LA,00-0038354,Tanner Brown,Tanner,Tanner,Brown
2024,LA,00-0038358,Mike Mcallister,Mike,Mike,McAllister
2024,LA,00-0038359,Xavier Smith,Xavier,Xavier,Smith
2024,LA,00-0038360,Alex Ward,Alex,Alex,Ward
2024,LA,00-0038366,Tanner Ingle,Tanner,Tanner,Ingle
2024,LA,00-0038368,Quindell Johnson,Quindell,Quindell,Johnson
2024,LA,00-0038385,Dresser Winn,Dresser,Dresser,Winn
2024,LA,00-0038490,Ty Zentner,Tyler,Ty,Zentner
2024,LA,00-0038653,Cory Durden,Cory,Cory,Durden
2024,LA,00-0038910,SaRodorick Thompson Jr.,SaRodorick,SaRodorick,Thompson
2024,LA,00-0038946,Cameron McCutcheon,Cameron,Cameron,McCutcheon
2024,LA,00-0038947,Grant Miller,Grant,Grant,Miller
2024,LA,00-0039058,Steve Avila,Esteban,Steve,Avila
2024,LA,00-0039059,Ethan Evans,Ethan,Ethan,Evans
2024,LA,00-0039060,Jason Taylor II,Jason,Jason,Taylor
2024,LA,00-0039061,Desjuan Johnson,Desjuan,Desjuan,Johnson
2024,LA,00-0039074,Davis Allen,Davis,Davis,Allen
2024,LA,00-0039075,Puka Nacua,Puka,Puka,Nacua
2024,LA,00-0039076,Nick Hampton,Nick,Nick,Hampton
2024,LA,00-0039077,Warren McClendon Jr.,Warren,Warren,McClendon
2024,LA,00-0039107,Stetson Bennett,Stetson,Stetson,Bennett
2024,LA,00-0039134,Tre Tomlinson,Tre'Vius,Tre'Vius,Tomlinson
2024,LA,00-0039136,Zach Evans,Zachary,Zach,Evans
2024,LA,00-0039137,Byron Young,Byron,Byron,Young
2024,LA,00-0039138,Kobie Turner,Kobie,Kobie,Turner
2024,LA,00-0039151,Emmanuel Forbes,Emmanuel,Emmanuel,Forbes
2024,LA,00-0039703,Cody Schrader,Cody,Cody,Schrader
2024,LA,00-0039726,Ryan Sanborn,Ryan,Ryan,Sanborn
2024,LA,00-0039734,Braden Fiske,Braden,Braden,Fiske
2024,LA,00-0039738,Blake Corum,Blake,Blake,Corum
2024,LA,00-0039749,Tyler Davis,Tyler,Tyler,Davis
2024,LA,00-0039750,Joshua Karty,Joshua,Joshua,Karty
2024,LA,00-0039751,Jordan Whittington,Jordan,Jordan,Whittington
2024,LA,00-0039753,Beaux Limmer,Beaux,Beaux,Limmer
2024,LA,00-0039755,KT Leveston,Kaitori,K.T.,Leveston
2024,LA,00-0039770,Charles Woods,Charles,Charles,Woods
2024,LA,00-0039771,Sam Wiglusz,Samuel,Sam,Wiglusz
2024,LA,00-0039772,Josh Wallace,Josh,Josh,Wallace
2024,LA,00-0039773,Drake Stoops,Drake,Drake,Stoops
2024,LA,00-0039774,Omar Speights,Omar,Omar,Speights
2024,LA,00-0039775,Elias Neal,Eli,Eli,Neal
2024,LA,00-0039776,Jaylen McCollough,Jaylen,Jaylen,McCollough
2024,LA,00-0039777,Kenny Logan,Kenny,Kenny,Logan
2024,LA,00-0039778,Tuli Letuligasenoa,Tuli,Tuli,Letuligasenoa
2024,LA,00-0039779,Blake Larson,Blake,Blake,Larson
2024,LA,00-0039780,Cam Lampkin,Cam,Cam,Lampkin
2024,LA,00-0039781,JJ Laap,J.J.,J.J.,Laap
2024,LA,00-0039783,Anthony Goodlow,Anthony,Anthony,Goodlow
2024,LA,00-0039784,Justin Dedich,Justin,Justin,Dedich
2024,LA,00-0039830,Dylan McMahon,Dylan,Dylan,McMahon
2024,LA,00-0039834,Kamren Kinchens,Kamren,Kamren,Kinchens
2024,LA,00-0039836,Brennan Jackson,Brennan,Brennan,Jackson
2024,LA,00-0039852,Jared Verse,Jared,Jared,Verse
2024,LA,00-0039938,David Olajiga,David,David,Olajiga
2024,LAC,00-0028845,Josh Harris,Josh,Josh,Harris
2024,LAC,00-0030294,Tony Jefferson,Tony,Tony,Jefferson
2024,LAC,00-0031019,Corey Linsley,Corey,Corey,Linsley
2024,LAC,00-0031040,Khalil Mack,Khalil,Khalil,Mack
2024,LAC,00-0031690,Eric Tomlinson,Eric,Eric,Tomlinson
2024,LAC,00-0031800,Taylor Heinicke,Taylor,Taylor,Heinicke
2024,LAC,00-0032103,Denzel Perryman,Denzel,Denzel,Perryman
2024,LAC,00-0032146,Bud Dupree,Alvin,Bud,Dupree
2024,LAC,00-0032379,Eli Apple,Eli,Eli,Apple
2024,LAC,00-0032671,Morgan Fox,Morgan,Morgan,Fox
2024,LAC,00-0033045,Ezekiel Elliott,Ezekiel,Ezekiel,Elliott
2024,LAC,00-0033156,Joey Bosa,Joseph,Joey,Bosa
2024,LAC,00-0033784,Eddie Jackson,Eddie,Eddie,Jackson
2024,LAC,00-0033892,Marcus Maye,Marcus,Marcus,Maye
2024,LAC,00-0034159,Will Dissly,Will,Will,Dissly
2024,LAC,00-0034162,J.K. Scott,John,J.K.,Scott
2024,LAC,00-0034184,Gus Edwards,Gus,Gus,Edwards
2024,LAC,00-0034234,Poona Ford,Kaylon,Poona,Ford
2024,LAC,00-0034281,Bradley Bozeman,Bradley,Bradley,Bozeman
2024,LAC,00-0034474,Frank Ginda,Frank,Frank,Ginda
2024,LAC,00-0034737,Luis Perez,Luis,Luis,Perez
2024,LAC,00-0034777,DJ Chark,Darrell,D.J.,Chark
2024,LAC,00-0034790,Derwin James,Derwin,Derwin,James
2024,LAC,00-0034808,John Kelly,John,John,Kelly
2024,LAC,00-0034830,Hayden Hurst,Hayden,Hayden,Hurst
2024,LAC,00-0034858,Terrell Edmunds,FeDerius,Terrell,Edmunds
2024,LAC,00-0035062,Sam Mustipher,Samuel,Sam,Mustipher
2024,LAC,00-0035282,Easton Stick,Easton,Easton,Stick
2024,LAC,00-0035688,Trey Pipkins,Trey,Trey,Pipkins
2024,LAC,00-0035984,Blake Lynch,Blake,Blake,Lynch
2024,LAC,00-0036158,J.K. Dobbins,Jkaylin,J.K.,Dobbins
2024,LAC,00-0036181,Teair Tart,Teair,Teair,Tart
2024,LAC,00-0036235,Shaquille Quarterman,Shaquille,Shaquille,Quarterman
2024,LAC,00-0036268,Laviska Shenault Jr.,Laviska,Laviska,Shenault
2024,LAC,00-0036338,Troy Dye,Troy,Troy,Dye
2024,LAC,00-0036355,Justin Herbert,Justin,Justin,Herbert
2024,LAC,00-0036380,Alohi Gilman,Alohi,Alohi,Gilman
2024,LAC,00-0036387,Jalen Reagor,Jalen,Jalen,Reagor
2024,LAC,00-0036416,Kristian Fulton,Kristian,Kristian,Fulton
2024,LAC,00-0036559,Shaun Wade,Shaun,Shaun,Wade
2024,LAC,00-0036565,Ben Mason,Ben,Ben,Mason
2024,LAC,00-0036584,Foster Sarell,Foster,Foster,Sarell
2024,LAC,00-0036617,Asante Samuel Jr.,Asante,Asante,Samuel
2024,LAC,00-0036627,Dez Fitzpatrick,Dez,Dez,Fitzpatrick
2024,LAC,00-0036636,Brenden Jaimes,Brenden,Brenden,Jaimes
2024,LAC,00-0036646,Simi Fehoko,Simione,Simi,Fehoko
2024,LAC,00-0036648,Nick Niemann,Nick,Nick,Niemann
2024,LAC,00-0036678,Dicaprio Bootle,Dicaprio,Dicaprio,Bootle
2024,LAC,00-0036755,Jaret Patterson,Jaret,Jaret,Patterson
2024,LAC,00-0036867,Chris Rumph II,Chris,Chris,Rumph
2024,LAC,00-0036892,Alex Leatherwood,Alex,Alex,Leatherwood
2024,LAC,00-0036988,Josh Palmer,Josh,Josh,Palmer
2024,LAC,00-0036992,Elijah Molden,Elijah,Elijah,Molden
2024,LAC,00-0037009,Rashawn Slater,Rashawn,Rashawn,Slater
2024,LAC,00-0037224,Cameron Dicker,Cameron,Cameron,Dicker
2024,LAC,00-0037270,Otito Ogbonnia,Otito,Otito,Ogbonnia
2024,LAC,00-0037295,Jamaree Salyer,Jamaree,Jamaree,Salyer
2024,LAC,00-0037307,Ja'Sir Taylor,Ja'Sir,Ja'Sir,Taylor
2024,LAC,00-0037320,Deane Leonard,Deane,Deane,Leonard
2024,LAC,00-0037375,Christopher Hinton,Christopher,Christopher,Hinton
2024,LAC,00-0037474,Ty Shelby,Ty,Ty,Shelby
2024,LAC,00-0037475,Stone Smartt,Stone,Stone,Smartt
2024,LAC,00-0037583,Matt Hankins,Matt,Matt,Hankins
2024,LAC,00-0037617,Hassan Haskins,Hassan,Hassan,Haskins
2024,LAC,00-0037654,Tucker Fisk,Tucker,Tucker,Fisk
2024,LAC,00-0037818,Zion Johnson,Zion,Zion,Johnson
2024,LAC,00-0038045,Isaiah Spiller,Isaiah,Isaiah,Spiller
2024,LAC,00-0038414,Kendall Williamson,Kendall,Kendall,Williamson
2024,LAC,00-0038500,Brent Laing,Brent,Brent,Laing
2024,LAC,00-0038544,Quentin Johnston,Quentin,Quentin,Johnston
2024,LAC,00-0038553,Daiyan Henley,Daiyan,Daiyan,Henley
2024,LAC,00-0038573,Derius Davis,Derius,Derius,Davis
2024,LAC,00-0038595,Jordan McFadden,Jordan,Jordan,McFadden
2024,LAC,00-0038614,Scott Matlock,Scott,Scott,Matlock
2024,LAC,00-0038637,Max Duggan,Max,Max,Duggan
2024,LAC,00-0038851,Caleb Murphy,Caleb,Caleb,Murphy
2024,LAC,00-0038861,Jerrod Clark,Jerrod,Jerrod,Clark
2024,LAC,00-0038862,Elijah Dotson,Elijah,Elijah,Dotson
2024,LAC,00-0038865,Andrew Farmer,Andrew,Andrew,Farmer
2024,LAC,00-0038866,AJ Finley,Allister,A.J.,Finley
2024,LAC,00-0039010,Braeden Daniels,Braeden,Braeden,Daniels
2024,LAC,00-0039028,Nehemiah Shelton,Nehemiah,Nehemiah,Shelton
2024,LAC,00-0039111,Tuli Tuipulotu,Tulikihelotu,Tuli,Tuipulotu
2024,LAC,00-0039176,Basil Okoye,Basil,Basil,Okoye
2024,LAC,00-0039263,McCallan Castles,McCallan,McCallan,Castles
2024,LAC,00-0039346,Junior Colson,Junior,Junior,Colson
2024,LAC,00-0039366,Tarheeb Still,Tarheeb,Tarheeb,Still
2024,LAC,00-0039369,Cam Hart,Cam,Cam,Hart
2024,LAC,00-0039391,Kimani Vidal,Kimani,Kimani,Vidal
2024,LAC,00-0039415,Brenden Rice,Brenden,Brenden,Rice
2024,LAC,00-0039437,Cornelius Johnson,Cornelius,Cornelius,Johnson
2024,LAC,00-0039452,Isaac Rex,Isaac,Isaac,Rex
2024,LAC,00-0039526,Emany Johnson,Emany,Emany,Johnson
2024,LAC,00-0039655,Karsen Barnhart,Karsen,Karsen,Barnhart
2024,LAC,00-0039656,Luke Benson,Luke,Luke,Benson
2024,LAC,00-0039657,Casey Bauman,Casey,Casey,Bauman
2024,LAC,00-0039658,Akeem Dent,Akeem,Akeem,Dent
2024,LAC,00-0039659,Jaelen Gill,Jaelen,Jaelen,Gill
2024,LAC,00-0039661,Zach Heins,Zach,Zach,Heins
2024,LAC,00-0039662,Savion Jackson,Savion,Savion,Jackson
2024,LAC,00-0039663,Jeremiah Jean-Baptiste,Jeremiah,Jeremiah,Jean-Baptiste
2024,LAC,00-0039664,Jaylen Johnson,Jaylen,Jaylen,Johnson
2024,LAC,00-0039665,Leon Johnson,Leon,Leon,Johnson
2024,LAC,00-0039666,Robert Kennedy,Robert,Robert,Kennedy
2024,LAC,00-0039667,Shane Lee,Shane,Shane,Lee
2024,LAC,00-0039668,Micheal Mason,Micheal,Micheal,Mason
2024,LAC,00-0039669,Tyler McLellan,Tyler,Tyler,McLellan
2024,LAC,00-0039670,Tre'Mon Morris-Brash,Tre'Mon,Tre'Mon,Morris-Brash
2024,LAC,00-0039670,Tre'Monon Morris-Brash,Tre'Mon,Tre'Mon,Morris-Brash
2024,LAC,00-0039671,Willis Patrick,Willis,Willis,Patrick
2024,LAC,00-0039672,Jalyn Phillips,Jalyn,Jalyn,Phillips
2024,LAC,00-0039674,Zamari Walton,Zamari,Zamari,Walton
2024,LAC,00-0039675,Bucky Williams,Michael,Bucky,Williams
2024,LAC,00-0039730,Isaiah Wooden,Isaiah,Isaiah,Wooden
2024,LAC,00-0039806,Chris Collins,Chris,Chris,Collins
2024,LAC,00-0039835,Justin Eboigbe,Justin,Justin,Eboigbe
2024,LAC,00-0039897,Joe Alt,Joe,Joe,Alt
2024,LAC,00-0039915,Ladd McConkey,Andrew,Ladd,McConkey
2024,LV,00-0030070,John Jenkins,Johnathan,John,Jenkins
2024,LV,00-0031381,Davante Adams,Davante,Davante,Adams
2024,LV,00-0032104,Ameer Abdullah,Ameer,Ameer,Abdullah
2024,LV,00-0032203,Andrus Peat,Andrus,Andrus,Peat
2024,LV,00-0032768,Cody Whitehair,Cody,Cody,Whitehair
2024,LV,00-0033381,Adam Butler,Adam,Adam,Butler
2024,LV,00-0034161,Daniel Carlson,Daniel,Daniel,Carlson
2024,LV,00-0034545,Brandon Facyson,Brandon,Brandon,Facyson
2024,LV,00-0034720,Robert Spillane,Robert,Robert,Spillane
2024,LV,00-0034759,Kolton Miller,Kolton,Kolton,Miller
2024,LV,00-0034764,Michael Gallup,Michael,Michael,Gallup
2024,LV,00-0034792,Cornell Armstrong,Cornell,Cornell,Armstrong
2024,LV,00-0034960,Jakobi Meyers,Jakobi,Jakobi,Meyers
2024,LV,00-0034972,Alexander Mattison,Alexander,Alexander,Mattison
2024,LV,00-0034973,Maxx Crosby,Maxx,Maxx,Crosby
2024,LV,00-0034993,Marcus Epps,Marcus,Marcus,Epps
2024,LV,00-0035127,Andre James,Andre,Andre,James
2024,LV,00-0035190,AJ Cole,A.J.,A.J.,Cole
2024,LV,00-0035222,Zach Gentry,Zach,Zach,Gentry
2024,LV,00-0035231,Christian Wilkins,Christian,Christian,Wilkins
2024,LV,00-0035259,Trevon Wesco,Trevon,Trevon,Wesco
2024,LV,00-0035289,Gardner Minshew,Gardner,Gardner,Minshew
2024,LV,00-0035414,Jalen Guyton,Jalen,Jalen,Guyton
2024,LV,00-0035602,Alex Bachman,Alex,Alex,Bachman
2024,LV,00-0035757,Jacob Bobenmoyer,Jacob,Jacob,Bobenmoyer
2024,LV,00-0035984,Blake Lynch,Blake,Blake,Lynch
2024,LV,00-0036183,Kristian Wilkerson,Kristian,Kristian,Wilkerson
2024,LV,00-0036232,Harrison Bryant,Harrison,Harrison,Bryant
2024,LV,00-0036286,K'Lavon Chaisson,K'Lavon,K'Lavon,Chaisson
2024,LV,00-0036312,Jake Luton,Jake,Jake,Luton
2024,LV,00-0036394,Darnay Holmes,Darnay,Darnay,Holmes
2024,LV,00-0036527,DJ Turner,Darryl,D.J.,Turner
2024,LV,00-0036604,Jordan Meredith,Jordan,Jordan,Meredith
2024,LV,00-0036671,Dax Milne,Dax,Dax,Milne
2024,LV,00-0036711,Charles Snowden,Charles,Charles,Snowden
2024,LV,00-0036871,Nate Hobbs,Nate,Nate,Hobbs
2024,LV,00-0036878,Janarius Robinson,Janarius,Janarius,Robinson
2024,LV,00-0036895,Elerson G. Smith,Elerson,Elerson,Smith
2024,LV,00-0036955,Terrace Marshall Jr.,Terrace,Terrace,Marshall
2024,LV,00-0036962,Tre'von Moehrig,Trevon,Trevon,Moehrig
2024,LV,00-0036989,Malcolm Koonce,Malcolm,Malcolm,Koonce
2024,LV,00-0036990,Divine Deablo,Divine,Divine,Deablo
2024,LV,00-0037255,Dylan Parham,Dylan,Dylan,Parham
2024,LV,00-0037280,Matthew Butler,Matthew,Matthew,Butler
2024,LV,00-0037322,Thayer Munford Jr.,Thayer,Thayer,Munford
2024,LV,00-0037329,Brittain Brown,Brittain,Brittain,Brown
2024,LV,00-0037363,Marquan McCall,Marquan,Marquan,McCall
2024,LV,00-0037383,Kana'i Mauga,Kana'i,Kana'i,Mauga
2024,LV,00-0037413,Ben Brown,Ben,Ben,Brown
2024,LV,00-0037450,Tyreik McAllister,Tyreik,Tyreik,McAllister
2024,LV,00-0037503,Darien Butler,Darien,Darien,Butler
2024,LV,00-0037506,Cole Fotheringham,Cole,Cole,Fotheringham
2024,LV,00-0037509,Sincere McCormick,Sincere,Sincere,McCormick
2024,LV,00-0037512,Isaiah Pola-Mao,Isaiah,Isaiah,Pola-Mao
2024,LV,00-0037516,Sam Webb,Sam,Sam,Webb
2024,LV,00-0037517,Luke Masterson,Luke,Luke,Masterson
2024,LV,00-0037600,Jalen McKenzie,Jalen,Jalen,McKenzie
2024,LV,00-0037804,Zachary Carter,Zachary,Zach,Carter
2024,LV,00-0038039,Jack Jones,Jack,Jack,Jones
2024,LV,00-0038040,Zamir White,Zamir,Zamir,White
2024,LV,00-0038045,Isaiah Spiller,Isaiah,Isaiah,Spiller
2024,LV,00-0038113,Brandon Smith,Brandon,Brandon,Smith
2024,LV,00-0038122,Desmond Ridder,Desmond,Desmond,Ridder
2024,LV,00-0038381,Kyu Kelly,Kyu Blu,Kyu Blu,Kelly
2024,LV,00-0038541,Tyree Wilson,Tyree,Tyree,Wilson
2024,LV,00-0038563,Tre Tucker,Tre,Tre,Tucker
2024,LV,00-0038579,Aidan O'Connell,Aidan,Aidan,O'Connell
2024,LV,00-0038590,Justin Shorter,Justin,Justin,Shorter
2024,LV,00-0038602,Chris Smith II,Christopher,Christopher,Smith
2024,LV,00-0038617,Amari Burney,Amari,Amari,Burney
2024,LV,00-0038634,Nesta Jade Silvera,Nesta Jade,Nesta Jade,Silvera
2024,LV,00-0038801,Andre Carter II,Andre,Andre,Carter
2024,LV,00-0038819,Keenan Isaac,Keenan,Keenan,Isaac
2024,LV,00-0038860,Terrell Bynum,Terrell,Terrell,Bynum
2024,LV,00-0038879,Corey Luciano,Corey,Corey,Luciano
2024,LV,00-0038891,Shedrick Jackson,Shedrick,Shedrick,Jackson
2024,LV,00-0038915,Jaydon Grant,Jaydon,Jaydon,Grant
2024,LV,00-0038920,John Shenker,John Samuel,John Samuel,Shenker
2024,LV,00-0038923,Dalton Wagner,Dalton,Dalton,Wagner
2024,LV,00-0039066,Michael Mayer,Michael,Michael,Mayer
2024,LV,00-0039072,Jakorian Bennett,Jakorian,Jakorian,Bennett
2024,LV,00-0039177,David Agoha,David Ebuka,David Ebuka,Agoha
2024,LV,00-0039244,Chris Collier,Chris,Chris,Collier
2024,LV,00-0039262,Gottlieb Ayedze,Gottlieb,Gottlieb,Ayedze
2024,LV,00-0039338,Brock Bowers,Brock,Brock,Bowers
2024,LV,00-0039349,DJ Glaze,Delmar,Delmar,Glaze
2024,LV,00-0039357,Decamerion Richardson,Decamerion,Decamerion,Richardson
2024,LV,00-0039374,Tommy Eichenberg,Tommy,Tommy,Eichenberg
2024,LV,00-0039407,Dylan Laube,Dylan,Dylan,Laube
2024,LV,00-0039413,Trey Taylor,Trey,Trey,Taylor
2024,LV,00-0039418,MJ Devonshire,Marlin,M.J.,Devonshire
2024,LV,00-0039423,Jonah Laulu,Jonah,Jonah,Laulu
2024,LV,00-0039499,Jackson Mitchell,Jackson,Jackson,Mitchell
2024,LV,00-0039509,Ovie Oghoufo,Ovie,Ovie,Oghoufo
2024,LV,00-0039533,Clark Barrington,Clark,Clark,Barrington
2024,LV,00-0039534,Carter Bradley,Carter,Carter,Bradley
2024,LV,00-0039535,Andrew Coker,Andrew,Andrew,Coker
2024,LV,00-0039536,Jeff Foreman,Jeff,Jeff,Foreman
2024,LV,00-0039537,Tomari Fox,Tomari,Tomari,Fox
2024,LV,00-0039538,TJ Franklin,T.J.,T.J.,Franklin
2024,LV,00-0039539,Amari Gainer,Amari,Amari,Gainer
2024,LV,00-0039540,Demarcus Governor,Demarcus,Woo,Governor
2024,LV,00-0039542,Jake Johanning,Jacob,Jacob,Johanning
2024,LV,00-0039543,Ramel Keyton,Ramel,Ramel,Keyton
2024,LV,00-0039544,Will Putnam,Will,Will,Putnam
2024,LV,00-0039545,Phalen Sanford,Phalen,Phalen,Sanford
2024,LV,00-0039546,Noah Shannon,Noah,Noah,Shannon
2024,LV,00-0039547,Ja'Quan Sheppard,Ja'Quan,Ja'Quan,Sheppard
2024,LV,00-0039548,Ron Stone,Ron,Ron,Stone
2024,LV,00-0039549,Rayshad Williams,Rayshad,Rayshad,Williams
2024,LV,00-0039660,Thomas Harper,Thomas,Thomas,Harper
2024,LV,00-0039712,Tyler Manoa,Tyler,Tyler,Manoa
2024,LV,00-0039735,Jackson Powers-Johnson,Jackson,Jackson,Powers-Johnson
2024,MIA,00-0026190,Calais Campbell,Calais,Calais,Campbell
2024,MIA,00-0027187,Matt Overton,Matthew,Matt,Overton
2024,MIA,00-0028394,Jake McQuaide,Jacob,Jake,McQuaide
2024,MIA,00-0030067,Terron Armstead,Terron,Terron,Armstead
2024,MIA,00-0030114,Jordan Poyer,Jordan,Jordan,Poyer
2024,MIA,00-0031101,Shaquil Barrett,Shaquil,Shaquil,Barrett
2024,MIA,00-0031235,Odell Beckham Jr.,Odell,Odell,Beckham
2024,MIA,00-0031687,Raheem Mostert,Dominique,Raheem,Mostert
2024,MIA,00-0031921,Kendall Lamm,Kendall,Kendall,Lamm
2024,MIA,00-0032688,Robbie Chosen,Robbie,Robbie,Chosen
2024,MIA,00-0033040,Tyreek Hill,Tyreek,Tyreek,Hill
2024,MIA,00-0033055,Jalen Ramsey,Jalen,Jalen,Ramsey
2024,MIA,00-0033073,Emmanuel Ogbah,Emmanuel,Emmanuel,Ogbah
2024,MIA,00-0033084,Kendall Fuller,Kendall,Kendall,Fuller
2024,MIA,00-0033196,Zach Triner,Zach,Zach,Triner
2024,MIA,00-0033283,Tyus Bowser,Tyus,Tyus,Bowser
2024,MIA,00-0033466,Isaiah McKenzie,Isaiah,Isaiah,McKenzie
2024,MIA,00-0033511,Sean Harlow,Sean,Sean,Harlow
2024,MIA,00-0033549,Duke Riley,Duke,Duke,Riley
2024,MIA,00-0033570,Anthony Walker,Anthony,Anthony,Walker
2024,MIA,00-0033858,Jonnu Smith,Jonnu,Jonnu,Smith
2024,MIA,00-0033892,Marcus Maye,Marcus,Marcus,Maye
2024,MIA,00-0033936,C.J. Beathard,Casey,C.J.,Beathard
2024,MIA,00-0034054,River Cracraft,Tanner,River,Cracraft
2024,MIA,00-0034115,Jeff Wilson,Jeffery,Jeffery,Wilson
2024,MIA,00-0034177,Tim Boyle,Timothy,Tim,Boyle
2024,MIA,00-0034248,Elijah Campbell,Elijah,Elijah,Campbell
2024,MIA,00-0034285,Zach Sieler,Zach,Zach,Sieler
2024,MIA,00-0034371,Da'Shawn Hand,Da'Shawn,Da'Shawn,Hand
2024,MIA,00-0034391,Siran Neal,Siran,Siran,Neal
2024,MIA,00-0034419,Braxton Berrios,Braxton,Braxton,Berrios
2024,MIA,00-0034657,Matt Dickerson,Matthew,Matt,Dickerson
2024,MIA,00-0034794,Jason Sanders,Jason,Jason,Sanders
2024,MIA,00-0034798,Durham Smythe,Durham,Durham,Smythe
2024,MIA,00-0034832,Bradley Chubb,Bradley,Bradley,Chubb
2024,MIA,00-0034833,Isaiah Wynn,Isaiah,Isaiah,Wynn
2024,MIA,00-0035000,Quinton Bell,Quinton,Quinton,Bell
2024,MIA,00-0035048,Wyatt Ray,Wyatt,Wyatt,Ray
2024,MIA,00-0035073,Jonathan Harris,Jonathan,Jonathan,Harris
2024,MIA,00-0035117,Lester Cotton,Lester,Lester,Cotton
2024,MIA,00-0035125,Alec Ingold,Alec,Alec,Ingold
2024,MIA,00-0035280,Jake Bailey,Jacob,Jake,Bailey
2024,MIA,00-0035292,David Long,David,David,Long
2024,MIA,00-0035292,David Long Jr.,David,David,Long
2024,MIA,00-0035346,Nik Needham,Nikolas,Nik,Needham
2024,MIA,00-0035352,Tyrel Dodson,Tyrel,Tyrel,Dodson
2024,MIA,00-0035519,Isaiah Mack,Isaiah,Isaiah,Mack
2024,MIA,00-0035547,Joseph Fortson,Joseph,Joseph,Fortson
2024,MIA,00-0035841,Benito Jones,Benito,Benito,Jones
2024,MIA,00-0035993,Tyler Huntley,Tyler,Tyler,Huntley
2024,MIA,00-0036020,Salvon Ahmed,Salvon,Salvon,Ahmed
2024,MIA,00-0036171,Aaron Brewer,Aaron,Aaron,Brewer
2024,MIA,00-0036212,Tua Tagovailoa,Tua,Tua,Tagovailoa
2024,MIA,00-0036217,Blake Ferguson,Blake,Blake,Ferguson
2024,MIA,00-0036248,Austin Jackson,Austin,Austin,Jackson
2024,MIA,00-0036336,Anthony McFarland,Anthony,Anthony,McFarland
2024,MIA,00-0036400,Cameron Brown,Cameron,Cam,Brown
2024,MIA,00-0036409,Jordyn Brooks,Jordyn,Jordyn,Brooks
2024,MIA,00-0036471,Mathew Sexton,Mathew,Mathew,Sexton
2024,MIA,00-0036491,Tarik Black,Tarik,Tarik,Black
2024,MIA,00-0036558,Daviyon Nixon,Daviyon,Daviyon,Nixon
2024,MIA,00-0036596,Robert Jones,Robert,Robert,Jones
2024,MIA,00-0036613,Jaylen Waddle,Jaylen,Jaylen,Waddle
2024,MIA,00-0036620,D'Wayne Eskridge,D'Wayne,D'Wayne,Eskridge
2024,MIA,00-0036620,Dee Eskridge,D'Wayne,D'Wayne,Eskridge
2024,MIA,00-0036664,Will Bradley-King,William,William,Bradley-King
2024,MIA,00-0036695,Naquan Jones,Naquan,Naquan,Jones
2024,MIA,00-0036741,Jack Stoll,Jack,Jack,Stoll
2024,MIA,00-0036839,Kion Smith,Kion,Kion,Smith
2024,MIA,00-0036865,Jackson Carman,Jackson,Jackson,Carman
2024,MIA,00-0036934,Jaelan Phillips,Jaelan,Jaelan,Phillips
2024,MIA,00-0036998,Jevon Holland,Jevon,Jevon,Holland
2024,MIA,00-0036999,Anthony Schwartz,Anthony,Anthony,Schwartz
2024,MIA,00-0037010,Liam Eichenberg,Liam,Liam,Eichenberg
2024,MIA,00-0037172,Kyric McGowan,Kyric,Kyric,McGowan
2024,MIA,00-0037315,Cameron Goode,Cameron,Cameron,Goode
2024,MIA,00-0037327,Skylar Thompson,Skylar,Skylar,Thompson
2024,MIA,00-0037331,Zander Horvath,Alexander,Zander,Horvath
2024,MIA,00-0037334,Mike Harley Jr.,Mike,Mike,Harley
2024,MIA,00-0037348,Tanner Conner,Tanner,Tanner,Conner
2024,MIA,00-0037353,Kader Kohou,Kader,Kader,Kohou
2024,MIA,00-0037355,Braylon Sanders,Braylon,Braylon,Sanders
2024,MIA,00-0037592,David Anenih,David,David,Anenih
2024,MIA,00-0037619,Chasen Hines,Chasen,Chasen,Hines
2024,MIA,00-0037686,Tucker Addington,Tucker,Tucker,Addington
2024,MIA,00-0037813,Channing Tindall,Channing,Channing,Tindall
2024,MIA,00-0038092,Erik Ezukanma,Erik,Erik,Ezukanma
2024,MIA,00-0038093,Neil Farrell,Neil,Neil,Farrell
2024,MIA,00-0038507,Grant DuBose,Grant,Grant,DuBose
2024,MIA,00-0038511,Anderson Hardy,Anderson,Anderson,Hardy
2024,MIA,00-0038518,Deneric Prince,Deneric,Deneric,Prince
2024,MIA,00-0038669,Dequan Jackson,Dequan,Dequan,Jackson
2024,MIA,00-0038684,Ethan Bonner,Ethan,Ethan,Bonner
2024,MIA,00-0038694,Brandon Pili,Brandon,Brandon,Pili
2024,MIA,00-0038700,Ezekiel Vandenburgh,Zeke,Zeke,Vandenburgh
2024,MIA,00-0038720,Julian Hill,Julian,Julian,Hill
2024,MIA,00-0038757,Robert Cooper,Robert,Robert,Cooper
2024,MIA,00-0038842,Shakel Brown,Shakel,Shakel,Brown
2024,MIA,00-0039010,Braeden Daniels,Braeden,Braeden,Daniels
2024,MIA,00-0039040,De'Von Achane,Devon,Devon,Achane
2024,MIA,00-0039042,Ryan Hayes,Ryan,Ryan,Hayes
2024,MIA,00-0039133,Cam Smith,Cam,Cam,Smith
2024,MIA,00-0039479,Je'Quan Burton,Je'Quan,Je'Quan,Burton
2024,MIA,00-0039480,Jordan Colbert,Jordan,Jordan,Colbert
2024,MIA,00-0039481,Storm Duck,Storm,Storm,Duck
2024,MIA,00-0039482,Gavin Hardison,Gavin,Gavin,Hardison
2024,MIA,00-0039483,Isaiah Johnson,Isaiah,Isaiah,Johnson
2024,MIA,00-0039484,Matthew Jones,Matthew,Matthew,Jones
2024,MIA,00-0039485,Andrew Meyer,Andrew,Andrew,Meyer
2024,MIA,00-0039486,Grayson Murphy,Grayson,Grayson,Murphy
2024,MIA,00-0039487,Leonard Payne,Leonard,Leonard,Payne
2024,MIA,00-0039489,Hayden Rucci,Hayden,Hayden,Rucci
2024,MIA,00-0039497,Derrick McLendon,Derrick,Derrick,McLendon
2024,MIA,00-0039604,Jadon Janke,Jadon,Jadon,Janke
2024,MIA,00-0039804,Ireland Brown,Ireland,Ireland,Brown
2024,MIA,00-0039805,Jason Maitre,Jason,Jason,Maitre
2024,MIA,00-0039874,Jaylen Wright,Jaylen,Jaylen,Wright
2024,MIA,00-0039877,Mohamed Kamara,Mohamed,Mohamed,Kamara
2024,MIA,00-0039880,Malik Washington,Malik,Malik,Washington
2024,MIA,00-0039881,Patrick McMorris,Patrick,Patrick,McMorris
2024,MIA,00-0039884,Tahj Washington,Tahj,Tahj,Washington
2024,MIA,00-0039899,Patrick Paul,Patrick,Patrick,Paul
2024,MIA,00-0039911,Chop Robinson,Demeioun,Chop,Robinson
2024,MIA,00-0039933,Bayron Matos,Bayron,Bayron,Matos
2024,MIN,00-0028394,Jake McQuaide,Jacob,Jake,McQuaide
2024,MIN,00-0029542,Stephon Gilmore,Stephon,Stephon,Gilmore
2024,MIN,00-0029606,Harrison Smith,Harrison,Harrison,Smith
2024,MIN,00-0029714,Andrew DePaola,Andrew,Andrew,DePaola
2024,MIN,00-0030097,David Quessenberry,David,David,Quessenberry
2024,MIN,00-0031587,Bobby McCain,Bobby,Bobby,McCain
2024,MIN,00-0032437,Kamu Grugier-Hill,Caelan Kamuela,Kamu,Grugier-Hill
2024,MIN,00-0032918,C.J. Ham,Cortez,C.J.,Ham
2024,MIN,00-0033046,Jihad Ward,Jihad,Jihad,Ward
2024,MIN,00-0033093,Jonathan Bullard,Jonathan,Jonathan,Bullard
2024,MIN,00-0033246,Johnny Mundt,Johnny,Johnny,Mundt
2024,MIN,00-0033293,Aaron Jones,Aaron,Aaron,Jones
2024,MIN,00-0033319,Nick Mullens,Nicholas,Nick,Mullens
2024,MIN,00-0033716,Calvin Munson,Calvin,Calvin,Munson
2024,MIN,00-0033757,Robert Tonyan,Robert,Robert,Tonyan
2024,MIN,00-0033889,Cam Robinson,Cameron,Cam,Robinson
2024,MIN,00-0033910,Dan Feeney,Daniel,Dan,Feeney
2024,MIN,00-0033918,Fabian Moreau,Fabian,Fabian,Moreau
2024,MIN,00-0033926,Shaquill Griffin,Shaquill,Shaquill,Griffin
2024,MIN,00-0034158,Brian O'Neill,Brian,Brian,O'Neill
2024,MIN,00-0034487,Trent Sherfield,Trent,Trent,Sherfield
2024,MIN,00-0034646,Brandon Powell,Brandon,Brandon,Powell
2024,MIN,00-0034782,Harrison Phillips,Harrison,Harrison,Phillips
2024,MIN,00-0034869,Sam Darnold,Sam,Sam,Darnold
2024,MIN,00-0034955,Brett Rypien,Brett,Brett,Rypien
2024,MIN,00-0035073,Jonathan Harris,Jonathan,Jonathan,Harris
2024,MIN,00-0035229,T.J. Hockenson,Thomas,T.J.,Hockenson
2024,MIN,00-0035236,Byron Murphy,Byron,Byron,Murphy
2024,MIN,00-0035249,Josh Oliver,Josh,Josh,Oliver
2024,MIN,00-0035272,Andrew Van Ginkel,Andrew,Andrew,Van Ginkel
2024,MIN,00-0035276,Blake Cashman,Blake,Blake,Cashman
2024,MIN,00-0035311,Myles Gaskin,Myles,Myles,Gaskin
2024,MIN,00-0035444,Jordan Kunaszyk,Jordan,Jordan,Kunaszyk
2024,MIN,00-0035588,Garrett Bradbury,Garrett,Garrett,Bradbury
2024,MIN,00-0035624,N'Keal Harry,N'Keal,N'Keal,Harry
2024,MIN,00-0035674,Jerry Tillery,Jerry,Jerry,Tillery
2024,MIN,00-0035702,Dalton Risner,Dalton,Dalton,Risner
2024,MIN,00-0035710,Daniel Jones,Daniel,Daniel,Jones
2024,MIN,00-0035934,Trishton Jackson,Trishton,Trishton,Jackson
2024,MIN,00-0035944,Jonah Williams,Jonah,Jonah,Williams
2024,MIN,00-0036114,A.J. Green,Alvin,A.J.,Green
2024,MIN,00-0036224,Jonathan Greenard,Jonathan,Jonathan,Greenard
2024,MIN,00-0036322,Justin Jefferson,Justin,Justin,Jefferson
2024,MIN,00-0036347,Blake Brandel,Blake,Blake,Brandel
2024,MIN,00-0036348,Josh Metellus,Joshua,Josh,Metellus
2024,MIN,00-0036414,Cam Akers,Cam,Cam,Akers
2024,MIN,00-0036474,Sammis Reyes,Sammis,Sammis,Reyes
2024,MIN,00-0036614,Jamin Davis,Jamin,Jamin,Davis
2024,MIN,00-0036616,Christian Darrisaw,Christian,Christian,Darrisaw
2024,MIN,00-0036629,Camryn Bynum,Camryn,Camryn,Bynum
2024,MIN,00-0036785,Coy Cronk,Coy,Coy,Cronk
2024,MIN,00-0036935,Kelvin Joseph,Kelvin,Kelvin,Joseph
2024,MIN,00-0036986,Nahshon Wright,Nahshon,Nahshon,Wright
2024,MIN,00-0037007,Patrick Jones II,Patrick,Patrick,Jones
2024,MIN,00-0037008,Ambry Thomas,Ambry,Ambry,Thomas
2024,MIN,00-0037167,Tyrese Robinson,Tyrese,Tyrese,Robinson
2024,MIN,00-0037276,Ty Chandler,Ty,Ty,Chandler
2024,MIN,00-0037291,Jalen Nailor,Jalen,Jalen,Nailor
2024,MIN,00-0037301,Theo Jackson,Theo,Theo,Jackson
2024,MIN,00-0037317,Nick Muse,Nick,Nick,Muse
2024,MIN,00-0037500,Ryan Wright,Ryan,Ryan,Wright
2024,MIN,00-0037508,Justin Hall,Justin,Justin,Hall
2024,MIN,00-0037542,John Parker Romo,John Parker,John Parker,Romo
2024,MIN,00-0037591,Leroy Watson IV,Leroy,Leroy,Watson
2024,MIN,00-0037822,Brian Asamoah,Brian,Brian,Asamoah
2024,MIN,00-0038101,Akayleb Evans,Akayleb,Akayleb,Evans
2024,MIN,00-0038131,Ed Ingram,Edward,Ed,Ingram
2024,MIN,00-0038132,Matt Corral,Matt,Matt,Corral
2024,MIN,00-0038181,Lucky Jackson,Dontavian,Lucky,Jackson
2024,MIN,00-0038405,Travis Bell,Travis,Travis,Bell
2024,MIN,00-0038440,Zavier Scott,Zavier,Zavier,Scott
2024,MIN,00-0038464,Chuck Filiaga,Chuck,Chuck,Filiaga
2024,MIN,00-0038486,Trevor Reid,Trevor,Trevor,Reid
2024,MIN,00-0038565,Mekhi Blackmon,Mekhi,Mekhi,Blackmon
2024,MIN,00-0038578,Jay Ward,Jay,Jay,Ward
2024,MIN,00-0038584,Jaquelin Roy,Jaquelin,Jaquelin,Roy
2024,MIN,00-0038656,Mohamed Ibrahim,Mohamed,Mohamed,Ibrahim
2024,MIN,00-0038776,Ricky Lee,Ricky,Ricky,Lee
2024,MIN,00-0038778,Jalen Redmond,Jalen,Jalen,Redmond
2024,MIN,00-0038785,Henry Byrd,Henry,Henry,Byrd
2024,MIN,00-0038801,Andre Carter II,Andre,Andre,Carter
2024,MIN,00-0038806,Malik Knowles,Malik,Malik,Knowles
2024,MIN,00-0038807,Ivan Pace Jr.,Ivan,Ivan,Pace
2024,MIN,00-0038810,Thayer Thomas,Thayer,Thayer,Thomas
2024,MIN,00-0038811,NaJee Thompson,NaJee,NaJee,Thompson
2024,MIN,00-0038812,Jaylin Williams,Jaylin,Jaylin,Williams
2024,MIN,00-0038994,Jordan Addison,Jordan,Jordan,Addison
2024,MIN,00-0039046,DeWayne McBride,DeWayne,DeWayne,McBride
2024,MIN,00-0039251,Julian Pearl,Julian,Julian,Pearl
2024,MIN,00-0039404,Will Reichard,William,Will,Reichard
2024,MIN,00-0039419,Michael Jurgens,Michael,Michael,Jurgens
2024,MIN,00-0039421,Levi Drake Rodriguez,Levi,Levi Drake,Rodriguez
2024,MIN,00-0039507,Marcellus Johnson,Marcellus,Marcellus,Johnson
2024,MIN,00-0039607,Maxwell Tooley,Max,Max,Tooley
2024,MIN,00-0039704,Matthew Cindric,Matthew,Matthew,Cindric
2024,MIN,00-0039706,Jeremy Flax,Jeremy,Jeremy,Flax
2024,MIN,00-0039707,Dallas Gant,Dallas,Dallas,Gant
2024,MIN,00-0039708,Devron Harper,Devron,Devron,Harper
2024,MIN,00-0039709,Ty James,Ty,Ty,James
2024,MIN,00-0039710,Jeshaun Jones,Jeshaun,Jeshaun,Jones
2024,MIN,00-0039711,Trey Knox,Trey,Trey,Knox
2024,MIN,00-0039714,Dwight McGlothern,Dwight,Dwight,McGlothern
2024,MIN,00-0039715,Gabriel Murphy,Gabriel,Gabriel,Murphy
2024,MIN,00-0039717,Owen Porter,Owen,Owen,Porter
2024,MIN,00-0039718,Bo Richter,Bo,Bo,Richter
2024,MIN,00-0039719,Spencer Rolland,Spencer,Spencer,Rolland
2024,MIN,00-0039720,Taki Taimani,Sam,Taki,Taimani
2024,MIN,00-0039782,Neal Johnson,Neal,Neal,Johnson
2024,MIN,00-0039828,Walter Rouse,Walter,Walter,Rouse
2024,MIN,00-0039856,Khyree Jackson,Khyree,Khyree,Jackson
2024,MIN,00-0039923,J.J. McCarthy,Jonathan,J.J.,McCarthy
2024,MIN,00-0039924,Dallas Turner,Dallas,Dallas,Turner
2024,NE,00-0031852,David Andrews,James,David,Andrews
2024,NE,00-0032228,Joe Cardona,Joe,Joe,Cardona
2024,NE,00-0032392,Austin Hooper,Austin,Austin,Hooper
2024,NE,00-0032543,Alex Erickson,Alex,Alex,Erickson
2024,NE,00-0032580,Jonathan Jones,Jonathan,Jonathan,Jones
2024,NE,00-0033090,Hunter Henry,Hunter,Hunter,Henry
2024,NE,00-0033119,Jacoby Brissett,Jacoby,Jacoby,Brissett
2024,NE,00-0033123,Yannick Ngakoue,Yannick,Yannick,Ngakoue
2024,NE,00-0033307,Kendrick Bourne,Kendrick,Kendrick,Bourne
2024,NE,00-0033461,Raekwon McMillan,Raekwon,Raekwon,McMillan
2024,NE,00-0033860,Davon Godchaux,Davon,Davon,Godchaux
2024,NE,00-0033883,Jabrill Peppers,Jabrill,Jabrill,Peppers
2024,NE,00-0033947,Deatrich Wise,Deatrich,Deatrich,Wise
2024,NE,00-0034251,Daniel Ekuale,Daniel,Daniel,Ekuale
2024,NE,00-0034385,Ja'Whaun Bentley,Ja'Whaun,Ja'Whaun,Bentley
2024,NE,00-0034768,Chukwuma Okorafor,Chukwuma,Chukwuma,Okorafor
2024,NE,00-0034957,Calvin Anderson,Calvin,Calvin,Anderson
2024,NE,00-0034992,Armon Watts,Armon,Armon,Watts
2024,NE,00-0035117,Lester Cotton,Lester,Lester,Cotton
2024,NE,00-0035192,Joey Slye,Joey,Joey,Slye
2024,NE,00-0035240,Jahlani Tavai,Jahlani,Jahlani,Tavai
2024,NE,00-0035247,Trysten Hill,Trysten,Trysten,Hill
2024,NE,00-0035266,Mike Jordan,Michael,Michael,Jordan
2024,NE,00-0035363,Joe Giles-Harris,Joe,Joe,Giles-Harris
2024,NE,00-0035646,Sione Takitaki,Sione,Sione,Takitaki
2024,NE,00-0035708,Oshane Ximines,Oshane,Oshane,Ximines
2024,NE,00-0035771,Mitchell Wilcox,Mitchell,Mitchell,Wilcox
2024,NE,00-0035806,JaMycal Hasty,Jamycal,Jamycal,Hasty
2024,NE,00-0036105,Nick Leverett,Nick,Nick,Leverett
2024,NE,00-0036159,Joshua Uche,Josh,Josh,Uche
2024,NE,00-0036159,Joshua Uche,Joshua,Joshua,Uche
2024,NE,00-0036193,Anfernee Jennings,Anfernee,Anfernee,Jennings
2024,NE,00-0036198,Mike Onwenu,Michael,Michael,Onwenu
2024,NE,00-0036231,Kyle Dugger,Kyle,Kyle,Dugger
2024,NE,00-0036302,Jaylinn Hawkins,Jaylinn,Jaylinn,Hawkins
2024,NE,00-0036328,Antonio Gibson,Antonio,Antonio,Gibson
2024,NE,00-0036345,K.J. Osborn,K.J.,K.J.,Osborn
2024,NE,00-0036387,Jalen Reagor,Jalen,Jalen,Reagor
2024,NE,00-0036537,Josiah Bronson,Josiah,Josiah,Bronson
2024,NE,00-0036813,Christian Elliss,Christian,Christian,Elliss
2024,NE,00-0036831,Kobe Jones,Kobe,Kobe,Jones
2024,NE,00-0036872,Joshuah Bledsoe,Joshuah,Joshuah,Bledsoe
2024,NE,00-0036875,Rhamondre Stevenson,Rhamondre,Rhamondre,Stevenson
2024,NE,00-0036884,Marco Wilson,Marco,Marco,Wilson
2024,NE,00-0036939,Kawaan Baker,Kawaan,Kawaan,Baker
2024,NE,00-0036966,Tyrone Wheatley Jr.,Tyrone,Tyrone,Wheatley
2024,NE,00-0036981,Christian Barmore,Christian,Christian,Barmore
2024,NE,00-0037000,Monty Rice,Monty,Monty,Rice
2024,NE,00-0037041,Haggai Ndubuisi,Haggai Chisom,Haggai Chisom,Ndubuisi
2024,NE,00-0037122,Caleb Jones,Caleb,Caleb,Jones
2024,NE,00-0037167,Tyrese Robinson,Tyrese,Tyrese,Robinson
2024,NE,00-0037205,Brenden Schooler,Brenden,Brenden,Schooler
2024,NE,00-0037222,A.J. Thomas,A.J.,A.J.,Thomas
2024,NE,00-0037253,Marcus Jones,Marcus,Marcus,Jones
2024,NE,00-0037269,Eric Johnson,Eric,Eric,Johnson
2024,NE,00-0037286,Kevin Harris,Kevin,Kevin,Harris
2024,NE,00-0037287,Vederian Lowe,Vederian,Vederian,Lowe
2024,NE,00-0037308,Lecitus Smith,Lecitus,Lecitus,Smith
2024,NE,00-0037349,Kellen Diesch,Kellen,Kellen,Diesch
2024,NE,00-0037355,Braylon Sanders,Braylon,Braylon,Sanders
2024,NE,00-0037413,Ben Brown,Ben,Ben,Brown
2024,NE,00-0037542,John Parker Romo,John Parker,John Parker,Romo
2024,NE,00-0037600,Jalen McKenzie,Jalen,Jalen,McKenzie
2024,NE,00-0037618,Zach Thomas,Zachary,Zachary,Thomas
2024,NE,00-0037686,Tucker Addington,Tucker,Tucker,Addington
2024,NE,00-0037711,Jeremiah Pharms,Jeremiah,Jeremiah,Pharms
2024,NE,00-0037724,La'Michael Pettway,La'Michael,La'Michael,Pettway
2024,NE,00-0038103,Cole Strange,Devin,Cole,Strange
2024,NE,00-0038104,Tyquan Thornton,Tyquan,Tyquan,Thornton
2024,NE,00-0038223,Liam Fornadel,Liam,Liam,Fornadel
2024,NE,00-0038404,Titus Leo,Titus,Titus,Leo
2024,NE,00-0038462,Keshawn Banks,Keshawn,Keshawn,Banks
2024,NE,00-0038509,Jerome Carvin,Jerome,Jerome,Carvin
2024,NE,00-0038514,Truman Jones,Truman,Truman,Jones
2024,NE,00-0038567,Chad Ryland,Chad,Chad,Ryland
2024,NE,00-0038569,Sidy Sow,Sidy,Sidy,Sow
2024,NE,00-0038584,Jaquelin Roy,Jaquelin,Jaquelin,Roy
2024,NE,00-0038608,Kayshon Boutte,Kayshon,Kayshon,Boutte
2024,NE,00-0038610,Bryce Baringer,Bryce,Bryce,Baringer
2024,NE,00-0038621,Demario Douglas,Demario,Demario,Douglas
2024,NE,00-0038641,Isaiah Bolden,Isaiah,Isaiah,Bolden
2024,NE,00-0038646,Alex Austin,Alex,Alex,Austin
2024,NE,00-0038762,Matt Landers,Matthew,Matt,Landers
2024,NE,00-0038792,Demontrey Jacobs,Demontrey,Demontrey,Jacobs
2024,NE,00-0038856,Brevin Allen,Brevin,Brevin,Allen
2024,NE,00-0038916,Azizi Hearn,Azizi,Azizi,Hearn
2024,NE,00-0039030,Jake Andrews,Jake,Jake,Andrews
2024,NE,00-0039054,Marte Mapu,Marte,Marte,Mapu
2024,NE,00-0039135,Ochaun Mathis,Ochaun,Ochaun,Mathis
2024,NE,00-0039147,Christian Gonzalez,Christian,Christian,Gonzalez
2024,NE,00-0039148,Keion White,Keion,Keion,White
2024,NE,00-0039253,Yvandy Rigby,Yvandy,Yvandy,Rigby
2024,NE,00-0039305,Jack Westover,Jack,Jack,Westover
2024,NE,00-0039312,Miles Battle,Miles,Miles,Battle
2024,NE,00-0039318,Curtis Jacobs,Curtis,Curtis,Jacobs
2024,NE,00-0039390,Marcellas Dial Jr.,Marcellas,Marcellas,Dial
2024,NE,00-0039398,Joe Milton III,Joe,Joe,Milton
2024,NE,00-0039420,Jaheim Bell,Jaheim,Jaheim,Bell
2024,NE,00-0039433,Marcus Harris,Marcus,Marcus,Harris
2024,NE,00-0039440,Steele Chambers,Donovan,Steele,Chambers
2024,NE,00-0039446,Bryan Hudson,Bryan,Bryan,Hudson
2024,NE,00-0039461,Jamree Kromah,Jamree,Jamree,Kromah
2024,NE,00-0039488,Mark Perry,Mark,Mark,Perry
2024,NE,00-0039505,John Jiles,John,John,Jiles
2024,NE,00-0039558,Andrew Parker,Andrew,Andrew,Parker
2024,NE,00-0039612,Sincere Haynesworth,Sincere,Sincere,Haynesworth
2024,NE,00-0039687,DeShaun Fenwick,Deshaun,Deshaun,Fenwick
2024,NE,00-0039689,Zuri Henry,Zuri,Zuri,Henry
2024,NE,00-0039690,Jontrey Hunter,Jontrey,Jontrey,Hunter
2024,NE,00-0039691,John Morgan,John,John,Morgan
2024,NE,00-0039692,Dell Pettus,Dell,Dell,Pettus
2024,NE,00-0039693,Charles Turner III,Charles,Charles,Turner
2024,NE,00-0039694,Mikey Victor,Mychal,Mikey,Victor
2024,NE,00-0039695,Jacob Warren,Jacob,Jacob,Warren
2024,NE,00-0039722,JaQuae Jackson,JaQuae,JaQuae,Jackson
2024,NE,00-0039757,Terrell Jennings,Terrell,Terrell,Jennings
2024,NE,00-0039800,DJ James,D.J.,D.J.,James
2024,NE,00-0039851,Drake Maye,Drake,Drake,Maye
2024,NE,00-0039853,Javon Baker,Javon,Javon,Baker
2024,NE,00-0039863,Caedan Wallace,Caedan,Caedan,Wallace
2024,NE,00-0039869,David Wallis,David,David,Wallis
2024,NE,00-0039887,Layden Robinson,Layden,Layden,Robinson
2024,NE,00-0039907,Ja'Lynn Polk,Ja'Lynn,Ja'Lynn,Polk
2024,NE,00-0039937,Jotham Russell,Jotham,Jotham,Russell
2024,NE,00-0039953,Christian McCarroll,Christian,Christian,McCarroll
2024,NO,00-0027962,Cameron Jordan,Cameron,Cameron,Jordan
2024,NO,00-0029607,Demario Davis,Demario,Demario,Davis
2024,NO,00-0030459,Tyrann Mathieu,Tyrann,Tyrann,Mathieu
2024,NO,00-0030694,James Hurst,James,James,Hurst
2024,NO,00-0031280,Derek Carr,Derek,Derek,Carr
2024,NO,00-0031734,Chris Reed,Christopher,Chris,Reed
2024,NO,00-0031893,Jesse Davis,Jesse,Jesse,Davis
2024,NO,00-0033011,Connor McGovern,Connor,Connor,McGovern
2024,NO,00-0033063,Zach Wood,Zach,Zach,Wood
2024,NO,00-0033082,Lucas Patrick,Lucas,Lucas,Patrick
2024,NO,00-0033357,Taysom Hill,Taysom,Taysom,Hill
2024,NO,00-0033874,Marshon Lattimore,Marshon,Marshon,Lattimore
2024,NO,00-0033888,Ryan Ramczyk,Ryan,Ryan,Ramczyk
2024,NO,00-0033902,Tanoh Kpassagnon,Tanoh,Tanoh,Kpassagnon
2024,NO,00-0033906,Alvin Kamara,Alvin,Alvin,Kamara
2024,NO,00-0033948,Jamaal Williams,Jamaal,Jamaal,Williams
2024,NO,00-0034116,J.T. Gray,Juantavius,J.T.,Gray
2024,NO,00-0034125,Kendal Vickers,Kendal,Kendal,Vickers
2024,NO,00-0034193,Kevin Rader,Kevin,Kevin,Rader
2024,NO,00-0034272,Marquez Valdes-Scantling,Marquez,Marquez,Valdes-Scantling
2024,NO,00-0034279,Equanimeous St. Brown,Equanimeous,Equanimeous,St. Brown
2024,NO,00-0034418,Cedrick Wilson Jr.,Cedrick,Cedrick,Wilson
2024,NO,00-0034516,Tre Herndon,Willie,Tre,Herndon
2024,NO,00-0034760,Nathan Shepherd,Nathan,Nathan,Shepherd
2024,NO,00-0034860,Dante Pettis,Dante,Dante,Pettis
2024,NO,00-0034981,Foster Moreau,Foster,Foster,Moreau
2024,NO,00-0034994,Oli Udoh,Olisaemeka,Olisaemeka,Udoh
2024,NO,00-0035142,Ugo Amadi,Ugochukwu,Ugochukwu,Amadi
2024,NO,00-0035241,Joejuan Williams,Joejuan,Joejuan,Williams
2024,NO,00-0035242,Erik McCoy,Erik,Erik,McCoy
2024,NO,00-0035399,Stanley Morgan,Stanley,Stanley,Morgan
2024,NO,00-0035402,Carl Granderson,Carl,Carl,Granderson
2024,NO,00-0035412,Andrew Dowell,Andrew,Andrew,Dowell
2024,NO,00-0035437,Roderic Teamer,Roderic,Roderic,Teamer
2024,NO,00-0035623,Chandler Brewer,Chandler,Chandler,Brewer
2024,NO,00-0035655,Will Harris,William,Will,Harris
2024,NO,00-0035656,Khalen Saunders,Khalen,Khalen,Saunders
2024,NO,00-0035693,Johnathan Abram,Johnathan,Johnathan,Abram
2024,NO,00-0035816,Niko Lalos,Nikolas,Niko,Lalos
2024,NO,00-0035831,James Robinson,James,James,Robinson
2024,NO,00-0036040,Juwan Johnson,Juwan,Juwan,Johnson
2024,NO,00-0036163,Justin Herron,Justin,Justin,Herron
2024,NO,00-0036173,Tommy Hudson,Tommy,Tommy,Hudson
2024,NO,00-0036321,Chase Young,Chase,Chase,Young
2024,NO,00-0036343,Khaleke Hudson,Khaleke,Khaleke,Hudson
2024,NO,00-0036360,Clyde Edwards-Helaire,Clyde,Clyde,Edwards-Helaire
2024,NO,00-0036362,Willie Gay Jr.,Willie,Willie,Gay
2024,NO,00-0036384,Ben DiNucci,Benjamin,Ben,DiNucci
2024,NO,00-0036397,Shane Lemieux,Shane,Shane,Lemieux
2024,NO,00-0036408,Cesar Ruiz,Cesar,Cesar,Ruiz
2024,NO,00-0036437,Tremayne Anchrum,Tremayne,Tremayne,Anchrum
2024,NO,00-0036645,Shemar Jean-Charles,Shemar,Shemar,Jean-Charles
2024,NO,00-0036724,Mac McCain III,Franklin,Mac,McCain
2024,NO,00-0036727,Adam Prentice,Adam,Adam,Prentice
2024,NO,00-0036788,Jack Heflin,Jack,Jack,Heflin
2024,NO,00-0036842,Kene Nwangwu,Kene,Kene,Nwangwu
2024,NO,00-0036886,Josh Ball,Josh,Josh,Ball
2024,NO,00-0036926,Payton Turner,Payton,Payton,Turner
2024,NO,00-0036927,Pete Werner,Pete,Pete,Werner
2024,NO,00-0036930,Landon Young,Landon,Landon,Young
2024,NO,00-0036937,Paulson Adebo,Saiid,Paulson,Adebo
2024,NO,00-0037022,Michael Jacobson,Michael,Michael,Jacobson
2024,NO,00-0037215,Mike Rose,Mike,Mike,Rose
2024,NO,00-0037231,Kevin Austin Jr.,Kevin,Kevin,Austin
2024,NO,00-0037239,Chris Olave,Chris,Chris,Olave
2024,NO,00-0037241,Trevor Penning,Trevor,Trevor,Penning
2024,NO,00-0037271,D'Marco Jackson,D'Marco,D'Marco,Jackson
2024,NO,00-0037283,John Ridgeway,John,John,Ridgeway
2024,NO,00-0037302,Austin Deculus,Austin,Austin,Deculus
2024,NO,00-0037398,Samson Nacua,Samson,Samson,Nacua
2024,NO,00-0037544,Nephi Sewell,Nephi,Nephi,Sewell
2024,NO,00-0037545,Rashid Shaheed,Rashid,Rashid,Shaheed
2024,NO,00-0037621,Ryder Anderson,Ryder,Ryder,Anderson
2024,NO,00-0038121,Alontae Taylor,Alontae,Alontae,Taylor
2024,NO,00-0038551,Kendre Miller,Kendre,Kendre,Miller
2024,NO,00-0038566,Nick Saldiveri,Nick,Nick,Saldiveri
2024,NO,00-0038588,Jordan Howden,Jordan,Jordan,Howden
2024,NO,00-0038612,A.T. Perry,Atorian,A.T.,Perry
2024,NO,00-0038678,Jordan Mims,Jordan,Jordan,Mims
2024,NO,00-0038727,Xazavian Valladay,Xazavian,Xazavian,Valladay
2024,NO,00-0038781,Rejzohn Wright,Rejzohn,Rejzohn,Wright
2024,NO,00-0038902,Shaquan Davis,Shaquan,Shaquan,Davis
2024,NO,00-0038903,Mark Evans II,Mark,Mark,Evans
2024,NO,00-0038905,Blake Grupe,Blake,Blake,Grupe
2024,NO,00-0038906,Lou Hedley,Lou,Lou,Hedley
2024,NO,00-0038908,Anfernee Orji,Anfernee,Anfernee,Orji
2024,NO,00-0038995,Bryan Bresee,Bryan,Bryan,Bresee
2024,NO,00-0038998,Jake Haener,Jake,Jake,Haener
2024,NO,00-0039143,Isaiah Foskey,Isaiah,Isaiah,Foskey
2024,NO,00-0039229,Charlie Smyth,Charles,Charlie,Smyth
2024,NO,00-0039339,Taliese Fuaga,Taliese,Taliese,Fuaga
2024,NO,00-0039376,Spencer Rattler,Spencer,Spencer,Rattler
2024,NO,00-0039386,Bub Means,Jerrod,Bub,Means
2024,NO,00-0039388,Jaylan Ford,Jaylan,Jaylan,Ford
2024,NO,00-0039401,Khristian Boyd,Khristian,Khristian,Boyd
2024,NO,00-0039428,Josiah Ezirim,Josiah,Josiah,Ezirim
2024,NO,00-0039518,Treyton Welch,Treyton,Treyton,Welch
2024,NO,00-0039610,Millard Bradford,Nook,Millard,Bradford
2024,NO,00-0039611,Matthew Hayball,Matthew,Matthew,Hayball
2024,NO,00-0039612,Sincere Haynesworth,Sincere,Sincere,Haynesworth
2024,NO,00-0039613,Dallin Holker,Dallin,Dallin,Holker
2024,NO,00-0039614,Jermaine Jackson,Jermaine,Jermaine,Jackson
2024,NO,00-0039615,Trajan Jeffcoat,Trajan,Trajan,Jeffcoat
2024,NO,00-0039616,Lawrence Johnson,Lawrence,Lawrence,Johnson
2024,NO,00-0039617,Jacob Kibodi,Jacob,Jacob,Kibodi
2024,NO,00-0039618,Nathan Latu,Nathan,Nathan,Latu
2024,NO,00-0039619,Nouredin Nouili,Nouredin,Nouredin,Nouili
2024,NO,00-0039620,Rico Payton,Rico,Rico,Payton
2024,NO,00-0039622,Isaiah Stalbird,Isaiah,Isaiah,Stalbird
2024,NO,00-0039623,Mason Tipton,Mason,Mason,Tipton
2024,NO,00-0039624,Kyle Hergel,Kyle,Kyle,Hergel
2024,NO,00-0039688,Kaleb Ford-Dement,Kaleb,Kaleb,Ford-Dement
2024,NO,00-0039860,Kool-Aid McKinstry,Kool-Aid,Kool-Aid,McKinstry
2024,NO,00-0039942,Mason Fairchild,Mason,Mason,Fairchild
2024,NO,00-0039955,Camron Peterson,Camron,Camron,Peterson
2024,NYG,00-0026858,Graham Gano,Graham,Graham,Gano
2024,NYG,00-0029685,Greg Van Roten,Gregory,Greg,Van Roten
2024,NYG,00-0029963,Chris Hubbard,Christopher,Christopher,Hubbard
2024,NYG,00-0030957,Casey Kreiter,Casey,Casey,Kreiter
2024,NYG,00-0031484,Chris Manhertz,Chris,Chris,Manhertz
2024,NYG,00-0031610,Darren Waller,Darren,Darren,Waller
2024,NYG,00-0031957,Rakeem Nunez-Roches,Rakeem,Rakeem,Nunez-Roches
2024,NYG,00-0032803,Jalen Mills,Jalen,Jalen,Mills
2024,NYG,00-0033290,Jermaine Eluemunor,Jermaine,Jermaine,Eluemunor
2024,NYG,00-0033400,Matt Haack,Matt,Matt,Haack
2024,NYG,00-0033466,Isaiah McKenzie,Isaiah,Isaiah,McKenzie
2024,NYG,00-0033878,Adoree' Jackson,Adoree',Adoree',Jackson
2024,NYG,00-0034112,Austin Schlottmann,Austin,Austin,Schlottmann
2024,NYG,00-0034177,Tim Boyle,Timothy,Tim,Boyle
2024,NYG,00-0034337,Greg Stroman,Gregory,Greg,Stroman
2024,NYG,00-0034424,Matthew Adams,Matthew,Matthew,Adams
2024,NYG,00-0034450,Greg Joseph,Gregory,Greg,Joseph
2024,NYG,00-0034516,Tre Herndon,Willie,Tre,Herndon
2024,NYG,00-0034668,Aaron Stinnie,Aaron,Aaron,Stinnie
2024,NYG,00-0034992,Armon Watts,Armon,Armon,Watts
2024,NYG,00-0034999,Ty Summers,Ty,Ty,Summers
2024,NYG,00-0035042,Jamie Gillan,Jamie,Jamie,Gillan
2024,NYG,00-0035076,Curtis Bolton,Curtis,Curtis,Bolton
2024,NYG,00-0035250,Devin Singletary,Devin,Devin,Singletary
2024,NYG,00-0035252,Yodny Cajuste,Yodny,Yodny,Cajuste
2024,NYG,00-0035317,Joshua Miles,Joshua,Joshua,Miles
2024,NYG,00-0035328,Matt Nelson,Matt,Matt,Nelson
2024,NYG,00-0035356,Tyree Jackson,Tyree,Tyree,Jackson
2024,NYG,00-0035535,Darius Slayton,Darius,Darius,Slayton
2024,NYG,00-0035645,Gunner Olszewski,Kaleb,Gunner,Olszewski
2024,NYG,00-0035683,Dexter Lawrence,Dexter,Dexter,Lawrence
2024,NYG,00-0035687,Bobby Okereke,Robert,Bobby,Okereke
2024,NYG,00-0035696,Duke Shelley,YaQuis,Duke,Shelley
2024,NYG,00-0035703,Miles Boykin,Miles,Miles,Boykin
2024,NYG,00-0035704,Drew Lock,Drew,Drew,Lock
2024,NYG,00-0035710,Daniel Jones,Daniel,Daniel,Jones
2024,NYG,00-0035713,Brian Burns,Brian,Brian,Burns
2024,NYG,00-0035726,Jakob Johnson,Jakob,Jakob,Johnson
2024,NYG,00-0036002,Elijah Riley,Elijah,Elijah,Riley
2024,NYG,00-0036145,Lawrence Cager,Lawrence,Lawrence,Cager
2024,NYG,00-0036165,Isaiah Hodgins,Isaiah,Isaiah,Hodgins
2024,NYG,00-0036214,Tyre Phillips,Tyre,Tyre,Phillips
2024,NYG,00-0036246,Jon Runyan,Jon,Jon,Runyan
2024,NYG,00-0036289,Ross Blacklock,Ross,Ross,Blacklock
2024,NYG,00-0036315,Stantley Thomas-Oliver,Stantley,Stantley,Thomas-Oliver
2024,NYG,00-0036356,Isaiah Simmons,Isaiah,Isaiah,Simmons
2024,NYG,00-0036386,Andrew Thomas,Andrew,Andrew,Thomas
2024,NYG,00-0036402,Carter Coughlin,Carter,Carter,Coughlin
2024,NYG,00-0036502,Jason Pinnock,Jason,Jason,Pinnock
2024,NYG,00-0036552,Azeez Ojulari,Azeez,Azeez,Ojulari
2024,NYG,00-0036553,Carlos Basham,Carlos,Carlos,Basham
2024,NYG,00-0036589,Nick McCloud,Nick,Nick,McCloud
2024,NYG,00-0036635,Ihmir Smith-Marsette,Ihmir,Ihmir,Smith-Marsette
2024,NYG,00-0036859,Jimmy Morrissey,Jimmy,Jimmy,Morrissey
2024,NYG,00-0036899,Aaron Robinson,Aaron,Aaron,Robinson
2024,NYG,00-0036922,Patrick Johnson,Patrick,Patrick,Johnson
2024,NYG,00-0036947,Jalen Mayfield,Jalen,Jalen,Mayfield
2024,NYG,00-0037051,Elijah Garcia,Elijah,Elijah,Garcia
2024,NYG,00-0037095,Christian Holmes,Christian,Christian,Holmes
2024,NYG,00-0037136,Mario Goodrich,Mario,Mario,Goodrich
2024,NYG,00-0037252,Greg Dulcich,Greg,Greg,Dulcich
2024,NYG,00-0037259,Micah McFadden,Micah,Micah,McFadden
2024,NYG,00-0037260,DJ Davidson,D.J.,D.J.,Davidson
2024,NYG,00-0037279,Marcus McKethan,Marcus,Marcus,McKethan
2024,NYG,00-0037285,Darrian Beavers,Darrian,Darrian,Beavers
2024,NYG,00-0037297,Cade Mays,Cade,Cade,Mays
2024,NYG,00-0037410,Jashaun Corbin,Jashaun,Jashaun,Corbin
2024,NYG,00-0037447,Tomon Fox,Tomon,Tomon,Fox
2024,NYG,00-0037468,Raheem Layne,Raheem,Raheem,Layne
2024,NYG,00-0037570,Dennis Houston,Dennis,Dennis,Houston
2024,NYG,00-0037585,Timmy Horne,Timmy,Timmy,Horne
2024,NYG,00-0037600,Jalen McKenzie,Jalen,Jalen,McKenzie
2024,NYG,00-0037611,Kayvon Thibodeaux,Kayvon,Kayvon,Thibodeaux
2024,NYG,00-0037612,Evan Neal,Evan,Evan,Neal
2024,NYG,00-0037621,Ryder Anderson,Ryder,Ryder,Anderson
2024,NYG,00-0037638,Benton Whitley,Benton,Benton,Whitley
2024,NYG,00-0037758,Cordale Flott,Cordale,Cordale,Flott
2024,NYG,00-0037807,Joshua Ezeudu,Joshua,Joshua,Ezeudu
2024,NYG,00-0038115,Daniel Bellinger,Daniel,Daniel,Bellinger
2024,NYG,00-0038117,Wan'Dale Robinson,Charles,Wan'Dale,Robinson
2024,NYG,00-0038123,Dane Belton,Dane,Dane,Belton
2024,NYG,00-0038150,Nathan Rourke,Nathan,Nathan,Rourke
2024,NYG,00-0038396,Eric Gray,Eric,Eric,Gray
2024,NYG,00-0038403,Tre Hawkins III,Tre,Tre,Hawkins
2024,NYG,00-0038411,Anthony Johnson Jr.,Anthony,Anthony,Johnson
2024,NYG,00-0038413,Gervarrius Owens,Gervarrius,Gervarrius,Owens
2024,NYG,00-0038475,Alex Cook,Alex,Alex,Cook
2024,NYG,00-0038476,Tommy DeVito,Tommy,Tommy,DeVito
2024,NYG,00-0038477,Bryce Ford-Wheaton,Bryce,Bryce,Ford-Wheaton
2024,NYG,00-0038479,Dyontae Johnson,Dyontae,Dyontae,Johnson
2024,NYG,00-0038506,Jordon Riley,Jordon,Jordon,Riley
2024,NYG,00-0038651,Chase Cota,Chase,Chase,Cota
2024,NYG,00-0038653,Cory Durden,Cory,Cory,Durden
2024,NYG,00-0038674,Divaad Wilson,Divaad,Divaad,Wilson
2024,NYG,00-0038770,Jonathan Sutherland,Jonathan,Jonathan,Sutherland
2024,NYG,00-0038776,Ricky Lee,Ricky,Ricky,Lee
2024,NYG,00-0038788,Art Green,Art,Art,Green
2024,NYG,00-0038916,Azizi Hearn,Azizi,Azizi,Hearn
2024,NYG,00-0038938,Jalin Hyatt,Jalin,Jalin,Hyatt
2024,NYG,00-0038956,Ekow Boye-Doe,Ekow,Ekow,Boye-Doe
2024,NYG,00-0038969,Kearis Jackson,Kearis,Kearis,Jackson
2024,NYG,00-0038999,Jordan Murray,Jordan,Jordan,Murray
2024,NYG,00-0039000,Deonte Banks,Deonte,Deonte,Banks
2024,NYG,00-0039019,John Michael Schmitz,John Michael,John Michael,Schmitz
2024,NYG,00-0039023,Joel Wilson,Joel,Joel,Wilson
2024,NYG,00-0039230,Dante Miller,Dante,Dante,Miller
2024,NYG,00-0039297,Garret Greenfield,Garret,Garret,Greenfield
2024,NYG,00-0039306,Dee Williams,Dee,Dee,Williams
2024,NYG,00-0039337,Malik Nabers,Malik,Malik,Nabers
2024,NYG,00-0039384,Tyrone Tracy Jr.,Tyrone,Tyrone,Tracy
2024,NYG,00-0039446,Bryan Hudson,Bryan,Bryan,Hudson
2024,NYG,00-0039496,Clayton Isbell,Clayton,Clayton,Isbell
2024,NYG,00-0039504,Ayir Asante,Ayir,Ayir,Asante
2024,NYG,00-0039505,John Jiles,John,John,Jiles
2024,NYG,00-0039506,Alex Johnson,Alex,Alex,Johnson
2024,NYG,00-0039507,Marcellus Johnson,Marcellus,Marcellus,Johnson
2024,NYG,00-0039508,Jake Kubas,Jake,Jake,Kubas
2024,NYG,00-0039509,Ovie Oghoufo,Ovie,Ovie,Oghoufo
2024,NYG,00-0039510,Casey Rogers,Casey,Casey,Rogers
2024,NYG,00-0039556,Trey Kiser,Trey,Trey,Kiser
2024,NYG,00-0039557,Lorenzo Lingard,Lorenzo,Lorenzo,Lingard
2024,NYG,00-0039609,Kyler Baugh,Kyler,Kyler,Baugh
2024,NYG,00-0039705,K.J. Cloyd,Kevon,K.J.,Cloyd
2024,NYG,00-0039764,Elijah Chatman,Elijah,Elijah,Chatman
2024,NYG,00-0039821,Andru Phillips,Andru,Andru,Phillips
2024,NYG,00-0039829,Darius Muasau,Darius,Darius,Muasau
2024,NYG,00-0039847,Theo Johnson,Theodore,Theo,Johnson
2024,NYG,00-0039861,Tyler Nubin,Tyler,Tyler,Nubin
2024,NYG,00-0039934,Jude McAtamney,Jude,Jude,McAtamney
2024,NYJ,00-0023459,Aaron Rodgers,Aaron,Aaron,Rodgers
2024,NYJ,00-0027114,Thomas Morstead,Thomas,Thomas,Morstead
2024,NYJ,00-0027947,Tyron Smith,Tyron,Tyron,Smith
2024,NYJ,00-0028118,Tyrod Taylor,Tyrod,Tyrod,Taylor
2024,NYJ,00-0029621,Greg Zuerlein,Greg,Greg,Zuerlein
2024,NYJ,00-0031296,C.J. Mosley,Clinton,C.J.,Mosley
2024,NYJ,00-0031330,Morgan Moses,Morgan,Morgan,Moses
2024,NYJ,00-0031381,Davante Adams,Davante,Davante,Adams
2024,NYJ,00-0032432,Wes Schweitzer,Weston,Wes,Schweitzer
2024,NYJ,00-0032803,Jalen Mills,Jalen,Jalen,Mills
2024,NYJ,00-0033011,Connor McGovern,Connor,Connor,McGovern
2024,NYJ,00-0033260,Thomas Hennessy,Thomas,Thomas,Hennessy
2024,NYJ,00-0033294,Chuck Clark,Charles,Chuck,Clark
2024,NYJ,00-0033455,Anthony Firkser,Anthony,Anthony,Firkser
2024,NYJ,00-0033536,Mike Williams,Michael,Mike,Williams
2024,NYJ,00-0033540,Takk McKinley,Takkarist,Takkarist,McKinley
2024,NYJ,00-0033556,Tarik Cohen,Tarik,Tarik,Cohen
2024,NYJ,00-0033870,Solomon Thomas,Solomon,Solomon,Thomas
2024,NYJ,00-0033875,Haason Reddick,Haason,Haason,Reddick
2024,NYJ,00-0033946,David Sharpe,David,David,Sharpe
2024,NYJ,00-0033963,Tanzel Smart,Tanzel,Tanzel,Smart
2024,NYJ,00-0034264,Jalyn Holmes,Jalyn,Jalyn,Holmes
2024,NYJ,00-0034270,Tyler Conklin,Tyler,Tyler,Conklin
2024,NYJ,00-0034357,Isaiah Oliver,Muhammad,Isaiah,Oliver
2024,NYJ,00-0034384,D.J. Reed,Dennis,D.J.,Reed
2024,NYJ,00-0034450,Greg Joseph,Gregory,Greg,Joseph
2024,NYJ,00-0034461,Bruce Hector,Bruce,Bruce,Hector
2024,NYJ,00-0034521,Allen Lazard,Allen,Allen,Lazard
2024,NYJ,00-0034902,Sam Eguavoen,Samuel,Sam,Eguavoen
2024,NYJ,00-0035139,Marquise Blair,Marquise,Marquise,Blair
2024,NYJ,00-0035145,Austin Seibert,Austin,Austin,Seibert
2024,NYJ,00-0035255,Kendall Sheffield,Kendall,Kendall,Sheffield
2024,NYJ,00-0035365,Tae Hayes,Ke'Montoe,Tae,Hayes
2024,NYJ,00-0035468,Zack Bailey,Zackary,Zack,Bailey
2024,NYJ,00-0035480,Malik Taylor,Malik,Malik,Taylor
2024,NYJ,00-0035680,Quincy Williams,Quincy,Quincy,Williams
2024,NYJ,00-0035718,Quinnen Williams,Quinnen,Quinnen,Williams
2024,NYJ,00-0035850,Kameron Cline,Kameron,Kameron,Cline
2024,NYJ,00-0036080,Easop Winston,Easop,Easop,Winston
2024,NYJ,00-0036260,Javon Kinlaw,Javon,Javon,Kinlaw
2024,NYJ,00-0036273,Jake Hanson,Jake,Jake,Hanson
2024,NYJ,00-0036329,Ashtyn Davis,Ashtyn,Ashtyn,Davis
2024,NYJ,00-0036369,John Simpson,John,John,Simpson
2024,NYJ,00-0036371,Leki Fotu,George,Leki,Fotu
2024,NYJ,00-0036379,Bradlee Anae,Bradlee,Bradlee,Anae
2024,NYJ,00-0036493,Deon Jackson,Deon,Deon,Jackson
2024,NYJ,00-0036500,Jamien Sherwood,Jamien,Jamien,Sherwood
2024,NYJ,00-0036501,Michael Carter II,Michael,Michael,Carter
2024,NYJ,00-0036504,Brandin Echols,Brandin,Brandin,Echols
2024,NYJ,00-0036510,Kenny Yeboah,Kenny,Kenny,Yeboah
2024,NYJ,00-0036614,Jamin Davis,Jamin,Jamin,Davis
2024,NYJ,00-0036651,Jaylen Twyman,Jaylen,Jaylen,Twyman
2024,NYJ,00-0036769,Anthony Hines III,Anthony,Anthony,Hines
2024,NYJ,00-0036775,Brandon Smith,Brandon,Brandon,Smith
2024,NYJ,00-0036816,Riley Patterson,Riley,Riley,Patterson
2024,NYJ,00-0036842,Kene Nwangwu,Kene,Kene,Nwangwu
2024,NYJ,00-0036979,Alijah Vera-Tucker,Alijah,Alijah,Vera-Tucker
2024,NYJ,00-0037003,Chazz Surratt,Chazz,Chazz,Surratt
2024,NYJ,00-0037055,Lance McCutcheon,Lance,Lance,McCutcheon
2024,NYJ,00-0037155,Tony Adams,Tony,Tony,Adams
2024,NYJ,00-0037156,Irvin Charles,Irvin,Irvin,Charles
2024,NYJ,00-0037157,Bam Knight,Zonovan,Zonovan,Knight
2024,NYJ,00-0037190,Sauce Gardner,Ahmad,Ahmad,Gardner
2024,NYJ,00-0037440,Obinna Eze,Obinna,Obinna,Eze
2024,NYJ,00-0037526,Marcelino McCrary-Ball,Marcelino,Marcelino,McCrary-Ball
2024,NYJ,00-0037572,Alec Lindstrom,Alec,Alec,Lindstrom
2024,NYJ,00-0037601,Xavier Newman-Johnson,Xavier,Xavier,Newman-Johnson
2024,NYJ,00-0037608,Tre Swilling,Tre,Tre,Swilling
2024,NYJ,00-0037625,Vitaliy Gurman,Vitaliy,Vitaliy,Gurman
2024,NYJ,00-0037663,Jermaine Johnson II,Jermaine,Jermaine,Johnson
2024,NYJ,00-0037740,Garrett Wilson,Garrett,Garrett,Wilson
2024,NYJ,00-0037805,Jeremy Ruckert,Jeremy,Jeremy,Ruckert
2024,NYJ,00-0038099,Phidarian Mathis,Phidarian,Phidarian,Mathis
2024,NYJ,00-0038107,Micheal Clemons,Micheal,Micheal,Clemons
2024,NYJ,00-0038113,Brandon Smith,Brandon,Brandon,Smith
2024,NYJ,00-0038114,Max Mitchell,Max,Max,Mitchell
2024,NYJ,00-0038120,Breece Hall,Breece,Breece,Hall
2024,NYJ,00-0038194,Kohl Levao,Kohl,Kohl,Levao
2024,NYJ,00-0038389,Israel Abanikanda,Israel,Israel,Abanikanda
2024,NYJ,00-0038399,Zaire Barnes,Zaire,Zaire,Barnes
2024,NYJ,00-0038401,Jarrick Bernard-Converse,Jarrick,Jarrick,Bernard-Converse
2024,NYJ,00-0038402,Anders Carlson,Anders,Anders,Carlson
2024,NYJ,00-0038406,Zack Kuntz,Zack,Zack,Kuntz
2024,NYJ,00-0038492,Jason Brownlee,Jason,Jason,Brownlee
2024,NYJ,00-0038496,Xavier Gipson,Xavier,Xavier,Gipson
2024,NYJ,00-0038658,Adrian Martinez,Adrian,Adrian,Martinez
2024,NYJ,00-0038727,Xazavian Valladay,Xazavian,Xazavian,Valladay
2024,NYJ,00-0038883,Isaiah Winstead,Isaiah,Isaiah,Winstead
2024,NYJ,00-0039004,Carter Warren,Carter,Carter,Warren
2024,NYJ,00-0039028,Nehemiah Shelton,Nehemiah,Nehemiah,Shelton
2024,NYJ,00-0039136,Zach Evans,Zachary,Zach,Evans
2024,NYJ,00-0039142,Will McDonald IV,Will,Will,McDonald
2024,NYJ,00-0039145,Joe Tippmann,Joseph,Joe,Tippmann
2024,NYJ,00-0039276,Al Blades Jr.,Al,Al,Blades
2024,NYJ,00-0039277,Jimmy Ciarlo,Jimmy,Jimmy,Ciarlo
2024,NYJ,00-0039278,Tyler Harrell,Tyler,Tyler,Harrell
2024,NYJ,00-0039281,Tyreek Johnson,Tyreek,Tyreek,Johnson
2024,NYJ,00-0039282,Myles Jones,Myles,Myles,Jones
2024,NYJ,00-0039283,Brady Latham,Brady,Brady,Latham
2024,NYJ,00-0039284,Braiden McGregor,Braiden,Braiden,McGregor
2024,NYJ,00-0039285,Jarius Monroe,Jarius,Jarius,Monroe
2024,NYJ,00-0039286,Marcus Riley,Marcus,Marcus,Riley
2024,NYJ,00-0039287,Lincoln Sefcik,Lincoln,Lincoln,Sefcik
2024,NYJ,00-0039288,Jackson Sirmon,Jackson,Jackson,Sirmon
2024,NYJ,00-0039289,Leonard Taylor III,Leonard,Leonard,Taylor
2024,NYJ,00-0039290,Willie Tyler,William,Willie,Tyler
2024,NYJ,00-0039291,Eric Watts,Eric,Eric,Watts
2024,NYJ,00-0039334,Andrew Peasley,Andrew,Andrew,Peasley
2024,NYJ,00-0039383,Jaylin Simpson,Jaylin,Jaylin,Simpson
2024,NYJ,00-0039458,Brenden Bates,Brenden,Brenden,Bates
2024,NYJ,00-0039576,Spencer Shrader,Spencer,Spencer,Shrader
2024,NYJ,00-0039704,Matthew Cindric,Matthew,Matthew,Cindric
2024,NYJ,00-0039782,Neal Johnson,Neal,Neal,Johnson
2024,NYJ,00-0039785,Hamze El-Zayat,Hamze,Hamze,El-Zayat
2024,NYJ,00-0039786,Markese Stepp,Markese,Markese,Stepp
2024,NYJ,00-0039789,Qwan'tez Stiggers,Qwan'tez,Qwan'tez,Stiggers
2024,NYJ,00-0039790,Olumuyiwa Fashanu,Olumuyiwa,Olu,Fashanu
2024,NYJ,00-0039794,Braelon Allen,Braelon,Braelon,Allen
2024,NYJ,00-0039797,Jordan Travis,Jordan,Jordan,Travis
2024,NYJ,00-0039798,Isaiah Davis,Isaiah,Isaiah,Davis
2024,NYJ,00-0039802,Jaylen Key,Jaylen,Jaylen,Key
2024,NYJ,00-0039920,Malachi Corley,Malachi,Malachi,Corley
2024,PHI,00-0027865,Brandon Graham,Brandon,Brandon,Graham
2024,PHI,00-0028129,Jason Kelce,Jason,Jason,Kelce
2024,PHI,00-0029653,Fletcher Cox,Fletcher,Fletcher,Cox
2024,PHI,00-0030062,Darius Slay,Darius,Darius,Slay
2024,PHI,00-0030561,Lane Johnson,Lane,Lane,Johnson
2024,PHI,00-0031547,DeVante Parker,DeVante,DeVante,Parker
2024,PHI,00-0031911,Rick Lovato,Rick,Rick,Lovato
2024,PHI,00-0032134,C.J. Uzomah,Christopher,C.J.,Uzomah
2024,PHI,00-0032145,Cameron Erving,Cameron,Cameron,Erving
2024,PHI,00-0032890,James Bradberry,James,James,Bradberry
2024,PHI,00-0033065,Le'Raven Clark,Le'Raven,Le'Raven,Clark
2024,PHI,00-0033445,Nicholas Morrow,Nicholas,Nicholas,Morrow
2024,PHI,00-0033460,John Ross,John,John,Ross
2024,PHI,00-0033787,Jake Elliott,Jake,Jake,Elliott
2024,PHI,00-0033880,Charles Harris,Charles,Charles,Harris
2024,PHI,00-0034274,Parry Nickerson,Parry,Parry,Nickerson
2024,PHI,00-0034351,Dallas Goedert,Dallas,Dallas,Goedert
2024,PHI,00-0034377,Avonte Maddox,Avonte,Avonte,Maddox
2024,PHI,00-0034381,Josh Sweat,Josh,Josh,Sweat
2024,PHI,00-0034429,Jordan Mailata,Lafoga,Jordan,Mailata
2024,PHI,00-0034445,Nick Gates,Nicholas,Nick,Gates
2024,PHI,00-0034754,Oren Burks,Oren,Oren,Burks
2024,PHI,00-0034844,Saquon Barkley,Saquon,Saquon,Barkley
2024,PHI,00-0034951,Fred Johnson,Fred,Fred,Johnson
2024,PHI,00-0035099,Khari Blasingame,Khari,Khari,Blasingame
2024,PHI,00-0035251,Will Grier,Will,Will,Grier
2024,PHI,00-0035253,C.J. Gardner-Johnson,Chauncey,Chauncey,Gardner-Johnson
2024,PHI,00-0035639,Parris Campbell,Parris,Parris,Campbell
2024,PHI,00-0035676,A.J. Brown,Arthur,A.J.,Brown
2024,PHI,00-0035707,Devin White,Devin,Devin,White
2024,PHI,00-0035743,Brett Toth,Brett,Brett,Toth
2024,PHI,00-0035783,Tyler Hall,Tyler,Tyler,Hall
2024,PHI,00-0036151,Bryce Huff,Bryce,Bryce,Huff
2024,PHI,00-0036222,Isaiah Rodgers,Isaiah,Isaiah,Rodgers
2024,PHI,00-0036284,Mekhi Becton,Mekhi,Mekhi,Becton
2024,PHI,00-0036295,Matt Hennessy,Matthew,Matt,Hennessy
2024,PHI,00-0036313,Braden Mann,Braden,Braden,Mann
2024,PHI,00-0036389,Jalen Hurts,Jalen,Jalen,Hurts
2024,PHI,00-0036396,Jack Driscoll,Jack,Jack,Driscoll
2024,PHI,00-0036418,Zack Baun,Zack,Zack,Baun
2024,PHI,00-0036419,Terrell Lewis,Terrell,Terrell,Lewis
2024,PHI,00-0036423,Albert Okwuegbunam,Albert,Albert,Okwuegbunam
2024,PHI,00-0036633,Caden Sterns,Caden,Caden,Sterns
2024,PHI,00-0036676,Austin Watkins Jr.,Austin,Austin,Watkins
2024,PHI,00-0036741,Jack Stoll,Jack,Jack,Stoll
2024,PHI,00-0036912,DeVonta Smith,DeVonta,DeVonta,Smith
2024,PHI,00-0036916,Milton Williams,Milton,Milton,Williams
2024,PHI,00-0036917,Zech McPhearson,Zech,Zech,McPhearson
2024,PHI,00-0036918,Jacob Harris,Jacob,Jacob,Harris
2024,PHI,00-0036919,Kenneth Gainwell,Kenneth,Kenneth,Gainwell
2024,PHI,00-0036921,Tarron Jackson,Tarron,Tarron,Jackson
2024,PHI,00-0036922,Patrick Johnson,Patrick,Patrick,Johnson
2024,PHI,00-0036929,Ian Book,Ian,Ian,Book
2024,PHI,00-0037002,Landon Dickerson,Landon,Landon,Dickerson
2024,PHI,00-0037073,Jordan Davis,Jordan,Jordan,Davis
2024,PHI,00-0037086,Grant Calcaterra,Grant,Grant,Calcaterra
2024,PHI,00-0037130,Reed Blankenship,Reed,Reed,Blankenship
2024,PHI,00-0037132,Britain Covey,Britain,Britain,Covey
2024,PHI,00-0037168,Armani Rogers,Armani,Armani,Rogers
2024,PHI,00-0037194,Darian Kinnard,Darian,Darian,Kinnard
2024,PHI,00-0037245,Lewis Cine,Lewis,Lewis,Cine
2024,PHI,00-0037262,Thomas Booker,Thomas,Thomas,Booker
2024,PHI,00-0037273,Kyle Philips,Kyle,Kyle,Philips
2024,PHI,00-0037317,Nick Muse,Nick,Nick,Muse
2024,PHI,00-0037461,Tristin McCollum,Tristin,Tristin,McCollum
2024,PHI,00-0037529,Jason Poe,Jason,Jason,Poe
2024,PHI,00-0037592,David Anenih,David,David,Anenih
2024,PHI,00-0037615,Nakobe Dean,Nakobe,Nakobe,Dean
2024,PHI,00-0037741,Jahan Dotson,Jahan,Jahan,Dotson
2024,PHI,00-0037827,Tyrion Davis-Price,Tyrion,Tyrion,Davis-Price
2024,PHI,00-0037828,Danny Gray,Danny,Danny,Gray
2024,PHI,00-0037833,Tariq Castro-Fields,Tariq,Tariq,Castro-Fields
2024,PHI,00-0038091,JT Woods,J.T.,J.T.,Woods
2024,PHI,00-0038102,Kenny Pickett,Kenny,Kenny,Pickett
2024,PHI,00-0038112,Cam Jurgens,Cameron,Cam,Jurgens
2024,PHI,00-0038113,Brandon Smith,Brandon,Brandon,Smith
2024,PHI,00-0038386,Jalen Carter,Jalen,Jalen,Carter
2024,PHI,00-0038400,Tanner McKee,Tanner,Tanner,McKee
2024,PHI,00-0038409,Lew Nichols III,Arthur,Lew,Nichols
2024,PHI,00-0038412,Moro Ojomo,Morotoluwa,Moro,Ojomo
2024,PHI,00-0038482,Mekhi Garner,Mekhi,Mekhi,Garner
2024,PHI,00-0038484,Joseph Ngata,Joseph,Joseph,Ngata
2024,PHI,00-0038487,Eli Ricks,Elias,Eli,Ricks
2024,PHI,00-0038489,Ben VanSumeren,Ben,Ben,VanSumeren
2024,PHI,00-0038498,E.J. Jenkins,Emanuel,E.J.,Jenkins
2024,PHI,00-0038561,Siaki Ika,Siaki,Siaki,Ika
2024,PHI,00-0038564,Cameron Latu,Cameron,Cameron,Latu
2024,PHI,00-0038581,KJ Henry,K.J.,K.J.,Henry
2024,PHI,00-0038667,Elijah Cooks,Elijah,Elijah,Cooks
2024,PHI,00-0038760,Griffin Hebert,Griffin,Griffin,Hebert
2024,PHI,00-0038978,Byron Young,Byron,Byron,Young
2024,PHI,00-0039001,Tyler Steen,Tyler,Tyler,Steen
2024,PHI,00-0039002,Sydney Brown,Sydney,Sydney,Brown
2024,PHI,00-0039010,Braeden Daniels,Braeden,Braeden,Daniels
2024,PHI,00-0039013,Nolan Smith,Nolan,Nolan,Smith
2024,PHI,00-0039135,Ochaun Mathis,Ochaun,Ochaun,Mathis
2024,PHI,00-0039140,Kelee Ringo,Kelee,Kelee,Ringo
2024,PHI,00-0039236,Johnny Wilson,Johnny,Johnny,Wilson
2024,PHI,00-0039262,Gottlieb Ayedze,Gottlieb,Gottlieb,Ayedze
2024,PHI,00-0039263,McCallan Castles,McCallan,McCallan,Castles
2024,PHI,00-0039264,Anim Dankwah,Anim,Anim,Dankwah
2024,PHI,00-0039265,Gabe Hall,Gabe,Gabe,Hall
2024,PHI,00-0039267,Andre' Sam,Andre',Andre',Sam
2024,PHI,00-0039310,Trevor Keegan,Trevor,Trevor,Keegan
2024,PHI,00-0039599,Kevin Foelsch,Kevin,Kevin,Foelsch
2024,PHI,00-0039683,Marcus Rosemy-Jacksaint,Marcus,Marcus,Rosemy-Jacksaint
2024,PHI,00-0039685,A.J. Woods,Anthony,A.J.,Woods
2024,PHI,00-0039707,Dallas Gant,Dallas,Dallas,Gant
2024,PHI,00-0039740,Jalyx Hunt,Jalyx,Jalyx,Hunt
2024,PHI,00-0039746,Will Shipley,Will,Will,Shipley
2024,PHI,00-0039747,Ainias Smith,Ainias,Ainias,Smith
2024,PHI,00-0039787,Shon Stephens,Shon,Shon,Stephens
2024,PHI,00-0039826,Jeremiah Trotter Jr.,Jeremiah,Jeremiah,Trotter
2024,PHI,00-0039830,Dylan McMahon,Dylan,Dylan,McMahon
2024,PHI,00-0039841,Cooper DeJean,Cooper,Cooper,DeJean
2024,PHI,00-0039888,Quinyon Mitchell,Quinyon,Quinyon,Mitchell
2024,PHI,00-0039932,Laekin Vakalahi,Laekin,Laekin,Vakalahi
2024,PIT,00-0027969,Cameron Heyward,Cameron,Cameron,Heyward
2024,PIT,00-0029263,Russell Wilson,Russell,Russell,Wilson
2024,PIT,00-0030578,Cordarrelle Patterson,Cordarrelle,Cordarrelle,Patterson
2024,PIT,00-0031136,Chris Boswell,Chris,Chris,Boswell
2024,PIT,00-0031555,Eric Rowe,Nelson,Eric,Rowe
2024,PIT,00-0031585,MyCole Pruitt,MyCole,MyCole,Pruitt
2024,PIT,00-0031935,Preston Smith,Preston,Preston,Smith
2024,PIT,00-0032127,Markus Golden,Markus,Markus,Golden
2024,PIT,00-0032366,Tyler Matakevich,Tyler,Tyler,Matakevich
2024,PIT,00-0032399,Miles Killebrew,Miles,Miles,Killebrew
2024,PIT,00-0032412,Dean Lowry,Dean,Dean,Lowry
2024,PIT,00-0032442,Elandon Roberts,Elandon,Elandon,Roberts
2024,PIT,00-0032954,Isaac Seumalo,Isaac,Isaac,Seumalo
2024,PIT,00-0033512,Damontae Kazee,Damontae,Damontae,Kazee
2024,PIT,00-0033536,Mike Williams,Michael,Mike,Williams
2024,PIT,00-0033572,Jamal Agnew,Jamal,Jamal,Agnew
2024,PIT,00-0033729,Cameron Johnston,Cameron,Cameron,Johnston
2024,PIT,00-0033886,T.J. Watt,Trent,T.J.,Watt
2024,PIT,00-0033905,Larry Ogunjobi,Olumide,Larry,Ogunjobi
2024,PIT,00-0033929,Montravius Adams,Montravius,Montravius,Adams
2024,PIT,00-0033930,Cameron Sutton,Cameron,Cameron,Sutton
2024,PIT,00-0034051,Christian Kuntz,Christian,Christian,Kuntz
2024,PIT,00-0034265,Anthony Averett,Anthony,Anthony,Averett
2024,PIT,00-0034277,DeShon Elliott,Armentae,DeShon,Elliott
2024,PIT,00-0034347,James Daniels,James,James,Daniels
2024,PIT,00-0034356,Donte Jackson,Donte,Donte,Jackson
2024,PIT,00-0034414,Boston Scott,Boston,Boston,Scott
2024,PIT,00-0034577,Kyle Allen,Kyle,Kyle,Allen
2024,PIT,00-0034789,Minkah Fitzpatrick,Minkah,Minkah,Fitzpatrick
2024,PIT,00-0034858,Terrell Edmunds,FeDerius,Terrell,Edmunds
2024,PIT,00-0034937,John Leglue,John,John,Leglue
2024,PIT,00-0034957,Calvin Anderson,Calvin,Calvin,Anderson
2024,PIT,00-0035108,Nathan Meadors,Nathan,Nate,Meadors
2024,PIT,00-0035189,Matthew Wright,Matthew,Matthew,Wright
2024,PIT,00-0035245,Max Scharping,Max,Max,Scharping
2024,PIT,00-0035286,Cole Holcomb,Cole,Cole,Holcomb
2024,PIT,00-0035298,Scott Miller,Scott,Scott,Miller
2024,PIT,00-0035383,Nate Herbig,Nathaniel,Nate,Herbig
2024,PIT,00-0035436,Matt Sokol,Matthew,Matt,Sokol
2024,PIT,00-0035527,Andy Isabella,Andrew,Andy,Isabella
2024,PIT,00-0035795,James Pierre,James,James,Pierre
2024,PIT,00-0035821,Corliss Waitman,Corliss,Corliss,Waitman
2024,PIT,00-0035924,Jonathan Ward,Jonathan,Jonathan,Ward
2024,PIT,00-0035927,Breiden Fehoko,Breiden,Breiden,Fehoko
2024,PIT,00-0035969,Willington Previlon,Willington,Willington,Previlon
2024,PIT,00-0036010,Jalen Elliott,Jalen,Jalen,Elliott
2024,PIT,00-0036097,Kyahva Tezino,Kyahva,Kyahva,Tezino
2024,PIT,00-0036101,Luq Barcoo,Luqman,Luq,Barcoo
2024,PIT,00-0036148,Domenique Davis,Domenique,Domenique,Davis
2024,PIT,00-0036219,Marquez Callaway,Marquez,Marquez,Callaway
2024,PIT,00-0036255,Denzel Mims,Denzel,Denzel,Mims
2024,PIT,00-0036269,La'Mical Perine,La'Mical,La'Mical,Perine
2024,PIT,00-0036271,Quez Watkins,Terrance,Quez,Watkins
2024,PIT,00-0036281,C.J. Henderson,Christopher,C.J.,Henderson
2024,PIT,00-0036303,Josiah Scott,Josiah,Josiah,Scott
2024,PIT,00-0036323,Patrick Queen,Patrick,Patrick,Queen
2024,PIT,00-0036333,Alex Highsmith,Alex,Alex,Highsmith
2024,PIT,00-0036415,Van Jefferson,Vanchii,Van,Jefferson
2024,PIT,00-0036522,Devery Hamilton,Devery,Devery,Hamilton
2024,PIT,00-0036668,Marquiss Spencer,Marquiss,Marquiss,Spencer
2024,PIT,00-0036688,Kiondre Thomas,Kiondre,Kiondre,Thomas
2024,PIT,00-0036783,Ryan McCollum,Ryan,Ryan,McCollum
2024,PIT,00-0036843,Isaiahh Loudermilk,Isaiahh,Isaiahh,Loudermilk
2024,PIT,00-0036862,Ben Skowronek,Ben,Ben,Skowronek
2024,PIT,00-0036869,Dan Moore Jr.,Dan,Dan,Moore
2024,PIT,00-0036893,Najee Harris,Najee,Najee,Harris
2024,PIT,00-0036894,Pat Freiermuth,Pat,Pat,Freiermuth
2024,PIT,00-0036908,Thomas Graham Jr.,Thomas,Thomas,Graham
2024,PIT,00-0036945,Justin Fields,Justin,Justin,Fields
2024,PIT,00-0036949,Adetokunbo Ogundeji,Adetokunbo,Adetokunbo,Ogundeji
2024,PIT,00-0037055,Lance McCutcheon,Lance,Lance,McCutcheon
2024,PIT,00-0037084,Kyron Johnson,Kyron,Kyron,Johnson
2024,PIT,00-0037179,Jeremiah Moon,Jeremiah,Jeremiah,Moon
2024,PIT,00-0037228,Jaylen Warren,Jaylen,Jaylen,Warren
2024,PIT,00-0037247,George Pickens,George,George,Pickens
2024,PIT,00-0037293,Devin Harper,Devin,Devin,Harper
2024,PIT,00-0037304,Connor Heyward,Connor,Connor,Heyward
2024,PIT,00-0037316,Mark Robinson,Mark,Mark,Robinson
2024,PIT,00-0037325,Kalon Barnes,Kalon,Kalon,Barnes
2024,PIT,00-0037373,Zyon Gilbert,Zyon,Zyon,Gilbert
2024,PIT,00-0037377,Trenton Thompson,Trenton,Trenton,Thompson
2024,PIT,00-0037382,Brandon Johnson,Brandon,Brandon,Johnson
2024,PIT,00-0037451,Rod Williams,Rod,Rod,Williams
2024,PIT,00-0037480,Dylan Cook,Dylan,Dylan,Cook
2024,PIT,00-0037484,Kyler McMichael,Kyler,Kyler,McMichael
2024,PIT,00-0037609,Aaron Shampklin,Aaron,Aaron,Shampklin
2024,PIT,00-0037759,DeMarvin Leal,DeMarvin,DeMarvin,Leal
2024,PIT,00-0037837,Calvin Austin III,Calvin,Calvin,Austin
2024,PIT,00-0038141,Ayo Oyelola,Ayo,Ayo,Oyelola
2024,PIT,00-0038388,Darius Rush,Darius,Darius,Rush
2024,PIT,00-0038459,Tykeem Doss,Tykeem,Tykeem,Doss
2024,PIT,00-0038472,Duece Watts,Natorian,Duece,Watts
2024,PIT,00-0038502,T.J. Luther,Tyreece,T.J.,Luther
2024,PIT,00-0038558,Darnell Washington,Darnell,Darnell,Washington
2024,PIT,00-0038577,Nick Herbig,Nicholas,Nick,Herbig
2024,PIT,00-0038639,Cory Trice Jr.,Cory,Cory,Trice
2024,PIT,00-0038645,Spencer Anderson,Spencer,Spencer,Anderson
2024,PIT,00-0038671,Jaray Jenkins,Jaray,Jaray,Jenkins
2024,PIT,00-0038708,Jacob Slade,Jacob,Jacob,Slade
2024,PIT,00-0038721,Tyler Beach,Tyler,Tyler,Beach
2024,PIT,00-0038746,David Perales,David,David,Perales
2024,PIT,00-0038782,Eku Leota,Andrew,Eku,Leota
2024,PIT,00-0038790,Marcus Haynes,Marcus,Marcus,Haynes
2024,PIT,00-0038843,Jacob Copeland,Jacob,Jacob,Copeland
2024,PIT,00-0038875,Jack Colletto,Jack,Jack,Colletto
2024,PIT,00-0038876,Joey Fisher,Joseph,Joey,Fisher
2024,PIT,00-0038877,D'Shawn Jamison,D'Shawn,D'Shawn,Jamison
2024,PIT,00-0038895,Tyler Murray,Tyler,Tyler,Murray
2024,PIT,00-0038902,Shaquan Davis,Shaquan,Shaquan,Davis
2024,PIT,00-0038954,Izaiah Gathings,Izaiah,Izaiah,Gathings
2024,PIT,00-0039109,Broderick Jones,Broderick,Broderick,Jones
2024,PIT,00-0039110,Keeanu Benton,Keeanu,Keeanu,Benton
2024,PIT,00-0039167,Joey Porter Jr.,Joey,Joey,Porter
2024,PIT,00-0039327,Luquay Washington,Luquay,Luquay,Washington
2024,PIT,00-0039358,Mason McCormick,Mason,Mason,McCormick
2024,PIT,00-0039389,Logan Lee,Logan,Logan,Lee
2024,PIT,00-0039454,Beanie Bishop Jr.,Shannon,Beanie,Bishop
2024,PIT,00-0039455,Daijun Edwards,Se'varian,Daijun,Edwards
2024,PIT,00-0039457,Jacoby Windmon,Jacoby,Jacoby,Windmon
2024,PIT,00-0039580,Craig Young,Craig,Craig,Young
2024,PIT,00-0039716,Doug Nester,Doug,Doug,Nester
2024,PIT,00-0039739,Roman Wilson,Roman,Roman,Wilson
2024,PIT,00-0039741,Payton Wilson,Payton,Payton,Wilson
2024,PIT,00-0039748,Ryan Watts,Ryan,Ryan,Watts
2024,PIT,00-0039871,Troy Fautanu,Troy,Troy,Fautanu
2024,PIT,00-0039896,Zach Frazier,Zach,Zach,Frazier
2024,PIT,00-0039931,Julius Welschof,Julius,Julius,Welschof
2024,SEA,00-0022531,Jason Peters,Jason,Jason,Peters
2024,SEA,00-0023742,Jon Ryan,Jon,Jon,Ryan
2024,SEA,00-0030063,Johnathan Hankins,Johnathan,Johnathan,Hankins
2024,SEA,00-0030565,Geno Smith,Eugene,Geno,Smith
2024,SEA,00-0031492,Jason Myers,Jason,Jason,Myers
2024,SEA,00-0031933,Leonard Williams,Leonard,Leonard,Williams
2024,SEA,00-0032211,Tyler Lockett,Tyler,Tyler,Lockett
2024,SEA,00-0032234,Laken Tomlinson,Laken,Laken,Tomlinson
2024,SEA,00-0032387,Jarran Reed,Jarran,Jarran,Reed
2024,SEA,00-0032466,George Fant,George,George,Fant
2024,SEA,00-0032667,Roy Robertson-Harris,Roy,Roy,Robertson-Harris
2024,SEA,00-0033103,Artie Burns,Artie,Artie,Burns
2024,SEA,00-0033275,PJ Walker,Phillip,P.J.,Walker
2024,SEA,00-0033283,Tyus Bowser,Tyus,Tyus,Bowser
2024,SEA,00-0033439,Pharaoh Brown,Pharaoh,Pharaoh,Brown
2024,SEA,00-0033941,Rayshawn Jenkins,Rayshawn,Rayshawn,Jenkins
2024,SEA,00-0034160,Michael Dickson,Michael,Michael,Dickson
2024,SEA,00-0034350,Uchenna Nwosu,Uchenna,Uchenna,Nwosu
2024,SEA,00-0034352,Connor Williams,Connor,Connor,Williams
2024,SEA,00-0034490,Ezekiel Turner,Ezekiel,Ezekiel,Turner
2024,SEA,00-0034797,Jerome Baker,Jerome,Jerome,Baker
2024,SEA,00-0034974,Julian Love,Julian,Julian,Love
2024,SEA,00-0035139,Marquise Blair,Marquise,Marquise,Blair
2024,SEA,00-0035352,Tyrel Dodson,Tyrel,Tyrel,Dodson
2024,SEA,00-0035624,N'Keal Harry,N'Keal,N'Keal,Harry
2024,SEA,00-0035640,DK Metcalf,DeKaylin,DK,Metcalf
2024,SEA,00-0035644,Noah Fant,Noah,Noah,Fant
2024,SEA,00-0035678,Dre'Mont Jones,Dre'Mont,Dre'Mont,Jones
2024,SEA,00-0035701,Marcus Simms,Marcus,Marcus,Simms
2024,SEA,00-0035703,Miles Boykin,Miles,Miles,Boykin
2024,SEA,00-0035783,Tyler Hall,Tyler,Tyler,Hall
2024,SEA,00-0035891,Cody White,Cody,Cody,White
2024,SEA,00-0035946,Myles Adams,Myles,Myles,Adams
2024,SEA,00-0035984,Blake Lynch,Blake,Blake,Lynch
2024,SEA,00-0036059,Tyler Mabry,Tyler,Tyler,Mabry
2024,SEA,00-0036080,Easop Winston,Easop,Easop,Winston
2024,SEA,00-0036268,Laviska Shenault Jr.,Laviska,Laviska,Shenault
2024,SEA,00-0036305,Trevis Gipson,Trevis,Trevis,Gipson
2024,SEA,00-0036395,K'Von Wallace,K'Von,K'Von,Wallace
2024,SEA,00-0036605,Max Pircher,Max,Max,Pircher
2024,SEA,00-0036647,Cornell Powell,Cornell,Cornell,Powell
2024,SEA,00-0036649,Quinton Bohanna,Quinton,Quinton,Bohanna
2024,SEA,00-0036653,Stone Forsythe,Stone,Stone,Forsythe
2024,SEA,00-0036877,Jaelon Darden,Jaelon,Jaelon,Darden
2024,SEA,00-0036885,Tre Brown,Tre,Tre,Brown
2024,SEA,00-0036994,Ernest Jones,Ernest,Ernest,Jones
2024,SEA,00-0037077,Sam Howell,Sam,Sam,Howell
2024,SEA,00-0037079,Riq Woolen,Tariq,Tariq,Woolen
2024,SEA,00-0037080,Tyreke Smith,Tyreke,Tyreke,Smith
2024,SEA,00-0037093,Dareke Young,Dareke,Dareke,Young
2024,SEA,00-0037137,Josh Jobe,Josh,Josh,Jobe
2024,SEA,00-0037149,Joshua Onujiogu,Joshua,Joshua,Onujiogu
2024,SEA,00-0037152,Matt Gotel,Matthew,Matthew,Gotel
2024,SEA,00-0037184,Josh Ross,Josh,Josh,Ross
2024,SEA,00-0037319,Faion Hicks,Faion,Faion,Hicks
2024,SEA,00-0037329,Brittain Brown,Brittain,Brittain,Brown
2024,SEA,00-0037495,Bryant Koback,Bryant,Bryant,Koback
2024,SEA,00-0037812,Abraham Lucas,Abraham,Abraham,Lucas
2024,SEA,00-0037821,Charles Cross,Charles,Charles,Cross
2024,SEA,00-0037984,Damarion Williams,Damarion,Damarion,Williams
2024,SEA,00-0038133,Boye Mafe,Boye,Boye,Mafe
2024,SEA,00-0038134,Kenneth Walker III,Kenneth,Kenneth,Walker
2024,SEA,00-0038136,Coby Bryant,Coby,Coby,Bryant
2024,SEA,00-0038488,Brady Russell,Brady,Brady,Russell
2024,SEA,00-0038490,Ty Zentner,Tyler,Ty,Zentner
2024,SEA,00-0038520,Ty Scott,Tyrone,Ty,Scott
2024,SEA,00-0038543,Jaxon Smith-Njigba,Jaxon,Jaxon,Smith-Njigba
2024,SEA,00-0038572,Cameron Young,Cameron,Cameron,Young
2024,SEA,00-0038591,Mike Morris,Michael,Mike,Morris
2024,SEA,00-0038593,Olu Oluwatimi,Olusegun,Olusegun,Oluwatimi
2024,SEA,00-0038598,Jaren Hall,Jaren,Jaren,Hall
2024,SEA,00-0038613,Jerrick Reed II,Jerrick,Jerrick,Reed
2024,SEA,00-0038636,Kenny McIntosh,Kenny,Kenny,McIntosh
2024,SEA,00-0038694,Brandon Pili,Brandon,Brandon,Pili
2024,SEA,00-0038752,Jake Bobo,Jake,Jake,Bobo
2024,SEA,00-0038753,Lance Boykin,Lance,Lance,Boykin
2024,SEA,00-0038764,Patrick O'Connell,Patrick,Patrick,O'Connell
2024,SEA,00-0038765,Ty Okada,Ty,Ty,Okada
2024,SEA,00-0038769,Chris Stoll,Chris,Chris,Stoll
2024,SEA,00-0038864,Michael Ezeike,Michael,Michael,Ezeike
2024,SEA,00-0038866,AJ Finley,Allister,A.J.,Finley
2024,SEA,00-0038880,Ilm Manning,Ilm,Ilm,Manning
2024,SEA,00-0038914,McClendon Curtis,McClendon,McClendon,Curtis
2024,SEA,00-0038922,Drake Thomas,Drake,Drake,Thomas
2024,SEA,00-0038961,Eric Garror,Eric,Eric,Garror
2024,SEA,00-0039020,Anthony Bradford,Anthony,Anthony,Bradford
2024,SEA,00-0039047,Derick Hall,Derick,Derick,Hall
2024,SEA,00-0039165,Zach Charbonnet,Zach,Zach,Charbonnet
2024,SEA,00-0039166,Andrew Whitaker,Andrew,Andrew,Whitaker
2024,SEA,00-0039169,Devon Witherspoon,Devon,Devon,Witherspoon
2024,SEA,00-0039173,Kenneth Odumegwu,Kenneth,Kenneth,Odumegwu
2024,SEA,00-0039245,Ryan Cooper Jr.,Ryan,Ryan,Cooper
2024,SEA,00-0039293,Sundiata Anderson,Sundiata,Sundiata,Anderson
2024,SEA,00-0039294,Nelson Ceaser,Nelson,Nelson,Ceaser
2024,SEA,00-0039296,Easton Gibbs,Easton,Easton,Gibbs
2024,SEA,00-0039297,Garret Greenfield,Garret,Garret,Greenfield
2024,SEA,00-0039298,Hayden Hatten,Hayden,Hayden,Hatten
2024,SEA,00-0039299,George Holani,George,George,Holani
2024,SEA,00-0039300,Carlton Johnson,Carlton,Carlton,Johnson
2024,SEA,00-0039301,Devere Levelston,DeVere,DeVere,Levelston
2024,SEA,00-0039302,Kobe Lewis,Kobe,Kobe,Lewis
2024,SEA,00-0039303,Mike Novitsky,Mike,Mike,Novitsky
2024,SEA,00-0039305,Jack Westover,Jack,Jack,Westover
2024,SEA,00-0039306,Dee Williams,Dee,Dee,Williams
2024,SEA,00-0039307,Rason Williams,Rason,Rason,Williams
2024,SEA,00-0039308,TaMerik Williams,TaMerik,TaMerik,Williams
2024,SEA,00-0039309,Byron Murphy II,Byron,Byron,Murphy
2024,SEA,00-0039328,Buddha Jones,Buddha,Buddha,Jones
2024,SEA,00-0039429,Michael Barrett,Michael,Michael,Barrett
2024,SEA,00-0039456,John Rhys Plumlee,John Rhys,John Rhys,Plumlee
2024,SEA,00-0039630,Michael Dowell,Michael,Michael,Dowell
2024,SEA,00-0039768,Nathan Pickering,Nathan,Nathan,Pickering
2024,SEA,00-0039769,Devin Richardson,Devin,Devin,Richardson
2024,SEA,00-0039793,AJ Barner,A.J.,A.J.,Barner
2024,SEA,00-0039795,Nehemiah Pritchett,Nehemiah,Nehemiah,Pritchett
2024,SEA,00-0039799,Sataoa Laumea,Sataoa,Sataoa,Laumea
2024,SEA,00-0039800,DJ James,D.J.,D.J.,James
2024,SEA,00-0039815,Tyrice Knight,Tyrice,Tyrice,Knight
2024,SEA,00-0039820,Mario Kendricks,Mario,Mario,Kendricks
2024,SEA,00-0039839,Christian Haynes,Christian,Christian,Haynes
2024,SEA,00-0039842,Michael Jerrell,Michael,Michael,Jerrell
2024,SEA,00-0039926,Jalen Sundell,Jalen,Jalen,Sundell
2024,SEA,00-0039940,Kairee Robinson,Kairee,Kairee,Robinson
2024,SEA,00-0039944,Jamie Sheriff,Jamie,Jamie,Sheriff
2024,SEA,00-0039946,Kyon Barrs,Kyon,Kyon,Barrs
2024,SEA,00-0039947,Willie Roberts,Willie,Willie,Roberts
2024,SEA,00-0039952,Devon Garrison,Devon,Devon,Garrison
2024,SF,00-0027857,Trent Williams,Trent,Trent,Williams
2024,SF,00-0028924,Tashaun Gipson,Tashaun,Tashaun,Gipson
2024,SF,00-0029892,Kyle Juszczyk,Kyle,Kyle,Juszczyk
2024,SF,00-0029963,Chris Hubbard,Christopher,Christopher,Hubbard
2024,SF,00-0030500,Nick Williams,Nicholas,Nicholas,Williams
2024,SF,00-0031079,Pat O'Donnell,Patrick,Pat,O'Donnell
2024,SF,00-0031260,Logan Thomas,Logan,Logan,Thomas
2024,SF,00-0031584,Adrian Amos,Adrian,Adrian,Amos
2024,SF,00-0032128,Chris Conley,Christian,Chris,Conley
2024,SF,00-0032145,Cameron Erving,Cameron,Cameron,Erving
2024,SF,00-0032151,Jon Feliciano,Jonathan,Jon,Feliciano
2024,SF,00-0032162,T.Y. McGill,Torrone,T.Y.,McGill
2024,SF,00-0032320,Erik Harris,Erik,Erik,Harris
2024,SF,00-0032401,De'Vondre Campbell,De'Vondre,De'Vondre,Campbell
2024,SF,00-0032434,Brandon Allen,Brandon,Brandon,Allen
2024,SF,00-0032701,Jake Brendel,Jacob,Jake,Brendel
2024,SF,00-0033072,Leonard Floyd,Leonard,Leonard,Floyd
2024,SF,00-0033109,Javon Hargrave,Javon,Javon,Hargrave
2024,SF,00-0033131,Maliek Collins,Maliek,Maliek,Collins
2024,SF,00-0033199,Taybor Pepper,Taybor,Taybor,Pepper
2024,SF,00-0033280,Christian McCaffrey,Christian,Christian,McCaffrey
2024,SF,00-0033288,George Kittle,George,George,Kittle
2024,SF,00-0033292,Trent Taylor,Trent,Trent,Taylor
2024,SF,00-0033308,Matt Breida,Matthew,Matt,Breida
2024,SF,00-0033576,Eric Saubert,Eric,Eric,Saubert
2024,SF,00-0033746,Alex Barrett,Alejandro,Alex,Barrett
2024,SF,00-0033949,Joshua Dobbs,Robert,Joshua,Dobbs
2024,SF,00-0034091,George Odum,George,George,Odum
2024,SF,00-0034411,Russell Gage,Russell,Russell,Gage
2024,SF,00-0034573,Charvarius Ward,Charvarius,Charvarius,Ward
2024,SF,00-0034745,Tracy Walker III,Tracy,Tracy,Walker
2024,SF,00-0034763,Brandon Parker,Brandon,Brandon,Parker
2024,SF,00-0034780,Isaac Yiadom,Isaac,Isaac,Yiadom
2024,SF,00-0034815,Fred Warner,Federico,Fred,Warner
2024,SF,00-0034867,Malik Turner,Malik,Malik,Turner
2024,SF,00-0034941,Mitch Wishnowsky,Mitch,Mitch,Wishnowsky
2024,SF,00-0034982,Dre Greenlaw,Keaundre,Dre,Greenlaw
2024,SF,00-0035020,Demetrius Flannigan-Fowles,Demetrius,Demetrius,Flannigan-Fowles
2024,SF,00-0035026,Kevin Givens,Kevin,Kevin,Givens
2024,SF,00-0035189,Matthew Wright,Matthew,Matthew,Wright
2024,SF,00-0035531,Austin Bryant,Austin,Austin,Bryant
2024,SF,00-0035637,Rock Ya-Sin,Abdurrahman,Rock,Ya-Sin
2024,SF,00-0035717,Nick Bosa,Nicholas,Nick,Bosa
2024,SF,00-0035719,Deebo Samuel Sr.,Tyshun,Deebo,Samuel
2024,SF,00-0035829,Austen Pleasants,Austen,Austen,Pleasants
2024,SF,00-0035973,Patrick Taylor,Patrick,Patrick,Taylor
2024,SF,00-0036015,Zack Johnson,Zachary,Zack,Johnson
2024,SF,00-0036195,Charlie Heck,Charles,Charlie,Heck
2024,SF,00-0036202,Dieter Eiselen,Dieter,Dieter,Eiselen
2024,SF,00-0036239,Jonathan Garvin,Jonathan,Jonathan,Garvin
2024,SF,00-0036256,Colton McKivitz,Colton,Colton,McKivitz
2024,SF,00-0036259,Jauan Jennings,Bennie,Jauan,Jennings
2024,SF,00-0036261,Brandon Aiyuk,Brandon,Brandon,Aiyuk
2024,SF,00-0036266,Jordan Elliott,Jordan,Jordan,Elliott
2024,SF,00-0036272,Ben Bartch,Benjamin,Ben,Bartch
2024,SF,00-0036288,Yetur Gross-Matos,Yetur,Yetur,Gross-Matos
2024,SF,00-0036295,Matt Hennessy,Matthew,Matt,Hennessy
2024,SF,00-0036430,Khalil Davis,Khalil,Khalil,Davis
2024,SF,00-0036448,Isaac Alarcon,Isaac,Isaac,Alarcon
2024,SF,00-0036450,Ke'Shawn Vaughn,Ke'Shawn,Ke'Shawn,Vaughn
2024,SF,00-0036551,Aaron Banks,Aaron,Aaron,Banks
2024,SF,00-0036557,Jaylon Moore,Jaylon,Jaylon,Moore
2024,SF,00-0036563,Deommodore Lenoir,Deommodore,Deommodore,Lenoir
2024,SF,00-0036564,Talanoa Hufanga,Sione Leti,Talanoa,Hufanga
2024,SF,00-0036567,Elijah Mitchell,Elijah,Elijah,Mitchell
2024,SF,00-0036589,Nick McCloud,Nick,Nick,McCloud
2024,SF,00-0036728,Curtis Robinson,Curtis,Curtis,Robinson
2024,SF,00-0036847,Pressley Harvin III,Pressley,Pressley,Harvin
2024,SF,00-0036921,Tarron Jackson,Tarron,Tarron,Jackson
2024,SF,00-0036955,Terrace Marshall Jr.,Terrace,Terrace,Marshall
2024,SF,00-0037008,Ambry Thomas,Ambry,Ambry,Thomas
2024,SF,00-0037112,Jake Tonges,Jake,Jake,Tonges
2024,SF,00-0037321,Chase Lucas,Chase,Chase,Lucas
2024,SF,00-0037381,Sebastian Gutierrez,Sebastian,Sebastian,Gutierrez
2024,SF,00-0037521,Tayler Hawkins,Tayler,Tayler,Hawkins
2024,SF,00-0037524,Tay Martin,Dovontavean,Tay,Martin
2024,SF,00-0037525,Jordan Mason,Jordan,Jordan,Mason
2024,SF,00-0037537,Lewis Kidd,Lewis,Lewis,Kidd
2024,SF,00-0037553,Jontre Kirklin,Jontre,Jontre,Kirklin
2024,SF,00-0037560,Chandler Wooten,Chandler,Chandler,Wooten
2024,SF,00-0037593,Tre Avery,Tre,Tre,Avery
2024,SF,00-0037602,Sam Okuayinonu,Sam,Sam,Okuayinonu
2024,SF,00-0037826,Drake Jackson,Drake,Drake,Jackson
2024,SF,00-0037828,Danny Gray,Danny,Danny,Gray
2024,SF,00-0037829,Spencer Burford,Spencer,Spencer,Burford
2024,SF,00-0037831,Nick Zakelj,Nick,Nick,Zakelj
2024,SF,00-0037832,Kalia Davis,Kalia,Kalia,Davis
2024,SF,00-0037834,Brock Purdy,Brock,Brock,Purdy
2024,SF,00-0038389,Israel Abanikanda,Israel,Israel,Abanikanda
2024,SF,00-0038402,Anders Carlson,Anders,Anders,Carlson
2024,SF,00-0038554,Ji'Ayir Brown,Ji'Ayir,Ji'Ayir,Brown
2024,SF,00-0038562,Jake Moody,Jake,Jake,Moody
2024,SF,00-0038594,Darrell Luter Jr.,Darrell,Darrell,Luter
2024,SF,00-0038603,Robert Beal Jr.,Robert,Robert,Beal
2024,SF,00-0038625,Dee Winters,Demonderick,Dee,Winters
2024,SF,00-0038634,Nesta Jade Silvera,Nesta Jade,Nesta Jade,Silvera
2024,SF,00-0038643,Brayden Willis,Brayden,Brayden,Willis
2024,SF,00-0038647,Ronnie Bell,Ronnie,Ronnie,Bell
2024,SF,00-0038648,Jalen Graham,Jalen,Jalen,Graham
2024,SF,00-0038842,Shakel Brown,Shakel,Shakel,Brown
2024,SF,00-0039038,DaShaun White,DaShaun,DaShaun,White
2024,SF,00-0039345,Renardo Green,Renardo,Renardo,Green
2024,SF,00-0039351,Dominick Puni,Dominick,Dominick,Puni
2024,SF,00-0039360,Malik Mustapha,Malik,Malik,Mustapha
2024,SF,00-0039363,Isaac Guerendo,Isaac,Isaac,Guerendo
2024,SF,00-0039365,Jacob Cowing,Jacob,Jacob,Cowing
2024,SF,00-0039435,Tatum Bethune,Tatum,Tatum,Bethune
2024,SF,00-0039696,Evan Anderson,Evan,Evan,Anderson
2024,SF,00-0039697,Jaylen Mahoney,Jaylen,Jaylen,Mahoney
2024,SF,00-0039698,Briason Mays,Briason,Briason,Mays
2024,SF,00-0039699,Tanner Mordecai,Tanner,Tanner,Mordecai
2024,SF,00-0039700,Drake Nugent,Drake,Drake,Nugent
2024,SF,00-0039701,Terique Owens,Terique,Terique,Owens
2024,SF,00-0039702,Mason Pline,Mason,Mason,Pline
2024,SF,00-0039916,Ricky Pearsall,Ricky,Ricky,Pearsall
2024,TB,00-0029562,Lavonte David,Lavonte,Lavonte,David
2024,TB,00-0029895,Ryan Jensen,Ryan,Ryan,Jensen
2024,TB,00-0030386,William Gholston,William,William,Gholston
2024,TB,00-0031101,Shaquil Barrett,Shaquil,Shaquil,Barrett
2024,TB,00-0031408,Mike Evans,Mike,Mike,Evans
2024,TB,00-0031785,Troy Hill,Troy,Troy,Hill
2024,TB,00-0032197,Randy Gregory,Randy,Randy,Gregory
2024,TB,00-0032385,Sterling Shepard,Sterling,Sterling,Shepard
2024,TB,00-0032388,Deion Jones,Deion,Deion,Jones
2024,TB,00-0033064,Adam Gotsis,Adam,Adam,Gotsis
2024,TB,00-0033196,Zach Triner,Zach,Zach,Triner
2024,TB,00-0033921,Chris Godwin,Rod,Chris,Godwin
2024,TB,00-0034374,Jordan Whitehead,Jordan,Jordan,Whitehead
2024,TB,00-0034488,Tavierre Thomas,Tavierre,Tavierre,Thomas
2024,TB,00-0034527,Ryan Neal,Ryan,Ryan,Neal
2024,TB,00-0034575,David Wells,David,David,Wells
2024,TB,00-0034681,Chase Edmonds,Chase,Chase,Edmonds
2024,TB,00-0034773,Vita Vea,Tevita,Vita,Vea
2024,TB,00-0034855,Baker Mayfield,Baker,Baker,Mayfield
2024,TB,00-0034899,John Wolford,John,John,Wolford
2024,TB,00-0034989,Justin Skule,Justin,Justin,Skule
2024,TB,00-0035164,Cody Thompson,Cody,Cody,Thompson
2024,TB,00-0035254,Anthony Nelson,Anthony,Anthony,Nelson
2024,TB,00-0035358,Chase McLaughlin,Chase,Chase,McLaughlin
2024,TB,00-0035384,Sua Opeta,Iosua,Iosua,Opeta
2024,TB,00-0035667,Greg Gaines,Greg,Greg,Gaines
2024,TB,00-0035681,Mike Edwards,Mike,Mike,Edwards
2024,TB,00-0035699,Jamel Dean,Jamel,Jamel,Dean
2024,TB,00-0035928,Eric Banks,Eric,Eric,Banks
2024,TB,00-0036132,Ben Bredeson,Ben,Ben,Bredeson
2024,TB,00-0036219,Marquez Callaway,Marquez,Marquez,Callaway
2024,TB,00-0036241,Bryce Hall,Bryce,Bryce,Hall
2024,TB,00-0036406,Tristan Wirfs,Tristan,Tristan,Wirfs
2024,TB,00-0036411,Antoine Winfield Jr.,Antoine,Antoine,Winfield
2024,TB,00-0036539,Nolan Cooney,Nolan,Nolan,Cooney
2024,TB,00-0036631,Royce Newman,Royce,Royce,Newman
2024,TB,00-0036643,K.J. Britt,K.J.,K.J.,Britt
2024,TB,00-0036855,Earnest Brown IV,Earnest,Earnest,Brown
2024,TB,00-0036928,Kyle Trask,Kyle,Kyle,Trask
2024,TB,00-0036967,Joe Tryon-Shoyinka,Joseph,Joe,Tryon
2024,TB,00-0036985,Robert Hainsey,Robert,Robert,Hainsey
2024,TB,00-0037015,Sal Cannella,Sal,Sal,Cannella
2024,TB,00-0037097,Trenton Gill,Trenton,Trenton,Gill
2024,TB,00-0037153,Vi Jones,Levi,Vi,Jones
2024,TB,00-0037185,Raleigh Webb,Raleigh,Raleigh,Webb
2024,TB,00-0037256,Rachaad White,Rachaad,Rachaad,White
2024,TB,00-0037268,Zyon McCollum,Zyon,Zyon,McCollum
2024,TB,00-0037311,Ko Kieft,Ko,Ko,Kieft
2024,TB,00-0037356,Ben Stille,Ben,Ben,Stille
2024,TB,00-0037395,Dallis Flowers,Dallis,Dallis,Flowers
2024,TB,00-0037487,Deven Thompkins,Deven,Deven,Thompkins
2024,TB,00-0037491,J.J. Russell,Javarius,J.J.,Russell
2024,TB,00-0037570,Dennis Houston,Dennis,Dennis,Houston
2024,TB,00-0037610,Seth Vernon,Seth,Seth,Vernon
2024,TB,00-0037627,Mike Greene,Michael,Mike,Greene
2024,TB,00-0037662,C.J. Brewer,C.J.,C.J.,Brewer
2024,TB,00-0037835,Luke Goedeke,Luke,Luke,Goedeke
2024,TB,00-0038042,Jake Camarda,Jake,Jake,Camarda
2024,TB,00-0038127,Logan Hall,Logan,Logan,Hall
2024,TB,00-0038129,Cade Otton,Cade,Cade,Otton
2024,TB,00-0038426,Lorenz Metz,Lorenz,Lorenz,Metz
2024,TB,00-0038805,Cephus Johnson III,Cephus,Cephus,Johnson
2024,TB,00-0038817,Evan Deckers,Evan,Evan,Deckers
2024,TB,00-0038818,Luke Haggard,Luke,Luke,Haggard
2024,TB,00-0038819,Keenan Isaac,Keenan,Keenan,Isaac
2024,TB,00-0038820,Christian Izien,Christian,Christian,Izien
2024,TB,00-0038821,Rakim Jarrett,Rakim,Rakim,Jarrett
2024,TB,00-0038823,Kaevon Merriweather,Kaevon,Kaevon,Merriweather
2024,TB,00-0038824,Ryan Miller,Ryan,Ryan,Miller
2024,TB,00-0038826,Raiqwon O'Neal,Raiqwon,Raiqwon,O'Neal
2024,TB,00-0038828,Tanner Taula,Tanner,Tanner,Taula
2024,TB,00-0038924,Silas Dzansi,Silas,Silas,Dzansi
2024,TB,00-0038951,Sean Tucker,Sean,Sean,Tucker
2024,TB,00-0038958,Markees Watts,Markees,Markees,Watts
2024,TB,00-0039049,SirVocea Dennis,SirVocea,SirVocea,Dennis
2024,TB,00-0039050,Payne Durham,Payne,Payne,Durham
2024,TB,00-0039051,Josh Hayes,Josh,Josh,Hayes
2024,TB,00-0039052,Trey Palmer,Trey,Trey,Palmer
2024,TB,00-0039053,Jose Ramirez,Jose,Jose,Ramirez
2024,TB,00-0039063,Calijah Kancey,Calijah,Calijah,Kancey
2024,TB,00-0039068,Yaya Diaby,Yaya,YaYa,Diaby
2024,TB,00-0039157,Cody Mauch,Cody,Cody,Mauch
2024,TB,00-0039206,Lwal Uguak,Lwal,Lwal,Uguak
2024,TB,00-0039238,Michael Pratt,Michael,Michael,Pratt
2024,TB,00-0039297,Garret Greenfield,Garret,Garret,Greenfield
2024,TB,00-0039361,Bucky Irving,Mar'Keise,Bucky,Irving
2024,TB,00-0039411,Elijah Klein,Elijah,Elijah,Klein
2024,TB,00-0039477,Jack Browning,Jack,Jack,Browning
2024,TB,00-0039569,Brandon Matterson,Brandon,Brandon,Matterson
2024,TB,00-0039582,Marcus Banks,Marcus,Marcus,Banks
2024,TB,00-0039583,Judge Culpepper,Judge,Judge,Culpepper
2024,TB,00-0039584,Xavier Delgado,Xavier,Xavier,Delgado
2024,TB,00-0039585,Kalen DeLoach,Kalen,Kalen,DeLoach
2024,TB,00-0039586,Tyrek Funderburk,Tyrek,Tyrek,Funderburk
2024,TB,00-0039587,Antonio Grier Jr.,Antonio,Antonio,Grier
2024,TB,00-0039588,Daniel Grzesiak,Daniel,Daniel,Grzesiak
2024,TB,00-0039589,Kameron Johnson,Kameron,Kameron,Johnson
2024,TB,00-0039590,Avery Jones,Avery,Avery,Jones
2024,TB,00-0039591,Latreal Jones,Latreal,Latreal,Jones
2024,TB,00-0039592,Tanner Knue,Tanner,Tanner,Knue
2024,TB,00-0039593,Chris McDonald,Christopher,Chris,McDonald
2024,TB,00-0039594,Shaun Peterson,Shaun,Shaun,Peterson
2024,TB,00-0039595,D.J. Williams,Dederrian,D.J.,Williams
2024,TB,00-0039596,Rashad Wisdom,Rashad,Rashad,Wisdom
2024,TB,00-0039597,Zack Annexstad,Zack,Zack,Annexstad
2024,TB,00-0039754,Devin Culp,Devin,Devin,Culp
2024,TB,00-0039758,Ryan Johnson,Ryan,Ryan,Johnson
2024,TB,00-0039759,Jay Person,Jay,Jay,Person
2024,TB,00-0039765,Andrew Hayes,Andrew,Andrew,Hayes
2024,TB,00-0039766,Ramon Jefferson,Ramon,Ramon,Jefferson
2024,TB,00-0039846,Tykee Smith,Tykee,Tykee,Smith
2024,TB,00-0039855,Jalen McMillan,Jalen,Jalen,McMillan
2024,TB,00-0039902,Chris Braswell,Chris,Chris,Braswell
2024,TB,00-0039905,Graham Barton,Graham,Graham,Barton
2024,TEN,00-0025565,Nick Folk,Nick,Nick,Folk
2024,TEN,00-0027557,Morgan Cox,Charles,Morgan,Cox
2024,TEN,00-0030564,DeAndre Hopkins,DeAndre,DeAndre,Hopkins
2024,TEN,00-0031608,Quandre Diggs,Quandre,Quandre,Diggs
2024,TEN,00-0032156,Trevor Siemian,Trevor,Trevor,Siemian
2024,TEN,00-0032221,Shane Ray,Shane,Shane,Ray
2024,TEN,00-0032394,Nick Vannett,Nicholas,Nick,Vannett
2024,TEN,00-0032891,Daryl Worley,Daryl,Daryl,Worley
2024,TEN,00-0033009,Tyler Boyd,Tyler,Tyler,Boyd
2024,TEN,00-0033221,Daniel Brunskill,Daniel,Daniel,Brunskill
2024,TEN,00-0033461,Raekwon McMillan,Raekwon,Raekwon,McMillan
2024,TEN,00-0033548,Chidobe Awuzie,Chidobe,Chidobe,Awuzie
2024,TEN,00-0033770,Justin Hardee,Justin,Justin,Hardee
2024,TEN,00-0033793,Corey Levin,Corey,Corey,Levin
2024,TEN,00-0033872,Jamal Adams,Jamal,Jamal,Adams
2024,TEN,00-0034587,Abdullah Anderson,Abdullah,Abdullah,Anderson
2024,TEN,00-0034771,Mason Rudolph,Mason,Mason,Rudolph
2024,TEN,00-0034797,Jerome Baker,Jerome,Jerome,Baker
2024,TEN,00-0034810,Sebastian Joseph-Day,Sebastian,Sebastian,Joseph
2024,TEN,00-0034817,Geron Christian,Geron,Geron,Christian
2024,TEN,00-0034825,Arden Key,Arden,Arden,Key
2024,TEN,00-0034828,Harold Landry,Harold,Harold,Landry
2024,TEN,00-0034837,Calvin Ridley,Calvin,Calvin,Ridley
2024,TEN,00-0035076,Curtis Bolton,Curtis,Curtis,Bolton
2024,TEN,00-0035189,Matthew Wright,Matthew,Matthew,Wright
2024,TEN,00-0035261,Tony Pollard,Tony,Tony,Pollard
2024,TEN,00-0035292,David Long Jr.,David,David,Long
2024,TEN,00-0035295,Isaiah Prince,Isaiah,Isaiah,Prince
2024,TEN,00-0035399,Stanley Morgan,Stanley,Stanley,Morgan
2024,TEN,00-0035413,Luke Gifford,Luke,Luke,Gifford
2024,TEN,00-0035623,Chandler Brewer,Chandler,Chandler,Brewer
2024,TEN,00-0035632,Amani Hooker,Amani,Amani,Hooker
2024,TEN,00-0035643,Jeffery Simmons,Jeffery,Jeffery,Simmons
2024,TEN,00-0035681,Mike Edwards,Mike,Mike,Edwards
2024,TEN,00-0036147,Shyheim Carter,Shyheim,Shyheim,Carter
2024,TEN,00-0036176,Mason Kinsey,Mason,Mason,Kinsey
2024,TEN,00-0036182,Nick Westbrook-Ikhine,Nicholas,Nick,Westbrook-Ikhine
2024,TEN,00-0036291,Marlon Davidson,Marlon,Marlon,Davidson
2024,TEN,00-0036317,Arlington Hambright,Arlington,Arlington,Hambright
2024,TEN,00-0036318,Lachavious Simmons,Lachavious,Lachavious,Simmons
2024,TEN,00-0036334,Saahdiq Charles,Saahdiq,Saahdiq,Charles
2024,TEN,00-0036337,James Lynch,James,James,Lynch
2024,TEN,00-0036370,Joshua Kelley,Joshua,Joshua,Kelley
2024,TEN,00-0036374,L'Jarius Sneed,L'Jarius,L'Jarius,Sneed
2024,TEN,00-0036391,Lloyd Cushenberry III,Lloyd,Lloyd,Cushenberry
2024,TEN,00-0036420,McTelvin Agim,McTelvin,McTelvin,Agim
2024,TEN,00-0036441,"Kenneth Murray, Jr.",Kenneth,Kenneth,Murray
2024,TEN,00-0036615,Caleb Farley,Caleb,Caleb,Farley
2024,TEN,00-0036619,Dillon Radunz,Dillon,Dillon,Radunz
2024,TEN,00-0036844,Garret Wallow,Garret,Garret,Wallow
2024,TEN,00-0036897,Tay Gowan,Quent,Tay,Gowan
2024,TEN,00-0036994,Ernest Jones,Ernest,Ernest,Jones
2024,TEN,00-0037084,Kyron Johnson,Kyron,Kyron,Johnson
2024,TEN,00-0037312,Chance Campbell,Chance,Chance,Campbell
2024,TEN,00-0037349,Kellen Diesch,Kellen,Kellen,Diesch
2024,TEN,00-0037393,JoJo Domann,JoJo,JoJo,Domann
2024,TEN,00-0037493,Mike Brown,Michael,Mike,Brown
2024,TEN,00-0037524,Tay Martin,Dovontavean,Tay,Martin
2024,TEN,00-0037549,Darrell Baker Jr.,Darrell,Darrell,Baker
2024,TEN,00-0037591,Leroy Watson IV,Leroy,Leroy,Watson
2024,TEN,00-0037593,Tre Avery,Tre,Tre,Avery
2024,TEN,00-0037594,Julius Chestnut,Julius,Julius,Chestnut
2024,TEN,00-0037596,Jack Gibbens,Jack,Jack,Gibbens
2024,TEN,00-0037605,Andrew Rupcich,Andrew,Andrew,Rupcich
2024,TEN,00-0037607,Ryan Stonehouse,Ryan,Ryan,Stonehouse
2024,TEN,00-0037742,Treylon Burks,Treylon,Treylon,Burks
2024,TEN,00-0037754,Nicholas Petit-Frere,Nicholas,Nicholas,Petit-Frere
2024,TEN,00-0037809,Chig Okonkwo,Chigoziem,Chigoziem,Okonkwo
2024,TEN,00-0037836,Logan Bruss,Logan,Logan,Bruss
2024,TEN,00-0038125,Roger McCreary,Roger,Roger,McCreary
2024,TEN,00-0038145,Thomas Odukoya,Thomas,Thomas,Odukoya
2024,TEN,00-0038413,Gervarrius Owens,Gervarrius,Gervarrius,Owens
2024,TEN,00-0038490,Ty Zentner,Tyler,Ty,Zentner
2024,TEN,00-0038589,Josh Whyle,Josh,Josh,Whyle
2024,TEN,00-0038607,Jaelyn Duncan,Jaelyn,Jaelyn,Duncan
2024,TEN,00-0038632,Colton Dowell,Colton,Colton,Dowell
2024,TEN,00-0038703,Kendell Brooks,Kendell,Kendell,Brooks
2024,TEN,00-0038724,Ali Gaye,Ali,Ali,Gaye
2024,TEN,00-0038844,Tre'Shaun Harrison,Tre'Shaun,Tre'Shaun,Harrison
2024,TEN,00-0038848,Anthony Kendall,Anthony,Anthony,Kendall
2024,TEN,00-0038850,TK McLendon Jr.,T.K.,T.K.,McLendon
2024,TEN,00-0038851,Caleb Murphy,Caleb,Caleb,Murphy
2024,TEN,00-0038852,John Ojukwu,John,John,Ojukwu
2024,TEN,00-0038853,Otis Reese,Otis,Otis,Reese
2024,TEN,00-0038854,Thomas Rush,Thomas,Thomas,Rush
2024,TEN,00-0038868,Mikel Jones,Mikel,Mikel,Jones
2024,TEN,00-0038961,Eric Garror,Eric,Eric,Garror
2024,TEN,00-0038969,Kearis Jackson,Kearis,Kearis,Jackson
2024,TEN,00-0038985,Keondre Coburn,Keondre,Keondre,Coburn
2024,TEN,00-0039032,Tyjae Spears,Tyjae,Tyjae,Spears
2024,TEN,00-0039034,Peter Skoronski,Peter,Peter,Skoronski
2024,TEN,00-0039152,Will Levis,Will,Will,Levis
2024,TEN,00-0039372,Jarvis Brownlee Jr.,Jarvis,Jarvis,Brownlee
2024,TEN,00-0039392,Jha'Quan Jackson,Jha'quan,Jha'Quan,Jackson
2024,TEN,00-0039430,James Williams,James,James,Williams
2024,TEN,00-0039436,Jaylen Harrell,Jaylen,Jaylen,Harrell
2024,TEN,00-0039532,Julius Wood,Julius,Julius,Wood
2024,TEN,00-0039639,Brian Dooley,Brian,Brian,Dooley
2024,TEN,00-0039640,Khalid Duke,Khalid,Khalid,Duke
2024,TEN,00-0039641,Keaton Ellis,Keaton,Keaton,Ellis
2024,TEN,00-0039642,X'Zauvea Gadlin,X'Zauvea,X'Zauvea,Gadlin
2024,TEN,00-0039644,Isaiah Iton,Isaiah,Isaiah,Iton
2024,TEN,00-0039645,Robert Javier,Robert,Robert,Javier
2024,TEN,00-0039646,Gabe Jeudy-Lally,Gabe,Gabe,Jeudy-Lally
2024,TEN,00-0039648,David Martin-Robinson,David,David,Martin-Robinson
2024,TEN,00-0039649,Brayden Narveson,Brayden,Brayden,Narveson
2024,TEN,00-0039650,Bryce Oliver,Bryce,Bryce,Oliver
2024,TEN,00-0039651,Sam Schnee,Sam,Sam,Schnee
2024,TEN,00-0039652,Jabari Small,Jabari,Jabari,Small
2024,TEN,00-0039653,Cole Spencer,Cole,Cole,Spencer
2024,TEN,00-0039654,Steven Stilianos,Steven,Steven,Stilianos
2024,TEN,00-0039731,JC Latham,J.C.,J.C.,Latham
2024,TEN,00-0039858,Cedric Gray,Cedric,Cedric,Gray
2024,TEN,00-0039886,T'Vondre Sweat,T'Vondre,T'Vondre,Sweat
2024,WAS,00-0028292,Nick Bellore,Nick,Nick,Bellore
2024,WAS,00-0029255,Bobby Wagner,Bobby,Bobby,Wagner
2024,WAS,00-0029822,Brandon McManus,Brandon,Brandon,McManus
2024,WAS,00-0030061,Zach Ertz,Zachary,Zach,Ertz
2024,WAS,00-0030140,Tress Way,Tress,Tress,Way
2024,WAS,00-0030725,Cornelius Lucas,Cornelius,Cornelius,Lucas
2024,WAS,00-0031156,Tyler Ott,Tyler,Tyler,Ott
2024,WAS,00-0031373,Martavis Bryant,Martavis,Martavis,Bryant
2024,WAS,00-0031500,Efe Obada,Efe,Efe,Obada
2024,WAS,00-0031622,Bobby Hart,Bobby,Bobby,Hart
2024,WAS,00-0031938,Carl Davis,Carl,Carl,Davis
2024,WAS,00-0031941,Jamison Crowder,Jamison,Jamison,Crowder
2024,WAS,00-0032052,Dante Fowler Jr.,Dante,Dante,Fowler
2024,WAS,00-0032268,Marcus Mariota,Marcus,Marcus,Mariota
2024,WAS,00-0032398,Chris Moore,Christopher,Chris,Moore
2024,WAS,00-0032436,Jeff Driskel,Jeffrey,Jeff,Driskel
2024,WAS,00-0032942,Kevon Seymour,Kevon,Kevon,Seymour
2024,WAS,00-0033010,Sheldon Day,Sheldon,Sheldon,Day
2024,WAS,00-0033505,Cameron Tom,Cameron,Cameron,Tom
2024,WAS,00-0033523,Jonathan Allen,Jonathan,Jonathan,Allen
2024,WAS,00-0033563,Carlos Watkins,Carlos,Carlos,Watkins
2024,WAS,00-0033591,Noah Brown,Noah,Noah,Brown
2024,WAS,00-0033697,Michael Davis,Michael,Michael,Davis
2024,WAS,00-0033699,Austin Ekeler,Austin,Austin,Ekeler
2024,WAS,00-0033831,Andrew Wylie,Andrew,Andrew,Wylie
2024,WAS,00-0033862,Zane Gonzalez,Zane,Zane,Gonzalez
2024,WAS,00-0033874,Marshon Lattimore,Marshon,Marshon,Lattimore
2024,WAS,00-0033955,Jeremy McNichols,Jeremy,Jeremy,McNichols
2024,WAS,00-0034264,Jalyn Holmes,Jalyn,Jalyn,Holmes
2024,WAS,00-0034297,Byron Pringle,Byron,Byron,Pringle
2024,WAS,00-0034302,Frankie Luvu,Frankie,Frankie,Luvu
2024,WAS,00-0034325,Taylor Stallworth,Taylor,Taylor,Stallworth
2024,WAS,00-0034333,Daron Payne,Daron,Daron,Payne
2024,WAS,00-0034373,Dorance Armstrong,Dorance,Dorance,Armstrong
2024,WAS,00-0034450,Greg Joseph,Gregory,Greg,Joseph
2024,WAS,00-0034465,Jeremy Reaves,Jeremy,Jeremy,Reaves
2024,WAS,00-0034571,Trent Scott,Trenton,Trenton,Scott
2024,WAS,00-0034977,Sheldrick Redwine,Sheldrick,Sheldrick,Redwine
2024,WAS,00-0035101,Davion Davis,Davion,Davion,Davis
2024,WAS,00-0035145,Austin Seibert,Austin,Austin,Seibert
2024,WAS,00-0035146,Trace McSorley,Trace,Trace,McSorley
2024,WAS,00-0035149,Nick Allegretti,Nicholas,Nick,Allegretti
2024,WAS,00-0035208,Olamide Zaccheaus,Olamide,Olamide,Zaccheaus
2024,WAS,00-0035245,Max Scharping,Max,Max,Scharping
2024,WAS,00-0035330,Anthony Pittman,Anthony,Anthony,Pittman
2024,WAS,00-0035356,Tyree Jackson,Tyree,Tyree,Jackson
2024,WAS,00-0035591,Justin Hollins,Justin,Justin,Hollins
2024,WAS,00-0035659,Terry McLaurin,Terry,Terry,McLaurin
2024,WAS,00-0035686,Michael Deiter,Michael,Michael,Deiter
2024,WAS,00-0035692,Clelin Ferrell,Clelin,Clelin,Ferrell
2024,WAS,00-0035795,James Pierre,James,James,Pierre
2024,WAS,00-0035997,Julian Good-Jones,Julian,Julian,Good-Jones
2024,WAS,00-0036011,Bobby Price,Bobby,Bobby,Price
2024,WAS,00-0036050,Benning Potoa'e,Benning,Benning,Potoa'e
2024,WAS,00-0036120,Armani Taylor-Prioleau,Armani,Armani,Taylor-Prioleau
2024,WAS,00-0036145,Lawrence Cager,Lawrence,Lawrence,Cager
2024,WAS,00-0036203,Keandre Jones,Keandre,Keandre,Jones
2024,WAS,00-0036287,Noah Igbinoghene,Noah,Noah,Igbinoghene
2024,WAS,00-0036293,Jeremy Chinn,Jeremy,Jeremy,Chinn
2024,WAS,00-0036300,Mykal Walker,Mykal,Mykal,Walker
2024,WAS,00-0036345,K.J. Osborn,K.J.,K.J.,Osborn
2024,WAS,00-0036376,Tyler Biadasz,Tyler,Tyler,Biadasz
2024,WAS,00-0036434,Chapelle Russell,Chapelle,Chapelle,Russell
2024,WAS,00-0036482,Mike Strachan,Mike,Mike,Strachan
2024,WAS,00-0036605,Max Pircher,Max,Max,Pircher
2024,WAS,00-0036614,Jamin Davis,Jamin,Jamin,Davis
2024,WAS,00-0036618,Sam Cosmi,Samuel,Samuel,Cosmi
2024,WAS,00-0036625,Benjamin St-Juste,Benjamin,Benjamin,St-Juste
2024,WAS,00-0036626,Dyami Brown,Dyami,Dyami,Brown
2024,WAS,00-0036628,John Bates,John,John,Bates
2024,WAS,00-0036638,Darrick Forrest,Darrick,Darrick,Forrest
2024,WAS,00-0036654,Demetric Felton,Demetric,Demetric,Felton
2024,WAS,00-0037041,Haggai Ndubuisi,Haggai Chisom,Haggai Chisom,Ndubuisi
2024,WAS,00-0037078,Cole Turner,Cole,Cole,Turner
2024,WAS,00-0037092,Chris Paul,Chris,Chris,Paul
2024,WAS,00-0037415,Allan George,Darian,Allan,George
2024,WAS,00-0037746,Brian Robinson,Brian,Brian,Robinson
2024,WAS,00-0037748,Marquis Hayes,Marquis,Marquis,Hayes
2024,WAS,00-0038073,Alex Akingbulu,Alexander,Alex,Akingbulu
2024,WAS,00-0038097,Cade York,Cade,Cade,York
2024,WAS,00-0038099,Phidarian Mathis,Phidarian,Phidarian,Mathis
2024,WAS,00-0038100,Percy Butler,Percy,Percy,Butler
2024,WAS,00-0038381,Kyu Kelly,Kyu Blu,Kyu Blu,Kelly
2024,WAS,00-0038423,Jalen Harris,Jalen,Jalen,Harris
2024,WAS,00-0038575,Viliami Fehoko Jr.,Viliami,Viliami,Fehoko
2024,WAS,00-0038611,Chris Rodriguez Jr.,Christopher,Chris,Rodriguez
2024,WAS,00-0038635,Andre Jones Jr.,Gerald,Andre,Jones
2024,WAS,00-0038648,Jalen Graham,Jalen,Jalen,Graham
2024,WAS,00-0038830,Kazmeir Allen,Kazmeir,Kazmeir,Allen
2024,WAS,00-0038839,Mitchell Tinsley,Mitchell,Mitchell,Tinsley
2024,WAS,00-0038840,Brycen Tremayne,Brycen,Brycen,Tremayne
2024,WAS,00-0038841,Nick Whiteside,Nick,Nick,Whiteside
2024,WAS,00-0039008,Ricky Stromberg,Ricky,Ricky,Stromberg
2024,WAS,00-0039099,Bo Bauer,Bo,Bo,Bauer
2024,WAS,00-0039149,Quan Martin,Jartavius,Quan,Martin
2024,WAS,00-0039151,Emmanuel Forbes,Emmanuel,Emmanuel,Forbes
2024,WAS,00-0039264,Anim Dankwah,Anim,Anim,Dankwah
2024,WAS,00-0039355,Luke McCaffrey,Luke,Luke,McCaffrey
2024,WAS,00-0039368,Jordan Magee,Jordan,Jordan,Magee
2024,WAS,00-0039381,Dominique Hampton,Dominique,Dominique,Hampton
2024,WAS,00-0039412,Javontae Jean-Baptiste,Javontae,Javontae,Jean-Baptiste
2024,WAS,00-0039676,Chigozie Anusiem,Chigozie,Chigozie,Anusiem
2024,WAS,00-0039677,Sam Hartman,Sam,Sam,Hartman
2024,WAS,00-0039678,Austin Jones,Austin,Austin,Jones
2024,WAS,00-0039679,Ben Nikkel,Ben,Ben,Nikkel
2024,WAS,00-0039680,David Nwaogwugwu,David,David,Nwaogwugwu
2024,WAS,00-0039681,Tyler Owens,Tyler,Tyler,Owens
2024,WAS,00-0039682,Norell Pollard,Norell,Norell,Pollard
2024,WAS,00-0039684,Michael Wiley,Michael,Michael,Wiley
2024,WAS,00-0039685,A.J. Woods,Anthony,A.J.,Woods
2024,WAS,00-0039686,Colson Yankoff,Colson,Colson,Yankoff
2024,WAS,00-0039898,Mike Sainristil,Mike,Mike,Sainristil
2024,WAS,00-0039906,Jer'Zhan Newton,Jer'Zhan,Jer'Zhan,Newton
2024,WAS,00-0039910,Jayden Daniels,Jayden,Jayden,Daniels
2024,WAS,00-0039912,Ben Sinnott,Ben,Ben,Sinnott
2024,WAS,00-0039913,Brandon Coleman,Brandon,Brandon,Coleman
2025,ARI,00-0026190,Calais Campbell,Calais,Calais,Campbell
2025,ARI,00-0028946,Aaron Brewer,Aaron,Aaron,Brewer
2025,ARI,00-0029316,Kelvin Beachum,Kelvin,Kelvin,Beachum
2025,ARI,00-0031079,Pat O'Donnell,Patrick,Pat,O'Donnell
2025,ARI,00-0032436,Jeff Driskel,Jeffrey,Jeff,Driskel
2025,ARI,00-0033119,Jacoby Brissett,Jacoby,Jacoby,Brissett
2025,ARI,00-0033400,Matt Haack,Matt,Matt,Haack
2025,ARI,00-0033439,Pharaoh Brown,Pharaoh,Pharaoh,Brown
2025,ARI,00-0033546,Dalvin Tomlinson,Dalvin,Dalvin,Tomlinson
2025,ARI,00-0033553,James Conner,James,James,Conner
2025,ARI,00-0033890,Budda Baker,Budda,Budda,Baker
2025,ARI,00-0033891,Zay Jones,Isaiah,Zay,Jones
2025,ARI,00-0034346,Will Hernandez,William,Will,Hernandez
2025,ARI,00-0034381,Josh Sweat,Josh,Josh,Sweat
2025,ARI,00-0034387,Bilal Nichols,Bilal,Bilal,Nichols
2025,ARI,00-0034438,Logan Woodside,Logan,Logan,Woodside
2025,ARI,00-0034487,Trent Sherfield,Trent,Trent,Sherfield
2025,ARI,00-0034495,Evan Brown,Evan,Evan,Brown
2025,ARI,00-0034677,Justin Jones,Justin,Justin,Jones
2025,ARI,00-0034928,Steven Sims,Steven,Steven,Sims
2025,ARI,00-0035144,Mack Wilson,Mack,Mack,Wilson
2025,ARI,00-0035228,Kyler Murray,Kyler,Kyler,Murray
2025,ARI,00-0035239,Sean Murphy-Bunting,Sean,Sean,Murphy-Bunting
2025,ARI,00-0035258,Hjalte Froholdt,Hjalte,Hjalte,Froholdt
2025,ARI,00-0035500,Greg Dortch,Greg,Greg,Dortch
2025,ARI,00-0035628,D'Ernest Johnson,D'Ernest,D'Ernest,Johnson
2025,ARI,00-0035629,Jonah Williams,Jonah,Jonah,Williams
2025,ARI,00-0035636,L.J. Collier,Lawrence,L.J.,Collier
2025,ARI,00-0035705,Jalen Thompson,Jalen,Jalen,Thompson
2025,ARI,00-0035859,Blake Gillikin,Blake,Blake,Gillikin
2025,ARI,00-0035876,Andre Baccellia,Andre,Andre,Baccellia
2025,ARI,00-0035934,Trishton Jackson,Trishton,Trishton,Jackson
2025,ARI,00-0036105,Nick Leverett,Nick,Nick,Leverett
2025,ARI,00-0036298,Akeem Davis-Gaither,Akeem,Akeem,Davis-Gaither
2025,ARI,00-0036332,Josiah Deguara,Josiah,Josiah,Deguara
2025,ARI,00-0036631,Royce Newman,Royce,Royce,Newman
2025,ARI,00-0036646,Simi Fehoko,Simione,Simi,Fehoko
2025,ARI,00-0036670,Jermar Jefferson,Jermar,Jermar,Jefferson
2025,ARI,00-0036795,Jake Curhan,Jake,Jake,Curhan
2025,ARI,00-0036924,Michael Carter,Michael,Michael,Carter
2025,ARI,00-0036933,Zaven Collins,Zaven,Zaven,Collins
2025,ARI,00-0036956,Darren Hall,Darren,Darren,Hall
2025,ARI,00-0036995,Baron Browning,Baron,Baron,Browning
2025,ARI,00-0037040,Roy Mbaeteka,Roy,Roy,Mbaeteka
2025,ARI,00-0037141,Joey Blount,Joey,Joey,Blount
2025,ARI,00-0037153,Vi Jones,Levi,Vi,Jones
2025,ARI,00-0037157,Bam Knight,Zonovan,Zonovan,Knight
2025,ARI,00-0037317,Nick Muse,Nick,Nick,Muse
2025,ARI,00-0037387,Jalen Virgil,Jalen,Jalen,Virgil
2025,ARI,00-0037491,J.J. Russell,Javarius,J.J.,Russell
2025,ARI,00-0037509,Sincere McCormick,Sincere,Sincere,McCormick
2025,ARI,00-0037531,Dohnovan West,Dohnovan,Dohnovan,West
2025,ARI,00-0037638,Benton Whitley,Benton,Benton,Whitley
2025,ARI,00-0037744,Trey McBride,Trey,Trey,McBride
2025,ARI,00-0037804,Zachary Carter,Zachary,Zach,Carter
2025,ARI,00-0037813,Channing Tindall,Channing,Channing,Tindall
2025,ARI,00-0038456,Travis Vokolek,Travis,Travis,Vokolek
2025,ARI,00-0038540,Paris Johnson Jr.,Paris,Paris,Johnson
2025,ARI,00-0038559,Michael Wilson,Michael,Michael,Wilson
2025,ARI,00-0038567,Chad Ryland,Chad,Chad,Ryland
2025,ARI,00-0038571,Jon Gaines II,Jon,Jon,Gaines
2025,ARI,00-0038600,Owen Pappoe,Owen,Owen,Pappoe
2025,ARI,00-0038623,Dante Stills,Dante,Dante,Stills
2025,ARI,00-0038640,Jalen Brooks,Jalen,Jalen,Brooks
2025,ARI,00-0038655,Steven Gilmore,Steven,Steven,Gilmore
2025,ARI,00-0038663,Starling Thomas V,Starling,Starling,Thomas
2025,ARI,00-0038705,Emari Demercado,Emari,Emari,Demercado
2025,ARI,00-0038782,Eku Leota,Andrew,Eku,Leota
2025,ARI,00-0038792,Demontrey Jacobs,Demontrey,Demontrey,Jacobs
2025,ARI,00-0038795,PJ Mustipher,P.J.,P.J.,Mustipher
2025,ARI,00-0038956,Ekow Boye-Doe,Ekow,Ekow,Boye-Doe
2025,ARI,00-0038984,Kei'Trel Clark,Kei'Trel,Kei'Trel,Clark
2025,ARI,00-0039007,Garrett Williams,Garrett,Garrett,Williams
2025,ARI,00-0039041,Elijah Higgins,Elijah,Elijah,Higgins
2025,ARI,00-0039155,BJ Ojulari,Jamiu,B.J.,Ojulari
2025,ARI,00-0039239,Kalen King,Kalen,Kalen,King
2025,ARI,00-0039275,Messiah Swinson,Messiah,Messiah,Swinson
2025,ARI,00-0039367,Xavier Thomas,Xavier,Xavier,Thomas
2025,ARI,00-0039382,Christian Jones,Christian,Christian,Jones
2025,ARI,00-0039397,Tejhaun Palmer,Tejhaun,Tejhaun,Palmer
2025,ARI,00-0039416,Jaden Davis,Jaden,Jaden,Davis
2025,ARI,00-0039521,Xavier Weaver,Xavier,Xavier,Weaver
2025,ARI,00-0039577,Kedon Slovis,Kedon,Kedon,Slovis
2025,ARI,00-0039612,Sincere Haynesworth,Sincere,Sincere,Haynesworth
2025,ARI,00-0039676,Chigozie Anusiem,Chigozie,Chigozie,Anusiem
2025,ARI,00-0039737,Tip Reiman,Tip,Tip,Reiman
2025,ARI,00-0039750,Joshua Karty,Joshua,Joshua,Karty
2025,ARI,00-0039783,Anthony Goodlow,Anthony,Anthony,Goodlow
2025,ARI,00-0039807,Max Melton,Max,Max,Melton
2025,ARI,00-0039808,Isaiah Adams,Isaiah,Isaiah,Adams
2025,ARI,00-0039823,Elijah Jones,Elijah,Elijah,Jones
2025,ARI,00-0039849,Marvin Harrison Jr.,Marvin,Marvin,Harrison
2025,ARI,00-0039854,Darius Robinson,Darius,Darius,Robinson
2025,ARI,00-0039864,Dadrion Taylor-Demerson,Dadrion,Dadrion,Taylor-Demerson
2025,ARI,00-0039881,Patrick McMorris,Patrick,Patrick,McMorris
2025,ARI,00-0039921,Trey Benson,Trey,Trey,Benson
2025,ARI,00-0039935,Denzel Daxon,Denzel,Denzel,Daxon
2025,ARI,00-0039946,Kyon Barrs,Kyon,Kyon,Barrs
2025,ARI,00-0039956,Elliott Brown,Elliott,Elliott,Brown
2025,ARI,00-0040028,Montrell Johnson Jr.,Montrell,Montrell,Johnson
2025,ARI,00-0040036,Tyler Cooper,Tyler,Tyler,Cooper
2025,ARI,00-0040046,Rivaldo Fairweather,Rivaldo,Rivaldo,Fairweather
2025,ARI,00-0040137,Jordan Burch,Jordan,Jordan,Burch
2025,ARI,00-0040195,Denzel Burke,Denzel,Denzel,Burke
2025,ARI,00-0040219,Hayden Conner,Hayden,Hayden,Conner
2025,ARI,00-0040230,Kitan Crawford,Kitan,Kitan,Crawford
2025,ARI,00-0040380,Jeremiah Byers,Jeremiah,Jeremiah,Byers
2025,ARI,00-0040381,Oscar Cardenas,Oscar,Oscar,Cardenas
2025,ARI,00-0040382,Josh Fryar,Joshua,Josh,Fryar
2025,ARI,00-0040383,Bryson Green,Bryson,Bryson,Green
2025,ARI,00-0040384,Elijah Simmons,Elijah,Elijah,Simmons
2025,ARI,00-0040395,Jared Bartlett,Jared,Jared,Bartlett
2025,ARI,00-0040442,Marques Cox,Marques,Marques,Cox
2025,ARI,00-0040501,Austin Keys,Austin,Austin,Keys
2025,ARI,00-0040556,Corey Kiner,Corey,Corey,Kiner
2025,ARI,00-0040602,Trey Wedig,Trey,Trey,Wedig
2025,ARI,00-0040611,Wyatt Bowles,Wyatt,Wyatt,Bowles
2025,ARI,00-0040645,Cody Simon,Cody,Cody,Simon
2025,ARI,00-0040671,Nate McCollum,Lewis,Nate,McCollum
2025,ARI,00-0040684,Patrick Jenkins,Patrick,Patrick,Jenkins
2025,ARI,00-0040706,Walter Nolen,Walter,Walter,Nolen
2025,ARI,00-0040751,Will Johnson,William,Will,Johnson
2025,ARI,00-0040765,Valentin Senn,Valentin,Valentin,Senn
2025,ATL,00-0029604,Kirk Cousins,Kirk,Kirk,Cousins
2025,ATL,00-0031279,Jake Matthews,Jacob,Jake,Matthews
2025,ATL,00-0032065,Bradley Pinion,Bradley,Bradley,Pinion
2025,ATL,00-0033051,David Onyemata,David,David,Onyemata
2025,ATL,00-0033072,Leonard Floyd,Leonard,Leonard,Floyd
2025,ATL,00-0033196,Zach Triner,Zach,Zach,Triner
2025,ATL,00-0033572,Jamal Agnew,Jamal,Jamal,Agnew
2025,ATL,00-0033676,Elijah Wilkinson,Elijah,Elijah,Wilkinson
2025,ATL,00-0033702,Younghoe Koo,Younghoe,Younghoe,Koo
2025,ATL,00-0033752,Storm Norton,Storm,Storm,Norton
2025,ATL,00-0033862,Zane Gonzalez,Zane,Zane,Gonzalez
2025,ATL,00-0034320,Kentavius Street,Kentavius,Kentavius,Street
2025,ATL,00-0034407,Ray-Ray McCloud,Ray-Ray,Ray-Ray,McCloud
2025,ATL,00-0034639,Mike Ford,Michael,Mike,Ford
2025,ATL,00-0034675,Jessie Bates,Jessie,Jessie,Bates
2025,ATL,00-0034763,Brandon Parker,Brandon,Brandon,Parker
2025,ATL,00-0034779,Ronnie Harrison,Ronnie,Ronnie,Harrison
2025,ATL,00-0034801,Josh Woods,Josh,Josh,Woods
2025,ATL,00-0034843,Mike Hughes,Michael,Mike,Hughes
2025,ATL,00-0034854,KhaDarel Hodge,KhaDarel,KhaDarel,Hodge
2025,ATL,00-0035235,Kaleb McGary,Kaleb,Kaleb,McGary
2025,ATL,00-0035282,Easton Stick,Easton,Easton,Stick
2025,ATL,00-0035316,Kaden Elliss,Kaden,Kaden,Elliss
2025,ATL,00-0035359,David Sills,David,David,Sills
2025,ATL,00-0035630,Chris Lindstrom,Christopher,Chris,Lindstrom
2025,ATL,00-0035962,Henry Black,Henry,Henry,Black
2025,ATL,00-0035995,Grayland Arnold,Grayland,Grayland,Arnold
2025,ATL,00-0036082,Liam McCullough,Liam,Liam,McCullough
2025,ATL,00-0036204,LaCale London,Lacale,Lacale,London
2025,ATL,00-0036273,Jake Hanson,Jake,Jake,Hanson
2025,ATL,00-0036281,C.J. Henderson,Christopher,C.J.,Henderson
2025,ATL,00-0036285,A.J. Terrell,A.J.,A.J.,Terrell
2025,ATL,00-0036309,Darnell Mooney,Darnell,Darnell,Mooney
2025,ATL,00-0036341,Khalid Kareem,Khalid,Khalid,Kareem
2025,ATL,00-0036345,K.J. Osborn,K.J.,K.J.,Osborn
2025,ATL,00-0036354,Kyle Hinton,Kyle,Kyle,Hinton
2025,ATL,00-0036384,Ben DiNucci,Benjamin,Ben,DiNucci
2025,ATL,00-0036429,Charlie Woerner,Charlie,Charlie,Woerner
2025,ATL,00-0036431,Jordan Fuller,Jordan,Jordan,Fuller
2025,ATL,00-0036463,Chris Blair,Chris,Chris,Blair
2025,ATL,00-0036561,Keith Taylor,Keith,Keith,Taylor
2025,ATL,00-0036825,Feleipe Franks,Feleipe,Feleipe,Franks
2025,ATL,00-0036833,Ryan Neuzil,Ryan,Ryan,Neuzil
2025,ATL,00-0036928,Kyle Trask,Kyle,Kyle,Trask
2025,ATL,00-0036948,Ta'Quon Graham,Ta'Quon,Ta'Quon,Graham
2025,ATL,00-0036966,Tyrone Wheatley Jr.,Tyrone,Tyrone,Wheatley
2025,ATL,00-0036970,Kyle Pitts,Kyle,Kyle,Pitts
2025,ATL,00-0036978,Ronnie Perkins,Ronnie,Ronnie,Perkins
2025,ATL,00-0036990,Divine Deablo,Divine,Divine,Deablo
2025,ATL,00-0037034,Dee Alford,DeAundre,Dee,Alford
2025,ATL,00-0037051,Elijah Garcia,Elijah,Elijah,Garcia
2025,ATL,00-0037070,Josh Thompson,Josh,Josh,Thompson
2025,ATL,00-0037097,Trenton Gill,Trenton,Trenton,Gill
2025,ATL,00-0037238,Drake London,Drake,Drake,London
2025,ATL,00-0037263,Tyler Allgeier,Tyler,Tyler,Allgeier
2025,ATL,00-0037277,Teagan Quitoriano,Teagan,Teagan,Quitoriano
2025,ATL,00-0037298,Sam Roberts,Samuel,Sam,Roberts
2025,ATL,00-0037356,Ben Stille,Ben,Ben,Stille
2025,ATL,00-0037410,Jashaun Corbin,Jashaun,Jashaun,Corbin
2025,ATL,00-0037487,Deven Thompkins,Deven,Deven,Thompkins
2025,ATL,00-0037542,John Parker Romo,John Parker,John Parker,Romo
2025,ATL,00-0037620,Andrew Stueber,Andrew,Andrew,Stueber
2025,ATL,00-0037808,DeAngelo Malone,DeAngelo,DeAngelo,Malone
2025,ATL,00-0037810,Troy Andersen,Troy,Troy,Andersen
2025,ATL,00-0038116,Arnold Ebiketie,Arnold,Arnold,Ebiketie
2025,ATL,00-0038465,Malik Heath,Malik,Malik,Heath
2025,ATL,00-0038542,Bijan Robinson,Bijan,Bijan,Robinson
2025,ATL,00-0038568,Clark Phillips III,Clark,Clark,Phillips
2025,ATL,00-0038587,Jammie Robinson,Jammie,Jammie,Robinson
2025,ATL,00-0038628,DeMarcco Hellams,DeMarcco,DeMarcco,Hellams
2025,ATL,00-0038629,Jovaughn Gwyn,Jovaughn,Jovaughn,Gwyn
2025,ATL,00-0038726,Jesse Matthews,Jesse,Jesse,Matthews
2025,ATL,00-0038826,Raiqwon O'Neal,Raiqwon,Raiqwon,O'Neal
2025,ATL,00-0038862,Elijah Dotson,Elijah,Elijah,Dotson
2025,ATL,00-0038930,Carlos Washington,Carlos,Carlos,Washington
2025,ATL,00-0038953,Dylan Drummond,Dylan,Dylan,Drummond
2025,ATL,00-0038966,Natrone Brooks,Natrone,Natrone,Brooks
2025,ATL,00-0038980,Zach Harrison,Zach,Zach,Harrison
2025,ATL,00-0039004,Carter Warren,Carter,Carter,Warren
2025,ATL,00-0039042,Ryan Hayes,Ryan,Ryan,Hayes
2025,ATL,00-0039048,Matthew Bergeron,Matthew,Matthew,Bergeron
2025,ATL,00-0039331,Emory Jones,Emory,Emory,Jones
2025,ATL,00-0039370,JD Bertrand,J.D.,J.D.,Bertrand
2025,ATL,00-0039394,Casey Washington,Casey,Casey,Washington
2025,ATL,00-0039685,A.J. Woods,Anthony,A.J.,Woods
2025,ATL,00-0039704,Matthew Cindric,Matthew,Matthew,Cindric
2025,ATL,00-0039733,Ruke Orhorhoro,Ruke,Ruke,Orhorhoro
2025,ATL,00-0039837,Bralen Trice,Bralen,Bralen,Trice
2025,ATL,00-0039842,Michael Jerrell,Michael,Michael,Jerrell
2025,ATL,00-0039859,Brandon Dorlus,Brandon,Brandon,Dorlus
2025,ATL,00-0039917,Michael Penix Jr.,Michael,Michael,Penix
2025,ATL,00-0040003,Lenny Krieg,Lenny,Lenny,Krieg
2025,ATL,00-0040148,Xavier Watts,Xavier,Xavier,Watts
2025,ATL,00-0040156,Billy Bowman Jr.,Billy,Billy,Bowman
2025,ATL,00-0040224,Jack Nelson,Jack,Jack,Nelson
2025,ATL,00-0040273,Tysheem Johnson,Tysheem,Tysheem,Johnson
2025,ATL,00-0040299,Eugene Asante,Eugene,Eugene,Asante
2025,ATL,00-0040530,Ben Sauls,Ben,Ben,Sauls
2025,ATL,00-0040545,Simeon Barrow Jr.,Simeon,Simeon,Barrow
2025,ATL,00-0040546,Cobee Bryant,Jacobee,Cobee,Bryant
2025,ATL,00-0040547,Nate Carter,Nate,Nate,Carter
2025,ATL,00-0040548,Joshua Gray,Joshua,Joshua,Gray
2025,ATL,00-0040549,Nick Kubitz,Nicholas,Nick,Kubitz
2025,ATL,00-0040551,Nick Nash,Nick,Nick,Nash
2025,ATL,00-0040552,Joshua Simon,Joshua,Joshua,Simon
2025,ATL,00-0040553,Quincy Skinner Jr.,Quincy,Quincy,Skinner
2025,ATL,00-0040554,Malik Verdon,Malik,Malik,Verdon
2025,ATL,00-0040555,Jordan Williams,Jordan,Jordan,Williams
2025,ATL,00-0040577,Jalon Walker,Jalon,Jalon,Walker
2025,ATL,00-0040578,James Pearce Jr.,James,James,Pearce
2025,ATL,00-0040684,Patrick Jenkins,Patrick,Patrick,Jenkins
2025,BAL,00-0030070,John Jenkins,Johnathan,John,Jenkins
2025,BAL,00-0030564,DeAndre Hopkins,DeAndre,DeAndre,Hopkins
2025,BAL,00-0031177,Brent Urban,Brent,Brent,Urban
2025,BAL,00-0031360,Kyle Van Noy,Kyle,Kyle,Van Noy
2025,BAL,00-0032234,Laken Tomlinson,Laken,Laken,Tomlinson
2025,BAL,00-0032574,Michael Pierce,Michael,Michael,Pierce
2025,BAL,00-0032764,Derrick Henry,Derrick,Derrick,Henry
2025,BAL,00-0032965,Ronnie Stanley,Ronnie,Ronnie,Stanley
2025,BAL,00-0033281,Marlon Humphrey,Marlon,Marlon,Humphrey
2025,BAL,00-0033347,Josh Tupou,Josh,Josh,Tupou
2025,BAL,00-0033376,Patrick Ricard,Patrick,Patrick,Ricard
2025,BAL,00-0033463,Carl Lawson,Carl,Carl,Lawson
2025,BAL,00-0033548,Chidobe Awuzie,Chidobe,Chidobe,Awuzie
2025,BAL,00-0033662,Cooper Rush,Cooper,Cooper,Rush
2025,BAL,00-0034116,J.T. Gray,Juantavius,J.T.,Gray
2025,BAL,00-0034317,Keith Kirkwood,Keith,Keith,Kirkwood
2025,BAL,00-0034353,Anthony Miller,Anthony,Anthony,Miller
2025,BAL,00-0034728,Jaire Alexander,Jaire,Jaire,Alexander
2025,BAL,00-0034753,Mark Andrews,Mark,Mark,Andrews
2025,BAL,00-0034796,Lamar Jackson,Lamar,Lamar,Jackson
2025,BAL,00-0034803,Joe Noteboom,Joseph,Joseph,Noteboom
2025,BAL,00-0034842,Taven Bryan,Taven,Taven,Bryan
2025,BAL,00-0034874,Roquan Smith,Roquan,Roquan,Smith
2025,BAL,00-0034975,Justice Hill,Justice,Justice,Hill
2025,BAL,00-0035062,Sam Mustipher,Samuel,Sam,Mustipher
2025,BAL,00-0035253,C.J. Gardner-Johnson,Chauncey,Chauncey,Gardner-Johnson
2025,BAL,00-0035270,Amani Oruwariye,Amani,Amani,Oruwariye
2025,BAL,00-0035311,Myles Gaskin,Myles,Myles,Gaskin
2025,BAL,00-0035408,Nick Moore,Nick,Nick,Moore
2025,BAL,00-0035628,D'Ernest Johnson,D'Ernest,D'Ernest,Johnson
2025,BAL,00-0035678,Dre'Mont Jones,Dre'Mont,Dre'Mont,Jones
2025,BAL,00-0035769,Scotty Washington,Scotty,Scotty,Washington
2025,BAL,00-0035924,Jonathan Ward,Jonathan,Jonathan,Ward
2025,BAL,00-0035993,Tyler Huntley,Tyler,Tyler,Huntley
2025,BAL,00-0036081,Broderick Washington,Broderick,Broderick,Washington
2025,BAL,00-0036130,Nnamdi Madubuike,Nnamdi,Nnamdi,Madubuike
2025,BAL,00-0036380,Alohi Gilman,Alohi,Alohi,Gilman
2025,BAL,00-0036550,Rashod Bateman,Rashod,Rashod,Bateman
2025,BAL,00-0036587,Ar'Darius Washington,Ar'Darius,Ar'Darius,Washington
2025,BAL,00-0036630,Tylan Wallace,Tylan,Tylan,Wallace
2025,BAL,00-0036908,Thomas Graham Jr.,Thomas,Thomas,Graham
2025,BAL,00-0036940,Odafe Oweh,Odafe,Odafe,Oweh
2025,BAL,00-0036977,Ben Cleveland,Ben,Ben,Cleveland
2025,BAL,00-0037340,Zaire Mitchell-Paden,Zaire,Zaire,Mitchell-Paden
2025,BAL,00-0037613,Kenyon Green,Kenyon,Kenyon,Green
2025,BAL,00-0037633,Jacob Hummel,Jake,Jake,Hummel
2025,BAL,00-0037639,William Kwenkeu,William,William,Kwenkeu
2025,BAL,00-0037756,Travis Jones,Travis,Travis,Jones
2025,BAL,00-0037825,Tyler Linderbaum,Tyler,Tyler,Linderbaum
2025,BAL,00-0037838,Isaiah Likely,Isaiah,Isaiah,Likely
2025,BAL,00-0038038,Kyle Hamilton,Kyle,Kyle,Hamilton
2025,BAL,00-0038046,Charlie Kolar,Charlie,Charlie,Kolar
2025,BAL,00-0038094,Jordan Stout,Jordan,Jordan,Stout
2025,BAL,00-0038118,Daniel Faalele,Daniel,Daniel,Faalele
2025,BAL,00-0038142,David Ojabo,David,David,Ojabo
2025,BAL,00-0038383,Andrew Vorhees,Andrew,Andrew,Vorhees
2025,BAL,00-0038448,Malik Hamm,Malik,Malik,Hamm
2025,BAL,00-0038454,Keaton Mitchell,Keaton,Keaton,Mitchell
2025,BAL,00-0038504,Trenton Simpson,Trenton,Trenton,Simpson
2025,BAL,00-0038505,Tavius Robinson,Tavius,Tavius,Robinson
2025,BAL,00-0038632,Colton Dowell,Colton,Colton,Dowell
2025,BAL,00-0038911,Malik Cunningham,Malik,Malik,Cunningham
2025,BAL,00-0039064,Zay Flowers,Xavien,Zay,Flowers
2025,BAL,00-0039176,Basil Okoye,Basil,Basil,Okoye
2025,BAL,00-0039232,Nate Wiggins,Nathaniel,Nate,Wiggins
2025,BAL,00-0039233,Roger Rosengarten,Roger,Roger,Rosengarten
2025,BAL,00-0039234,T.J. Tampa,Marques,T.J.,Tampa
2025,BAL,00-0039235,Sanoussi Kane,Sanoussi,Sanoussi,Kane
2025,BAL,00-0039237,Nick Samac,Nick,Nick,Samac
2025,BAL,00-0039242,Corey Bullock,Corey,Corey,Bullock
2025,BAL,00-0039259,Dayton Wade,Dayton,Dayton,Wade
2025,BAL,00-0039316,Baylor Cupp,Baylor,Baylor,Cupp
2025,BAL,00-0039418,MJ Devonshire,Marlin,M.J.,Devonshire
2025,BAL,00-0039437,Cornelius Johnson,Cornelius,Cornelius,Johnson
2025,BAL,00-0039460,Carl Jones,Carl,Carl,Jones
2025,BAL,00-0039791,Adisa Isaac,Adisa,Adisa,Isaac
2025,BAL,00-0039792,Devontez Walker,Devontez,Devontez,Walker
2025,BAL,00-0039796,Rasheen Ali,Rasheen,Rasheen,Ali
2025,BAL,00-0039801,Devin Leary,Devin,Devin,Leary
2025,BAL,00-0039938,David Olajiga,David,David,Olajiga
2025,BAL,00-0040068,Emery Jones Jr.,Emery,Emery,Jones
2025,BAL,00-0040069,Teddye Buchanan,Teddye,Teddye,Buchanan
2025,BAL,00-0040070,Carson Vinson,Carson,Carson,Vinson
2025,BAL,00-0040073,Bilhal Kone,Bilhal,Bilhal,Kone
2025,BAL,00-0040074,Tyler Loop,Steven,Tyler,Loop
2025,BAL,00-0040075,LaJohntay Wester,LaJohntay,LaJohntay,Wester
2025,BAL,00-0040076,Aeneas Peebles,Aeneas,Aeneas,Peebles
2025,BAL,00-0040077,Robert Longerbeam,Robert,Robert,Longerbeam
2025,BAL,00-0040096,Jahmal Banks,Jahmal,Jahmal,Banks
2025,BAL,00-0040098,Gerad Lichtenhan,Gerad,Gerad,Christian-Lichtenhan
2025,BAL,00-0040099,Xavier Guillory,Xavier,Xavier,Guillory
2025,BAL,00-0040100,Jay Higgins,Jay,Jay,Higgins
2025,BAL,00-0040103,Desmond Igbinosun,Desmond,Desmond,Igbinosun
2025,BAL,00-0040104,Keondre Jackson,Keondre,Keondre,Jackson
2025,BAL,00-0040106,Reuben Lowery,Reuben,Reuben,Lowery
2025,BAL,00-0040108,Chandler Martin,Chandler,Chandler,Martin
2025,BAL,00-0040110,Jared Penning,Jared,Jared,Penning
2025,BAL,00-0040112,Marquise Robinson,Marquise,Marquise,Robinson
2025,BAL,00-0040636,Keyon Martin,Keyon,Keyon,Martin
2025,BAL,00-0040637,Lucas Scott,Lucas,Lucas,Scott
2025,BAL,00-0040658,Kaimon Rucker,Kaimon,Kaimon,Rucker
2025,BAL,00-0040688,Malaki Starks,William,Malaki,Starks
2025,BAL,00-0040722,Mike Green,Michael,Mike,Green
2025,BUF,00-0023853,Matt Prater,Matt,Matt,Prater
2025,BUF,00-0030062,Darius Slay,Darius,Darius,Slay
2025,BUF,00-0030114,Jordan Poyer,Jordan,Jordan,Poyer
2025,BUF,00-0031054,DaQuan Jones,DaQuan,DaQuan,Jones
2025,BUF,00-0031236,Brandin Cooks,Brandin,Brandin,Cooks
2025,BUF,00-0031550,Shaq Thompson,Sha'Quille,Shaq,Thompson
2025,BUF,00-0031557,Jordan Phillips,Jordan,Jordan,Phillips
2025,BUF,00-0032415,Matthew Judon,Matt,Matt,Judon
2025,BUF,00-0032497,Reid Ferguson,Chandler,Reid,Ferguson
2025,BUF,00-0032671,Morgan Fox,Morgan,Morgan,Fox
2025,BUF,00-0033096,Shaq Lawson,Shaq,Shaq,Lawson
2025,BUF,00-0033156,Joey Bosa,Joseph,Joey,Bosa
2025,BUF,00-0033282,Curtis Samuel,Curtis,Curtis,Samuel
2025,BUF,00-0033571,Matt Milano,Matthew,Matt,Milano
2025,BUF,00-0033729,Cameron Johnston,Cameron,Cameron,Johnston
2025,BUF,00-0033869,Mitchell Trubisky,Mitchell,Mitchell,Trubisky
2025,BUF,00-0033884,Tre'Davious White,Tre'Davious,Tre'Davious,White
2025,BUF,00-0033904,Dion Dawkins,Dion,Dion,Dawkins
2025,BUF,00-0033905,Larry Ogunjobi,Olumide,Larry,Ogunjobi
2025,BUF,00-0033910,Dan Feeney,Daniel,Dan,Feeney
2025,BUF,00-0034084,Mike Badgley,Michael,Michael,Badgley
2025,BUF,00-0034376,Taron Johnson,Taron,Taron,Johnson
2025,BUF,00-0034401,Mike White,Michael,Mike,White
2025,BUF,00-0034406,Deon Cain,Deon,Deon,Cain
2025,BUF,00-0034516,Tre Herndon,Willie,Tre,Herndon
2025,BUF,00-0034857,Josh Allen,Joshua,Josh,Allen
2025,BUF,00-0034941,Mitch Wishnowsky,Mitch,Mitch,Wishnowsky
2025,BUF,00-0034968,Darnell Savage,Darnell,Darnell,Savage
2025,BUF,00-0035140,Mecole Hardman,Mecole,Mecole,Hardman
2025,BUF,00-0035189,Matthew Wright,Matthew,Matthew,Wright
2025,BUF,00-0035230,Ed Oliver,Ed,Ed,Oliver
2025,BUF,00-0035357,Cam Lewis,Cameron,Cameron,Lewis
2025,BUF,00-0035436,Matt Sokol,Matthew,Matt,Sokol
2025,BUF,00-0035537,Ty Johnson,Ty,Ty,Johnson
2025,BUF,00-0035663,Taylor Rapp,Taylor,Taylor,Rapp
2025,BUF,00-0035668,David Edwards,David,David,Edwards
2025,BUF,00-0035679,Connor McGovern,Connor,Connor,McGovern
2025,BUF,00-0035689,Dawson Knox,Dawson,Dawson,Knox
2025,BUF,00-0035933,Michael Hoecht,Michael,Michael,Hoecht
2025,BUF,00-0036037,Sam Franklin Jr.,Sam,Sam,Franklin
2025,BUF,00-0036162,Tyler Bass,Tyler,Tyler,Bass
2025,BUF,00-0036166,Dane Jackson,Dane,Dane,Jackson
2025,BUF,00-0036183,Kristian Wilkerson,Kristian,Kristian,Wilkerson
2025,BUF,00-0036187,Reggie Gilliam,Reggie,Reggie,Gilliam
2025,BUF,00-0036192,A.J. Epenesa,Andrew,A.J.,Epenesa
2025,BUF,00-0036196,Gabe Davis,Gabriel,Gabe,Davis
2025,BUF,00-0036268,Laviska Shenault Jr.,Laviska,Laviska,Shenault
2025,BUF,00-0036297,Darrynton Evans,Darrynton,Darrynton,Evans
2025,BUF,00-0036412,KJ Hamler,Kahlee,K.J.,Hamler
2025,BUF,00-0036638,Darrick Forrest,Darrick,Darrick,Forrest
2025,BUF,00-0036640,Zach Davidson,Zach,Zach,Davidson
2025,BUF,00-0036679,Shane Buechele,Shane,Shane,Buechele
2025,BUF,00-0036888,Damar Hamlin,Damar,Damar,Hamlin
2025,BUF,00-0036914,Greg Rousseau,Gregory,Gregory,Rousseau
2025,BUF,00-0036976,Spencer Brown,Spencer,Spencer,Brown
2025,BUF,00-0036980,Elijah Moore,Elijah,Elijah,Moore
2025,BUF,00-0036983,Kendrick Green,Kendrick,Kendrick,Green
2025,BUF,00-0036988,Josh Palmer,Josh,Josh,Palmer
2025,BUF,00-0037248,James Cook,James,James,Cook
2025,BUF,00-0037254,Terrel Bernard,Terrel,Terrel,Bernard
2025,BUF,00-0037261,Khalil Shakir,Khalil,Khalil,Shakir
2025,BUF,00-0037288,Christian Benford,Christian,Christian,Benford
2025,BUF,00-0037318,Baylon Spector,Baylon,Baylon,Spector
2025,BUF,00-0037387,Jalen Virgil,Jalen,Jalen,Virgil
2025,BUF,00-0037404,Ryan Van Demark,Ryan,Ryan,Van Demark
2025,BUF,00-0037428,Alec Anderson,Alec,Alec,Anderson
2025,BUF,00-0037431,Kingsley Jonathan,Kingsley,Kingsley,Jonathan
2025,BUF,00-0037661,Ja'Marcus Ingram,Ja'Marcus,Ja'Marcus,Ingram
2025,BUF,00-0038099,Phidarian Mathis,Phidarian,Phidarian,Mathis
2025,BUF,00-0038507,Grant DuBose,Grant,Grant,DuBose
2025,BUF,00-0038548,O'Cyrus Torrence,O'Cyrus,O'Cyrus,Torrence
2025,BUF,00-0038557,Dorian Williams,Dorian,Dorian,Williams
2025,BUF,00-0038626,Brad Robbins,Brad,Brad,Robbins
2025,BUF,00-0038633,Nick Broeker,Nick,Nick,Broeker
2025,BUF,00-0038635,Andre Jones Jr.,Gerald,Andre,Jones
2025,BUF,00-0038676,Richard Gouraige,Richard,Richard,Gouraige
2025,BUF,00-0038679,Tyrell Shavers,Tyrell,Tyrell,Shavers
2025,BUF,00-0038853,Otis Reese,Otis,Otis,Reese
2025,BUF,00-0038933,Dalton Kincaid,Dalton,Dalton,Kincaid
2025,BUF,00-0039271,Jarveon Howard,Jarveon,Jarveon,Howard
2025,BUF,00-0039277,Jimmy Ciarlo,Jimmy,Jimmy,Ciarlo
2025,BUF,00-0039294,Nelson Ceaser,Nelson,Nelson,Ceaser
2025,BUF,00-0039333,Brandon Codrington,Brandon,Brandon,Codrington
2025,BUF,00-0039400,Zion Logue,Zion,Zion,Logue
2025,BUF,00-0039418,MJ Devonshire,Marlin,M.J.,Devonshire
2025,BUF,00-0039433,Marcus Harris,Marcus,Marcus,Harris
2025,BUF,00-0039469,Te'Cory Couch,Te'Cory,Te'Cory,Couch
2025,BUF,00-0039471,Frank Gore Jr.,Frank,Frank,Gore
2025,BUF,00-0039472,Mike Edwards,Mike,Mike,Edwards
2025,BUF,00-0039510,Casey Rogers,Casey,Casey,Rogers
2025,BUF,00-0039562,David White,David,David,White
2025,BUF,00-0039763,Joe Andreessen,Joe,Joe,Andreessen
2025,BUF,00-0039872,Cole Bishop,Cole,Cole,Bishop
2025,BUF,00-0039873,DeWayne Carter,DeWayne,DeWayne,Carter
2025,BUF,00-0039875,Ray Davis,Re'Mahn,Ray,Davis
2025,BUF,00-0039876,Sedrick Van Pran-Granger,Sedrick,Sedrick,Van Pran-Granger
2025,BUF,00-0039879,Javon Solomon,Javon,Javon,Solomon
2025,BUF,00-0039882,Tylan Grable,Tylan,Tylan,Grable
2025,BUF,00-0039883,Daequan Hardy,Daequan,Daequan,Hardy
2025,BUF,00-0039901,Keon Coleman,Keon,Keon,Coleman
2025,BUF,00-0039930,Travis Clayton,Travis,Travis,Clayton
2025,BUF,00-0040022,Tommy Akingbesote,Tommy,Tommy,Akingbesote
2025,BUF,00-0040052,Zy Alexander,A'Zyrian,Zy,Alexander
2025,BUF,00-0040095,Elijah Young,Elijah,Elijah,Young
2025,BUF,00-0040115,Paris Shand,Paris,Paris,Shand
2025,BUF,00-0040132,Landon Jackson,Landon,Landon,Jackson
2025,BUF,00-0040192,Jordan Hancock,Jordan,Jordan,Hancock
2025,BUF,00-0040194,Jackson Hawes,Jackson,Jackson,Hawes
2025,BUF,00-0040197,Dorian Strong,Dorian,Dorian,Strong
2025,BUF,00-0040217,Chase Lundt,Chase,Chase,Lundt
2025,BUF,00-0040239,Kaden Prather,Kaden,Kaden,Prather
2025,BUF,00-0040356,Maddux Trujillo,Maddux,Maddux,Trujillo
2025,BUF,00-0040359,Jacob Bayer,Jacob,Jacob,Bayer
2025,BUF,00-0040361,Stephen Gosnell,Stephen,Stephen,Gosnell
2025,BUF,00-0040362,Keonta Jenkins,Keonta,Keonta,Jenkins
2025,BUF,00-0040363,Keleki Latu,Keleki,Keleki,Latu
2025,BUF,00-0040364,Wande Owens,Wande,Wande,Owens
2025,BUF,00-0040365,Daryl Porter,Daryl,Daryl,Porter
2025,BUF,00-0040367,Rush Reimer,Rush,Rush,Reimer
2025,BUF,00-0040516,Garnett Hollis Jr.,Garnett,Garnett,Hollis
2025,BUF,00-0040518,Jalen Kimber,Jalen,Jalen,Kimber
2025,BUF,00-0040709,Maxwell Hairston,Maxwell,Maxwell,Hairston
2025,BUF,00-0040710,Deone Walker,Deone,Deone,Walker
2025,BUF,00-0040724,T.J. Sanders,Tanaeri,T.J.,Sanders
2025,CAR,00-0026027,J.J. Jansen,Jeffrey,J.J.,Jansen
2025,CAR,00-0027973,Andy Dalton,Andrew,Andy,Dalton
2025,CAR,00-0030092,Sam Martin,Sam,Sam,Martin
2025,CAR,00-0032889,A'Shawn Robinson,A'Shawn,A'Shawn,Robinson
2025,CAR,00-0033284,Taylor Moton,Taylor,Taylor,Moton
2025,CAR,00-0033589,David Moore,David,David,Moore
2025,CAR,00-0034073,Ross Dwelley,Ross,Ross,Dwelley
2025,CAR,00-0034261,Austin Corbett,Austin,Austin,Corbett
2025,CAR,00-0034401,Mike White,Michael,Mike,White
2025,CAR,00-0034435,Keion Crossen,Keion,Keion,Crossen
2025,CAR,00-0034983,Hunter Renfrow,Hunter,Hunter,Renfrow
2025,CAR,00-0035084,Yosh Nijman,Yosuah,Yosuah,Nijman
2025,CAR,00-0035189,Matthew Wright,Matthew,Matthew,Wright
2025,CAR,00-0035277,Mike Jackson,Michael,Michael,Jackson
2025,CAR,00-0035665,David Long,David,David,Long
2025,CAR,00-0035669,Nick Scott,Nicholas,Nick,Scott
2025,CAR,00-0035890,Tershawn Wharton,Tershawn,Tershawn,Wharton
2025,CAR,00-0035939,Bryce Perkins,Bryce,Bryce,Perkins
2025,CAR,00-0035942,Christian Rozeboom,Christian,Christian,Rozeboom
2025,CAR,00-0035961,Krys Barnes,Krystopher,Krys,Barnes
2025,CAR,00-0035976,Dan Chisena,Daniel,Dan,Chisena
2025,CAR,00-0036059,Tyler Mabry,Tyler,Tyler,Mabry
2025,CAR,00-0036123,Brandon Walton,Brandon,Brandon,Walton
2025,CAR,00-0036139,Rico Dowdle,Rico,Rico,Dowdle
2025,CAR,00-0036220,Derrick Brown,Derrick,Derrick,Brown
2025,CAR,00-0036305,Trevis Gipson,Trevis,Trevis,Gipson
2025,CAR,00-0036325,Robert Hunt,Robert,Robert,Hunt
2025,CAR,00-0036334,Saahdiq Charles,Saahdiq,Saahdiq,Charles
2025,CAR,00-0036335,D.J. Wonnum,Dennis,D.J.,Wonnum
2025,CAR,00-0036356,Isaiah Simmons,Isaiah,Isaiah,Simmons
2025,CAR,00-0036417,Damien Lewis,Damien,Damien,Lewis
2025,CAR,00-0036425,DeeJay Dallas,Demetrius,DeeJay,Dallas
2025,CAR,00-0036456,Dominique Dafney,Dominique,Dominique,Dafney
2025,CAR,00-0036553,Carlos Basham,Carlos,Carlos,Basham
2025,CAR,00-0036555,Chuba Hubbard,Chuba,Chuba,Hubbard
2025,CAR,00-0036661,Israel Mukuamu,Israel,Israel,Mukuamu
2025,CAR,00-0036795,Jake Curhan,Jake,Jake,Curhan
2025,CAR,00-0036903,Bobby Brown III,Bobby,Bobby,Brown
2025,CAR,00-0036904,Robert Rochell,Robert,Robert,Rochell
2025,CAR,00-0036944,Jaycee Horn,Jaycee,Jaycee,Horn
2025,CAR,00-0036962,Tre'von Moehrig,Tre'von,Tre'von,Moehrig
2025,CAR,00-0036962,Tre'von Moehrig,Trevon,Trevon,Moehrig
2025,CAR,00-0036968,Brady Christensen,Brady,Brady,Christensen
2025,CAR,00-0037005,Tommy Tremble,Tommy,Tommy,Tremble
2025,CAR,00-0037007,Patrick Jones II,Patrick,Patrick,Jones
2025,CAR,00-0037089,Ja'Tyre Carter,Ja'Tyre,Ja'Tyre,Carter
2025,CAR,00-0037179,Jeremiah Moon,Jeremiah,Jeremiah,Moon
2025,CAR,00-0037203,LaBryan Ray,LaBryan,LaBryan,Ray
2025,CAR,00-0037229,Ikem Ekwonu,Ikem,Ikem,Ekwonu
2025,CAR,00-0037282,James Mitchell,James,James,Mitchell
2025,CAR,00-0037297,Cade Mays,Cade,Cade,Mays
2025,CAR,00-0037332,D'Anthony Bell,D'Anthony,D'Anthony,Bell
2025,CAR,00-0037429,Raheem Blackshear,Raheem,Raheem,Blackshear
2025,CAR,00-0037608,Tre Swilling,Tre,Tre,Swilling
2025,CAR,00-0038101,Akayleb Evans,Akayleb,Akayleb,Evans
2025,CAR,00-0038105,Damarri Mathis,Damarri,Damarri,Mathis
2025,CAR,00-0038493,Claudin Cherelus,Claudin,Claudin,Cherelus
2025,CAR,00-0038502,T.J. Luther,Tyreece,T.J.,Luther
2025,CAR,00-0038535,DJ Johnson,D.J.,D.J.,Johnson
2025,CAR,00-0038536,Chandler Zavala,Chandler,Chandler,Zavala
2025,CAR,00-0038550,Hendon Hooker,Hendon,Hendon,Hooker
2025,CAR,00-0038791,Thomas Incoom,Thomas,Thomas,Incoom
2025,CAR,00-0038840,Brycen Tremayne,Brycen,Brycen,Tremayne
2025,CAR,00-0039150,Bryce Young,Bryce,Bryce,Young
2025,CAR,00-0039237,Nick Samac,Nick,Nick,Samac
2025,CAR,00-0039239,Kalen King,Kalen,Kalen,King
2025,CAR,00-0039246,Darrian Dalcourt,Darrian,Darrian,Dalcourt
2025,CAR,00-0039292,Shemar Bartholomew,Shemar,Shemar,Bartholomew
2025,CAR,00-0039311,Emani Bailey,Emani,Emani,Bailey
2025,CAR,00-0039342,Xavier Legette,Xavier,Xavier,Legette
2025,CAR,00-0039344,Jonathon Brooks,Jonathon,Jonathon,Brooks
2025,CAR,00-0039347,Trevin Wallace,Trevin,Trevin,Wallace
2025,CAR,00-0039356,Ja'Tavion Sanders,Ja'Tavion,Ja'Tavion,Sanders
2025,CAR,00-0039380,Chau Smith-Wade,Chau,Chau,Smith-Wade
2025,CAR,00-0039402,Jaden Crumedy,Jaden,Jaden,Crumedy
2025,CAR,00-0039457,Jacoby Windmon,Jacoby,Jacoby,Windmon
2025,CAR,00-0039490,Popo Aumavae,Popo,Popo,Aumavae
2025,CAR,00-0039491,Jalen Coker,Jalen,Jalen,Coker
2025,CAR,00-0039501,Jack Plummer,Jack,Jack,Plummer
2025,CAR,00-0039601,Demani Richardson,Demani,Demani,Richardson
2025,CAR,00-0039637,Maema Njongmeta,Maema,Maema,Njongmeta
2025,CAR,00-0039747,Ainias Smith,Ainias,Ainias,Smith
2025,CAR,00-0039832,Jarrett Kingston,Jarrett,Jarrett,Kingston
2025,CAR,00-0040022,Tommy Akingbesote,Tommy,Tommy,Akingbesote
2025,CAR,00-0040028,Montrell Johnson Jr.,Montrell,Montrell,Johnson
2025,CAR,00-0040124,Tetairoa McMillan,Tetairoa,Tetairoa,McMillan
2025,CAR,00-0040136,Princely Umanmielen,Princely,Princely,Umanmielen
2025,CAR,00-0040159,Lathan Ransom,Lathan,Lathan,Ransom
2025,CAR,00-0040174,Cam Jackson,Cam'Ron,Cam,Jackson
2025,CAR,00-0040187,Mitchell Evans,Mitchell,Mitchell,Evans
2025,CAR,00-0040218,Jimmy Horn Jr.,Jimmy,Jimmy,Horn
2025,CAR,00-0040265,Ja'Seem Reed,Ja'seem,Ja'seem,Reed
2025,CAR,00-0040278,JaTravis Broughton,JaTravis,JaTravis,Broughton
2025,CAR,00-0040279,Ryan Fitzgerald,Ryan,Ryan,Fitzgerald
2025,CAR,00-0040281,Jacolby George,Jacolby,Jacolby,George
2025,CAR,00-0040282,Isaac Gifford,Isaac,Isaac,Gifford
2025,CAR,00-0040283,Jared Harrison-Hunte,Jared,Jared,Harrison-Hunte
2025,CAR,00-0040285,Kobe Hudson,Kobe,Kobe,Hudson
2025,CAR,00-0040286,Luke Kandra,Luke,Luke,Kandra
2025,CAR,00-0040287,Steven Losoya,Steven,Steven,Losoya
2025,CAR,00-0040288,Kayron Lynch-Adams,Kay'Ron,Kay'Ron,Lynch-Adams
2025,CAR,00-0040289,Bam Martin-Scott,Tavareon,Bam,Martin-Scott
2025,CAR,00-0040292,Bryce Pierre,Bryce,Bryce,Pierre
2025,CAR,00-0040293,Michael Reid,Mike,Mike,Reid
2025,CAR,00-0040294,Michael Tarquin,Michael,Michael,Tarquin
2025,CAR,00-0040295,Trevian Thomas,Trevian,Trevian,Thomas
2025,CAR,00-0040296,Corey Thornton,Corey,Corey,Thornton
2025,CAR,00-0040394,Anthony Tyus III,Anthony,Anthony,Tyus
2025,CAR,00-0040481,Mello Dotson,Ra'Mello,Mello,Dotson
2025,CAR,00-0040533,Aiden Williams,Aiden,Aiden,Williams
2025,CAR,00-0040594,Jamil Muhammad,Jamil,Jamil,Muhammad
2025,CAR,00-0040629,Dalevon Campbell,Dalevon,Dalevon,Campbell
2025,CAR,00-0040644,Trevor Etienne,Trevor,Trevor,Etienne
2025,CAR,00-0040746,Nic Scourton,Nic,Nic,Scourton
2025,CAR,00-0040755,J.J. Weaver,Justin,J.J.,Weaver
2025,CAR,00-0040763,Mapalo Mwansa,Mapalo,Mapalo,Mwansa
2025,CHI,00-0028986,Case Keenum,Casey,Case,Keenum
2025,CHI,00-0031203,Cairo Santos,Cairo,Cairo,Santos
2025,CHI,00-0031583,Grady Jarrett,Grady,Grady,Jarrett
2025,CHI,00-0032391,Joe Thuney,Joseph,Joe,Thuney
2025,CHI,00-0033066,Andrew Billings,Andrew,Andrew,Billings
2025,CHI,00-0033132,Kevin Byard,Kevin,Kevin,Byard
2025,CHI,00-0033557,Jalen Reeves-Maybin,Jalen,Jalen,Reeves-Maybin
2025,CHI,00-0033902,Tanoh Kpassagnon,Tanoh,Tanoh,Kpassagnon
2025,CHI,00-0034067,Scott Daly,Kevin,Scott,Daly
2025,CHI,00-0034485,Jonathan Owens,Jonathan,Jonathan,Owens
2025,CHI,00-0034673,Tremaine Edmunds,Fe'Zahn,Tremaine,Edmunds
2025,CHI,00-0034756,Tre Flowers,Trequille,Tre,Flowers
2025,CHI,00-0034798,Durham Smythe,Durham,Durham,Smythe
2025,CHI,00-0034827,DJ Moore,Denniston,D.J.,Moore
2025,CHI,00-0034838,Royce Freeman,Royce,Royce,Freeman
2025,CHI,00-0034999,Ty Summers,Ty,Ty,Summers
2025,CHI,00-0035039,Stephen Carlson,Stephen,Stephen,Carlson
2025,CHI,00-0035208,Olamide Zaccheaus,Olamide,Olamide,Zaccheaus
2025,CHI,00-0035253,C.J. Gardner-Johnson,Chauncey,Chauncey,Gardner-Johnson
2025,CHI,00-0035317,Joshua Miles,Joshua,Joshua,Miles
2025,CHI,00-0035382,Ryan Bates,Ryan,Ryan,Bates
2025,CHI,00-0035386,T.J. Edwards,T.J.,T.J.,Edwards
2025,CHI,00-0035594,Travis Homer,Travis,Travis,Homer
2025,CHI,00-0035647,Montez Sweat,Montez,Montez,Sweat
2025,CHI,00-0035703,Miles Boykin,Miles,Miles,Boykin
2025,CHI,00-0035857,Chris Williams,Christopher,Chris,Williams
2025,CHI,00-0036093,Bill Murray,Bill,Bill,Murray
2025,CHI,00-0036239,Jonathan Garvin,Jonathan,Jonathan,Garvin
2025,CHI,00-0036258,Jonah Jackson,Jonah,Jonah,Jackson
2025,CHI,00-0036275,D'Andre Swift,D'Andre,D'Andre,Swift
2025,CHI,00-0036290,Cole Kmet,Cole,Cole,Kmet
2025,CHI,00-0036292,Jaylon Johnson,Jaylon,Jaylon,Johnson
2025,CHI,00-0036331,Devin Duvernay,Devin,Devin,Duvernay
2025,CHI,00-0036480,Dayo Odeyingbo,Dayo,Dayo,Odeyingbo
2025,CHI,00-0036559,Shaun Wade,Shaun,Shaun,Wade
2025,CHI,00-0036589,Nick McCloud,Nick,Nick,McCloud
2025,CHI,00-0036631,Royce Newman,Royce,Royce,Newman
2025,CHI,00-0036716,Amen Ogbongbemiga,Amen,Amen,Ogbongbemiga
2025,CHI,00-0036856,Trey Hill,Trey,Trey,Hill
2025,CHI,00-0036957,Drew Dalman,Drew,Drew,Dalman
2025,CHI,00-0036967,Joe Tryon-Shoyinka,Joseph,Joe,Tryon
2025,CHI,00-0036986,Nahshon Wright,Nahshon,Nahshon,Wright
2025,CHI,00-0037031,Nikola Kalinic,Nikola,Nikola,Kalinic
2025,CHI,00-0037081,Braxton Jones,Braxton,Braxton,Jones
2025,CHI,00-0037082,Dominique Robinson,Dominique,Dominique,Robinson
2025,CHI,00-0037088,Doug Kramer,Doug,Doug,Kramer
2025,CHI,00-0037094,Jonathan Ford,Jonathan,Jonathan,Ford
2025,CHI,00-0037096,Elijah Hicks,Elijah,Elijah,Hicks
2025,CHI,00-0037098,Samori Toure,Samori,Samori,Toure
2025,CHI,00-0037106,Jaylon Jones,Jaylon,Jaylon,Jones
2025,CHI,00-0037129,Josh Blackwell,Josh,Josh,Blackwell
2025,CHI,00-0037225,Chris Glaser,Chris,Chris,Glaser
2025,CHI,00-0037271,D'Marco Jackson,D'Marco,D'Marco,Jackson
2025,CHI,00-0037329,Brittain Brown,Brittain,Brittain,Brown
2025,CHI,00-0037395,Dallis Flowers,Dallis,Dallis,Flowers
2025,CHI,00-0037544,Nephi Sewell,Nephi,Nephi,Sewell
2025,CHI,00-0037708,Maurice Alexander,Maurice,Maurice,Alexander
2025,CHI,00-0037843,Daniel Hardy,Daniel,Daniel,Hardy
2025,CHI,00-0038111,Kyler Gordon,Kyler,Kyler,Gordon
2025,CHI,00-0038135,Jaquan Brisker,Jaquan,Jaquan,Brisker
2025,CHI,00-0038390,Noah Sewell,Noah,Noah,Sewell
2025,CHI,00-0038395,Terell Smith,Terell,Terell,Smith
2025,CHI,00-0038413,Gervarrius Owens,Gervarrius,Gervarrius,Owens
2025,CHI,00-0038416,Tyson Bagent,Tyson,Tyson,Bagent
2025,CHI,00-0038475,Alex Cook,Alex,Alex,Cook
2025,CHI,00-0038482,Mekhi Garner,Mekhi,Mekhi,Garner
2025,CHI,00-0038562,Jake Moody,Jake,Jake,Moody
2025,CHI,00-0038595,Jordan McFadden,Jordan,Jordan,McFadden
2025,CHI,00-0038668,Kaleb Hayes,Kaleb,Kaleb,Hayes
2025,CHI,00-0038716,Jeremiah Martin,Jeremiah,Jeremiah,Martin
2025,CHI,00-0038932,Darnell Wright,Darnell,Darnell,Wright
2025,CHI,00-0039008,Ricky Stromberg,Ricky,Ricky,Stromberg
2025,CHI,00-0039021,Roschon Johnson,Roschon,Roschon,Johnson
2025,CHI,00-0039023,Joel Wilson,Joel,Joel,Wilson
2025,CHI,00-0039070,Gervon Dexter Sr.,Gervon,Gervon,Dexter
2025,CHI,00-0039071,Tyrique Stevenson,Tyrique,Tyrique,Stevenson
2025,CHI,00-0039381,Dominique Hampton,Dominique,Dominique,Hampton
2025,CHI,00-0039459,Theo Benedet,Theo,Theo,Benedet
2025,CHI,00-0039460,Carl Jones,Carl,Carl,Jones
2025,CHI,00-0039461,Jamree Kromah,Jamree,Jamree,Kromah
2025,CHI,00-0039464,Austin Reed,Austin,Austin,Reed
2025,CHI,00-0039466,Ian Wheeler,Ian,Ian,Wheeler
2025,CHI,00-0039488,Mark Perry,Mark,Mark,Perry
2025,CHI,00-0039610,Millard Bradford,Nook,Millard,Bradford
2025,CHI,00-0039624,Kyle Hergel,Kyle,Kyle,Hergel
2025,CHI,00-0039745,Tory Taylor,Tory,Tory,Taylor
2025,CHI,00-0039822,Kiran Amegadjie,Kiran,Kiran,Amegadjie
2025,CHI,00-0039840,Austin Booker,Austin,Austin,Booker
2025,CHI,00-0039843,Qadir Ismail,Qadir,Qadir,Ismail
2025,CHI,00-0039918,Caleb Williams,Caleb,Caleb,Williams
2025,CHI,00-0039919,Rome Odunze,Rome,Rome,Odunze
2025,CHI,00-0040126,Colston Loveland,Colston,Colston,Loveland
2025,CHI,00-0040167,Ruben Hyppolite II,Ruben,Ruben,Hyppolite
2025,CHI,00-0040191,Zah Frazier,Zahquan,Zah,Frazier
2025,CHI,00-0040210,Luke Newman,Luke,Luke,Newman
2025,CHI,00-0040236,Kyle Monangai,Kyle,Kyle,Monangai
2025,CHI,00-0040269,Xavier Carlton,Xavier,Xavier,Carlton
2025,CHI,00-0040270,Power Echols,Power,Power,Echols
2025,CHI,00-0040271,Luke Elkin,Luke,Luke,Elkin
2025,CHI,00-0040272,Deion Hankins,Deion,Deion,Hankins
2025,CHI,00-0040273,Tysheem Johnson,Tysheem,Tysheem,Johnson
2025,CHI,00-0040275,JP Richardson,John Paul,J.P.,Richardson
2025,CHI,00-0040277,Jahdae Walker,Jahdae,Jahdae,Walker
2025,CHI,00-0040550,Dontae Manning,Dontae,Dontae,Manning
2025,CHI,00-0040610,Jeremiah Walker,Jeremiah,Jeremiah,Walker
2025,CHI,00-0040697,Thomas Gordon,Thomas,Thomas,Gordon
2025,CHI,00-0040735,Luther Burden III,Luther,Luther,Burden
2025,CHI,00-0040740,Ozzy Trapilo,Ozzy,Ozzy,Trapilo
2025,CHI,00-0040741,Shemar Turner,Shemar,Shemar,Turner
2025,CIN,00-0026158,Joe Flacco,Joseph,Joe,Flacco
2025,CIN,00-0030757,Mike Pennel,Michael,Mike,Pennel
2025,CIN,00-0032445,Ted Karras,Ted,Ted,Karras
2025,CIN,00-0033082,Lucas Patrick,Lucas,Lucas,Patrick
2025,CIN,00-0033526,Samaje Perine,Samaje,Samaje,Perine
2025,CIN,00-0033935,Trey Hendrickson,Collins,Trey,Hendrickson
2025,CIN,00-0034401,Mike White,Michael,Mike,White
2025,CIN,00-0034446,Jalen Davis,Jalen,Jalen,Davis
2025,CIN,00-0034613,Tanner Hudson,Tanner,Tanner,Hudson
2025,CIN,00-0034752,Orlando Brown,Orlando,Orlando,Brown
2025,CIN,00-0034754,Oren Burks,Oren,Oren,Burks
2025,CIN,00-0034800,B.J. Hill,Bobby,B.J.,Hill
2025,CIN,00-0034829,Mike Gesicki,Michael,Mike,Gesicki
2025,CIN,00-0034842,Taven Bryan,Taven,Taven,Bryan
2025,CIN,00-0034955,Brett Rypien,Brett,Brett,Rypien
2025,CIN,00-0035100,Jake Browning,Jake,Jake,Browning
2025,CIN,00-0035238,Cody Ford,Cody,Cody,Ford
2025,CIN,00-0035363,Joe Giles-Harris,Joe,Joe,Giles-Harris
2025,CIN,00-0035485,Nate Brooks,Nate,Nate,Brooks
2025,CIN,00-0035631,Drew Sample,Drew,Drew,Sample
2025,CIN,00-0035644,Noah Fant,Noah,Noah,Fant
2025,CIN,00-0035702,Dalton Risner,Dalton,Dalton,Risner
2025,CIN,00-0036199,Geno Stone,Geno,Geno,Stone
2025,CIN,00-0036294,Logan Wilson,Logan,Logan,Wilson
2025,CIN,00-0036410,Tee Higgins,Tamaurice,Tee,Higgins
2025,CIN,00-0036420,McTelvin Agim,McTelvin,McTelvin,Agim
2025,CIN,00-0036442,Joe Burrow,Joe,Joe,Burrow
2025,CIN,00-0036569,Gary Brightwell,Gary,Gary,Brightwell
2025,CIN,00-0036611,Raymond Johnson III,Raymond,Raymond,Johnson
2025,CIN,00-0036642,Tedarrell Slaton,Tedarrell,Tedarrell,Slaton
2025,CIN,00-0036850,Cameron Sample,Cameron,Cam,Sample
2025,CIN,00-0036854,Evan McPherson,Evan,Evan,McPherson
2025,CIN,00-0036884,Marco Wilson,Marco,Marco,Wilson
2025,CIN,00-0036900,Ja'Marr Chase,Ja'Marr,Ja'Marr,Chase
2025,CIN,00-0036902,Joseph Ossai,Joseph,Joseph,Ossai
2025,CIN,00-0037314,Isaiah Thomas,Isaiah,Isaiah,Thomas
2025,CIN,00-0037412,Cal Adomitis,Cal,Cal,Adomitis
2025,CIN,00-0037414,Devin Cochran,Devin,Devin,Cochran
2025,CIN,00-0037422,Kendric Pryor,Kendric,Kendric,Pryor
2025,CIN,00-0037620,Andrew Stueber,Andrew,Andrew,Stueber
2025,CIN,00-0037743,Daxton Hill,Daxton,Dax,Hill
2025,CIN,00-0037752,Tycen Anderson,Tycen,Tycen,Anderson
2025,CIN,00-0037753,Cam Taylor-Britt,Cam,Cam,Taylor-Britt
2025,CIN,00-0037822,Brian Asamoah II,Brian,Brian,Asamoah
2025,CIN,00-0037844,Russ Yeast,Craig,Russ,Yeast
2025,CIN,00-0038095,Cordell Volson,Cordell,Cordell,Volson
2025,CIN,00-0038122,Desmond Ridder,Desmond,Desmond,Ridder
2025,CIN,00-0038391,Sean Clifford,Sean,Sean,Clifford
2025,CIN,00-0038429,Liam Anderson,Liam,Liam,Anderson
2025,CIN,00-0038546,Myles Murphy,Myles,Myles,Murphy
2025,CIN,00-0038549,DJ Turner II,Juandrago,D.J.,Turner
2025,CIN,00-0038560,Jordan Battle,Jordan,Jordan,Battle
2025,CIN,00-0038576,Charlie Jones,Charlie,Charlie,Jones
2025,CIN,00-0038597,Chase Brown,Chase,Chase,Brown
2025,CIN,00-0038619,Andrei Iosivas,Andrei,Andrei,Iosivas
2025,CIN,00-0038642,D.J. Ivey,D.J.,D.J.,Ivey
2025,CIN,00-0038839,Mitchell Tinsley,Mitchell,Mitchell,Tinsley
2025,CIN,00-0038890,Shaka Heyward,Shaka,Shaka,Heyward
2025,CIN,00-0038892,Jaxson Kirkland,Jaxson,Jaxson,Kirkland
2025,CIN,00-0039143,Isaiah Foskey,Isaiah,Isaiah,Foskey
2025,CIN,00-0039266,Kendall Milton,Kendall,Kendall,Milton
2025,CIN,00-0039323,Ryan Rehkow,Ryan,Ryan,Rehkow
2025,CIN,00-0039354,McKinnley Jackson,McKinnley,McKinnley,Jackson
2025,CIN,00-0039375,Josh Newton,Josh,Josh,Newton
2025,CIN,00-0039399,Tanner McLachlan,Tanner,Tanner,McLachlan
2025,CIN,00-0039414,Daijahn Anthony,Daijahn,Daijahn,Anthony
2025,CIN,00-0039425,Myles Cole,Myles,Myles,Cole
2025,CIN,00-0039426,Matt Lee,Matthew,Matt,Lee
2025,CIN,00-0039451,Isaiah Williams,Isaiah,Isaiah,Williams
2025,CIN,00-0039473,Xavier Johnson,Xavier,Xavier,Johnson
2025,CIN,00-0039502,Andrew Raym,Andrew,Andrew,Raym
2025,CIN,00-0039535,Andrew Coker,Andrew,Andrew,Coker
2025,CIN,00-0039580,Craig Young,Craig,Craig,Young
2025,CIN,00-0039626,Cole Burgess,Cole,Cole,Burgess
2025,CIN,00-0039631,Cam Grandy,Cam,Cam,Grandy
2025,CIN,00-0039632,PJ Jules,P.J.,P.J.,Jules
2025,CIN,00-0039637,Maema Njongmeta,Maema,Maema,Njongmeta
2025,CIN,00-0039638,Lance Robinson,Lance,Lance,Robinson
2025,CIN,00-0039742,Javon Foster,Javon,Javon,Foster
2025,CIN,00-0039743,Jordan Jefferson,Jordan,Jordan,Jefferson
2025,CIN,00-0039752,Cedric Johnson,Cedric,Cedric,Johnson
2025,CIN,00-0039802,Jaylen Key,Jaylen,Jaylen,Key
2025,CIN,00-0039810,Jermaine Burton,Jermaine,Jermaine,Burton
2025,CIN,00-0039814,Erick All,Erick,Erick,All
2025,CIN,00-0039908,Kris Jenkins,Kris,Kris,Jenkins
2025,CIN,00-0039925,Amarius Mims,Amarius,Amarius,Mims
2025,CIN,00-0040018,Antwaun Powell-Ryland,Antwuan,Antwaun,Powell-Ryland
2025,CIN,00-0040140,Dylan Fairchild,Dylan,Dylan,Fairchild
2025,CIN,00-0040157,Barrett Carter,Barrett,Barrett,Carter
2025,CIN,00-0040180,Jalen Rivers,Jalen,Jalen,Rivers
2025,CIN,00-0040208,Tahj Brooks,Tahj,Tahj,Brooks
2025,CIN,00-0040359,Jacob Bayer,Jacob,Jacob,Bayer
2025,CIN,00-0040368,Quali Conley,Quali,Quali,Conley
2025,CIN,00-0040369,Howard Cross III,Howard,Howard,Cross
2025,CIN,00-0040370,Caleb Etienne,Caleb,Caleb,Etienne
2025,CIN,00-0040372,Bralyn Lux,Bralyn,Bralyn,Lux
2025,CIN,00-0040373,Jamoi Mayes,Jamoi,Jamoi,Mayes
2025,CIN,00-0040374,Seth McLaughlin,Seth,Seth,McLaughlin
2025,CIN,00-0040375,Jordan Moore,Jordan,Jordan,Moore
2025,CIN,00-0040376,Rashod Owens,Rashod,Rashod,Owens
2025,CIN,00-0040378,Payton Thorne,Payton,Payton,Thorne
2025,CIN,00-0040379,William Wagner,William,William,Wagner
2025,CIN,00-0040518,Jalen Kimber,Jalen,Jalen,Kimber
2025,CIN,00-0040534,Ke'Shawn Williams,Ke'shawn,Ke'Shawn,Williams
2025,CIN,00-0040608,Shaquan Loyal,Shaquan,Shaquan,Loyal
2025,CIN,00-0040738,Demetrius Knight Jr.,Demetrius,Demetrius,Knight
2025,CIN,00-0040756,Shemar Stewart,Shemar,Shemar,Stewart
2025,CLE,00-0026158,Joe Flacco,Joseph,Joe,Flacco
2025,CLE,00-0030098,Dustin Hopkins,Dustin,Dustin,Hopkins
2025,CLE,00-0030725,Cornelius Lucas,Cornelius,Cornelius,Lucas
2025,CLE,00-0031270,Shelby Harris,Shelby,Shelby,Harris
2025,CLE,00-0031426,Joel Bitonio,Joel,Joel,Bitonio
2025,CLE,00-0031763,DeAndre Carter,DeAndre,DeAndre,Carter
2025,CLE,00-0032129,Jordan Hicks,Jordan,Jordan,Hicks
2025,CLE,00-0033057,Jack Conklin,Jack,Jack,Conklin
2025,CLE,00-0033131,Maliek Collins,Maliek,Maliek,Collins
2025,CLE,00-0033512,Damontae Kazee,Damontae,Damontae,Kazee
2025,CLE,00-0033537,Deshaun Watson,Derrick,Deshaun,Watson
2025,CLE,00-0033868,Myles Garrett,Myles,Myles,Garrett
2025,CLE,00-0033885,David Njoku,David,David,Njoku
2025,CLE,00-0033889,Cam Robinson,Cameron,Cam,Robinson
2025,CLE,00-0033901,Ethan Pocic,Ethan,Ethan,Pocic
2025,CLE,00-0033941,Rayshawn Jenkins,Rayshawn,Rayshawn,Jenkins
2025,CLE,00-0034399,Wyatt Teller,William,Wyatt,Teller
2025,CLE,00-0034540,Tony Brown,Tony,Tony,Brown
2025,CLE,00-0034721,Corey Bojorquez,Corey,Corey,Bojorquez
2025,CLE,00-0034746,Maurice Hurst,Maurice,Maurice,Hurst
2025,CLE,00-0034797,Jerome Baker,Jerome,Jerome,Baker
2025,CLE,00-0034856,Denzel Ward,Denzel,Denzel,Ward
2025,CLE,00-0034966,D'Angelo Ross,D'Angelo,D'Angelo,Ross
2025,CLE,00-0035003,Jackson Barton,Jackson,Jackson,Barton
2025,CLE,00-0035216,Diontae Johnson,Diontae,Diontae,Johnson
2025,CLE,00-0035291,Trayveon Williams,Trayveon,Trayveon,Williams
2025,CLE,00-0035317,Joshua Miles,Joshua,Joshua,Miles
2025,CLE,00-0035346,Nik Needham,Nikolas,Nik,Needham
2025,CLE,00-0035525,Devin Bush,Devin,Devin,Bush
2025,CLE,00-0036214,Tyre Phillips,Tyre,Tyre,Phillips
2025,CLE,00-0036249,Julian Okwara,Julian,Julian,Okwara
2025,CLE,00-0036282,Grant Delpit,Grant,Grant,Delpit
2025,CLE,00-0036407,Jerry Jeudy,Jerry,Jerry,Jeudy
2025,CLE,00-0036443,Rex Sunahara,Rex,Rex,Sunahara
2025,CLE,00-0036644,Cameron McGrone,Cameron,Cameron,McGrone
2025,CLE,00-0036705,Sam Kamara,Sam,Sam,Kamara
2025,CLE,00-0036895,Elerson Smith,Elerson,Elerson,Smith
2025,CLE,00-0036915,Jeremiah Owusu-Koramoah,Jeremiah,Jeremiah,Owusu-Koramoah
2025,CLE,00-0036953,Teven Jenkins,Teven,Teven,Jenkins
2025,CLE,00-0036967,Joe Tryon-Shoyinka,Joseph,Joe,Tryon
2025,CLE,00-0036974,Tyson Campbell,Tyson,Tyson,Campbell
2025,CLE,00-0036983,Kendrick Green,Kendrick,Kendrick,Green
2025,CLE,00-0036996,Greg Newsome II,Greg,Greg,Newsome
2025,CLE,00-0037015,Sal Cannella,Sal,Sal,Cannella
2025,CLE,00-0037095,Christian Holmes,Christian,Christian,Holmes
2025,CLE,00-0037250,Martin Emerson,Martin,Martin,Emerson
2025,CLE,00-0037251,Alex Wright,Alex,Alex,Wright
2025,CLE,00-0037257,David Bell,David,David,Bell
2025,CLE,00-0037267,Jerome Ford,Jerome,Jerome,Ford
2025,CLE,00-0037316,Mark Robinson,Mark,Mark,Robinson
2025,CLE,00-0037322,Thayer Munford Jr.,Thayer,Thayer,Munford
2025,CLE,00-0037380,Kaden Davis,Kaden,Kaden,Davis
2025,CLE,00-0037381,Sebastian Gutierrez,Sebastian,Sebastian,Gutierrez
2025,CLE,00-0037396,Wesley French,Wesley,Wesley,French
2025,CLE,00-0037516,Sam Webb,Sam,Sam,Webb
2025,CLE,00-0037593,Tre Avery,Tre,Tre,Avery
2025,CLE,00-0037779,Ralph Holley,Ralph,Ralph,Holley
2025,CLE,00-0037815,Cameron Thomas,Cameron,Cameron,Thomas
2025,CLE,00-0038098,Pierre Strong,Pierre,Pierre,Strong
2025,CLE,00-0038103,Cole Strange,Devin,Cole,Strange
2025,CLE,00-0038108,Bailey Zappe,Bailey,Bailey,Zappe
2025,CLE,00-0038401,Jarrick Bernard-Converse,Jarrick,Jarrick,Bernard-Converse
2025,CLE,00-0038404,Titus Leo,Titus,Titus,Leo
2025,CLE,00-0038428,Andre Szmyt,Andre,Andre,Szmyt
2025,CLE,00-0038574,Isaiah McGuire,Isaiah,Isaiah,McGuire
2025,CLE,00-0038581,KJ Henry,K.J.,K.J.,Henry
2025,CLE,00-0038585,Cameron Mitchell,Cameron,Cameron,Mitchell
2025,CLE,00-0038609,Luke Wypler,Luke,Luke,Wypler
2025,CLE,00-0038624,Ameer Speed,Ameer,Ameer,Speed
2025,CLE,00-0038651,Chase Cota,Chase,Chase,Cota
2025,CLE,00-0038710,Blake Whiteheart,Blake,Blake,Whiteheart
2025,CLE,00-0038711,Mohamoud Diabate,Mohamoud,Mohamoud,Diabate
2025,CLE,00-0038715,Ronnie Hickman Jr.,Ronnie,Ronnie,Hickman
2025,CLE,00-0038719,Charlie Thomas,Charlie,Charlie,Thomas
2025,CLE,00-0038819,Keenan Isaac,Keenan,Keenan,Isaac
2025,CLE,00-0038848,Anthony Kendall,Anthony,Anthony,Kendall
2025,CLE,00-0038979,Cedric Tillman,Cedric,Cedric,Tillman
2025,CLE,00-0039014,Dawand Jones,Dawand,Dawand,Jones
2025,CLE,00-0039135,Ochaun Mathis,Ochaun,Ochaun,Mathis
2025,CLE,00-0039224,Marvin Moody,Marvin,Marvin,Moody
2025,CLE,00-0039246,Darrian Dalcourt,Darrian,Darrian,Dalcourt
2025,CLE,00-0039306,Dee Williams,Dee,Dee,Williams
2025,CLE,00-0039350,Zak Zinter,Zak,Zak,Zinter
2025,CLE,00-0039379,Jamari Thrash,Jamari,Jamari,Thrash
2025,CLE,00-0039406,Nathaniel Watson,Nathaniel,Nathaniel,Watson
2025,CLE,00-0039417,Myles Harden,Myles,Myles,Harden
2025,CLE,00-0039434,LaDarius Henderson,LaDarius,LaDarius,Henderson
2025,CLE,00-0039442,Kingsley Eguakun,Kingsley,Kingsley,Eguakun
2025,CLE,00-0039458,Brenden Bates,Brenden,Brenden,Bates
2025,CLE,00-0039512,Javion Cohen,Javion,Javion,Cohen
2025,CLE,00-0039513,Chris Edmonds,Christopher,Chris,Edmonds
2025,CLE,00-0039515,Winston Reid,Winston,Winston,Reid
2025,CLE,00-0039517,Lorenzo Thompson,Lorenzo,Lorenzo,Thompson
2025,CLE,00-0039675,Bucky Williams,Michael,Bucky,Williams
2025,CLE,00-0039755,KT Leveston,Kaitori,K.T.,Leveston
2025,CLE,00-0039878,Edefuan Ulofoshio,Edefuan,Edefuan,Ulofoshio
2025,CLE,00-0039895,Mike Hall Jr.,Michael,Michael,Hall
2025,CLE,00-0039920,Malachi Corley,Malachi,Malachi,Corley
2025,CLE,00-0040079,Garrett Dellinger,Garrett,Garrett,Dellinger
2025,CLE,00-0040162,Dylan Sampson,Dylan,Dylan,Sampson
2025,CLE,00-0040255,Adin Huntington,Adin,Adin,Huntington
2025,CLE,00-0040256,Jason Ivey,Jason,Jason,Ivey
2025,CLE,00-0040257,LaMareon James,LaMareon,LaMareon,James
2025,CLE,00-0040258,Dom Jones,Dom,Dom,Jones
2025,CLE,00-0040259,Gage Larvadain,Dillan,Gage,Larvadain
2025,CLE,00-0040260,Ahmani Marshall,Ahmani,Ahmani,Marshall
2025,CLE,00-0040261,Easton Mascarenas-Arnold,Easton,Easton,Mascarenas-Arnold
2025,CLE,00-0040263,Donovan McMillon,Donovan,Donovan,McMillon
2025,CLE,00-0040264,Justin Osborne,Justin,Justin,Osborne
2025,CLE,00-0040266,Dartanyan Tinsley,Dartanyan,Dartanyan,Tinsley
2025,CLE,00-0040299,Eugene Asante,Eugene,Eugene,Asante
2025,CLE,00-0040380,Jeremiah Byers,Jeremiah,Jeremiah,Byers
2025,CLE,00-0040392,Caden Prieskorn,Caden,Caden,Prieskorn
2025,CLE,00-0040466,Raheim Sanders,Raheim,Raheim,Sanders
2025,CLE,00-0040495,Logan Brown,Logan,Logan,Brown
2025,CLE,00-0040545,Simeon Barrow Jr.,Simeon,Simeon,Barrow
2025,CLE,00-0040564,Jack Conley,John,Jack,Conley
2025,CLE,00-0040579,Carson Schwesinger,Carson,Carson,Schwesinger
2025,CLE,00-0040615,Cade McDonald,Cade,Cade,McDonald
2025,CLE,00-0040616,Kisean Johnson,Kisean,Kisean,Johnson
2025,CLE,00-0040617,Luke Floriea,Luke,Luke,Floriea
2025,CLE,00-0040655,Keith Cooper Jr.,Keith,Keith,Cooper
2025,CLE,00-0040663,Harold Fannin Jr.,Harold,Harold,Fannin
2025,CLE,00-0040668,Shedeur Sanders,Shedeur,Shedeur,Sanders
2025,CLE,00-0040685,Mason Graham,Mason,Mason,Graham
2025,CLE,00-0040702,Mitch Van Vooren,Mitchell,Mitchell,Van Vooren
2025,CLE,00-0040704,Dillon Gabriel,Dillon,Dillon,Gabriel
2025,CLE,00-0040782,Isaiah Bond,Isaiah,Isaiah,Bond
2025,CLE,00-0040784,Quinshon Judkins,Quinshon,Quinshon,Judkins
2025,DAL,00-0027947,Tyron Smith,Tyron,Tyron,Smith
2025,DAL,00-0029692,Bryan Anger,Bryan,Bryan,Anger
2025,DAL,00-0031357,C.J. Goodwin,Charaun,C.J.,Goodwin
2025,DAL,00-0031364,Jadeveon Clowney,Jadeveon,Jadeveon,Clowney
2025,DAL,00-0031534,La'el Collins,La'el,La'el,Collins
2025,DAL,00-0032052,Dante Fowler Jr.,Dante,Dante,Fowler
2025,DAL,00-0033077,Dak Prescott,Rayne,Dak,Prescott
2025,DAL,00-0033120,Kenny Clark,Kenneth,Kenny,Clark
2025,DAL,00-0033870,Solomon Thomas,Solomon,Solomon,Thomas
2025,DAL,00-0033877,Malik Hooker,Malik,Malik,Hooker
2025,DAL,00-0034198,Trent Sieg,Trent,Trent,Sieg
2025,DAL,00-0034817,Geron Christian,Geron,Geron,Christian
2025,DAL,00-0035243,Miles Sanders,Miles,Miles,Sanders
2025,DAL,00-0035251,Will Grier,Will,Will,Grier
2025,DAL,00-0035301,Donovan Wilson,Donovan,Donovan,Wilson
2025,DAL,00-0035542,Kemon Hall,Kemon,Kemon,Hall
2025,DAL,00-0035633,Corey Ballentine,Corey,Corey,Ballentine
2025,DAL,00-0035639,Parris Campbell,Parris,Parris,Campbell
2025,DAL,00-0035718,Quinnen Williams,Quinnen,Quinnen,Williams
2025,DAL,00-0036036,Terence Steele,Terence,Terence,Steele
2025,DAL,00-0036105,Nick Leverett,Nick,Nick,Leverett
2025,DAL,00-0036294,Logan Wilson,Logan,Logan,Wilson
2025,DAL,00-0036299,Troy Pride,Troy,Troy,Pride
2025,DAL,00-0036310,Hakeem Adeniji,Hakeem,Hakeem,Adeniji
2025,DAL,00-0036334,Saahdiq Charles,Saahdiq,Saahdiq,Charles
2025,DAL,00-0036358,CeeDee Lamb,Cedarian,CeeDee,Lamb
2025,DAL,00-0036361,Trevon Diggs,Trevon,Trevon,Diggs
2025,DAL,00-0036390,Michael Ojemudia,Michael,Michael,Ojemudia
2025,DAL,00-0036441,"Kenneth Murray, Jr.",Kenneth,Kenneth,Murray
2025,DAL,00-0036596,Robert Jones,Robert,Robert,Jones
2025,DAL,00-0036661,Israel Mukuamu,Israel,Israel,Mukuamu
2025,DAL,00-0036855,Earnest Brown IV,Earnest,Earnest,Brown
2025,DAL,00-0036870,Buddy Johnson,Buddy,Buddy,Johnson
2025,DAL,00-0036904,Robert Rochell,Robert,Robert,Rochell
2025,DAL,00-0036926,Payton Turner,Payton,Payton,Turner
2025,DAL,00-0036942,Osa Odighizuwa,Osa,Osa,Odighizuwa
2025,DAL,00-0036997,Javonte Williams,Javonte,Javonte,Williams
2025,DAL,00-0037109,Jack Sanborn,Jack,Jack,Sanborn
2025,DAL,00-0037242,Kaiir Elam,Kaiir,Kaiir,Elam
2025,DAL,00-0037243,Tyler Smith,Tyler,Tyler,Smith
2025,DAL,00-0037247,George Pickens,George,George,Pickens
2025,DAL,00-0037275,DaRon Bland,Daron,Daron,Bland
2025,DAL,00-0037281,Damone Clark,Damone,Damone,Clark
2025,DAL,00-0037310,James Houston,James,James,Houston
2025,DAL,00-0037336,Brock Hoffman,Brock,Brock,Hoffman
2025,DAL,00-0037396,Wesley French,Wesley,Wesley,French
2025,DAL,00-0037561,Markquese Bell,Markquese,Markquese,Bell
2025,DAL,00-0037563,Malik Davis,Malik,Malik,Davis
2025,DAL,00-0037578,Juanyeh Thomas,Juanyeh,Juanyeh,Thomas
2025,DAL,00-0037665,Sam Williams,Sam,Sam,Williams
2025,DAL,00-0037666,Jalen Tolbert,Jalen,Jalen,Tolbert
2025,DAL,00-0037692,Brandon Aubrey,Brandon,Brandon,Aubrey
2025,DAL,00-0037747,Christian Matthew,Christian,Christian,Matthew
2025,DAL,00-0037801,KaVontae Turpin,Kavontae,Kavontae,Turpin
2025,DAL,00-0038041,Jake Ferguson,Jake,Jake,Ferguson
2025,DAL,00-0038126,Perrion Winfrey,Perrion,Perrion,Winfrey
2025,DAL,00-0038130,Andrew Booth,Andrew,Andrew,Booth
2025,DAL,00-0038144,Adedayo Odeleye,Adedayo,Adedayo,Odeleye
2025,DAL,00-0038348,Josh Butler,Josh,Josh,Butler
2025,DAL,00-0038389,Israel Abanikanda,Israel,Israel,Abanikanda
2025,DAL,00-0038545,Mazi Smith,Mazi,Mazi,Smith
2025,DAL,00-0038547,Luke Schoonmaker,Luke,Luke,Schoonmaker
2025,DAL,00-0038556,DeMarvion Overshown,DeMarvion,DeMarvion,Overshown
2025,DAL,00-0038622,Deuce Vaughn,Christopher,Deuce,Vaughn
2025,DAL,00-0038633,Nick Broeker,Nick,Nick,Broeker
2025,DAL,00-0038640,Jalen Brooks,Jalen,Jalen,Brooks
2025,DAL,00-0038731,TJ Bass,T.J.,T.J.,Bass
2025,DAL,00-0038735,Princeton Fant,Princeton,Princeton,Fant
2025,DAL,00-0038737,Isaiah Land,Isaiah,Isaiah,Land
2025,DAL,00-0038738,Hunter Luepke,Hunter,Hunter,Luepke
2025,DAL,00-0038740,Jalen Cropper,Jalen,Jalen,Moreno-Cropper
2025,DAL,00-0038741,John Stephens Jr.,John,John,Stephens
2025,DAL,00-0039062,Jonathan Mingo,Jonathan,Jonathan,Mingo
2025,DAL,00-0039310,Trevor Keegan,Trevor,Trevor,Keegan
2025,DAL,00-0039341,Tyler Guyton,Tyler,Tyler,Guyton
2025,DAL,00-0039348,Cooper Beebe,Cooper,Cooper,Beebe
2025,DAL,00-0039352,Marist Liufau,Marist,Marist,Liufau
2025,DAL,00-0039387,Caelen Carson,Caelen,Caelen,Carson
2025,DAL,00-0039398,Joe Milton III,Joe,Joe,Milton
2025,DAL,00-0039410,Ryan Flournoy,Ryan,Ryan,Flournoy
2025,DAL,00-0039422,Nathan Thomas,Nathan,Nathan,Thomas
2025,DAL,00-0039465,Reddy Steward,Reddy,Reddy,Steward
2025,DAL,00-0039507,Marcellus Johnson,Marcellus,Marcellus,Johnson
2025,DAL,00-0039530,Brevyn Spann-Ford,Brevyn,Brevyn,Spann-Ford
2025,DAL,00-0039532,Julius Wood,Julius,Julius,Wood
2025,DAL,00-0039900,Marshawn Kneeland,Marshawn,Marshawn,Kneeland
2025,DAL,00-0040007,Tyler Booker,Tyler,Tyler,Booker
2025,DAL,00-0040008,Shavon Revel Jr.,Shavon,Shavon,Revel
2025,DAL,00-0040011,Shemar James,Shemar,Shemar,James
2025,DAL,00-0040017,Ajani Cornelius,Ajani,Ajani,Cornelius
2025,DAL,00-0040019,Jay Toia,Jay,Jay,Toia
2025,DAL,00-0040021,Phil Mafah,Phil,Phil,Mafah
2025,DAL,00-0040022,Tommy Akingbesote,Tommy,Tommy,Akingbesote
2025,DAL,00-0040043,Justin Barron,Justin,Justin,Barron
2025,DAL,00-0040044,Zion Childress,Zion,Zion,Childress
2025,DAL,00-0040045,Alijah Clark,Alijah,Alijah,Clark
2025,DAL,00-0040046,Rivaldo Fairweather,Rivaldo,Rivaldo,Fairweather
2025,DAL,00-0040048,Traeshon Holden,Traeshon,Traeshon,Holden
2025,DAL,00-0040050,Tyler Neville,Tyler,Tyler,Neville
2025,DAL,00-0040051,Mike Smith Jr.,Michael,Mike,Smith
2025,DAL,00-0040251,Trikweze Bridges,Trikweze,Trikweze,Bridges
2025,DAL,00-0040586,Jaydon Blue,Jaydon,Jaydon,Blue
2025,DAL,00-0040725,Donovan Ezeiruaku,Donovan,Donovan,Ezeiruaku
2025,DEN,00-0024243,Marcedes Lewis,Marcedes,Marcedes,Lewis
2025,DEN,00-0031595,Michael Burton,Michael,Michael,Burton
2025,DEN,00-0031898,Alex Singleton,Alex,Alex,Singleton
2025,DEN,00-0032569,Wil Lutz,William,Wil,Lutz
2025,DEN,00-0033297,D.J. Jones,David,D.J.,Jones
2025,DEN,00-0033538,Garett Bolles,Garett,Garett,Bolles
2025,DEN,00-0033881,Evan Engram,Evan,Evan,Engram
2025,DEN,00-0034116,J.T. Gray,Juantavius,J.T.,Gray
2025,DEN,00-0034348,Courtland Sutton,Courtland,Courtland,Sutton
2025,DEN,00-0034487,Trent Sherfield,Trent,Trent,Sherfield
2025,DEN,00-0034805,John Franklin-Myers,John Franklin-Myers,John,Franklin-Myers
2025,DEN,00-0034817,Geron Christian,Geron,Geron,Christian
2025,DEN,00-0034847,Mike McGlinchey,Mike,Mike,McGlinchey
2025,DEN,00-0034978,Ben Powers,Bennett,Ben,Powers
2025,DEN,00-0034982,Dre Greenlaw,Keaundre,Dre,Greenlaw
2025,DEN,00-0035062,Sam Mustipher,Samuel,Sam,Mustipher
2025,DEN,00-0035227,P.J. Locke,James,P.J.,Locke
2025,DEN,00-0035248,Zach Allen,Zachary,Zach,Allen
2025,DEN,00-0035264,Jarrett Stidham,Jarrett,Jarrett,Stidham
2025,DEN,00-0035406,Lil'Jordan Humphrey,Lil'Jordan,Lil'Jordan,Humphrey
2025,DEN,00-0035686,Michael Deiter,Michael,Michael,Deiter
2025,DEN,00-0035763,Malcolm Roach,Malcolm,Malcolm,Roach
2025,DEN,00-0035764,Calvin Throckmorton,Calvin,Calvin,Throckmorton
2025,DEN,00-0036158,J.K. Dobbins,Jkaylin,J.K.,Dobbins
2025,DEN,00-0036221,Brandon Jones,Brandon,Brandon,Jones
2025,DEN,00-0036384,Ben DiNucci,Benjamin,Ben,DiNucci
2025,DEN,00-0036392,Matt Peart,Matthew,Matt,Peart
2025,DEN,00-0036422,Adam Trautman,Adam,Adam,Trautman
2025,DEN,00-0036428,Justin Strnad,Justin,Justin,Strnad
2025,DEN,00-0036507,Michael Dwumfour,Michael,Michael,Dwumfour
2025,DEN,00-0036535,Will Sherman,William,William,Sherman
2025,DEN,00-0036564,Talanoa Hufanga,Sione Leti,Talanoa,Hufanga
2025,DEN,00-0036683,Devon Key,Devon,Devon,Key
2025,DEN,00-0036727,Adam Prentice,Adam,Adam,Prentice
2025,DEN,00-0036844,Garret Wallow,Garret,Garret,Wallow
2025,DEN,00-0036874,Pat Surtain II,Patrick,Patrick,Surtain
2025,DEN,00-0036879,Sam Ehlinger,Samuel,Sam,Ehlinger
2025,DEN,00-0036943,Mitchell Fraboni,Mitchell,Mitchell,Fraboni
2025,DEN,00-0036952,Jonathon Cooper,Jonathon,Jonathon,Cooper
2025,DEN,00-0036959,Michael Bandy,Michael,Michael,Bandy
2025,DEN,00-0036980,Elijah Moore,Elijah,Elijah,Moore
2025,DEN,00-0037001,Quinn Meinerz,Quinn,Quinn,Meinerz
2025,DEN,00-0037085,Tyler Badie,Tyler,Tyler,Badie
2025,DEN,00-0037098,Samori Toure,Samori,Samori,Toure
2025,DEN,00-0037249,Nik Bonitto,Nik,Nik,Bonitto
2025,DEN,00-0037264,Delarrin Turner-Yell,Delarrin,Delarrin,Turner-Yell
2025,DEN,00-0037278,Luke Wattenberg,Luke,Luke,Wattenberg
2025,DEN,00-0037294,Jordan Jackson,Jordan,Jordan,Jackson
2025,DEN,00-0037296,Gregory Junior,Gregory,Gregory,Junior
2025,DEN,00-0037303,Matt Henningsen,Matt,Matt,Henningsen
2025,DEN,00-0037382,Brandon Johnson,Brandon,Brandon,Johnson
2025,DEN,00-0037384,Ja'Quan McMillian,Ja'Quan,Ja'Quan,McMillian
2025,DEN,00-0037509,Sincere McCormick,Sincere,Sincere,McCormick
2025,DEN,00-0037539,Lucas Krull,Lucas,Lucas,Krull
2025,DEN,00-0037799,Dondrea Tillman,Dondrea,Dondrea,Tillman
2025,DEN,00-0038106,Eyioma Uwazurike,Eyioma,Eyioma,Uwazurike
2025,DEN,00-0038521,Reese Taylor,Reese,Reese,Taylor
2025,DEN,00-0038552,Riley Moss,Riley,Riley,Moss
2025,DEN,00-0038605,JL Skinner,J.L.,J.L.,Skinner
2025,DEN,00-0038612,A.T. Perry,Atorian,A.T.,Perry
2025,DEN,00-0038622,Deuce Vaughn,Christopher,Deuce,Vaughn
2025,DEN,00-0038649,Alex Forsyth,Alex,Alex,Forsyth
2025,DEN,00-0038693,Garrett Nelson,Garrett,Garrett,Nelson
2025,DEN,00-0038696,Keidron Smith,Keidron,Keidron,Smith
2025,DEN,00-0038717,Tanner McCalister,Tanner,Tanner,McCalister
2025,DEN,00-0038783,Nate Adkins,Nate,Nate,Adkins
2025,DEN,00-0038794,Jaleel McLaughlin,Jaleel,Jaleel,McLaughlin
2025,DEN,00-0038796,Alex Palczewski,Alex,Alex,Palczewski
2025,DEN,00-0038810,Thayer Thomas,Thayer,Thayer,Thomas
2025,DEN,00-0038865,Andrew Farmer,Andrew,Andrew,Farmer
2025,DEN,00-0038976,Marvin Mims Jr.,Marvin,Marvin,Mims
2025,DEN,00-0039003,Drew Sanders,Drew,Drew,Sanders
2025,DEN,00-0039231,Patrick Murtagh,Patrick,Patrick,Murtagh
2025,DEN,00-0039371,Kris Abrams-Draine,Kris,Kris,Abrams-Draine
2025,DEN,00-0039403,Micah Abraham,Micah,Micah,Abraham
2025,DEN,00-0039438,Nick Gargiulo,Nick,Nick,Gargiulo
2025,DEN,00-0039565,Levelle Bailey,Levelle,Levelle,Bailey
2025,DEN,00-0039568,Frank Crum,Frank,Frank,Crum
2025,DEN,00-0039570,Jordan Miller,Jordan,Jordan,Miller
2025,DEN,00-0039573,Blake Watson,Blake,Blake,Watson
2025,DEN,00-0039655,Karsen Barnhart,Karsen,Karsen,Barnhart
2025,DEN,00-0039685,A.J. Woods,Anthony,A.J.,Woods
2025,DEN,00-0039703,Cody Schrader,Cody,Cody,Schrader
2025,DEN,00-0039732,Bo Nix,Bo,Bo,Nix
2025,DEN,00-0039767,Quinton Newsome,Quinton,Quinton,Newsome
2025,DEN,00-0039809,Jonah Elliss,Jonah,Jonah,Elliss
2025,DEN,00-0039868,Troy Franklin,Troy,Troy,Franklin
2025,DEN,00-0040134,Pat Bryant,Patrick,Pat,Bryant
2025,DEN,00-0040153,Sai'vion Jones,Sai'vion,Sai'vion,Jones
2025,DEN,00-0040168,Que Robinson,Quandarrius,Que,Robinson
2025,DEN,00-0040223,Jeremy Crawshaw,Jeremy,Jeremy,Crawshaw
2025,DEN,00-0040240,Caleb Lohner,Caleb,Caleb,Lohner
2025,DEN,00-0040392,Caden Prieskorn,Caden,Caden,Prieskorn
2025,DEN,00-0040442,Marques Cox,Marques,Marques,Cox
2025,DEN,00-0040443,Joaquin Davis,Joaquin,Joaquin,Davis
2025,DEN,00-0040446,Joseph Michalski,Joseph,Joe,Michalski
2025,DEN,00-0040447,Jerjuan Newton,Jerjuan,Jerjuan,Newton
2025,DEN,00-0040448,Joshua Pickett,Joshua,Joshua,Pickett
2025,DEN,00-0040449,Karene Reid,Karene,Karene,Reid
2025,DEN,00-0040450,Jaden Robinson,Jaden,Jaden,Robinson
2025,DEN,00-0040452,Johnny Walker Jr.,Johnny,Johnny,Walker
2025,DEN,00-0040454,Kristian Williams,Kristian,Kristian,Williams
2025,DEN,00-0040475,Nash Jones,Nash,Nash,Jones
2025,DEN,00-0040633,Kyrese Rowan,Kyrese,Kyrese,Rowan
2025,DEN,00-0040634,Jordan Turner,Jordan,Jordan,Turner
2025,DEN,00-0040720,Jahdae Barron,Jahdae,Jahdae,Barron
2025,DEN,00-0040730,RJ Harvey,Robert,R.J.,Harvey
2025,DET,00-0029963,Chris Hubbard,Christopher,Christopher,Hubbard
2025,DET,00-0032381,Taylor Decker,Taylor,Taylor,Decker
2025,DET,00-0032395,Graham Glasgow,Graham,Graham,Glasgow
2025,DET,00-0032416,Quinton Jefferson,Quinton,Quinton,Jefferson
2025,DET,00-0032424,DJ Reader,David,D.J.,Reader
2025,DET,00-0032464,Kalif Raymond,Kalif,Kalif,Raymond
2025,DET,00-0032803,Jalen Mills,Jalen,Jalen,Mills
2025,DET,00-0033084,Kendall Fuller,Kendall,Kendall,Fuller
2025,DET,00-0033106,Jared Goff,Jared,Jared,Goff
2025,DET,00-0033455,Anthony Firkser,Anthony,Anthony,Firkser
2025,DET,00-0033503,Arthur Maulet,Arthur,Arthur,Maulet
2025,DET,00-0033512,Damontae Kazee,Damontae,Damontae,Kazee
2025,DET,00-0033547,Zach Cunningham,Zachary,Zach,Cunningham
2025,DET,00-0033595,Pat O'Connor,Patrick,Pat,O'Connor
2025,DET,00-0033863,Dan Skipper,Daniel,Dan,Skipper
2025,DET,00-0033914,Alex Anzalone,Alex,Alex,Anzalone
2025,DET,00-0033936,C.J. Beathard,Casey,C.J.,Beathard
2025,DET,00-0033964,Al-Quadin Muhammad,Al-Quadin,Al-Quadin,Muhammad
2025,DET,00-0034073,Ross Dwelley,Ross,Ross,Dwelley
2025,DET,00-0034344,Marcus Davenport,Marcus,Marcus,Davenport
2025,DET,00-0034345,Frank Ragnow,Frank,Frank,Ragnow
2025,DET,00-0034377,Avonte Maddox,Avonte,Avonte,Maddox
2025,DET,00-0034384,D.J. Reed,Dennis,D.J.,Reed
2025,DET,00-0034490,Ezekiel Turner,Ezekiel,Ezekiel,Turner
2025,DET,00-0034577,Kyle Allen,Kyle,Kyle,Allen
2025,DET,00-0034729,Jamarco Jones,Jamarco,Jamarco,Jones
2025,DET,00-0034756,Tre Flowers,Trequille,Tre,Flowers
2025,DET,00-0034999,Ty Summers,Ty,Ty,Summers
2025,DET,00-0035156,Jack Fox,John,Jack,Fox
2025,DET,00-0035330,Anthony Pittman,Anthony,Anthony,Pittman
2025,DET,00-0035480,Malik Taylor,Malik,Malik,Taylor
2025,DET,00-0035544,Tom Kennedy,Thomas,Tom,Kennedy
2025,DET,00-0035567,Craig Reynolds,Craig,Craig,Reynolds
2025,DET,00-0035637,Rock Ya-Sin,Abdurrahman,Rock,Ya-Sin
2025,DET,00-0035685,David Montgomery,David,David,Montgomery
2025,DET,00-0035946,Myles Adams,Myles,Myles,Adams
2025,DET,00-0035956,Giovanni Ricci,Giovanni,Giovanni,Ricci
2025,DET,00-0035992,Trystan Colon,Trystan,Trystan,Colon
2025,DET,00-0036015,Zack Johnson,Zachary,Zack,Johnson
2025,DET,00-0036101,Luq Barcoo,Luqman,Luq,Barcoo
2025,DET,00-0036124,Khalil Dorsey,Khalil,Khalil,Dorsey
2025,DET,00-0036163,Justin Herron,Justin,Justin,Herron
2025,DET,00-0036306,Daniel Thomas,Daniel,Daniel,Thomas
2025,DET,00-0036375,Amik Robertson,Amik,Amik,Robertson
2025,DET,00-0036399,Netane Muti,Netane,Netane,Muti
2025,DET,00-0036493,Deon Jackson,Deon,Deon,Jackson
2025,DET,00-0036510,Kenny Yeboah,Kenny,Kenny,Yeboah
2025,DET,00-0036534,Shane Zylstra,Shane,Shane,Zylstra
2025,DET,00-0036568,Roy Lopez,Roy,Roy,Lopez
2025,DET,00-0036624,Alim McNeill,Alim,Alim,McNeill
2025,DET,00-0036672,Grant Stuard,Grant,Grant,Stuard
2025,DET,00-0036736,Kayode Awosika,Kayode,Kayode,Awosika
2025,DET,00-0036754,Brock Wright,Brock,Brock,Wright
2025,DET,00-0036880,Penei Sewell,Penei,Penei,Sewell
2025,DET,00-0036954,Levi Onwuzurike,Levi,Levi,Onwuzurike
2025,DET,00-0036963,Amon-Ra St. Brown,Amon-Ra,Amon-Ra,St. Brown
2025,DET,00-0036964,Derrick Barnes,Derrick,Derrick,Barnes
2025,DET,00-0037000,Monty Rice,Monty,Monty,Rice
2025,DET,00-0037236,Aidan Hutchinson,Aidan,Aidan,Hutchinson
2025,DET,00-0037240,Jameson Williams,Jameson,Jameson,Williams
2025,DET,00-0037289,Malcolm Rodriguez,Malcolm,Malcolm,Rodriguez
2025,DET,00-0037385,Michael Niese,Michael,Michael,Niese
2025,DET,00-0037414,Devin Cochran,Devin,Devin,Cochran
2025,DET,00-0037415,Allan George,Darian,Allan,George
2025,DET,00-0037667,Kerby Joseph,Kerby,Kerby,Joseph
2025,DET,00-0038096,Joshua Paschal,Joshua,Josh,Paschal
2025,DET,00-0038587,Jammie Robinson,Jammie,Jammie,Robinson
2025,DET,00-0038592,Colby Sorsdal,Colby,Colby,Sorsdal
2025,DET,00-0038620,Erick Hallett,Erick,Erick,Hallett
2025,DET,00-0038647,Ronnie Bell,Ronnie,Ronnie,Bell
2025,DET,00-0038660,Trevor Nowaske,Trevor,Trevor,Nowaske
2025,DET,00-0038661,Chris Smith,Chris,Chris,Smith
2025,DET,00-0038682,Mitchell Agude,Mitchell,Mitchell,Agude
2025,DET,00-0038742,Tyrus Wheat,Tyrus,Tyrus,Wheat
2025,DET,00-0038801,Andre Carter II,Andre,Andre,Carter
2025,DET,00-0038841,Nick Whiteside,Nick,Nick,Whiteside
2025,DET,00-0038896,Jacob Saylors,Jacob,Jacob,Saylors
2025,DET,00-0038911,Malik Cunningham,Malik,Malik,Cunningham
2025,DET,00-0038940,Tyler Lacy,Tyler,Tyler,Lacy
2025,DET,00-0039018,Jack Campbell,Jack,Jack,Campbell
2025,DET,00-0039065,Sam LaPorta,Sam,Sam,LaPorta
2025,DET,00-0039139,Jahmyr Gibbs,Jahmyr,Jahmyr,Gibbs
2025,DET,00-0039141,Brian Branch,Brian,Brian,Branch
2025,DET,00-0039159,Gunnar Oakes,Gunnar,Gunnar,Oakes
2025,DET,00-0039172,Jake Bates,Jacob,Jake,Bates
2025,DET,00-0039322,D.J. Miller,D.J.,D.J.,Miller
2025,DET,00-0039362,Giovanni Manu,Giovanni,Giovanni,Manu
2025,DET,00-0039364,Sione Vaki,Sione,Sione,Vaki
2025,DET,00-0039396,Mekhi Wingo,Mekhi,Mekhi,Wingo
2025,DET,00-0039408,Christian Mahogany,Christian,Christian,Mahogany
2025,DET,00-0039442,Kingsley Eguakun,Kingsley,Kingsley,Eguakun
2025,DET,00-0039444,DaRon Gilbert,Daron,DaRon,Gilbert
2025,DET,00-0039445,Hogan Hatten,Hogan,Hogan,Hatten
2025,DET,00-0039447,Nate Lynn,Nate,Nate,Lynn
2025,DET,00-0039448,Loren Strickland,Loren,Loren,Strickland
2025,DET,00-0039450,Isaac Ukwu,Isaac,Isaac,Ukwu
2025,DET,00-0039453,Morice Norris Jr.,Morice,Morice,Norris
2025,DET,00-0039468,Gunner Britton,Gunner,Gunner,Britton
2025,DET,00-0039489,Hayden Rucci,Hayden,Hayden,Rucci
2025,DET,00-0039652,Jabari Small,Jabari,Jabari,Small
2025,DET,00-0039654,Steven Stilianos,Steven,Steven,Stilianos
2025,DET,00-0039660,Thomas Harper,Thomas,Thomas,Harper
2025,DET,00-0039862,Ennis Rakestraw Jr.,Ennis,Ennis,Rakestraw
2025,DET,00-0039903,Terrion Arnold,Terrion,Terrion,Arnold
2025,DET,00-0040193,Miles Frazier,Miles,Miles,Frazier
2025,DET,00-0040233,Dan Jackson,Daniel,Dan,Jackson
2025,DET,00-0040241,Dominic Lovett,Dominic,Dominic,Lovett
2025,DET,00-0040298,Andrew Armstrong,Andrew,Andrew,Armstrong
2025,DET,00-0040387,Zach Horton,Zach,Zach,Horton
2025,DET,00-0040388,Jakobie Keeney-James,Jakobie,Jakobie,Keeney-James
2025,DET,00-0040389,Ian Kennelly,Ian,Ian,Kennelly
2025,DET,00-0040390,Jackson Meeks,Jackson,Jackson,Meeks
2025,DET,00-0040391,Mason Miller,Mason,Mason,Miller
2025,DET,00-0040393,Kye Robichaux,Kye,Kye,Robichaux
2025,DET,00-0040499,Keenan Garber,Keenan,Keenan,Garber
2025,DET,00-0040564,Jack Conley,John,Jack,Conley
2025,DET,00-0040655,Keith Cooper,Keith,Keith,Cooper
2025,DET,00-0040669,Isaac TeSlaa,Isaac,Isaac,TeSlaa
2025,DET,00-0040672,Tyleik Williams,Tyleik,Tyleik,Williams
2025,DET,00-0040728,Tate Ratledge,Tate,Tate,Ratledge
2025,DET,00-0040732,Tyson Russell,Tyson,Tyson,Russell
2025,DET,00-0040761,Ahmed Hassanein,Ahmed,Ahmed,Hassanein
2025,GB,00-0029822,Brandon McManus,Brandon,Brandon,McManus
2025,GB,00-0034967,Rashan Gary,Rashan,Rashan,Gary
2025,GB,00-0035118,Matthew Orzech,Matt,Matt,Orzech
2025,GB,00-0035133,Keisean Nixon,Keisean,Keisean,Nixon
2025,GB,00-0035140,Mecole Hardman,Mecole,Mecole,Hardman
2025,GB,00-0035526,Elgton Jenkins,Elgton,Elgton,Jenkins
2025,GB,00-0035700,Josh Jacobs,Joshua,Josh,Jacobs
2025,GB,00-0036157,Kristian Welch,Kristian,Kristian,Welch
2025,GB,00-0036264,Jordan Love,Jordan,Jordan,Love
2025,GB,00-0036356,Isaiah Simmons,Isaiah,Isaiah,Simmons
2025,GB,00-0036361,Trevon Diggs,Trevon,Trevon,Diggs
2025,GB,00-0036388,Xavier McKinney,Xavier,Xavier,McKinney
2025,GB,00-0036551,Aaron Banks,Aaron,Aaron,Banks
2025,GB,00-0036648,Nick Niemann,Nick,Nick,Niemann
2025,GB,00-0036649,Quinton Bohanna,Quinton,Quinton,Bohanna
2025,GB,00-0036658,Isaiah McDuffie,Stevenson,Isaiah,McDuffie
2025,GB,00-0036677,Zayne Anderson,Zayne,Zayne,Anderson
2025,GB,00-0036856,Trey Hill,Trey,Trey,Hill
2025,GB,00-0036871,Nate Hobbs,Nate,Nate,Hobbs
2025,GB,00-0036932,Micah Parsons,Micah,Micah,Parsons
2025,GB,00-0036939,Kawaan Baker,Kawaan,Kawaan,Baker
2025,GB,00-0037074,Quay Walker,Quay,Quay,Walker
2025,GB,00-0037075,Devonte Wyatt,Devonte,Devonte,Wyatt
2025,GB,00-0037076,Sean Rhyan,Sean,Sean,Rhyan
2025,GB,00-0037083,Kingsley Enagbare,Kingsley,Kingsley,Enagbare
2025,GB,00-0037091,Bo Melton,Bo,Bo,Melton
2025,GB,00-0037094,Jonathan Ford,Jonathan,Jonathan,Ford
2025,GB,00-0037194,Darian Kinnard,Darian,Darian,Kinnard
2025,GB,00-0037196,Rasheed Walker,Rasheed,Rasheed,Walker
2025,GB,00-0037300,Mike Woods,Michael,Mike,Woods
2025,GB,00-0037306,John FitzPatrick,John,John,FitzPatrick
2025,GB,00-0037308,Lecitus Smith,Lecitus,Lecitus,Smith
2025,GB,00-0037364,Arron Mosby,Arron,Arron,Mosby
2025,GB,00-0037547,Daniel Whelan,Daniel,Daniel,Whelan
2025,GB,00-0037816,Romeo Doubs,Romeo,Romeo,Doubs
2025,GB,00-0037817,Zach Tom,Zach,Zach,Tom
2025,GB,00-0037827,Tyrion Davis-Price,Tyrion,Tyrion,Davis-Price
2025,GB,00-0038098,Pierre Strong,Pierre,Pierre,Strong
2025,GB,00-0038122,Desmond Ridder,Desmond,Desmond,Ridder
2025,GB,00-0038124,Christian Watson,Christian,Christian,Watson
2025,GB,00-0038128,Malik Willis,Malik,Malik,Willis
2025,GB,00-0038152,Lucas Havrisik,Lucas,Lucas,Havrisik
2025,GB,00-0038387,Colby Wooden,Colby,Colby,Wooden
2025,GB,00-0038389,Israel Abanikanda,Israel,Israel,Abanikanda
2025,GB,00-0038391,Sean Clifford,Sean,Sean,Clifford
2025,GB,00-0038393,Dontayvion Wicks,Dontayvion,Dontayvion,Wicks
2025,GB,00-0038398,Karl Brooks,Karl,Karl,Brooks
2025,GB,00-0038408,Carrington Valentine,Carrington,Carrington,Valentine
2025,GB,00-0038463,Brenton Cox Jr.,Brenton,Brenton,Cox
2025,GB,00-0038465,Malik Heath,Malik,Malik,Heath
2025,GB,00-0038471,Kadeem Telfort,Kadeem,Kadeem,Telfort
2025,GB,00-0038491,Deslin Alexandre,Deslin,Deslin,Alexandre
2025,GB,00-0038506,Jordon Riley,Jordon,Jordon,Riley
2025,GB,00-0038582,Clayton Tune,Clayton,Clayton,Tune
2025,GB,00-0038589,Josh Whyle,Josh,Josh,Whyle
2025,GB,00-0038685,Chris Brooks,Christopher,Christopher,Brooks
2025,GB,00-0038797,Emanuel Wilson,Emanuel,Emanuel,Wilson
2025,GB,00-0038809,Ben Sims,Ben,Ben,Sims
2025,GB,00-0038913,Johnny Lumpkin,Johnny,Johnny,Lumpkin
2025,GB,00-0038996,Tucker Kraft,Tucker,Tucker,Kraft
2025,GB,00-0039112,Lukas Van Ness,Lukas,Lukas,Van Ness
2025,GB,00-0039144,Luke Musgrave,Luke,Luke,Musgrave
2025,GB,00-0039146,Jayden Reed,Jayden,Jayden,Reed
2025,GB,00-0039263,McCallan Castles,McCallan,McCallan,Castles
2025,GB,00-0039269,James Ester,James,James,Ester
2025,GB,00-0039272,Donovan Jennings,Donovan,Donovan,Jennings
2025,GB,00-0039275,Messiah Swinson,Messiah,Messiah,Swinson
2025,GB,00-0039292,Shemar Bartholomew,Shemar,Shemar,Bartholomew
2025,GB,00-0039329,Julian Hicks,Julian,Julian,Hicks
2025,GB,00-0039383,Jaylin Simpson,Jaylin,Jaylin,Simpson
2025,GB,00-0039437,Cornelius Johnson,Cornelius,Cornelius,Johnson
2025,GB,00-0039463,Keith Randolph Jr.,Keith,Keith,Randolph
2025,GB,00-0039488,Mark Perry,Mark,Mark,Perry
2025,GB,00-0039566,Omar Brown,Omar,Omar,Brown
2025,GB,00-0039655,Karsen Barnhart,Karsen,Karsen,Barnhart
2025,GB,00-0039811,MarShawn Lloyd,MarShawn,MarShawn,Lloyd
2025,GB,00-0039812,Ty'Ron Hopper,Ty'Ron,Ty'Ron,Hopper
2025,GB,00-0039813,Evan Williams,Evan,Evan,Williams
2025,GB,00-0039817,Jacob Monk,Jacob,Jacob,Monk
2025,GB,00-0039818,Kitan Oladapo,Kitan,Kitan,Oladapo
2025,GB,00-0039819,Travis Glover,Travis,Travis,Glover
2025,GB,00-0039831,Kamal Hadden,Kamal,Kamal,Hadden
2025,GB,00-0039850,Edgerrin Cooper,Edgerrin,Edgerrin,Cooper
2025,GB,00-0039867,Javon Bullard,Javon,Javon,Bullard
2025,GB,00-0039904,Jordan Morgan,Jordan,Jordan,Morgan
2025,GB,00-0040009,Savion Williams,Savion,Savion,Williams
2025,GB,00-0040010,Barryn Sorrell,Barryn,Barryn,Sorrell
2025,GB,00-0040012,Collin Oliver,Collin,Collin,Oliver
2025,GB,00-0040016,Warren Brinson,Warren,Warren,Brinson
2025,GB,00-0040020,Micah Robinson,Micah,Micah,Robinson
2025,GB,00-0040023,John Williams,John,John,Williams
2025,GB,00-0040033,Johnathan Baldwin,Johnathan,Johnathan,Baldwin
2025,GB,00-0040034,Brant Banks,Brant,Brant,Banks
2025,GB,00-0040036,Tyler Cooper,Tyler,Tyler,Cooper
2025,GB,00-0040037,Jamon Johnson,Jamon,Jamon,Johnson
2025,GB,00-0040038,Tyron Herring,Tyron,Tyron,Herring
2025,GB,00-0040040,J.J. Lippe,Jayson,J.J.,Lippe
2025,GB,00-0040041,Nazir Stackhouse,Nazir,Nazir,Stackhouse
2025,GB,00-0040083,Dalton Cooper,Dalton,Dalton,Cooper
2025,GB,00-0040388,Jakobie Keeney-James,Jakobie,Jakobie,Keeney-James
2025,GB,00-0040520,Devonte O'Malley,Devonte,Devonte,O'Malley
2025,GB,00-0040558,Isaiah Neyor,Isaiah,Isaiah,Neyor
2025,GB,00-0040591,Taylor Elgersma,Taylor,Taylor,Elgersma
2025,GB,00-0040616,Kisean Johnson,Kisean,Kisean,Johnson
2025,GB,00-0040628,Drake Dabney,Drake,Drake,Dabney
2025,GB,00-0040651,Damien Martinez,Damien,Damien,Martinez
2025,GB,00-0040667,Matthew Golden,Matthew,Matthew,Golden
2025,GB,00-0040689,Anthony Campbell,Anthony,Anthony,Campbell
2025,GB,00-0040726,Anthony Belton,Anthony,Anthony,Belton
2025,GB,00-0040753,Will Sheppard,Will,Will,Sheppard
2025,GB,00-0040766,Mark McNamee,Mark,Mark,McNamee
2025,HOU,00-0031254,Denico Autry,Denico,Denico,Autry
2025,HOU,00-0031298,Jimmie Ward,Jimmie,Jimmie,Ward
2025,HOU,00-0031565,Danielle Hunter,Danielle,Danielle,Hunter
2025,HOU,00-0032071,Trent Brown,Trenton,Trenton,Brown
2025,HOU,00-0032195,Ronald Darby,Ronald,Ronald,Darby
2025,HOU,00-0032234,Laken Tomlinson,Laken,Laken,Tomlinson
2025,HOU,00-0032265,Mario Edwards,Mario,Mario,Edwards
2025,HOU,00-0032726,Ka'imi Fairbairn,John,Ka'imi,Fairbairn
2025,HOU,00-0032759,Sheldon Rankins,Sheldon,Sheldon,Rankins
2025,HOU,00-0032803,Jalen Mills,Jalen,Jalen,Mills
2025,HOU,00-0033300,Conor McDermott,Conor,Conor,McDermott
2025,HOU,00-0033503,Arthur Maulet,Arthur,Arthur,Maulet
2025,HOU,00-0033854,Dare Ogunbowale,Oluwadare,Dare,Ogunbowale
2025,HOU,00-0033876,Derek Barnett,Derek,Derek,Barnett
2025,HOU,00-0033889,Cam Robinson,Cameron,Cam,Robinson
2025,HOU,00-0033897,Joe Mixon,Joe,Joe,Mixon
2025,HOU,00-0034275,Foley Fatukasi,Folorunso,Folorunso,Fatukasi
2025,HOU,00-0034278,Tremon Smith,Tremon,Tremon,Smith
2025,HOU,00-0034355,M.J. Stewart,Marvin,M.J.,Stewart
2025,HOU,00-0034383,Dalton Schultz,Dalton,Dalton,Schultz
2025,HOU,00-0034386,Justin Watson,Justin,Justin,Watson
2025,HOU,00-0034397,Tim Settle,Timothy,Tim,Settle
2025,HOU,00-0034419,Braxton Berrios,Braxton,Braxton,Berrios
2025,HOU,00-0034775,Christian Kirk,Christian,Christian,Kirk
2025,HOU,00-0034791,Nick Chubb,Nicholas,Nick,Chubb
2025,HOU,00-0034966,D'Angelo Ross,D'Angelo,D'Angelo,Ross
2025,HOU,00-0034970,Irv Smith,Irvin,Irv,Smith
2025,HOU,00-0034987,E.J. Speed,E.J.,E.J.,Speed
2025,HOU,00-0035166,Azeez Al-Shaair,Azeez,Azeez,Al-Shaair
2025,HOU,00-0035189,Matthew Wright,Matthew,Matthew,Wright
2025,HOU,00-0035234,Tytus Howard,Tytus,Tytus,Howard
2025,HOU,00-0035253,C.J. Gardner-Johnson,Chauncey,Chauncey,Gardner-Johnson
2025,HOU,00-0035593,Juwann Winfree,Juwann,Juwann,Winfree
2025,HOU,00-0035726,Jakob Johnson,Jakob,Jakob,Johnson
2025,HOU,00-0035889,Tommy Townsend,Tommy,Tommy,Townsend
2025,HOU,00-0036087,Myles Bryant,Myles,Myles,Bryant
2025,HOU,00-0036217,Blake Ferguson,Blake,Blake,Ferguson
2025,HOU,00-0036225,Dalton Keene,Dalton,Dalton,Keene
2025,HOU,00-0036232,Harrison Bryant,Harrison,Harrison,Bryant
2025,HOU,00-0036277,Quintez Cephus,Quintez,Quintez,Cephus
2025,HOU,00-0036291,Marlon Davidson,Marlon,Marlon,Davidson
2025,HOU,00-0036359,Damon Arnette,Damon,Damon,Arnette
2025,HOU,00-0036371,Leki Fotu,George,Leki,Fotu
2025,HOU,00-0036395,K'Von Wallace,K'Von,K'Von,Wallace
2025,HOU,00-0036403,Casey Toohill,Casey,Casey,Toohill
2025,HOU,00-0036413,Darrell Taylor,Darrell,Darrell,Taylor
2025,HOU,00-0036554,Nico Collins,Nico,Nico,Collins
2025,HOU,00-0036556,Brevin Jordan,Brevin,Brevin,Jordan
2025,HOU,00-0036647,Cornell Powell,Cornell,Cornell,Powell
2025,HOU,00-0036695,Naquan Jones,Naquan,Naquan,Jones
2025,HOU,00-0036883,Tommy Togiai,Tommy,Tommy,Togiai
2025,HOU,00-0036898,Davis Mills,Davis,Davis,Mills
2025,HOU,00-0037041,Haggai Ndubuisi,Haggai Chisom,Haggai Chisom,Ndubuisi
2025,HOU,00-0037237,Derek Stingley Jr.,Derek,Derek,Stingley
2025,HOU,00-0037246,Jalen Pitre,Jalen,Jalen,Pitre
2025,HOU,00-0037258,Dameon Pierce,Dameon,Dameon,Pierce
2025,HOU,00-0037281,Damone Clark,Damone,Damone,Clark
2025,HOU,00-0037457,Jake Hansen,Jake,Jake,Hansen
2025,HOU,00-0037459,Kurt Hinish,Kurt,Kurt,Hinish
2025,HOU,00-0037618,Zach Thomas,Zachary,Zachary,Thomas
2025,HOU,00-0037661,Ja'Marcus Ingram,Ja'Marcus,Ja'Marcus,Ingram
2025,HOU,00-0037823,Christian Harris,Christian,Christian,Harris
2025,HOU,00-0038131,Ed Ingram,Edward,Ed,Ingram
2025,HOU,00-0038569,Sidy Sow,Sidy,Sidy,Sow
2025,HOU,00-0038599,Henry To'oTo'o,Henry,Henry,To'oTo'o
2025,HOU,00-0038615,Jarrett Patterson,Jarrett,Jarrett,Patterson
2025,HOU,00-0038618,Xavier Hutchinson,Xavier,Xavier,Hutchinson
2025,HOU,00-0038624,Ameer Speed,Ameer,Ameer,Speed
2025,HOU,00-0038644,Brandon Hill,Brandon,Brandon,Hill
2025,HOU,00-0038728,Jared Wayne,Jared,Jared,Wayne
2025,HOU,00-0038823,Kaevon Merriweather,Kaevon,Kaevon,Merriweather
2025,HOU,00-0038936,Juice Scruggs,Fredrick,Juice,Scruggs
2025,HOU,00-0038977,Tank Dell,Nathaniel,Tank,Dell
2025,HOU,00-0039005,Jaylon Thomas,Jaylon,Jaylon,Thomas
2025,HOU,00-0039009,Dylan Horton,Dylan,Dylan,Horton
2025,HOU,00-0039030,Jake Andrews,Jake,Jake,Andrews
2025,HOU,00-0039108,Will Anderson Jr.,William,Will,Anderson
2025,HOU,00-0039163,C.J. Stroud,Coleridge,C.J.,Stroud
2025,HOU,00-0039343,Kamari Lassiter,Kamari,Kamari,Lassiter
2025,HOU,00-0039359,Cade Stover,Cade,Cade,Stover
2025,HOU,00-0039367,Xavier Thomas,Xavier,Xavier,Thomas
2025,HOU,00-0039395,Jamal Hill,Jamal,Jamal,Hill
2025,HOU,00-0039405,Jawhar Jordan,Jawhar,Jawhar,Jordan
2025,HOU,00-0039427,Solomon Byrd,Solomon,Solomon,Byrd
2025,HOU,00-0039433,Marcus Harris,Marcus,Marcus,Harris
2025,HOU,00-0039434,LaDarius Henderson,LaDarius,LaDarius,Henderson
2025,HOU,00-0039458,Brenden Bates,Brenden,Brenden,Bates
2025,HOU,00-0039473,Xavier Johnson,Xavier,Xavier,Johnson
2025,HOU,00-0039603,British Brooks,British,British,Brooks
2025,HOU,00-0039703,Cody Schrader,Cody,Cody,Schrader
2025,HOU,00-0039832,Jarrett Kingston,Jarrett,Jarrett,Kingston
2025,HOU,00-0039838,Calen Bullock,Calen,Calen,Bullock
2025,HOU,00-0039857,Blake Fisher,Blake,Blake,Fisher
2025,HOU,00-0040044,Zion Childress,Zion,Zion,Childress
2025,HOU,00-0040049,Josh Kelly,Joshua,Josh,Kelly
2025,HOU,00-0040066,Jackson Woodard,Jackson,Jackson,Woodard
2025,HOU,00-0040101,Reid Holskey,Reid,Reid,Holskey
2025,HOU,00-0040130,Jayden Higgins,Jayden,Jayden,Higgins
2025,HOU,00-0040138,Jaylin Noel,Jaylin,Jaylin,Noel
2025,HOU,00-0040149,Jaylin Smith,Jaylin,Jaylin,Smith
2025,HOU,00-0040204,Jaylen Reed,Jaylen,Jaylen,Reed
2025,HOU,00-0040211,Graham Mertz,Graham,Graham,Mertz
2025,HOU,00-0040229,Kyonte Hamilton,Kyonte,Kyonte,Hamilton
2025,HOU,00-0040250,Luke Lachey,Luke,Luke,Lachey
2025,HOU,00-0040270,Power Echols,Power,Power,Echols
2025,HOU,00-0040409,Austin Brinkman,Austin,Austin,Brinkman
2025,HOU,00-0040410,Eli Cox,Eli,Eli,Cox
2025,HOU,00-0040411,Alijah Huzzie,Alijah,Alijah,Huzzie
2025,HOU,00-0040412,Daniel Jackson,Daniel,Daniel,Jackson
2025,HOU,00-0040413,K.C. Ossai,Favour,K.C.,Ossai
2025,HOU,00-0040414,Junior Tafuna,Timote,Junior,Tafuna
2025,HOU,00-0040493,Silas Bolden,Silas,Silas,Bolden
2025,HOU,00-0040583,Woody Marks,Jo'Quavious,Woody,Marks
2025,HOU,00-0040745,Aireontae Ersery,Aireontae,Aireontae,Ersery
2025,HOU,00-0040770,Ajani Carter,Ajani,Ajani,Carter
2025,IND,00-0022942,Philip Rivers,Philip,Philip,Rivers
2025,IND,00-0032104,Ameer Abdullah,Ameer,Ameer,Abdullah
2025,IND,00-0032378,DeForest Buckner,DeForest,DeForest,Buckner
2025,IND,00-0032521,Mike Hilton,Michael,Mike,Hilton
2025,IND,00-0032753,Luke Rhodes,Luke,Luke,Rhodes
2025,IND,00-0032951,Laquon Treadwell,Laquon,Laquon,Treadwell
2025,IND,00-0033050,Xavien Howard,Xavien,Xavien,Howard
2025,IND,00-0033217,Mo Alie-Cox,Mo,Mo,Alie-Cox
2025,IND,00-0033269,Rigoberto Sanchez,Rigoberto,Rigoberto,Sanchez
2025,IND,00-0033347,Josh Tupou,Josh,Josh,Tupou
2025,IND,00-0033393,Kenny Moore II,Kenny,Kenny,Moore
2025,IND,00-0033570,Anthony Walker,Anthony,Anthony,Walker
2025,IND,00-0033902,Tanoh Kpassagnon,Tanoh,Tanoh,Kpassagnon
2025,IND,00-0033913,Chris Wormley,Christopher,Chris,Wormley
2025,IND,00-0033945,Samson Ebukam,Nnamaka Ebukam,Samson,Ebukam
2025,IND,00-0033952,Grover Stewart,Grover,Grover,Stewart
2025,IND,00-0034084,Mike Badgley,Michael,Michael,Badgley
2025,IND,00-0034091,George Odum,George,George,Odum
2025,IND,00-0034145,Chris Lammons,Christopher,Chris,Lammons
2025,IND,00-0034342,Quenton Nelson,Quenton,Quenton,Nelson
2025,IND,00-0034359,Tyquan Lewis,Tyquan,Tyquan,Lewis
2025,IND,00-0034431,Zaire Franklin,Zaire,Zaire,Franklin
2025,IND,00-0034573,Charvarius Ward,Charvarius,Charvarius,Ward
2025,IND,00-0034836,Braden Smith,Braden,Braden,Smith
2025,IND,00-0034955,Brett Rypien,Brett,Brett,Rypien
2025,IND,00-0035021,Ashton Dulin,Ashton,Ashton,Dulin
2025,IND,00-0035045,D.J. Montgomery,Dewery,D.J.,Montgomery
2025,IND,00-0035665,David Long,David,David,Long
2025,IND,00-0035696,Duke Shelley,YaQuis,Duke,Shelley
2025,IND,00-0035697,Germaine Pratt,Germaine,Germaine,Pratt
2025,IND,00-0035710,Daniel Jones,Daniel,Daniel,Jones
2025,IND,00-0035895,Joe Bachie,Joe,Joe,Bachie
2025,IND,00-0036020,Salvon Ahmed,Salvon,Salvon,Ahmed
2025,IND,00-0036032,Sean McKeon,Sean,Sean,McKeon
2025,IND,00-0036093,Bill Murray,Bill,Bill,Murray
2025,IND,00-0036215,Danny Pinter,Daniel,Danny,Pinter
2025,IND,00-0036223,Jonathan Taylor,Jonathan,Jonathan,Taylor
2025,IND,00-0036252,Michael Pittman,Michael,Michael,Pittman
2025,IND,00-0036276,Jacob Phillips,Jacob,Jacob,Phillips
2025,IND,00-0036299,Troy Pride,Troy,Troy,Pride
2025,IND,00-0036366,Neville Gallimore,Neville,Neville,Gallimore
2025,IND,00-0036479,Kwity Paye,Kwity,Kwity,Paye
2025,IND,00-0036629,Camryn Bynum,Camryn,Camryn,Bynum
2025,IND,00-0036638,Darrick Forrest,Darrick,Darrick,Forrest
2025,IND,00-0036644,Cameron McGrone,Cameron,Cameron,McGrone
2025,IND,00-0036859,Jimmy Morrissey,Jimmy,Jimmy,Morrissey
2025,IND,00-0036870,Buddy Johnson,Buddy,Buddy,Johnson
2025,IND,00-0036906,Khalil Herbert,Khalil,Khalil,Herbert
2025,IND,00-0037120,Tyler Goodson,Tyler,Tyler,Goodson
2025,IND,00-0037138,Josh Sills,Josh,Josh,Sills
2025,IND,00-0037190,Sauce Gardner,Ahmad,Ahmad,Gardner
2025,IND,00-0037269,Eric Johnson,Eric,Eric,Johnson
2025,IND,00-0037292,Andrew Ogletree,Andrew,Andrew,Ogletree
2025,IND,00-0037305,Luke Tenuta,Luke,Luke,Tenuta
2025,IND,00-0037323,Rodney Thomas,Rodney,Rodney,Thomas
2025,IND,00-0037396,Wesley French,Wesley,Wesley,French
2025,IND,00-0037527,Segun Olubi,Segun,Segun,Olubi
2025,IND,00-0037616,Nick Cross,Nicolas,Nick,Cross
2025,IND,00-0037618,Zach Thomas,Zachary,Zachary,Thomas
2025,IND,00-0037664,Alec Pierce,Alec,Alec,Pierce
2025,IND,00-0037757,Bernhard Raimann,Bernhard,Bernhard,Raimann
2025,IND,00-0037811,Chad Muma,Chad,Chad,Muma
2025,IND,00-0038392,Daniel Scott,Daniel,Daniel,Scott
2025,IND,00-0038394,Will Mallory,Will,Will,Mallory
2025,IND,00-0038407,Jaylon Jones,Jaylon,Jaylon,Jones
2025,IND,00-0038565,Mekhi Blackmon,Mekhi,Mekhi,Blackmon
2025,IND,00-0038575,Viliami Fehoko Jr.,Viliami,Viliami,Fehoko
2025,IND,00-0038585,Cameron Mitchell,Cameron,Cameron,Mitchell
2025,IND,00-0038790,Marcus Haynes,Marcus,Marcus,Haynes
2025,IND,00-0038905,Blake Grupe,Blake,Blake,Grupe
2025,IND,00-0038941,Tyler Scott,Tyler,Tyler,Scott
2025,IND,00-0038997,Josh Downs,Joshua,Josh,Downs
2025,IND,00-0039031,Adetomiwa Adebawore,Adetomiwa,Adetomiwa,Adebawore
2025,IND,00-0039158,Blake Freeland,Blake,Blake,Freeland
2025,IND,00-0039164,Anthony Richardson,Anthony,Anthony,Richardson
2025,IND,00-0039178,Austin Ajiake,Austin,Austin,Ajiake
2025,IND,00-0039207,Durell Nchami,Durell,Durell,Nchami
2025,IND,00-0039340,Laiatu Latu,Laiatu,Laiatu,Latu
2025,IND,00-0039377,Jaylon Carlies,Jaylon,Jaylon,Carlies
2025,IND,00-0039434,LaDarius Henderson,LaDarius,LaDarius,Henderson
2025,IND,00-0039506,Alex Johnson,Alex,Alex,Johnson
2025,IND,00-0039507,Marcellus Johnson,Marcellus,Marcellus,Johnson
2025,IND,00-0039575,Jason Bean,Jason,Jason,Bean
2025,IND,00-0039576,Spencer Shrader,Spencer,Spencer,Shrader
2025,IND,00-0039578,Dalton Tucker,Dalton,Dalton,Tucker
2025,IND,00-0039679,Ben Nikkel,Ben,Ben,Nikkel
2025,IND,00-0039736,Matt Goncalves,Matt,Matt,Goncalves
2025,IND,00-0039744,Tanor Bortolini,Tanor,Tanor,Bortolini
2025,IND,00-0039816,Anthony Gould,Anthony,Anthony,Gould
2025,IND,00-0039890,Adonai Mitchell,Adonai,Adonai,Mitchell
2025,IND,00-0039933,Bayron Matos,Bayron,Bayron,Matos
2025,IND,00-0039957,Ajou Ajou,Ajou,Ajou,Ajou
2025,IND,00-0039958,Jack Wilson,Jack,Jack,Wilson
2025,IND,00-0040029,BJ Mayes,Brian,B.J.,Mayes
2025,IND,00-0040054,Seth Coleman,Seth,Seth,Coleman
2025,IND,00-0040106,Reuben Lowery,Reuben,Reuben,Lowery
2025,IND,00-0040128,Tyler Warren,Tyler,Tyler,Warren
2025,IND,00-0040139,Justin Walley,Justin,Justin,Walley
2025,IND,00-0040163,Jalen Travis,Jalen,Jalen,Travis
2025,IND,00-0040179,DJ Giddens,David,D.J.,Giddens
2025,IND,00-0040206,Riley Leonard,Riley,Riley,Leonard
2025,IND,00-0040207,Tim Smith,Tim,Tim,Smith
2025,IND,00-0040235,Hunter Wohler,Hunter,Hunter,Wohler
2025,IND,00-0040253,Maximilian Mang,Maximilian,Maximilian,Mang
2025,IND,00-0040306,Nate Noel,Nathaniel,Nate,Noel
2025,IND,00-0040330,Seth Henigan,Seth,Seth,Henigan
2025,IND,00-0040337,Eli Pancol,Eli,Eli,Pancol
2025,IND,00-0040345,Devonta Davis,Devonta,Devonta,Davis
2025,IND,00-0040346,Solomon DeShields,Solomon,Solomon,DeShields
2025,IND,00-0040347,Johnathan Edwards,Johnathan,Johnathan,Edwards
2025,IND,00-0040349,Marshall Foerner,Marshall,Marshall,Foerner
2025,IND,00-0040350,Tyler Kahmann,Tyler,Tyler,Kahmann
2025,IND,00-0040351,Desmond Little,Desmond,Desmond,Little
2025,IND,00-0040352,Coleman Owen,Coleman,Coleman,Owen
2025,IND,00-0040353,Landon Parker,Landon,Landon,Parker
2025,IND,00-0040354,Blayne Taylor,Blayne,Blayne,Taylor
2025,IND,00-0040355,Ladarius Tennison,Ladarius,Ladarius,Tennison
2025,IND,00-0040356,Maddux Trujillo,Maddux,Maddux,Trujillo
2025,IND,00-0040357,Trey Washington,Samuel,Trey,Washington
2025,IND,00-0040476,Ulysses Bentley IV,Ulysses,Ulysses,Bentley
2025,IND,00-0040499,Keenan Garber,Keenan,Keenan,Garber
2025,IND,00-0040632,Mose Vavao,Mose,Mose,Vavao
2025,IND,00-0040674,Keydrain Calligan,Keydrain,Keydrain,Calligan
2025,IND,00-0040744,JT Tuimoloau,Jaylahn,J.T.,Tuimoloau
2025,IND,00-0040773,Nay'Quan Wright,Nay'Quan,Nay'Quan,Wright
2025,IND,00-0040781,Joseph Vaughn,Joseph,Joseph,Vaughn
2025,IND,00-0040783,Jake Chaney,Jake,Jake,Chaney
2025,JAX,00-0032164,Arik Armstead,Arik,Arik,Armstead
2025,JAX,00-0032763,Austin Johnson,Austin,Austin,Johnson
2025,JAX,00-0033038,Eric Murray,Eric,Eric,Murray
2025,JAX,00-0033073,Emmanuel Ogbah,Emmanuel,Emmanuel,Ogbah
2025,JAX,00-0033246,Johnny Mundt,Johnny,Johnny,Mundt
2025,JAX,00-0033319,Nick Mullens,Nicholas,Nick,Mullens
2025,JAX,00-0033375,Tim Patrick,Tim,Tim,Patrick
2025,JAX,00-0033907,Dawuane Smoot,Dawuane,Dawuane,Smoot
2025,JAX,00-0033928,Jourdan Lewis,Jourdan,Jourdan,Lewis
2025,JAX,00-0034364,Jordan Akins,Jordan,Jordan,Akins
2025,JAX,00-0034413,Foye Oluokun,Foyesade,Foyesade,Oluokun
2025,JAX,00-0034437,Logan Cooke,Logan,Logan,Cooke
2025,JAX,00-0034473,Dennis Gardeck,Dennis,Dennis,Gardeck
2025,JAX,00-0034657,Matt Dickerson,Matthew,Matt,Dickerson
2025,JAX,00-0034899,John Wolford,John,John,Wolford
2025,JAX,00-0034960,Jakobi Meyers,Jakobi,Jakobi,Meyers
2025,JAX,00-0034968,Darnell Savage,Darnell,Darnell,Savage
2025,JAX,00-0035112,Patrick Mekari,Patrick,Patrick,Mekari
2025,JAX,00-0035300,Dennis Daley,Dennis,Dennis,Daley
2025,JAX,00-0035341,Trenton Irwin,Trenton,Trenton,Irwin
2025,JAX,00-0035378,Andrew Wingard,Andrew,Andrew,Wingard
2025,JAX,00-0035625,Juan Thornhill,Juan,Juan,Thornhill
2025,JAX,00-0035642,Josh Hines-Allen,Joshua,Josh,Hines-Allen
2025,JAX,00-0035656,Khalen Saunders,Khalen,Khalen,Saunders
2025,JAX,00-0035698,Chuma Edoga,Chuma,Chuma,Edoga
2025,JAX,00-0035827,Ross Matiscik,Ross,Ross,Matiscik
2025,JAX,00-0036262,DaVon Hamilton,Davon,Davon,Hamilton
2025,JAX,00-0036327,Ezra Cleveland,Ezra,Ezra,Cleveland
2025,JAX,00-0036425,DeeJay Dallas,Demetrius,DeeJay,Dallas
2025,JAX,00-0036437,Tremayne Anchrum,Tremayne,Tremayne,Anchrum
2025,JAX,00-0036497,Tim Jones,Tim,Tim,Jones
2025,JAX,00-0036561,Keith Taylor,Keith,Keith,Taylor
2025,JAX,00-0036590,Quintin Morris,Quintin,Quintin,Morris
2025,JAX,00-0036626,Dyami Brown,Dyami,Dyami,Brown
2025,JAX,00-0036655,Cole Van Lanen,Cole,Cole,Van Lanen
2025,JAX,00-0036841,Austin Trammell,Austin,Austin,Trammell
2025,JAX,00-0036971,Trevor Lawrence,Trevor,Trevor,Lawrence
2025,JAX,00-0036973,Travis Etienne,Travis,Travis,Etienne
2025,JAX,00-0036974,Tyson Campbell,Tyson,Tyson,Campbell
2025,JAX,00-0036975,Walker Little,Walker,Walker,Little
2025,JAX,00-0036985,Robert Hainsey,Robert,Robert,Hainsey
2025,JAX,00-0036996,Greg Newsome II,Greg,Greg,Newsome
2025,JAX,00-0037004,Hunter Long,Hunter,Hunter,Long
2025,JAX,00-0037235,Travon Walker,Travon,Travon,Walker
2025,JAX,00-0037244,Devin Lloyd,Devin,Devin,Lloyd
2025,JAX,00-0037286,Kevin Harris,Kevin,Kevin,Harris
2025,JAX,00-0037313,Montaric Brown,Montaric,Montaric,Brown
2025,JAX,00-0038092,Erik Ezukanma,Erik,Erik,Ezukanma
2025,JAX,00-0038509,Jerome Carvin,Jerome,Jerome,Carvin
2025,JAX,00-0038523,Kahlef Hailassie,Kahlef,Kahlef,Hailassie
2025,JAX,00-0038555,Tank Bigsby,Cartavious,Tank,Bigsby
2025,JAX,00-0038570,Ventrell Miller,Ventrell,Ventrell,Miller
2025,JAX,00-0038580,Yasir Abdullah,Yasir,Yasir,Abdullah
2025,JAX,00-0038596,Antonio Johnson,Antonio,Antonio,Johnson
2025,JAX,00-0038606,Parker Washington,Christopher,Parker,Washington
2025,JAX,00-0038616,Christian Braswell,Christian,Christian,Braswell
2025,JAX,00-0038630,Cooper Hodges,Cooper,Cooper,Hodges
2025,JAX,00-0038729,Kilian Zierer,Kilian,Kilian,Zierer
2025,JAX,00-0038776,Ricky Lee,Ricky,Ricky,Lee
2025,JAX,00-0038934,Anton Harrison,Anton,Anton,Harrison
2025,JAX,00-0038935,Brenton Strange,Brenton,Brenton,Strange
2025,JAX,00-0039353,Jarrian Jones,Jarrian,Jarrian,Jones
2025,JAX,00-0039378,Deantre Prince,Deantre,Deantre,Prince
2025,JAX,00-0039409,Cam Little,Cameron,Cam,Little
2025,JAX,00-0039425,Myles Cole,Myles,Myles,Cole
2025,JAX,00-0039475,Keni-H Lovely,Keni-H,Keni-H,Lovely
2025,JAX,00-0039534,Carter Bradley,Carter,Carter,Bradley
2025,JAX,00-0039550,Shawn Bowman,Shawn,Shawn,Bowman
2025,JAX,00-0039552,Joshua Cephus,Joshua,Joshua,Cephus
2025,JAX,00-0039703,Cody Schrader,Cody,Cody,Schrader
2025,JAX,00-0039843,Qadir Ismail,Qadir,Qadir,Ismail
2025,JAX,00-0039889,Maason Smith,Maason,Maason,Smith
2025,JAX,00-0039893,Brian Thomas Jr.,Brian,Brian,Thomas
2025,JAX,00-0040145,Caleb Ransaw,Caleb,Caleb,Ransaw
2025,JAX,00-0040146,Wyatt Milum,Wyatt,Wyatt,Milum
2025,JAX,00-0040209,Jalen McLeod,Jalen,Jalen,Mcleod
2025,JAX,00-0040213,Rayuan Lane III,Rayuan,Rayuan,Lane
2025,JAX,00-0040227,Jonah Monheim,Jonah,Jonah,Monheim
2025,JAX,00-0040238,LeQuint Allen Jr.,LeQuint,LeQuint,Allen
2025,JAX,00-0040295,Trevian Thomas,Trevian,Trevian,Thomas
2025,JAX,00-0040323,Chandler Brayboy,Chandler,Chandler,Brayboy
2025,JAX,00-0040324,Cam Camper,Cam,Cam,Camper
2025,JAX,00-0040325,James Carpenter,James,James,Carpenter
2025,JAX,00-0040326,Branson Combs,Branson,Branson,Combs
2025,JAX,00-0040327,John Copenhaver,John,John,Copenhaver
2025,JAX,00-0040329,BJ Green II,B.J.,B.J.,Green
2025,JAX,00-0040330,Seth Henigan,Seth,Seth,Henigan
2025,JAX,00-0040331,Patrick Herbert,Patrick,Patrick,Herbert
2025,JAX,00-0040332,Ja'Quinden Jackson,Ja'Quinden,Ja'Quinden,Jackson
2025,JAX,00-0040334,Darius Lassiter,Darius,Darius,Lassiter
2025,JAX,00-0040336,Jabbar Muhammad,Jabbar,Jabbar,Muhammad
2025,JAX,00-0040337,Eli Pancol,Eli,Eli,Pancol
2025,JAX,00-0040338,Keivie Rose,Del'Keiveon,Keivie,Rose
2025,JAX,00-0040339,Cam'Ron Silmon-Craig,Cam'Ron,Cam'Ron,Silmon-Craig
2025,JAX,00-0040340,Dorian Singer,Dorian,Dorian,Singer
2025,JAX,00-0040341,Doneiko Slaughter,Doneiko,Doneiko,Slaughter
2025,JAX,00-0040342,Danny Striggow,Daniel,Danny,Striggow
2025,JAX,00-0040343,Aydan White,Aydan,Aydan,White
2025,JAX,00-0040344,Sal Wormley,Sal,Sal,Wormley
2025,JAX,00-0040718,Travis Hunter,Travis,Travis,Hunter
2025,JAX,00-0040719,Bhayshul Tuten,Bhayshul,Bhayshul,Tuten
2025,JAX,00-0040723,Jack Kiser,Jack,Jack,Kiser
2025,KC,00-0030506,Travis Kelce,Travis,Travis,Kelce
2025,KC,00-0030615,James Winchester,James,James,Winchester
2025,KC,00-0030757,Mike Pennel,Michael,Mike,Pennel
2025,KC,00-0032762,Chris Jones,Christopher,Chris,Jones
2025,KC,00-0032774,Deon Bush,Deon,Deon,Bush
2025,KC,00-0033303,Harrison Butker,Harrison,Harrison,Butker
2025,KC,00-0033757,Robert Tonyan,Robert,Robert,Tonyan
2025,KC,00-0033857,JuJu Smith-Schuster,John,JuJu,Smith-Schuster
2025,KC,00-0033873,Patrick Mahomes,Patrick,Patrick,Mahomes
2025,KC,00-0033923,Kareem Hunt,Kareem,Kareem,Hunt
2025,KC,00-0034818,Derrick Nnadi,Derrick,Derrick,Nnadi
2025,KC,00-0035237,Jawaan Taylor,Jawaan,Jawaan,Taylor
2025,KC,00-0035262,Drue Tranquill,Drue,Drue,Tranquill
2025,KC,00-0035279,Charles Omenihu,Charles,Charles,Omenihu
2025,KC,00-0035289,Gardner Minshew,Gardner,Gardner,Minshew
2025,KC,00-0035662,Marquise Brown,Marquise,Marquise,Brown
2025,KC,00-0035674,Jerry Tillery,Jerry,Jerry,Tillery
2025,KC,00-0035681,Mike Edwards,Mike,Mike,Edwards
2025,KC,00-0035900,Cole Christiansen,Cole,Cole,Christiansen
2025,KC,00-0036360,Clyde Edwards-Helaire,Clyde,Clyde,Edwards-Helaire
2025,KC,00-0036378,Michael Danna,Michael,Michael,Danna
2025,KC,00-0036416,Kristian Fulton,Kristian,Kristian,Fulton
2025,KC,00-0036557,Jaylon Moore,Jaylon,Jaylon,Moore
2025,KC,00-0036567,Elijah Mitchell,Elijah,Elijah,Mitchell
2025,KC,00-0036621,Nick Bolton,Nicholas,Nick,Bolton
2025,KC,00-0036623,Creed Humphrey,Creed,Creed,Humphrey
2025,KC,00-0036637,Noah Gray,Noah,Noah,Gray
2025,KC,00-0036660,Trey Smith,Trey,Trey,Smith
2025,KC,00-0036679,Shane Buechele,Shane,Shane,Buechele
2025,KC,00-0036682,Malik Herring,Malik,Malik,Herring
2025,KC,00-0036878,Janarius Robinson,Janarius,Janarius,Robinson
2025,KC,00-0036920,Marlon Tuipulotu,Marlon,Marlon,Tuipulotu
2025,KC,00-0037080,Tyreke Smith,Tyreke,Tyreke,Smith
2025,KC,00-0037191,Trent McDuffie,Trent,Trent,McDuffie
2025,KC,00-0037192,George Karlaftis,George,George,Karlaftis
2025,KC,00-0037193,Bryan Cook,Bryan,Bryan,Cook
2025,KC,00-0037195,Jaylen Watson,Jaylen,Jaylen,Watson
2025,KC,00-0037197,Isiah Pacheco,Isiah,Isiah,Pacheco
2025,KC,00-0037198,Nazeeh Johnson,Nazeeh,Nazeeh,Johnson
2025,KC,00-0037207,Mike Caliendo,Mike,Mike,Caliendo
2025,KC,00-0037208,Jack Cochrane,Jack,Jack,Cochrane
2025,KC,00-0037258,Dameon Pierce,Dameon,Dameon,Pierce
2025,KC,00-0037266,Matt Waletzko,Matt,Matt,Waletzko
2025,KC,00-0037284,Matt Araiza,Matt,Matt,Araiza
2025,KC,00-0037299,Keaontay Ingram,Keaontay,Keaontay,Ingram
2025,KC,00-0037324,Chris Oladokun,Chris,Chris,Oladokun
2025,KC,00-0037346,Owen Carney,Owen,Owen,Carney
2025,KC,00-0037819,Leo Chenal,Leo,Leo,Chenal
2025,KC,00-0038043,Joshua Williams,Joshua,Joshua,Williams
2025,KC,00-0038104,Tyquan Thornton,Tyquan,Tyquan,Thornton
2025,KC,00-0038492,Jason Brownlee,Jason,Jason,Brownlee
2025,KC,00-0038519,Nikko Remigio,Nikko,Nikko,Remigio
2025,KC,00-0038587,Jammie Robinson,Jammie,Jammie,Robinson
2025,KC,00-0038604,Eric Scott Jr.,Eric,Eric,Scott
2025,KC,00-0038633,Nick Broeker,Nick,Nick,Broeker
2025,KC,00-0038717,Tanner McCalister,Tanner,Tanner,McCalister
2025,KC,00-0038916,Azizi Hearn,Azizi,Azizi,Hearn
2025,KC,00-0038937,Zacch Pickens,Zacch,Zacch,Pickens
2025,KC,00-0038939,Brodric Martin,Brodric,Brodric,Martin
2025,KC,00-0038981,Wanya Morris,Wanya,Wanya,Morris
2025,KC,00-0038982,Chamarri Conner,Chamarri,Chamarri,Conner
2025,KC,00-0038983,BJ Thompson,B.J.,B.J.,Thompson
2025,KC,00-0039006,Felix Anudike-Uzomah,Felix,Felix,Anudike-Uzomah
2025,KC,00-0039067,Rashee Rice,Rashee,Rashee,Rice
2025,KC,00-0039174,Chukwuebuka Godrick,Chukwuebuka,Chukwuebuka,Godrick
2025,KC,00-0039317,Ethan Driskell,Ethan,Ethan,Driskell
2025,KC,00-0039324,Christian Roland-Wallace,Christian,Christian,Roland-Wallace
2025,KC,00-0039325,Carson Steele,Carson,Carson,Steele
2025,KC,00-0039433,Marcus Harris,Marcus,Marcus,Harris
2025,KC,00-0039684,Michael Wiley,Michael,Michael,Wiley
2025,KC,00-0039824,Jared Wiley,Jared,Jared,Wiley
2025,KC,00-0039825,Jaden Hicks,Jaden,Jaden,Hicks
2025,KC,00-0039827,Hunter Nourzad,Hunter,Hunter,Nourzad
2025,KC,00-0039833,C.J. Hanson,C.J.,C.J.,Hanson
2025,KC,00-0039844,Kingsley Suamataia,Kingsley,Kingsley,Suamataia
2025,KC,00-0039894,Xavier Worthy,Xavier,Xavier,Worthy
2025,KC,00-0039941,Geor'Quarius Spivey,Geor'quarius,Geor'quarius,Spivey
2025,KC,00-0040072,Jeffrey Bassa,Jeffrey,Jeffrey,Bassa
2025,KC,00-0040078,Brashard Smith,Brashard,Brashard,Smith
2025,KC,00-0040080,Elijhah Badger,Elijhah,Elijhah,Badger
2025,KC,00-0040081,Jake Briningstool,Jake,Jake,Briningstool
2025,KC,00-0040084,Jacobe Covington,Jacobe,Jacobe,Covington
2025,KC,00-0040086,Mac Dalena,Mac,Mac,Dalena
2025,KC,00-0040087,Brandon George,Cornelius,Brandon,George
2025,KC,00-0040089,Kevin Knowles,Kevin,Kevin,Knowles
2025,KC,00-0040091,Glendon Miller,Glendon,Glendon,Miller
2025,KC,00-0040092,Esa Pole,Christopher,Esa,Pole
2025,KC,00-0040093,Melvin Smith Jr.,Melvin,Melvin,Smith
2025,KC,00-0040094,Tre Watson,Tre,Tre,Watson
2025,KC,00-0040116,Josh Simmons,Joshua,Josh,Simmons
2025,KC,00-0040118,Cooper McDonald,Cooper,Cooper,McDonald
2025,KC,00-0040119,Major Williams,Major,Major,Williams
2025,KC,00-0040120,Jimmy Holiday,Jimmy,Jimmy,Holiday
2025,KC,00-0040313,Kam Arnold,Kam,Kam,Arnold
2025,KC,00-0040328,Ethan Downs,Ethan,Ethan,Downs
2025,KC,00-0040366,Hal Presley,Hal,Hal,Presley
2025,KC,00-0040606,Key'Shawn Smith,Key'Shawn,Key'Shawn,Smith
2025,KC,00-0040640,Ashton Gillotte,Ashton,Ashton,Gillotte
2025,KC,00-0040646,Jalen Royals,Jalen,Jalen,Royals
2025,KC,00-0040670,Nohl Williams,Nohl,Nohl,Williams
2025,KC,00-0040717,Joey Lombard,Joseph,Joey,Lombard
2025,KC,00-0040748,Omarr Norman-Lott,Omarr,Omarr,Norman-Lott
2025,KC,00-0040770,Ajani Carter,Ajani,Ajani,Carter
2025,KC,00-0040774,Nate Matlack,Nate,Nate,Matlack
2025,KC,00-0040780,Xander Mueller,Xander,Xander,Mueller
2025,LA,00-0026498,Matthew Stafford,John,Matthew,Stafford
2025,LA,00-0028394,Jake McQuaide,Jacob,Jake,McQuaide
2025,LA,00-0030097,David Quessenberry,David,David,Quessenberry
2025,LA,00-0031345,Jimmy Garoppolo,James,Jimmy,Garoppolo
2025,LA,00-0031381,Davante Adams,Davante,Davante,Adams
2025,LA,00-0032222,D.J. Humphries,DeMarcus,D.J.,Humphries
2025,LA,00-0032242,Rob Havenstein,Robert,Rob,Havenstein
2025,LA,00-0032394,Nick Vannett,Nicholas,Nick,Vannett
2025,LA,00-0033110,Tyler Higbee,Tyler,Tyler,Higbee
2025,LA,00-0033783,Ahkello Witherspoon,James,Ahkello,Witherspoon
2025,LA,00-0034114,Coleman Shelton,Coleman,Coleman,Shelton
2025,LA,00-0034203,Darious Williams,Darious,Darious,Williams
2025,LA,00-0034234,Poona Ford,Kaylon,Poona,Ford
2025,LA,00-0034296,Ben Niemann,Ben,Ben,Niemann
2025,LA,00-0034937,John Leglue,John,John,Leglue
2025,LA,00-0035617,Troy Reeder,Troy,Troy,Reeder
2025,LA,00-0036114,A.J. Green,Alvin,A.J.,Green
2025,LA,00-0036237,Larrell Murchison,Larrell,Larrell,Murchison
2025,LA,00-0036244,Colby Parkinson,Colby,Colby,Parkinson
2025,LA,00-0036339,Kevin Dotson,Kevin,Kevin,Dotson
2025,LA,00-0036349,Kam Curl,Kamren,Kamren,Curl
2025,LA,00-0036603,Alaric Jackson,Alaric,Alaric,Jackson
2025,LA,00-0036631,Royce Newman,Royce,Royce,Newman
2025,LA,00-0036634,Tony Fields II,Tony,Tony,Fields
2025,LA,00-0036788,Jack Heflin,Jack,Jack,Heflin
2025,LA,00-0036849,Tutu Atwell,Chatarius,Tutu,Atwell
2025,LA,00-0036885,Tre Brown,Tre,Tre,Brown
2025,LA,00-0037057,Keir Thomas,Keir,Keir,Thomas
2025,LA,00-0037317,Nick Muse,Nick,Nick,Muse
2025,LA,00-0037330,Jesse Luketa,Jesse,Jesse,Luketa
2025,LA,00-0037337,Shaun Jolly,Shaun,Shaun,Jolly
2025,LA,00-0037557,Ronnie Rivers,Ronnie,Ronnie,Rivers
2025,LA,00-0037587,Nate Landman,Nate,Nate,Landman
2025,LA,00-0037839,Cobie Durant,Decobie,Cobie,Durant
2025,LA,00-0037840,Kyren Williams,Kyren,Kyren,Williams
2025,LA,00-0037841,Quentin Lake,Quentin,Quentin,Lake
2025,LA,00-0037842,Derion Kendrick,Derion,Derion,Kendrick
2025,LA,00-0037845,A.J. Arcuri,A.J.,A.J.,Arcuri
2025,LA,00-0038125,Roger McCreary,Roger,Roger,McCreary
2025,LA,00-0038358,Mike Mcallister,Mike,Mike,McAllister
2025,LA,00-0038359,Xavier Smith,Xavier,Xavier,Smith
2025,LA,00-0038360,Alex Ward,Alex,Alex,Ward
2025,LA,00-0038366,Tanner Ingle,Tanner,Tanner,Ingle
2025,LA,00-0038385,Dresser Winn,Dresser,Dresser,Winn
2025,LA,00-0038602,Chris Smith II,Christopher,Christopher,Smith
2025,LA,00-0038941,Tyler Scott,Tyler,Tyler,Scott
2025,LA,00-0039058,Steve Avila,Esteban,Steve,Avila
2025,LA,00-0039059,Ethan Evans,Ethan,Ethan,Evans
2025,LA,00-0039061,Desjuan Johnson,Desjuan,Desjuan,Johnson
2025,LA,00-0039074,Davis Allen,Davis,Davis,Allen
2025,LA,00-0039075,Puka Nacua,Puka,Puka,Nacua
2025,LA,00-0039076,Nick Hampton,Nick,Nick,Hampton
2025,LA,00-0039077,Warren McClendon Jr.,Warren,Warren,McClendon
2025,LA,00-0039107,Stetson Bennett,Stetson,Stetson,Bennett
2025,LA,00-0039137,Byron Young,Byron,Byron,Young
2025,LA,00-0039138,Kobie Turner,Kobie,Kobie,Turner
2025,LA,00-0039151,Emmanuel Forbes,Emmanuel,Emmanuel,Forbes
2025,LA,00-0039263,McCallan Castles,McCallan,McCallan,Castles
2025,LA,00-0039498,Harrison Mevis,Harrison,Harrison,Mevis
2025,LA,00-0039506,Alex Johnson,Alex,Alex,Johnson
2025,LA,00-0039703,Cody Schrader,Cody,Cody,Schrader
2025,LA,00-0039734,Braden Fiske,Braden,Braden,Fiske
2025,LA,00-0039738,Blake Corum,Blake,Blake,Corum
2025,LA,00-0039749,Tyler Davis,Tyler,Tyler,Davis
2025,LA,00-0039750,Joshua Karty,Joshua,Joshua,Karty
2025,LA,00-0039751,Jordan Whittington,Jordan,Jordan,Whittington
2025,LA,00-0039753,Beaux Limmer,Beaux,Beaux,Limmer
2025,LA,00-0039772,Josh Wallace,Josh,Josh,Wallace
2025,LA,00-0039773,Drake Stoops,Drake,Drake,Stoops
2025,LA,00-0039774,Omar Speights,Omar,Omar,Speights
2025,LA,00-0039775,Elias Neal,Eli,Eli,Neal
2025,LA,00-0039776,Jaylen McCollough,Jaylen,Jaylen,McCollough
2025,LA,00-0039780,Cam Lampkin,Cam,Cam,Lampkin
2025,LA,00-0039784,Justin Dedich,Justin,Justin,Dedich
2025,LA,00-0039830,Dylan McMahon,Dylan,Dylan,McMahon
2025,LA,00-0039834,Kamren Kinchens,Kamren,Kamren,Kinchens
2025,LA,00-0039852,Jared Verse,Jared,Jared,Verse
2025,LA,00-0040580,Josaiah Stewart,Josaiah,Josaiah,Stewart
2025,LA,00-0040585,Ty Hamilton,Ty,Ty,Hamilton
2025,LA,00-0040590,Konata Mumpfield,Konata,Konata,Mumpfield
2025,LA,00-0040594,Jamil Muhammad,Jamil,Jamil,Muhammad
2025,LA,00-0040595,Bill Norton,Bill,Bill,Norton
2025,LA,00-0040596,Josh Pearcy,Josh,Josh,Pearcy
2025,LA,00-0040597,Brennan Presley,Brennan,Brennan,Presley
2025,LA,00-0040598,Mark Redman,Mark,Mark,Redman
2025,LA,00-0040600,Nate Valcarcel,Nathaniel,Nate,Valcarcel
2025,LA,00-0040601,Jordan Waters,Jordan,Jordan,Waters
2025,LA,00-0040602,Trey Wedig,Trey,Trey,Wedig
2025,LA,00-0040603,Mario Williams,Mario,Mario,Williams
2025,LA,00-0040609,Tru Edwards,Tru,Tru,Edwards
2025,LA,00-0040611,Wyatt Bowles,Wyatt,Wyatt,Bowles
2025,LA,00-0040612,Malik Dixon-Williams,Malik,Malik,Dixon-Williams
2025,LA,00-0040613,Shaun Dolac,Shaun,Shaun,Dolac
2025,LA,00-0040614,Ben Dooley,Ben,Ben,Dooley
2025,LA,00-0040657,Da'Jon Terry,Da'Jon,Da'Jon,Terry
2025,LA,00-0040692,Jarquez Hunter,Jarquez,Jarquez,Hunter
2025,LA,00-0040707,Decarius Hawthorne,Decarius,Decarius,Hawthorne
2025,LA,00-0040737,Terrance Ferguson,Terrance,Terrance,Ferguson
2025,LAC,00-0028845,Josh Harris,Josh,Josh,Harris
2025,LAC,00-0030279,Keenan Allen,Keenan,Keenan,Allen
2025,LAC,00-0030294,Tony Jefferson,Tony,Tony,Jefferson
2025,LAC,00-0031040,Khalil Mack,Khalil,Khalil,Mack
2025,LAC,00-0031622,Bobby Hart,Bobby,Bobby,Hart
2025,LAC,00-0031800,Taylor Heinicke,Taylor,Taylor,Heinicke
2025,LAC,00-0031911,Rick Lovato,Rick,Rick,Lovato
2025,LAC,00-0032103,Denzel Perryman,Denzel,Denzel,Perryman
2025,LAC,00-0032146,Bud Dupree,Alvin,Bud,Dupree
2025,LAC,00-0032463,Kyle Peko,Kyle,Kyle,Peko
2025,LAC,00-0033536,Mike Williams,Michael,Mike,Williams
2025,LAC,00-0033892,Marcus Maye,Marcus,Marcus,Maye
2025,LAC,00-0033894,Marcus Williams,Marcus,Marcus,Williams
2025,LAC,00-0033946,David Sharpe,David,David,Sharpe
2025,LAC,00-0033995,Michael Dunn,Michael,Michael,Dunn
2025,LAC,00-0034159,Will Dissly,Will,Will,Dissly
2025,LAC,00-0034162,J.K. Scott,John,J.K.,Scott
2025,LAC,00-0034270,Tyler Conklin,Tyler,Tyler,Conklin
2025,LAC,00-0034281,Bradley Bozeman,Bradley,Bradley,Bozeman
2025,LAC,00-0034356,Donte Jackson,Donte,Donte,Jackson
2025,LAC,00-0034367,Nyheim Hines,Nyheim,Nyheim,Miller-Hines
2025,LAC,00-0034371,Da'Shawn Hand,Da'Shawn,Da'Shawn,Hand
2025,LAC,00-0034790,Derwin James,Derwin,Derwin,James
2025,LAC,00-0034838,Royce Freeman,Royce,Royce,Freeman
2025,LAC,00-0035062,Sam Mustipher,Samuel,Sam,Mustipher
2025,LAC,00-0035127,Andre James,Andre,Andre,James
2025,LAC,00-0035202,Del'Shawn Phillips,Del'Shawn,Del'Shawn,Phillips
2025,LAC,00-0035291,Trayveon Williams,Trayveon,Trayveon,Williams
2025,LAC,00-0035688,Trey Pipkins,Trey,Trey,Pipkins
2025,LAC,00-0035692,Clelin Ferrell,Clelin,Clelin,Ferrell
2025,LAC,00-0036181,Teair Tart,Teair,Teair,Tart
2025,LAC,00-0036284,Mekhi Becton,Mekhi,Mekhi,Becton
2025,LAC,00-0036338,Troy Dye,Troy,Troy,Dye
2025,LAC,00-0036344,Harrison Hand,Benjamin,Harrison,Hand
2025,LAC,00-0036355,Justin Herbert,Justin,Justin,Herbert
2025,LAC,00-0036380,Alohi Gilman,Alohi,Alohi,Gilman
2025,LAC,00-0036387,Jalen Reagor,Jalen,Jalen,Reagor
2025,LAC,00-0036584,Foster Sarell,Foster,Foster,Sarell
2025,LAC,00-0036625,Benjamin St-Juste,Benjamin,Benjamin,St-Juste
2025,LAC,00-0036695,Naquan Jones,Naquan,Naquan,Jones
2025,LAC,00-0036755,Jaret Patterson,Jaret,Jaret,Patterson
2025,LAC,00-0036893,Najee Harris,Najee,Najee,Harris
2025,LAC,00-0036938,Rashad Weaver,Rashad,Rashad,Weaver
2025,LAC,00-0036940,Odafe Oweh,Odafe,Odafe,Oweh
2025,LAC,00-0036977,Ben Cleveland,Ben,Ben,Cleveland
2025,LAC,00-0036992,Elijah Molden,Elijah,Elijah,Molden
2025,LAC,00-0037009,Rashawn Slater,Rashawn,Rashawn,Slater
2025,LAC,00-0037012,Trey Lance,Trey,Trey,Lance
2025,LAC,00-0037224,Cameron Dicker,Cameron,Cameron,Dicker
2025,LAC,00-0037241,Trevor Penning,Trevor,Trevor,Penning
2025,LAC,00-0037270,Otito Ogbonnia,Otito,Otito,Ogbonnia
2025,LAC,00-0037295,Jamaree Salyer,Jamaree,Jamaree,Salyer
2025,LAC,00-0037302,Austin Deculus,Austin,Austin,Deculus
2025,LAC,00-0037307,Ja'Sir Taylor,Ja'Sir,Ja'Sir,Taylor
2025,LAC,00-0037320,Deane Leonard,Deane,Deane,Leonard
2025,LAC,00-0037375,Christopher Hinton,Christopher,Christopher,Hinton
2025,LAC,00-0037383,Kana'i Mauga,Kana'i,Kana'i,Mauga
2025,LAC,00-0037617,Hassan Haskins,Hassan,Hassan,Haskins
2025,LAC,00-0037654,Tucker Fisk,Tucker,Tucker,Fisk
2025,LAC,00-0037818,Zion Johnson,Zion,Zion,Johnson
2025,LAC,00-0038199,Ryan Nelson,Ryan,Ryan,Nelson
2025,LAC,00-0038414,Kendall Williamson,Kendall,Kendall,Williamson
2025,LAC,00-0038544,Quentin Johnston,Quentin,Quentin,Johnston
2025,LAC,00-0038553,Daiyan Henley,Daiyan,Daiyan,Henley
2025,LAC,00-0038573,Derius Davis,Derius,Derius,Davis
2025,LAC,00-0038614,Scott Matlock,Scott,Scott,Matlock
2025,LAC,00-0038634,Nesta Jade Silvera,Nesta Jade,Nesta Jade,Silvera
2025,LAC,00-0038851,Caleb Murphy,Caleb,Caleb,Murphy
2025,LAC,00-0039028,Nehemiah Shelton,Nehemiah,Nehemiah,Shelton
2025,LAC,00-0039111,Tuli Tuipulotu,Tulikihelotu,Tuli,Tuipulotu
2025,LAC,00-0039268,Peter Bowden,Peter,Peter,Bowden
2025,LAC,00-0039346,Junior Colson,Junior,Junior,Colson
2025,LAC,00-0039366,Tarheeb Still,Tarheeb,Tarheeb,Still
2025,LAC,00-0039369,Cam Hart,Cam,Cam,Hart
2025,LAC,00-0039391,Kimani Vidal,Kimani,Kimani,Vidal
2025,LAC,00-0039399,Tanner McLachlan,Tanner,Tanner,McLachlan
2025,LAC,00-0039415,Brenden Rice,Brenden,Brenden,Rice
2025,LAC,00-0039526,Emany Johnson,Emany,Emany,Johnson
2025,LAC,00-0039655,Karsen Barnhart,Karsen,Karsen,Barnhart
2025,LAC,00-0039664,Jaylen Johnson,Jaylen,Jaylen,Johnson
2025,LAC,00-0039670,Tre'Mon Morris-Brash,Tre'Mon,Tre'Mon,Morris-Brash
2025,LAC,00-0039722,JaQuae Jackson,JaQuae,JaQuae,Jackson
2025,LAC,00-0039835,Justin Eboigbe,Justin,Justin,Eboigbe
2025,LAC,00-0039897,Joe Alt,Joe,Joe,Alt
2025,LAC,00-0039915,Ladd McConkey,Andrew,Ladd,McConkey
2025,LAC,00-0039936,Thomas Yassmin,Thomas,Thomas,Yassmin
2025,LAC,00-0040039,Amar Johnson,Amar,Amar,Johnson
2025,LAC,00-0040065,Isas Waxter,Isas,Isas,Waxter
2025,LAC,00-0040144,Jamaree Caldwell,Jamaree,Jamaree,Caldwell
2025,LAC,00-0040161,Kyle Kennard,Kyle,Kyle,Kennard
2025,LAC,00-0040184,KeAndre Lambert-Smith,KeAndre,KeAndre,Lambert-Smith
2025,LAC,00-0040189,Oronde Gadsden II,Oronde,Oronde,Gadsden
2025,LAC,00-0040212,Branson Taylor,Branson,Branson,Taylor
2025,LAC,00-0040221,R.J. Mickens,R.J.,R.J.,Mickens
2025,LAC,00-0040458,TeRah Edwards,TeRah,TeRah,Edwards
2025,LAC,00-0040459,Josh Fuga,Josh,Josh,Fuga
2025,LAC,00-0040460,Marlowe Wax,Marlowe,Marlowe,Wax
2025,LAC,00-0040461,Luke Grimm,Luke,Luke,Grimm
2025,LAC,00-0040462,Savion Washington,Savion,Savion,Washington
2025,LAC,00-0040463,Kylan Guidry,Kylan,Kylan,Guidry
2025,LAC,00-0040464,DJ Uiagalelei,David,D.J.,Uiagalelei
2025,LAC,00-0040465,Corey Stewart,Corey,Corey,Stewart
2025,LAC,00-0040467,Josh Kaltenberger,Josh,Josh,Kaltenberger
2025,LAC,00-0040468,Eric Rogers,Eric,Eric,Rogers
2025,LAC,00-0040469,Stevo Klotz,Stevenson,Stevo,Klotz
2025,LAC,00-0040470,Jordan Oladokun,Jordan,Jordan,Oladokun
2025,LAC,00-0040471,Nikko Reed,Nikko,Nikko,Reed
2025,LAC,00-0040472,Garmon Randolph,Garmon,Garmon,Randolph
2025,LAC,00-0040473,Myles Purchase,Myles,Myles,Purchase
2025,LAC,00-0040474,Jaylen Jones,Jaylen,Jaylen,Jones
2025,LAC,00-0040475,Nash Jones,Nash,Nash,Jones
2025,LAC,00-0040629,Dalevon Campbell,Dalevon,Dalevon,Campbell
2025,LAC,00-0040666,Omarion Hampton,Omarion,Omarion,Hampton
2025,LAC,00-0040727,Tre Harris,Cleveland,Tre,Harris
2025,LV,00-0030565,Geno Smith,Eugene,Geno,Smith
2025,LV,00-0031544,Amari Cooper,Amari,Amari,Cooper
2025,LV,00-0031687,Raheem Mostert,Dominique,Raheem,Mostert
2025,LV,00-0032208,Phillip Dorsett,Phillip,Phillip,Dorsett
2025,LV,00-0032211,Tyler Lockett,Tyler,Tyler,Lockett
2025,LV,00-0032436,Jeff Driskel,Jeffrey,Jeff,Driskel
2025,LV,00-0032442,Elandon Roberts,Elandon,Elandon,Roberts
2025,LV,00-0033052,Jaylon Smith,Jaylon,Jaylon,Smith
2025,LV,00-0033381,Adam Butler,Adam,Adam,Butler
2025,LV,00-0033872,Jamal Adams,Jamal,Jamal,Adams
2025,LV,00-0034161,Daniel Carlson,Daniel,Daniel,Carlson
2025,LV,00-0034365,Ian Thomas,Ian,Ian,Thomas
2025,LV,00-0034450,Greg Joseph,Gregory,Greg,Joseph
2025,LV,00-0034678,Alex Cappa,Alexander,Alex,Cappa
2025,LV,00-0034759,Kolton Miller,Kolton,Kolton,Miller
2025,LV,00-0034858,Terrell Edmunds,FeDerius,Terrell,Edmunds
2025,LV,00-0034960,Jakobi Meyers,Jakobi,Jakobi,Meyers
2025,LV,00-0034973,Maxx Crosby,Maxx,Maxx,Crosby
2025,LV,00-0035190,AJ Cole,A.J.,A.J.,Cole
2025,LV,00-0035244,Lonnie Johnson,Lonnie,Lonnie,Johnson
2025,LV,00-0035317,Joshua Miles,Joshua,Joshua,Miles
2025,LV,00-0035602,Alex Bachman,Alex,Alex,Bachman
2025,LV,00-0035697,Germaine Pratt,Germaine,Germaine,Pratt
2025,LV,00-0035707,Devin White,Devin,Devin,White
2025,LV,00-0035757,Jacob Bobenmoyer,Jacob,Jacob,Bobenmoyer
2025,LV,00-0036219,Marquez Callaway,Marquez,Marquez,Callaway
2025,LV,00-0036254,Collin Johnson,Collin,Collin,Johnson
2025,LV,00-0036293,Jeremy Chinn,Jeremy,Jeremy,Chinn
2025,LV,00-0036371,Leki Fotu,George,Leki,Fotu
2025,LV,00-0036394,Darnay Holmes,Darnay,Darnay,Holmes
2025,LV,00-0036423,Albert Okwuegbunam,Albert,Albert,Okwuegbunam
2025,LV,00-0036527,DJ Turner,Darryl,D.J.,Turner
2025,LV,00-0036553,Carlos Basham,Carlos,Carlos,Basham
2025,LV,00-0036604,Jordan Meredith,Jordan,Jordan,Meredith
2025,LV,00-0036614,Jamin Davis,Jamin,Jamin,Davis
2025,LV,00-0036653,Stone Forsythe,Stone,Stone,Forsythe
2025,LV,00-0036711,Charles Snowden,Charles,Charles,Snowden
2025,LV,00-0036802,Jon Rhattigan,Jon,Jon,Rhattigan
2025,LV,00-0036901,Eric Stokes,Eric,Eric,Stokes
2025,LV,00-0036989,Malcolm Koonce,Malcolm,Malcolm,Koonce
2025,LV,00-0037255,Dylan Parham,Dylan,Dylan,Parham
2025,LV,00-0037262,Thomas Booker,Thomas,Thomas,Booker
2025,LV,00-0037461,Tristin McCollum,Tristin,Tristin,McCollum
2025,LV,00-0037512,Isaiah Pola-Mao,Isaiah,Isaiah,Pola-Mao
2025,LV,00-0037591,Leroy Watson IV,Leroy,Leroy,Watson
2025,LV,00-0037804,Zachary Carter,Zachary,Zach,Carter
2025,LV,00-0037822,Brian Asamoah II,Brian,Brian,Asamoah
2025,LV,00-0038040,Zamir White,Zamir,Zamir,White
2025,LV,00-0038091,JT Woods,J.T.,J.T.,Woods
2025,LV,00-0038102,Kenny Pickett,Kenny,Kenny,Pickett
2025,LV,00-0038381,Kyu Blu Kelly,Kyu Blu,Kyu Blu,Kelly
2025,LV,00-0038381,Kyu Kelly,Kyu Blu,Kyu Blu,Kelly
2025,LV,00-0038541,Tyree Wilson,Tyree,Tyree,Wilson
2025,LV,00-0038563,Tre Tucker,Tre,Tre,Tucker
2025,LV,00-0038579,Aidan O'Connell,Aidan,Aidan,O'Connell
2025,LV,00-0038586,Atonio Mafi,Atonio,Atonio,Mafi
2025,LV,00-0038590,Justin Shorter,Justin,Justin,Shorter
2025,LV,00-0038602,Chris Smith II,Christopher,Christopher,Smith
2025,LV,00-0038626,Brad Robbins,Brad,Brad,Robbins
2025,LV,00-0038644,Brandon Hill,Brandon,Brandon,Hill
2025,LV,00-0038891,Shedrick Jackson,Shedrick,Shedrick,Jackson
2025,LV,00-0038914,McClendon Curtis,McClendon,McClendon,Curtis
2025,LV,00-0038923,Dalton Wagner,Dalton,Dalton,Wagner
2025,LV,00-0038939,Brodric Martin,Brodric,Brodric,Martin
2025,LV,00-0038985,Keondre Coburn,Keondre,Keondre,Coburn
2025,LV,00-0039066,Michael Mayer,Michael,Michael,Mayer
2025,LV,00-0039244,Chris Collier,Chris,Chris,Collier
2025,LV,00-0039262,Gottlieb Ayedze,Gottlieb,Gottlieb,Ayedze
2025,LV,00-0039338,Brock Bowers,Brock,Brock,Bowers
2025,LV,00-0039349,DJ Glaze,Delmar,Delmar,Glaze
2025,LV,00-0039357,Decamerion Richardson,Decamerion,Decamerion,Richardson
2025,LV,00-0039374,Tommy Eichenberg,Tommy,Tommy,Eichenberg
2025,LV,00-0039407,Dylan Laube,Dylan,Dylan,Laube
2025,LV,00-0039413,Trey Taylor,Trey,Trey,Taylor
2025,LV,00-0039415,Brenden Rice,Brenden,Brenden,Rice
2025,LV,00-0039423,Jonah Laulu,Jonah,Jonah,Laulu
2025,LV,00-0039429,Michael Barrett,Michael,Michael,Barrett
2025,LV,00-0039509,Ovie Oghoufo,Ovie,Ovie,Oghoufo
2025,LV,00-0039539,Amari Gainer,Amari,Amari,Gainer
2025,LV,00-0039544,Will Putnam,Will,Will,Putnam
2025,LV,00-0039676,Chigozie Anusiem,Chigozie,Chigozie,Anusiem
2025,LV,00-0039735,Jackson Powers-Johnson,Jackson,Jackson,Powers-Johnson
2025,LV,00-0039836,Brennan Jackson,Brennan,Brennan,Jackson
2025,LV,00-0039887,Layden Robinson,Layden,Layden,Robinson
2025,LV,00-0040122,Ashton Jeanty,Ashton,Ashton,Jeanty
2025,LV,00-0040150,Caleb Rogers,Caleb,Caleb,Rogers
2025,LV,00-0040151,Charles Grant,Charles,Charles,Grant
2025,LV,00-0040169,Tonka Hemingway,Tonka,Tonka,Hemingway
2025,LV,00-0040199,JJ Pegues,Jeremiah,J.J.,Pegues
2025,LV,00-0040222,Cam Miller,Camden,Cam,Miller
2025,LV,00-0040228,Cody Lindenberg,Cody,Cody,Lindenberg
2025,LV,00-0040271,Luke Elkin,Luke,Luke,Elkin
2025,LV,00-0040477,Anthony Booker,Anthony,Anthony,Booker
2025,LV,00-0040479,Hudson Clark,Hudson,Hudson,Clark
2025,LV,00-0040483,Jarrod Hufford,Jarrod,Jarrod,Hufford
2025,LV,00-0040484,John Humphrey,John,John,Humphrey
2025,LV,00-0040485,Matt Jones,Matt,Matt,Jones
2025,LV,00-0040486,Jah Joyner,Jah,Jah,Joyner
2025,LV,00-0040487,Treven Ma'ae,Treven,Treven,Ma'ae
2025,LV,00-0040488,Carter Runyon,Carter,Carter,Runyon
2025,LV,00-0040489,Greedy Vance,Greedy,Greedy,Vance
2025,LV,00-0040491,Parker Clements,Parker,Parker,Clements
2025,LV,00-0040581,Dont'e Thornton Jr.,Dont'e,Dont'e,Thornton
2025,LV,00-0040604,Jahfari Harvey,Jahfari,Jahfari,Harvey
2025,LV,00-0040605,Ketron Jackson Jr.,Ketron,Ketron,Jackson
2025,LV,00-0040641,Darien Porter,Darien,Darien,Porter
2025,LV,00-0040729,Jack Bech,John,Jack,Bech
2025,LV,00-0040762,Laki Tasi,Laki,Laki,Tasi
2025,MIA,00-0030067,Terron Armstead,Terron,Terron,Armstead
2025,MIA,00-0031610,Darren Waller,Darren,Darren,Waller
2025,MIA,00-0031921,Kendall Lamm,Kendall,Kendall,Lamm
2025,MIA,00-0032228,Joe Cardona,Joe,Joe,Cardona
2025,MIA,00-0032384,Germain Ifedi,Germain,Germain,Ifedi
2025,MIA,00-0032415,Matthew Judon,Matt,Matt,Judon
2025,MIA,00-0032521,Mike Hilton,Michael,Mike,Hilton
2025,MIA,00-0033040,Tyreek Hill,Tyreek,Tyreek,Hill
2025,MIA,00-0033103,Artie Burns,Artie,Artie,Burns
2025,MIA,00-0033221,Daniel Brunskill,Daniel,Daniel,Brunskill
2025,MIA,00-0033439,Pharaoh Brown,Pharaoh,Pharaoh,Brown
2025,MIA,00-0033551,Rasul Douglas,Rasul,Rasul,Douglas
2025,MIA,00-0034115,Jeff Wilson,Jeffery,Jeffery,Wilson
2025,MIA,00-0034208,Mike Boone,Michael,Mike,Boone
2025,MIA,00-0034248,Elijah Campbell,Elijah,Elijah,Campbell
2025,MIA,00-0034285,Zach Sieler,Zach,Zach,Sieler
2025,MIA,00-0034347,James Daniels,James,James,Daniels
2025,MIA,00-0034418,Cedrick Wilson Jr.,Cedrick,Cedrick,Wilson
2025,MIA,00-0034789,Minkah Fitzpatrick,Minkah,Minkah,Fitzpatrick
2025,MIA,00-0034792,Cornell Armstrong,Cornell,Cornell,Armstrong
2025,MIA,00-0034794,Jason Sanders,Jason,Jason,Sanders
2025,MIA,00-0034832,Bradley Chubb,Bradley,Bradley,Chubb
2025,MIA,00-0034972,Alexander Mattison,Alexander,Alexander,Mattison
2025,MIA,00-0035000,Quinton Bell,Quinton,Quinton,Bell
2025,MIA,00-0035125,Alec Ingold,Alec,Alec,Ingold
2025,MIA,00-0035252,Yodny Cajuste,Yodny,Yodny,Cajuste
2025,MIA,00-0035255,Kendall Sheffield,Kendall,Kendall,Sheffield
2025,MIA,00-0035280,Jake Bailey,Jacob,Jake,Bailey
2025,MIA,00-0035345,Chris Myarick,Chris,Chris,Myarick
2025,MIA,00-0035352,Tyrel Dodson,Tyrel,Tyrel,Dodson
2025,MIA,00-0035806,JaMycal Hasty,Jamycal,Jamycal,Hasty
2025,MIA,00-0035841,Benito Jones,Benito,Benito,Jones
2025,MIA,00-0036114,A.J. Green,Alvin,A.J.,Green
2025,MIA,00-0036171,Aaron Brewer,Aaron,Aaron,Brewer
2025,MIA,00-0036182,Nick Westbrook-Ikhine,Nicholas,Nick,Westbrook-Ikhine
2025,MIA,00-0036212,Tua Tagovailoa,Tua,Tua,Tagovailoa
2025,MIA,00-0036248,Austin Jackson,Austin,Austin,Jackson
2025,MIA,00-0036329,Ashtyn Davis,Ashtyn,Ashtyn,Davis
2025,MIA,00-0036330,Cameron Dantzler,Cameron,Cameron,Dantzler
2025,MIA,00-0036362,Willie Gay Jr.,Willie,Willie,Gay
2025,MIA,00-0036409,Jordyn Brooks,Jordyn,Jordyn,Brooks
2025,MIA,00-0036613,Jaylen Waddle,Jaylen,Jaylen,Waddle
2025,MIA,00-0036620,Dee Eskridge,D'Wayne,D'Wayne,Eskridge
2025,MIA,00-0036643,K.J. Britt,K.J.,K.J.,Britt
2025,MIA,00-0036704,Caleb Johnson,Caleb,Caleb,Johnson
2025,MIA,00-0036816,Riley Patterson,Riley,Riley,Patterson
2025,MIA,00-0036839,Kion Smith,Kion,Kion,Smith
2025,MIA,00-0036865,Jackson Carman,Jackson,Jackson,Carman
2025,MIA,00-0036905,Larry Borom,Larry,Larry,Borom
2025,MIA,00-0036934,Jaelan Phillips,Jaelan,Jaelan,Phillips
2025,MIA,00-0036993,Ifeatu Melifonwu,Ifeatu,Ifeatu,Melifonwu
2025,MIA,00-0037010,Liam Eichenberg,Liam,Liam,Eichenberg
2025,MIA,00-0037013,Zach Wilson,Zachary,Zach,Wilson
2025,MIA,00-0037040,Roy Mbaeteka,Roy,Roy,Mbaeteka
2025,MIA,00-0037252,Greg Dulcich,Greg,Greg,Dulcich
2025,MIA,00-0037280,Matthew Butler,Matthew,Matthew,Butler
2025,MIA,00-0037315,Cameron Goode,Cameron,Cameron,Goode
2025,MIA,00-0037348,Tanner Conner,Tanner,Tanner,Conner
2025,MIA,00-0037353,Kader Kohou,Kader,Kader,Kohou
2025,MIA,00-0037356,Ben Stille,Ben,Ben,Stille
2025,MIA,00-0037440,Obinna Eze,Obinna,Obinna,Eze
2025,MIA,00-0037600,Jalen McKenzie,Jalen,Jalen,McKenzie
2025,MIA,00-0037609,Aaron Shampklin,Aaron,Aaron,Shampklin
2025,MIA,00-0037813,Channing Tindall,Channing,Channing,Tindall
2025,MIA,00-0038039,Jack Jones,Jack,Jack,Jones
2025,MIA,00-0038103,Cole Strange,Devin,Cole,Strange
2025,MIA,00-0038471,Kadeem Telfort,Kadeem,Kadeem,Telfort
2025,MIA,00-0038669,Dequan Jackson,Dequan,Dequan,Jackson
2025,MIA,00-0038684,Ethan Bonner,Ethan,Ethan,Bonner
2025,MIA,00-0038720,Julian Hill,Julian,Julian,Hill
2025,MIA,00-0038801,Andre Carter II,Andre,Andre,Carter
2025,MIA,00-0038832,Mason Brooks,Mason,Mason,Brooks
2025,MIA,00-0039010,Braeden Daniels,Braeden,Braeden,Daniels
2025,MIA,00-0039040,De'Von Achane,Devon,Devon,Achane
2025,MIA,00-0039133,Cam Smith,Cam,Cam,Smith
2025,MIA,00-0039156,Julius Brents,Julius,Julius,Brents
2025,MIA,00-0039277,Jimmy Ciarlo,Jimmy,Jimmy,Ciarlo
2025,MIA,00-0039480,Jordan Colbert,Jordan,Jordan,Colbert
2025,MIA,00-0039481,Storm Duck,Storm,Storm,Duck
2025,MIA,00-0039483,Isaiah Johnson,Isaiah,Isaiah,Johnson
2025,MIA,00-0039485,Andrew Meyer,Andrew,Andrew,Meyer
2025,MIA,00-0039486,Grayson Murphy,Grayson,Grayson,Murphy
2025,MIA,00-0039489,Hayden Rucci,Hayden,Hayden,Rucci
2025,MIA,00-0039497,Derrick McLendon,Derrick,Derrick,McLendon
2025,MIA,00-0039805,Jason Maitre,Jason,Jason,Maitre
2025,MIA,00-0039874,Jaylen Wright,Jaylen,Jaylen,Wright
2025,MIA,00-0039880,Malik Washington,Malik,Malik,Washington
2025,MIA,00-0039884,Tahj Washington,Tahj,Tahj,Washington
2025,MIA,00-0039899,Patrick Paul,Patrick,Patrick,Paul
2025,MIA,00-0039911,Chop Robinson,Demeioun,Chop,Robinson
2025,MIA,00-0039933,Bayron Matos,Bayron,Bayron,Matos
2025,MIA,00-0040066,Jackson Woodard,Jackson,Jackson,Woodard
2025,MIA,00-0040127,Kenneth Grant,Kenneth,Kenneth,Grant
2025,MIA,00-0040175,Jordan Phillips,Jordan,Jordan,Phillips
2025,MIA,00-0040178,Jason Marshall Jr.,Jason,Jason,Marshall
2025,MIA,00-0040182,Dante Trader Jr.,Dante,Dante,Trader
2025,MIA,00-0040198,Ollie Gordon II,Ollie,Ollie,Gordon
2025,MIA,00-0040222,Cam Miller,Camden,Cam,Miller
2025,MIA,00-0040234,Quinn Ewers,Quinn,Quinn,Ewers
2025,MIA,00-0040248,Zeek Biggers,Andre,Zeek,Biggers
2025,MIA,00-0040284,Jack Henderson,Jack,Jack,Henderson
2025,MIA,00-0040297,BJ Adams,Brandon,B.J.,Adams
2025,MIA,00-0040298,Andrew Armstrong,Andrew,Andrew,Armstrong
2025,MIA,00-0040299,Eugene Asante,Eugene,Eugene,Asante
2025,MIA,00-0040301,Jalin Conyers,Jalin,Jalin,Conyers
2025,MIA,00-0040302,A.J. Henning,A.J.,A.J.,Henning
2025,MIA,00-0040304,Alex Huntley,Alex,Alex,Huntley
2025,MIA,00-0040307,Josh Priebe,Josh,Josh,Priebe
2025,MIA,00-0040308,Ethan Robinson,Louis,Ethan,Robinson
2025,MIA,00-0040310,John Saunders Jr.,John,John,Saunders
2025,MIA,00-0040311,Theo Wease Jr.,Theo,Theo,Wease
2025,MIA,00-0040312,Addison West,Addison,Addison,West
2025,MIA,00-0040400,Donovan Edwards,Donovan,Donovan,Edwards
2025,MIA,00-0040413,K.C. Ossai,Favour,K.C.,Ossai
2025,MIA,00-0040519,Clarence Lewis,Clarence,Clarence,Lewis
2025,MIA,00-0040545,Simeon Barrow Jr.,Simeon,Simeon,Barrow
2025,MIA,00-0040742,Jonah Savaiinaea,Jonah,Jonah,Savaiinaea
2025,MIN,00-0029606,Harrison Smith,Harrison,Harrison,Smith
2025,MIN,00-0029714,Andrew DePaola,Andrew,Andrew,DePaola
2025,MIN,00-0030035,Adam Thielen,Adam,Adam,Thielen
2025,MIN,00-0032383,Ryan Kelly,Ryan,Ryan,Kelly
2025,MIN,00-0032394,Nick Vannett,Nicholas,Nick,Vannett
2025,MIN,00-0032918,C.J. Ham,Cortez,C.J.,Ham
2025,MIN,00-0032950,Carson Wentz,Carson,Carson,Wentz
2025,MIN,00-0033109,Javon Hargrave,Javon,Javon,Hargrave
2025,MIN,00-0033293,Aaron Jones,Aaron,Aaron,Jones
2025,MIN,00-0033336,Eric Wilson,Eric,Eric,Wilson
2025,MIN,00-0033523,Jonathan Allen,Jonathan,Jonathan,Allen
2025,MIN,00-0033918,Fabian Moreau,Fabian,Fabian,Moreau
2025,MIN,00-0034158,Brian O'Neill,Brian,Brian,O'Neill
2025,MIN,00-0034488,Tavierre Thomas,Tavierre,Tavierre,Thomas
2025,MIN,00-0034899,John Wolford,John,John,Wolford
2025,MIN,00-0034955,Brett Rypien,Brett,Brett,Rypien
2025,MIN,00-0034989,Justin Skule,Justin,Justin,Skule
2025,MIN,00-0035073,Jonathan Harris,Jonathan,Jonathan,Harris
2025,MIN,00-0035229,T.J. Hockenson,Thomas,T.J.,Hockenson
2025,MIN,00-0035236,Byron Murphy,Byron,Byron,Murphy
2025,MIN,00-0035249,Josh Oliver,Josh,Josh,Oliver
2025,MIN,00-0035272,Andrew Van Ginkel,Andrew,Andrew,Van Ginkel
2025,MIN,00-0035276,Blake Cashman,Blake,Blake,Cashman
2025,MIN,00-0035328,Matt Nelson,Matt,Matt,Nelson
2025,MIN,00-0035468,Zack Bailey,Zackary,Zack,Bailey
2025,MIN,00-0035646,Sione Takitaki,Sione,Sione,Takitaki
2025,MIN,00-0035956,Giovanni Ricci,Giovanni,Giovanni,Ricci
2025,MIN,00-0036045,Cam Gill,Cameron,Cam,Gill
2025,MIN,00-0036222,Isaiah Rodgers,Isaiah,Isaiah,Rodgers
2025,MIN,00-0036224,Jonathan Greenard,Jonathan,Jonathan,Greenard
2025,MIN,00-0036274,Jeff Okudah,Jeffrey,Jeff,Okudah
2025,MIN,00-0036322,Justin Jefferson,Justin,Justin,Jefferson
2025,MIN,00-0036347,Blake Brandel,Blake,Blake,Brandel
2025,MIN,00-0036348,Josh Metellus,Joshua,Josh,Metellus
2025,MIN,00-0036395,K'Von Wallace,K'Von,K'Von,Wallace
2025,MIN,00-0036414,Cam Akers,Cam,Cam,Akers
2025,MIN,00-0036483,Will Fries,Will,Will,Fries
2025,MIN,00-0036497,Tim Jones,Tim,Tim,Jones
2025,MIN,00-0036605,Max Pircher,Max,Max,Pircher
2025,MIN,00-0036616,Christian Darrisaw,Christian,Christian,Darrisaw
2025,MIN,00-0036936,Rondale Moore,Rondale,Rondale,Moore
2025,MIN,00-0037184,Josh Ross,Josh,Josh,Ross
2025,MIN,00-0037266,Matt Waletzko,Matt,Matt,Waletzko
2025,MIN,00-0037276,Ty Chandler,Ty,Ty,Chandler
2025,MIN,00-0037291,Jalen Nailor,Jalen,Jalen,Nailor
2025,MIN,00-0037301,Theo Jackson,Theo,Theo,Jackson
2025,MIN,00-0037500,Ryan Wright,Ryan,Ryan,Wright
2025,MIN,00-0037509,Sincere McCormick,Sincere,Sincere,McCormick
2025,MIN,00-0037525,Jordan Mason,Jordan,Jordan,Mason
2025,MIN,00-0037591,Leroy Watson IV,Leroy,Leroy,Watson
2025,MIN,00-0038122,Desmond Ridder,Desmond,Desmond,Ridder
2025,MIN,00-0038181,Lucky Jackson,Dontavian,Lucky,Jackson
2025,MIN,00-0038405,Travis Bell,Travis,Travis,Bell
2025,MIN,00-0038440,Zavier Scott,Zavier,Zavier,Scott
2025,MIN,00-0038523,Kahlef Hailassie,Kahlef,Kahlef,Hailassie
2025,MIN,00-0038578,Jay Ward,Jay,Jay,Ward
2025,MIN,00-0038727,Xazavian Valladay,Xazavian,Xazavian,Valladay
2025,MIN,00-0038778,Jalen Redmond,Jalen,Jalen,Redmond
2025,MIN,00-0038785,Henry Byrd,Henry,Henry,Byrd
2025,MIN,00-0038807,Ivan Pace Jr.,Ivan,Ivan,Pace
2025,MIN,00-0038809,Ben Sims,Ben,Ben,Sims
2025,MIN,00-0038994,Jordan Addison,Jordan,Jordan,Addison
2025,MIN,00-0039292,Shemar Bartholomew,Shemar,Shemar,Bartholomew
2025,MIN,00-0039404,Will Reichard,William,Will,Reichard
2025,MIN,00-0039419,Michael Jurgens,Michael,Michael,Jurgens
2025,MIN,00-0039421,Levi Drake Rodriguez,Levi,Levi Drake,Rodriguez
2025,MIN,00-0039586,Tyrek Funderburk,Tyrek,Tyrek,Funderburk
2025,MIN,00-0039710,Jeshaun Jones,Jeshaun,Jeshaun,Jones
2025,MIN,00-0039714,Dwight McGlothern,Dwight,Dwight,McGlothern
2025,MIN,00-0039715,Gabriel Murphy,Gabriel,Gabriel,Murphy
2025,MIN,00-0039718,Bo Richter,Bo,Bo,Richter
2025,MIN,00-0039720,Taki Taimani,Sam,Taki,Taimani
2025,MIN,00-0039828,Walter Rouse,Walter,Walter,Rouse
2025,MIN,00-0039923,J.J. McCarthy,Jonathan,J.J.,McCarthy
2025,MIN,00-0039924,Dallas Turner,Dallas,Dallas,Turner
2025,MIN,00-0040154,Tai Felton,Tai'shar,Tai,Felton
2025,MIN,00-0040173,Tyrion Ingram-Dawkins,Tyrion,Tyrion,Ingram-Dawkins
2025,MIN,00-0040214,Kobe King,Kobe,Kobe,King
2025,MIN,00-0040215,Gavin Bartholomew,Gavin,Gavin,Bartholomew
2025,MIN,00-0040370,Caleb Etienne,Caleb,Caleb,Etienne
2025,MIN,00-0040443,Joaquin Davis,Joaquin,Joaquin,Davis
2025,MIN,00-0040492,Tyler Batty,Tyler,Tyler,Batty
2025,MIN,00-0040494,Max Brosmer,Max,Max,Brosmer
2025,MIN,00-0040496,Chaz Chambliss,Charles,Chaz,Chambliss
2025,MIN,00-0040497,Zeke Correll,Ezekiel,Zeke,Correll
2025,MIN,00-0040498,Dontae Fleming,Dontae,Dontae,Fleming
2025,MIN,00-0040499,Keenan Garber,Keenan,Keenan,Garber
2025,MIN,00-0040500,Joe Huber,Joe,Joe,Huber
2025,MIN,00-0040501,Austin Keys,Austin,Austin,Keys
2025,MIN,00-0040502,Robert Lewis,Robert,Robert,Lewis
2025,MIN,00-0040504,Bryson Nesbit,Bryson,Bryson,Nesbit
2025,MIN,00-0040505,Mishael Powell,Mishael,Mishael,Powell
2025,MIN,00-0040506,Myles Price,Myles,Myles,Price
2025,MIN,00-0040507,Zemaiah Vaughn,Zemaiah,Zemaiah,Vaughn
2025,MIN,00-0040508,Alex Williams,Alexander,Alex,Williams
2025,MIN,00-0040509,Ben Yurosek,Benjamin,Ben,Yurosek
2025,MIN,00-0040526,Tre Stewart,Tre,Tre,Stewart
2025,MIN,00-0040556,Corey Kiner,Corey,Corey,Kiner
2025,MIN,00-0040624,Elijah Williams,Elijah,Elijah,Williams
2025,MIN,00-0040661,Donovan Jackson,Donovan,Donovan,Jackson
2025,MIN,00-0040664,Michael Gonzalez,Michael,Michael,Gonzalez
2025,MIN,00-0040712,Vershon Lee,Vershon,Vershon,Lee
2025,MIN,00-0040768,Oscar Chapman,Oscar,Oscar,Chapman
2025,NE,00-0031330,Morgan Moses,Morgan,Morgan,Moses
2025,NE,00-0031588,Stefon Diggs,Stefon,Stefon,Diggs
2025,NE,00-0032392,Austin Hooper,Austin,Austin,Hooper
2025,NE,00-0032432,Wes Schweitzer,Weston,Wes,Schweitzer
2025,NE,00-0033090,Hunter Henry,Hunter,Hunter,Henry
2025,NE,00-0033307,Kendrick Bourne,Kendrick,Kendrick,Bourne
2025,NE,00-0033555,Mack Hollins,Mack,Mack,Hollins
2025,NE,00-0033883,Jabrill Peppers,Jabrill,Jabrill,Peppers
2025,NE,00-0033949,Joshua Dobbs,Robert,Joshua,Dobbs
2025,NE,00-0034487,Trent Sherfield,Trent,Trent,Sherfield
2025,NE,00-0034720,Robert Spillane,Robert,Robert,Spillane
2025,NE,00-0034778,Carlton Davis III,Carlton,Carlton,Davis
2025,NE,00-0034828,Harold Landry III,Harold,Harold,Landry
2025,NE,00-0035157,Darius Harris,Darius,Darius,Harris
2025,NE,00-0035240,Jahlani Tavai,Jahlani,Jahlani,Tavai
2025,NE,00-0035567,Craig Reynolds,Craig,Craig,Reynolds
2025,NE,00-0035588,Garrett Bradbury,Garrett,Garrett,Bradbury
2025,NE,00-0035628,D'Ernest Johnson,D'Ernest,D'Ernest,Johnson
2025,NE,00-0035633,Corey Ballentine,Corey,Corey,Ballentine
2025,NE,00-0035881,Yasir Durant,Yasir,Yasir,Durant
2025,NE,00-0035924,Jonathan Ward,Jonathan,Jonathan,Ward
2025,NE,00-0036093,Bill Murray,Bill,Bill,Murray
2025,NE,00-0036193,Anfernee Jennings,Anfernee,Anfernee,Jennings
2025,NE,00-0036198,Mike Onwenu,Michael,Michael,Onwenu
2025,NE,00-0036231,Kyle Dugger,Kyle,Kyle,Dugger
2025,NE,00-0036286,K'Lavon Chaisson,K'Lavon,K'Lavon,Chaisson
2025,NE,00-0036302,Jaylinn Hawkins,Jaylinn,Jaylinn,Hawkins
2025,NE,00-0036328,Antonio Gibson,Antonio,Antonio,Gibson
2025,NE,00-0036413,Darrell Taylor,Darrell,Darrell,Taylor
2025,NE,00-0036567,Elijah Mitchell,Elijah,Elijah,Mitchell
2025,NE,00-0036631,Royce Newman,Royce,Royce,Newman
2025,NE,00-0036636,Brenden Jaimes,Brenden,Brenden,Jaimes
2025,NE,00-0036775,Brandon Smith,Brandon,Brandon,Smith
2025,NE,00-0036813,Christian Elliss,Christian,Christian,Elliss
2025,NE,00-0036875,Rhamondre Stevenson,Rhamondre,Rhamondre,Stevenson
2025,NE,00-0036909,Khyiris Tonga,Khyiris,Khyiris,Tonga
2025,NE,00-0036916,Milton Williams,Milton,Milton,Williams
2025,NE,00-0036922,Patrick Johnson,Patrick,Patrick,Johnson
2025,NE,00-0036961,Richie Grant,Richie,Richie,Grant
2025,NE,00-0036981,Christian Barmore,Christian,Christian,Barmore
2025,NE,00-0037167,Tyrese Robinson,Tyrese,Tyrese,Robinson
2025,NE,00-0037205,Brenden Schooler,Brenden,Brenden,Schooler
2025,NE,00-0037253,Marcus Jones,Marcus,Marcus,Jones
2025,NE,00-0037287,Vederian Lowe,Vederian,Vederian,Lowe
2025,NE,00-0037316,Mark Robinson,Mark,Mark,Robinson
2025,NE,00-0037322,Thayer Munford Jr.,Thayer,Thayer,Munford
2025,NE,00-0037381,Sebastian Gutierrez,Sebastian,Sebastian,Gutierrez
2025,NE,00-0037410,Jashaun Corbin,Jashaun,Jashaun,Corbin
2025,NE,00-0037413,Ben Brown,Ben,Ben,Brown
2025,NE,00-0037506,Cole Fotheringham,Cole,Cole,Fotheringham
2025,NE,00-0037542,John Parker Romo,John Parker,John Parker,Romo
2025,NE,00-0037572,Alec Lindstrom,Alec,Alec,Lindstrom
2025,NE,00-0037596,Jack Gibbens,Jack,Jack,Gibbens
2025,NE,00-0037605,Andrew Rupcich,Andrew,Andrew,Rupcich
2025,NE,00-0037711,Jeremiah Pharms,Jeremiah,Jeremiah,Pharms
2025,NE,00-0037711,Jeremiah Pharms Jr.,Jeremiah,Jeremiah,Pharms
2025,NE,00-0037811,Chad Muma,Chad,Chad,Muma
2025,NE,00-0038145,Thomas Odukoya,Thomas,Thomas,Odukoya
2025,NE,00-0038426,Lorenz Metz,Lorenz,Lorenz,Metz
2025,NE,00-0038476,Tommy DeVito,Tommy,Tommy,DeVito
2025,NE,00-0038514,Truman Jones,Truman,Truman,Jones
2025,NE,00-0038518,Deneric Prince,Deneric,Deneric,Prince
2025,NE,00-0038584,Jaquelin Roy,Jaquelin,Jaquelin,Roy
2025,NE,00-0038608,Kayshon Boutte,Kayshon,Kayshon,Boutte
2025,NE,00-0038610,Bryce Baringer,Bryce,Bryce,Baringer
2025,NE,00-0038621,DeMario Douglas,Demario,Demario,Douglas
2025,NE,00-0038641,Isaiah Bolden,Isaiah,Isaiah,Bolden
2025,NE,00-0038646,Alex Austin,Alex,Alex,Austin
2025,NE,00-0038653,Cory Durden,Cory,Cory,Durden
2025,NE,00-0038851,Caleb Murphy,Caleb,Caleb,Murphy
2025,NE,00-0038853,Otis Reese,Otis,Otis,Reese
2025,NE,00-0039054,Marte Mapu,Marte,Marte,Mapu
2025,NE,00-0039147,Christian Gonzalez,Christian,Christian,Gonzalez
2025,NE,00-0039148,Keion White,Keion,Keion,White
2025,NE,00-0039289,Leonard Taylor III,Leonard,Leonard,Taylor
2025,NE,00-0039305,Jack Westover,Jack,Jack,Westover
2025,NE,00-0039312,Miles Battle,Miles,Miles,Battle
2025,NE,00-0039319,Fabien Lovett Sr.,Fabien,Fabien,Lovett
2025,NE,00-0039390,Marcellas Dial Jr.,Marcellas,Marcellas,Dial
2025,NE,00-0039415,Brenden Rice,Brenden,Brenden,Rice
2025,NE,00-0039420,Jaheim Bell,Jaheim,Jaheim,Bell
2025,NE,00-0039505,John Jiles,John,John,Jiles
2025,NE,00-0039539,Amari Gainer,Amari,Amari,Gainer
2025,NE,00-0039644,Isaiah Iton,Isaiah,Isaiah,Iton
2025,NE,00-0039692,Dell Pettus,Dell,Dell,Pettus
2025,NE,00-0039757,Terrell Jennings,Terrell,Terrell,Jennings
2025,NE,00-0039770,Charles Woods,Charles,Charles,Woods
2025,NE,00-0039800,DJ James,D.J.,D.J.,James
2025,NE,00-0039851,Drake Maye,Drake,Drake,Maye
2025,NE,00-0039853,Javon Baker,Javon,Javon,Baker
2025,NE,00-0039863,Caedan Wallace,Caedan,Caedan,Wallace
2025,NE,00-0039887,Layden Robinson,Layden,Layden,Robinson
2025,NE,00-0039907,Ja'Lynn Polk,Ja'Lynn,Ja'Lynn,Polk
2025,NE,00-0039938,David Olajiga,David,David,Olajiga
2025,NE,00-0040038,Tyron Herring,Tyron,Tyron,Herring
2025,NE,00-0040060,Marshall Lang,Marshall,Marshall,Lang
2025,NE,00-0040131,Kyle Williams,Kyle,Kyle,Williams
2025,NE,00-0040147,Jared Wilson,Jared,Jared,Wilson
2025,NE,00-0040171,Joshua Farmer,Joshua,Joshua,Farmer
2025,NE,00-0040176,Bradyn Swinson,Bradyn,Bradyn,Swinson
2025,NE,00-0040200,Andy Borregales,Andres,Andy,Borregales
2025,NE,00-0040226,Marcus Bryant,Marcus,Marcus,Bryant
2025,NE,00-0040246,Julian Ashby,Julian,Julian,Ashby
2025,NE,00-0040252,Kobee Minor,Kobee,Kobee,Minor
2025,NE,00-0040310,John Saunders Jr.,John,John,Saunders
2025,NE,00-0040371,Eric Gregory,Eric,Eric,Gregory
2025,NE,00-0040455,Rushawn Baker,Rushawn,Rushawn,Baker
2025,NE,00-0040510,Micah Bernard,Micah,Micah,Bernard
2025,NE,00-0040511,Philip Blidi,Philip,Philip,Blidi
2025,NE,00-0040563,Efton Chism III,Efton,Efton,Chism
2025,NE,00-0040564,Jack Conley,John,Jack,Conley
2025,NE,00-0040565,Brandon Crossley,Brandon,Brandon,Crossley
2025,NE,00-0040566,CJ Dippre,C.J.,C.J.,Dippre
2025,NE,00-0040567,Brock Lampe,Brock,Brock,Lampe
2025,NE,00-0040568,Lan Larison,Lan,Lan,Larison
2025,NE,00-0040569,Ben Wooldridge,Ben,Ben,Wooldridge
2025,NE,00-0040570,Jeremiah Webb,Jeremiah,Jeremiah,Webb
2025,NE,00-0040571,Gee Scott Jr.,Gee,Gee,Scott
2025,NE,00-0040572,Jahvaree Ritzie,Jahvaree,Jahvaree,Ritzie
2025,NE,00-0040573,Cam Riley,Cam,Cam,Riley
2025,NE,00-0040574,Elijah Ponder,Elijah,Elijah,Ponder
2025,NE,00-0040575,Jordan Polk,Jordan,Jordan,Polk
2025,NE,00-0040593,Mehki Butler,Mehki,Mehki,Butler
2025,NE,00-0040681,R.J. Moten,R.J.,R.J.,Moten
2025,NE,00-0040699,Will Campbell,Will,Will,Campbell
2025,NE,00-0040716,Craig Woodson,Craig,Craig,Woodson
2025,NE,00-0040734,TreVeyon Henderson,TreVeyon,TreVeyon,Henderson
2025,NE,00-0040775,Shane Watts,Shane,Shane,Watts
2025,NE,00-0040779,Phil Lutz,Philip,Phil,Lutz
2025,NO,00-0027962,Cameron Jordan,Cameron,Cameron,Jordan
2025,NO,00-0029607,Demario Davis,Demario,Demario,Davis
2025,NO,00-0030459,Tyrann Mathieu,Tyrann,Tyrann,Mathieu
2025,NO,00-0031236,Brandin Cooks,Brandin,Brandin,Cooks
2025,NO,00-0031280,Derek Carr,Derek,Derek,Carr
2025,NO,00-0033063,Zach Wood,Zach,Zach,Wood
2025,NO,00-0033093,Jonathan Bullard,Jonathan,Jonathan,Bullard
2025,NO,00-0033357,Taysom Hill,Taysom,Taysom,Hill
2025,NO,00-0033697,Michael Davis,Michael,Michael,Davis
2025,NO,00-0033860,Davon Godchaux,Davon,Davon,Godchaux
2025,NO,00-0033888,Ryan Ramczyk,Ryan,Ryan,Ramczyk
2025,NO,00-0033906,Alvin Kamara,Alvin,Alvin,Kamara
2025,NO,00-0034361,Justin Reid,Justin,Justin,Reid
2025,NO,00-0034367,Nyheim Hines,Nyheim,Nyheim,Miller-Hines
2025,NO,00-0034418,Cedrick Wilson Jr.,Cedrick,Cedrick,Wilson
2025,NO,00-0034436,Will Clapp,William,Will,Clapp
2025,NO,00-0034760,Nathan Shepherd,Nathan,Nathan,Shepherd
2025,NO,00-0034780,Isaac Yiadom,Isaac,Isaac,Yiadom
2025,NO,00-0034860,Dante Pettis,Dante,Dante,Pettis
2025,NO,00-0034981,Foster Moreau,Foster,Foster,Moreau
2025,NO,00-0035142,Ugo Amadi,Ugochukwu,Ugochukwu,Amadi
2025,NO,00-0035242,Erik McCoy,Erik,Erik,McCoy
2025,NO,00-0035402,Carl Granderson,Carl,Carl,Granderson
2025,NO,00-0035944,Jonah Williams,Jonah,Jonah,Williams
2025,NO,00-0036040,Juwan Johnson,Juwan,Juwan,Johnson
2025,NO,00-0036170,Mike Panasiuk,Mike,Mike,Panasiuk
2025,NO,00-0036253,Julian Blackmon,Julian,Julian,Blackmon
2025,NO,00-0036321,Chase Young,Chase,Chase,Young
2025,NO,00-0036397,Shane Lemieux,Shane,Shane,Lemieux
2025,NO,00-0036408,Cesar Ruiz,Cesar,Cesar,Ruiz
2025,NO,00-0036414,Cam Akers,Cam,Cam,Akers
2025,NO,00-0036421,Terrell Burgess,Terrell,Terrell,Burgess
2025,NO,00-0036535,Will Sherman,William,William,Sherman
2025,NO,00-0036619,Dillon Radunz,Dillon,Dillon,Radunz
2025,NO,00-0036741,Jack Stoll,Jack,Jack,Stoll
2025,NO,00-0036867,Chris Rumph II,Chris,Chris,Rumph
2025,NO,00-0036927,Pete Werner,Pete,Pete,Werner
2025,NO,00-0036930,Landon Young,Landon,Landon,Young
2025,NO,00-0037022,Michael Jacobson,Michael,Michael,Jacobson
2025,NO,00-0037098,Samori Toure,Samori,Samori,Toure
2025,NO,00-0037231,Kevin Austin Jr.,Kevin,Kevin,Austin
2025,NO,00-0037239,Chris Olave,Chris,Chris,Olave
2025,NO,00-0037241,Trevor Penning,Trevor,Trevor,Penning
2025,NO,00-0037283,John Ridgeway,John,John,Ridgeway
2025,NO,00-0037340,Zaire Mitchell-Paden,Zaire,Zaire,Mitchell-Paden
2025,NO,00-0037455,Seth Green,Seth,Seth,Green
2025,NO,00-0037544,Nephi Sewell,Nephi,Nephi,Sewell
2025,NO,00-0037545,Rashid Shaheed,Rashid,Rashid,Shaheed
2025,NO,00-0037603,Jayden Peevy,Jayden,Jayden,Peevy
2025,NO,00-0037745,Velus Jones Jr.,Velus,Velus,Jones
2025,NO,00-0037814,Luke Fortner,Luke,Luke,Fortner
2025,NO,00-0038097,Cade York,Cade,Cade,York
2025,NO,00-0038121,Alontae Taylor,Alontae,Alontae,Taylor
2025,NO,00-0038304,Barry Wesley,Barry,Barry,Wesley
2025,NO,00-0038397,Evan Hull,Evan,Evan,Hull
2025,NO,00-0038551,Kendre Miller,Kendre,Kendre,Miller
2025,NO,00-0038566,Nick Saldiveri,Nick,Nick,Saldiveri
2025,NO,00-0038588,Jordan Howden,Jordan,Jordan,Howden
2025,NO,00-0038601,Asim Richards,Asim,Asim,Richards
2025,NO,00-0038647,Ronnie Bell,Ronnie,Ronnie,Bell
2025,NO,00-0038667,Elijah Cooks,Elijah,Elijah,Cooks
2025,NO,00-0038693,Garrett Nelson,Garrett,Garrett,Nelson
2025,NO,00-0038716,Jeremiah Martin,Jeremiah,Jeremiah,Martin
2025,NO,00-0038781,Rejzohn Wright,Rejzohn,Rejzohn,Wright
2025,NO,00-0038782,Eku Leota,Andrew,Eku,Leota
2025,NO,00-0038905,Blake Grupe,Blake,Blake,Grupe
2025,NO,00-0038995,Bryan Bresee,Bryan,Bryan,Bresee
2025,NO,00-0038998,Jake Haener,Jake,Jake,Haener
2025,NO,00-0039052,Trey Palmer,Trey,Trey,Palmer
2025,NO,00-0039143,Isaiah Foskey,Isaiah,Isaiah,Foskey
2025,NO,00-0039229,Charlie Smyth,Charles,Charlie,Smyth
2025,NO,00-0039339,Taliese Fuaga,Taliese,Taliese,Fuaga
2025,NO,00-0039373,Audric Estimé,Audric,Audric,Estime
2025,NO,00-0039376,Spencer Rattler,Spencer,Spencer,Rattler
2025,NO,00-0039386,Bub Means,Jerrod,Bub,Means
2025,NO,00-0039388,Jaylan Ford,Jaylan,Jaylan,Ford
2025,NO,00-0039392,Jha'Quan Jackson,Jha'quan,Jha'Quan,Jackson
2025,NO,00-0039401,Khristian Boyd,Khristian,Khristian,Boyd
2025,NO,00-0039424,Devaughn Vele,Devaughn,Devaughn,Vele
2025,NO,00-0039428,Josiah Ezirim,Josiah,Josiah,Ezirim
2025,NO,00-0039454,Beanie Bishop Jr.,Shannon,Beanie,Bishop
2025,NO,00-0039466,Ian Wheeler,Ian,Ian,Wheeler
2025,NO,00-0039518,Treyton Welch,Treyton,Treyton,Welch
2025,NO,00-0039622,Isaiah Stalbird,Isaiah,Isaiah,Stalbird
2025,NO,00-0039623,Mason Tipton,Mason,Mason,Tipton
2025,NO,00-0039624,Kyle Hergel,Kyle,Kyle,Hergel
2025,NO,00-0039702,Mason Pline,Mason,Mason,Pline
2025,NO,00-0039725,Jayden Price,Jayden,Jayden,Price
2025,NO,00-0039799,Sataoa Laumea,Sataoa,Sataoa,Laumea
2025,NO,00-0039860,Kool-Aid McKinstry,Kool-Aid,Kool-Aid,McKinstry
2025,NO,00-0039907,Ja'Lynn Polk,Ja'Lynn,Ja'Lynn,Polk
2025,NO,00-0040088,Coziah Izzard,Coziah,Coziah,Izzard
2025,NO,00-0040114,James Burnip,James,James,Burnip
2025,NO,00-0040125,Kelvin Banks Jr.,Kelvin,Kelvin,Banks
2025,NO,00-0040155,Danny Stutsman,Danny,Danny,Stutsman
2025,NO,00-0040166,Quincy Riley,Quincy,Quincy,Riley
2025,NO,00-0040202,Devin Neal,Devin,Devin,Neal
2025,NO,00-0040220,Tommy Mellott,Tommy,Tommy,Mellott
2025,NO,00-0040244,Moliki Matavao,Moliki,Moliki,Matavao
2025,NO,00-0040249,Fadil Diggs,Fadil,Fadil,Diggs
2025,NO,00-0040451,Xavier Truss,Xavier,Xavier,Truss
2025,NO,00-0040535,Dalys Beanum,Dalys,Dalys,Beanum
2025,NO,00-0040536,Jasheen Davis,Jasheen,Jasheen,Davis
2025,NO,00-0040537,Elliott Davison,Elliott,Elliott,Davison
2025,NO,00-0040538,Moochie Dixon,Kelvontay,Moochie,Dixon
2025,NO,00-0040539,Easton Kilty,Easton,Easton,Kilty
2025,NO,00-0040540,Tyreem Powell,Tyreem,Tyreem,Powell
2025,NO,00-0040541,Torricelli Simpkins III,Torricelli,Torricelli,Simpkins
2025,NO,00-0040542,Omari Thomas,Omari,Omari,Thomas
2025,NO,00-0040544,Marcus Yarns,Marcus,Marcus,Yarns
2025,NO,00-0040642,Vernon Broughton,Vernon,Vernon,Broughton
2025,NO,00-0040643,Jonas Sanker,Jonas,Jonas,Sanker
2025,NO,00-0040654,Kai Kroeger,Kai,Kai,Kroeger
2025,NO,00-0040656,Hunter Dekkers,Hunter,Hunter,Dekkers
2025,NO,00-0040743,Tyler Shough,Tyler,Tyler,Shough
2025,NO,00-0040760,Jonathan Mendoza,Jonathan,Jonathan,Mendoza
2025,NO,00-0040778,Roderick Daniels Jr.,Roderick,Roderick,Daniels
2025,NYG,00-0026858,Graham Gano,Graham,Graham,Gano
2025,NYG,00-0029263,Russell Wilson,Russell,Russell,Wilson
2025,NYG,00-0029685,Greg Van Roten,Gregory,Greg,Van Roten
2025,NYG,00-0030957,Casey Kreiter,Casey,Casey,Kreiter
2025,NYG,00-0031484,Chris Manhertz,Chris,Chris,Manhertz
2025,NYG,00-0031503,Jameis Winston,Jameis,Jameis,Winston
2025,NYG,00-0031740,Neville Hewitt,Neville,Neville,Hewitt
2025,NYG,00-0031957,Rakeem Nunez-Roches,Rakeem,Rakeem,Nunez-Roches
2025,NYG,00-0032667,Roy Robertson-Harris,Roy,Roy,Robertson-Harris
2025,NYG,00-0033290,Jermaine Eluemunor,Jermaine,Jermaine,Eluemunor
2025,NYG,00-0033582,Jeremiah Ledbetter,Jeremiah,Jeremiah,Ledbetter
2025,NYG,00-0033702,Younghoe Koo,Younghoe,Younghoe,Koo
2025,NYG,00-0033729,Cameron Johnston,Cameron,Cameron,Johnston
2025,NYG,00-0034112,Austin Schlottmann,Austin,Austin,Schlottmann
2025,NYG,00-0034407,Ray-Ray McCloud,Ray-Ray,Ray-Ray,McCloud
2025,NYG,00-0034668,Aaron Stinnie,Aaron,Aaron,Stinnie
2025,NYG,00-0034787,Chris Board,Christopher,Chris,Board
2025,NYG,00-0035020,Demetrius Flannigan-Fowles,Demetrius,Demetrius,Flannigan-Fowles
2025,NYG,00-0035042,Jamie Gillan,Jamie,Jamie,Gillan
2025,NYG,00-0035250,Devin Singletary,Devin,Devin,Singletary
2025,NYG,00-0035406,Lil'Jordan Humphrey,Lil'Jordan,Lil'Jordan,Humphrey
2025,NYG,00-0035535,Darius Slayton,Darius,Darius,Slayton
2025,NYG,00-0035645,Gunner Olszewski,Kaleb,Gunner,Olszewski
2025,NYG,00-0035683,Dexter Lawrence,Dexter,Dexter,Lawrence
2025,NYG,00-0035687,Bobby Okereke,Robert,Bobby,Okereke
2025,NYG,00-0035713,Brian Burns,Brian,Brian,Burns
2025,NYG,00-0035804,Jonas Griffith,Jonas,Jonas,Griffith
2025,NYG,00-0035924,Jonathan Ward,Jonathan,Jonathan,Ward
2025,NYG,00-0036165,Isaiah Hodgins,Isaiah,Isaiah,Hodgins
2025,NYG,00-0036246,Jon Runyan,Jon,Jon,Runyan
2025,NYG,00-0036386,Andrew Thomas,Andrew,Andrew,Thomas
2025,NYG,00-0036635,Ihmir Smith-Marsette,Ihmir,Ihmir,Smith-Marsette
2025,NYG,00-0036640,Zach Davidson,Zach,Zach,Davidson
2025,NYG,00-0036859,Jimmy Morrissey,Jimmy,Jimmy,Morrissey
2025,NYG,00-0036866,James Hudson,James,James,Hudson
2025,NYG,00-0036896,Victor Dimukeje,Victor,Victor,Dimukeje
2025,NYG,00-0036937,Paulson Adebo,Saiid,Paulson,Adebo
2025,NYG,00-0036982,Chauncey Golston,Chauncey,Chauncey,Golston
2025,NYG,00-0036998,Jevon Holland,Jevon,Jevon,Holland
2025,NYG,00-0037051,Elijah Garcia,Elijah,Elijah,Garcia
2025,NYG,00-0037259,Micah McFadden,Micah,Micah,McFadden
2025,NYG,00-0037260,DJ Davidson,D.J.,D.J.,Davidson
2025,NYG,00-0037272,Montrell Washington,Montrell,Montrell,Washington
2025,NYG,00-0037348,Tanner Conner,Tanner,Tanner,Conner
2025,NYG,00-0037447,Tomon Fox,Tomon,Tomon,Fox
2025,NYG,00-0037468,Raheem Layne,Raheem,Raheem,Layne
2025,NYG,00-0037611,Kayvon Thibodeaux,Kayvon,Kayvon,Thibodeaux
2025,NYG,00-0037612,Evan Neal,Evan,Evan,Neal
2025,NYG,00-0037758,Cordale Flott,Cordale,Cordale,Flott
2025,NYG,00-0037807,Joshua Ezeudu,Joshua,Joshua,Ezeudu
2025,NYG,00-0038115,Daniel Bellinger,Daniel,Daniel,Bellinger
2025,NYG,00-0038117,Wan'Dale Robinson,Charles,Wan'Dale,Robinson
2025,NYG,00-0038123,Dane Belton,Dane,Dane,Belton
2025,NYG,00-0038396,Eric Gray,Eric,Eric,Gray
2025,NYG,00-0038399,Zaire Barnes,Zaire,Zaire,Barnes
2025,NYG,00-0038401,Jarrick Bernard-Converse,Jarrick,Jarrick,Bernard-Converse
2025,NYG,00-0038403,Tre Hawkins III,Tre,Tre,Hawkins
2025,NYG,00-0038411,Anthony Johnson Jr.,Anthony,Anthony,Johnson
2025,NYG,00-0038477,Bryce Ford-Wheaton,Bryce,Bryce,Ford-Wheaton
2025,NYG,00-0038479,Dyontae Johnson,Dyontae,Dyontae,Johnson
2025,NYG,00-0038496,Xavier Gipson,Xavier,Xavier,Gipson
2025,NYG,00-0038506,Jordon Riley,Jordon,Jordon,Riley
2025,NYG,00-0038788,Art Green,Art,Art,Green
2025,NYG,00-0038824,Ryan Miller,Ryan,Ryan,Miller
2025,NYG,00-0038851,Caleb Murphy,Caleb,Caleb,Murphy
2025,NYG,00-0038914,McClendon Curtis,McClendon,McClendon,Curtis
2025,NYG,00-0038938,Jalin Hyatt,Jalin,Jalin,Hyatt
2025,NYG,00-0038986,Nic Jones,Nic,Nic,Jones
2025,NYG,00-0039000,Deonte Banks,Deonte,Deonte,Banks
2025,NYG,00-0039019,John Michael Schmitz,John Michael,John Michael,Schmitz
2025,NYG,00-0039230,Dante Miller,Dante,Dante,Miller
2025,NYG,00-0039241,Beau Brade,Beau,Beau,Brade
2025,NYG,00-0039306,Dee Williams,Dee,Dee,Williams
2025,NYG,00-0039313,Swayze Bozeman,Swayze,Swayze,Bozeman
2025,NYG,00-0039318,Curtis Jacobs,Curtis,Curtis,Jacobs
2025,NYG,00-0039337,Malik Nabers,Malik,Malik,Nabers
2025,NYG,00-0039384,Tyrone Tracy Jr.,Tyrone,Tyrone,Tracy
2025,NYG,00-0039446,Bryan Hudson,Bryan,Bryan,Hudson
2025,NYG,00-0039508,Jake Kubas,Jake,Jake,Kubas
2025,NYG,00-0039510,Casey Rogers,Casey,Casey,Rogers
2025,NYG,00-0039620,Rico Payton,Rico,Rico,Payton
2025,NYG,00-0039705,K.J. Cloyd,Kevon,K.J.,Cloyd
2025,NYG,00-0039764,Elijah Chatman,Elijah,Elijah,Chatman
2025,NYG,00-0039821,Andru Phillips,Andru,Andru,Phillips
2025,NYG,00-0039829,Darius Muasau,Darius,Darius,Muasau
2025,NYG,00-0039843,Qadir Ismail,Qadir,Qadir,Ismail
2025,NYG,00-0039847,Theo Johnson,Theodore,Theo,Johnson
2025,NYG,00-0039861,Tyler Nubin,Tyler,Tyler,Nubin
2025,NYG,00-0039881,Patrick McMorris,Patrick,Patrick,McMorris
2025,NYG,00-0039934,Jude McAtamney,Jude,Jude,McAtamney
2025,NYG,00-0040101,Reid Holskey,Reid,Reid,Holskey
2025,NYG,00-0040181,Marcus Mbow,Marcus,Marcus,Mbow
2025,NYG,00-0040225,Thomas Fidone II,Thomas,Thomas,Fidone
2025,NYG,00-0040243,Korie Black,Korie,Korie,Black
2025,NYG,00-0040253,Maximilian Mang,Maximilian,Maximilian,Mang
2025,NYG,00-0040257,LaMareon James,LaMareon,LaMareon,James
2025,NYG,00-0040430,Jordan Bly,Jordan,Jordan,Bly
2025,NYG,00-0040431,Dalen Cambre,Dalen,Dalen,Cambre
2025,NYG,00-0040432,Beaux Collins,Beaux,Beaux,Collins
2025,NYG,00-0040434,Trace Ford,Trace,Trace,Ford
2025,NYG,00-0040435,O'Donnell Fortune,O'Donnell,O'Donnell,Fortune
2025,NYG,00-0040437,Makari Paige,Makari,Makari,Paige
2025,NYG,00-0040438,Antwane Wells Jr.,Antwane,Antwane,Wells
2025,NYG,00-0040439,Jaison Williams,Jaison,Jaison,Williams
2025,NYG,00-0040456,Da'Quan Felton,Da'Quan,Da'Quan,Felton
2025,NYG,00-0040457,Jermaine Terry,Jermaine,Jermaine,Terry
2025,NYG,00-0040473,Myles Purchase,Myles,Myles,Purchase
2025,NYG,00-0040530,Ben Sauls,Ben,Ben,Sauls
2025,NYG,00-0040620,TJ Moore,Tremain,T.J.,Moore
2025,NYG,00-0040677,Abdul Carter,Abdul,Abdul,Carter
2025,NYG,00-0040691,Jaxson Dart,Jaxson,Jaxson,Dart
2025,NYG,00-0040694,Darius Alexander,Darius,Darius,Alexander
2025,NYG,00-0040715,Cam Skattebo,Cameron,Cam,Skattebo
2025,NYJ,00-0025565,Nick Folk,Nick,Nick,Folk
2025,NYJ,00-0028118,Tyrod Taylor,Tyrod,Tyrod,Taylor
2025,NYJ,00-0033260,Thomas Hennessy,Thomas,Thomas,Hennessy
2025,NYJ,00-0033943,Josh Reynolds,Joshua Dedmon-Reynolds,Josh,Reynolds
2025,NYJ,00-0034296,Ben Niemann,Ben,Ben,Niemann
2025,NYJ,00-0034357,Isaiah Oliver,Muhammad,Isaiah,Oliver
2025,NYJ,00-0034521,Allen Lazard,Allen,Allen,Lazard
2025,NYJ,00-0034768,Chukwuma Okorafor,Chukwuma,Chukwuma,Okorafor
2025,NYJ,00-0034782,Harrison Phillips,Harrison,Harrison,Phillips
2025,NYJ,00-0034959,Andrew Beck,Andrew,Andrew,Beck
2025,NYJ,00-0035150,Kris Boyd,Kris,Kris,Boyd
2025,NYJ,00-0035278,Byron Cowart,Byron,Byron,Cowart
2025,NYJ,00-0035341,Trenton Irwin,Trenton,Trenton,Irwin
2025,NYJ,00-0035346,Nik Needham,Nikolas,Nik,Needham
2025,NYJ,00-0035656,Khalen Saunders,Khalen,Khalen,Saunders
2025,NYJ,00-0035680,Quincy Williams,Quincy,Quincy,Williams
2025,NYJ,00-0035718,Quinnen Williams,Quinnen,Quinnen,Williams
2025,NYJ,00-0036300,Mykal Walker,Mykal,Mykal,Walker
2025,NYJ,00-0036369,John Simpson,John,John,Simpson
2025,NYJ,00-0036427,Tyler Johnson,Tyler,Tyler,Johnson
2025,NYJ,00-0036500,Jamien Sherwood,Jamien,Jamien,Sherwood
2025,NYJ,00-0036501,Michael Carter II,Michael,Michael,Carter
2025,NYJ,00-0036614,Jamin Davis,Jamin,Jamin,Davis
2025,NYJ,00-0036622,Josh Myers,Josh,Josh,Myers
2025,NYJ,00-0036775,Brandon Smith,Brandon,Brandon,Smith
2025,NYJ,00-0036842,Kene Nwangwu,Kene,Kene,Nwangwu
2025,NYJ,00-0036881,Jay Tufele,Jay,Jay,Tufele
2025,NYJ,00-0036885,Tre Brown,Tre,Tre,Brown
2025,NYJ,00-0036906,Khalil Herbert,Khalil,Khalil,Herbert
2025,NYJ,00-0036938,Rashad Weaver,Rashad,Rashad,Weaver
2025,NYJ,00-0036941,Andre Cisco,Andre,Andre,Cisco
2025,NYJ,00-0036945,Justin Fields,Justin,Justin,Fields
2025,NYJ,00-0036950,Avery Williams,Avery,Avery,Williams
2025,NYJ,00-0036979,Alijah Vera-Tucker,Alijah,Alijah,Vera-Tucker
2025,NYJ,00-0036987,Brandon Stephens,Brandon,Brandon,Stephens
2025,NYJ,00-0037136,Mario Goodrich,Mario,Mario,Goodrich
2025,NYJ,00-0037155,Tony Adams,Tony,Tony,Adams
2025,NYJ,00-0037156,Irvin Charles,Irvin,Irvin,Charles
2025,NYJ,00-0037190,Sauce Gardner,Ahmad,Ahmad,Gardner
2025,NYJ,00-0037307,Ja'Sir Taylor,Ja'Sir,Ja'Sir,Taylor
2025,NYJ,00-0037316,Mark Robinson,Mark,Mark,Robinson
2025,NYJ,00-0037317,Nick Muse,Nick,Nick,Muse
2025,NYJ,00-0037429,Raheem Blackshear,Raheem,Raheem,Blackshear
2025,NYJ,00-0037431,Kingsley Jonathan,Kingsley,Kingsley,Jonathan
2025,NYJ,00-0037475,Stone Smartt,Stone,Stone,Smartt
2025,NYJ,00-0037526,Marcelino McCrary-Ball,Marcelino,Marcelino,McCrary-Ball
2025,NYJ,00-0037601,Xavier Newman-Johnson,Xavier,Xavier,Newman-Johnson
2025,NYJ,00-0037614,John Metchie III,John,John,Metchie
2025,NYJ,00-0037663,Jermaine Johnson II,Jermaine,Jermaine,Johnson
2025,NYJ,00-0037740,Garrett Wilson,Garrett,Garrett,Wilson
2025,NYJ,00-0037748,Marquis Hayes,Marquis,Marquis,Hayes
2025,NYJ,00-0037755,Jelani Woods,Jelani,Jelani,Woods
2025,NYJ,00-0037805,Jeremy Ruckert,Jeremy,Jeremy,Ruckert
2025,NYJ,00-0037830,Samuel Womack,Samuel,Samuel,Womack
2025,NYJ,00-0038091,JT Woods,J.T.,J.T.,Woods
2025,NYJ,00-0038107,Micheal Clemons,Micheal,Micheal,Clemons
2025,NYJ,00-0038114,Max Mitchell,Max,Max,Mitchell
2025,NYJ,00-0038120,Breece Hall,Breece,Breece,Hall
2025,NYJ,00-0038194,Kohl Levao,Kohl,Kohl,Levao
2025,NYJ,00-0038223,Liam Fornadel,Liam,Liam,Fornadel
2025,NYJ,00-0038406,Zack Kuntz,Zack,Zack,Kuntz
2025,NYJ,00-0038496,Xavier Gipson,Xavier,Xavier,Gipson
2025,NYJ,00-0038513,Cam Jones,Cam,Cam,Jones
2025,NYJ,00-0038545,Mazi Smith,Mazi,Mazi,Smith
2025,NYJ,00-0038550,Hendon Hooker,Hendon,Hendon,Hooker
2025,NYJ,00-0038602,Chris Smith II,Christopher,Christopher,Smith
2025,NYJ,00-0038658,Adrian Martinez,Adrian,Adrian,Martinez
2025,NYJ,00-0038670,Samuel Jackson,Samuel,Samuel,Jackson
2025,NYJ,00-0038696,Keidron Smith,Keidron,Keidron,Smith
2025,NYJ,00-0038717,Tanner McCalister,Tanner,Tanner,McCalister
2025,NYJ,00-0038873,Pokey Wilson,Ontaria,Ontaria,Wilson
2025,NYJ,00-0039135,Ochaun Mathis,Ochaun,Ochaun,Mathis
2025,NYJ,00-0039142,Will McDonald IV,Will,Will,McDonald
2025,NYJ,00-0039145,Joe Tippmann,Joseph,Joe,Tippmann
2025,NYJ,00-0039245,Ryan Cooper Jr.,Ryan,Ryan,Cooper
2025,NYJ,00-0039284,Braiden McGregor,Braiden,Braiden,McGregor
2025,NYJ,00-0039285,Jarius Monroe,Jarius,Jarius,Monroe
2025,NYJ,00-0039288,Jackson Sirmon,Jackson,Jackson,Sirmon
2025,NYJ,00-0039289,Leonard Taylor III,Leonard,Leonard,Taylor
2025,NYJ,00-0039291,Eric Watts,Eric,Eric,Watts
2025,NYJ,00-0039372,Jarvis Brownlee Jr.,Jarvis,Jarvis,Brownlee
2025,NYJ,00-0039385,Keilan Robinson,Keilan,Keilan,Robinson
2025,NYJ,00-0039431,Jowon Briggs,Jowon,Jowon,Briggs
2025,NYJ,00-0039451,Isaiah Williams,Isaiah,Isaiah,Williams
2025,NYJ,00-0039498,Harrison Mevis,Harrison,Harrison,Mevis
2025,NYJ,00-0039634,Austin McNamara,Austin,Austin,McNamara
2025,NYJ,00-0039697,Jaylen Mahoney,Jaylen,Jaylen,Mahoney
2025,NYJ,00-0039782,Neal Johnson,Neal,Neal,Johnson
2025,NYJ,00-0039789,Qwan'tez Stiggers,Qwan'tez,Qwan'tez,Stiggers
2025,NYJ,00-0039790,Olumuyiwa Fashanu,Olumuyiwa,Olu,Fashanu
2025,NYJ,00-0039794,Braelon Allen,Braelon,Braelon,Allen
2025,NYJ,00-0039797,Jordan Travis,Jordan,Jordan,Travis
2025,NYJ,00-0039798,Isaiah Davis,Isaiah,Isaiah,Davis
2025,NYJ,00-0039890,Adonai Mitchell,Adonai,Adonai,Mitchell
2025,NYJ,00-0040092,Esa Pole,Christopher,Esa,Pole
2025,NYJ,00-0040123,Armand Membou,Armand,Armand,Membou
2025,NYJ,00-0040133,Azareye'h Thomas,Azareye'h,Azareye'h,Thomas
2025,NYJ,00-0040165,Malachi Moore,Malachi,Malachi,Moore
2025,NYJ,00-0040186,Francisco Mauigoa,Francisco,Francisco,Mauigoa
2025,NYJ,00-0040196,Tyler Baron,Tyler,Tyler,Baron
2025,NYJ,00-0040214,Kobe King,Kobe,Kobe,King
2025,NYJ,00-0040243,Korie Black,Korie,Korie,Black
2025,NYJ,00-0040396,Dean Clark,William,Dean,Clark
2025,NYJ,00-0040397,Jordan Clark,Jordan,Jordan,Clark
2025,NYJ,00-0040398,Brady Cook,Brady,Brady,Cook
2025,NYJ,00-0040401,Gus Hartwig,Gus,Gus,Hartwig
2025,NYJ,00-0040402,Dymere Miller,Dymere,Dymere,Miller
2025,NYJ,00-0040403,Fatorma Mulbah,Fatorma,Fatorma,Mulbah
2025,NYJ,00-0040404,Payton Page,Payton,Payton,Page
2025,NYJ,00-0040405,Jamaal Pritchett,Jamaal,Jamaal,Pritchett
2025,NYJ,00-0040406,Quentin Skinner,Quentin,Quentin,Skinner
2025,NYJ,00-0040407,Aaron Smith,Aaron,Aaron,Smith
2025,NYJ,00-0040408,Ja'Markis Weston,Ja'Markis,Ja'Markis,Weston
2025,NYJ,00-0040408,Ja'Markis Weston n,Ja'Markis,Ja'Markis,Weston
2025,NYJ,00-0040582,Arian Smith,Arian,Arian,Smith
2025,NYJ,00-0040665,Michael Fletcher,Michael,Michael,Fletcher
2025,NYJ,00-0040736,Mason Taylor,Mason,Mason,Taylor
2025,NYJ,00-0040758,Lawrance Toafili,Lawrance,Lawrance,Toafili
2025,NYJ,00-0040767,Leander Wiegand,Leander,Leander,Wiegand
2025,PHI,00-0027865,Brandon Graham,Brandon,Brandon,Graham
2025,PHI,00-0029008,Charley Hughlett,Robert,Charley,Hughlett
2025,PHI,00-0030561,Lane Johnson,Lane,Lane,Johnson
2025,PHI,00-0031576,Za'Darius Smith,Za'Darius,Za'Darius,Smith
2025,PHI,00-0033787,Jake Elliott,Jake,Jake,Elliott
2025,PHI,00-0033878,Adoree' Jackson,Adoree',Adoree',Jackson
2025,PHI,00-0034274,Parry Nickerson,Parry,Parry,Nickerson
2025,PHI,00-0034351,Dallas Goedert,Dallas,Dallas,Goedert
2025,PHI,00-0034417,Matt Pryor,Matthew,Matt,Pryor
2025,PHI,00-0034429,Jordan Mailata,Lafoga,Jordan,Mailata
2025,PHI,00-0034728,Jaire Alexander,Jaire,Jaire,Alexander
2025,PHI,00-0034807,Ogbo Okoronkwo,Ogbonnia,Ogbonnia,Okoronkwo
2025,PHI,00-0034844,Saquon Barkley,Saquon,Saquon,Barkley
2025,PHI,00-0034951,Fred Johnson,Fred,Fred,Johnson
2025,PHI,00-0034993,Marcus Epps,Marcus,Marcus,Epps
2025,PHI,00-0035384,Sua Opeta,Iosua,Iosua,Opeta
2025,PHI,00-0035676,A.J. Brown,Arthur,A.J.,Brown
2025,PHI,00-0035743,Brett Toth,Brett,Brett,Toth
2025,PHI,00-0036159,Joshua Uche,Joshua,Joshua,Uche
2025,PHI,00-0036265,AJ Dillon,Algiers,A.J.,Dillon
2025,PHI,00-0036271,Quez Watkins,Terrance,Quez,Watkins
2025,PHI,00-0036313,Braden Mann,Braden,Braden,Mann
2025,PHI,00-0036389,Jalen Hurts,Jalen,Jalen,Hurts
2025,PHI,00-0036418,Zack Baun,Zack,Zack,Baun
2025,PHI,00-0036501,Michael Carter II,Michael,Michael,Carter
2025,PHI,00-0036552,Azeez Ojulari,Azeez,Azeez,Ojulari
2025,PHI,00-0036876,Kylen Granson,Kylen,Kylen,Granson
2025,PHI,00-0036912,DeVonta Smith,DeVonta,DeVonta,Smith
2025,PHI,00-0036922,Patrick Johnson,Patrick,Patrick,Johnson
2025,PHI,00-0036934,Jaelan Phillips,Jaelan,Jaelan,Phillips
2025,PHI,00-0036948,Ta'Quon Graham,Ta'Quon,Ta'Quon,Graham
2025,PHI,00-0036950,Avery Williams,Avery,Avery,Williams
2025,PHI,00-0036955,Terrace Marshall Jr.,Terrace,Terrace,Marshall
2025,PHI,00-0037002,Landon Dickerson,Landon,Landon,Dickerson
2025,PHI,00-0037008,Ambry Thomas,Ambry,Ambry,Thomas
2025,PHI,00-0037073,Jordan Davis,Jordan,Jordan,Davis
2025,PHI,00-0037077,Sam Howell,Sam,Sam,Howell
2025,PHI,00-0037086,Grant Calcaterra,Grant,Grant,Calcaterra
2025,PHI,00-0037130,Reed Blankenship,Reed,Reed,Blankenship
2025,PHI,00-0037132,Britain Covey,Britain,Britain,Covey
2025,PHI,00-0037245,Lewis Cine,Lewis,Lewis,Cine
2025,PHI,00-0037312,Chance Campbell,Chance,Chance,Campbell
2025,PHI,00-0037317,Nick Muse,Nick,Nick,Muse
2025,PHI,00-0037412,Cal Adomitis,Cal,Cal,Adomitis
2025,PHI,00-0037613,Kenyon Green,Kenyon,Kenyon,Green
2025,PHI,00-0037614,John Metchie III,John,John,Metchie
2025,PHI,00-0037615,Nakobe Dean,Nakobe,Nakobe,Dean
2025,PHI,00-0037741,Jahan Dotson,Jahan,Jahan,Dotson
2025,PHI,00-0037828,Danny Gray,Danny,Danny,Gray
2025,PHI,00-0037833,Tariq Castro-Fields,Tariq,Tariq,Castro-Fields
2025,PHI,00-0038112,Cam Jurgens,Cameron,Cam,Jurgens
2025,PHI,00-0038386,Jalen Carter,Jalen,Jalen,Carter
2025,PHI,00-0038400,Tanner McKee,Tanner,Tanner,McKee
2025,PHI,00-0038404,Titus Leo,Titus,Titus,Leo
2025,PHI,00-0038412,Moro Ojomo,Morotoluwa,Moro,Ojomo
2025,PHI,00-0038487,Eli Ricks,Elias,Eli,Ricks
2025,PHI,00-0038489,Ben VanSumeren,Ben,Ben,VanSumeren
2025,PHI,00-0038496,Xavier Gipson,Xavier,Xavier,Gipson
2025,PHI,00-0038498,E.J. Jenkins,Emanuel,E.J.,Jenkins
2025,PHI,00-0038555,Tank Bigsby,Cartavious,Tank,Bigsby
2025,PHI,00-0038564,Cameron Latu,Cameron,Cameron,Latu
2025,PHI,00-0038581,KJ Henry,K.J.,K.J.,Henry
2025,PHI,00-0038583,Dorian Thompson-Robinson,Dorian,Dorian,Thompson-Robinson
2025,PHI,00-0038667,Elijah Cooks,Elijah,Elijah,Cooks
2025,PHI,00-0038771,Jacob Sykes,Jacob,Jacob,Sykes
2025,PHI,00-0038978,Byron Young,Byron,Byron,Young
2025,PHI,00-0039001,Tyler Steen,Tyler,Tyler,Steen
2025,PHI,00-0039002,Sydney Brown,Sydney,Sydney,Brown
2025,PHI,00-0039013,Nolan Smith,Nolan,Nolan,Smith
2025,PHI,00-0039072,Jakorian Bennett,Jakorian,Jakorian,Bennett
2025,PHI,00-0039135,Ochaun Mathis,Ochaun,Ochaun,Mathis
2025,PHI,00-0039140,Kelee Ringo,Kelee,Kelee,Ringo
2025,PHI,00-0039236,Johnny Wilson,Johnny,Johnny,Wilson
2025,PHI,00-0039265,Gabe Hall,Gabe,Gabe,Hall
2025,PHI,00-0039267,Andre' Sam,Andre',Andre',Sam
2025,PHI,00-0039373,Audric Estimé,Audric,Audric,Estime
2025,PHI,00-0039385,Keilan Robinson,Keilan,Keilan,Robinson
2025,PHI,00-0039420,Jaheim Bell,Jaheim,Jaheim,Bell
2025,PHI,00-0039432,Justin Rogers,Justin,Justin,Rogers
2025,PHI,00-0039685,A.J. Woods,Anthony,A.J.,Woods
2025,PHI,00-0039707,Dallas Gant,Dallas,Dallas,Gant
2025,PHI,00-0039740,Jalyx Hunt,Jalyx,Jalyx,Hunt
2025,PHI,00-0039746,Will Shipley,Will,Will,Shipley
2025,PHI,00-0039826,Jeremiah Trotter Jr.,Jeremiah,Jeremiah,Trotter
2025,PHI,00-0039841,Cooper DeJean,Cooper,Cooper,DeJean
2025,PHI,00-0039853,Javon Baker,Javon,Javon,Baker
2025,PHI,00-0039888,Quinyon Mitchell,Quinyon,Quinyon,Mitchell
2025,PHI,00-0039932,Laekin Vakalahi,Laekin,Laekin,Vakalahi
2025,PHI,00-0040013,Smael Mondon Jr.,Smael,Smael,Mondon
2025,PHI,00-0040014,Kyle McCord,Kyle,Kyle,McCord
2025,PHI,00-0040015,Myles Hinton,Myles,Myles,Hinton
2025,PHI,00-0040018,Antwaun Powell-Ryland,Antwuan,Antwaun,Powell-Ryland
2025,PHI,00-0040024,Darius Cooper,Darius,Darius,Cooper
2025,PHI,00-0040025,Lance Dixon,Lance,Lance,Dixon
2025,PHI,00-0040026,Maxen Hook,Maxen,Maxen,Hook
2025,PHI,00-0040027,Brandon Johnson,Brandon,Brandon,Johnson
2025,PHI,00-0040028,Montrell Johnson Jr.,Montrell,Montrell,Johnson
2025,PHI,00-0040030,Taylor Morin,Taylor,Taylor,Morin
2025,PHI,00-0040031,Hollin Pierce,Hollin,Hollin,Pierce
2025,PHI,00-0040032,ShunDerrick Powell,ShunDerrick,ShunDerrick,Powell
2025,PHI,00-0040071,Mac McWilliams,Mac,Mac,McWilliams
2025,PHI,00-0040276,Jereme Robinson,Jereme,Jereme,Robinson
2025,PHI,00-0040348,Joe Evans,Joe,Joe,Evans
2025,PHI,00-0040422,Jake Majors,Jake,Jake,Majors
2025,PHI,00-0040587,Drew Kendall,Andrew,Drew,Kendall
2025,PHI,00-0040631,Willie Lampkin,Willie,Willie,Lampkin
2025,PHI,00-0040662,Ty Robinson,Ty,Ty,Robinson
2025,PHI,00-0040687,Cameron Williams,Cameron,Cameron,Williams
2025,PHI,00-0040703,Ife Adeyi,Ife,Ife,Adeyi
2025,PHI,00-0040708,Jihaad Campbell,Jihaad,Jihaad,Campbell
2025,PHI,00-0040714,Luke Felix-Fualalo,Luke,Luke,Felix-Fualalo
2025,PHI,00-0040749,Andrew Mukuba,Andrew,Andrew,Mukuba
2025,PIT,00-0023459,Aaron Rodgers,Aaron,Aaron,Rodgers
2025,PIT,00-0027969,Cameron Heyward,Cameron,Cameron,Heyward
2025,PIT,00-0030035,Adam Thielen,Adam,Adam,Thielen
2025,PIT,00-0030062,Darius Slay,Darius,Darius,Slay
2025,PIT,00-0030431,Robert Woods,Robert,Robert,Woods
2025,PIT,00-0031136,Chris Boswell,Chris,Chris,Boswell
2025,PIT,00-0032203,Andrus Peat,Andrus,Andrus,Peat
2025,PIT,00-0032399,Miles Killebrew,Miles,Miles,Killebrew
2025,PIT,00-0032412,Dean Lowry,Dean,Dean,Lowry
2025,PIT,00-0032954,Isaac Seumalo,Isaac,Isaac,Seumalo
2025,PIT,00-0033055,Jalen Ramsey,Jalen,Jalen,Ramsey
2025,PIT,00-0033294,Chuck Clark,Charles,Chuck,Clark
2025,PIT,00-0033729,Cameron Johnston,Cameron,Cameron,Johnston
2025,PIT,00-0033858,Jonnu Smith,Jonnu,Jonnu,Smith
2025,PIT,00-0033883,Jabrill Peppers,Jabrill,Jabrill,Peppers
2025,PIT,00-0033886,T.J. Watt,Trent,T.J.,Watt
2025,PIT,00-0033946,David Sharpe,David,David,Sharpe
2025,PIT,00-0034051,Christian Kuntz,Christian,Christian,Kuntz
2025,PIT,00-0034251,Daniel Ekuale,Daniel,Daniel,Ekuale
2025,PIT,00-0034272,Marquez Valdes-Scantling,Marquez,Marquez,Valdes-Scantling
2025,PIT,00-0034277,DeShon Elliott,Armentae,DeShon,Elliott
2025,PIT,00-0034385,Ja'Whaun Bentley,Ja'Whaun,Ja'Whaun,Bentley
2025,PIT,00-0034438,Logan Woodside,Logan,Logan,Woodside
2025,PIT,00-0034756,Tre Flowers,Trequille,Tre,Flowers
2025,PIT,00-0034771,Mason Rudolph,Mason,Mason,Rudolph
2025,PIT,00-0034957,Calvin Anderson,Calvin,Calvin,Anderson
2025,PIT,00-0035245,Max Scharping,Max,Max,Scharping
2025,PIT,00-0035286,Cole Holcomb,Cole,Cole,Holcomb
2025,PIT,00-0035298,Scott Miller,Scott,Scott,Miller
2025,PIT,00-0035329,Donald Parham,Donald,Donald,Parham
2025,PIT,00-0035436,Matt Sokol,Matthew,Matt,Sokol
2025,PIT,00-0035625,Juan Thornhill,Juan,Juan,Thornhill
2025,PIT,00-0035640,DK Metcalf,DeKaylin,DK,Metcalf
2025,PIT,00-0035795,James Pierre,James,James,Pierre
2025,PIT,00-0035821,Corliss Waitman,Corliss,Corliss,Waitman
2025,PIT,00-0036148,Domenique Davis,Domenique,Domenique,Davis
2025,PIT,00-0036165,Isaiah Hodgins,Isaiah,Isaiah,Hodgins
2025,PIT,00-0036231,Kyle Dugger,Kyle,Kyle,Dugger
2025,PIT,00-0036280,Malik Harrison,Malik,Malik,Harrison
2025,PIT,00-0036323,Patrick Queen,Patrick,Patrick,Queen
2025,PIT,00-0036333,Alex Highsmith,Alex,Alex,Highsmith
2025,PIT,00-0036350,Kenny Willekes,Kenny,Kenny,Willekes
2025,PIT,00-0036396,Jack Driscoll,Jack,Jack,Driscoll
2025,PIT,00-0036504,Brandin Echols,Brandin,Brandin,Echols
2025,PIT,00-0036617,Asante Samuel Jr.,Asante,Asante,Samuel
2025,PIT,00-0036638,Darrick Forrest,Darrick,Darrick,Forrest
2025,PIT,00-0036647,Cornell Powell,Cornell,Cornell,Powell
2025,PIT,00-0036783,Ryan McCollum,Ryan,Ryan,McCollum
2025,PIT,00-0036802,Jon Rhattigan,Jon,Jon,Rhattigan
2025,PIT,00-0036843,Isaiahh Loudermilk,Isaiahh,Isaiahh,Loudermilk
2025,PIT,00-0036862,Ben Skowronek,Ben,Ben,Skowronek
2025,PIT,00-0036894,Pat Freiermuth,Pat,Pat,Freiermuth
2025,PIT,00-0036919,Kenneth Gainwell,Kenneth,Kenneth,Gainwell
2025,PIT,00-0036984,Trey Sermon,Trey,Trey,Sermon
2025,PIT,00-0037055,Lance McCutcheon,Lance,Lance,McCutcheon
2025,PIT,00-0037179,Jeremiah Moon,Jeremiah,Jeremiah,Moon
2025,PIT,00-0037228,Jaylen Warren,Jaylen,Jaylen,Warren
2025,PIT,00-0037274,Esezi Otomewo,Esezi,Esezi,Otomewo
2025,PIT,00-0037304,Connor Heyward,Connor,Connor,Heyward
2025,PIT,00-0037316,Mark Robinson,Mark,Mark,Robinson
2025,PIT,00-0037327,Skylar Thompson,Skylar,Skylar,Thompson
2025,PIT,00-0037382,Brandon Johnson,Brandon,Brandon,Johnson
2025,PIT,00-0037383,Kana'i Mauga,Kana'i,Kana'i,Mauga
2025,PIT,00-0037412,Cal Adomitis,Cal,Cal,Adomitis
2025,PIT,00-0037429,Raheem Blackshear,Raheem,Raheem,Blackshear
2025,PIT,00-0037480,Dylan Cook,Dylan,Dylan,Cook
2025,PIT,00-0037484,Kyler McMichael,Kyler,Kyler,McMichael
2025,PIT,00-0037759,DeMarvin Leal,DeMarvin,DeMarvin,Leal
2025,PIT,00-0037837,Calvin Austin III,Calvin,Calvin,Austin
2025,PIT,00-0038368,Quindell Johnson,Quindell,Quindell,Johnson
2025,PIT,00-0038397,Evan Hull,Evan,Evan,Hull
2025,PIT,00-0038409,Lew Nichols III,Arthur,Lew,Nichols
2025,PIT,00-0038558,Darnell Washington,Darnell,Darnell,Washington
2025,PIT,00-0038577,Nick Herbig,Nicholas,Nick,Herbig
2025,PIT,00-0038581,KJ Henry,K.J.,K.J.,Henry
2025,PIT,00-0038639,Cory Trice Jr.,Cory,Cory,Trice
2025,PIT,00-0038645,Spencer Anderson,Spencer,Spencer,Anderson
2025,PIT,00-0038708,Jacob Slade,Jacob,Jacob,Slade
2025,PIT,00-0038821,Rakim Jarrett,Rakim,Rakim,Jarrett
2025,PIT,00-0038877,D'Shawn Jamison,D'Shawn,D'Shawn,Jamison
2025,PIT,00-0038939,Brodric Martin,Brodric,Brodric,Martin
2025,PIT,00-0038946,Cameron McCutcheon,Cameron,Cameron,McCutcheon
2025,PIT,00-0039109,Broderick Jones,Broderick,Broderick,Jones
2025,PIT,00-0039110,Keeanu Benton,Keeanu,Keeanu,Benton
2025,PIT,00-0039167,Joey Porter Jr.,Joey,Joey,Porter
2025,PIT,00-0039251,Julian Pearl,Julian,Julian,Pearl
2025,PIT,00-0039358,Mason McCormick,Mason,Mason,McCormick
2025,PIT,00-0039389,Logan Lee,Logan,Logan,Lee
2025,PIT,00-0039420,Jaheim Bell,Jaheim,Jaheim,Bell
2025,PIT,00-0039454,Beanie Bishop Jr.,Shannon,Beanie,Bishop
2025,PIT,00-0039456,John Rhys Plumlee,John Rhys,John Rhys,Plumlee
2025,PIT,00-0039457,Jacoby Windmon,Jacoby,Jacoby,Windmon
2025,PIT,00-0039555,Steven Jones,Steven,Steven,Jones
2025,PIT,00-0039599,Kevin Foelsch,Kevin,Kevin,Foelsch
2025,PIT,00-0039609,Kyler Baugh,Kyler,Kyler,Baugh
2025,PIT,00-0039694,Mikey Victor,Mychal,Mikey,Victor
2025,PIT,00-0039716,Doug Nester,Doug,Doug,Nester
2025,PIT,00-0039739,Roman Wilson,Roman,Roman,Wilson
2025,PIT,00-0039741,Payton Wilson,Payton,Payton,Wilson
2025,PIT,00-0039783,Anthony Goodlow,Anthony,Anthony,Goodlow
2025,PIT,00-0039871,Troy Fautanu,Troy,Troy,Fautanu
2025,PIT,00-0039883,Daequan Hardy,Daequan,Daequan,Hardy
2025,PIT,00-0039896,Zach Frazier,Zach,Zach,Frazier
2025,PIT,00-0039931,Julius Welschof,Julius,Julius,Welschof
2025,PIT,00-0040142,Kaleb Johnson,Kaleb,Kaleb,Johnson
2025,PIT,00-0040160,Jack Sawyer,Jack,Jack,Sawyer
2025,PIT,00-0040188,Yahya Black,Yahya,Yahya,Black
2025,PIT,00-0040203,Will Howard,Will,Will,Howard
2025,PIT,00-0040231,Carson Bruener,Carson,Carson,Bruener
2025,PIT,00-0040232,Donte Kent,Donte,Donte,Kent
2025,PIT,00-0040284,Jack Henderson,Jack,Jack,Henderson
2025,PIT,00-0040365,Daryl Porter,Daryl,Daryl,Porter
2025,PIT,00-0040527,Sebastian Castro,Sebastian,Sebastian,Castro
2025,PIT,00-0040528,JJ Galbreath,JJ,JJ,Galbreath
2025,PIT,00-0040530,Ben Sauls,Ben,Ben,Sauls
2025,PIT,00-0040533,Aiden Williams,Aiden,Aiden,Williams
2025,PIT,00-0040534,Ke'Shawn Williams,Ke'shawn,Ke'Shawn,Williams
2025,PIT,00-0040618,Max Hurleman,Max,Max,Hurleman
2025,PIT,00-0040619,Gareth Warren,Gareth,Gareth,Warren
2025,PIT,00-0040678,Derrick Harmon,Derrick,Derrick,Harmon
2025,PIT,00-0040750,Kam Alexander,Kameryn,Kam,Alexander
2025,SEA,00-0030063,Johnathan Hankins,Johnathan,Johnathan,Hankins
2025,SEA,00-0031411,DeMarcus Lawrence,Demarcus,Demarcus,Lawrence
2025,SEA,00-0031492,Jason Myers,Jason,Jason,Myers
2025,SEA,00-0031608,Quandre Diggs,Quandre,Quandre,Diggs
2025,SEA,00-0031933,Leonard Williams,Leonard,Leonard,Williams
2025,SEA,00-0032387,Jarran Reed,Jarran,Jarran,Reed
2025,SEA,00-0033196,Zach Triner,Zach,Zach,Triner
2025,SEA,00-0033576,Eric Saubert,Eric,Eric,Saubert
2025,SEA,00-0033908,Cooper Kupp,Cooper,Cooper,Kupp
2025,SEA,00-0033926,Shaquill Griffin,Shaquill,Shaquill,Griffin
2025,SEA,00-0034160,Michael Dickson,Michael,Michael,Dickson
2025,SEA,00-0034350,Uchenna Nwosu,Uchenna,Uchenna,Nwosu
2025,SEA,00-0034869,Sam Darnold,Sam,Sam,Darnold
2025,SEA,00-0034928,Steven Sims,Steven,Steven,Sims
2025,SEA,00-0034974,Julian Love,Julian,Julian,Love
2025,SEA,00-0035311,Myles Gaskin,Myles,Myles,Gaskin
2025,SEA,00-0035704,Drew Lock,Drew,Drew,Lock
2025,SEA,00-0035783,Tyler Hall,Tyler,Tyler,Hall
2025,SEA,00-0035891,Cody White,Cody,Cody,White
2025,SEA,00-0036363,Josh Jones,Josh,Josh,Jones
2025,SEA,00-0036397,Shane Lemieux,Shane,Shane,Lemieux
2025,SEA,00-0036414,Cam Akers,Cam,Cam,Akers
2025,SEA,00-0036645,Shemar Jean-Charles,Shemar,Shemar,Jean-Charles
2025,SEA,00-0036649,Quinton Bohanna,Quinton,Quinton,Bohanna
2025,SEA,00-0036906,Khalil Herbert,Khalil,Khalil,Herbert
2025,SEA,00-0036994,Ernest Jones,Ernest,Ernest,Jones
2025,SEA,00-0037003,Chazz Surratt,Chazz,Chazz,Surratt
2025,SEA,00-0037079,Riq Woolen,Tariq,Tariq,Woolen
2025,SEA,00-0037088,Doug Kramer,Doug,Doug,Kramer
2025,SEA,00-0037093,Dareke Young,Dareke,Dareke,Young
2025,SEA,00-0037137,Josh Jobe,Josh,Josh,Jobe
2025,SEA,00-0037184,Josh Ross,Josh,Josh,Ross
2025,SEA,00-0037332,D'Anthony Bell,D'Anthony,D'Anthony,Bell
2025,SEA,00-0037545,Rashid Shaheed,Rashid,Rashid,Shaheed
2025,SEA,00-0037745,Velus Jones Jr.,Velus,Velus,Jones
2025,SEA,00-0037812,Abraham Lucas,Abraham,Abraham,Lucas
2025,SEA,00-0037821,Charles Cross,Charles,Charles,Cross
2025,SEA,00-0037842,Derion Kendrick,Derion,Derion,Kendrick
2025,SEA,00-0037984,Damarion Williams,Damarion,Damarion,Williams
2025,SEA,00-0038133,Boye Mafe,Boye,Boye,Mafe
2025,SEA,00-0038134,Kenneth Walker III,Kenneth,Kenneth,Walker
2025,SEA,00-0038136,Coby Bryant,Coby,Coby,Bryant
2025,SEA,00-0038488,Brady Russell,Brady,Brady,Russell
2025,SEA,00-0038543,Jaxon Smith-Njigba,Jaxon,Jaxon,Smith-Njigba
2025,SEA,00-0038591,Mike Morris,Michael,Mike,Morris
2025,SEA,00-0038593,Olu Oluwatimi,Olusegun,Olusegun,Oluwatimi
2025,SEA,00-0038613,Jerrick Reed II,Jerrick,Jerrick,Reed
2025,SEA,00-0038636,Kenny McIntosh,Kenny,Kenny,McIntosh
2025,SEA,00-0038694,Brandon Pili,Brandon,Brandon,Pili
2025,SEA,00-0038752,Jake Bobo,Jake,Jake,Bobo
2025,SEA,00-0038764,Patrick O'Connell,Patrick,Patrick,O'Connell
2025,SEA,00-0038765,Ty Okada,Ty,Ty,Okada
2025,SEA,00-0038769,Chris Stoll,Chris,Chris,Stoll
2025,SEA,00-0038866,AJ Finley,Allister,A.J.,Finley
2025,SEA,00-0038922,Drake Thomas,Drake,Drake,Thomas
2025,SEA,00-0038941,Tyler Scott,Tyler,Tyler,Scott
2025,SEA,00-0039020,Anthony Bradford,Anthony,Anthony,Bradford
2025,SEA,00-0039047,Derick Hall,Derick,Derick,Hall
2025,SEA,00-0039165,Zach Charbonnet,Zach,Zach,Charbonnet
2025,SEA,00-0039169,Devon Witherspoon,Devon,Devon,Witherspoon
2025,SEA,00-0039299,George Holani,George,George,Holani
2025,SEA,00-0039309,Byron Murphy II,Byron,Byron,Murphy
2025,SEA,00-0039415,Brenden Rice,Brenden,Brenden,Rice
2025,SEA,00-0039456,John Rhys Plumlee,John Rhys,John Rhys,Plumlee
2025,SEA,00-0039793,AJ Barner,A.J.,A.J.,Barner
2025,SEA,00-0039795,Nehemiah Pritchett,Nehemiah,Nehemiah,Pritchett
2025,SEA,00-0039799,Sataoa Laumea,Sataoa,Sataoa,Laumea
2025,SEA,00-0039815,Tyrice Knight,Tyrice,Tyrice,Knight
2025,SEA,00-0039839,Christian Haynes,Christian,Christian,Haynes
2025,SEA,00-0039926,Jalen Sundell,Jalen,Jalen,Sundell
2025,SEA,00-0039944,Jamie Sheriff,Jamie,Jamie,Sheriff
2025,SEA,00-0040026,Maxen Hook,Maxen,Maxen,Hook
2025,SEA,00-0040053,Tyrone Broden,Tyrone,Tyrone,Broden
2025,SEA,00-0040054,Seth Coleman,Seth,Seth,Coleman
2025,SEA,00-0040055,Jalan Gaines,Jalan,Jalan,Gaines
2025,SEA,00-0040056,Jared Ivey,Jared,Jared,Ivey
2025,SEA,00-0040058,Nick Kallerup,Nick,Nick,Kallerup
2025,SEA,00-0040059,Amari Kight,Amari,Amari,Kight
2025,SEA,00-0040060,Marshall Lang,Marshall,Marshall,Lang
2025,SEA,00-0040061,Connor O'Toole,Connor,Connor,O'Toole
2025,SEA,00-0040063,J.R. Singleton,J.R.,J.R.,Singleton
2025,SEA,00-0040064,Wy'Kevious Thomas,Wy'Kevious,Wy'Kevious,Thomas
2025,SEA,00-0040065,Isas Waxter,Isas,Isas,Waxter
2025,SEA,00-0040067,Jacardia Wright,Jacardia,Jacardia,Wright
2025,SEA,00-0040086,Mac Dalena,Mac,Mac,Dalena
2025,SEA,00-0040120,Jimmy Holiday,Jimmy,Jimmy,Holiday
2025,SEA,00-0040293,Michael Reid,Mike,Mike,Reid
2025,SEA,00-0040394,Anthony Tyus III,Anthony,Anthony,Tyus
2025,SEA,00-0040408,Ja'Markis Weston,Ja'Markis,Ja'Markis,Weston
2025,SEA,00-0040445,Courtney Jackson,Courtney,Courtney,Jackson
2025,SEA,00-0040495,Logan Brown,Logan,Logan,Brown
2025,SEA,00-0040588,Pooh Paul Jr.,Chris,Chris,Paul
2025,SEA,00-0040607,Wesley Steiner,Wesley,Wesley,Steiner
2025,SEA,00-0040621,Montorie Foster Jr,Montorie,Montorie,Foster
2025,SEA,00-0040622,D'Eryk Jackson,D'Eryk,D'Eryk,Jackson
2025,SEA,00-0040639,Grey Zabel,Grey,Grey,Zabel
2025,SEA,00-0040647,Rylie Mills,Rylie,Rylie,Mills
2025,SEA,00-0040648,Tory Horton,Tory,Tory,Horton
2025,SEA,00-0040649,Robbie Ouzts,Robbie,Robbie,Ouzts
2025,SEA,00-0040650,Bryce Cabeldue,Bryce,Bryce,Cabeldue
2025,SEA,00-0040651,Damien Martinez,Damien,Damien,Martinez
2025,SEA,00-0040652,Mason Richman,Mason,Mason,Richman
2025,SEA,00-0040653,Ricky White III,Ricky,Ricky,White
2025,SEA,00-0040673,Jalen Milroe,Jalen,Jalen,Milroe
2025,SEA,00-0040674,Keydrain Calligan,Keydrain,Keydrain,Calligan
2025,SEA,00-0040689,Anthony Campbell,Anthony,Anthony,Campbell
2025,SEA,00-0040733,Nick Emmanwori,Nick,Nick,Emmanwori
2025,SEA,00-0040739,Elijah Arroyo,Elijah,Elijah,Arroyo
2025,SEA,00-0040764,Federico Maranges,Federico,Federico,Maranges
2025,SEA,00-0040776,Alphonzo Tuputala,Alphonzo,Alphonzo,Tuputala
2025,SF,00-0027114,Thomas Morstead,Thomas,Thomas,Morstead
2025,SF,00-0027224,Jon Weeks,Jonathan,Jonathan,Weeks
2025,SF,00-0027857,Trent Williams,Trent,Trent,Williams
2025,SF,00-0029892,Kyle Juszczyk,Kyle,Kyle,Juszczyk
2025,SF,00-0031554,Eric Kendricks,Eric-Nathan,Eric,Kendricks
2025,SF,00-0032379,Eli Apple,Eli,Eli,Apple
2025,SF,00-0032688,Robbie Chosen,Robbie,Robbie,Chosen
2025,SF,00-0032701,Jake Brendel,Jacob,Jake,Brendel
2025,SF,00-0032775,Demarcus Robinson,Demarcus,Demarcus,Robinson
2025,SF,00-0033280,Christian McCaffrey,Christian,Christian,McCaffrey
2025,SF,00-0033288,George Kittle,George,George,Kittle
2025,SF,00-0033292,Trent Taylor,Trent,Trent,Taylor
2025,SF,00-0033307,Kendrick Bourne,Kendrick,Kendrick,Bourne
2025,SF,00-0033995,Michael Dunn,Michael,Michael,Dunn
2025,SF,00-0034173,Eddy Pineiro,Eddy,Eddy,Pineiro
2025,SF,00-0034272,Marquez Valdes-Scantling,Marquez,Marquez,Valdes-Scantling
2025,SF,00-0034375,Kyzir White,Kyzir,Kyzir,White
2025,SF,00-0034391,Siran Neal,Siran,Siran,Neal
2025,SF,00-0034411,Russell Gage,Russell,Russell,Gage
2025,SF,00-0034461,Bruce Hector,Bruce,Bruce,Hector
2025,SF,00-0034763,Brandon Parker,Brandon,Brandon,Parker
2025,SF,00-0034815,Fred Warner,Federico,Fred,Warner
2025,SF,00-0034867,Malik Turner,Malik,Malik,Turner
2025,SF,00-0035026,Kevin Givens,Kevin,Kevin,Givens
2025,SF,00-0035233,Andre Dillard,Andre,Andre,Dillard
2025,SF,00-0035269,Matt Gay,Matt,Matt,Gay
2025,SF,00-0035295,Isaiah Prince,Isaiah,Isaiah,Prince
2025,SF,00-0035413,Luke Gifford,Luke,Luke,Gifford
2025,SF,00-0035692,Clelin Ferrell,Clelin,Clelin,Ferrell
2025,SF,00-0035717,Nick Bosa,Nicholas,Nick,Bosa
2025,SF,00-0035829,Austen Pleasants,Austen,Austen,Pleasants
2025,SF,00-0035973,Patrick Taylor,Patrick,Patrick,Taylor
2025,SF,00-0036151,Bryce Huff,Bryce,Bryce,Huff
2025,SF,00-0036165,Isaiah Hodgins,Isaiah,Isaiah,Hodgins
2025,SF,00-0036239,Jonathan Garvin,Jonathan,Jonathan,Garvin
2025,SF,00-0036256,Colton McKivitz,Colton,Colton,McKivitz
2025,SF,00-0036259,Jauan Jennings,Bennie,Jauan,Jennings
2025,SF,00-0036261,Brandon Aiyuk,Brandon,Brandon,Aiyuk
2025,SF,00-0036266,Jordan Elliott,Jordan,Jordan,Elliott
2025,SF,00-0036272,Ben Bartch,Benjamin,Ben,Bartch
2025,SF,00-0036288,Yetur Gross-Matos,Yetur,Yetur,Gross-Matos
2025,SF,00-0036295,Matt Hennessy,Matthew,Matt,Hennessy
2025,SF,00-0036305,Trevis Gipson,Trevis,Trevis,Gipson
2025,SF,00-0036448,Isaac Alarcon,Isaac,Isaac,Alarcon
2025,SF,00-0036450,Ke'Shawn Vaughn,Ke'Shawn,Ke'Shawn,Vaughn
2025,SF,00-0036502,Jason Pinnock,Jason,Jason,Pinnock
2025,SF,00-0036511,Milo Eifler,Camilo,Milo,Eifler
2025,SF,00-0036563,Deommodore Lenoir,Deommodore,Deommodore,Lenoir
2025,SF,00-0036638,Darrick Forrest,Darrick,Darrick,Forrest
2025,SF,00-0036664,Will Bradley-King,William,William,Bradley-King
2025,SF,00-0036728,Curtis Robinson,Curtis,Curtis,Robinson
2025,SF,00-0036844,Garret Wallow,Garret,Garret,Wallow
2025,SF,00-0036885,Tre Brown,Tre,Tre,Brown
2025,SF,00-0036887,Luke Farrell,Luke,Luke,Farrell
2025,SF,00-0036921,Tarron Jackson,Tarron,Tarron,Jackson
2025,SF,00-0036961,Richie Grant,Richie,Richie,Grant
2025,SF,00-0036972,Mac Jones,Michael,Mac,Jones
2025,SF,00-0037112,Jake Tonges,Jake,Jake,Tonges
2025,SF,00-0037321,Chase Lucas,Chase,Chase,Lucas
2025,SF,00-0037395,Dallis Flowers,Dallis,Dallis,Flowers
2025,SF,00-0037509,Sincere McCormick,Sincere,Sincere,McCormick
2025,SF,00-0037602,Sam Okuayinonu,Sam,Sam,Okuayinonu
2025,SF,00-0037746,Brian Robinson,Brian,Brian,Robinson
2025,SF,00-0037829,Spencer Burford,Spencer,Spencer,Burford
2025,SF,00-0037831,Nick Zakelj,Nick,Nick,Zakelj
2025,SF,00-0037832,Kalia Davis,Kalia,Kalia,Davis
2025,SF,00-0037834,Brock Purdy,Brock,Brock,Purdy
2025,SF,00-0038090,Skyy Moore,Skyy,Skyy,Moore
2025,SF,00-0038554,Ji'Ayir Brown,Ji'Ayir,Ji'Ayir,Brown
2025,SF,00-0038562,Jake Moody,Jake,Jake,Moody
2025,SF,00-0038594,Darrell Luter Jr.,Darrell,Darrell,Luter
2025,SF,00-0038603,Robert Beal Jr.,Robert,Robert,Beal
2025,SF,00-0038625,Dee Winters,Demonderick,Dee,Winters
2025,SF,00-0038632,Colton Dowell,Colton,Colton,Dowell
2025,SF,00-0038641,Isaiah Bolden,Isaiah,Isaiah,Bolden
2025,SF,00-0038643,Brayden Willis,Brayden,Brayden,Willis
2025,SF,00-0038648,Jalen Graham,Jalen,Jalen,Graham
2025,SF,00-0038658,Adrian Martinez,Adrian,Adrian,Martinez
2025,SF,00-0038729,Kilian Zierer,Kilian,Kilian,Zierer
2025,SF,00-0038806,Malik Knowles,Malik,Malik,Knowles
2025,SF,00-0038842,Shakel Brown,Shakel,Shakel,Brown
2025,SF,00-0038865,Andrew Farmer,Andrew,Andrew,Farmer
2025,SF,00-0039134,Tre Tomlinson,Tre'Vius,Tre'Vius,Tomlinson
2025,SF,00-0039148,Keion White,Keion,Keion,White
2025,SF,00-0039275,Messiah Swinson,Messiah,Messiah,Swinson
2025,SF,00-0039345,Renardo Green,Renardo,Renardo,Green
2025,SF,00-0039351,Dominick Puni,Dominick,Dominick,Puni
2025,SF,00-0039360,Malik Mustapha,Malik,Malik,Mustapha
2025,SF,00-0039363,Isaac Guerendo,Isaac,Isaac,Guerendo
2025,SF,00-0039365,Jacob Cowing,Jacob,Jacob,Cowing
2025,SF,00-0039435,Tatum Bethune,Tatum,Tatum,Bethune
2025,SF,00-0039489,Hayden Rucci,Hayden,Hayden,Rucci
2025,SF,00-0039534,Carter Bradley,Carter,Carter,Bradley
2025,SF,00-0039564,Jaylon Allen,Jaylon,Jaylon,Allen
2025,SF,00-0039696,Evan Anderson,Evan,Evan,Anderson
2025,SF,00-0039697,Jaylen Mahoney,Jaylen,Jaylen,Mahoney
2025,SF,00-0039699,Tanner Mordecai,Tanner,Tanner,Mordecai
2025,SF,00-0039700,Drake Nugent,Drake,Drake,Nugent
2025,SF,00-0039701,Terique Owens,Terique,Terique,Owens
2025,SF,00-0039743,Jordan Jefferson,Jordan,Jordan,Jefferson
2025,SF,00-0039853,Javon Baker,Javon,Javon,Baker
2025,SF,00-0039916,Ricky Pearsall,Ricky,Ricky,Pearsall
2025,SF,00-0040135,Nick Martin,Nickolas,Nick,Martin
2025,SF,00-0040152,Upton Stout,Upton,Upton,Stout
2025,SF,00-0040172,Jordan Watkins,Jordan,Jordan,Watkins
2025,SF,00-0040177,Jordan James,Jordan,Jordan,James
2025,SF,00-0040185,Marques Sigle,Marques,Marques,Sigle
2025,SF,00-0040245,Connor Colby,Connor,Connor,Colby
2025,SF,00-0040247,Junior Bergen,Dalondric,Junior,Bergen
2025,SF,00-0040556,Corey Kiner,Corey,Corey,Kiner
2025,SF,00-0040557,Drew Moss,Drew,Drew,Moss
2025,SF,00-0040559,Jakob Robinson,Jakob,Jakob,Robinson
2025,SF,00-0040560,Sebastian Valdez,Sebastian,Sebastian,Valdez
2025,SF,00-0040589,Kurtis Rourke,Kurtis,Kurtis,Rourke
2025,SF,00-0040630,Stone Blanton,Archer,Stone,Blanton
2025,SF,00-0040659,Derrick Canteen,Derrick,Derrick,Canteen
2025,SF,00-0040660,Mykel Williams,Mykel,Mykel,Williams
2025,SF,00-0040711,CJ West,Chaddrian,C.J.,West
2025,SF,00-0040721,Alfred Collins,Alfred,Alfred,Collins
2025,TB,00-0027867,Jason Pierre-Paul,Jason,Jason,Pierre-Paul
2025,TB,00-0029562,Lavonte David,Lavonte,Lavonte,David
2025,TB,00-0031237,Teddy Bridgewater,Theodore,Teddy,Bridgewater
2025,TB,00-0031408,Mike Evans,Mike,Mike,Evans
2025,TB,00-0032385,Sterling Shepard,Sterling,Sterling,Shepard
2025,TB,00-0032388,Deion Jones,Deion,Deion,Jones
2025,TB,00-0032943,Riley Dixon,Riley,Riley,Dixon
2025,TB,00-0033064,Adam Gotsis,Adam,Adam,Gotsis
2025,TB,00-0033570,Anthony Walker,Anthony,Anthony,Walker
2025,TB,00-0033875,Haason Reddick,Haason,Haason,Reddick
2025,TB,00-0033910,Dan Feeney,Daniel,Dan,Feeney
2025,TB,00-0033921,Chris Godwin Jr.,Rod,Chris,Godwin
2025,TB,00-0034116,J.T. Gray,Juantavius,J.T.,Gray
2025,TB,00-0034773,Vita Vea,Tevita,Vita,Vea
2025,TB,00-0034855,Baker Mayfield,Baker,Baker,Mayfield
2025,TB,00-0035254,Anthony Nelson,Anthony,Anthony,Nelson
2025,TB,00-0035266,Mike Jordan,Michael,Michael,Jordan
2025,TB,00-0035358,Chase McLaughlin,Chase,Chase,McLaughlin
2025,TB,00-0035384,Sua Opeta,Iosua,Iosua,Opeta
2025,TB,00-0035667,Greg Gaines,Greg,Greg,Gaines
2025,TB,00-0035699,Jamel Dean,Jamel,Jamel,Dean
2025,TB,00-0035928,Eric Banks,Eric,Eric,Banks
2025,TB,00-0036132,Ben Bredeson,Ben,Ben,Bredeson
2025,TB,00-0036195,Charlie Heck,Charles,Charlie,Heck
2025,TB,00-0036241,Bryce Hall,Bryce,Bryce,Hall
2025,TB,00-0036307,Kindle Vildor,Kindle,Kindle,Vildor
2025,TB,00-0036406,Tristan Wirfs,Tristan,Tristan,Wirfs
2025,TB,00-0036411,Antoine Winfield Jr.,Antoine,Antoine,Winfield
2025,TB,00-0036918,Jacob Harris,Jacob,Jacob,Harris
2025,TB,00-0036928,Kyle Trask,Kyle,Kyle,Trask
2025,TB,00-0037256,Rachaad White,Rachaad,Rachaad,White
2025,TB,00-0037268,Zyon McCollum,Zyon,Zyon,McCollum
2025,TB,00-0037311,Ko Kieft,Ko,Ko,Kieft
2025,TB,00-0037382,Brandon Johnson,Brandon,Brandon,Johnson
2025,TB,00-0037570,Dennis Houston,Dennis,Dennis,Houston
2025,TB,00-0037593,Tre Avery,Tre,Tre,Avery
2025,TB,00-0037627,Mike Greene,Michael,Mike,Greene
2025,TB,00-0037638,Benton Whitley,Benton,Benton,Whitley
2025,TB,00-0037662,C.J. Brewer,C.J.,C.J.,Brewer
2025,TB,00-0037835,Luke Goedeke,Luke,Luke,Goedeke
2025,TB,00-0037984,Damarion Williams,Damarion,Damarion,Williams
2025,TB,00-0038127,Logan Hall,Logan,Logan,Hall
2025,TB,00-0038129,Cade Otton,Cade,Cade,Otton
2025,TB,00-0038426,Lorenz Metz,Lorenz,Lorenz,Metz
2025,TB,00-0038458,Owen Wright,Owen,Owen,Wright
2025,TB,00-0038817,Evan Deckers,Evan,Evan,Deckers
2025,TB,00-0038818,Luke Haggard,Luke,Luke,Haggard
2025,TB,00-0038820,Christian Izien,Christian,Christian,Izien
2025,TB,00-0038821,Rakim Jarrett,Rakim,Rakim,Jarrett
2025,TB,00-0038823,Kaevon Merriweather,Kaevon,Kaevon,Merriweather
2025,TB,00-0038824,Ryan Miller,Ryan,Ryan,Miller
2025,TB,00-0038826,Raiqwon O'Neal,Raiqwon,Raiqwon,O'Neal
2025,TB,00-0038828,Tanner Taula,Tanner,Tanner,Taula
2025,TB,00-0038951,Sean Tucker,Sean,Sean,Tucker
2025,TB,00-0038958,Markees Watts,Markees,Markees,Watts
2025,TB,00-0039049,SirVocea Dennis,SirVocea,SirVocea,Dennis
2025,TB,00-0039050,Payne Durham,Payne,Payne,Durham
2025,TB,00-0039051,Josh Hayes,Josh,Josh,Hayes
2025,TB,00-0039053,Jose Ramirez,Jose,Jose,Ramirez
2025,TB,00-0039063,Calijah Kancey,Calijah,Calijah,Kancey
2025,TB,00-0039068,Yaya Diaby,Yaya,YaYa,Diaby
2025,TB,00-0039157,Cody Mauch,Cody,Cody,Mauch
2025,TB,00-0039297,Garret Greenfield,Garret,Garret,Greenfield
2025,TB,00-0039361,Bucky Irving,Mar'Keise,Bucky,Irving
2025,TB,00-0039393,Jase McClellan,Jase,Jase,McClellan
2025,TB,00-0039411,Elijah Klein,Elijah,Elijah,Klein
2025,TB,00-0039582,Marcus Banks,Marcus,Marcus,Banks
2025,TB,00-0039586,Tyrek Funderburk,Tyrek,Tyrek,Funderburk
2025,TB,00-0039587,Antonio Grier,Antonio,Antonio,Grier
2025,TB,00-0039589,Kameron Johnson,Kameron,Kameron,Johnson
2025,TB,00-0039596,Rashad Wisdom,Rashad,Rashad,Wisdom
2025,TB,00-0039655,Karsen Barnhart,Karsen,Karsen,Barnhart
2025,TB,00-0039669,Tyler McLellan,Tyler,Tyler,McLellan
2025,TB,00-0039684,Michael Wiley,Michael,Michael,Wiley
2025,TB,00-0039754,Devin Culp,Devin,Devin,Culp
2025,TB,00-0039846,Tykee Smith,Tykee,Tykee,Smith
2025,TB,00-0039855,Jalen McMillan,Jalen,Jalen,McMillan
2025,TB,00-0039877,Mohamed Kamara,Mohamed,Mohamed,Kamara
2025,TB,00-0039902,Chris Braswell,Chris,Chris,Braswell
2025,TB,00-0039905,Graham Barton,Graham,Graham,Barton
2025,TB,00-0040082,Will Brooks,Robert,Will,Brooks
2025,TB,00-0040105,Jayson Jones,Jayson,Jayson,Jones
2025,TB,00-0040129,Emeka Egbuka,Emeka,Emeka,Egbuka
2025,TB,00-0040143,Jacob Parrish,Jacob,Jacob,Parrish
2025,TB,00-0040158,David Walker,David,David,Walker
2025,TB,00-0040183,Elijah Roberts,Elijah,Elijah,Roberts
2025,TB,00-0040237,Tez Johnson,Tez,Tez,Johnson
2025,TB,00-0040284,Jack Henderson,Jack,Jack,Henderson
2025,TB,00-0040384,Elijah Simmons,Elijah,Elijah,Simmons
2025,TB,00-0040392,Caden Prieskorn,Caden,Caden,Prieskorn
2025,TB,00-0040415,Connor Bazelak,Connor,Connor,Bazelak
2025,TB,00-0040416,John Bullock,John,John,Bullock
2025,TB,00-0040417,Benjamin Chukwuma,Benjamin,Ben,Chukwuma
2025,TB,00-0040419,Garrett Greene,Garrett,Garrett,Greene
2025,TB,00-0040420,Nash Hutmacher,Nash,Nash,Hutmacher
2025,TB,00-0040422,Jake Majors,Jake,Jake,Majors
2025,TB,00-0040423,Roman Parodie,Roman,Roman,Parodie
2025,TB,00-0040424,Warren Peeples,Warren,Warren,Peeples
2025,TB,00-0040425,JJ Roberts,Josiah,J.J.,Roberts
2025,TB,00-0040426,Shilo Sanders,Shilo,Shilo,Sanders
2025,TB,00-0040427,Ben Scott,Ben,Ben,Scott
2025,TB,00-0040428,Desmond Watson,Desmond,Desmond,Watson
2025,TB,00-0040429,Josh Williams,Joshua,Josh,Williams
2025,TB,00-0040527,Sebastian Castro,Sebastian,Sebastian,Castro
2025,TB,00-0040625,Nick Jackson,Nick,Nick,Jackson
2025,TB,00-0040626,Dvon J-Thomas,Dvonesquire,Dvon,J-Thomas
2025,TB,00-0040747,Benjamin Morrison,Benjamin,Benjamin,Morrison
2025,TB,00-0040769,Jaden Smith,Jaden,Jaden,Smith
2025,TB,00-0040777,JayVian Farr,Jayvian,JayVian,Farr
2025,TEN,00-0027557,Morgan Cox,Charles,Morgan,Cox
2025,TEN,00-0028872,Johnny Hekker,John,Johnny,Hekker
2025,TEN,00-0029592,Kevin Zeitler,Kevin,Kevin,Zeitler
2025,TEN,00-0031608,Quandre Diggs,Quandre,Quandre,Diggs
2025,TEN,00-0032156,Trevor Siemian,Trevor,Trevor,Siemian
2025,TEN,00-0032211,Tyler Lockett,Tyler,Tyler,Lockett
2025,TEN,00-0032434,Brandon Allen,Brandon,Brandon,Allen
2025,TEN,00-0033046,Jihad Ward,Jihad,Jihad,Ward
2025,TEN,00-0033563,Carlos Watkins,Carlos,Carlos,Watkins
2025,TEN,00-0033579,Xavier Woods,Xavier,Xavier,Woods
2025,TEN,00-0033793,Corey Levin,Corey,Corey,Levin
2025,TEN,00-0034360,Lorenzo Carter,Lorenzo,Lorenzo,Carter
2025,TEN,00-0034375,Kyzir White,Kyzir,Kyzir,White
2025,TEN,00-0034810,Sebastian Joseph-Day,Sebastian,Sebastian,Joseph
2025,TEN,00-0034825,Arden Key,Arden,Arden,Key
2025,TEN,00-0034837,Calvin Ridley,Calvin,Calvin,Ridley
2025,TEN,00-0034994,Olisaemeka Udoh,Olisaemeka,Olisaemeka,Udoh
2025,TEN,00-0035062,Sam Mustipher,Samuel,Sam,Mustipher
2025,TEN,00-0035189,Matthew Wright,Matthew,Matthew,Wright
2025,TEN,00-0035192,Joey Slye,Joey,Joey,Slye
2025,TEN,00-0035261,Tony Pollard,Tony,Tony,Pollard
2025,TEN,00-0035270,Amani Oruwariye,Amani,Amani,Oruwariye
2025,TEN,00-0035355,Blake Hance,Blake,Blake,Hance
2025,TEN,00-0035409,Shy Tuttle,Shyheim,Shy,Tuttle
2025,TEN,00-0035542,Kemon Hall,Kemon,Kemon,Hall
2025,TEN,00-0035623,Chandler Brewer,Chandler,Chandler,Brewer
2025,TEN,00-0035632,Amani Hooker,Amani,Amani,Hooker
2025,TEN,00-0035643,Jeffery Simmons,Jeffery,Jeffery,Simmons
2025,TEN,00-0035672,Cody Barton,Cody,Cody,Barton
2025,TEN,00-0035678,Dre'Mont Jones,Dre'Mont,Dre'Mont,Jones
2025,TEN,00-0035895,Joe Bachie,Joe,Joe,Bachie
2025,TEN,00-0035903,Joe Gaziano,Joseph,Joe,Gaziano
2025,TEN,00-0035910,T.J. Smith,T.J.,T.J.,Smith
2025,TEN,00-0035984,Blake Lynch,Blake,Blake,Lynch
2025,TEN,00-0036133,James Proche,James,James,Proche
2025,TEN,00-0036176,Mason Kinsey,Mason,Mason,Kinsey
2025,TEN,00-0036183,Kristian Wilkerson,Kristian,Kristian,Wilkerson
2025,TEN,00-0036317,Arlington Hambright,Arlington,Arlington,Hambright
2025,TEN,00-0036337,James Lynch,James,James,Lynch
2025,TEN,00-0036374,L'Jarius Sneed,L'Jarius,L'Jarius,Sneed
2025,TEN,00-0036391,Lloyd Cushenberry III,Lloyd,Lloyd,Cushenberry
2025,TEN,00-0036415,Van Jefferson,Vanchii,Van,Jefferson
2025,TEN,00-0036537,Josiah Bronson,Josiah,Josiah,Bronson
2025,TEN,00-0036670,Jermar Jefferson,Jermar,Jermar,Jefferson
2025,TEN,00-0036869,Dan Moore Jr.,Dan,Dan,Moore
2025,TEN,00-0036872,Joshuah Bledsoe,Joshuah,Joshuah,Bledsoe
2025,TEN,00-0037055,Lance McCutcheon,Lance,Lance,McCutcheon
2025,TEN,00-0037078,Cole Turner,Cole,Cole,Turner
2025,TEN,00-0037242,Kaiir Elam,Kaiir,Kaiir,Elam
2025,TEN,00-0037429,Raheem Blackshear,Raheem,Raheem,Blackshear
2025,TEN,00-0037493,Mike Brown,Michael,Mike,Brown
2025,TEN,00-0037516,Sam Webb,Sam,Sam,Webb
2025,TEN,00-0037549,Darrell Baker Jr.,Darrell,Darrell,Baker
2025,TEN,00-0037585,Timmy Horne,Timmy,Timmy,Horne
2025,TEN,00-0037594,Julius Chestnut,Julius,Julius,Chestnut
2025,TEN,00-0037605,Andrew Rupcich,Andrew,Andrew,Rupcich
2025,TEN,00-0037742,Treylon Burks,Treylon,Treylon,Burks
2025,TEN,00-0037809,Chig Okonkwo,Chigoziem,Chigoziem,Okonkwo
2025,TEN,00-0037830,Samuel Womack,Samuel,Samuel,Womack
2025,TEN,00-0038119,Jalyn Armour-Davis,Jalyn,Jalyn,Armour-Davis
2025,TEN,00-0038125,Roger McCreary,Roger,Roger,McCreary
2025,TEN,00-0038145,Thomas Odukoya,Thomas,Thomas,Odukoya
2025,TEN,00-0038514,Truman Jones,Truman,Truman,Jones
2025,TEN,00-0038607,Jaelyn Duncan,Jaelyn,Jaelyn,Duncan
2025,TEN,00-0038613,Jerrick Reed II,Jerrick,Jerrick,Reed
2025,TEN,00-0038617,Amari Burney,Amari,Amari,Burney
2025,TEN,00-0038620,Erick Hallett,Erick,Erick,Hallett
2025,TEN,00-0038678,Jordan Mims,Jordan,Jordan,Mims
2025,TEN,00-0038703,Kendell Brooks,Kendell,Kendell,Brooks
2025,TEN,00-0038724,Ali Gaye,Ali,Ali,Gaye
2025,TEN,00-0038762,Matt Landers,Matthew,Matt,Landers
2025,TEN,00-0038852,John Ojukwu,John,John,Ojukwu
2025,TEN,00-0038908,Anfernee Orji,Anfernee,Anfernee,Orji
2025,TEN,00-0039023,Joel Wilson,Joel,Joel,Wilson
2025,TEN,00-0039032,Tyjae Spears,Tyjae,Tyjae,Spears
2025,TEN,00-0039034,Peter Skoronski,Peter,Peter,Skoronski
2025,TEN,00-0039135,Ochaun Mathis,Ochaun,Ochaun,Mathis
2025,TEN,00-0039152,Will Levis,Will,Will,Levis
2025,TEN,00-0039177,David Agoha,David Ebuka,David Ebuka,Agoha
2025,TEN,00-0039235,Sanoussi Kane,Sanoussi,Sanoussi,Kane
2025,TEN,00-0039318,Curtis Jacobs,Curtis,Curtis,Jacobs
2025,TEN,00-0039332,C.J. Ravenell,Cameron,C.J.,Ravenell
2025,TEN,00-0039372,Jarvis Brownlee Jr.,Jarvis,Jarvis,Brownlee
2025,TEN,00-0039392,Jha'Quan Jackson,Jha'quan,Jha'Quan,Jackson
2025,TEN,00-0039430,James Williams,James,James,Williams
2025,TEN,00-0039436,Jaylen Harrell,Jaylen,Jaylen,Harrell
2025,TEN,00-0039447,Nate Lynn,Nate,Nate,Lynn
2025,TEN,00-0039506,Alex Johnson,Alex,Alex,Johnson
2025,TEN,00-0039532,Julius Wood,Julius,Julius,Wood
2025,TEN,00-0039573,Blake Watson,Blake,Blake,Watson
2025,TEN,00-0039646,Gabe Jeudy-Lally,Gabe,Gabe,Jeudy-Lally
2025,TEN,00-0039648,David Martin-Robinson,David,David,Martin-Robinson
2025,TEN,00-0039650,Bryce Oliver,Bryce,Bryce,Oliver
2025,TEN,00-0039731,JC Latham,J.C.,J.C.,Latham
2025,TEN,00-0039858,Cedric Gray,Cedric,Cedric,Gray
2025,TEN,00-0039886,T'Vondre Sweat,T'Vondre,T'Vondre,Sweat
2025,TEN,00-0040020,Micah Robinson,Micah,Micah,Robinson
2025,TEN,00-0040034,Brant Banks,Brant,Brant,Banks
2025,TEN,00-0040079,Garrett Dellinger,Garrett,Garrett,Dellinger
2025,TEN,00-0040141,Kevin Winston Jr.,Kevin,Kevin,Winston
2025,TEN,00-0040170,Elic Ayomanor,Elic,Elic,Ayomanor
2025,TEN,00-0040190,Jackson Slater,Jackson,Jackson,Slater
2025,TEN,00-0040201,Marcus Harris,Marcus,Marcus,Harris
2025,TEN,00-0040205,Kalel Mullings,Kalel,Kalel,Mullings
2025,TEN,00-0040366,Hal Presley,Hal,Hal,Presley
2025,TEN,00-0040453,Clay Webb,Robert,Clay,Webb
2025,TEN,00-0040503,Dorian Mausi,Dorian,Dorian,Mausi
2025,TEN,00-0040512,Brandon Crenshaw-Dickson,Brandon,Brandon,Crenshaw-Dickson
2025,TEN,00-0040513,Desmond Evans,Desmond,Desmond,Evans
2025,TEN,00-0040515,Jermari Harris,Jermari,Jermari,Harris
2025,TEN,00-0040517,Cam Horsley,Cameron,Cam,Horsley
2025,TEN,00-0040519,Clarence Lewis,Clarence,Clarence,Lewis
2025,TEN,00-0040521,Isaiah Raikes,Isaiah,Isaiah,Raikes
2025,TEN,00-0040522,Xavier Restrepo,Xavier,Xavier,Restrepo
2025,TEN,00-0040523,Davion Ross,Davion,Davion,Ross
2025,TEN,00-0040557,Drew Moss,Drew,Drew,Moss
2025,TEN,00-0040573,Cam Riley,Cam,Cam,Riley
2025,TEN,00-0040584,Gunnar Helm,Gunnar,Gunnar,Helm
2025,TEN,00-0040627,T.J. Sheffield,T.J.,T.J.,Sheffield
2025,TEN,00-0040628,Drake Dabney,Drake,Drake,Dabney
2025,TEN,00-0040674,Keydrain Calligan,Keydrain,Keydrain,Calligan
2025,TEN,00-0040676,Cam Ward,Cameron,Cameron,Ward
2025,TEN,00-0040705,Chimere Dike,Chimere,Chimere,Dike
2025,TEN,00-0040752,Oluwafemi Oladejo,Oluwafemi,Femi,Oladejo
2025,TEN,00-0040752,Oluwafemi Oladejo,Oluwafemi,Oluwafemi,Oladejo
2025,WAS,00-0026300,Josh Johnson,Joshua,Josh,Johnson
2025,WAS,00-0027940,Von Miller,Vonnie,Von,Miller
2025,WAS,00-0028292,Nick Bellore,Nick,Nick,Bellore
2025,WAS,00-0029255,Bobby Wagner,Bobby,Bobby,Wagner
2025,WAS,00-0030061,Zach Ertz,Zachary,Zach,Ertz
2025,WAS,00-0030140,Tress Way,Tress,Tress,Way
2025,WAS,00-0031156,Tyler Ott,Tyler,Tyler,Ott
2025,WAS,00-0031551,Eddie Goldman,Eddie,Eddie,Goldman
2025,WAS,00-0031622,Bobby Hart,Bobby,Bobby,Hart
2025,WAS,00-0031935,Preston Smith,Preston,Preston,Smith
2025,WAS,00-0031938,Carl Davis,Carl,Carl,Davis
2025,WAS,00-0032268,Marcus Mariota,Marcus,Marcus,Mariota
2025,WAS,00-0032380,Laremy Tunsil,Laremy,Laremy,Tunsil
2025,WAS,00-0032398,Chris Moore,Christopher,Chris,Moore
2025,WAS,00-0032436,Jeff Driskel,Jeffrey,Jeff,Driskel
2025,WAS,00-0032466,George Fant,George,George,Fant
2025,WAS,00-0032580,Jonathan Jones,Jonathan,Jonathan,Jones
2025,WAS,00-0032688,Robbie Chosen,Robbie,Robbie,Chosen
2025,WAS,00-0032891,Daryl Worley,Daryl,Daryl,Worley
2025,WAS,00-0032933,Antonio Hamilton,Antonio,Antonio,Hamilton
2025,WAS,00-0032942,Kevon Seymour,Kevon,Kevon,Seymour
2025,WAS,00-0033010,Sheldon Day,Sheldon,Sheldon,Day
2025,WAS,00-0033196,Zach Triner,Zach,Zach,Triner
2025,WAS,00-0033549,Duke Riley,Duke,Duke,Riley
2025,WAS,00-0033572,Jamal Agnew,Jamal,Jamal,Agnew
2025,WAS,00-0033591,Noah Brown,Noah,Noah,Brown
2025,WAS,00-0033699,Austin Ekeler,Austin,Austin,Ekeler
2025,WAS,00-0033782,DeMarcus Walker,DeMarcus,DeMarcus,Walker
2025,WAS,00-0033831,Andrew Wylie,Andrew,Andrew,Wylie
2025,WAS,00-0033874,Marshon Lattimore,Marshon,Marshon,Lattimore
2025,WAS,00-0033947,Deatrich Wise,Deatrich,Deatrich,Wise
2025,WAS,00-0033955,Jeremy McNichols,Jeremy,Jeremy,McNichols
2025,WAS,00-0034054,River Cracraft,Tanner,River,Cracraft
2025,WAS,00-0034163,Jacob Martin,Jacob,Jake,Martin
2025,WAS,00-0034264,Jalyn Holmes,Jalyn,Jalyn,Holmes
2025,WAS,00-0034302,Frankie Luvu,Frankie,Frankie,Luvu
2025,WAS,00-0034333,Daron Payne,Daron,Daron,Payne
2025,WAS,00-0034373,Dorance Armstrong,Dorance,Dorance,Armstrong
2025,WAS,00-0034465,Jeremy Reaves,Jeremy,Jeremy,Reaves
2025,WAS,00-0034571,Trent Scott,Trenton,Trenton,Scott
2025,WAS,00-0034681,Chase Edmonds,Chase,Chase,Edmonds
2025,WAS,00-0034764,Michael Gallup,Michael,Michael,Gallup
2025,WAS,00-0034941,Mitch Wishnowsky,Mitch,Mitch,Wishnowsky
2025,WAS,00-0034968,Darnell Savage,Darnell,Darnell,Savage
2025,WAS,00-0035149,Nick Allegretti,Nicholas,Nick,Allegretti
2025,WAS,00-0035189,Matthew Wright,Matthew,Matthew,Wright
2025,WAS,00-0035269,Matt Gay,Matt,Matt,Gay
2025,WAS,00-0035356,Tyree Jackson,Tyree,Tyree,Jackson
2025,WAS,00-0035383,Nate Herbig,Nathaniel,Nate,Herbig
2025,WAS,00-0035409,Shy Tuttle,Shyheim,Shy,Tuttle
2025,WAS,00-0035655,Will Harris,William,Will,Harris
2025,WAS,00-0035659,Terry McLaurin,Terry,Terry,McLaurin
2025,WAS,00-0035686,Michael Deiter,Michael,Michael,Deiter
2025,WAS,00-0035692,Clelin Ferrell,Clelin,Clelin,Ferrell
2025,WAS,00-0035719,Deebo Samuel Sr.,Tyshun,Deebo,Samuel
2025,WAS,00-0035862,Essang Bassey,Essang,Essang,Bassey
2025,WAS,00-0035997,Julian Good-Jones,Julian,Julian,Good-Jones
2025,WAS,00-0036011,Bobby Price,Bobby,Bobby,Price
2025,WAS,00-0036145,Lawrence Cager,Lawrence,Lawrence,Cager
2025,WAS,00-0036214,Tyre Phillips,Tyre,Tyre,Phillips
2025,WAS,00-0036236,Nick Harris,Nick,Nick,Harris
2025,WAS,00-0036260,Javon Kinlaw,Javon,Javon,Kinlaw
2025,WAS,00-0036287,Noah Igbinoghene,Noah,Noah,Igbinoghene
2025,WAS,00-0036345,K.J. Osborn,K.J.,K.J.,Osborn
2025,WAS,00-0036367,Lucas Niang,Lucas,Lucas,Niang
2025,WAS,00-0036376,Tyler Biadasz,Tyler,Tyler,Biadasz
2025,WAS,00-0036618,Sam Cosmi,Samuel,Samuel,Cosmi
2025,WAS,00-0036628,John Bates,John,John,Bates
2025,WAS,00-0036654,Demetric Felton,Demetric,Demetric,Felton
2025,WAS,00-0037078,Cole Turner,Cole,Cole,Turner
2025,WAS,00-0037092,Chris Paul,Chris,Chris,Paul
2025,WAS,00-0037355,Braylon Sanders,Braylon,Braylon,Sanders
2025,WAS,00-0037524,Tay Martin,Davontavean,Tay,Martin
2025,WAS,00-0037524,Tay Martin,Dovontavean,Tay,Martin
2025,WAS,00-0037742,Treylon Burks,Treylon,Treylon,Burks
2025,WAS,00-0037826,Drake Jackson,Drake,Drake,Jackson
2025,WAS,00-0038100,Percy Butler,Percy,Percy,Butler
2025,WAS,00-0038382,Malaesala Aumavae-Laulu,Malaesala,Sala,Aumavae-Laulu
2025,WAS,00-0038388,Darius Rush,Darius,Darius,Rush
2025,WAS,00-0038403,Tre Hawkins III,Tre,Tre,Hawkins
2025,WAS,00-0038535,DJ Johnson,D.J.,D.J.,Johnson
2025,WAS,00-0038562,Jake Moody,Jake,Jake,Moody
2025,WAS,00-0038611,Chris Rodriguez Jr.,Christopher,Chris,Rodriguez
2025,WAS,00-0038830,Kazmeir Allen,Kazmeir,Kazmeir,Allen
2025,WAS,00-0039149,Quan Martin,Jartavius,Quan,Martin
2025,WAS,00-0039246,Darrian Dalcourt,Darrian,Darrian,Dalcourt
2025,WAS,00-0039355,Luke McCaffrey,Luke,Luke,McCaffrey
2025,WAS,00-0039368,Jordan Magee,Jordan,Jordan,Magee
2025,WAS,00-0039412,Javontae Jean-Baptiste,Javontae,Javontae,Jean-Baptiste
2025,WAS,00-0039677,Sam Hartman,Sam,Sam,Hartman
2025,WAS,00-0039681,Tyler Owens,Tyler,Tyler,Owens
2025,WAS,00-0039682,Norell Pollard,Norell,Norell,Pollard
2025,WAS,00-0039686,Colson Yankoff,Colson,Colson,Yankoff
2025,WAS,00-0039898,Mike Sainristil,Mike,Mike,Sainristil
2025,WAS,00-0039906,Jer'Zhan Newton,Jer'Zhan,Jer'Zhan,Newton
2025,WAS,00-0039910,Jayden Daniels,Jayden,Jayden,Daniels
2025,WAS,00-0039912,Ben Sinnott,Ben,Ben,Sinnott
2025,WAS,00-0039913,Brandon Coleman,Brandon,Brandon,Coleman
2025,WAS,00-0040004,T.J. Maguranyanga,Thabani,T.J.,Maguranyanga
2025,WAS,00-0040036,Tyler Cooper,Tyler,Tyler,Cooper
2025,WAS,00-0040164,Jaylin Lane,Jaylin,Jaylin,Lane
2025,WAS,00-0040216,Kain Medrano,Kain,Kain,Medrano
2025,WAS,00-0040242,Jacory Croskey-Merritt,Jacory,Jacory,Croskey-Merritt
2025,WAS,00-0040313,Kam Arnold,Kam,Kam,Arnold
2025,WAS,00-0040314,Ricky Barber,Ricky,Ricky,Barber
2025,WAS,00-0040315,Ja'Corey Brooks,Ja'Corey,Ja'Corey,Brooks
2025,WAS,00-0040317,Jacoby Jones,Jacoby,Jacoby,Jones
2025,WAS,00-0040318,Ale Kaho,Ale,Ale,Kaho
2025,WAS,00-0040319,Robert McDaniel,Robert,Robert,McDaniel
2025,WAS,00-0040320,Timothy McKay,Timothy,Timothy,McKay
2025,WAS,00-0040322,Car'lin Vigers,Car'lin,Car'lin,Vigers
2025,WAS,00-0040400,Donovan Edwards,Donovan,Donovan,Edwards
2025,WAS,00-0040571,Gee Scott Jr.,Gee,Gee,Scott
2025,WAS,00-0040686,Josh Conerly Jr.,Joshua,Josh,Conerly
2025,WAS,00-0040731,Trey Amos,Trey,Trey,Amos
