priority,sport,seasons,requested_utc,purposes,max_new_credits,cache_key
1,americanfootball_ncaaf,[2023],2023-08-20T16:00:00Z,"[""daily_16UTC""]",30,9e08d14d50e184381b37
1,americanfootball_ncaaf,[2023],2023-08-21T16:00:00Z,"[""daily_16UTC""]",30,53133aa7677dfbc89a97
1,americanfootball_ncaaf,[2023],2023-08-22T16:00:00Z,"[""daily_16UTC""]",30,24feef84035e8477ebda
1,americanfootball_ncaaf,[2023],2023-08-23T16:00:00Z,"[""daily_16UTC""]",30,4ff2b465de499be2d56f
1,americanfootball_ncaaf,[2023],2023-08-24T16:00:00Z,"[""daily_16UTC""]",30,6b1f760b074d0723f783
1,americanfootball_ncaaf,[2023],2023-08-25T16:00:00Z,"[""daily_16UTC""]",30,d0724ca6ff1b2c06fa3d
1,americanfootball_ncaaf,[2023],2023-08-26T02:30:00Z,"[""MOS_original_evening_slot_diagnostic""]",30,3723748ca9a8147038b4
1,americanfootball_ncaaf,[2023],2023-08-26T16:00:00Z,"[""daily_16UTC""]",30,f2281cc9a252c59ae1a9
1,americanfootball_ncaaf,[2023],2023-08-26T18:25:00Z,"[""pregame_close_proxy""]",30,66cacebbba474e9956a5
1,americanfootball_ncaaf,[2023],2023-08-26T21:25:00Z,"[""pregame_close_proxy""]",30,c7d30ccc3cbdd9975bdf
1,americanfootball_ncaaf,[2023],2023-08-26T22:55:00Z,"[""pregame_close_proxy""]",30,7dfbde0f722560a4686e
1,americanfootball_ncaaf,[2023],2023-08-26T23:25:00Z,"[""pregame_close_proxy""]",30,eeddd9570315566cf488
1,americanfootball_ncaaf,[2023],2023-08-26T23:55:00Z,"[""pregame_close_proxy""]",30,98294ca25d2e3283fa0c
1,americanfootball_ncaaf,[2023],2023-08-27T00:55:00Z,"[""pregame_close_proxy""]",30,8945df428348c58f0b4f
1,americanfootball_ncaaf,[2023],2023-08-27T16:00:00Z,"[""daily_16UTC""]",30,6027a5cb0295194467c0
1,americanfootball_ncaaf,[2023],2023-08-28T16:00:00Z,"[""daily_16UTC""]",30,c7da28cf46d69bd42f24
1,americanfootball_ncaaf,[2023],2023-08-29T16:00:00Z,"[""daily_16UTC""]",30,928003f7693c417e2a14
1,americanfootball_ncaaf,[2023],2023-08-30T16:00:00Z,"[""daily_16UTC""]",30,58eee7c74ad3d8769e82
1,americanfootball_ncaaf,[2023],2023-08-31T02:30:00Z,"[""MOS_original_evening_slot_diagnostic""]",30,69f6cc50d23fee18e0cc
1,americanfootball_ncaaf,[2023],2023-08-31T16:00:00Z,"[""daily_16UTC""]",30,1cb7aabe29412f23a858
1,americanfootball_ncaaf,[2023],2023-08-31T22:55:00Z,"[""pregame_close_proxy""]",30,3ff287ff3457b3cfbf35
1,americanfootball_ncaaf,[2023],2023-08-31T23:25:00Z,"[""pregame_close_proxy""]",30,c80bc2003ef696b15777
1,americanfootball_ncaaf,[2023],2023-08-31T23:55:00Z,"[""pregame_close_proxy""]",30,d4c01840b31cd2b35f7c
1,americanfootball_ncaaf,[2023],2023-09-01T02:30:00Z,"[""MOS_original_evening_slot_diagnostic""]",30,e0b0b083c6b8de4df0de
1,americanfootball_ncaaf,[2023],2023-09-01T16:00:00Z,"[""daily_16UTC""]",30,7e43f8c3238cd052cc45
1,americanfootball_nfl,[2023],2023-09-01T16:00:00Z,"[""daily_16UTC""]",30,69824145b8df2d86d7a0
1,americanfootball_ncaaf,[2023],2023-09-01T22:55:00Z,"[""pregame_close_proxy""]",30,063c6da85d1874c57c9d
1,americanfootball_ncaaf,[2023],2023-09-01T23:25:00Z,"[""pregame_close_proxy""]",30,9b29ed557ebbdfb5afa8
1,americanfootball_ncaaf,[2023],2023-09-02T02:30:00Z,"[""MOS_original_evening_slot_diagnostic""]",30,35cc099693c5bfd4e173
1,americanfootball_ncaaf,[2023],2023-09-02T02:55:00Z,"[""pregame_close_proxy""]",30,aa269fe3db9fd746ed37
1,americanfootball_ncaaf,[2023],2023-09-02T15:55:00Z,"[""pregame_close_proxy""]",30,0089343d663d5b00a5b0
1,americanfootball_ncaaf,[2023],2023-09-02T16:00:00Z,"[""daily_16UTC""]",30,b4c516cd9d995d8155b7
1,americanfootball_nfl,[2023],2023-09-02T16:00:00Z,"[""daily_16UTC""]",30,3baf470f279984108ef9
1,americanfootball_ncaaf,[2023],2023-09-02T16:55:00Z,"[""pregame_close_proxy""]",30,0e00da7ba8996634819b
1,americanfootball_ncaaf,[2023],2023-09-02T17:55:00Z,"[""pregame_close_proxy""]",30,7ddc8c8b630a9242e782
1,americanfootball_ncaaf,[2023],2023-09-02T19:25:00Z,"[""pregame_close_proxy""]",30,7ae958849c8a341270c3
1,americanfootball_ncaaf,[2023],2023-09-02T19:55:00Z,"[""alternate_independent_close_proxy"", ""pregame_close_proxy""]",30,84d16460845103efe6bf
1,americanfootball_ncaaf,[2023],2023-09-02T22:25:00Z,"[""pregame_close_proxy""]",30,441ff80f1af0b7ca42a5
1,americanfootball_ncaaf,[2023],2023-09-02T22:55:00Z,"[""pregame_close_proxy""]",30,6eb020557d61e9b954d6
1,americanfootball_ncaaf,[2023],2023-09-02T23:25:00Z,"[""pregame_close_proxy""]",30,139b3d7111377af0f881
1,americanfootball_ncaaf,[2023],2023-09-02T23:55:00Z,"[""pregame_close_proxy""]",30,6fedadd165519d87d22a
1,americanfootball_ncaaf,[2023],2023-09-03T02:10:00Z,"[""pregame_close_proxy""]",30,ddfb680ec65d705cc171
1,americanfootball_ncaaf,[2023],2023-09-03T02:25:00Z,"[""pregame_close_proxy""]",30,023fad73b393fe085594
1,americanfootball_ncaaf,[2023],2023-09-03T02:30:00Z,"[""MOS_original_evening_slot_diagnostic""]",30,3bb9b2d0700d45a8e72b
1,americanfootball_ncaaf,[2023],2023-09-03T15:55:00Z,"[""pregame_close_proxy""]",30,db9fc48e7c477179119d
1,americanfootball_ncaaf,[2023],2023-09-03T16:00:00Z,"[""daily_16UTC""]",30,a5488999a6cfaa94c677
1,americanfootball_nfl,[2023],2023-09-03T16:00:00Z,"[""daily_16UTC""]",30,3fdbadb7a74ebb73c4a3
1,americanfootball_ncaaf,[2023],2023-09-03T18:55:00Z,"[""pregame_close_proxy""]",30,b88a989d010fe3999622
1,americanfootball_ncaaf,[2023],2023-09-03T19:25:00Z,"[""pregame_close_proxy""]",30,6c35ea07055e21fddc0a
1,americanfootball_ncaaf,[2023],2023-09-03T23:25:00Z,"[""pregame_close_proxy""]",30,87e255712bb3987ba0bc
1,americanfootball_ncaaf,[2023],2023-09-04T02:30:00Z,"[""MOS_original_evening_slot_diagnostic""]",30,47209651848207553262
1,americanfootball_ncaaf,[2023],2023-09-04T16:00:00Z,"[""daily_16UTC""]",30,f29fca1c128e500da215
1,americanfootball_nfl,[2023],2023-09-04T16:00:00Z,"[""daily_16UTC""]",30,7e9945eb4a2b4aade469
1,americanfootball_ncaaf,[2023],2023-09-04T23:55:00Z,"[""pregame_close_proxy""]",30,2d424c02556d3468791a
1,americanfootball_ncaaf,[2023],2023-09-05T16:00:00Z,"[""daily_16UTC""]",30,71c0d686c346fc711758
1,americanfootball_nfl,[2023],2023-09-05T16:00:00Z,"[""daily_16UTC""]",30,18f63378b9b2c7394f16
1,americanfootball_ncaaf,[2023],2023-09-06T16:00:00Z,"[""daily_16UTC""]",30,b493d03d1009a1625a5e
1,americanfootball_nfl,[2023],2023-09-06T16:00:00Z,"[""daily_16UTC""]",30,6c89b9f76cc2dcc443c8
1,americanfootball_ncaaf,[2023],2023-09-07T02:30:00Z,"[""MOS_original_evening_slot_diagnostic""]",30,9c9c435de2cb756a1d80
1,americanfootball_nfl,[2023],2023-09-07T02:30:00Z,"[""MOS_original_evening_slot_diagnostic""]",30,240394d9627c1577e705
1,americanfootball_ncaaf,[2023],2023-09-07T16:00:00Z,"[""daily_16UTC""]",30,aa834c0435f49cad6664
1,americanfootball_nfl,[2023],2023-09-07T16:00:00Z,"[""daily_16UTC""]",30,8d40f14a8aa582f5d5dc
1,americanfootball_ncaaf,[2023],2023-09-07T23:25:00Z,"[""pregame_close_proxy""]",30,411ab5c1df7aec6ad705
1,americanfootball_nfl,[2023],2023-09-08T00:15:00Z,"[""pregame_close_proxy""]",30,fce336b5946058a62aa6
1,americanfootball_ncaaf,[2023],2023-09-08T02:30:00Z,"[""MOS_original_evening_slot_diagnostic""]",30,c8de4baad409748ef851
1,americanfootball_ncaaf,[2023],2023-09-08T16:00:00Z,"[""daily_16UTC""]",30,b987c9b99eac6f2e5525
1,americanfootball_nfl,[2023],2023-09-08T16:00:00Z,"[""daily_16UTC""]",30,67ca6ca61d423a112bf9
1,americanfootball_ncaaf,[2023],2023-09-08T23:25:00Z,"[""pregame_close_proxy""]",30,d3c7c2b837aa7e84619b
1,americanfootball_ncaaf,[2023],2023-09-09T02:30:00Z,"[""MOS_original_evening_slot_diagnostic""]",30,054775e537a4a7c14420
1,americanfootball_ncaaf,[2023],2023-09-09T14:55:00Z,"[""pregame_close_proxy""]",30,27b4a916beaf8d23a51f
1,americanfootball_ncaaf,[2023],2023-09-09T15:55:00Z,"[""pregame_close_proxy""]",30,8cec748b337fe214b26f
1,americanfootball_ncaaf,[2023],2023-09-09T16:00:00Z,"[""daily_16UTC""]",30,1dd961448bc0b988fa19
1,americanfootball_nfl,[2023],2023-09-09T16:00:00Z,"[""daily_16UTC""]",30,52abe3f07fab440dcc25
1,americanfootball_ncaaf,[2023],2023-09-09T19:25:00Z,"[""pregame_close_proxy""]",30,6e270399f6f136581d4e
1,americanfootball_ncaaf,[2023],2023-09-09T19:55:00Z,"[""pregame_close_proxy""]",30,6a731862d85340c86f67
1,americanfootball_ncaaf,[2023],2023-09-09T20:55:00Z,"[""pregame_close_proxy""]",30,e72f8ab4b1ae44300934
1,americanfootball_ncaaf,[2023],2023-09-09T21:10:00Z,"[""pregame_close_proxy""]",30,d9f9be4dad12fa2ff972
1,americanfootball_ncaaf,[2023],2023-09-09T21:55:00Z,"[""pregame_close_proxy""]",30,7bf63ba78b4c607eb808
1,americanfootball_ncaaf,[2023],2023-09-09T22:25:00Z,"[""pregame_close_proxy""]",30,5837464d393f9b58a166
1,americanfootball_ncaaf,[2023],2023-09-09T22:55:00Z,"[""pregame_close_proxy""]",30,8be14c3b0b9d5163e4b8
1,americanfootball_ncaaf,[2023],2023-09-09T23:25:00Z,"[""pregame_close_proxy""]",30,d318b371ce249437accc
1,americanfootball_ncaaf,[2023],2023-09-09T23:55:00Z,"[""pregame_close_proxy""]",30,236511eb084e1970d8f3
1,americanfootball_ncaaf,[2023],2023-09-10T00:25:00Z,"[""pregame_close_proxy""]",30,12ff6a96ba8ae7dae445
1,americanfootball_ncaaf,[2023],2023-09-10T02:25:00Z,"[""pregame_close_proxy""]",30,c377616271e3c615ef43
1,americanfootball_nfl,[2023],2023-09-10T02:30:00Z,"[""MOS_original_evening_slot_diagnostic""]",30,171023acc1eabd48d1d5
1,americanfootball_ncaaf,[2023],2023-09-10T16:00:00Z,"[""daily_16UTC""]",30,ddbe836c8893e237f19f
1,americanfootball_nfl,[2023],2023-09-10T16:00:00Z,"[""daily_16UTC""]",30,f075b8f51933f870f788
1,americanfootball_nfl,[2023],2023-09-10T16:55:00Z,"[""pregame_close_proxy""]",30,c792c118dc4fbb354e9f
1,americanfootball_nfl,[2023],2023-09-10T20:20:00Z,"[""pregame_close_proxy""]",30,05cfb020035c6b8d1545
1,americanfootball_nfl,[2023],2023-09-11T00:15:00Z,"[""pregame_close_proxy""]",30,7aa85a7eae5d228d2d73
1,americanfootball_nfl,[2023],2023-09-11T02:30:00Z,"[""MOS_original_evening_slot_diagnostic""]",30,98a1a65022b2a1b0fa1a
1,americanfootball_ncaaf,[2023],2023-09-11T16:00:00Z,"[""daily_16UTC""]",30,d8fec1958732a44ed729
1,americanfootball_nfl,[2023],2023-09-11T16:00:00Z,"[""daily_16UTC""]",30,02a62b442ac4d048d1f8
1,americanfootball_nfl,[2023],2023-09-12T00:10:00Z,"[""pregame_close_proxy""]",30,4b924715e9bbd3eb716c
1,americanfootball_ncaaf,[2023],2023-09-12T16:00:00Z,"[""daily_16UTC""]",30,55de7b07d68857708e48
1,americanfootball_nfl,[2023],2023-09-12T16:00:00Z,"[""daily_16UTC""]",30,d7a32db3a7d045a2050f
1,americanfootball_ncaaf,[2023],2023-09-13T16:00:00Z,"[""daily_16UTC""]",30,cb35e2e21a2e567ad572
1,americanfootball_nfl,[2023],2023-09-13T16:00:00Z,"[""daily_16UTC""]",30,3337fa9509ab0d4549fb
1,americanfootball_ncaaf,[2023],2023-09-14T02:30:00Z,"[""MOS_original_evening_slot_diagnostic""]",30,6d06b9166c5a0e666e06
1,americanfootball_nfl,[2023],2023-09-14T02:30:00Z,"[""MOS_original_evening_slot_diagnostic""]",30,09d564ee977590de359c
1,americanfootball_ncaaf,[2023],2023-09-14T16:00:00Z,"[""daily_16UTC""]",30,4a59c8c145caf7e84782
1,americanfootball_nfl,[2023],2023-09-14T16:00:00Z,"[""daily_16UTC""]",30,a55e246f6e71c2ea7857
1,americanfootball_ncaaf,[2023],2023-09-14T23:25:00Z,"[""pregame_close_proxy""]",30,7c84786a46f23ce6ceb5
1,americanfootball_nfl,[2023],2023-09-15T00:10:00Z,"[""pregame_close_proxy""]",30,e25bc01b82e96e091a14
1,americanfootball_ncaaf,[2023],2023-09-15T02:30:00Z,"[""MOS_original_evening_slot_diagnostic""]",30,0fd05637c937a30498d7
1,americanfootball_ncaaf,[2023],2023-09-15T16:00:00Z,"[""daily_16UTC""]",30,a1e5083c78b743c4438b
1,americanfootball_nfl,[2023],2023-09-15T16:00:00Z,"[""daily_16UTC""]",30,19066e635fede942cc27
1,americanfootball_ncaaf,[2023],2023-09-15T22:55:00Z,"[""pregame_close_proxy""]",30,fd6f073261dc5870531a
1,americanfootball_ncaaf,[2023],2023-09-15T23:55:00Z,"[""pregame_close_proxy""]",30,7b776183bfc829593bd9
1,americanfootball_ncaaf,[2023],2023-09-16T02:30:00Z,"[""MOS_original_evening_slot_diagnostic""]",30,c792ea5da6ca0d51dd74
1,americanfootball_ncaaf,[2023],2023-09-16T15:55:00Z,"[""pregame_close_proxy""]",30,255f2336841abb6cd243
1,americanfootball_ncaaf,[2023],2023-09-16T16:00:00Z,"[""daily_16UTC""]",30,707465b7f0a62dbe3b94
1,americanfootball_nfl,[2023],2023-09-16T16:00:00Z,"[""daily_16UTC""]",30,76325535fdad62e36252
1,americanfootball_ncaaf,[2023],2023-09-16T17:55:00Z,"[""pregame_close_proxy""]",30,1f23eec589fef855ed86
1,americanfootball_ncaaf,[2023],2023-09-16T18:25:00Z,"[""pregame_close_proxy""]",30,d53f9ffe5f2178771510
1,americanfootball_ncaaf,[2023],2023-09-16T19:25:00Z,"[""pregame_close_proxy""]",30,33ef3597f0fd9ff5d63f
1,americanfootball_ncaaf,[2023],2023-09-16T19:55:00Z,"[""pregame_close_proxy""]",30,3f9fefd1532b98d93900
1,americanfootball_ncaaf,[2023],2023-09-16T20:55:00Z,"[""pregame_close_proxy""]",30,bff9da2af1217a26f18e
1,americanfootball_ncaaf,[2023],2023-09-16T21:55:00Z,"[""pregame_close_proxy""]",30,742e481da72a8c93c254
1,americanfootball_ncaaf,[2023],2023-09-16T22:55:00Z,"[""pregame_close_proxy""]",30,f272a6c8c459101537cd
1,americanfootball_ncaaf,[2023],2023-09-16T23:25:00Z,"[""pregame_close_proxy""]",30,dd219e826f25d42d2780
1,americanfootball_ncaaf,[2023],2023-09-16T23:55:00Z,"[""pregame_close_proxy""]",30,6913f5ead2462148d89f
1,americanfootball_ncaaf,[2023],2023-09-17T01:55:00Z,"[""pregame_close_proxy""]",30,ef78ddb79eb7faa469eb
1,americanfootball_ncaaf,[2023],2023-09-17T02:25:00Z,"[""pregame_close_proxy""]",30,1254a44f9d0acf74c5a6
1,americanfootball_nfl,[2023],2023-09-17T02:30:00Z,"[""MOS_original_evening_slot_diagnostic""]",30,91902fb1cb92afe95092
1,americanfootball_ncaaf,[2023],2023-09-17T02:55:00Z,"[""pregame_close_proxy""]",30,74f127a7fbf7113ca8c8
1,americanfootball_ncaaf,[2023],2023-09-17T16:00:00Z,"[""daily_16UTC""]",30,f2f986b09ba541adb577
1,americanfootball_nfl,[2023],2023-09-17T16:00:00Z,"[""daily_16UTC""]",30,5808c81bdeace96e8984
1,americanfootball_nfl,[2023],2023-09-17T16:55:00Z,"[""pregame_close_proxy""]",30,5cf428c037f301859d48
1,americanfootball_nfl,[2023],2023-09-17T20:00:00Z,"[""pregame_close_proxy""]",30,1c9201bd8a86cf3eecd7
1,americanfootball_nfl,[2023],2023-09-17T20:20:00Z,"[""pregame_close_proxy""]",30,f626d8cc1b06a528eb61
1,americanfootball_nfl,[2023],2023-09-18T00:15:00Z,"[""pregame_close_proxy""]",30,0419b0a5f06dff6d3a78
1,americanfootball_nfl,[2023],2023-09-18T02:30:00Z,"[""MOS_original_evening_slot_diagnostic""]",30,1698f3e08a0f7e9798bc
1,americanfootball_ncaaf,[2023],2023-09-18T16:00:00Z,"[""daily_16UTC""]",30,8f4c046aa5884afc98f3
1,americanfootball_nfl,[2023],2023-09-18T16:00:00Z,"[""daily_16UTC""]",30,397dc20be15b1deaa8cb
1,americanfootball_nfl,[2023],2023-09-18T23:10:00Z,"[""pregame_close_proxy""]",30,635fa483f96781733ce7
1,americanfootball_nfl,[2023],2023-09-19T00:10:00Z,"[""pregame_close_proxy""]",30,8e9539a237da1103a802
1,americanfootball_ncaaf,[2023],2023-09-19T16:00:00Z,"[""daily_16UTC""]",30,7a2f3fc132a4931accd9
1,americanfootball_nfl,[2023],2023-09-19T16:00:00Z,"[""daily_16UTC""]",30,af4f5cdcda3df3c572df
1,americanfootball_ncaaf,[2023],2023-09-20T16:00:00Z,"[""daily_16UTC""]",30,19591476be37a59269af
1,americanfootball_nfl,[2023],2023-09-20T16:00:00Z,"[""daily_16UTC""]",30,718ee175ff8397f67c2a
1,americanfootball_ncaaf,[2023],2023-09-21T02:30:00Z,"[""MOS_original_evening_slot_diagnostic""]",30,9657cacdf8995fe0c21a
1,americanfootball_nfl,[2023],2023-09-21T02:30:00Z,"[""MOS_original_evening_slot_diagnostic""]",30,3bfca9e9f8e26fa4de37
1,americanfootball_ncaaf,[2023],2023-09-21T16:00:00Z,"[""daily_16UTC""]",30,030bf82be9e03c3f0db0
1,americanfootball_nfl,[2023],2023-09-21T16:00:00Z,"[""daily_16UTC""]",30,42e77e0756c7a0f2bde9
1,americanfootball_ncaaf,[2023],2023-09-21T23:25:00Z,"[""pregame_close_proxy""]",30,04d67655b0c6f7cf7bc8
1,americanfootball_nfl,[2023],2023-09-22T00:10:00Z,"[""pregame_close_proxy""]",30,7584d87cb3c8c5c00e72
1,americanfootball_ncaaf,[2023],2023-09-22T02:30:00Z,"[""MOS_original_evening_slot_diagnostic""]",30,fef59bf1394e1993647e
1,americanfootball_ncaaf,[2023],2023-09-22T16:00:00Z,"[""daily_16UTC""]",30,475eaa92b451d5198275
1,americanfootball_nfl,[2023],2023-09-22T16:00:00Z,"[""daily_16UTC""]",30,ec8d0c5e014a5f60fb84
1,americanfootball_ncaaf,[2023],2023-09-22T22:55:00Z,"[""pregame_close_proxy""]",30,896a69545e8d769ebbd9
1,americanfootball_ncaaf,[2023],2023-09-22T23:25:00Z,"[""pregame_close_proxy""]",30,ede69f6bcf6479cd417a
1,americanfootball_ncaaf,[2023],2023-09-23T02:25:00Z,"[""pregame_close_proxy""]",30,9251d44d642b609efd52
1,americanfootball_ncaaf,[2023],2023-09-23T02:30:00Z,"[""MOS_original_evening_slot_diagnostic""]",30,4d9a7cdc4686ee559f43
1,americanfootball_ncaaf,[2023],2023-09-23T15:55:00Z,"[""pregame_close_proxy""]",30,1dd16838c52e91d45472
1,americanfootball_ncaaf,[2023],2023-09-23T16:00:00Z,"[""daily_16UTC""]",30,79988ee131b5618d3f1d
1,americanfootball_nfl,[2023],2023-09-23T16:00:00Z,"[""daily_16UTC""]",30,5c464e3bbc9bdeac7f86
1,americanfootball_ncaaf,[2023],2023-09-23T17:25:00Z,"[""pregame_close_proxy""]",30,9ecfad9e01d1dd69fb99
1,americanfootball_ncaaf,[2023],2023-09-23T17:55:00Z,"[""pregame_close_proxy""]",30,57391456da47dd88fc28
1,americanfootball_ncaaf,[2023],2023-09-23T19:25:00Z,"[""pregame_close_proxy""]",30,d41bdc5e6ba60b332521
1,americanfootball_ncaaf,[2023],2023-09-23T19:55:00Z,"[""pregame_close_proxy""]",30,b8674344f7e28717b244
1,americanfootball_ncaaf,[2023],2023-09-23T20:55:00Z,"[""pregame_close_proxy""]",30,8709befe0080512fe31b
1,americanfootball_ncaaf,[2023],2023-09-23T22:25:00Z,"[""pregame_close_proxy""]",30,1dc4c35127d80190ce61
1,americanfootball_ncaaf,[2023],2023-09-23T22:55:00Z,"[""pregame_close_proxy""]",30,29a3f332b066c17e27a4
1,americanfootball_ncaaf,[2023],2023-09-23T23:25:00Z,"[""pregame_close_proxy""]",30,a9c9ab848a476556707f
1,americanfootball_ncaaf,[2023],2023-09-23T23:55:00Z,"[""pregame_close_proxy""]",30,40f6fe9bb0cfd57a58d6
1,americanfootball_ncaaf,[2023],2023-09-24T00:55:00Z,"[""pregame_close_proxy""]",30,ca09419bc4e1f6681bb0
1,americanfootball_ncaaf,[2023],2023-09-24T02:25:00Z,"[""pregame_close_proxy""]",30,14308ae2e02714395a56
1,americanfootball_nfl,[2023],2023-09-24T02:30:00Z,"[""MOS_original_evening_slot_diagnostic""]",30,c514e83500b91cbbd1db
1,americanfootball_ncaaf,[2023],2023-09-24T03:55:00Z,"[""pregame_close_proxy""]",30,3d43fd951c89b67e2710
1,americanfootball_ncaaf,[2023],2023-09-24T16:00:00Z,"[""daily_16UTC""]",30,a239d93daaa9260fc7b5
1,americanfootball_nfl,[2023],2023-09-24T16:00:00Z,"[""daily_16UTC""]",30,6496e0e5512e3f5c903b
1,americanfootball_nfl,[2023],2023-09-24T16:55:00Z,"[""pregame_close_proxy""]",30,10c11e5be20239fd022c
1,americanfootball_nfl,[2023],2023-09-24T20:00:00Z,"[""pregame_close_proxy""]",30,b593af0356fc15ad6ba3
1,americanfootball_nfl,[2023],2023-09-24T20:20:00Z,"[""pregame_close_proxy""]",30,2436354dda48934fce12
1,americanfootball_nfl,[2023],2023-09-25T00:15:00Z,"[""pregame_close_proxy""]",30,04d293390b9ede5b0dfa
1,americanfootball_nfl,[2023],2023-09-25T02:30:00Z,"[""MOS_original_evening_slot_diagnostic""]",30,a916f9c79de1af23e88b
1,americanfootball_ncaaf,[2023],2023-09-25T16:00:00Z,"[""daily_16UTC""]",30,5cfdd926b558fab69733
1,americanfootball_nfl,[2023],2023-09-25T16:00:00Z,"[""daily_16UTC""]",30,cbae56c5a6461736d141
1,americanfootball_nfl,[2023],2023-09-25T23:10:00Z,"[""pregame_close_proxy""]",30,3842c19c843118a9a878
1,americanfootball_nfl,[2023],2023-09-26T00:10:00Z,"[""pregame_close_proxy""]",30,10d1c7af5fc032ea49cf
1,americanfootball_ncaaf,[2023],2023-09-26T16:00:00Z,"[""daily_16UTC""]",30,a44b34f08eaa71c2e6d1
1,americanfootball_nfl,[2023],2023-09-26T16:00:00Z,"[""daily_16UTC""]",30,c08a69019d4a604fd4d3
1,americanfootball_ncaaf,[2023],2023-09-27T16:00:00Z,"[""daily_16UTC""]",30,135235f49e1f4a66531b
1,americanfootball_nfl,[2023],2023-09-27T16:00:00Z,"[""daily_16UTC""]",30,360966b99e3ffd53f33a
1,americanfootball_ncaaf,[2023],2023-09-28T02:30:00Z,"[""MOS_original_evening_slot_diagnostic""]",30,ecddd6a6cf39c9762e3a
1,americanfootball_nfl,[2023],2023-09-28T02:30:00Z,"[""MOS_original_evening_slot_diagnostic""]",30,ec0ce4d7cc410da15a4a
1,americanfootball_ncaaf,[2023],2023-09-28T16:00:00Z,"[""daily_16UTC""]",30,3e568ab7165d346dc7d9
1,americanfootball_nfl,[2023],2023-09-28T16:00:00Z,"[""daily_16UTC""]",30,977db8f35563700a4929
1,americanfootball_ncaaf,[2023],2023-09-28T23:25:00Z,"[""pregame_close_proxy""]",30,63af88cc3cfb5eb10f08
1,americanfootball_ncaaf,[2023],2023-09-28T23:55:00Z,"[""pregame_close_proxy""]",30,c940666677f228e04281
1,americanfootball_nfl,[2023],2023-09-29T00:10:00Z,"[""pregame_close_proxy""]",30,5ee8c1c8f03603ac7ac5
1,americanfootball_ncaaf,[2023],2023-09-29T02:30:00Z,"[""MOS_original_evening_slot_diagnostic""]",30,f7701056de6cfa0fbf85
1,americanfootball_ncaaf,[2023],2023-09-29T16:00:00Z,"[""daily_16UTC""]",30,0c8ed1f3467c4528cd31
1,americanfootball_nfl,[2023],2023-09-29T16:00:00Z,"[""daily_16UTC""]",30,1e78e2a7d0ca7e2d1e44
1,americanfootball_ncaaf,[2023],2023-09-29T22:55:00Z,"[""pregame_close_proxy""]",30,94a08a76cd85f71115e1
1,americanfootball_ncaaf,[2023],2023-09-30T00:55:00Z,"[""pregame_close_proxy""]",30,a35e5adc40c33d4d07b2
1,americanfootball_ncaaf,[2023],2023-09-30T02:10:00Z,"[""pregame_close_proxy""]",30,9cf4ce86bc257846dbd3
1,americanfootball_ncaaf,[2023],2023-09-30T02:30:00Z,"[""MOS_original_evening_slot_diagnostic""]",30,1a16f57244ef4b191fc3
1,americanfootball_ncaaf,[2023],2023-09-30T15:55:00Z,"[""pregame_close_proxy""]",30,64ddb01a64be602607ba
1,americanfootball_ncaaf,[2023],2023-09-30T16:00:00Z,"[""daily_16UTC""]",30,ba2ff6273bf277ef69f8
1,americanfootball_nfl,[2023],2023-09-30T16:00:00Z,"[""daily_16UTC""]",30,7d9d53c59c8849753483
1,americanfootball_ncaaf,[2023],2023-09-30T17:25:00Z,"[""pregame_close_proxy""]",30,440abf8fdf8abb554570
1,americanfootball_ncaaf,[2023],2023-09-30T17:55:00Z,"[""pregame_close_proxy""]",30,dceb19ea4fd04855fafc
1,americanfootball_ncaaf,[2023],2023-09-30T18:25:00Z,"[""pregame_close_proxy""]",30,6d3fc0e9701a6b4954ad
1,americanfootball_ncaaf,[2023],2023-09-30T18:55:00Z,"[""pregame_close_proxy""]",30,7b54851aaf920ac7ebb9
1,americanfootball_ncaaf,[2023],2023-09-30T19:25:00Z,"[""pregame_close_proxy""]",30,9e6c7a5086d02b0b2e55
1,americanfootball_ncaaf,[2023],2023-09-30T19:55:00Z,"[""pregame_close_proxy""]",30,762042db17a6e334a835
1,americanfootball_ncaaf,[2023],2023-09-30T21:55:00Z,"[""pregame_close_proxy""]",30,f3c411c1f6d9c771958d
1,americanfootball_ncaaf,[2023],2023-09-30T22:25:00Z,"[""pregame_close_proxy""]",30,265ea513523c3b704193
1,americanfootball_ncaaf,[2023],2023-09-30T22:55:00Z,"[""pregame_close_proxy""]",30,22658324335fd79c5e17
1,americanfootball_ncaaf,[2023],2023-09-30T23:25:00Z,"[""pregame_close_proxy""]",30,fbad88ce60e7554c2609
1,americanfootball_ncaaf,[2023],2023-09-30T23:55:00Z,"[""pregame_close_proxy""]",30,7675139819c7456cf610
1,americanfootball_ncaaf,[2023],2023-10-01T00:55:00Z,"[""pregame_close_proxy""]",30,76976ecf66c8155f59a8
1,americanfootball_ncaaf,[2023],2023-10-01T01:55:00Z,"[""pregame_close_proxy""]",30,26a50a29bf09f46a3976
1,americanfootball_ncaaf,[2023],2023-10-01T02:25:00Z,"[""pregame_close_proxy""]",30,0b1ef20057b9be12f8e5
1,americanfootball_nfl,[2023],2023-10-01T02:30:00Z,"[""MOS_original_evening_slot_diagnostic""]",0,705b0d0fb2fbd8901ead
1,americanfootball_nfl,[2023],2023-10-01T13:25:00Z,"[""pregame_close_proxy""]",30,db7d29cf22eb000833b3
1,americanfootball_ncaaf,[2023],2023-10-01T16:00:00Z,"[""daily_16UTC""]",30,83c113ad43a2098ddd3f
1,americanfootball_nfl,[2023],2023-10-01T16:00:00Z,"[""daily_16UTC""]",0,92d89dd585d78d466246
1,americanfootball_nfl,[2023],2023-10-01T16:55:00Z,"[""pregame_close_proxy""]",30,a8a7290dded07b3d27b0
1,americanfootball_nfl,[2023],2023-10-01T20:00:00Z,"[""pregame_close_proxy""]",30,97b11cf0532f0dd9813a
1,americanfootball_nfl,[2023],2023-10-01T20:20:00Z,"[""pregame_close_proxy""]",30,2fb3e49768bf9117dba4
1,americanfootball_nfl,[2023],2023-10-02T00:15:00Z,"[""pregame_close_proxy""]",30,679ec0a651b9a290636c
1,americanfootball_nfl,[2023],2023-10-02T02:30:00Z,"[""MOS_original_evening_slot_diagnostic""]",30,48468d87b95f6016ee0a
1,americanfootball_ncaaf,[2023],2023-10-02T16:00:00Z,"[""daily_16UTC""]",30,f9e7f97ff983cc32910b
1,americanfootball_nfl,[2023],2023-10-02T16:00:00Z,"[""daily_16UTC""]",30,f4ab2a36cd1e9322beb5
1,americanfootball_nfl,[2023],2023-10-03T00:10:00Z,"[""pregame_close_proxy""]",30,a1d701b40b29da85de8c
1,americanfootball_ncaaf,[2023],2023-10-03T16:00:00Z,"[""daily_16UTC""]",30,2b203bbce4c26552f0bf
1,americanfootball_nfl,[2023],2023-10-03T16:00:00Z,"[""daily_16UTC""]",30,1023781032f578ac00cb
1,americanfootball_ncaaf,[2023],2023-10-04T02:30:00Z,"[""MOS_original_evening_slot_diagnostic""]",30,0b08ec8ad8596f2e7d09
1,americanfootball_ncaaf,[2023],2023-10-04T16:00:00Z,"[""daily_16UTC""]",30,0d9d917c7a9ccca8910d
1,americanfootball_nfl,[2023],2023-10-04T16:00:00Z,"[""daily_16UTC""]",30,cf55691990c408c082f5
1,americanfootball_ncaaf,[2023],2023-10-04T23:55:00Z,"[""pregame_close_proxy""]",30,1cc2613a8a98fa60d70a
1,americanfootball_ncaaf,[2023],2023-10-05T00:55:00Z,"[""pregame_close_proxy""]",30,08442887d9fded7794fa
1,americanfootball_ncaaf,[2023],2023-10-05T02:30:00Z,"[""MOS_original_evening_slot_diagnostic""]",30,903ba5d1b4368dc39276
1,americanfootball_nfl,[2023],2023-10-05T02:30:00Z,"[""MOS_original_evening_slot_diagnostic""]",30,fd020527fc68a60531af
1,americanfootball_ncaaf,[2023],2023-10-05T16:00:00Z,"[""daily_16UTC""]",30,4461a871d2e91bb6ab1c
1,americanfootball_nfl,[2023],2023-10-05T16:00:00Z,"[""daily_16UTC""]",30,537aa85402afc9eb2077
1,americanfootball_ncaaf,[2023],2023-10-05T22:55:00Z,"[""pregame_close_proxy""]",30,a1b8ffb93df169e83f38
1,americanfootball_ncaaf,[2023],2023-10-05T23:55:00Z,"[""pregame_close_proxy""]",30,8590df14a4466a77bd01
1,americanfootball_nfl,[2023],2023-10-06T00:10:00Z,"[""pregame_close_proxy""]",30,7ebdc452a7f5a048c1f9
1,americanfootball_ncaaf,[2023],2023-10-06T02:30:00Z,"[""MOS_original_evening_slot_diagnostic""]",30,6757a8c90f4ee823396d
1,americanfootball_ncaaf,[2023],2023-10-06T16:00:00Z,"[""daily_16UTC""]",30,f2285a3af3d4b00b83c8
1,americanfootball_nfl,[2023],2023-10-06T16:00:00Z,"[""daily_16UTC""]",30,82791b4a8ffa32c7ab56
1,americanfootball_ncaaf,[2023],2023-10-06T23:25:00Z,"[""pregame_close_proxy""]",30,ff3f8559962ec116834f
1,americanfootball_ncaaf,[2023],2023-10-06T23:55:00Z,"[""pregame_close_proxy""]",30,d3ca25c70759976fdf72
1,americanfootball_ncaaf,[2023],2023-10-07T02:30:00Z,"[""MOS_original_evening_slot_diagnostic""]",0,7057b0ee271358457a7f
1,americanfootball_ncaaf,[2023],2023-10-07T15:55:00Z,"[""pregame_close_proxy""]",30,f3d59dbb1461b9d2904b
1,americanfootball_ncaaf,[2023],2023-10-07T16:00:00Z,"[""daily_16UTC""]",0,3d225f22e454974fc9a8
1,americanfootball_nfl,[2023],2023-10-07T16:00:00Z,"[""daily_16UTC""]",30,392cb863d46a6655fe1f
1,americanfootball_ncaaf,[2023],2023-10-07T17:55:00Z,"[""pregame_close_proxy""]",30,67f6cdd0e6c221579da6
1,americanfootball_ncaaf,[2023],2023-10-07T18:55:00Z,"[""pregame_close_proxy""]",30,199da8191a360d2ef19c
1,americanfootball_ncaaf,[2023],2023-10-07T19:25:00Z,"[""pregame_close_proxy""]",30,7991b7a30fbc9e0819f0
1,americanfootball_ncaaf,[2023],2023-10-07T19:55:00Z,"[""pregame_close_proxy""]",30,78a38719b473ef858342
1,americanfootball_ncaaf,[2023],2023-10-07T20:55:00Z,"[""pregame_close_proxy""]",30,4e3b711452d047885229
1,americanfootball_ncaaf,[2023],2023-10-07T21:55:00Z,"[""pregame_close_proxy""]",30,80b1ad14e7dd0204cc50
1,americanfootball_ncaaf,[2023],2023-10-07T22:25:00Z,"[""pregame_close_proxy""]",30,8fac4371d808a5391479
1,americanfootball_ncaaf,[2023],2023-10-07T22:55:00Z,"[""pregame_close_proxy""]",30,f329e85f42ba2ee0ff06
1,americanfootball_ncaaf,[2023],2023-10-07T23:25:00Z,"[""pregame_close_proxy""]",30,08ce097dff9baeafca92
1,americanfootball_ncaaf,[2023],2023-10-07T23:30:00Z,"[""alternate_independent_close_proxy""]",30,5ecfed8acabbf1d1be15
1,americanfootball_ncaaf,[2023],2023-10-07T23:55:00Z,"[""pregame_close_proxy""]",30,f69a726529b203d36795
1,americanfootball_ncaaf,[2023],2023-10-08T01:55:00Z,"[""pregame_close_proxy""]",30,0835cad6751e37a34a0a
1,americanfootball_ncaaf,[2023],2023-10-08T02:25:00Z,"[""pregame_close_proxy""]",30,95905963088682eaccdb
1,americanfootball_nfl,[2023],2023-10-08T02:30:00Z,"[""MOS_original_evening_slot_diagnostic""]",30,062e0c9a5779b7f274e6
1,americanfootball_nfl,[2023],2023-10-08T13:25:00Z,"[""pregame_close_proxy""]",30,c4085cdb4ee1485314a6
1,americanfootball_ncaaf,[2023],2023-10-08T16:00:00Z,"[""daily_16UTC""]",30,7ea9b7dced7f92d55317
1,americanfootball_nfl,[2023],2023-10-08T16:00:00Z,"[""daily_16UTC""]",30,de713e2162ee130c739d
1,americanfootball_nfl,[2023],2023-10-08T16:55:00Z,"[""pregame_close_proxy""]",30,f2a95685c5a423c22628
1,americanfootball_nfl,[2023],2023-10-08T20:00:00Z,"[""pregame_close_proxy""]",30,067ce3f0884c9869f946
1,americanfootball_nfl,[2023],2023-10-08T20:20:00Z,"[""pregame_close_proxy""]",30,4ff76ac085247a133d03
1,americanfootball_nfl,[2023],2023-10-09T00:15:00Z,"[""pregame_close_proxy""]",30,84757ec44db6961a65f9
1,americanfootball_ncaaf,[2023],2023-10-09T16:00:00Z,"[""daily_16UTC""]",30,d91f8bba189c4e27e154
1,americanfootball_nfl,[2023],2023-10-09T16:00:00Z,"[""daily_16UTC""]",30,5acf718351b8e9dc7299
1,americanfootball_nfl,[2023],2023-10-10T00:10:00Z,"[""pregame_close_proxy""]",30,20c6fe2adbe27e22927c
1,americanfootball_ncaaf,[2023],2023-10-10T02:30:00Z,"[""MOS_original_evening_slot_diagnostic""]",30,46623a86378be3236f63
1,americanfootball_ncaaf,[2023],2023-10-10T16:00:00Z,"[""daily_16UTC""]",30,d01ae1fae38dd0020db2
1,americanfootball_nfl,[2023],2023-10-10T16:00:00Z,"[""daily_16UTC""]",30,92e8cde081eda64e70b2
1,americanfootball_ncaaf,[2023],2023-10-10T22:55:00Z,"[""pregame_close_proxy""]",30,6097b5c15e77888a905d
1,americanfootball_ncaaf,[2023],2023-10-10T23:25:00Z,"[""pregame_close_proxy""]",30,a7d1d01928f5d0535f0c
1,americanfootball_ncaaf,[2023],2023-10-11T02:30:00Z,"[""MOS_original_evening_slot_diagnostic""]",30,9085a02c2ac04e056feb
1,americanfootball_ncaaf,[2023],2023-10-11T16:00:00Z,"[""daily_16UTC""]",30,9ebbc7215614bd4726b4
1,americanfootball_nfl,[2023],2023-10-11T16:00:00Z,"[""daily_16UTC""]",30,36b9e9e3ad5e7f84ac45
1,americanfootball_ncaaf,[2023],2023-10-11T23:25:00Z,"[""pregame_close_proxy""]",30,da04d66d9b17d8bb3235
1,americanfootball_ncaaf,[2023],2023-10-12T00:55:00Z,"[""pregame_close_proxy""]",30,267864aa978ed020cd13
1,americanfootball_ncaaf,[2023],2023-10-12T02:30:00Z,"[""MOS_original_evening_slot_diagnostic""]",30,597aebc803021bc5a59d
1,americanfootball_nfl,[2023],2023-10-12T02:30:00Z,"[""MOS_original_evening_slot_diagnostic""]",30,b772377d583c151df826
1,americanfootball_ncaaf,[2023],2023-10-12T16:00:00Z,"[""daily_16UTC""]",30,1505a36a28c4054421c2
1,americanfootball_nfl,[2023],2023-10-12T16:00:00Z,"[""daily_16UTC""]",30,007f5e9ee33136115c37
1,americanfootball_ncaaf,[2023],2023-10-12T22:55:00Z,"[""pregame_close_proxy""]",30,b47a4235fe5c17afc916
1,americanfootball_ncaaf,[2023],2023-10-12T23:25:00Z,"[""pregame_close_proxy""]",30,0d23fa6879b69cfec4ed
1,americanfootball_nfl,[2023],2023-10-13T00:10:00Z,"[""pregame_close_proxy""]",30,00cc182a88778c85ee1a
1,americanfootball_ncaaf,[2023],2023-10-13T02:30:00Z,"[""MOS_original_evening_slot_diagnostic""]",30,1f0dbfd8b0bd3aaa16c3
1,americanfootball_ncaaf,[2023],2023-10-13T16:00:00Z,"[""daily_16UTC""]",30,239f0599a1056699185c
1,americanfootball_nfl,[2023],2023-10-13T16:00:00Z,"[""daily_16UTC""]",30,aab47acbffb6005d1777
1,americanfootball_ncaaf,[2023],2023-10-13T22:55:00Z,"[""pregame_close_proxy""]",30,cf4c06d77ee8b870c1c7
1,americanfootball_ncaaf,[2023],2023-10-13T23:55:00Z,"[""pregame_close_proxy""]",30,67c067eeaaf8bf09e182
1,americanfootball_ncaaf,[2023],2023-10-14T01:55:00Z,"[""pregame_close_proxy""]",30,c9880e7e68f76fdc3bd4
1,americanfootball_ncaaf,[2023],2023-10-14T02:30:00Z,"[""MOS_original_evening_slot_diagnostic""]",30,f1f8de0a242660905bad
1,americanfootball_ncaaf,[2023],2023-10-14T15:55:00Z,"[""pregame_close_proxy""]",30,9a8ba937af53d8599815
1,americanfootball_ncaaf,[2023],2023-10-14T16:00:00Z,"[""daily_16UTC""]",30,0fcd99efdd97022b607d
1,americanfootball_nfl,[2023],2023-10-14T16:00:00Z,"[""daily_16UTC""]",30,ada0470a8c4e290ff295
1,americanfootball_ncaaf,[2023],2023-10-14T17:55:00Z,"[""pregame_close_proxy""]",30,43b7efb3cb3123b26fac
1,americanfootball_ncaaf,[2023],2023-10-14T18:55:00Z,"[""pregame_close_proxy""]",30,49974ca5401dba4f438f
1,americanfootball_ncaaf,[2023],2023-10-14T19:25:00Z,"[""pregame_close_proxy""]",30,9388134d63490e079a01
1,americanfootball_ncaaf,[2023],2023-10-14T19:55:00Z,"[""pregame_close_proxy""]",30,2fed990e1789b4d11513
1,americanfootball_ncaaf,[2023],2023-10-14T20:55:00Z,"[""pregame_close_proxy""]",30,ac0941b6a06ce9d6c64a
1,americanfootball_ncaaf,[2023],2023-10-14T21:55:00Z,"[""pregame_close_proxy""]",30,f281f4d6d966e0ed8aa0
1,americanfootball_ncaaf,[2023],2023-10-14T22:25:00Z,"[""pregame_close_proxy""]",30,724aa2adc016982595ab
1,americanfootball_ncaaf,[2023],2023-10-14T22:55:00Z,"[""pregame_close_proxy""]",30,b797a2318b26f9c005d5
1,americanfootball_ncaaf,[2023],2023-10-14T23:25:00Z,"[""pregame_close_proxy""]",30,85184a903a609fd71378
1,americanfootball_ncaaf,[2023],2023-10-14T23:55:00Z,"[""pregame_close_proxy""]",30,e2e4bab080b6d5d04d77
1,americanfootball_ncaaf,[2023],2023-10-15T01:40:00Z,"[""pregame_close_proxy""]",30,017814e16411b2e6a3c8
1,americanfootball_nfl,[2023],2023-10-15T02:30:00Z,"[""MOS_original_evening_slot_diagnostic""]",30,9424868fd462a23ecfbe
1,americanfootball_ncaaf,[2023],2023-10-15T02:55:00Z,"[""pregame_close_proxy""]",30,56419069250a4f53325a
1,americanfootball_nfl,[2023],2023-10-15T13:25:00Z,"[""pregame_close_proxy""]",30,8ddd17ce1c55971b54f2
1,americanfootball_ncaaf,[2023],2023-10-15T16:00:00Z,"[""daily_16UTC""]",30,181db4d77c849ae75070
1,americanfootball_nfl,[2023],2023-10-15T16:00:00Z,"[""daily_16UTC""]",30,a142edc8cd087acbc99c
1,americanfootball_nfl,[2023],2023-10-15T16:55:00Z,"[""pregame_close_proxy""]",30,05b11deeef7c37b249e1
1,americanfootball_nfl,[2023],2023-10-15T20:00:00Z,"[""pregame_close_proxy""]",30,cdc7edccaa3efe591c37
1,americanfootball_nfl,[2023],2023-10-15T20:20:00Z,"[""pregame_close_proxy""]",30,e9bb80f34045ea7e6986
1,americanfootball_nfl,[2023],2023-10-16T00:15:00Z,"[""pregame_close_proxy""]",30,1f3b19946802776eb233
1,americanfootball_ncaaf,[2023],2023-10-16T16:00:00Z,"[""daily_16UTC""]",30,4ccf5ed0b759177ef45d
1,americanfootball_nfl,[2023],2023-10-16T16:00:00Z,"[""daily_16UTC""]",30,2239427ae1fd4044fb37
1,americanfootball_nfl,[2023],2023-10-17T00:10:00Z,"[""pregame_close_proxy""]",30,d8e401262a6adc54bb25
1,americanfootball_ncaaf,[2023],2023-10-17T02:30:00Z,"[""MOS_original_evening_slot_diagnostic""]",30,f1fd2c7dafbe0b610adf
1,americanfootball_ncaaf,[2023],2023-10-17T16:00:00Z,"[""daily_16UTC""]",30,74cf27d8cb73935f5fad
1,americanfootball_nfl,[2023],2023-10-17T16:00:00Z,"[""daily_16UTC""]",30,4a844f797a112be03305
1,americanfootball_ncaaf,[2023],2023-10-17T22:55:00Z,"[""pregame_close_proxy""]",30,f5d83aa4dec8f7886612
1,americanfootball_ncaaf,[2023],2023-10-17T23:25:00Z,"[""pregame_close_proxy""]",30,7dc42a215e75c65034f3
1,americanfootball_ncaaf,[2023],2023-10-18T02:30:00Z,"[""MOS_original_evening_slot_diagnostic""]",30,ab52c645647cd0a42989
1,americanfootball_ncaaf,[2023],2023-10-18T16:00:00Z,"[""daily_16UTC""]",30,a5be0fe4efcd82863923
1,americanfootball_nfl,[2023],2023-10-18T16:00:00Z,"[""daily_16UTC""]",30,8a69f584577c7caa5ca1
1,americanfootball_ncaaf,[2023],2023-10-18T22:55:00Z,"[""pregame_close_proxy""]",30,e79c9da2123ed8ceac67
1,americanfootball_ncaaf,[2023],2023-10-19T00:55:00Z,"[""pregame_close_proxy""]",30,37792eb7911d2ecb3831
1,americanfootball_ncaaf,[2023],2023-10-19T02:30:00Z,"[""MOS_original_evening_slot_diagnostic""]",30,f9d6a7bbe4781362e4b7
1,americanfootball_ncaaf,[2023],2023-10-19T16:00:00Z,"[""daily_16UTC""]",30,b97e98e1c1cb376ab6ae
1,americanfootball_nfl,[2023],2023-10-19T16:00:00Z,"[""daily_16UTC""]",30,7da671e401998661eb2a
1,americanfootball_ncaaf,[2023],2023-10-19T22:55:00Z,"[""pregame_close_proxy""]",30,e4443e5c210b0bdf7e79
1,americanfootball_nfl,[2023],2023-10-20T00:10:00Z,"[""pregame_close_proxy""]",30,1b0bb90e5f94e39e9040
1,americanfootball_ncaaf,[2023],2023-10-20T02:30:00Z,"[""MOS_original_evening_slot_diagnostic""]",30,d1200ba04c78f79662ef
1,americanfootball_ncaaf,[2023],2023-10-20T16:00:00Z,"[""daily_16UTC""]",30,4a06c671bd6194e791fc
1,americanfootball_nfl,[2023],2023-10-20T16:00:00Z,"[""daily_16UTC""]",30,c1fecc81f5c98bc9f8ab
1,americanfootball_ncaaf,[2023],2023-10-20T22:55:00Z,"[""pregame_close_proxy""]",30,7b36bc26a91025ffdbed
1,americanfootball_ncaaf,[2023],2023-10-21T02:30:00Z,"[""MOS_original_evening_slot_diagnostic""]",30,4fb523228cd8cb152c40
1,americanfootball_ncaaf,[2023],2023-10-21T15:55:00Z,"[""pregame_close_proxy""]",30,3f347031fbfd3352ab8a
1,americanfootball_ncaaf,[2023],2023-10-21T16:00:00Z,"[""daily_16UTC""]",30,514987d21d0f1b513ef4
1,americanfootball_nfl,[2023],2023-10-21T16:00:00Z,"[""daily_16UTC""]",30,88fae9fb029081bceef3
1,americanfootball_ncaaf,[2023],2023-10-21T17:55:00Z,"[""pregame_close_proxy""]",30,e688985e0509a6f4cfce
1,americanfootball_ncaaf,[2023],2023-10-21T19:25:00Z,"[""pregame_close_proxy""]",30,63ce6c31ba26dc175d11
1,americanfootball_ncaaf,[2023],2023-10-21T19:55:00Z,"[""pregame_close_proxy""]",30,01569394d3f4afeb1d23
1,americanfootball_ncaaf,[2023],2023-10-21T21:55:00Z,"[""pregame_close_proxy""]",30,00331febda9061135be7
1,americanfootball_ncaaf,[2023],2023-10-21T22:25:00Z,"[""pregame_close_proxy""]",30,afb98547b6aa4a56f4cb
1,americanfootball_ncaaf,[2023],2023-10-21T22:55:00Z,"[""pregame_close_proxy""]",30,019299d4de87aadba430
1,americanfootball_ncaaf,[2023],2023-10-21T23:25:00Z,"[""pregame_close_proxy""]",30,c13e03eeea184c0f87ed
1,americanfootball_ncaaf,[2023],2023-10-21T23:55:00Z,"[""pregame_close_proxy""]",30,2f0abb36769ea442d745
1,americanfootball_ncaaf,[2023],2023-10-22T00:55:00Z,"[""pregame_close_proxy""]",30,5e40733b83868c524fa3
1,americanfootball_ncaaf,[2023],2023-10-22T02:25:00Z,"[""pregame_close_proxy""]",30,14df1dc68ed1433130cc
1,americanfootball_nfl,[2023],2023-10-22T02:30:00Z,"[""MOS_original_evening_slot_diagnostic""]",30,8a9a04a8109b65ea1ebf
1,americanfootball_ncaaf,[2023],2023-10-22T16:00:00Z,"[""daily_16UTC""]",30,487c15afdc9112babdc5
1,americanfootball_nfl,[2023],2023-10-22T16:00:00Z,"[""daily_16UTC""]",30,c44abf8b130208eb98d9
1,americanfootball_nfl,[2023],2023-10-22T16:55:00Z,"[""pregame_close_proxy""]",30,e953d73ccb01df2bb8f0
1,americanfootball_nfl,[2023],2023-10-22T20:00:00Z,"[""pregame_close_proxy""]",30,2b5b49a5dd0a1b3a6bb4
1,americanfootball_nfl,[2023],2023-10-22T20:20:00Z,"[""pregame_close_proxy""]",30,759b7a1df13c954d5d1e
1,americanfootball_nfl,[2023],2023-10-23T00:15:00Z,"[""pregame_close_proxy""]",30,530b84208551b376aad4
1,americanfootball_ncaaf,[2023],2023-10-23T16:00:00Z,"[""daily_16UTC""]",30,ae9b3ffdde0d39dbe853
1,americanfootball_nfl,[2023],2023-10-23T16:00:00Z,"[""daily_16UTC""]",30,967a5044bb50ab80f104
1,americanfootball_nfl,[2023],2023-10-24T00:10:00Z,"[""pregame_close_proxy""]",30,6531278336dc1e99b1c0
1,americanfootball_ncaaf,[2023],2023-10-24T02:30:00Z,"[""MOS_original_evening_slot_diagnostic""]",30,d906e1ea2769a9b05e13
1,americanfootball_ncaaf,[2023],2023-10-24T16:00:00Z,"[""daily_16UTC""]",30,f9225006875f90201894
1,americanfootball_nfl,[2023],2023-10-24T16:00:00Z,"[""daily_16UTC""]",30,e9ea633e2b3a68e6dcdc
1,americanfootball_ncaaf,[2023],2023-10-24T22:55:00Z,"[""alternate_independent_close_proxy""]",30,4e503aff51cb4b8b6324
1,americanfootball_ncaaf,[2023],2023-10-24T23:25:00Z,"[""alternate_independent_close_proxy""]",30,69d0022b2b5234f91d18
1,americanfootball_ncaaf,[2023],2023-10-24T23:55:00Z,"[""pregame_close_proxy""]",30,584349cf9366397cab91
1,americanfootball_ncaaf,[2023],2023-10-25T02:30:00Z,"[""MOS_original_evening_slot_diagnostic""]",30,bb8b8c17f956f3574c95
1,americanfootball_ncaaf,[2023],2023-10-25T16:00:00Z,"[""daily_16UTC""]",30,30cf08170ef851ad12f8
1,americanfootball_nfl,[2023],2023-10-25T16:00:00Z,"[""daily_16UTC""]",30,ed796c0d43d0a4d7d125
1,americanfootball_ncaaf,[2023],2023-10-25T22:55:00Z,"[""pregame_close_proxy""]",30,a0ddec8401f536ffa16f
1,americanfootball_ncaaf,[2023],2023-10-25T23:55:00Z,"[""pregame_close_proxy""]",30,c539af041b710e228964
1,americanfootball_ncaaf,[2023],2023-10-26T02:30:00Z,"[""MOS_original_evening_slot_diagnostic""]",30,5b4905779cf1fbdf364b
1,americanfootball_nfl,[2023],2023-10-26T02:30:00Z,"[""MOS_original_evening_slot_diagnostic""]",30,ab5998573b40d6bf5d62
1,americanfootball_ncaaf,[2023],2023-10-26T16:00:00Z,"[""daily_16UTC""]",30,32f3464537b3d25abc2b
1,americanfootball_nfl,[2023],2023-10-26T16:00:00Z,"[""daily_16UTC""]",30,8f76a8beda374dc615b5
1,americanfootball_ncaaf,[2023],2023-10-26T23:25:00Z,"[""pregame_close_proxy""]",30,8bfd185a16470dd9edbe
1,americanfootball_nfl,[2023],2023-10-27T00:10:00Z,"[""pregame_close_proxy""]",30,3ab069cc5038b9c36552
1,americanfootball_ncaaf,[2023],2023-10-27T02:30:00Z,"[""MOS_original_evening_slot_diagnostic""]",30,1bcb1b2698b1408f0f32
1,americanfootball_ncaaf,[2023],2023-10-27T16:00:00Z,"[""daily_16UTC""]",30,3e922a06565ada829f6e
1,americanfootball_nfl,[2023],2023-10-27T16:00:00Z,"[""daily_16UTC""]",30,421e8bc3ac4576781286
1,americanfootball_ncaaf,[2023],2023-10-27T23:25:00Z,"[""pregame_close_proxy""]",30,8ace701a9f215ef78e29
1,americanfootball_ncaaf,[2023],2023-10-28T02:30:00Z,"[""MOS_original_evening_slot_diagnostic""]",30,d8b14a9b2860476b70f4
1,americanfootball_ncaaf,[2023],2023-10-28T15:55:00Z,"[""pregame_close_proxy""]",30,f49943b6118f04895470
1,americanfootball_ncaaf,[2023],2023-10-28T16:00:00Z,"[""daily_16UTC""]",30,2f7527f646341918e433
1,americanfootball_nfl,[2023],2023-10-28T16:00:00Z,"[""daily_16UTC""]",30,c398a712d05d2c4b6cde
1,americanfootball_ncaaf,[2023],2023-10-28T16:55:00Z,"[""pregame_close_proxy""]",30,10fa04e6ec48a239494b
1,americanfootball_ncaaf,[2023],2023-10-28T17:55:00Z,"[""pregame_close_proxy""]",30,eedda006cfae2bf864c5
1,americanfootball_ncaaf,[2023],2023-10-28T18:55:00Z,"[""pregame_close_proxy""]",30,311dd67ba30644d20a76
1,americanfootball_ncaaf,[2023],2023-10-28T19:25:00Z,"[""pregame_close_proxy""]",30,50f632b20516b4fd0841
1,americanfootball_ncaaf,[2023],2023-10-28T19:55:00Z,"[""pregame_close_proxy""]",30,ac5d45ecd140d8c290cb
1,americanfootball_ncaaf,[2023],2023-10-28T20:55:00Z,"[""pregame_close_proxy""]",30,035ba9d537434c464507
1,americanfootball_ncaaf,[2023],2023-10-28T21:25:00Z,"[""pregame_close_proxy""]",30,85becf482f049e898da4
1,americanfootball_ncaaf,[2023],2023-10-28T21:55:00Z,"[""pregame_close_proxy""]",30,b3a65ec38edbb44eaa35
1,americanfootball_ncaaf,[2023],2023-10-28T22:55:00Z,"[""pregame_close_proxy""]",30,df1cb0b62b437e6dc365
1,americanfootball_ncaaf,[2023],2023-10-28T23:25:00Z,"[""pregame_close_proxy""]",30,5626569a1c911b35685d
1,americanfootball_ncaaf,[2023],2023-10-28T23:55:00Z,"[""pregame_close_proxy""]",30,4503368755204d33c08b
1,americanfootball_ncaaf,[2023],2023-10-29T02:25:00Z,"[""pregame_close_proxy""]",30,548dd5d4785616f0554b
1,americanfootball_nfl,[2023],2023-10-29T02:30:00Z,"[""MOS_original_evening_slot_diagnostic""]",30,37b9de54586dc10ec854
1,americanfootball_ncaaf,[2023],2023-10-29T03:55:00Z,"[""pregame_close_proxy""]",30,f3abc827aa141cc8b2cc
1,americanfootball_ncaaf,[2023],2023-10-29T16:00:00Z,"[""daily_16UTC""]",30,3fe33be16cd36d9e5af7
1,americanfootball_nfl,[2023],2023-10-29T16:00:00Z,"[""daily_16UTC""]",30,7f25323d59e5b627153f
1,americanfootball_nfl,[2023],2023-10-29T16:55:00Z,"[""pregame_close_proxy""]",30,2233a824f260e3cb3374
1,americanfootball_nfl,[2023],2023-10-29T20:00:00Z,"[""pregame_close_proxy""]",30,0d182a7c6d10a92747d7
1,americanfootball_nfl,[2023],2023-10-29T20:20:00Z,"[""pregame_close_proxy""]",30,06d9a27d4fc39e70fba6
1,americanfootball_nfl,[2023],2023-10-30T00:15:00Z,"[""pregame_close_proxy""]",30,23eec9328028fbd91cd0
1,americanfootball_ncaaf,[2023],2023-10-30T16:00:00Z,"[""daily_16UTC""]",30,0a9de3920d5a293d6aef
1,americanfootball_nfl,[2023],2023-10-30T16:00:00Z,"[""daily_16UTC""]",30,4e92f9a479e624f9578b
1,americanfootball_nfl,[2023],2023-10-31T00:10:00Z,"[""pregame_close_proxy""]",30,63d236f4e4d5ddaa5408
1,americanfootball_ncaaf,[2023],2023-10-31T02:30:00Z,"[""MOS_original_evening_slot_diagnostic""]",30,c9f17f60f0d26169aef1
1,americanfootball_ncaaf,[2023],2023-10-31T16:00:00Z,"[""daily_16UTC""]",30,3e73740d8a7600fb76f0
1,americanfootball_nfl,[2023],2023-10-31T16:00:00Z,"[""daily_16UTC""]",30,e9ff544464e151816b48
1,americanfootball_ncaaf,[2023],2023-10-31T22:55:00Z,"[""pregame_close_proxy""]",30,a509324ad89d7b2163e2
1,americanfootball_ncaaf,[2023],2023-10-31T23:25:00Z,"[""pregame_close_proxy""]",30,6129057cd48912a5f198
1,americanfootball_ncaaf,[2023],2023-11-01T02:30:00Z,"[""MOS_original_evening_slot_diagnostic""]",30,234c3d4abc66641eaa53
1,americanfootball_ncaaf,[2023],2023-11-01T16:00:00Z,"[""daily_16UTC""]",30,19958e13b6d5f73b401b
1,americanfootball_nfl,[2023],2023-11-01T16:00:00Z,"[""daily_16UTC""]",30,1605f44278442dedf64e
1,americanfootball_ncaaf,[2023],2023-11-01T22:55:00Z,"[""pregame_close_proxy""]",30,7d1f5cd41b783315cbb6
1,americanfootball_ncaaf,[2023],2023-11-01T23:25:00Z,"[""pregame_close_proxy""]",30,447a1a404c05bcb12338
1,americanfootball_ncaaf,[2023],2023-11-02T02:30:00Z,"[""MOS_original_evening_slot_diagnostic""]",30,7a5f282e0cd36aa98afe
1,americanfootball_nfl,[2023],2023-11-02T02:30:00Z,"[""MOS_original_evening_slot_diagnostic""]",30,2ff5bd006e558a44d085
1,americanfootball_ncaaf,[2023],2023-11-02T16:00:00Z,"[""daily_16UTC""]",30,e1e71382d21d596be465
1,americanfootball_nfl,[2023],2023-11-02T16:00:00Z,"[""daily_16UTC""]",30,731c58bc7c338151129d
1,americanfootball_ncaaf,[2023],2023-11-02T22:55:00Z,"[""pregame_close_proxy""]",30,52cd0f92732ce488c883
1,americanfootball_ncaaf,[2023],2023-11-02T23:25:00Z,"[""pregame_close_proxy""]",30,a93e68ef16fdc1f874d2
1,americanfootball_nfl,[2023],2023-11-03T00:10:00Z,"[""pregame_close_proxy""]",30,071be824791778214102
1,americanfootball_ncaaf,[2023],2023-11-03T02:30:00Z,"[""MOS_original_evening_slot_diagnostic""]",30,f9b36ee5882b4f1f8e4e
1,americanfootball_ncaaf,[2023],2023-11-03T16:00:00Z,"[""daily_16UTC""]",30,ca64782521e7bccce9e4
1,americanfootball_nfl,[2023],2023-11-03T16:00:00Z,"[""daily_16UTC""]",30,162d18d161984cbe2c79
1,americanfootball_ncaaf,[2023],2023-11-03T23:25:00Z,"[""pregame_close_proxy""]",30,dceca04cf4d27bf566b0
1,americanfootball_ncaaf,[2023],2023-11-03T23:55:00Z,"[""pregame_close_proxy""]",30,fcf8a724eb7730778264
1,americanfootball_ncaaf,[2023],2023-11-04T02:30:00Z,"[""MOS_original_evening_slot_diagnostic""]",30,171180257374299fb574
1,americanfootball_ncaaf,[2023],2023-11-04T15:55:00Z,"[""pregame_close_proxy""]",30,73a21d8b2b0fd6bbaa82
1,americanfootball_ncaaf,[2023],2023-11-04T16:00:00Z,"[""daily_16UTC""]",30,41f93e47952518aa2bc7
1,americanfootball_nfl,[2023],2023-11-04T16:00:00Z,"[""daily_16UTC""]",30,21c7890c125b4814ca19
1,americanfootball_ncaaf,[2023],2023-11-04T17:55:00Z,"[""pregame_close_proxy""]",30,24f7f9db6a0d5f32d6aa
1,americanfootball_ncaaf,[2023],2023-11-04T18:25:00Z,"[""pregame_close_proxy""]",30,6fb45415a4665c87a947
1,americanfootball_ncaaf,[2023],2023-11-04T18:55:00Z,"[""pregame_close_proxy""]",30,7e0d2b58ad50df3e9ca2
1,americanfootball_ncaaf,[2023],2023-11-04T19:25:00Z,"[""pregame_close_proxy""]",30,3ea4a2a5ac3cabb5a685
1,americanfootball_ncaaf,[2023],2023-11-04T19:55:00Z,"[""pregame_close_proxy""]",30,bb320746c117c22b5199
1,americanfootball_ncaaf,[2023],2023-11-04T20:55:00Z,"[""pregame_close_proxy""]",30,487af3d07128e607a7f2
1,americanfootball_ncaaf,[2023],2023-11-04T21:25:00Z,"[""pregame_close_proxy""]",30,6d1a76bfe00e0913bfb0
1,americanfootball_ncaaf,[2023],2023-11-04T21:55:00Z,"[""pregame_close_proxy""]",30,499412e042d4d74dc33c
1,americanfootball_ncaaf,[2023],2023-11-04T22:55:00Z,"[""pregame_close_proxy""]",30,d86dc931360a27ef75b9
1,americanfootball_ncaaf,[2023],2023-11-04T23:25:00Z,"[""pregame_close_proxy""]",30,8f6a73a6861467fe53dd
1,americanfootball_ncaaf,[2023],2023-11-04T23:40:00Z,"[""pregame_close_proxy""]",30,9904966439d26f7a5aa2
1,americanfootball_ncaaf,[2023],2023-11-04T23:55:00Z,"[""pregame_close_proxy""]",30,5516faf2ea8d502399d5
1,americanfootball_ncaaf,[2023],2023-11-05T00:55:00Z,"[""pregame_close_proxy""]",30,19bfc6f480f070b35207
1,americanfootball_ncaaf,[2023],2023-11-05T01:55:00Z,"[""pregame_close_proxy""]",30,d0225a8a7855919e390d
1,americanfootball_ncaaf,[2023],2023-11-05T02:25:00Z,"[""pregame_close_proxy""]",30,bd08fe16725163509a6c
1,americanfootball_nfl,[2023],2023-11-05T02:30:00Z,"[""MOS_original_evening_slot_diagnostic""]",30,75c0192d030ad86c0d67
1,americanfootball_nfl,[2023],2023-11-05T14:25:00Z,"[""pregame_close_proxy""]",30,742cdefcb1cb0c77aeaa
1,americanfootball_ncaaf,[2023],2023-11-05T16:00:00Z,"[""daily_16UTC""]",30,ad5207d50074450dd2ec
1,americanfootball_nfl,[2023],2023-11-05T16:00:00Z,"[""daily_16UTC""]",30,81f356d7408c56d20a02
1,americanfootball_nfl,[2023],2023-11-05T17:55:00Z,"[""pregame_close_proxy""]",30,6c03197b03a22feb6471
1,americanfootball_nfl,[2023],2023-11-05T21:00:00Z,"[""pregame_close_proxy""]",30,ec81cf8e19d4cb03b965
1,americanfootball_nfl,[2023],2023-11-05T21:20:00Z,"[""pregame_close_proxy""]",30,8689d4e73fbec71fee55
1,americanfootball_nfl,[2023],2023-11-06T01:15:00Z,"[""pregame_close_proxy""]",30,b46c9cbcc6ee50f7241e
1,americanfootball_nfl,[2023],2023-11-06T03:30:00Z,"[""MOS_original_evening_slot_diagnostic""]",30,15ba76ae73e100517430
1,americanfootball_ncaaf,[2023],2023-11-06T16:00:00Z,"[""daily_16UTC""]",30,e089e3bd9729357e109f
1,americanfootball_nfl,[2023],2023-11-06T16:00:00Z,"[""daily_16UTC""]",30,37f768672be0c2153b8c
1,americanfootball_nfl,[2023],2023-11-07T01:10:00Z,"[""pregame_close_proxy""]",30,9dadca974aead3b44d98
1,americanfootball_ncaaf,[2023],2023-11-07T03:30:00Z,"[""MOS_original_evening_slot_diagnostic""]",30,2e61eaba73c44b96b41d
1,americanfootball_ncaaf,[2023],2023-11-07T16:00:00Z,"[""daily_16UTC""]",30,a0e7a7752c877fd93eca
1,americanfootball_nfl,[2023],2023-11-07T16:00:00Z,"[""daily_16UTC""]",30,132d538f2f5e8538eee4
1,americanfootball_ncaaf,[2023],2023-11-07T23:55:00Z,"[""pregame_close_proxy""]",30,a7af38e248c5b6558e5e
1,americanfootball_ncaaf,[2023],2023-11-08T00:25:00Z,"[""pregame_close_proxy""]",30,b5a76b15c6c425a98361
1,americanfootball_ncaaf,[2023],2023-11-08T03:30:00Z,"[""MOS_original_evening_slot_diagnostic""]",30,ddf601c648b0ec240565
1,americanfootball_ncaaf,[2023],2023-11-08T16:00:00Z,"[""daily_16UTC""]",30,673bcbc18a8657fbd51a
1,americanfootball_nfl,[2023],2023-11-08T16:00:00Z,"[""daily_16UTC""]",30,466d1bfd2a58d5bfd5d8
1,americanfootball_ncaaf,[2023],2023-11-08T23:55:00Z,"[""pregame_close_proxy""]",30,08fc05f4fd7ade5a4188
1,americanfootball_ncaaf,[2023],2023-11-09T00:25:00Z,"[""pregame_close_proxy""]",30,24ad5b8b8eeea0799a9a
1,americanfootball_ncaaf,[2023],2023-11-09T03:30:00Z,"[""MOS_original_evening_slot_diagnostic""]",30,d1fd836d1b69ccc139ee
1,americanfootball_nfl,[2023],2023-11-09T03:30:00Z,"[""MOS_original_evening_slot_diagnostic""]",30,4d1d5a0160af9037a00a
1,americanfootball_ncaaf,[2023],2023-11-09T16:00:00Z,"[""daily_16UTC""]",30,6ba73841bcc6ca04f524
1,americanfootball_nfl,[2023],2023-11-09T16:00:00Z,"[""daily_16UTC""]",30,569f0e9226f9b7a7f215
1,americanfootball_ncaaf,[2023],2023-11-10T00:25:00Z,"[""pregame_close_proxy""]",30,17f452f1f1f624dd306a
1,americanfootball_nfl,[2023],2023-11-10T01:10:00Z,"[""pregame_close_proxy""]",30,29ce117c2b8867702dbf
1,americanfootball_ncaaf,[2023],2023-11-10T03:30:00Z,"[""MOS_original_evening_slot_diagnostic""]",30,0fa7ba4dc063b61ff176
1,americanfootball_ncaaf,[2023],2023-11-10T16:00:00Z,"[""daily_16UTC""]",30,6c30fe725f031fa809f7
1,americanfootball_nfl,[2023],2023-11-10T16:00:00Z,"[""daily_16UTC""]",30,5cbc6ce8a157cdede254
1,americanfootball_ncaaf,[2023],2023-11-11T01:55:00Z,"[""pregame_close_proxy""]",30,1edbf8859468ccf0019d
1,americanfootball_ncaaf,[2023],2023-11-11T03:30:00Z,"[""MOS_original_evening_slot_diagnostic""]",30,0e496aadc679377f32a3
1,americanfootball_ncaaf,[2023],2023-11-11T03:40:00Z,"[""pregame_close_proxy""]",30,254e2386f27fe8de5aa2
1,americanfootball_ncaaf,[2023],2023-11-11T16:00:00Z,"[""daily_16UTC""]",30,657501127e2a3c86a3cc
1,americanfootball_nfl,[2023],2023-11-11T16:00:00Z,"[""daily_16UTC""]",30,f4e05d9b6b2c48baeabb
1,americanfootball_ncaaf,[2023],2023-11-11T16:55:00Z,"[""pregame_close_proxy""]",30,93fc454a8dc2fa591243
1,americanfootball_ncaaf,[2023],2023-11-11T17:55:00Z,"[""pregame_close_proxy""]",30,633d16b379472bbe992f
1,americanfootball_ncaaf,[2023],2023-11-11T18:55:00Z,"[""pregame_close_proxy""]",30,3cb2002a4eff2ad7ee85
1,americanfootball_ncaaf,[2023],2023-11-11T19:55:00Z,"[""pregame_close_proxy""]",30,cd78464c06e814371f36
1,americanfootball_ncaaf,[2023],2023-11-11T20:25:00Z,"[""pregame_close_proxy""]",30,e64af3987dea116e06e4
1,americanfootball_ncaaf,[2023],2023-11-11T20:55:00Z,"[""pregame_close_proxy""]",30,d949363e0cf500e4ae1b
1,americanfootball_ncaaf,[2023],2023-11-11T21:55:00Z,"[""pregame_close_proxy""]",30,5b36c9d119eae57090e5
1,americanfootball_ncaaf,[2023],2023-11-11T22:25:00Z,"[""pregame_close_proxy""]",30,97273cee623d8e091fda
1,americanfootball_ncaaf,[2023],2023-11-11T23:55:00Z,"[""pregame_close_proxy""]",30,165b9022a2f5bb640448
1,americanfootball_ncaaf,[2023],2023-11-12T00:25:00Z,"[""pregame_close_proxy""]",30,209019871298d115d87a
1,americanfootball_ncaaf,[2023],2023-11-12T00:55:00Z,"[""pregame_close_proxy""]",30,fe5a70e2c0206b49b58f
1,americanfootball_ncaaf,[2023],2023-11-12T01:55:00Z,"[""pregame_close_proxy""]",30,5f2cc661c6f792668091
1,americanfootball_ncaaf,[2023],2023-11-12T02:55:00Z,"[""pregame_close_proxy""]",30,6744d25efbb463b07fcc
1,americanfootball_ncaaf,[2023],2023-11-12T03:10:00Z,"[""pregame_close_proxy""]",30,f321bc37400302770b25
1,americanfootball_ncaaf,[2023],2023-11-12T03:25:00Z,"[""alternate_independent_close_proxy"", ""pregame_close_proxy""]",30,cee35e87fe6bffa0fae6
1,americanfootball_nfl,[2023],2023-11-12T03:30:00Z,"[""MOS_original_evening_slot_diagnostic""]",30,858483fd1b0331b577b1
1,americanfootball_ncaaf,[2023],2023-11-12T03:55:00Z,"[""pregame_close_proxy""]",30,71c2c7bb701ada359f99
1,americanfootball_nfl,[2023],2023-11-12T14:25:00Z,"[""pregame_close_proxy""]",30,88941dd1e43ba722aa5d
1,americanfootball_ncaaf,[2023],2023-11-12T16:00:00Z,"[""daily_16UTC""]",30,fab779ebd8e8fb0cfd27
1,americanfootball_nfl,[2023],2023-11-12T16:00:00Z,"[""daily_16UTC""]",30,6b12320ad9e334bc9578
1,americanfootball_nfl,[2023],2023-11-12T17:55:00Z,"[""pregame_close_proxy""]",30,4fb36f88505e66c6eaf3
1,americanfootball_nfl,[2023],2023-11-12T21:00:00Z,"[""pregame_close_proxy""]",30,b33125b8a1409316bd41
1,americanfootball_nfl,[2023],2023-11-12T21:20:00Z,"[""pregame_close_proxy""]",30,e8fec28ca60ab129fe94
1,americanfootball_nfl,[2023],2023-11-13T01:15:00Z,"[""pregame_close_proxy""]",30,86dc9a01f0562fdce185
1,americanfootball_nfl,[2023],2023-11-13T03:30:00Z,"[""MOS_original_evening_slot_diagnostic""]",30,e3f8854041cc385a0165
1,americanfootball_ncaaf,[2023],2023-11-13T16:00:00Z,"[""daily_16UTC""]",30,55a053101fad7f2335e6
1,americanfootball_nfl,[2023],2023-11-13T16:00:00Z,"[""daily_16UTC""]",30,02ab71648599ca76b7e3
1,americanfootball_nfl,[2023],2023-11-14T01:10:00Z,"[""pregame_close_proxy""]",30,0f76455234b109495c45
1,americanfootball_ncaaf,[2023],2023-11-14T03:30:00Z,"[""MOS_original_evening_slot_diagnostic""]",30,71a6a9140ec422c82cce
1,americanfootball_ncaaf,[2023],2023-11-14T16:00:00Z,"[""daily_16UTC""]",30,89b4f2d18a884ecdbcdc
1,americanfootball_nfl,[2023],2023-11-14T16:00:00Z,"[""daily_16UTC""]",30,93dc2b3fe53305f30220
1,americanfootball_ncaaf,[2023],2023-11-14T23:55:00Z,"[""pregame_close_proxy""]",30,a8c5e5d0d33b5c4927bd
1,americanfootball_ncaaf,[2023],2023-11-15T03:30:00Z,"[""MOS_original_evening_slot_diagnostic""]",30,7655485e26afdf6bf400
1,americanfootball_ncaaf,[2023],2023-11-15T16:00:00Z,"[""daily_16UTC""]",30,7ddd4258d2a5ade695c8
1,americanfootball_nfl,[2023],2023-11-15T16:00:00Z,"[""daily_16UTC""]",30,e9d05a636827adf36d30
1,americanfootball_ncaaf,[2023],2023-11-15T23:55:00Z,"[""pregame_close_proxy""]",30,63d30b5d3b4fd1a197c4
1,americanfootball_ncaaf,[2023],2023-11-16T03:30:00Z,"[""MOS_original_evening_slot_diagnostic""]",30,36dcc7562e3c0e0c9e83
1,americanfootball_nfl,[2023],2023-11-16T03:30:00Z,"[""MOS_original_evening_slot_diagnostic""]",30,65607e388022d9a64185
1,americanfootball_ncaaf,[2023],2023-11-16T16:00:00Z,"[""daily_16UTC""]",30,be1dcfa210ccc212a74c
1,americanfootball_nfl,[2023],2023-11-16T16:00:00Z,"[""daily_16UTC""]",30,cd58f7977a36a29c3603
1,americanfootball_ncaaf,[2023],2023-11-16T23:55:00Z,"[""pregame_close_proxy""]",30,d1b85d6bba74fd5a7b80
1,americanfootball_nfl,[2023],2023-11-17T01:10:00Z,"[""pregame_close_proxy""]",30,adf510068c884f11349d
1,americanfootball_ncaaf,[2023],2023-11-17T03:30:00Z,"[""MOS_original_evening_slot_diagnostic""]",30,495977b4280c5c0fe3e7
1,americanfootball_ncaaf,[2023],2023-11-17T16:00:00Z,"[""daily_16UTC""]",30,0377c7f1a8f7261fe469
1,americanfootball_nfl,[2023],2023-11-17T16:00:00Z,"[""daily_16UTC""]",30,2a057e680383bba5ac95
1,americanfootball_ncaaf,[2023],2023-11-18T01:55:00Z,"[""pregame_close_proxy""]",30,c7fd2f28149435f98f05
1,americanfootball_ncaaf,[2023],2023-11-18T03:25:00Z,"[""pregame_close_proxy""]",30,70a5c51b614c5bcbc4ea
1,americanfootball_ncaaf,[2023],2023-11-18T03:30:00Z,"[""MOS_original_evening_slot_diagnostic""]",30,4dc8537bf38045acc57f
1,americanfootball_ncaaf,[2023],2023-11-18T16:00:00Z,"[""daily_16UTC""]",30,ad25e1e7f9d0711c0a76
1,americanfootball_nfl,[2023],2023-11-18T16:00:00Z,"[""daily_16UTC""]",30,5012344832b1845b403d
1,americanfootball_ncaaf,[2023],2023-11-18T16:55:00Z,"[""pregame_close_proxy""]",30,e1b0a585f6beda61e682
1,americanfootball_ncaaf,[2023],2023-11-18T17:55:00Z,"[""pregame_close_proxy""]",30,06c8f8dc22e4b0ccb888
1,americanfootball_ncaaf,[2023],2023-11-18T18:55:00Z,"[""pregame_close_proxy""]",30,93460c46611f9ad7afc9
1,americanfootball_ncaaf,[2023],2023-11-18T19:25:00Z,"[""pregame_close_proxy""]",30,ac53c3fa7e1ef408d6a7
1,americanfootball_ncaaf,[2023],2023-11-18T19:55:00Z,"[""pregame_close_proxy""]",30,10e79e10846868b4fd69
1,americanfootball_ncaaf,[2023],2023-11-18T20:25:00Z,"[""pregame_close_proxy""]",30,61420bbbad44b26156ad
1,americanfootball_ncaaf,[2023],2023-11-18T20:55:00Z,"[""pregame_close_proxy""]",30,ccf84fc24ba9b52e8664
1,americanfootball_ncaaf,[2023],2023-11-18T21:55:00Z,"[""pregame_close_proxy""]",30,47bacc60130739d10e46
1,americanfootball_ncaaf,[2023],2023-11-18T22:55:00Z,"[""pregame_close_proxy""]",30,8251dc39cb1dd049692a
1,americanfootball_ncaaf,[2023],2023-11-18T23:25:00Z,"[""pregame_close_proxy""]",30,15a35a7d4105d92dab3a
1,americanfootball_ncaaf,[2023],2023-11-18T23:55:00Z,"[""pregame_close_proxy""]",30,a85d66906e11db5f35b3
1,americanfootball_ncaaf,[2023],2023-11-19T00:25:00Z,"[""pregame_close_proxy""]",30,005a321af2983153de73
1,americanfootball_ncaaf,[2023],2023-11-19T00:55:00Z,"[""pregame_close_proxy""]",30,4d04ea9161d12ed067b0
1,americanfootball_ncaaf,[2023],2023-11-19T03:25:00Z,"[""pregame_close_proxy""]",30,b77ba7c4cfce29ded84f
1,americanfootball_nfl,[2023],2023-11-19T03:30:00Z,"[""MOS_original_evening_slot_diagnostic""]",30,e6502c00c1badc8e0fbf
1,americanfootball_ncaaf,[2023],2023-11-19T16:00:00Z,"[""daily_16UTC""]",30,0c8b7aafb55ff833653c
1,americanfootball_nfl,[2023],2023-11-19T16:00:00Z,"[""daily_16UTC""]",30,5529062467b8e984c559
1,americanfootball_nfl,[2023],2023-11-19T17:55:00Z,"[""pregame_close_proxy""]",30,d769d24e75a43f6341de
1,americanfootball_nfl,[2023],2023-11-19T21:00:00Z,"[""pregame_close_proxy""]",30,f02a7e6489fe1c2c9ee6
1,americanfootball_nfl,[2023],2023-11-19T21:20:00Z,"[""pregame_close_proxy""]",30,af8d315354daad83f9ec
1,americanfootball_nfl,[2023],2023-11-20T01:15:00Z,"[""pregame_close_proxy""]",30,651924532e69c51ee073
1,americanfootball_nfl,[2023],2023-11-20T03:30:00Z,"[""MOS_original_evening_slot_diagnostic""]",30,cffd31b1f8bf960fd68d
1,americanfootball_ncaaf,[2023],2023-11-20T16:00:00Z,"[""daily_16UTC""]",30,7aa2ad94c477663f1e5e
1,americanfootball_nfl,[2023],2023-11-20T16:00:00Z,"[""daily_16UTC""]",30,b0c5ad9130d43f24d1c9
1,americanfootball_nfl,[2023],2023-11-21T01:10:00Z,"[""pregame_close_proxy""]",30,52e7e1dfec71fe226a11
1,americanfootball_ncaaf,[2023],2023-11-21T03:30:00Z,"[""MOS_original_evening_slot_diagnostic""]",30,a1f53d92ce47a98dcee6
1,americanfootball_ncaaf,[2023],2023-11-21T16:00:00Z,"[""daily_16UTC""]",30,c1434f40403b76f65a00
1,americanfootball_nfl,[2023],2023-11-21T16:00:00Z,"[""daily_16UTC""]",30,3c8d73ef69186a6d7d10
1,americanfootball_ncaaf,[2023],2023-11-21T23:55:00Z,"[""pregame_close_proxy""]",30,0ee367e16506812bf249
1,americanfootball_ncaaf,[2023],2023-11-22T00:25:00Z,"[""pregame_close_proxy""]",30,6da3bd9322851c04663c
1,americanfootball_ncaaf,[2023],2023-11-22T16:00:00Z,"[""daily_16UTC""]",30,8ff74b6c60ca95bf9b2a
1,americanfootball_nfl,[2023],2023-11-22T16:00:00Z,"[""daily_16UTC""]",30,847ec07c3b297fb0ae0d
1,americanfootball_ncaaf,[2023],2023-11-23T03:30:00Z,"[""MOS_original_evening_slot_diagnostic""]",30,eec31cbf7c7535354556
1,americanfootball_nfl,[2023],2023-11-23T03:30:00Z,"[""MOS_original_evening_slot_diagnostic""]",30,6d7fde7e98f3666659a2
1,americanfootball_ncaaf,[2023],2023-11-23T16:00:00Z,"[""daily_16UTC""]",30,3be9594fa6fb405bcd23
1,americanfootball_nfl,[2023],2023-11-23T16:00:00Z,"[""daily_16UTC""]",30,899b8bec43084b41ebc4
1,americanfootball_nfl,[2023],2023-11-23T17:25:00Z,"[""pregame_close_proxy""]",30,03a0d11e3bf35ddeac8e
1,americanfootball_nfl,[2023],2023-11-23T21:25:00Z,"[""pregame_close_proxy""]",30,db2f8201094e4d379c49
1,americanfootball_ncaaf,[2023],2023-11-24T00:25:00Z,"[""pregame_close_proxy""]",30,68abebecb740666c4f2d
1,americanfootball_nfl,[2023],2023-11-24T01:15:00Z,"[""pregame_close_proxy""]",30,79768b75d97fcd4b95f6
1,americanfootball_ncaaf,[2023],2023-11-24T03:30:00Z,"[""MOS_original_evening_slot_diagnostic""]",30,e139e6fb1bc8962ca14c
1,americanfootball_nfl,[2023],2023-11-24T03:30:00Z,"[""MOS_original_evening_slot_diagnostic""]",30,2a9318d7e1448943a6e1
1,americanfootball_ncaaf,[2023],2023-11-24T16:00:00Z,"[""daily_16UTC""]",30,3f678763e4776b1ca6d3
1,americanfootball_nfl,[2023],2023-11-24T16:00:00Z,"[""daily_16UTC""]",30,1fdb120102ef8212f1bd
1,americanfootball_ncaaf,[2023],2023-11-24T16:55:00Z,"[""pregame_close_proxy""]",30,d54b4aa612ec8d7bdd10
1,americanfootball_nfl,[2023],2023-11-24T19:55:00Z,"[""pregame_close_proxy""]",30,9fa9207308c5c987f018
1,americanfootball_ncaaf,[2023],2023-11-24T20:25:00Z,"[""pregame_close_proxy""]",30,11dce29492df7f1652b9
1,americanfootball_ncaaf,[2023],2023-11-24T20:55:00Z,"[""pregame_close_proxy""]",30,1d73e4e54d61f48d5e61
1,americanfootball_ncaaf,[2023],2023-11-25T00:25:00Z,"[""pregame_close_proxy""]",30,90cc929720333cc43e00
1,americanfootball_ncaaf,[2023],2023-11-25T01:25:00Z,"[""pregame_close_proxy""]",30,cb4e2695d7abe436d783
1,americanfootball_ncaaf,[2023],2023-11-25T03:30:00Z,"[""MOS_original_evening_slot_diagnostic""]",30,def7de373fd9be7fdb36
1,americanfootball_ncaaf,[2023],2023-11-25T16:00:00Z,"[""daily_16UTC""]",30,df8e311876e55e9f8de8
1,americanfootball_nfl,[2023],2023-11-25T16:00:00Z,"[""daily_16UTC""]",30,d8f31a284571fbd14575
1,americanfootball_ncaaf,[2023],2023-11-25T16:55:00Z,"[""pregame_close_proxy""]",30,d2e3a6b9d702b8fa3675
1,americanfootball_ncaaf,[2023],2023-11-25T17:55:00Z,"[""pregame_close_proxy""]",30,20b5ce0010c42acf8d46
1,americanfootball_ncaaf,[2023],2023-11-25T18:55:00Z,"[""pregame_close_proxy""]",30,5326754288f6cc1886fe
1,americanfootball_ncaaf,[2023],2023-11-25T19:55:00Z,"[""pregame_close_proxy""]",30,36004c1fcfe72896f331
1,americanfootball_ncaaf,[2023],2023-11-25T20:25:00Z,"[""pregame_close_proxy""]",30,75a82e040156bb69247d
1,americanfootball_ncaaf,[2023],2023-11-25T20:55:00Z,"[""pregame_close_proxy""]",30,c24c58d0cf575be6607d
1,americanfootball_ncaaf,[2023],2023-11-25T23:55:00Z,"[""pregame_close_proxy""]",30,021f52dd2891d1e755ff
1,americanfootball_ncaaf,[2023],2023-11-26T00:25:00Z,"[""pregame_close_proxy""]",30,704ef08976ac8c2f7ed8
1,americanfootball_ncaaf,[2023],2023-11-26T00:55:00Z,"[""pregame_close_proxy""]",30,5c76b7a36b879a9af70a
1,americanfootball_ncaaf,[2023],2023-11-26T01:55:00Z,"[""pregame_close_proxy""]",30,8c40e7f1b097922a39db
1,americanfootball_ncaaf,[2023],2023-11-26T03:25:00Z,"[""pregame_close_proxy""]",30,9261d8f37d62aa017e1f
1,americanfootball_nfl,[2023],2023-11-26T03:30:00Z,"[""MOS_original_evening_slot_diagnostic""]",30,0f1df1c51612a492b7a9
1,americanfootball_ncaaf,[2023],2023-11-26T03:55:00Z,"[""pregame_close_proxy""]",30,b8485bc87e0074538707
1,americanfootball_ncaaf,[2023],2023-11-26T16:00:00Z,"[""daily_16UTC""]",30,4783946feb038d0ad81f
1,americanfootball_nfl,[2023],2023-11-26T16:00:00Z,"[""daily_16UTC""]",30,35bbe4d3c2ce166fc83e
1,americanfootball_nfl,[2023],2023-11-26T17:55:00Z,"[""pregame_close_proxy""]",30,309372803713b1e86bbe
1,americanfootball_nfl,[2023],2023-11-26T21:00:00Z,"[""pregame_close_proxy""]",30,8a2a5c63a0f263dc87c3
1,americanfootball_nfl,[2023],2023-11-26T21:20:00Z,"[""pregame_close_proxy""]",30,81b9a5cb0e94819280a4
1,americanfootball_nfl,[2023],2023-11-27T01:15:00Z,"[""pregame_close_proxy""]",30,1a8fe8df3b30903d576b
1,americanfootball_ncaaf,[2023],2023-11-27T16:00:00Z,"[""daily_16UTC""]",30,279a94bc02ff4abc65d7
1,americanfootball_nfl,[2023],2023-11-27T16:00:00Z,"[""daily_16UTC""]",30,3341799cfa30db68e5c6
1,americanfootball_nfl,[2023],2023-11-28T01:10:00Z,"[""pregame_close_proxy""]",30,8f007715df85eb5cd56d
1,americanfootball_ncaaf,[2023],2023-11-28T16:00:00Z,"[""daily_16UTC""]",30,d3a7e4af95303f639db0
1,americanfootball_nfl,[2023],2023-11-28T16:00:00Z,"[""daily_16UTC""]",30,f218856c8ca535ed877d
1,americanfootball_ncaaf,[2023],2023-11-29T16:00:00Z,"[""daily_16UTC""]",30,234f24f1b292566209fc
1,americanfootball_nfl,[2023],2023-11-29T16:00:00Z,"[""daily_16UTC""]",30,3c13e3495fed39b8bd3b
1,americanfootball_ncaaf,[2023],2023-11-30T16:00:00Z,"[""daily_16UTC""]",30,514cde071779ae98aaf3
1,americanfootball_nfl,[2023],2023-11-30T16:00:00Z,"[""daily_16UTC""]",30,f33aa3141b03b6780bb0
1,americanfootball_nfl,[2023],2023-12-01T01:10:00Z,"[""pregame_close_proxy""]",30,09073ca1504d822f3276
1,americanfootball_ncaaf,[2023],2023-12-01T03:30:00Z,"[""MOS_original_evening_slot_diagnostic""]",30,3fdf388e9520ccf5882e
1,americanfootball_ncaaf,[2023],2023-12-01T16:00:00Z,"[""daily_16UTC""]",30,087fd8605377f49bedba
1,americanfootball_nfl,[2023],2023-12-01T16:00:00Z,"[""daily_16UTC""]",30,25c0f55a068c20f44618
1,americanfootball_ncaaf,[2023],2023-12-01T23:55:00Z,"[""pregame_close_proxy""]",30,0c60cd5a3339bb7e525c
1,americanfootball_ncaaf,[2023],2023-12-02T00:55:00Z,"[""pregame_close_proxy""]",30,5c2172bca25ecfaf8a1e
1,americanfootball_ncaaf,[2023],2023-12-02T03:30:00Z,"[""MOS_original_evening_slot_diagnostic""]",30,86fb7d137ac6cc94b0a2
1,americanfootball_ncaaf,[2023],2023-12-02T16:00:00Z,"[""daily_16UTC""]",30,418532b2d1f50742a3d0
1,americanfootball_nfl,[2023],2023-12-02T16:00:00Z,"[""daily_16UTC""]",30,bd9f0bcc248fd200183d
1,americanfootball_ncaaf,[2023],2023-12-02T16:55:00Z,"[""pregame_close_proxy""]",30,2b5391a559dbb94bda99
1,americanfootball_ncaaf,[2023],2023-12-02T19:55:00Z,"[""pregame_close_proxy""]",30,734a740ba7537c5f7c8a
1,americanfootball_ncaaf,[2023],2023-12-02T20:55:00Z,"[""pregame_close_proxy""]",30,fff759569fc9240e2e8d
1,americanfootball_ncaaf,[2023],2023-12-03T00:55:00Z,"[""pregame_close_proxy""]",30,f3afdc4ed4a87720e39c
1,americanfootball_ncaaf,[2023],2023-12-03T01:00:00Z,"[""pregame_close_proxy""]",30,620c5232401ea4f5cdf7
1,americanfootball_nfl,[2023],2023-12-03T03:30:00Z,"[""MOS_original_evening_slot_diagnostic""]",30,f3ec39694e176e873c3e
1,americanfootball_ncaaf,[2023],2023-12-03T16:00:00Z,"[""daily_16UTC""]",30,d482b7161699aafadf5f
1,americanfootball_nfl,[2023],2023-12-03T16:00:00Z,"[""daily_16UTC""]",30,e27cd3ddc1f9cf73dd0d
1,americanfootball_nfl,[2023],2023-12-03T17:55:00Z,"[""pregame_close_proxy""]",30,fc1124cc4406db0d4a1e
1,americanfootball_nfl,[2023],2023-12-03T21:00:00Z,"[""pregame_close_proxy""]",30,ebbb656940e53bd17c73
1,americanfootball_nfl,[2023],2023-12-03T21:20:00Z,"[""pregame_close_proxy""]",30,3b067e2cc5ada516801d
1,americanfootball_nfl,[2023],2023-12-04T01:15:00Z,"[""pregame_close_proxy""]",30,2ccab4928bb5706c055a
1,americanfootball_nfl,[2023],2023-12-04T03:30:00Z,"[""MOS_original_evening_slot_diagnostic""]",30,d6a28197ac3e09f36acf
1,americanfootball_ncaaf,[2023],2023-12-04T16:00:00Z,"[""daily_16UTC""]",30,b6638333f7a23419bc63
1,americanfootball_nfl,[2023],2023-12-04T16:00:00Z,"[""daily_16UTC""]",30,a95b77fb5443b7785f1d
1,americanfootball_nfl,[2023],2023-12-05T01:10:00Z,"[""pregame_close_proxy""]",30,fff35d40269a57bb3d09
1,americanfootball_ncaaf,[2023],2023-12-05T16:00:00Z,"[""daily_16UTC""]",30,f35e6b0d68876343c559
1,americanfootball_nfl,[2023],2023-12-05T16:00:00Z,"[""daily_16UTC""]",30,31344e1913156ed71e9e
1,americanfootball_ncaaf,[2023],2023-12-06T16:00:00Z,"[""daily_16UTC""]",30,a46a6d8282acd3f9f039
1,americanfootball_nfl,[2023],2023-12-06T16:00:00Z,"[""daily_16UTC""]",30,7496c691b513e78b9bfe
1,americanfootball_nfl,[2023],2023-12-07T03:30:00Z,"[""MOS_original_evening_slot_diagnostic""]",30,1c7110c25c90d7a9583f
1,americanfootball_ncaaf,[2023],2023-12-07T16:00:00Z,"[""daily_16UTC""]",30,bb4ddac78a716b2e8088
1,americanfootball_nfl,[2023],2023-12-07T16:00:00Z,"[""daily_16UTC""]",30,edfd6cb7e70d8071ad06
1,americanfootball_nfl,[2023],2023-12-08T01:10:00Z,"[""pregame_close_proxy""]",30,1f1bdb66ce6c808c8b0f
1,americanfootball_ncaaf,[2023],2023-12-08T16:00:00Z,"[""daily_16UTC""]",30,45e9df055cca93316302
1,americanfootball_nfl,[2023],2023-12-08T16:00:00Z,"[""daily_16UTC""]",30,94167814b25b57e2c212
1,americanfootball_ncaaf,[2023],2023-12-09T16:00:00Z,"[""daily_16UTC""]",30,1cbc10149cb4d91c8135
1,americanfootball_nfl,[2023],2023-12-09T16:00:00Z,"[""daily_16UTC""]",30,1165fdedb4815ba26062
1,americanfootball_ncaaf,[2023],2023-12-09T19:55:00Z,"[""pregame_close_proxy""]",30,09e5ae5d845635402b66
1,americanfootball_nfl,[2023],2023-12-10T03:30:00Z,"[""MOS_original_evening_slot_diagnostic""]",30,870d85c69bf3808f618c
1,americanfootball_ncaaf,[2023],2023-12-10T16:00:00Z,"[""daily_16UTC""]",30,30a559924b541df58535
1,americanfootball_nfl,[2023],2023-12-10T16:00:00Z,"[""daily_16UTC""]",30,b52fc458e77521cc1794
1,americanfootball_nfl,[2023],2023-12-10T17:55:00Z,"[""pregame_close_proxy""]",30,b42c8d92ae4c72cfe40c
1,americanfootball_nfl,[2023],2023-12-10T21:00:00Z,"[""pregame_close_proxy""]",30,0c362b5a0e0308c75eef
1,americanfootball_nfl,[2023],2023-12-10T21:20:00Z,"[""pregame_close_proxy""]",30,c386b5a0cff6a1ee83cd
1,americanfootball_nfl,[2023],2023-12-11T01:15:00Z,"[""pregame_close_proxy""]",30,6954341ede9a933a7eb1
1,americanfootball_nfl,[2023],2023-12-11T03:30:00Z,"[""MOS_original_evening_slot_diagnostic""]",30,d2675a27c5c0b5049134
1,americanfootball_ncaaf,[2023],2023-12-11T16:00:00Z,"[""daily_16UTC""]",30,8067799c8931b840b819
1,americanfootball_nfl,[2023],2023-12-11T16:00:00Z,"[""daily_16UTC""]",30,740926bc3338d9466ea1
1,americanfootball_nfl,[2023],2023-12-12T01:10:00Z,"[""pregame_close_proxy""]",30,df74d52e8caf02b13ff9
1,americanfootball_ncaaf,[2023],2023-12-12T16:00:00Z,"[""daily_16UTC""]",30,80a4c7fcfa5b548f17cf
1,americanfootball_nfl,[2023],2023-12-12T16:00:00Z,"[""daily_16UTC""]",30,f84d49eae58d04d17a6f
1,americanfootball_ncaaf,[2023],2023-12-13T16:00:00Z,"[""daily_16UTC""]",30,da41b01931816aa2511b
1,americanfootball_nfl,[2023],2023-12-13T16:00:00Z,"[""daily_16UTC""]",30,e8b0932dd7c13f2b3d1d
1,americanfootball_ncaaf,[2023],2023-12-14T16:00:00Z,"[""daily_16UTC""]",30,3e24f1479c3b91392a49
1,americanfootball_nfl,[2023],2023-12-14T16:00:00Z,"[""daily_16UTC""]",30,41f6036ce0d129817f78
1,americanfootball_nfl,[2023],2023-12-15T01:10:00Z,"[""pregame_close_proxy""]",30,29d6327534b21d6d8930
1,americanfootball_ncaaf,[2023],2023-12-15T16:00:00Z,"[""daily_16UTC""]",30,5eea679b376c08158018
1,americanfootball_nfl,[2023],2023-12-15T16:00:00Z,"[""daily_16UTC""]",30,c93838f41aa6f42f7fb3
1,americanfootball_ncaaf,[2023],2023-12-16T03:30:00Z,"[""MOS_original_evening_slot_diagnostic""]",30,d8ac6969c31be8e7b12f
1,americanfootball_nfl,[2023],2023-12-16T03:30:00Z,"[""MOS_original_evening_slot_diagnostic""]",30,763c575973555f5f274e
1,americanfootball_ncaaf,[2023],2023-12-16T15:55:00Z,"[""pregame_close_proxy""]",30,9a9fc70eeffab07d0313
1,americanfootball_ncaaf,[2023],2023-12-16T16:00:00Z,"[""daily_16UTC""]",30,3eaaed2cedc1823b6fa7
1,americanfootball_nfl,[2023],2023-12-16T16:00:00Z,"[""daily_16UTC""]",30,c6ac9bf50ca788915b99
1,americanfootball_ncaaf,[2023],2023-12-16T16:55:00Z,"[""pregame_close_proxy""]",30,034c54cfd3e28fc8a329
1,americanfootball_nfl,[2023],2023-12-16T17:55:00Z,"[""pregame_close_proxy""]",30,894767209846775fb2d7
1,americanfootball_ncaaf,[2023],2023-12-16T19:10:00Z,"[""pregame_close_proxy""]",30,1501ac78f9b009875ecc
1,americanfootball_ncaaf,[2023],2023-12-16T20:25:00Z,"[""pregame_close_proxy""]",30,4b9fdc875b998cd1877e
1,americanfootball_nfl,[2023],2023-12-16T21:25:00Z,"[""pregame_close_proxy""]",30,e06b01e9db56ed5d5eab
1,americanfootball_ncaaf,[2023],2023-12-16T22:40:00Z,"[""pregame_close_proxy""]",30,0d50acac77f49abecc83
1,americanfootball_ncaaf,[2023],2023-12-17T00:25:00Z,"[""pregame_close_proxy""]",30,98d84e46d45fcd5867b2
1,americanfootball_nfl,[2023],2023-12-17T01:10:00Z,"[""pregame_close_proxy""]",30,78865e8e7f9c7a5883ee
1,americanfootball_ncaaf,[2023],2023-12-17T02:10:00Z,"[""pregame_close_proxy""]",30,f4bbc450ae707b9301bc
1,americanfootball_nfl,[2023],2023-12-17T03:30:00Z,"[""MOS_original_evening_slot_diagnostic""]",30,025e62a3f5033ca6f781
1,americanfootball_ncaaf,[2023],2023-12-17T16:00:00Z,"[""daily_16UTC""]",30,4897cae4598f077b0551
1,americanfootball_nfl,[2023],2023-12-17T16:00:00Z,"[""daily_16UTC""]",30,fcf5c21126238f577fd6
1,americanfootball_nfl,[2023],2023-12-17T17:55:00Z,"[""pregame_close_proxy""]",30,bb880244ff77482af35d
1,americanfootball_nfl,[2023],2023-12-17T21:00:00Z,"[""pregame_close_proxy""]",30,618d231fe13b46514fcc
1,americanfootball_nfl,[2023],2023-12-17T21:20:00Z,"[""pregame_close_proxy""]",30,1f0c69719d4da6c32262
1,americanfootball_nfl,[2023],2023-12-18T01:15:00Z,"[""pregame_close_proxy""]",30,08bc484534f069a0b799
1,americanfootball_ncaaf,[2023],2023-12-18T03:30:00Z,"[""MOS_original_evening_slot_diagnostic""]",30,9d41f4c3a7a5e77d33dc
1,americanfootball_nfl,[2023],2023-12-18T03:30:00Z,"[""MOS_original_evening_slot_diagnostic""]",30,97cfffc0dbefd1b19f7e
1,americanfootball_ncaaf,[2023],2023-12-18T16:00:00Z,"[""daily_16UTC""]",30,e87043324a11103f2950
1,americanfootball_nfl,[2023],2023-12-18T16:00:00Z,"[""daily_16UTC""]",30,5d4db3aa8a8df6c313e4
1,americanfootball_ncaaf,[2023],2023-12-18T19:25:00Z,"[""pregame_close_proxy""]",30,91551b18f4a442580ec9
1,americanfootball_nfl,[2023],2023-12-19T01:10:00Z,"[""pregame_close_proxy""]",30,db29c62f2890fb0c0a91
1,americanfootball_ncaaf,[2023],2023-12-19T16:00:00Z,"[""daily_16UTC""]",30,616488f083dcd64b110d
1,americanfootball_nfl,[2023],2023-12-19T16:00:00Z,"[""daily_16UTC""]",30,181af91f0a1703fd86f8
1,americanfootball_ncaaf,[2023],2023-12-20T01:55:00Z,"[""pregame_close_proxy""]",30,cc7c7e92aedf70121e3a
1,americanfootball_ncaaf,[2023],2023-12-20T16:00:00Z,"[""daily_16UTC""]",30,c869a8a3ca3e116a1e56
1,americanfootball_nfl,[2023],2023-12-20T16:00:00Z,"[""daily_16UTC""]",30,4c37cf094cc55f743452
1,americanfootball_ncaaf,[2023],2023-12-21T03:30:00Z,"[""MOS_original_evening_slot_diagnostic""]",30,2f3056233a6b13a39648
1,americanfootball_ncaaf,[2023],2023-12-21T16:00:00Z,"[""daily_16UTC""]",30,4cd9eab59e5d92b73910
1,americanfootball_nfl,[2023],2023-12-21T16:00:00Z,"[""daily_16UTC""]",30,dd8603190fc401707787
1,americanfootball_ncaaf,[2023],2023-12-22T00:55:00Z,"[""pregame_close_proxy""]",30,b4161e5847a6add70b4b
1,americanfootball_nfl,[2023],2023-12-22T01:10:00Z,"[""pregame_close_proxy""]",30,b5323bb4de48bf9515ed
1,americanfootball_ncaaf,[2023],2023-12-22T03:30:00Z,"[""MOS_original_evening_slot_diagnostic""]",30,73b9893603dbad71f0e1
1,americanfootball_ncaaf,[2023],2023-12-22T16:00:00Z,"[""daily_16UTC""]",30,a8ad1bad2fbe4db175d1
1,americanfootball_nfl,[2023],2023-12-22T16:00:00Z,"[""daily_16UTC""]",30,f3e71754735f3b45b5b2
1,americanfootball_ncaaf,[2023],2023-12-22T23:25:00Z,"[""pregame_close_proxy""]",30,efd28c0d2875e21bf4ca
1,americanfootball_ncaaf,[2023],2023-12-23T03:30:00Z,"[""MOS_original_evening_slot_diagnostic""]",30,8029a677a9018b49a3a1
1,americanfootball_nfl,[2023],2023-12-23T03:30:00Z,"[""MOS_original_evening_slot_diagnostic""]",30,f2385e58502fc9771779
1,americanfootball_ncaaf,[2023],2023-12-23T16:00:00Z,"[""daily_16UTC""]",30,a40f011d5ec1b960ba85
1,americanfootball_nfl,[2023],2023-12-23T16:00:00Z,"[""daily_16UTC""]",30,a5de2e79bce7281a8342
1,americanfootball_ncaaf,[2023],2023-12-23T16:55:00Z,"[""pregame_close_proxy""]",30,aa257ebdbb68ed6d728a
1,americanfootball_ncaaf,[2023],2023-12-23T20:25:00Z,"[""pregame_close_proxy""]",30,b971148f0a7e9bf4d30c
1,americanfootball_nfl,[2023],2023-12-23T21:25:00Z,"[""pregame_close_proxy""]",30,febfdf756b4e991b88fb
1,americanfootball_ncaaf,[2023],2023-12-23T23:55:00Z,"[""pregame_close_proxy""]",30,9d22f04c88d04af7df12
1,americanfootball_ncaaf,[2023],2023-12-24T00:25:00Z,"[""pregame_close_proxy""]",30,7fbfee699cf55a84b286
1,americanfootball_nfl,[2023],2023-12-24T00:55:00Z,"[""pregame_close_proxy""]",30,7d7a695edf4763596dff
1,americanfootball_ncaaf,[2023],2023-12-24T03:25:00Z,"[""pregame_close_proxy""]",30,18c445110e8ef9441a57
1,americanfootball_nfl,[2023],2023-12-24T03:30:00Z,"[""MOS_original_evening_slot_diagnostic""]",30,b782ffb369a6d2f0c5f8
1,americanfootball_ncaaf,[2023],2023-12-24T16:00:00Z,"[""daily_16UTC""]",30,96eb04badd6f86348467
1,americanfootball_nfl,[2023],2023-12-24T16:00:00Z,"[""daily_16UTC""]",30,ff3fee0d1242d98bd991
1,americanfootball_nfl,[2023],2023-12-24T17:55:00Z,"[""pregame_close_proxy""]",30,5bed8193f1a966784a18
1,americanfootball_nfl,[2023],2023-12-24T21:00:00Z,"[""pregame_close_proxy""]",30,5bbdf427e40814ba0d05
1,americanfootball_nfl,[2023],2023-12-24T21:20:00Z,"[""pregame_close_proxy""]",30,f7d0f4abf96a2e19c070
1,americanfootball_nfl,[2023],2023-12-25T01:10:00Z,"[""pregame_close_proxy""]",30,50368bcbbf9ef798de3e
1,americanfootball_nfl,[2023],2023-12-25T03:30:00Z,"[""MOS_original_evening_slot_diagnostic""]",30,6bc188cf0ee71f455658
1,americanfootball_ncaaf,[2023],2023-12-25T16:00:00Z,"[""daily_16UTC""]",30,e379c9626120638ba11a
1,americanfootball_nfl,[2023],2023-12-25T16:00:00Z,"[""daily_16UTC""]",30,60d5b4f6043c02f54bec
1,americanfootball_nfl,[2023],2023-12-25T17:55:00Z,"[""pregame_close_proxy""]",30,72356e4338b3a786d134
1,americanfootball_nfl,[2023],2023-12-25T21:25:00Z,"[""pregame_close_proxy""]",30,2ef96f43c90abf930d8d
1,americanfootball_nfl,[2023],2023-12-26T01:10:00Z,"[""pregame_close_proxy""]",30,0151ed71903a440f511c
1,americanfootball_ncaaf,[2023],2023-12-26T03:30:00Z,"[""MOS_original_evening_slot_diagnostic""]",30,5aae45cfa73cd63570f4
1,americanfootball_ncaaf,[2023],2023-12-26T16:00:00Z,"[""daily_16UTC""]",30,b695eaf57003455bcac3
1,americanfootball_nfl,[2023],2023-12-26T16:00:00Z,"[""daily_16UTC""]",30,eb6224fb6e801ddd7193
1,americanfootball_ncaaf,[2023],2023-12-26T18:55:00Z,"[""pregame_close_proxy""]",30,e23b0df3d33cc0819155
1,americanfootball_ncaaf,[2023],2023-12-26T22:25:00Z,"[""pregame_close_proxy""]",30,54512add7dccf82e7e2b
1,americanfootball_ncaaf,[2023],2023-12-27T01:55:00Z,"[""pregame_close_proxy""]",30,843fead03641416632bb
1,americanfootball_ncaaf,[2023],2023-12-27T03:30:00Z,"[""MOS_original_evening_slot_diagnostic""]",30,a7edaab584c4b5bf380a
1,americanfootball_ncaaf,[2023],2023-12-27T16:00:00Z,"[""daily_16UTC""]",30,cd96bcf35e743df6e034
1,americanfootball_nfl,[2023],2023-12-27T16:00:00Z,"[""daily_16UTC""]",30,fc8da8c3dd767063dad1
1,americanfootball_ncaaf,[2023],2023-12-27T18:55:00Z,"[""pregame_close_proxy""]",30,1fffca273632971100f2
1,americanfootball_ncaaf,[2023],2023-12-27T22:25:00Z,"[""pregame_close_proxy""]",30,5dc285d67599655c78d1
1,americanfootball_ncaaf,[2023],2023-12-28T00:55:00Z,"[""pregame_close_proxy""]",30,3dca0870cddb7366d35c
1,americanfootball_ncaaf,[2023],2023-12-28T01:55:00Z,"[""pregame_close_proxy""]",30,2205fca6961c721b9fee
1,americanfootball_nfl,[2023],2023-12-28T03:30:00Z,"[""MOS_original_evening_slot_diagnostic""]",30,9a2f5096206b125cb5c6
1,americanfootball_ncaaf,[2023],2023-12-28T15:55:00Z,"[""pregame_close_proxy""]",30,7de5a8316c0019c6e130
1,americanfootball_ncaaf,[2023],2023-12-28T16:00:00Z,"[""daily_16UTC""]",30,1bcfa02e7c880d04216c
1,americanfootball_nfl,[2023],2023-12-28T16:00:00Z,"[""daily_16UTC""]",30,8444c88c6e3e7c8e4c61
1,americanfootball_ncaaf,[2023],2023-12-28T19:10:00Z,"[""pregame_close_proxy""]",30,5f31d3fbd4abae70a250
1,americanfootball_ncaaf,[2023],2023-12-28T22:40:00Z,"[""pregame_close_proxy""]",30,62a576307964a35ff20a
1,americanfootball_nfl,[2023],2023-12-29T01:10:00Z,"[""pregame_close_proxy""]",30,b768d8139817679b6b0d
1,americanfootball_ncaaf,[2023],2023-12-29T02:10:00Z,"[""pregame_close_proxy""]",30,d380f2a63db34cddf44d
1,americanfootball_ncaaf,[2023],2023-12-29T03:30:00Z,"[""MOS_original_evening_slot_diagnostic""]",30,190cd296d8f05e2dccb4
1,americanfootball_ncaaf,[2023],2023-12-29T16:00:00Z,"[""daily_16UTC""]",30,20cee92547e5bbc058ca
1,americanfootball_nfl,[2023],2023-12-29T16:00:00Z,"[""daily_16UTC""]",30,f09f898fa6a902d8457c
1,americanfootball_ncaaf,[2023],2023-12-29T16:55:00Z,"[""pregame_close_proxy""]",30,37d9c8b77ed568324700
1,americanfootball_ncaaf,[2023],2023-12-29T18:55:00Z,"[""pregame_close_proxy""]",30,dc2d7a4e5cafe2921797
1,americanfootball_ncaaf,[2023],2023-12-29T20:25:00Z,"[""pregame_close_proxy""]",30,080459c3344c972d9064
1,americanfootball_ncaaf,[2023],2023-12-30T00:55:00Z,"[""pregame_close_proxy""]",30,fc6e517c0fc1764c1f4d
1,americanfootball_ncaaf,[2023],2023-12-30T03:30:00Z,"[""MOS_original_evening_slot_diagnostic""]",30,1fd07334dc8c88f4f38a
1,americanfootball_ncaaf,[2023],2023-12-30T16:00:00Z,"[""daily_16UTC""]",30,655f77bedfaef34b5ecc
1,americanfootball_nfl,[2023],2023-12-30T16:00:00Z,"[""daily_16UTC""]",30,ba324f69f103dbf8226c
1,americanfootball_ncaaf,[2023],2023-12-30T16:55:00Z,"[""pregame_close_proxy""]",30,98c832dc78aa916cea3e
1,americanfootball_ncaaf,[2023],2023-12-30T18:55:00Z,"[""pregame_close_proxy""]",30,ee891619f69762a2eb95
1,americanfootball_ncaaf,[2023],2023-12-30T20:55:00Z,"[""pregame_close_proxy""]",30,77dc934809b3544f6278
1,americanfootball_ncaaf,[2023],2023-12-30T21:25:00Z,"[""pregame_close_proxy""]",30,60833732059b3de8f796
1,americanfootball_nfl,[2023],2023-12-31T01:10:00Z,"[""pregame_close_proxy""]",30,f639e93970d6f63a4c6a
1,americanfootball_nfl,[2023],2023-12-31T03:30:00Z,"[""MOS_original_evening_slot_diagnostic""]",30,09648435ff3e07718e0b
1,americanfootball_ncaaf,[2023],2023-12-31T16:00:00Z,"[""daily_16UTC""]",30,1dcea2a25df47bf6d957
1,americanfootball_nfl,[2023],2023-12-31T16:00:00Z,"[""daily_16UTC""]",30,22b0e7be7ee153c0f12b
1,americanfootball_nfl,[2023],2023-12-31T17:55:00Z,"[""pregame_close_proxy""]",30,90fb58be2e0ebd494569
1,americanfootball_nfl,[2023],2023-12-31T21:00:00Z,"[""pregame_close_proxy""]",30,d2f8195f8909cb36816b
1,americanfootball_nfl,[2023],2023-12-31T21:20:00Z,"[""pregame_close_proxy""]",30,957a229814ee9aa5bacc
1,americanfootball_nfl,[2023],2024-01-01T01:15:00Z,"[""pregame_close_proxy""]",30,c0c6dc3de34bcb5adaff
1,americanfootball_ncaaf,[2023],2024-01-01T03:30:00Z,"[""MOS_original_evening_slot_diagnostic""]",30,62d5a926db2d6ebcfadd
1,americanfootball_ncaaf,[2023],2024-01-01T16:00:00Z,"[""daily_16UTC""]",30,2c43ea70283fb479f42f
1,americanfootball_nfl,[2023],2024-01-01T16:00:00Z,"[""daily_16UTC""]",30,f2cd8eb88565f102b9c8
1,americanfootball_ncaaf,[2023],2024-01-01T16:55:00Z,"[""pregame_close_proxy""]",30,5e5c3013252b907fa574
1,americanfootball_ncaaf,[2023],2024-01-01T17:55:00Z,"[""pregame_close_proxy""]",30,a99f76b8c83324f3973f
1,americanfootball_ncaaf,[2023],2024-01-01T21:55:00Z,"[""pregame_close_proxy""]",30,9d0b4b35b1756466de1c
1,americanfootball_ncaaf,[2023],2024-01-02T01:40:00Z,"[""pregame_close_proxy""]",30,34312514224b8bf9ce16
1,americanfootball_ncaaf,[2023],2024-01-02T16:00:00Z,"[""daily_16UTC""]",30,900cd09842f112b8e773
1,americanfootball_nfl,[2023],2024-01-02T16:00:00Z,"[""daily_16UTC""]",30,50f1460fcb756ab51da7
1,americanfootball_ncaaf,[2023],2024-01-03T16:00:00Z,"[""daily_16UTC""]",30,bc185b87487016662e1f
1,americanfootball_nfl,[2023],2024-01-03T16:00:00Z,"[""daily_16UTC""]",30,db62059f73e6b3dd8138
1,americanfootball_ncaaf,[2023],2024-01-04T16:00:00Z,"[""daily_16UTC""]",30,9503062d6c538b559b6b
1,americanfootball_nfl,[2023],2024-01-04T16:00:00Z,"[""daily_16UTC""]",30,046431ec5f00df0809d2
1,americanfootball_ncaaf,[2023],2024-01-05T16:00:00Z,"[""daily_16UTC""]",30,b4e163e4dd52b3a8278a
1,americanfootball_nfl,[2023],2024-01-05T16:00:00Z,"[""daily_16UTC""]",30,eaa1057f182a3be08826
1,americanfootball_nfl,[2023],2024-01-06T03:30:00Z,"[""MOS_original_evening_slot_diagnostic""]",30,ddffb70dfc18cfca796b
1,americanfootball_ncaaf,[2023],2024-01-06T16:00:00Z,"[""daily_16UTC""]",30,837bc588045bc9a2ff1d
1,americanfootball_nfl,[2023],2024-01-06T16:00:00Z,"[""daily_16UTC""]",30,9debb3232900f6e26dd4
1,americanfootball_nfl,[2023],2024-01-06T21:25:00Z,"[""pregame_close_proxy""]",30,5781ee6e4f0b91dc7a79
1,americanfootball_nfl,[2023],2024-01-07T01:10:00Z,"[""pregame_close_proxy""]",30,bc589a36633244693b44
1,americanfootball_nfl,[2023],2024-01-07T03:30:00Z,"[""MOS_original_evening_slot_diagnostic""]",30,53ee5c1ad09163e888d9
1,americanfootball_ncaaf,[2023],2024-01-07T16:00:00Z,"[""daily_16UTC""]",30,dc9cb862e6a52cd25efb
1,americanfootball_nfl,[2023],2024-01-07T16:00:00Z,"[""daily_16UTC""]",30,5e7362683193dfbb000b
1,americanfootball_nfl,[2023],2024-01-07T17:55:00Z,"[""pregame_close_proxy""]",30,126f294c54151e4ebb13
1,americanfootball_nfl,[2023],2024-01-07T21:20:00Z,"[""pregame_close_proxy""]",30,40efe4926f029fc9ef90
1,americanfootball_nfl,[2023],2024-01-08T01:15:00Z,"[""pregame_close_proxy""]",30,b1ac928c60624502f653
1,americanfootball_ncaaf,[2023],2024-01-08T16:00:00Z,"[""daily_16UTC""]",30,b96a3e57c0ba11adaa9e
1,americanfootball_nfl,[2023],2024-01-08T16:00:00Z,"[""daily_16UTC""]",30,42ef3de890871c9bd98f
1,americanfootball_ncaaf,[2023],2024-01-09T00:25:00Z,"[""pregame_close_proxy""]",30,6e3f2529c562a3f6150a
1,americanfootball_nfl,[2023],2024-01-09T16:00:00Z,"[""daily_16UTC""]",30,565912121d0f4381cf07
1,americanfootball_nfl,[2023],2024-01-10T16:00:00Z,"[""daily_16UTC""]",30,246a79295d3a65bce56e
1,americanfootball_nfl,[2023],2024-01-11T16:00:00Z,"[""daily_16UTC""]",30,ba7eab92c60db0ce8679
1,americanfootball_nfl,[2023],2024-01-12T16:00:00Z,"[""daily_16UTC""]",30,22f5ee2950b57402f463
1,americanfootball_nfl,[2023],2024-01-13T03:30:00Z,"[""MOS_original_evening_slot_diagnostic""]",30,b2045237ee37de283323
1,americanfootball_nfl,[2023],2024-01-13T16:00:00Z,"[""daily_16UTC""]",30,362002e3d653b12fe495
1,americanfootball_nfl,[2023],2024-01-13T21:25:00Z,"[""pregame_close_proxy""]",30,c26fc92f1b7bba5cc3e6
1,americanfootball_nfl,[2023],2024-01-14T00:55:00Z,"[""alternate_independent_close_proxy""]",30,c9d3a5846480be635737
1,americanfootball_nfl,[2023],2024-01-14T01:10:00Z,"[""pregame_close_proxy""]",30,d538b6e457a1f42171e5
1,americanfootball_nfl,[2023],2024-01-14T16:00:00Z,"[""daily_16UTC""]",30,55eb84629c07683fe18b
1,americanfootball_nfl,[2023],2024-01-14T21:25:00Z,"[""pregame_close_proxy""]",30,61a8b59fb133c571e696
1,americanfootball_nfl,[2023],2024-01-15T00:55:00Z,"[""alternate_independent_close_proxy""]",30,abdedc64cbafbb91a9fd
1,americanfootball_nfl,[2023],2024-01-15T01:10:00Z,"[""pregame_close_proxy""]",30,179fb9caa5cd8bea1bf4
1,americanfootball_nfl,[2023],2024-01-15T03:30:00Z,"[""MOS_original_evening_slot_diagnostic""]",30,2039f54de277f5b81f10
1,americanfootball_nfl,[2023],2024-01-15T16:00:00Z,"[""daily_16UTC""]",30,d983c7c52faaedfa4596
1,americanfootball_nfl,[2023],2024-01-15T21:30:00Z,"[""pregame_close_proxy""]",30,3f93a1dd18b2cfa4bd14
1,americanfootball_nfl,[2023],2024-01-16T00:55:00Z,"[""alternate_independent_close_proxy""]",30,88d7f8fd611f7ef608b3
1,americanfootball_nfl,[2023],2024-01-16T01:15:00Z,"[""pregame_close_proxy""]",30,b96c490ed478c8db74b5
1,americanfootball_nfl,[2023],2024-01-16T16:00:00Z,"[""daily_16UTC""]",30,eb64e84867fd94ad6b60
1,americanfootball_nfl,[2023],2024-01-17T16:00:00Z,"[""daily_16UTC""]",30,92584960c83ea8197f0a
1,americanfootball_nfl,[2023],2024-01-18T16:00:00Z,"[""daily_16UTC""]",30,4c3469ffb696f5ea2504
1,americanfootball_nfl,[2023],2024-01-19T16:00:00Z,"[""daily_16UTC""]",30,a1a35c5dcf800a3fde6e
1,americanfootball_nfl,[2023],2024-01-20T03:30:00Z,"[""MOS_original_evening_slot_diagnostic""]",30,142c8462a0052ed26271
1,americanfootball_nfl,[2023],2024-01-20T16:00:00Z,"[""daily_16UTC""]",30,8feec140d3b9be8f9932
1,americanfootball_nfl,[2023],2024-01-20T21:25:00Z,"[""pregame_close_proxy""]",30,895443a9ed6913fcf1e6
1,americanfootball_nfl,[2023],2024-01-21T01:10:00Z,"[""pregame_close_proxy""]",30,bafed7853d3da02f6cf2
1,americanfootball_nfl,[2023],2024-01-21T03:30:00Z,"[""MOS_original_evening_slot_diagnostic""]",30,b5a697169420b5ef40fc
1,americanfootball_nfl,[2023],2024-01-21T16:00:00Z,"[""daily_16UTC""]",30,4626e1b51da87409c771
1,americanfootball_nfl,[2023],2024-01-21T20:00:00Z,"[""pregame_close_proxy""]",30,ea20fef756f6f923a9b4
1,americanfootball_nfl,[2023],2024-01-21T23:30:00Z,"[""pregame_close_proxy""]",30,16d4d3fcc24acb681b4c
1,americanfootball_nfl,[2023],2024-01-22T16:00:00Z,"[""daily_16UTC""]",30,b1de136108f4e1ba44ed
1,americanfootball_nfl,[2023],2024-01-23T16:00:00Z,"[""daily_16UTC""]",30,2ac80797cbda16a8886d
1,americanfootball_nfl,[2023],2024-01-24T16:00:00Z,"[""daily_16UTC""]",30,a2fb624bb2a7f16af4be
1,americanfootball_nfl,[2023],2024-01-25T16:00:00Z,"[""daily_16UTC""]",30,86ca355e828cadf4d14c
1,americanfootball_nfl,[2023],2024-01-26T16:00:00Z,"[""daily_16UTC""]",30,9377bd57d3bcf64b5c1f
1,americanfootball_nfl,[2023],2024-01-27T16:00:00Z,"[""daily_16UTC""]",30,e58b2b060e5641877aff
1,americanfootball_nfl,[2023],2024-01-28T03:30:00Z,"[""MOS_original_evening_slot_diagnostic""]",30,c7df97b4e1ba16e72806
1,americanfootball_nfl,[2023],2024-01-28T16:00:00Z,"[""daily_16UTC""]",30,e17bda7504754d825cff
1,americanfootball_nfl,[2023],2024-01-28T19:55:00Z,"[""alternate_independent_close_proxy""]",30,60cebc4ac4799adf322d
1,americanfootball_nfl,[2023],2024-01-28T20:00:00Z,"[""pregame_close_proxy""]",30,285d0c01f147d5d9b92d
1,americanfootball_nfl,[2023],2024-01-28T23:25:00Z,"[""pregame_close_proxy""]",30,e0effe1dabd5f7bd5a3e
1,americanfootball_nfl,[2023],2024-02-05T16:00:00Z,"[""daily_16UTC""]",30,62c5647d45b01b9f51a3
1,americanfootball_nfl,[2023],2024-02-06T16:00:00Z,"[""daily_16UTC""]",30,f07ebdb053c2a66a20dc
1,americanfootball_nfl,[2023],2024-02-07T16:00:00Z,"[""daily_16UTC""]",30,ede9ccd7888dc4b9d898
1,americanfootball_nfl,[2023],2024-02-08T16:00:00Z,"[""daily_16UTC""]",30,fa6cc2c1f980f2f1a641
1,americanfootball_nfl,[2023],2024-02-09T16:00:00Z,"[""daily_16UTC""]",30,fc149ae43075ef0307e9
1,americanfootball_nfl,[2023],2024-02-10T16:00:00Z,"[""daily_16UTC""]",30,6d591f49245622b7d8fa
1,americanfootball_nfl,[2023],2024-02-11T16:00:00Z,"[""daily_16UTC""]",30,03606d65f804ef5fa283
1,americanfootball_nfl,[2023],2024-02-11T23:30:00Z,"[""pregame_close_proxy""]",30,62bc1aa126c6d6f533c1
1,americanfootball_ncaaf,[2024],2024-08-17T16:00:00Z,"[""daily_16UTC""]",30,d43e074cc2407c68a936
1,americanfootball_ncaaf,[2024],2024-08-18T16:00:00Z,"[""daily_16UTC""]",30,69cad6846e1cd0c91b8b
1,americanfootball_ncaaf,[2024],2024-08-19T16:00:00Z,"[""daily_16UTC""]",30,0b8d492beb59b9d18340
1,americanfootball_ncaaf,[2024],2024-08-20T16:00:00Z,"[""daily_16UTC""]",30,780b193c188209108ae5
1,americanfootball_ncaaf,[2024],2024-08-21T16:00:00Z,"[""daily_16UTC""]",30,52ca0ee1523ca1c231e1
1,americanfootball_ncaaf,[2024],2024-08-22T16:00:00Z,"[""daily_16UTC""]",30,b0c133b57fff7557bc1c
1,americanfootball_ncaaf,[2024],2024-08-23T16:00:00Z,"[""daily_16UTC""]",30,9b962c8b47948cff6caf
1,americanfootball_ncaaf,[2024],2024-08-24T02:30:00Z,"[""MOS_original_evening_slot_diagnostic""]",30,971c3c388eedda9d2e02
1,americanfootball_ncaaf,[2024],2024-08-24T15:55:00Z,"[""pregame_close_proxy""]",30,a0881b7e1a4fbacd49cd
1,americanfootball_ncaaf,[2024],2024-08-24T16:00:00Z,"[""daily_16UTC""]",30,6242959ee9a701aa969e
1,americanfootball_ncaaf,[2024],2024-08-24T19:55:00Z,"[""pregame_close_proxy""]",30,67942aff5f72e948c226
1,americanfootball_ncaaf,[2024],2024-08-24T23:55:00Z,"[""pregame_close_proxy""]",30,cd054f8c39f884461c8a
1,americanfootball_ncaaf,[2024],2024-08-25T03:55:00Z,"[""pregame_close_proxy""]",30,2cc116bf6d28bd8b60dc
1,americanfootball_ncaaf,[2024],2024-08-25T16:00:00Z,"[""daily_16UTC""]",30,522d74d59775bdb84475
1,americanfootball_ncaaf,[2024],2024-08-26T16:00:00Z,"[""daily_16UTC""]",30,4e3d30e78ab4536a2503
1,americanfootball_ncaaf,[2024],2024-08-27T16:00:00Z,"[""daily_16UTC""]",30,d49c3c16c02adab8508f
1,americanfootball_ncaaf,[2024],2024-08-28T16:00:00Z,"[""daily_16UTC""]",30,3662796bf32b43c32d02
1,americanfootball_ncaaf,[2024],2024-08-29T02:30:00Z,"[""MOS_original_evening_slot_diagnostic""]",30,ba09d6df03b016ce7b21
1,americanfootball_ncaaf,[2024],2024-08-29T16:00:00Z,"[""daily_16UTC""]",30,2cfb5cddef5187673883
1,americanfootball_ncaaf,[2024],2024-08-29T21:55:00Z,"[""pregame_close_proxy""]",30,d79534e77c6faf522710
1,americanfootball_ncaaf,[2024],2024-08-29T22:55:00Z,"[""pregame_close_proxy""]",30,d6ddbef0ec88ad6967f4
1,americanfootball_ncaaf,[2024],2024-08-29T23:25:00Z,"[""pregame_close_proxy""]",30,77c9c9bab7c7d9c3baf1
1,americanfootball_ncaaf,[2024],2024-08-29T23:55:00Z,"[""pregame_close_proxy""]",30,2fb2b692442013defd42
1,americanfootball_ncaaf,[2024],2024-08-30T00:55:00Z,"[""pregame_close_proxy""]",30,f39dd3716ee82e08f8b5
1,americanfootball_ncaaf,[2024],2024-08-30T01:55:00Z,"[""pregame_close_proxy""]",30,cc342cc85951bb6af51e
1,americanfootball_ncaaf,[2024],2024-08-30T02:30:00Z,"[""MOS_original_evening_slot_diagnostic""]",30,39ca777e7e532d6c8e16
1,americanfootball_ncaaf,[2024],2024-08-30T16:00:00Z,"[""daily_16UTC""]",30,b261a0274e10d6f428af
1,americanfootball_nfl,[2024],2024-08-30T16:00:00Z,"[""daily_16UTC""]",30,0a0436ca6c7c0fe4f4e2
1,americanfootball_ncaaf,[2024],2024-08-30T21:55:00Z,"[""pregame_close_proxy""]",30,294c5f56efa0153a483a
1,americanfootball_ncaaf,[2024],2024-08-30T22:55:00Z,"[""pregame_close_proxy""]",30,b18b02a850910176fbbe
1,americanfootball_ncaaf,[2024],2024-08-30T23:25:00Z,"[""pregame_close_proxy""]",30,f44ac5bdb6fe8ac5e9e3
1,americanfootball_ncaaf,[2024],2024-08-31T00:55:00Z,"[""pregame_close_proxy""]",30,833ba327cb439e647788
1,americanfootball_ncaaf,[2024],2024-08-31T02:25:00Z,"[""pregame_close_proxy""]",30,f191b8342f006e580a10
1,americanfootball_ncaaf,[2024],2024-08-31T02:30:00Z,"[""MOS_original_evening_slot_diagnostic""]",30,316d5ae3cca30ab75a5b
1,americanfootball_ncaaf,[2024],2024-08-31T03:55:00Z,"[""alternate_independent_close_proxy""]",30,f749af82e66ce0e7588d
1,americanfootball_ncaaf,[2024],2024-08-31T15:55:00Z,"[""pregame_close_proxy""]",30,868e9d3016e933ffc040
1,americanfootball_ncaaf,[2024],2024-08-31T16:00:00Z,"[""daily_16UTC""]",30,99b373bf596a82327875
1,americanfootball_nfl,[2024],2024-08-31T16:00:00Z,"[""daily_16UTC""]",30,e0ecc33478a153ea4f34
1,americanfootball_ncaaf,[2024],2024-08-31T16:40:00Z,"[""pregame_close_proxy""]",30,67f8321ff515c438c406
1,americanfootball_ncaaf,[2024],2024-08-31T17:55:00Z,"[""pregame_close_proxy""]",30,8f58885d62807cc39d35
1,americanfootball_ncaaf,[2024],2024-08-31T18:25:00Z,"[""pregame_close_proxy""]",30,2596176adc7ff568034f
1,americanfootball_ncaaf,[2024],2024-08-31T18:55:00Z,"[""pregame_close_proxy""]",30,b033e1f63d0f0bdad215
1,americanfootball_ncaaf,[2024],2024-08-31T19:25:00Z,"[""pregame_close_proxy""]",30,dcdb0286f67b3f11ba53
1,americanfootball_ncaaf,[2024],2024-08-31T19:55:00Z,"[""pregame_close_proxy""]",30,9c2fed73a7fa6c2e7042
1,americanfootball_ncaaf,[2024],2024-08-31T20:10:00Z,"[""pregame_close_proxy""]",30,efa0dac2856b5ee1d79b
1,americanfootball_ncaaf,[2024],2024-08-31T20:55:00Z,"[""pregame_close_proxy""]",30,edfdde429012d42789a2
1,americanfootball_ncaaf,[2024],2024-08-31T21:55:00Z,"[""pregame_close_proxy""]",30,b73025a81b8b8b261d52
1,americanfootball_ncaaf,[2024],2024-08-31T22:25:00Z,"[""pregame_close_proxy""]",30,8488cb7e4443f5943d6a
1,americanfootball_ncaaf,[2024],2024-08-31T22:55:00Z,"[""pregame_close_proxy""]",30,07352efef168c6477c6c
1,americanfootball_ncaaf,[2024],2024-08-31T23:25:00Z,"[""pregame_close_proxy""]",30,4cc69fa6895cf844cfc1
1,americanfootball_ncaaf,[2024],2024-08-31T23:40:00Z,"[""pregame_close_proxy""]",30,8ed983d5229bcfd138f7
1,americanfootball_ncaaf,[2024],2024-08-31T23:55:00Z,"[""pregame_close_proxy""]",30,5ff7febfbf8cd2950a7a
1,americanfootball_ncaaf,[2024],2024-09-01T00:55:00Z,"[""pregame_close_proxy""]",30,2bca6b570ea24c5a89ce
1,americanfootball_ncaaf,[2024],2024-09-01T02:25:00Z,"[""pregame_close_proxy""]",30,c5077a92a3ccef3a298c
1,americanfootball_ncaaf,[2024],2024-09-01T02:55:00Z,"[""pregame_close_proxy""]",30,312826197e9c6d97f553
1,americanfootball_ncaaf,[2024],2024-09-01T16:00:00Z,"[""daily_16UTC""]",30,926c0db9182048863298
1,americanfootball_nfl,[2024],2024-09-01T16:00:00Z,"[""daily_16UTC""]",30,e1f0f62b5360b2e2de2b
1,americanfootball_ncaaf,[2024],2024-09-01T23:25:00Z,"[""pregame_close_proxy""]",30,ad787b923975c357b4d9
1,americanfootball_ncaaf,[2024],2024-09-02T02:30:00Z,"[""MOS_original_evening_slot_diagnostic""]",30,9fb12d1c30ab3aab03b8
1,americanfootball_ncaaf,[2024],2024-09-02T16:00:00Z,"[""daily_16UTC""]",30,13d9e49b1f368411b8ac
1,americanfootball_nfl,[2024],2024-09-02T16:00:00Z,"[""daily_16UTC""]",30,fe373737edc515350bc5
1,americanfootball_ncaaf,[2024],2024-09-02T23:25:00Z,"[""pregame_close_proxy""]",30,7f5892e3f2bb3c9e7bb8
1,americanfootball_ncaaf,[2024],2024-09-03T16:00:00Z,"[""daily_16UTC""]",30,59b7bbe09fa11e1181a2
1,americanfootball_nfl,[2024],2024-09-03T16:00:00Z,"[""daily_16UTC""]",30,7c7dcc4216612b81ca41
1,americanfootball_ncaaf,[2024],2024-09-04T16:00:00Z,"[""daily_16UTC""]",30,89d893bd0ffc7200269e
1,americanfootball_nfl,[2024],2024-09-04T16:00:00Z,"[""daily_16UTC""]",30,386d7b84e061693b9f25
1,americanfootball_nfl,[2024],2024-09-05T02:30:00Z,"[""MOS_original_evening_slot_diagnostic""]",30,1b11754329ff8adfa40a
1,americanfootball_ncaaf,[2024],2024-09-05T16:00:00Z,"[""daily_16UTC""]",30,4ff09b944436cf66127e
1,americanfootball_nfl,[2024],2024-09-05T16:00:00Z,"[""daily_16UTC""]",30,f741531bc8eb2d50e143
1,americanfootball_nfl,[2024],2024-09-06T00:15:00Z,"[""pregame_close_proxy""]",30,dae10666c720e63d98f8
1,americanfootball_ncaaf,[2024],2024-09-06T02:30:00Z,"[""MOS_original_evening_slot_diagnostic""]",30,7beb897653876f2b9515
1,americanfootball_ncaaf,[2024],2024-09-06T16:00:00Z,"[""daily_16UTC""]",30,55fc94bf37a3b7fe538e
1,americanfootball_nfl,[2024],2024-09-06T16:00:00Z,"[""daily_16UTC""]",30,8724f2bc533eb04902cf
1,americanfootball_ncaaf,[2024],2024-09-06T22:55:00Z,"[""pregame_close_proxy""]",30,5c5afc1a5cef5555e7be
1,americanfootball_nfl,[2024],2024-09-07T00:15:00Z,"[""pregame_close_proxy""]",30,0a5caf7112987941ce52
1,americanfootball_ncaaf,[2024],2024-09-07T00:55:00Z,"[""pregame_close_proxy""]",30,8b9eddee50f2de6c1921
1,americanfootball_ncaaf,[2024],2024-09-07T02:30:00Z,"[""MOS_original_evening_slot_diagnostic""]",30,6cfd137bc0819e322230
1,americanfootball_ncaaf,[2024],2024-09-07T15:55:00Z,"[""pregame_close_proxy""]",30,211bddf43dc37c31a327
1,americanfootball_ncaaf,[2024],2024-09-07T16:00:00Z,"[""daily_16UTC""]",30,88ac2adb394b8b2bbbdc
1,americanfootball_nfl,[2024],2024-09-07T16:00:00Z,"[""daily_16UTC""]",30,e24bb328b7382ca3ff7a
1,americanfootball_ncaaf,[2024],2024-09-07T16:40:00Z,"[""pregame_close_proxy""]",30,25641678b57313dfe4a1
1,americanfootball_ncaaf,[2024],2024-09-07T17:55:00Z,"[""pregame_close_proxy""]",30,fd4c867f114f8683bee1
1,americanfootball_ncaaf,[2024],2024-09-07T19:25:00Z,"[""pregame_close_proxy""]",30,b3bf5a7e7bde8f8cce8d
1,americanfootball_ncaaf,[2024],2024-09-07T19:55:00Z,"[""pregame_close_proxy""]",30,6cef89c57e54756e9d1d
1,americanfootball_ncaaf,[2024],2024-09-07T20:10:00Z,"[""pregame_close_proxy""]",30,b40854d6b7eb0d49f64b
1,americanfootball_ncaaf,[2024],2024-09-07T20:25:00Z,"[""pregame_close_proxy""]",30,b01c273f362b629fd00c
1,americanfootball_ncaaf,[2024],2024-09-07T21:55:00Z,"[""pregame_close_proxy""]",30,5f4442bcc055cd0155ae
1,americanfootball_ncaaf,[2024],2024-09-07T22:25:00Z,"[""pregame_close_proxy""]",30,350f6e62c5171dcc193b
1,americanfootball_ncaaf,[2024],2024-09-07T22:55:00Z,"[""pregame_close_proxy""]",30,f273a72050fc1e6c1d3d
1,americanfootball_ncaaf,[2024],2024-09-07T23:25:00Z,"[""pregame_close_proxy""]",30,42c60e3fec27c6178160
1,americanfootball_ncaaf,[2024],2024-09-07T23:40:00Z,"[""pregame_close_proxy""]",30,4be096ec9b2da6ea8f04
1,americanfootball_ncaaf,[2024],2024-09-07T23:55:00Z,"[""pregame_close_proxy""]",30,bdaf7b22b77311f1054f
1,americanfootball_ncaaf,[2024],2024-09-08T00:55:00Z,"[""pregame_close_proxy""]",30,c536d9833f9f0f32889b
1,americanfootball_ncaaf,[2024],2024-09-08T01:55:00Z,"[""pregame_close_proxy""]",30,605f5dc083e255ee941d
1,americanfootball_ncaaf,[2024],2024-09-08T02:10:00Z,"[""pregame_close_proxy""]",30,34904728683033b0bad8
1,americanfootball_ncaaf,[2024],2024-09-08T02:25:00Z,"[""pregame_close_proxy""]",30,1ce6315309d6dd789acc
1,americanfootball_nfl,[2024],2024-09-08T02:30:00Z,"[""MOS_original_evening_slot_diagnostic""]",30,a577d34b84b279f8e75a
1,americanfootball_ncaaf,[2024],2024-09-08T02:55:00Z,"[""pregame_close_proxy""]",30,cd93a25e405286ad82e1
1,americanfootball_ncaaf,[2024],2024-09-08T16:00:00Z,"[""daily_16UTC""]",30,da9ad48ec5afd130675a
1,americanfootball_nfl,[2024],2024-09-08T16:00:00Z,"[""daily_16UTC""]",30,ae698a9692cce2c3d07a
1,americanfootball_nfl,[2024],2024-09-08T16:55:00Z,"[""pregame_close_proxy""]",30,6d8b8d55ab13d5a1b7eb
1,americanfootball_nfl,[2024],2024-09-08T20:00:00Z,"[""pregame_close_proxy""]",30,d3a2eda41f681042328d
1,americanfootball_nfl,[2024],2024-09-08T20:20:00Z,"[""pregame_close_proxy""]",30,abb377e8059c613064ff
1,americanfootball_nfl,[2024],2024-09-09T00:15:00Z,"[""pregame_close_proxy""]",30,2fbf2ae68186de915f53
1,americanfootball_nfl,[2024],2024-09-09T02:30:00Z,"[""MOS_original_evening_slot_diagnostic""]",30,4670ca626c3e350fb89b
1,americanfootball_ncaaf,[2024],2024-09-09T16:00:00Z,"[""daily_16UTC""]",30,4cb9e5df34c43f0937a3
1,americanfootball_nfl,[2024],2024-09-09T16:00:00Z,"[""daily_16UTC""]",30,8ec137222d897b1fe64f
1,americanfootball_nfl,[2024],2024-09-10T00:15:00Z,"[""pregame_close_proxy""]",30,fca47a1cd0ac51bb088c
1,americanfootball_ncaaf,[2024],2024-09-10T16:00:00Z,"[""daily_16UTC""]",30,31fc2c57b0cc29594866
1,americanfootball_nfl,[2024],2024-09-10T16:00:00Z,"[""daily_16UTC""]",30,99bb9d42b0021aac4aa6
1,americanfootball_ncaaf,[2024],2024-09-11T16:00:00Z,"[""daily_16UTC""]",30,96c9ea22845e5fc921f7
1,americanfootball_nfl,[2024],2024-09-11T16:00:00Z,"[""daily_16UTC""]",30,a11e6721f53314350372
1,americanfootball_ncaaf,[2024],2024-09-12T02:30:00Z,"[""MOS_original_evening_slot_diagnostic""]",30,6dc9c5e17cbb6b18ead1
1,americanfootball_nfl,[2024],2024-09-12T02:30:00Z,"[""MOS_original_evening_slot_diagnostic""]",30,0a6c8674624e34f09354
1,americanfootball_ncaaf,[2024],2024-09-12T16:00:00Z,"[""daily_16UTC""]",30,91bd87d8cd8e5d0201e7
1,americanfootball_nfl,[2024],2024-09-12T16:00:00Z,"[""daily_16UTC""]",30,c05bdaa6bc33baaaa17d
1,americanfootball_ncaaf,[2024],2024-09-12T23:25:00Z,"[""pregame_close_proxy""]",30,c54d0ef633c31dfb8971
1,americanfootball_nfl,[2024],2024-09-13T00:15:00Z,"[""pregame_close_proxy""]",30,a2dd113ab317b1772d41
1,americanfootball_ncaaf,[2024],2024-09-13T02:30:00Z,"[""MOS_original_evening_slot_diagnostic""]",30,cada3af72e27381cbc9e
1,americanfootball_ncaaf,[2024],2024-09-13T16:00:00Z,"[""daily_16UTC""]",30,a938ea97bc18f04dab40
1,americanfootball_nfl,[2024],2024-09-13T16:00:00Z,"[""daily_16UTC""]",30,9125ca0ae0565822c0e1
1,americanfootball_ncaaf,[2024],2024-09-13T22:55:00Z,"[""pregame_close_proxy""]",30,5f1cc4de61cdfc7b0391
1,americanfootball_ncaaf,[2024],2024-09-13T23:55:00Z,"[""pregame_close_proxy""]",30,bf7a53957933f20c46e1
1,americanfootball_ncaaf,[2024],2024-09-14T02:30:00Z,"[""MOS_original_evening_slot_diagnostic""]",30,1dc48de4f3c8536b1b32
1,americanfootball_ncaaf,[2024],2024-09-14T15:55:00Z,"[""pregame_close_proxy""]",30,921422512eb170c9436b
1,americanfootball_ncaaf,[2024],2024-09-14T16:00:00Z,"[""daily_16UTC""]",30,1092383b9cad5fef4f51
1,americanfootball_nfl,[2024],2024-09-14T16:00:00Z,"[""daily_16UTC""]",30,c45a1a9af13f9e8e8e42
1,americanfootball_ncaaf,[2024],2024-09-14T16:40:00Z,"[""pregame_close_proxy""]",30,f82e9c266359baf6719d
1,americanfootball_ncaaf,[2024],2024-09-14T16:55:00Z,"[""pregame_close_proxy""]",30,796e4584462ed34e1bcb
1,americanfootball_ncaaf,[2024],2024-09-14T17:55:00Z,"[""pregame_close_proxy""]",30,00b887ba8634aff01899
1,americanfootball_ncaaf,[2024],2024-09-14T19:25:00Z,"[""pregame_close_proxy""]",30,0eb226b2f1574efcb900
1,americanfootball_ncaaf,[2024],2024-09-14T19:55:00Z,"[""pregame_close_proxy""]",30,d54227d039e877cb12b4
1,americanfootball_ncaaf,[2024],2024-09-14T20:10:00Z,"[""pregame_close_proxy""]",30,bb3145035b952cd72fc9
1,americanfootball_ncaaf,[2024],2024-09-14T20:25:00Z,"[""pregame_close_proxy""]",30,5934290d429b3edcff0c
1,americanfootball_ncaaf,[2024],2024-09-14T21:55:00Z,"[""pregame_close_proxy""]",30,de4510372d3eed490512
1,americanfootball_ncaaf,[2024],2024-09-14T22:25:00Z,"[""pregame_close_proxy""]",30,603409e429dfc2361cbe
1,americanfootball_ncaaf,[2024],2024-09-14T22:55:00Z,"[""pregame_close_proxy""]",30,e5bc4a0e8cb7b0dbcc22
1,americanfootball_ncaaf,[2024],2024-09-14T23:25:00Z,"[""pregame_close_proxy""]",30,3531e26158682a59404c
1,americanfootball_ncaaf,[2024],2024-09-14T23:40:00Z,"[""pregame_close_proxy""]",30,8818417d2810d51317f8
1,americanfootball_ncaaf,[2024],2024-09-14T23:55:00Z,"[""pregame_close_proxy""]",30,0cdf218c37e7899d79a3
1,americanfootball_ncaaf,[2024],2024-09-15T00:55:00Z,"[""pregame_close_proxy""]",30,2900745fe9d1a819acef
1,americanfootball_ncaaf,[2024],2024-09-15T02:25:00Z,"[""pregame_close_proxy""]",30,2790fbf8baa1a200667e
1,americanfootball_nfl,[2024],2024-09-15T02:30:00Z,"[""MOS_original_evening_slot_diagnostic""]",30,5d2ec70f5e18720a10b9
1,americanfootball_ncaaf,[2024],2024-09-15T16:00:00Z,"[""daily_16UTC""]",30,cf9734d4551ed60e2335
1,americanfootball_nfl,[2024],2024-09-15T16:00:00Z,"[""daily_16UTC""]",30,caab359ae7d6fd0e78f2
1,americanfootball_nfl,[2024],2024-09-15T16:55:00Z,"[""pregame_close_proxy""]",30,1f7b5f6ffd68b9d42850
1,americanfootball_nfl,[2024],2024-09-15T20:00:00Z,"[""pregame_close_proxy""]",30,4bb6dc550c0d032295f2
1,americanfootball_nfl,[2024],2024-09-15T20:20:00Z,"[""pregame_close_proxy""]",30,c51c6e83d01d64f5d437
1,americanfootball_nfl,[2024],2024-09-16T00:15:00Z,"[""pregame_close_proxy""]",30,43bf92c8606f314c85a9
1,americanfootball_nfl,[2024],2024-09-16T02:30:00Z,"[""MOS_original_evening_slot_diagnostic""]",30,c6172d38b5bf4f11fa0b
1,americanfootball_ncaaf,[2024],2024-09-16T16:00:00Z,"[""daily_16UTC""]",30,50f2781d68903d0c331e
1,americanfootball_nfl,[2024],2024-09-16T16:00:00Z,"[""daily_16UTC""]",30,cf86dfcf2a4f0746969d
1,americanfootball_nfl,[2024],2024-09-17T00:10:00Z,"[""pregame_close_proxy""]",30,a7b08cd3a04146187bd5
1,americanfootball_ncaaf,[2024],2024-09-17T16:00:00Z,"[""daily_16UTC""]",30,17ac2724bf64a17039bb
1,americanfootball_nfl,[2024],2024-09-17T16:00:00Z,"[""daily_16UTC""]",30,3bcd712d1112c8ec9637
1,americanfootball_ncaaf,[2024],2024-09-18T16:00:00Z,"[""daily_16UTC""]",30,cf24d47badd1c99b9536
1,americanfootball_nfl,[2024],2024-09-18T16:00:00Z,"[""daily_16UTC""]",30,1cb71613169383330ce8
1,americanfootball_ncaaf,[2024],2024-09-19T02:30:00Z,"[""MOS_original_evening_slot_diagnostic""]",30,0b84c69f0857165e0d84
1,americanfootball_nfl,[2024],2024-09-19T02:30:00Z,"[""MOS_original_evening_slot_diagnostic""]",30,c091293399c0fdca61e6
1,americanfootball_ncaaf,[2024],2024-09-19T16:00:00Z,"[""daily_16UTC""]",30,251f28ed2328584edb50
1,americanfootball_nfl,[2024],2024-09-19T16:00:00Z,"[""daily_16UTC""]",30,0e1d4039cf13f224eccd
1,americanfootball_ncaaf,[2024],2024-09-19T23:25:00Z,"[""pregame_close_proxy""]",30,0fcb9e003850f9f18ed1
1,americanfootball_nfl,[2024],2024-09-20T00:10:00Z,"[""pregame_close_proxy""]",30,7e68ba4fb80b9a958bac
1,americanfootball_ncaaf,[2024],2024-09-20T02:30:00Z,"[""MOS_original_evening_slot_diagnostic""]",30,29462ef143a52e27ce2d
1,americanfootball_ncaaf,[2024],2024-09-20T16:00:00Z,"[""daily_16UTC""]",30,f64cfa503bc91dbd7182
1,americanfootball_nfl,[2024],2024-09-20T16:00:00Z,"[""daily_16UTC""]",30,4cbd8fbe5f18ab2d6aca
1,americanfootball_ncaaf,[2024],2024-09-20T23:25:00Z,"[""pregame_close_proxy""]",30,dc95fadebf6f2077e2b9
1,americanfootball_ncaaf,[2024],2024-09-20T23:55:00Z,"[""pregame_close_proxy""]",30,3f24d85b75cfe1a1ebe9
1,americanfootball_ncaaf,[2024],2024-09-21T01:55:00Z,"[""pregame_close_proxy""]",30,9a0f698778daaffca574
1,americanfootball_ncaaf,[2024],2024-09-21T02:30:00Z,"[""MOS_original_evening_slot_diagnostic""]",30,24dbde3dcacdca91626e
1,americanfootball_ncaaf,[2024],2024-09-21T15:55:00Z,"[""pregame_close_proxy""]",30,70ddbc40136050f2066a
1,americanfootball_ncaaf,[2024],2024-09-21T16:00:00Z,"[""daily_16UTC""]",30,9a42ef01c256eaacdebe
1,americanfootball_nfl,[2024],2024-09-21T16:00:00Z,"[""daily_16UTC""]",30,26f5ad114dfdbe711b50
1,americanfootball_ncaaf,[2024],2024-09-21T16:40:00Z,"[""pregame_close_proxy""]",30,87c5fb1dd7fbef336bf5
1,americanfootball_ncaaf,[2024],2024-09-21T16:55:00Z,"[""pregame_close_proxy""]",30,1515a64df371a58a70cf
1,americanfootball_ncaaf,[2024],2024-09-21T17:55:00Z,"[""pregame_close_proxy""]",30,801be12ddfc225b598b5
1,americanfootball_ncaaf,[2024],2024-09-21T18:55:00Z,"[""pregame_close_proxy""]",30,e82c0bf83cc093ce6050
1,americanfootball_ncaaf,[2024],2024-09-21T19:25:00Z,"[""pregame_close_proxy""]",30,b9c76169647100bb24f7
1,americanfootball_ncaaf,[2024],2024-09-21T19:55:00Z,"[""pregame_close_proxy""]",30,9dfcb98934ac5d51c5c9
1,americanfootball_ncaaf,[2024],2024-09-21T20:10:00Z,"[""alternate_independent_close_proxy""]",30,662bbc600e1e8ff15a22
1,americanfootball_ncaaf,[2024],2024-09-21T20:55:00Z,"[""pregame_close_proxy""]",30,e1a8b6f5851e90281cf7
1,americanfootball_ncaaf,[2024],2024-09-21T21:55:00Z,"[""pregame_close_proxy""]",30,70084cad9aa84c41db7b
1,americanfootball_ncaaf,[2024],2024-09-21T22:55:00Z,"[""pregame_close_proxy""]",30,8d6bcb8a0b7203246a0c
1,americanfootball_ncaaf,[2024],2024-09-21T23:25:00Z,"[""pregame_close_proxy""]",30,a44dbd2bff3688f33015
1,americanfootball_ncaaf,[2024],2024-09-21T23:40:00Z,"[""pregame_close_proxy""]",30,cf65638ba3e347f0488e
1,americanfootball_ncaaf,[2024],2024-09-21T23:55:00Z,"[""pregame_close_proxy""]",30,7e69174b002c021910be
1,americanfootball_ncaaf,[2024],2024-09-22T00:25:00Z,"[""pregame_close_proxy""]",30,6e536bc860bb3a830a5c
1,americanfootball_ncaaf,[2024],2024-09-22T01:40:00Z,"[""pregame_close_proxy""]",30,35793d11187cd8e214d0
1,americanfootball_ncaaf,[2024],2024-09-22T02:25:00Z,"[""pregame_close_proxy""]",30,c83c49b61e4ab01e0d04
1,americanfootball_nfl,[2024],2024-09-22T02:30:00Z,"[""MOS_original_evening_slot_diagnostic""]",30,9e9b0e227875f1c26e61
1,americanfootball_ncaaf,[2024],2024-09-22T03:50:00Z,"[""pregame_close_proxy""]",30,c7923951474569763999
1,americanfootball_ncaaf,[2024],2024-09-22T16:00:00Z,"[""daily_16UTC""]",30,f648c953b1f021ee0bb3
1,americanfootball_nfl,[2024],2024-09-22T16:00:00Z,"[""daily_16UTC""]",30,08c37a3eed9db637910a
1,americanfootball_nfl,[2024],2024-09-22T16:55:00Z,"[""pregame_close_proxy""]",30,a7086fd1a883b9c52b89
1,americanfootball_nfl,[2024],2024-09-22T20:00:00Z,"[""pregame_close_proxy""]",30,bb7b72a700548745e0bf
1,americanfootball_nfl,[2024],2024-09-22T20:20:00Z,"[""pregame_close_proxy""]",30,22c8b7c4f77fb06b4418
1,americanfootball_nfl,[2024],2024-09-23T00:15:00Z,"[""pregame_close_proxy""]",30,49117f3db26d19cd55fb
1,americanfootball_nfl,[2024],2024-09-23T02:30:00Z,"[""MOS_original_evening_slot_diagnostic""]",30,c03dce2b795ec1033c9b
1,americanfootball_ncaaf,[2024],2024-09-23T16:00:00Z,"[""daily_16UTC""]",30,781c3d1884f74263b5b7
1,americanfootball_nfl,[2024],2024-09-23T16:00:00Z,"[""daily_16UTC""]",30,b1a823391f296194202b
1,americanfootball_nfl,[2024],2024-09-23T23:25:00Z,"[""pregame_close_proxy""]",30,f445e1a9f990cf6c034f
1,americanfootball_nfl,[2024],2024-09-24T00:10:00Z,"[""pregame_close_proxy""]",30,bfa58d92228d24e3cb06
1,americanfootball_ncaaf,[2024],2024-09-24T16:00:00Z,"[""daily_16UTC""]",30,4867561128f62f4ea004
1,americanfootball_nfl,[2024],2024-09-24T16:00:00Z,"[""daily_16UTC""]",30,b680c230ddc452746d8e
1,americanfootball_ncaaf,[2024],2024-09-25T16:00:00Z,"[""daily_16UTC""]",30,90a5683740b58c88308b
1,americanfootball_nfl,[2024],2024-09-25T16:00:00Z,"[""daily_16UTC""]",30,fd49ec717392f2b356e6
1,americanfootball_ncaaf,[2024],2024-09-26T02:30:00Z,"[""MOS_original_evening_slot_diagnostic""]",30,7627176925652089014a
1,americanfootball_nfl,[2024],2024-09-26T02:30:00Z,"[""MOS_original_evening_slot_diagnostic""]",30,366c1c1cd4379e1b7458
1,americanfootball_ncaaf,[2024],2024-09-26T16:00:00Z,"[""daily_16UTC""]",30,291a0621fb986db4899f
1,americanfootball_nfl,[2024],2024-09-26T16:00:00Z,"[""daily_16UTC""]",30,b85e5812c595ed6af244
1,americanfootball_ncaaf,[2024],2024-09-26T23:25:00Z,"[""pregame_close_proxy""]",30,393bd3ee26c559df4504
1,americanfootball_nfl,[2024],2024-09-27T00:10:00Z,"[""pregame_close_proxy""]",30,9ccc20eb5723a92bef42
1,americanfootball_ncaaf,[2024],2024-09-27T02:30:00Z,"[""MOS_original_evening_slot_diagnostic""]",30,41b70f6594585c5fae32
1,americanfootball_ncaaf,[2024],2024-09-27T16:00:00Z,"[""daily_16UTC""]",30,334c77b49cb73595ebee
1,americanfootball_nfl,[2024],2024-09-27T16:00:00Z,"[""daily_16UTC""]",30,12ab60655a8ab4146cce
1,americanfootball_ncaaf,[2024],2024-09-27T23:25:00Z,"[""pregame_close_proxy""]",30,02ef5415ea220a03b375
1,americanfootball_ncaaf,[2024],2024-09-27T23:55:00Z,"[""pregame_close_proxy""]",30,809b42bbf82fd79f1633
1,americanfootball_ncaaf,[2024],2024-09-28T02:30:00Z,"[""MOS_original_evening_slot_diagnostic""]",30,ba5fde1311cc25f21297
1,americanfootball_ncaaf,[2024],2024-09-28T15:55:00Z,"[""pregame_close_proxy""]",30,2c81f9b1e9b4fca1eb29
1,americanfootball_ncaaf,[2024],2024-09-28T16:00:00Z,"[""daily_16UTC""]",30,295085347f1c59b8b336
1,americanfootball_nfl,[2024],2024-09-28T16:00:00Z,"[""daily_16UTC""]",30,a5dec19cd3993738a78a
1,americanfootball_ncaaf,[2024],2024-09-28T17:25:00Z,"[""pregame_close_proxy""]",30,db191adf1e259b28642e
1,americanfootball_ncaaf,[2024],2024-09-28T18:55:00Z,"[""pregame_close_proxy""]",30,dc36a03b772b1d9dd1a9
1,americanfootball_ncaaf,[2024],2024-09-28T19:25:00Z,"[""pregame_close_proxy""]",30,5b1dc831719a2513456a
1,americanfootball_ncaaf,[2024],2024-09-28T19:55:00Z,"[""pregame_close_proxy""]",30,52cde18b0a14295b5cd2
1,americanfootball_ncaaf,[2024],2024-09-28T20:10:00Z,"[""pregame_close_proxy""]",30,cc81d24e13ef03df0fab
1,americanfootball_ncaaf,[2024],2024-09-28T20:55:00Z,"[""pregame_close_proxy""]",30,be9d6f82d365a78bd07d
1,americanfootball_ncaaf,[2024],2024-09-28T21:55:00Z,"[""pregame_close_proxy""]",30,92c25086ab8c1f1ea5ce
1,americanfootball_ncaaf,[2024],2024-09-28T22:55:00Z,"[""pregame_close_proxy""]",30,dce0430284d30467408c
1,americanfootball_ncaaf,[2024],2024-09-28T23:25:00Z,"[""pregame_close_proxy""]",30,3d2cba49f8f337ab2d5d
1,americanfootball_ncaaf,[2024],2024-09-28T23:40:00Z,"[""pregame_close_proxy""]",30,041b95cf77ffe57ccd3c
1,americanfootball_ncaaf,[2024],2024-09-28T23:55:00Z,"[""pregame_close_proxy""]",30,ed286860c821a66f2d57
1,americanfootball_ncaaf,[2024],2024-09-29T01:55:00Z,"[""pregame_close_proxy""]",30,07f855419b7cb476c977
1,americanfootball_ncaaf,[2024],2024-09-29T02:10:00Z,"[""pregame_close_proxy""]",30,f000fdaf6665abb3639f
1,americanfootball_nfl,[2024],2024-09-29T02:30:00Z,"[""MOS_original_evening_slot_diagnostic""]",30,13229bd11bb7ed47c333
1,americanfootball_ncaaf,[2024],2024-09-29T02:55:00Z,"[""pregame_close_proxy""]",30,9f46bb744c4727ac60da
1,americanfootball_ncaaf,[2024],2024-09-29T16:00:00Z,"[""daily_16UTC""]",30,71b82cb0306486955072
1,americanfootball_nfl,[2024],2024-09-29T16:00:00Z,"[""daily_16UTC""]",30,92d088354708de884fcc
1,americanfootball_nfl,[2024],2024-09-29T16:55:00Z,"[""pregame_close_proxy""]",30,8c5a0c45b21747c406d1
1,americanfootball_nfl,[2024],2024-09-29T20:00:00Z,"[""pregame_close_proxy""]",30,80253b801ecc4cd02011
1,americanfootball_nfl,[2024],2024-09-29T20:20:00Z,"[""pregame_close_proxy""]",30,f5f11e9933b5edf67db8
1,americanfootball_nfl,[2024],2024-09-30T00:10:00Z,"[""pregame_close_proxy""]",30,c72477a50f3c0de3983a
1,americanfootball_nfl,[2024],2024-09-30T02:30:00Z,"[""MOS_original_evening_slot_diagnostic""]",30,7eeb001bea5af7536eaa
1,americanfootball_ncaaf,[2024],2024-09-30T16:00:00Z,"[""daily_16UTC""]",30,35869a709d6741f7129a
1,americanfootball_nfl,[2024],2024-09-30T16:00:00Z,"[""daily_16UTC""]",30,55fb8d54daf7286d4282
1,americanfootball_nfl,[2024],2024-09-30T23:25:00Z,"[""pregame_close_proxy""]",30,114927436663f7943994
1,americanfootball_nfl,[2024],2024-10-01T00:10:00Z,"[""pregame_close_proxy""]",30,400f9a71bf6e51c04835
1,americanfootball_ncaaf,[2024],2024-10-01T16:00:00Z,"[""daily_16UTC""]",30,ed6f880c0d4194088290
1,americanfootball_nfl,[2024],2024-10-01T16:00:00Z,"[""daily_16UTC""]",30,f092eb41094886493a02
1,americanfootball_ncaaf,[2024],2024-10-02T16:00:00Z,"[""daily_16UTC""]",30,ceb868505fb94d9c0171
1,americanfootball_nfl,[2024],2024-10-02T16:00:00Z,"[""daily_16UTC""]",30,b7a96adc1f90acbc4242
1,americanfootball_ncaaf,[2024],2024-10-03T02:30:00Z,"[""MOS_original_evening_slot_diagnostic""]",30,c5a110b9621816d8d23a
1,americanfootball_ncaaf,[2024],2024-10-03T16:00:00Z,"[""daily_16UTC""]",30,684035cda501d7286e5e
1,americanfootball_nfl,[2024],2024-10-03T16:00:00Z,"[""daily_16UTC""]",30,161160bb788475078bb0
1,americanfootball_ncaaf,[2024],2024-10-03T22:55:00Z,"[""pregame_close_proxy""]",30,47db1d3a1e87a4075ad1
1,americanfootball_nfl,[2024],2024-10-04T00:10:00Z,"[""pregame_close_proxy""]",30,7cc24aabded45736876f
1,americanfootball_ncaaf,[2024],2024-10-04T00:55:00Z,"[""pregame_close_proxy""]",30,88a2b4891abeaa346c07
1,americanfootball_ncaaf,[2024],2024-10-04T02:30:00Z,"[""MOS_original_evening_slot_diagnostic""]",30,7bca551ef45e8b987cb8
1,americanfootball_ncaaf,[2024],2024-10-04T16:00:00Z,"[""daily_16UTC""]",30,4371e2b5a0244c700f2b
1,americanfootball_nfl,[2024],2024-10-04T16:00:00Z,"[""daily_16UTC""]",30,40ad3da4ca7bec4b8ac9
1,americanfootball_ncaaf,[2024],2024-10-04T22:55:00Z,"[""pregame_close_proxy""]",30,e035092dd6c559d208c4
1,americanfootball_ncaaf,[2024],2024-10-04T23:25:00Z,"[""pregame_close_proxy""]",30,d03fd7ba6bafe21db9b0
1,americanfootball_ncaaf,[2024],2024-10-05T00:55:00Z,"[""pregame_close_proxy""]",30,82047c748a04dbcaa806
1,americanfootball_ncaaf,[2024],2024-10-05T02:30:00Z,"[""MOS_original_evening_slot_diagnostic""]",0,0d1391b28c852f8e0ae6
1,americanfootball_ncaaf,[2024],2024-10-05T15:55:00Z,"[""pregame_close_proxy""]",30,0854159fe8f8c70faee8
1,americanfootball_ncaaf,[2024],2024-10-05T16:00:00Z,"[""daily_16UTC""]",0,92311e9ed4260918a250
1,americanfootball_nfl,[2024],2024-10-05T16:00:00Z,"[""daily_16UTC""]",30,fe90a59781fd947ef907
1,americanfootball_ncaaf,[2024],2024-10-05T16:55:00Z,"[""pregame_close_proxy""]",30,111a39ca88da27257ac8
1,americanfootball_ncaaf,[2024],2024-10-05T17:55:00Z,"[""pregame_close_proxy""]",30,e22e88cbc9a688abf818
1,americanfootball_ncaaf,[2024],2024-10-05T19:25:00Z,"[""pregame_close_proxy""]",30,25dad63d94c1d35a6ea4
1,americanfootball_ncaaf,[2024],2024-10-05T19:55:00Z,"[""pregame_close_proxy""]",30,15bb9e066e4527e26943
1,americanfootball_ncaaf,[2024],2024-10-05T20:10:00Z,"[""pregame_close_proxy""]",30,e3207e3abf31bdb87d9a
1,americanfootball_ncaaf,[2024],2024-10-05T22:25:00Z,"[""pregame_close_proxy""]",30,81d168782be7d50c8873
1,americanfootball_ncaaf,[2024],2024-10-05T22:55:00Z,"[""pregame_close_proxy""]",30,3841b8e2603ee2b3352d
1,americanfootball_ncaaf,[2024],2024-10-05T23:25:00Z,"[""pregame_close_proxy""]",30,0221233473eb6e07fef4
1,americanfootball_ncaaf,[2024],2024-10-05T23:40:00Z,"[""pregame_close_proxy""]",30,9c7f0247d73a1b3203a7
1,americanfootball_ncaaf,[2024],2024-10-05T23:55:00Z,"[""pregame_close_proxy""]",30,3623576987c8f8fd7e6a
1,americanfootball_ncaaf,[2024],2024-10-06T02:25:00Z,"[""pregame_close_proxy""]",30,2308f43afe5d158f4da4
1,americanfootball_nfl,[2024],2024-10-06T02:30:00Z,"[""MOS_original_evening_slot_diagnostic""]",0,737fba60579069893793
1,americanfootball_ncaaf,[2024],2024-10-06T02:55:00Z,"[""pregame_close_proxy""]",30,929e89960baa717805d2
1,americanfootball_nfl,[2024],2024-10-06T13:25:00Z,"[""pregame_close_proxy""]",30,3191d7ef1c71f6e689c9
1,americanfootball_ncaaf,[2024],2024-10-06T16:00:00Z,"[""daily_16UTC""]",30,22459a91c478dc8e6347
1,americanfootball_nfl,[2024],2024-10-06T16:00:00Z,"[""daily_16UTC""]",0,a963b6ebc4276c203ff9
1,americanfootball_nfl,[2024],2024-10-06T16:55:00Z,"[""pregame_close_proxy""]",30,f0ea98e1f8cd1d4234b8
1,americanfootball_nfl,[2024],2024-10-06T20:00:00Z,"[""pregame_close_proxy""]",30,a448dd14b8fba4803806
1,americanfootball_nfl,[2024],2024-10-06T20:20:00Z,"[""pregame_close_proxy""]",30,0e07f61af2a99d4bb9c9
1,americanfootball_nfl,[2024],2024-10-07T00:15:00Z,"[""pregame_close_proxy""]",30,da97aa3e5224baae6576
1,americanfootball_nfl,[2024],2024-10-07T02:30:00Z,"[""MOS_original_evening_slot_diagnostic""]",30,a9795ecc95ced31e9486
1,americanfootball_ncaaf,[2024],2024-10-07T16:00:00Z,"[""daily_16UTC""]",30,fc06523e24634065fa0d
1,americanfootball_nfl,[2024],2024-10-07T16:00:00Z,"[""daily_16UTC""]",30,4b8034a6b02035242865
1,americanfootball_nfl,[2024],2024-10-08T00:10:00Z,"[""pregame_close_proxy""]",30,9cd67dad5ea935c64c8a
1,americanfootball_ncaaf,[2024],2024-10-08T02:30:00Z,"[""MOS_original_evening_slot_diagnostic""]",30,bf7fa4c2ce91549214b4
1,americanfootball_ncaaf,[2024],2024-10-08T16:00:00Z,"[""daily_16UTC""]",30,a061b4462b28328c3d5c
1,americanfootball_nfl,[2024],2024-10-08T16:00:00Z,"[""daily_16UTC""]",30,45b8b0bbfc5a495a437f
1,americanfootball_ncaaf,[2024],2024-10-08T22:55:00Z,"[""pregame_close_proxy""]",30,c0a5dbcb21fd841a58c0
1,americanfootball_ncaaf,[2024],2024-10-09T02:30:00Z,"[""MOS_original_evening_slot_diagnostic""]",30,9f0557fb51d23f85188c
1,americanfootball_ncaaf,[2024],2024-10-09T16:00:00Z,"[""daily_16UTC""]",30,ef4ba0cf838e099f6194
1,americanfootball_nfl,[2024],2024-10-09T16:00:00Z,"[""daily_16UTC""]",30,e8d4652451e03ec3f149
1,americanfootball_ncaaf,[2024],2024-10-09T23:25:00Z,"[""pregame_close_proxy""]",30,cfbfed1484198b854fa0
1,americanfootball_ncaaf,[2024],2024-10-10T02:30:00Z,"[""MOS_original_evening_slot_diagnostic""]",30,a0d187eaa6daef5f2349
1,americanfootball_nfl,[2024],2024-10-10T02:30:00Z,"[""MOS_original_evening_slot_diagnostic""]",30,e3a4524bee0e25e21f3c
1,americanfootball_ncaaf,[2024],2024-10-10T16:00:00Z,"[""daily_16UTC""]",30,c9cbe90672f2d0b8d950
1,americanfootball_nfl,[2024],2024-10-10T16:00:00Z,"[""daily_16UTC""]",30,52d76aba5d2a2d1cca32
1,americanfootball_ncaaf,[2024],2024-10-10T23:25:00Z,"[""pregame_close_proxy""]",30,8c7b7246cfb7aa40cbe6
1,americanfootball_ncaaf,[2024],2024-10-10T23:55:00Z,"[""pregame_close_proxy""]",30,22bf6704e7dbf31b96bf
1,americanfootball_nfl,[2024],2024-10-11T00:10:00Z,"[""pregame_close_proxy""]",30,336ba5c7ada6f28ef3fc
1,americanfootball_ncaaf,[2024],2024-10-11T02:30:00Z,"[""MOS_original_evening_slot_diagnostic""]",30,ee50592d76a2f1546998
1,americanfootball_ncaaf,[2024],2024-10-11T16:00:00Z,"[""daily_16UTC""]",30,66b76046c8aa96c28b15
1,americanfootball_nfl,[2024],2024-10-11T16:00:00Z,"[""daily_16UTC""]",30,594268786b00eecd4f07
1,americanfootball_ncaaf,[2024],2024-10-11T23:55:00Z,"[""pregame_close_proxy""]",30,35951baf1dfb04f094b0
1,americanfootball_ncaaf,[2024],2024-10-12T00:55:00Z,"[""pregame_close_proxy""]",30,86dc4517d1a9ad8f1b77
1,americanfootball_ncaaf,[2024],2024-10-12T02:25:00Z,"[""pregame_close_proxy""]",30,b78261baff34d1e1541e
1,americanfootball_ncaaf,[2024],2024-10-12T02:30:00Z,"[""MOS_original_evening_slot_diagnostic""]",30,b8569730b1fada4026ee
1,americanfootball_ncaaf,[2024],2024-10-12T15:55:00Z,"[""pregame_close_proxy""]",30,d29ceaa6c7c0ddae8c83
1,americanfootball_ncaaf,[2024],2024-10-12T16:00:00Z,"[""daily_16UTC""]",30,0d46f89c0b20ca3e1b4c
1,americanfootball_nfl,[2024],2024-10-12T16:00:00Z,"[""daily_16UTC""]",30,38868b08a3b9f3b77e34
1,americanfootball_ncaaf,[2024],2024-10-12T17:55:00Z,"[""pregame_close_proxy""]",30,43bf1e41a700ac04c9ac
1,americanfootball_ncaaf,[2024],2024-10-12T19:25:00Z,"[""alternate_independent_close_proxy"", ""pregame_close_proxy""]",30,346fe57fd6577f5050a2
1,americanfootball_ncaaf,[2024],2024-10-12T19:55:00Z,"[""pregame_close_proxy""]",30,6d045f2630d2d2647201
1,americanfootball_ncaaf,[2024],2024-10-12T20:10:00Z,"[""pregame_close_proxy""]",30,5ade9612edc95007d427
1,americanfootball_ncaaf,[2024],2024-10-12T20:25:00Z,"[""pregame_close_proxy""]",30,6deacb5b6d0a2f8484c3
1,americanfootball_ncaaf,[2024],2024-10-12T20:55:00Z,"[""pregame_close_proxy""]",30,e89f45decd7cd6a0621e
1,americanfootball_ncaaf,[2024],2024-10-12T22:55:00Z,"[""alternate_independent_close_proxy"", ""pregame_close_proxy""]",30,c1b65acc202d44086c90
1,americanfootball_ncaaf,[2024],2024-10-12T23:25:00Z,"[""pregame_close_proxy""]",30,d9a28623a6ddd51c7d64
1,americanfootball_ncaaf,[2024],2024-10-12T23:40:00Z,"[""pregame_close_proxy""]",30,94702e6876d23f8fbbf8
1,americanfootball_ncaaf,[2024],2024-10-12T23:55:00Z,"[""pregame_close_proxy""]",30,86e1ba1de4cf75c0687b
1,americanfootball_ncaaf,[2024],2024-10-13T00:55:00Z,"[""pregame_close_proxy""]",30,bce6ba0be2743dd242aa
1,americanfootball_ncaaf,[2024],2024-10-13T02:10:00Z,"[""pregame_close_proxy""]",30,970c3a64b607db30bd4a
1,americanfootball_nfl,[2024],2024-10-13T02:30:00Z,"[""MOS_original_evening_slot_diagnostic""]",30,d2ce82b6d5522a9c8603
1,americanfootball_ncaaf,[2024],2024-10-13T02:55:00Z,"[""pregame_close_proxy""]",30,4c33c61777b63171720d
1,americanfootball_nfl,[2024],2024-10-13T13:25:00Z,"[""pregame_close_proxy""]",30,7eb82d5fa37cd6037425
1,americanfootball_ncaaf,[2024],2024-10-13T16:00:00Z,"[""daily_16UTC""]",30,575fb66cf9a9046dfbe4
1,americanfootball_nfl,[2024],2024-10-13T16:00:00Z,"[""daily_16UTC""]",30,e8d9219031d60f510683
1,americanfootball_nfl,[2024],2024-10-13T16:55:00Z,"[""pregame_close_proxy""]",30,734e5316d036a4cac709
1,americanfootball_nfl,[2024],2024-10-13T20:00:00Z,"[""pregame_close_proxy""]",30,baadb4f48b6bc48fa573
1,americanfootball_nfl,[2024],2024-10-13T20:20:00Z,"[""pregame_close_proxy""]",30,03e623d452f40dbe4835
1,americanfootball_nfl,[2024],2024-10-14T00:15:00Z,"[""pregame_close_proxy""]",30,82bc8adee792904d2d9a
1,americanfootball_nfl,[2024],2024-10-14T02:30:00Z,"[""MOS_original_evening_slot_diagnostic""]",30,845a4bf8368261302d37
1,americanfootball_ncaaf,[2024],2024-10-14T16:00:00Z,"[""daily_16UTC""]",30,1c69eba23de1b712356a
1,americanfootball_nfl,[2024],2024-10-14T16:00:00Z,"[""daily_16UTC""]",30,9b3e41e856cfb6b19fff
1,americanfootball_nfl,[2024],2024-10-15T00:10:00Z,"[""pregame_close_proxy""]",30,091799462b3deca6c41c
1,americanfootball_ncaaf,[2024],2024-10-15T02:30:00Z,"[""MOS_original_evening_slot_diagnostic""]",30,81941adb23372c141430
1,americanfootball_ncaaf,[2024],2024-10-15T16:00:00Z,"[""daily_16UTC""]",30,78d5ae2451cce21229bb
1,americanfootball_nfl,[2024],2024-10-15T16:00:00Z,"[""daily_16UTC""]",30,a5cf75ce6275af8458bc
1,americanfootball_ncaaf,[2024],2024-10-15T23:25:00Z,"[""pregame_close_proxy""]",30,09cc3ad1d6d1b48f7453
1,americanfootball_ncaaf,[2024],2024-10-15T23:55:00Z,"[""pregame_close_proxy""]",30,620ebfeb661f23fa6078
1,americanfootball_ncaaf,[2024],2024-10-16T00:55:00Z,"[""pregame_close_proxy""]",30,1d3a5f68bc4b49b87f23
1,americanfootball_ncaaf,[2024],2024-10-16T02:30:00Z,"[""MOS_original_evening_slot_diagnostic""]",30,9d07bdf39a0cec86c7ab
1,americanfootball_ncaaf,[2024],2024-10-16T16:00:00Z,"[""daily_16UTC""]",30,094e4b7079554e942da2
1,americanfootball_nfl,[2024],2024-10-16T16:00:00Z,"[""daily_16UTC""]",30,4ab4052f2fa71d87fa50
1,americanfootball_ncaaf,[2024],2024-10-16T22:55:00Z,"[""pregame_close_proxy""]",30,df5c045d0d6bb4e8c692
1,americanfootball_ncaaf,[2024],2024-10-17T00:55:00Z,"[""pregame_close_proxy""]",30,a92df1e81a57f91c7ddc
1,americanfootball_ncaaf,[2024],2024-10-17T02:30:00Z,"[""MOS_original_evening_slot_diagnostic""]",30,28eeaf5fc34963e2083a
1,americanfootball_ncaaf,[2024],2024-10-17T16:00:00Z,"[""daily_16UTC""]",30,48ef51903b43f9d1b72a
1,americanfootball_nfl,[2024],2024-10-17T16:00:00Z,"[""daily_16UTC""]",30,fdb78b5a2d59400e35e7
1,americanfootball_ncaaf,[2024],2024-10-17T22:55:00Z,"[""pregame_close_proxy""]",30,1244eacd0d65c6413864
1,americanfootball_ncaaf,[2024],2024-10-17T23:25:00Z,"[""pregame_close_proxy""]",30,5ea9470d78211b92b775
1,americanfootball_nfl,[2024],2024-10-18T00:10:00Z,"[""pregame_close_proxy""]",30,bcaf4242fcd313f91c53
1,americanfootball_ncaaf,[2024],2024-10-18T02:30:00Z,"[""MOS_original_evening_slot_diagnostic""]",30,b415cae40db85ad376fe
1,americanfootball_ncaaf,[2024],2024-10-18T16:00:00Z,"[""daily_16UTC""]",30,6fad53130f604e5e21e8
1,americanfootball_nfl,[2024],2024-10-18T16:00:00Z,"[""daily_16UTC""]",30,f793508c0de63246ab0a
1,americanfootball_ncaaf,[2024],2024-10-18T22:55:00Z,"[""pregame_close_proxy""]",30,0e973ddea21fd8e32af1
1,americanfootball_ncaaf,[2024],2024-10-18T23:55:00Z,"[""pregame_close_proxy""]",30,73486c94ab2ee17431f3
1,americanfootball_ncaaf,[2024],2024-10-19T02:10:00Z,"[""pregame_close_proxy""]",30,972ec0674e848cff19f3
1,americanfootball_ncaaf,[2024],2024-10-19T02:25:00Z,"[""pregame_close_proxy""]",30,daa401458241503b47da
1,americanfootball_ncaaf,[2024],2024-10-19T02:30:00Z,"[""MOS_original_evening_slot_diagnostic""]",30,022a8873483d0133c4c5
1,americanfootball_ncaaf,[2024],2024-10-19T15:55:00Z,"[""pregame_close_proxy""]",30,eee642edcb29745863d3
1,americanfootball_ncaaf,[2024],2024-10-19T16:00:00Z,"[""daily_16UTC""]",30,17aa0b945ad8cdb6d35e
1,americanfootball_nfl,[2024],2024-10-19T16:00:00Z,"[""daily_16UTC""]",30,bfa7046ae09ba1dde218
1,americanfootball_ncaaf,[2024],2024-10-19T16:40:00Z,"[""pregame_close_proxy""]",30,037720a52f146c0b25e0
1,americanfootball_ncaaf,[2024],2024-10-19T17:55:00Z,"[""pregame_close_proxy""]",30,adf80721f34ba91fc774
1,americanfootball_ncaaf,[2024],2024-10-19T19:25:00Z,"[""pregame_close_proxy""]",30,bcb6e3299fc6468ac9ac
1,americanfootball_ncaaf,[2024],2024-10-19T19:55:00Z,"[""pregame_close_proxy""]",30,29ff6fe5f6a094dbf3e0
1,americanfootball_ncaaf,[2024],2024-10-19T20:10:00Z,"[""pregame_close_proxy""]",30,2306f41fd785a65e207d
1,americanfootball_ncaaf,[2024],2024-10-19T22:55:00Z,"[""pregame_close_proxy""]",30,86e20a6c541992b11625
1,americanfootball_ncaaf,[2024],2024-10-19T23:25:00Z,"[""pregame_close_proxy""]",30,b2f4258d69df6b67fd50
1,americanfootball_ncaaf,[2024],2024-10-19T23:40:00Z,"[""pregame_close_proxy""]",30,708364cebfeb14ea07ce
1,americanfootball_ncaaf,[2024],2024-10-19T23:55:00Z,"[""pregame_close_proxy""]",30,12e3d219ad1a86674c47
1,americanfootball_ncaaf,[2024],2024-10-20T01:55:00Z,"[""pregame_close_proxy""]",30,a497a47b94bd9a3ad954
1,americanfootball_ncaaf,[2024],2024-10-20T02:25:00Z,"[""pregame_close_proxy""]",30,8710e3cb20cac6161451
1,americanfootball_nfl,[2024],2024-10-20T02:30:00Z,"[""MOS_original_evening_slot_diagnostic""]",30,ecb2e9fe20d0c9af0fca
1,americanfootball_nfl,[2024],2024-10-20T13:25:00Z,"[""pregame_close_proxy""]",30,5c321d8f103f81faf454
1,americanfootball_ncaaf,[2024],2024-10-20T16:00:00Z,"[""daily_16UTC""]",30,e2b29cdffcf8d153b26c
1,americanfootball_nfl,[2024],2024-10-20T16:00:00Z,"[""daily_16UTC""]",30,a7a110d701fc0c1f0cc5
1,americanfootball_nfl,[2024],2024-10-20T16:55:00Z,"[""pregame_close_proxy""]",30,bfa8bb5263c9733905c8
1,americanfootball_nfl,[2024],2024-10-20T20:00:00Z,"[""pregame_close_proxy""]",30,6188698ffe99e21a42d3
1,americanfootball_nfl,[2024],2024-10-20T20:20:00Z,"[""pregame_close_proxy""]",30,2b508e3b59adb1434e07
1,americanfootball_nfl,[2024],2024-10-21T00:15:00Z,"[""pregame_close_proxy""]",30,47e6fab525d0dd124ef9
1,americanfootball_nfl,[2024],2024-10-21T02:30:00Z,"[""MOS_original_evening_slot_diagnostic""]",30,0c0700609dc4147a4044
1,americanfootball_ncaaf,[2024],2024-10-21T16:00:00Z,"[""daily_16UTC""]",30,24f00cd288a675ff998d
1,americanfootball_nfl,[2024],2024-10-21T16:00:00Z,"[""daily_16UTC""]",30,fe86514568ff50a695f2
1,americanfootball_nfl,[2024],2024-10-22T00:10:00Z,"[""pregame_close_proxy""]",30,3936968e0cc707dacfa9
1,americanfootball_nfl,[2024],2024-10-22T00:55:00Z,"[""pregame_close_proxy""]",30,3929cecc8073fc4a6b90
1,americanfootball_ncaaf,[2024],2024-10-22T02:30:00Z,"[""MOS_original_evening_slot_diagnostic""]",30,e722b4623c16b13e3b24
1,americanfootball_ncaaf,[2024],2024-10-22T16:00:00Z,"[""daily_16UTC""]",30,3f3a5d44deb8d7fe0d62
1,americanfootball_nfl,[2024],2024-10-22T16:00:00Z,"[""daily_16UTC""]",30,7444062098d63853beba
1,americanfootball_ncaaf,[2024],2024-10-22T23:25:00Z,"[""pregame_close_proxy""]",30,9d8a31e44a4290b0af86
1,americanfootball_ncaaf,[2024],2024-10-22T23:55:00Z,"[""pregame_close_proxy""]",30,58474a7197822c5fd124
1,americanfootball_ncaaf,[2024],2024-10-23T02:30:00Z,"[""MOS_original_evening_slot_diagnostic""]",30,f2a087a45fac1e9e857d
1,americanfootball_ncaaf,[2024],2024-10-23T16:00:00Z,"[""daily_16UTC""]",30,d4c03c136f9452833175
1,americanfootball_nfl,[2024],2024-10-23T16:00:00Z,"[""daily_16UTC""]",30,8a73b76812ea015e4107
1,americanfootball_ncaaf,[2024],2024-10-23T22:55:00Z,"[""pregame_close_proxy""]",30,5b2b596d15c5809b2a66
1,americanfootball_ncaaf,[2024],2024-10-23T23:25:00Z,"[""pregame_close_proxy""]",30,280768e50d6fca726b48
1,americanfootball_ncaaf,[2024],2024-10-24T02:30:00Z,"[""MOS_original_evening_slot_diagnostic""]",30,00661a91d4bbf1ce0fa8
1,americanfootball_ncaaf,[2024],2024-10-24T16:00:00Z,"[""daily_16UTC""]",30,624b30ef3652ef78ca85
1,americanfootball_nfl,[2024],2024-10-24T16:00:00Z,"[""daily_16UTC""]",30,a0d32a49b9148537ff91
1,americanfootball_ncaaf,[2024],2024-10-24T22:55:00Z,"[""pregame_close_proxy""]",30,8b5d159e6eccfc1d708e
1,americanfootball_ncaaf,[2024],2024-10-24T23:25:00Z,"[""pregame_close_proxy""]",30,29520999453273ec34a7
1,americanfootball_nfl,[2024],2024-10-25T00:10:00Z,"[""pregame_close_proxy""]",30,ae3354e3b5a8877039e3
1,americanfootball_ncaaf,[2024],2024-10-25T02:30:00Z,"[""MOS_original_evening_slot_diagnostic""]",30,460773bff992b57b890b
1,americanfootball_ncaaf,[2024],2024-10-25T16:00:00Z,"[""daily_16UTC""]",30,73d6f49d78a4a8968138
1,americanfootball_nfl,[2024],2024-10-25T16:00:00Z,"[""daily_16UTC""]",30,152ffe9f24404e4a378e
1,americanfootball_ncaaf,[2024],2024-10-25T23:25:00Z,"[""pregame_close_proxy""]",30,bd8b28df085cd6b39798
1,americanfootball_ncaaf,[2024],2024-10-26T02:25:00Z,"[""pregame_close_proxy""]",30,3f61528f56535a91b3c1
1,americanfootball_ncaaf,[2024],2024-10-26T02:30:00Z,"[""MOS_original_evening_slot_diagnostic""]",30,9f38308aa791fa929cfd
1,americanfootball_ncaaf,[2024],2024-10-26T02:55:00Z,"[""pregame_close_proxy""]",30,2d5edc6ff4628874cb1f
1,americanfootball_ncaaf,[2024],2024-10-26T15:55:00Z,"[""pregame_close_proxy""]",30,44b249f3e8086c0590ea
1,americanfootball_ncaaf,[2024],2024-10-26T16:00:00Z,"[""daily_16UTC""]",30,15f3fdd02763c28b63f4
1,americanfootball_nfl,[2024],2024-10-26T16:00:00Z,"[""daily_16UTC""]",30,bc723e2c5751956873a7
1,americanfootball_ncaaf,[2024],2024-10-26T16:40:00Z,"[""pregame_close_proxy""]",30,d6e46c27276cdee2fad9
1,americanfootball_ncaaf,[2024],2024-10-26T16:55:00Z,"[""pregame_close_proxy""]",30,2a1fb32b0eaa08e4ae34
1,americanfootball_ncaaf,[2024],2024-10-26T17:55:00Z,"[""pregame_close_proxy""]",30,c91bcdc1b33991c1118f
1,americanfootball_ncaaf,[2024],2024-10-26T19:25:00Z,"[""pregame_close_proxy""]",30,d3c43acb3cba1e008953
1,americanfootball_ncaaf,[2024],2024-10-26T19:55:00Z,"[""pregame_close_proxy""]",30,c996fb56999c69af5b5a
1,americanfootball_ncaaf,[2024],2024-10-26T20:10:00Z,"[""pregame_close_proxy""]",30,e2ba83d4a31e8e099744
1,americanfootball_ncaaf,[2024],2024-10-26T20:55:00Z,"[""pregame_close_proxy""]",30,3003e9e309b2c4b1bc7a
1,americanfootball_ncaaf,[2024],2024-10-26T22:55:00Z,"[""pregame_close_proxy""]",30,0b370b2e7eba8b0eadce
1,americanfootball_ncaaf,[2024],2024-10-26T23:25:00Z,"[""pregame_close_proxy""]",30,77abde6f2a4f66441b4a
1,americanfootball_ncaaf,[2024],2024-10-26T23:40:00Z,"[""pregame_close_proxy""]",30,374b0672245d74156c19
1,americanfootball_ncaaf,[2024],2024-10-26T23:55:00Z,"[""pregame_close_proxy""]",30,f0154d6b6161f8ace861
1,americanfootball_ncaaf,[2024],2024-10-27T02:10:00Z,"[""alternate_independent_close_proxy""]",30,4cce6d0dcbb9abadf593
1,americanfootball_ncaaf,[2024],2024-10-27T02:25:00Z,"[""pregame_close_proxy""]",30,7edc44525c4ccab75d60
1,americanfootball_nfl,[2024],2024-10-27T02:30:00Z,"[""MOS_original_evening_slot_diagnostic""]",30,73a1815bd4e1a5aed7a7
1,americanfootball_ncaaf,[2024],2024-10-27T03:10:00Z,"[""pregame_close_proxy""]",30,0ade9228232426471521
1,americanfootball_ncaaf,[2024],2024-10-27T03:55:00Z,"[""pregame_close_proxy""]",30,66a534dfecdc47894164
1,americanfootball_ncaaf,[2024],2024-10-27T16:00:00Z,"[""daily_16UTC""]",30,69c510882f6c9236a3d5
1,americanfootball_nfl,[2024],2024-10-27T16:00:00Z,"[""daily_16UTC""]",30,e3e02f9a77ffa58d6049
1,americanfootball_nfl,[2024],2024-10-27T16:55:00Z,"[""pregame_close_proxy""]",30,d4a8aa321b8df0b5fec8
1,americanfootball_nfl,[2024],2024-10-27T20:00:00Z,"[""pregame_close_proxy""]",30,38a97eed9c47b5d84ea2
1,americanfootball_nfl,[2024],2024-10-27T20:20:00Z,"[""pregame_close_proxy""]",30,d3fcd3f91a68c965aef1
1,americanfootball_nfl,[2024],2024-10-28T00:15:00Z,"[""pregame_close_proxy""]",30,2487fb6705ca09ddc6f9
1,americanfootball_nfl,[2024],2024-10-28T02:30:00Z,"[""MOS_original_evening_slot_diagnostic""]",30,6e21c41909092a82f240
1,americanfootball_ncaaf,[2024],2024-10-28T16:00:00Z,"[""daily_16UTC""]",30,2aa929ca49f14d56a984
1,americanfootball_nfl,[2024],2024-10-28T16:00:00Z,"[""daily_16UTC""]",30,bac7db452438583c4fb2
1,americanfootball_nfl,[2024],2024-10-29T00:10:00Z,"[""pregame_close_proxy""]",30,3f6252ad9257387a948e
1,americanfootball_ncaaf,[2024],2024-10-29T02:30:00Z,"[""MOS_original_evening_slot_diagnostic""]",30,7a02ac67f97463df6ac1
1,americanfootball_ncaaf,[2024],2024-10-29T16:00:00Z,"[""daily_16UTC""]",30,fdf10d0f552ed77453e3
1,americanfootball_nfl,[2024],2024-10-29T16:00:00Z,"[""daily_16UTC""]",30,653914d6c88eccba059d
1,americanfootball_ncaaf,[2024],2024-10-29T22:55:00Z,"[""pregame_close_proxy""]",30,1ce6aca8427063d130b7
1,americanfootball_ncaaf,[2024],2024-10-29T23:25:00Z,"[""pregame_close_proxy""]",30,ba81bd7229917d4892af
1,americanfootball_ncaaf,[2024],2024-10-29T23:55:00Z,"[""pregame_close_proxy""]",30,734b29d5ab2b4b303f7d
1,americanfootball_ncaaf,[2024],2024-10-30T02:30:00Z,"[""MOS_original_evening_slot_diagnostic""]",30,7c2a1a366d3f0a297626
1,americanfootball_ncaaf,[2024],2024-10-30T16:00:00Z,"[""daily_16UTC""]",30,bd0a351110444b296e6e
1,americanfootball_nfl,[2024],2024-10-30T16:00:00Z,"[""daily_16UTC""]",30,8143ea774ef876d30586
1,americanfootball_ncaaf,[2024],2024-10-30T22:55:00Z,"[""pregame_close_proxy""]",30,7c83b5726ad695242b24
1,americanfootball_ncaaf,[2024],2024-10-30T23:25:00Z,"[""pregame_close_proxy""]",30,d5b90beb9f5943477030
1,americanfootball_ncaaf,[2024],2024-10-31T02:30:00Z,"[""MOS_original_evening_slot_diagnostic""]",30,448a3d258025688d7e43
1,americanfootball_nfl,[2024],2024-10-31T02:30:00Z,"[""MOS_original_evening_slot_diagnostic""]",30,2db2733e60a6d917490e
1,americanfootball_ncaaf,[2024],2024-10-31T16:00:00Z,"[""daily_16UTC""]",30,eb506698b9503a420e39
1,americanfootball_nfl,[2024],2024-10-31T16:00:00Z,"[""daily_16UTC""]",30,86fe9345196f5b292f21
1,americanfootball_ncaaf,[2024],2024-10-31T23:25:00Z,"[""pregame_close_proxy""]",30,5cf4dff7f11308796f18
1,americanfootball_nfl,[2024],2024-11-01T00:10:00Z,"[""pregame_close_proxy""]",30,bbdd84aebc49b12483f5
1,americanfootball_ncaaf,[2024],2024-11-01T02:30:00Z,"[""MOS_original_evening_slot_diagnostic""]",30,475fcbb3376ae4166d9a
1,americanfootball_ncaaf,[2024],2024-11-01T16:00:00Z,"[""daily_16UTC""]",30,fb140a7d131d969fe907
1,americanfootball_nfl,[2024],2024-11-01T16:00:00Z,"[""daily_16UTC""]",30,4067e8efe84dd6d4289a
1,americanfootball_ncaaf,[2024],2024-11-01T22:55:00Z,"[""pregame_close_proxy""]",30,e7a7411d3f9ba9e68f08
1,americanfootball_ncaaf,[2024],2024-11-01T23:25:00Z,"[""pregame_close_proxy""]",30,bda9e3751f6ba3b67182
1,americanfootball_ncaaf,[2024],2024-11-01T23:55:00Z,"[""pregame_close_proxy""]",30,f43faa6932278f5989a2
1,americanfootball_ncaaf,[2024],2024-11-02T02:30:00Z,"[""MOS_original_evening_slot_diagnostic""]",30,b5e7cfd39a47f243d4dd
1,americanfootball_ncaaf,[2024],2024-11-02T15:55:00Z,"[""pregame_close_proxy""]",30,db9be47002d11342ab84
1,americanfootball_ncaaf,[2024],2024-11-02T16:00:00Z,"[""daily_16UTC""]",30,4294ee91871f6ca27e7e
1,americanfootball_nfl,[2024],2024-11-02T16:00:00Z,"[""daily_16UTC""]",30,439f0786232b926ff14a
1,americanfootball_ncaaf,[2024],2024-11-02T16:40:00Z,"[""pregame_close_proxy""]",30,b3df04a0f5c999f92178
1,americanfootball_ncaaf,[2024],2024-11-02T18:25:00Z,"[""pregame_close_proxy""]",30,6f55671c9826eee88e18
1,americanfootball_ncaaf,[2024],2024-11-02T19:25:00Z,"[""alternate_independent_close_proxy"", ""pregame_close_proxy""]",30,ea49cf761dad535ddfdf
1,americanfootball_ncaaf,[2024],2024-11-02T19:55:00Z,"[""pregame_close_proxy""]",30,363eae2d3b6dbe3ea130
1,americanfootball_ncaaf,[2024],2024-11-02T20:10:00Z,"[""pregame_close_proxy""]",30,9af68b1ff5ca8792ca47
1,americanfootball_ncaaf,[2024],2024-11-02T22:55:00Z,"[""pregame_close_proxy""]",30,c6fed114cb5e710caf72
1,americanfootball_ncaaf,[2024],2024-11-02T23:25:00Z,"[""pregame_close_proxy""]",30,fecda20f801e26a09245
1,americanfootball_ncaaf,[2024],2024-11-02T23:40:00Z,"[""pregame_close_proxy""]",30,14b1309c067b68104647
1,americanfootball_ncaaf,[2024],2024-11-02T23:55:00Z,"[""pregame_close_proxy""]",30,93f361a4ef6086a89676
1,americanfootball_nfl,[2024],2024-11-03T02:30:00Z,"[""MOS_original_evening_slot_diagnostic""]",30,6e48a0c8a64672430bf9
1,americanfootball_ncaaf,[2024],2024-11-03T16:00:00Z,"[""daily_16UTC""]",30,4e16c11d3a080283c3eb
1,americanfootball_nfl,[2024],2024-11-03T16:00:00Z,"[""daily_16UTC""]",30,2d8ab7e5e583d3822fee
1,americanfootball_nfl,[2024],2024-11-03T17:55:00Z,"[""pregame_close_proxy""]",30,36b7707194f2158527b3
1,americanfootball_nfl,[2024],2024-11-03T21:00:00Z,"[""pregame_close_proxy""]",30,61f2af6283aca9528bb3
1,americanfootball_nfl,[2024],2024-11-03T21:20:00Z,"[""pregame_close_proxy""]",30,6ee236d25f419c22a30e
1,americanfootball_nfl,[2024],2024-11-04T01:15:00Z,"[""pregame_close_proxy""]",30,801fd3d989de9c5d62e2
1,americanfootball_nfl,[2024],2024-11-04T03:30:00Z,"[""MOS_original_evening_slot_diagnostic""]",30,a2bee95095498fb1dfc8
1,americanfootball_ncaaf,[2024],2024-11-04T16:00:00Z,"[""daily_16UTC""]",30,6cb86ba0074ced1004cc
1,americanfootball_nfl,[2024],2024-11-04T16:00:00Z,"[""daily_16UTC""]",30,216980c0c3ca500f4726
1,americanfootball_nfl,[2024],2024-11-05T01:10:00Z,"[""pregame_close_proxy""]",30,3363ab51f6b9bbc2b8ad
1,americanfootball_ncaaf,[2024],2024-11-05T03:30:00Z,"[""MOS_original_evening_slot_diagnostic""]",30,7b4171243fc93cdbaf7f
1,americanfootball_ncaaf,[2024],2024-11-05T16:00:00Z,"[""daily_16UTC""]",30,c738b92a0fdaf77a3255
1,americanfootball_nfl,[2024],2024-11-05T16:00:00Z,"[""daily_16UTC""]",30,326d0fdc7d49d919f887
1,americanfootball_ncaaf,[2024],2024-11-06T00:25:00Z,"[""pregame_close_proxy""]",30,b9fa59493af9f0208b65
1,americanfootball_ncaaf,[2024],2024-11-06T00:55:00Z,"[""pregame_close_proxy""]",30,ecfeaa07c0f723426d3e
1,americanfootball_ncaaf,[2024],2024-11-06T03:30:00Z,"[""MOS_original_evening_slot_diagnostic""]",30,d8b2209c997ee1180ca4
1,americanfootball_ncaaf,[2024],2024-11-06T16:00:00Z,"[""daily_16UTC""]",30,e0ab1808f70cbd6ff125
1,americanfootball_nfl,[2024],2024-11-06T16:00:00Z,"[""daily_16UTC""]",30,b3c6dee9baa37bc3e8a4
1,americanfootball_ncaaf,[2024],2024-11-06T23:55:00Z,"[""pregame_close_proxy""]",30,ae1a340349f7c913623f
1,americanfootball_ncaaf,[2024],2024-11-07T03:30:00Z,"[""MOS_original_evening_slot_diagnostic""]",30,7dbce516aa0da0e76987
1,americanfootball_nfl,[2024],2024-11-07T03:30:00Z,"[""MOS_original_evening_slot_diagnostic""]",30,c090e059261820ae706f
1,americanfootball_ncaaf,[2024],2024-11-07T16:00:00Z,"[""daily_16UTC""]",30,1941bd1c7f57f4d7b959
1,americanfootball_nfl,[2024],2024-11-07T16:00:00Z,"[""daily_16UTC""]",30,75c26e78dedb01595e56
1,americanfootball_ncaaf,[2024],2024-11-08T00:55:00Z,"[""pregame_close_proxy""]",30,2a38263ca09d006c7f98
1,americanfootball_nfl,[2024],2024-11-08T01:10:00Z,"[""pregame_close_proxy""]",30,8e51d1741286f358910e
1,americanfootball_ncaaf,[2024],2024-11-08T03:30:00Z,"[""MOS_original_evening_slot_diagnostic""]",30,95ef6a11e6702745a826
1,americanfootball_ncaaf,[2024],2024-11-08T16:00:00Z,"[""daily_16UTC""]",30,cb5859910c700cd16b86
1,americanfootball_nfl,[2024],2024-11-08T16:00:00Z,"[""daily_16UTC""]",30,66c8e3e6942ec630c9bb
1,americanfootball_ncaaf,[2024],2024-11-09T00:55:00Z,"[""pregame_close_proxy""]",30,10d14ff5dce521e00787
1,americanfootball_ncaaf,[2024],2024-11-09T01:55:00Z,"[""pregame_close_proxy""]",30,0d312fa855b0b7183c97
1,americanfootball_ncaaf,[2024],2024-11-09T03:25:00Z,"[""pregame_close_proxy""]",30,0ba39fbe2d55eb947647
1,americanfootball_ncaaf,[2024],2024-11-09T03:30:00Z,"[""MOS_original_evening_slot_diagnostic""]",30,7136c4fd22b9690483c3
1,americanfootball_ncaaf,[2024],2024-11-09T16:00:00Z,"[""daily_16UTC""]",30,2d856ce3fe50551ba6fe
1,americanfootball_nfl,[2024],2024-11-09T16:00:00Z,"[""daily_16UTC""]",30,b1b8b8efaaf3ad19c3e0
1,americanfootball_ncaaf,[2024],2024-11-09T16:55:00Z,"[""pregame_close_proxy""]",30,84bece7d5a82393d8f12
1,americanfootball_ncaaf,[2024],2024-11-09T17:55:00Z,"[""pregame_close_proxy""]",30,2f9728667a252422b51b
1,americanfootball_ncaaf,[2024],2024-11-09T19:25:00Z,"[""pregame_close_proxy""]",30,5dfddbf841e193e400bf
1,americanfootball_ncaaf,[2024],2024-11-09T19:55:00Z,"[""pregame_close_proxy""]",30,0c63ae81d2a6ff22393b
1,americanfootball_ncaaf,[2024],2024-11-09T20:25:00Z,"[""pregame_close_proxy""]",30,0338cd7d656dadc82dca
1,americanfootball_ncaaf,[2024],2024-11-09T20:55:00Z,"[""pregame_close_proxy""]",30,da112eb502b47a852265
1,americanfootball_ncaaf,[2024],2024-11-09T21:10:00Z,"[""pregame_close_proxy""]",30,b0945903b8100caa2f28
1,americanfootball_ncaaf,[2024],2024-11-09T21:25:00Z,"[""pregame_close_proxy""]",30,22de1adc705030639322
1,americanfootball_ncaaf,[2024],2024-11-09T21:55:00Z,"[""pregame_close_proxy""]",30,632155f493def8daa338
1,americanfootball_ncaaf,[2024],2024-11-09T22:55:00Z,"[""pregame_close_proxy""]",30,f395e1682cd32ce770cc
1,americanfootball_ncaaf,[2024],2024-11-09T23:55:00Z,"[""pregame_close_proxy""]",30,dacf0fff51e18e303d98
1,americanfootball_ncaaf,[2024],2024-11-10T00:25:00Z,"[""alternate_independent_close_proxy"", ""pregame_close_proxy""]",30,b83df3004898b9649af9
1,americanfootball_ncaaf,[2024],2024-11-10T00:40:00Z,"[""pregame_close_proxy""]",30,bfbfd32ac2a2d9051c25
1,americanfootball_ncaaf,[2024],2024-11-10T00:55:00Z,"[""pregame_close_proxy""]",30,287cc2ef0ecc704350bb
1,americanfootball_ncaaf,[2024],2024-11-10T01:55:00Z,"[""pregame_close_proxy""]",30,776dbce90ab7fcc01af5
1,americanfootball_ncaaf,[2024],2024-11-10T02:40:00Z,"[""pregame_close_proxy""]",30,c7f96b5d96f73da8c141
1,americanfootball_ncaaf,[2024],2024-11-10T03:10:00Z,"[""pregame_close_proxy""]",30,942452828bb044e0007f
1,americanfootball_ncaaf,[2024],2024-11-10T03:25:00Z,"[""pregame_close_proxy""]",30,ae716153f799e23c358e
1,americanfootball_nfl,[2024],2024-11-10T03:30:00Z,"[""MOS_original_evening_slot_diagnostic""]",30,412a38fed5fddc13f264
1,americanfootball_nfl,[2024],2024-11-10T14:25:00Z,"[""pregame_close_proxy""]",30,47d9d6df706bbc45610c
1,americanfootball_ncaaf,[2024],2024-11-10T16:00:00Z,"[""daily_16UTC""]",30,72c70a36bb2b9567f4db
1,americanfootball_nfl,[2024],2024-11-10T16:00:00Z,"[""daily_16UTC""]",30,c83866d6e68330ac717b
1,americanfootball_nfl,[2024],2024-11-10T17:55:00Z,"[""pregame_close_proxy""]",30,ee16445bd726a32de000
1,americanfootball_nfl,[2024],2024-11-10T21:00:00Z,"[""pregame_close_proxy""]",30,e5ce3a6c3960e43e8b15
1,americanfootball_nfl,[2024],2024-11-10T21:20:00Z,"[""pregame_close_proxy""]",30,7d56ba25eb6cc4fe1d4f
1,americanfootball_nfl,[2024],2024-11-11T01:15:00Z,"[""pregame_close_proxy""]",30,dd3af770d404b7753dba
1,americanfootball_ncaaf,[2024],2024-11-11T16:00:00Z,"[""daily_16UTC""]",30,f79c5bf942c2b1ba8d5f
1,americanfootball_nfl,[2024],2024-11-11T16:00:00Z,"[""daily_16UTC""]",30,9608b685309cd186824f
1,americanfootball_nfl,[2024],2024-11-12T01:10:00Z,"[""pregame_close_proxy""]",30,a667b711051432441b00
1,americanfootball_ncaaf,[2024],2024-11-12T03:30:00Z,"[""MOS_original_evening_slot_diagnostic""]",30,320098f7f4b033e7af1f
1,americanfootball_ncaaf,[2024],2024-11-12T16:00:00Z,"[""daily_16UTC""]",30,72f38820b6ff5b8ce6b6
1,americanfootball_nfl,[2024],2024-11-12T16:00:00Z,"[""daily_16UTC""]",30,f89cf27553759b1d872a
1,americanfootball_ncaaf,[2024],2024-11-12T23:55:00Z,"[""pregame_close_proxy""]",30,902b296ac93534c6e937
1,americanfootball_ncaaf,[2024],2024-11-13T03:30:00Z,"[""MOS_original_evening_slot_diagnostic""]",30,bfb9681badeb9b1ecb40
1,americanfootball_ncaaf,[2024],2024-11-13T16:00:00Z,"[""daily_16UTC""]",30,eb41366328869e7a63bf
1,americanfootball_nfl,[2024],2024-11-13T16:00:00Z,"[""daily_16UTC""]",30,e8d4a104f6d9814b562f
1,americanfootball_ncaaf,[2024],2024-11-13T23:55:00Z,"[""pregame_close_proxy""]",30,cd8f74f885a4cdb3f86d
1,americanfootball_ncaaf,[2024],2024-11-14T03:30:00Z,"[""MOS_original_evening_slot_diagnostic""]",30,0256df4f4bc537f0c001
1,americanfootball_nfl,[2024],2024-11-14T03:30:00Z,"[""MOS_original_evening_slot_diagnostic""]",30,3ce9c8add2b6437b634e
1,americanfootball_ncaaf,[2024],2024-11-14T16:00:00Z,"[""daily_16UTC""]",30,7cdc98cc55c09378996d
1,americanfootball_nfl,[2024],2024-11-14T16:00:00Z,"[""daily_16UTC""]",30,a1f12268121e8f8fcb9c
1,americanfootball_ncaaf,[2024],2024-11-15T00:25:00Z,"[""pregame_close_proxy""]",30,c6b56933b490354ae729
1,americanfootball_nfl,[2024],2024-11-15T01:10:00Z,"[""pregame_close_proxy""]",30,a98a8891df617e36989f
1,americanfootball_ncaaf,[2024],2024-11-15T03:30:00Z,"[""MOS_original_evening_slot_diagnostic""]",30,cf98d4144916ff3060ed
1,americanfootball_ncaaf,[2024],2024-11-15T16:00:00Z,"[""daily_16UTC""]",30,744d76aa4a3dd2732c74
1,americanfootball_nfl,[2024],2024-11-15T16:00:00Z,"[""daily_16UTC""]",30,84c97ee101fd0b4bce65
1,americanfootball_ncaaf,[2024],2024-11-16T00:55:00Z,"[""pregame_close_proxy""]",30,803f5424a0c791332015
1,americanfootball_ncaaf,[2024],2024-11-16T01:55:00Z,"[""pregame_close_proxy""]",30,46cf25f75d67c399eb27
1,americanfootball_ncaaf,[2024],2024-11-16T03:10:00Z,"[""pregame_close_proxy""]",30,d40dc14965465eff0834
1,americanfootball_ncaaf,[2024],2024-11-16T03:30:00Z,"[""MOS_original_evening_slot_diagnostic""]",30,c871c9e0a7b05f479348
1,americanfootball_ncaaf,[2024],2024-11-16T16:00:00Z,"[""daily_16UTC""]",30,d63c58405403aad4681b
1,americanfootball_nfl,[2024],2024-11-16T16:00:00Z,"[""daily_16UTC""]",30,34fbc6dfdcf784209307
1,americanfootball_ncaaf,[2024],2024-11-16T16:55:00Z,"[""pregame_close_proxy""]",30,6773a052afa8f1f5166e
1,americanfootball_ncaaf,[2024],2024-11-16T17:40:00Z,"[""pregame_close_proxy""]",30,c4420385eb3ba249746e
1,americanfootball_ncaaf,[2024],2024-11-16T17:55:00Z,"[""pregame_close_proxy""]",30,2ddd3ce7ebad7b49513a
1,americanfootball_ncaaf,[2024],2024-11-16T18:25:00Z,"[""pregame_close_proxy""]",30,f8231383ed066c184518
1,americanfootball_ncaaf,[2024],2024-11-16T18:55:00Z,"[""pregame_close_proxy""]",30,a11b6f99326e1046a333
1,americanfootball_ncaaf,[2024],2024-11-16T19:25:00Z,"[""pregame_close_proxy""]",30,0fb69365a1c976804e20
1,americanfootball_ncaaf,[2024],2024-11-16T19:55:00Z,"[""pregame_close_proxy""]",30,d44447a7135cd241d7ef
1,americanfootball_ncaaf,[2024],2024-11-16T20:25:00Z,"[""pregame_close_proxy""]",30,49b706e3078f4f435d1b
1,americanfootball_ncaaf,[2024],2024-11-16T20:55:00Z,"[""pregame_close_proxy""]",30,499e33b4fa9e9a00a06b
1,americanfootball_ncaaf,[2024],2024-11-16T21:10:00Z,"[""pregame_close_proxy""]",30,7efdec37cc9d5d8a2d5e
1,americanfootball_ncaaf,[2024],2024-11-16T21:55:00Z,"[""pregame_close_proxy""]",30,8f219902228ff916ccd9
1,americanfootball_ncaaf,[2024],2024-11-16T22:55:00Z,"[""pregame_close_proxy""]",30,22e6a8ee7e759382572f
1,americanfootball_ncaaf,[2024],2024-11-16T23:55:00Z,"[""pregame_close_proxy""]",30,3baf402cc92056edfe10
1,americanfootball_ncaaf,[2024],2024-11-17T00:25:00Z,"[""alternate_independent_close_proxy"", ""pregame_close_proxy""]",30,f6203f00ad93fa86b7d4
1,americanfootball_ncaaf,[2024],2024-11-17T00:40:00Z,"[""pregame_close_proxy""]",30,a807c6e587dc6dec9a65
1,americanfootball_ncaaf,[2024],2024-11-17T00:55:00Z,"[""pregame_close_proxy""]",30,4577be6bab510bf8bf53
1,americanfootball_ncaaf,[2024],2024-11-17T02:25:00Z,"[""pregame_close_proxy""]",30,ca5f4d100c47f3c2a8e3
1,americanfootball_ncaaf,[2024],2024-11-17T03:10:00Z,"[""pregame_close_proxy""]",30,c93d74520a10d801c583
1,americanfootball_ncaaf,[2024],2024-11-17T03:25:00Z,"[""pregame_close_proxy""]",30,13ae500458787fba8983
1,americanfootball_nfl,[2024],2024-11-17T03:30:00Z,"[""MOS_original_evening_slot_diagnostic""]",30,7c6110ffb03fdb3a4bcd
1,americanfootball_ncaaf,[2024],2024-11-17T16:00:00Z,"[""daily_16UTC""]",30,7015f4c0ad1b34a6c60d
1,americanfootball_nfl,[2024],2024-11-17T16:00:00Z,"[""daily_16UTC""]",30,4e1ac7543c8f8d826bf0
1,americanfootball_nfl,[2024],2024-11-17T17:55:00Z,"[""pregame_close_proxy""]",30,efea42e06083302e0663
1,americanfootball_nfl,[2024],2024-11-17T21:00:00Z,"[""pregame_close_proxy""]",30,6f31a3f505ba71704d22
1,americanfootball_nfl,[2024],2024-11-17T21:20:00Z,"[""pregame_close_proxy""]",30,49bc1e6409d728b55bd3
1,americanfootball_nfl,[2024],2024-11-18T01:10:00Z,"[""pregame_close_proxy""]",30,2a460355e7f319a930b0
1,americanfootball_ncaaf,[2024],2024-11-18T16:00:00Z,"[""daily_16UTC""]",30,48a61e9b5e138dc0802a
1,americanfootball_nfl,[2024],2024-11-18T16:00:00Z,"[""daily_16UTC""]",30,3a2a60cbf46cf8fbd209
1,americanfootball_nfl,[2024],2024-11-19T01:10:00Z,"[""pregame_close_proxy""]",30,fad82231a185c075bd4a
1,americanfootball_ncaaf,[2024],2024-11-19T03:30:00Z,"[""MOS_original_evening_slot_diagnostic""]",30,81c94dfe1ff0c415182e
1,americanfootball_ncaaf,[2024],2024-11-19T16:00:00Z,"[""daily_16UTC""]",30,b72c39e318d5adb1fec7
1,americanfootball_nfl,[2024],2024-11-19T16:00:00Z,"[""daily_16UTC""]",30,1a4ef2378a85970da910
1,americanfootball_ncaaf,[2024],2024-11-19T23:55:00Z,"[""pregame_close_proxy""]",30,e4350eb20974812dcdf0
1,americanfootball_ncaaf,[2024],2024-11-20T00:25:00Z,"[""pregame_close_proxy""]",30,7599151ea5eb49899b7b
1,americanfootball_ncaaf,[2024],2024-11-20T00:55:00Z,"[""pregame_close_proxy""]",30,7c0535dffd5a7c63143f
1,americanfootball_ncaaf,[2024],2024-11-20T03:30:00Z,"[""MOS_original_evening_slot_diagnostic""]",30,449489236e4aed2ea11e
1,americanfootball_ncaaf,[2024],2024-11-20T16:00:00Z,"[""daily_16UTC""]",30,d85ab71f856c54fd88a6
1,americanfootball_nfl,[2024],2024-11-20T16:00:00Z,"[""daily_16UTC""]",30,2d01c706d36d8e879c7c
1,americanfootball_ncaaf,[2024],2024-11-20T23:55:00Z,"[""pregame_close_proxy""]",30,38327ef2ae6b8bbb481f
1,americanfootball_ncaaf,[2024],2024-11-21T03:30:00Z,"[""MOS_original_evening_slot_diagnostic""]",30,15dc418ce8c57f905a8f
1,americanfootball_nfl,[2024],2024-11-21T03:30:00Z,"[""MOS_original_evening_slot_diagnostic""]",30,59a2f43ff6e8417f775a
1,americanfootball_ncaaf,[2024],2024-11-21T16:00:00Z,"[""daily_16UTC""]",30,dcb245223f025fac7c56
1,americanfootball_nfl,[2024],2024-11-21T16:00:00Z,"[""daily_16UTC""]",30,077152ac22e76b07eb44
1,americanfootball_ncaaf,[2024],2024-11-22T00:25:00Z,"[""pregame_close_proxy""]",30,4292d45de7e4e769c9c0
1,americanfootball_nfl,[2024],2024-11-22T01:10:00Z,"[""pregame_close_proxy""]",30,34f28942aa6bea4f00c2
1,americanfootball_ncaaf,[2024],2024-11-22T03:30:00Z,"[""MOS_original_evening_slot_diagnostic""]",30,bfddb8387a696794b6ce
1,americanfootball_ncaaf,[2024],2024-11-22T16:00:00Z,"[""daily_16UTC""]",30,352630b8bc47bdc3744a
1,americanfootball_nfl,[2024],2024-11-22T16:00:00Z,"[""daily_16UTC""]",30,0ed9693b758dcb423b3e
1,americanfootball_ncaaf,[2024],2024-11-22T23:55:00Z,"[""pregame_close_proxy""]",30,769db6d8a0cc723bbf93
1,americanfootball_ncaaf,[2024],2024-11-23T00:55:00Z,"[""pregame_close_proxy""]",30,a37daacf6f288d79da13
1,americanfootball_ncaaf,[2024],2024-11-23T02:55:00Z,"[""pregame_close_proxy""]",30,59e3839c92e780c71610
1,americanfootball_ncaaf,[2024],2024-11-23T03:30:00Z,"[""MOS_original_evening_slot_diagnostic""]",30,c8cbc2e38896b901af24
1,americanfootball_ncaaf,[2024],2024-11-23T16:00:00Z,"[""daily_16UTC""]",30,f2377854fd85966dbbb9
1,americanfootball_nfl,[2024],2024-11-23T16:00:00Z,"[""daily_16UTC""]",30,2a428bb295d54fdd03f4
1,americanfootball_ncaaf,[2024],2024-11-23T16:55:00Z,"[""pregame_close_proxy""]",30,0db61ef52f68798ed62c
1,americanfootball_ncaaf,[2024],2024-11-23T17:40:00Z,"[""pregame_close_proxy""]",30,9b0cea18a26117b9eac3
1,americanfootball_ncaaf,[2024],2024-11-23T17:55:00Z,"[""pregame_close_proxy""]",30,66d554dbfd5ee4847b92
1,americanfootball_ncaaf,[2024],2024-11-23T18:25:00Z,"[""pregame_close_proxy""]",30,cb5b93002f92b8f4ee07
1,americanfootball_ncaaf,[2024],2024-11-23T18:55:00Z,"[""pregame_close_proxy""]",30,0c5a2c3c98ce65331a8d
1,americanfootball_ncaaf,[2024],2024-11-23T19:25:00Z,"[""pregame_close_proxy""]",30,f4371948b20a28d758d3
1,americanfootball_ncaaf,[2024],2024-11-23T19:55:00Z,"[""pregame_close_proxy""]",30,860aee61733a27a3feef
1,americanfootball_ncaaf,[2024],2024-11-23T20:25:00Z,"[""pregame_close_proxy""]",30,08720bc7aa0d3d6026db
1,americanfootball_ncaaf,[2024],2024-11-23T20:55:00Z,"[""pregame_close_proxy""]",30,85bdfb5f517b2ae018f6
1,americanfootball_ncaaf,[2024],2024-11-23T21:10:00Z,"[""pregame_close_proxy""]",30,d957674ddc322be9762e
1,americanfootball_ncaaf,[2024],2024-11-23T21:55:00Z,"[""pregame_close_proxy""]",30,ad00f30e1ecacbefb3a4
1,americanfootball_ncaaf,[2024],2024-11-23T23:55:00Z,"[""pregame_close_proxy""]",30,ae8118d89af64c7501f0
1,americanfootball_ncaaf,[2024],2024-11-24T00:25:00Z,"[""pregame_close_proxy""]",30,b249a064b2593bb361f4
1,americanfootball_ncaaf,[2024],2024-11-24T00:40:00Z,"[""pregame_close_proxy""]",30,78def9bd2dfffb9640cd
1,americanfootball_ncaaf,[2024],2024-11-24T00:55:00Z,"[""pregame_close_proxy""]",30,8ff81ab611e7fe5c3be4
1,americanfootball_ncaaf,[2024],2024-11-24T03:25:00Z,"[""pregame_close_proxy""]",30,9459158e2bc00c027afb
1,americanfootball_nfl,[2024],2024-11-24T03:30:00Z,"[""MOS_original_evening_slot_diagnostic""]",30,3c083e2a266f0570bbd6
1,americanfootball_ncaaf,[2024],2024-11-24T16:00:00Z,"[""daily_16UTC""]",30,5070970fb121034bcbe4
1,americanfootball_nfl,[2024],2024-11-24T16:00:00Z,"[""daily_16UTC""]",30,445dd87e5a7f5bf14f0e
1,americanfootball_nfl,[2024],2024-11-24T17:55:00Z,"[""pregame_close_proxy""]",30,6c783c09cfc2df761b78
1,americanfootball_nfl,[2024],2024-11-24T21:00:00Z,"[""pregame_close_proxy""]",30,812621e1d739e30a2c5a
1,americanfootball_nfl,[2024],2024-11-24T21:20:00Z,"[""pregame_close_proxy""]",30,732b041e8a1e319b2b51
1,americanfootball_nfl,[2024],2024-11-25T01:15:00Z,"[""pregame_close_proxy""]",30,6f21daa62f21c57746f1
1,americanfootball_ncaaf,[2024],2024-11-25T16:00:00Z,"[""daily_16UTC""]",30,ef464cdb028de1dfc6c8
1,americanfootball_nfl,[2024],2024-11-25T16:00:00Z,"[""daily_16UTC""]",30,fefed8de489656753a29
1,americanfootball_nfl,[2024],2024-11-26T01:10:00Z,"[""pregame_close_proxy""]",30,d4b8c9cb8e91f794db78
1,americanfootball_ncaaf,[2024],2024-11-26T03:30:00Z,"[""MOS_original_evening_slot_diagnostic""]",30,76465abeaf5e281bea64
1,americanfootball_ncaaf,[2024],2024-11-26T16:00:00Z,"[""daily_16UTC""]",30,c24502778f2e49479436
1,americanfootball_nfl,[2024],2024-11-26T16:00:00Z,"[""daily_16UTC""]",30,83d29aedf958eb2ce395
1,americanfootball_ncaaf,[2024],2024-11-26T23:55:00Z,"[""pregame_close_proxy""]",30,4447086b0fe396066836
1,americanfootball_ncaaf,[2024],2024-11-27T16:00:00Z,"[""daily_16UTC""]",30,607ef2a2da75f7c2a4ea
1,americanfootball_nfl,[2024],2024-11-27T16:00:00Z,"[""daily_16UTC""]",30,5a7356d34bb9af272642
1,americanfootball_ncaaf,[2024],2024-11-28T03:30:00Z,"[""MOS_original_evening_slot_diagnostic""]",30,ffc22b67a66a4188b8b3
1,americanfootball_nfl,[2024],2024-11-28T03:30:00Z,"[""MOS_original_evening_slot_diagnostic""]",30,3462c47550b88f419c24
1,americanfootball_ncaaf,[2024],2024-11-28T16:00:00Z,"[""daily_16UTC""]",30,15b1fcc6ba8eb61afc2d
1,americanfootball_nfl,[2024],2024-11-28T16:00:00Z,"[""daily_16UTC""]",30,5c7b807ced11f17c2fa1
1,americanfootball_nfl,[2024],2024-11-28T17:25:00Z,"[""pregame_close_proxy""]",30,87ad665e49e64ee7c95f
1,americanfootball_nfl,[2024],2024-11-28T21:25:00Z,"[""pregame_close_proxy""]",30,f2de7dfd7d6e41a5ae4d
1,americanfootball_ncaaf,[2024],2024-11-29T00:25:00Z,"[""pregame_close_proxy""]",30,8a53b2c1f2f940d356d5
1,americanfootball_nfl,[2024],2024-11-29T01:15:00Z,"[""pregame_close_proxy""]",30,74cc97d9af0bc2645f69
1,americanfootball_ncaaf,[2024],2024-11-29T03:30:00Z,"[""MOS_original_evening_slot_diagnostic""]",30,7215fbba03f81d90f4c4
1,americanfootball_nfl,[2024],2024-11-29T03:30:00Z,"[""MOS_original_evening_slot_diagnostic""]",30,c257d8f518efb5ea8a24
1,americanfootball_ncaaf,[2024],2024-11-29T16:00:00Z,"[""daily_16UTC""]",30,d8ef6365fb1f3f56e6d4
1,americanfootball_nfl,[2024],2024-11-29T16:00:00Z,"[""daily_16UTC""]",30,d74e770e6a878d883c08
1,americanfootball_ncaaf,[2024],2024-11-29T16:55:00Z,"[""pregame_close_proxy""]",30,5328b67107257e1b3093
1,americanfootball_nfl,[2024],2024-11-29T19:55:00Z,"[""pregame_close_proxy""]",30,d4fe3065434d5ec96f90
1,americanfootball_ncaaf,[2024],2024-11-29T20:25:00Z,"[""pregame_close_proxy""]",30,7b21551584ab611a2c2b
1,americanfootball_ncaaf,[2024],2024-11-29T20:55:00Z,"[""pregame_close_proxy""]",30,6131a626955e43523e45
1,americanfootball_ncaaf,[2024],2024-11-30T00:25:00Z,"[""pregame_close_proxy""]",30,7e7ab1a829cdaded21f3
1,americanfootball_ncaaf,[2024],2024-11-30T00:55:00Z,"[""pregame_close_proxy""]",30,419eca9cf7f7b20974bd
1,americanfootball_ncaaf,[2024],2024-11-30T03:30:00Z,"[""MOS_original_evening_slot_diagnostic""]",30,0d8091ba3e6b0587d212
1,americanfootball_ncaaf,[2024],2024-11-30T16:00:00Z,"[""daily_16UTC""]",30,599edcf64f4fcfc554a0
1,americanfootball_nfl,[2024],2024-11-30T16:00:00Z,"[""daily_16UTC""]",30,96fa33d5725dd0056ee7
1,americanfootball_ncaaf,[2024],2024-11-30T16:55:00Z,"[""pregame_close_proxy""]",30,867d3c57a603b72f84f3
1,americanfootball_ncaaf,[2024],2024-11-30T18:25:00Z,"[""pregame_close_proxy""]",30,8c274a7300a93ce34bab
1,americanfootball_ncaaf,[2024],2024-11-30T18:55:00Z,"[""pregame_close_proxy""]",30,f26aff62a04926727ab9
1,americanfootball_ncaaf,[2024],2024-11-30T19:55:00Z,"[""pregame_close_proxy""]",30,39c7973a026f2cf38abb
1,americanfootball_ncaaf,[2024],2024-11-30T20:25:00Z,"[""pregame_close_proxy""]",30,9a27960f230e6dee8916
1,americanfootball_ncaaf,[2024],2024-11-30T20:55:00Z,"[""pregame_close_proxy""]",30,f0686b43bd083a6901cf
1,americanfootball_ncaaf,[2024],2024-11-30T22:55:00Z,"[""pregame_close_proxy""]",30,577d24c0a66997c6c907
1,americanfootball_ncaaf,[2024],2024-11-30T23:25:00Z,"[""pregame_close_proxy""]",30,4765716bd067fc18d436
1,americanfootball_ncaaf,[2024],2024-11-30T23:55:00Z,"[""pregame_close_proxy""]",30,87b86a41b95727a11cdc
1,americanfootball_ncaaf,[2024],2024-12-01T00:25:00Z,"[""pregame_close_proxy""]",30,4ac640eb97ed500a4a37
1,americanfootball_ncaaf,[2024],2024-12-01T00:55:00Z,"[""pregame_close_proxy""]",30,56a089ebed3d6b4185e9
1,americanfootball_ncaaf,[2024],2024-12-01T03:10:00Z,"[""pregame_close_proxy""]",30,fe0f5cb40d4513c88bf8
1,americanfootball_ncaaf,[2024],2024-12-01T03:25:00Z,"[""pregame_close_proxy""]",30,fb4eeccf43a350590be6
1,americanfootball_nfl,[2024],2024-12-01T03:30:00Z,"[""MOS_original_evening_slot_diagnostic""]",30,9ead803a064efa6520cc
1,americanfootball_ncaaf,[2024],2024-12-01T03:55:00Z,"[""pregame_close_proxy""]",30,19aeef3ed08986f263ff
1,americanfootball_ncaaf,[2024],2024-12-01T16:00:00Z,"[""daily_16UTC""]",30,e07d143fef96fb845021
1,americanfootball_nfl,[2024],2024-12-01T16:00:00Z,"[""daily_16UTC""]",30,83028c30608a9c05b049
1,americanfootball_nfl,[2024],2024-12-01T17:55:00Z,"[""pregame_close_proxy""]",30,d77d1d7288bf3d0e6827
1,americanfootball_nfl,[2024],2024-12-01T21:00:00Z,"[""pregame_close_proxy""]",30,3645d59104410528081d
1,americanfootball_nfl,[2024],2024-12-01T21:20:00Z,"[""pregame_close_proxy""]",30,ebc44a365b58a98b4622
1,americanfootball_nfl,[2024],2024-12-02T01:15:00Z,"[""pregame_close_proxy""]",30,db8b28da9f60558cc23b
1,americanfootball_nfl,[2024],2024-12-02T03:30:00Z,"[""MOS_original_evening_slot_diagnostic""]",30,52d79332d5d2cf9656b1
1,americanfootball_ncaaf,[2024],2024-12-02T16:00:00Z,"[""daily_16UTC""]",30,b3b1106e68ed423ee2b5
1,americanfootball_nfl,[2024],2024-12-02T16:00:00Z,"[""daily_16UTC""]",30,eba121d336d8938d4ee5
1,americanfootball_nfl,[2024],2024-12-03T01:10:00Z,"[""pregame_close_proxy""]",30,a86c590fb2447c099c03
1,americanfootball_ncaaf,[2024],2024-12-03T16:00:00Z,"[""daily_16UTC""]",30,eb24a3e673701d4816ad
1,americanfootball_nfl,[2024],2024-12-03T16:00:00Z,"[""daily_16UTC""]",30,2a904b248813bffec139
1,americanfootball_ncaaf,[2024],2024-12-04T16:00:00Z,"[""daily_16UTC""]",30,19fbe647f3974bace281
1,americanfootball_nfl,[2024],2024-12-04T16:00:00Z,"[""daily_16UTC""]",30,4d8db67a4f6dbf361670
1,americanfootball_ncaaf,[2024],2024-12-05T16:00:00Z,"[""daily_16UTC""]",30,8d53a44265a6fcf1a040
1,americanfootball_nfl,[2024],2024-12-05T16:00:00Z,"[""daily_16UTC""]",30,2f9b54c1830d4b0517a6
1,americanfootball_nfl,[2024],2024-12-06T01:10:00Z,"[""pregame_close_proxy""]",30,0f3bebb633f04d9ceffd
1,americanfootball_ncaaf,[2024],2024-12-06T03:30:00Z,"[""MOS_original_evening_slot_diagnostic""]",30,3988215329537d24be7d
1,americanfootball_ncaaf,[2024],2024-12-06T16:00:00Z,"[""daily_16UTC""]",30,be4f902549b9f9740d57
1,americanfootball_nfl,[2024],2024-12-06T16:00:00Z,"[""daily_16UTC""]",30,149162c9f3513c0a51fa
1,americanfootball_ncaaf,[2024],2024-12-06T23:55:00Z,"[""pregame_close_proxy""]",30,297cc5d33a3f79b313ba
1,americanfootball_ncaaf,[2024],2024-12-07T00:55:00Z,"[""pregame_close_proxy""]",30,601974285c86fdc0a346
1,americanfootball_ncaaf,[2024],2024-12-07T03:30:00Z,"[""MOS_original_evening_slot_diagnostic""]",30,bd6d8b4424ae17644f7c
1,americanfootball_ncaaf,[2024],2024-12-07T16:00:00Z,"[""daily_16UTC""]",30,ec6bcfaf821c2ab3d60a
1,americanfootball_nfl,[2024],2024-12-07T16:00:00Z,"[""daily_16UTC""]",30,1dcb9d9a2c393a3cf353
1,americanfootball_ncaaf,[2024],2024-12-07T16:55:00Z,"[""pregame_close_proxy""]",30,df65b2059a5be7af7424
1,americanfootball_ncaaf,[2024],2024-12-07T20:55:00Z,"[""pregame_close_proxy""]",30,e1905a1d8f205410ad36
1,americanfootball_ncaaf,[2024],2024-12-08T00:25:00Z,"[""pregame_close_proxy""]",30,c061241351a32e755e0a
1,americanfootball_ncaaf,[2024],2024-12-08T00:55:00Z,"[""pregame_close_proxy""]",30,dff7a19b00fce8aeb7d2
1,americanfootball_nfl,[2024],2024-12-08T03:30:00Z,"[""MOS_original_evening_slot_diagnostic""]",30,fbfa1db7dfe45265dca4
1,americanfootball_ncaaf,[2024],2024-12-08T16:00:00Z,"[""daily_16UTC""]",30,70c2289eb8604d2e468b
1,americanfootball_nfl,[2024],2024-12-08T16:00:00Z,"[""daily_16UTC""]",30,b5e8b18f4d0ea78f76d3
1,americanfootball_nfl,[2024],2024-12-08T17:55:00Z,"[""pregame_close_proxy""]",30,84a85780d067fa146795
1,americanfootball_nfl,[2024],2024-12-08T21:00:00Z,"[""pregame_close_proxy""]",30,cc3b118580506823af8e
1,americanfootball_nfl,[2024],2024-12-08T21:20:00Z,"[""pregame_close_proxy""]",30,6c79165abad354621bb6
1,americanfootball_nfl,[2024],2024-12-09T01:15:00Z,"[""pregame_close_proxy""]",30,7aea77f2ed09338532cf
1,americanfootball_ncaaf,[2024],2024-12-09T16:00:00Z,"[""daily_16UTC""]",30,ce557ce915a73b58a99a
1,americanfootball_nfl,[2024],2024-12-09T16:00:00Z,"[""daily_16UTC""]",30,78c194e057d4e04dce11
1,americanfootball_nfl,[2024],2024-12-10T01:10:00Z,"[""pregame_close_proxy""]",30,ad695faf184a74c6c057
1,americanfootball_ncaaf,[2024],2024-12-10T16:00:00Z,"[""daily_16UTC""]",30,56749aecde9e1358dede
1,americanfootball_nfl,[2024],2024-12-10T16:00:00Z,"[""daily_16UTC""]",30,319d893e215a18c501a8
1,americanfootball_ncaaf,[2024],2024-12-11T16:00:00Z,"[""daily_16UTC""]",30,56e59f320a2958f90e23
1,americanfootball_nfl,[2024],2024-12-11T16:00:00Z,"[""daily_16UTC""]",30,3d00d582e94f07c06e45
1,americanfootball_nfl,[2024],2024-12-12T03:30:00Z,"[""MOS_original_evening_slot_diagnostic""]",30,0dd415a9b96528a95a01
1,americanfootball_ncaaf,[2024],2024-12-12T16:00:00Z,"[""daily_16UTC""]",30,620117b72f6e402478f7
1,americanfootball_nfl,[2024],2024-12-12T16:00:00Z,"[""daily_16UTC""]",30,44de411172feeae88637
1,americanfootball_nfl,[2024],2024-12-13T01:10:00Z,"[""pregame_close_proxy""]",30,3d7531ffff28106e5104
1,americanfootball_ncaaf,[2024],2024-12-13T16:00:00Z,"[""daily_16UTC""]",30,d6c9d7cff41ed420402c
1,americanfootball_nfl,[2024],2024-12-13T16:00:00Z,"[""daily_16UTC""]",30,4965069915d41b55863c
1,americanfootball_ncaaf,[2024],2024-12-14T16:00:00Z,"[""daily_16UTC""]",30,b9185344cc1feebcfbeb
1,americanfootball_nfl,[2024],2024-12-14T16:00:00Z,"[""daily_16UTC""]",30,a707eda34979441b315b
1,americanfootball_ncaaf,[2024],2024-12-14T19:55:00Z,"[""pregame_close_proxy""]",30,5932705c25c14c17519d
1,americanfootball_ncaaf,[2024],2024-12-15T01:55:00Z,"[""pregame_close_proxy""]",30,680ffda463e101c64af4
1,americanfootball_nfl,[2024],2024-12-15T03:30:00Z,"[""MOS_original_evening_slot_diagnostic""]",30,1d1c7a6f18b8dc9dc95a
1,americanfootball_ncaaf,[2024],2024-12-15T16:00:00Z,"[""daily_16UTC""]",30,2ea7a351741caa09aaca
1,americanfootball_nfl,[2024],2024-12-15T16:00:00Z,"[""daily_16UTC""]",30,9459d271b7e4b780ffea
1,americanfootball_nfl,[2024],2024-12-15T17:55:00Z,"[""pregame_close_proxy""]",30,96679bb58626fec53718
1,americanfootball_nfl,[2024],2024-12-15T21:20:00Z,"[""pregame_close_proxy""]",30,1766b53db819417fbb7f
1,americanfootball_nfl,[2024],2024-12-16T01:15:00Z,"[""pregame_close_proxy""]",30,9619ebc5e8e8b4806629
1,americanfootball_ncaaf,[2024],2024-12-16T16:00:00Z,"[""daily_16UTC""]",30,d0d23ec4a8b790ec6ee2
1,americanfootball_nfl,[2024],2024-12-16T16:00:00Z,"[""daily_16UTC""]",30,27c86267056a1af17624
1,americanfootball_nfl,[2024],2024-12-17T00:55:00Z,"[""pregame_close_proxy""]",30,39e3003097c90b442525
1,americanfootball_nfl,[2024],2024-12-17T01:25:00Z,"[""pregame_close_proxy""]",30,6eff2d66389c2b492daf
1,americanfootball_ncaaf,[2024],2024-12-17T16:00:00Z,"[""daily_16UTC""]",30,ba09e1d63e85b3998b60
1,americanfootball_nfl,[2024],2024-12-17T16:00:00Z,"[""daily_16UTC""]",30,ad419cbfa1c49dd3873c
1,americanfootball_ncaaf,[2024],2024-12-18T01:55:00Z,"[""pregame_close_proxy""]",30,30f7c046183e72e8e6bc
1,americanfootball_ncaaf,[2024],2024-12-18T03:30:00Z,"[""MOS_original_evening_slot_diagnostic""]",30,f06999f351d889104d53
1,americanfootball_ncaaf,[2024],2024-12-18T16:00:00Z,"[""daily_16UTC""]",30,b95b34d84f804bb2e18d
1,americanfootball_nfl,[2024],2024-12-18T16:00:00Z,"[""daily_16UTC""]",30,d4b07114ab672a7fcd2d
1,americanfootball_ncaaf,[2024],2024-12-18T22:25:00Z,"[""pregame_close_proxy""]",30,19edfe3dceaa585b9d4f
1,americanfootball_ncaaf,[2024],2024-12-19T01:55:00Z,"[""pregame_close_proxy""]",30,0732e4ca576977974194
1,americanfootball_ncaaf,[2024],2024-12-19T16:00:00Z,"[""daily_16UTC""]",30,3d21008a452cdc76ccdf
1,americanfootball_nfl,[2024],2024-12-19T16:00:00Z,"[""daily_16UTC""]",30,1e0d24ac42b3fd13103d
1,americanfootball_ncaaf,[2024],2024-12-19T23:55:00Z,"[""pregame_close_proxy""]",30,2e71b7d848213136729d
1,americanfootball_nfl,[2024],2024-12-20T01:10:00Z,"[""pregame_close_proxy""]",30,cd2dd70483f199c4a466
1,americanfootball_ncaaf,[2024],2024-12-20T03:30:00Z,"[""MOS_original_evening_slot_diagnostic""]",30,1b5c3ab3208ee2ee033c
1,americanfootball_ncaaf,[2024],2024-12-20T16:00:00Z,"[""daily_16UTC""]",30,e49eacef4775b83df699
1,americanfootball_nfl,[2024],2024-12-20T16:00:00Z,"[""daily_16UTC""]",30,2b58ac9992ed3f7fb74a
1,americanfootball_ncaaf,[2024],2024-12-20T16:55:00Z,"[""pregame_close_proxy""]",30,54c9bc8778113f18eff4
1,americanfootball_ncaaf,[2024],2024-12-20T20:25:00Z,"[""pregame_close_proxy""]",30,5295b1f94562aae0b09e
1,americanfootball_ncaaf,[2024],2024-12-21T00:55:00Z,"[""pregame_close_proxy""]",30,0b697623f13993a02250
1,americanfootball_ncaaf,[2024],2024-12-21T03:30:00Z,"[""MOS_original_evening_slot_diagnostic""]",30,1f6c48ee26b1f0d4ad24
1,americanfootball_nfl,[2024],2024-12-21T03:30:00Z,"[""MOS_original_evening_slot_diagnostic""]",30,c27a15fc1f7ddb75c5c8
1,americanfootball_ncaaf,[2024],2024-12-21T16:00:00Z,"[""daily_16UTC""]",30,ad8c1977e7e4af76bbb6
1,americanfootball_nfl,[2024],2024-12-21T16:00:00Z,"[""daily_16UTC""]",30,6865f0c903c264ce50b3
1,americanfootball_ncaaf,[2024],2024-12-21T16:55:00Z,"[""pregame_close_proxy""]",30,be37c815d02669b5eaaa
1,americanfootball_nfl,[2024],2024-12-21T17:55:00Z,"[""pregame_close_proxy""]",30,31bb4b6873dd8f842150
1,americanfootball_ncaaf,[2024],2024-12-21T20:55:00Z,"[""pregame_close_proxy""]",30,1c1f1c4c1f13f07da060
1,americanfootball_nfl,[2024],2024-12-21T21:25:00Z,"[""pregame_close_proxy""]",30,a0e0bafae3ec2d07f06a
1,americanfootball_ncaaf,[2024],2024-12-22T00:55:00Z,"[""pregame_close_proxy""]",30,cac1d267b9edd1ad0b8e
1,americanfootball_nfl,[2024],2024-12-22T03:30:00Z,"[""MOS_original_evening_slot_diagnostic""]",30,323f28e927bdaec3fa27
1,americanfootball_ncaaf,[2024],2024-12-22T16:00:00Z,"[""daily_16UTC""]",30,fe8fcaf98b8779f7a763
1,americanfootball_nfl,[2024],2024-12-22T16:00:00Z,"[""daily_16UTC""]",30,fbf17908df1431bf9686
1,americanfootball_nfl,[2024],2024-12-22T17:55:00Z,"[""pregame_close_proxy""]",30,0dc08e1c6caef8d004b9
1,americanfootball_nfl,[2024],2024-12-22T21:00:00Z,"[""pregame_close_proxy""]",30,f62f08a4758b762a6e36
1,americanfootball_nfl,[2024],2024-12-22T21:20:00Z,"[""pregame_close_proxy""]",30,7c9ac133914470397603
1,americanfootball_nfl,[2024],2024-12-23T01:15:00Z,"[""pregame_close_proxy""]",30,4170e8c7dd2008bc8047
1,americanfootball_ncaaf,[2024],2024-12-23T03:30:00Z,"[""MOS_original_evening_slot_diagnostic""]",30,12f300b3990fb40b6292
1,americanfootball_nfl,[2024],2024-12-23T03:30:00Z,"[""MOS_original_evening_slot_diagnostic""]",30,1dd49d90f36a9d55e6b3
1,americanfootball_ncaaf,[2024],2024-12-23T15:55:00Z,"[""pregame_close_proxy""]",30,c01a22a19c6b0a993531
1,americanfootball_ncaaf,[2024],2024-12-23T16:00:00Z,"[""daily_16UTC""]",30,460f094f620eb830fdd9
1,americanfootball_nfl,[2024],2024-12-23T16:00:00Z,"[""daily_16UTC""]",30,5cf3e1fa6734a9f5905b
1,americanfootball_ncaaf,[2024],2024-12-23T19:25:00Z,"[""pregame_close_proxy""]",30,23d65fb5eb69c6d54af8
1,americanfootball_nfl,[2024],2024-12-24T01:10:00Z,"[""pregame_close_proxy""]",30,842425304177e514b58a
1,americanfootball_ncaaf,[2024],2024-12-24T03:30:00Z,"[""MOS_original_evening_slot_diagnostic""]",30,14357c04d7eae0f2dff4
1,americanfootball_ncaaf,[2024],2024-12-24T16:00:00Z,"[""daily_16UTC""]",30,746508963d9806c2808a
1,americanfootball_nfl,[2024],2024-12-24T16:00:00Z,"[""daily_16UTC""]",30,29f8173034a3314263a7
1,americanfootball_ncaaf,[2024],2024-12-25T00:55:00Z,"[""pregame_close_proxy""]",30,8542658ca8c8250a6b94
1,americanfootball_nfl,[2024],2024-12-25T03:30:00Z,"[""MOS_original_evening_slot_diagnostic""]",30,bd3833ac171b4747a6e7
1,americanfootball_ncaaf,[2024],2024-12-25T16:00:00Z,"[""daily_16UTC""]",30,e36c52ed7db285271b53
1,americanfootball_nfl,[2024],2024-12-25T16:00:00Z,"[""daily_16UTC""]",30,38736bced206d6ae1bc3
1,americanfootball_nfl,[2024],2024-12-25T17:55:00Z,"[""pregame_close_proxy""]",30,87f7c9e77bf8d88e9f4c
1,americanfootball_nfl,[2024],2024-12-25T21:25:00Z,"[""pregame_close_proxy""]",30,b4312bed078ed2ff2a05
1,americanfootball_ncaaf,[2024],2024-12-26T03:30:00Z,"[""MOS_original_evening_slot_diagnostic""]",30,ab49e3e6c0769407d39a
1,americanfootball_nfl,[2024],2024-12-26T03:30:00Z,"[""MOS_original_evening_slot_diagnostic""]",30,8f87305bb12208bd602f
1,americanfootball_ncaaf,[2024],2024-12-26T16:00:00Z,"[""daily_16UTC""]",30,4f15da0c48efc0373ffc
1,americanfootball_nfl,[2024],2024-12-26T16:00:00Z,"[""daily_16UTC""]",30,2f460722f9354f1934e5
1,americanfootball_ncaaf,[2024],2024-12-26T18:55:00Z,"[""pregame_close_proxy""]",30,6cc195342aaed9851939
1,americanfootball_ncaaf,[2024],2024-12-26T22:25:00Z,"[""pregame_close_proxy""]",30,e4b9b042ea7baefaf7ac
1,americanfootball_nfl,[2024],2024-12-27T01:10:00Z,"[""pregame_close_proxy""]",30,3ced1834a7345a7be5d6
1,americanfootball_ncaaf,[2024],2024-12-27T01:55:00Z,"[""pregame_close_proxy""]",30,ba22322d8412e102f27b
1,americanfootball_ncaaf,[2024],2024-12-27T03:30:00Z,"[""MOS_original_evening_slot_diagnostic""]",30,57caf935bc3b0bb053f9
1,americanfootball_ncaaf,[2024],2024-12-27T16:00:00Z,"[""daily_16UTC""]",30,f7558d4e910b25d19672
1,americanfootball_nfl,[2024],2024-12-27T16:00:00Z,"[""daily_16UTC""]",30,51b2c23cee459ffcb5ce
1,americanfootball_ncaaf,[2024],2024-12-27T16:55:00Z,"[""pregame_close_proxy""]",30,cc19acd1bf84c9f43325
1,americanfootball_ncaaf,[2024],2024-12-27T20:25:00Z,"[""pregame_close_proxy""]",30,b650902d557e18dabe18
1,americanfootball_ncaaf,[2024],2024-12-27T23:55:00Z,"[""pregame_close_proxy""]",30,3ede21f7a326f126e934
1,americanfootball_ncaaf,[2024],2024-12-28T00:55:00Z,"[""pregame_close_proxy""]",30,2604e1e4c98755753b24
1,americanfootball_ncaaf,[2024],2024-12-28T03:25:00Z,"[""pregame_close_proxy""]",30,b53399a2c731e4ad095a
1,americanfootball_ncaaf,[2024],2024-12-28T03:30:00Z,"[""MOS_original_evening_slot_diagnostic""]",30,2d44002b4e092d475293
1,americanfootball_nfl,[2024],2024-12-28T03:30:00Z,"[""MOS_original_evening_slot_diagnostic""]",30,69c66b44b9d70a8bd9a6
1,americanfootball_ncaaf,[2024],2024-12-28T15:55:00Z,"[""pregame_close_proxy""]",30,6e28e7a392bbb135f717
1,americanfootball_ncaaf,[2024],2024-12-28T16:00:00Z,"[""daily_16UTC""]",30,82bddfe17f6e2bfd175c
1,americanfootball_nfl,[2024],2024-12-28T16:00:00Z,"[""daily_16UTC""]",30,e18d4b77f9cf5427a6d6
1,americanfootball_ncaaf,[2024],2024-12-28T16:55:00Z,"[""pregame_close_proxy""]",30,b0fa4f443074794fad33
1,americanfootball_nfl,[2024],2024-12-28T17:55:00Z,"[""pregame_close_proxy""]",30,a546b1b0b7be2099e023
1,americanfootball_ncaaf,[2024],2024-12-28T19:10:00Z,"[""pregame_close_proxy""]",30,32bfa5fccddb4986cfa8
1,americanfootball_ncaaf,[2024],2024-12-28T20:25:00Z,"[""pregame_close_proxy""]",30,17a626910b92ccbe2c31
1,americanfootball_ncaaf,[2024],2024-12-28T21:25:00Z,"[""pregame_close_proxy""]",30,931170038493075177b0
1,americanfootball_nfl,[2024],2024-12-28T21:25:00Z,"[""pregame_close_proxy""]",30,b75b1e51c97ae313d2f2
1,americanfootball_ncaaf,[2024],2024-12-28T22:40:00Z,"[""pregame_close_proxy""]",30,91b98c4a4f938e41487a
1,americanfootball_ncaaf,[2024],2024-12-29T00:25:00Z,"[""pregame_close_proxy""]",30,b0f6162b64ee0072d9e3
1,americanfootball_nfl,[2024],2024-12-29T01:10:00Z,"[""pregame_close_proxy""]",30,dfda6980265bcf7e18d3
1,americanfootball_ncaaf,[2024],2024-12-29T02:10:00Z,"[""pregame_close_proxy""]",30,ef7d0986d6617da89a7d
1,americanfootball_nfl,[2024],2024-12-29T03:30:00Z,"[""MOS_original_evening_slot_diagnostic""]",30,a9e920a964e4f12de37b
1,americanfootball_ncaaf,[2024],2024-12-29T16:00:00Z,"[""daily_16UTC""]",30,b3ba42668bafaf52b625
1,americanfootball_nfl,[2024],2024-12-29T16:00:00Z,"[""daily_16UTC""]",30,df9b5fdb75475346179a
1,americanfootball_nfl,[2024],2024-12-29T17:55:00Z,"[""pregame_close_proxy""]",30,84d867276eacb5e70f12
1,americanfootball_nfl,[2024],2024-12-29T21:00:00Z,"[""pregame_close_proxy""]",30,bbfa7f1e7f0c80011246
1,americanfootball_nfl,[2024],2024-12-29T21:20:00Z,"[""pregame_close_proxy""]",30,c6fc18f0a628999f21d2
1,americanfootball_nfl,[2024],2024-12-30T01:15:00Z,"[""pregame_close_proxy""]",30,bfc16ef2288f1f786a85
1,americanfootball_ncaaf,[2024],2024-12-30T03:30:00Z,"[""MOS_original_evening_slot_diagnostic""]",30,5a3afce22bfdf35925c4
1,americanfootball_nfl,[2024],2024-12-30T03:30:00Z,"[""MOS_original_evening_slot_diagnostic""]",30,2cd0db10d5903c3e9985
1,americanfootball_ncaaf,[2024],2024-12-30T16:00:00Z,"[""daily_16UTC""]",30,ded105f439c90af5f583
1,americanfootball_nfl,[2024],2024-12-30T16:00:00Z,"[""daily_16UTC""]",30,53ef69627e96dd468fa7
1,americanfootball_ncaaf,[2024],2024-12-30T19:25:00Z,"[""pregame_close_proxy""]",30,07cefa4a342fcebe7a8a
1,americanfootball_nfl,[2024],2024-12-31T01:10:00Z,"[""pregame_close_proxy""]",30,08d840bff9630abef95f
1,americanfootball_ncaaf,[2024],2024-12-31T03:30:00Z,"[""MOS_original_evening_slot_diagnostic""]",30,a4dda4f706401e2b3f59
1,americanfootball_ncaaf,[2024],2024-12-31T16:00:00Z,"[""daily_16UTC""]",30,cb5b55db4ec200348cbb
1,americanfootball_nfl,[2024],2024-12-31T16:00:00Z,"[""daily_16UTC""]",30,9bcb0cfc54c8ecf513fa
1,americanfootball_ncaaf,[2024],2024-12-31T16:55:00Z,"[""pregame_close_proxy""]",30,d0e9e79c29310e32551d
1,americanfootball_ncaaf,[2024],2024-12-31T18:55:00Z,"[""pregame_close_proxy""]",30,f977ebc21c8fcea2c4ff
1,americanfootball_ncaaf,[2024],2024-12-31T19:55:00Z,"[""pregame_close_proxy""]",30,6290d2b4c2e60ccf0db2
1,americanfootball_ncaaf,[2024],2024-12-31T20:25:00Z,"[""pregame_close_proxy""]",30,79abbca45c79f23cadef
1,americanfootball_ncaaf,[2024],2025-01-01T00:25:00Z,"[""pregame_close_proxy""]",30,1d4033e0cfbd69fe8f9e
1,americanfootball_ncaaf,[2024],2025-01-01T03:30:00Z,"[""MOS_original_evening_slot_diagnostic""]",30,ca0f8beab5398ee333fb
1,americanfootball_ncaaf,[2024],2025-01-01T16:00:00Z,"[""daily_16UTC""]",30,fcb772237d273c81cdf3
1,americanfootball_nfl,[2024],2025-01-01T16:00:00Z,"[""daily_16UTC""]",30,98590b1e58478502eb23
1,americanfootball_ncaaf,[2024],2025-01-01T17:55:00Z,"[""pregame_close_proxy""]",30,1c99839d4c9787c332d3
1,americanfootball_ncaaf,[2024],2025-01-01T21:55:00Z,"[""pregame_close_proxy""]",30,66e88359accd817bb247
1,americanfootball_ncaaf,[2024],2025-01-02T01:40:00Z,"[""pregame_close_proxy""]",30,e1a94d950e14a8312dde
1,americanfootball_ncaaf,[2024],2025-01-02T16:00:00Z,"[""daily_16UTC""]",30,4d374ca567d1049c5c15
1,americanfootball_nfl,[2024],2025-01-02T16:00:00Z,"[""daily_16UTC""]",30,585e9bf495844e664805
1,americanfootball_ncaaf,[2024],2025-01-02T20:55:00Z,"[""alternate_independent_close_proxy""]",30,e42fa18c41fc9cbe37bd
1,americanfootball_ncaaf,[2024],2025-01-03T00:25:00Z,"[""pregame_close_proxy""]",30,cd851fc5f4ebd3e9cb7f
1,americanfootball_ncaaf,[2024],2025-01-03T00:55:00Z,"[""alternate_independent_close_proxy""]",30,79fd6ffbd76f903fb380
1,americanfootball_ncaaf,[2024],2025-01-03T03:30:00Z,"[""MOS_original_evening_slot_diagnostic""]",30,6c0985bdd128ba81041c
1,americanfootball_ncaaf,[2024],2025-01-03T16:00:00Z,"[""daily_16UTC""]",30,abc77588f057b9470e9c
1,americanfootball_nfl,[2024],2025-01-03T16:00:00Z,"[""daily_16UTC""]",30,6d28ae7c2646efcdd528
1,americanfootball_ncaaf,[2024],2025-01-03T20:55:00Z,"[""pregame_close_proxy""]",30,86e05aedd58cb5713da0
1,americanfootball_ncaaf,[2024],2025-01-04T00:25:00Z,"[""pregame_close_proxy""]",30,d4d9d18409f0f1181022
1,americanfootball_nfl,[2024],2025-01-04T03:30:00Z,"[""MOS_original_evening_slot_diagnostic""]",30,fb1214ab251506ea89cb
1,americanfootball_ncaaf,[2024],2025-01-04T15:55:00Z,"[""pregame_close_proxy""]",30,f4e4623f7f36aab8a50f
1,americanfootball_ncaaf,[2024],2025-01-04T16:00:00Z,"[""daily_16UTC""]",30,632b1655906a3fa7ab44
1,americanfootball_nfl,[2024],2025-01-04T16:00:00Z,"[""daily_16UTC""]",30,084f3744270fb2af0d2a
1,americanfootball_nfl,[2024],2025-01-04T21:25:00Z,"[""pregame_close_proxy""]",30,b6c6f9ed7787409c2acd
1,americanfootball_nfl,[2024],2025-01-05T00:55:00Z,"[""pregame_close_proxy""]",30,d550489c4f2cf453093c
1,americanfootball_nfl,[2024],2025-01-05T03:30:00Z,"[""MOS_original_evening_slot_diagnostic""]",30,e158fba9946d74acab91
1,americanfootball_ncaaf,[2024],2025-01-05T16:00:00Z,"[""daily_16UTC""]",30,91455ad14ca8117b2413
1,americanfootball_nfl,[2024],2025-01-05T16:00:00Z,"[""daily_16UTC""]",30,4b24e5af97318d5d48e0
1,americanfootball_nfl,[2024],2025-01-05T17:55:00Z,"[""pregame_close_proxy""]",30,5f785fba8ff8e39a1769
1,americanfootball_nfl,[2024],2025-01-05T21:20:00Z,"[""pregame_close_proxy""]",30,0405185d9bdd5b4e9141
1,americanfootball_nfl,[2024],2025-01-06T01:15:00Z,"[""pregame_close_proxy""]",30,4f6871ac384b107b5944
1,americanfootball_ncaaf,[2024],2025-01-06T16:00:00Z,"[""daily_16UTC""]",30,fe54174ae12845cc9372
1,americanfootball_nfl,[2024],2025-01-06T16:00:00Z,"[""daily_16UTC""]",30,8451557f0b3b7f899886
1,americanfootball_ncaaf,[2024],2025-01-07T16:00:00Z,"[""daily_16UTC""]",30,1b806c01712d7dcd0d65
1,americanfootball_nfl,[2024],2025-01-07T16:00:00Z,"[""daily_16UTC""]",30,a965c197cb1880a78500
1,americanfootball_ncaaf,[2024],2025-01-08T16:00:00Z,"[""daily_16UTC""]",30,baa2d5fa0a161683a2cc
1,americanfootball_nfl,[2024],2025-01-08T16:00:00Z,"[""daily_16UTC""]",30,06a744bfb0478787d3eb
1,americanfootball_ncaaf,[2024],2025-01-09T03:30:00Z,"[""MOS_original_evening_slot_diagnostic""]",30,82a2506067132fbfc4da
1,americanfootball_ncaaf,[2024],2025-01-09T16:00:00Z,"[""daily_16UTC""]",30,1bb8ea6cb3c685744d43
1,americanfootball_nfl,[2024],2025-01-09T16:00:00Z,"[""daily_16UTC""]",30,cc79b5dc191caed2e5c4
1,americanfootball_ncaaf,[2024],2025-01-10T00:25:00Z,"[""pregame_close_proxy""]",30,8fae0ce9f2d5a56499ba
1,americanfootball_ncaaf,[2024],2025-01-10T16:00:00Z,"[""daily_16UTC""]",30,0a6459b77577a23bfbfb
1,americanfootball_nfl,[2024],2025-01-10T16:00:00Z,"[""daily_16UTC""]",30,1beccc3112ac1a500cbb
1,americanfootball_ncaaf,[2024],2025-01-11T00:25:00Z,"[""pregame_close_proxy""]",30,b25896df13f6010bba62
1,americanfootball_nfl,[2024],2025-01-11T03:30:00Z,"[""MOS_original_evening_slot_diagnostic""]",30,168c6efb1472c233a3a8
1,americanfootball_nfl,[2024],2025-01-11T16:00:00Z,"[""daily_16UTC""]",30,8f7e29f1eff2d8e49dab
1,americanfootball_nfl,[2024],2025-01-11T21:25:00Z,"[""pregame_close_proxy""]",30,515a7ff7ba81934e9559
1,americanfootball_nfl,[2024],2025-01-12T00:55:00Z,"[""pregame_close_proxy""]",30,429b631a4bef93deaa0e
1,americanfootball_nfl,[2024],2025-01-12T03:30:00Z,"[""MOS_original_evening_slot_diagnostic""]",30,7a3847fee0b0bf8f18f4
1,americanfootball_nfl,[2024],2025-01-12T16:00:00Z,"[""daily_16UTC""]",30,5e4ff8dbd18499a80db2
1,americanfootball_nfl,[2024],2025-01-12T17:55:00Z,"[""pregame_close_proxy""]",30,64e782d5bc3e5e982d9d
1,americanfootball_nfl,[2024],2025-01-12T21:25:00Z,"[""pregame_close_proxy""]",30,4c7d52df16299b111eeb
1,americanfootball_nfl,[2024],2025-01-13T00:55:00Z,"[""pregame_close_proxy""]",30,85794bb119f7d43103f3
1,americanfootball_nfl,[2024],2025-01-13T16:00:00Z,"[""daily_16UTC""]",30,9c3cebbdf330e3bef975
1,americanfootball_nfl,[2024],2025-01-14T00:55:00Z,"[""pregame_close_proxy""]",30,2a7d97246cc246b5544f
1,americanfootball_ncaaf,[2024],2025-01-14T16:00:00Z,"[""daily_16UTC""]",30,557c5f0a3b2725e72834
1,americanfootball_nfl,[2024],2025-01-14T16:00:00Z,"[""daily_16UTC""]",30,031d9c2564c064fe1b2f
1,americanfootball_ncaaf,[2024],2025-01-15T16:00:00Z,"[""daily_16UTC""]",30,fe7ccf4ab89684f7eec2
1,americanfootball_nfl,[2024],2025-01-15T16:00:00Z,"[""daily_16UTC""]",30,6e92779cfe21913853e8
1,americanfootball_ncaaf,[2024],2025-01-16T16:00:00Z,"[""daily_16UTC""]",30,515b963485d1fd1385ef
1,americanfootball_nfl,[2024],2025-01-16T16:00:00Z,"[""daily_16UTC""]",30,8fe3809f06424fa9ae37
1,americanfootball_ncaaf,[2024],2025-01-17T16:00:00Z,"[""daily_16UTC""]",30,4222fe3ec4f8d066f085
1,americanfootball_nfl,[2024],2025-01-17T16:00:00Z,"[""daily_16UTC""]",30,598a8d82b04cf2763d55
1,americanfootball_nfl,[2024],2025-01-18T03:30:00Z,"[""MOS_original_evening_slot_diagnostic""]",30,eb431a6af5f9a9208332
1,americanfootball_ncaaf,[2024],2025-01-18T16:00:00Z,"[""daily_16UTC""]",30,b433ca588b997f8d246c
1,americanfootball_nfl,[2024],2025-01-18T16:00:00Z,"[""daily_16UTC""]",30,32e8b0148f376d72fc0b
1,americanfootball_nfl,[2024],2025-01-18T21:25:00Z,"[""pregame_close_proxy""]",30,8c9d0663e20eed49abda
1,americanfootball_nfl,[2024],2025-01-19T00:55:00Z,"[""pregame_close_proxy""]",30,c0d85e49ccf35f006811
1,americanfootball_nfl,[2024],2025-01-19T03:30:00Z,"[""MOS_original_evening_slot_diagnostic""]",30,df919582a896686cf9e1
1,americanfootball_ncaaf,[2024],2025-01-19T16:00:00Z,"[""daily_16UTC""]",30,2dc583948373ecf43621
1,americanfootball_nfl,[2024],2025-01-19T16:00:00Z,"[""daily_16UTC""]",30,6336ff23db5b11fc2bf5
1,americanfootball_nfl,[2024],2025-01-19T19:55:00Z,"[""pregame_close_proxy""]",30,3af682413bc8f9f692d3
1,americanfootball_nfl,[2024],2025-01-19T23:25:00Z,"[""pregame_close_proxy""]",30,d6e125294e056159b787
1,americanfootball_ncaaf,[2024],2025-01-20T16:00:00Z,"[""daily_16UTC""]",30,280f9250b3fc4952c522
1,americanfootball_nfl,[2024],2025-01-20T16:00:00Z,"[""daily_16UTC""]",30,c33da5d2c229e0d810d6
1,americanfootball_ncaaf,[2024],2025-01-21T00:25:00Z,"[""pregame_close_proxy""]",30,8f9adfb8bc5251650ab1
1,americanfootball_nfl,[2024],2025-01-21T16:00:00Z,"[""daily_16UTC""]",30,c8dc838fd7fccac5cee7
1,americanfootball_nfl,[2024],2025-01-22T16:00:00Z,"[""daily_16UTC""]",30,bd1810ab8301dbcbd0e0
1,americanfootball_nfl,[2024],2025-01-23T16:00:00Z,"[""daily_16UTC""]",30,a1421b046e8613c134ff
1,americanfootball_nfl,[2024],2025-01-24T16:00:00Z,"[""daily_16UTC""]",30,2705e0a59f59a3993af4
1,americanfootball_nfl,[2024],2025-01-25T16:00:00Z,"[""daily_16UTC""]",30,e307a10b12f468c82be7
1,americanfootball_nfl,[2024],2025-01-26T03:30:00Z,"[""MOS_original_evening_slot_diagnostic""]",30,ea2775a53dd4ff38b3c2
1,americanfootball_nfl,[2024],2025-01-26T16:00:00Z,"[""daily_16UTC""]",30,02c60b3626c832af7fa2
1,americanfootball_nfl,[2024],2025-01-26T19:55:00Z,"[""pregame_close_proxy""]",30,6efd71690e2a978ebc9f
1,americanfootball_nfl,[2024],2025-01-26T23:25:00Z,"[""pregame_close_proxy""]",30,bd7c7d091dd9a60242ec
1,americanfootball_nfl,[2024],2025-02-03T16:00:00Z,"[""daily_16UTC""]",30,0ebb178f0b2771376d4a
1,americanfootball_nfl,[2024],2025-02-04T16:00:00Z,"[""daily_16UTC""]",30,3d9c225eb2e0e42b2cf5
1,americanfootball_nfl,[2024],2025-02-05T16:00:00Z,"[""daily_16UTC""]",30,e49b72508e1442510e04
1,americanfootball_nfl,[2024],2025-02-06T16:00:00Z,"[""daily_16UTC""]",30,33a12d407e8f3026efbd
1,americanfootball_nfl,[2024],2025-02-07T16:00:00Z,"[""daily_16UTC""]",30,178b4a01354d8fc427e3
1,americanfootball_nfl,[2024],2025-02-08T16:00:00Z,"[""daily_16UTC""]",30,908248686a90d2f7f787
1,americanfootball_nfl,[2024],2025-02-09T16:00:00Z,"[""daily_16UTC""]",30,61bd696e2aba87a3237c
1,americanfootball_nfl,[2024],2025-02-09T23:30:00Z,"[""pregame_close_proxy""]",30,a97eb776a399f2a7c246
1,americanfootball_ncaaf,[2025],2025-08-16T16:00:00Z,"[""daily_16UTC""]",30,ff6297dbe7a618e64018
1,americanfootball_ncaaf,[2025],2025-08-17T16:00:00Z,"[""daily_16UTC""]",30,48c38b56e4fac5449223
1,americanfootball_ncaaf,[2025],2025-08-18T16:00:00Z,"[""daily_16UTC""]",30,633d195ca72d0b490ccf
1,americanfootball_ncaaf,[2025],2025-08-19T16:00:00Z,"[""daily_16UTC""]",30,507f62510e889e3fb0e8
1,americanfootball_ncaaf,[2025],2025-08-20T16:00:00Z,"[""daily_16UTC""]",30,b9e8ad7f62e9f7312906
1,americanfootball_ncaaf,[2025],2025-08-21T16:00:00Z,"[""daily_16UTC""]",30,14cd67c1d178c7adb00f
1,americanfootball_ncaaf,[2025],2025-08-22T16:00:00Z,"[""daily_16UTC""]",30,4a0138f110058042a3d2
1,americanfootball_ncaaf,[2025],2025-08-23T02:30:00Z,"[""MOS_original_evening_slot_diagnostic""]",30,0d5b56cb15241b47ed7e
1,americanfootball_ncaaf,[2025],2025-08-23T15:55:00Z,"[""pregame_close_proxy""]",30,4d0a42972cc3f009ab29
1,americanfootball_ncaaf,[2025],2025-08-23T16:00:00Z,"[""daily_16UTC""]",30,e5e8d438079dde55a645
1,americanfootball_ncaaf,[2025],2025-08-23T19:55:00Z,"[""pregame_close_proxy""]",30,2f1a2e2fc6a70a035212
1,americanfootball_ncaaf,[2025],2025-08-23T22:25:00Z,"[""pregame_close_proxy""]",30,031fd6cda33f9135ede0
1,americanfootball_ncaaf,[2025],2025-08-23T22:55:00Z,"[""pregame_close_proxy""]",30,b2c0c91c109f14da19f2
1,americanfootball_ncaaf,[2025],2025-08-23T23:25:00Z,"[""pregame_close_proxy""]",30,fe113a0dd1c6e7907af4
1,americanfootball_ncaaf,[2025],2025-08-24T16:00:00Z,"[""daily_16UTC""]",30,1471a226dbf2874b709a
1,americanfootball_ncaaf,[2025],2025-08-25T16:00:00Z,"[""daily_16UTC""]",30,70544e6a16f4992fb62e
1,americanfootball_ncaaf,[2025],2025-08-26T16:00:00Z,"[""daily_16UTC""]",30,edda7f44e536a0b73ac8
1,americanfootball_ncaaf,[2025],2025-08-27T16:00:00Z,"[""daily_16UTC""]",30,783037d8f235afb63d48
1,americanfootball_ncaaf,[2025],2025-08-28T02:30:00Z,"[""MOS_original_evening_slot_diagnostic""]",30,2e785ddd082eea67e672
1,americanfootball_ncaaf,[2025],2025-08-28T16:00:00Z,"[""daily_16UTC""]",30,1f372505c13e959314ac
1,americanfootball_ncaaf,[2025],2025-08-28T21:25:00Z,"[""pregame_close_proxy""]",30,0258cb75d7f76cd17d32
1,americanfootball_ncaaf,[2025],2025-08-28T21:55:00Z,"[""pregame_close_proxy""]",30,fccffde29d6e3bf96fa7
1,americanfootball_ncaaf,[2025],2025-08-28T22:55:00Z,"[""pregame_close_proxy""]",30,7d905e1f69271f9e2e5c
1,americanfootball_ncaaf,[2025],2025-08-28T23:25:00Z,"[""pregame_close_proxy""]",30,98a1ab36d0a2db108909
1,americanfootball_ncaaf,[2025],2025-08-28T23:55:00Z,"[""pregame_close_proxy""]",30,f66a2421cd58da511112
1,americanfootball_ncaaf,[2025],2025-08-29T00:55:00Z,"[""pregame_close_proxy""]",30,87684df106e2d142ced9
1,americanfootball_ncaaf,[2025],2025-08-29T01:55:00Z,"[""pregame_close_proxy""]",30,dac0b2fb5362f4cf53eb
1,americanfootball_ncaaf,[2025],2025-08-29T02:30:00Z,"[""MOS_original_evening_slot_diagnostic""]",30,637d3e3c5de76508f6c3
1,americanfootball_ncaaf,[2025],2025-08-29T16:00:00Z,"[""daily_16UTC""]",30,49d4b559b2bd1dd8dabb
1,americanfootball_nfl,[2025],2025-08-29T16:00:00Z,"[""daily_16UTC""]",30,8024c2fb7a8a7e5ed271
1,americanfootball_ncaaf,[2025],2025-08-29T21:55:00Z,"[""pregame_close_proxy""]",30,5b09753b86fa0e275cfe
1,americanfootball_ncaaf,[2025],2025-08-29T22:55:00Z,"[""pregame_close_proxy""]",30,0b7667fd1311f48bf6ab
1,americanfootball_ncaaf,[2025],2025-08-29T23:25:00Z,"[""pregame_close_proxy""]",30,5bc73a0d4e9b126d0694
1,americanfootball_ncaaf,[2025],2025-08-29T23:55:00Z,"[""pregame_close_proxy""]",30,7316d762e084e3325a7a
1,americanfootball_ncaaf,[2025],2025-08-30T01:25:00Z,"[""pregame_close_proxy""]",30,542f200540c2f66c6184
1,americanfootball_ncaaf,[2025],2025-08-30T02:25:00Z,"[""pregame_close_proxy""]",30,eac44ad6ea43639c7b47
1,americanfootball_ncaaf,[2025],2025-08-30T02:30:00Z,"[""MOS_original_evening_slot_diagnostic""]",30,b6c5ef7cb11e62bcae8c
1,americanfootball_ncaaf,[2025],2025-08-30T15:55:00Z,"[""pregame_close_proxy""]",30,04a99a695bf03d52f2fb
1,americanfootball_ncaaf,[2025],2025-08-30T16:00:00Z,"[""daily_16UTC""]",30,a9fa72965668e53a9888
1,americanfootball_nfl,[2025],2025-08-30T16:00:00Z,"[""daily_16UTC""]",30,9800041aa4fa75be39dc
1,americanfootball_ncaaf,[2025],2025-08-30T16:40:00Z,"[""pregame_close_proxy""]",30,4feb93218f126a8c011d
1,americanfootball_ncaaf,[2025],2025-08-30T17:55:00Z,"[""pregame_close_proxy""]",30,477fe25e2b2d3c8fed03
1,americanfootball_ncaaf,[2025],2025-08-30T18:25:00Z,"[""pregame_close_proxy""]",30,eaf3575d51e979f85b8f
1,americanfootball_ncaaf,[2025],2025-08-30T18:55:00Z,"[""pregame_close_proxy""]",30,da35eb1094e172263a03
1,americanfootball_ncaaf,[2025],2025-08-30T19:25:00Z,"[""pregame_close_proxy""]",30,d169c61d11bd92e7a58e
1,americanfootball_ncaaf,[2025],2025-08-30T19:55:00Z,"[""pregame_close_proxy""]",30,8e27bf2763a9a9a51efb
1,americanfootball_ncaaf,[2025],2025-08-30T20:10:00Z,"[""pregame_close_proxy""]",30,43f3cf6ae87143e14f62
1,americanfootball_ncaaf,[2025],2025-08-30T20:25:00Z,"[""pregame_close_proxy""]",30,f3fbea2e141c4d7eb5ca
1,americanfootball_ncaaf,[2025],2025-08-30T21:55:00Z,"[""pregame_close_proxy""]",30,7501bb8384ba5c49b8de
1,americanfootball_ncaaf,[2025],2025-08-30T22:55:00Z,"[""alternate_independent_close_proxy"", ""pregame_close_proxy""]",30,f34e4f3c79125922baf5
1,americanfootball_ncaaf,[2025],2025-08-30T23:25:00Z,"[""pregame_close_proxy""]",30,033540cf6682781f652f
1,americanfootball_ncaaf,[2025],2025-08-30T23:40:00Z,"[""pregame_close_proxy""]",30,25b7dab1f8cc8e0f0cef
1,americanfootball_ncaaf,[2025],2025-08-30T23:55:00Z,"[""pregame_close_proxy""]",30,af27be68549402686e92
1,americanfootball_ncaaf,[2025],2025-08-31T00:55:00Z,"[""pregame_close_proxy""]",30,68c7fb6cfe6a028da955
1,americanfootball_ncaaf,[2025],2025-08-31T01:25:00Z,"[""pregame_close_proxy""]",30,76a962d7a5c1fbfad618
1,americanfootball_ncaaf,[2025],2025-08-31T01:55:00Z,"[""pregame_close_proxy""]",30,a0e4149b6532d0012018
1,americanfootball_ncaaf,[2025],2025-08-31T02:25:00Z,"[""pregame_close_proxy""]",30,e71b6c206189d74c90ec
1,americanfootball_ncaaf,[2025],2025-08-31T02:30:00Z,"[""MOS_original_evening_slot_diagnostic""]",30,37fd64fff5c86cd98fa9
1,americanfootball_ncaaf,[2025],2025-08-31T02:55:00Z,"[""pregame_close_proxy""]",30,c6582602feaf40002cd0
1,americanfootball_ncaaf,[2025],2025-08-31T16:00:00Z,"[""daily_16UTC""]",30,79ce8c81ebde540240ee
1,americanfootball_nfl,[2025],2025-08-31T16:00:00Z,"[""daily_16UTC""]",30,7ad13e8f7f301e0666ef
1,americanfootball_ncaaf,[2025],2025-08-31T18:55:00Z,"[""pregame_close_proxy""]",30,53fef4fa7fe4ae0c6b62
1,americanfootball_ncaaf,[2025],2025-08-31T23:25:00Z,"[""pregame_close_proxy""]",30,c71ab1d2d585b6feabcf
1,americanfootball_ncaaf,[2025],2025-09-01T02:30:00Z,"[""MOS_original_evening_slot_diagnostic""]",30,6f207cb34e30b4ee5dce
1,americanfootball_ncaaf,[2025],2025-09-01T16:00:00Z,"[""daily_16UTC""]",30,9a502eb4fdcd51b81f4e
1,americanfootball_nfl,[2025],2025-09-01T16:00:00Z,"[""daily_16UTC""]",30,6c97c3672f8d02864da1
1,americanfootball_ncaaf,[2025],2025-09-01T23:55:00Z,"[""pregame_close_proxy""]",30,429c871ec5e0aa436778
1,americanfootball_ncaaf,[2025],2025-09-02T16:00:00Z,"[""daily_16UTC""]",30,f92355d3ccd4948dbdfa
1,americanfootball_nfl,[2025],2025-09-02T16:00:00Z,"[""daily_16UTC""]",30,9819808be53a609b816c
1,americanfootball_ncaaf,[2025],2025-09-03T16:00:00Z,"[""daily_16UTC""]",30,62f841556760d7cce270
1,americanfootball_nfl,[2025],2025-09-03T16:00:00Z,"[""daily_16UTC""]",30,74b24cf9d48f2b4a33b2
1,americanfootball_nfl,[2025],2025-09-04T02:30:00Z,"[""MOS_original_evening_slot_diagnostic""]",30,08eaa5a1b402c3e23d89
1,americanfootball_ncaaf,[2025],2025-09-04T16:00:00Z,"[""daily_16UTC""]",30,73b36581b04abcb796d1
1,americanfootball_nfl,[2025],2025-09-04T16:00:00Z,"[""daily_16UTC""]",30,ae5959b0bd2965003103
1,americanfootball_nfl,[2025],2025-09-05T00:15:00Z,"[""pregame_close_proxy""]",30,9f2a60fc96e8bd78a80a
1,americanfootball_ncaaf,[2025],2025-09-05T02:30:00Z,"[""MOS_original_evening_slot_diagnostic""]",30,ce3011f7bcd474677472
1,americanfootball_ncaaf,[2025],2025-09-05T16:00:00Z,"[""daily_16UTC""]",30,a8105c3b0621044a092b
1,americanfootball_nfl,[2025],2025-09-05T16:00:00Z,"[""daily_16UTC""]",30,c5fafa0298fd3e764c03
1,americanfootball_ncaaf,[2025],2025-09-05T22:55:00Z,"[""pregame_close_proxy""]",30,762dbc2377552c9962c8
1,americanfootball_ncaaf,[2025],2025-09-05T23:25:00Z,"[""pregame_close_proxy""]",30,4b2b87c1861e51a22044
1,americanfootball_nfl,[2025],2025-09-05T23:55:00Z,"[""pregame_close_proxy""]",30,21e537d002cb33458aa2
1,americanfootball_ncaaf,[2025],2025-09-06T00:55:00Z,"[""pregame_close_proxy""]",30,285b8f09b59b27ab9120
1,americanfootball_ncaaf,[2025],2025-09-06T02:30:00Z,"[""MOS_original_evening_slot_diagnostic""]",30,356e3f3f82dbdceee74c
1,americanfootball_ncaaf,[2025],2025-09-06T15:55:00Z,"[""pregame_close_proxy""]",30,0950311692512639fd70
1,americanfootball_ncaaf,[2025],2025-09-06T16:00:00Z,"[""daily_16UTC""]",30,d197f468eeb6ae63d106
1,americanfootball_nfl,[2025],2025-09-06T16:00:00Z,"[""daily_16UTC""]",30,03820692ed8f91f592b0
1,americanfootball_ncaaf,[2025],2025-09-06T16:40:00Z,"[""pregame_close_proxy""]",30,3af0a9390b2ad674ba6b
1,americanfootball_ncaaf,[2025],2025-09-06T19:25:00Z,"[""pregame_close_proxy""]",30,250a0715190a1912a4c0
1,americanfootball_ncaaf,[2025],2025-09-06T19:55:00Z,"[""pregame_close_proxy""]",30,4b324c27da4d40a07c62
1,americanfootball_ncaaf,[2025],2025-09-06T20:10:00Z,"[""pregame_close_proxy""]",30,7e55d40c9f5d1cd64b01
1,americanfootball_ncaaf,[2025],2025-09-06T20:55:00Z,"[""pregame_close_proxy""]",30,265a03c839696c4e658a
1,americanfootball_ncaaf,[2025],2025-09-06T21:55:00Z,"[""pregame_close_proxy""]",30,aca632b1d62940e3ca31
1,americanfootball_ncaaf,[2025],2025-09-06T22:55:00Z,"[""pregame_close_proxy""]",30,fd9ac2a4b6f8750621b9
1,americanfootball_ncaaf,[2025],2025-09-06T23:25:00Z,"[""pregame_close_proxy""]",30,4fd1277285d0244726e3
1,americanfootball_ncaaf,[2025],2025-09-06T23:40:00Z,"[""pregame_close_proxy""]",30,3428220c0d1c1fcbc5e1
1,americanfootball_ncaaf,[2025],2025-09-06T23:55:00Z,"[""pregame_close_proxy""]",30,a04379dd2b43c0253b19
1,americanfootball_ncaaf,[2025],2025-09-07T00:55:00Z,"[""pregame_close_proxy""]",30,37bd25f2142476ded58c
1,americanfootball_ncaaf,[2025],2025-09-07T02:10:00Z,"[""pregame_close_proxy""]",30,0a2422c09b71fe679c7e
1,americanfootball_nfl,[2025],2025-09-07T02:30:00Z,"[""MOS_original_evening_slot_diagnostic""]",30,457ebb778aa72b624d72
1,americanfootball_ncaaf,[2025],2025-09-07T03:55:00Z,"[""pregame_close_proxy""]",30,dba70a1d5eb85ac76665
1,americanfootball_ncaaf,[2025],2025-09-07T16:00:00Z,"[""daily_16UTC""]",30,2bc34dcc508742ac7c44
1,americanfootball_nfl,[2025],2025-09-07T16:00:00Z,"[""daily_16UTC""]",30,9a47a1ffef79bfbc83f9
1,americanfootball_nfl,[2025],2025-09-07T16:55:00Z,"[""pregame_close_proxy""]",30,d4b7126fd8a2c4f70e02
1,americanfootball_nfl,[2025],2025-09-07T20:00:00Z,"[""pregame_close_proxy""]",30,27a55a42f1ca2f4c67d8
1,americanfootball_nfl,[2025],2025-09-07T20:20:00Z,"[""pregame_close_proxy""]",30,1c6b644d7bc4d25adf96
1,americanfootball_nfl,[2025],2025-09-08T00:15:00Z,"[""pregame_close_proxy""]",30,5be93d2446aebf13f972
1,americanfootball_nfl,[2025],2025-09-08T02:30:00Z,"[""MOS_original_evening_slot_diagnostic""]",30,58134895215c3f8d09c6
1,americanfootball_ncaaf,[2025],2025-09-08T16:00:00Z,"[""daily_16UTC""]",30,c33335cae3eb2baa580a
1,americanfootball_nfl,[2025],2025-09-08T16:00:00Z,"[""daily_16UTC""]",30,c4f0508bc927715c9fdd
1,americanfootball_nfl,[2025],2025-09-09T00:10:00Z,"[""pregame_close_proxy""]",30,fb5c0a27cd235b197a21
1,americanfootball_ncaaf,[2025],2025-09-09T16:00:00Z,"[""daily_16UTC""]",30,7c5f0653a2ce5a56de2e
1,americanfootball_nfl,[2025],2025-09-09T16:00:00Z,"[""daily_16UTC""]",30,d9c93e9af1f2ab685701
1,americanfootball_ncaaf,[2025],2025-09-10T16:00:00Z,"[""daily_16UTC""]",30,3823f04596d776da2612
1,americanfootball_nfl,[2025],2025-09-10T16:00:00Z,"[""daily_16UTC""]",30,33623e81ef60ede45451
1,americanfootball_ncaaf,[2025],2025-09-11T02:30:00Z,"[""MOS_original_evening_slot_diagnostic""]",30,178a0b7e9f0059389581
1,americanfootball_nfl,[2025],2025-09-11T02:30:00Z,"[""MOS_original_evening_slot_diagnostic""]",30,5c1fa573cfe093c300cf
1,americanfootball_ncaaf,[2025],2025-09-11T16:00:00Z,"[""daily_16UTC""]",30,4d7c1093ed9826c5a434
1,americanfootball_nfl,[2025],2025-09-11T16:00:00Z,"[""daily_16UTC""]",30,ce77241cf9be0e9c01a3
1,americanfootball_ncaaf,[2025],2025-09-11T23:25:00Z,"[""pregame_close_proxy""]",30,8f87b8e41696d24c1975
1,americanfootball_nfl,[2025],2025-09-12T00:10:00Z,"[""pregame_close_proxy""]",30,9f8d7fa5d20d6b6c047d
1,americanfootball_ncaaf,[2025],2025-09-12T02:30:00Z,"[""MOS_original_evening_slot_diagnostic""]",30,9f360d39db31108e3fe3
1,americanfootball_ncaaf,[2025],2025-09-12T16:00:00Z,"[""daily_16UTC""]",30,1d1ef74281215b859dd8
1,americanfootball_nfl,[2025],2025-09-12T16:00:00Z,"[""daily_16UTC""]",30,7e2df2f137bbb5d3987e
1,americanfootball_ncaaf,[2025],2025-09-12T22:25:00Z,"[""pregame_close_proxy""]",30,044c9544c15f0216935d
1,americanfootball_ncaaf,[2025],2025-09-12T22:55:00Z,"[""pregame_close_proxy""]",30,26399605ddcc3c305478
1,americanfootball_ncaaf,[2025],2025-09-12T23:25:00Z,"[""pregame_close_proxy""]",30,f3143cf260a54b02e720
1,americanfootball_ncaaf,[2025],2025-09-13T00:55:00Z,"[""pregame_close_proxy""]",30,545be4189dc58e2c9181
1,americanfootball_ncaaf,[2025],2025-09-13T01:55:00Z,"[""pregame_close_proxy""]",30,b0d53eb81cf309b3c80b
1,americanfootball_ncaaf,[2025],2025-09-13T02:30:00Z,"[""MOS_original_evening_slot_diagnostic""]",30,a426c240c28e6d625f04
1,americanfootball_ncaaf,[2025],2025-09-13T15:55:00Z,"[""pregame_close_proxy""]",30,db858bb947e1bdf2ed52
1,americanfootball_ncaaf,[2025],2025-09-13T16:00:00Z,"[""daily_16UTC""]",30,a32bbcec6f7154ec7efe
1,americanfootball_nfl,[2025],2025-09-13T16:00:00Z,"[""daily_16UTC""]",30,1bbaa3bd43958374a5be
1,americanfootball_ncaaf,[2025],2025-09-13T16:40:00Z,"[""pregame_close_proxy""]",30,bcf4e99dd3fcb3253579
1,americanfootball_ncaaf,[2025],2025-09-13T16:55:00Z,"[""pregame_close_proxy""]",30,a93285bcc56ee475a271
1,americanfootball_ncaaf,[2025],2025-09-13T17:55:00Z,"[""pregame_close_proxy""]",30,031897a4524664098231
1,americanfootball_ncaaf,[2025],2025-09-13T18:55:00Z,"[""pregame_close_proxy""]",30,77f6cfd6b501ac49096e
1,americanfootball_ncaaf,[2025],2025-09-13T19:25:00Z,"[""pregame_close_proxy""]",30,386f0dda56a2686a6a7c
1,americanfootball_ncaaf,[2025],2025-09-13T19:55:00Z,"[""pregame_close_proxy""]",30,756b602f6d4b274c2ae7
1,americanfootball_ncaaf,[2025],2025-09-13T20:10:00Z,"[""pregame_close_proxy""]",30,5272d01268c07c23ccbb
1,americanfootball_ncaaf,[2025],2025-09-13T20:25:00Z,"[""pregame_close_proxy""]",30,f08419a9ca71b5e75104
1,americanfootball_ncaaf,[2025],2025-09-13T20:55:00Z,"[""pregame_close_proxy""]",30,fa84a16796f69e26771a
1,americanfootball_ncaaf,[2025],2025-09-13T21:55:00Z,"[""pregame_close_proxy""]",30,29c9c762c5d55dae6307
1,americanfootball_ncaaf,[2025],2025-09-13T22:55:00Z,"[""pregame_close_proxy""]",30,ec4b1cd3cbe5f86ee317
1,americanfootball_ncaaf,[2025],2025-09-13T23:25:00Z,"[""pregame_close_proxy""]",30,93b6e18059fb5c655ade
1,americanfootball_ncaaf,[2025],2025-09-13T23:40:00Z,"[""alternate_independent_close_proxy""]",30,3ebfb8d5c2bed145ac22
1,americanfootball_ncaaf,[2025],2025-09-13T23:55:00Z,"[""pregame_close_proxy""]",30,04df481f671d63bc204b
1,americanfootball_ncaaf,[2025],2025-09-14T00:25:00Z,"[""pregame_close_proxy""]",30,417842088f75291333e7
1,americanfootball_ncaaf,[2025],2025-09-14T01:40:00Z,"[""pregame_close_proxy""]",30,ced7a7b0d43bfdbc6b59
1,americanfootball_ncaaf,[2025],2025-09-14T01:55:00Z,"[""pregame_close_proxy""]",30,24cf99a94440da63e55b
1,americanfootball_ncaaf,[2025],2025-09-14T02:25:00Z,"[""pregame_close_proxy""]",30,fbf6f8e867d32bf471ad
1,americanfootball_nfl,[2025],2025-09-14T02:30:00Z,"[""MOS_original_evening_slot_diagnostic""]",30,87a8348d937c8e918ca4
1,americanfootball_ncaaf,[2025],2025-09-14T03:50:00Z,"[""pregame_close_proxy""]",30,d282b80ece75cdbfea7b
1,americanfootball_ncaaf,[2025],2025-09-14T16:00:00Z,"[""daily_16UTC""]",30,d486d7276f5a07ae8bdd
1,americanfootball_nfl,[2025],2025-09-14T16:00:00Z,"[""daily_16UTC""]",30,81f881c8d39ffb3fc33d
1,americanfootball_nfl,[2025],2025-09-14T16:55:00Z,"[""pregame_close_proxy""]",30,4b4339df848be7171ce4
1,americanfootball_nfl,[2025],2025-09-14T20:00:00Z,"[""pregame_close_proxy""]",30,5e824e29f389df694792
1,americanfootball_nfl,[2025],2025-09-14T20:20:00Z,"[""pregame_close_proxy""]",30,13a9320d7387ca8d6071
1,americanfootball_nfl,[2025],2025-09-15T00:15:00Z,"[""pregame_close_proxy""]",30,594b566cd2e582bafe07
1,americanfootball_ncaaf,[2025],2025-09-15T16:00:00Z,"[""daily_16UTC""]",30,29ff993ad62428c3bac7
1,americanfootball_nfl,[2025],2025-09-15T16:00:00Z,"[""daily_16UTC""]",30,19fd475f7ef2ba068160
1,americanfootball_nfl,[2025],2025-09-15T22:55:00Z,"[""pregame_close_proxy""]",30,475152cba47dab1ef9bf
1,americanfootball_nfl,[2025],2025-09-16T01:55:00Z,"[""pregame_close_proxy""]",30,1f27f17c3d0a7166d718
1,americanfootball_ncaaf,[2025],2025-09-16T16:00:00Z,"[""daily_16UTC""]",30,54a0c272d0f43fa0d45c
1,americanfootball_nfl,[2025],2025-09-16T16:00:00Z,"[""daily_16UTC""]",30,43c9704111f597c6375f
1,americanfootball_ncaaf,[2025],2025-09-17T16:00:00Z,"[""daily_16UTC""]",30,83215ea61664d02436d3
1,americanfootball_nfl,[2025],2025-09-17T16:00:00Z,"[""daily_16UTC""]",30,3d1a014cd9d72fabdf9d
1,americanfootball_ncaaf,[2025],2025-09-18T02:30:00Z,"[""MOS_original_evening_slot_diagnostic""]",30,5c0a1bcd796e07df80f7
1,americanfootball_nfl,[2025],2025-09-18T02:30:00Z,"[""MOS_original_evening_slot_diagnostic""]",30,f7542b590d79bad2cfed
1,americanfootball_ncaaf,[2025],2025-09-18T16:00:00Z,"[""daily_16UTC""]",30,d9eea97ebd8cc94a460e
1,americanfootball_nfl,[2025],2025-09-18T16:00:00Z,"[""daily_16UTC""]",30,3caf4c411f44c993808e
1,americanfootball_ncaaf,[2025],2025-09-18T23:25:00Z,"[""pregame_close_proxy""]",30,c842a76bf7dcf72086d1
1,americanfootball_nfl,[2025],2025-09-19T00:10:00Z,"[""pregame_close_proxy""]",30,892aba6a33d72841dcd3
1,americanfootball_ncaaf,[2025],2025-09-19T02:30:00Z,"[""MOS_original_evening_slot_diagnostic""]",30,cdeec952a1e28fc4f00e
1,americanfootball_ncaaf,[2025],2025-09-19T16:00:00Z,"[""daily_16UTC""]",30,6a33e9950b989d576861
1,americanfootball_nfl,[2025],2025-09-19T16:00:00Z,"[""daily_16UTC""]",30,f39a0a52259a90b72fe7
1,americanfootball_ncaaf,[2025],2025-09-19T23:25:00Z,"[""pregame_close_proxy""]",30,207895bdedc9a9a4badf
1,americanfootball_ncaaf,[2025],2025-09-19T23:55:00Z,"[""pregame_close_proxy""]",30,3a9b28c1e0273da04a97
1,americanfootball_ncaaf,[2025],2025-09-20T02:30:00Z,"[""MOS_original_evening_slot_diagnostic""]",30,8bfc64e45ae7c2f3bdf2
1,americanfootball_ncaaf,[2025],2025-09-20T15:55:00Z,"[""pregame_close_proxy""]",30,211252a5f9d21b8840f1
1,americanfootball_ncaaf,[2025],2025-09-20T16:00:00Z,"[""daily_16UTC"", ""pregame_close_proxy""]",30,386f72c045e21f99e47d
1,americanfootball_nfl,[2025],2025-09-20T16:00:00Z,"[""daily_16UTC""]",30,2f0513e96d13018b91ee
1,americanfootball_ncaaf,[2025],2025-09-20T16:40:00Z,"[""pregame_close_proxy""]",30,df911d7809d1f1428e3e
1,americanfootball_ncaaf,[2025],2025-09-20T16:55:00Z,"[""pregame_close_proxy""]",30,4d4293b33ed9973fe4b8
1,americanfootball_ncaaf,[2025],2025-09-20T18:55:00Z,"[""pregame_close_proxy""]",30,66496fc119ae2c915852
1,americanfootball_ncaaf,[2025],2025-09-20T19:25:00Z,"[""alternate_independent_close_proxy"", ""pregame_close_proxy""]",30,7de2d11eae262df826e9
1,americanfootball_ncaaf,[2025],2025-09-20T19:55:00Z,"[""pregame_close_proxy""]",30,d1132545595223314cb0
1,americanfootball_ncaaf,[2025],2025-09-20T20:10:00Z,"[""pregame_close_proxy""]",30,5ab447486607791fa028
1,americanfootball_ncaaf,[2025],2025-09-20T20:25:00Z,"[""pregame_close_proxy""]",30,922d84b562322b50ef10
1,americanfootball_ncaaf,[2025],2025-09-20T20:55:00Z,"[""pregame_close_proxy""]",30,c9b01eb8c8ea6096f9cb
1,americanfootball_ncaaf,[2025],2025-09-20T21:55:00Z,"[""alternate_independent_close_proxy"", ""pregame_close_proxy""]",30,9aeb1bb486f9472da245
1,americanfootball_ncaaf,[2025],2025-09-20T22:00:00Z,"[""pregame_close_proxy""]",30,a455f7d42c8437d18900
1,americanfootball_ncaaf,[2025],2025-09-20T22:55:00Z,"[""alternate_independent_close_proxy"", ""pregame_close_proxy""]",30,4088d6ebd189ff30c12f
1,americanfootball_ncaaf,[2025],2025-09-20T23:00:00Z,"[""pregame_close_proxy""]",30,93a0e7ef992a9826779d
1,americanfootball_ncaaf,[2025],2025-09-20T23:25:00Z,"[""pregame_close_proxy""]",30,dedc4eddf3432393fde8
1,americanfootball_ncaaf,[2025],2025-09-20T23:40:00Z,"[""alternate_independent_close_proxy""]",30,b5feaabfa6a0876507f1
1,americanfootball_ncaaf,[2025],2025-09-20T23:45:00Z,"[""pregame_close_proxy""]",30,9aa89c19db91c2770962
1,americanfootball_ncaaf,[2025],2025-09-20T23:55:00Z,"[""alternate_independent_close_proxy"", ""pregame_close_proxy""]",30,6fd934250e58537c010a
1,americanfootball_ncaaf,[2025],2025-09-21T00:00:00Z,"[""pregame_close_proxy""]",30,9757ee8000e84da1ce56
1,americanfootball_ncaaf,[2025],2025-09-21T00:55:00Z,"[""pregame_close_proxy""]",30,e15e15ff494219560f8f
1,americanfootball_ncaaf,[2025],2025-09-21T01:25:00Z,"[""pregame_close_proxy""]",30,6a48717419ba25086974
1,americanfootball_ncaaf,[2025],2025-09-21T02:10:00Z,"[""pregame_close_proxy""]",30,c4c5334c58d72514845d
1,americanfootball_ncaaf,[2025],2025-09-21T02:25:00Z,"[""pregame_close_proxy""]",30,4d7dfd2c4a4f5c07c635
1,americanfootball_nfl,[2025],2025-09-21T02:30:00Z,"[""MOS_original_evening_slot_diagnostic""]",30,66a038075311a2f8f2f1
1,americanfootball_ncaaf,[2025],2025-09-21T02:55:00Z,"[""pregame_close_proxy""]",30,26a11943e9ba3bc4c4c4
1,americanfootball_ncaaf,[2025],2025-09-21T03:50:00Z,"[""pregame_close_proxy""]",30,6742d6828f8b11779a8f
1,americanfootball_ncaaf,[2025],2025-09-21T16:00:00Z,"[""daily_16UTC""]",30,e442fc6938517991dad6
1,americanfootball_nfl,[2025],2025-09-21T16:00:00Z,"[""daily_16UTC""]",30,e669448091f605577c27
1,americanfootball_nfl,[2025],2025-09-21T16:55:00Z,"[""pregame_close_proxy""]",30,810e8b4bd61fb4261418
1,americanfootball_nfl,[2025],2025-09-21T20:00:00Z,"[""pregame_close_proxy""]",30,5329f2cc5ca9cef7e2f7
1,americanfootball_nfl,[2025],2025-09-21T20:20:00Z,"[""pregame_close_proxy""]",30,c0545be0c61ca4bbaf16
1,americanfootball_nfl,[2025],2025-09-22T00:15:00Z,"[""pregame_close_proxy""]",30,ecad1e8e3331818a7e32
1,americanfootball_nfl,[2025],2025-09-22T02:30:00Z,"[""MOS_original_evening_slot_diagnostic""]",30,b22b05df508e585e0008
1,americanfootball_ncaaf,[2025],2025-09-22T16:00:00Z,"[""daily_16UTC""]",30,aee50a63e2e16d32637c
1,americanfootball_nfl,[2025],2025-09-22T16:00:00Z,"[""daily_16UTC""]",30,4040bc5642b88d764f9b
1,americanfootball_nfl,[2025],2025-09-23T00:10:00Z,"[""pregame_close_proxy""]",30,81dfa3827a13e12bbb53
1,americanfootball_ncaaf,[2025],2025-09-23T16:00:00Z,"[""daily_16UTC""]",30,5011653b9cf4c60b1f92
1,americanfootball_nfl,[2025],2025-09-23T16:00:00Z,"[""daily_16UTC""]",30,2ca382f33ccf35dc962f
1,americanfootball_ncaaf,[2025],2025-09-24T16:00:00Z,"[""daily_16UTC""]",30,4db81a9499905ae8d5bf
1,americanfootball_nfl,[2025],2025-09-24T16:00:00Z,"[""daily_16UTC""]",30,e027164a7e734b31bd7c
1,americanfootball_ncaaf,[2025],2025-09-25T02:30:00Z,"[""MOS_original_evening_slot_diagnostic""]",30,b4a59a300158ccd82f57
1,americanfootball_ncaaf,[2025],2025-09-25T16:00:00Z,"[""daily_16UTC""]",30,13ea71eb6c640dba6c72
1,americanfootball_nfl,[2025],2025-09-25T16:00:00Z,"[""daily_16UTC""]",30,034d36c4b2ced3dd678f
1,americanfootball_ncaaf,[2025],2025-09-25T23:25:00Z,"[""pregame_close_proxy""]",30,4841c309e0214d6fd447
1,americanfootball_nfl,[2025],2025-09-26T00:10:00Z,"[""pregame_close_proxy""]",30,929954e5b7e1d71a7b1e
1,americanfootball_ncaaf,[2025],2025-09-26T02:30:00Z,"[""MOS_original_evening_slot_diagnostic""]",30,8321f446135505fa1874
1,americanfootball_ncaaf,[2025],2025-09-26T16:00:00Z,"[""daily_16UTC""]",30,32aed28e6063485a1909
1,americanfootball_nfl,[2025],2025-09-26T16:00:00Z,"[""daily_16UTC""]",30,800190085fcdb86369be
1,americanfootball_ncaaf,[2025],2025-09-26T22:55:00Z,"[""pregame_close_proxy""]",30,486ada34e3addbc3b98f
1,americanfootball_ncaaf,[2025],2025-09-27T00:55:00Z,"[""pregame_close_proxy""]",30,10e1ae744472a3805e33
1,americanfootball_ncaaf,[2025],2025-09-27T02:25:00Z,"[""pregame_close_proxy""]",30,f1175f6f05ceac688e50
1,americanfootball_ncaaf,[2025],2025-09-27T02:30:00Z,"[""MOS_original_evening_slot_diagnostic""]",30,15f9b610c57219a26e2c
1,americanfootball_ncaaf,[2025],2025-09-27T15:55:00Z,"[""pregame_close_proxy""]",30,0460a513173be6aee675
1,americanfootball_ncaaf,[2025],2025-09-27T16:00:00Z,"[""daily_16UTC""]",30,be0a93cdd1a4a230d2cf
1,americanfootball_nfl,[2025],2025-09-27T16:00:00Z,"[""daily_16UTC""]",30,912fdde465da7d5eab32
1,americanfootball_ncaaf,[2025],2025-09-27T16:40:00Z,"[""pregame_close_proxy""]",30,1753f0a238fa39396663
1,americanfootball_ncaaf,[2025],2025-09-27T16:55:00Z,"[""pregame_close_proxy""]",30,c4f930fe2fa0bcc4b7c7
1,americanfootball_ncaaf,[2025],2025-09-27T17:25:00Z,"[""pregame_close_proxy""]",30,d812f2992a85b8ceb174
1,americanfootball_ncaaf,[2025],2025-09-27T18:55:00Z,"[""pregame_close_proxy""]",30,1ad109362169c9456a62
1,americanfootball_ncaaf,[2025],2025-09-27T19:25:00Z,"[""pregame_close_proxy""]",30,2bc48a72427c27c4fb33
1,americanfootball_ncaaf,[2025],2025-09-27T19:55:00Z,"[""alternate_independent_close_proxy"", ""pregame_close_proxy""]",30,7607e297abf09dc76e2a
1,americanfootball_ncaaf,[2025],2025-09-27T20:05:00Z,"[""pregame_close_proxy""]",30,2438ab5d11aae0829356
1,americanfootball_ncaaf,[2025],2025-09-27T20:10:00Z,"[""pregame_close_proxy""]",30,19ba95987289087900cc
1,americanfootball_ncaaf,[2025],2025-09-27T21:55:00Z,"[""pregame_close_proxy""]",30,1ed66cee916fcfd04517
1,americanfootball_ncaaf,[2025],2025-09-27T22:25:00Z,"[""pregame_close_proxy""]",30,00c82daa782cc1d9b231
1,americanfootball_ncaaf,[2025],2025-09-27T22:55:00Z,"[""pregame_close_proxy""]",30,f30a669d47cce965792d
1,americanfootball_ncaaf,[2025],2025-09-27T23:25:00Z,"[""pregame_close_proxy""]",30,7697a1e82300fd301db1
1,americanfootball_ncaaf,[2025],2025-09-27T23:40:00Z,"[""pregame_close_proxy""]",30,87ed898c81968a2ab7ab
1,americanfootball_ncaaf,[2025],2025-09-27T23:55:00Z,"[""pregame_close_proxy""]",30,405711625d7dcc353468
1,americanfootball_ncaaf,[2025],2025-09-28T00:55:00Z,"[""pregame_close_proxy""]",30,013f1953895425447eba
1,americanfootball_ncaaf,[2025],2025-09-28T02:10:00Z,"[""pregame_close_proxy""]",30,27a435b7892d97306beb
1,americanfootball_nfl,[2025],2025-09-28T02:30:00Z,"[""MOS_original_evening_slot_diagnostic""]",30,76395af5c94c0ece6433
1,americanfootball_nfl,[2025],2025-09-28T13:25:00Z,"[""pregame_close_proxy""]",30,1620009eac03c7a12e0d
1,americanfootball_ncaaf,[2025],2025-09-28T16:00:00Z,"[""daily_16UTC""]",30,a4ae7a4ef6a04d5fec3f
1,americanfootball_nfl,[2025],2025-09-28T16:00:00Z,"[""daily_16UTC""]",30,7cdef5c17fbed37a0ba7
1,americanfootball_nfl,[2025],2025-09-28T16:55:00Z,"[""pregame_close_proxy""]",30,9d22af76adadaf30c956
1,americanfootball_nfl,[2025],2025-09-28T20:00:00Z,"[""pregame_close_proxy""]",30,337d30de7ef3c3cedc11
1,americanfootball_nfl,[2025],2025-09-28T20:20:00Z,"[""pregame_close_proxy""]",30,7d94f1f8056b0ebe47b4
1,americanfootball_nfl,[2025],2025-09-29T00:15:00Z,"[""pregame_close_proxy""]",30,4469fa0f9b86fc5cbe12
1,americanfootball_nfl,[2025],2025-09-29T02:30:00Z,"[""MOS_original_evening_slot_diagnostic""]",30,573c7218ddff489de6af
1,americanfootball_ncaaf,[2025],2025-09-29T16:00:00Z,"[""daily_16UTC""]",30,4b49d3d3e344a1c5ee1a
1,americanfootball_nfl,[2025],2025-09-29T16:00:00Z,"[""daily_16UTC""]",30,8175930af165611acd23
1,americanfootball_nfl,[2025],2025-09-29T23:10:00Z,"[""pregame_close_proxy""]",30,c992552703f7761694df
1,americanfootball_nfl,[2025],2025-09-30T00:10:00Z,"[""pregame_close_proxy""]",30,c8ea7613c99e1b4b0edb
1,americanfootball_ncaaf,[2025],2025-09-30T16:00:00Z,"[""daily_16UTC""]",30,49c3a285fd4362782d27
1,americanfootball_nfl,[2025],2025-09-30T16:00:00Z,"[""daily_16UTC""]",30,4b92ce99519228e6fae3
1,americanfootball_ncaaf,[2025],2025-10-01T16:00:00Z,"[""daily_16UTC""]",30,bb2eb502904829417192
1,americanfootball_nfl,[2025],2025-10-01T16:00:00Z,"[""daily_16UTC""]",30,26bcf4483981c38a6b8f
1,americanfootball_ncaaf,[2025],2025-10-02T02:30:00Z,"[""MOS_original_evening_slot_diagnostic""]",30,615b456336d31aa4e78f
1,americanfootball_ncaaf,[2025],2025-10-02T16:00:00Z,"[""daily_16UTC""]",30,eff623b5226cd582c446
1,americanfootball_nfl,[2025],2025-10-02T16:00:00Z,"[""daily_16UTC""]",30,12dbfceeedcf4d9f840b
1,americanfootball_nfl,[2025],2025-10-03T00:10:00Z,"[""pregame_close_proxy""]",30,30f813a7f3705e3c0ec0
1,americanfootball_ncaaf,[2025],2025-10-03T00:55:00Z,"[""pregame_close_proxy""]",30,197bcca989a8c34ec0cb
1,americanfootball_ncaaf,[2025],2025-10-03T02:30:00Z,"[""MOS_original_evening_slot_diagnostic""]",30,df894394a61bf0858aba
1,americanfootball_ncaaf,[2025],2025-10-03T16:00:00Z,"[""daily_16UTC""]",30,b3e56905b94313118d6f
1,americanfootball_nfl,[2025],2025-10-03T16:00:00Z,"[""daily_16UTC""]",30,d66f50f3f4d39fdfc9c2
1,americanfootball_ncaaf,[2025],2025-10-03T22:55:00Z,"[""pregame_close_proxy""]",30,75abda6279434a304fb4
1,americanfootball_ncaaf,[2025],2025-10-04T01:55:00Z,"[""pregame_close_proxy""]",30,331a9d0088096da5b665
1,americanfootball_ncaaf,[2025],2025-10-04T02:25:00Z,"[""pregame_close_proxy""]",30,43044727665ef25069e6
1,americanfootball_ncaaf,[2025],2025-10-04T02:30:00Z,"[""MOS_original_evening_slot_diagnostic""]",0,39ae9563fa984741ae30
1,americanfootball_ncaaf,[2025],2025-10-04T15:55:00Z,"[""pregame_close_proxy""]",30,d516cbdcedaa661d8582
1,americanfootball_ncaaf,[2025],2025-10-04T16:00:00Z,"[""daily_16UTC""]",0,cc718ab71b11a2ff524e
1,americanfootball_nfl,[2025],2025-10-04T16:00:00Z,"[""daily_16UTC""]",30,73fb566fd9afbf9ddffa
1,americanfootball_ncaaf,[2025],2025-10-04T16:55:00Z,"[""pregame_close_proxy""]",30,0b7280f08d753665b44e
1,americanfootball_ncaaf,[2025],2025-10-04T17:55:00Z,"[""pregame_close_proxy""]",30,4265cf7342342013d5d0
1,americanfootball_ncaaf,[2025],2025-10-04T18:25:00Z,"[""pregame_close_proxy""]",30,efcbd80dd72475e14917
1,americanfootball_ncaaf,[2025],2025-10-04T18:55:00Z,"[""pregame_close_proxy""]",30,ce5865221cc0c008c5cb
1,americanfootball_ncaaf,[2025],2025-10-04T19:25:00Z,"[""pregame_close_proxy""]",30,43a163cf89198eeec168
1,americanfootball_ncaaf,[2025],2025-10-04T19:55:00Z,"[""pregame_close_proxy""]",30,90e00f78cd872aff29fe
1,americanfootball_ncaaf,[2025],2025-10-04T21:55:00Z,"[""pregame_close_proxy""]",30,8822920ae232bdd37a3f
1,americanfootball_ncaaf,[2025],2025-10-04T22:55:00Z,"[""pregame_close_proxy""]",30,612b0e10748a5d688266
1,americanfootball_ncaaf,[2025],2025-10-04T23:25:00Z,"[""pregame_close_proxy""]",30,2236e15e1e89e4df95af
1,americanfootball_ncaaf,[2025],2025-10-04T23:55:00Z,"[""pregame_close_proxy""]",30,d6f476b49dfccd7eb2dd
1,americanfootball_ncaaf,[2025],2025-10-05T01:25:00Z,"[""pregame_close_proxy""]",30,c4dbbbd63dc2c2977394
1,americanfootball_ncaaf,[2025],2025-10-05T02:25:00Z,"[""alternate_independent_close_proxy"", ""pregame_close_proxy""]",30,423f83c5215802f9581d
1,americanfootball_nfl,[2025],2025-10-05T02:30:00Z,"[""MOS_original_evening_slot_diagnostic""]",0,07437b2cc2ea33c824d9
1,americanfootball_nfl,[2025],2025-10-05T13:25:00Z,"[""pregame_close_proxy""]",30,e979eef6cb12d53251c6
1,americanfootball_ncaaf,[2025],2025-10-05T16:00:00Z,"[""daily_16UTC""]",30,2bbf99efb02b1d613d29
1,americanfootball_nfl,[2025],2025-10-05T16:00:00Z,"[""daily_16UTC""]",0,450e43cf601f93c77e4f
1,americanfootball_nfl,[2025],2025-10-05T16:55:00Z,"[""pregame_close_proxy""]",30,5a3fd015147652b22cca
1,americanfootball_nfl,[2025],2025-10-05T20:00:00Z,"[""pregame_close_proxy""]",30,7d7659e1eb53d08c5eb0
1,americanfootball_nfl,[2025],2025-10-05T20:20:00Z,"[""pregame_close_proxy""]",30,fcff374803837a6f87ad
1,americanfootball_nfl,[2025],2025-10-06T00:15:00Z,"[""pregame_close_proxy""]",30,83c27d8985cd02beb2ec
1,americanfootball_nfl,[2025],2025-10-06T02:30:00Z,"[""MOS_original_evening_slot_diagnostic""]",30,1502173e79eef8202242
1,americanfootball_ncaaf,[2025],2025-10-06T16:00:00Z,"[""daily_16UTC""]",30,fc89cfb5e3e5d77885ed
1,americanfootball_nfl,[2025],2025-10-06T16:00:00Z,"[""daily_16UTC""]",30,4d0c34ada18939dfb112
1,americanfootball_nfl,[2025],2025-10-07T00:10:00Z,"[""pregame_close_proxy""]",30,e959cefc468f5ca02a2f
1,americanfootball_ncaaf,[2025],2025-10-07T16:00:00Z,"[""daily_16UTC""]",30,09211647bed140e1eaa3
1,americanfootball_nfl,[2025],2025-10-07T16:00:00Z,"[""daily_16UTC""]",30,7d27135bc5be53fe0ddc
1,americanfootball_ncaaf,[2025],2025-10-08T02:30:00Z,"[""MOS_original_evening_slot_diagnostic""]",30,d727a9505223ea6374d4
1,americanfootball_ncaaf,[2025],2025-10-08T16:00:00Z,"[""daily_16UTC""]",30,4659518b483eb23cdb7f
1,americanfootball_nfl,[2025],2025-10-08T16:00:00Z,"[""daily_16UTC""]",30,b062805dcdbae547e826
1,americanfootball_ncaaf,[2025],2025-10-08T23:25:00Z,"[""pregame_close_proxy""]",30,e09bddb565badba340b0
1,americanfootball_ncaaf,[2025],2025-10-08T23:55:00Z,"[""pregame_close_proxy""]",30,5ed00cc46efe077129e9
1,americanfootball_ncaaf,[2025],2025-10-09T02:30:00Z,"[""MOS_original_evening_slot_diagnostic""]",30,7d5911d4b54a1d7145e6
1,americanfootball_nfl,[2025],2025-10-09T02:30:00Z,"[""MOS_original_evening_slot_diagnostic""]",30,8714bf4a420db0c4667c
1,americanfootball_ncaaf,[2025],2025-10-09T16:00:00Z,"[""daily_16UTC""]",30,4fae87d6c33b60f8beb6
1,americanfootball_nfl,[2025],2025-10-09T16:00:00Z,"[""daily_16UTC""]",30,56ba76c1745abe91afd8
1,americanfootball_ncaaf,[2025],2025-10-09T22:55:00Z,"[""pregame_close_proxy""]",30,9b1992539e296fa90783
1,americanfootball_ncaaf,[2025],2025-10-09T23:25:00Z,"[""pregame_close_proxy""]",30,ef86e081263d6ba867f8
1,americanfootball_ncaaf,[2025],2025-10-09T23:55:00Z,"[""pregame_close_proxy""]",30,59cfbf4a60fdc835a14b
1,americanfootball_nfl,[2025],2025-10-10T00:10:00Z,"[""pregame_close_proxy""]",30,91e1cb14d782de6775dd
1,americanfootball_ncaaf,[2025],2025-10-10T02:30:00Z,"[""MOS_original_evening_slot_diagnostic""]",30,5989c43596dd5fe0abda
1,americanfootball_ncaaf,[2025],2025-10-10T16:00:00Z,"[""daily_16UTC""]",30,660d47924d7e2514b7cf
1,americanfootball_nfl,[2025],2025-10-10T16:00:00Z,"[""daily_16UTC""]",30,206828a5a733a108c8dc
1,americanfootball_ncaaf,[2025],2025-10-10T23:25:00Z,"[""pregame_close_proxy""]",30,1fe4d0a1448d49d6ff29
1,americanfootball_ncaaf,[2025],2025-10-11T00:55:00Z,"[""pregame_close_proxy""]",30,5ed5e947a0be4c827f90
1,americanfootball_ncaaf,[2025],2025-10-11T02:30:00Z,"[""MOS_original_evening_slot_diagnostic""]",30,c47dbd7d40139d1fa061
1,americanfootball_ncaaf,[2025],2025-10-11T15:50:00Z,"[""pregame_close_proxy""]",30,3b00febd1fbc8c72c6cb
1,americanfootball_ncaaf,[2025],2025-10-11T15:55:00Z,"[""pregame_close_proxy""]",30,87da0b77ac6c52ed787d
1,americanfootball_ncaaf,[2025],2025-10-11T16:00:00Z,"[""daily_16UTC""]",30,0bc4c82021878633f3e0
1,americanfootball_nfl,[2025],2025-10-11T16:00:00Z,"[""daily_16UTC""]",30,8a95f246cebafa891117
1,americanfootball_ncaaf,[2025],2025-10-11T16:40:00Z,"[""pregame_close_proxy""]",30,b4d469356b67899d4de2
1,americanfootball_ncaaf,[2025],2025-10-11T16:55:00Z,"[""pregame_close_proxy""]",30,fe4a8575caafe2a3d2b5
1,americanfootball_ncaaf,[2025],2025-10-11T18:25:00Z,"[""pregame_close_proxy""]",30,080e75aba62c5a096b3c
1,americanfootball_ncaaf,[2025],2025-10-11T19:25:00Z,"[""pregame_close_proxy""]",30,09f8ba89c1ec10ef694f
1,americanfootball_ncaaf,[2025],2025-10-11T19:55:00Z,"[""pregame_close_proxy""]",30,1a2d4d02de7b4fe4ed05
1,americanfootball_ncaaf,[2025],2025-10-11T20:10:00Z,"[""pregame_close_proxy""]",30,5dc47ac9dcab33037338
1,americanfootball_ncaaf,[2025],2025-10-11T21:55:00Z,"[""pregame_close_proxy""]",30,c6dc997354c0c9b1af75
1,americanfootball_ncaaf,[2025],2025-10-11T22:55:00Z,"[""pregame_close_proxy""]",30,7730dd520a7f17721e59
1,americanfootball_ncaaf,[2025],2025-10-11T23:25:00Z,"[""pregame_close_proxy""]",30,740423ff9257cb7f43b8
1,americanfootball_ncaaf,[2025],2025-10-11T23:40:00Z,"[""pregame_close_proxy""]",30,c781e5d2f37410f12a85
1,americanfootball_ncaaf,[2025],2025-10-11T23:55:00Z,"[""pregame_close_proxy""]",30,15b7f6a067df03b94d4f
1,americanfootball_ncaaf,[2025],2025-10-12T01:40:00Z,"[""pregame_close_proxy""]",30,f6ae6273025211945ca8
1,americanfootball_ncaaf,[2025],2025-10-12T02:10:00Z,"[""pregame_close_proxy""]",30,eced0d29e190f51a2eca
1,americanfootball_ncaaf,[2025],2025-10-12T02:25:00Z,"[""pregame_close_proxy""]",30,b8bd9618aab0ad8604c6
1,americanfootball_nfl,[2025],2025-10-12T02:30:00Z,"[""MOS_original_evening_slot_diagnostic""]",30,b1bb51ebc6b089cb6039
1,americanfootball_ncaaf,[2025],2025-10-12T03:50:00Z,"[""pregame_close_proxy""]",30,8b9806d69d717967f1d8
1,americanfootball_nfl,[2025],2025-10-12T13:25:00Z,"[""pregame_close_proxy""]",30,bc557277e3645a49bb2b
1,americanfootball_ncaaf,[2025],2025-10-12T16:00:00Z,"[""daily_16UTC""]",30,0ad154358f2413c333ab
1,americanfootball_nfl,[2025],2025-10-12T16:00:00Z,"[""daily_16UTC""]",30,7bc24fefefc86cdab1dd
1,americanfootball_nfl,[2025],2025-10-12T16:55:00Z,"[""pregame_close_proxy""]",30,dd08197a3188d85146e6
1,americanfootball_nfl,[2025],2025-10-12T20:00:00Z,"[""pregame_close_proxy""]",30,bdfedffa4f1378b6b76b
1,americanfootball_nfl,[2025],2025-10-12T20:20:00Z,"[""pregame_close_proxy""]",30,d3cf0a00f6a47c4ef837
1,americanfootball_nfl,[2025],2025-10-13T00:15:00Z,"[""pregame_close_proxy""]",30,a92a80e91a4f3b629174
1,americanfootball_nfl,[2025],2025-10-13T02:30:00Z,"[""MOS_original_evening_slot_diagnostic""]",30,438d8c196bdab2b88508
1,americanfootball_ncaaf,[2025],2025-10-13T16:00:00Z,"[""daily_16UTC""]",30,f1813265423cf8d5036d
1,americanfootball_nfl,[2025],2025-10-13T16:00:00Z,"[""daily_16UTC""]",30,35ef1a95b901b34f0ea3
1,americanfootball_nfl,[2025],2025-10-13T23:10:00Z,"[""pregame_close_proxy""]",30,517509a29df9f36b2b50
1,americanfootball_nfl,[2025],2025-10-14T00:10:00Z,"[""pregame_close_proxy""]",30,3c1604af0f9ab1a4bbc3
1,americanfootball_ncaaf,[2025],2025-10-14T02:30:00Z,"[""MOS_original_evening_slot_diagnostic""]",30,fa47422fa81711b6e584
1,americanfootball_ncaaf,[2025],2025-10-14T16:00:00Z,"[""daily_16UTC""]",30,4460aa2dd5284546f4f5
1,americanfootball_nfl,[2025],2025-10-14T16:00:00Z,"[""daily_16UTC""]",30,940584cc20fc9425091f
1,americanfootball_ncaaf,[2025],2025-10-14T22:55:00Z,"[""pregame_close_proxy""]",30,626552dc9fd95e505083
1,americanfootball_ncaaf,[2025],2025-10-14T23:25:00Z,"[""pregame_close_proxy""]",30,c7688c614d54e1ceab71
1,americanfootball_ncaaf,[2025],2025-10-14T23:55:00Z,"[""pregame_close_proxy""]",30,2e96629d8cef412cc8fa
1,americanfootball_ncaaf,[2025],2025-10-15T02:30:00Z,"[""MOS_original_evening_slot_diagnostic""]",30,a66bf0fdd9d2c356c7a0
1,americanfootball_ncaaf,[2025],2025-10-15T16:00:00Z,"[""daily_16UTC""]",30,7d6adb3f3a47c8545a20
1,americanfootball_nfl,[2025],2025-10-15T16:00:00Z,"[""daily_16UTC""]",30,ce528bfdd926bdc07ac8
1,americanfootball_ncaaf,[2025],2025-10-15T22:55:00Z,"[""pregame_close_proxy""]",30,8a099202ff1538c5c3a7
1,americanfootball_ncaaf,[2025],2025-10-16T02:30:00Z,"[""MOS_original_evening_slot_diagnostic""]",30,f879debd1fae5f93d219
1,americanfootball_nfl,[2025],2025-10-16T02:30:00Z,"[""MOS_original_evening_slot_diagnostic""]",30,4fcd6714ec3b4b9e7301
1,americanfootball_ncaaf,[2025],2025-10-16T16:00:00Z,"[""daily_16UTC""]",30,791ba61614520fbabf96
1,americanfootball_nfl,[2025],2025-10-16T16:00:00Z,"[""daily_16UTC""]",30,8eb4f3d1fcb6a4751f70
1,americanfootball_ncaaf,[2025],2025-10-16T23:25:00Z,"[""pregame_close_proxy""]",30,bdc31e68e13697fb2bce
1,americanfootball_nfl,[2025],2025-10-17T00:10:00Z,"[""pregame_close_proxy""]",30,3c491dbe64c03f3c0047
1,americanfootball_ncaaf,[2025],2025-10-17T02:30:00Z,"[""MOS_original_evening_slot_diagnostic""]",30,03b19ba2e62eeab05c27
1,americanfootball_ncaaf,[2025],2025-10-17T16:00:00Z,"[""daily_16UTC""]",30,f9b2af0edbe8941e02cb
1,americanfootball_nfl,[2025],2025-10-17T16:00:00Z,"[""daily_16UTC""]",30,d22be93148f5564d621b
1,americanfootball_ncaaf,[2025],2025-10-17T22:55:00Z,"[""pregame_close_proxy""]",30,703ec3f689ad466c9e8b
1,americanfootball_ncaaf,[2025],2025-10-17T23:55:00Z,"[""pregame_close_proxy""]",30,c3986b8be8110075337d
1,americanfootball_ncaaf,[2025],2025-10-18T00:55:00Z,"[""pregame_close_proxy""]",30,dbf27130ddd790f62e1b
1,americanfootball_ncaaf,[2025],2025-10-18T02:25:00Z,"[""pregame_close_proxy""]",30,f95ab39879bdfff4b885
1,americanfootball_ncaaf,[2025],2025-10-18T02:30:00Z,"[""MOS_original_evening_slot_diagnostic""]",30,55345e7a255456339230
1,americanfootball_ncaaf,[2025],2025-10-18T15:55:00Z,"[""pregame_close_proxy""]",30,e5eca5881d0662ff57fc
1,americanfootball_ncaaf,[2025],2025-10-18T16:00:00Z,"[""daily_16UTC""]",30,b6022efd8ebe2dee8ef7
1,americanfootball_nfl,[2025],2025-10-18T16:00:00Z,"[""daily_16UTC""]",30,95dc38032b045011bb4d
1,americanfootball_ncaaf,[2025],2025-10-18T16:40:00Z,"[""pregame_close_proxy""]",30,fc0cb72ebd1068e15a7c
1,americanfootball_ncaaf,[2025],2025-10-18T16:55:00Z,"[""pregame_close_proxy""]",30,8a6531bd29825bfdab55
1,americanfootball_ncaaf,[2025],2025-10-18T17:55:00Z,"[""pregame_close_proxy""]",30,19bee7ef50caa69ff8fd
1,americanfootball_ncaaf,[2025],2025-10-18T18:25:00Z,"[""pregame_close_proxy""]",30,76990cdd62522f7fa163
1,americanfootball_ncaaf,[2025],2025-10-18T18:55:00Z,"[""pregame_close_proxy""]",30,41d9e57e173fd1be66c1
1,americanfootball_ncaaf,[2025],2025-10-18T19:25:00Z,"[""pregame_close_proxy""]",30,eb9dd130c02cda4df34e
1,americanfootball_ncaaf,[2025],2025-10-18T19:55:00Z,"[""pregame_close_proxy""]",30,953da6ca4fce1de072b9
1,americanfootball_ncaaf,[2025],2025-10-18T20:10:00Z,"[""pregame_close_proxy""]",30,d6351bd4cb9e977283aa
1,americanfootball_ncaaf,[2025],2025-10-18T20:55:00Z,"[""pregame_close_proxy""]",30,4b059835557f4030b489
1,americanfootball_ncaaf,[2025],2025-10-18T22:25:00Z,"[""pregame_close_proxy""]",30,6d5aa87812215159b471
1,americanfootball_ncaaf,[2025],2025-10-18T22:55:00Z,"[""pregame_close_proxy""]",30,95f0630bae90983f6672
1,americanfootball_ncaaf,[2025],2025-10-18T23:25:00Z,"[""pregame_close_proxy""]",30,6733e5d919fd657381a9
1,americanfootball_ncaaf,[2025],2025-10-18T23:40:00Z,"[""pregame_close_proxy""]",30,ab7fba5a369ed194c9fe
1,americanfootball_ncaaf,[2025],2025-10-18T23:55:00Z,"[""pregame_close_proxy""]",30,af3b2d3353438cb95ed0
1,americanfootball_ncaaf,[2025],2025-10-19T01:40:00Z,"[""pregame_close_proxy""]",30,1e726e0e8686b146826e
1,americanfootball_ncaaf,[2025],2025-10-19T01:55:00Z,"[""pregame_close_proxy""]",30,440bb34c7bc5bf247ff1
1,americanfootball_ncaaf,[2025],2025-10-19T02:25:00Z,"[""pregame_close_proxy""]",30,4b9b1eeb85635ce81416
1,americanfootball_nfl,[2025],2025-10-19T02:30:00Z,"[""MOS_original_evening_slot_diagnostic""]",30,920d665f866912074b59
1,americanfootball_nfl,[2025],2025-10-19T13:25:00Z,"[""pregame_close_proxy""]",30,b8b4a2c17b59a80c9b4e
1,americanfootball_ncaaf,[2025],2025-10-19T16:00:00Z,"[""daily_16UTC""]",30,d027f2f4c11c7e63a297
1,americanfootball_nfl,[2025],2025-10-19T16:00:00Z,"[""daily_16UTC""]",30,2ec290857337dc756644
1,americanfootball_nfl,[2025],2025-10-19T16:55:00Z,"[""pregame_close_proxy""]",30,4b528dc56ac1c55a5f41
1,americanfootball_nfl,[2025],2025-10-19T20:00:00Z,"[""pregame_close_proxy""]",30,f2d7c078e7a9d8729caf
1,americanfootball_nfl,[2025],2025-10-19T20:20:00Z,"[""pregame_close_proxy""]",30,bae4f0f45486094cc428
1,americanfootball_nfl,[2025],2025-10-20T00:15:00Z,"[""pregame_close_proxy""]",30,98d5e5521e392de551a0
1,americanfootball_nfl,[2025],2025-10-20T02:30:00Z,"[""MOS_original_evening_slot_diagnostic""]",30,ff0f1614e4bef8b7532d
1,americanfootball_ncaaf,[2025],2025-10-20T16:00:00Z,"[""daily_16UTC""]",30,ece94bb5cd4f91798545
1,americanfootball_nfl,[2025],2025-10-20T16:00:00Z,"[""daily_16UTC""]",30,f02d6b4ae1f198bc6b38
1,americanfootball_nfl,[2025],2025-10-20T22:55:00Z,"[""pregame_close_proxy""]",30,e143ffc97d907918eb36
1,americanfootball_nfl,[2025],2025-10-21T01:55:00Z,"[""pregame_close_proxy""]",30,f5f40e2613fd1e5a45e4
1,americanfootball_ncaaf,[2025],2025-10-21T02:30:00Z,"[""MOS_original_evening_slot_diagnostic""]",30,6b2ea92b6e647f2abc0d
1,americanfootball_ncaaf,[2025],2025-10-21T16:00:00Z,"[""daily_16UTC""]",30,7801bda1d1faac4d89e0
1,americanfootball_nfl,[2025],2025-10-21T16:00:00Z,"[""daily_16UTC""]",30,618ef49ca5a55333655b
1,americanfootball_ncaaf,[2025],2025-10-21T22:55:00Z,"[""pregame_close_proxy""]",30,05e40ced2e9115d1ba1a
1,americanfootball_ncaaf,[2025],2025-10-21T23:25:00Z,"[""pregame_close_proxy""]",30,2f14a63438e192b0fbd9
1,americanfootball_ncaaf,[2025],2025-10-22T02:30:00Z,"[""MOS_original_evening_slot_diagnostic""]",30,521c38116ebfb628abf1
1,americanfootball_ncaaf,[2025],2025-10-22T16:00:00Z,"[""daily_16UTC""]",30,1bbf19ef0916ab0cda57
1,americanfootball_nfl,[2025],2025-10-22T16:00:00Z,"[""daily_16UTC""]",30,e5eae360c56fcfc2b85a
1,americanfootball_ncaaf,[2025],2025-10-22T23:25:00Z,"[""pregame_close_proxy""]",30,524cd1c33bb6391e12e0
1,americanfootball_ncaaf,[2025],2025-10-23T00:55:00Z,"[""pregame_close_proxy""]",30,27264a0af8a1fc55efb4
1,americanfootball_ncaaf,[2025],2025-10-23T02:30:00Z,"[""MOS_original_evening_slot_diagnostic""]",30,3a6617c4fdda45dcb1a0
1,americanfootball_ncaaf,[2025],2025-10-23T16:00:00Z,"[""daily_16UTC""]",30,fb17f545719ad0869ea2
1,americanfootball_nfl,[2025],2025-10-23T16:00:00Z,"[""daily_16UTC""]",30,2d66e60f9a1e17bed5c3
1,americanfootball_ncaaf,[2025],2025-10-23T23:25:00Z,"[""pregame_close_proxy""]",30,141f37613a3f77b0f9a5
1,americanfootball_nfl,[2025],2025-10-24T00:10:00Z,"[""pregame_close_proxy""]",30,c99f84aa773e803dc783
1,americanfootball_ncaaf,[2025],2025-10-24T02:30:00Z,"[""MOS_original_evening_slot_diagnostic""]",30,683f430f0ed10c112e20
1,americanfootball_ncaaf,[2025],2025-10-24T16:00:00Z,"[""daily_16UTC""]",30,d4d9a90e643de9e4b815
1,americanfootball_nfl,[2025],2025-10-24T16:00:00Z,"[""daily_16UTC""]",30,ec0a1c1248c1d52a06a1
1,americanfootball_ncaaf,[2025],2025-10-24T22:55:00Z,"[""pregame_close_proxy""]",30,6d01e8cfd5688c2dc9dc
1,americanfootball_ncaaf,[2025],2025-10-24T23:25:00Z,"[""pregame_close_proxy""]",30,0f60268289f90d9d8c87
1,americanfootball_ncaaf,[2025],2025-10-25T01:55:00Z,"[""pregame_close_proxy""]",30,ceed846de5e615b7c74d
1,americanfootball_ncaaf,[2025],2025-10-25T02:30:00Z,"[""MOS_original_evening_slot_diagnostic""]",30,25b475d20770c9261753
1,americanfootball_ncaaf,[2025],2025-10-25T15:55:00Z,"[""pregame_close_proxy""]",30,7f7e23f7fba6e09bb1e4
1,americanfootball_ncaaf,[2025],2025-10-25T16:00:00Z,"[""daily_16UTC""]",30,2b323e5fa39e45a8e2cf
1,americanfootball_nfl,[2025],2025-10-25T16:00:00Z,"[""daily_16UTC""]",30,67951b4b8d462d9f6d00
1,americanfootball_ncaaf,[2025],2025-10-25T16:40:00Z,"[""pregame_close_proxy""]",30,5fc306a588fcdd5f2892
1,americanfootball_ncaaf,[2025],2025-10-25T16:55:00Z,"[""pregame_close_proxy""]",30,b24e9cd37dce99400ef6
1,americanfootball_ncaaf,[2025],2025-10-25T18:55:00Z,"[""pregame_close_proxy""]",30,2cb403af72dd6ec2aaf5
1,americanfootball_ncaaf,[2025],2025-10-25T19:25:00Z,"[""pregame_close_proxy""]",30,e6833bbd91088035ebf7
1,americanfootball_ncaaf,[2025],2025-10-25T19:55:00Z,"[""pregame_close_proxy""]",30,276295428bb71afbc5f6
1,americanfootball_ncaaf,[2025],2025-10-25T20:10:00Z,"[""pregame_close_proxy""]",30,8b1911cfa475b9163915
1,americanfootball_ncaaf,[2025],2025-10-25T21:55:00Z,"[""pregame_close_proxy""]",30,58e8c6848f31f68acd2b
1,americanfootball_ncaaf,[2025],2025-10-25T22:55:00Z,"[""pregame_close_proxy""]",30,dff42b5ecf8bb679ec37
1,americanfootball_ncaaf,[2025],2025-10-25T23:25:00Z,"[""pregame_close_proxy""]",30,809fd13f22c1a1b691e7
1,americanfootball_ncaaf,[2025],2025-10-25T23:40:00Z,"[""pregame_close_proxy""]",30,9e87e82b42564c4b4a69
1,americanfootball_ncaaf,[2025],2025-10-25T23:55:00Z,"[""pregame_close_proxy""]",30,f62ab66c3995192b5f6c
1,americanfootball_ncaaf,[2025],2025-10-26T02:10:00Z,"[""pregame_close_proxy""]",30,71040cdfa18f7b6efc4a
1,americanfootball_nfl,[2025],2025-10-26T02:30:00Z,"[""MOS_original_evening_slot_diagnostic""]",30,a1237809790223d56946
1,americanfootball_ncaaf,[2025],2025-10-26T16:00:00Z,"[""daily_16UTC""]",30,51faaea981f50746ba3a
1,americanfootball_nfl,[2025],2025-10-26T16:00:00Z,"[""daily_16UTC""]",30,bcd7777a3d5260577578
1,americanfootball_nfl,[2025],2025-10-26T16:55:00Z,"[""pregame_close_proxy""]",30,a449372f35c3b7f93c9a
1,americanfootball_nfl,[2025],2025-10-26T20:00:00Z,"[""pregame_close_proxy""]",30,6326f83225a88d6f865b
1,americanfootball_nfl,[2025],2025-10-26T20:20:00Z,"[""pregame_close_proxy""]",30,0c38b47bf1dea4a5d926
1,americanfootball_nfl,[2025],2025-10-27T00:15:00Z,"[""pregame_close_proxy""]",30,01904b9633e95af5d75f
1,americanfootball_nfl,[2025],2025-10-27T02:30:00Z,"[""MOS_original_evening_slot_diagnostic""]",30,bb79311fc13247d12096
1,americanfootball_ncaaf,[2025],2025-10-27T16:00:00Z,"[""daily_16UTC""]",30,3bbfbac7b03a749c3cec
1,americanfootball_nfl,[2025],2025-10-27T16:00:00Z,"[""daily_16UTC""]",30,9d937bdea3c5f7455906
1,americanfootball_nfl,[2025],2025-10-28T00:10:00Z,"[""pregame_close_proxy""]",30,e87675acad0a8954dad5
1,americanfootball_ncaaf,[2025],2025-10-28T02:30:00Z,"[""MOS_original_evening_slot_diagnostic""]",30,42888dcce9d01599c7d8
1,americanfootball_ncaaf,[2025],2025-10-28T16:00:00Z,"[""daily_16UTC""]",30,dfcfb1dc87a264e7b802
1,americanfootball_nfl,[2025],2025-10-28T16:00:00Z,"[""daily_16UTC""]",30,bc9c5b7b05983d973682
1,americanfootball_ncaaf,[2025],2025-10-28T22:55:00Z,"[""pregame_close_proxy""]",30,a57f61227913e70d576e
1,americanfootball_ncaaf,[2025],2025-10-28T23:55:00Z,"[""alternate_independent_close_proxy"", ""pregame_close_proxy""]",30,09fa2c5ae1943af48200
1,americanfootball_ncaaf,[2025],2025-10-29T02:30:00Z,"[""MOS_original_evening_slot_diagnostic""]",30,3c204444c9624c0ccab8
1,americanfootball_ncaaf,[2025],2025-10-29T16:00:00Z,"[""daily_16UTC""]",30,f23f38be8c0e28e4493f
1,americanfootball_nfl,[2025],2025-10-29T16:00:00Z,"[""daily_16UTC""]",30,ff08089a461c24f9a476
1,americanfootball_ncaaf,[2025],2025-10-29T23:25:00Z,"[""pregame_close_proxy""]",30,8cdad4f60ca655624082
1,americanfootball_ncaaf,[2025],2025-10-29T23:55:00Z,"[""pregame_close_proxy""]",30,0e31315246460110c382
1,americanfootball_ncaaf,[2025],2025-10-30T02:30:00Z,"[""MOS_original_evening_slot_diagnostic""]",30,b753419f99fbc232a4fb
1,americanfootball_nfl,[2025],2025-10-30T02:30:00Z,"[""MOS_original_evening_slot_diagnostic""]",30,c6e2adbb8717376ce0f0
1,americanfootball_ncaaf,[2025],2025-10-30T16:00:00Z,"[""daily_16UTC""]",30,7d8d1f3c40278b0f7e30
1,americanfootball_nfl,[2025],2025-10-30T16:00:00Z,"[""daily_16UTC""]",30,6ccb24b42aa0504e640b
1,americanfootball_ncaaf,[2025],2025-10-30T23:25:00Z,"[""pregame_close_proxy""]",30,194ca41a882f3bf69384
1,americanfootball_nfl,[2025],2025-10-31T00:10:00Z,"[""pregame_close_proxy""]",30,61b5ef8c85b0dfa774d5
1,americanfootball_ncaaf,[2025],2025-10-31T02:30:00Z,"[""MOS_original_evening_slot_diagnostic""]",30,3e9dbc870b8f391f173e
1,americanfootball_ncaaf,[2025],2025-10-31T16:00:00Z,"[""daily_16UTC""]",30,069ad9ac4a8d46777f36
1,americanfootball_nfl,[2025],2025-10-31T16:00:00Z,"[""daily_16UTC""]",30,fd33248344d71cd33548
1,americanfootball_ncaaf,[2025],2025-10-31T22:55:00Z,"[""pregame_close_proxy""]",30,9c06e1a13bdc1c2c3e00
1,americanfootball_ncaaf,[2025],2025-10-31T23:25:00Z,"[""pregame_close_proxy""]",30,401c7b8623e9148a40ae
1,americanfootball_ncaaf,[2025],2025-10-31T23:55:00Z,"[""pregame_close_proxy""]",30,335f28d63974c15d0fb6
1,americanfootball_ncaaf,[2025],2025-11-01T02:30:00Z,"[""MOS_original_evening_slot_diagnostic""]",30,5aa5540cecdc4954f830
1,americanfootball_ncaaf,[2025],2025-11-01T15:55:00Z,"[""pregame_close_proxy""]",30,7420f05563d2feb6c001
1,americanfootball_ncaaf,[2025],2025-11-01T16:00:00Z,"[""daily_16UTC""]",30,8e1f0ae3dbd12ee75d94
1,americanfootball_nfl,[2025],2025-11-01T16:00:00Z,"[""daily_16UTC""]",30,14874e61fb5a4ea8014b
1,americanfootball_ncaaf,[2025],2025-11-01T16:55:00Z,"[""pregame_close_proxy""]",30,5ff628f1bc8366594d2b
1,americanfootball_ncaaf,[2025],2025-11-01T17:55:00Z,"[""pregame_close_proxy""]",30,4f24a69458a014850e64
1,americanfootball_ncaaf,[2025],2025-11-01T18:55:00Z,"[""pregame_close_proxy""]",30,77685b3c91a51d7161f6
1,americanfootball_ncaaf,[2025],2025-11-01T19:25:00Z,"[""pregame_close_proxy""]",30,53a1c7483a0968d415a5
1,americanfootball_ncaaf,[2025],2025-11-01T19:40:00Z,"[""pregame_close_proxy""]",30,079496c588664f8b02c3
1,americanfootball_ncaaf,[2025],2025-11-01T19:55:00Z,"[""pregame_close_proxy""]",30,fcfcbac45dd276adfe03
1,americanfootball_ncaaf,[2025],2025-11-01T22:55:00Z,"[""pregame_close_proxy""]",30,7dd92fd1927d22f7f982
1,americanfootball_ncaaf,[2025],2025-11-01T23:25:00Z,"[""pregame_close_proxy""]",30,eadd4673169dc5ae9dec
1,americanfootball_ncaaf,[2025],2025-11-01T23:55:00Z,"[""pregame_close_proxy""]",30,07fb8379d993fd3a1ace
1,americanfootball_ncaaf,[2025],2025-11-02T02:10:00Z,"[""pregame_close_proxy""]",30,dbc6ed322e03d9b1aed6
1,americanfootball_ncaaf,[2025],2025-11-02T02:25:00Z,"[""pregame_close_proxy""]",30,c31b445ac3be901a4991
1,americanfootball_nfl,[2025],2025-11-02T02:30:00Z,"[""MOS_original_evening_slot_diagnostic""]",30,dd5e10376cf84b1ca02a
1,americanfootball_ncaaf,[2025],2025-11-02T16:00:00Z,"[""daily_16UTC""]",30,7b22a0c0375801e34b6a
1,americanfootball_nfl,[2025],2025-11-02T16:00:00Z,"[""daily_16UTC""]",30,54533c9dd19646afcab3
1,americanfootball_nfl,[2025],2025-11-02T17:55:00Z,"[""pregame_close_proxy""]",30,849ac4747ff011f82fd0
1,americanfootball_nfl,[2025],2025-11-02T21:00:00Z,"[""pregame_close_proxy""]",30,b60ee8f2427ae2f98505
1,americanfootball_nfl,[2025],2025-11-02T21:20:00Z,"[""pregame_close_proxy""]",30,827fc9c699672854d849
1,americanfootball_nfl,[2025],2025-11-03T01:15:00Z,"[""pregame_close_proxy""]",30,83f55429e149f2db1f9d
1,americanfootball_ncaaf,[2025],2025-11-03T16:00:00Z,"[""daily_16UTC""]",30,06b8c74dff1402941ef6
1,americanfootball_nfl,[2025],2025-11-03T16:00:00Z,"[""daily_16UTC""]",30,8c4b40b1663ad4fb8123
1,americanfootball_nfl,[2025],2025-11-04T01:10:00Z,"[""pregame_close_proxy""]",30,ca876b1cbf0b1e7ed77b
1,americanfootball_ncaaf,[2025],2025-11-04T03:30:00Z,"[""MOS_original_evening_slot_diagnostic""]",30,024010cc619265ac015d
1,americanfootball_ncaaf,[2025],2025-11-04T16:00:00Z,"[""daily_16UTC""]",30,32a08cd5cf3650b110d3
1,americanfootball_nfl,[2025],2025-11-04T16:00:00Z,"[""daily_16UTC""]",30,9adb5a486fb8e6e59055
1,americanfootball_ncaaf,[2025],2025-11-04T23:55:00Z,"[""pregame_close_proxy""]",30,4c2b2a355bba9b739622
1,americanfootball_ncaaf,[2025],2025-11-05T03:30:00Z,"[""MOS_original_evening_slot_diagnostic""]",30,5995c940cdfa0d735724
1,americanfootball_ncaaf,[2025],2025-11-05T16:00:00Z,"[""daily_16UTC""]",30,67e014e94f429bfc842a
1,americanfootball_nfl,[2025],2025-11-05T16:00:00Z,"[""daily_16UTC""]",30,1d69c87ea073eb0de6b8
1,americanfootball_ncaaf,[2025],2025-11-05T23:55:00Z,"[""pregame_close_proxy""]",30,b592fe3e34131c261d50
1,americanfootball_ncaaf,[2025],2025-11-06T03:30:00Z,"[""MOS_original_evening_slot_diagnostic""]",30,0cb561cb43c4ab315f6a
1,americanfootball_nfl,[2025],2025-11-06T03:30:00Z,"[""MOS_original_evening_slot_diagnostic""]",30,ce6a51947176c6bb6d9e
1,americanfootball_ncaaf,[2025],2025-11-06T16:00:00Z,"[""daily_16UTC""]",30,8f00de76f784ac26fcc2
1,americanfootball_nfl,[2025],2025-11-06T16:00:00Z,"[""daily_16UTC""]",30,0d3574b385a260bad662
1,americanfootball_ncaaf,[2025],2025-11-07T00:25:00Z,"[""pregame_close_proxy""]",30,59e9df17037004603c9f
1,americanfootball_nfl,[2025],2025-11-07T01:10:00Z,"[""pregame_close_proxy""]",30,86f90163595753fba3dc
1,americanfootball_ncaaf,[2025],2025-11-07T03:30:00Z,"[""MOS_original_evening_slot_diagnostic""]",30,58a1e09b04b07d983911
1,americanfootball_ncaaf,[2025],2025-11-07T16:00:00Z,"[""daily_16UTC""]",30,8b1452ff5ea4d2d63a32
1,americanfootball_nfl,[2025],2025-11-07T16:00:00Z,"[""daily_16UTC""]",30,6d0969aec669429b9f8a
1,americanfootball_ncaaf,[2025],2025-11-08T00:55:00Z,"[""pregame_close_proxy""]",30,684d1d9f89c94b456879
1,americanfootball_ncaaf,[2025],2025-11-08T01:55:00Z,"[""pregame_close_proxy""]",30,33658c8cad1fc0fc9b27
1,americanfootball_ncaaf,[2025],2025-11-08T03:30:00Z,"[""MOS_original_evening_slot_diagnostic""]",30,648a9a0ba6c31c916c3e
1,americanfootball_ncaaf,[2025],2025-11-08T16:00:00Z,"[""daily_16UTC""]",30,4f14eaf3bf8adf8946d6
1,americanfootball_nfl,[2025],2025-11-08T16:00:00Z,"[""daily_16UTC""]",30,e9491fe415a1d6c95a47
1,americanfootball_ncaaf,[2025],2025-11-08T16:55:00Z,"[""pregame_close_proxy""]",30,4fbe7bbc8977d5608aa0
1,americanfootball_ncaaf,[2025],2025-11-08T17:55:00Z,"[""pregame_close_proxy""]",30,eec434a7179460d54807
1,americanfootball_ncaaf,[2025],2025-11-08T18:55:00Z,"[""pregame_close_proxy""]",30,7b34a9d027b4733026f7
1,americanfootball_ncaaf,[2025],2025-11-08T19:25:00Z,"[""pregame_close_proxy""]",30,6252f9f6074cbcc53ede
1,americanfootball_ncaaf,[2025],2025-11-08T19:55:00Z,"[""pregame_close_proxy""]",30,8e4b5660806436822bf0
1,americanfootball_ncaaf,[2025],2025-11-08T20:25:00Z,"[""pregame_close_proxy""]",30,576e4398b000415a003b
1,americanfootball_ncaaf,[2025],2025-11-08T20:55:00Z,"[""pregame_close_proxy""]",30,7f36319626838d03581b
1,americanfootball_ncaaf,[2025],2025-11-08T21:25:00Z,"[""pregame_close_proxy""]",30,90499658d27924e958de
1,americanfootball_ncaaf,[2025],2025-11-08T21:55:00Z,"[""pregame_close_proxy""]",30,36b133b0eac8f7c17d09
1,americanfootball_ncaaf,[2025],2025-11-08T22:55:00Z,"[""pregame_close_proxy""]",30,677d79b957078d91b77d
1,americanfootball_ncaaf,[2025],2025-11-08T23:55:00Z,"[""pregame_close_proxy""]",30,62eb2344663f9e0774fd
1,americanfootball_ncaaf,[2025],2025-11-09T00:25:00Z,"[""pregame_close_proxy""]",30,bfbdf446eab7825398f9
1,americanfootball_ncaaf,[2025],2025-11-09T01:55:00Z,"[""pregame_close_proxy""]",30,711101f45ae5aa9d57f5
1,americanfootball_ncaaf,[2025],2025-11-09T02:25:00Z,"[""pregame_close_proxy""]",30,ac0451aaf7374255286f
1,americanfootball_ncaaf,[2025],2025-11-09T02:55:00Z,"[""pregame_close_proxy""]",30,bafdf0453060f5b7d393
1,americanfootball_nfl,[2025],2025-11-09T03:30:00Z,"[""MOS_original_evening_slot_diagnostic""]",30,480b77ab3187be3f1643
1,americanfootball_ncaaf,[2025],2025-11-09T03:55:00Z,"[""pregame_close_proxy""]",30,8dfc56d820977ebae917
1,americanfootball_nfl,[2025],2025-11-09T14:25:00Z,"[""pregame_close_proxy""]",30,9ceeefbc0d24da7e44a6
1,americanfootball_ncaaf,[2025],2025-11-09T16:00:00Z,"[""daily_16UTC""]",30,a5445da2470d42ad935d
1,americanfootball_nfl,[2025],2025-11-09T16:00:00Z,"[""daily_16UTC""]",30,b78971eac65716b9bdfa
1,americanfootball_nfl,[2025],2025-11-09T17:55:00Z,"[""pregame_close_proxy""]",30,94bd1de63188e54358d7
1,americanfootball_nfl,[2025],2025-11-09T21:00:00Z,"[""pregame_close_proxy""]",30,7653ca5d2c623ddf27a2
1,americanfootball_nfl,[2025],2025-11-09T21:20:00Z,"[""pregame_close_proxy""]",30,e64505fc180e79968dec
1,americanfootball_nfl,[2025],2025-11-10T01:15:00Z,"[""pregame_close_proxy""]",30,73e1c66db843da8d2762
1,americanfootball_nfl,[2025],2025-11-10T03:30:00Z,"[""MOS_original_evening_slot_diagnostic""]",30,730ed9bb40e3ef1182b3
1,americanfootball_ncaaf,[2025],2025-11-10T16:00:00Z,"[""daily_16UTC""]",30,7f51a541c46233c19bf0
1,americanfootball_nfl,[2025],2025-11-10T16:00:00Z,"[""daily_16UTC""]",30,9767f9b2632b023c0fbd
1,americanfootball_nfl,[2025],2025-11-11T01:10:00Z,"[""pregame_close_proxy""]",30,ad105c96f19fc2dbb00c
1,americanfootball_ncaaf,[2025],2025-11-11T03:30:00Z,"[""MOS_original_evening_slot_diagnostic""]",30,0f408952c1975db2dc92
1,americanfootball_ncaaf,[2025],2025-11-11T16:00:00Z,"[""daily_16UTC""]",30,0ebf880c1078761bcff4
1,americanfootball_nfl,[2025],2025-11-11T16:00:00Z,"[""daily_16UTC""]",30,54da1af91a6f5c5505b4
1,americanfootball_ncaaf,[2025],2025-11-12T00:25:00Z,"[""pregame_close_proxy""]",30,dfbf7f058ebd69795926
1,americanfootball_ncaaf,[2025],2025-11-12T00:55:00Z,"[""pregame_close_proxy""]",30,e333081e24faf9254d52
1,americanfootball_ncaaf,[2025],2025-11-12T03:30:00Z,"[""MOS_original_evening_slot_diagnostic""]",30,3ba81d97b6d93e04bb76
1,americanfootball_ncaaf,[2025],2025-11-12T16:00:00Z,"[""daily_16UTC""]",30,f929d51f6ea5926f80ac
1,americanfootball_nfl,[2025],2025-11-12T16:00:00Z,"[""daily_16UTC""]",30,07da47c8d620273cf655
1,americanfootball_ncaaf,[2025],2025-11-12T23:55:00Z,"[""pregame_close_proxy""]",30,53940af405597e8ca920
1,americanfootball_ncaaf,[2025],2025-11-13T03:30:00Z,"[""MOS_original_evening_slot_diagnostic""]",30,80655a48317327649be9
1,americanfootball_nfl,[2025],2025-11-13T03:30:00Z,"[""MOS_original_evening_slot_diagnostic""]",30,1c3be6c89d5355b8d605
1,americanfootball_ncaaf,[2025],2025-11-13T16:00:00Z,"[""daily_16UTC""]",30,3ea0c452927daa08abe8
1,americanfootball_nfl,[2025],2025-11-13T16:00:00Z,"[""daily_16UTC""]",30,3b3fd4162bb54739e3c1
1,americanfootball_ncaaf,[2025],2025-11-14T00:25:00Z,"[""pregame_close_proxy""]",30,96387d63f84e9cc19fbc
1,americanfootball_nfl,[2025],2025-11-14T01:10:00Z,"[""pregame_close_proxy""]",30,a8c64d9898bc77ea0747
1,americanfootball_ncaaf,[2025],2025-11-14T03:30:00Z,"[""MOS_original_evening_slot_diagnostic""]",30,504d023065601730cdf9
1,americanfootball_ncaaf,[2025],2025-11-14T16:00:00Z,"[""daily_16UTC""]",30,01dda8de298dedd70607
1,americanfootball_nfl,[2025],2025-11-14T16:00:00Z,"[""daily_16UTC""]",30,abe57dbd43eb35ab43e9
1,americanfootball_ncaaf,[2025],2025-11-15T00:25:00Z,"[""pregame_close_proxy""]",30,06f2f8fb01a7a68d46c2
1,americanfootball_ncaaf,[2025],2025-11-15T01:55:00Z,"[""pregame_close_proxy""]",30,5042b464cf278ba0667a
1,americanfootball_ncaaf,[2025],2025-11-15T03:30:00Z,"[""MOS_original_evening_slot_diagnostic""]",30,4ce5593dd7fe259fabf4
1,americanfootball_ncaaf,[2025],2025-11-15T16:00:00Z,"[""daily_16UTC""]",30,7dff254f648f77f0694e
1,americanfootball_nfl,[2025],2025-11-15T16:00:00Z,"[""daily_16UTC""]",30,d3a31441b8f9bfa4ca09
1,americanfootball_ncaaf,[2025],2025-11-15T16:55:00Z,"[""pregame_close_proxy""]",30,392244f3a7e77f47b2f3
1,americanfootball_ncaaf,[2025],2025-11-15T17:40:00Z,"[""pregame_close_proxy""]",30,8257a103dd46589ded12
1,americanfootball_ncaaf,[2025],2025-11-15T17:55:00Z,"[""pregame_close_proxy""]",30,96dd3683914b8c073882
1,americanfootball_ncaaf,[2025],2025-11-15T18:25:00Z,"[""pregame_close_proxy""]",30,b4e9ed58a56cbe7355ee
1,americanfootball_ncaaf,[2025],2025-11-15T18:55:00Z,"[""pregame_close_proxy""]",30,8f6e36889bd9da4f24a5
1,americanfootball_ncaaf,[2025],2025-11-15T19:55:00Z,"[""pregame_close_proxy""]",30,31277c092d21175140a5
1,americanfootball_ncaaf,[2025],2025-11-15T20:25:00Z,"[""pregame_close_proxy""]",30,dff69fd2946444961280
1,americanfootball_ncaaf,[2025],2025-11-15T20:55:00Z,"[""pregame_close_proxy""]",30,d1ede94e95b0dfef39d3
1,americanfootball_ncaaf,[2025],2025-11-15T21:10:00Z,"[""pregame_close_proxy""]",30,f24b7c65350ce5e59ea2
1,americanfootball_ncaaf,[2025],2025-11-15T21:25:00Z,"[""pregame_close_proxy""]",30,6fd204709441cb609296
1,americanfootball_ncaaf,[2025],2025-11-15T21:55:00Z,"[""pregame_close_proxy""]",30,1afff47fb3fe505b0ee7
1,americanfootball_ncaaf,[2025],2025-11-15T22:55:00Z,"[""pregame_close_proxy""]",30,9a6fca90af17ea44b7ca
1,americanfootball_ncaaf,[2025],2025-11-15T23:55:00Z,"[""pregame_close_proxy""]",30,8afc32be9364f05a7323
1,americanfootball_ncaaf,[2025],2025-11-16T00:25:00Z,"[""pregame_close_proxy""]",30,7a67e0f2e72124df29ce
1,americanfootball_ncaaf,[2025],2025-11-16T00:40:00Z,"[""pregame_close_proxy""]",30,950e092fdcc86a1be347
1,americanfootball_ncaaf,[2025],2025-11-16T00:55:00Z,"[""pregame_close_proxy""]",30,c89b42c9ffb8729d26f4
1,americanfootball_ncaaf,[2025],2025-11-16T02:55:00Z,"[""pregame_close_proxy""]",30,46aa6454cfa1b55221e1
1,americanfootball_ncaaf,[2025],2025-11-16T03:10:00Z,"[""pregame_close_proxy""]",30,9bd19261a0cd843b8cc9
1,americanfootball_ncaaf,[2025],2025-11-16T03:25:00Z,"[""pregame_close_proxy""]",30,9478c47f73edb599d80a
1,americanfootball_nfl,[2025],2025-11-16T03:30:00Z,"[""MOS_original_evening_slot_diagnostic""]",30,5d885b799ca12266c8da
1,americanfootball_nfl,[2025],2025-11-16T14:25:00Z,"[""pregame_close_proxy""]",30,a6ebf5156f6374919bfa
1,americanfootball_ncaaf,[2025],2025-11-16T16:00:00Z,"[""daily_16UTC""]",30,a4dfa53d082d1ea4586c
1,americanfootball_nfl,[2025],2025-11-16T16:00:00Z,"[""daily_16UTC""]",30,0e7e3d44d4f3d4d46bd1
1,americanfootball_nfl,[2025],2025-11-16T17:55:00Z,"[""pregame_close_proxy""]",30,0cec8293ba898587e0aa
1,americanfootball_nfl,[2025],2025-11-16T21:00:00Z,"[""pregame_close_proxy""]",30,52b601bfe94a39b34f23
1,americanfootball_nfl,[2025],2025-11-16T21:20:00Z,"[""pregame_close_proxy""]",30,7e7edb7e4a2e209e7532
1,americanfootball_nfl,[2025],2025-11-17T01:15:00Z,"[""pregame_close_proxy""]",30,5fd8a3a4673e50e93a07
1,americanfootball_ncaaf,[2025],2025-11-17T16:00:00Z,"[""daily_16UTC""]",30,a7fb171eda6c40a1aec0
1,americanfootball_nfl,[2025],2025-11-17T16:00:00Z,"[""daily_16UTC""]",30,04d40e5d2ce89de5b70a
1,americanfootball_nfl,[2025],2025-11-18T01:10:00Z,"[""pregame_close_proxy""]",30,94f82e265daaac2f7e62
1,americanfootball_ncaaf,[2025],2025-11-18T03:30:00Z,"[""MOS_original_evening_slot_diagnostic""]",30,5750e25e5a8fd2e4b6be
1,americanfootball_ncaaf,[2025],2025-11-18T16:00:00Z,"[""daily_16UTC""]",30,2eb26e9ad25fd50cb78b
1,americanfootball_nfl,[2025],2025-11-18T16:00:00Z,"[""daily_16UTC""]",30,8fffd501db5fb27cceb9
1,americanfootball_ncaaf,[2025],2025-11-18T23:55:00Z,"[""pregame_close_proxy""]",30,b306cd8186916430568f
1,americanfootball_ncaaf,[2025],2025-11-19T03:30:00Z,"[""MOS_original_evening_slot_diagnostic""]",30,01f59d96c2abc509c0f0
1,americanfootball_ncaaf,[2025],2025-11-19T16:00:00Z,"[""daily_16UTC""]",30,c78eda4a22c7f436613f
1,americanfootball_nfl,[2025],2025-11-19T16:00:00Z,"[""daily_16UTC""]",30,b0600bab11f3f6fb7e68
1,americanfootball_ncaaf,[2025],2025-11-19T23:55:00Z,"[""pregame_close_proxy""]",30,e46e58f956c53650a104
1,americanfootball_ncaaf,[2025],2025-11-20T03:30:00Z,"[""MOS_original_evening_slot_diagnostic""]",30,e32cba0a3b2cf46a1532
1,americanfootball_ncaaf,[2025],2025-11-20T16:00:00Z,"[""daily_16UTC""]",30,bfbdafce863766b61fa8
1,americanfootball_nfl,[2025],2025-11-20T16:00:00Z,"[""daily_16UTC""]",30,8708b48809e0ea035411
1,americanfootball_ncaaf,[2025],2025-11-21T00:25:00Z,"[""pregame_close_proxy""]",30,62c4766cde3a61118905
1,americanfootball_nfl,[2025],2025-11-21T01:10:00Z,"[""pregame_close_proxy""]",30,37aeac3d0f9093f4b7dd
1,americanfootball_ncaaf,[2025],2025-11-21T03:30:00Z,"[""MOS_original_evening_slot_diagnostic""]",30,d38b8013eb976cb8f350
1,americanfootball_ncaaf,[2025],2025-11-21T16:00:00Z,"[""daily_16UTC""]",30,8c7432be165490afdaea
1,americanfootball_nfl,[2025],2025-11-21T16:00:00Z,"[""daily_16UTC""]",30,4548c00bd4af6ddeeb60
1,americanfootball_ncaaf,[2025],2025-11-22T00:55:00Z,"[""pregame_close_proxy""]",30,5872ac02790e1e950cb0
1,americanfootball_ncaaf,[2025],2025-11-22T03:25:00Z,"[""pregame_close_proxy""]",30,c6d4a78557b3589f9d06
1,americanfootball_ncaaf,[2025],2025-11-22T03:30:00Z,"[""MOS_original_evening_slot_diagnostic""]",30,eededd521f54f0756c69
1,americanfootball_ncaaf,[2025],2025-11-22T16:00:00Z,"[""daily_16UTC""]",30,93d1685fa10f7ad68e15
1,americanfootball_nfl,[2025],2025-11-22T16:00:00Z,"[""daily_16UTC""]",30,4feb75c0bafe7a4d5c0a
1,americanfootball_ncaaf,[2025],2025-11-22T16:55:00Z,"[""pregame_close_proxy""]",30,981fad7b69acc1855b43
1,americanfootball_ncaaf,[2025],2025-11-22T17:40:00Z,"[""pregame_close_proxy""]",30,e6a47039553e8483c5e8
1,americanfootball_ncaaf,[2025],2025-11-22T17:55:00Z,"[""pregame_close_proxy""]",30,c12bef2e1708c8ad4dd0
1,americanfootball_ncaaf,[2025],2025-11-22T18:55:00Z,"[""pregame_close_proxy""]",30,0882e714f5ae378b3eab
1,americanfootball_ncaaf,[2025],2025-11-22T19:25:00Z,"[""pregame_close_proxy""]",30,e758466b1d617c27d1f3
1,americanfootball_ncaaf,[2025],2025-11-22T19:55:00Z,"[""pregame_close_proxy""]",30,14bc118d32a1596d5e93
1,americanfootball_ncaaf,[2025],2025-11-22T20:25:00Z,"[""pregame_close_proxy""]",30,6d85bcba6920229b750e
1,americanfootball_ncaaf,[2025],2025-11-22T20:40:00Z,"[""pregame_close_proxy""]",30,e04ad135286d98752b95
1,americanfootball_ncaaf,[2025],2025-11-22T20:55:00Z,"[""pregame_close_proxy""]",30,5595cd1e582b5879719f
1,americanfootball_ncaaf,[2025],2025-11-22T21:10:00Z,"[""pregame_close_proxy""]",30,9cb68af4ce5f0401d665
1,americanfootball_ncaaf,[2025],2025-11-22T21:25:00Z,"[""pregame_close_proxy""]",30,374ce01fa66f59cdacfb
1,americanfootball_ncaaf,[2025],2025-11-22T21:55:00Z,"[""pregame_close_proxy""]",30,7e00e6dc65db51f448dd
1,americanfootball_ncaaf,[2025],2025-11-22T23:55:00Z,"[""pregame_close_proxy""]",30,dda5b078ecaf4f563812
1,americanfootball_ncaaf,[2025],2025-11-23T00:25:00Z,"[""pregame_close_proxy""]",30,b23d837fcd04ef174b44
1,americanfootball_ncaaf,[2025],2025-11-23T00:40:00Z,"[""pregame_close_proxy""]",30,bdbddc0d7ee7749d2bc8
1,americanfootball_ncaaf,[2025],2025-11-23T00:55:00Z,"[""pregame_close_proxy""]",30,781e145d34855b3394ae
1,americanfootball_ncaaf,[2025],2025-11-23T03:25:00Z,"[""pregame_close_proxy""]",30,73eb6850d347f23ec671
1,americanfootball_nfl,[2025],2025-11-23T03:30:00Z,"[""MOS_original_evening_slot_diagnostic""]",30,7a82edbc214847a54054
1,americanfootball_ncaaf,[2025],2025-11-23T16:00:00Z,"[""daily_16UTC""]",30,0b0f19c11cdaab201c12
1,americanfootball_nfl,[2025],2025-11-23T16:00:00Z,"[""daily_16UTC""]",30,790efd60ea0d1fc028b9
1,americanfootball_nfl,[2025],2025-11-23T17:55:00Z,"[""pregame_close_proxy""]",30,d24a282208269370a581
1,americanfootball_nfl,[2025],2025-11-23T21:00:00Z,"[""pregame_close_proxy""]",30,515d28ff6d0109e42a2a
1,americanfootball_nfl,[2025],2025-11-23T21:20:00Z,"[""pregame_close_proxy""]",30,4401d6043d775290d3af
1,americanfootball_nfl,[2025],2025-11-24T01:15:00Z,"[""pregame_close_proxy""]",30,659e3eb04e5a421a68c1
1,americanfootball_nfl,[2025],2025-11-24T03:30:00Z,"[""MOS_original_evening_slot_diagnostic""]",30,c03ecccd09e57587fda5
1,americanfootball_ncaaf,[2025],2025-11-24T16:00:00Z,"[""daily_16UTC""]",30,f05b14d741372013dc6b
1,americanfootball_nfl,[2025],2025-11-24T16:00:00Z,"[""daily_16UTC""]",30,9b4526c99ff5532d5cfb
1,americanfootball_nfl,[2025],2025-11-25T01:10:00Z,"[""pregame_close_proxy""]",30,4a6f6ba31c40da27c2ee
1,americanfootball_ncaaf,[2025],2025-11-25T03:30:00Z,"[""MOS_original_evening_slot_diagnostic""]",30,4f1e5f1b03f14f26585b
1,americanfootball_ncaaf,[2025],2025-11-25T16:00:00Z,"[""daily_16UTC""]",30,62175a8bf85217e72a6d
1,americanfootball_nfl,[2025],2025-11-25T16:00:00Z,"[""daily_16UTC""]",30,3ea5a2d13672fa18bf3c
1,americanfootball_ncaaf,[2025],2025-11-25T21:25:00Z,"[""pregame_close_proxy""]",30,1bda08113f6ad6f1b556
1,americanfootball_ncaaf,[2025],2025-11-26T00:25:00Z,"[""pregame_close_proxy""]",30,4273d6ba42ec648914dc
1,americanfootball_ncaaf,[2025],2025-11-26T16:00:00Z,"[""daily_16UTC""]",30,a99a2524a9e71446f680
1,americanfootball_nfl,[2025],2025-11-26T16:00:00Z,"[""daily_16UTC""]",30,6a68961d6aa84d08b6fe
1,americanfootball_ncaaf,[2025],2025-11-27T03:30:00Z,"[""MOS_original_evening_slot_diagnostic""]",30,f0b270e44ce15f06d241
1,americanfootball_nfl,[2025],2025-11-27T03:30:00Z,"[""MOS_original_evening_slot_diagnostic""]",30,b625977e0b6d9de23654
1,americanfootball_ncaaf,[2025],2025-11-27T16:00:00Z,"[""daily_16UTC""]",30,e00652cc3e1678f2f208
1,americanfootball_nfl,[2025],2025-11-27T16:00:00Z,"[""daily_16UTC""]",30,1db479e9919019d25694
1,americanfootball_nfl,[2025],2025-11-27T17:55:00Z,"[""pregame_close_proxy""]",30,88ff1d5f5b2f23602fe0
1,americanfootball_nfl,[2025],2025-11-27T21:25:00Z,"[""pregame_close_proxy""]",30,de4540c69f1c1962c742
1,americanfootball_ncaaf,[2025],2025-11-28T00:25:00Z,"[""pregame_close_proxy""]",30,ca40faebd379bfac53ee
1,americanfootball_nfl,[2025],2025-11-28T01:15:00Z,"[""pregame_close_proxy""]",30,ff3558254af2a2e3f3da
1,americanfootball_ncaaf,[2025],2025-11-28T03:30:00Z,"[""MOS_original_evening_slot_diagnostic""]",30,c400fab1359198d8494b
1,americanfootball_nfl,[2025],2025-11-28T03:30:00Z,"[""MOS_original_evening_slot_diagnostic""]",30,377f5fba334ef28b3e0c
1,americanfootball_ncaaf,[2025],2025-11-28T16:00:00Z,"[""daily_16UTC""]",30,a1ca4ee6e2004ef696a5
1,americanfootball_nfl,[2025],2025-11-28T16:00:00Z,"[""daily_16UTC""]",30,1044e274e6fd556d9ee6
1,americanfootball_ncaaf,[2025],2025-11-28T16:55:00Z,"[""pregame_close_proxy""]",30,6f7a1f30c56cd0ccdfa2
1,americanfootball_ncaaf,[2025],2025-11-28T19:55:00Z,"[""pregame_close_proxy""]",30,da495ccef29250e3b8db
1,americanfootball_nfl,[2025],2025-11-28T19:55:00Z,"[""pregame_close_proxy""]",30,bf3102e55c3b474d2285
1,americanfootball_ncaaf,[2025],2025-11-28T20:25:00Z,"[""pregame_close_proxy""]",30,615f3c95355a6d14b618
1,americanfootball_ncaaf,[2025],2025-11-28T20:55:00Z,"[""pregame_close_proxy""]",30,01549f5e479c68019f3d
1,americanfootball_ncaaf,[2025],2025-11-29T00:25:00Z,"[""pregame_close_proxy""]",30,d7a274d16a10363629d6
1,americanfootball_ncaaf,[2025],2025-11-29T01:55:00Z,"[""pregame_close_proxy""]",30,6f02300abe9f8debabe5
1,americanfootball_ncaaf,[2025],2025-11-29T03:30:00Z,"[""MOS_original_evening_slot_diagnostic""]",30,b1ae0d2b997fb11213d3
1,americanfootball_ncaaf,[2025],2025-11-29T16:00:00Z,"[""daily_16UTC""]",30,d1000a8ad99221c7527f
1,americanfootball_nfl,[2025],2025-11-29T16:00:00Z,"[""daily_16UTC""]",30,e9ad909214e982f372ba
1,americanfootball_ncaaf,[2025],2025-11-29T16:55:00Z,"[""pregame_close_proxy""]",30,1d2581398308167a9e9b
1,americanfootball_ncaaf,[2025],2025-11-29T17:55:00Z,"[""pregame_close_proxy""]",30,e35f0b0a882ba924f779
1,americanfootball_ncaaf,[2025],2025-11-29T18:25:00Z,"[""pregame_close_proxy""]",30,cccd9f70f65a825ec75e
1,americanfootball_ncaaf,[2025],2025-11-29T18:55:00Z,"[""pregame_close_proxy""]",30,9ec5f916604453d34d72
1,americanfootball_ncaaf,[2025],2025-11-29T19:25:00Z,"[""pregame_close_proxy""]",30,47209182347f5fa64674
1,americanfootball_ncaaf,[2025],2025-11-29T19:55:00Z,"[""pregame_close_proxy""]",30,a32c1f33ccf0730b77ee
1,americanfootball_ncaaf,[2025],2025-11-29T20:25:00Z,"[""pregame_close_proxy""]",30,846c539cb0aa8bab99d8
1,americanfootball_ncaaf,[2025],2025-11-29T20:40:00Z,"[""pregame_close_proxy""]",30,79b2d0224fef640b3de7
1,americanfootball_ncaaf,[2025],2025-11-29T21:25:00Z,"[""pregame_close_proxy""]",30,1e31fa47608b63e860ae
1,americanfootball_ncaaf,[2025],2025-11-29T23:25:00Z,"[""pregame_close_proxy""]",30,bf21652d6c5be1d0e21b
1,americanfootball_ncaaf,[2025],2025-11-29T23:55:00Z,"[""pregame_close_proxy""]",30,f942aaf0122c10dab7af
1,americanfootball_ncaaf,[2025],2025-11-30T00:25:00Z,"[""pregame_close_proxy""]",30,4cd39e447bb3aecd5896
1,americanfootball_ncaaf,[2025],2025-11-30T00:55:00Z,"[""pregame_close_proxy""]",30,0efd7f670a131ce7d823
1,americanfootball_ncaaf,[2025],2025-11-30T01:55:00Z,"[""pregame_close_proxy""]",30,86012e58b743767c9947
1,americanfootball_ncaaf,[2025],2025-11-30T03:25:00Z,"[""pregame_close_proxy""]",30,1f60a50ab100e0868030
1,americanfootball_nfl,[2025],2025-11-30T03:30:00Z,"[""MOS_original_evening_slot_diagnostic""]",30,0e73792e0fe0dccd91bd
1,americanfootball_ncaaf,[2025],2025-11-30T03:55:00Z,"[""pregame_close_proxy""]",30,a59cebebe8d2a0516fde
1,americanfootball_ncaaf,[2025],2025-11-30T16:00:00Z,"[""daily_16UTC""]",30,28d8c233631661bf5a36
1,americanfootball_nfl,[2025],2025-11-30T16:00:00Z,"[""daily_16UTC""]",30,5c018a9610d3116292e2
1,americanfootball_nfl,[2025],2025-11-30T17:55:00Z,"[""pregame_close_proxy""]",30,f75423a4812fa8533057
1,americanfootball_nfl,[2025],2025-11-30T21:00:00Z,"[""pregame_close_proxy""]",30,8bcffffbd0f64901109a
1,americanfootball_nfl,[2025],2025-11-30T21:20:00Z,"[""pregame_close_proxy""]",30,2f63b188c620195626a3
1,americanfootball_nfl,[2025],2025-12-01T01:15:00Z,"[""pregame_close_proxy""]",30,0448c6676b2f78655cec
1,americanfootball_nfl,[2025],2025-12-01T03:30:00Z,"[""MOS_original_evening_slot_diagnostic""]",30,2eb6a4568d65f3e7c421
1,americanfootball_ncaaf,[2025],2025-12-01T16:00:00Z,"[""daily_16UTC""]",30,54d97bf6a6ea0805b38b
1,americanfootball_nfl,[2025],2025-12-01T16:00:00Z,"[""daily_16UTC""]",30,0a27450c7b35eafc85d6
1,americanfootball_nfl,[2025],2025-12-02T01:10:00Z,"[""pregame_close_proxy""]",30,8a7be9833e55daf69eeb
1,americanfootball_ncaaf,[2025],2025-12-02T16:00:00Z,"[""daily_16UTC""]",30,6bcff522a96bfdd7309b
1,americanfootball_nfl,[2025],2025-12-02T16:00:00Z,"[""daily_16UTC""]",30,60557ade1d7f88e99ac9
1,americanfootball_ncaaf,[2025],2025-12-03T16:00:00Z,"[""daily_16UTC""]",30,a34e67ec7892cf7d2329
1,americanfootball_nfl,[2025],2025-12-03T16:00:00Z,"[""daily_16UTC""]",30,4ff2b4288ec71e6d9206
1,americanfootball_ncaaf,[2025],2025-12-04T16:00:00Z,"[""daily_16UTC""]",30,b7c62c35c34b80ca34bc
1,americanfootball_nfl,[2025],2025-12-04T16:00:00Z,"[""daily_16UTC""]",30,3f13f21937fabd8b2ff0
1,americanfootball_nfl,[2025],2025-12-05T01:10:00Z,"[""pregame_close_proxy""]",30,6e28243b7f813d3783d3
1,americanfootball_ncaaf,[2025],2025-12-05T03:30:00Z,"[""MOS_original_evening_slot_diagnostic""]",30,f236c65d49389617e0cc
1,americanfootball_ncaaf,[2025],2025-12-05T16:00:00Z,"[""daily_16UTC""]",30,55c6faff6d5e8a8c7040
1,americanfootball_nfl,[2025],2025-12-05T16:00:00Z,"[""daily_16UTC""]",30,8037d15d6c2936fe11ee
1,americanfootball_ncaaf,[2025],2025-12-05T23:55:00Z,"[""pregame_close_proxy""]",30,218482970e8c20306512
1,americanfootball_ncaaf,[2025],2025-12-06T00:55:00Z,"[""pregame_close_proxy""]",30,65a2c2b6f8389f01c698
1,americanfootball_ncaaf,[2025],2025-12-06T16:00:00Z,"[""daily_16UTC""]",30,264500244a994bd19373
1,americanfootball_nfl,[2025],2025-12-06T16:00:00Z,"[""daily_16UTC""]",30,a572e499521e911a0fe2
1,americanfootball_ncaaf,[2025],2025-12-06T16:55:00Z,"[""pregame_close_proxy""]",30,c2aa36b00d8716d87e47
1,americanfootball_ncaaf,[2025],2025-12-06T20:55:00Z,"[""pregame_close_proxy""]",30,e8331080e6f7510ff4ce
1,americanfootball_ncaaf,[2025],2025-12-07T00:55:00Z,"[""pregame_close_proxy""]",30,4a36e1f540d1cefd92cf
1,americanfootball_nfl,[2025],2025-12-07T03:30:00Z,"[""MOS_original_evening_slot_diagnostic""]",30,687c6b2e9edc57981382
1,americanfootball_ncaaf,[2025],2025-12-07T16:00:00Z,"[""daily_16UTC""]",30,7d3c65a925df9065f22e
1,americanfootball_nfl,[2025],2025-12-07T16:00:00Z,"[""daily_16UTC""]",30,32272c05aa23c42ae4ef
1,americanfootball_nfl,[2025],2025-12-07T17:55:00Z,"[""pregame_close_proxy""]",30,8305cb11e7d66cdaa8ef
1,americanfootball_nfl,[2025],2025-12-07T21:00:00Z,"[""pregame_close_proxy""]",30,d1b9d51f697193b7019a
1,americanfootball_nfl,[2025],2025-12-07T21:20:00Z,"[""pregame_close_proxy""]",30,0026b6e964753527029b
1,americanfootball_nfl,[2025],2025-12-08T01:15:00Z,"[""pregame_close_proxy""]",30,16a76b7a9332f811e0ca
1,americanfootball_ncaaf,[2025],2025-12-08T16:00:00Z,"[""daily_16UTC""]",30,30a77bf1ae70ea6efae3
1,americanfootball_nfl,[2025],2025-12-08T16:00:00Z,"[""daily_16UTC""]",30,df529ef72498574e71cc
1,americanfootball_nfl,[2025],2025-12-09T01:10:00Z,"[""pregame_close_proxy""]",30,946a65c19440c9bea4e0
1,americanfootball_ncaaf,[2025],2025-12-09T16:00:00Z,"[""daily_16UTC""]",30,0fff01e391c2bf2aed8e
1,americanfootball_nfl,[2025],2025-12-09T16:00:00Z,"[""daily_16UTC""]",30,019ae762363102075161
1,americanfootball_ncaaf,[2025],2025-12-10T16:00:00Z,"[""daily_16UTC""]",30,f572bb6a34c61b731041
1,americanfootball_nfl,[2025],2025-12-10T16:00:00Z,"[""daily_16UTC""]",30,4d7ca4576f45e7ae0d1c
1,americanfootball_nfl,[2025],2025-12-11T03:30:00Z,"[""MOS_original_evening_slot_diagnostic""]",30,6129603f9da23646da0e
1,americanfootball_ncaaf,[2025],2025-12-11T16:00:00Z,"[""daily_16UTC""]",30,adab3c183b6c34c5f763
1,americanfootball_nfl,[2025],2025-12-11T16:00:00Z,"[""daily_16UTC""]",30,b398a11dae03d39944fa
1,americanfootball_nfl,[2025],2025-12-12T01:10:00Z,"[""pregame_close_proxy""]",30,2ebefe313f4296e59e64
1,americanfootball_ncaaf,[2025],2025-12-12T16:00:00Z,"[""daily_16UTC""]",30,4fc98999aa8b660b8406
1,americanfootball_nfl,[2025],2025-12-12T16:00:00Z,"[""daily_16UTC""]",30,efb319acf08c052e7a38
1,americanfootball_ncaaf,[2025],2025-12-13T16:00:00Z,"[""daily_16UTC""]",30,432e3a4d55d7f3f7f93f
1,americanfootball_nfl,[2025],2025-12-13T16:00:00Z,"[""daily_16UTC""]",30,cae10cf45c4657f5b027
1,americanfootball_ncaaf,[2025],2025-12-13T19:55:00Z,"[""pregame_close_proxy""]",30,f51b80a38df270c3332d
1,americanfootball_ncaaf,[2025],2025-12-14T00:55:00Z,"[""pregame_close_proxy""]",30,133946a42791779c8bee
1,americanfootball_nfl,[2025],2025-12-14T03:30:00Z,"[""MOS_original_evening_slot_diagnostic""]",30,c7a8527dd13226284aa5
1,americanfootball_ncaaf,[2025],2025-12-14T16:00:00Z,"[""daily_16UTC""]",30,e9a860484d9c1c292bac
1,americanfootball_nfl,[2025],2025-12-14T16:00:00Z,"[""daily_16UTC""]",30,e3067aab2198c404d90c
1,americanfootball_nfl,[2025],2025-12-14T17:55:00Z,"[""pregame_close_proxy""]",30,3ff615725ef698b11f99
1,americanfootball_nfl,[2025],2025-12-14T21:20:00Z,"[""pregame_close_proxy""]",30,d4cb36b022147b1b1285
1,americanfootball_nfl,[2025],2025-12-15T01:15:00Z,"[""pregame_close_proxy""]",30,97b3fa840083f06d6f2a
1,americanfootball_nfl,[2025],2025-12-15T03:30:00Z,"[""MOS_original_evening_slot_diagnostic""]",30,b2c2ce6a0a138f3e0dfd
1,americanfootball_ncaaf,[2025],2025-12-15T16:00:00Z,"[""daily_16UTC""]",30,7bfb651237bec458a6b8
1,americanfootball_nfl,[2025],2025-12-15T16:00:00Z,"[""daily_16UTC""]",30,6ca4028a00cb68345ba0
1,americanfootball_nfl,[2025],2025-12-16T01:10:00Z,"[""pregame_close_proxy""]",30,45cd400cad9570bd45b9
1,americanfootball_ncaaf,[2025],2025-12-16T16:00:00Z,"[""daily_16UTC""]",30,2046a2ad1572bf1b561e
1,americanfootball_nfl,[2025],2025-12-16T16:00:00Z,"[""daily_16UTC""]",30,438ba02190cbe862f7b1
1,americanfootball_ncaaf,[2025],2025-12-17T01:55:00Z,"[""pregame_close_proxy""]",30,43f0212a804ffd058c81
1,americanfootball_ncaaf,[2025],2025-12-17T03:30:00Z,"[""MOS_original_evening_slot_diagnostic""]",30,db6c55166e83f6f8083c
1,americanfootball_ncaaf,[2025],2025-12-17T16:00:00Z,"[""daily_16UTC""]",30,febd66845b8cee6638d7
1,americanfootball_nfl,[2025],2025-12-17T16:00:00Z,"[""daily_16UTC""]",30,64b0f489e743306c8d86
1,americanfootball_ncaaf,[2025],2025-12-17T21:55:00Z,"[""pregame_close_proxy""]",30,70438d451cae4a092c69
1,americanfootball_ncaaf,[2025],2025-12-18T01:25:00Z,"[""pregame_close_proxy""]",30,31b353acca89cefbb0b0
1,americanfootball_nfl,[2025],2025-12-18T03:30:00Z,"[""MOS_original_evening_slot_diagnostic""]",30,25d6885857c445ea4230
1,americanfootball_ncaaf,[2025],2025-12-18T16:00:00Z,"[""daily_16UTC""]",30,9dcc48913c21186034ba
1,americanfootball_nfl,[2025],2025-12-18T16:00:00Z,"[""daily_16UTC""]",30,1519bfd5dfec576c9f02
1,americanfootball_nfl,[2025],2025-12-19T01:10:00Z,"[""pregame_close_proxy""]",30,b275c7d8eb0cbdaf9456
1,americanfootball_ncaaf,[2025],2025-12-19T01:55:00Z,"[""pregame_close_proxy""]",30,939bad58fc22f181bbe2
1,americanfootball_ncaaf,[2025],2025-12-19T03:30:00Z,"[""MOS_original_evening_slot_diagnostic""]",30,5a5a5776c4a695a4af9e
1,americanfootball_ncaaf,[2025],2025-12-19T15:55:00Z,"[""pregame_close_proxy""]",30,abbb3b96effe01058c1b
1,americanfootball_ncaaf,[2025],2025-12-19T16:00:00Z,"[""daily_16UTC""]",30,0aa43c8fa03385ed0a21
1,americanfootball_nfl,[2025],2025-12-19T16:00:00Z,"[""daily_16UTC""]",30,2a5dd50b4c6a0962d339
1,americanfootball_ncaaf,[2025],2025-12-19T19:25:00Z,"[""pregame_close_proxy""]",30,a8062ae7db463b70304f
1,americanfootball_ncaaf,[2025],2025-12-20T00:55:00Z,"[""pregame_close_proxy""]",30,7d01a9629d7c32f3dcff
1,americanfootball_ncaaf,[2025],2025-12-20T03:30:00Z,"[""MOS_original_evening_slot_diagnostic""]",30,9bb010e689111a6cfe44
1,americanfootball_nfl,[2025],2025-12-20T03:30:00Z,"[""MOS_original_evening_slot_diagnostic""]",30,2fbdfc2d7323265e0dc5
1,americanfootball_ncaaf,[2025],2025-12-20T16:00:00Z,"[""daily_16UTC""]",30,e800db084dcda49b7af0
1,americanfootball_nfl,[2025],2025-12-20T16:00:00Z,"[""daily_16UTC""]",30,3d7ce41861210b58f828
1,americanfootball_ncaaf,[2025],2025-12-20T16:55:00Z,"[""pregame_close_proxy""]",30,dd3045ef3f3aec0ac392
1,americanfootball_ncaaf,[2025],2025-12-20T20:25:00Z,"[""pregame_close_proxy""]",30,a07e40ba9eac67d6c919
1,americanfootball_nfl,[2025],2025-12-20T21:55:00Z,"[""pregame_close_proxy""]",30,2f925a59e4b79695c88a
1,americanfootball_ncaaf,[2025],2025-12-21T00:25:00Z,"[""pregame_close_proxy""]",30,070873b53d275365dd6d
1,americanfootball_nfl,[2025],2025-12-21T01:15:00Z,"[""pregame_close_proxy""]",30,fb90cbee51994360bde1
1,americanfootball_nfl,[2025],2025-12-21T03:30:00Z,"[""MOS_original_evening_slot_diagnostic""]",30,a215ce3c82193bb34ec3
1,americanfootball_ncaaf,[2025],2025-12-21T16:00:00Z,"[""daily_16UTC""]",30,b35886ef1eac4c9c06e1
1,americanfootball_nfl,[2025],2025-12-21T16:00:00Z,"[""daily_16UTC""]",30,46efde85bb742755d6d5
1,americanfootball_nfl,[2025],2025-12-21T17:55:00Z,"[""pregame_close_proxy""]",30,4669583938d7d26d4732
1,americanfootball_nfl,[2025],2025-12-21T21:00:00Z,"[""pregame_close_proxy""]",30,061f0d397774ffc35f83
1,americanfootball_nfl,[2025],2025-12-21T21:20:00Z,"[""pregame_close_proxy""]",30,f95738ee89b8782a66c6
1,americanfootball_nfl,[2025],2025-12-22T01:15:00Z,"[""pregame_close_proxy""]",30,a86c4a3fc82fb604c081
1,americanfootball_ncaaf,[2025],2025-12-22T03:30:00Z,"[""MOS_original_evening_slot_diagnostic""]",30,09d1ac38e9b67a8a1d1c
1,americanfootball_ncaaf,[2025],2025-12-22T16:00:00Z,"[""daily_16UTC""]",30,fe43056efca4a2ced1fb
1,americanfootball_nfl,[2025],2025-12-22T16:00:00Z,"[""daily_16UTC""]",30,f9df995b725ba0211f2f
1,americanfootball_ncaaf,[2025],2025-12-22T18:55:00Z,"[""pregame_close_proxy""]",30,aa233158e90758dd1c39
1,americanfootball_nfl,[2025],2025-12-23T01:10:00Z,"[""pregame_close_proxy""]",30,18ab92b26373a19a1444
1,americanfootball_ncaaf,[2025],2025-12-23T03:30:00Z,"[""MOS_original_evening_slot_diagnostic""]",30,36eda27e57d2057a588d
1,americanfootball_ncaaf,[2025],2025-12-23T16:00:00Z,"[""daily_16UTC""]",30,154865e2d9d397cdcc39
1,americanfootball_nfl,[2025],2025-12-23T16:00:00Z,"[""daily_16UTC""]",30,7a1d47bce42acd69d2a1
1,americanfootball_ncaaf,[2025],2025-12-23T18:55:00Z,"[""pregame_close_proxy""]",30,5f57bbf6744816760717
1,americanfootball_ncaaf,[2025],2025-12-23T22:25:00Z,"[""pregame_close_proxy""]",30,ce1c1ee7046d66ba5bb0
1,americanfootball_ncaaf,[2025],2025-12-24T01:55:00Z,"[""pregame_close_proxy""]",30,ff1e5bb017aa62698207
1,americanfootball_ncaaf,[2025],2025-12-24T03:30:00Z,"[""MOS_original_evening_slot_diagnostic""]",30,e99c2b108f6653f673b6
1,americanfootball_ncaaf,[2025],2025-12-24T16:00:00Z,"[""daily_16UTC""]",30,a23d760af6033e5ece3d
1,americanfootball_nfl,[2025],2025-12-24T16:00:00Z,"[""daily_16UTC""]",30,0e1cf7a7b2703096a2ae
1,americanfootball_ncaaf,[2025],2025-12-25T00:55:00Z,"[""pregame_close_proxy""]",30,11ea4c90256816052bef
1,americanfootball_nfl,[2025],2025-12-25T03:30:00Z,"[""MOS_original_evening_slot_diagnostic""]",30,79579aa64875e4df2278
1,americanfootball_ncaaf,[2025],2025-12-25T16:00:00Z,"[""daily_16UTC""]",30,86eaee9c28a770f079b8
1,americanfootball_nfl,[2025],2025-12-25T16:00:00Z,"[""daily_16UTC""]",30,5be24cb9cd49b04fbc12
1,americanfootball_nfl,[2025],2025-12-25T17:55:00Z,"[""pregame_close_proxy""]",30,ea462a5151c5c15017f4
1,americanfootball_nfl,[2025],2025-12-25T21:25:00Z,"[""pregame_close_proxy""]",30,31f21871c93cc29b75bd
1,americanfootball_nfl,[2025],2025-12-26T01:10:00Z,"[""pregame_close_proxy""]",30,94fafa1676ecc51eb299
1,americanfootball_ncaaf,[2025],2025-12-26T03:30:00Z,"[""MOS_original_evening_slot_diagnostic""]",30,6285d258a557f9b54426
1,americanfootball_ncaaf,[2025],2025-12-26T16:00:00Z,"[""daily_16UTC""]",30,428809f6d5d97dc46654
1,americanfootball_nfl,[2025],2025-12-26T16:00:00Z,"[""daily_16UTC""]",30,2c34f0b18fc6a2f50eae
1,americanfootball_ncaaf,[2025],2025-12-26T17:55:00Z,"[""pregame_close_proxy""]",30,9fbf00d8e878fb1958b4
1,americanfootball_ncaaf,[2025],2025-12-26T21:25:00Z,"[""pregame_close_proxy""]",30,4e2efae047d39210d2c6
1,americanfootball_ncaaf,[2025],2025-12-27T00:55:00Z,"[""pregame_close_proxy""]",30,bc85a9d247edec132d90
1,americanfootball_ncaaf,[2025],2025-12-27T03:30:00Z,"[""MOS_original_evening_slot_diagnostic""]",30,ef87c839b5cad008cbbe
1,americanfootball_nfl,[2025],2025-12-27T03:30:00Z,"[""MOS_original_evening_slot_diagnostic""]",30,4fafe6ee522eb4e1fa29
1,americanfootball_ncaaf,[2025],2025-12-27T15:55:00Z,"[""pregame_close_proxy""]",30,79720f7c22be5cbbf22e
1,americanfootball_ncaaf,[2025],2025-12-27T16:00:00Z,"[""daily_16UTC""]",30,7425e315dccae082c160
1,americanfootball_nfl,[2025],2025-12-27T16:00:00Z,"[""daily_16UTC""]",30,207106629849b4c73f8f
1,americanfootball_ncaaf,[2025],2025-12-27T16:55:00Z,"[""pregame_close_proxy""]",30,b070032c6d22bf18bdcc
1,americanfootball_ncaaf,[2025],2025-12-27T19:10:00Z,"[""pregame_close_proxy""]",30,86f2dce42bc2c94aa907
1,americanfootball_ncaaf,[2025],2025-12-27T20:25:00Z,"[""pregame_close_proxy""]",30,0fee12865af9f5756bad
1,americanfootball_ncaaf,[2025],2025-12-27T21:25:00Z,"[""pregame_close_proxy""]",30,f65793a8e5b15850fd7a
1,americanfootball_nfl,[2025],2025-12-27T21:25:00Z,"[""pregame_close_proxy""]",30,f8e59200208a720f7e23
1,americanfootball_ncaaf,[2025],2025-12-27T22:40:00Z,"[""pregame_close_proxy""]",30,26ab4b482a80cf851943
1,americanfootball_ncaaf,[2025],2025-12-28T00:25:00Z,"[""pregame_close_proxy""]",30,1f650b8e7e620acfd249
1,americanfootball_nfl,[2025],2025-12-28T00:55:00Z,"[""pregame_close_proxy""]",30,ea4910f77b4b2a816476
1,americanfootball_ncaaf,[2025],2025-12-28T02:10:00Z,"[""pregame_close_proxy""]",30,446eef6058c5a4f9541f
1,americanfootball_nfl,[2025],2025-12-28T03:30:00Z,"[""MOS_original_evening_slot_diagnostic""]",30,95358d3ee0e20d7efa89
1,americanfootball_ncaaf,[2025],2025-12-28T16:00:00Z,"[""daily_16UTC""]",30,06d0121f04a284a1e80e
1,americanfootball_nfl,[2025],2025-12-28T16:00:00Z,"[""daily_16UTC""]",30,a583654613da6919d4d9
1,americanfootball_nfl,[2025],2025-12-28T17:55:00Z,"[""pregame_close_proxy""]",30,ef06873dcb8b5fd6de6e
1,americanfootball_nfl,[2025],2025-12-28T21:00:00Z,"[""pregame_close_proxy""]",30,7c96f9ee1bbcd10343c2
1,americanfootball_nfl,[2025],2025-12-28T21:20:00Z,"[""pregame_close_proxy""]",30,84a8f924c42d51879e0a
1,americanfootball_nfl,[2025],2025-12-29T01:15:00Z,"[""pregame_close_proxy""]",30,02d5dabe818497b6ef9e
1,americanfootball_ncaaf,[2025],2025-12-29T03:30:00Z,"[""MOS_original_evening_slot_diagnostic""]",30,7f3724fc70ab7a28a282
1,americanfootball_ncaaf,[2025],2025-12-29T16:00:00Z,"[""daily_16UTC""]",30,db4f59b94edc975b3902
1,americanfootball_nfl,[2025],2025-12-29T16:00:00Z,"[""daily_16UTC""]",30,b3a501df312ba6efb94b
1,americanfootball_ncaaf,[2025],2025-12-29T18:55:00Z,"[""pregame_close_proxy""]",30,d4d3e1945002d0ca4b34
1,americanfootball_nfl,[2025],2025-12-30T01:10:00Z,"[""pregame_close_proxy""]",30,a7877bce83ce1da35262
1,americanfootball_ncaaf,[2025],2025-12-30T03:30:00Z,"[""MOS_original_evening_slot_diagnostic""]",30,60df062ab5b9e23b0eec
1,americanfootball_ncaaf,[2025],2025-12-30T16:00:00Z,"[""daily_16UTC""]",30,5216f1b92b797b0c9646
1,americanfootball_nfl,[2025],2025-12-30T16:00:00Z,"[""daily_16UTC""]",30,df54cca56c401b8324ef
1,americanfootball_ncaaf,[2025],2025-12-30T18:55:00Z,"[""pregame_close_proxy""]",30,a400045e5584230c7525
1,americanfootball_ncaaf,[2025],2025-12-30T22:25:00Z,"[""pregame_close_proxy""]",30,a60a1edcf6b153e71682
1,americanfootball_ncaaf,[2025],2025-12-31T01:55:00Z,"[""pregame_close_proxy""]",30,59f3b78ae1ec1a759478
1,americanfootball_ncaaf,[2025],2025-12-31T03:30:00Z,"[""MOS_original_evening_slot_diagnostic""]",30,2fc416b5cbae218e441a
1,americanfootball_ncaaf,[2025],2025-12-31T16:00:00Z,"[""daily_16UTC""]",30,3ee3291c45ab01c5ee62
1,americanfootball_nfl,[2025],2025-12-31T16:00:00Z,"[""daily_16UTC""]",30,62b8cffe414f022ff552
1,americanfootball_ncaaf,[2025],2025-12-31T16:55:00Z,"[""pregame_close_proxy""]",30,3e56ece930411e3b866a
1,americanfootball_ncaaf,[2025],2025-12-31T18:55:00Z,"[""pregame_close_proxy""]",30,a7dbb7d2cfa8c39568e2
1,americanfootball_ncaaf,[2025],2025-12-31T19:55:00Z,"[""pregame_close_proxy""]",30,65ee67ebca066df7bd33
1,americanfootball_ncaaf,[2025],2025-12-31T20:25:00Z,"[""pregame_close_proxy""]",30,96ce94f4cc1e0a13c301
1,americanfootball_ncaaf,[2025],2026-01-01T00:25:00Z,"[""pregame_close_proxy""]",30,966236d680d8dfac58b0
1,americanfootball_ncaaf,[2025],2026-01-01T03:30:00Z,"[""MOS_original_evening_slot_diagnostic""]",30,28544ec36bb1f1b66cf4
1,americanfootball_ncaaf,[2025],2026-01-01T16:00:00Z,"[""daily_16UTC""]",30,a7721b58cb11b37eb61f
1,americanfootball_nfl,[2025],2026-01-01T16:00:00Z,"[""daily_16UTC""]",30,319c4da06fb865831bcb
1,americanfootball_ncaaf,[2025],2026-01-01T16:55:00Z,"[""pregame_close_proxy""]",30,f87d3eb1481bedfe7aa2
1,americanfootball_ncaaf,[2025],2026-01-01T20:55:00Z,"[""pregame_close_proxy""]",30,fff70d92b36c3974b984
1,americanfootball_ncaaf,[2025],2026-01-02T00:55:00Z,"[""pregame_close_proxy""]",30,47452e584a8d9feb603d
1,americanfootball_ncaaf,[2025],2026-01-02T03:30:00Z,"[""MOS_original_evening_slot_diagnostic""]",30,42423b625fefc1dd02fa
1,americanfootball_ncaaf,[2025],2026-01-02T16:00:00Z,"[""daily_16UTC""]",30,bb05c3a68cca0f555d74
1,americanfootball_nfl,[2025],2026-01-02T16:00:00Z,"[""daily_16UTC""]",30,317501cf9f799254fa54
1,americanfootball_ncaaf,[2025],2026-01-02T17:55:00Z,"[""pregame_close_proxy""]",30,6bece7886b3cd6a63163
1,americanfootball_ncaaf,[2025],2026-01-02T21:25:00Z,"[""pregame_close_proxy""]",30,f28bd5f1c2d9a561a4f2
1,americanfootball_ncaaf,[2025],2026-01-03T00:55:00Z,"[""pregame_close_proxy""]",30,9e60acb7e19e57a0ec43
1,americanfootball_nfl,[2025],2026-01-03T03:30:00Z,"[""MOS_original_evening_slot_diagnostic""]",30,cc5dd3670a51c4a12bce
1,americanfootball_ncaaf,[2025],2026-01-03T16:00:00Z,"[""daily_16UTC""]",30,471addbb08956f7ce848
1,americanfootball_nfl,[2025],2026-01-03T16:00:00Z,"[""daily_16UTC""]",30,94ace3303e06121817d1
1,americanfootball_nfl,[2025],2026-01-03T21:25:00Z,"[""pregame_close_proxy""]",30,8e4fd0c893a20197d021
1,americanfootball_nfl,[2025],2026-01-04T00:55:00Z,"[""pregame_close_proxy""]",30,1644dbad9ff9f023684b
1,americanfootball_nfl,[2025],2026-01-04T03:30:00Z,"[""MOS_original_evening_slot_diagnostic""]",30,332cee93c9933b95f5be
1,americanfootball_ncaaf,[2025],2026-01-04T16:00:00Z,"[""daily_16UTC""]",30,927c5450795006c2eb15
1,americanfootball_nfl,[2025],2026-01-04T16:00:00Z,"[""daily_16UTC""]",30,1a1a75429d03b34bc7c5
1,americanfootball_nfl,[2025],2026-01-04T17:55:00Z,"[""pregame_close_proxy""]",30,7682bd206f1469bce3f5
1,americanfootball_nfl,[2025],2026-01-04T21:20:00Z,"[""pregame_close_proxy""]",30,8f3da435da00ec705e8e
1,americanfootball_nfl,[2025],2026-01-05T01:15:00Z,"[""pregame_close_proxy""]",30,62a391b7f7b1947524f3
1,americanfootball_ncaaf,[2025],2026-01-05T16:00:00Z,"[""daily_16UTC""]",30,b74c388b4ab61633aaab
1,americanfootball_nfl,[2025],2026-01-05T16:00:00Z,"[""daily_16UTC""]",30,8ebdfe9280707eb7fc43
1,americanfootball_ncaaf,[2025],2026-01-06T00:25:00Z,"[""pregame_close_proxy""]",30,36f7ff1ff07950302934
1,americanfootball_ncaaf,[2025],2026-01-06T16:00:00Z,"[""daily_16UTC""]",30,e8b549b59ef9c1288ae4
1,americanfootball_nfl,[2025],2026-01-06T16:00:00Z,"[""daily_16UTC""]",30,0fd74a95319d71d4140a
1,americanfootball_ncaaf,[2025],2026-01-07T16:00:00Z,"[""daily_16UTC""]",30,10ff9f225e17975ea57d
1,americanfootball_nfl,[2025],2026-01-07T16:00:00Z,"[""daily_16UTC""]",30,b0060efa20cfe1dac935
1,americanfootball_ncaaf,[2025],2026-01-08T16:00:00Z,"[""daily_16UTC""]",30,4267b6de646d2ddcdd12
1,americanfootball_nfl,[2025],2026-01-08T16:00:00Z,"[""daily_16UTC""]",30,a5dde3da0b8944eb2869
1,americanfootball_ncaaf,[2025],2026-01-09T00:25:00Z,"[""pregame_close_proxy""]",30,8a26bf5513e972bc6e37
1,americanfootball_ncaaf,[2025],2026-01-09T16:00:00Z,"[""daily_16UTC""]",30,0388082607072baa064b
1,americanfootball_nfl,[2025],2026-01-09T16:00:00Z,"[""daily_16UTC""]",30,5397aacbe8abc1ab3414
1,americanfootball_ncaaf,[2025],2026-01-10T00:25:00Z,"[""pregame_close_proxy""]",30,c83527590b674bb13f7c
1,americanfootball_nfl,[2025],2026-01-10T03:30:00Z,"[""MOS_original_evening_slot_diagnostic""]",30,a5c2709865e1d986c3c5
1,americanfootball_nfl,[2025],2026-01-10T16:00:00Z,"[""daily_16UTC""]",30,0e7e9760f530478b0bdb
1,americanfootball_nfl,[2025],2026-01-10T21:25:00Z,"[""pregame_close_proxy""]",30,2f8855dcd32aaffc85ea
1,americanfootball_nfl,[2025],2026-01-11T00:55:00Z,"[""pregame_close_proxy""]",30,e32e1c7f08c9315116a6
1,americanfootball_nfl,[2025],2026-01-11T03:30:00Z,"[""MOS_original_evening_slot_diagnostic""]",30,e4eb9496dfd97e0b6b02
1,americanfootball_nfl,[2025],2026-01-11T16:00:00Z,"[""daily_16UTC""]",30,148f8971b551a69c8507
1,americanfootball_nfl,[2025],2026-01-11T17:55:00Z,"[""pregame_close_proxy""]",30,e441e1551b6ad6572dda
1,americanfootball_nfl,[2025],2026-01-11T21:25:00Z,"[""pregame_close_proxy""]",30,fa768dcf65d44c2bcea0
1,americanfootball_nfl,[2025],2026-01-12T00:55:00Z,"[""pregame_close_proxy""]",30,72c89ceec2e19f5c69a6
1,americanfootball_nfl,[2025],2026-01-12T03:30:00Z,"[""MOS_original_evening_slot_diagnostic""]",30,f99f66db24b3e089d223
1,americanfootball_nfl,[2025],2026-01-12T16:00:00Z,"[""daily_16UTC""]",30,2bdd9cb21e9f7caefa9e
1,americanfootball_nfl,[2025],2026-01-13T00:55:00Z,"[""pregame_close_proxy""]",30,3c1edec1b9f2d9eca1b6
1,americanfootball_ncaaf,[2025],2026-01-13T16:00:00Z,"[""daily_16UTC""]",30,47dff22edaea3e388f1a
1,americanfootball_nfl,[2025],2026-01-13T16:00:00Z,"[""daily_16UTC""]",30,a00239ad939ca0dadedc
1,americanfootball_ncaaf,[2025],2026-01-14T16:00:00Z,"[""daily_16UTC""]",30,9279c78129d6c20c96d2
1,americanfootball_nfl,[2025],2026-01-14T16:00:00Z,"[""daily_16UTC""]",30,3706173c9b2d8557f74e
1,americanfootball_ncaaf,[2025],2026-01-15T16:00:00Z,"[""daily_16UTC""]",30,2729bcfe6160c6534ed6
1,americanfootball_nfl,[2025],2026-01-15T16:00:00Z,"[""daily_16UTC""]",30,d5fb292620ee5a093181
1,americanfootball_ncaaf,[2025],2026-01-16T16:00:00Z,"[""daily_16UTC""]",30,99ce0421d4156b258747
1,americanfootball_nfl,[2025],2026-01-16T16:00:00Z,"[""daily_16UTC""]",30,2833f953fc51631d0197
1,americanfootball_nfl,[2025],2026-01-17T03:30:00Z,"[""MOS_original_evening_slot_diagnostic""]",30,e15ad26011fae32bb476
1,americanfootball_ncaaf,[2025],2026-01-17T16:00:00Z,"[""daily_16UTC""]",30,521ba206607e4fcfb16c
1,americanfootball_nfl,[2025],2026-01-17T16:00:00Z,"[""daily_16UTC""]",30,c1d7604277f870377664
1,americanfootball_nfl,[2025],2026-01-17T21:25:00Z,"[""pregame_close_proxy""]",30,1566d9b6800d32571605
1,americanfootball_nfl,[2025],2026-01-18T00:55:00Z,"[""pregame_close_proxy""]",30,a2bccd0629b595cec06f
1,americanfootball_nfl,[2025],2026-01-18T03:30:00Z,"[""MOS_original_evening_slot_diagnostic""]",30,d633a67ef97832eaea6d
1,americanfootball_ncaaf,[2025],2026-01-18T16:00:00Z,"[""daily_16UTC""]",30,19831bfa8d8a48d2c1a2
1,americanfootball_nfl,[2025],2026-01-18T16:00:00Z,"[""daily_16UTC""]",30,dc3459e621f1588b8517
1,americanfootball_nfl,[2025],2026-01-18T19:55:00Z,"[""pregame_close_proxy""]",30,4da3b6ee40e7e555c5a7
1,americanfootball_nfl,[2025],2026-01-18T23:25:00Z,"[""pregame_close_proxy""]",30,c3a28dbc5fcad17c2a07
1,americanfootball_ncaaf,[2025],2026-01-19T03:30:00Z,"[""MOS_original_evening_slot_diagnostic""]",30,1f9301f73cda4c473b7e
1,americanfootball_ncaaf,[2025],2026-01-19T16:00:00Z,"[""daily_16UTC""]",30,dc5b068504bac441494b
1,americanfootball_nfl,[2025],2026-01-19T16:00:00Z,"[""daily_16UTC""]",30,2de6b2a69288387d9278
1,americanfootball_ncaaf,[2025],2026-01-20T00:25:00Z,"[""pregame_close_proxy""]",30,9b3f8c73d9a8d48b8f45
1,americanfootball_nfl,[2025],2026-01-20T16:00:00Z,"[""daily_16UTC""]",30,134b3c3f81402fd6e71c
1,americanfootball_nfl,[2025],2026-01-21T16:00:00Z,"[""daily_16UTC""]",30,ea16849b0c2d41158a1b
1,americanfootball_nfl,[2025],2026-01-22T16:00:00Z,"[""daily_16UTC""]",30,8765ab9ba4a041677cb8
1,americanfootball_nfl,[2025],2026-01-23T16:00:00Z,"[""daily_16UTC""]",30,eec4cb971eead43cc70e
1,americanfootball_nfl,[2025],2026-01-24T16:00:00Z,"[""daily_16UTC""]",30,62c1e6d45f5c724ceff8
1,americanfootball_nfl,[2025],2026-01-25T03:30:00Z,"[""MOS_original_evening_slot_diagnostic""]",30,3d53b0760ad403ce8c9c
1,americanfootball_nfl,[2025],2026-01-25T16:00:00Z,"[""daily_16UTC""]",30,a9d81ed46bf655899074
1,americanfootball_nfl,[2025],2026-01-25T19:55:00Z,"[""pregame_close_proxy""]",30,5b40dbcaa67aaf59e6bc
1,americanfootball_nfl,[2025],2026-01-25T23:25:00Z,"[""pregame_close_proxy""]",30,aa101f779532e04b4968
1,americanfootball_nfl,[2025],2026-02-02T16:00:00Z,"[""daily_16UTC""]",30,3019f1e1de1d277b523a
1,americanfootball_nfl,[2025],2026-02-03T16:00:00Z,"[""daily_16UTC""]",30,10bc380ec0052dae45ca
1,americanfootball_nfl,[2025],2026-02-04T16:00:00Z,"[""daily_16UTC""]",30,5977aa9427bdc739dc6c
1,americanfootball_nfl,[2025],2026-02-05T16:00:00Z,"[""daily_16UTC""]",30,ed594ce379948f259961
1,americanfootball_nfl,[2025],2026-02-06T16:00:00Z,"[""daily_16UTC""]",30,a2e1113414aacf655509
1,americanfootball_nfl,[2025],2026-02-07T16:00:00Z,"[""daily_16UTC""]",30,cb6134cff1eeb9237b45
1,americanfootball_nfl,[2025],2026-02-08T03:30:00Z,"[""MOS_original_evening_slot_diagnostic""]",30,7eb0f741b217e3b937e2
1,americanfootball_nfl,[2025],2026-02-08T16:00:00Z,"[""daily_16UTC""]",30,74cd530813ba8654164c
1,americanfootball_nfl,[2025],2026-02-08T23:25:00Z,"[""pregame_close_proxy""]",30,e5298ebf64c25a69ff78
2,americanfootball_ncaaf,[2020],2020-08-28T16:00:00Z,"[""daily_16UTC""]",30,166d08688bdeb8fa0510
2,americanfootball_ncaaf,[2020],2020-08-29T16:00:00Z,"[""daily_16UTC""]",30,dbea506d38cccd261ee4
2,americanfootball_ncaaf,[2020],2020-08-30T16:00:00Z,"[""daily_16UTC""]",30,24a8710edf795b09ab35
2,americanfootball_ncaaf,[2020],2020-08-31T16:00:00Z,"[""daily_16UTC""]",30,5113c22dec36a1a0c7ce
2,americanfootball_ncaaf,[2020],2020-09-01T16:00:00Z,"[""daily_16UTC""]",30,a9450523c30ed9493434
2,americanfootball_ncaaf,[2020],2020-09-02T16:00:00Z,"[""daily_16UTC""]",30,193ccf70abf8bbdf64d5
2,americanfootball_ncaaf,[2020],2020-09-03T02:30:00Z,"[""MOS_original_evening_slot_diagnostic""]",30,6894890ffb2ada4a3602
2,americanfootball_ncaaf,[2020],2020-09-03T16:00:00Z,"[""daily_16UTC""]",30,8071ed9b46153ff60e9d
2,americanfootball_ncaaf,[2020],2020-09-04T00:55:00Z,"[""pregame_close_proxy""]",30,038f95cfdec2c6ad538c
2,americanfootball_ncaaf,[2020],2020-09-04T16:00:00Z,"[""daily_16UTC""]",30,6713c219a993c3ec6581
2,americanfootball_nfl,[2020],2020-09-04T16:00:00Z,"[""daily_16UTC""]",30,c866d2567b91c2ded87e
2,americanfootball_ncaaf,[2020],2020-09-05T02:30:00Z,"[""MOS_original_evening_slot_diagnostic""]",30,9ec716da04fff57d1314
2,americanfootball_ncaaf,[2020],2020-09-05T16:00:00Z,"[""daily_16UTC""]",30,e13f69033be02e94498c
2,americanfootball_nfl,[2020],2020-09-05T16:00:00Z,"[""daily_16UTC""]",30,30bc6ca931315d90938a
2,americanfootball_ncaaf,[2020],2020-09-05T16:55:00Z,"[""pregame_close_proxy""]",30,459483db3ae929dd8124
2,americanfootball_ncaaf,[2020],2020-09-05T17:25:00Z,"[""alternate_independent_close_proxy""]",30,4dc8ab8abc6883b127cb
2,americanfootball_ncaaf,[2020],2020-09-05T23:55:00Z,"[""pregame_close_proxy""]",30,270b8dd0e1c7eb737538
2,americanfootball_ncaaf,[2020],2020-09-06T16:00:00Z,"[""daily_16UTC""]",30,e9701209a9fab6181036
2,americanfootball_nfl,[2020],2020-09-06T16:00:00Z,"[""daily_16UTC""]",30,effbdc918ca2537b5fac
2,americanfootball_ncaaf,[2020],2020-09-07T02:30:00Z,"[""MOS_original_evening_slot_diagnostic""]",30,d184c7b63ea0a7b6626b
2,americanfootball_ncaaf,[2020],2020-09-07T16:00:00Z,"[""daily_16UTC""]",30,b56f6ef004b4eb63a7da
2,americanfootball_nfl,[2020],2020-09-07T16:00:00Z,"[""daily_16UTC""]",30,d4bf2ae4a7c1ce490b88
2,americanfootball_ncaaf,[2020],2020-09-07T23:55:00Z,"[""pregame_close_proxy""]",30,5d248ccbec0a0197752c
2,americanfootball_ncaaf,[2020],2020-09-08T16:00:00Z,"[""daily_16UTC""]",30,020f721277cae2b49e77
2,americanfootball_nfl,[2020],2020-09-08T16:00:00Z,"[""daily_16UTC""]",30,86bba8686264d1b222c4
2,americanfootball_ncaaf,[2020],2020-09-09T16:00:00Z,"[""daily_16UTC""]",30,39178c8cb9929aaa9ecd
2,americanfootball_nfl,[2020],2020-09-09T16:00:00Z,"[""daily_16UTC""]",30,0ffebc3f2c03a361b08b
2,americanfootball_ncaaf,[2020],2020-09-10T02:30:00Z,"[""MOS_original_evening_slot_diagnostic""]",30,6d2503ee3c3bd1716bba
2,americanfootball_nfl,[2020],2020-09-10T02:30:00Z,"[""MOS_original_evening_slot_diagnostic""]",30,adbcd1f25a2b712cb7ce
2,americanfootball_ncaaf,[2020],2020-09-10T16:00:00Z,"[""daily_16UTC""]",30,ad45e88428e5b868ed1d
2,americanfootball_nfl,[2020],2020-09-10T16:00:00Z,"[""daily_16UTC""]",30,580bfd566cf198b61171
2,americanfootball_ncaaf,[2020],2020-09-10T23:55:00Z,"[""pregame_close_proxy""]",30,1bb2648fbfc03fa0dfb0
2,americanfootball_nfl,[2020],2020-09-11T00:15:00Z,"[""pregame_close_proxy""]",30,f75c7c5d13edea071643
2,americanfootball_ncaaf,[2020],2020-09-11T16:00:00Z,"[""daily_16UTC""]",30,dcdc3090968607042a80
2,americanfootball_nfl,[2020],2020-09-11T16:00:00Z,"[""daily_16UTC""]",30,4996d2b060d4630efcaa
2,americanfootball_ncaaf,[2020],2020-09-12T02:30:00Z,"[""MOS_original_evening_slot_diagnostic""]",30,36a067824b5b042a16c8
2,americanfootball_ncaaf,[2020],2020-09-12T15:55:00Z,"[""pregame_close_proxy""]",30,9475f28dc900b1001e8a
2,americanfootball_ncaaf,[2020],2020-09-12T16:00:00Z,"[""daily_16UTC""]",30,c496f6029456d16cd7d9
2,americanfootball_nfl,[2020],2020-09-12T16:00:00Z,"[""daily_16UTC""]",30,50bd48befb02d7bd63cd
2,americanfootball_ncaaf,[2020],2020-09-12T17:25:00Z,"[""pregame_close_proxy""]",30,be4498afc382e05c6388
2,americanfootball_ncaaf,[2020],2020-09-12T18:25:00Z,"[""pregame_close_proxy""]",30,9b27ddb73a2ac461fd34
2,americanfootball_ncaaf,[2020],2020-09-12T19:25:00Z,"[""pregame_close_proxy""]",30,96e81366ea15a5fe0c3f
2,americanfootball_ncaaf,[2020],2020-09-12T19:55:00Z,"[""alternate_independent_close_proxy""]",30,17cc89e1df825fb552fa
2,americanfootball_ncaaf,[2020],2020-09-12T23:25:00Z,"[""pregame_close_proxy""]",30,1c008c40546b6cd9631d
2,americanfootball_ncaaf,[2020],2020-09-12T23:55:00Z,"[""pregame_close_proxy""]",30,4ef67bf9965a907d020d
2,americanfootball_ncaaf,[2020],2020-09-13T01:55:00Z,"[""pregame_close_proxy""]",30,7da032d8167fa8683785
2,americanfootball_nfl,[2020],2020-09-13T02:30:00Z,"[""MOS_original_evening_slot_diagnostic""]",30,7457c988c2eadadc8af8
2,americanfootball_ncaaf,[2020],2020-09-13T16:00:00Z,"[""daily_16UTC""]",30,0bd8855db0cd949a0a80
2,americanfootball_nfl,[2020],2020-09-13T16:00:00Z,"[""daily_16UTC""]",30,1af0813867e994996180
2,americanfootball_nfl,[2020],2020-09-13T16:55:00Z,"[""pregame_close_proxy""]",30,86d0eaaedc49ffe6ef17
2,americanfootball_nfl,[2020],2020-09-13T20:00:00Z,"[""pregame_close_proxy""]",30,0ce6b3d3497ccf19d10b
2,americanfootball_nfl,[2020],2020-09-13T20:20:00Z,"[""pregame_close_proxy""]",30,173bd8682ce68b39220e
2,americanfootball_nfl,[2020],2020-09-14T00:15:00Z,"[""pregame_close_proxy""]",30,8ce619fbb7e1c9fea1d2
2,americanfootball_nfl,[2020],2020-09-14T02:30:00Z,"[""MOS_original_evening_slot_diagnostic""]",30,645c65e3f0e82701250b
2,americanfootball_ncaaf,[2020],2020-09-14T16:00:00Z,"[""daily_16UTC""]",30,5c3fe705ea6b5186cbee
2,americanfootball_nfl,[2020],2020-09-14T16:00:00Z,"[""daily_16UTC""]",30,70f9c37fbf445390ee7d
2,americanfootball_nfl,[2020],2020-09-14T23:10:00Z,"[""pregame_close_proxy""]",30,091dd77675e59a1694d8
2,americanfootball_nfl,[2020],2020-09-15T02:05:00Z,"[""alternate_independent_close_proxy""]",30,7daaa00cbae7f6c79ca4
2,americanfootball_nfl,[2020],2020-09-15T02:15:00Z,"[""pregame_close_proxy""]",30,048b47ddf7fd44c38103
2,americanfootball_ncaaf,[2020],2020-09-15T16:00:00Z,"[""daily_16UTC""]",30,2a38e63454e5a00c0e17
2,americanfootball_nfl,[2020],2020-09-15T16:00:00Z,"[""daily_16UTC""]",30,811fd646be04dc9709b1
2,americanfootball_ncaaf,[2020],2020-09-16T16:00:00Z,"[""daily_16UTC""]",30,24328f76ff16344b2ad2
2,americanfootball_nfl,[2020],2020-09-16T16:00:00Z,"[""daily_16UTC""]",30,9237e9a2d894a1b89376
2,americanfootball_nfl,[2020],2020-09-17T02:30:00Z,"[""MOS_original_evening_slot_diagnostic""]",30,1d689f601d929597d9d0
2,americanfootball_ncaaf,[2020],2020-09-17T16:00:00Z,"[""daily_16UTC""]",30,b9a39764054bac257eb1
2,americanfootball_nfl,[2020],2020-09-17T16:00:00Z,"[""daily_16UTC""]",30,3cdae2f039b2b98319ed
2,americanfootball_nfl,[2020],2020-09-18T00:15:00Z,"[""pregame_close_proxy""]",30,4ef6b84f41dea6237cd8
2,americanfootball_ncaaf,[2020],2020-09-18T02:30:00Z,"[""MOS_original_evening_slot_diagnostic""]",30,8d1f6d61a29c9bc5e6ee
2,americanfootball_ncaaf,[2020],2020-09-18T16:00:00Z,"[""daily_16UTC""]",30,1255c2536f21ec8547c4
2,americanfootball_nfl,[2020],2020-09-18T16:00:00Z,"[""daily_16UTC""]",30,eb0c3d6657e5c7452472
2,americanfootball_ncaaf,[2020],2020-09-19T02:30:00Z,"[""MOS_original_evening_slot_diagnostic""]",30,18b946b504eca1ee7fe1
2,americanfootball_ncaaf,[2020],2020-09-19T15:55:00Z,"[""pregame_close_proxy""]",30,d1a68dfb1c33c7046df1
2,americanfootball_ncaaf,[2020],2020-09-19T16:00:00Z,"[""daily_16UTC""]",30,9bc6cc26f79128d3dba6
2,americanfootball_nfl,[2020],2020-09-19T16:00:00Z,"[""daily_16UTC""]",30,1902b832aac12b8940b2
2,americanfootball_ncaaf,[2020],2020-09-19T18:25:00Z,"[""pregame_close_proxy""]",30,0b74fdb37c5baafde591
2,americanfootball_ncaaf,[2020],2020-09-19T19:25:00Z,"[""alternate_independent_close_proxy"", ""pregame_close_proxy""]",30,afa0bbbedbbcec913366
2,americanfootball_ncaaf,[2020],2020-09-19T19:55:00Z,"[""pregame_close_proxy""]",30,e6646c9193dfed7d7d8c
2,americanfootball_ncaaf,[2020],2020-09-19T23:25:00Z,"[""pregame_close_proxy""]",30,a567cd7561c847ba9152
2,americanfootball_ncaaf,[2020],2020-09-19T23:55:00Z,"[""pregame_close_proxy""]",30,099c7d41dcd16a30acce
2,americanfootball_nfl,[2020],2020-09-20T02:30:00Z,"[""MOS_original_evening_slot_diagnostic""]",30,8d1025a66f08521cbdbc
2,americanfootball_ncaaf,[2020],2020-09-20T16:00:00Z,"[""daily_16UTC""]",30,d721f58fe875a24234f5
2,americanfootball_nfl,[2020],2020-09-20T16:00:00Z,"[""daily_16UTC""]",30,9cefc582123ea71f9420
2,americanfootball_nfl,[2020],2020-09-20T16:55:00Z,"[""pregame_close_proxy""]",30,05c4045c11bfe8847477
2,americanfootball_nfl,[2020],2020-09-20T20:00:00Z,"[""pregame_close_proxy""]",30,d08b696c224fd22f4727
2,americanfootball_nfl,[2020],2020-09-20T20:20:00Z,"[""pregame_close_proxy""]",30,f207e61594d0a2fb4561
2,americanfootball_nfl,[2020],2020-09-21T00:15:00Z,"[""pregame_close_proxy""]",30,035990171ac68886598d
2,americanfootball_ncaaf,[2020],2020-09-21T16:00:00Z,"[""daily_16UTC""]",30,bdcfee703d1b7e2028e0
2,americanfootball_nfl,[2020],2020-09-21T16:00:00Z,"[""daily_16UTC""]",30,ee8f0381030c5c2a7f9e
2,americanfootball_nfl,[2020],2020-09-22T00:10:00Z,"[""pregame_close_proxy""]",30,dfce3966b257f19532a0
2,americanfootball_ncaaf,[2020],2020-09-22T16:00:00Z,"[""daily_16UTC""]",30,9cd21230e36455240252
2,americanfootball_nfl,[2020],2020-09-22T16:00:00Z,"[""daily_16UTC""]",30,8643b6d157c6866e0f36
2,americanfootball_ncaaf,[2020],2020-09-23T16:00:00Z,"[""daily_16UTC""]",30,d46a6070f347e5791a87
2,americanfootball_nfl,[2020],2020-09-23T16:00:00Z,"[""daily_16UTC""]",30,d8d06544f6e2c1ac466f
2,americanfootball_ncaaf,[2020],2020-09-24T02:30:00Z,"[""MOS_original_evening_slot_diagnostic""]",30,a53406bb04140c610e4f
2,americanfootball_nfl,[2020],2020-09-24T02:30:00Z,"[""MOS_original_evening_slot_diagnostic""]",30,f3332f63f5977a91994d
2,americanfootball_ncaaf,[2020],2020-09-24T16:00:00Z,"[""daily_16UTC""]",30,1c0385d834b51cfabb37
2,americanfootball_nfl,[2020],2020-09-24T16:00:00Z,"[""daily_16UTC""]",30,551a38914caabd2935ca
2,americanfootball_ncaaf,[2020],2020-09-24T23:25:00Z,"[""pregame_close_proxy""]",30,0bf4325eafb68c02e7ec
2,americanfootball_nfl,[2020],2020-09-25T00:15:00Z,"[""pregame_close_proxy""]",30,594f649743479ee13ae1
2,americanfootball_ncaaf,[2020],2020-09-25T16:00:00Z,"[""daily_16UTC""]",30,41d3bbc1024836ec6be7
2,americanfootball_nfl,[2020],2020-09-25T16:00:00Z,"[""daily_16UTC""]",30,7258f6f816d4d278ce50
2,americanfootball_ncaaf,[2020],2020-09-25T23:55:00Z,"[""pregame_close_proxy""]",30,84ca960596d3685be769
2,americanfootball_ncaaf,[2020],2020-09-26T02:30:00Z,"[""MOS_original_evening_slot_diagnostic""]",30,bb23da651f23352e52c9
2,americanfootball_ncaaf,[2020],2020-09-26T15:55:00Z,"[""pregame_close_proxy""]",30,c3b8d98b5614d28ac579
2,americanfootball_ncaaf,[2020],2020-09-26T16:00:00Z,"[""daily_16UTC""]",30,81758f599111671c3132
2,americanfootball_nfl,[2020],2020-09-26T16:00:00Z,"[""daily_16UTC""]",30,7de481bf72c5a2976eda
2,americanfootball_ncaaf,[2020],2020-09-26T16:55:00Z,"[""pregame_close_proxy""]",30,af380bacc54ac9e62416
2,americanfootball_ncaaf,[2020],2020-09-26T17:25:00Z,"[""pregame_close_proxy""]",30,c207d526d6007496499c
2,americanfootball_ncaaf,[2020],2020-09-26T18:25:00Z,"[""pregame_close_proxy""]",30,c70c0cc3a61d8ca6efc2
2,americanfootball_ncaaf,[2020],2020-09-26T19:25:00Z,"[""pregame_close_proxy""]",30,781b6be0fa6b78cd2813
2,americanfootball_ncaaf,[2020],2020-09-26T19:55:00Z,"[""pregame_close_proxy""]",30,c5dad0c28e2923cec0ee
2,americanfootball_ncaaf,[2020],2020-09-26T21:55:00Z,"[""pregame_close_proxy""]",30,e1eb036ddf6acdb509c5
2,americanfootball_ncaaf,[2020],2020-09-26T22:55:00Z,"[""alternate_independent_close_proxy"", ""pregame_close_proxy""]",30,d919d8e672b9da819754
2,americanfootball_ncaaf,[2020],2020-09-26T23:25:00Z,"[""pregame_close_proxy""]",30,28e7a61e7c74028d5b7b
2,americanfootball_ncaaf,[2020],2020-09-26T23:55:00Z,"[""pregame_close_proxy""]",30,704e89eb9f3920c9d833
2,americanfootball_ncaaf,[2020],2020-09-27T02:10:00Z,"[""pregame_close_proxy""]",30,2867366062936a7ac71b
2,americanfootball_nfl,[2020],2020-09-27T02:30:00Z,"[""MOS_original_evening_slot_diagnostic""]",30,cf49d1c9be77586361de
2,americanfootball_ncaaf,[2020],2020-09-27T16:00:00Z,"[""daily_16UTC""]",30,e3e25f5eb5809268627f
2,americanfootball_nfl,[2020],2020-09-27T16:00:00Z,"[""daily_16UTC""]",30,8b53988bc46fb4c2be23
2,americanfootball_nfl,[2020],2020-09-27T16:55:00Z,"[""pregame_close_proxy""]",30,4e042222aa7b3631b502
2,americanfootball_nfl,[2020],2020-09-27T20:00:00Z,"[""pregame_close_proxy""]",30,f7024b5a8b2714dc6c77
2,americanfootball_nfl,[2020],2020-09-27T20:20:00Z,"[""pregame_close_proxy""]",30,ccb68b0b292283452a8e
2,americanfootball_nfl,[2020],2020-09-28T00:15:00Z,"[""pregame_close_proxy""]",30,3e0673a8edf48c6b7778
2,americanfootball_nfl,[2020],2020-09-28T02:30:00Z,"[""MOS_original_evening_slot_diagnostic""]",30,c70e47d5f97854394b61
2,americanfootball_ncaaf,[2020],2020-09-28T16:00:00Z,"[""daily_16UTC""]",30,e9b264599f335301b8e9
2,americanfootball_nfl,[2020],2020-09-28T16:00:00Z,"[""daily_16UTC""]",30,47fa5c4ba60366bfe064
2,americanfootball_nfl,[2020],2020-09-29T00:10:00Z,"[""pregame_close_proxy""]",30,0844ffaa422b1f9e5984
2,americanfootball_ncaaf,[2020],2020-09-29T16:00:00Z,"[""daily_16UTC""]",30,a01bceefdcbf8a7ee0b0
2,americanfootball_nfl,[2020],2020-09-29T16:00:00Z,"[""daily_16UTC""]",30,a3da0fdb9a4e409239e5
2,americanfootball_ncaaf,[2020],2020-09-30T16:00:00Z,"[""daily_16UTC""]",30,b7c0330ab9290688b174
2,americanfootball_nfl,[2020],2020-09-30T16:00:00Z,"[""daily_16UTC""]",30,0bc6cc3699a88306c89a
2,americanfootball_nfl,[2020],2020-10-01T02:30:00Z,"[""MOS_original_evening_slot_diagnostic""]",30,7e70403f57f0f3a3b2b3
2,americanfootball_ncaaf,[2020],2020-10-01T16:00:00Z,"[""daily_16UTC""]",30,8d2cabca637e8fcdfece
2,americanfootball_nfl,[2020],2020-10-01T16:00:00Z,"[""daily_16UTC""]",30,5aa4a74cccd89884eb41
2,americanfootball_nfl,[2020],2020-10-02T00:15:00Z,"[""pregame_close_proxy""]",30,24a4ada26ccb25d6200f
2,americanfootball_ncaaf,[2020],2020-10-02T02:30:00Z,"[""MOS_original_evening_slot_diagnostic""]",30,edd02ba2b5110aceccd6
2,americanfootball_ncaaf,[2020],2020-10-02T16:00:00Z,"[""daily_16UTC""]",30,43ebf400f98b7f9cd959
2,americanfootball_nfl,[2020],2020-10-02T16:00:00Z,"[""daily_16UTC""]",30,3ee24b4790032dd2f2d8
2,americanfootball_ncaaf,[2020],2020-10-03T00:55:00Z,"[""pregame_close_proxy""]",30,0eabfd5589434b549352
2,americanfootball_ncaaf,[2020],2020-10-03T02:30:00Z,"[""MOS_original_evening_slot_diagnostic""]",0,6682603e1b136e8a254d
2,americanfootball_ncaaf,[2020],2020-10-03T15:55:00Z,"[""pregame_close_proxy""]",30,e969b1fb8f7656a818be
2,americanfootball_ncaaf,[2020],2020-10-03T16:00:00Z,"[""daily_16UTC""]",0,d45422136cb9a37e64a8
2,americanfootball_nfl,[2020],2020-10-03T16:00:00Z,"[""daily_16UTC""]",30,2fa55e5b4d5ac48136b4
2,americanfootball_ncaaf,[2020],2020-10-03T16:25:00Z,"[""pregame_close_proxy""]",30,3cbb740fd01bbdd94e33
2,americanfootball_ncaaf,[2020],2020-10-03T19:25:00Z,"[""pregame_close_proxy""]",30,395c61f1ede0799390a0
2,americanfootball_ncaaf,[2020],2020-10-03T19:55:00Z,"[""pregame_close_proxy""]",30,cc9f13c4cbed583759c4
2,americanfootball_ncaaf,[2020],2020-10-03T20:55:00Z,"[""pregame_close_proxy""]",30,782c99f604fe99d2bd94
2,americanfootball_ncaaf,[2020],2020-10-03T21:55:00Z,"[""pregame_close_proxy""]",30,9e9ab5e38638a063208a
2,americanfootball_ncaaf,[2020],2020-10-03T22:55:00Z,"[""pregame_close_proxy""]",30,8a1175f095a977905ff8
2,americanfootball_ncaaf,[2020],2020-10-03T23:25:00Z,"[""pregame_close_proxy""]",30,2622d75edae4792a0fcf
2,americanfootball_ncaaf,[2020],2020-10-03T23:55:00Z,"[""pregame_close_proxy""]",30,77b5ada93b6b2ea70943
2,americanfootball_nfl,[2020],2020-10-04T02:30:00Z,"[""MOS_original_evening_slot_diagnostic""]",0,5014da7083197abd6ab5
2,americanfootball_ncaaf,[2020],2020-10-04T16:00:00Z,"[""daily_16UTC""]",30,72db1ee22e1afbd7ef95
2,americanfootball_nfl,[2020],2020-10-04T16:00:00Z,"[""daily_16UTC""]",0,df2349ce88e65d4dad4e
2,americanfootball_nfl,[2020],2020-10-04T16:55:00Z,"[""pregame_close_proxy""]",30,472b02a577a0cf35dc57
2,americanfootball_nfl,[2020],2020-10-04T20:00:00Z,"[""pregame_close_proxy""]",30,49e89e5be6d45399ebfe
2,americanfootball_nfl,[2020],2020-10-04T20:20:00Z,"[""alternate_independent_close_proxy"", ""pregame_close_proxy""]",30,c17e7578900ba4f17754
2,americanfootball_nfl,[2020],2020-10-05T00:15:00Z,"[""pregame_close_proxy""]",30,86d0a218ec03c91b87c8
2,americanfootball_nfl,[2020],2020-10-05T02:30:00Z,"[""MOS_original_evening_slot_diagnostic""]",30,ecca2804c230b0565ef9
2,americanfootball_ncaaf,[2020],2020-10-05T16:00:00Z,"[""daily_16UTC""]",30,ca60a06cec66fbbbbd4b
2,americanfootball_nfl,[2020],2020-10-05T16:00:00Z,"[""daily_16UTC""]",30,a2d82eb3096be468cdfa
2,americanfootball_nfl,[2020],2020-10-05T23:00:00Z,"[""pregame_close_proxy""]",30,2ec0e715e2b0848b2e66
2,americanfootball_nfl,[2020],2020-10-06T00:45:00Z,"[""pregame_close_proxy""]",30,b52d7f0c1bb0aa0fdc4e
2,americanfootball_nfl,[2020],2020-10-06T00:55:00Z,"[""alternate_independent_close_proxy""]",30,e9af6fe1dbafe38de03d
2,americanfootball_ncaaf,[2020],2020-10-06T16:00:00Z,"[""daily_16UTC""]",30,60a875863f74a2f3acbe
2,americanfootball_nfl,[2020],2020-10-06T16:00:00Z,"[""daily_16UTC""]",30,82150983f06b5da5dbd6
2,americanfootball_ncaaf,[2020],2020-10-07T16:00:00Z,"[""daily_16UTC""]",30,048529f619df4c92304b
2,americanfootball_nfl,[2020],2020-10-07T16:00:00Z,"[""daily_16UTC""]",30,d66e224b8fcc52f3177a
2,americanfootball_ncaaf,[2020],2020-10-08T02:30:00Z,"[""MOS_original_evening_slot_diagnostic""]",30,98151b0e8c611783627e
2,americanfootball_nfl,[2020],2020-10-08T02:30:00Z,"[""MOS_original_evening_slot_diagnostic""]",30,e5e8ffb4e13c32a702ea
2,americanfootball_ncaaf,[2020],2020-10-08T16:00:00Z,"[""daily_16UTC""]",30,85939b70a182c1ec42be
2,americanfootball_nfl,[2020],2020-10-08T16:00:00Z,"[""daily_16UTC""]",30,76e99b4c9ae851b3b930
2,americanfootball_ncaaf,[2020],2020-10-08T23:25:00Z,"[""pregame_close_proxy""]",30,4cda8f95666d7034a29a
2,americanfootball_nfl,[2020],2020-10-09T00:15:00Z,"[""pregame_close_proxy""]",30,9da59a025101f5087632
2,americanfootball_ncaaf,[2020],2020-10-09T02:30:00Z,"[""MOS_original_evening_slot_diagnostic""]",30,52eff10603dce55f1105
2,americanfootball_ncaaf,[2020],2020-10-09T16:00:00Z,"[""daily_16UTC""]",30,603164c7649a9d37a434
2,americanfootball_nfl,[2020],2020-10-09T16:00:00Z,"[""daily_16UTC""]",30,b7c5d5663ee0047e2607
2,americanfootball_ncaaf,[2020],2020-10-09T22:55:00Z,"[""pregame_close_proxy""]",30,cdeadfa0e53cc1816f9f
2,americanfootball_ncaaf,[2020],2020-10-10T02:30:00Z,"[""MOS_original_evening_slot_diagnostic""]",30,6a9e7199d426ce3b19e4
2,americanfootball_ncaaf,[2020],2020-10-10T15:55:00Z,"[""pregame_close_proxy""]",30,bf49a677d959606dfafb
2,americanfootball_ncaaf,[2020],2020-10-10T16:00:00Z,"[""daily_16UTC""]",30,efdf99434db51e2aa42d
2,americanfootball_nfl,[2020],2020-10-10T16:00:00Z,"[""daily_16UTC""]",30,f8ca3b6d42bd73ebce68
2,americanfootball_ncaaf,[2020],2020-10-10T16:25:00Z,"[""pregame_close_proxy""]",30,c883a13ac679c88dc643
2,americanfootball_ncaaf,[2020],2020-10-10T19:25:00Z,"[""pregame_close_proxy""]",30,e5a7b640cc206e8901f0
2,americanfootball_ncaaf,[2020],2020-10-10T19:55:00Z,"[""pregame_close_proxy""]",30,c60a0354dcc38d807cb3
2,americanfootball_ncaaf,[2020],2020-10-10T21:55:00Z,"[""pregame_close_proxy""]",30,31d0c4d51c53ae4323f4
2,americanfootball_ncaaf,[2020],2020-10-10T22:55:00Z,"[""pregame_close_proxy""]",30,205cc5ef551cc5f2d891
2,americanfootball_ncaaf,[2020],2020-10-10T23:25:00Z,"[""pregame_close_proxy""]",30,7843a3bc8c4ba63a318e
2,americanfootball_ncaaf,[2020],2020-10-10T23:55:00Z,"[""pregame_close_proxy""]",30,1136fe95a8089ec61acd
2,americanfootball_nfl,[2020],2020-10-11T02:30:00Z,"[""MOS_original_evening_slot_diagnostic""]",30,75a52b54167dbe1da062
2,americanfootball_ncaaf,[2020],2020-10-11T16:00:00Z,"[""daily_16UTC""]",30,4872ba2c6bef8f005a3a
2,americanfootball_nfl,[2020],2020-10-11T16:00:00Z,"[""daily_16UTC""]",30,0da3bf8de2531f9e2e4e
2,americanfootball_nfl,[2020],2020-10-11T16:55:00Z,"[""pregame_close_proxy""]",30,960bff653b273655142e
2,americanfootball_nfl,[2020],2020-10-11T20:00:00Z,"[""pregame_close_proxy""]",30,650c2363ac14e9c2770b
2,americanfootball_nfl,[2020],2020-10-11T20:20:00Z,"[""pregame_close_proxy""]",30,73278c02f0796c4df285
2,americanfootball_nfl,[2020],2020-10-12T00:15:00Z,"[""pregame_close_proxy""]",30,7bf46ddf6ff26efb08bf
2,americanfootball_ncaaf,[2020],2020-10-12T16:00:00Z,"[""daily_16UTC""]",30,fb28e9266618bff2991f
2,americanfootball_nfl,[2020],2020-10-12T16:00:00Z,"[""daily_16UTC""]",30,3b98a44189f9c2ab07de
2,americanfootball_nfl,[2020],2020-10-13T00:10:00Z,"[""pregame_close_proxy""]",30,fd87d175d7e9c2f2454d
2,americanfootball_nfl,[2020],2020-10-13T02:30:00Z,"[""MOS_original_evening_slot_diagnostic""]",30,71ed23cdb5a3fdb9c227
2,americanfootball_ncaaf,[2020],2020-10-13T16:00:00Z,"[""daily_16UTC""]",30,4912a195d36c600ce993
2,americanfootball_nfl,[2020],2020-10-13T16:00:00Z,"[""daily_16UTC""]",30,945c3b1714eb90a383c6
2,americanfootball_nfl,[2020],2020-10-13T22:55:00Z,"[""pregame_close_proxy""]",30,05c9342c76e7529aedf6
2,americanfootball_ncaaf,[2020],2020-10-14T02:30:00Z,"[""MOS_original_evening_slot_diagnostic""]",30,a3ebc217f053e4853190
2,americanfootball_ncaaf,[2020],2020-10-14T16:00:00Z,"[""daily_16UTC""]",30,74abf9d7aff408905fd9
2,americanfootball_nfl,[2020],2020-10-14T16:00:00Z,"[""daily_16UTC""]",30,0ed912219b2a6297d1f8
2,americanfootball_ncaaf,[2020],2020-10-14T23:25:00Z,"[""pregame_close_proxy""]",30,f0f3813d0293534eb606
2,americanfootball_ncaaf,[2020],2020-10-15T02:30:00Z,"[""MOS_original_evening_slot_diagnostic""]",30,4c8482ec64a528c0244d
2,americanfootball_ncaaf,[2020],2020-10-15T16:00:00Z,"[""daily_16UTC""]",30,3d437eac2682e7168922
2,americanfootball_nfl,[2020],2020-10-15T16:00:00Z,"[""daily_16UTC""]",30,ffc66c5874d4f9b58ac8
2,americanfootball_ncaaf,[2020],2020-10-15T23:25:00Z,"[""pregame_close_proxy""]",30,d84d9bb09f82e9a563f8
2,americanfootball_ncaaf,[2020],2020-10-16T02:30:00Z,"[""MOS_original_evening_slot_diagnostic""]",30,4fa0482c19bba87a2149
2,americanfootball_ncaaf,[2020],2020-10-16T16:00:00Z,"[""daily_16UTC""]",30,ae56eddadb224ecd2c9a
2,americanfootball_nfl,[2020],2020-10-16T16:00:00Z,"[""daily_16UTC""]",30,ed8a779cb993da4aca30
2,americanfootball_ncaaf,[2020],2020-10-16T21:55:00Z,"[""pregame_close_proxy""]",30,d77b65b85839373a1e4f
2,americanfootball_ncaaf,[2020],2020-10-17T01:25:00Z,"[""pregame_close_proxy""]",30,c9fb22e812d35be1a087
2,americanfootball_ncaaf,[2020],2020-10-17T02:30:00Z,"[""MOS_original_evening_slot_diagnostic""]",30,85997ac142ee0fb2bcff
2,americanfootball_ncaaf,[2020],2020-10-17T15:55:00Z,"[""pregame_close_proxy""]",30,b7e470988dee30119ddd
2,americanfootball_ncaaf,[2020],2020-10-17T16:00:00Z,"[""daily_16UTC""]",30,ca7e7c5d4e7a81b2c029
2,americanfootball_nfl,[2020],2020-10-17T16:00:00Z,"[""daily_16UTC""]",30,967e500cc0c1cf82cf7f
2,americanfootball_ncaaf,[2020],2020-10-17T17:25:00Z,"[""pregame_close_proxy""]",30,aa01c7a5e0d8f2059fa4
2,americanfootball_ncaaf,[2020],2020-10-17T18:25:00Z,"[""pregame_close_proxy""]",30,96e8f6c739eb4b55083c
2,americanfootball_ncaaf,[2020],2020-10-17T19:25:00Z,"[""pregame_close_proxy""]",30,c2e4746402367c4c83ed
2,americanfootball_ncaaf,[2020],2020-10-17T19:55:00Z,"[""pregame_close_proxy""]",30,7ff88144712616ad29f7
2,americanfootball_ncaaf,[2020],2020-10-17T20:55:00Z,"[""pregame_close_proxy""]",30,429c7b7d32bc88045351
2,americanfootball_ncaaf,[2020],2020-10-17T21:55:00Z,"[""pregame_close_proxy""]",30,3e8e86353719b738b32e
2,americanfootball_ncaaf,[2020],2020-10-17T23:25:00Z,"[""pregame_close_proxy""]",30,eb66484c383e71ab5978
2,americanfootball_ncaaf,[2020],2020-10-17T23:55:00Z,"[""pregame_close_proxy""]",30,34cc8f7d5abfc2f2c407
2,americanfootball_nfl,[2020],2020-10-18T02:30:00Z,"[""MOS_original_evening_slot_diagnostic""]",30,4e935a9d72441be3373d
2,americanfootball_ncaaf,[2020],2020-10-18T16:00:00Z,"[""daily_16UTC""]",30,3339eb571e394969f0b8
2,americanfootball_nfl,[2020],2020-10-18T16:00:00Z,"[""daily_16UTC""]",30,d531c33a4fb31b6f2445
2,americanfootball_nfl,[2020],2020-10-18T16:55:00Z,"[""pregame_close_proxy""]",30,ea10adb387bbf9f822eb
2,americanfootball_nfl,[2020],2020-10-18T20:00:00Z,"[""pregame_close_proxy""]",30,d547746ef6e25eeeb0d4
2,americanfootball_nfl,[2020],2020-10-18T20:20:00Z,"[""pregame_close_proxy""]",30,49458b9be51617cc44c9
2,americanfootball_nfl,[2020],2020-10-19T00:15:00Z,"[""pregame_close_proxy""]",30,3d514604cb7fa0b90669
2,americanfootball_nfl,[2020],2020-10-19T02:30:00Z,"[""MOS_original_evening_slot_diagnostic""]",30,b3bede494ee15c5ec393
2,americanfootball_ncaaf,[2020],2020-10-19T16:00:00Z,"[""daily_16UTC""]",30,a54e6856850004aaa3f8
2,americanfootball_nfl,[2020],2020-10-19T16:00:00Z,"[""daily_16UTC""]",30,e510dcc1898f8a026e25
2,americanfootball_nfl,[2020],2020-10-19T20:55:00Z,"[""pregame_close_proxy""]",30,0dd345c4763eb58295f1
2,americanfootball_nfl,[2020],2020-10-20T00:10:00Z,"[""pregame_close_proxy""]",30,b1b35080f78069d74aa3
2,americanfootball_ncaaf,[2020],2020-10-20T16:00:00Z,"[""daily_16UTC""]",30,97cf4bb05db7bbdbbbb5
2,americanfootball_nfl,[2020],2020-10-20T16:00:00Z,"[""daily_16UTC""]",30,d698c768246ae51fdb50
2,americanfootball_ncaaf,[2020],2020-10-21T16:00:00Z,"[""daily_16UTC""]",30,d8f25b0af1d95a968c23
2,americanfootball_nfl,[2020],2020-10-21T16:00:00Z,"[""daily_16UTC""]",30,55187fed87e9a72bc0b7
2,americanfootball_ncaaf,[2020],2020-10-22T02:30:00Z,"[""MOS_original_evening_slot_diagnostic""]",30,08426af291dc8e620d61
2,americanfootball_nfl,[2020],2020-10-22T02:30:00Z,"[""MOS_original_evening_slot_diagnostic""]",30,212853c347b090f85d59
2,americanfootball_ncaaf,[2020],2020-10-22T16:00:00Z,"[""daily_16UTC""]",30,08dae5daabf4aa1c53bb
2,americanfootball_nfl,[2020],2020-10-22T16:00:00Z,"[""daily_16UTC""]",30,ef7134b684bc13b1403b
2,americanfootball_ncaaf,[2020],2020-10-22T23:25:00Z,"[""pregame_close_proxy""]",30,57bc72fa2a5512e8c514
2,americanfootball_nfl,[2020],2020-10-23T00:15:00Z,"[""pregame_close_proxy""]",30,8ab8b40854ee22a94d0c
2,americanfootball_ncaaf,[2020],2020-10-23T02:30:00Z,"[""MOS_original_evening_slot_diagnostic""]",30,f733b61d2cc85395c57a
2,americanfootball_ncaaf,[2020],2020-10-23T16:00:00Z,"[""daily_16UTC""]",30,81bbc4f6c0a6e1ae65da
2,americanfootball_nfl,[2020],2020-10-23T16:00:00Z,"[""daily_16UTC""]",30,03f43cc6019e096bd865
2,americanfootball_ncaaf,[2020],2020-10-23T23:25:00Z,"[""pregame_close_proxy""]",30,16d26ae687f04f2944ad
2,americanfootball_ncaaf,[2020],2020-10-23T23:55:00Z,"[""pregame_close_proxy""]",30,9195db3b7e1ea68f1fd5
2,americanfootball_ncaaf,[2020],2020-10-24T02:30:00Z,"[""MOS_original_evening_slot_diagnostic""]",30,7fd5906c96073ce487b0
2,americanfootball_ncaaf,[2020],2020-10-24T15:55:00Z,"[""pregame_close_proxy""]",30,7d4f04d2dceca57884f2
2,americanfootball_ncaaf,[2020],2020-10-24T16:00:00Z,"[""daily_16UTC""]",30,28dfa93e42fe6d32e408
2,americanfootball_nfl,[2020],2020-10-24T16:00:00Z,"[""daily_16UTC""]",30,474832d23ac7f50310d1
2,americanfootball_ncaaf,[2020],2020-10-24T16:55:00Z,"[""pregame_close_proxy""]",30,a0e93d2b950f294651b3
2,americanfootball_ncaaf,[2020],2020-10-24T17:55:00Z,"[""pregame_close_proxy""]",30,ccc23efb7a356da1360c
2,americanfootball_ncaaf,[2020],2020-10-24T18:25:00Z,"[""pregame_close_proxy""]",30,4c4d9a4eab617ce562e7
2,americanfootball_ncaaf,[2020],2020-10-24T19:25:00Z,"[""pregame_close_proxy""]",30,d52ed10b185e101451ab
2,americanfootball_ncaaf,[2020],2020-10-24T19:35:00Z,"[""alternate_independent_close_proxy""]",30,50b5421d06799c656fd7
2,americanfootball_ncaaf,[2020],2020-10-24T19:55:00Z,"[""pregame_close_proxy""]",30,1774316743a5da2daf0f
2,americanfootball_ncaaf,[2020],2020-10-24T21:25:00Z,"[""pregame_close_proxy""]",30,2c58405ed5cff5c89ef1
2,americanfootball_ncaaf,[2020],2020-10-24T22:55:00Z,"[""pregame_close_proxy""]",30,34ed8e1703b4ac22831c
2,americanfootball_ncaaf,[2020],2020-10-24T23:25:00Z,"[""pregame_close_proxy""]",30,8f7cf8087c1223a7b306
2,americanfootball_ncaaf,[2020],2020-10-24T23:55:00Z,"[""alternate_independent_close_proxy""]",30,236594bf1bd6ea7967c0
2,americanfootball_ncaaf,[2020],2020-10-25T00:55:00Z,"[""pregame_close_proxy""]",30,094365a7337d47094ad8
2,americanfootball_ncaaf,[2020],2020-10-25T02:10:00Z,"[""pregame_close_proxy""]",30,04410a88007641f3903a
2,americanfootball_ncaaf,[2020],2020-10-25T02:25:00Z,"[""pregame_close_proxy""]",30,eac48dac2c2d223319ef
2,americanfootball_nfl,[2020],2020-10-25T02:30:00Z,"[""MOS_original_evening_slot_diagnostic""]",30,0a1968b80b63f2822ddb
2,americanfootball_ncaaf,[2020],2020-10-25T16:00:00Z,"[""daily_16UTC""]",30,0798397923970fa22916
2,americanfootball_nfl,[2020],2020-10-25T16:00:00Z,"[""daily_16UTC""]",30,71db5100475bb01de290
2,americanfootball_nfl,[2020],2020-10-25T16:55:00Z,"[""pregame_close_proxy""]",30,407ad3877f47262b008c
2,americanfootball_nfl,[2020],2020-10-25T20:00:00Z,"[""pregame_close_proxy""]",30,446b1ed41c9780780db3
2,americanfootball_nfl,[2020],2020-10-25T20:20:00Z,"[""pregame_close_proxy""]",30,5dff904d76df1b8ae532
2,americanfootball_nfl,[2020],2020-10-26T00:15:00Z,"[""pregame_close_proxy""]",30,cad15381be40c771d428
2,americanfootball_ncaaf,[2020],2020-10-26T16:00:00Z,"[""daily_16UTC""]",30,fd028c135ba649d14d39
2,americanfootball_nfl,[2020],2020-10-26T16:00:00Z,"[""daily_16UTC""]",30,f267b15e72774e1e1a9b
2,americanfootball_nfl,[2020],2020-10-27T00:10:00Z,"[""pregame_close_proxy""]",30,e33501929f3a01fc2aad
2,americanfootball_ncaaf,[2020],2020-10-27T16:00:00Z,"[""daily_16UTC""]",30,07e2f1cc6be74ac61797
2,americanfootball_nfl,[2020],2020-10-27T16:00:00Z,"[""daily_16UTC""]",30,57716640d67964fb7ade
2,americanfootball_ncaaf,[2020],2020-10-28T16:00:00Z,"[""daily_16UTC""]",30,68d9a3168344a0b1da37
2,americanfootball_nfl,[2020],2020-10-28T16:00:00Z,"[""daily_16UTC""]",30,fd611dcca2565edeaf89
2,americanfootball_ncaaf,[2020],2020-10-29T02:30:00Z,"[""MOS_original_evening_slot_diagnostic""]",30,d748618ae57f8b7d9429
2,americanfootball_nfl,[2020],2020-10-29T02:30:00Z,"[""MOS_original_evening_slot_diagnostic""]",30,3a28a6837fd903ebc50f
2,americanfootball_ncaaf,[2020],2020-10-29T16:00:00Z,"[""daily_16UTC""]",30,4440c08ec81603ee0073
2,americanfootball_nfl,[2020],2020-10-29T16:00:00Z,"[""daily_16UTC""]",30,e769472560e4694b9d32
2,americanfootball_ncaaf,[2020],2020-10-29T23:25:00Z,"[""pregame_close_proxy""]",30,2dc0a1fc07fe22e7023c
2,americanfootball_nfl,[2020],2020-10-30T00:15:00Z,"[""pregame_close_proxy""]",30,da39310614ed00177c40
2,americanfootball_ncaaf,[2020],2020-10-30T01:55:00Z,"[""pregame_close_proxy""]",30,5796868759db13cb94a4
2,americanfootball_ncaaf,[2020],2020-10-30T02:30:00Z,"[""MOS_original_evening_slot_diagnostic""]",30,2f78e0dd6d426bf4b4d1
2,americanfootball_ncaaf,[2020],2020-10-30T16:00:00Z,"[""daily_16UTC""]",30,a394e5d3ee89dbbf39e4
2,americanfootball_nfl,[2020],2020-10-30T16:00:00Z,"[""daily_16UTC""]",30,154ae0ef90b1dd7a6258
2,americanfootball_ncaaf,[2020],2020-10-30T23:25:00Z,"[""pregame_close_proxy""]",30,3b31f45e9cade20b92be
2,americanfootball_ncaaf,[2020],2020-10-31T00:55:00Z,"[""pregame_close_proxy""]",30,1e7b0377d8196d797346
2,americanfootball_ncaaf,[2020],2020-10-31T01:40:00Z,"[""pregame_close_proxy""]",30,f0fd204650637e5f99e3
2,americanfootball_ncaaf,[2020],2020-10-31T02:30:00Z,"[""MOS_original_evening_slot_diagnostic""]",30,9df64c3aa361bb132aeb
2,americanfootball_ncaaf,[2020],2020-10-31T15:55:00Z,"[""pregame_close_proxy""]",30,4ab51e711fd84f73bf39
2,americanfootball_ncaaf,[2020],2020-10-31T16:00:00Z,"[""daily_16UTC""]",30,242dfd5fb2b581957c64
2,americanfootball_nfl,[2020],2020-10-31T16:00:00Z,"[""daily_16UTC""]",30,1f94efaa55c28bddf7b1
2,americanfootball_ncaaf,[2020],2020-10-31T17:55:00Z,"[""pregame_close_proxy""]",30,add2015f431d8dd23ede
2,americanfootball_ncaaf,[2020],2020-10-31T18:55:00Z,"[""pregame_close_proxy""]",30,2102410c47586c8d5067
2,americanfootball_ncaaf,[2020],2020-10-31T19:25:00Z,"[""pregame_close_proxy""]",30,8e93387a6c912ae8cb63
2,americanfootball_ncaaf,[2020],2020-10-31T19:55:00Z,"[""pregame_close_proxy""]",30,38bebb08bf8c9c87b23b
2,americanfootball_ncaaf,[2020],2020-10-31T21:55:00Z,"[""pregame_close_proxy""]",30,b498bfcd8eaf2b39e9dc
2,americanfootball_ncaaf,[2020],2020-10-31T22:55:00Z,"[""pregame_close_proxy""]",30,0ba5661c162dc6feeff1
2,americanfootball_ncaaf,[2020],2020-10-31T23:25:00Z,"[""pregame_close_proxy""]",30,2f574f8f7695d41fed82
2,americanfootball_ncaaf,[2020],2020-10-31T23:55:00Z,"[""pregame_close_proxy""]",30,57bfa329d617de7e33f1
2,americanfootball_ncaaf,[2020],2020-11-01T01:25:00Z,"[""pregame_close_proxy""]",30,8fcc0679c8da2e427647
2,americanfootball_ncaaf,[2020],2020-11-01T02:10:00Z,"[""pregame_close_proxy""]",30,fc1f5b15b711f8a60365
2,americanfootball_ncaaf,[2020],2020-11-01T02:25:00Z,"[""pregame_close_proxy""]",30,71439031a84e20e5da95
2,americanfootball_nfl,[2020],2020-11-01T02:30:00Z,"[""MOS_original_evening_slot_diagnostic""]",30,2a8ff92048d51094d908
2,americanfootball_ncaaf,[2020],2020-11-01T16:00:00Z,"[""daily_16UTC""]",30,ab9327e43aa37ffade88
2,americanfootball_nfl,[2020],2020-11-01T16:00:00Z,"[""daily_16UTC""]",30,557ea0912e7aeab7a898
2,americanfootball_nfl,[2020],2020-11-01T17:55:00Z,"[""pregame_close_proxy""]",30,ac825f9e26295eee34cb
2,americanfootball_nfl,[2020],2020-11-01T21:00:00Z,"[""pregame_close_proxy""]",30,c56b3ca93d7bec326ebd
2,americanfootball_nfl,[2020],2020-11-01T21:20:00Z,"[""pregame_close_proxy""]",30,bbf74996daee8632b131
2,americanfootball_nfl,[2020],2020-11-02T01:15:00Z,"[""pregame_close_proxy""]",30,2af8283d088afa333590
2,americanfootball_nfl,[2020],2020-11-02T03:30:00Z,"[""MOS_original_evening_slot_diagnostic""]",30,20a66620ed0dc1408b26
2,americanfootball_ncaaf,[2020],2020-11-02T16:00:00Z,"[""daily_16UTC""]",30,a8c83c1618ef5ca6bac4
2,americanfootball_nfl,[2020],2020-11-02T16:00:00Z,"[""daily_16UTC""]",30,029cf276e154703d9a8e
2,americanfootball_nfl,[2020],2020-11-03T01:10:00Z,"[""pregame_close_proxy""]",30,095e401d5f9db1bb47c1
2,americanfootball_ncaaf,[2020],2020-11-03T16:00:00Z,"[""daily_16UTC""]",30,694e3d7df86d9399d629
2,americanfootball_nfl,[2020],2020-11-03T16:00:00Z,"[""daily_16UTC""]",30,a750bc57dce047c572cd
2,americanfootball_ncaaf,[2020],2020-11-04T03:30:00Z,"[""MOS_original_evening_slot_diagnostic""]",30,3d62712776c769ef272d
2,americanfootball_ncaaf,[2020],2020-11-04T16:00:00Z,"[""daily_16UTC""]",30,9ca87c6dc99a1cfcb2a4
2,americanfootball_nfl,[2020],2020-11-04T16:00:00Z,"[""daily_16UTC""]",30,5e26f9a0283b96ef6854
2,americanfootball_ncaaf,[2020],2020-11-04T22:55:00Z,"[""pregame_close_proxy""]",30,05c6e6c95965dca013e3
2,americanfootball_ncaaf,[2020],2020-11-04T23:55:00Z,"[""pregame_close_proxy""]",30,dc4c8466792d4ee07953
2,americanfootball_ncaaf,[2020],2020-11-05T00:55:00Z,"[""pregame_close_proxy""]",30,62e25bc35e4fb27fb065
2,americanfootball_ncaaf,[2020],2020-11-05T03:30:00Z,"[""MOS_original_evening_slot_diagnostic""]",30,ed30bc44cd2c0c05d876
2,americanfootball_nfl,[2020],2020-11-05T03:30:00Z,"[""MOS_original_evening_slot_diagnostic""]",30,add1e2d910c4d516aa7d
2,americanfootball_ncaaf,[2020],2020-11-05T16:00:00Z,"[""daily_16UTC""]",30,92a0c74b05f07ee99bab
2,americanfootball_nfl,[2020],2020-11-05T16:00:00Z,"[""daily_16UTC""]",30,72cf25cda4f1109584f8
2,americanfootball_ncaaf,[2020],2020-11-05T23:55:00Z,"[""pregame_close_proxy""]",30,bcfd2a1fee645f3579b6
2,americanfootball_nfl,[2020],2020-11-06T01:15:00Z,"[""pregame_close_proxy""]",30,4e364c2e86aaf697ccfa
2,americanfootball_ncaaf,[2020],2020-11-06T01:55:00Z,"[""pregame_close_proxy""]",30,bd79498cdae1200ec14f
2,americanfootball_ncaaf,[2020],2020-11-06T03:30:00Z,"[""MOS_original_evening_slot_diagnostic""]",30,89f763bf52f563bc6d0a
2,americanfootball_ncaaf,[2020],2020-11-06T16:00:00Z,"[""daily_16UTC""]",30,fad5daab6ee5b36fbca8
2,americanfootball_nfl,[2020],2020-11-06T16:00:00Z,"[""daily_16UTC""]",30,89f6a2ee3db1121e1560
2,americanfootball_ncaaf,[2020],2020-11-07T00:25:00Z,"[""pregame_close_proxy""]",30,8e8631c849d13898f5cf
2,americanfootball_ncaaf,[2020],2020-11-07T01:55:00Z,"[""pregame_close_proxy""]",30,252dd3ee21fde3589f5b
2,americanfootball_ncaaf,[2020],2020-11-07T02:40:00Z,"[""pregame_close_proxy""]",30,3d452f8583da2ab9518c
2,americanfootball_ncaaf,[2020],2020-11-07T03:30:00Z,"[""MOS_original_evening_slot_diagnostic""]",30,ce63203ee4c3a604e449
2,americanfootball_ncaaf,[2020],2020-11-07T16:00:00Z,"[""daily_16UTC""]",30,0d7d6c6b3336880fae9c
2,americanfootball_nfl,[2020],2020-11-07T16:00:00Z,"[""daily_16UTC""]",30,7bd2345ea35b179c4f8e
2,americanfootball_ncaaf,[2020],2020-11-07T16:55:00Z,"[""pregame_close_proxy""]",30,cd0dd0feed4705c111ff
2,americanfootball_ncaaf,[2020],2020-11-07T17:55:00Z,"[""pregame_close_proxy""]",30,f88cea5b417b23d5f07c
2,americanfootball_ncaaf,[2020],2020-11-07T18:55:00Z,"[""pregame_close_proxy""]",30,265dc625ba0223ef989c
2,americanfootball_ncaaf,[2020],2020-11-07T19:25:00Z,"[""pregame_close_proxy""]",30,32bfb8453dfc3973e685
2,americanfootball_ncaaf,[2020],2020-11-07T19:55:00Z,"[""pregame_close_proxy""]",30,ce96e5dc29d66434d33f
2,americanfootball_ncaaf,[2020],2020-11-07T20:25:00Z,"[""pregame_close_proxy""]",30,8b5139282f500580ac85
2,americanfootball_ncaaf,[2020],2020-11-07T20:55:00Z,"[""pregame_close_proxy""]",30,711d63c452aa11492c2b
2,americanfootball_ncaaf,[2020],2020-11-07T22:55:00Z,"[""pregame_close_proxy""]",30,becc1b70e1b37473b298
2,americanfootball_ncaaf,[2020],2020-11-07T23:55:00Z,"[""pregame_close_proxy""]",30,fb197ede858dc668120f
2,americanfootball_ncaaf,[2020],2020-11-08T00:25:00Z,"[""pregame_close_proxy""]",30,c5a36f48de10ee38cc04
2,americanfootball_ncaaf,[2020],2020-11-08T00:55:00Z,"[""pregame_close_proxy""]",30,11f69ee3b32997aea374
2,americanfootball_ncaaf,[2020],2020-11-08T03:25:00Z,"[""pregame_close_proxy""]",30,2b3498f729ffbace25c1
2,americanfootball_nfl,[2020],2020-11-08T03:30:00Z,"[""MOS_original_evening_slot_diagnostic""]",30,1432e38b2164159392cb
2,americanfootball_ncaaf,[2020],2020-11-08T03:55:00Z,"[""pregame_close_proxy""]",30,78108c9fa0639af29e73
2,americanfootball_ncaaf,[2020],2020-11-08T16:00:00Z,"[""daily_16UTC""]",30,704d608ef71e1049e845
2,americanfootball_nfl,[2020],2020-11-08T16:00:00Z,"[""daily_16UTC""]",30,97a02e471f97fca2e693
2,americanfootball_nfl,[2020],2020-11-08T17:55:00Z,"[""pregame_close_proxy""]",30,29f70381d45c68dc50ed
2,americanfootball_nfl,[2020],2020-11-08T21:00:00Z,"[""pregame_close_proxy""]",30,57c0f2185139a4b1b9a7
2,americanfootball_nfl,[2020],2020-11-08T21:20:00Z,"[""pregame_close_proxy""]",30,331dd990194ad91b13a0
2,americanfootball_nfl,[2020],2020-11-09T01:15:00Z,"[""pregame_close_proxy""]",30,36b3e85c0b01f46ad127
2,americanfootball_nfl,[2020],2020-11-09T03:30:00Z,"[""MOS_original_evening_slot_diagnostic""]",30,ce1741d2b4e665a76718
2,americanfootball_ncaaf,[2020],2020-11-09T16:00:00Z,"[""daily_16UTC""]",30,983847a68f79137a04de
2,americanfootball_nfl,[2020],2020-11-09T16:00:00Z,"[""daily_16UTC""]",30,b08a961e33e568e47e67
2,americanfootball_nfl,[2020],2020-11-10T01:10:00Z,"[""pregame_close_proxy""]",30,9fef0b8eb987896500e5
2,americanfootball_ncaaf,[2020],2020-11-10T03:30:00Z,"[""MOS_original_evening_slot_diagnostic""]",30,804c12b9e34e754b936e
2,americanfootball_ncaaf,[2020],2020-11-10T16:00:00Z,"[""daily_16UTC""]",30,413dd1b96598b769897d
2,americanfootball_nfl,[2020],2020-11-10T16:00:00Z,"[""daily_16UTC""]",30,7ffbd10b15e1c056ea32
2,americanfootball_ncaaf,[2020],2020-11-10T23:55:00Z,"[""pregame_close_proxy""]",30,cf081e5bb7d161320433
2,americanfootball_ncaaf,[2020],2020-11-11T00:25:00Z,"[""pregame_close_proxy""]",30,d10217a7de287cc17435
2,americanfootball_ncaaf,[2020],2020-11-11T00:55:00Z,"[""pregame_close_proxy""]",30,bc671f2aae754cd05f3e
2,americanfootball_ncaaf,[2020],2020-11-11T03:30:00Z,"[""MOS_original_evening_slot_diagnostic""]",30,2ddc143b18fc49f20050
2,americanfootball_ncaaf,[2020],2020-11-11T16:00:00Z,"[""daily_16UTC""]",30,56b544063cc3d15b83cb
2,americanfootball_nfl,[2020],2020-11-11T16:00:00Z,"[""daily_16UTC""]",30,bff9082bb361d91519db
2,americanfootball_ncaaf,[2020],2020-11-11T23:55:00Z,"[""pregame_close_proxy""]",30,28d3f2b88f9b1722a7e5
2,americanfootball_ncaaf,[2020],2020-11-12T00:55:00Z,"[""pregame_close_proxy""]",30,7cf26dac1c5b34a8d55b
2,americanfootball_ncaaf,[2020],2020-11-12T03:30:00Z,"[""MOS_original_evening_slot_diagnostic""]",30,88eb522f4e27c8080a55
2,americanfootball_nfl,[2020],2020-11-12T03:30:00Z,"[""MOS_original_evening_slot_diagnostic""]",30,0aa07eb66c51c9821305
2,americanfootball_ncaaf,[2020],2020-11-12T16:00:00Z,"[""daily_16UTC""]",30,ca66496b09b6b546df27
2,americanfootball_nfl,[2020],2020-11-12T16:00:00Z,"[""daily_16UTC""]",30,d8311b1a69af855e01f0
2,americanfootball_ncaaf,[2020],2020-11-13T00:55:00Z,"[""pregame_close_proxy""]",30,7ee0b67918903c8018f2
2,americanfootball_nfl,[2020],2020-11-13T01:15:00Z,"[""pregame_close_proxy""]",30,ee558dd8d88733cf1bce
2,americanfootball_ncaaf,[2020],2020-11-13T03:30:00Z,"[""MOS_original_evening_slot_diagnostic""]",30,95cfa1b14348dc343e2b
2,americanfootball_ncaaf,[2020],2020-11-13T16:00:00Z,"[""daily_16UTC""]",30,3d4b145d0b9f706f112c
2,americanfootball_nfl,[2020],2020-11-13T16:00:00Z,"[""daily_16UTC""]",30,89050cead74e0ae23c96
2,americanfootball_ncaaf,[2020],2020-11-13T23:55:00Z,"[""pregame_close_proxy""]",30,787a80121f305611a3a1
2,americanfootball_ncaaf,[2020],2020-11-14T00:25:00Z,"[""pregame_close_proxy""]",30,55402a4faec610586390
2,americanfootball_ncaaf,[2020],2020-11-14T03:30:00Z,"[""MOS_original_evening_slot_diagnostic""]",30,98b5d3c7164eb1957c90
2,americanfootball_ncaaf,[2020],2020-11-14T16:00:00Z,"[""daily_16UTC""]",30,763a2d8286010cceab78
2,americanfootball_nfl,[2020],2020-11-14T16:00:00Z,"[""daily_16UTC""]",30,24c160c85a6351d19b0d
2,americanfootball_ncaaf,[2020],2020-11-14T16:55:00Z,"[""pregame_close_proxy""]",30,1bd6aa56de590eeb9dd2
2,americanfootball_ncaaf,[2020],2020-11-14T17:55:00Z,"[""alternate_independent_close_proxy""]",30,b1785e3e6d2fff44ad35
2,americanfootball_ncaaf,[2020],2020-11-14T18:55:00Z,"[""pregame_close_proxy""]",30,d87c7165101ae0d1b2df
2,americanfootball_ncaaf,[2020],2020-11-14T19:25:00Z,"[""pregame_close_proxy""]",30,f18502f7c90e62d2fca2
2,americanfootball_ncaaf,[2020],2020-11-14T19:55:00Z,"[""pregame_close_proxy""]",30,5cd8d25e7b063b14cb68
2,americanfootball_ncaaf,[2020],2020-11-14T20:25:00Z,"[""pregame_close_proxy""]",30,7c2e230cd00455cc4855
2,americanfootball_ncaaf,[2020],2020-11-14T20:55:00Z,"[""pregame_close_proxy""]",30,b43ac01d36ef0fb13c53
2,americanfootball_ncaaf,[2020],2020-11-14T21:55:00Z,"[""alternate_independent_close_proxy""]",30,5a8ae5e33e6a1dbe5ad2
2,americanfootball_ncaaf,[2020],2020-11-14T23:25:00Z,"[""pregame_close_proxy""]",30,389110731dc37b8856fb
2,americanfootball_ncaaf,[2020],2020-11-14T23:55:00Z,"[""pregame_close_proxy""]",30,fc5e1f7d0b2f74866b46
2,americanfootball_ncaaf,[2020],2020-11-15T00:25:00Z,"[""pregame_close_proxy""]",30,f05d2e5e43e7d825465b
2,americanfootball_ncaaf,[2020],2020-11-15T03:25:00Z,"[""pregame_close_proxy""]",30,c108a4d66d515801bf8c
2,americanfootball_ncaaf,[2020],2020-11-15T03:30:00Z,"[""MOS_original_evening_slot_diagnostic""]",30,670cd94ad2c3fa96da3c
2,americanfootball_nfl,[2020],2020-11-15T03:30:00Z,"[""MOS_original_evening_slot_diagnostic""]",30,0e226844bcc4e366c212
2,americanfootball_ncaaf,[2020],2020-11-15T03:55:00Z,"[""pregame_close_proxy""]",30,70ac8bb707deab98e7a6
2,americanfootball_ncaaf,[2020],2020-11-15T16:00:00Z,"[""daily_16UTC""]",30,4623a918bdb3e8a6863c
2,americanfootball_nfl,[2020],2020-11-15T16:00:00Z,"[""daily_16UTC""]",30,65cf797df8e5dacf15d2
2,americanfootball_ncaaf,[2020],2020-11-15T16:55:00Z,"[""pregame_close_proxy""]",30,97723085508bcdef5a09
2,americanfootball_nfl,[2020],2020-11-15T17:55:00Z,"[""pregame_close_proxy""]",30,f16f353b32f342f79b6b
2,americanfootball_nfl,[2020],2020-11-15T21:00:00Z,"[""pregame_close_proxy""]",30,79d1741374577eee9d68
2,americanfootball_nfl,[2020],2020-11-15T21:20:00Z,"[""pregame_close_proxy""]",30,a4caf20cdf56ff240592
2,americanfootball_nfl,[2020],2020-11-16T01:15:00Z,"[""pregame_close_proxy""]",30,088c6a0dc5e8b44c2f3e
2,americanfootball_nfl,[2020],2020-11-16T03:30:00Z,"[""MOS_original_evening_slot_diagnostic""]",30,2aaa9fac12875d0c6c19
2,americanfootball_ncaaf,[2020],2020-11-16T16:00:00Z,"[""daily_16UTC""]",30,e1c65763e865791024aa
2,americanfootball_nfl,[2020],2020-11-16T16:00:00Z,"[""daily_16UTC""]",30,a1a3fd48a363a6e03041
2,americanfootball_nfl,[2020],2020-11-17T01:10:00Z,"[""pregame_close_proxy""]",30,177937a884f4f86bc7fb
2,americanfootball_ncaaf,[2020],2020-11-17T03:30:00Z,"[""MOS_original_evening_slot_diagnostic""]",30,956564443a53499b378a
2,americanfootball_ncaaf,[2020],2020-11-17T16:00:00Z,"[""daily_16UTC""]",30,30df1ec77c5eaebd491a
2,americanfootball_nfl,[2020],2020-11-17T16:00:00Z,"[""daily_16UTC""]",30,b64fc71b671ae08b6ff7
2,americanfootball_ncaaf,[2020],2020-11-17T23:55:00Z,"[""pregame_close_proxy""]",30,6724ec9c2f4c97a2f7bf
2,americanfootball_ncaaf,[2020],2020-11-18T00:55:00Z,"[""pregame_close_proxy""]",30,e9676125301d93f2308d
2,americanfootball_ncaaf,[2020],2020-11-18T03:30:00Z,"[""MOS_original_evening_slot_diagnostic""]",30,e9f101c8a9417f7a0507
2,americanfootball_ncaaf,[2020],2020-11-18T16:00:00Z,"[""daily_16UTC""]",30,1d4587f83575471a54c8
2,americanfootball_nfl,[2020],2020-11-18T16:00:00Z,"[""daily_16UTC""]",30,79353b4cd433eb64ec75
2,americanfootball_ncaaf,[2020],2020-11-18T23:55:00Z,"[""pregame_close_proxy""]",30,24f5d945a7c3555dcf0d
2,americanfootball_ncaaf,[2020],2020-11-19T03:30:00Z,"[""MOS_original_evening_slot_diagnostic""]",30,23a9f8a5ebb36db5933b
2,americanfootball_nfl,[2020],2020-11-19T03:30:00Z,"[""MOS_original_evening_slot_diagnostic""]",30,3a39a8fe764e3eb97a98
2,americanfootball_ncaaf,[2020],2020-11-19T16:00:00Z,"[""daily_16UTC""]",30,50c1091ce144c193ebe8
2,americanfootball_nfl,[2020],2020-11-19T16:00:00Z,"[""daily_16UTC""]",30,e6d38c0f8b5501eafa8b
2,americanfootball_ncaaf,[2020],2020-11-20T00:25:00Z,"[""pregame_close_proxy""]",30,34dd5291e514f4d1991d
2,americanfootball_nfl,[2020],2020-11-20T01:15:00Z,"[""pregame_close_proxy""]",30,ef0411f73f6855e92d76
2,americanfootball_ncaaf,[2020],2020-11-20T03:30:00Z,"[""MOS_original_evening_slot_diagnostic""]",30,3b8abe770e1e7151a430
2,americanfootball_ncaaf,[2020],2020-11-20T16:00:00Z,"[""daily_16UTC""]",30,dfb5ab857a8fbe3cd951
2,americanfootball_nfl,[2020],2020-11-20T16:00:00Z,"[""daily_16UTC""]",30,da7ec0e286e1c1361518
2,americanfootball_ncaaf,[2020],2020-11-20T23:55:00Z,"[""pregame_close_proxy""]",30,da83b87742b73d8ebe91
2,americanfootball_ncaaf,[2020],2020-11-21T00:25:00Z,"[""pregame_close_proxy""]",30,7cdcd4d27a8e5b9f03bb
2,americanfootball_ncaaf,[2020],2020-11-21T00:55:00Z,"[""pregame_close_proxy""]",30,a942d934f6b0300df17a
2,americanfootball_ncaaf,[2020],2020-11-21T02:25:00Z,"[""pregame_close_proxy""]",30,48d4a08cf2c4bb612b9b
2,americanfootball_ncaaf,[2020],2020-11-21T03:30:00Z,"[""MOS_original_evening_slot_diagnostic""]",30,0c6ddd1bb256a1a24981
2,americanfootball_ncaaf,[2020],2020-11-21T16:00:00Z,"[""daily_16UTC""]",30,5e377dd0869eeedcb671
2,americanfootball_nfl,[2020],2020-11-21T16:00:00Z,"[""daily_16UTC""]",30,32dd844a40ef8003d356
2,americanfootball_ncaaf,[2020],2020-11-21T16:55:00Z,"[""pregame_close_proxy""]",30,bdfef730fedc47cbe633
2,americanfootball_ncaaf,[2020],2020-11-21T18:55:00Z,"[""pregame_close_proxy""]",30,6fa28f19753ab28bd27a
2,americanfootball_ncaaf,[2020],2020-11-21T19:55:00Z,"[""pregame_close_proxy""]",30,21104b9e819589eb1aaa
2,americanfootball_ncaaf,[2020],2020-11-21T20:25:00Z,"[""pregame_close_proxy""]",30,f16c21f944f8818d88b9
2,americanfootball_ncaaf,[2020],2020-11-21T20:55:00Z,"[""pregame_close_proxy""]",30,5b1e807d1e8200deab44
2,americanfootball_ncaaf,[2020],2020-11-21T23:55:00Z,"[""pregame_close_proxy""]",30,4bd75aee556b5c6c3de4
2,americanfootball_ncaaf,[2020],2020-11-22T00:25:00Z,"[""pregame_close_proxy""]",30,d3dfee5d454b7887cfea
2,americanfootball_ncaaf,[2020],2020-11-22T00:55:00Z,"[""pregame_close_proxy""]",30,9db15afb01a04f5850c0
2,americanfootball_ncaaf,[2020],2020-11-22T03:25:00Z,"[""pregame_close_proxy""]",30,65a2391c49f44cfbc877
2,americanfootball_nfl,[2020],2020-11-22T03:30:00Z,"[""MOS_original_evening_slot_diagnostic""]",30,2a26ee6f3508630fd319
2,americanfootball_ncaaf,[2020],2020-11-22T03:55:00Z,"[""pregame_close_proxy""]",30,c9e160d1e1d0463f99a9
2,americanfootball_ncaaf,[2020],2020-11-22T16:00:00Z,"[""daily_16UTC""]",30,e7a0fa4efd4cce02f2a3
2,americanfootball_nfl,[2020],2020-11-22T16:00:00Z,"[""daily_16UTC""]",30,395a67051598eac6386f
2,americanfootball_nfl,[2020],2020-11-22T17:55:00Z,"[""pregame_close_proxy""]",30,bdf29e6ec8b404a8bd36
2,americanfootball_nfl,[2020],2020-11-22T21:00:00Z,"[""pregame_close_proxy""]",30,07f41d1bd08ba260dcff
2,americanfootball_nfl,[2020],2020-11-22T21:20:00Z,"[""pregame_close_proxy""]",30,8d015f3f687bc7c9cb17
2,americanfootball_nfl,[2020],2020-11-23T01:15:00Z,"[""pregame_close_proxy""]",30,74c1b5085abea19f9eba
2,americanfootball_nfl,[2020],2020-11-23T03:30:00Z,"[""MOS_original_evening_slot_diagnostic""]",30,aee985a5d22c30214754
2,americanfootball_ncaaf,[2020],2020-11-23T16:00:00Z,"[""daily_16UTC""]",30,00c90e5fb13049be4cb1
2,americanfootball_nfl,[2020],2020-11-23T16:00:00Z,"[""daily_16UTC""]",30,3c750bcda9658500adf5
2,americanfootball_nfl,[2020],2020-11-24T01:10:00Z,"[""pregame_close_proxy""]",30,369ff65711ce24d2a541
2,americanfootball_ncaaf,[2020],2020-11-24T16:00:00Z,"[""daily_16UTC""]",30,ba4c1f1da8d2fd818827
2,americanfootball_nfl,[2020],2020-11-24T16:00:00Z,"[""daily_16UTC""]",30,aa4e73cdd652bb429146
2,americanfootball_ncaaf,[2020],2020-11-25T16:00:00Z,"[""daily_16UTC""]",30,d0150c271e8abc434e45
2,americanfootball_nfl,[2020],2020-11-25T16:00:00Z,"[""daily_16UTC""]",30,bed49b66000fbf20765f
2,americanfootball_ncaaf,[2020],2020-11-26T03:30:00Z,"[""MOS_original_evening_slot_diagnostic""]",30,9296bd3220f8662ca7cb
2,americanfootball_ncaaf,[2020],2020-11-26T16:00:00Z,"[""daily_16UTC""]",30,0d4a30d2dd77b1db48ab
2,americanfootball_nfl,[2020],2020-11-26T16:00:00Z,"[""daily_16UTC""]",30,45183965a0d4eee39396
2,americanfootball_nfl,[2020],2020-11-26T17:25:00Z,"[""pregame_close_proxy""]",30,29cb7a132253d23a076c
2,americanfootball_nfl,[2020],2020-11-26T21:25:00Z,"[""pregame_close_proxy""]",30,b2f34404ec371eaa81e7
2,americanfootball_ncaaf,[2020],2020-11-26T23:55:00Z,"[""pregame_close_proxy""]",30,279a66ae947dda64260d
2,americanfootball_ncaaf,[2020],2020-11-27T03:30:00Z,"[""MOS_original_evening_slot_diagnostic""]",30,c61f988bd4a76af79fb6
2,americanfootball_ncaaf,[2020],2020-11-27T16:00:00Z,"[""daily_16UTC""]",30,4e7159e9c295423de7a7
2,americanfootball_nfl,[2020],2020-11-27T16:00:00Z,"[""daily_16UTC""]",30,8c9288d1d14378039c85
2,americanfootball_ncaaf,[2020],2020-11-27T16:55:00Z,"[""pregame_close_proxy""]",30,5aeb7911ec255d42ab0b
2,americanfootball_ncaaf,[2020],2020-11-27T17:55:00Z,"[""pregame_close_proxy""]",30,d0f6a095864b52c3aa01
2,americanfootball_ncaaf,[2020],2020-11-27T20:25:00Z,"[""pregame_close_proxy""]",30,6857f6b9baa2fe1bf2f0
2,americanfootball_ncaaf,[2020],2020-11-27T20:55:00Z,"[""pregame_close_proxy""]",30,7d192d886389a833a1e7
2,americanfootball_ncaaf,[2020],2020-11-27T21:25:00Z,"[""pregame_close_proxy""]",30,fc591e5e840b72ee29f7
2,americanfootball_ncaaf,[2020],2020-11-28T00:25:00Z,"[""pregame_close_proxy""]",30,bfca73bb76c2025bcf27
2,americanfootball_ncaaf,[2020],2020-11-28T03:30:00Z,"[""MOS_original_evening_slot_diagnostic""]",30,dcf7c726448a23b19e48
2,americanfootball_ncaaf,[2020],2020-11-28T16:00:00Z,"[""daily_16UTC""]",30,cd0be405bdbf574e5612
2,americanfootball_nfl,[2020],2020-11-28T16:00:00Z,"[""daily_16UTC""]",30,aeb845110055d805f10a
2,americanfootball_ncaaf,[2020],2020-11-28T16:55:00Z,"[""pregame_close_proxy""]",30,26937f92225244d559da
2,americanfootball_ncaaf,[2020],2020-11-28T17:55:00Z,"[""pregame_close_proxy""]",30,3f5da36e3a7534c12fa3
2,americanfootball_ncaaf,[2020],2020-11-28T19:55:00Z,"[""pregame_close_proxy""]",30,4125eeab14513755d4a2
2,americanfootball_ncaaf,[2020],2020-11-28T20:25:00Z,"[""alternate_independent_close_proxy"", ""pregame_close_proxy""]",30,5a70dd57f82d651f1a2d
2,americanfootball_ncaaf,[2020],2020-11-28T20:55:00Z,"[""pregame_close_proxy""]",30,615be388d94c00c31b8f
2,americanfootball_ncaaf,[2020],2020-11-28T23:55:00Z,"[""pregame_close_proxy""]",30,3e276a055e6d7e4262db
2,americanfootball_ncaaf,[2020],2020-11-29T00:25:00Z,"[""pregame_close_proxy""]",30,da0c0bf3172397268fdf
2,americanfootball_ncaaf,[2020],2020-11-29T00:55:00Z,"[""pregame_close_proxy""]",30,da5794f9879db21a3277
2,americanfootball_nfl,[2020],2020-11-29T03:30:00Z,"[""MOS_original_evening_slot_diagnostic""]",30,a4d48c2df938e5c5d6c9
2,americanfootball_ncaaf,[2020],2020-11-29T03:55:00Z,"[""pregame_close_proxy""]",30,206b10c9bda86b81a9c6
2,americanfootball_ncaaf,[2020],2020-11-29T16:00:00Z,"[""daily_16UTC""]",30,571580e192fcd51600cd
2,americanfootball_nfl,[2020],2020-11-29T16:00:00Z,"[""daily_16UTC""]",30,b34c4093b7e39751f908
2,americanfootball_nfl,[2020],2020-11-29T17:55:00Z,"[""pregame_close_proxy""]",30,fe25d08e7d360f686337
2,americanfootball_nfl,[2020],2020-11-29T21:00:00Z,"[""pregame_close_proxy""]",30,b6ab83949609049d1aed
2,americanfootball_nfl,[2020],2020-11-29T21:20:00Z,"[""pregame_close_proxy""]",30,e6213740a9c09903c999
2,americanfootball_nfl,[2020],2020-11-30T01:15:00Z,"[""pregame_close_proxy""]",30,1a3df3d357e772ed6bea
2,americanfootball_nfl,[2020],2020-11-30T03:30:00Z,"[""MOS_original_evening_slot_diagnostic""]",30,a7e103f3ee6c041923e2
2,americanfootball_ncaaf,[2020],2020-11-30T16:00:00Z,"[""daily_16UTC""]",30,9c44cd2493aaa537dcfb
2,americanfootball_nfl,[2020],2020-11-30T16:00:00Z,"[""daily_16UTC""]",30,6ea9f83d8932b54779de
2,americanfootball_nfl,[2020],2020-12-01T01:10:00Z,"[""pregame_close_proxy""]",30,c1ed2e4c5de89b13cd06
2,americanfootball_ncaaf,[2020],2020-12-01T16:00:00Z,"[""daily_16UTC""]",30,b164de0ed3e8b0146078
2,americanfootball_nfl,[2020],2020-12-01T16:00:00Z,"[""daily_16UTC""]",30,07b47ebb8752020219da
2,americanfootball_nfl,[2020],2020-12-02T03:30:00Z,"[""MOS_original_evening_slot_diagnostic""]",30,d658d7cc0a78c706e7ba
2,americanfootball_ncaaf,[2020],2020-12-02T16:00:00Z,"[""daily_16UTC""]",30,94eae9cfe057c77d5861
2,americanfootball_nfl,[2020],2020-12-02T16:00:00Z,"[""daily_16UTC""]",30,0a8fcff90dfc9584eaf2
2,americanfootball_nfl,[2020],2020-12-02T20:35:00Z,"[""pregame_close_proxy""]",30,4be3d4187e6ef775909d
2,americanfootball_ncaaf,[2020],2020-12-03T03:30:00Z,"[""MOS_original_evening_slot_diagnostic""]",30,cb0c66113241cd1aeb75
2,americanfootball_ncaaf,[2020],2020-12-03T16:00:00Z,"[""daily_16UTC""]",30,b71fe07b85d40c719822
2,americanfootball_nfl,[2020],2020-12-03T16:00:00Z,"[""daily_16UTC""]",30,116297db6d563133cfc7
2,americanfootball_ncaaf,[2020],2020-12-03T22:55:00Z,"[""pregame_close_proxy""]",30,86677bed0d20bbc6ac1b
2,americanfootball_ncaaf,[2020],2020-12-04T02:25:00Z,"[""pregame_close_proxy""]",30,02f936982216eae03178
2,americanfootball_ncaaf,[2020],2020-12-04T03:30:00Z,"[""MOS_original_evening_slot_diagnostic""]",30,4b5b0e0d4ab6889879db
2,americanfootball_ncaaf,[2020],2020-12-04T16:00:00Z,"[""daily_16UTC""]",30,018b5bbd585e23f8fd31
2,americanfootball_nfl,[2020],2020-12-04T16:00:00Z,"[""daily_16UTC""]",30,b092130b08f899388ec5
2,americanfootball_ncaaf,[2020],2020-12-05T01:25:00Z,"[""pregame_close_proxy""]",30,5b9975b5ee9287461d7c
2,americanfootball_ncaaf,[2020],2020-12-05T03:30:00Z,"[""MOS_original_evening_slot_diagnostic""]",30,79b893caaaa1ac2e53f7
2,americanfootball_ncaaf,[2020],2020-12-05T16:00:00Z,"[""daily_16UTC""]",30,2f4f92c74e82cbb0e4af
2,americanfootball_nfl,[2020],2020-12-05T16:00:00Z,"[""daily_16UTC""]",30,bad925e15d3791ecfe7c
2,americanfootball_ncaaf,[2020],2020-12-05T16:55:00Z,"[""pregame_close_proxy""]",30,935c43b41f9a17da35ae
2,americanfootball_ncaaf,[2020],2020-12-05T18:55:00Z,"[""pregame_close_proxy""]",30,83eb624f01398e3af175
2,americanfootball_ncaaf,[2020],2020-12-05T19:25:00Z,"[""pregame_close_proxy""]",30,2daa00cf7d3254c6ffc6
2,americanfootball_ncaaf,[2020],2020-12-05T19:55:00Z,"[""pregame_close_proxy""]",30,4e1b6e601b63c953cdc6
2,americanfootball_ncaaf,[2020],2020-12-05T20:25:00Z,"[""pregame_close_proxy""]",30,7b832424a4b522de48bd
2,americanfootball_ncaaf,[2020],2020-12-05T20:55:00Z,"[""pregame_close_proxy""]",30,3a7e511185b3039ca06d
2,americanfootball_ncaaf,[2020],2020-12-05T22:25:00Z,"[""pregame_close_proxy""]",30,5ce8246a89805c6651f8
2,americanfootball_ncaaf,[2020],2020-12-05T22:55:00Z,"[""pregame_close_proxy""]",30,6ded48225dfc71012682
2,americanfootball_ncaaf,[2020],2020-12-05T23:55:00Z,"[""pregame_close_proxy""]",30,4496279c8bf8f1d577b0
2,americanfootball_ncaaf,[2020],2020-12-06T00:25:00Z,"[""pregame_close_proxy""]",30,7ee3fd1b86026f4f2ef9
2,americanfootball_ncaaf,[2020],2020-12-06T00:55:00Z,"[""pregame_close_proxy""]",30,7526b0795a7481b4849d
2,americanfootball_ncaaf,[2020],2020-12-06T01:55:00Z,"[""pregame_close_proxy""]",30,0022d9a3d01d1fb6490a
2,americanfootball_ncaaf,[2020],2020-12-06T03:25:00Z,"[""pregame_close_proxy""]",30,6f39c88feb2d0684dec6
2,americanfootball_ncaaf,[2020],2020-12-06T03:30:00Z,"[""MOS_original_evening_slot_diagnostic""]",30,a7a7c14c770052d7b5ec
2,americanfootball_nfl,[2020],2020-12-06T03:30:00Z,"[""MOS_original_evening_slot_diagnostic""]",30,7bf7777a8fbb144f8dde
2,americanfootball_ncaaf,[2020],2020-12-06T16:00:00Z,"[""daily_16UTC""]",30,e1e0b0c09f91822c5355
2,americanfootball_nfl,[2020],2020-12-06T16:00:00Z,"[""daily_16UTC""]",30,4cd1041a75a95e24c0f6
2,americanfootball_ncaaf,[2020],2020-12-06T16:55:00Z,"[""pregame_close_proxy""]",30,9507868c9b267e498725
2,americanfootball_nfl,[2020],2020-12-06T17:55:00Z,"[""pregame_close_proxy""]",30,d9e778bb455bf5e8d6e4
2,americanfootball_nfl,[2020],2020-12-06T21:00:00Z,"[""pregame_close_proxy""]",30,45f3609b4fd9e08242db
2,americanfootball_nfl,[2020],2020-12-06T21:20:00Z,"[""pregame_close_proxy""]",30,37b1c4b720293c7736b0
2,americanfootball_ncaaf,[2020],2020-12-07T00:25:00Z,"[""pregame_close_proxy""]",30,b65677c0d317325972c7
2,americanfootball_nfl,[2020],2020-12-07T01:15:00Z,"[""pregame_close_proxy""]",30,eb2a03d974a46e608c56
2,americanfootball_nfl,[2020],2020-12-07T03:30:00Z,"[""MOS_original_evening_slot_diagnostic""]",30,9c5e7e99f67d54918118
2,americanfootball_ncaaf,[2020],2020-12-07T16:00:00Z,"[""daily_16UTC""]",30,3290d70be762adf4933d
2,americanfootball_nfl,[2020],2020-12-07T16:00:00Z,"[""daily_16UTC""]",30,be02e622d4d97ebeb967
2,americanfootball_nfl,[2020],2020-12-07T21:55:00Z,"[""pregame_close_proxy""]",30,aaa797e4ebfc623ee582
2,americanfootball_nfl,[2020],2020-12-08T01:10:00Z,"[""pregame_close_proxy""]",30,a3ce71916cc8a24b79b1
2,americanfootball_nfl,[2020],2020-12-08T03:30:00Z,"[""MOS_original_evening_slot_diagnostic""]",30,7329affd05a507aae37b
2,americanfootball_ncaaf,[2020],2020-12-08T16:00:00Z,"[""daily_16UTC""]",30,6a3c7c783385f0f137da
2,americanfootball_nfl,[2020],2020-12-08T16:00:00Z,"[""daily_16UTC""]",30,a516f111578d6b28be5b
2,americanfootball_nfl,[2020],2020-12-09T01:00:00Z,"[""pregame_close_proxy""]",30,a02e1fd92a2fe850a42f
2,americanfootball_ncaaf,[2020],2020-12-09T16:00:00Z,"[""daily_16UTC""]",30,a9566a186235bce1ca83
2,americanfootball_nfl,[2020],2020-12-09T16:00:00Z,"[""daily_16UTC""]",30,9aa4cc800712d3d4519a
2,americanfootball_ncaaf,[2020],2020-12-10T03:30:00Z,"[""MOS_original_evening_slot_diagnostic""]",30,b81067be20c28e01139a
2,americanfootball_ncaaf,[2020],2020-12-10T16:00:00Z,"[""daily_16UTC""]",30,7873750d2ca7e2499f8a
2,americanfootball_nfl,[2020],2020-12-10T16:00:00Z,"[""daily_16UTC""]",30,531ad637a4c801fb503c
2,americanfootball_ncaaf,[2020],2020-12-10T23:25:00Z,"[""pregame_close_proxy""]",30,3729ce7dd0da80ba1473
2,americanfootball_ncaaf,[2020],2020-12-10T23:55:00Z,"[""pregame_close_proxy""]",30,0dd462cf2e5dbbf89707
2,americanfootball_nfl,[2020],2020-12-11T01:15:00Z,"[""pregame_close_proxy""]",30,0cc597fa363922e8e9e9
2,americanfootball_ncaaf,[2020],2020-12-11T03:30:00Z,"[""MOS_original_evening_slot_diagnostic""]",30,16948bd2883cafcbc723
2,americanfootball_ncaaf,[2020],2020-12-11T16:00:00Z,"[""daily_16UTC""]",30,1c56ca44b5203b863eaf
2,americanfootball_nfl,[2020],2020-12-11T16:00:00Z,"[""daily_16UTC""]",30,7156b678aae7d54a7dee
2,americanfootball_ncaaf,[2020],2020-12-11T22:55:00Z,"[""pregame_close_proxy""]",30,c753e8546093e8fd9762
2,americanfootball_ncaaf,[2020],2020-12-11T23:55:00Z,"[""pregame_close_proxy""]",30,ed7d0a979b8bbee698ca
2,americanfootball_ncaaf,[2020],2020-12-12T02:55:00Z,"[""pregame_close_proxy""]",30,8a330fb2646687d6626a
2,americanfootball_ncaaf,[2020],2020-12-12T03:30:00Z,"[""MOS_original_evening_slot_diagnostic""]",30,7d0f904af2c19564cfe7
2,americanfootball_ncaaf,[2020],2020-12-12T16:00:00Z,"[""daily_16UTC""]",30,a12d7f86805bf21a8a0a
2,americanfootball_nfl,[2020],2020-12-12T16:00:00Z,"[""daily_16UTC""]",30,c60b52269b86c3a849a0
2,americanfootball_ncaaf,[2020],2020-12-12T16:55:00Z,"[""pregame_close_proxy""]",30,c9e1318c44c09279a46b
2,americanfootball_ncaaf,[2020],2020-12-12T17:55:00Z,"[""pregame_close_proxy""]",30,8ee68abdd2051b0f4805
2,americanfootball_ncaaf,[2020],2020-12-12T19:25:00Z,"[""pregame_close_proxy""]",30,4d37f69b5ce252e550fe
2,americanfootball_ncaaf,[2020],2020-12-12T19:55:00Z,"[""pregame_close_proxy""]",30,296b56dcb806ef130784
2,americanfootball_ncaaf,[2020],2020-12-12T20:25:00Z,"[""alternate_independent_close_proxy"", ""pregame_close_proxy""]",30,6bf027cf88f9ad0fc010
2,americanfootball_ncaaf,[2020],2020-12-12T20:55:00Z,"[""pregame_close_proxy""]",30,ef6765298f04b4b75d6e
2,americanfootball_ncaaf,[2020],2020-12-12T22:55:00Z,"[""pregame_close_proxy""]",30,6791988856f5eb8efdf5
2,americanfootball_ncaaf,[2020],2020-12-12T23:55:00Z,"[""pregame_close_proxy""]",30,a7e99294301250b64402
2,americanfootball_ncaaf,[2020],2020-12-13T00:25:00Z,"[""pregame_close_proxy""]",30,cf5ac7eae3b0f00be43c
2,americanfootball_ncaaf,[2020],2020-12-13T00:55:00Z,"[""pregame_close_proxy""]",30,8b02927f98d789eb6079
2,americanfootball_ncaaf,[2020],2020-12-13T02:55:00Z,"[""alternate_independent_close_proxy"", ""pregame_close_proxy""]",30,7bd23549bb331fbd6612
2,americanfootball_ncaaf,[2020],2020-12-13T03:25:00Z,"[""pregame_close_proxy""]",30,61b6f8a4770ee912a269
2,americanfootball_nfl,[2020],2020-12-13T03:30:00Z,"[""MOS_original_evening_slot_diagnostic""]",30,baf369f7e5fb78206e87
2,americanfootball_ncaaf,[2020],2020-12-13T03:55:00Z,"[""pregame_close_proxy""]",30,d7a90525fb5902483a6d
2,americanfootball_ncaaf,[2020],2020-12-13T16:00:00Z,"[""daily_16UTC""]",30,2647991f389df6622bbb
2,americanfootball_nfl,[2020],2020-12-13T16:00:00Z,"[""daily_16UTC""]",30,a9dfe6f6dc475404c57b
2,americanfootball_nfl,[2020],2020-12-13T17:55:00Z,"[""pregame_close_proxy""]",30,4012c3c90d1f7a76fe7b
2,americanfootball_nfl,[2020],2020-12-13T21:00:00Z,"[""pregame_close_proxy""]",30,aa8096fae004a9c89715
2,americanfootball_nfl,[2020],2020-12-13T21:20:00Z,"[""pregame_close_proxy""]",30,235cee4773a6f7f575e0
2,americanfootball_nfl,[2020],2020-12-14T01:15:00Z,"[""pregame_close_proxy""]",30,7c31690a9aa929c4a5bb
2,americanfootball_nfl,[2020],2020-12-14T03:30:00Z,"[""MOS_original_evening_slot_diagnostic""]",30,4865db780f81c0cc05b4
2,americanfootball_ncaaf,[2020],2020-12-14T16:00:00Z,"[""daily_16UTC""]",30,37c57bd938491f871158
2,americanfootball_nfl,[2020],2020-12-14T16:00:00Z,"[""daily_16UTC""]",30,48ecfcd8445cfc09a324
2,americanfootball_nfl,[2020],2020-12-15T01:10:00Z,"[""pregame_close_proxy""]",30,a7e95a7c4bb86cadab08
2,americanfootball_ncaaf,[2020],2020-12-15T16:00:00Z,"[""daily_16UTC""]",30,7a704280f1030a0d88bb
2,americanfootball_nfl,[2020],2020-12-15T16:00:00Z,"[""daily_16UTC""]",30,319c2b9217a32c06b36f
2,americanfootball_ncaaf,[2020],2020-12-16T16:00:00Z,"[""daily_16UTC""]",30,3e286d74fe3f4f7e6b2b
2,americanfootball_nfl,[2020],2020-12-16T16:00:00Z,"[""daily_16UTC""]",30,720a0a12e031d375f790
2,americanfootball_ncaaf,[2020],2020-12-17T16:00:00Z,"[""daily_16UTC""]",30,55d49f54d75818bd14a3
2,americanfootball_nfl,[2020],2020-12-17T16:00:00Z,"[""daily_16UTC""]",30,abb11d7f6b8a66d0223c
2,americanfootball_nfl,[2020],2020-12-18T01:15:00Z,"[""pregame_close_proxy""]",30,2d137f15ea056bde83ec
2,americanfootball_ncaaf,[2020],2020-12-18T03:30:00Z,"[""MOS_original_evening_slot_diagnostic""]",30,17869df213823967c5ed
2,americanfootball_ncaaf,[2020],2020-12-18T16:00:00Z,"[""daily_16UTC""]",30,4caf00ffaf72ededbb04
2,americanfootball_nfl,[2020],2020-12-18T16:00:00Z,"[""daily_16UTC""]",30,ea9f19772544f8755e7d
2,americanfootball_ncaaf,[2020],2020-12-18T23:55:00Z,"[""pregame_close_proxy""]",30,a16b69052e54645a1da3
2,americanfootball_ncaaf,[2020],2020-12-19T00:25:00Z,"[""pregame_close_proxy""]",30,7264ee4249e1531a7629
2,americanfootball_ncaaf,[2020],2020-12-19T00:55:00Z,"[""pregame_close_proxy""]",30,8e193a44d5cf848500ae
2,americanfootball_ncaaf,[2020],2020-12-19T03:30:00Z,"[""MOS_original_evening_slot_diagnostic""]",30,0f49e2e3e8cf8241e740
2,americanfootball_nfl,[2020],2020-12-19T03:30:00Z,"[""MOS_original_evening_slot_diagnostic""]",30,e214c1817197f8929aaf
2,americanfootball_ncaaf,[2020],2020-12-19T16:00:00Z,"[""daily_16UTC""]",30,ded9de1202ce859e0c32
2,americanfootball_nfl,[2020],2020-12-19T16:00:00Z,"[""daily_16UTC""]",30,866e5e3968e754ee12fa
2,americanfootball_ncaaf,[2020],2020-12-19T16:55:00Z,"[""pregame_close_proxy""]",30,cd658d9ad117244886cb
2,americanfootball_ncaaf,[2020],2020-12-19T18:25:00Z,"[""pregame_close_proxy""]",30,4fc0a1cc5396ae6267c0
2,americanfootball_ncaaf,[2020],2020-12-19T19:55:00Z,"[""pregame_close_proxy""]",30,4d21ed3ab4202dedfb06
2,americanfootball_ncaaf,[2020],2020-12-19T20:25:00Z,"[""pregame_close_proxy""]",30,2b11b4a397403deee65a
2,americanfootball_ncaaf,[2020],2020-12-19T20:55:00Z,"[""pregame_close_proxy""]",30,a067c6e9b483ab3aa69a
2,americanfootball_ncaaf,[2020],2020-12-19T21:25:00Z,"[""pregame_close_proxy""]",30,f4812163b66b2e1ee97f
2,americanfootball_nfl,[2020],2020-12-19T21:25:00Z,"[""pregame_close_proxy""]",30,659c91595085632449ff
2,americanfootball_ncaaf,[2020],2020-12-19T21:35:00Z,"[""alternate_independent_close_proxy""]",30,4dd76da3491b34f1e6dd
2,americanfootball_ncaaf,[2020],2020-12-19T22:25:00Z,"[""pregame_close_proxy""]",30,0b771a992de174cb3700
2,americanfootball_ncaaf,[2020],2020-12-19T23:55:00Z,"[""pregame_close_proxy""]",30,0a981c0407968344d6e2
2,americanfootball_ncaaf,[2020],2020-12-20T00:55:00Z,"[""pregame_close_proxy""]",30,568d41ce3030978c7034
2,americanfootball_nfl,[2020],2020-12-20T01:10:00Z,"[""pregame_close_proxy""]",30,5af28d3f7ad9415350c2
2,americanfootball_ncaaf,[2020],2020-12-20T03:25:00Z,"[""pregame_close_proxy""]",30,ada8cc9606fab4e527ad
2,americanfootball_nfl,[2020],2020-12-20T03:30:00Z,"[""MOS_original_evening_slot_diagnostic""]",30,dcfd0d44d92b5647c483
2,americanfootball_nfl,[2020],2020-12-20T16:00:00Z,"[""daily_16UTC""]",30,05fbd0da6171fe0231d0
2,americanfootball_nfl,[2020],2020-12-20T17:55:00Z,"[""pregame_close_proxy""]",30,f7548c254973f9ad07fc
2,americanfootball_nfl,[2020],2020-12-20T21:00:00Z,"[""pregame_close_proxy""]",30,0e0024e72d7750f97b22
2,americanfootball_nfl,[2020],2020-12-20T21:20:00Z,"[""pregame_close_proxy""]",30,14ad970e69208489834e
2,americanfootball_nfl,[2020],2020-12-21T01:15:00Z,"[""pregame_close_proxy""]",30,f6f6f05c8953cc72c124
2,americanfootball_nfl,[2020],2020-12-21T03:30:00Z,"[""MOS_original_evening_slot_diagnostic""]",30,c4ff143213f9f95816ac
2,americanfootball_nfl,[2020],2020-12-21T16:00:00Z,"[""daily_16UTC""]",30,a6c2897172a2e50651c5
2,americanfootball_nfl,[2020],2020-12-22T01:10:00Z,"[""pregame_close_proxy""]",30,772327da7ed91da3ba3a
2,americanfootball_nfl,[2020],2020-12-22T16:00:00Z,"[""daily_16UTC""]",30,93f28272840c783bd574
2,americanfootball_nfl,[2020],2020-12-23T16:00:00Z,"[""daily_16UTC""]",30,1a5ccb0d9a47315881b5
2,americanfootball_nfl,[2020],2020-12-24T16:00:00Z,"[""daily_16UTC""]",30,bdb7f8018ee68642b80d
2,americanfootball_nfl,[2020],2020-12-25T16:00:00Z,"[""daily_16UTC""]",30,68eaa028a07ef1e7f649
2,americanfootball_nfl,[2020],2020-12-25T21:25:00Z,"[""pregame_close_proxy""]",30,5db2c868fbd373e6108f
2,americanfootball_nfl,[2020],2020-12-26T16:00:00Z,"[""daily_16UTC""]",30,c954ba5a4000f67a464d
2,americanfootball_nfl,[2020],2020-12-26T17:55:00Z,"[""pregame_close_proxy""]",30,04a99b89768be54ef50f
2,americanfootball_nfl,[2020],2020-12-26T21:25:00Z,"[""pregame_close_proxy""]",30,02e42dda898926b4a874
2,americanfootball_nfl,[2020],2020-12-27T01:10:00Z,"[""pregame_close_proxy""]",30,4e4d2d907eee63e2957d
2,americanfootball_nfl,[2020],2020-12-27T03:30:00Z,"[""MOS_original_evening_slot_diagnostic""]",30,30bcbd045e17ae06423b
2,americanfootball_nfl,[2020],2020-12-27T16:00:00Z,"[""daily_16UTC""]",30,ef2c6d874ff3f2d237bc
2,americanfootball_nfl,[2020],2020-12-27T17:55:00Z,"[""pregame_close_proxy""]",30,0afd1d29e4b02d877625
2,americanfootball_nfl,[2020],2020-12-27T21:00:00Z,"[""pregame_close_proxy""]",30,5d3a076ba4661036bf66
2,americanfootball_nfl,[2020],2020-12-27T21:20:00Z,"[""pregame_close_proxy""]",30,138b7ba2f099b7ef94dc
2,americanfootball_nfl,[2020],2020-12-28T01:15:00Z,"[""pregame_close_proxy""]",30,9f3baf5106ba0b6586a3
2,americanfootball_nfl,[2020],2020-12-28T03:30:00Z,"[""MOS_original_evening_slot_diagnostic""]",30,d669a74aa3a1ddf8cd47
2,americanfootball_nfl,[2020],2020-12-28T16:00:00Z,"[""daily_16UTC""]",30,f7d83848b73524027fa0
2,americanfootball_nfl,[2020],2020-12-29T01:10:00Z,"[""pregame_close_proxy""]",30,7342249085581cd24c8d
2,americanfootball_nfl,[2020],2020-12-29T16:00:00Z,"[""daily_16UTC""]",30,9f75691e72a21126bd37
2,americanfootball_nfl,[2020],2020-12-30T16:00:00Z,"[""daily_16UTC""]",30,0474b0d4ca44cb2a3ab5
2,americanfootball_nfl,[2020],2020-12-31T16:00:00Z,"[""daily_16UTC""]",30,18cddd1894946c6b22f2
2,americanfootball_nfl,[2020],2021-01-01T16:00:00Z,"[""daily_16UTC""]",30,da9916f5d243a244317b
2,americanfootball_nfl,[2020],2021-01-02T16:00:00Z,"[""daily_16UTC""]",30,d109e46d93deb8eced64
2,americanfootball_nfl,[2020],2021-01-03T03:30:00Z,"[""MOS_original_evening_slot_diagnostic""]",30,1bb5cdcd527adfcd46fe
2,americanfootball_nfl,[2020],2021-01-03T16:00:00Z,"[""daily_16UTC""]",30,1519f855b0bffe23b480
2,americanfootball_nfl,[2020],2021-01-03T17:55:00Z,"[""pregame_close_proxy""]",30,9541532251481fdd12dc
2,americanfootball_nfl,[2020],2021-01-03T21:20:00Z,"[""pregame_close_proxy""]",30,220aa1f32d2ac3b4c211
2,americanfootball_nfl,[2020],2021-01-04T01:15:00Z,"[""pregame_close_proxy""]",30,f4d799e901ec39a45330
2,americanfootball_nfl,[2020],2021-01-04T16:00:00Z,"[""daily_16UTC""]",30,8127d8301e02732c52f3
2,americanfootball_nfl,[2020],2021-01-05T16:00:00Z,"[""daily_16UTC""]",30,e85062067798d03d369c
2,americanfootball_nfl,[2020],2021-01-06T16:00:00Z,"[""daily_16UTC""]",30,657c9efa6de9d75dc0e0
2,americanfootball_nfl,[2020],2021-01-07T16:00:00Z,"[""daily_16UTC""]",30,73157c94c77f344ee0e0
2,americanfootball_nfl,[2020],2021-01-08T16:00:00Z,"[""daily_16UTC""]",30,0903c553e782fa9a49f8
2,americanfootball_nfl,[2020],2021-01-09T03:30:00Z,"[""MOS_original_evening_slot_diagnostic""]",30,6c5c666823785fdc0686
2,americanfootball_nfl,[2020],2021-01-09T16:00:00Z,"[""daily_16UTC""]",30,9cb9bb266cdf4b6364be
2,americanfootball_nfl,[2020],2021-01-09T18:00:00Z,"[""pregame_close_proxy""]",30,a0cebf06d40d965a80e7
2,americanfootball_nfl,[2020],2021-01-09T21:35:00Z,"[""pregame_close_proxy""]",30,251a243536439ee908f9
2,americanfootball_nfl,[2020],2021-01-10T01:10:00Z,"[""pregame_close_proxy""]",30,f843f1de34b1e4a53ce1
2,americanfootball_nfl,[2020],2021-01-10T03:30:00Z,"[""MOS_original_evening_slot_diagnostic""]",30,3272dbbc33709a68792b
2,americanfootball_nfl,[2020],2021-01-10T16:00:00Z,"[""daily_16UTC""]",30,bc5128733c92373bda59
2,americanfootball_nfl,[2020],2021-01-10T18:00:00Z,"[""pregame_close_proxy""]",30,82d0c780c3347932af3d
2,americanfootball_nfl,[2020],2021-01-10T21:35:00Z,"[""pregame_close_proxy""]",30,915f2d530691127a472d
2,americanfootball_nfl,[2020],2021-01-11T01:10:00Z,"[""pregame_close_proxy""]",30,aeba6a4150a0481639c9
2,americanfootball_nfl,[2020],2021-01-11T16:00:00Z,"[""daily_16UTC""]",30,95779765bbdcf1f984dc
2,americanfootball_nfl,[2020],2021-01-12T16:00:00Z,"[""daily_16UTC""]",30,f8c0c48ffc21457e3a9e
2,americanfootball_nfl,[2020],2021-01-13T16:00:00Z,"[""daily_16UTC""]",30,84b9c0d67e2c97fbc94b
2,americanfootball_nfl,[2020],2021-01-14T16:00:00Z,"[""daily_16UTC""]",30,90f69c12673721d5d0b1
2,americanfootball_nfl,[2020],2021-01-15T16:00:00Z,"[""daily_16UTC""]",30,1e613c0b7f6742670755
2,americanfootball_nfl,[2020],2021-01-16T03:30:00Z,"[""MOS_original_evening_slot_diagnostic""]",30,bc8e4047e50e0d3a691c
2,americanfootball_nfl,[2020],2021-01-16T16:00:00Z,"[""daily_16UTC""]",30,11e92a7f69dcace145e0
2,americanfootball_nfl,[2020],2021-01-16T21:30:00Z,"[""pregame_close_proxy""]",30,4d667f5755ac2b6e0e06
2,americanfootball_nfl,[2020],2021-01-17T01:10:00Z,"[""pregame_close_proxy""]",30,824928a43ec3ed03c9f7
2,americanfootball_nfl,[2020],2021-01-17T03:30:00Z,"[""MOS_original_evening_slot_diagnostic""]",30,5059833334000e6a2e33
2,americanfootball_nfl,[2020],2021-01-17T16:00:00Z,"[""daily_16UTC""]",30,8f56b3fe1c9149071d15
2,americanfootball_nfl,[2020],2021-01-17T20:00:00Z,"[""pregame_close_proxy""]",30,0716e500bb5402562138
2,americanfootball_nfl,[2020],2021-01-17T23:35:00Z,"[""pregame_close_proxy""]",30,9ac1c81b7dfc5b3a20c3
2,americanfootball_nfl,[2020],2021-01-18T16:00:00Z,"[""daily_16UTC""]",30,6429efdefa77e3f39e89
2,americanfootball_nfl,[2020],2021-01-19T16:00:00Z,"[""daily_16UTC""]",30,c72705b956f430081103
2,americanfootball_nfl,[2020],2021-01-20T16:00:00Z,"[""daily_16UTC""]",30,706ab7a70bae99ad522c
2,americanfootball_nfl,[2020],2021-01-21T16:00:00Z,"[""daily_16UTC""]",30,85eece61bb31749d9240
2,americanfootball_nfl,[2020],2021-01-22T16:00:00Z,"[""daily_16UTC""]",30,ef4c009da230be39ea2b
2,americanfootball_nfl,[2020],2021-01-23T16:00:00Z,"[""daily_16UTC""]",30,33e85a2ac69576ad9767
2,americanfootball_nfl,[2020],2021-01-24T03:30:00Z,"[""MOS_original_evening_slot_diagnostic""]",30,5db1ce804b0054c7eb13
2,americanfootball_nfl,[2020],2021-01-24T16:00:00Z,"[""daily_16UTC""]",30,a66316db787c734147d3
2,americanfootball_nfl,[2020],2021-01-24T20:00:00Z,"[""pregame_close_proxy""]",30,44f10b4a2da3d396eedb
2,americanfootball_nfl,[2020],2021-01-24T23:35:00Z,"[""pregame_close_proxy""]",30,7cd20ae8187edf9a11d3
2,americanfootball_nfl,[2020],2021-02-01T16:00:00Z,"[""daily_16UTC""]",30,e858cc87083e3b640c13
2,americanfootball_nfl,[2020],2021-02-02T16:00:00Z,"[""daily_16UTC""]",30,efe5425ca8e40ad02276
2,americanfootball_nfl,[2020],2021-02-03T16:00:00Z,"[""daily_16UTC""]",30,adda3132f27a48c1e2ae
2,americanfootball_nfl,[2020],2021-02-04T16:00:00Z,"[""daily_16UTC""]",30,eb814754dd52badca20f
2,americanfootball_nfl,[2020],2021-02-05T16:00:00Z,"[""daily_16UTC""]",30,3f67d3ae4a915bc30781
2,americanfootball_nfl,[2020],2021-02-06T16:00:00Z,"[""daily_16UTC""]",30,fee91046083cf1fa404a
2,americanfootball_nfl,[2020],2021-02-07T03:30:00Z,"[""MOS_original_evening_slot_diagnostic""]",30,b37afdae20e92876432d
2,americanfootball_nfl,[2020],2021-02-07T16:00:00Z,"[""daily_16UTC""]",30,82128324fff4002ac631
2,americanfootball_nfl,[2020],2021-02-07T23:25:00Z,"[""pregame_close_proxy""]",30,8b90336cef0f132873a3
2,americanfootball_ncaaf,[2021],2021-08-22T16:00:00Z,"[""daily_16UTC""]",30,84e966735662637d57a5
2,americanfootball_ncaaf,[2021],2021-08-23T16:00:00Z,"[""daily_16UTC""]",30,02875cb4a38bacc65dd3
2,americanfootball_ncaaf,[2021],2021-08-24T16:00:00Z,"[""daily_16UTC""]",30,60435203c5d96933a565
2,americanfootball_ncaaf,[2021],2021-08-25T16:00:00Z,"[""daily_16UTC""]",30,dc806aa25f965610bdb7
2,americanfootball_ncaaf,[2021],2021-08-26T16:00:00Z,"[""daily_16UTC""]",30,fb3a1e6ecd0ad9b9b501
2,americanfootball_ncaaf,[2021],2021-08-27T16:00:00Z,"[""daily_16UTC""]",30,032b46e119aa45595bae
2,americanfootball_ncaaf,[2021],2021-08-28T02:30:00Z,"[""MOS_original_evening_slot_diagnostic""]",30,5e0087eec7177beab805
2,americanfootball_ncaaf,[2021],2021-08-28T16:00:00Z,"[""daily_16UTC""]",30,1f2eccaf5fa2486e62be
2,americanfootball_ncaaf,[2021],2021-08-28T16:55:00Z,"[""pregame_close_proxy""]",30,22b896ae2e906c41841f
2,americanfootball_ncaaf,[2021],2021-08-28T17:15:00Z,"[""alternate_independent_close_proxy""]",30,cc2d11d684caefe7b322
2,americanfootball_ncaaf,[2021],2021-08-28T17:55:00Z,"[""pregame_close_proxy""]",30,8f8502db60831991b8a9
2,americanfootball_ncaaf,[2021],2021-08-28T19:25:00Z,"[""pregame_close_proxy""]",30,2457fc4901d1c6e27821
2,americanfootball_ncaaf,[2021],2021-08-29T01:25:00Z,"[""pregame_close_proxy""]",30,04f58aa7b3f4a5e8e044
2,americanfootball_ncaaf,[2021],2021-08-29T01:55:00Z,"[""pregame_close_proxy""]",30,8f9f09785d73b91ac2e1
2,americanfootball_ncaaf,[2021],2021-08-29T16:00:00Z,"[""daily_16UTC""]",30,926ab2621b015d2ba387
2,americanfootball_ncaaf,[2021],2021-08-30T16:00:00Z,"[""daily_16UTC""]",30,1d7231677cb590900709
2,americanfootball_ncaaf,[2021],2021-08-31T16:00:00Z,"[""daily_16UTC""]",30,1ecad5f154de444b7fd3
2,americanfootball_ncaaf,[2021],2021-09-01T16:00:00Z,"[""daily_16UTC""]",30,e01f9a756c8a4bccb8b9
2,americanfootball_ncaaf,[2021],2021-09-01T23:25:00Z,"[""pregame_close_proxy""]",30,ad20de581642ca7cd507
2,americanfootball_ncaaf,[2021],2021-09-02T02:30:00Z,"[""MOS_original_evening_slot_diagnostic""]",30,7e7c50d8c06984016beb
2,americanfootball_ncaaf,[2021],2021-09-02T16:00:00Z,"[""daily_16UTC""]",30,915e6696a969c8272292
2,americanfootball_ncaaf,[2021],2021-09-02T21:55:00Z,"[""pregame_close_proxy""]",30,63e8cb3a1fd6598c4ac2
2,americanfootball_ncaaf,[2021],2021-09-02T22:55:00Z,"[""pregame_close_proxy""]",30,79808acc013e50717437
2,americanfootball_ncaaf,[2021],2021-09-02T23:25:00Z,"[""pregame_close_proxy""]",30,2b2aa5b6aae5a9c61c1c
2,americanfootball_ncaaf,[2021],2021-09-02T23:55:00Z,"[""pregame_close_proxy""]",30,a02184a45a4b7b103b6a
2,americanfootball_ncaaf,[2021],2021-09-03T00:55:00Z,"[""pregame_close_proxy""]",30,c511a05c9fc6f8b87222
2,americanfootball_ncaaf,[2021],2021-09-03T01:55:00Z,"[""pregame_close_proxy""]",30,6457fc16e2a2353133fd
2,americanfootball_ncaaf,[2021],2021-09-03T02:25:00Z,"[""pregame_close_proxy""]",30,07a642d2c8b95cdc9884
2,americanfootball_ncaaf,[2021],2021-09-03T02:30:00Z,"[""MOS_original_evening_slot_diagnostic""]",30,ad37a1f4234da172c8c6
2,americanfootball_ncaaf,[2021],2021-09-03T16:00:00Z,"[""daily_16UTC""]",30,714e3c97f055834e5f71
2,americanfootball_nfl,[2021],2021-09-03T16:00:00Z,"[""daily_16UTC""]",30,1ae5a91db1d63987b487
2,americanfootball_ncaaf,[2021],2021-09-03T21:55:00Z,"[""pregame_close_proxy""]",30,aac4ca358b5facb70f89
2,americanfootball_ncaaf,[2021],2021-09-03T22:55:00Z,"[""pregame_close_proxy""]",30,aa2179c496988afd9d77
2,americanfootball_ncaaf,[2021],2021-09-03T23:55:00Z,"[""pregame_close_proxy""]",30,5e5840237be84aa92987
2,americanfootball_ncaaf,[2021],2021-09-04T00:55:00Z,"[""pregame_close_proxy""]",30,458945083474fec85fa6
2,americanfootball_ncaaf,[2021],2021-09-04T02:30:00Z,"[""MOS_original_evening_slot_diagnostic""]",30,9d8993f83a52c612f628
2,americanfootball_ncaaf,[2021],2021-09-04T15:55:00Z,"[""pregame_close_proxy""]",30,bed9ec7ec408e43ca053
2,americanfootball_ncaaf,[2021],2021-09-04T16:00:00Z,"[""daily_16UTC""]",30,b2f72a1b145854ae4266
2,americanfootball_nfl,[2021],2021-09-04T16:00:00Z,"[""daily_16UTC""]",30,13a0e071d8e1e384c14c
2,americanfootball_ncaaf,[2021],2021-09-04T17:55:00Z,"[""pregame_close_proxy""]",30,035699ea233039c90802
2,americanfootball_ncaaf,[2021],2021-09-04T19:25:00Z,"[""pregame_close_proxy""]",30,49d4d9252e2a945d3473
2,americanfootball_ncaaf,[2021],2021-09-04T19:55:00Z,"[""pregame_close_proxy""]",30,3382404470afa7860ad5
2,americanfootball_ncaaf,[2021],2021-09-04T20:25:00Z,"[""pregame_close_proxy""]",30,94acbfebb5b9a611a9a0
2,americanfootball_ncaaf,[2021],2021-09-04T20:55:00Z,"[""pregame_close_proxy""]",30,1faae0721381c9166529
2,americanfootball_ncaaf,[2021],2021-09-04T21:55:00Z,"[""pregame_close_proxy""]",30,ce0a77111143bee7c944
2,americanfootball_ncaaf,[2021],2021-09-04T22:55:00Z,"[""pregame_close_proxy""]",30,2d4156daf136c2fc3b0a
2,americanfootball_ncaaf,[2021],2021-09-04T23:25:00Z,"[""pregame_close_proxy""]",30,2f489ef17cafae0fac1a
2,americanfootball_ncaaf,[2021],2021-09-04T23:55:00Z,"[""pregame_close_proxy""]",30,b5b370add72e1c6d0770
2,americanfootball_ncaaf,[2021],2021-09-05T00:25:00Z,"[""pregame_close_proxy""]",30,bd02cb46b047467a7954
2,americanfootball_ncaaf,[2021],2021-09-05T02:25:00Z,"[""pregame_close_proxy""]",30,779e7e5a736419e5a53e
2,americanfootball_ncaaf,[2021],2021-09-05T02:30:00Z,"[""MOS_original_evening_slot_diagnostic""]",30,05d82c3621df3366b966
2,americanfootball_ncaaf,[2021],2021-09-05T02:55:00Z,"[""pregame_close_proxy""]",30,2869138349354abe718f
2,americanfootball_ncaaf,[2021],2021-09-05T16:00:00Z,"[""daily_16UTC""]",30,7879e87bcabbdbd16a7a
2,americanfootball_nfl,[2021],2021-09-05T16:00:00Z,"[""daily_16UTC""]",30,be9e7a25be000b409041
2,americanfootball_ncaaf,[2021],2021-09-05T23:25:00Z,"[""pregame_close_proxy""]",30,caaff9985090b19b7e42
2,americanfootball_ncaaf,[2021],2021-09-06T16:00:00Z,"[""daily_16UTC""]",30,4e276f3e7b492a5dc1bf
2,americanfootball_nfl,[2021],2021-09-06T16:00:00Z,"[""daily_16UTC""]",30,247598ee4d71fa149312
2,americanfootball_ncaaf,[2021],2021-09-06T23:55:00Z,"[""pregame_close_proxy""]",30,bd8a12b02cfe43feb684
2,americanfootball_ncaaf,[2021],2021-09-07T16:00:00Z,"[""daily_16UTC""]",30,90a8ab7eeb77a17139b8
2,americanfootball_nfl,[2021],2021-09-07T16:00:00Z,"[""daily_16UTC""]",30,dff1ad701b0ec3bc911c
2,americanfootball_ncaaf,[2021],2021-09-08T16:00:00Z,"[""daily_16UTC""]",30,62815ea536f85b3f146e
2,americanfootball_nfl,[2021],2021-09-08T16:00:00Z,"[""daily_16UTC""]",30,2904b9e9d65ece91bf79
2,americanfootball_nfl,[2021],2021-09-09T02:30:00Z,"[""MOS_original_evening_slot_diagnostic""]",30,b9c3afde979e9948bbda
2,americanfootball_ncaaf,[2021],2021-09-09T16:00:00Z,"[""daily_16UTC""]",30,39a6f0ed5a6e07b46e4a
2,americanfootball_nfl,[2021],2021-09-09T16:00:00Z,"[""daily_16UTC""]",30,1515c629ad7559eebfdf
2,americanfootball_nfl,[2021],2021-09-10T00:15:00Z,"[""pregame_close_proxy""]",30,a0519298b47cce36589a
2,americanfootball_ncaaf,[2021],2021-09-10T02:30:00Z,"[""MOS_original_evening_slot_diagnostic""]",30,d0132632185d68940191
2,americanfootball_ncaaf,[2021],2021-09-10T16:00:00Z,"[""daily_16UTC""]",30,e5177a6a5a4ed721f899
2,americanfootball_nfl,[2021],2021-09-10T16:00:00Z,"[""daily_16UTC""]",30,8b4abc373fef85708e59
2,americanfootball_ncaaf,[2021],2021-09-10T23:25:00Z,"[""pregame_close_proxy""]",30,748f7c940619304ee308
2,americanfootball_ncaaf,[2021],2021-09-11T01:25:00Z,"[""pregame_close_proxy""]",30,5b1d0d73ff580fafbc4a
2,americanfootball_ncaaf,[2021],2021-09-11T02:30:00Z,"[""MOS_original_evening_slot_diagnostic""]",30,8ff08e86cb2e7ff7f339
2,americanfootball_ncaaf,[2021],2021-09-11T14:55:00Z,"[""pregame_close_proxy""]",30,da4eef7ec740c3ea857f
2,americanfootball_ncaaf,[2021],2021-09-11T15:25:00Z,"[""pregame_close_proxy""]",30,9e4d5a14f0c5cbf953d3
2,americanfootball_ncaaf,[2021],2021-09-11T15:55:00Z,"[""pregame_close_proxy""]",30,84db6754c043c7e9c1cf
2,americanfootball_ncaaf,[2021],2021-09-11T16:00:00Z,"[""daily_16UTC""]",30,bb4442f9952f483abd17
2,americanfootball_nfl,[2021],2021-09-11T16:00:00Z,"[""daily_16UTC""]",30,0e6a91c4e2ea55b6d1c9
2,americanfootball_ncaaf,[2021],2021-09-11T16:55:00Z,"[""pregame_close_proxy""]",30,0176029e98ef4e8867de
2,americanfootball_ncaaf,[2021],2021-09-11T17:25:00Z,"[""pregame_close_proxy""]",30,41d894d699b6d9d0b1ff
2,americanfootball_ncaaf,[2021],2021-09-11T17:55:00Z,"[""pregame_close_proxy""]",30,307ff173b6f67f3051f7
2,americanfootball_ncaaf,[2021],2021-09-11T18:25:00Z,"[""pregame_close_proxy""]",30,869936f4607dd5f23397
2,americanfootball_ncaaf,[2021],2021-09-11T18:55:00Z,"[""pregame_close_proxy""]",30,b646f5b826ad68935bd7
2,americanfootball_ncaaf,[2021],2021-09-11T19:25:00Z,"[""pregame_close_proxy""]",30,25aeec0bac09a8c91ec6
2,americanfootball_ncaaf,[2021],2021-09-11T19:55:00Z,"[""pregame_close_proxy""]",30,411ef5630e2acbb38067
2,americanfootball_ncaaf,[2021],2021-09-11T20:25:00Z,"[""pregame_close_proxy""]",30,0d26f8d40becf6d90283
2,americanfootball_ncaaf,[2021],2021-09-11T20:55:00Z,"[""pregame_close_proxy""]",30,c9fa331d63f54b632694
2,americanfootball_ncaaf,[2021],2021-09-11T21:55:00Z,"[""pregame_close_proxy""]",30,bb413b61352d03492029
2,americanfootball_ncaaf,[2021],2021-09-11T22:25:00Z,"[""pregame_close_proxy""]",30,ceccd5acf31e877d3622
2,americanfootball_ncaaf,[2021],2021-09-11T22:55:00Z,"[""pregame_close_proxy""]",30,575b6f0547f6d446ad40
2,americanfootball_ncaaf,[2021],2021-09-11T23:25:00Z,"[""pregame_close_proxy""]",30,0e8fc6da6a662d9dc29b
2,americanfootball_ncaaf,[2021],2021-09-11T23:55:00Z,"[""pregame_close_proxy""]",30,d99c360b75d263506da1
2,americanfootball_ncaaf,[2021],2021-09-12T01:55:00Z,"[""pregame_close_proxy""]",30,acb179f851cd7c99dacf
2,americanfootball_ncaaf,[2021],2021-09-12T02:10:00Z,"[""pregame_close_proxy""]",30,6e313659eda988895b6e
2,americanfootball_ncaaf,[2021],2021-09-12T02:25:00Z,"[""pregame_close_proxy""]",30,90213085b6958740dcdd
2,americanfootball_nfl,[2021],2021-09-12T02:30:00Z,"[""MOS_original_evening_slot_diagnostic""]",30,8b83849169adfe7d99b3
2,americanfootball_ncaaf,[2021],2021-09-12T02:55:00Z,"[""pregame_close_proxy""]",30,8958a2435e51952d9279
2,americanfootball_ncaaf,[2021],2021-09-12T16:00:00Z,"[""daily_16UTC""]",30,822afa9ff2a83e1810c2
2,americanfootball_nfl,[2021],2021-09-12T16:00:00Z,"[""daily_16UTC""]",30,ae313edaa4e45b242b0b
2,americanfootball_nfl,[2021],2021-09-12T16:55:00Z,"[""pregame_close_proxy""]",30,99863807f9ad9f03e559
2,americanfootball_nfl,[2021],2021-09-12T20:20:00Z,"[""pregame_close_proxy""]",30,4e56d3ed5d16be17b01f
2,americanfootball_nfl,[2021],2021-09-13T00:15:00Z,"[""pregame_close_proxy""]",30,d9d0a041f6f37b86e043
2,americanfootball_ncaaf,[2021],2021-09-13T16:00:00Z,"[""daily_16UTC""]",30,338afa7637e738651c5d
2,americanfootball_nfl,[2021],2021-09-13T16:00:00Z,"[""daily_16UTC""]",30,dd960fa0c1c278911a26
2,americanfootball_nfl,[2021],2021-09-14T00:10:00Z,"[""pregame_close_proxy""]",30,30cef665770f7d1b4dfe
2,americanfootball_ncaaf,[2021],2021-09-14T16:00:00Z,"[""daily_16UTC""]",30,fc6cea0b18eadf2bd0d0
2,americanfootball_nfl,[2021],2021-09-14T16:00:00Z,"[""daily_16UTC""]",30,5525a122494a35414af2
2,americanfootball_ncaaf,[2021],2021-09-15T16:00:00Z,"[""daily_16UTC""]",30,3bbc0a796c28aeb2b37b
2,americanfootball_nfl,[2021],2021-09-15T16:00:00Z,"[""daily_16UTC""]",30,6b16d247290260a015aa
2,americanfootball_ncaaf,[2021],2021-09-16T02:30:00Z,"[""MOS_original_evening_slot_diagnostic""]",30,7632d612ae3ee4140e3a
2,americanfootball_nfl,[2021],2021-09-16T02:30:00Z,"[""MOS_original_evening_slot_diagnostic""]",30,3cf87eb057c9438dba59
2,americanfootball_ncaaf,[2021],2021-09-16T16:00:00Z,"[""daily_16UTC""]",30,89d2c6fa7f082e09a5bc
2,americanfootball_nfl,[2021],2021-09-16T16:00:00Z,"[""daily_16UTC""]",30,54f3a63ea2f6613a466d
2,americanfootball_ncaaf,[2021],2021-09-16T23:55:00Z,"[""pregame_close_proxy""]",30,dd59016408c44ebcc0c8
2,americanfootball_nfl,[2021],2021-09-17T00:15:00Z,"[""pregame_close_proxy""]",30,6ca44488a395d80bb4e8
2,americanfootball_ncaaf,[2021],2021-09-17T02:30:00Z,"[""MOS_original_evening_slot_diagnostic""]",30,aaea85e9125a62ef29ef
2,americanfootball_ncaaf,[2021],2021-09-17T16:00:00Z,"[""daily_16UTC""]",30,c36a101c58a98bc725ea
2,americanfootball_nfl,[2021],2021-09-17T16:00:00Z,"[""daily_16UTC""]",30,5ba4dc6df5e4775dc575
2,americanfootball_ncaaf,[2021],2021-09-17T23:25:00Z,"[""pregame_close_proxy""]",30,8574b9bac9887f2a8b90
2,americanfootball_ncaaf,[2021],2021-09-18T00:55:00Z,"[""pregame_close_proxy""]",30,9f6ac374b3dabe0f0ecd
2,americanfootball_ncaaf,[2021],2021-09-18T02:30:00Z,"[""MOS_original_evening_slot_diagnostic""]",30,acc87cfe8a6d0d052516
2,americanfootball_ncaaf,[2021],2021-09-18T15:55:00Z,"[""pregame_close_proxy""]",30,4a366956deb62f28ba95
2,americanfootball_ncaaf,[2021],2021-09-18T16:00:00Z,"[""daily_16UTC""]",30,8f6715026d8405d8778e
2,americanfootball_nfl,[2021],2021-09-18T16:00:00Z,"[""daily_16UTC""]",30,dd1674bc7622d2fba127
2,americanfootball_ncaaf,[2021],2021-09-18T16:55:00Z,"[""pregame_close_proxy""]",30,b7ec8decb441820d064d
2,americanfootball_ncaaf,[2021],2021-09-18T18:00:00Z,"[""pregame_close_proxy""]",30,dc8248e691c89fb206b5
2,americanfootball_ncaaf,[2021],2021-09-18T18:25:00Z,"[""pregame_close_proxy""]",30,bbbdfc28a2aeeecf9ebe
2,americanfootball_ncaaf,[2021],2021-09-18T19:25:00Z,"[""pregame_close_proxy""]",30,b38fb3162a8e84417aff
2,americanfootball_ncaaf,[2021],2021-09-18T19:55:00Z,"[""pregame_close_proxy""]",30,8663d3281d8761497d67
2,americanfootball_ncaaf,[2021],2021-09-18T20:10:00Z,"[""pregame_close_proxy""]",30,de0c7fcd00c35e907174
2,americanfootball_ncaaf,[2021],2021-09-18T21:55:00Z,"[""pregame_close_proxy""]",30,182200dbf6824845d861
2,americanfootball_ncaaf,[2021],2021-09-18T22:55:00Z,"[""pregame_close_proxy""]",30,9db12c512ac6d4e551a0
2,americanfootball_ncaaf,[2021],2021-09-18T23:25:00Z,"[""pregame_close_proxy""]",30,366f542cd2f34db4be84
2,americanfootball_ncaaf,[2021],2021-09-18T23:55:00Z,"[""pregame_close_proxy""]",30,6a248c8d806732f2c7ba
2,americanfootball_ncaaf,[2021],2021-09-19T00:55:00Z,"[""pregame_close_proxy""]",30,bc407b3445e174c6cb12
2,americanfootball_ncaaf,[2021],2021-09-19T02:10:00Z,"[""pregame_close_proxy""]",30,3c3fdeb15836b2f73579
2,americanfootball_ncaaf,[2021],2021-09-19T02:25:00Z,"[""pregame_close_proxy""]",30,50e371536a37422e55ba
2,americanfootball_nfl,[2021],2021-09-19T02:30:00Z,"[""MOS_original_evening_slot_diagnostic""]",30,9e10efc3739b7fd3bb93
2,americanfootball_ncaaf,[2021],2021-09-19T02:40:00Z,"[""pregame_close_proxy""]",30,6f00a9426645d28b8242
2,americanfootball_ncaaf,[2021],2021-09-19T04:25:00Z,"[""pregame_close_proxy""]",30,985427ec6d2bd2308c8a
2,americanfootball_ncaaf,[2021],2021-09-19T16:00:00Z,"[""daily_16UTC""]",30,f9a9f3c7c09b8d7a3873
2,americanfootball_nfl,[2021],2021-09-19T16:00:00Z,"[""daily_16UTC""]",30,65cd774608a8edc2f709
2,americanfootball_nfl,[2021],2021-09-19T16:55:00Z,"[""pregame_close_proxy""]",30,2e814b2e09350e5a5ccb
2,americanfootball_nfl,[2021],2021-09-19T20:00:00Z,"[""pregame_close_proxy""]",30,a4f87f654b7cdf45f342
2,americanfootball_nfl,[2021],2021-09-19T20:20:00Z,"[""pregame_close_proxy""]",30,0b67ad20cf5982802a7b
2,americanfootball_nfl,[2021],2021-09-20T00:15:00Z,"[""pregame_close_proxy""]",30,04839606422ffc47d935
2,americanfootball_nfl,[2021],2021-09-20T02:30:00Z,"[""MOS_original_evening_slot_diagnostic""]",30,24567ca7d66a30d7068d
2,americanfootball_ncaaf,[2021],2021-09-20T16:00:00Z,"[""daily_16UTC""]",30,8272f9a58fb50a524604
2,americanfootball_nfl,[2021],2021-09-20T16:00:00Z,"[""daily_16UTC""]",30,9fbfceb8fb02dc7c1f53
2,americanfootball_nfl,[2021],2021-09-21T00:10:00Z,"[""pregame_close_proxy""]",30,d711b3d65795a588db63
2,americanfootball_ncaaf,[2021],2021-09-21T16:00:00Z,"[""daily_16UTC""]",30,19fcc1a2bae2a0aedc9f
2,americanfootball_nfl,[2021],2021-09-21T16:00:00Z,"[""daily_16UTC""]",30,b6f06b14ab5bbf37710f
2,americanfootball_ncaaf,[2021],2021-09-22T16:00:00Z,"[""daily_16UTC""]",30,1534cc59f31c070251b6
2,americanfootball_nfl,[2021],2021-09-22T16:00:00Z,"[""daily_16UTC""]",30,b1e73616f775d2d59af7
2,americanfootball_ncaaf,[2021],2021-09-23T02:30:00Z,"[""MOS_original_evening_slot_diagnostic""]",30,313ece096e406e101fb7
2,americanfootball_ncaaf,[2021],2021-09-23T16:00:00Z,"[""daily_16UTC""]",30,6fb57d7059e486925aeb
2,americanfootball_nfl,[2021],2021-09-23T16:00:00Z,"[""daily_16UTC""]",30,ef0235667ccdffaa5df2
2,americanfootball_ncaaf,[2021],2021-09-23T23:25:00Z,"[""pregame_close_proxy""]",30,516a0b9b9d367348f73a
2,americanfootball_nfl,[2021],2021-09-24T00:15:00Z,"[""pregame_close_proxy""]",30,0b2e031cd9d89204cb02
2,americanfootball_ncaaf,[2021],2021-09-24T02:30:00Z,"[""MOS_original_evening_slot_diagnostic""]",30,d0f008c89afa60b4b2a8
2,americanfootball_ncaaf,[2021],2021-09-24T16:00:00Z,"[""daily_16UTC""]",30,f0e1296d529eff5e8cf2
2,americanfootball_nfl,[2021],2021-09-24T16:00:00Z,"[""daily_16UTC""]",30,48a6b8fd8f75349beb0f
2,americanfootball_ncaaf,[2021],2021-09-24T22:25:00Z,"[""pregame_close_proxy""]",30,68295414e8ba4fe375fa
2,americanfootball_ncaaf,[2021],2021-09-24T22:55:00Z,"[""pregame_close_proxy""]",30,1d65c4dcdaae0cca51d4
2,americanfootball_ncaaf,[2021],2021-09-24T23:55:00Z,"[""pregame_close_proxy""]",30,c34a9fd620c2b37eabe6
2,americanfootball_ncaaf,[2021],2021-09-25T01:55:00Z,"[""pregame_close_proxy""]",30,67844fad6249e4dbd57d
2,americanfootball_ncaaf,[2021],2021-09-25T02:30:00Z,"[""MOS_original_evening_slot_diagnostic""]",30,1daa36de8547511b3f7a
2,americanfootball_ncaaf,[2021],2021-09-25T15:55:00Z,"[""alternate_independent_close_proxy"", ""pregame_close_proxy""]",30,d92a5dad45c5bba00b3c
2,americanfootball_ncaaf,[2021],2021-09-25T16:00:00Z,"[""daily_16UTC""]",30,c35035139a3ab1ecfe5a
2,americanfootball_nfl,[2021],2021-09-25T16:00:00Z,"[""daily_16UTC""]",30,645c18c6d3ed915ff0a4
2,americanfootball_ncaaf,[2021],2021-09-25T16:25:00Z,"[""pregame_close_proxy""]",30,795a252c8e48447c187e
2,americanfootball_ncaaf,[2021],2021-09-25T16:55:00Z,"[""pregame_close_proxy""]",30,1b728569abe8b37359dd
2,americanfootball_ncaaf,[2021],2021-09-25T17:55:00Z,"[""pregame_close_proxy""]",30,52ff83b76dcaed4a15fa
2,americanfootball_ncaaf,[2021],2021-09-25T18:25:00Z,"[""pregame_close_proxy""]",30,b996d4b57d46c105bc45
2,americanfootball_ncaaf,[2021],2021-09-25T18:55:00Z,"[""pregame_close_proxy""]",30,5f1c80fefd7167fac930
2,americanfootball_ncaaf,[2021],2021-09-25T19:25:00Z,"[""pregame_close_proxy""]",30,2e45de1b9312fae9b7d2
2,americanfootball_ncaaf,[2021],2021-09-25T19:55:00Z,"[""pregame_close_proxy""]",30,13ab360dbdbc62f1283f
2,americanfootball_ncaaf,[2021],2021-09-25T20:55:00Z,"[""pregame_close_proxy""]",30,7d0acee704adadb6526c
2,americanfootball_ncaaf,[2021],2021-09-25T21:55:00Z,"[""pregame_close_proxy""]",30,e28d337de7846c6ae817
2,americanfootball_ncaaf,[2021],2021-09-25T22:25:00Z,"[""pregame_close_proxy""]",30,709e324edd4bb0f7fd0a
2,americanfootball_ncaaf,[2021],2021-09-25T22:55:00Z,"[""pregame_close_proxy""]",30,71a95c73785cd34b8180
2,americanfootball_ncaaf,[2021],2021-09-25T23:00:00Z,"[""pregame_close_proxy""]",30,cbe1476868c3ea9c9317
2,americanfootball_ncaaf,[2021],2021-09-25T23:25:00Z,"[""pregame_close_proxy""]",30,d178f7c6c534f03f07ef
2,americanfootball_ncaaf,[2021],2021-09-25T23:55:00Z,"[""pregame_close_proxy""]",30,e93f9081957589eb9586
2,americanfootball_ncaaf,[2021],2021-09-26T00:55:00Z,"[""pregame_close_proxy""]",30,efd54192415566548a47
2,americanfootball_ncaaf,[2021],2021-09-26T01:25:00Z,"[""pregame_close_proxy""]",30,d7af227d4796edead5b1
2,americanfootball_ncaaf,[2021],2021-09-26T02:10:00Z,"[""pregame_close_proxy""]",30,e41c8e1bca88b885e85b
2,americanfootball_ncaaf,[2021],2021-09-26T02:25:00Z,"[""pregame_close_proxy""]",30,f94ac10d20ccec795153
2,americanfootball_nfl,[2021],2021-09-26T02:30:00Z,"[""MOS_original_evening_slot_diagnostic""]",30,43cdbb5f68e770cfe565
2,americanfootball_ncaaf,[2021],2021-09-26T16:00:00Z,"[""daily_16UTC""]",30,d95ca72e6d94591119c3
2,americanfootball_nfl,[2021],2021-09-26T16:00:00Z,"[""daily_16UTC""]",30,dbc87905194ef7fa46e9
2,americanfootball_nfl,[2021],2021-09-26T16:55:00Z,"[""pregame_close_proxy""]",30,94872d085bfa565de1d7
2,americanfootball_nfl,[2021],2021-09-26T20:00:00Z,"[""pregame_close_proxy""]",30,74f920e9d4c36506498d
2,americanfootball_nfl,[2021],2021-09-26T20:20:00Z,"[""pregame_close_proxy""]",30,f60c819dbf46e407dd88
2,americanfootball_nfl,[2021],2021-09-27T00:15:00Z,"[""pregame_close_proxy""]",30,152cdd5f0336be9bd3b0
2,americanfootball_ncaaf,[2021],2021-09-27T16:00:00Z,"[""daily_16UTC""]",30,9ab883c5144f45fea004
2,americanfootball_nfl,[2021],2021-09-27T16:00:00Z,"[""daily_16UTC""]",30,f2093ae198ff797b658f
2,americanfootball_nfl,[2021],2021-09-28T00:10:00Z,"[""pregame_close_proxy""]",30,2b158a744a1308559d35
2,americanfootball_ncaaf,[2021],2021-09-28T16:00:00Z,"[""daily_16UTC""]",30,3c6a34dc8b1451cb0b11
2,americanfootball_nfl,[2021],2021-09-28T16:00:00Z,"[""daily_16UTC""]",30,1fc453542067f18149d2
2,americanfootball_ncaaf,[2021],2021-09-29T16:00:00Z,"[""daily_16UTC""]",30,e542c467ae875e49bc62
2,americanfootball_nfl,[2021],2021-09-29T16:00:00Z,"[""daily_16UTC""]",30,6f3309dfa8ca06f39b08
2,americanfootball_ncaaf,[2021],2021-09-30T02:30:00Z,"[""MOS_original_evening_slot_diagnostic""]",30,fba811abb4fd94082f70
2,americanfootball_nfl,[2021],2021-09-30T02:30:00Z,"[""MOS_original_evening_slot_diagnostic""]",30,a5264c03db629c4c416c
2,americanfootball_ncaaf,[2021],2021-09-30T16:00:00Z,"[""daily_16UTC""]",30,afd2f9dee41279cdcdc4
2,americanfootball_nfl,[2021],2021-09-30T16:00:00Z,"[""daily_16UTC""]",30,34ea8fe26fecdbd192e2
2,americanfootball_ncaaf,[2021],2021-09-30T23:25:00Z,"[""pregame_close_proxy""]",30,6fd44406c52bb53646b1
2,americanfootball_nfl,[2021],2021-10-01T00:15:00Z,"[""pregame_close_proxy""]",30,0a05edadb5280bb19eb2
2,americanfootball_ncaaf,[2021],2021-10-01T02:30:00Z,"[""MOS_original_evening_slot_diagnostic""]",30,01c33e61817512995460
2,americanfootball_ncaaf,[2021],2021-10-01T16:00:00Z,"[""daily_16UTC""]",30,b563b05f9f58d606c1e2
2,americanfootball_nfl,[2021],2021-10-01T16:00:00Z,"[""daily_16UTC""]",30,f00548c005ba958fff7e
2,americanfootball_ncaaf,[2021],2021-10-01T23:25:00Z,"[""pregame_close_proxy""]",30,4d19780f04eca23217de
2,americanfootball_ncaaf,[2021],2021-10-01T23:55:00Z,"[""pregame_close_proxy""]",30,a99c5c66500735d2d2fd
2,americanfootball_ncaaf,[2021],2021-10-02T00:55:00Z,"[""pregame_close_proxy""]",30,23ca34b58119fd762014
2,americanfootball_ncaaf,[2021],2021-10-02T02:30:00Z,"[""MOS_original_evening_slot_diagnostic""]",0,3479d10361f771b32e7f
2,americanfootball_ncaaf,[2021],2021-10-02T15:55:00Z,"[""pregame_close_proxy""]",30,cbc280b26e97b70200ba
2,americanfootball_ncaaf,[2021],2021-10-02T16:00:00Z,"[""daily_16UTC""]",0,bd21c8f852a664ba5636
2,americanfootball_nfl,[2021],2021-10-02T16:00:00Z,"[""daily_16UTC""]",30,98619f4a1dec269b6ef9
2,americanfootball_ncaaf,[2021],2021-10-02T16:25:00Z,"[""pregame_close_proxy""]",30,3c3666741e94ac990e79
2,americanfootball_ncaaf,[2021],2021-10-02T17:55:00Z,"[""pregame_close_proxy""]",30,565ef1957064ce8a0e23
2,americanfootball_ncaaf,[2021],2021-10-02T18:25:00Z,"[""pregame_close_proxy""]",30,35eb4d23af02809081ea
2,americanfootball_ncaaf,[2021],2021-10-02T19:25:00Z,"[""pregame_close_proxy""]",30,79dc3b39d58729e44be8
2,americanfootball_ncaaf,[2021],2021-10-02T19:55:00Z,"[""pregame_close_proxy""]",30,3d05253418d8b207bdf2
2,americanfootball_ncaaf,[2021],2021-10-02T20:55:00Z,"[""pregame_close_proxy""]",30,077875b5f783630ae613
2,americanfootball_ncaaf,[2021],2021-10-02T21:25:00Z,"[""pregame_close_proxy""]",30,852dc2914387db2d8d07
2,americanfootball_ncaaf,[2021],2021-10-02T21:55:00Z,"[""pregame_close_proxy""]",30,6b85fbb1118e55603601
2,americanfootball_ncaaf,[2021],2021-10-02T22:25:00Z,"[""pregame_close_proxy""]",30,48b12b5a9953085fe187
2,americanfootball_ncaaf,[2021],2021-10-02T22:55:00Z,"[""pregame_close_proxy""]",30,65981e380e133de6c615
2,americanfootball_ncaaf,[2021],2021-10-02T23:25:00Z,"[""pregame_close_proxy""]",30,abe7afa324ed21ef4897
2,americanfootball_ncaaf,[2021],2021-10-02T23:55:00Z,"[""pregame_close_proxy""]",30,6a126b55784914b0c479
2,americanfootball_ncaaf,[2021],2021-10-03T00:55:00Z,"[""pregame_close_proxy""]",30,a51a1c0b8b170e6f7f28
2,americanfootball_ncaaf,[2021],2021-10-03T02:25:00Z,"[""pregame_close_proxy""]",30,448b34b16cca8c9ff36d
2,americanfootball_nfl,[2021],2021-10-03T02:30:00Z,"[""MOS_original_evening_slot_diagnostic""]",0,a05d089174e2f312445f
2,americanfootball_ncaaf,[2021],2021-10-03T02:55:00Z,"[""pregame_close_proxy""]",30,823d27b857828e8b323c
2,americanfootball_ncaaf,[2021],2021-10-03T16:00:00Z,"[""daily_16UTC""]",30,6bab5d30401c6f156b1b
2,americanfootball_nfl,[2021],2021-10-03T16:00:00Z,"[""daily_16UTC""]",0,d60a0205f09756698dad
2,americanfootball_nfl,[2021],2021-10-03T16:55:00Z,"[""pregame_close_proxy""]",30,277573a723a1956e0a89
2,americanfootball_nfl,[2021],2021-10-03T20:00:00Z,"[""pregame_close_proxy""]",30,524eb5d51291d78951f0
2,americanfootball_nfl,[2021],2021-10-03T20:20:00Z,"[""pregame_close_proxy""]",30,4302c02886718a93a407
2,americanfootball_nfl,[2021],2021-10-04T00:15:00Z,"[""pregame_close_proxy""]",30,7cd1897e9ede7f5565cb
2,americanfootball_ncaaf,[2021],2021-10-04T16:00:00Z,"[""daily_16UTC""]",30,ab677b41d8ad07476556
2,americanfootball_nfl,[2021],2021-10-04T16:00:00Z,"[""daily_16UTC""]",30,82c534a10bd7ab88aaca
2,americanfootball_nfl,[2021],2021-10-05T00:10:00Z,"[""pregame_close_proxy""]",30,0a9444c9f4d50a920b7f
2,americanfootball_ncaaf,[2021],2021-10-05T16:00:00Z,"[""daily_16UTC""]",30,feb65953a9a335dc13a3
2,americanfootball_nfl,[2021],2021-10-05T16:00:00Z,"[""daily_16UTC""]",30,b43869ed2d658a8cdf1a
2,americanfootball_ncaaf,[2021],2021-10-06T16:00:00Z,"[""daily_16UTC""]",30,846754d6ffa744254d42
2,americanfootball_nfl,[2021],2021-10-06T16:00:00Z,"[""daily_16UTC""]",30,ba49b86706f69b5f19f3
2,americanfootball_ncaaf,[2021],2021-10-07T02:30:00Z,"[""MOS_original_evening_slot_diagnostic""]",30,a1163f785b800e760513
2,americanfootball_nfl,[2021],2021-10-07T02:30:00Z,"[""MOS_original_evening_slot_diagnostic""]",30,a141dec8c488a61d647b
2,americanfootball_ncaaf,[2021],2021-10-07T16:00:00Z,"[""daily_16UTC""]",30,816a5fcdf2424226b60b
2,americanfootball_nfl,[2021],2021-10-07T16:00:00Z,"[""daily_16UTC""]",30,17c98ead1683b6a1971a
2,americanfootball_ncaaf,[2021],2021-10-07T23:25:00Z,"[""pregame_close_proxy""]",30,69c770a4aaa118c6462a
2,americanfootball_nfl,[2021],2021-10-08T00:15:00Z,"[""pregame_close_proxy""]",30,78c2bd3a9f54a534b7ed
2,americanfootball_ncaaf,[2021],2021-10-08T02:30:00Z,"[""MOS_original_evening_slot_diagnostic""]",30,1a581675ce027335ce0f
2,americanfootball_ncaaf,[2021],2021-10-08T16:00:00Z,"[""daily_16UTC""]",30,e0586d1271de2dfae6ea
2,americanfootball_nfl,[2021],2021-10-08T16:00:00Z,"[""daily_16UTC""]",30,c10933a17b3e834cc35a
2,americanfootball_ncaaf,[2021],2021-10-08T22:55:00Z,"[""pregame_close_proxy""]",30,1aa1db81dc03e504aec5
2,americanfootball_ncaaf,[2021],2021-10-09T02:25:00Z,"[""pregame_close_proxy""]",30,8a54e0bba2f2c0260a4f
2,americanfootball_ncaaf,[2021],2021-10-09T02:30:00Z,"[""MOS_original_evening_slot_diagnostic""]",30,39a1b9476b88c62252b4
2,americanfootball_ncaaf,[2021],2021-10-09T15:55:00Z,"[""pregame_close_proxy""]",30,30564ecac0771d025812
2,americanfootball_ncaaf,[2021],2021-10-09T16:00:00Z,"[""daily_16UTC""]",30,8cdf7e2b7b29a6ce2e34
2,americanfootball_nfl,[2021],2021-10-09T16:00:00Z,"[""daily_16UTC""]",30,f80327a65f9d8de69ad8
2,americanfootball_ncaaf,[2021],2021-10-09T16:25:00Z,"[""pregame_close_proxy""]",30,7cd3c20332a4eb1f2d39
2,americanfootball_ncaaf,[2021],2021-10-09T17:55:00Z,"[""pregame_close_proxy""]",30,954d4f887481dc596ee4
2,americanfootball_ncaaf,[2021],2021-10-09T18:55:00Z,"[""pregame_close_proxy""]",30,89537f5f45cffb791ddd
2,americanfootball_ncaaf,[2021],2021-10-09T19:25:00Z,"[""pregame_close_proxy""]",30,4d866109c9bb0990d28e
2,americanfootball_ncaaf,[2021],2021-10-09T19:55:00Z,"[""pregame_close_proxy""]",30,7b0a9aa946edf9a6f2df
2,americanfootball_ncaaf,[2021],2021-10-09T21:55:00Z,"[""pregame_close_proxy""]",30,fae404660413c4b64002
2,americanfootball_ncaaf,[2021],2021-10-09T22:55:00Z,"[""pregame_close_proxy""]",30,89d33a4597d627bb32a6
2,americanfootball_ncaaf,[2021],2021-10-09T23:25:00Z,"[""pregame_close_proxy""]",30,38523d33f115ff4c035e
2,americanfootball_ncaaf,[2021],2021-10-09T23:55:00Z,"[""pregame_close_proxy""]",30,354e41a9f8cee759bad1
2,americanfootball_ncaaf,[2021],2021-10-10T00:55:00Z,"[""pregame_close_proxy""]",30,5a83df1d1a416d253083
2,americanfootball_ncaaf,[2021],2021-10-10T02:25:00Z,"[""pregame_close_proxy""]",30,d86f7c5dcf2e62daf55e
2,americanfootball_nfl,[2021],2021-10-10T02:30:00Z,"[""MOS_original_evening_slot_diagnostic""]",30,2c65095dbc86847f785d
2,americanfootball_nfl,[2021],2021-10-10T13:25:00Z,"[""pregame_close_proxy""]",30,221dc51618568134801d
2,americanfootball_ncaaf,[2021],2021-10-10T16:00:00Z,"[""daily_16UTC""]",30,c62f30b442158268d468
2,americanfootball_nfl,[2021],2021-10-10T16:00:00Z,"[""daily_16UTC""]",30,c65545d967ddfa5a74a2
2,americanfootball_nfl,[2021],2021-10-10T16:55:00Z,"[""pregame_close_proxy""]",30,88cacfe913c5bbe9ef7a
2,americanfootball_nfl,[2021],2021-10-10T20:00:00Z,"[""pregame_close_proxy""]",30,fa8bbc2e66beef002815
2,americanfootball_nfl,[2021],2021-10-10T20:20:00Z,"[""pregame_close_proxy""]",30,63c25992ea05085ba192
2,americanfootball_nfl,[2021],2021-10-11T00:15:00Z,"[""pregame_close_proxy""]",30,e706aa0da146a1f9e9f1
2,americanfootball_nfl,[2021],2021-10-11T02:30:00Z,"[""MOS_original_evening_slot_diagnostic""]",30,10bf2187cfdb3c8813c7
2,americanfootball_ncaaf,[2021],2021-10-11T16:00:00Z,"[""daily_16UTC""]",30,cc659e4d8f463e6c8823
2,americanfootball_nfl,[2021],2021-10-11T16:00:00Z,"[""daily_16UTC""]",30,09b445a07bc80c60e2a8
2,americanfootball_nfl,[2021],2021-10-12T00:10:00Z,"[""pregame_close_proxy""]",30,d0a9b6b340bcfe829772
2,americanfootball_ncaaf,[2021],2021-10-12T02:30:00Z,"[""MOS_original_evening_slot_diagnostic""]",30,9461ad2ad7a80e5e8625
2,americanfootball_ncaaf,[2021],2021-10-12T16:00:00Z,"[""daily_16UTC""]",30,73c6f1f56bf0b97ac896
2,americanfootball_nfl,[2021],2021-10-12T16:00:00Z,"[""daily_16UTC""]",30,28e23c0f4db8d696bf73
2,americanfootball_ncaaf,[2021],2021-10-12T23:25:00Z,"[""pregame_close_proxy""]",30,ab2f8890ab0d5ea087a1
2,americanfootball_ncaaf,[2021],2021-10-13T16:00:00Z,"[""daily_16UTC""]",30,a7479200968ff73b2153
2,americanfootball_nfl,[2021],2021-10-13T16:00:00Z,"[""daily_16UTC""]",30,4b7ee4e9b60d9f04e4dc
2,americanfootball_ncaaf,[2021],2021-10-14T02:30:00Z,"[""MOS_original_evening_slot_diagnostic""]",30,1dea6464eed1870765d0
2,americanfootball_nfl,[2021],2021-10-14T02:30:00Z,"[""MOS_original_evening_slot_diagnostic""]",30,423d9b8199a9cc99c86d
2,americanfootball_ncaaf,[2021],2021-10-14T16:00:00Z,"[""daily_16UTC""]",30,78d1af0406719d6a3668
2,americanfootball_nfl,[2021],2021-10-14T16:00:00Z,"[""daily_16UTC""]",30,1fda6f88d2240d83947d
2,americanfootball_ncaaf,[2021],2021-10-14T23:25:00Z,"[""pregame_close_proxy""]",30,14c16ab532804c846ba5
2,americanfootball_nfl,[2021],2021-10-15T00:15:00Z,"[""pregame_close_proxy""]",30,89681ffd006acbb683c4
2,americanfootball_ncaaf,[2021],2021-10-15T02:30:00Z,"[""MOS_original_evening_slot_diagnostic""]",30,ebc9ca18a0eda81a8a01
2,americanfootball_ncaaf,[2021],2021-10-15T16:00:00Z,"[""daily_16UTC""]",30,35fd322814fca245f2b6
2,americanfootball_nfl,[2021],2021-10-15T16:00:00Z,"[""daily_16UTC""]",30,75faf6ced445ce98498e
2,americanfootball_ncaaf,[2021],2021-10-15T22:55:00Z,"[""pregame_close_proxy""]",30,4cbbd473d61de2dce21e
2,americanfootball_ncaaf,[2021],2021-10-16T02:25:00Z,"[""pregame_close_proxy""]",30,5f5cfd6f4e5ed39f5b0f
2,americanfootball_ncaaf,[2021],2021-10-16T02:30:00Z,"[""MOS_original_evening_slot_diagnostic""]",30,d9c50f0bdb6900cb468e
2,americanfootball_ncaaf,[2021],2021-10-16T15:55:00Z,"[""pregame_close_proxy""]",30,044e04a3422d3cf07938
2,americanfootball_ncaaf,[2021],2021-10-16T16:00:00Z,"[""daily_16UTC""]",30,b142be914047e2baa990
2,americanfootball_nfl,[2021],2021-10-16T16:00:00Z,"[""daily_16UTC""]",30,452effa04cd0655875a8
2,americanfootball_ncaaf,[2021],2021-10-16T16:25:00Z,"[""pregame_close_proxy""]",30,d3735378b3778c5139ee
2,americanfootball_ncaaf,[2021],2021-10-16T17:55:00Z,"[""pregame_close_proxy""]",30,a3d3f03a265ed53cd030
2,americanfootball_ncaaf,[2021],2021-10-16T18:25:00Z,"[""pregame_close_proxy""]",30,05dbb61e38d298c194d6
2,americanfootball_ncaaf,[2021],2021-10-16T18:55:00Z,"[""pregame_close_proxy""]",30,45efb907ca0b966a0077
2,americanfootball_ncaaf,[2021],2021-10-16T19:25:00Z,"[""pregame_close_proxy""]",30,bd95f06cbd446faf9303
2,americanfootball_ncaaf,[2021],2021-10-16T19:55:00Z,"[""pregame_close_proxy""]",30,b0642d16222ce8d3d91b
2,americanfootball_ncaaf,[2021],2021-10-16T21:55:00Z,"[""pregame_close_proxy""]",30,119c61836d1a6409516a
2,americanfootball_ncaaf,[2021],2021-10-16T22:55:00Z,"[""pregame_close_proxy""]",30,f812ccfac07c53fd60ae
2,americanfootball_ncaaf,[2021],2021-10-16T23:25:00Z,"[""pregame_close_proxy""]",30,2407d6fee97b8385c2b5
2,americanfootball_ncaaf,[2021],2021-10-16T23:55:00Z,"[""pregame_close_proxy""]",30,f1cbe431d4d45e7875f6
2,americanfootball_ncaaf,[2021],2021-10-17T00:25:00Z,"[""pregame_close_proxy""]",30,b13feea321c018609664
2,americanfootball_ncaaf,[2021],2021-10-17T00:55:00Z,"[""pregame_close_proxy""]",30,9cb4fedd065db99fe3b1
2,americanfootball_ncaaf,[2021],2021-10-17T01:55:00Z,"[""pregame_close_proxy""]",30,0c29274f1f1da5b07d3f
2,americanfootball_ncaaf,[2021],2021-10-17T02:25:00Z,"[""pregame_close_proxy""]",30,bc7efd175a252d94e0e8
2,americanfootball_nfl,[2021],2021-10-17T02:30:00Z,"[""MOS_original_evening_slot_diagnostic""]",30,9dcdf26e5736c413e34d
2,americanfootball_nfl,[2021],2021-10-17T13:25:00Z,"[""pregame_close_proxy""]",30,2538a1983b904bea0ab8
2,americanfootball_ncaaf,[2021],2021-10-17T16:00:00Z,"[""daily_16UTC""]",30,dce92a67d3adbfad31b7
2,americanfootball_nfl,[2021],2021-10-17T16:00:00Z,"[""daily_16UTC""]",30,e7c336200addddd7d5f3
2,americanfootball_nfl,[2021],2021-10-17T16:55:00Z,"[""pregame_close_proxy""]",30,7bb3ddfa7d8cea73ba94
2,americanfootball_nfl,[2021],2021-10-17T20:00:00Z,"[""pregame_close_proxy""]",30,d975ae12954a7463f5e7
2,americanfootball_nfl,[2021],2021-10-17T20:20:00Z,"[""pregame_close_proxy""]",30,5c5720b0a51c65f0c5c2
2,americanfootball_nfl,[2021],2021-10-18T00:15:00Z,"[""pregame_close_proxy""]",30,70af123fc295318649e1
2,americanfootball_nfl,[2021],2021-10-18T02:30:00Z,"[""MOS_original_evening_slot_diagnostic""]",30,76e5bc2d9cb812d73352
2,americanfootball_ncaaf,[2021],2021-10-18T16:00:00Z,"[""daily_16UTC""]",30,3177c27bb76c7308570a
2,americanfootball_nfl,[2021],2021-10-18T16:00:00Z,"[""daily_16UTC""]",30,0193602f0aa07f4eceea
2,americanfootball_nfl,[2021],2021-10-19T00:10:00Z,"[""pregame_close_proxy""]",30,4e3b66507ce39a6790b9
2,americanfootball_ncaaf,[2021],2021-10-19T16:00:00Z,"[""daily_16UTC""]",30,18baadac2d56acbd4d21
2,americanfootball_nfl,[2021],2021-10-19T16:00:00Z,"[""daily_16UTC""]",30,10ca433bab406c6cf31b
2,americanfootball_ncaaf,[2021],2021-10-20T02:30:00Z,"[""MOS_original_evening_slot_diagnostic""]",30,b3721d4b6f1b86d3b450
2,americanfootball_ncaaf,[2021],2021-10-20T16:00:00Z,"[""daily_16UTC""]",30,9424f81899441a25a556
2,americanfootball_nfl,[2021],2021-10-20T16:00:00Z,"[""daily_16UTC""]",30,d665ee96fe69f58a9a5e
2,americanfootball_ncaaf,[2021],2021-10-20T23:25:00Z,"[""pregame_close_proxy""]",30,cf1000bb6728d9993a65
2,americanfootball_ncaaf,[2021],2021-10-21T02:30:00Z,"[""MOS_original_evening_slot_diagnostic""]",30,49249dac2577421c4649
2,americanfootball_nfl,[2021],2021-10-21T02:30:00Z,"[""MOS_original_evening_slot_diagnostic""]",30,e6c6e9c3ccc431a1e88a
2,americanfootball_ncaaf,[2021],2021-10-21T16:00:00Z,"[""daily_16UTC""]",30,797793c41fcbc6bcbca2
2,americanfootball_nfl,[2021],2021-10-21T16:00:00Z,"[""daily_16UTC""]",30,3310caf474f9b6dcf7d2
2,americanfootball_ncaaf,[2021],2021-10-21T23:25:00Z,"[""pregame_close_proxy""]",30,82de395bba170f1f49f3
2,americanfootball_nfl,[2021],2021-10-22T00:15:00Z,"[""pregame_close_proxy""]",30,9549082833690eaae0ce
2,americanfootball_ncaaf,[2021],2021-10-22T02:30:00Z,"[""MOS_original_evening_slot_diagnostic""]",30,92ae4754fc272d546e22
2,americanfootball_ncaaf,[2021],2021-10-22T02:55:00Z,"[""pregame_close_proxy""]",30,8b05eee683a12518d94f
2,americanfootball_ncaaf,[2021],2021-10-22T16:00:00Z,"[""daily_16UTC""]",30,33b61953facabaa1f8ed
2,americanfootball_nfl,[2021],2021-10-22T16:00:00Z,"[""daily_16UTC""]",30,f7110074012650131f07
2,americanfootball_ncaaf,[2021],2021-10-22T21:55:00Z,"[""pregame_close_proxy""]",30,1762c26a01e6a9c1b207
2,americanfootball_ncaaf,[2021],2021-10-22T22:55:00Z,"[""pregame_close_proxy""]",30,4c776456a7547c79213c
2,americanfootball_ncaaf,[2021],2021-10-23T01:25:00Z,"[""pregame_close_proxy""]",30,b0ccf42ac923c65da79f
2,americanfootball_ncaaf,[2021],2021-10-23T02:25:00Z,"[""pregame_close_proxy""]",30,7cd74627d4e8110a8b46
2,americanfootball_ncaaf,[2021],2021-10-23T02:30:00Z,"[""MOS_original_evening_slot_diagnostic""]",30,b2f01309ea2b28fef9ec
2,americanfootball_ncaaf,[2021],2021-10-23T15:55:00Z,"[""pregame_close_proxy""]",30,f44d886309d1ce4a20b6
2,americanfootball_ncaaf,[2021],2021-10-23T16:00:00Z,"[""daily_16UTC""]",30,344bc492dbb273a032da
2,americanfootball_nfl,[2021],2021-10-23T16:00:00Z,"[""daily_16UTC""]",30,4c7265ef4674b2f24f1f
2,americanfootball_ncaaf,[2021],2021-10-23T16:25:00Z,"[""pregame_close_proxy""]",30,89b2bfc1c14a7a11f24e
2,americanfootball_ncaaf,[2021],2021-10-23T16:55:00Z,"[""pregame_close_proxy""]",30,47d5ec2bbc708882269f
2,americanfootball_ncaaf,[2021],2021-10-23T17:55:00Z,"[""pregame_close_proxy""]",30,a029507664e488a14b88
2,americanfootball_ncaaf,[2021],2021-10-23T18:55:00Z,"[""pregame_close_proxy""]",30,324f11f832c82d8cc748
2,americanfootball_ncaaf,[2021],2021-10-23T19:25:00Z,"[""pregame_close_proxy""]",30,22b00e62d1824e0a403e
2,americanfootball_ncaaf,[2021],2021-10-23T19:55:00Z,"[""pregame_close_proxy""]",30,e3bc15d4fddd598f67c7
2,americanfootball_ncaaf,[2021],2021-10-23T22:55:00Z,"[""pregame_close_proxy""]",30,6f02fbbc12570430b761
2,americanfootball_ncaaf,[2021],2021-10-23T23:25:00Z,"[""pregame_close_proxy""]",30,928469daf4eaa175c001
2,americanfootball_nfl,[2021],2021-10-24T02:30:00Z,"[""MOS_original_evening_slot_diagnostic""]",30,60528bf0b27cbbc168c2
2,americanfootball_ncaaf,[2021],2021-10-24T03:55:00Z,"[""pregame_close_proxy""]",30,b590d17b522f5c8cce0a
2,americanfootball_ncaaf,[2021],2021-10-24T16:00:00Z,"[""daily_16UTC""]",30,2cd8dde4644327193ba4
2,americanfootball_nfl,[2021],2021-10-24T16:00:00Z,"[""daily_16UTC""]",30,e1602444a5fdefe03df4
2,americanfootball_nfl,[2021],2021-10-24T16:55:00Z,"[""pregame_close_proxy""]",30,1914f7f445cea878d0e4
2,americanfootball_nfl,[2021],2021-10-24T20:00:00Z,"[""pregame_close_proxy""]",30,de84b909696d0dad9f7a
2,americanfootball_nfl,[2021],2021-10-24T20:20:00Z,"[""pregame_close_proxy""]",30,220551e3891d30e72b04
2,americanfootball_nfl,[2021],2021-10-25T00:15:00Z,"[""pregame_close_proxy""]",30,4c3b086d009adfba7f49
2,americanfootball_nfl,[2021],2021-10-25T02:30:00Z,"[""MOS_original_evening_slot_diagnostic""]",30,5183d610f130819d027c
2,americanfootball_ncaaf,[2021],2021-10-25T16:00:00Z,"[""daily_16UTC""]",30,1faa80a57565db3324e4
2,americanfootball_nfl,[2021],2021-10-25T16:00:00Z,"[""daily_16UTC""]",30,ff44f4366b369d312d03
2,americanfootball_nfl,[2021],2021-10-26T00:10:00Z,"[""pregame_close_proxy""]",30,324bb79a15e5e7f14f6c
2,americanfootball_ncaaf,[2021],2021-10-26T16:00:00Z,"[""daily_16UTC""]",30,d36871ee109b116e21cd
2,americanfootball_nfl,[2021],2021-10-26T16:00:00Z,"[""daily_16UTC""]",30,1c71f99eae6fc6b05ab9
2,americanfootball_ncaaf,[2021],2021-10-27T16:00:00Z,"[""daily_16UTC""]",30,0130d899680c26d086c8
2,americanfootball_nfl,[2021],2021-10-27T16:00:00Z,"[""daily_16UTC""]",30,a00ef44fa8ba3b3c6c48
2,americanfootball_ncaaf,[2021],2021-10-28T02:30:00Z,"[""MOS_original_evening_slot_diagnostic""]",30,c7a91988bec5e61a25a8
2,americanfootball_ncaaf,[2021],2021-10-28T16:00:00Z,"[""daily_16UTC""]",30,f841e76e441fa55d443c
2,americanfootball_nfl,[2021],2021-10-28T16:00:00Z,"[""daily_16UTC""]",30,8167b2bc6ea2dff3a0f8
2,americanfootball_ncaaf,[2021],2021-10-28T23:25:00Z,"[""pregame_close_proxy""]",30,2f3354680a2996eda37e
2,americanfootball_nfl,[2021],2021-10-29T00:15:00Z,"[""pregame_close_proxy""]",30,b57484ddbc8cd1bfd923
2,americanfootball_ncaaf,[2021],2021-10-29T02:30:00Z,"[""MOS_original_evening_slot_diagnostic""]",30,19ae85b8390a290706b6
2,americanfootball_ncaaf,[2021],2021-10-29T16:00:00Z,"[""daily_16UTC""]",30,b9970a16b200f7c03f0d
2,americanfootball_nfl,[2021],2021-10-29T16:00:00Z,"[""daily_16UTC""]",30,61d7219029036537ec64
2,americanfootball_ncaaf,[2021],2021-10-29T23:25:00Z,"[""pregame_close_proxy""]",30,6659c3eb4ce8464581e9
2,americanfootball_ncaaf,[2021],2021-10-30T01:55:00Z,"[""pregame_close_proxy""]",30,ec020a431a8d95bce01b
2,americanfootball_ncaaf,[2021],2021-10-30T02:30:00Z,"[""MOS_original_evening_slot_diagnostic""]",30,106d8c269e096543e127
2,americanfootball_ncaaf,[2021],2021-10-30T15:55:00Z,"[""pregame_close_proxy""]",30,e90b7a4ccfdf1345856b
2,americanfootball_ncaaf,[2021],2021-10-30T16:00:00Z,"[""daily_16UTC""]",30,c7c567023394a158098e
2,americanfootball_nfl,[2021],2021-10-30T16:00:00Z,"[""daily_16UTC""]",30,b1cc600b70adbad09dd0
2,americanfootball_ncaaf,[2021],2021-10-30T17:55:00Z,"[""pregame_close_proxy""]",30,c24ee3b7ef3ee3eb5b0c
2,americanfootball_ncaaf,[2021],2021-10-30T18:55:00Z,"[""pregame_close_proxy""]",30,2a27635fdfc73d6198d4
2,americanfootball_ncaaf,[2021],2021-10-30T19:25:00Z,"[""pregame_close_proxy""]",30,bdef65b6ce74d9b0dac9
2,americanfootball_ncaaf,[2021],2021-10-30T19:55:00Z,"[""pregame_close_proxy""]",30,6f80d68ba4805253662b
2,americanfootball_ncaaf,[2021],2021-10-30T20:55:00Z,"[""pregame_close_proxy""]",30,a73fdda0ddcb1feae685
2,americanfootball_ncaaf,[2021],2021-10-30T21:55:00Z,"[""pregame_close_proxy""]",30,0540462cf605d3755208
2,americanfootball_ncaaf,[2021],2021-10-30T22:55:00Z,"[""pregame_close_proxy""]",30,6ea3fe606587a7e8d8c1
2,americanfootball_ncaaf,[2021],2021-10-30T23:25:00Z,"[""pregame_close_proxy""]",30,7e532f5b7759c327fb50
2,americanfootball_ncaaf,[2021],2021-10-31T01:55:00Z,"[""pregame_close_proxy""]",30,638877318bc2f678b6d3
2,americanfootball_ncaaf,[2021],2021-10-31T02:10:00Z,"[""pregame_close_proxy""]",30,7ccc86986c05e3db6551
2,americanfootball_ncaaf,[2021],2021-10-31T02:25:00Z,"[""pregame_close_proxy""]",30,0cd1748d73ea3ba95f17
2,americanfootball_nfl,[2021],2021-10-31T02:30:00Z,"[""MOS_original_evening_slot_diagnostic""]",30,6181047b84b7c073fcd3
2,americanfootball_ncaaf,[2021],2021-10-31T16:00:00Z,"[""daily_16UTC""]",30,bd4694d7cd92403e479b
2,americanfootball_nfl,[2021],2021-10-31T16:00:00Z,"[""daily_16UTC""]",30,67b1151693ed36908c50
2,americanfootball_nfl,[2021],2021-10-31T16:55:00Z,"[""pregame_close_proxy""]",30,6ddf557764d4bb5c6b8f
2,americanfootball_nfl,[2021],2021-10-31T20:00:00Z,"[""pregame_close_proxy""]",30,f54c65acbb30c29f55e6
2,americanfootball_nfl,[2021],2021-10-31T20:20:00Z,"[""pregame_close_proxy""]",30,4fd03e94f3572cb3b03d
2,americanfootball_nfl,[2021],2021-11-01T00:15:00Z,"[""pregame_close_proxy""]",30,a2311de7370fa823c223
2,americanfootball_nfl,[2021],2021-11-01T02:30:00Z,"[""MOS_original_evening_slot_diagnostic""]",30,f48f627f5bc039c3e26d
2,americanfootball_ncaaf,[2021],2021-11-01T16:00:00Z,"[""daily_16UTC""]",30,1d57add1980705db9eb2
2,americanfootball_nfl,[2021],2021-11-01T16:00:00Z,"[""daily_16UTC""]",30,4f60a1ece317ad9c30ac
2,americanfootball_nfl,[2021],2021-11-02T00:10:00Z,"[""pregame_close_proxy""]",30,4dcf2ecdaf6cb7bcab43
2,americanfootball_ncaaf,[2021],2021-11-02T02:30:00Z,"[""MOS_original_evening_slot_diagnostic""]",30,0f6de919f81a25c835c6
2,americanfootball_ncaaf,[2021],2021-11-02T16:00:00Z,"[""daily_16UTC""]",30,e71e066484dd2c8a0b9c
2,americanfootball_nfl,[2021],2021-11-02T16:00:00Z,"[""daily_16UTC""]",30,da73bcc1016f13070769
2,americanfootball_ncaaf,[2021],2021-11-02T22:55:00Z,"[""pregame_close_proxy""]",30,f238ca89ba7ddcc2024b
2,americanfootball_ncaaf,[2021],2021-11-02T23:25:00Z,"[""pregame_close_proxy""]",30,f0b1ea0242760b660434
2,americanfootball_ncaaf,[2021],2021-11-03T02:30:00Z,"[""MOS_original_evening_slot_diagnostic""]",30,57835db047a497329a8e
2,americanfootball_ncaaf,[2021],2021-11-03T16:00:00Z,"[""daily_16UTC""]",30,bddbb6356ee34bebd266
2,americanfootball_nfl,[2021],2021-11-03T16:00:00Z,"[""daily_16UTC""]",30,ae2d4c4fa47a4d355232
2,americanfootball_ncaaf,[2021],2021-11-03T22:55:00Z,"[""pregame_close_proxy""]",30,32da9558e13bca1ba267
2,americanfootball_ncaaf,[2021],2021-11-04T02:30:00Z,"[""MOS_original_evening_slot_diagnostic""]",30,e144a9f81d0bc6d23ba3
2,americanfootball_ncaaf,[2021],2021-11-04T16:00:00Z,"[""daily_16UTC""]",30,26df8b163657ee86800e
2,americanfootball_nfl,[2021],2021-11-04T16:00:00Z,"[""daily_16UTC""]",30,97f64bb8bcab25b2cbd8
2,americanfootball_ncaaf,[2021],2021-11-04T23:25:00Z,"[""pregame_close_proxy""]",30,373b8a9b6d9c11b0137f
2,americanfootball_nfl,[2021],2021-11-05T00:15:00Z,"[""pregame_close_proxy""]",30,e8e723093eb6cb6adeb2
2,americanfootball_ncaaf,[2021],2021-11-05T02:30:00Z,"[""MOS_original_evening_slot_diagnostic""]",30,f23934b48ed27428e7a9
2,americanfootball_ncaaf,[2021],2021-11-05T16:00:00Z,"[""daily_16UTC""]",30,4df2b70a1dad66c3bf03
2,americanfootball_nfl,[2021],2021-11-05T16:00:00Z,"[""daily_16UTC""]",30,a2d009c5e340b514bfce
2,americanfootball_ncaaf,[2021],2021-11-05T23:25:00Z,"[""pregame_close_proxy""]",30,94c47bdfc7e2bded5ccb
2,americanfootball_ncaaf,[2021],2021-11-06T02:25:00Z,"[""pregame_close_proxy""]",30,a78f1b4ee57f320d0815
2,americanfootball_ncaaf,[2021],2021-11-06T02:30:00Z,"[""MOS_original_evening_slot_diagnostic""]",30,0f829fe0df47817da2b4
2,americanfootball_ncaaf,[2021],2021-11-06T15:25:00Z,"[""pregame_close_proxy""]",30,e09570c6181ccbcec648
2,americanfootball_ncaaf,[2021],2021-11-06T15:55:00Z,"[""pregame_close_proxy""]",30,d70b62d1733f87e9dd30
2,americanfootball_ncaaf,[2021],2021-11-06T16:00:00Z,"[""daily_16UTC""]",30,ff9cb5b2063d13e89c05
2,americanfootball_nfl,[2021],2021-11-06T16:00:00Z,"[""daily_16UTC""]",30,7bc05c79b57fd6b75bda
2,americanfootball_ncaaf,[2021],2021-11-06T16:25:00Z,"[""pregame_close_proxy""]",30,d929878d8810e487a3d2
2,americanfootball_ncaaf,[2021],2021-11-06T17:55:00Z,"[""pregame_close_proxy""]",30,cc665b0170bf77b376a7
2,americanfootball_ncaaf,[2021],2021-11-06T18:55:00Z,"[""pregame_close_proxy""]",30,496e29224b0f56f1b3c4
2,americanfootball_ncaaf,[2021],2021-11-06T19:25:00Z,"[""pregame_close_proxy""]",30,e22903dc758130d7032c
2,americanfootball_ncaaf,[2021],2021-11-06T19:55:00Z,"[""pregame_close_proxy""]",30,8adf527c29e4cbee429e
2,americanfootball_ncaaf,[2021],2021-11-06T21:55:00Z,"[""pregame_close_proxy""]",30,acb8ad71374cecff3431
2,americanfootball_ncaaf,[2021],2021-11-06T22:55:00Z,"[""pregame_close_proxy""]",30,4c63d9464174dfe061f8
2,americanfootball_ncaaf,[2021],2021-11-06T23:25:00Z,"[""pregame_close_proxy""]",30,97091f8b528c45e2beba
2,americanfootball_ncaaf,[2021],2021-11-07T01:55:00Z,"[""pregame_close_proxy""]",30,8b277ddcac9d4e85754c
2,americanfootball_ncaaf,[2021],2021-11-07T02:10:00Z,"[""pregame_close_proxy""]",30,d155be7f4f5c2fc3ae72
2,americanfootball_ncaaf,[2021],2021-11-07T02:25:00Z,"[""pregame_close_proxy""]",30,e3b942c3d5d9423cefb4
2,americanfootball_nfl,[2021],2021-11-07T02:30:00Z,"[""MOS_original_evening_slot_diagnostic""]",30,4674abc2da6ef4a5ba5c
2,americanfootball_ncaaf,[2021],2021-11-07T02:55:00Z,"[""pregame_close_proxy""]",30,149c5700cd0b49f1822d
2,americanfootball_ncaaf,[2021],2021-11-07T16:00:00Z,"[""daily_16UTC""]",30,c320ef6911be712f0384
2,americanfootball_nfl,[2021],2021-11-07T16:00:00Z,"[""daily_16UTC""]",30,c2d85f2f0a6e075add40
2,americanfootball_nfl,[2021],2021-11-07T17:55:00Z,"[""pregame_close_proxy""]",30,ed0baeb119624b876ffb
2,americanfootball_nfl,[2021],2021-11-07T21:00:00Z,"[""pregame_close_proxy""]",30,ca24611480be515f77d4
2,americanfootball_nfl,[2021],2021-11-07T21:20:00Z,"[""pregame_close_proxy""]",30,852961c7cf2ce5badeb8
2,americanfootball_nfl,[2021],2021-11-08T01:15:00Z,"[""pregame_close_proxy""]",30,99345cb61bfc1f21b899
2,americanfootball_nfl,[2021],2021-11-08T03:30:00Z,"[""MOS_original_evening_slot_diagnostic""]",30,2539c719002c8d3bb549
2,americanfootball_ncaaf,[2021],2021-11-08T16:00:00Z,"[""daily_16UTC""]",30,8aef9bcea130a6c106d8
2,americanfootball_nfl,[2021],2021-11-08T16:00:00Z,"[""daily_16UTC""]",30,f3db6ce19344ca2b0905
2,americanfootball_nfl,[2021],2021-11-09T01:10:00Z,"[""pregame_close_proxy""]",30,7d6f4c10ece8dae56c56
2,americanfootball_ncaaf,[2021],2021-11-09T03:30:00Z,"[""MOS_original_evening_slot_diagnostic""]",30,4ae51d648a35964c9d5c
2,americanfootball_ncaaf,[2021],2021-11-09T16:00:00Z,"[""daily_16UTC""]",30,a31221882b505c507533
2,americanfootball_nfl,[2021],2021-11-09T16:00:00Z,"[""daily_16UTC""]",30,171dca6b99c61b41900d
2,americanfootball_ncaaf,[2021],2021-11-09T23:55:00Z,"[""pregame_close_proxy""]",30,34f3dfc02aa650f554dd
2,americanfootball_ncaaf,[2021],2021-11-10T00:55:00Z,"[""pregame_close_proxy""]",30,6b10ad53555ca63d4980
2,americanfootball_ncaaf,[2021],2021-11-10T03:30:00Z,"[""MOS_original_evening_slot_diagnostic""]",30,a430c79b330202410cd7
2,americanfootball_ncaaf,[2021],2021-11-10T16:00:00Z,"[""daily_16UTC""]",30,0b9350ce6b77a230db9a
2,americanfootball_nfl,[2021],2021-11-10T16:00:00Z,"[""daily_16UTC""]",30,b376d8e31edefe003494
2,americanfootball_ncaaf,[2021],2021-11-10T23:55:00Z,"[""pregame_close_proxy""]",30,2b6462e45cddb421499e
2,americanfootball_ncaaf,[2021],2021-11-11T00:55:00Z,"[""pregame_close_proxy""]",30,a778b7e00c4e6eebb1ac
2,americanfootball_ncaaf,[2021],2021-11-11T03:30:00Z,"[""MOS_original_evening_slot_diagnostic""]",30,634fd758d163c76091ed
2,americanfootball_nfl,[2021],2021-11-11T03:30:00Z,"[""MOS_original_evening_slot_diagnostic""]",30,5086b24c548fd4e54d42
2,americanfootball_ncaaf,[2021],2021-11-11T16:00:00Z,"[""daily_16UTC""]",30,5267493307d8777c7cfe
2,americanfootball_nfl,[2021],2021-11-11T16:00:00Z,"[""daily_16UTC""]",30,a87465dd4a021298bb92
2,americanfootball_ncaaf,[2021],2021-11-12T00:25:00Z,"[""pregame_close_proxy""]",30,ba4f64ebdc1c4a6c02ac
2,americanfootball_nfl,[2021],2021-11-12T01:15:00Z,"[""pregame_close_proxy""]",30,7e8074da291d8b3eb71c
2,americanfootball_ncaaf,[2021],2021-11-12T03:30:00Z,"[""MOS_original_evening_slot_diagnostic""]",30,a1116b57cc1f454aac3d
2,americanfootball_ncaaf,[2021],2021-11-12T16:00:00Z,"[""daily_16UTC""]",30,4288a606b274ef9c3fcf
2,americanfootball_nfl,[2021],2021-11-12T16:00:00Z,"[""daily_16UTC""]",30,46734fea7e3e3d2fa3e6
2,americanfootball_ncaaf,[2021],2021-11-12T22:55:00Z,"[""pregame_close_proxy""]",30,f838163c050e414079f0
2,americanfootball_ncaaf,[2021],2021-11-13T01:55:00Z,"[""pregame_close_proxy""]",30,f1ad8aa0d3c3ab3853f6
2,americanfootball_ncaaf,[2021],2021-11-13T03:30:00Z,"[""MOS_original_evening_slot_diagnostic""]",30,4c26cec7653fe7878c21
2,americanfootball_ncaaf,[2021],2021-11-13T16:00:00Z,"[""daily_16UTC""]",30,6302ce22ffe4d93713dc
2,americanfootball_nfl,[2021],2021-11-13T16:00:00Z,"[""daily_16UTC""]",30,42f5440b9519fbcb3a90
2,americanfootball_ncaaf,[2021],2021-11-13T16:55:00Z,"[""pregame_close_proxy""]",30,d79e583f8d48e38dd302
2,americanfootball_ncaaf,[2021],2021-11-13T18:55:00Z,"[""pregame_close_proxy""]",30,4d48647f55bea57245da
2,americanfootball_ncaaf,[2021],2021-11-13T19:25:00Z,"[""pregame_close_proxy""]",30,8edcfbdf9d6a66725655
2,americanfootball_ncaaf,[2021],2021-11-13T19:55:00Z,"[""pregame_close_proxy""]",30,0ce69f33aa2748234ebd
2,americanfootball_ncaaf,[2021],2021-11-13T20:25:00Z,"[""pregame_close_proxy""]",30,f38ddc94747a95b1edba
2,americanfootball_ncaaf,[2021],2021-11-13T20:55:00Z,"[""pregame_close_proxy""]",30,7bba7138e0c0f318080c
2,americanfootball_ncaaf,[2021],2021-11-13T21:55:00Z,"[""pregame_close_proxy""]",30,e2e169b0f55044febfa0
2,americanfootball_ncaaf,[2021],2021-11-13T22:25:00Z,"[""pregame_close_proxy""]",30,4fa57af4f2124a390f2e
2,americanfootball_ncaaf,[2021],2021-11-13T23:55:00Z,"[""pregame_close_proxy""]",30,c39c0fb042b5867eb17b
2,americanfootball_ncaaf,[2021],2021-11-14T00:25:00Z,"[""pregame_close_proxy""]",30,2e142089facbf3d2e9da
2,americanfootball_ncaaf,[2021],2021-11-14T00:55:00Z,"[""pregame_close_proxy""]",30,6f47e8da3c2e6dbd79be
2,americanfootball_ncaaf,[2021],2021-11-14T01:55:00Z,"[""pregame_close_proxy""]",30,2fd960976be93a58f752
2,americanfootball_ncaaf,[2021],2021-11-14T03:25:00Z,"[""pregame_close_proxy""]",30,2668dcc11d1eedbfcdc9
2,americanfootball_nfl,[2021],2021-11-14T03:30:00Z,"[""MOS_original_evening_slot_diagnostic""]",30,9944e1b5e2dcc333292d
2,americanfootball_ncaaf,[2021],2021-11-14T16:00:00Z,"[""daily_16UTC""]",30,133990cbe31c11f3b9e8
2,americanfootball_nfl,[2021],2021-11-14T16:00:00Z,"[""daily_16UTC""]",30,93b924e19acc9e71dedf
2,americanfootball_nfl,[2021],2021-11-14T17:55:00Z,"[""pregame_close_proxy""]",30,effe4d8a1e7a30bd1c01
2,americanfootball_nfl,[2021],2021-11-14T21:00:00Z,"[""pregame_close_proxy""]",30,ec116cab11368c683035
2,americanfootball_nfl,[2021],2021-11-14T21:20:00Z,"[""pregame_close_proxy""]",30,fd5969fda86725162acf
2,americanfootball_nfl,[2021],2021-11-15T01:15:00Z,"[""pregame_close_proxy""]",30,d382490a01fd84ec011a
2,americanfootball_nfl,[2021],2021-11-15T03:30:00Z,"[""MOS_original_evening_slot_diagnostic""]",30,6d1a2fd853de7be71b3f
2,americanfootball_ncaaf,[2021],2021-11-15T16:00:00Z,"[""daily_16UTC""]",30,7df2083e5a891dd8e3b2
2,americanfootball_nfl,[2021],2021-11-15T16:00:00Z,"[""daily_16UTC""]",30,8cf48af79579572dc942
2,americanfootball_nfl,[2021],2021-11-16T01:10:00Z,"[""pregame_close_proxy""]",30,8f535214210546f6f118
2,americanfootball_ncaaf,[2021],2021-11-16T03:30:00Z,"[""MOS_original_evening_slot_diagnostic""]",30,1ab0537de5eef6856721
2,americanfootball_ncaaf,[2021],2021-11-16T16:00:00Z,"[""daily_16UTC""]",30,f7b2c4044349ee781118
2,americanfootball_nfl,[2021],2021-11-16T16:00:00Z,"[""daily_16UTC""]",30,98a76ef802a87b57f240
2,americanfootball_ncaaf,[2021],2021-11-16T23:55:00Z,"[""pregame_close_proxy""]",30,6f43c969ea816740d3fb
2,americanfootball_ncaaf,[2021],2021-11-17T00:25:00Z,"[""pregame_close_proxy""]",30,a7db5cf6ca122bc87a93
2,americanfootball_ncaaf,[2021],2021-11-17T00:55:00Z,"[""pregame_close_proxy""]",30,3beffb23037f3416187b
2,americanfootball_ncaaf,[2021],2021-11-17T03:30:00Z,"[""MOS_original_evening_slot_diagnostic""]",30,8a4b3b276df2a1e6bcb7
2,americanfootball_ncaaf,[2021],2021-11-17T16:00:00Z,"[""daily_16UTC""]",30,9eba627d536240211fbf
2,americanfootball_nfl,[2021],2021-11-17T16:00:00Z,"[""daily_16UTC""]",30,272182dfd023f5e4f781
2,americanfootball_ncaaf,[2021],2021-11-17T23:55:00Z,"[""pregame_close_proxy""]",30,83d6b7acd04989ae31bb
2,americanfootball_ncaaf,[2021],2021-11-18T03:30:00Z,"[""MOS_original_evening_slot_diagnostic""]",30,2e43133c8cf3ac3bbc5c
2,americanfootball_ncaaf,[2021],2021-11-18T16:00:00Z,"[""daily_16UTC""]",30,d44b18bd0d07f2f59af0
2,americanfootball_nfl,[2021],2021-11-18T16:00:00Z,"[""daily_16UTC""]",30,d0c4ba25184f99124530
2,americanfootball_ncaaf,[2021],2021-11-19T00:25:00Z,"[""pregame_close_proxy""]",30,186847f12d8b7b1d5c5f
2,americanfootball_nfl,[2021],2021-11-19T01:15:00Z,"[""pregame_close_proxy""]",30,6954c5d620a2ea1c9d41
2,americanfootball_ncaaf,[2021],2021-11-19T03:30:00Z,"[""MOS_original_evening_slot_diagnostic""]",30,d73b079c0a9c71c58b65
2,americanfootball_ncaaf,[2021],2021-11-19T16:00:00Z,"[""daily_16UTC""]",30,40532e64d406e92b4e13
2,americanfootball_nfl,[2021],2021-11-19T16:00:00Z,"[""daily_16UTC""]",30,005cabb8e2d73964910c
2,americanfootball_ncaaf,[2021],2021-11-20T00:55:00Z,"[""pregame_close_proxy""]",30,ac35ef499918e393ff98
2,americanfootball_ncaaf,[2021],2021-11-20T01:55:00Z,"[""pregame_close_proxy""]",30,0e1c72a770beaceae56b
2,americanfootball_ncaaf,[2021],2021-11-20T03:30:00Z,"[""MOS_original_evening_slot_diagnostic""]",30,ce759c9fc4f5e59f48df
2,americanfootball_ncaaf,[2021],2021-11-20T04:25:00Z,"[""pregame_close_proxy""]",30,6804772cb1f5687a3e5a
2,americanfootball_ncaaf,[2021],2021-11-20T16:00:00Z,"[""daily_16UTC""]",30,89f1ccba46e5d656de0f
2,americanfootball_nfl,[2021],2021-11-20T16:00:00Z,"[""daily_16UTC""]",30,37e29c4ac23fd73c98ec
2,americanfootball_ncaaf,[2021],2021-11-20T16:55:00Z,"[""pregame_close_proxy""]",30,808c9e8d82bcbe20ddb9
2,americanfootball_ncaaf,[2021],2021-11-20T17:25:00Z,"[""pregame_close_proxy""]",30,7c1db9c84060ae83e955
2,americanfootball_ncaaf,[2021],2021-11-20T17:55:00Z,"[""pregame_close_proxy""]",30,1407c56c025a21f446c8
2,americanfootball_ncaaf,[2021],2021-11-20T18:25:00Z,"[""pregame_close_proxy""]",30,d4f2629146924e72898d
2,americanfootball_ncaaf,[2021],2021-11-20T18:55:00Z,"[""pregame_close_proxy""]",30,289f61078d9bf2223dea
2,americanfootball_ncaaf,[2021],2021-11-20T19:25:00Z,"[""pregame_close_proxy""]",30,f97f7148f7979760f84c
2,americanfootball_ncaaf,[2021],2021-11-20T19:55:00Z,"[""pregame_close_proxy""]",30,aa20e36c7e917115867f
2,americanfootball_ncaaf,[2021],2021-11-20T20:25:00Z,"[""pregame_close_proxy""]",30,7b6077a2a2f0354de938
2,americanfootball_ncaaf,[2021],2021-11-20T20:55:00Z,"[""pregame_close_proxy""]",30,33226f8127ed35a60328
2,americanfootball_ncaaf,[2021],2021-11-20T22:25:00Z,"[""pregame_close_proxy""]",30,40badf95c03f3e4f18c3
2,americanfootball_ncaaf,[2021],2021-11-20T23:55:00Z,"[""pregame_close_proxy""]",30,599167567ae421174340
2,americanfootball_ncaaf,[2021],2021-11-21T00:25:00Z,"[""pregame_close_proxy""]",30,48b5f79d3aa5d19bea30
2,americanfootball_ncaaf,[2021],2021-11-21T00:55:00Z,"[""pregame_close_proxy""]",30,bbe8fe1edf62bd1c775c
2,americanfootball_ncaaf,[2021],2021-11-21T01:55:00Z,"[""pregame_close_proxy""]",30,490159e73276e25ea4a0
2,americanfootball_ncaaf,[2021],2021-11-21T03:25:00Z,"[""pregame_close_proxy""]",30,b5ff5dad86486e94f5c5
2,americanfootball_nfl,[2021],2021-11-21T03:30:00Z,"[""MOS_original_evening_slot_diagnostic""]",30,880c5de4db60b847cb6c
2,americanfootball_ncaaf,[2021],2021-11-21T03:55:00Z,"[""pregame_close_proxy""]",30,1b9f56641cea72d8e0e3
2,americanfootball_ncaaf,[2021],2021-11-21T16:00:00Z,"[""daily_16UTC""]",30,daabe69ce73f33fa7960
2,americanfootball_nfl,[2021],2021-11-21T16:00:00Z,"[""daily_16UTC""]",30,935c5c539223f26f0155
2,americanfootball_nfl,[2021],2021-11-21T17:55:00Z,"[""pregame_close_proxy""]",30,a61b39fa513cdfada1be
2,americanfootball_nfl,[2021],2021-11-21T21:00:00Z,"[""pregame_close_proxy""]",30,3ca9a020044078dd2110
2,americanfootball_nfl,[2021],2021-11-21T21:20:00Z,"[""pregame_close_proxy""]",30,f556a6f837a3746bde1e
2,americanfootball_nfl,[2021],2021-11-22T01:15:00Z,"[""pregame_close_proxy""]",30,7fd636a0f7595e1d488c
2,americanfootball_nfl,[2021],2021-11-22T03:30:00Z,"[""MOS_original_evening_slot_diagnostic""]",30,122b3d333515e162f61d
2,americanfootball_ncaaf,[2021],2021-11-22T16:00:00Z,"[""daily_16UTC""]",30,f7e56f1f7151e729199c
2,americanfootball_nfl,[2021],2021-11-22T16:00:00Z,"[""daily_16UTC""]",30,459a2bbc393dd65f0f87
2,americanfootball_nfl,[2021],2021-11-23T01:10:00Z,"[""pregame_close_proxy""]",30,4f2b60caa6dcdd1f60bd
2,americanfootball_ncaaf,[2021],2021-11-23T03:30:00Z,"[""MOS_original_evening_slot_diagnostic""]",30,f73ce015bd9db5cd991e
2,americanfootball_ncaaf,[2021],2021-11-23T16:00:00Z,"[""daily_16UTC""]",30,db4e489644d45271ce22
2,americanfootball_nfl,[2021],2021-11-23T16:00:00Z,"[""daily_16UTC""]",30,7cc298951b83cd4ea5b1
2,americanfootball_ncaaf,[2021],2021-11-23T23:55:00Z,"[""pregame_close_proxy""]",30,32b6202590a44392b15c
2,americanfootball_ncaaf,[2021],2021-11-24T16:00:00Z,"[""daily_16UTC""]",30,51fdf82e848da26ef5c3
2,americanfootball_nfl,[2021],2021-11-24T16:00:00Z,"[""daily_16UTC""]",30,2b9abf1355de5a82bbf2
2,americanfootball_ncaaf,[2021],2021-11-25T03:30:00Z,"[""MOS_original_evening_slot_diagnostic""]",30,89f01b0b3c955a8413f7
2,americanfootball_ncaaf,[2021],2021-11-25T16:00:00Z,"[""daily_16UTC""]",30,75538deef93f1d83b4ca
2,americanfootball_nfl,[2021],2021-11-25T16:00:00Z,"[""daily_16UTC""]",30,bd676c7b3acb7273c267
2,americanfootball_nfl,[2021],2021-11-25T17:25:00Z,"[""pregame_close_proxy""]",30,77cad0b3e9277d08a5c0
2,americanfootball_ncaaf,[2021],2021-11-25T20:25:00Z,"[""pregame_close_proxy""]",30,eab28d5ee3b104671336
2,americanfootball_nfl,[2021],2021-11-25T21:25:00Z,"[""pregame_close_proxy""]",30,dc90f8bc7d5bedc0bf52
2,americanfootball_ncaaf,[2021],2021-11-26T00:25:00Z,"[""pregame_close_proxy""]",30,8ecc3c0e3a53146d50d4
2,americanfootball_nfl,[2021],2021-11-26T01:15:00Z,"[""pregame_close_proxy""]",30,0987aec2fefc3b9f2335
2,americanfootball_ncaaf,[2021],2021-11-26T03:30:00Z,"[""MOS_original_evening_slot_diagnostic""]",30,5eb810d62b42dfdeaa13
2,americanfootball_ncaaf,[2021],2021-11-26T16:00:00Z,"[""daily_16UTC""]",30,e256e0400c30ae025e7f
2,americanfootball_nfl,[2021],2021-11-26T16:00:00Z,"[""daily_16UTC""]",30,08331c82781658b84b6d
2,americanfootball_ncaaf,[2021],2021-11-26T16:55:00Z,"[""pregame_close_proxy""]",30,944dda06c20928496964
2,americanfootball_ncaaf,[2021],2021-11-26T17:55:00Z,"[""pregame_close_proxy""]",30,e5439dfb94a55dbfc3f6
2,americanfootball_ncaaf,[2021],2021-11-26T18:25:00Z,"[""pregame_close_proxy""]",30,d73dab2e22e6e5e3dc15
2,americanfootball_ncaaf,[2021],2021-11-26T18:55:00Z,"[""pregame_close_proxy""]",30,acc1ceb1be4a6bbf64f9
2,americanfootball_ncaaf,[2021],2021-11-26T20:25:00Z,"[""pregame_close_proxy""]",30,9c82674103a2feda77fd
2,americanfootball_ncaaf,[2021],2021-11-26T20:55:00Z,"[""pregame_close_proxy""]",30,93272cdf563ca1555431
2,americanfootball_ncaaf,[2021],2021-11-26T21:25:00Z,"[""pregame_close_proxy""]",30,f4a436fedd38f8e7f788
2,americanfootball_ncaaf,[2021],2021-11-26T23:55:00Z,"[""pregame_close_proxy""]",30,6a874d36ff248a731158
2,americanfootball_ncaaf,[2021],2021-11-27T00:55:00Z,"[""pregame_close_proxy""]",30,5986ec513450e85d7efc
2,americanfootball_ncaaf,[2021],2021-11-27T03:30:00Z,"[""MOS_original_evening_slot_diagnostic""]",30,ce6a4ff91fd27d7355be
2,americanfootball_ncaaf,[2021],2021-11-27T16:00:00Z,"[""daily_16UTC""]",30,0279fbf98e42b8b55706
2,americanfootball_nfl,[2021],2021-11-27T16:00:00Z,"[""daily_16UTC""]",30,e23a00ba96066bf77012
2,americanfootball_ncaaf,[2021],2021-11-27T16:55:00Z,"[""pregame_close_proxy""]",30,76d650a29bd28c463600
2,americanfootball_ncaaf,[2021],2021-11-27T17:25:00Z,"[""pregame_close_proxy""]",30,ff90161bff96dbda992e
2,americanfootball_ncaaf,[2021],2021-11-27T17:55:00Z,"[""pregame_close_proxy""]",30,f09f0b13ae489d4e0440
2,americanfootball_ncaaf,[2021],2021-11-27T18:55:00Z,"[""pregame_close_proxy""]",30,a2af6ee098fedf2a2c37
2,americanfootball_ncaaf,[2021],2021-11-27T19:25:00Z,"[""pregame_close_proxy""]",30,64abbfe836bddd04e926
2,americanfootball_ncaaf,[2021],2021-11-27T19:55:00Z,"[""pregame_close_proxy""]",30,0b345c2699aa6a31ff35
2,americanfootball_ncaaf,[2021],2021-11-27T20:25:00Z,"[""pregame_close_proxy""]",30,fd141a150ebcdc6d243b
2,americanfootball_ncaaf,[2021],2021-11-27T20:40:00Z,"[""pregame_close_proxy""]",30,0c31104ec38520364c76
2,americanfootball_ncaaf,[2021],2021-11-27T20:55:00Z,"[""pregame_close_proxy""]",30,e64732a58e0368599cb1
2,americanfootball_ncaaf,[2021],2021-11-27T23:55:00Z,"[""pregame_close_proxy""]",30,55cf4aa67d0e9c230d5d
2,americanfootball_ncaaf,[2021],2021-11-28T00:25:00Z,"[""pregame_close_proxy""]",30,d729eb4e2c7d9e66048b
2,americanfootball_ncaaf,[2021],2021-11-28T00:55:00Z,"[""pregame_close_proxy""]",30,b5e7144053d7164ab070
2,americanfootball_ncaaf,[2021],2021-11-28T01:55:00Z,"[""pregame_close_proxy""]",30,9dfa79001be50cc8b006
2,americanfootball_ncaaf,[2021],2021-11-28T03:25:00Z,"[""pregame_close_proxy""]",30,499c71b45ca81ca6bb87
2,americanfootball_nfl,[2021],2021-11-28T03:30:00Z,"[""MOS_original_evening_slot_diagnostic""]",30,57685b1e3346e8b6bc94
2,americanfootball_ncaaf,[2021],2021-11-28T16:00:00Z,"[""daily_16UTC""]",30,148f0b81a548084548b6
2,americanfootball_nfl,[2021],2021-11-28T16:00:00Z,"[""daily_16UTC""]",30,709fa323dc6a60f1a040
2,americanfootball_nfl,[2021],2021-11-28T17:55:00Z,"[""pregame_close_proxy""]",30,b798edee8a4d68cbd145
2,americanfootball_nfl,[2021],2021-11-28T21:00:00Z,"[""pregame_close_proxy""]",30,dadc9e2b37cf1e563c32
2,americanfootball_nfl,[2021],2021-11-28T21:20:00Z,"[""pregame_close_proxy""]",30,290cc9af310799b9da0b
2,americanfootball_nfl,[2021],2021-11-29T01:15:00Z,"[""pregame_close_proxy""]",30,112859a038cbbe710c5f
2,americanfootball_nfl,[2021],2021-11-29T03:30:00Z,"[""MOS_original_evening_slot_diagnostic""]",30,f47c075e69617b7ea605
2,americanfootball_ncaaf,[2021],2021-11-29T16:00:00Z,"[""daily_16UTC""]",30,d6d9f0503542279a25f7
2,americanfootball_nfl,[2021],2021-11-29T16:00:00Z,"[""daily_16UTC""]",30,5d39a19f8441bfda4710
2,americanfootball_nfl,[2021],2021-11-30T01:10:00Z,"[""pregame_close_proxy""]",30,863aaf99ca5c4e7dbb66
2,americanfootball_ncaaf,[2021],2021-11-30T16:00:00Z,"[""daily_16UTC""]",30,a5110cecc0dac59bab5d
2,americanfootball_nfl,[2021],2021-11-30T16:00:00Z,"[""daily_16UTC""]",30,375f4e79508744cac026
2,americanfootball_ncaaf,[2021],2021-12-01T16:00:00Z,"[""daily_16UTC""]",30,9bca160aed159f9c0279
2,americanfootball_nfl,[2021],2021-12-01T16:00:00Z,"[""daily_16UTC""]",30,a4bca631e65344b82b77
2,americanfootball_ncaaf,[2021],2021-12-02T16:00:00Z,"[""daily_16UTC""]",30,3beeda26b30c6ee9f03c
2,americanfootball_nfl,[2021],2021-12-02T16:00:00Z,"[""daily_16UTC""]",30,f68e778f4a75f29a2eb9
2,americanfootball_nfl,[2021],2021-12-03T01:15:00Z,"[""pregame_close_proxy""]",30,6edaf89956ef14efbaf1
2,americanfootball_ncaaf,[2021],2021-12-03T16:00:00Z,"[""daily_16UTC""]",30,26b2890286e968eedf7d
2,americanfootball_nfl,[2021],2021-12-03T16:00:00Z,"[""daily_16UTC""]",30,32ac527f6e5cd1cde367
2,americanfootball_ncaaf,[2021],2021-12-03T23:55:00Z,"[""pregame_close_proxy""]",30,efe0f33a554bd7050a37
2,americanfootball_ncaaf,[2021],2021-12-04T00:55:00Z,"[""pregame_close_proxy""]",30,26d6dca0fe78ae07dd2d
2,americanfootball_ncaaf,[2021],2021-12-04T03:30:00Z,"[""MOS_original_evening_slot_diagnostic""]",30,c65006f4a7b90f785290
2,americanfootball_ncaaf,[2021],2021-12-04T16:00:00Z,"[""daily_16UTC""]",30,c96a8b2ea6f0bbde93bd
2,americanfootball_nfl,[2021],2021-12-04T16:00:00Z,"[""daily_16UTC""]",30,3ad3e77cf8a8e976d78f
2,americanfootball_ncaaf,[2021],2021-12-04T16:55:00Z,"[""pregame_close_proxy""]",30,6e5eefa149fa7c793b15
2,americanfootball_ncaaf,[2021],2021-12-04T18:55:00Z,"[""pregame_close_proxy""]",30,2b08f2336407be9b03d6
2,americanfootball_ncaaf,[2021],2021-12-04T19:55:00Z,"[""pregame_close_proxy""]",30,3cde99c079c8631f3e65
2,americanfootball_ncaaf,[2021],2021-12-04T20:25:00Z,"[""pregame_close_proxy""]",30,eaae461b2d6c58b3ef27
2,americanfootball_ncaaf,[2021],2021-12-04T20:55:00Z,"[""pregame_close_proxy""]",30,ac167005d3f1b0286b61
2,americanfootball_ncaaf,[2021],2021-12-04T21:05:00Z,"[""alternate_independent_close_proxy""]",30,5f1f8335c56402f99050
2,americanfootball_ncaaf,[2021],2021-12-05T00:55:00Z,"[""pregame_close_proxy""]",30,a7df2ba20b0ea0b9ea82
2,americanfootball_ncaaf,[2021],2021-12-05T01:55:00Z,"[""pregame_close_proxy""]",30,5eaf8d41600179186388
2,americanfootball_nfl,[2021],2021-12-05T03:30:00Z,"[""MOS_original_evening_slot_diagnostic""]",30,975392ee6cc4369f73b9
2,americanfootball_ncaaf,[2021],2021-12-05T03:55:00Z,"[""pregame_close_proxy""]",30,814fe2eb02e7962337d5
2,americanfootball_ncaaf,[2021],2021-12-05T16:00:00Z,"[""daily_16UTC""]",30,35919ccc8d40998db8fd
2,americanfootball_nfl,[2021],2021-12-05T16:00:00Z,"[""daily_16UTC""]",30,b6eb0130044a0d70fd4d
2,americanfootball_nfl,[2021],2021-12-05T17:55:00Z,"[""pregame_close_proxy""]",30,e026b4c4aa3b06f3e532
2,americanfootball_nfl,[2021],2021-12-05T21:00:00Z,"[""pregame_close_proxy""]",30,f9c0370de529ad9095b3
2,americanfootball_nfl,[2021],2021-12-05T21:20:00Z,"[""pregame_close_proxy""]",30,974b7055563f2df07f78
2,americanfootball_nfl,[2021],2021-12-06T01:15:00Z,"[""pregame_close_proxy""]",30,b4bdfc92c1e17bd5adfe
2,americanfootball_nfl,[2021],2021-12-06T03:30:00Z,"[""MOS_original_evening_slot_diagnostic""]",30,9cfa94d3354dcbbec77c
2,americanfootball_ncaaf,[2021],2021-12-06T16:00:00Z,"[""daily_16UTC""]",30,08e0cf32cfcb31dcb2c2
2,americanfootball_nfl,[2021],2021-12-06T16:00:00Z,"[""daily_16UTC""]",30,3d058a9eea67aba35fc4
2,americanfootball_nfl,[2021],2021-12-07T01:10:00Z,"[""pregame_close_proxy""]",30,0cb67da6fc45f8ef58a7
2,americanfootball_ncaaf,[2021],2021-12-07T16:00:00Z,"[""daily_16UTC""]",30,983872c7433161a0caf0
2,americanfootball_nfl,[2021],2021-12-07T16:00:00Z,"[""daily_16UTC""]",30,cd38e0bcdefd17b1dc8b
2,americanfootball_ncaaf,[2021],2021-12-08T16:00:00Z,"[""daily_16UTC""]",30,fa46b4c0d586fe796a68
2,americanfootball_nfl,[2021],2021-12-08T16:00:00Z,"[""daily_16UTC""]",30,48f6cd4259f4843ac85e
2,americanfootball_ncaaf,[2021],2021-12-09T16:00:00Z,"[""daily_16UTC""]",30,44cd807ca0f463e2bfe3
2,americanfootball_nfl,[2021],2021-12-09T16:00:00Z,"[""daily_16UTC""]",30,debef3a9cb8fa9ff4448
2,americanfootball_nfl,[2021],2021-12-10T01:15:00Z,"[""pregame_close_proxy""]",30,1361f1b9562189fbde30
2,americanfootball_ncaaf,[2021],2021-12-10T16:00:00Z,"[""daily_16UTC""]",30,02fbf93511b63e345cd2
2,americanfootball_nfl,[2021],2021-12-10T16:00:00Z,"[""daily_16UTC""]",30,0446c8b7f5779e674156
2,americanfootball_ncaaf,[2021],2021-12-11T16:00:00Z,"[""daily_16UTC""]",30,ff9a5058e4143bf512ad
2,americanfootball_nfl,[2021],2021-12-11T16:00:00Z,"[""daily_16UTC""]",30,0b5457b7da45952c33ac
2,americanfootball_ncaaf,[2021],2021-12-11T16:55:00Z,"[""pregame_close_proxy""]",30,0ef5a304fccdb6c80a25
2,americanfootball_ncaaf,[2021],2021-12-11T18:55:00Z,"[""pregame_close_proxy""]",30,95401d1151933d0f301e
2,americanfootball_ncaaf,[2021],2021-12-11T19:55:00Z,"[""pregame_close_proxy""]",30,b3b1d35fae122b2a3759
2,americanfootball_nfl,[2021],2021-12-12T03:30:00Z,"[""MOS_original_evening_slot_diagnostic""]",30,dabf64c1613cf9165b13
2,americanfootball_nfl,[2021],2021-12-12T16:00:00Z,"[""daily_16UTC""]",30,2d353cd6c9adedfe842a
2,americanfootball_nfl,[2021],2021-12-12T17:55:00Z,"[""pregame_close_proxy""]",30,88735518ae62d0e9aec1
2,americanfootball_nfl,[2021],2021-12-12T21:00:00Z,"[""pregame_close_proxy""]",30,9bce2e1b0e83adf20feb
2,americanfootball_nfl,[2021],2021-12-12T21:20:00Z,"[""pregame_close_proxy""]",30,a643f059a22d0be8cea9
2,americanfootball_nfl,[2021],2021-12-13T01:15:00Z,"[""pregame_close_proxy""]",30,9f27cc800d993f303854
2,americanfootball_nfl,[2021],2021-12-13T16:00:00Z,"[""daily_16UTC""]",30,d49e17b079e458bf56f7
2,americanfootball_nfl,[2021],2021-12-14T01:10:00Z,"[""pregame_close_proxy""]",30,b41df4a88b204ce122d7
2,americanfootball_nfl,[2021],2021-12-14T16:00:00Z,"[""daily_16UTC""]",30,e598c651314b03733433
2,americanfootball_nfl,[2021],2021-12-15T16:00:00Z,"[""daily_16UTC""]",30,60d502550934819e3583
2,americanfootball_nfl,[2021],2021-12-16T16:00:00Z,"[""daily_16UTC""]",30,c472b6ce7f0398a74ea7
2,americanfootball_nfl,[2021],2021-12-17T01:15:00Z,"[""pregame_close_proxy""]",30,d1dbdefc3bb1941cf8f7
2,americanfootball_nfl,[2021],2021-12-17T16:00:00Z,"[""daily_16UTC""]",30,deec04b7968ba668e600
2,americanfootball_nfl,[2021],2021-12-18T16:00:00Z,"[""daily_16UTC""]",30,c5ea887fa820f4f945a5
2,americanfootball_nfl,[2021],2021-12-19T01:10:00Z,"[""pregame_close_proxy""]",30,4c5d216103e47750c8ba
2,americanfootball_nfl,[2021],2021-12-19T03:30:00Z,"[""MOS_original_evening_slot_diagnostic""]",30,2ed6110bb8c7b8f75cc2
2,americanfootball_nfl,[2021],2021-12-19T16:00:00Z,"[""daily_16UTC""]",30,68d424a6c22472ed4245
2,americanfootball_nfl,[2021],2021-12-19T17:55:00Z,"[""pregame_close_proxy""]",30,fd229699ef024e03031a
2,americanfootball_nfl,[2021],2021-12-19T21:00:00Z,"[""pregame_close_proxy""]",30,d18b1e26e42a54858c99
2,americanfootball_nfl,[2021],2021-12-19T21:20:00Z,"[""pregame_close_proxy""]",30,5006780b29eb904ceb2f
2,americanfootball_nfl,[2021],2021-12-20T01:15:00Z,"[""pregame_close_proxy""]",30,c64b93ec33679af9f2ce
2,americanfootball_nfl,[2021],2021-12-20T03:30:00Z,"[""MOS_original_evening_slot_diagnostic""]",30,c5f21513e2299216f881
2,americanfootball_nfl,[2021],2021-12-20T16:00:00Z,"[""daily_16UTC""]",30,8aa6b139852b2c7b703b
2,americanfootball_nfl,[2021],2021-12-20T21:55:00Z,"[""pregame_close_proxy""]",30,21b818bfef0771711355
2,americanfootball_nfl,[2021],2021-12-21T01:10:00Z,"[""pregame_close_proxy""]",30,147515a6dbb4277b01cf
2,americanfootball_nfl,[2021],2021-12-21T03:30:00Z,"[""MOS_original_evening_slot_diagnostic""]",30,d144c33ca0d92cbf803d
2,americanfootball_nfl,[2021],2021-12-21T16:00:00Z,"[""daily_16UTC""]",30,9c3902e3760713664fb1
2,americanfootball_nfl,[2021],2021-12-21T23:55:00Z,"[""pregame_close_proxy""]",30,1ecc694dadbfca5b5e07
2,americanfootball_nfl,[2021],2021-12-22T16:00:00Z,"[""daily_16UTC""]",30,619201abb6e1bc096478
2,americanfootball_nfl,[2021],2021-12-23T03:30:00Z,"[""MOS_original_evening_slot_diagnostic""]",30,186b05abade7a75e8d71
2,americanfootball_nfl,[2021],2021-12-23T16:00:00Z,"[""daily_16UTC""]",30,496a6f8b3e3345955c86
2,americanfootball_nfl,[2021],2021-12-24T01:15:00Z,"[""pregame_close_proxy""]",30,ef38337751a797846267
2,americanfootball_nfl,[2021],2021-12-24T16:00:00Z,"[""daily_16UTC""]",30,262d5642c267edc3ab48
2,americanfootball_nfl,[2021],2021-12-25T03:30:00Z,"[""MOS_original_evening_slot_diagnostic""]",30,25ba6b083179a649e28a
2,americanfootball_nfl,[2021],2021-12-25T16:00:00Z,"[""daily_16UTC""]",30,0bf289b3afd77b8747bf
2,americanfootball_nfl,[2021],2021-12-25T21:25:00Z,"[""pregame_close_proxy""]",30,6b3466d3492c3b761f2a
2,americanfootball_nfl,[2021],2021-12-26T01:10:00Z,"[""pregame_close_proxy""]",30,9582cfc299306b80200b
2,americanfootball_nfl,[2021],2021-12-26T03:30:00Z,"[""MOS_original_evening_slot_diagnostic""]",30,20332347b76486b0bfd0
2,americanfootball_nfl,[2021],2021-12-26T16:00:00Z,"[""daily_16UTC""]",30,398460c51b51c73ec49c
2,americanfootball_nfl,[2021],2021-12-26T17:55:00Z,"[""pregame_close_proxy""]",30,9d58feff0dcfe398e0c3
2,americanfootball_nfl,[2021],2021-12-26T21:00:00Z,"[""pregame_close_proxy""]",30,a64c615c42833b2e6a85
2,americanfootball_nfl,[2021],2021-12-26T21:20:00Z,"[""pregame_close_proxy""]",30,8154b37edd0e96157b52
2,americanfootball_nfl,[2021],2021-12-27T01:15:00Z,"[""pregame_close_proxy""]",30,b0e8b0d5e2a0f0073add
2,americanfootball_nfl,[2021],2021-12-27T16:00:00Z,"[""daily_16UTC""]",30,e217eb02c880a04baef3
2,americanfootball_nfl,[2021],2021-12-28T01:10:00Z,"[""pregame_close_proxy""]",30,9ce7b59aa2958fea95ed
2,americanfootball_nfl,[2021],2021-12-28T16:00:00Z,"[""daily_16UTC""]",30,77f162037bb2f5763806
2,americanfootball_nfl,[2021],2021-12-29T16:00:00Z,"[""daily_16UTC""]",30,1916ad03a8ed61af7208
2,americanfootball_nfl,[2021],2021-12-30T16:00:00Z,"[""daily_16UTC""]",30,9ce7371cc286a2901cdf
2,americanfootball_nfl,[2021],2021-12-31T16:00:00Z,"[""daily_16UTC""]",30,859b87eb2cb68ffe1bdd
2,americanfootball_nfl,[2021],2022-01-01T16:00:00Z,"[""daily_16UTC""]",30,5a744adf26611192a8c5
2,americanfootball_nfl,[2021],2022-01-02T03:30:00Z,"[""MOS_original_evening_slot_diagnostic""]",30,e7d546907c5cf41b237b
2,americanfootball_nfl,[2021],2022-01-02T16:00:00Z,"[""daily_16UTC""]",30,96fbdf931f0f25242968
2,americanfootball_nfl,[2021],2022-01-02T17:55:00Z,"[""pregame_close_proxy""]",30,6f34d9fea38e6c95de84
2,americanfootball_nfl,[2021],2022-01-02T21:00:00Z,"[""pregame_close_proxy""]",30,17a0b06a33cb63727013
2,americanfootball_nfl,[2021],2022-01-02T21:20:00Z,"[""pregame_close_proxy""]",30,1a508dc628bf9f53fa23
2,americanfootball_nfl,[2021],2022-01-03T01:15:00Z,"[""pregame_close_proxy""]",30,7fd50d08db09f7a2353d
2,americanfootball_nfl,[2021],2022-01-03T03:30:00Z,"[""MOS_original_evening_slot_diagnostic""]",30,2bbb1d0da2568ee34f29
2,americanfootball_nfl,[2021],2022-01-03T16:00:00Z,"[""daily_16UTC""]",30,ebaf22bca9738a5366f9
2,americanfootball_nfl,[2021],2022-01-04T01:10:00Z,"[""pregame_close_proxy""]",30,f9e6480b750df567e4db
2,americanfootball_nfl,[2021],2022-01-04T16:00:00Z,"[""daily_16UTC""]",30,6a5350d74f3d59352b74
2,americanfootball_nfl,[2021],2022-01-05T16:00:00Z,"[""daily_16UTC""]",30,8f11fdda9c40830a254c
2,americanfootball_nfl,[2021],2022-01-06T16:00:00Z,"[""daily_16UTC""]",30,7a6be703e67bef7f98d9
2,americanfootball_nfl,[2021],2022-01-07T16:00:00Z,"[""daily_16UTC""]",30,c25a0727a52bc85948dc
2,americanfootball_nfl,[2021],2022-01-08T03:30:00Z,"[""MOS_original_evening_slot_diagnostic""]",30,74290d6958b35d3fef09
2,americanfootball_nfl,[2021],2022-01-08T16:00:00Z,"[""daily_16UTC""]",30,36c15b6f941b6f25f46e
2,americanfootball_nfl,[2021],2022-01-08T21:25:00Z,"[""pregame_close_proxy""]",30,a11c3c869b1fbefe3f69
2,americanfootball_nfl,[2021],2022-01-09T01:10:00Z,"[""pregame_close_proxy""]",30,053cb4a24164800e7e2e
2,americanfootball_nfl,[2021],2022-01-09T03:30:00Z,"[""MOS_original_evening_slot_diagnostic""]",30,22f3ad14b8d40b59f037
2,americanfootball_nfl,[2021],2022-01-09T16:00:00Z,"[""daily_16UTC""]",30,d9c892676aca41b8f580
2,americanfootball_nfl,[2021],2022-01-09T17:55:00Z,"[""pregame_close_proxy""]",30,61eca3216f232c596b9b
2,americanfootball_nfl,[2021],2022-01-09T21:20:00Z,"[""pregame_close_proxy""]",30,3fb53d8ed48a4a69dc7b
2,americanfootball_nfl,[2021],2022-01-10T01:15:00Z,"[""pregame_close_proxy""]",30,0177cdd80dbf23547703
2,americanfootball_nfl,[2021],2022-01-10T16:00:00Z,"[""daily_16UTC""]",30,d6ff6505c0935f39b297
2,americanfootball_nfl,[2021],2022-01-11T16:00:00Z,"[""daily_16UTC""]",30,fced6ecb3ec81770c709
2,americanfootball_nfl,[2021],2022-01-12T16:00:00Z,"[""daily_16UTC""]",30,f81cca6f21e215e5c19c
2,americanfootball_nfl,[2021],2022-01-13T16:00:00Z,"[""daily_16UTC""]",30,cfc6e1d9e950ac3d2719
2,americanfootball_nfl,[2021],2022-01-14T16:00:00Z,"[""daily_16UTC""]",30,8bd25800b83f51b13df4
2,americanfootball_nfl,[2021],2022-01-15T03:30:00Z,"[""MOS_original_evening_slot_diagnostic""]",30,6b93b6f9f7488d1747d8
2,americanfootball_nfl,[2021],2022-01-15T16:00:00Z,"[""daily_16UTC""]",30,30d28fc06808025144dd
2,americanfootball_nfl,[2021],2022-01-15T21:25:00Z,"[""pregame_close_proxy""]",30,cf2d21dcd124b8fe0428
2,americanfootball_nfl,[2021],2022-01-16T01:10:00Z,"[""pregame_close_proxy""]",30,f24e93e94e08528395d0
2,americanfootball_nfl,[2021],2022-01-16T03:30:00Z,"[""MOS_original_evening_slot_diagnostic""]",30,188f1969710d93024909
2,americanfootball_nfl,[2021],2022-01-16T16:00:00Z,"[""daily_16UTC""]",30,583467dc2c9bacad2801
2,americanfootball_nfl,[2021],2022-01-16T17:55:00Z,"[""pregame_close_proxy""]",30,0b6ea33a5ecfbd2fbfeb
2,americanfootball_nfl,[2021],2022-01-16T21:25:00Z,"[""pregame_close_proxy""]",30,b8a29388fcf2e512b946
2,americanfootball_nfl,[2021],2022-01-17T01:10:00Z,"[""pregame_close_proxy""]",30,aea0d96ab140c2be9a70
2,americanfootball_nfl,[2021],2022-01-17T16:00:00Z,"[""daily_16UTC""]",30,3d17d35ef416fdccaa6a
2,americanfootball_nfl,[2021],2022-01-18T01:10:00Z,"[""pregame_close_proxy""]",30,7dbc7663f7cb5a479871
2,americanfootball_nfl,[2021],2022-01-18T16:00:00Z,"[""daily_16UTC""]",30,17b8dcfb162fb8664b20
2,americanfootball_nfl,[2021],2022-01-19T16:00:00Z,"[""daily_16UTC""]",30,14504615a74466d1cd43
2,americanfootball_nfl,[2021],2022-01-20T16:00:00Z,"[""daily_16UTC""]",30,4e230d2e1a077d99d339
2,americanfootball_nfl,[2021],2022-01-21T16:00:00Z,"[""daily_16UTC""]",30,4ea1d4fcf706114edf7d
2,americanfootball_nfl,[2021],2022-01-22T03:30:00Z,"[""MOS_original_evening_slot_diagnostic""]",30,1a45a4dba42314e7967a
2,americanfootball_nfl,[2021],2022-01-22T16:00:00Z,"[""daily_16UTC""]",30,994073fe60b17b7ec6cb
2,americanfootball_nfl,[2021],2022-01-22T21:25:00Z,"[""pregame_close_proxy""]",30,69871c2c9f5189e2cdb1
2,americanfootball_nfl,[2021],2022-01-23T01:10:00Z,"[""pregame_close_proxy""]",30,a3e10022ff06c3629c0a
2,americanfootball_nfl,[2021],2022-01-23T03:30:00Z,"[""MOS_original_evening_slot_diagnostic""]",30,42016be6152965d866b4
2,americanfootball_nfl,[2021],2022-01-23T16:00:00Z,"[""daily_16UTC""]",30,dab33adf25340342c1b0
2,americanfootball_nfl,[2021],2022-01-23T19:55:00Z,"[""pregame_close_proxy""]",30,144c8a9080855ccfacc9
2,americanfootball_nfl,[2021],2022-01-23T23:25:00Z,"[""pregame_close_proxy""]",30,5b62e1594cd4a02e6add
2,americanfootball_nfl,[2021],2022-01-24T16:00:00Z,"[""daily_16UTC""]",30,1274c75ee8c8f68d26d6
2,americanfootball_nfl,[2021],2022-01-25T16:00:00Z,"[""daily_16UTC""]",30,887a8a40383f62a63070
2,americanfootball_nfl,[2021],2022-01-26T16:00:00Z,"[""daily_16UTC""]",30,7b378deae1c7466a1cf5
2,americanfootball_nfl,[2021],2022-01-27T16:00:00Z,"[""daily_16UTC""]",30,ec65619877f9ec2d5038
2,americanfootball_nfl,[2021],2022-01-28T16:00:00Z,"[""daily_16UTC""]",30,750b717c84b972c3d21a
2,americanfootball_nfl,[2021],2022-01-29T16:00:00Z,"[""daily_16UTC""]",30,0c19d3ef29b3f357f298
2,americanfootball_nfl,[2021],2022-01-30T03:30:00Z,"[""MOS_original_evening_slot_diagnostic""]",30,14b307b049c23c6b55dc
2,americanfootball_nfl,[2021],2022-01-30T16:00:00Z,"[""daily_16UTC""]",30,ce12fafe9a92dbdfe375
2,americanfootball_nfl,[2021],2022-01-30T19:55:00Z,"[""pregame_close_proxy""]",30,d989605bc0b4a9d68fee
2,americanfootball_nfl,[2021],2022-01-30T23:25:00Z,"[""pregame_close_proxy""]",30,b8535b9c229caec973c9
2,americanfootball_nfl,[2021],2022-02-07T16:00:00Z,"[""daily_16UTC""]",30,606c4f7e564e2fed0ab6
2,americanfootball_nfl,[2021],2022-02-08T16:00:00Z,"[""daily_16UTC""]",30,12a801f172c739a58681
2,americanfootball_nfl,[2021],2022-02-09T16:00:00Z,"[""daily_16UTC""]",30,561edd6a3a9c6cbfd78e
2,americanfootball_nfl,[2021],2022-02-10T16:00:00Z,"[""daily_16UTC""]",30,69e09383cef8e68fe428
2,americanfootball_nfl,[2021],2022-02-11T16:00:00Z,"[""daily_16UTC""]",30,5881e4885c971c37b413
2,americanfootball_nfl,[2021],2022-02-12T16:00:00Z,"[""daily_16UTC""]",30,4c6b5249e9c2de06a958
2,americanfootball_nfl,[2021],2022-02-13T16:00:00Z,"[""daily_16UTC""]",30,c36697a70bf4806544ab
2,americanfootball_nfl,[2021],2022-02-13T23:25:00Z,"[""pregame_close_proxy""]",30,4fdfa3cb49569454d269
2,americanfootball_ncaaf,[2022],2022-08-20T16:00:00Z,"[""daily_16UTC""]",30,e8e2337ae399a0e86562
2,americanfootball_ncaaf,[2022],2022-08-21T16:00:00Z,"[""daily_16UTC""]",30,eb595f2d696c648054f5
2,americanfootball_ncaaf,[2022],2022-08-22T16:00:00Z,"[""daily_16UTC""]",30,da8e3e6f28fc8fae489a
2,americanfootball_ncaaf,[2022],2022-08-23T16:00:00Z,"[""daily_16UTC""]",30,4078364dc3c094897397
2,americanfootball_ncaaf,[2022],2022-08-24T16:00:00Z,"[""daily_16UTC""]",30,dce5f0a4e0c48cc9e9d0
2,americanfootball_ncaaf,[2022],2022-08-25T16:00:00Z,"[""daily_16UTC""]",30,fe102837038442f24cf3
2,americanfootball_ncaaf,[2022],2022-08-26T16:00:00Z,"[""daily_16UTC""]",30,c8857645f381fa3e28c4
2,americanfootball_ncaaf,[2022],2022-08-27T02:30:00Z,"[""MOS_original_evening_slot_diagnostic""]",30,a8dc81718e237253450c
2,americanfootball_ncaaf,[2022],2022-08-27T15:55:00Z,"[""pregame_close_proxy""]",30,78d6dfbd6e0ba5460dc1
2,americanfootball_ncaaf,[2022],2022-08-27T16:00:00Z,"[""daily_16UTC""]",30,951a7b7febd7ee14e81f
2,americanfootball_ncaaf,[2022],2022-08-27T16:25:00Z,"[""pregame_close_proxy""]",30,1b5df617af33fed8537a
2,americanfootball_ncaaf,[2022],2022-08-27T19:25:00Z,"[""pregame_close_proxy""]",30,8de57e950db1c21984de
2,americanfootball_ncaaf,[2022],2022-08-27T19:55:00Z,"[""pregame_close_proxy""]",30,8fa9fdf57b521c6d3c71
2,americanfootball_ncaaf,[2022],2022-08-27T22:55:00Z,"[""pregame_close_proxy""]",30,b66d7647a0ba1687bc8c
2,americanfootball_ncaaf,[2022],2022-08-28T00:10:00Z,"[""pregame_close_proxy""]",30,715d37c3eb7b2e58fd8e
2,americanfootball_ncaaf,[2022],2022-08-28T00:55:00Z,"[""pregame_close_proxy""]",30,749dfb164939bbceafd3
2,americanfootball_ncaaf,[2022],2022-08-28T01:55:00Z,"[""pregame_close_proxy""]",30,0d28fe4a9bd19ca98e82
2,americanfootball_ncaaf,[2022],2022-08-28T02:25:00Z,"[""pregame_close_proxy""]",30,cc118bc3f96da087fbc1
2,americanfootball_ncaaf,[2022],2022-08-28T16:00:00Z,"[""daily_16UTC""]",30,06cb7aed3b1f06cda7b2
2,americanfootball_ncaaf,[2022],2022-08-29T16:00:00Z,"[""daily_16UTC""]",30,38170bb53706619aed61
2,americanfootball_ncaaf,[2022],2022-08-30T16:00:00Z,"[""daily_16UTC""]",30,1b6bdb3289e1ae0bdc9f
2,americanfootball_ncaaf,[2022],2022-08-31T16:00:00Z,"[""daily_16UTC""]",30,ba0470ff2d3e9725473e
2,americanfootball_ncaaf,[2022],2022-09-01T02:30:00Z,"[""MOS_original_evening_slot_diagnostic""]",30,ef5e353cef095ffd8a1c
2,americanfootball_ncaaf,[2022],2022-09-01T16:00:00Z,"[""daily_16UTC""]",30,d58e5e4294a6a59dcb43
2,americanfootball_ncaaf,[2022],2022-09-01T22:55:00Z,"[""pregame_close_proxy""]",30,19c68363474b6f55d6c7
2,americanfootball_ncaaf,[2022],2022-09-01T23:25:00Z,"[""pregame_close_proxy""]",30,449352ae2d07554c85ad
2,americanfootball_ncaaf,[2022],2022-09-01T23:55:00Z,"[""pregame_close_proxy""]",30,84dafc4931f9bb8cbe9e
2,americanfootball_ncaaf,[2022],2022-09-02T00:55:00Z,"[""pregame_close_proxy""]",30,c46bc86a63ad140f44b8
2,americanfootball_ncaaf,[2022],2022-09-02T01:55:00Z,"[""pregame_close_proxy""]",30,caf15945d5231c54c66b
2,americanfootball_ncaaf,[2022],2022-09-02T02:30:00Z,"[""MOS_original_evening_slot_diagnostic""]",30,73204d8f389e0f4a30ae
2,americanfootball_ncaaf,[2022],2022-09-02T16:00:00Z,"[""daily_16UTC""]",30,2ca22491e8a00689ed9e
2,americanfootball_nfl,[2022],2022-09-02T16:00:00Z,"[""daily_16UTC""]",30,b82f11f74ca79fc705b7
2,americanfootball_ncaaf,[2022],2022-09-02T22:55:00Z,"[""pregame_close_proxy""]",30,55488f6efafdf78a670e
2,americanfootball_ncaaf,[2022],2022-09-02T23:25:00Z,"[""pregame_close_proxy""]",30,481bc1869ae64c9d07ea
2,americanfootball_ncaaf,[2022],2022-09-02T23:55:00Z,"[""pregame_close_proxy""]",30,2f736398a8b942fda136
2,americanfootball_ncaaf,[2022],2022-09-03T01:55:00Z,"[""pregame_close_proxy""]",30,4765be53af759aec7944
2,americanfootball_ncaaf,[2022],2022-09-03T02:30:00Z,"[""MOS_original_evening_slot_diagnostic""]",30,403506d65cbcdf6c6ead
2,americanfootball_ncaaf,[2022],2022-09-03T15:55:00Z,"[""pregame_close_proxy""]",30,672603538f782f3393a0
2,americanfootball_ncaaf,[2022],2022-09-03T16:00:00Z,"[""daily_16UTC""]",30,4a1bbd81553932a97aeb
2,americanfootball_nfl,[2022],2022-09-03T16:00:00Z,"[""daily_16UTC""]",30,a28da1813cc69a9d65a7
2,americanfootball_ncaaf,[2022],2022-09-03T16:25:00Z,"[""pregame_close_proxy""]",30,a23661c55389903bcd84
2,americanfootball_ncaaf,[2022],2022-09-03T16:55:00Z,"[""pregame_close_proxy""]",30,3554bba2cc47d4f4c0b0
2,americanfootball_ncaaf,[2022],2022-09-03T17:55:00Z,"[""pregame_close_proxy""]",30,766b371a93478b1d4f67
2,americanfootball_ncaaf,[2022],2022-09-03T18:25:00Z,"[""pregame_close_proxy""]",30,59e3d0d8a6786f9e6691
2,americanfootball_ncaaf,[2022],2022-09-03T19:25:00Z,"[""pregame_close_proxy""]",30,265897a8d6d62d653612
2,americanfootball_ncaaf,[2022],2022-09-03T19:55:00Z,"[""pregame_close_proxy""]",30,3baa41e4ff18fb491284
2,americanfootball_ncaaf,[2022],2022-09-03T20:55:00Z,"[""pregame_close_proxy""]",30,6dff3f52fb7c3f8999be
2,americanfootball_ncaaf,[2022],2022-09-03T21:25:00Z,"[""pregame_close_proxy""]",30,bf67e33bdd10053bc288
2,americanfootball_ncaaf,[2022],2022-09-03T21:55:00Z,"[""pregame_close_proxy""]",30,2835f6f3dc465d9670d1
2,americanfootball_ncaaf,[2022],2022-09-03T22:55:00Z,"[""pregame_close_proxy""]",30,b7ce144d67e6b8a9b4db
2,americanfootball_ncaaf,[2022],2022-09-03T23:25:00Z,"[""pregame_close_proxy""]",30,aa2e0d3585bac54b2915
2,americanfootball_ncaaf,[2022],2022-09-03T23:55:00Z,"[""pregame_close_proxy""]",30,d3d71546112b0f764d22
2,americanfootball_ncaaf,[2022],2022-09-04T01:25:00Z,"[""pregame_close_proxy""]",30,e240323d038e3527b46a
2,americanfootball_ncaaf,[2022],2022-09-04T02:25:00Z,"[""pregame_close_proxy""]",30,d0affe008eb17ed033b7
2,americanfootball_ncaaf,[2022],2022-09-04T03:55:00Z,"[""pregame_close_proxy""]",30,6d139bd3a286f89bbc6d
2,americanfootball_ncaaf,[2022],2022-09-04T16:00:00Z,"[""daily_16UTC""]",30,efa0d9ccbaef877bc83b
2,americanfootball_nfl,[2022],2022-09-04T16:00:00Z,"[""daily_16UTC""]",30,9c208675fb4b289b9fb6
2,americanfootball_ncaaf,[2022],2022-09-04T23:25:00Z,"[""pregame_close_proxy""]",30,f0fd8193d566ea698c86
2,americanfootball_ncaaf,[2022],2022-09-05T16:00:00Z,"[""daily_16UTC""]",30,4e8c4396e100d600ac19
2,americanfootball_nfl,[2022],2022-09-05T16:00:00Z,"[""daily_16UTC""]",30,e68d475e20bc7a9a10f5
2,americanfootball_ncaaf,[2022],2022-09-05T23:55:00Z,"[""pregame_close_proxy""]",30,47fea0176d233356cf2d
2,americanfootball_ncaaf,[2022],2022-09-06T16:00:00Z,"[""daily_16UTC""]",30,04de2f904dd815826fd8
2,americanfootball_nfl,[2022],2022-09-06T16:00:00Z,"[""daily_16UTC""]",30,08aa37464c28f0148afa
2,americanfootball_ncaaf,[2022],2022-09-07T16:00:00Z,"[""daily_16UTC""]",30,afe918207e624e2a891c
2,americanfootball_nfl,[2022],2022-09-07T16:00:00Z,"[""daily_16UTC""]",30,17a7d772ea20b7eb98b1
2,americanfootball_ncaaf,[2022],2022-09-08T16:00:00Z,"[""daily_16UTC""]",30,fdbd2bf2bdbb0f8d7f71
2,americanfootball_nfl,[2022],2022-09-08T16:00:00Z,"[""daily_16UTC""]",30,81261d5fa31de64de4d5
2,americanfootball_nfl,[2022],2022-09-09T00:15:00Z,"[""pregame_close_proxy""]",30,09d90235906fb0064f0b
2,americanfootball_ncaaf,[2022],2022-09-09T02:30:00Z,"[""MOS_original_evening_slot_diagnostic""]",30,eb9ee9a8c831e8237511
2,americanfootball_ncaaf,[2022],2022-09-09T16:00:00Z,"[""daily_16UTC""]",30,f5c8386cb9b38ee7de55
2,americanfootball_nfl,[2022],2022-09-09T16:00:00Z,"[""daily_16UTC""]",30,efed6d289b19fe70f649
2,americanfootball_ncaaf,[2022],2022-09-09T23:25:00Z,"[""pregame_close_proxy""]",30,31536b1cfe08b1575c6e
2,americanfootball_ncaaf,[2022],2022-09-10T00:55:00Z,"[""pregame_close_proxy""]",30,2e7c25f2daaca3a8ea82
2,americanfootball_ncaaf,[2022],2022-09-10T02:30:00Z,"[""MOS_original_evening_slot_diagnostic""]",30,954a5e982db019feb8e1
2,americanfootball_ncaaf,[2022],2022-09-10T15:55:00Z,"[""pregame_close_proxy""]",30,e5420125420d00f8cfd2
2,americanfootball_ncaaf,[2022],2022-09-10T16:00:00Z,"[""daily_16UTC""]",30,633a2a6793e435a142a3
2,americanfootball_nfl,[2022],2022-09-10T16:00:00Z,"[""daily_16UTC""]",30,f534cd9d28205d19310c
2,americanfootball_ncaaf,[2022],2022-09-10T16:55:00Z,"[""pregame_close_proxy""]",30,b8ea5a662ad1cd8d7b7e
2,americanfootball_ncaaf,[2022],2022-09-10T17:55:00Z,"[""pregame_close_proxy""]",30,26c050e9b85cf163cfb9
2,americanfootball_ncaaf,[2022],2022-09-10T18:25:00Z,"[""pregame_close_proxy""]",30,6d88703d9141abc30ca9
2,americanfootball_ncaaf,[2022],2022-09-10T19:25:00Z,"[""pregame_close_proxy""]",30,a08c7b7560cb96b88315
2,americanfootball_ncaaf,[2022],2022-09-10T19:55:00Z,"[""pregame_close_proxy""]",30,4aa53427bf46d678099f
2,americanfootball_ncaaf,[2022],2022-09-10T21:55:00Z,"[""pregame_close_proxy""]",30,ad2caa768683393e7db9
2,americanfootball_ncaaf,[2022],2022-09-10T22:55:00Z,"[""pregame_close_proxy""]",30,1263ca0c7262287fe456
2,americanfootball_ncaaf,[2022],2022-09-10T23:25:00Z,"[""pregame_close_proxy""]",30,e9c022e4c52929d869e3
2,americanfootball_ncaaf,[2022],2022-09-10T23:55:00Z,"[""pregame_close_proxy""]",30,ed749f447cad9ceaf1a3
2,americanfootball_ncaaf,[2022],2022-09-11T00:55:00Z,"[""pregame_close_proxy""]",30,6f82f2c1153e9477e3a1
2,americanfootball_ncaaf,[2022],2022-09-11T02:10:00Z,"[""pregame_close_proxy""]",30,9092727bf9efa970c963
2,americanfootball_ncaaf,[2022],2022-09-11T02:25:00Z,"[""pregame_close_proxy""]",30,c4887b14e823c20aa60f
2,americanfootball_nfl,[2022],2022-09-11T02:30:00Z,"[""MOS_original_evening_slot_diagnostic""]",30,7466e17e881f771ce761
2,americanfootball_ncaaf,[2022],2022-09-11T02:55:00Z,"[""pregame_close_proxy""]",30,82387442f40247afedf2
2,americanfootball_ncaaf,[2022],2022-09-11T16:00:00Z,"[""daily_16UTC""]",30,112bdae5f68c8c6865ee
2,americanfootball_nfl,[2022],2022-09-11T16:00:00Z,"[""daily_16UTC""]",30,4f59372dd39ef0b8df0b
2,americanfootball_nfl,[2022],2022-09-11T16:55:00Z,"[""pregame_close_proxy""]",30,395544b1466b669a5df3
2,americanfootball_nfl,[2022],2022-09-11T20:20:00Z,"[""pregame_close_proxy""]",30,8d3e5eab3c30e82966ed
2,americanfootball_nfl,[2022],2022-09-12T00:15:00Z,"[""pregame_close_proxy""]",30,82ff4be10af9edeecc17
2,americanfootball_nfl,[2022],2022-09-12T02:30:00Z,"[""MOS_original_evening_slot_diagnostic""]",30,a199675546f103a348cc
2,americanfootball_ncaaf,[2022],2022-09-12T16:00:00Z,"[""daily_16UTC""]",30,fcf15991c6bfc4293ca4
2,americanfootball_nfl,[2022],2022-09-12T16:00:00Z,"[""daily_16UTC""]",30,ed9d005298978658e60b
2,americanfootball_nfl,[2022],2022-09-13T00:10:00Z,"[""pregame_close_proxy""]",30,a1956932bf4a3ea4034e
2,americanfootball_ncaaf,[2022],2022-09-13T16:00:00Z,"[""daily_16UTC""]",30,14b416c6c32a6b873ff2
2,americanfootball_nfl,[2022],2022-09-13T16:00:00Z,"[""daily_16UTC""]",30,cefc1b4a6aef556492ac
2,americanfootball_ncaaf,[2022],2022-09-14T16:00:00Z,"[""daily_16UTC""]",30,151ea268b7264e3e2787
2,americanfootball_nfl,[2022],2022-09-14T16:00:00Z,"[""daily_16UTC""]",30,8268a1b8d939ee2e63a1
2,americanfootball_nfl,[2022],2022-09-15T02:30:00Z,"[""MOS_original_evening_slot_diagnostic""]",30,7fe18afb12a53f2d0ea4
2,americanfootball_ncaaf,[2022],2022-09-15T16:00:00Z,"[""daily_16UTC""]",30,21f5ea11394aff64479a
2,americanfootball_nfl,[2022],2022-09-15T16:00:00Z,"[""daily_16UTC""]",30,a31b1a1236578c2db821
2,americanfootball_nfl,[2022],2022-09-16T00:10:00Z,"[""pregame_close_proxy""]",30,0c683eb9cec8d775b311
2,americanfootball_ncaaf,[2022],2022-09-16T02:30:00Z,"[""MOS_original_evening_slot_diagnostic""]",30,a4cf0361481876545b67
2,americanfootball_ncaaf,[2022],2022-09-16T16:00:00Z,"[""daily_16UTC""]",30,1e9eecd69b35d9e4e5f5
2,americanfootball_nfl,[2022],2022-09-16T16:00:00Z,"[""daily_16UTC""]",30,4fee687927e6dc2b284a
2,americanfootball_ncaaf,[2022],2022-09-16T23:25:00Z,"[""pregame_close_proxy""]",30,55ea6bdfb309c7a3aae8
2,americanfootball_ncaaf,[2022],2022-09-16T23:55:00Z,"[""pregame_close_proxy""]",30,13bec6d9b6f7b0f68f0a
2,americanfootball_ncaaf,[2022],2022-09-17T02:30:00Z,"[""MOS_original_evening_slot_diagnostic""]",30,cdf919651be68a4816b4
2,americanfootball_ncaaf,[2022],2022-09-17T15:55:00Z,"[""pregame_close_proxy""]",30,bb671e54b5e3fc508728
2,americanfootball_ncaaf,[2022],2022-09-17T16:00:00Z,"[""daily_16UTC""]",30,4d8ce0ba687e1bbd8ba3
2,americanfootball_nfl,[2022],2022-09-17T16:00:00Z,"[""daily_16UTC""]",30,53f4361995fbea7f8a00
2,americanfootball_ncaaf,[2022],2022-09-17T16:55:00Z,"[""pregame_close_proxy""]",30,d29aba8aaf702d8f7e80
2,americanfootball_ncaaf,[2022],2022-09-17T17:55:00Z,"[""pregame_close_proxy""]",30,b7774316b0e84dedc24a
2,americanfootball_ncaaf,[2022],2022-09-17T18:25:00Z,"[""pregame_close_proxy""]",30,04bac77f02168df662ed
2,americanfootball_ncaaf,[2022],2022-09-17T18:55:00Z,"[""pregame_close_proxy""]",30,df63027185ceaffd96e0
2,americanfootball_ncaaf,[2022],2022-09-17T19:25:00Z,"[""pregame_close_proxy""]",30,bec62f4a315fbc4c4b6b
2,americanfootball_ncaaf,[2022],2022-09-17T19:55:00Z,"[""pregame_close_proxy""]",30,e6e888b5baf980887485
2,americanfootball_ncaaf,[2022],2022-09-17T20:55:00Z,"[""pregame_close_proxy""]",30,0381661dd17277b49d89
2,americanfootball_ncaaf,[2022],2022-09-17T21:55:00Z,"[""pregame_close_proxy""]",30,2d22512a56c8d6b7280b
2,americanfootball_ncaaf,[2022],2022-09-17T22:55:00Z,"[""pregame_close_proxy""]",30,dec371b3318f4ab29b2a
2,americanfootball_ncaaf,[2022],2022-09-17T23:25:00Z,"[""pregame_close_proxy""]",30,7063fd10bb8544178106
2,americanfootball_ncaaf,[2022],2022-09-17T23:55:00Z,"[""pregame_close_proxy""]",30,99faee4466d1493cc0e9
2,americanfootball_ncaaf,[2022],2022-09-18T00:55:00Z,"[""pregame_close_proxy""]",30,efc80b331a433649042b
2,americanfootball_ncaaf,[2022],2022-09-18T01:55:00Z,"[""pregame_close_proxy""]",30,9db1e9dac11c4e77dbe1
2,americanfootball_ncaaf,[2022],2022-09-18T02:25:00Z,"[""pregame_close_proxy""]",30,7a0f7b179967c96e05ea
2,americanfootball_nfl,[2022],2022-09-18T02:30:00Z,"[""MOS_original_evening_slot_diagnostic""]",30,c6f36b65a5852cefe878
2,americanfootball_ncaaf,[2022],2022-09-18T02:55:00Z,"[""pregame_close_proxy""]",30,3e38210eab2761f8b56a
2,americanfootball_ncaaf,[2022],2022-09-18T16:00:00Z,"[""daily_16UTC""]",30,67f6004afd6d287c5c88
2,americanfootball_nfl,[2022],2022-09-18T16:00:00Z,"[""daily_16UTC""]",30,2dda0b027bf074c192eb
2,americanfootball_nfl,[2022],2022-09-18T16:55:00Z,"[""pregame_close_proxy""]",30,214d148b838d9eb3cbfd
2,americanfootball_nfl,[2022],2022-09-18T20:00:00Z,"[""pregame_close_proxy""]",30,c77c12d283f66bb06f46
2,americanfootball_nfl,[2022],2022-09-18T20:20:00Z,"[""pregame_close_proxy""]",30,d4979ec963b66a7a94d6
2,americanfootball_nfl,[2022],2022-09-19T00:15:00Z,"[""pregame_close_proxy""]",30,2c3101c84216ddcbd053
2,americanfootball_nfl,[2022],2022-09-19T02:30:00Z,"[""MOS_original_evening_slot_diagnostic""]",30,222854dce6c0f47761f5
2,americanfootball_ncaaf,[2022],2022-09-19T16:00:00Z,"[""daily_16UTC""]",30,70a9451233a5d0d86fc9
2,americanfootball_nfl,[2022],2022-09-19T16:00:00Z,"[""daily_16UTC""]",30,33cbe3d86d8e619fa205
2,americanfootball_nfl,[2022],2022-09-19T23:10:00Z,"[""pregame_close_proxy""]",30,50cd619d01c528fa48fc
2,americanfootball_nfl,[2022],2022-09-20T00:25:00Z,"[""pregame_close_proxy""]",30,c7dd7aa0c481f3506aa8
2,americanfootball_ncaaf,[2022],2022-09-20T16:00:00Z,"[""daily_16UTC""]",30,d8d0d8f332cf50a9e2a7
2,americanfootball_nfl,[2022],2022-09-20T16:00:00Z,"[""daily_16UTC""]",30,bb8449b5f512df3b5e27
2,americanfootball_ncaaf,[2022],2022-09-21T16:00:00Z,"[""daily_16UTC""]",30,a18d6067e0d6f84926f9
2,americanfootball_nfl,[2022],2022-09-21T16:00:00Z,"[""daily_16UTC""]",30,90f18f49ba250d3ecd14
2,americanfootball_ncaaf,[2022],2022-09-22T02:30:00Z,"[""MOS_original_evening_slot_diagnostic""]",30,2168d9445b6beba3f8e8
2,americanfootball_nfl,[2022],2022-09-22T02:30:00Z,"[""MOS_original_evening_slot_diagnostic""]",30,e7128f2e6b28ff0125d8
2,americanfootball_ncaaf,[2022],2022-09-22T16:00:00Z,"[""daily_16UTC""]",30,76f5637c1b05dd939094
2,americanfootball_nfl,[2022],2022-09-22T16:00:00Z,"[""daily_16UTC""]",30,6e12c0eca5ead822f237
2,americanfootball_ncaaf,[2022],2022-09-22T23:25:00Z,"[""pregame_close_proxy""]",30,1c1913ac4fc76335edee
2,americanfootball_nfl,[2022],2022-09-23T00:10:00Z,"[""pregame_close_proxy""]",30,3ee056280abccfd67b9e
2,americanfootball_ncaaf,[2022],2022-09-23T02:30:00Z,"[""MOS_original_evening_slot_diagnostic""]",30,863fbdfbdce824704142
2,americanfootball_ncaaf,[2022],2022-09-23T16:00:00Z,"[""daily_16UTC""]",30,b391b714dcb8b4e049cd
2,americanfootball_nfl,[2022],2022-09-23T16:00:00Z,"[""daily_16UTC""]",30,1eed930baea8ca183ec7
2,americanfootball_ncaaf,[2022],2022-09-23T22:55:00Z,"[""pregame_close_proxy""]",30,265a15dbba7553b5e601
2,americanfootball_ncaaf,[2022],2022-09-23T23:55:00Z,"[""pregame_close_proxy""]",30,9b1261b8370ce9da4e86
2,americanfootball_ncaaf,[2022],2022-09-24T00:55:00Z,"[""pregame_close_proxy""]",30,833457c98aa869bc033f
2,americanfootball_ncaaf,[2022],2022-09-24T02:30:00Z,"[""MOS_original_evening_slot_diagnostic""]",30,018019b67492ee4d109b
2,americanfootball_ncaaf,[2022],2022-09-24T15:55:00Z,"[""pregame_close_proxy""]",30,833a79fb91cf0457e356
2,americanfootball_ncaaf,[2022],2022-09-24T16:00:00Z,"[""daily_16UTC""]",30,e5f2b3f3c23264bd89cf
2,americanfootball_nfl,[2022],2022-09-24T16:00:00Z,"[""daily_16UTC""]",30,c136dbb5e5ecf23142f2
2,americanfootball_ncaaf,[2022],2022-09-24T17:55:00Z,"[""pregame_close_proxy""]",30,a77f3001ca95183fe661
2,americanfootball_ncaaf,[2022],2022-09-24T19:25:00Z,"[""pregame_close_proxy""]",30,a9d7defe12b6bee0cb53
2,americanfootball_ncaaf,[2022],2022-09-24T19:55:00Z,"[""pregame_close_proxy""]",30,a0aadfe1a3c59ca129f3
2,americanfootball_ncaaf,[2022],2022-09-24T21:25:00Z,"[""pregame_close_proxy""]",30,d47c82a8611ce16557f6
2,americanfootball_ncaaf,[2022],2022-09-24T21:55:00Z,"[""pregame_close_proxy""]",30,86ebf335ad5ee5564a56
2,americanfootball_ncaaf,[2022],2022-09-24T22:55:00Z,"[""pregame_close_proxy""]",30,16b34376abee804348aa
2,americanfootball_ncaaf,[2022],2022-09-24T23:25:00Z,"[""pregame_close_proxy""]",30,50fb5f44fe04ee37fd90
2,americanfootball_ncaaf,[2022],2022-09-24T23:55:00Z,"[""pregame_close_proxy""]",30,685bc7aedf8708616bb8
2,americanfootball_ncaaf,[2022],2022-09-25T01:25:00Z,"[""pregame_close_proxy""]",30,7ed0911e81adccdcd923
2,americanfootball_ncaaf,[2022],2022-09-25T02:10:00Z,"[""pregame_close_proxy""]",30,ac032f1201e54f9a7751
2,americanfootball_ncaaf,[2022],2022-09-25T02:25:00Z,"[""pregame_close_proxy""]",30,de805f193e03950ae0f1
2,americanfootball_nfl,[2022],2022-09-25T02:30:00Z,"[""MOS_original_evening_slot_diagnostic""]",30,e80a9cc97f5ad06be242
2,americanfootball_ncaaf,[2022],2022-09-25T16:00:00Z,"[""daily_16UTC""]",30,50813c5ee252e2a99a17
2,americanfootball_nfl,[2022],2022-09-25T16:00:00Z,"[""daily_16UTC""]",30,6540f9e505bad875934e
2,americanfootball_nfl,[2022],2022-09-25T16:55:00Z,"[""pregame_close_proxy""]",30,512e03220fecb2f1ee8d
2,americanfootball_nfl,[2022],2022-09-25T20:00:00Z,"[""pregame_close_proxy""]",30,8910d7b9b80ea8031946
2,americanfootball_nfl,[2022],2022-09-25T20:20:00Z,"[""pregame_close_proxy""]",30,07d663a2a7cf47fb0481
2,americanfootball_nfl,[2022],2022-09-26T00:15:00Z,"[""pregame_close_proxy""]",30,9271a044801b44ce997e
2,americanfootball_nfl,[2022],2022-09-26T02:30:00Z,"[""MOS_original_evening_slot_diagnostic""]",30,3295f190576d2fe47f7c
2,americanfootball_ncaaf,[2022],2022-09-26T16:00:00Z,"[""daily_16UTC""]",30,ec9233a31682f99f46c2
2,americanfootball_nfl,[2022],2022-09-26T16:00:00Z,"[""daily_16UTC""]",30,be7953f950cd570a1c38
2,americanfootball_nfl,[2022],2022-09-27T00:10:00Z,"[""pregame_close_proxy""]",30,21946040869c0ec19004
2,americanfootball_ncaaf,[2022],2022-09-27T16:00:00Z,"[""daily_16UTC""]",30,c0613544a950af84bf85
2,americanfootball_nfl,[2022],2022-09-27T16:00:00Z,"[""daily_16UTC""]",30,a8bdae3417333b0b3090
2,americanfootball_ncaaf,[2022],2022-09-28T16:00:00Z,"[""daily_16UTC""]",30,290e0ef9597484217c4d
2,americanfootball_nfl,[2022],2022-09-28T16:00:00Z,"[""daily_16UTC""]",30,1768ccff54033b67c200
2,americanfootball_ncaaf,[2022],2022-09-29T02:30:00Z,"[""MOS_original_evening_slot_diagnostic""]",30,59b1db828dc736aec338
2,americanfootball_nfl,[2022],2022-09-29T02:30:00Z,"[""MOS_original_evening_slot_diagnostic""]",30,308049c4f8a636c33211
2,americanfootball_ncaaf,[2022],2022-09-29T16:00:00Z,"[""daily_16UTC""]",30,282f2d7b8afac81d92dc
2,americanfootball_nfl,[2022],2022-09-29T16:00:00Z,"[""daily_16UTC""]",30,00ab5c29ee58af3d9739
2,americanfootball_ncaaf,[2022],2022-09-29T22:55:00Z,"[""pregame_close_proxy""]",30,907af4111e46e5478ac4
2,americanfootball_ncaaf,[2022],2022-09-29T23:55:00Z,"[""pregame_close_proxy""]",30,21741a3c3f72ee952024
2,americanfootball_nfl,[2022],2022-09-30T00:10:00Z,"[""pregame_close_proxy""]",30,dfe9a10bed02e97d0fcf
2,americanfootball_ncaaf,[2022],2022-09-30T02:30:00Z,"[""MOS_original_evening_slot_diagnostic""]",30,5b3f79d321df453e4b07
2,americanfootball_ncaaf,[2022],2022-09-30T16:00:00Z,"[""daily_16UTC""]",30,351b0c18a0f2c126116a
2,americanfootball_nfl,[2022],2022-09-30T16:00:00Z,"[""daily_16UTC""]",30,aad96455967d4b7c64d3
2,americanfootball_ncaaf,[2022],2022-09-30T22:55:00Z,"[""pregame_close_proxy""]",30,00b258c8bdcad4d59b66
2,americanfootball_ncaaf,[2022],2022-09-30T23:25:00Z,"[""pregame_close_proxy""]",30,88dd9f162c8ff762d874
2,americanfootball_ncaaf,[2022],2022-09-30T23:55:00Z,"[""pregame_close_proxy""]",30,93af301f0022c665de0f
2,americanfootball_ncaaf,[2022],2022-10-01T02:25:00Z,"[""pregame_close_proxy""]",30,9699b0f7d5ed43f8ed6c
2,americanfootball_ncaaf,[2022],2022-10-01T02:30:00Z,"[""MOS_original_evening_slot_diagnostic""]",0,621e745d618365dc3d0a
2,americanfootball_ncaaf,[2022],2022-10-01T02:55:00Z,"[""pregame_close_proxy""]",30,467186c9262a439d15e2
2,americanfootball_ncaaf,[2022],2022-10-01T15:55:00Z,"[""pregame_close_proxy""]",30,ff0d2616bac371b6df3e
2,americanfootball_ncaaf,[2022],2022-10-01T16:00:00Z,"[""daily_16UTC""]",0,75e526cb80d0bc530594
2,americanfootball_nfl,[2022],2022-10-01T16:00:00Z,"[""daily_16UTC""]",30,15490b7a5f1287360064
2,americanfootball_ncaaf,[2022],2022-10-01T17:25:00Z,"[""pregame_close_proxy""]",30,1127e91ced4e159bb648
2,americanfootball_ncaaf,[2022],2022-10-01T17:55:00Z,"[""pregame_close_proxy""]",30,5b79938bd7a7efa0caf0
2,americanfootball_ncaaf,[2022],2022-10-01T18:25:00Z,"[""pregame_close_proxy""]",30,e4c06c1e8cf7cf4a05b0
2,americanfootball_ncaaf,[2022],2022-10-01T19:25:00Z,"[""pregame_close_proxy""]",30,392fa387cc8d383ae95e
2,americanfootball_ncaaf,[2022],2022-10-01T19:55:00Z,"[""pregame_close_proxy""]",30,857f5dde08841dbad80d
2,americanfootball_ncaaf,[2022],2022-10-01T20:55:00Z,"[""pregame_close_proxy""]",30,13a5ea20e2cf8a5eaa92
2,americanfootball_ncaaf,[2022],2022-10-01T21:25:00Z,"[""pregame_close_proxy""]",30,630e8477ea29022e0353
2,americanfootball_ncaaf,[2022],2022-10-01T21:55:00Z,"[""pregame_close_proxy""]",30,c1d110a095686e1b9d77
2,americanfootball_ncaaf,[2022],2022-10-01T22:55:00Z,"[""pregame_close_proxy""]",30,696606c935c5611ae3df
2,americanfootball_ncaaf,[2022],2022-10-01T23:25:00Z,"[""pregame_close_proxy""]",30,63be6d0b1299e73730fe
2,americanfootball_ncaaf,[2022],2022-10-01T23:55:00Z,"[""pregame_close_proxy""]",30,b13e560d791c59c2ac43
2,americanfootball_ncaaf,[2022],2022-10-02T01:25:00Z,"[""pregame_close_proxy""]",30,d5caae44ad2a246760d8
2,americanfootball_ncaaf,[2022],2022-10-02T02:25:00Z,"[""pregame_close_proxy""]",30,16ade24419838db0855e
2,americanfootball_ncaaf,[2022],2022-10-02T02:30:00Z,"[""MOS_original_evening_slot_diagnostic""]",30,7c52a3d29f3b63e62197
2,americanfootball_nfl,[2022],2022-10-02T02:30:00Z,"[""MOS_original_evening_slot_diagnostic""]",0,4781fee186f4b0aa82e7
2,americanfootball_ncaaf,[2022],2022-10-02T02:55:00Z,"[""pregame_close_proxy""]",30,a3a709dd4450dd279fb0
2,americanfootball_nfl,[2022],2022-10-02T13:25:00Z,"[""pregame_close_proxy""]",30,41feaf08b229e3d4d25a
2,americanfootball_ncaaf,[2022],2022-10-02T16:00:00Z,"[""daily_16UTC""]",30,135cf0918a4a079ec5b8
2,americanfootball_nfl,[2022],2022-10-02T16:00:00Z,"[""daily_16UTC""]",0,8e025a2773eaba76699c
2,americanfootball_nfl,[2022],2022-10-02T16:55:00Z,"[""pregame_close_proxy""]",30,5e4855caf9b6ddb8ad41
2,americanfootball_nfl,[2022],2022-10-02T20:00:00Z,"[""pregame_close_proxy""]",30,72e28dcffa2c25f01a99
2,americanfootball_nfl,[2022],2022-10-02T20:20:00Z,"[""pregame_close_proxy""]",30,2ce8dbc6f068fce4275a
2,americanfootball_nfl,[2022],2022-10-03T00:15:00Z,"[""pregame_close_proxy""]",30,1c986587915674a5bc82
2,americanfootball_nfl,[2022],2022-10-03T02:30:00Z,"[""MOS_original_evening_slot_diagnostic""]",30,15b93e830aa326bf4b01
2,americanfootball_ncaaf,[2022],2022-10-03T16:00:00Z,"[""daily_16UTC""]",30,929ad1a3c8be1094b09c
2,americanfootball_nfl,[2022],2022-10-03T16:00:00Z,"[""daily_16UTC""]",30,395fd9c07138e46639c5
2,americanfootball_nfl,[2022],2022-10-04T00:10:00Z,"[""pregame_close_proxy""]",30,8410c3f37e8a835d7441
2,americanfootball_ncaaf,[2022],2022-10-04T16:00:00Z,"[""daily_16UTC""]",30,82e5ec1bea201209e7e8
2,americanfootball_nfl,[2022],2022-10-04T16:00:00Z,"[""daily_16UTC""]",30,e68c19df875ef1e101e5
2,americanfootball_ncaaf,[2022],2022-10-05T02:30:00Z,"[""MOS_original_evening_slot_diagnostic""]",30,76165116c51c06afda8b
2,americanfootball_ncaaf,[2022],2022-10-05T16:00:00Z,"[""daily_16UTC""]",30,f20634a4ba7ab46b35e2
2,americanfootball_nfl,[2022],2022-10-05T16:00:00Z,"[""daily_16UTC""]",30,3c52b8abd74dcdfdcb5d
2,americanfootball_ncaaf,[2022],2022-10-05T22:55:00Z,"[""pregame_close_proxy""]",30,1c327c5c69942391b953
2,americanfootball_nfl,[2022],2022-10-06T02:30:00Z,"[""MOS_original_evening_slot_diagnostic""]",30,907a8b296c836133f11a
2,americanfootball_ncaaf,[2022],2022-10-06T16:00:00Z,"[""daily_16UTC""]",30,dd0bad807ddb1139b8f5
2,americanfootball_nfl,[2022],2022-10-06T16:00:00Z,"[""daily_16UTC""]",30,e556ec3a1040e30c1d34
2,americanfootball_nfl,[2022],2022-10-07T00:10:00Z,"[""pregame_close_proxy""]",30,263b18d140e9dd0be761
2,americanfootball_ncaaf,[2022],2022-10-07T02:30:00Z,"[""MOS_original_evening_slot_diagnostic""]",30,2718255623a6a8d1eb6e
2,americanfootball_ncaaf,[2022],2022-10-07T16:00:00Z,"[""daily_16UTC""]",30,b92b3c163e864f431699
2,americanfootball_nfl,[2022],2022-10-07T16:00:00Z,"[""daily_16UTC""]",30,19c0d70ffcde72043060
2,americanfootball_ncaaf,[2022],2022-10-07T22:55:00Z,"[""pregame_close_proxy""]",30,a5e31973397d28184ccc
2,americanfootball_ncaaf,[2022],2022-10-07T23:25:00Z,"[""pregame_close_proxy""]",30,ae699bfd74612260b9d5
2,americanfootball_ncaaf,[2022],2022-10-08T02:25:00Z,"[""pregame_close_proxy""]",30,f855a0adaf53c5638b82
2,americanfootball_ncaaf,[2022],2022-10-08T02:30:00Z,"[""MOS_original_evening_slot_diagnostic""]",30,bbc4f5ea07c3cf9b5c68
2,americanfootball_ncaaf,[2022],2022-10-08T15:55:00Z,"[""pregame_close_proxy""]",30,fc7916599ddc9a46d654
2,americanfootball_ncaaf,[2022],2022-10-08T16:00:00Z,"[""daily_16UTC""]",30,a26706c0421862866a21
2,americanfootball_nfl,[2022],2022-10-08T16:00:00Z,"[""daily_16UTC""]",30,2f005166ca8df696c162
2,americanfootball_ncaaf,[2022],2022-10-08T17:55:00Z,"[""pregame_close_proxy""]",30,5f470728ff8bfbd5a2c6
2,americanfootball_ncaaf,[2022],2022-10-08T18:25:00Z,"[""pregame_close_proxy""]",30,1aa4bfe4b1d4428c0b2f
2,americanfootball_ncaaf,[2022],2022-10-08T19:25:00Z,"[""pregame_close_proxy""]",30,3c26648c6681fafbca46
2,americanfootball_ncaaf,[2022],2022-10-08T19:55:00Z,"[""pregame_close_proxy""]",30,49b4c6f0d132f77de5d2
2,americanfootball_ncaaf,[2022],2022-10-08T21:55:00Z,"[""pregame_close_proxy""]",30,a4eeddb7556a2c56769f
2,americanfootball_ncaaf,[2022],2022-10-08T22:55:00Z,"[""pregame_close_proxy""]",30,ff714925a76eab8c1e63
2,americanfootball_ncaaf,[2022],2022-10-08T23:25:00Z,"[""pregame_close_proxy""]",30,c4cc25bfc068fde27daa
2,americanfootball_ncaaf,[2022],2022-10-08T23:55:00Z,"[""pregame_close_proxy""]",30,5383abf9e87ce6a8d23c
2,americanfootball_ncaaf,[2022],2022-10-09T00:55:00Z,"[""pregame_close_proxy""]",30,285c45eb9cd4d500305f
2,americanfootball_ncaaf,[2022],2022-10-09T01:40:00Z,"[""pregame_close_proxy""]",30,9c2ade83c3d082a2054d
2,americanfootball_ncaaf,[2022],2022-10-09T02:25:00Z,"[""pregame_close_proxy""]",30,1ac257feac9e09d01f8a
2,americanfootball_nfl,[2022],2022-10-09T02:30:00Z,"[""MOS_original_evening_slot_diagnostic""]",30,d14b60d399380440d466
2,americanfootball_ncaaf,[2022],2022-10-09T02:55:00Z,"[""pregame_close_proxy""]",30,7d225783b4a119ca1e24
2,americanfootball_nfl,[2022],2022-10-09T13:25:00Z,"[""pregame_close_proxy""]",30,2a45469294fc56ba23e1
2,americanfootball_ncaaf,[2022],2022-10-09T16:00:00Z,"[""daily_16UTC""]",30,12ab396804bd32a7e042
2,americanfootball_nfl,[2022],2022-10-09T16:00:00Z,"[""daily_16UTC""]",30,1c4a6cb6ee49d4808886
2,americanfootball_nfl,[2022],2022-10-09T16:55:00Z,"[""pregame_close_proxy""]",30,e8f6f58ee6a7f5a467ca
2,americanfootball_nfl,[2022],2022-10-09T20:00:00Z,"[""pregame_close_proxy""]",30,e84335d1ec54b7582836
2,americanfootball_nfl,[2022],2022-10-09T20:20:00Z,"[""pregame_close_proxy""]",30,155b68d8f110fea4ba6f
2,americanfootball_nfl,[2022],2022-10-10T00:15:00Z,"[""pregame_close_proxy""]",30,668a54b79bdd21138ea3
2,americanfootball_nfl,[2022],2022-10-10T02:30:00Z,"[""MOS_original_evening_slot_diagnostic""]",30,350930d18a1812e54a9a
2,americanfootball_ncaaf,[2022],2022-10-10T16:00:00Z,"[""daily_16UTC""]",30,a444ca17d5206b3bf6bc
2,americanfootball_nfl,[2022],2022-10-10T16:00:00Z,"[""daily_16UTC""]",30,0467b22643b50672c250
2,americanfootball_nfl,[2022],2022-10-11T00:10:00Z,"[""pregame_close_proxy""]",30,f4bc9768c26a17a5ca56
2,americanfootball_ncaaf,[2022],2022-10-11T16:00:00Z,"[""daily_16UTC""]",30,d1358f7866e63bb82383
2,americanfootball_nfl,[2022],2022-10-11T16:00:00Z,"[""daily_16UTC""]",30,8e5bd56e22c676e56b73
2,americanfootball_ncaaf,[2022],2022-10-12T02:30:00Z,"[""MOS_original_evening_slot_diagnostic""]",30,63696800cbf62e0567f1
2,americanfootball_ncaaf,[2022],2022-10-12T16:00:00Z,"[""daily_16UTC""]",30,07c8b915c24e6e2a097a
2,americanfootball_nfl,[2022],2022-10-12T16:00:00Z,"[""daily_16UTC""]",30,fc4bbfe6c6880721e5dc
2,americanfootball_ncaaf,[2022],2022-10-12T23:25:00Z,"[""pregame_close_proxy""]",30,09291ce1c65a053af219
2,americanfootball_ncaaf,[2022],2022-10-13T02:30:00Z,"[""MOS_original_evening_slot_diagnostic""]",30,efbd313d66dcb251af72
2,americanfootball_nfl,[2022],2022-10-13T02:30:00Z,"[""MOS_original_evening_slot_diagnostic""]",30,8c436a82080e1d96489c
2,americanfootball_ncaaf,[2022],2022-10-13T16:00:00Z,"[""daily_16UTC""]",30,273928c2e02793e3e561
2,americanfootball_nfl,[2022],2022-10-13T16:00:00Z,"[""daily_16UTC""]",30,7cccb1926e39e2bf4aa8
2,americanfootball_ncaaf,[2022],2022-10-13T22:55:00Z,"[""pregame_close_proxy""]",30,e68fb0e4b290aa4ad324
2,americanfootball_nfl,[2022],2022-10-14T00:10:00Z,"[""pregame_close_proxy""]",30,fe927808d3285954bc2e
2,americanfootball_ncaaf,[2022],2022-10-14T02:30:00Z,"[""MOS_original_evening_slot_diagnostic""]",30,ef74b84bfce877c58d40
2,americanfootball_ncaaf,[2022],2022-10-14T16:00:00Z,"[""daily_16UTC""]",30,52b609269a53d02622f5
2,americanfootball_nfl,[2022],2022-10-14T16:00:00Z,"[""daily_16UTC""]",30,da183aa409b4bf861da8
2,americanfootball_ncaaf,[2022],2022-10-14T23:25:00Z,"[""pregame_close_proxy""]",30,d7f83799a369a4b5b46c
2,americanfootball_ncaaf,[2022],2022-10-14T23:55:00Z,"[""pregame_close_proxy""]",30,0e8c77f482321889b314
2,americanfootball_ncaaf,[2022],2022-10-15T02:30:00Z,"[""MOS_original_evening_slot_diagnostic""]",30,41181ac8fe9694698d68
2,americanfootball_ncaaf,[2022],2022-10-15T15:55:00Z,"[""pregame_close_proxy""]",30,2b8afb60e4f036b0bb73
2,americanfootball_ncaaf,[2022],2022-10-15T16:00:00Z,"[""daily_16UTC""]",30,5ca94c944273ffca73e2
2,americanfootball_nfl,[2022],2022-10-15T16:00:00Z,"[""daily_16UTC""]",30,64d9b507b77fa02e45ff
2,americanfootball_ncaaf,[2022],2022-10-15T16:25:00Z,"[""pregame_close_proxy""]",30,fd50b0d4f6dba44976a2
2,americanfootball_ncaaf,[2022],2022-10-15T16:55:00Z,"[""pregame_close_proxy""]",30,b6e241740cc1bc9e60dc
2,americanfootball_ncaaf,[2022],2022-10-15T17:55:00Z,"[""pregame_close_proxy""]",30,53b4e0d6ab50b005e382
2,americanfootball_ncaaf,[2022],2022-10-15T19:25:00Z,"[""pregame_close_proxy""]",30,f49177a8de21c8b42057
2,americanfootball_ncaaf,[2022],2022-10-15T19:55:00Z,"[""pregame_close_proxy""]",30,4ead9a1968bf1075da76
2,americanfootball_ncaaf,[2022],2022-10-15T21:25:00Z,"[""pregame_close_proxy""]",30,bd7006197993f58241f7
2,americanfootball_ncaaf,[2022],2022-10-15T21:55:00Z,"[""pregame_close_proxy""]",30,d72e20e87f2e5e12eddc
2,americanfootball_ncaaf,[2022],2022-10-15T22:55:00Z,"[""pregame_close_proxy""]",30,e942a6abb3c4b7797757
2,americanfootball_ncaaf,[2022],2022-10-15T23:25:00Z,"[""pregame_close_proxy""]",30,268d1bfb9e4bead9fac4
2,americanfootball_ncaaf,[2022],2022-10-15T23:55:00Z,"[""pregame_close_proxy""]",30,45c916a4ae5427d015c5
2,americanfootball_ncaaf,[2022],2022-10-16T00:55:00Z,"[""pregame_close_proxy""]",30,85a6f416237b5cfbbe4d
2,americanfootball_ncaaf,[2022],2022-10-16T02:25:00Z,"[""pregame_close_proxy""]",30,78c6fa41d6197b4e1724
2,americanfootball_nfl,[2022],2022-10-16T02:30:00Z,"[""MOS_original_evening_slot_diagnostic""]",30,aabcbd84db34d445c3b1
2,americanfootball_ncaaf,[2022],2022-10-16T02:40:00Z,"[""pregame_close_proxy""]",30,38e490beff9b2181ed16
2,americanfootball_ncaaf,[2022],2022-10-16T03:55:00Z,"[""pregame_close_proxy""]",30,2bb2370d132a5c5ffb5b
2,americanfootball_ncaaf,[2022],2022-10-16T16:00:00Z,"[""daily_16UTC""]",30,7ca60f51483dbcbe081d
2,americanfootball_nfl,[2022],2022-10-16T16:00:00Z,"[""daily_16UTC""]",30,8dc9622c9271975b150f
2,americanfootball_nfl,[2022],2022-10-16T16:55:00Z,"[""pregame_close_proxy""]",30,3a84d04db5c858ce6e56
2,americanfootball_nfl,[2022],2022-10-16T20:00:00Z,"[""pregame_close_proxy""]",30,d4409785d5084bc954a2
2,americanfootball_nfl,[2022],2022-10-16T20:20:00Z,"[""pregame_close_proxy""]",30,764c17c55990a077b9a5
2,americanfootball_nfl,[2022],2022-10-17T00:15:00Z,"[""pregame_close_proxy""]",30,78c4507f04d684e773eb
2,americanfootball_ncaaf,[2022],2022-10-17T16:00:00Z,"[""daily_16UTC""]",30,320842295fe23cc71761
2,americanfootball_nfl,[2022],2022-10-17T16:00:00Z,"[""daily_16UTC""]",30,507b56e10542ccc14765
2,americanfootball_nfl,[2022],2022-10-18T00:10:00Z,"[""pregame_close_proxy""]",30,1c47f626169b357d7a00
2,americanfootball_ncaaf,[2022],2022-10-18T16:00:00Z,"[""daily_16UTC""]",30,a4ba3b3cb4c82f59a32d
2,americanfootball_nfl,[2022],2022-10-18T16:00:00Z,"[""daily_16UTC""]",30,87146905ddf33c4496d6
2,americanfootball_ncaaf,[2022],2022-10-19T02:30:00Z,"[""MOS_original_evening_slot_diagnostic""]",30,cdafc634f13b32660ddb
2,americanfootball_ncaaf,[2022],2022-10-19T16:00:00Z,"[""daily_16UTC""]",30,02475214ada54d42cf6c
2,americanfootball_nfl,[2022],2022-10-19T16:00:00Z,"[""daily_16UTC""]",30,297926ac8d7310f8d2b3
2,americanfootball_ncaaf,[2022],2022-10-19T23:25:00Z,"[""pregame_close_proxy""]",30,6e071d411a581fd391e9
2,americanfootball_ncaaf,[2022],2022-10-20T02:30:00Z,"[""MOS_original_evening_slot_diagnostic""]",30,6896532057da22b42910
2,americanfootball_ncaaf,[2022],2022-10-20T16:00:00Z,"[""daily_16UTC""]",30,bd82976fbd7ee0c9d158
2,americanfootball_nfl,[2022],2022-10-20T16:00:00Z,"[""daily_16UTC""]",30,2861508304b2b7a1d98b
2,americanfootball_ncaaf,[2022],2022-10-20T23:25:00Z,"[""pregame_close_proxy""]",30,a114413ac6ce53939577
2,americanfootball_nfl,[2022],2022-10-21T00:10:00Z,"[""pregame_close_proxy""]",30,31b71ab3705c1b6dbb93
2,americanfootball_ncaaf,[2022],2022-10-21T02:30:00Z,"[""MOS_original_evening_slot_diagnostic""]",30,6024c2cd141beab9b89b
2,americanfootball_ncaaf,[2022],2022-10-21T16:00:00Z,"[""daily_16UTC""]",30,a27b5b3e89417f0e9523
2,americanfootball_nfl,[2022],2022-10-21T16:00:00Z,"[""daily_16UTC""]",30,86b3c4689a4ec852a542
2,americanfootball_ncaaf,[2022],2022-10-21T23:25:00Z,"[""pregame_close_proxy""]",30,abeea6c280162e8da5f9
2,americanfootball_ncaaf,[2022],2022-10-21T23:55:00Z,"[""pregame_close_proxy""]",30,76786c8ad932d132a329
2,americanfootball_ncaaf,[2022],2022-10-22T02:30:00Z,"[""MOS_original_evening_slot_diagnostic""]",30,6cdb3c2c77b8dff229bc
2,americanfootball_ncaaf,[2022],2022-10-22T15:55:00Z,"[""pregame_close_proxy""]",30,d2fc28bc8bfeb66ef843
2,americanfootball_ncaaf,[2022],2022-10-22T16:00:00Z,"[""daily_16UTC""]",30,27254531b0c87fd107b9
2,americanfootball_nfl,[2022],2022-10-22T16:00:00Z,"[""daily_16UTC""]",30,7078481a723527e580b0
2,americanfootball_ncaaf,[2022],2022-10-22T16:25:00Z,"[""pregame_close_proxy""]",30,131e2e388d27c3396154
2,americanfootball_ncaaf,[2022],2022-10-22T16:55:00Z,"[""pregame_close_proxy""]",30,cb191a31182a7d9150c0
2,americanfootball_ncaaf,[2022],2022-10-22T17:55:00Z,"[""pregame_close_proxy""]",30,5dbef1f7c8d1b93cb8bd
2,americanfootball_ncaaf,[2022],2022-10-22T18:25:00Z,"[""pregame_close_proxy""]",30,ef704404ba5742607b92
2,americanfootball_ncaaf,[2022],2022-10-22T18:55:00Z,"[""pregame_close_proxy""]",30,3cba6f6f676f5978c053
2,americanfootball_ncaaf,[2022],2022-10-22T19:25:00Z,"[""pregame_close_proxy""]",30,47ef11a57ddbf990e2d2
2,americanfootball_ncaaf,[2022],2022-10-22T19:55:00Z,"[""pregame_close_proxy""]",30,60d448bf130be602dda9
2,americanfootball_ncaaf,[2022],2022-10-22T20:55:00Z,"[""pregame_close_proxy""]",30,c2339b4fe13d1118c358
2,americanfootball_ncaaf,[2022],2022-10-22T22:25:00Z,"[""pregame_close_proxy""]",30,f764a3d83448a256101d
2,americanfootball_ncaaf,[2022],2022-10-22T22:55:00Z,"[""pregame_close_proxy""]",30,a6621388676336d1000f
2,americanfootball_ncaaf,[2022],2022-10-22T23:25:00Z,"[""pregame_close_proxy""]",30,8d41fa588be373fe0e9d
2,americanfootball_ncaaf,[2022],2022-10-22T23:55:00Z,"[""pregame_close_proxy""]",30,1f2e9d463b7aee34d74a
2,americanfootball_ncaaf,[2022],2022-10-23T01:40:00Z,"[""pregame_close_proxy""]",30,fcc16b112fc8d7330527
2,americanfootball_ncaaf,[2022],2022-10-23T02:25:00Z,"[""pregame_close_proxy""]",30,d4ac7059c60f603a3682
2,americanfootball_nfl,[2022],2022-10-23T02:30:00Z,"[""MOS_original_evening_slot_diagnostic""]",30,92b6c80e74d61bdc96b2
2,americanfootball_ncaaf,[2022],2022-10-23T16:00:00Z,"[""daily_16UTC""]",30,061d37c3a41ec905c6f2
2,americanfootball_nfl,[2022],2022-10-23T16:00:00Z,"[""daily_16UTC""]",30,6d02734104823db5623e
2,americanfootball_nfl,[2022],2022-10-23T16:55:00Z,"[""pregame_close_proxy""]",30,ca0bd432d324a2c5b36b
2,americanfootball_nfl,[2022],2022-10-23T20:00:00Z,"[""pregame_close_proxy""]",30,dab3c6e4a0dc75b7f288
2,americanfootball_nfl,[2022],2022-10-23T20:20:00Z,"[""pregame_close_proxy""]",30,bd0bc9bcb5bfcc5ab69f
2,americanfootball_nfl,[2022],2022-10-24T00:15:00Z,"[""pregame_close_proxy""]",30,498cb4382d40a5ab4b96
2,americanfootball_nfl,[2022],2022-10-24T02:30:00Z,"[""MOS_original_evening_slot_diagnostic""]",30,d096eea0f9ec15d55691
2,americanfootball_ncaaf,[2022],2022-10-24T16:00:00Z,"[""daily_16UTC""]",30,15d74ea33607860e5c2c
2,americanfootball_nfl,[2022],2022-10-24T16:00:00Z,"[""daily_16UTC""]",30,e93e8dbdf5750786bcb6
2,americanfootball_nfl,[2022],2022-10-25T00:10:00Z,"[""pregame_close_proxy""]",30,b8399b90c100a9e86376
2,americanfootball_ncaaf,[2022],2022-10-25T16:00:00Z,"[""daily_16UTC""]",30,ddba6c1be7d04493985f
2,americanfootball_nfl,[2022],2022-10-25T16:00:00Z,"[""daily_16UTC""]",30,cb4830259a6dca8786fb
2,americanfootball_ncaaf,[2022],2022-10-26T16:00:00Z,"[""daily_16UTC""]",30,a8d0e8bb0d4b0e9d2a78
2,americanfootball_nfl,[2022],2022-10-26T16:00:00Z,"[""daily_16UTC""]",30,232a785c3462237123ba
2,americanfootball_ncaaf,[2022],2022-10-27T02:30:00Z,"[""MOS_original_evening_slot_diagnostic""]",30,bbc21757f8dd9abcb361
2,americanfootball_nfl,[2022],2022-10-27T02:30:00Z,"[""MOS_original_evening_slot_diagnostic""]",30,68cf48ccd3c5668cc17c
2,americanfootball_ncaaf,[2022],2022-10-27T16:00:00Z,"[""daily_16UTC""]",30,2c07de69c932a4fb29a7
2,americanfootball_nfl,[2022],2022-10-27T16:00:00Z,"[""daily_16UTC""]",30,45c9783d023cfd03bb1b
2,americanfootball_ncaaf,[2022],2022-10-27T23:25:00Z,"[""pregame_close_proxy""]",30,e69a9c11b07598c70db3
2,americanfootball_nfl,[2022],2022-10-28T00:10:00Z,"[""pregame_close_proxy""]",30,83303fbfcc6fb04e3a92
2,americanfootball_ncaaf,[2022],2022-10-28T01:55:00Z,"[""pregame_close_proxy""]",30,8a13a5877fe0bc6d7ed0
2,americanfootball_ncaaf,[2022],2022-10-28T02:30:00Z,"[""MOS_original_evening_slot_diagnostic""]",30,e73a636804180d0caa23
2,americanfootball_ncaaf,[2022],2022-10-28T16:00:00Z,"[""daily_16UTC""]",30,c951cfefb62051a1b82f
2,americanfootball_nfl,[2022],2022-10-28T16:00:00Z,"[""daily_16UTC""]",30,13880487e91c9fb076b8
2,americanfootball_ncaaf,[2022],2022-10-28T23:55:00Z,"[""pregame_close_proxy""]",30,b960f1db02580b417899
2,americanfootball_ncaaf,[2022],2022-10-29T02:30:00Z,"[""MOS_original_evening_slot_diagnostic""]",30,1c4679ef5f215a1dd2e3
2,americanfootball_ncaaf,[2022],2022-10-29T15:55:00Z,"[""pregame_close_proxy""]",30,b8cf67f4d8d658dbce17
2,americanfootball_ncaaf,[2022],2022-10-29T16:00:00Z,"[""daily_16UTC""]",30,6684d7d8d25e793c4589
2,americanfootball_nfl,[2022],2022-10-29T16:00:00Z,"[""daily_16UTC""]",30,774463534550ae0b639d
2,americanfootball_ncaaf,[2022],2022-10-29T16:25:00Z,"[""pregame_close_proxy""]",30,19c9f021eb2b39ccbb24
2,americanfootball_ncaaf,[2022],2022-10-29T17:55:00Z,"[""pregame_close_proxy""]",30,1eca7c4fcb913c55a2f7
2,americanfootball_ncaaf,[2022],2022-10-29T18:25:00Z,"[""pregame_close_proxy""]",30,742c8ecdcb884b7e657e
2,americanfootball_ncaaf,[2022],2022-10-29T18:55:00Z,"[""pregame_close_proxy""]",30,aeeccea8460ca6ba26cf
2,americanfootball_ncaaf,[2022],2022-10-29T19:25:00Z,"[""pregame_close_proxy""]",30,ee74425d27e862fc4e23
2,americanfootball_ncaaf,[2022],2022-10-29T19:55:00Z,"[""pregame_close_proxy""]",30,fa96a8baf9913424dcbe
2,americanfootball_ncaaf,[2022],2022-10-29T22:55:00Z,"[""pregame_close_proxy""]",30,6d4eddbad19fbc85b7bf
2,americanfootball_ncaaf,[2022],2022-10-29T23:25:00Z,"[""pregame_close_proxy""]",30,09cb222df7a59949ff54
2,americanfootball_ncaaf,[2022],2022-10-29T23:55:00Z,"[""pregame_close_proxy""]",30,0c292eb3bc0da85ac1d9
2,americanfootball_ncaaf,[2022],2022-10-30T00:55:00Z,"[""pregame_close_proxy""]",30,08b204d548969c2d885b
2,americanfootball_ncaaf,[2022],2022-10-30T02:25:00Z,"[""pregame_close_proxy""]",30,5aae03ea5debfb310b59
2,americanfootball_nfl,[2022],2022-10-30T02:30:00Z,"[""MOS_original_evening_slot_diagnostic""]",30,d4ae0d0d265993a09c7c
2,americanfootball_ncaaf,[2022],2022-10-30T03:55:00Z,"[""pregame_close_proxy""]",30,f69fa5c98bec2f20f0a3
2,americanfootball_nfl,[2022],2022-10-30T13:25:00Z,"[""pregame_close_proxy""]",30,b9be2e7686eaa395ad31
2,americanfootball_ncaaf,[2022],2022-10-30T16:00:00Z,"[""daily_16UTC""]",30,36aa31396a29e5ae7885
2,americanfootball_nfl,[2022],2022-10-30T16:00:00Z,"[""daily_16UTC""]",30,fcf81fa51d8e8d3fc1fd
2,americanfootball_nfl,[2022],2022-10-30T16:55:00Z,"[""pregame_close_proxy""]",30,dd71ff8e7e41c55a3911
2,americanfootball_nfl,[2022],2022-10-30T20:00:00Z,"[""pregame_close_proxy""]",30,df6634c43edef2530b17
2,americanfootball_nfl,[2022],2022-10-30T20:20:00Z,"[""pregame_close_proxy""]",30,ed942eb2a9565f1d805c
2,americanfootball_nfl,[2022],2022-10-31T00:15:00Z,"[""pregame_close_proxy""]",30,bcdf34bf8a2698fb2f54
2,americanfootball_nfl,[2022],2022-10-31T02:30:00Z,"[""MOS_original_evening_slot_diagnostic""]",30,d56bb9379a1d52988765
2,americanfootball_ncaaf,[2022],2022-10-31T16:00:00Z,"[""daily_16UTC""]",30,d8cf2e2b23c67482cc8a
2,americanfootball_nfl,[2022],2022-10-31T16:00:00Z,"[""daily_16UTC""]",30,9f3af186b949303af430
2,americanfootball_nfl,[2022],2022-11-01T00:10:00Z,"[""pregame_close_proxy""]",30,b831195575ed2f78fc2a
2,americanfootball_ncaaf,[2022],2022-11-01T02:30:00Z,"[""MOS_original_evening_slot_diagnostic""]",30,8a167f94fd0ace02ec5a
2,americanfootball_ncaaf,[2022],2022-11-01T16:00:00Z,"[""daily_16UTC""]",30,89176f1459443a786f9a
2,americanfootball_nfl,[2022],2022-11-01T16:00:00Z,"[""daily_16UTC""]",30,af116cbd345da309c194
2,americanfootball_ncaaf,[2022],2022-11-01T22:55:00Z,"[""pregame_close_proxy""]",30,e0085a85dd96ce5b24cf
2,americanfootball_ncaaf,[2022],2022-11-01T23:25:00Z,"[""pregame_close_proxy""]",30,dd2acc4a50bc4fa1338b
2,americanfootball_ncaaf,[2022],2022-11-02T02:30:00Z,"[""MOS_original_evening_slot_diagnostic""]",30,641e624117d9662229a3
2,americanfootball_ncaaf,[2022],2022-11-02T16:00:00Z,"[""daily_16UTC""]",30,a071dd797b2a3e501fe3
2,americanfootball_nfl,[2022],2022-11-02T16:00:00Z,"[""daily_16UTC""]",30,1fff8e2305ebf7bcbfd3
2,americanfootball_ncaaf,[2022],2022-11-02T22:55:00Z,"[""pregame_close_proxy""]",30,29ad2462a70f43aa0805
2,americanfootball_ncaaf,[2022],2022-11-03T02:30:00Z,"[""MOS_original_evening_slot_diagnostic""]",30,fe04fd9d3cbdb42c021b
2,americanfootball_ncaaf,[2022],2022-11-03T16:00:00Z,"[""daily_16UTC""]",30,035c640cadd4ca8b4e09
2,americanfootball_nfl,[2022],2022-11-03T16:00:00Z,"[""daily_16UTC""]",30,778b3007283c74ff7f62
2,americanfootball_ncaaf,[2022],2022-11-03T22:55:00Z,"[""pregame_close_proxy""]",30,4a1b23490be5b0180b8a
2,americanfootball_ncaaf,[2022],2022-11-03T23:25:00Z,"[""pregame_close_proxy""]",30,79424b6c677b148b2dae
2,americanfootball_nfl,[2022],2022-11-04T00:10:00Z,"[""pregame_close_proxy""]",30,446b6b0bcb241ff829e3
2,americanfootball_ncaaf,[2022],2022-11-04T02:30:00Z,"[""MOS_original_evening_slot_diagnostic""]",30,6277df7fc27a2322e723
2,americanfootball_ncaaf,[2022],2022-11-04T16:00:00Z,"[""daily_16UTC""]",30,51b3169b8c07a5f82a19
2,americanfootball_nfl,[2022],2022-11-04T16:00:00Z,"[""daily_16UTC""]",30,68121da62ea19315efbb
2,americanfootball_ncaaf,[2022],2022-11-04T22:55:00Z,"[""pregame_close_proxy""]",30,bcf072b683e992935b10
2,americanfootball_ncaaf,[2022],2022-11-05T02:25:00Z,"[""pregame_close_proxy""]",30,48783fb018eef0313e87
2,americanfootball_ncaaf,[2022],2022-11-05T02:30:00Z,"[""MOS_original_evening_slot_diagnostic""]",30,af96ddcd9d31b16072c0
2,americanfootball_ncaaf,[2022],2022-11-05T15:25:00Z,"[""pregame_close_proxy""]",30,f08713820dd431d03237
2,americanfootball_ncaaf,[2022],2022-11-05T15:55:00Z,"[""pregame_close_proxy""]",30,7cc46248a7e5ef09b13d
2,americanfootball_ncaaf,[2022],2022-11-05T16:00:00Z,"[""daily_16UTC""]",30,5a15eacf1d01ad9c2b5a
2,americanfootball_nfl,[2022],2022-11-05T16:00:00Z,"[""daily_16UTC""]",30,780ca0561dcba3d7044b
2,americanfootball_ncaaf,[2022],2022-11-05T16:25:00Z,"[""pregame_close_proxy""]",30,3636a4f4ecf21d9b219e
2,americanfootball_ncaaf,[2022],2022-11-05T17:55:00Z,"[""pregame_close_proxy""]",30,4c8214f07d239dd68b6d
2,americanfootball_ncaaf,[2022],2022-11-05T18:55:00Z,"[""pregame_close_proxy""]",30,9bf1fd2f0f136c0825f1
2,americanfootball_ncaaf,[2022],2022-11-05T19:25:00Z,"[""pregame_close_proxy""]",30,3504ded77cacd4822324
2,americanfootball_ncaaf,[2022],2022-11-05T19:55:00Z,"[""pregame_close_proxy""]",30,aa866dd1e92b127f08db
2,americanfootball_ncaaf,[2022],2022-11-05T20:55:00Z,"[""pregame_close_proxy""]",30,0d2dcd7d50751665ba97
2,americanfootball_ncaaf,[2022],2022-11-05T22:55:00Z,"[""pregame_close_proxy""]",30,5e553a434687e08399de
2,americanfootball_ncaaf,[2022],2022-11-05T23:25:00Z,"[""pregame_close_proxy""]",30,e0e22b65755c98007bfa
2,americanfootball_ncaaf,[2022],2022-11-05T23:55:00Z,"[""pregame_close_proxy""]",30,02767dabaff701f5e2de
2,americanfootball_ncaaf,[2022],2022-11-06T02:25:00Z,"[""pregame_close_proxy""]",30,a193b5809318268e03cf
2,americanfootball_nfl,[2022],2022-11-06T02:30:00Z,"[""MOS_original_evening_slot_diagnostic""]",30,c4216e20367ee6e84555
2,americanfootball_ncaaf,[2022],2022-11-06T16:00:00Z,"[""daily_16UTC""]",30,33affc092a713e27de4b
2,americanfootball_nfl,[2022],2022-11-06T16:00:00Z,"[""daily_16UTC""]",30,970ed54f8bc379da2c99
2,americanfootball_nfl,[2022],2022-11-06T17:55:00Z,"[""pregame_close_proxy""]",30,7d0d12a4587b55e98ca3
2,americanfootball_nfl,[2022],2022-11-06T21:00:00Z,"[""pregame_close_proxy""]",30,02f426eacab44bcb1b08
2,americanfootball_nfl,[2022],2022-11-06T21:20:00Z,"[""pregame_close_proxy""]",30,cb43666b867bfa22fd71
2,americanfootball_nfl,[2022],2022-11-07T01:15:00Z,"[""pregame_close_proxy""]",30,f50c5b9c024a223820b8
2,americanfootball_ncaaf,[2022],2022-11-07T16:00:00Z,"[""daily_16UTC""]",30,355cc90f47be5c9eb37f
2,americanfootball_nfl,[2022],2022-11-07T16:00:00Z,"[""daily_16UTC""]",30,1333d942e6692d4c5e4e
2,americanfootball_nfl,[2022],2022-11-08T01:10:00Z,"[""pregame_close_proxy""]",30,a8514a47c5fbbf6c75b7
2,americanfootball_ncaaf,[2022],2022-11-08T03:30:00Z,"[""MOS_original_evening_slot_diagnostic""]",30,bff496f76146b1f60632
2,americanfootball_ncaaf,[2022],2022-11-08T16:00:00Z,"[""daily_16UTC""]",30,7478fd821b4fd90131c6
2,americanfootball_nfl,[2022],2022-11-08T16:00:00Z,"[""daily_16UTC""]",30,39e46367909b950e7ffd
2,americanfootball_ncaaf,[2022],2022-11-08T23:55:00Z,"[""pregame_close_proxy""]",30,3df796d6e125dd19316f
2,americanfootball_ncaaf,[2022],2022-11-09T00:25:00Z,"[""pregame_close_proxy""]",30,ae7b6a1b863521ad6b91
2,americanfootball_ncaaf,[2022],2022-11-09T00:55:00Z,"[""pregame_close_proxy""]",30,7dba9011bd3c2eb12246
2,americanfootball_ncaaf,[2022],2022-11-09T03:30:00Z,"[""MOS_original_evening_slot_diagnostic""]",30,2deffcb0805a56e2fc6f
2,americanfootball_ncaaf,[2022],2022-11-09T16:00:00Z,"[""daily_16UTC""]",30,75c2ab0c82e61f8cc4f0
2,americanfootball_nfl,[2022],2022-11-09T16:00:00Z,"[""daily_16UTC""]",30,4fecdbcd2d9cc41f666c
2,americanfootball_ncaaf,[2022],2022-11-09T23:55:00Z,"[""pregame_close_proxy""]",30,7169a6ff47c3d903aa12
2,americanfootball_ncaaf,[2022],2022-11-10T03:30:00Z,"[""MOS_original_evening_slot_diagnostic""]",30,e2cf2734b010f2763d3e
2,americanfootball_nfl,[2022],2022-11-10T03:30:00Z,"[""MOS_original_evening_slot_diagnostic""]",30,8e9ab11eb58025ab551a
2,americanfootball_ncaaf,[2022],2022-11-10T16:00:00Z,"[""daily_16UTC""]",30,b568d8537049ec15173d
2,americanfootball_nfl,[2022],2022-11-10T16:00:00Z,"[""daily_16UTC""]",30,c6dd78c4a121afedea84
2,americanfootball_ncaaf,[2022],2022-11-11T00:25:00Z,"[""pregame_close_proxy""]",30,9a7e3c85aa95f881662b
2,americanfootball_nfl,[2022],2022-11-11T01:10:00Z,"[""pregame_close_proxy""]",30,9daf026b98038a31b553
2,americanfootball_ncaaf,[2022],2022-11-11T03:30:00Z,"[""MOS_original_evening_slot_diagnostic""]",30,87029cf665d2e1e4241b
2,americanfootball_ncaaf,[2022],2022-11-11T16:00:00Z,"[""daily_16UTC""]",30,d0f21654e6e1ea37b4df
2,americanfootball_nfl,[2022],2022-11-11T16:00:00Z,"[""daily_16UTC""]",30,cf0011bece0318b4c834
2,americanfootball_ncaaf,[2022],2022-11-12T00:55:00Z,"[""pregame_close_proxy""]",30,2572721dafe3e885deaf
2,americanfootball_ncaaf,[2022],2022-11-12T02:25:00Z,"[""pregame_close_proxy""]",30,4bd1afcb34269575b748
2,americanfootball_ncaaf,[2022],2022-11-12T03:25:00Z,"[""pregame_close_proxy""]",30,a5d9c0f59e9ec1ecfcf4
2,americanfootball_ncaaf,[2022],2022-11-12T03:30:00Z,"[""MOS_original_evening_slot_diagnostic""]",30,2aaa9297ae631e80e1b9
2,americanfootball_ncaaf,[2022],2022-11-12T16:00:00Z,"[""daily_16UTC""]",30,d5e86d80d04bd04bd1b8
2,americanfootball_nfl,[2022],2022-11-12T16:00:00Z,"[""daily_16UTC""]",30,5e69bada02d01f3499c2
2,americanfootball_ncaaf,[2022],2022-11-12T16:55:00Z,"[""pregame_close_proxy""]",30,882e44377abdfb4d8da0
2,americanfootball_ncaaf,[2022],2022-11-12T17:55:00Z,"[""pregame_close_proxy""]",30,576db019e2ecc745c2f7
2,americanfootball_ncaaf,[2022],2022-11-12T18:55:00Z,"[""pregame_close_proxy""]",30,e829de95116926d9f5e5
2,americanfootball_ncaaf,[2022],2022-11-12T19:55:00Z,"[""pregame_close_proxy""]",30,a45f7919a8c732ac3677
2,americanfootball_ncaaf,[2022],2022-11-12T20:25:00Z,"[""pregame_close_proxy""]",30,9738613de2c55813673f
2,americanfootball_ncaaf,[2022],2022-11-12T20:55:00Z,"[""pregame_close_proxy""]",30,894e69d393276a8ee596
2,americanfootball_ncaaf,[2022],2022-11-12T21:55:00Z,"[""pregame_close_proxy""]",30,1333a730483c12c996e5
2,americanfootball_ncaaf,[2022],2022-11-12T23:55:00Z,"[""pregame_close_proxy""]",30,31def9fda7d54cd4e4f4
2,americanfootball_ncaaf,[2022],2022-11-13T00:25:00Z,"[""pregame_close_proxy""]",30,c0b6f0263e64e1d2479b
2,americanfootball_ncaaf,[2022],2022-11-13T00:55:00Z,"[""pregame_close_proxy""]",30,d2c752ef1824f4d15f62
2,americanfootball_ncaaf,[2022],2022-11-13T01:55:00Z,"[""pregame_close_proxy""]",30,16eb122e498f8e5cb974
2,americanfootball_ncaaf,[2022],2022-11-13T02:55:00Z,"[""pregame_close_proxy""]",30,a19eab93b360fe77b675
2,americanfootball_ncaaf,[2022],2022-11-13T03:25:00Z,"[""pregame_close_proxy""]",30,c787c1e2d1e634d86bf6
2,americanfootball_nfl,[2022],2022-11-13T03:30:00Z,"[""MOS_original_evening_slot_diagnostic""]",30,982da85b9bf07d2c3bb6
2,americanfootball_ncaaf,[2022],2022-11-13T03:55:00Z,"[""pregame_close_proxy""]",30,616e48b9b449066100d3
2,americanfootball_nfl,[2022],2022-11-13T14:25:00Z,"[""pregame_close_proxy""]",30,54edf4c9dbaf143cb3cb
2,americanfootball_ncaaf,[2022],2022-11-13T16:00:00Z,"[""daily_16UTC""]",30,91cda1843b4e4ae524aa
2,americanfootball_nfl,[2022],2022-11-13T16:00:00Z,"[""daily_16UTC""]",30,37823d5c1a6459950ae4
2,americanfootball_nfl,[2022],2022-11-13T17:55:00Z,"[""pregame_close_proxy""]",30,c58b72d6de18aea9cc3f
2,americanfootball_nfl,[2022],2022-11-13T21:00:00Z,"[""pregame_close_proxy""]",30,3b86b3ece8e7cebc4054
2,americanfootball_nfl,[2022],2022-11-13T21:20:00Z,"[""pregame_close_proxy""]",30,f8ec4b9e83003c68f1f3
2,americanfootball_nfl,[2022],2022-11-14T01:15:00Z,"[""pregame_close_proxy""]",30,7efd30ee596c85d0c598
2,americanfootball_nfl,[2022],2022-11-14T03:30:00Z,"[""MOS_original_evening_slot_diagnostic""]",30,994359f86b4bd034229e
2,americanfootball_ncaaf,[2022],2022-11-14T16:00:00Z,"[""daily_16UTC""]",30,d63997510315c5da16dc
2,americanfootball_nfl,[2022],2022-11-14T16:00:00Z,"[""daily_16UTC""]",30,58c72245568b90caae56
2,americanfootball_nfl,[2022],2022-11-15T01:10:00Z,"[""pregame_close_proxy""]",30,54da162b0abf182d183a
2,americanfootball_ncaaf,[2022],2022-11-15T03:30:00Z,"[""MOS_original_evening_slot_diagnostic""]",30,916e94fc93464bddcc29
2,americanfootball_ncaaf,[2022],2022-11-15T16:00:00Z,"[""daily_16UTC""]",30,0f6bea26b398dcac597c
2,americanfootball_nfl,[2022],2022-11-15T16:00:00Z,"[""daily_16UTC""]",30,ba97a788caefc40c70dd
2,americanfootball_ncaaf,[2022],2022-11-15T23:55:00Z,"[""pregame_close_proxy""]",30,1744b3182d1f7c0e6bcf
2,americanfootball_ncaaf,[2022],2022-11-16T03:30:00Z,"[""MOS_original_evening_slot_diagnostic""]",30,1acd479d4d9d2496a3cb
2,americanfootball_ncaaf,[2022],2022-11-16T16:00:00Z,"[""daily_16UTC""]",30,12b02d5f7137d0a9e7d9
2,americanfootball_nfl,[2022],2022-11-16T16:00:00Z,"[""daily_16UTC""]",30,b7855958880496089879
2,americanfootball_ncaaf,[2022],2022-11-16T22:55:00Z,"[""pregame_close_proxy""]",30,2098710686a5bbc1a8ca
2,americanfootball_ncaaf,[2022],2022-11-16T23:55:00Z,"[""pregame_close_proxy""]",30,57a8727c10623551297e
2,americanfootball_ncaaf,[2022],2022-11-17T00:55:00Z,"[""pregame_close_proxy""]",30,db1e723ee5fa0e465a12
2,americanfootball_ncaaf,[2022],2022-11-17T03:30:00Z,"[""MOS_original_evening_slot_diagnostic""]",30,cd60da5a204d5c18a0bd
2,americanfootball_nfl,[2022],2022-11-17T03:30:00Z,"[""MOS_original_evening_slot_diagnostic""]",30,c38e2cb3531683ae9aaa
2,americanfootball_ncaaf,[2022],2022-11-17T16:00:00Z,"[""daily_16UTC""]",30,5dfd407170942b66f811
2,americanfootball_nfl,[2022],2022-11-17T16:00:00Z,"[""daily_16UTC""]",30,7b70d4477c3fab0d7138
2,americanfootball_ncaaf,[2022],2022-11-18T00:25:00Z,"[""pregame_close_proxy""]",30,d7c9125de2c6a17e2c9c
2,americanfootball_nfl,[2022],2022-11-18T01:10:00Z,"[""pregame_close_proxy""]",30,b1c9b308a9be926eabd5
2,americanfootball_ncaaf,[2022],2022-11-18T03:30:00Z,"[""MOS_original_evening_slot_diagnostic""]",30,08e0ae5acf33fd1be7b9
2,americanfootball_ncaaf,[2022],2022-11-18T16:00:00Z,"[""daily_16UTC""]",30,13a656d2d89ab9b5ac85
2,americanfootball_nfl,[2022],2022-11-18T16:00:00Z,"[""daily_16UTC""]",30,d7796877b26c2bf00a6a
2,americanfootball_ncaaf,[2022],2022-11-19T01:55:00Z,"[""pregame_close_proxy""]",30,859f971e429f4e1e7b39
2,americanfootball_ncaaf,[2022],2022-11-19T02:40:00Z,"[""alternate_independent_close_proxy""]",30,c3aba285dd6188b92bd5
2,americanfootball_ncaaf,[2022],2022-11-19T03:30:00Z,"[""MOS_original_evening_slot_diagnostic""]",30,39c803c4238ce82eac14
2,americanfootball_ncaaf,[2022],2022-11-19T03:50:00Z,"[""pregame_close_proxy""]",30,f128b80c4bbc284ba1f8
2,americanfootball_ncaaf,[2022],2022-11-19T15:55:00Z,"[""pregame_close_proxy""]",30,0af4bdc6422d744f5e7c
2,americanfootball_ncaaf,[2022],2022-11-19T16:00:00Z,"[""daily_16UTC""]",30,4c33b462dcde2da247b5
2,americanfootball_nfl,[2022],2022-11-19T16:00:00Z,"[""daily_16UTC""]",30,c1200feaef184d578ce3
2,americanfootball_ncaaf,[2022],2022-11-19T16:55:00Z,"[""pregame_close_proxy""]",30,7645680f6a9d5ba48940
2,americanfootball_ncaaf,[2022],2022-11-19T17:55:00Z,"[""pregame_close_proxy""]",30,eef9da73f8667246b789
2,americanfootball_ncaaf,[2022],2022-11-19T18:55:00Z,"[""pregame_close_proxy""]",30,d6b42d7262107511eb3b
2,americanfootball_ncaaf,[2022],2022-11-19T19:10:00Z,"[""pregame_close_proxy""]",30,2b4e77f370c31959efb0
2,americanfootball_ncaaf,[2022],2022-11-19T19:25:00Z,"[""pregame_close_proxy""]",30,159214a4fe4714ad706f
2,americanfootball_ncaaf,[2022],2022-11-19T20:25:00Z,"[""pregame_close_proxy""]",30,543fbbb55fa5433c6bcd
2,americanfootball_ncaaf,[2022],2022-11-19T20:55:00Z,"[""pregame_close_proxy""]",30,dbfa47f415d2c307adae
2,americanfootball_ncaaf,[2022],2022-11-19T21:55:00Z,"[""pregame_close_proxy""]",30,b4d1b867e47fcf2be587
2,americanfootball_ncaaf,[2022],2022-11-19T22:25:00Z,"[""pregame_close_proxy""]",30,ffbc99f79e4c3c72f127
2,americanfootball_ncaaf,[2022],2022-11-19T22:55:00Z,"[""pregame_close_proxy""]",30,4f5ef20afe59e114c43f
2,americanfootball_ncaaf,[2022],2022-11-19T23:55:00Z,"[""pregame_close_proxy""]",30,900aae78c0129adee9a1
2,americanfootball_ncaaf,[2022],2022-11-20T00:25:00Z,"[""pregame_close_proxy""]",30,6c3fcb035b08a5efb9e6
2,americanfootball_ncaaf,[2022],2022-11-20T00:55:00Z,"[""pregame_close_proxy""]",30,50c7b33e431e816240a4
2,americanfootball_ncaaf,[2022],2022-11-20T01:55:00Z,"[""pregame_close_proxy""]",30,dc73e10a39635873934a
2,americanfootball_ncaaf,[2022],2022-11-20T02:40:00Z,"[""pregame_close_proxy""]",30,727c74e3e89b00bddbdc
2,americanfootball_ncaaf,[2022],2022-11-20T03:25:00Z,"[""pregame_close_proxy""]",30,59226d597fa451640f02
2,americanfootball_nfl,[2022],2022-11-20T03:30:00Z,"[""MOS_original_evening_slot_diagnostic""]",30,c6687e0aa97cb5b0e8f5
2,americanfootball_ncaaf,[2022],2022-11-20T03:55:00Z,"[""pregame_close_proxy""]",30,79b1c05cff2189413a02
2,americanfootball_ncaaf,[2022],2022-11-20T16:00:00Z,"[""daily_16UTC""]",30,0fd1ca668ae55a250322
2,americanfootball_nfl,[2022],2022-11-20T16:00:00Z,"[""daily_16UTC""]",30,25708c0d5af13003f8a6
2,americanfootball_nfl,[2022],2022-11-20T17:55:00Z,"[""pregame_close_proxy""]",30,310d62aea36b4a86dfd9
2,americanfootball_nfl,[2022],2022-11-20T21:00:00Z,"[""pregame_close_proxy""]",30,c2281580d908834ad54d
2,americanfootball_nfl,[2022],2022-11-20T21:20:00Z,"[""pregame_close_proxy""]",30,10fd4f36aab7275de62a
2,americanfootball_nfl,[2022],2022-11-21T01:15:00Z,"[""pregame_close_proxy""]",30,2808c11e386b43f8d86f
2,americanfootball_ncaaf,[2022],2022-11-21T16:00:00Z,"[""daily_16UTC""]",30,8de79a1fc5a00654aab9
2,americanfootball_nfl,[2022],2022-11-21T16:00:00Z,"[""daily_16UTC""]",30,e53bc7a1f128377f8fb6
2,americanfootball_nfl,[2022],2022-11-22T01:10:00Z,"[""pregame_close_proxy""]",30,af76022f4a2e647f4379
2,americanfootball_ncaaf,[2022],2022-11-22T03:30:00Z,"[""MOS_original_evening_slot_diagnostic""]",30,cb1d71595d8c315c89cb
2,americanfootball_ncaaf,[2022],2022-11-22T16:00:00Z,"[""daily_16UTC""]",30,dfcc9baa602caf231e58
2,americanfootball_nfl,[2022],2022-11-22T16:00:00Z,"[""daily_16UTC""]",30,d761c4180ad18d0961bd
2,americanfootball_ncaaf,[2022],2022-11-22T23:55:00Z,"[""pregame_close_proxy""]",30,9933e3aea417677d0504
2,americanfootball_ncaaf,[2022],2022-11-23T16:00:00Z,"[""daily_16UTC""]",30,a4c83e5ada81e35ac89a
2,americanfootball_nfl,[2022],2022-11-23T16:00:00Z,"[""daily_16UTC""]",30,f48f439729308dc62cff
2,americanfootball_ncaaf,[2022],2022-11-24T16:00:00Z,"[""daily_16UTC""]",30,a532139b00f0c71ca0d2
2,americanfootball_nfl,[2022],2022-11-24T16:00:00Z,"[""daily_16UTC""]",30,ec0dc3b0ce4139923519
2,americanfootball_nfl,[2022],2022-11-24T17:25:00Z,"[""pregame_close_proxy""]",30,626910673d25c4de33e9
2,americanfootball_nfl,[2022],2022-11-24T21:25:00Z,"[""pregame_close_proxy""]",30,d7fca73add3be9f02174
2,americanfootball_ncaaf,[2022],2022-11-24T23:55:00Z,"[""pregame_close_proxy""]",30,c192535edb05b24549d8
2,americanfootball_nfl,[2022],2022-11-25T01:15:00Z,"[""pregame_close_proxy""]",30,a5f44158cc5b0b7a44cc
2,americanfootball_ncaaf,[2022],2022-11-25T03:30:00Z,"[""MOS_original_evening_slot_diagnostic""]",30,1f3b3df926b2ceef1cae
2,americanfootball_ncaaf,[2022],2022-11-25T16:00:00Z,"[""daily_16UTC""]",30,7152e8740dfb08f9c0e2
2,americanfootball_nfl,[2022],2022-11-25T16:00:00Z,"[""daily_16UTC""]",30,7a6bc61ee351595a8ccb
2,americanfootball_ncaaf,[2022],2022-11-25T16:55:00Z,"[""pregame_close_proxy""]",30,99c7f137364a168221e8
2,americanfootball_ncaaf,[2022],2022-11-25T19:55:00Z,"[""pregame_close_proxy""]",30,ef08a629101d1ed31bf8
2,americanfootball_ncaaf,[2022],2022-11-25T20:25:00Z,"[""pregame_close_proxy""]",30,6f49e475e514a8b5e666
2,americanfootball_ncaaf,[2022],2022-11-25T20:55:00Z,"[""pregame_close_proxy""]",30,b8a71d7f5d430751bb16
2,americanfootball_ncaaf,[2022],2022-11-25T21:25:00Z,"[""pregame_close_proxy""]",30,52301b972a289d8ac730
2,americanfootball_ncaaf,[2022],2022-11-26T00:25:00Z,"[""pregame_close_proxy""]",30,4fff90e0e7d247018d45
2,americanfootball_ncaaf,[2022],2022-11-26T02:55:00Z,"[""pregame_close_proxy""]",30,71e80201749c57bc1560
2,americanfootball_ncaaf,[2022],2022-11-26T03:30:00Z,"[""MOS_original_evening_slot_diagnostic""]",30,9ace485aed2951fa7473
2,americanfootball_ncaaf,[2022],2022-11-26T16:00:00Z,"[""daily_16UTC""]",30,d8d3403368295569d576
2,americanfootball_nfl,[2022],2022-11-26T16:00:00Z,"[""daily_16UTC""]",30,e8d99162fc7f293a35fb
2,americanfootball_ncaaf,[2022],2022-11-26T16:55:00Z,"[""pregame_close_proxy""]",30,cea4a2500bf0f05ebb62
2,americanfootball_ncaaf,[2022],2022-11-26T17:55:00Z,"[""pregame_close_proxy""]",30,24a3d325b0f48d48cd3a
2,americanfootball_ncaaf,[2022],2022-11-26T18:25:00Z,"[""pregame_close_proxy""]",30,57e88e21be47c8d6d36a
2,americanfootball_ncaaf,[2022],2022-11-26T18:55:00Z,"[""pregame_close_proxy""]",30,7309c6969f508aeaf899
2,americanfootball_ncaaf,[2022],2022-11-26T19:55:00Z,"[""pregame_close_proxy""]",30,42ee98fc944bdfc5a221
2,americanfootball_ncaaf,[2022],2022-11-26T20:25:00Z,"[""pregame_close_proxy""]",30,28d1634668312fe3e5d3
2,americanfootball_ncaaf,[2022],2022-11-26T20:55:00Z,"[""pregame_close_proxy""]",30,4db4888e4fea4dbe6bae
2,americanfootball_ncaaf,[2022],2022-11-26T21:55:00Z,"[""pregame_close_proxy""]",30,16f7466bd8e24407a6c8
2,americanfootball_ncaaf,[2022],2022-11-26T22:55:00Z,"[""pregame_close_proxy""]",30,5c22cb23f3d225607a9a
2,americanfootball_ncaaf,[2022],2022-11-26T23:55:00Z,"[""pregame_close_proxy""]",30,eaaf0efb96458a6b955c
2,americanfootball_ncaaf,[2022],2022-11-27T00:25:00Z,"[""pregame_close_proxy""]",30,45b8c7d8eae10616d5c4
2,americanfootball_ncaaf,[2022],2022-11-27T00:55:00Z,"[""pregame_close_proxy""]",30,9a254a8b67ae004f78ce
2,americanfootball_ncaaf,[2022],2022-11-27T01:55:00Z,"[""pregame_close_proxy""]",30,50bdc5e1b68c349ff005
2,americanfootball_ncaaf,[2022],2022-11-27T03:25:00Z,"[""pregame_close_proxy""]",30,8f052e52b3f588beb009
2,americanfootball_nfl,[2022],2022-11-27T03:30:00Z,"[""MOS_original_evening_slot_diagnostic""]",30,44df0c39149862ec538d
2,americanfootball_ncaaf,[2022],2022-11-27T03:55:00Z,"[""pregame_close_proxy""]",30,5f0632e1713a3ff93af2
2,americanfootball_ncaaf,[2022],2022-11-27T16:00:00Z,"[""daily_16UTC""]",30,747b2be57d732733db58
2,americanfootball_nfl,[2022],2022-11-27T16:00:00Z,"[""daily_16UTC""]",30,dc156aa6e2e125f56d65
2,americanfootball_nfl,[2022],2022-11-27T17:55:00Z,"[""pregame_close_proxy""]",30,fc26a67c5ab62a1798d8
2,americanfootball_nfl,[2022],2022-11-27T21:00:00Z,"[""pregame_close_proxy""]",30,ab5f31e67cb329e2d152
2,americanfootball_nfl,[2022],2022-11-27T21:20:00Z,"[""pregame_close_proxy""]",30,7542bec343185bcb7a0b
2,americanfootball_nfl,[2022],2022-11-28T01:15:00Z,"[""pregame_close_proxy""]",30,a544669c1e25805306af
2,americanfootball_ncaaf,[2022],2022-11-28T16:00:00Z,"[""daily_16UTC""]",30,8c8c09b8a6dad4acbf73
2,americanfootball_nfl,[2022],2022-11-28T16:00:00Z,"[""daily_16UTC""]",30,995652d3ce983cc2f604
2,americanfootball_nfl,[2022],2022-11-29T01:10:00Z,"[""pregame_close_proxy""]",30,0938521029781c884b7e
2,americanfootball_ncaaf,[2022],2022-11-29T16:00:00Z,"[""daily_16UTC""]",30,deb66d430b3fca4489d1
2,americanfootball_nfl,[2022],2022-11-29T16:00:00Z,"[""daily_16UTC""]",30,f99d704159192e249d05
2,americanfootball_ncaaf,[2022],2022-11-30T16:00:00Z,"[""daily_16UTC""]",30,01240b196c1e8a2bf456
2,americanfootball_nfl,[2022],2022-11-30T16:00:00Z,"[""daily_16UTC""]",30,f29bcdab76dec94e8a45
2,americanfootball_nfl,[2022],2022-12-01T03:30:00Z,"[""MOS_original_evening_slot_diagnostic""]",30,125dd11f47db74013cda
2,americanfootball_ncaaf,[2022],2022-12-01T16:00:00Z,"[""daily_16UTC""]",30,ae54aa938101e96b3994
2,americanfootball_nfl,[2022],2022-12-01T16:00:00Z,"[""daily_16UTC""]",30,52c9e77d2bb483cd5ad0
2,americanfootball_nfl,[2022],2022-12-02T01:10:00Z,"[""pregame_close_proxy""]",30,853d443721b4c1b9e692
2,americanfootball_ncaaf,[2022],2022-12-02T03:30:00Z,"[""MOS_original_evening_slot_diagnostic""]",30,9b51a76b966fa74c5fcc
2,americanfootball_ncaaf,[2022],2022-12-02T16:00:00Z,"[""daily_16UTC""]",30,bb6a8a9d7153204db410
2,americanfootball_nfl,[2022],2022-12-02T16:00:00Z,"[""daily_16UTC""]",30,223f28f9de1278799873
2,americanfootball_ncaaf,[2022],2022-12-02T17:55:00Z,"[""pregame_close_proxy""]",30,c59a90c06e24be202cc2
2,americanfootball_ncaaf,[2022],2022-12-03T00:25:00Z,"[""pregame_close_proxy""]",30,57a6dd6e23b4b79e68b8
2,americanfootball_ncaaf,[2022],2022-12-03T00:55:00Z,"[""pregame_close_proxy""]",30,465e0f0219b2a23e715c
2,americanfootball_ncaaf,[2022],2022-12-03T03:30:00Z,"[""MOS_original_evening_slot_diagnostic""]",30,52a1c8683a5eea10a43f
2,americanfootball_ncaaf,[2022],2022-12-03T16:00:00Z,"[""daily_16UTC""]",30,d8cc665a5b476e760258
2,americanfootball_nfl,[2022],2022-12-03T16:00:00Z,"[""daily_16UTC""]",30,92085273114bc20632e5
2,americanfootball_ncaaf,[2022],2022-12-03T16:55:00Z,"[""pregame_close_proxy""]",30,7d328cea6c5991faeb22
2,americanfootball_ncaaf,[2022],2022-12-03T19:55:00Z,"[""pregame_close_proxy""]",30,075390019e8b2085b2a2
2,americanfootball_ncaaf,[2022],2022-12-03T20:25:00Z,"[""pregame_close_proxy""]",30,50aeb27cc2eeed25f956
2,americanfootball_ncaaf,[2022],2022-12-03T20:55:00Z,"[""pregame_close_proxy""]",30,7a11f83666701cc8e6f2
2,americanfootball_ncaaf,[2022],2022-12-04T00:55:00Z,"[""pregame_close_proxy""]",30,be84684c63cdb9c376ec
2,americanfootball_nfl,[2022],2022-12-04T03:30:00Z,"[""MOS_original_evening_slot_diagnostic""]",30,37d865c6c5091acfab2c
2,americanfootball_ncaaf,[2022],2022-12-04T16:00:00Z,"[""daily_16UTC""]",30,75f4ed115662cab55044
2,americanfootball_nfl,[2022],2022-12-04T16:00:00Z,"[""daily_16UTC""]",30,bedb96ce94a1fcfb01dc
2,americanfootball_nfl,[2022],2022-12-04T17:55:00Z,"[""pregame_close_proxy""]",30,e01bb3cb0770c1f4a609
2,americanfootball_nfl,[2022],2022-12-04T21:00:00Z,"[""pregame_close_proxy""]",30,ea6bb002c2a33c332a04
2,americanfootball_nfl,[2022],2022-12-04T21:20:00Z,"[""pregame_close_proxy""]",30,e3f71379a9c64a3f4f9a
2,americanfootball_nfl,[2022],2022-12-05T01:15:00Z,"[""pregame_close_proxy""]",30,d55c10bbf86926e4a1dc
2,americanfootball_nfl,[2022],2022-12-05T03:30:00Z,"[""MOS_original_evening_slot_diagnostic""]",30,7944bc0054e589a480aa
2,americanfootball_ncaaf,[2022],2022-12-05T16:00:00Z,"[""daily_16UTC""]",30,db4e7abd5958a14b279d
2,americanfootball_nfl,[2022],2022-12-05T16:00:00Z,"[""daily_16UTC""]",30,d70943f0b553c30035bc
2,americanfootball_nfl,[2022],2022-12-06T01:10:00Z,"[""pregame_close_proxy""]",30,826cec72d7c24191546b
2,americanfootball_ncaaf,[2022],2022-12-06T16:00:00Z,"[""daily_16UTC""]",30,0a0ee1d5a6a199964078
2,americanfootball_nfl,[2022],2022-12-06T16:00:00Z,"[""daily_16UTC""]",30,96a12d9ffab29280ec0e
2,americanfootball_ncaaf,[2022],2022-12-07T16:00:00Z,"[""daily_16UTC""]",30,88ea1ea098188c7c6f5b
2,americanfootball_nfl,[2022],2022-12-07T16:00:00Z,"[""daily_16UTC""]",30,6ba29126586f3644d3c7
2,americanfootball_ncaaf,[2022],2022-12-08T16:00:00Z,"[""daily_16UTC""]",30,eb7f41005d8cc75d4f2a
2,americanfootball_nfl,[2022],2022-12-08T16:00:00Z,"[""daily_16UTC""]",30,fd8cef49070d83ff8a71
2,americanfootball_nfl,[2022],2022-12-09T01:10:00Z,"[""pregame_close_proxy""]",30,bf91688b5c0ab102373f
2,americanfootball_ncaaf,[2022],2022-12-09T16:00:00Z,"[""daily_16UTC""]",30,e9492e2b47a0fccf6585
2,americanfootball_nfl,[2022],2022-12-09T16:00:00Z,"[""daily_16UTC""]",30,614e4877b4413b7f0b38
2,americanfootball_ncaaf,[2022],2022-12-10T03:30:00Z,"[""MOS_original_evening_slot_diagnostic""]",30,65525267cde8f7370f86
2,americanfootball_ncaaf,[2022],2022-12-10T16:00:00Z,"[""daily_16UTC""]",30,da4a6e944a6719f24a5c
2,americanfootball_nfl,[2022],2022-12-10T16:00:00Z,"[""daily_16UTC""]",30,77f0dd6e96e6bde5dff2
2,americanfootball_ncaaf,[2022],2022-12-10T19:55:00Z,"[""pregame_close_proxy""]",30,1387c53235eebe925538
2,americanfootball_nfl,[2022],2022-12-11T03:30:00Z,"[""MOS_original_evening_slot_diagnostic""]",30,4566145cd96287249354
2,americanfootball_nfl,[2022],2022-12-11T16:00:00Z,"[""daily_16UTC""]",30,d1936e7db97d39c0b542
2,americanfootball_nfl,[2022],2022-12-11T17:55:00Z,"[""pregame_close_proxy""]",30,1789a54742df3a51f4cb
2,americanfootball_nfl,[2022],2022-12-11T21:00:00Z,"[""pregame_close_proxy""]",30,f93df2d4165209395cbd
2,americanfootball_nfl,[2022],2022-12-11T21:20:00Z,"[""pregame_close_proxy""]",30,16584d42cbeb1bbc4b02
2,americanfootball_nfl,[2022],2022-12-12T01:15:00Z,"[""pregame_close_proxy""]",30,3fac8aa463ae8c8c9108
2,americanfootball_nfl,[2022],2022-12-12T16:00:00Z,"[""daily_16UTC""]",30,f195fbf5e7b675df59ca
2,americanfootball_nfl,[2022],2022-12-13T01:10:00Z,"[""pregame_close_proxy""]",30,3b41e5dcc86f792a5799
2,americanfootball_nfl,[2022],2022-12-13T16:00:00Z,"[""daily_16UTC""]",30,953a80225cab62c84d90
2,americanfootball_nfl,[2022],2022-12-14T16:00:00Z,"[""daily_16UTC""]",30,b90aafef492a25348d0b
2,americanfootball_nfl,[2022],2022-12-15T03:30:00Z,"[""MOS_original_evening_slot_diagnostic""]",30,811bccaf49c5809dfb9f
2,americanfootball_nfl,[2022],2022-12-15T16:00:00Z,"[""daily_16UTC""]",30,6e83e7249f9e71340ba9
2,americanfootball_nfl,[2022],2022-12-16T01:10:00Z,"[""pregame_close_proxy""]",30,1a2621aeafb2ed624887
2,americanfootball_nfl,[2022],2022-12-16T16:00:00Z,"[""daily_16UTC""]",30,2b7327be9810ada8a276
2,americanfootball_nfl,[2022],2022-12-17T03:30:00Z,"[""MOS_original_evening_slot_diagnostic""]",30,4c9668a6df0e58b811e6
2,americanfootball_nfl,[2022],2022-12-17T16:00:00Z,"[""daily_16UTC""]",30,f3b2cb03c60d84eaa1ba
2,americanfootball_nfl,[2022],2022-12-17T17:55:00Z,"[""pregame_close_proxy""]",30,6e1ccb8d5b590eb50fa6
2,americanfootball_nfl,[2022],2022-12-17T21:25:00Z,"[""pregame_close_proxy""]",30,2422eabd3b8e8d94bf98
2,americanfootball_nfl,[2022],2022-12-18T01:10:00Z,"[""pregame_close_proxy""]",30,ff3b1707ebdb5a8e0e64
2,americanfootball_nfl,[2022],2022-12-18T03:30:00Z,"[""MOS_original_evening_slot_diagnostic""]",30,a2d24447356483c9ac92
2,americanfootball_nfl,[2022],2022-12-18T16:00:00Z,"[""daily_16UTC""]",30,5ae612fdffa805ad7fd5
2,americanfootball_nfl,[2022],2022-12-18T17:55:00Z,"[""pregame_close_proxy""]",30,3d3428539456b85b2aac
2,americanfootball_nfl,[2022],2022-12-18T21:00:00Z,"[""pregame_close_proxy""]",30,aeb8db07e17c22b10aca
2,americanfootball_nfl,[2022],2022-12-18T21:20:00Z,"[""pregame_close_proxy""]",30,9710665e4e11da725f4f
2,americanfootball_nfl,[2022],2022-12-19T01:15:00Z,"[""pregame_close_proxy""]",30,9d74f5e5cd4358f178a5
2,americanfootball_nfl,[2022],2022-12-19T03:30:00Z,"[""MOS_original_evening_slot_diagnostic""]",30,74e13fb64d87c85b0f81
2,americanfootball_nfl,[2022],2022-12-19T16:00:00Z,"[""daily_16UTC""]",30,c777afeedd713911c1fa
2,americanfootball_nfl,[2022],2022-12-20T01:10:00Z,"[""pregame_close_proxy""]",30,28e29917df7b6e0ca4c6
2,americanfootball_nfl,[2022],2022-12-20T16:00:00Z,"[""daily_16UTC""]",30,bc3e11f8bbc112d5263a
2,americanfootball_nfl,[2022],2022-12-21T16:00:00Z,"[""daily_16UTC""]",30,9fd3d227d895790907c4
2,americanfootball_nfl,[2022],2022-12-22T03:30:00Z,"[""MOS_original_evening_slot_diagnostic""]",30,e819a3162e208fc0750d
2,americanfootball_nfl,[2022],2022-12-22T16:00:00Z,"[""daily_16UTC""]",30,7c0cadb839e427466005
2,americanfootball_nfl,[2022],2022-12-23T01:10:00Z,"[""pregame_close_proxy""]",30,ab026fe34edbbf5a4a8a
2,americanfootball_nfl,[2022],2022-12-23T16:00:00Z,"[""daily_16UTC""]",30,32840fe44212df9e1fff
2,americanfootball_nfl,[2022],2022-12-24T03:30:00Z,"[""MOS_original_evening_slot_diagnostic""]",30,1150cea0335d13af4c1d
2,americanfootball_nfl,[2022],2022-12-24T16:00:00Z,"[""daily_16UTC""]",30,29a0880ce1951697b740
2,americanfootball_nfl,[2022],2022-12-24T17:55:00Z,"[""pregame_close_proxy""]",30,f0740ff26f9f4eecd0c2
2,americanfootball_nfl,[2022],2022-12-24T18:55:00Z,"[""alternate_independent_close_proxy""]",30,349b570c2000927329a9
2,americanfootball_nfl,[2022],2022-12-24T21:00:00Z,"[""pregame_close_proxy""]",30,c53f13a19a440b519c49
2,americanfootball_nfl,[2022],2022-12-24T21:20:00Z,"[""pregame_close_proxy""]",30,e65c947ff0ae5a168ef0
2,americanfootball_nfl,[2022],2022-12-25T01:10:00Z,"[""pregame_close_proxy""]",30,49726c40522a8dac4081
2,americanfootball_nfl,[2022],2022-12-25T03:30:00Z,"[""MOS_original_evening_slot_diagnostic""]",30,8e809c05ec5382c3ede7
2,americanfootball_nfl,[2022],2022-12-25T16:00:00Z,"[""daily_16UTC""]",30,08748b65ebf4db2758ed
2,americanfootball_nfl,[2022],2022-12-25T17:55:00Z,"[""pregame_close_proxy""]",30,725e7731604b05a79343
2,americanfootball_nfl,[2022],2022-12-25T21:25:00Z,"[""pregame_close_proxy""]",30,3757717d36bfad1b863e
2,americanfootball_nfl,[2022],2022-12-26T01:15:00Z,"[""pregame_close_proxy""]",30,1e50d05a726b46b5c4a4
2,americanfootball_nfl,[2022],2022-12-26T16:00:00Z,"[""daily_16UTC""]",30,9cf1592f7d8b0d202214
2,americanfootball_nfl,[2022],2022-12-27T01:10:00Z,"[""pregame_close_proxy""]",30,4b3c6d913da16def1341
2,americanfootball_nfl,[2022],2022-12-27T16:00:00Z,"[""daily_16UTC""]",30,2837366efe0417484b8e
2,americanfootball_nfl,[2022],2022-12-28T16:00:00Z,"[""daily_16UTC""]",30,4705e581258938459d3e
2,americanfootball_nfl,[2022],2022-12-29T03:30:00Z,"[""MOS_original_evening_slot_diagnostic""]",30,84d55a69e1f8e68e50e6
2,americanfootball_nfl,[2022],2022-12-29T16:00:00Z,"[""daily_16UTC""]",30,664d64fb2b4f9da7c614
2,americanfootball_nfl,[2022],2022-12-30T01:10:00Z,"[""pregame_close_proxy""]",30,893a1bdad7dfb5b76d23
2,americanfootball_nfl,[2022],2022-12-30T16:00:00Z,"[""daily_16UTC""]",30,05369c69164ea30fa420
2,americanfootball_nfl,[2022],2022-12-31T16:00:00Z,"[""daily_16UTC""]",30,16521e0236d9da023231
2,americanfootball_nfl,[2022],2023-01-01T03:30:00Z,"[""MOS_original_evening_slot_diagnostic""]",30,8498fd0c68c6a453a230
2,americanfootball_nfl,[2022],2023-01-01T16:00:00Z,"[""daily_16UTC""]",30,0b68039f37807cbaefdc
2,americanfootball_nfl,[2022],2023-01-01T17:55:00Z,"[""pregame_close_proxy""]",30,5f34cc99cc9d9179deb9
2,americanfootball_nfl,[2022],2023-01-01T21:00:00Z,"[""pregame_close_proxy""]",30,749d22dc0f4403371667
2,americanfootball_nfl,[2022],2023-01-01T21:20:00Z,"[""pregame_close_proxy""]",30,a3ca1a0f50623c1c6c62
2,americanfootball_nfl,[2022],2023-01-02T01:15:00Z,"[""pregame_close_proxy""]",30,50130b0c7669a6a44508
2,americanfootball_nfl,[2022],2023-01-02T16:00:00Z,"[""daily_16UTC""]",30,9726bd20e6d699451050
2,americanfootball_nfl,[2022],2023-01-03T16:00:00Z,"[""daily_16UTC""]",30,d5326df4e0094666eaf4
2,americanfootball_nfl,[2022],2023-01-04T16:00:00Z,"[""daily_16UTC""]",30,75fb4b724c157d106714
2,americanfootball_nfl,[2022],2023-01-05T16:00:00Z,"[""daily_16UTC""]",30,0d910be086fb8f87a13f
2,americanfootball_nfl,[2022],2023-01-06T16:00:00Z,"[""daily_16UTC""]",30,6461e88225eaa0ffe3a5
2,americanfootball_nfl,[2022],2023-01-07T03:30:00Z,"[""MOS_original_evening_slot_diagnostic""]",30,871cb524d4e45929cad3
2,americanfootball_nfl,[2022],2023-01-07T16:00:00Z,"[""daily_16UTC""]",30,adbfce9b0eca4ac829a5
2,americanfootball_nfl,[2022],2023-01-07T21:25:00Z,"[""pregame_close_proxy""]",30,006cec8ca5fdab084113
2,americanfootball_nfl,[2022],2023-01-08T01:10:00Z,"[""pregame_close_proxy""]",30,4bdbad247af28684e864
2,americanfootball_nfl,[2022],2023-01-08T03:30:00Z,"[""MOS_original_evening_slot_diagnostic""]",30,f1d1a29d50cb170094d6
2,americanfootball_nfl,[2022],2023-01-08T16:00:00Z,"[""daily_16UTC""]",30,d8b0691d89031d55cbf3
2,americanfootball_nfl,[2022],2023-01-08T17:55:00Z,"[""pregame_close_proxy""]",30,07ac590bdea303b01e33
2,americanfootball_nfl,[2022],2023-01-08T21:20:00Z,"[""pregame_close_proxy""]",30,6d60c8c5e8aa515eb2b5
2,americanfootball_nfl,[2022],2023-01-09T01:15:00Z,"[""pregame_close_proxy""]",30,e66eb0786e588e010611
2,americanfootball_nfl,[2022],2023-01-09T16:00:00Z,"[""daily_16UTC""]",30,98cf62a1fccf09ad7377
2,americanfootball_nfl,[2022],2023-01-10T16:00:00Z,"[""daily_16UTC""]",30,1c41b1cfffb5a9e81796
2,americanfootball_nfl,[2022],2023-01-11T16:00:00Z,"[""daily_16UTC""]",30,aba52b0f64d52e9c83f7
2,americanfootball_nfl,[2022],2023-01-12T16:00:00Z,"[""daily_16UTC""]",30,57e472d0cf719eff3bfd
2,americanfootball_nfl,[2022],2023-01-13T16:00:00Z,"[""daily_16UTC""]",30,396ea108c334b1623655
2,americanfootball_nfl,[2022],2023-01-14T03:30:00Z,"[""MOS_original_evening_slot_diagnostic""]",30,fc869ff8fe1619556f55
2,americanfootball_nfl,[2022],2023-01-14T16:00:00Z,"[""daily_16UTC""]",30,62edde9b32296a53a9a8
2,americanfootball_nfl,[2022],2023-01-14T21:25:00Z,"[""pregame_close_proxy""]",30,155abbb0c5361521368e
2,americanfootball_nfl,[2022],2023-01-15T01:10:00Z,"[""pregame_close_proxy""]",30,3970d2869f5caa99bab5
2,americanfootball_nfl,[2022],2023-01-15T03:30:00Z,"[""MOS_original_evening_slot_diagnostic""]",30,a2570e576ed12ac4d41b
2,americanfootball_nfl,[2022],2023-01-15T16:00:00Z,"[""daily_16UTC""]",30,33a694693ba349cdcfee
2,americanfootball_nfl,[2022],2023-01-15T18:00:00Z,"[""pregame_close_proxy""]",30,475cc48b13556f6b6d5e
2,americanfootball_nfl,[2022],2023-01-15T21:35:00Z,"[""pregame_close_proxy""]",30,3bcdb02f8a00a4306f0b
2,americanfootball_nfl,[2022],2023-01-15T21:45:00Z,"[""alternate_independent_close_proxy""]",30,82042e3e4a3e1e586660
2,americanfootball_nfl,[2022],2023-01-16T01:10:00Z,"[""pregame_close_proxy""]",30,0064412a131ab0b4aabc
2,americanfootball_nfl,[2022],2023-01-16T03:30:00Z,"[""MOS_original_evening_slot_diagnostic""]",30,94b244eca10b592b4d26
2,americanfootball_nfl,[2022],2023-01-16T16:00:00Z,"[""daily_16UTC""]",30,718e20cfaa6d727a496b
2,americanfootball_nfl,[2022],2023-01-17T01:10:00Z,"[""pregame_close_proxy""]",30,dd416f255ec61b4ffea6
2,americanfootball_nfl,[2022],2023-01-17T16:00:00Z,"[""daily_16UTC""]",30,7b8aaacb813654121290
2,americanfootball_nfl,[2022],2023-01-18T16:00:00Z,"[""daily_16UTC""]",30,47cff938073135efa83e
2,americanfootball_nfl,[2022],2023-01-19T16:00:00Z,"[""daily_16UTC""]",30,5d279ae0dbe71bdbd86b
2,americanfootball_nfl,[2022],2023-01-20T16:00:00Z,"[""daily_16UTC""]",30,0fd281384aa6635f99e3
2,americanfootball_nfl,[2022],2023-01-21T03:30:00Z,"[""MOS_original_evening_slot_diagnostic""]",30,d630eb832b3bc2b37d0a
2,americanfootball_nfl,[2022],2023-01-21T16:00:00Z,"[""daily_16UTC""]",30,5af39defc1ca1d9bad22
2,americanfootball_nfl,[2022],2023-01-21T21:25:00Z,"[""pregame_close_proxy""]",30,e16ab5df14a7955caa82
2,americanfootball_nfl,[2022],2023-01-22T01:10:00Z,"[""pregame_close_proxy""]",30,f589d6d781a3edb62614
2,americanfootball_nfl,[2022],2023-01-22T03:30:00Z,"[""MOS_original_evening_slot_diagnostic""]",30,586a6bba18ccd0d3c769
2,americanfootball_nfl,[2022],2023-01-22T16:00:00Z,"[""daily_16UTC""]",30,d5abf41c740c05c45432
2,americanfootball_nfl,[2022],2023-01-22T19:55:00Z,"[""pregame_close_proxy""]",30,51d725dd60648c8b3b90
2,americanfootball_nfl,[2022],2023-01-22T23:25:00Z,"[""pregame_close_proxy""]",30,f14d18868d9cb5419e7f
2,americanfootball_nfl,[2022],2023-01-23T16:00:00Z,"[""daily_16UTC""]",30,3be528b07a5fc922c1b4
2,americanfootball_nfl,[2022],2023-01-24T16:00:00Z,"[""daily_16UTC""]",30,d1849e48a00e4cb0f4be
2,americanfootball_nfl,[2022],2023-01-25T16:00:00Z,"[""daily_16UTC""]",30,a40267ed292c62b8cfd4
2,americanfootball_nfl,[2022],2023-01-26T16:00:00Z,"[""daily_16UTC""]",30,22881dbcc3a653edcb6f
2,americanfootball_nfl,[2022],2023-01-27T16:00:00Z,"[""daily_16UTC""]",30,57b69e8f25e801209d33
2,americanfootball_nfl,[2022],2023-01-28T16:00:00Z,"[""daily_16UTC""]",30,7a8647bb387671d14923
2,americanfootball_nfl,[2022],2023-01-29T03:30:00Z,"[""MOS_original_evening_slot_diagnostic""]",30,9bf38303b986f3ffe30b
2,americanfootball_nfl,[2022],2023-01-29T16:00:00Z,"[""daily_16UTC""]",30,a664e189ee2ffdcd94ae
2,americanfootball_nfl,[2022],2023-01-29T19:55:00Z,"[""pregame_close_proxy""]",30,2e3a9d09cc6147f71d53
2,americanfootball_nfl,[2022],2023-01-29T23:25:00Z,"[""pregame_close_proxy""]",30,2e764ff38653e5ccb413
2,americanfootball_nfl,[2022],2023-02-06T16:00:00Z,"[""daily_16UTC""]",30,7cef9e57b6bfd2e0f5d9
2,americanfootball_nfl,[2022],2023-02-07T16:00:00Z,"[""daily_16UTC""]",30,87c7ece2cfbba90542c5
2,americanfootball_nfl,[2022],2023-02-08T16:00:00Z,"[""daily_16UTC""]",30,bf5a78928e7ff059c85a
2,americanfootball_nfl,[2022],2023-02-09T16:00:00Z,"[""daily_16UTC""]",30,ea9f241d239fb3b32b17
2,americanfootball_nfl,[2022],2023-02-10T16:00:00Z,"[""daily_16UTC""]",30,ffa819b19d9c5fa39384
2,americanfootball_nfl,[2022],2023-02-11T16:00:00Z,"[""daily_16UTC""]",30,8c3105e60f99d6005e13
2,americanfootball_nfl,[2022],2023-02-12T16:00:00Z,"[""daily_16UTC""]",30,042cf9e05fbf3898a0b1
2,americanfootball_nfl,[2022],2023-02-12T23:30:00Z,"[""pregame_close_proxy""]",30,c6f0b7d0ddb6d42bb07a
