request_id,sport,event_id,requested_utc,markets,bookmakers,max_new_credits
f3cc5714173ca34428695ff313f86f4d6092485d2b477457c5ec868714b355a4,americanfootball_nfl,f1bc532dff946d15cb85654b5c4b246e,2025-09-04T00:20:00Z,"player_pass_yds,player_rush_yds,player_reception_yds,player_receptions,player_kicking_points,player_field_goals","pinnacle,lowvig,betonlineag,draftkings,fanduel,betmgm,williamhill_us,fanatics,betrivers,espnbet",60
d8fb62ce7e145ddea52054e35fd20e04c9ccef0213455dadbf6af61584e4d4e1,americanfootball_nfl,9535d3e3ee9d9fc83ea2b500ad0b587c,2025-09-05T00:00:00Z,"player_pass_yds,player_rush_yds,player_reception_yds,player_receptions,player_kicking_points,player_field_goals","pinnacle,lowvig,betonlineag,draftkings,fanduel,betmgm,williamhill_us,fanatics,betrivers,espnbet",60
b270a259759b7ca558c95e23175cd066196010e24bc6a17c1058ab5e7c2e4954,americanfootball_nfl,f1bc532dff946d15cb85654b5c4b246e,2025-09-05T00:10:00Z,"player_pass_yds,player_rush_yds,player_reception_yds,player_receptions,player_kicking_points,player_field_goals","pinnacle,lowvig,betonlineag,draftkings,fanduel,betmgm,williamhill_us,fanatics,betrivers,espnbet",60
fec5816d02b98d985b8b66f7c6dec568868cb18f2702931a03b51f7ffad0d9d4,americanfootball_nfl,9535d3e3ee9d9fc83ea2b500ad0b587c,2025-09-05T23:50:00Z,"player_pass_yds,player_rush_yds,player_reception_yds,player_receptions,player_kicking_points,player_field_goals","pinnacle,lowvig,betonlineag,draftkings,fanduel,betmgm,williamhill_us,fanatics,betrivers,espnbet",60
1b6eddd85922ca438f864156793d0b4f3419c47e16cf2717d9ccb3f324495597,americanfootball_nfl,5ed483bb614b18955f8b43f177746371,2025-09-06T17:00:00Z,"player_pass_yds,player_rush_yds,player_reception_yds,player_receptions,player_kicking_points,player_field_goals","pinnacle,lowvig,betonlineag,draftkings,fanduel,betmgm,williamhill_us,fanatics,betrivers,espnbet",60
1d85ddd7e4ae6bff82c55d618df2853f13db88bf3fdcb66a67ec440d40d8465f,americanfootball_nfl,1e09eb3fe1385796c1a32000de48ac64,2025-09-06T17:00:00Z,"player_pass_yds,player_rush_yds,player_reception_yds,player_receptions,player_kicking_points,player_field_goals","pinnacle,lowvig,betonlineag,draftkings,fanduel,betmgm,williamhill_us,fanatics,betrivers,espnbet",60
25e807e8f9d074e0d263cc4b7e9726d7feba2fad4e0990be3a497c8c61483cce,americanfootball_nfl,557d13ef8f4c1d21044f3a478cda6d0b,2025-09-06T17:00:00Z,"player_pass_yds,player_rush_yds,player_reception_yds,player_receptions,player_kicking_points,player_field_goals","pinnacle,lowvig,betonlineag,draftkings,fanduel,betmgm,williamhill_us,fanatics,betrivers,espnbet",60
5aea9c7fcd27d12bc73806fa29993d74d4a685c99e9d49e4d44e8cd02fa4a471,americanfootball_nfl,394256a6c3d0f5ecd1208fffaae6a72f,2025-09-06T17:00:00Z,"player_pass_yds,player_rush_yds,player_reception_yds,player_receptions,player_kicking_points,player_field_goals","pinnacle,lowvig,betonlineag,draftkings,fanduel,betmgm,williamhill_us,fanatics,betrivers,espnbet",60
a31faa7e981445117189ad087ce9bfafd7b9706c51047c75cbb178669138f3c4,americanfootball_nfl,e2d3b0596efcebc1c19dab92009f5e26,2025-09-06T17:00:00Z,"player_pass_yds,player_rush_yds,player_reception_yds,player_receptions,player_kicking_points,player_field_goals","pinnacle,lowvig,betonlineag,draftkings,fanduel,betmgm,williamhill_us,fanatics,betrivers,espnbet",60
b211e0c2bad56cb7e078b51f6e45bec52816cd24e127cda6c00a70f740b83c9e,americanfootball_nfl,0b2455795dfcd692dd607503e4f20d04,2025-09-06T17:00:00Z,"player_pass_yds,player_rush_yds,player_reception_yds,player_receptions,player_kicking_points,player_field_goals","pinnacle,lowvig,betonlineag,draftkings,fanduel,betmgm,williamhill_us,fanatics,betrivers,espnbet",60
ce412f911b0a74339b823bad5bb1a8918a37ea1f761e46760bfca8b8e132aa49,americanfootball_nfl,4cce00ca468c67eca17a9a061f778fb2,2025-09-06T17:00:00Z,"player_pass_yds,player_rush_yds,player_reception_yds,player_receptions,player_kicking_points,player_field_goals","pinnacle,lowvig,betonlineag,draftkings,fanduel,betmgm,williamhill_us,fanatics,betrivers,espnbet",60
e9a0c6c131cd74700b75437f6e002141627b1ed6a8b60c0f07f97ab4c0c8deb7,americanfootball_nfl,b02a72c768a6c6dee87aa74f78e84176,2025-09-06T17:00:00Z,"player_pass_yds,player_rush_yds,player_reception_yds,player_receptions,player_kicking_points,player_field_goals","pinnacle,lowvig,betonlineag,draftkings,fanduel,betmgm,williamhill_us,fanatics,betrivers,espnbet",60
1ce4fc4155bf1e47bbe503b090bfeef69085b7d446235a34c1ab2c2dc9f4b64d,americanfootball_nfl,9f1ad249959aacae89e5e74e43429a4a,2025-09-06T20:05:00Z,"player_pass_yds,player_rush_yds,player_reception_yds,player_receptions,player_kicking_points,player_field_goals","pinnacle,lowvig,betonlineag,draftkings,fanduel,betmgm,williamhill_us,fanatics,betrivers,espnbet",60
42790653a7378e35185fe99175c7463810659410948b7680ae6da7dec5986410,americanfootball_nfl,68397f3aa9eb847a421a49f990a11928,2025-09-06T20:05:00Z,"player_pass_yds,player_rush_yds,player_reception_yds,player_receptions,player_kicking_points,player_field_goals","pinnacle,lowvig,betonlineag,draftkings,fanduel,betmgm,williamhill_us,fanatics,betrivers,espnbet",60
416fd80ce36fcdb866ba6825a55e6c9a2cf40d53a99f8f9522e0c375b28d423b,americanfootball_nfl,dc0e3db61983a138098f28226788d2d3,2025-09-06T20:25:00Z,"player_pass_yds,player_rush_yds,player_reception_yds,player_receptions,player_kicking_points,player_field_goals","pinnacle,lowvig,betonlineag,draftkings,fanduel,betmgm,williamhill_us,fanatics,betrivers,espnbet",60
f947420c44013d59673224c2d8f481047686a3196948c4efb3d461500fd60147,americanfootball_nfl,8e0e2d9237098222f9ca7554b11b12bb,2025-09-06T20:25:00Z,"player_pass_yds,player_rush_yds,player_reception_yds,player_receptions,player_kicking_points,player_field_goals","pinnacle,lowvig,betonlineag,draftkings,fanduel,betmgm,williamhill_us,fanatics,betrivers,espnbet",60
6a071152541f3a356bcd7f8a1449715eaadd6eda8e2261c6f46eee84bc3157b2,americanfootball_nfl,dee0a41ed5e8201a96d457899adbe918,2025-09-07T00:20:00Z,"player_pass_yds,player_rush_yds,player_reception_yds,player_receptions,player_kicking_points,player_field_goals","pinnacle,lowvig,betonlineag,draftkings,fanduel,betmgm,williamhill_us,fanatics,betrivers,espnbet",60
02ebf350787e6c2edaaf343b158174fe93f24aeafd32f66f3a1de0b880196242,americanfootball_nfl,0b2455795dfcd692dd607503e4f20d04,2025-09-07T16:50:00Z,"player_pass_yds,player_rush_yds,player_reception_yds,player_receptions,player_kicking_points,player_field_goals","pinnacle,lowvig,betonlineag,draftkings,fanduel,betmgm,williamhill_us,fanatics,betrivers,espnbet",60
31391aaa125960ead89d11d11061bc76c85f7bd6d8e8e1b0cad5ef44a3d0afeb,americanfootball_nfl,394256a6c3d0f5ecd1208fffaae6a72f,2025-09-07T16:50:00Z,"player_pass_yds,player_rush_yds,player_reception_yds,player_receptions,player_kicking_points,player_field_goals","pinnacle,lowvig,betonlineag,draftkings,fanduel,betmgm,williamhill_us,fanatics,betrivers,espnbet",60
53a56b16496606d7b976307773c7bcb5a8ee703c6715ebc8a594d683007e4e62,americanfootball_nfl,b02a72c768a6c6dee87aa74f78e84176,2025-09-07T16:50:00Z,"player_pass_yds,player_rush_yds,player_reception_yds,player_receptions,player_kicking_points,player_field_goals","pinnacle,lowvig,betonlineag,draftkings,fanduel,betmgm,williamhill_us,fanatics,betrivers,espnbet",60
5c9a84fb8c66e0417e10b8732bcf146e8c8507f3a2180d596051e57dc21bcef4,americanfootball_nfl,1e09eb3fe1385796c1a32000de48ac64,2025-09-07T16:50:00Z,"player_pass_yds,player_rush_yds,player_reception_yds,player_receptions,player_kicking_points,player_field_goals","pinnacle,lowvig,betonlineag,draftkings,fanduel,betmgm,williamhill_us,fanatics,betrivers,espnbet",60
61c8aed49f9f353a0a5e0b9d2ab966c9693b716c8cf7e26a23d3d1ae20044072,americanfootball_nfl,557d13ef8f4c1d21044f3a478cda6d0b,2025-09-07T16:50:00Z,"player_pass_yds,player_rush_yds,player_reception_yds,player_receptions,player_kicking_points,player_field_goals","pinnacle,lowvig,betonlineag,draftkings,fanduel,betmgm,williamhill_us,fanatics,betrivers,espnbet",60
a1a9e26e58d5d72cb14c9474fe1b5a3ccbcad2e1e4b1066ef07bc39b87da869c,americanfootball_nfl,e2d3b0596efcebc1c19dab92009f5e26,2025-09-07T16:50:00Z,"player_pass_yds,player_rush_yds,player_reception_yds,player_receptions,player_kicking_points,player_field_goals","pinnacle,lowvig,betonlineag,draftkings,fanduel,betmgm,williamhill_us,fanatics,betrivers,espnbet",60
af3365444a86157cbf69a6f89a6009c815922e5067f07820870507444b8b8b50,americanfootball_nfl,4cce00ca468c67eca17a9a061f778fb2,2025-09-07T16:50:00Z,"player_pass_yds,player_rush_yds,player_reception_yds,player_receptions,player_kicking_points,player_field_goals","pinnacle,lowvig,betonlineag,draftkings,fanduel,betmgm,williamhill_us,fanatics,betrivers,espnbet",60
e8da19c1734469ce8a081f3040091af28bce463d3de702697860846419e2e431,americanfootball_nfl,5ed483bb614b18955f8b43f177746371,2025-09-07T16:50:00Z,"player_pass_yds,player_rush_yds,player_reception_yds,player_receptions,player_kicking_points,player_field_goals","pinnacle,lowvig,betonlineag,draftkings,fanduel,betmgm,williamhill_us,fanatics,betrivers,espnbet",60
371628950eb8668419f34582a9b00bad2e0a5d7022e6f7adeeec28cb370ed9a0,americanfootball_nfl,9f1ad249959aacae89e5e74e43429a4a,2025-09-07T19:55:00Z,"player_pass_yds,player_rush_yds,player_reception_yds,player_receptions,player_kicking_points,player_field_goals","pinnacle,lowvig,betonlineag,draftkings,fanduel,betmgm,williamhill_us,fanatics,betrivers,espnbet",60
39745f987baacfe6c3bd25ebc0ac667289eb34f6ea1ed3779cb5eadef249b605,americanfootball_nfl,68397f3aa9eb847a421a49f990a11928,2025-09-07T19:55:00Z,"player_pass_yds,player_rush_yds,player_reception_yds,player_receptions,player_kicking_points,player_field_goals","pinnacle,lowvig,betonlineag,draftkings,fanduel,betmgm,williamhill_us,fanatics,betrivers,espnbet",60
716008ac7d1a32436af6848404af0ee167c250f38f6641496ffd6bdb5ec4928a,americanfootball_nfl,dc0e3db61983a138098f28226788d2d3,2025-09-07T20:15:00Z,"player_pass_yds,player_rush_yds,player_reception_yds,player_receptions,player_kicking_points,player_field_goals","pinnacle,lowvig,betonlineag,draftkings,fanduel,betmgm,williamhill_us,fanatics,betrivers,espnbet",60
d09f2ff79981eadc506fb194bef8121e7fb550bb2353f2d54b5cc2de981919d9,americanfootball_nfl,8e0e2d9237098222f9ca7554b11b12bb,2025-09-07T20:15:00Z,"player_pass_yds,player_rush_yds,player_reception_yds,player_receptions,player_kicking_points,player_field_goals","pinnacle,lowvig,betonlineag,draftkings,fanduel,betmgm,williamhill_us,fanatics,betrivers,espnbet",60
2933ea8daeb079046ab09385d4671f00abd5ac5044688b17d2b48a2cb19a5391,americanfootball_nfl,dee0a41ed5e8201a96d457899adbe918,2025-09-08T00:10:00Z,"player_pass_yds,player_rush_yds,player_reception_yds,player_receptions,player_kicking_points,player_field_goals","pinnacle,lowvig,betonlineag,draftkings,fanduel,betmgm,williamhill_us,fanatics,betrivers,espnbet",60
76f4a4014dcbbdc1d2576c4148bad09eaf2480a27f5803b0d7c8275505fd008c,americanfootball_nfl,c6d7807cee33d5e81c671527b9c8b3f1,2025-09-08T00:15:00Z,"player_pass_yds,player_rush_yds,player_reception_yds,player_receptions,player_kicking_points,player_field_goals","pinnacle,lowvig,betonlineag,draftkings,fanduel,betmgm,williamhill_us,fanatics,betrivers,espnbet",60
f5ef4b368e9725d170f42f684005682aeb96dfce330f8268999fa452f50c4cd1,americanfootball_nfl,c6d7807cee33d5e81c671527b9c8b3f1,2025-09-09T00:05:00Z,"player_pass_yds,player_rush_yds,player_reception_yds,player_receptions,player_kicking_points,player_field_goals","pinnacle,lowvig,betonlineag,draftkings,fanduel,betmgm,williamhill_us,fanatics,betrivers,espnbet",60
8e9c9966c3262fd5d89de85a89e49cc2aebc039b7d19780a0ef2cb165e5f0379,americanfootball_nfl,0c6e5d9821ce0d3e82f3e792879776a6,2025-09-11T00:15:00Z,"player_pass_yds,player_rush_yds,player_reception_yds,player_receptions,player_kicking_points,player_field_goals","pinnacle,lowvig,betonlineag,draftkings,fanduel,betmgm,williamhill_us,fanatics,betrivers,espnbet",60
52be7e0df7c07d726815736c76f1500aa7754b63c88e3d9f5435482001705c91,americanfootball_nfl,0c6e5d9821ce0d3e82f3e792879776a6,2025-09-12T00:05:00Z,"player_pass_yds,player_rush_yds,player_reception_yds,player_receptions,player_kicking_points,player_field_goals","pinnacle,lowvig,betonlineag,draftkings,fanduel,betmgm,williamhill_us,fanatics,betrivers,espnbet",60
00bfaaf6ac83bd590e7375eaf68dec4d841696ed2c7d0666d378678002d82b03,americanfootball_nfl,cd0fd9335b5182d3bfed35ab8d5ab6fb,2025-09-13T17:00:00Z,"player_pass_yds,player_rush_yds,player_reception_yds,player_receptions,player_kicking_points,player_field_goals","pinnacle,lowvig,betonlineag,draftkings,fanduel,betmgm,williamhill_us,fanatics,betrivers,espnbet",60
236bf5eea79b8700c2da20912ff7d119e2cdf467cb7438a67dbd305fbd346036,americanfootball_nfl,05a5b084f4e19535b2d3f91ef5c00169,2025-09-13T17:00:00Z,"player_pass_yds,player_rush_yds,player_reception_yds,player_receptions,player_kicking_points,player_field_goals","pinnacle,lowvig,betonlineag,draftkings,fanduel,betmgm,williamhill_us,fanatics,betrivers,espnbet",60
5ce13eba49fbb2dd3a15f3380e0a129058c516b97e3c343d3ffa9bb58807c062,americanfootball_nfl,82f9fd7001598d5cf9c1bdd57c66cae4,2025-09-13T17:00:00Z,"player_pass_yds,player_rush_yds,player_reception_yds,player_receptions,player_kicking_points,player_field_goals","pinnacle,lowvig,betonlineag,draftkings,fanduel,betmgm,williamhill_us,fanatics,betrivers,espnbet",60
62f5824e9b57a753d690779fae9d40f47722d71937019e9d5991c683aa0974ec,americanfootball_nfl,0e6f68b30237afc04d1517a193213a65,2025-09-13T17:00:00Z,"player_pass_yds,player_rush_yds,player_reception_yds,player_receptions,player_kicking_points,player_field_goals","pinnacle,lowvig,betonlineag,draftkings,fanduel,betmgm,williamhill_us,fanatics,betrivers,espnbet",60
75d1106997109cb23f189f2c029efbbcb1df0013e078604fabb635020abb4db7,americanfootball_nfl,1ee9ea2c8256bc6be5dd92e60f6c17de,2025-09-13T17:00:00Z,"player_pass_yds,player_rush_yds,player_reception_yds,player_receptions,player_kicking_points,player_field_goals","pinnacle,lowvig,betonlineag,draftkings,fanduel,betmgm,williamhill_us,fanatics,betrivers,espnbet",60
7cc9f666113df1547678e6627f8f866179774107dcf9645eb02533b80dfdd0f8,americanfootball_nfl,ec75e45d75691f810f347e0c5ff25d6e,2025-09-13T17:00:00Z,"player_pass_yds,player_rush_yds,player_reception_yds,player_receptions,player_kicking_points,player_field_goals","pinnacle,lowvig,betonlineag,draftkings,fanduel,betmgm,williamhill_us,fanatics,betrivers,espnbet",60
7cd9a0d1fa530053ec18cf2e5adb0b4b351e62259707e8c0883a6b04d54c18cb,americanfootball_nfl,866d7405986fb4d14897cdb6c0aa5926,2025-09-13T17:00:00Z,"player_pass_yds,player_rush_yds,player_reception_yds,player_receptions,player_kicking_points,player_field_goals","pinnacle,lowvig,betonlineag,draftkings,fanduel,betmgm,williamhill_us,fanatics,betrivers,espnbet",60
851ff73acf9c60841391029f65841a6d8545e8596efeb413c3f8eee6f3d7578f,americanfootball_nfl,553edb8bf2452482b37dde58e832a6fb,2025-09-13T17:00:00Z,"player_pass_yds,player_rush_yds,player_reception_yds,player_receptions,player_kicking_points,player_field_goals","pinnacle,lowvig,betonlineag,draftkings,fanduel,betmgm,williamhill_us,fanatics,betrivers,espnbet",60
c0ccca9f67540ff3ef08721ba5f01a09a4cf9d6c73e7fe92eb748223a2f9f49e,americanfootball_nfl,575c1b169aab675ec72372ccb0f4c55f,2025-09-13T17:00:00Z,"player_pass_yds,player_rush_yds,player_reception_yds,player_receptions,player_kicking_points,player_field_goals","pinnacle,lowvig,betonlineag,draftkings,fanduel,betmgm,williamhill_us,fanatics,betrivers,espnbet",60
35f853fa234d5f097c97b0a59a6577b082496855a2fd850058cac56324d97a94,americanfootball_nfl,7e2ad5ef04493526707e0868f7b70c47,2025-09-13T20:05:00Z,"player_pass_yds,player_rush_yds,player_reception_yds,player_receptions,player_kicking_points,player_field_goals","pinnacle,lowvig,betonlineag,draftkings,fanduel,betmgm,williamhill_us,fanatics,betrivers,espnbet",60
bd3e43e9106c7c48412639fc13faca5e72b3f5e5c9661d15870ceee65b06ca79,americanfootball_nfl,e217b38ef8bc6e98d3512cb42b90782e,2025-09-13T20:05:00Z,"player_pass_yds,player_rush_yds,player_reception_yds,player_receptions,player_kicking_points,player_field_goals","pinnacle,lowvig,betonlineag,draftkings,fanduel,betmgm,williamhill_us,fanatics,betrivers,espnbet",60
09febdad5e422cce83d9a68758744478a10f4f948694538c11c305f0cefe6745,americanfootball_nfl,bbec8d71145954cff67915c9b006bb6e,2025-09-13T20:25:00Z,"player_pass_yds,player_rush_yds,player_reception_yds,player_receptions,player_kicking_points,player_field_goals","pinnacle,lowvig,betonlineag,draftkings,fanduel,betmgm,williamhill_us,fanatics,betrivers,espnbet",60
3df119553f7fc4abf8812957806d781e2646c3fa507de675db74e1354ec0982f,americanfootball_nfl,37d09ce5d357536d0e58dd4ba0ab4106,2025-09-14T00:20:00Z,"player_pass_yds,player_rush_yds,player_reception_yds,player_receptions,player_kicking_points,player_field_goals","pinnacle,lowvig,betonlineag,draftkings,fanduel,betmgm,williamhill_us,fanatics,betrivers,espnbet",60
11604888ca6b2163ed7373a572b8f94848400304eb273d5e760a39da2b354de8,americanfootball_nfl,ec75e45d75691f810f347e0c5ff25d6e,2025-09-14T16:50:00Z,"player_pass_yds,player_rush_yds,player_reception_yds,player_receptions,player_kicking_points,player_field_goals","pinnacle,lowvig,betonlineag,draftkings,fanduel,betmgm,williamhill_us,fanatics,betrivers,espnbet",60
230f5c8a35bc05c99f7a44612fe2b4bb5666c268852b8820e8e1876ba131d906,americanfootball_nfl,05a5b084f4e19535b2d3f91ef5c00169,2025-09-14T16:50:00Z,"player_pass_yds,player_rush_yds,player_reception_yds,player_receptions,player_kicking_points,player_field_goals","pinnacle,lowvig,betonlineag,draftkings,fanduel,betmgm,williamhill_us,fanatics,betrivers,espnbet",60
415c8fdb9140097537713ea9b1925a830a733246701543af69f90e4b111b6000,americanfootball_nfl,553edb8bf2452482b37dde58e832a6fb,2025-09-14T16:50:00Z,"player_pass_yds,player_rush_yds,player_reception_yds,player_receptions,player_kicking_points,player_field_goals","pinnacle,lowvig,betonlineag,draftkings,fanduel,betmgm,williamhill_us,fanatics,betrivers,espnbet",60
4ac76936bf92cd29372c40608f041af0e57d8b0ab74d045c34a1e706e0b43226,americanfootball_nfl,cd0fd9335b5182d3bfed35ab8d5ab6fb,2025-09-14T16:50:00Z,"player_pass_yds,player_rush_yds,player_reception_yds,player_receptions,player_kicking_points,player_field_goals","pinnacle,lowvig,betonlineag,draftkings,fanduel,betmgm,williamhill_us,fanatics,betrivers,espnbet",60
58834e87b6ffcca6408ab9dea130a679bed19b8b22d39ae5f0db0f6d69906704,americanfootball_nfl,866d7405986fb4d14897cdb6c0aa5926,2025-09-14T16:50:00Z,"player_pass_yds,player_rush_yds,player_reception_yds,player_receptions,player_kicking_points,player_field_goals","pinnacle,lowvig,betonlineag,draftkings,fanduel,betmgm,williamhill_us,fanatics,betrivers,espnbet",60
7d724f189b78d276c9c8d6dd56a529d7513deae2ea63d40fb415af7d298df5ce,americanfootball_nfl,575c1b169aab675ec72372ccb0f4c55f,2025-09-14T16:50:00Z,"player_pass_yds,player_rush_yds,player_reception_yds,player_receptions,player_kicking_points,player_field_goals","pinnacle,lowvig,betonlineag,draftkings,fanduel,betmgm,williamhill_us,fanatics,betrivers,espnbet",60
a56abe66861c808e18f0bead32cb025c97611dcbcdf83aa1f8ab1385b6a67aa1,americanfootball_nfl,82f9fd7001598d5cf9c1bdd57c66cae4,2025-09-14T16:50:00Z,"player_pass_yds,player_rush_yds,player_reception_yds,player_receptions,player_kicking_points,player_field_goals","pinnacle,lowvig,betonlineag,draftkings,fanduel,betmgm,williamhill_us,fanatics,betrivers,espnbet",60
bea1b97d831d6854ba4caacec363a676ad12840f3930f14f523d7b1fed30c469,americanfootball_nfl,1ee9ea2c8256bc6be5dd92e60f6c17de,2025-09-14T16:50:00Z,"player_pass_yds,player_rush_yds,player_reception_yds,player_receptions,player_kicking_points,player_field_goals","pinnacle,lowvig,betonlineag,draftkings,fanduel,betmgm,williamhill_us,fanatics,betrivers,espnbet",60
e53337163af151c0f67ecb4a49fd3481f80247325d73588da766b2bb30743cce,americanfootball_nfl,0e6f68b30237afc04d1517a193213a65,2025-09-14T16:50:00Z,"player_pass_yds,player_rush_yds,player_reception_yds,player_receptions,player_kicking_points,player_field_goals","pinnacle,lowvig,betonlineag,draftkings,fanduel,betmgm,williamhill_us,fanatics,betrivers,espnbet",60
419b6569b1e90abc23720abf83f41f3c8677f2773f7f15c5e130424dd9bde4c3,americanfootball_nfl,7e2ad5ef04493526707e0868f7b70c47,2025-09-14T19:55:00Z,"player_pass_yds,player_rush_yds,player_reception_yds,player_receptions,player_kicking_points,player_field_goals","pinnacle,lowvig,betonlineag,draftkings,fanduel,betmgm,williamhill_us,fanatics,betrivers,espnbet",60
aef223e5deeaeae5219c372b658d5c1cb1acfe449af17a22eb69ba92672a327a,americanfootball_nfl,e217b38ef8bc6e98d3512cb42b90782e,2025-09-14T19:55:00Z,"player_pass_yds,player_rush_yds,player_reception_yds,player_receptions,player_kicking_points,player_field_goals","pinnacle,lowvig,betonlineag,draftkings,fanduel,betmgm,williamhill_us,fanatics,betrivers,espnbet",60
48594b318236aa30f11e742667ad74d07b16a61818e523a011b9e0f7a9f1551c,americanfootball_nfl,bbec8d71145954cff67915c9b006bb6e,2025-09-14T20:15:00Z,"player_pass_yds,player_rush_yds,player_reception_yds,player_receptions,player_kicking_points,player_field_goals","pinnacle,lowvig,betonlineag,draftkings,fanduel,betmgm,williamhill_us,fanatics,betrivers,espnbet",60
ee4c3ba29bb18d8a90c832b2e800c5d460469d699b2239d86431924e1a51847c,americanfootball_nfl,7d9a04f411031528d9c1d2df7b9a0453,2025-09-14T23:00:00Z,"player_pass_yds,player_rush_yds,player_reception_yds,player_receptions,player_kicking_points,player_field_goals","pinnacle,lowvig,betonlineag,draftkings,fanduel,betmgm,williamhill_us,fanatics,betrivers,espnbet",60
d63ec3f87de356fa571d723b42a02513701703710089a11bf4ad07cce2d0e645,americanfootball_nfl,37d09ce5d357536d0e58dd4ba0ab4106,2025-09-15T00:10:00Z,"player_pass_yds,player_rush_yds,player_reception_yds,player_receptions,player_kicking_points,player_field_goals","pinnacle,lowvig,betonlineag,draftkings,fanduel,betmgm,williamhill_us,fanatics,betrivers,espnbet",60
1a4cd685191f323ee10b5e9e775cae9a94cae05909419967a8714e01e51e9b09,americanfootball_nfl,bebae12f59f19bd877df7ac3cab05263,2025-09-15T02:00:00Z,"player_pass_yds,player_rush_yds,player_reception_yds,player_receptions,player_kicking_points,player_field_goals","pinnacle,lowvig,betonlineag,draftkings,fanduel,betmgm,williamhill_us,fanatics,betrivers,espnbet",60
9e8c2bc0eb16158a1586d97996a61440c090d2abbda0ec0e845092e23d6bb308,americanfootball_nfl,7d9a04f411031528d9c1d2df7b9a0453,2025-09-15T22:50:00Z,"player_pass_yds,player_rush_yds,player_reception_yds,player_receptions,player_kicking_points,player_field_goals","pinnacle,lowvig,betonlineag,draftkings,fanduel,betmgm,williamhill_us,fanatics,betrivers,espnbet",60
d5fd9be62b6760719fe35cf2b2527a1f16a897305a1a381055db0cbafdaa9249,americanfootball_nfl,bebae12f59f19bd877df7ac3cab05263,2025-09-16T01:50:00Z,"player_pass_yds,player_rush_yds,player_reception_yds,player_receptions,player_kicking_points,player_field_goals","pinnacle,lowvig,betonlineag,draftkings,fanduel,betmgm,williamhill_us,fanatics,betrivers,espnbet",60
037ffcaf43076c254402cb90675235c8e727cb41d24cfb90367d817b8ce1a60f,americanfootball_nfl,aca5234c57e31b1931e51d2d0d6046f5,2025-09-18T00:15:00Z,"player_pass_yds,player_rush_yds,player_reception_yds,player_receptions,player_kicking_points,player_field_goals","pinnacle,lowvig,betonlineag,draftkings,fanduel,betmgm,williamhill_us,fanatics,betrivers,espnbet",60
2cb81db1b06ec618ceff80b413524524b64499100aefd17622bb50e9add58932,americanfootball_nfl,aca5234c57e31b1931e51d2d0d6046f5,2025-09-19T00:05:00Z,"player_pass_yds,player_rush_yds,player_reception_yds,player_receptions,player_kicking_points,player_field_goals","pinnacle,lowvig,betonlineag,draftkings,fanduel,betmgm,williamhill_us,fanatics,betrivers,espnbet",60
05b3fa909a2b5e741bbf6b263b0b3f742f9c3d5670ae7e5687c3961f19cc1e73,americanfootball_nfl,581955d1b79fe87a3a61a4885cd7ea67,2025-09-20T17:00:00Z,"player_pass_yds,player_rush_yds,player_reception_yds,player_receptions,player_kicking_points,player_field_goals","pinnacle,lowvig,betonlineag,draftkings,fanduel,betmgm,williamhill_us,fanatics,betrivers,espnbet",60
19af2cd3996f20dfa54ffbd9b908a2d2442e6f48aa5e3330d323ac70c9fa8b76,americanfootball_nfl,02522f48a7b7e7524881c1b1638cd94d,2025-09-20T17:00:00Z,"player_pass_yds,player_rush_yds,player_reception_yds,player_receptions,player_kicking_points,player_field_goals","pinnacle,lowvig,betonlineag,draftkings,fanduel,betmgm,williamhill_us,fanatics,betrivers,espnbet",60
1be506ca65efcda35c4144e3e6ac4fb17a263ae3d02285d192cf75491ad9a378,americanfootball_nfl,bb506016737825f4d0b1f9862f95c246,2025-09-20T17:00:00Z,"player_pass_yds,player_rush_yds,player_reception_yds,player_receptions,player_kicking_points,player_field_goals","pinnacle,lowvig,betonlineag,draftkings,fanduel,betmgm,williamhill_us,fanatics,betrivers,espnbet",60
2ac77dadc1ca1b8fb920ef631f427ac0bb345c11e3cef2b7518cc574940feeae,americanfootball_nfl,4c4ae4a2d54fc3f71c450187e9391ddc,2025-09-20T17:00:00Z,"player_pass_yds,player_rush_yds,player_reception_yds,player_receptions,player_kicking_points,player_field_goals","pinnacle,lowvig,betonlineag,draftkings,fanduel,betmgm,williamhill_us,fanatics,betrivers,espnbet",60
61536cbbcc401c2d3583247b5cf3e5a0d103365370debf8ab2e5f35bc1cb71ee,americanfootball_nfl,97de7672b61dbddbce982711c121e76d,2025-09-20T17:00:00Z,"player_pass_yds,player_rush_yds,player_reception_yds,player_receptions,player_kicking_points,player_field_goals","pinnacle,lowvig,betonlineag,draftkings,fanduel,betmgm,williamhill_us,fanatics,betrivers,espnbet",60
885bfa0867b70f45596273edddc9603986205782cf13f2bca49c3c2bfd02e663,americanfootball_nfl,c4c42918a645b1a4773f47d7eaa5cfcf,2025-09-20T17:00:00Z,"player_pass_yds,player_rush_yds,player_reception_yds,player_receptions,player_kicking_points,player_field_goals","pinnacle,lowvig,betonlineag,draftkings,fanduel,betmgm,williamhill_us,fanatics,betrivers,espnbet",60
cc5b774fea6c0d7551023c7ba4ef555a26eb12101532a0dfda8dce0df7d5e32d,americanfootball_nfl,eefb7f130c8fc2c129e296fe5c6ba3e3,2025-09-20T17:00:00Z,"player_pass_yds,player_rush_yds,player_reception_yds,player_receptions,player_kicking_points,player_field_goals","pinnacle,lowvig,betonlineag,draftkings,fanduel,betmgm,williamhill_us,fanatics,betrivers,espnbet",60
e2d1efbe0c8298f3bf2fc43acd925af2f0b295acb1f0833b43908f83f285247f,americanfootball_nfl,03a5eed2c8ef5d1c8a48866ea4b0d63a,2025-09-20T17:00:00Z,"player_pass_yds,player_rush_yds,player_reception_yds,player_receptions,player_kicking_points,player_field_goals","pinnacle,lowvig,betonlineag,draftkings,fanduel,betmgm,williamhill_us,fanatics,betrivers,espnbet",60
e5ec3a71bce2909349adccc9d66d7ef5c85179363e43e852a80223a03979d156,americanfootball_nfl,5737e4dbf6879c5061bb23033a4d8a55,2025-09-20T17:00:00Z,"player_pass_yds,player_rush_yds,player_reception_yds,player_receptions,player_kicking_points,player_field_goals","pinnacle,lowvig,betonlineag,draftkings,fanduel,betmgm,williamhill_us,fanatics,betrivers,espnbet",60
7dfd59e7fc3fc256ba0a17f4ac95b68493ac2bffcdf0d9b22db989f16f1128dc,americanfootball_nfl,311c411c2d53e36a902763dc7a2ef678,2025-09-20T20:05:00Z,"player_pass_yds,player_rush_yds,player_reception_yds,player_receptions,player_kicking_points,player_field_goals","pinnacle,lowvig,betonlineag,draftkings,fanduel,betmgm,williamhill_us,fanatics,betrivers,espnbet",60
85ccc6f06e35d971c7f63e72902e7152f2903f870f7350dc450213b6667e7218,americanfootball_nfl,0ee3f5a0078c21cfdffd1b97002e7da5,2025-09-20T20:05:00Z,"player_pass_yds,player_rush_yds,player_reception_yds,player_receptions,player_kicking_points,player_field_goals","pinnacle,lowvig,betonlineag,draftkings,fanduel,betmgm,williamhill_us,fanatics,betrivers,espnbet",60
2585ec2dfe3ea820285d63fe500482937cc3a10acfb93f919bac570bcff31673,americanfootball_nfl,20b50dac292089c063b21e1410f172ef,2025-09-20T20:25:00Z,"player_pass_yds,player_rush_yds,player_reception_yds,player_receptions,player_kicking_points,player_field_goals","pinnacle,lowvig,betonlineag,draftkings,fanduel,betmgm,williamhill_us,fanatics,betrivers,espnbet",60
5455acbadb0c6c25054729e5ee898ba43676daa0fb630f07aa6c3510bda461de,americanfootball_nfl,186868cc79ce1f5d22075b67ebbc7b64,2025-09-20T20:25:00Z,"player_pass_yds,player_rush_yds,player_reception_yds,player_receptions,player_kicking_points,player_field_goals","pinnacle,lowvig,betonlineag,draftkings,fanduel,betmgm,williamhill_us,fanatics,betrivers,espnbet",60
7a2f85f27f2c77daa96cacfb75f0b1ea1b67dbdde924b9bcdcd4541529a1c8eb,americanfootball_nfl,ee840f13db8bd150fcdd8f6670fa7041,2025-09-21T00:20:00Z,"player_pass_yds,player_rush_yds,player_reception_yds,player_receptions,player_kicking_points,player_field_goals","pinnacle,lowvig,betonlineag,draftkings,fanduel,betmgm,williamhill_us,fanatics,betrivers,espnbet",60
1cf16a90a260ab9e0e10aa4e1f95783704fe1934664bd64d03f7a40cb26d91f5,americanfootball_nfl,02522f48a7b7e7524881c1b1638cd94d,2025-09-21T16:50:00Z,"player_pass_yds,player_rush_yds,player_reception_yds,player_receptions,player_kicking_points,player_field_goals","pinnacle,lowvig,betonlineag,draftkings,fanduel,betmgm,williamhill_us,fanatics,betrivers,espnbet",60
255791c979eaf73fca69235956231256a920cb5d8c87d61616e33d950987a28f,americanfootball_nfl,5737e4dbf6879c5061bb23033a4d8a55,2025-09-21T16:50:00Z,"player_pass_yds,player_rush_yds,player_reception_yds,player_receptions,player_kicking_points,player_field_goals","pinnacle,lowvig,betonlineag,draftkings,fanduel,betmgm,williamhill_us,fanatics,betrivers,espnbet",60
570571ee57d2054c47a0467dd01e6d0bd68893a79d3ff19468c1c397bd4a871b,americanfootball_nfl,97de7672b61dbddbce982711c121e76d,2025-09-21T16:50:00Z,"player_pass_yds,player_rush_yds,player_reception_yds,player_receptions,player_kicking_points,player_field_goals","pinnacle,lowvig,betonlineag,draftkings,fanduel,betmgm,williamhill_us,fanatics,betrivers,espnbet",60
7b9dd0232310e9d7d228456015fd89a5b4d66973bb42f7e069ce3218317b4cc3,americanfootball_nfl,4c4ae4a2d54fc3f71c450187e9391ddc,2025-09-21T16:50:00Z,"player_pass_yds,player_rush_yds,player_reception_yds,player_receptions,player_kicking_points,player_field_goals","pinnacle,lowvig,betonlineag,draftkings,fanduel,betmgm,williamhill_us,fanatics,betrivers,espnbet",60
95f645a8a273fdd34908b0a69913ee66eca71c3733e71ce9d6279f1a14dcf582,americanfootball_nfl,03a5eed2c8ef5d1c8a48866ea4b0d63a,2025-09-21T16:50:00Z,"player_pass_yds,player_rush_yds,player_reception_yds,player_receptions,player_kicking_points,player_field_goals","pinnacle,lowvig,betonlineag,draftkings,fanduel,betmgm,williamhill_us,fanatics,betrivers,espnbet",60
9820273d2a68b9a03605a421eb5620b5ce23a666e4c50b4c88879da5cc7309ad,americanfootball_nfl,eefb7f130c8fc2c129e296fe5c6ba3e3,2025-09-21T16:50:00Z,"player_pass_yds,player_rush_yds,player_reception_yds,player_receptions,player_kicking_points,player_field_goals","pinnacle,lowvig,betonlineag,draftkings,fanduel,betmgm,williamhill_us,fanatics,betrivers,espnbet",60
bdc280477440146793bcf8f02833ca7a370a779aaa0336b11653ea83663660fa,americanfootball_nfl,bb506016737825f4d0b1f9862f95c246,2025-09-21T16:50:00Z,"player_pass_yds,player_rush_yds,player_reception_yds,player_receptions,player_kicking_points,player_field_goals","pinnacle,lowvig,betonlineag,draftkings,fanduel,betmgm,williamhill_us,fanatics,betrivers,espnbet",60
edb832c85362063fbf2417b06e1d85bbc82a8e5a5c7da3b19e9fe036206a011b,americanfootball_nfl,c4c42918a645b1a4773f47d7eaa5cfcf,2025-09-21T16:50:00Z,"player_pass_yds,player_rush_yds,player_reception_yds,player_receptions,player_kicking_points,player_field_goals","pinnacle,lowvig,betonlineag,draftkings,fanduel,betmgm,williamhill_us,fanatics,betrivers,espnbet",60
f66f6014dc1026e836262be1353af916077b5cd6e8a2ac72919afff100df5859,americanfootball_nfl,581955d1b79fe87a3a61a4885cd7ea67,2025-09-21T16:50:00Z,"player_pass_yds,player_rush_yds,player_reception_yds,player_receptions,player_kicking_points,player_field_goals","pinnacle,lowvig,betonlineag,draftkings,fanduel,betmgm,williamhill_us,fanatics,betrivers,espnbet",60
6bf55af3c67a728a5166e6f91781f04ade9f4384baca8f900f3888230fd935f4,americanfootball_nfl,0ee3f5a0078c21cfdffd1b97002e7da5,2025-09-21T19:55:00Z,"player_pass_yds,player_rush_yds,player_reception_yds,player_receptions,player_kicking_points,player_field_goals","pinnacle,lowvig,betonlineag,draftkings,fanduel,betmgm,williamhill_us,fanatics,betrivers,espnbet",60
8b84bbe02174acb1589e67eb5e2074affdd34225f61aac86b3f0282e5f57578d,americanfootball_nfl,311c411c2d53e36a902763dc7a2ef678,2025-09-21T19:55:00Z,"player_pass_yds,player_rush_yds,player_reception_yds,player_receptions,player_kicking_points,player_field_goals","pinnacle,lowvig,betonlineag,draftkings,fanduel,betmgm,williamhill_us,fanatics,betrivers,espnbet",60
c71b212d1a189529cb75d2103f9b3e1b215fb563492bedb2271bfd863eef2d9d,americanfootball_nfl,186868cc79ce1f5d22075b67ebbc7b64,2025-09-21T20:15:00Z,"player_pass_yds,player_rush_yds,player_reception_yds,player_receptions,player_kicking_points,player_field_goals","pinnacle,lowvig,betonlineag,draftkings,fanduel,betmgm,williamhill_us,fanatics,betrivers,espnbet",60
e06db83ffc257c672169859c72fdcb16334a4ca06c5ff54ae8e0be2fdd6df875,americanfootball_nfl,20b50dac292089c063b21e1410f172ef,2025-09-21T20:15:00Z,"player_pass_yds,player_rush_yds,player_reception_yds,player_receptions,player_kicking_points,player_field_goals","pinnacle,lowvig,betonlineag,draftkings,fanduel,betmgm,williamhill_us,fanatics,betrivers,espnbet",60
36ea2dc7d2dcbb2e939c3113f6ddd177468515367f4db11bd0044d904c2a9b19,americanfootball_nfl,ee840f13db8bd150fcdd8f6670fa7041,2025-09-22T00:10:00Z,"player_pass_yds,player_rush_yds,player_reception_yds,player_receptions,player_kicking_points,player_field_goals","pinnacle,lowvig,betonlineag,draftkings,fanduel,betmgm,williamhill_us,fanatics,betrivers,espnbet",60
2b0eff84abe7c89cc1e6216f2dbfb2dba6a3a3c5125065065e527fcf3a9f35f0,americanfootball_nfl,6e67ddae4bb01d1c2d3f461ee62d2666,2025-09-22T00:15:00Z,"player_pass_yds,player_rush_yds,player_reception_yds,player_receptions,player_kicking_points,player_field_goals","pinnacle,lowvig,betonlineag,draftkings,fanduel,betmgm,williamhill_us,fanatics,betrivers,espnbet",60
db7cb0159fa1aaea5c47b2806180bed8df5d7a42c2b0795e03c25dfa2273bfdc,americanfootball_nfl,6e67ddae4bb01d1c2d3f461ee62d2666,2025-09-23T00:05:00Z,"player_pass_yds,player_rush_yds,player_reception_yds,player_receptions,player_kicking_points,player_field_goals","pinnacle,lowvig,betonlineag,draftkings,fanduel,betmgm,williamhill_us,fanatics,betrivers,espnbet",60
167f4e7950c1143bbbbc27595b8ef5e47f2fa0ec2672d8f54fe10e4a248cff33,americanfootball_nfl,4a08b89f07a4a395620f6df5c1d239f4,2025-09-25T00:15:00Z,"player_pass_yds,player_rush_yds,player_reception_yds,player_receptions,player_kicking_points,player_field_goals","pinnacle,lowvig,betonlineag,draftkings,fanduel,betmgm,williamhill_us,fanatics,betrivers,espnbet",60
06f6ada16ab451902c0884b0dee9a32bc8817e9bf0b134a3a21c7324727cf307,americanfootball_nfl,4a08b89f07a4a395620f6df5c1d239f4,2025-09-26T00:05:00Z,"player_pass_yds,player_rush_yds,player_reception_yds,player_receptions,player_kicking_points,player_field_goals","pinnacle,lowvig,betonlineag,draftkings,fanduel,betmgm,williamhill_us,fanatics,betrivers,espnbet",60
f437e43150dfa57e18c632fef45bf2539606f1fdf0503fa995958639db500f6e,americanfootball_nfl,4dd631102a977fd398f7ea594ed208f2,2025-09-27T13:30:00Z,"player_pass_yds,player_rush_yds,player_reception_yds,player_receptions,player_kicking_points,player_field_goals","pinnacle,lowvig,betonlineag,draftkings,fanduel,betmgm,williamhill_us,fanatics,betrivers,espnbet",60
0b16f85b06f3686e8753f8326b211ac6c49aad56dac3caf2da78ef08dc89f654,americanfootball_nfl,d16a43752aaac66e9ff8768d8590b662,2025-09-27T17:00:00Z,"player_pass_yds,player_rush_yds,player_reception_yds,player_receptions,player_kicking_points,player_field_goals","pinnacle,lowvig,betonlineag,draftkings,fanduel,betmgm,williamhill_us,fanatics,betrivers,espnbet",60
4683ef6f767b2a096b7f15014c87919926ef71b56001d1f72d852b6f9443e9d9,americanfootball_nfl,bcb1f89cf378a586097c50585e53acce,2025-09-27T17:00:00Z,"player_pass_yds,player_rush_yds,player_reception_yds,player_receptions,player_kicking_points,player_field_goals","pinnacle,lowvig,betonlineag,draftkings,fanduel,betmgm,williamhill_us,fanatics,betrivers,espnbet",60
534346c4da1de0bfbd607f7edb3c6a230bf54ddc7524291152fb52be9ec5323c,americanfootball_nfl,f8fe40924827231233dc10f6999d8ff7,2025-09-27T17:00:00Z,"player_pass_yds,player_rush_yds,player_reception_yds,player_receptions,player_kicking_points,player_field_goals","pinnacle,lowvig,betonlineag,draftkings,fanduel,betmgm,williamhill_us,fanatics,betrivers,espnbet",60
5d389c783405bb6bfa82db8df5e4180973044eca62640950b54a9f6398ef895f,americanfootball_nfl,894976986c24d52cf1d45f0e6bb0e90c,2025-09-27T17:00:00Z,"player_pass_yds,player_rush_yds,player_reception_yds,player_receptions,player_kicking_points,player_field_goals","pinnacle,lowvig,betonlineag,draftkings,fanduel,betmgm,williamhill_us,fanatics,betrivers,espnbet",60
7785ff3006b4598cc3279c5cdd5748c16b513b14e4b5635d981781fc90b7ae08,americanfootball_nfl,85c9b76cd6bd575b611cb4e8feb7a0b0,2025-09-27T17:00:00Z,"player_pass_yds,player_rush_yds,player_reception_yds,player_receptions,player_kicking_points,player_field_goals","pinnacle,lowvig,betonlineag,draftkings,fanduel,betmgm,williamhill_us,fanatics,betrivers,espnbet",60
9238c14d4b2a21ad48d0cf8026c385d01ae88db739b959d6418cc4a3db44f33d,americanfootball_nfl,b7934d72587b62de0f563ac9acbaa770,2025-09-27T17:00:00Z,"player_pass_yds,player_rush_yds,player_reception_yds,player_receptions,player_kicking_points,player_field_goals","pinnacle,lowvig,betonlineag,draftkings,fanduel,betmgm,williamhill_us,fanatics,betrivers,espnbet",60
bf82e97f578f047183b8cb241ec711df55611dc06ac0af5628e32cf6ccec3517,americanfootball_nfl,d921b1e86b0a30ad91000ffc360d302d,2025-09-27T17:00:00Z,"player_pass_yds,player_rush_yds,player_reception_yds,player_receptions,player_kicking_points,player_field_goals","pinnacle,lowvig,betonlineag,draftkings,fanduel,betmgm,williamhill_us,fanatics,betrivers,espnbet",60
17c8cab3d4f763e7910676a7b5262fef8fe2a5de1ebc02a3b2ef165fbcc9ef07,americanfootball_nfl,d90e0de2d5fa2d57e8812f31775ad0ba,2025-09-27T20:05:00Z,"player_pass_yds,player_rush_yds,player_reception_yds,player_receptions,player_kicking_points,player_field_goals","pinnacle,lowvig,betonlineag,draftkings,fanduel,betmgm,williamhill_us,fanatics,betrivers,espnbet",60
fdfddb5f9573395630d7e714b61bed187510e26101c4b9b1f5277bd9ffa1dbe2,americanfootball_nfl,09f55b4a19a83eb951a9400a11123477,2025-09-27T20:05:00Z,"player_pass_yds,player_rush_yds,player_reception_yds,player_receptions,player_kicking_points,player_field_goals","pinnacle,lowvig,betonlineag,draftkings,fanduel,betmgm,williamhill_us,fanatics,betrivers,espnbet",60
7fe1ced3a187e5b780fc9e1799d7c43b8b49b6810a391e5d6cb09ea4d385aac2,americanfootball_nfl,af6fbb0a2e996613bc393115276c60e2,2025-09-27T20:25:00Z,"player_pass_yds,player_rush_yds,player_reception_yds,player_receptions,player_kicking_points,player_field_goals","pinnacle,lowvig,betonlineag,draftkings,fanduel,betmgm,williamhill_us,fanatics,betrivers,espnbet",60
ed23f61fe1c79ff122c21e855cd6a21c6c1ddfa0ecf7205add07dd23dbad8d95,americanfootball_nfl,051233db287b02fd3e7574955879ece2,2025-09-27T20:25:00Z,"player_pass_yds,player_rush_yds,player_reception_yds,player_receptions,player_kicking_points,player_field_goals","pinnacle,lowvig,betonlineag,draftkings,fanduel,betmgm,williamhill_us,fanatics,betrivers,espnbet",60
445a8880d964ff4e3272c666ad26016aa15d777324fea366f9e28d27cff7aeb5,americanfootball_nfl,de432abcc3bd8d42a582ae9f71388dcd,2025-09-28T00:20:00Z,"player_pass_yds,player_rush_yds,player_reception_yds,player_receptions,player_kicking_points,player_field_goals","pinnacle,lowvig,betonlineag,draftkings,fanduel,betmgm,williamhill_us,fanatics,betrivers,espnbet",60
044bb465f90fbde3c468becaa7ff7c88a014734d8ee76bc90a966b396d43f3da,americanfootball_nfl,4dd631102a977fd398f7ea594ed208f2,2025-09-28T13:20:00Z,"player_pass_yds,player_rush_yds,player_reception_yds,player_receptions,player_kicking_points,player_field_goals","pinnacle,lowvig,betonlineag,draftkings,fanduel,betmgm,williamhill_us,fanatics,betrivers,espnbet",60
3bcce4fb1da38829a80d0ca50fd54bceb5005d799396e0596c23fc0f4874edcb,americanfootball_nfl,85c9b76cd6bd575b611cb4e8feb7a0b0,2025-09-28T16:50:00Z,"player_pass_yds,player_rush_yds,player_reception_yds,player_receptions,player_kicking_points,player_field_goals","pinnacle,lowvig,betonlineag,draftkings,fanduel,betmgm,williamhill_us,fanatics,betrivers,espnbet",60
3fe1951b07358ca721b6142310e94f9b88502d0fa2493097379bf2173018394c,americanfootball_nfl,894976986c24d52cf1d45f0e6bb0e90c,2025-09-28T16:50:00Z,"player_pass_yds,player_rush_yds,player_reception_yds,player_receptions,player_kicking_points,player_field_goals","pinnacle,lowvig,betonlineag,draftkings,fanduel,betmgm,williamhill_us,fanatics,betrivers,espnbet",60
49e9eac1e73bfa724b92c6a2de01810dd53e12a4b4362c75ffb9001b0250446d,americanfootball_nfl,bcb1f89cf378a586097c50585e53acce,2025-09-28T16:50:00Z,"player_pass_yds,player_rush_yds,player_reception_yds,player_receptions,player_kicking_points,player_field_goals","pinnacle,lowvig,betonlineag,draftkings,fanduel,betmgm,williamhill_us,fanatics,betrivers,espnbet",60
adeb5aa6c6cb7cb24dc83b377e86f727aa9e9d910ddd84db05a7a31a3b621b49,americanfootball_nfl,d16a43752aaac66e9ff8768d8590b662,2025-09-28T16:50:00Z,"player_pass_yds,player_rush_yds,player_reception_yds,player_receptions,player_kicking_points,player_field_goals","pinnacle,lowvig,betonlineag,draftkings,fanduel,betmgm,williamhill_us,fanatics,betrivers,espnbet",60
c15ea1843fb06280cbe24c35d8d4b99babf61bd98c6eaa39431a2d5e62c2c0d3,americanfootball_nfl,f8fe40924827231233dc10f6999d8ff7,2025-09-28T16:50:00Z,"player_pass_yds,player_rush_yds,player_reception_yds,player_receptions,player_kicking_points,player_field_goals","pinnacle,lowvig,betonlineag,draftkings,fanduel,betmgm,williamhill_us,fanatics,betrivers,espnbet",60
d838aada599b2d0c4b93b76b69b219f2924d0e23df055b14510dcfeda4a5139c,americanfootball_nfl,d921b1e86b0a30ad91000ffc360d302d,2025-09-28T16:50:00Z,"player_pass_yds,player_rush_yds,player_reception_yds,player_receptions,player_kicking_points,player_field_goals","pinnacle,lowvig,betonlineag,draftkings,fanduel,betmgm,williamhill_us,fanatics,betrivers,espnbet",60
fd70fb30b5d30009a6143f9dc59d3f60935ebb06ebf2786f733719ba2fa25ce0,americanfootball_nfl,b7934d72587b62de0f563ac9acbaa770,2025-09-28T16:50:00Z,"player_pass_yds,player_rush_yds,player_reception_yds,player_receptions,player_kicking_points,player_field_goals","pinnacle,lowvig,betonlineag,draftkings,fanduel,betmgm,williamhill_us,fanatics,betrivers,espnbet",60
039111fdaa51229c0b199065111933e1849a5bd27d9ad8538a7f70d3964513c1,americanfootball_nfl,d90e0de2d5fa2d57e8812f31775ad0ba,2025-09-28T19:55:00Z,"player_pass_yds,player_rush_yds,player_reception_yds,player_receptions,player_kicking_points,player_field_goals","pinnacle,lowvig,betonlineag,draftkings,fanduel,betmgm,williamhill_us,fanatics,betrivers,espnbet",60
89e333b7623ec7958bfa60e9e571ec854e24d2ce4b432c60aef6541ba8e8caaa,americanfootball_nfl,09f55b4a19a83eb951a9400a11123477,2025-09-28T19:55:00Z,"player_pass_yds,player_rush_yds,player_reception_yds,player_receptions,player_kicking_points,player_field_goals","pinnacle,lowvig,betonlineag,draftkings,fanduel,betmgm,williamhill_us,fanatics,betrivers,espnbet",60
6f775e02388d123533e6f5a3edc7ec2efb2d376d386d3b636d0a5c9dd8fb23f7,americanfootball_nfl,af6fbb0a2e996613bc393115276c60e2,2025-09-28T20:15:00Z,"player_pass_yds,player_rush_yds,player_reception_yds,player_receptions,player_kicking_points,player_field_goals","pinnacle,lowvig,betonlineag,draftkings,fanduel,betmgm,williamhill_us,fanatics,betrivers,espnbet",60
e85826b13a6b3c3fd08e489f458770d21bf1561e34c32db582c39f0d8ba4f2b3,americanfootball_nfl,051233db287b02fd3e7574955879ece2,2025-09-28T20:15:00Z,"player_pass_yds,player_rush_yds,player_reception_yds,player_receptions,player_kicking_points,player_field_goals","pinnacle,lowvig,betonlineag,draftkings,fanduel,betmgm,williamhill_us,fanatics,betrivers,espnbet",60
27582bc686b06e8ab9d54c8fbc3a1340db654abae456a355150ba0ce0f7eadaf,americanfootball_nfl,bc76fb8d846588ed46297aaab4e83de9,2025-09-28T23:15:00Z,"player_pass_yds,player_rush_yds,player_reception_yds,player_receptions,player_kicking_points,player_field_goals","pinnacle,lowvig,betonlineag,draftkings,fanduel,betmgm,williamhill_us,fanatics,betrivers,espnbet",60
262261f89e061e789425702c4ba44d108622d67b331abfa15df7654129f85ee1,americanfootball_nfl,de432abcc3bd8d42a582ae9f71388dcd,2025-09-29T00:10:00Z,"player_pass_yds,player_rush_yds,player_reception_yds,player_receptions,player_kicking_points,player_field_goals","pinnacle,lowvig,betonlineag,draftkings,fanduel,betmgm,williamhill_us,fanatics,betrivers,espnbet",60
ad0a960c98bfb59c73a0231b303a44ce20981643bde1334deb391ba36253a6ae,americanfootball_nfl,8dcb2a6bf542ccb7e6bc58f83c8fc2ac,2025-09-29T00:15:00Z,"player_pass_yds,player_rush_yds,player_reception_yds,player_receptions,player_kicking_points,player_field_goals","pinnacle,lowvig,betonlineag,draftkings,fanduel,betmgm,williamhill_us,fanatics,betrivers,espnbet",60
ee3c2d184e8ee707dc3cf4bf50544d1247eb4204e1f9b80e06fb19b8ad302a07,americanfootball_nfl,bc76fb8d846588ed46297aaab4e83de9,2025-09-29T23:05:00Z,"player_pass_yds,player_rush_yds,player_reception_yds,player_receptions,player_kicking_points,player_field_goals","pinnacle,lowvig,betonlineag,draftkings,fanduel,betmgm,williamhill_us,fanatics,betrivers,espnbet",60
96baf49b8a77290acd9b448f6408745b3323ccea530bb99b49e383f52becf9bb,americanfootball_nfl,8dcb2a6bf542ccb7e6bc58f83c8fc2ac,2025-09-30T00:05:00Z,"player_pass_yds,player_rush_yds,player_reception_yds,player_receptions,player_kicking_points,player_field_goals","pinnacle,lowvig,betonlineag,draftkings,fanduel,betmgm,williamhill_us,fanatics,betrivers,espnbet",60
1118f903bbd6ffe3d68f0baff7c521f03564c9099924c6a709ca089c3e51b9ab,americanfootball_nfl,c4b72eabb3d557e73022ec730d8e3944,2025-10-02T00:15:00Z,"player_pass_yds,player_rush_yds,player_reception_yds,player_receptions,player_kicking_points,player_field_goals","pinnacle,lowvig,betonlineag,draftkings,fanduel,betmgm,williamhill_us,fanatics,betrivers,espnbet",60
175d1edd35f36a5ed6cafe15e0998a047c1e752dbe464f6199abd136b61e2900,americanfootball_nfl,c4b72eabb3d557e73022ec730d8e3944,2025-10-03T00:05:00Z,"player_pass_yds,player_rush_yds,player_reception_yds,player_receptions,player_kicking_points,player_field_goals","pinnacle,lowvig,betonlineag,draftkings,fanduel,betmgm,williamhill_us,fanatics,betrivers,espnbet",60
cb20f22b76446c23d087ea68f41a3eb141c4880fd05b8e3b443ee69429e10f29,americanfootball_nfl,6e206c7bc9379b07d27298a393305384,2025-10-04T13:30:00Z,"player_pass_yds,player_rush_yds,player_reception_yds,player_receptions,player_kicking_points,player_field_goals","pinnacle,lowvig,betonlineag,draftkings,fanduel,betmgm,williamhill_us,fanatics,betrivers,espnbet",60
4582e83ab7953ed471546fca4a4a1ca72aa7d04e5de2dd798efddfca4b1d0a3f,americanfootball_nfl,1fe136913ef0e77717c0f0668163637f,2025-10-04T17:00:00Z,"player_pass_yds,player_rush_yds,player_reception_yds,player_receptions,player_kicking_points,player_field_goals","pinnacle,lowvig,betonlineag,draftkings,fanduel,betmgm,williamhill_us,fanatics,betrivers,espnbet",60
60f100b3a2a2f6960622941f8ef8e3d7e4566b95b0eacd27008099635fb781dc,americanfootball_nfl,1e3d3526039030b96471845ade5992cf,2025-10-04T17:00:00Z,"player_pass_yds,player_rush_yds,player_reception_yds,player_receptions,player_kicking_points,player_field_goals","pinnacle,lowvig,betonlineag,draftkings,fanduel,betmgm,williamhill_us,fanatics,betrivers,espnbet",60
96548c7d8813ee425790f405f271e5addbf9bccdf5de2d7979a9ca581349013b,americanfootball_nfl,ff8222149317a63ffe50fcda777d14c0,2025-10-04T17:00:00Z,"player_pass_yds,player_rush_yds,player_reception_yds,player_receptions,player_kicking_points,player_field_goals","pinnacle,lowvig,betonlineag,draftkings,fanduel,betmgm,williamhill_us,fanatics,betrivers,espnbet",60
b6b61fba00aa162a6a7a9f20811c1e5cdd7fbbfec4a6908a4f1aaf60abdb7d4f,americanfootball_nfl,df7e32f3c6cfaaa66de560906faabe32,2025-10-04T17:00:00Z,"player_pass_yds,player_rush_yds,player_reception_yds,player_receptions,player_kicking_points,player_field_goals","pinnacle,lowvig,betonlineag,draftkings,fanduel,betmgm,williamhill_us,fanatics,betrivers,espnbet",60
b79b38a38a3de7de3aadc29a8565d9460d28fca4f5c96e97d88f64bdf685b223,americanfootball_nfl,6eb8eeff6a052455649ddd2a50e0a188,2025-10-04T17:00:00Z,"player_pass_yds,player_rush_yds,player_reception_yds,player_receptions,player_kicking_points,player_field_goals","pinnacle,lowvig,betonlineag,draftkings,fanduel,betmgm,williamhill_us,fanatics,betrivers,espnbet",60
fbbe5c5ba4aa3711c20654c23ddd9ced3434536291b1ab1ca21450df39d6ef48,americanfootball_nfl,bc4f9a719baf61261befad75f4bdb539,2025-10-04T17:00:00Z,"player_pass_yds,player_rush_yds,player_reception_yds,player_receptions,player_kicking_points,player_field_goals","pinnacle,lowvig,betonlineag,draftkings,fanduel,betmgm,williamhill_us,fanatics,betrivers,espnbet",60
1d456125e3d6e8c424cd40b81644422066402fefb11987993c3b722365ea5001,americanfootball_nfl,6f5a22a3ca33478094cef1e9212ba0fc,2025-10-04T20:05:00Z,"player_pass_yds,player_rush_yds,player_reception_yds,player_receptions,player_kicking_points,player_field_goals","pinnacle,lowvig,betonlineag,draftkings,fanduel,betmgm,williamhill_us,fanatics,betrivers,espnbet",60
81cc0601f2e11ddfac416c5c37dd090b56750ad144030dfec2d0dd1b059d0b92,americanfootball_nfl,8fa3fd86eaa7b432469d43b84904e1dc,2025-10-04T20:05:00Z,"player_pass_yds,player_rush_yds,player_reception_yds,player_receptions,player_kicking_points,player_field_goals","pinnacle,lowvig,betonlineag,draftkings,fanduel,betmgm,williamhill_us,fanatics,betrivers,espnbet",60
393148ab17d8648e0565f2f28e5908785d91f50d6228e1f94d101a3b8ba7e046,americanfootball_nfl,79c4e9f40e2647dc2a7b377cf61c48cd,2025-10-04T20:25:00Z,"player_pass_yds,player_rush_yds,player_reception_yds,player_receptions,player_kicking_points,player_field_goals","pinnacle,lowvig,betonlineag,draftkings,fanduel,betmgm,williamhill_us,fanatics,betrivers,espnbet",60
5398d09dbf203298a741a42724651f7ce44e77eaa72e12caec5213bd7ebfc9b3,americanfootball_nfl,e9de9c4390a28a90f437760050b23531,2025-10-04T20:25:00Z,"player_pass_yds,player_rush_yds,player_reception_yds,player_receptions,player_kicking_points,player_field_goals","pinnacle,lowvig,betonlineag,draftkings,fanduel,betmgm,williamhill_us,fanatics,betrivers,espnbet",60
143b5469c8610be36b5576c341aed814f2d3eac7d6efcc1b3e6cb82f305192b8,americanfootball_nfl,ba826e757d625a676452b8d3d6971bb0,2025-10-05T00:20:00Z,"player_pass_yds,player_rush_yds,player_reception_yds,player_receptions,player_kicking_points,player_field_goals","pinnacle,lowvig,betonlineag,draftkings,fanduel,betmgm,williamhill_us,fanatics,betrivers,espnbet",60
a9668f56a58717cec4d3dec1f3e8d35aaf078c5f79f839e54d7721a886d71773,americanfootball_nfl,6e206c7bc9379b07d27298a393305384,2025-10-05T13:20:00Z,"player_pass_yds,player_rush_yds,player_reception_yds,player_receptions,player_kicking_points,player_field_goals","pinnacle,lowvig,betonlineag,draftkings,fanduel,betmgm,williamhill_us,fanatics,betrivers,espnbet",60
33f080d768414d1bafc810597a2b28f89fa308377df84349fbbcdef90bb8123c,americanfootball_nfl,6eb8eeff6a052455649ddd2a50e0a188,2025-10-05T16:50:00Z,"player_pass_yds,player_rush_yds,player_reception_yds,player_receptions,player_kicking_points,player_field_goals","pinnacle,lowvig,betonlineag,draftkings,fanduel,betmgm,williamhill_us,fanatics,betrivers,espnbet",60
434e6f8e2e73f8351155a789093db687727ad6490fc31fcb58265100d86b7c75,americanfootball_nfl,bc4f9a719baf61261befad75f4bdb539,2025-10-05T16:50:00Z,"player_pass_yds,player_rush_yds,player_reception_yds,player_receptions,player_kicking_points,player_field_goals","pinnacle,lowvig,betonlineag,draftkings,fanduel,betmgm,williamhill_us,fanatics,betrivers,espnbet",60
4977712a92b72ce01e26a50616de63131d8c1f1eddc570f5f836d68ff53027a3,americanfootball_nfl,df7e32f3c6cfaaa66de560906faabe32,2025-10-05T16:50:00Z,"player_pass_yds,player_rush_yds,player_reception_yds,player_receptions,player_kicking_points,player_field_goals","pinnacle,lowvig,betonlineag,draftkings,fanduel,betmgm,williamhill_us,fanatics,betrivers,espnbet",60
878b53c1425e8fae11e78a5606d6dc8520a9aeee7767cb93b49a1cd486c15d4f,americanfootball_nfl,1e3d3526039030b96471845ade5992cf,2025-10-05T16:50:00Z,"player_pass_yds,player_rush_yds,player_reception_yds,player_receptions,player_kicking_points,player_field_goals","pinnacle,lowvig,betonlineag,draftkings,fanduel,betmgm,williamhill_us,fanatics,betrivers,espnbet",60
8ab0650ddae8162c6542a6022c5aaff6a3d870b2f52b8aea258ab3b374a5bc95,americanfootball_nfl,ff8222149317a63ffe50fcda777d14c0,2025-10-05T16:50:00Z,"player_pass_yds,player_rush_yds,player_reception_yds,player_receptions,player_kicking_points,player_field_goals","pinnacle,lowvig,betonlineag,draftkings,fanduel,betmgm,williamhill_us,fanatics,betrivers,espnbet",60
a8fba68d659400cf59fe2a3c95cbbb36ece3ed4c58790fa514651e20fdb3ed93,americanfootball_nfl,1fe136913ef0e77717c0f0668163637f,2025-10-05T16:50:00Z,"player_pass_yds,player_rush_yds,player_reception_yds,player_receptions,player_kicking_points,player_field_goals","pinnacle,lowvig,betonlineag,draftkings,fanduel,betmgm,williamhill_us,fanatics,betrivers,espnbet",60
07567204d556900ea85cfe495bfae46be44fc8abbf06e418d64e3a3007b603a2,americanfootball_nfl,6f5a22a3ca33478094cef1e9212ba0fc,2025-10-05T19:55:00Z,"player_pass_yds,player_rush_yds,player_reception_yds,player_receptions,player_kicking_points,player_field_goals","pinnacle,lowvig,betonlineag,draftkings,fanduel,betmgm,williamhill_us,fanatics,betrivers,espnbet",60
b1d31426c3428450a034a873cd2ce7730dbb3aee53aed88d4280e131c5b725d7,americanfootball_nfl,8fa3fd86eaa7b432469d43b84904e1dc,2025-10-05T19:55:00Z,"player_pass_yds,player_rush_yds,player_reception_yds,player_receptions,player_kicking_points,player_field_goals","pinnacle,lowvig,betonlineag,draftkings,fanduel,betmgm,williamhill_us,fanatics,betrivers,espnbet",60
48a787e7eb1cc0c662d1fc1f4284b20e28611ea96c149e9e9c44b1a5b6d9ad60,americanfootball_nfl,79c4e9f40e2647dc2a7b377cf61c48cd,2025-10-05T20:15:00Z,"player_pass_yds,player_rush_yds,player_reception_yds,player_receptions,player_kicking_points,player_field_goals","pinnacle,lowvig,betonlineag,draftkings,fanduel,betmgm,williamhill_us,fanatics,betrivers,espnbet",60
aa7c8f1a3d80cd2bdda94814dd8ade147104345820b9ba76be82a574fc8d914f,americanfootball_nfl,e9de9c4390a28a90f437760050b23531,2025-10-05T20:15:00Z,"player_pass_yds,player_rush_yds,player_reception_yds,player_receptions,player_kicking_points,player_field_goals","pinnacle,lowvig,betonlineag,draftkings,fanduel,betmgm,williamhill_us,fanatics,betrivers,espnbet",60
39012f5697100de8558ad31e08ef723158654cb5ffdc967626a582ce8aa4e0fb,americanfootball_nfl,ba826e757d625a676452b8d3d6971bb0,2025-10-06T00:10:00Z,"player_pass_yds,player_rush_yds,player_reception_yds,player_receptions,player_kicking_points,player_field_goals","pinnacle,lowvig,betonlineag,draftkings,fanduel,betmgm,williamhill_us,fanatics,betrivers,espnbet",60
7d7664ee9d3e973349e9c760328ead871c7e19bcf42413e454323b441e88a8fb,americanfootball_nfl,1910db6879dddf37e4f86f0bcf1c9547,2025-10-06T00:15:00Z,"player_pass_yds,player_rush_yds,player_reception_yds,player_receptions,player_kicking_points,player_field_goals","pinnacle,lowvig,betonlineag,draftkings,fanduel,betmgm,williamhill_us,fanatics,betrivers,espnbet",60
0e851e3303c9a92eaf015a2f9ab5b29d56a2f7daee46f374262d2ef4d42b7ec0,americanfootball_nfl,1910db6879dddf37e4f86f0bcf1c9547,2025-10-07T00:05:00Z,"player_pass_yds,player_rush_yds,player_reception_yds,player_receptions,player_kicking_points,player_field_goals","pinnacle,lowvig,betonlineag,draftkings,fanduel,betmgm,williamhill_us,fanatics,betrivers,espnbet",60
57c1ad44b2c1b61cc2469fc66fb4474c17011d51846d58292c94e39ed45b521e,americanfootball_nfl,e10fe83ee6178a598e7fa84ea0913366,2025-10-09T00:15:00Z,"player_pass_yds,player_rush_yds,player_reception_yds,player_receptions,player_kicking_points,player_field_goals","pinnacle,lowvig,betonlineag,draftkings,fanduel,betmgm,williamhill_us,fanatics,betrivers,espnbet",60
391a42481e81a6f58982fcaeb6dd66b8b5263b47ea898211117fca18408d7672,americanfootball_nfl,e10fe83ee6178a598e7fa84ea0913366,2025-10-10T00:05:00Z,"player_pass_yds,player_rush_yds,player_reception_yds,player_receptions,player_kicking_points,player_field_goals","pinnacle,lowvig,betonlineag,draftkings,fanduel,betmgm,williamhill_us,fanatics,betrivers,espnbet",60
8f3cd05ea808dcb7dd33a6b1590b39b85cdf0ca939da7f26acf2f2b23f9b46d9,americanfootball_nfl,e34812ee7fbf13bd75e4298bccfbdd10,2025-10-11T13:30:00Z,"player_pass_yds,player_rush_yds,player_reception_yds,player_receptions,player_kicking_points,player_field_goals","pinnacle,lowvig,betonlineag,draftkings,fanduel,betmgm,williamhill_us,fanatics,betrivers,espnbet",60
2c083a2b2942d6617c2c9b0732e684eac28968cbb070aa3c8402752ed85917be,americanfootball_nfl,f2c642e1f95555424b9a9a4f03733b42,2025-10-11T17:00:00Z,"player_pass_yds,player_rush_yds,player_reception_yds,player_receptions,player_kicking_points,player_field_goals","pinnacle,lowvig,betonlineag,draftkings,fanduel,betmgm,williamhill_us,fanatics,betrivers,espnbet",60
4d87e0796f5eef590eaf29b5907426f25c203b2ca6618b19b00da29fff37a5f2,americanfootball_nfl,b235bc78609644cb28492cc1d6ad69fd,2025-10-11T17:00:00Z,"player_pass_yds,player_rush_yds,player_reception_yds,player_receptions,player_kicking_points,player_field_goals","pinnacle,lowvig,betonlineag,draftkings,fanduel,betmgm,williamhill_us,fanatics,betrivers,espnbet",60
6cb4dd5cbdcd490859ac9172a40a5ccdcc71a4399239d929677a0d176141e762,americanfootball_nfl,a11bbccb332241029ebaeb519b93b776,2025-10-11T17:00:00Z,"player_pass_yds,player_rush_yds,player_reception_yds,player_receptions,player_kicking_points,player_field_goals","pinnacle,lowvig,betonlineag,draftkings,fanduel,betmgm,williamhill_us,fanatics,betrivers,espnbet",60
8360de7c1f0d41c375bb8e12e13b41873a9ebc99b751d271291a678b96425580,americanfootball_nfl,dfa87b0532de1389297103c2e3195347,2025-10-11T17:00:00Z,"player_pass_yds,player_rush_yds,player_reception_yds,player_receptions,player_kicking_points,player_field_goals","pinnacle,lowvig,betonlineag,draftkings,fanduel,betmgm,williamhill_us,fanatics,betrivers,espnbet",60
a9c7fb821bed51466cc5a518e221c0f8d349f40796e816dbc49965a10eb15e64,americanfootball_nfl,a7211a87bbd5fb2ee473eb9c93ee2e68,2025-10-11T17:00:00Z,"player_pass_yds,player_rush_yds,player_reception_yds,player_receptions,player_kicking_points,player_field_goals","pinnacle,lowvig,betonlineag,draftkings,fanduel,betmgm,williamhill_us,fanatics,betrivers,espnbet",60
c2e2a558bf5ca9a9c0733cb556b943fde93955652b4adec1618d54e2e30c99f8,americanfootball_nfl,dd3a14fa1529e79bd338a7bfd71d5b3a,2025-10-11T17:00:00Z,"player_pass_yds,player_rush_yds,player_reception_yds,player_receptions,player_kicking_points,player_field_goals","pinnacle,lowvig,betonlineag,draftkings,fanduel,betmgm,williamhill_us,fanatics,betrivers,espnbet",60
f31c663eab690b6dded431b8ad03eca0ac8932f9012c5b7330eab0939b749851,americanfootball_nfl,e5dd1fed586cfc0ec2d7c06f2a02c37a,2025-10-11T17:00:00Z,"player_pass_yds,player_rush_yds,player_reception_yds,player_receptions,player_kicking_points,player_field_goals","pinnacle,lowvig,betonlineag,draftkings,fanduel,betmgm,williamhill_us,fanatics,betrivers,espnbet",60
b63b4b1a1e43ab03e907986601395cd537dc2c9fc36da998096c91d823aa96d0,americanfootball_nfl,4963bff460a5f26cab46a8e5ea6db148,2025-10-11T20:05:00Z,"player_pass_yds,player_rush_yds,player_reception_yds,player_receptions,player_kicking_points,player_field_goals","pinnacle,lowvig,betonlineag,draftkings,fanduel,betmgm,williamhill_us,fanatics,betrivers,espnbet",60
09af12ede22f3cb149bdf971f7560ee692760a6b065159688f43e360704d4330,americanfootball_nfl,9e705d669039f2ca8364f408b7792a8a,2025-10-11T20:25:00Z,"player_pass_yds,player_rush_yds,player_reception_yds,player_receptions,player_kicking_points,player_field_goals","pinnacle,lowvig,betonlineag,draftkings,fanduel,betmgm,williamhill_us,fanatics,betrivers,espnbet",60
bef430ad1c3d11932abcb3fcaddaddaed4a40fa55786b708e537c049c7528ddf,americanfootball_nfl,0c85b0939650e29689bb2651b33522eb,2025-10-11T20:25:00Z,"player_pass_yds,player_rush_yds,player_reception_yds,player_receptions,player_kicking_points,player_field_goals","pinnacle,lowvig,betonlineag,draftkings,fanduel,betmgm,williamhill_us,fanatics,betrivers,espnbet",60
f1c8a14a7dbb01bedcf4f23758056d94c503b595bbdc7efefbced0158a947dbc,americanfootball_nfl,82e432d5d8bc0b5a6cbe0c324de90de3,2025-10-12T00:20:00Z,"player_pass_yds,player_rush_yds,player_reception_yds,player_receptions,player_kicking_points,player_field_goals","pinnacle,lowvig,betonlineag,draftkings,fanduel,betmgm,williamhill_us,fanatics,betrivers,espnbet",60
f2742804bd910db0da8811bb87fd63e939571ccc4a82c0c80982cf7f4dd77046,americanfootball_nfl,e34812ee7fbf13bd75e4298bccfbdd10,2025-10-12T13:20:00Z,"player_pass_yds,player_rush_yds,player_reception_yds,player_receptions,player_kicking_points,player_field_goals","pinnacle,lowvig,betonlineag,draftkings,fanduel,betmgm,williamhill_us,fanatics,betrivers,espnbet",60
35fcbd33307bfc286a5eb208b1e9e301c80560c01288f4584f245096c7a58c01,americanfootball_nfl,dd3a14fa1529e79bd338a7bfd71d5b3a,2025-10-12T16:50:00Z,"player_pass_yds,player_rush_yds,player_reception_yds,player_receptions,player_kicking_points,player_field_goals","pinnacle,lowvig,betonlineag,draftkings,fanduel,betmgm,williamhill_us,fanatics,betrivers,espnbet",60
3dbc179f53bd59272cd41bc2865b451030db2c431173290cf5530a7ae1798d33,americanfootball_nfl,f2c642e1f95555424b9a9a4f03733b42,2025-10-12T16:50:00Z,"player_pass_yds,player_rush_yds,player_reception_yds,player_receptions,player_kicking_points,player_field_goals","pinnacle,lowvig,betonlineag,draftkings,fanduel,betmgm,williamhill_us,fanatics,betrivers,espnbet",60
3ef19719889e015ca0a3eefff25c43e94a4fe334e489eef6905c88516ab7b381,americanfootball_nfl,e5dd1fed586cfc0ec2d7c06f2a02c37a,2025-10-12T16:50:00Z,"player_pass_yds,player_rush_yds,player_reception_yds,player_receptions,player_kicking_points,player_field_goals","pinnacle,lowvig,betonlineag,draftkings,fanduel,betmgm,williamhill_us,fanatics,betrivers,espnbet",60
5893cb2dab9710bdec92981220c52cc4a24863604acbfa9eebccc834f8cd4381,americanfootball_nfl,a7211a87bbd5fb2ee473eb9c93ee2e68,2025-10-12T16:50:00Z,"player_pass_yds,player_rush_yds,player_reception_yds,player_receptions,player_kicking_points,player_field_goals","pinnacle,lowvig,betonlineag,draftkings,fanduel,betmgm,williamhill_us,fanatics,betrivers,espnbet",60
6111f80a8bc9993545a3ce4d284a1e3e26c7a4aa5bc7b94dac3c84b46aa8625a,americanfootball_nfl,a11bbccb332241029ebaeb519b93b776,2025-10-12T16:50:00Z,"player_pass_yds,player_rush_yds,player_reception_yds,player_receptions,player_kicking_points,player_field_goals","pinnacle,lowvig,betonlineag,draftkings,fanduel,betmgm,williamhill_us,fanatics,betrivers,espnbet",60
65cddcf68f5b85da95c50c610253f94d57b219ec063d5854b485916feaa2e881,americanfootball_nfl,b235bc78609644cb28492cc1d6ad69fd,2025-10-12T16:50:00Z,"player_pass_yds,player_rush_yds,player_reception_yds,player_receptions,player_kicking_points,player_field_goals","pinnacle,lowvig,betonlineag,draftkings,fanduel,betmgm,williamhill_us,fanatics,betrivers,espnbet",60
bb6c0c01468dc24b8d26d2d645a2ef1b8ecf5fc4a7afb2a739ac2f3fd3cf317a,americanfootball_nfl,dfa87b0532de1389297103c2e3195347,2025-10-12T16:50:00Z,"player_pass_yds,player_rush_yds,player_reception_yds,player_receptions,player_kicking_points,player_field_goals","pinnacle,lowvig,betonlineag,draftkings,fanduel,betmgm,williamhill_us,fanatics,betrivers,espnbet",60
c2cca555afc6837f7b0b7e2fc8c52dc36486fd10747aabcfbef2cdc5d19654d9,americanfootball_nfl,4963bff460a5f26cab46a8e5ea6db148,2025-10-12T19:55:00Z,"player_pass_yds,player_rush_yds,player_reception_yds,player_receptions,player_kicking_points,player_field_goals","pinnacle,lowvig,betonlineag,draftkings,fanduel,betmgm,williamhill_us,fanatics,betrivers,espnbet",60
1ad87e323a9e97c969fce62085ce05625fd971c4a5cc168040e3b5c5696beaf5,americanfootball_nfl,0c85b0939650e29689bb2651b33522eb,2025-10-12T20:15:00Z,"player_pass_yds,player_rush_yds,player_reception_yds,player_receptions,player_kicking_points,player_field_goals","pinnacle,lowvig,betonlineag,draftkings,fanduel,betmgm,williamhill_us,fanatics,betrivers,espnbet",60
3e66e63b839ee246ee60d48d55a02519da8c91d09c0f0126e3380d397665d600,americanfootball_nfl,9e705d669039f2ca8364f408b7792a8a,2025-10-12T20:15:00Z,"player_pass_yds,player_rush_yds,player_reception_yds,player_receptions,player_kicking_points,player_field_goals","pinnacle,lowvig,betonlineag,draftkings,fanduel,betmgm,williamhill_us,fanatics,betrivers,espnbet",60
c67ea0be4c5bb2e4b90539d5dd9abb7460ed95c2a1d103f9bd2c2905adfd2334,americanfootball_nfl,33e0adf378d2856ffe5f8452e7d5512d,2025-10-12T23:15:00Z,"player_pass_yds,player_rush_yds,player_reception_yds,player_receptions,player_kicking_points,player_field_goals","pinnacle,lowvig,betonlineag,draftkings,fanduel,betmgm,williamhill_us,fanatics,betrivers,espnbet",60
cf58cd3009b59bb85a35306bd1e93f16d7ca58ad8279097971df4a8c2549cb4f,americanfootball_nfl,82e432d5d8bc0b5a6cbe0c324de90de3,2025-10-13T00:10:00Z,"player_pass_yds,player_rush_yds,player_reception_yds,player_receptions,player_kicking_points,player_field_goals","pinnacle,lowvig,betonlineag,draftkings,fanduel,betmgm,williamhill_us,fanatics,betrivers,espnbet",60
b7adc051960ec8ed317261c840496d966e44ca7e80dd82267491985fc8217d80,americanfootball_nfl,38366aa83a3eb6cef71a1134c4fceb2c,2025-10-13T00:15:00Z,"player_pass_yds,player_rush_yds,player_reception_yds,player_receptions,player_kicking_points,player_field_goals","pinnacle,lowvig,betonlineag,draftkings,fanduel,betmgm,williamhill_us,fanatics,betrivers,espnbet",60
2adf5d2cebeb4e084214eb17931a0bb29194923faead3fb58a61cfdd6b42ddc5,americanfootball_nfl,33e0adf378d2856ffe5f8452e7d5512d,2025-10-13T23:05:00Z,"player_pass_yds,player_rush_yds,player_reception_yds,player_receptions,player_kicking_points,player_field_goals","pinnacle,lowvig,betonlineag,draftkings,fanduel,betmgm,williamhill_us,fanatics,betrivers,espnbet",60
fdc6e9553a7bade36b464430d87fa052d7627a37c4c2d2050bfb714568d43183,americanfootball_nfl,38366aa83a3eb6cef71a1134c4fceb2c,2025-10-14T00:05:00Z,"player_pass_yds,player_rush_yds,player_reception_yds,player_receptions,player_kicking_points,player_field_goals","pinnacle,lowvig,betonlineag,draftkings,fanduel,betmgm,williamhill_us,fanatics,betrivers,espnbet",60
31d0c67b4eedf6322377a356ce3305d66e6934db416bf9fcaefa494c68e5b5fa,americanfootball_nfl,6076f9eab496770efc0ab7095b27c122,2025-10-16T00:15:00Z,"player_pass_yds,player_rush_yds,player_reception_yds,player_receptions,player_kicking_points,player_field_goals","pinnacle,lowvig,betonlineag,draftkings,fanduel,betmgm,williamhill_us,fanatics,betrivers,espnbet",60
01aa5c4c213e764522db78c1b0e746b3f6b567506e6ade66f46c3f16c75a4cd0,americanfootball_nfl,6076f9eab496770efc0ab7095b27c122,2025-10-17T00:05:00Z,"player_pass_yds,player_rush_yds,player_reception_yds,player_receptions,player_kicking_points,player_field_goals","pinnacle,lowvig,betonlineag,draftkings,fanduel,betmgm,williamhill_us,fanatics,betrivers,espnbet",60
5fcda09c0ee20c05a382168b828f6501510f09316965e12f86d4edd6b6292451,americanfootball_nfl,79de65f1b97c9145ebdcb019eb486500,2025-10-18T13:30:00Z,"player_pass_yds,player_rush_yds,player_reception_yds,player_receptions,player_kicking_points,player_field_goals","pinnacle,lowvig,betonlineag,draftkings,fanduel,betmgm,williamhill_us,fanatics,betrivers,espnbet",60
099e526c986ad5cbe5fc09ca06c41667efd99476598492e49a135186dc4290ef,americanfootball_nfl,6a8d2daf7f75100d02656bc0217737e8,2025-10-18T17:00:00Z,"player_pass_yds,player_rush_yds,player_reception_yds,player_receptions,player_kicking_points,player_field_goals","pinnacle,lowvig,betonlineag,draftkings,fanduel,betmgm,williamhill_us,fanatics,betrivers,espnbet",60
318477265a5514da57f4a31c3ae8f623f7576bfa58c74495871769e64c865e2c,americanfootball_nfl,3127c0dd6ed51a44354af51791bc3e5a,2025-10-18T17:00:00Z,"player_pass_yds,player_rush_yds,player_reception_yds,player_receptions,player_kicking_points,player_field_goals","pinnacle,lowvig,betonlineag,draftkings,fanduel,betmgm,williamhill_us,fanatics,betrivers,espnbet",60
3d46a9c12059b50b2c8453dae2b7a512bffa519f6bf5c852c623cfed2d017b97,americanfootball_nfl,ba4e8bfa1f4eeaa74c7b09f409361c0d,2025-10-18T17:00:00Z,"player_pass_yds,player_rush_yds,player_reception_yds,player_receptions,player_kicking_points,player_field_goals","pinnacle,lowvig,betonlineag,draftkings,fanduel,betmgm,williamhill_us,fanatics,betrivers,espnbet",60
65229914ca016680eedfe6e000581935b1d3fab6109bc1341201137cf4489349,americanfootball_nfl,8f06a4b503cc7309cb0df4a8b67f9930,2025-10-18T17:00:00Z,"player_pass_yds,player_rush_yds,player_reception_yds,player_receptions,player_kicking_points,player_field_goals","pinnacle,lowvig,betonlineag,draftkings,fanduel,betmgm,williamhill_us,fanatics,betrivers,espnbet",60
668324634e097bb8b013e3a97773731ec843d3f578c18f1f52cc23c120413236,americanfootball_nfl,f7fa9341eeffb08f7e6e769398cd32e2,2025-10-18T17:00:00Z,"player_pass_yds,player_rush_yds,player_reception_yds,player_receptions,player_kicking_points,player_field_goals","pinnacle,lowvig,betonlineag,draftkings,fanduel,betmgm,williamhill_us,fanatics,betrivers,espnbet",60
a0e630cd818dfe7c75dba54994fe8c6426ce1236fcb608c5dc19ef189cefbbc0,americanfootball_nfl,f0336c9a3749716250afba387d157377,2025-10-18T17:00:00Z,"player_pass_yds,player_rush_yds,player_reception_yds,player_receptions,player_kicking_points,player_field_goals","pinnacle,lowvig,betonlineag,draftkings,fanduel,betmgm,williamhill_us,fanatics,betrivers,espnbet",60
301448124f66afbe06d19fe0c0c1af7be6dfd08439ccd083363f87e47535f55f,americanfootball_nfl,3be866344dfa050e602a6e69170b3cbe,2025-10-18T20:05:00Z,"player_pass_yds,player_rush_yds,player_reception_yds,player_receptions,player_kicking_points,player_field_goals","pinnacle,lowvig,betonlineag,draftkings,fanduel,betmgm,williamhill_us,fanatics,betrivers,espnbet",60
727e368588904bb5f62c35d7dee74968cd2b6a7b33d0af8a70fc8b1fd82fa3a7,americanfootball_nfl,a0ad5501e9d1d2ee9f61d9f293374f17,2025-10-18T20:05:00Z,"player_pass_yds,player_rush_yds,player_reception_yds,player_receptions,player_kicking_points,player_field_goals","pinnacle,lowvig,betonlineag,draftkings,fanduel,betmgm,williamhill_us,fanatics,betrivers,espnbet",60
15710d02226db9f8058ea2ab14464224fce155aaf43d2db5b517c5d175390fad,americanfootball_nfl,ff0c1ce30d562926ce40fc9bbaa2b7b1,2025-10-18T20:25:00Z,"player_pass_yds,player_rush_yds,player_reception_yds,player_receptions,player_kicking_points,player_field_goals","pinnacle,lowvig,betonlineag,draftkings,fanduel,betmgm,williamhill_us,fanatics,betrivers,espnbet",60
db35473080ed7101806fe0c1e498757efedc9e9cb0dbbb9cd40d22f9524efc71,americanfootball_nfl,1036171316ac51350b388c99e000cfc1,2025-10-18T20:25:00Z,"player_pass_yds,player_rush_yds,player_reception_yds,player_receptions,player_kicking_points,player_field_goals","pinnacle,lowvig,betonlineag,draftkings,fanduel,betmgm,williamhill_us,fanatics,betrivers,espnbet",60
d702bccb8ba39247104d014ad67db6dd3d42d0922e8af1820067615b951f70ba,americanfootball_nfl,7b2ded52498efcf97a08ef10ee99b0f3,2025-10-19T00:20:00Z,"player_pass_yds,player_rush_yds,player_reception_yds,player_receptions,player_kicking_points,player_field_goals","pinnacle,lowvig,betonlineag,draftkings,fanduel,betmgm,williamhill_us,fanatics,betrivers,espnbet",60
a4f208d323f94a1bbad08ebf5cf0350f2f77b5778f766f78a1c89e3464df2617,americanfootball_nfl,79de65f1b97c9145ebdcb019eb486500,2025-10-19T13:20:00Z,"player_pass_yds,player_rush_yds,player_reception_yds,player_receptions,player_kicking_points,player_field_goals","pinnacle,lowvig,betonlineag,draftkings,fanduel,betmgm,williamhill_us,fanatics,betrivers,espnbet",60
436ad5a1c682d4b1d649bae380c21070228a04b4ef764f94a439f99335c692d5,americanfootball_nfl,3127c0dd6ed51a44354af51791bc3e5a,2025-10-19T16:50:00Z,"player_pass_yds,player_rush_yds,player_reception_yds,player_receptions,player_kicking_points,player_field_goals","pinnacle,lowvig,betonlineag,draftkings,fanduel,betmgm,williamhill_us,fanatics,betrivers,espnbet",60
4bcb2ffcffb044b44564d8b81934df4dae80928a08a8059d3047d31a6915becd,americanfootball_nfl,f7fa9341eeffb08f7e6e769398cd32e2,2025-10-19T16:50:00Z,"player_pass_yds,player_rush_yds,player_reception_yds,player_receptions,player_kicking_points,player_field_goals","pinnacle,lowvig,betonlineag,draftkings,fanduel,betmgm,williamhill_us,fanatics,betrivers,espnbet",60
6151f2e3a42e1954e03b63d49d23f4874947815bb51647d34ac0549220c6b83d,americanfootball_nfl,f0336c9a3749716250afba387d157377,2025-10-19T16:50:00Z,"player_pass_yds,player_rush_yds,player_reception_yds,player_receptions,player_kicking_points,player_field_goals","pinnacle,lowvig,betonlineag,draftkings,fanduel,betmgm,williamhill_us,fanatics,betrivers,espnbet",60
bc97c6bfaa53de6cb5ab8756666347b05f9a1cb1f2a694cbfb2c4c378089c345,americanfootball_nfl,8f06a4b503cc7309cb0df4a8b67f9930,2025-10-19T16:50:00Z,"player_pass_yds,player_rush_yds,player_reception_yds,player_receptions,player_kicking_points,player_field_goals","pinnacle,lowvig,betonlineag,draftkings,fanduel,betmgm,williamhill_us,fanatics,betrivers,espnbet",60
ee2617f514bdd6f97dd331182c4daaf554d9e413e4f8fea288e8f389a12d607f,americanfootball_nfl,6a8d2daf7f75100d02656bc0217737e8,2025-10-19T16:50:00Z,"player_pass_yds,player_rush_yds,player_reception_yds,player_receptions,player_kicking_points,player_field_goals","pinnacle,lowvig,betonlineag,draftkings,fanduel,betmgm,williamhill_us,fanatics,betrivers,espnbet",60
fcd21a00336bcbafb940e9a025e61493e86e62ce119c6c6596d984a7fce4967e,americanfootball_nfl,ba4e8bfa1f4eeaa74c7b09f409361c0d,2025-10-19T16:50:00Z,"player_pass_yds,player_rush_yds,player_reception_yds,player_receptions,player_kicking_points,player_field_goals","pinnacle,lowvig,betonlineag,draftkings,fanduel,betmgm,williamhill_us,fanatics,betrivers,espnbet",60
ddc70b98793192beb53be3fc1bca84e7f542b4296039ac314269fb3bf0cd55bb,americanfootball_nfl,3be866344dfa050e602a6e69170b3cbe,2025-10-19T19:55:00Z,"player_pass_yds,player_rush_yds,player_reception_yds,player_receptions,player_kicking_points,player_field_goals","pinnacle,lowvig,betonlineag,draftkings,fanduel,betmgm,williamhill_us,fanatics,betrivers,espnbet",60
e309ee0fcda2f381b81bc7782e73da435a7fbf15bfe8b0de749bd602b4810c8d,americanfootball_nfl,a0ad5501e9d1d2ee9f61d9f293374f17,2025-10-19T19:55:00Z,"player_pass_yds,player_rush_yds,player_reception_yds,player_receptions,player_kicking_points,player_field_goals","pinnacle,lowvig,betonlineag,draftkings,fanduel,betmgm,williamhill_us,fanatics,betrivers,espnbet",60
641daabb2392ff7334dab0cb12df2282a2298ab07b6864632e39141bc88b5020,americanfootball_nfl,1036171316ac51350b388c99e000cfc1,2025-10-19T20:15:00Z,"player_pass_yds,player_rush_yds,player_reception_yds,player_receptions,player_kicking_points,player_field_goals","pinnacle,lowvig,betonlineag,draftkings,fanduel,betmgm,williamhill_us,fanatics,betrivers,espnbet",60
f7aa82142d71052f4222c1ebf79882dee9e0d2505d11787109c5084b8f860a1e,americanfootball_nfl,ff0c1ce30d562926ce40fc9bbaa2b7b1,2025-10-19T20:15:00Z,"player_pass_yds,player_rush_yds,player_reception_yds,player_receptions,player_kicking_points,player_field_goals","pinnacle,lowvig,betonlineag,draftkings,fanduel,betmgm,williamhill_us,fanatics,betrivers,espnbet",60
e0df504a5df9813dfb5c4ea7beaae6dee57c0db5c5d54f58b3913335ab129e55,americanfootball_nfl,b808059d3ccc754ace4a3d23b58e47e8,2025-10-19T23:00:00Z,"player_pass_yds,player_rush_yds,player_reception_yds,player_receptions,player_kicking_points,player_field_goals","pinnacle,lowvig,betonlineag,draftkings,fanduel,betmgm,williamhill_us,fanatics,betrivers,espnbet",60
4d35b77fdaea255bcdd400197c71c58d1578740cbc0ea3bcf96907e29191f91f,americanfootball_nfl,7b2ded52498efcf97a08ef10ee99b0f3,2025-10-20T00:10:00Z,"player_pass_yds,player_rush_yds,player_reception_yds,player_receptions,player_kicking_points,player_field_goals","pinnacle,lowvig,betonlineag,draftkings,fanduel,betmgm,williamhill_us,fanatics,betrivers,espnbet",60
69d6223517e4345f5a1bd4bac77dff0c63374632764ecd1b17a13d4d8b4a7ee3,americanfootball_nfl,7ca953ab786f70b22cabbe4946d330fa,2025-10-20T02:00:00Z,"player_pass_yds,player_rush_yds,player_reception_yds,player_receptions,player_kicking_points,player_field_goals","pinnacle,lowvig,betonlineag,draftkings,fanduel,betmgm,williamhill_us,fanatics,betrivers,espnbet",60
94f25ddb0e9d719f95c6915d25e8185d67b1ae84f50122a1f224a7587ad0a514,americanfootball_nfl,b808059d3ccc754ace4a3d23b58e47e8,2025-10-20T22:50:00Z,"player_pass_yds,player_rush_yds,player_reception_yds,player_receptions,player_kicking_points,player_field_goals","pinnacle,lowvig,betonlineag,draftkings,fanduel,betmgm,williamhill_us,fanatics,betrivers,espnbet",60
25198399293979b5ca7a2752612890f43021faa288741ba84944ba7a1d5a2c9d,americanfootball_nfl,7ca953ab786f70b22cabbe4946d330fa,2025-10-21T01:50:00Z,"player_pass_yds,player_rush_yds,player_reception_yds,player_receptions,player_kicking_points,player_field_goals","pinnacle,lowvig,betonlineag,draftkings,fanduel,betmgm,williamhill_us,fanatics,betrivers,espnbet",60
4c619188d8c76fe79a173ebcb0037975e81295f1c83f9e484acbc61f4c72de0e,americanfootball_nfl,6439b16f4a038f1c351dc3f1aef27471,2025-10-23T00:15:00Z,"player_pass_yds,player_rush_yds,player_reception_yds,player_receptions,player_kicking_points,player_field_goals","pinnacle,lowvig,betonlineag,draftkings,fanduel,betmgm,williamhill_us,fanatics,betrivers,espnbet",60
6c59594e985ff7066593d3e01d4351e96f7d66266da1328361a82bdee0f386cf,americanfootball_nfl,6439b16f4a038f1c351dc3f1aef27471,2025-10-24T00:05:00Z,"player_pass_yds,player_rush_yds,player_reception_yds,player_receptions,player_kicking_points,player_field_goals","pinnacle,lowvig,betonlineag,draftkings,fanduel,betmgm,williamhill_us,fanatics,betrivers,espnbet",60
64a6a931f7a9cf52ffe0bb568da480c53cc02a8c018e027a25e9c339dd174af6,americanfootball_nfl,53d4369464c66630f03a5d128cd39b08,2025-10-25T17:00:00Z,"player_pass_yds,player_rush_yds,player_reception_yds,player_receptions,player_kicking_points,player_field_goals","pinnacle,lowvig,betonlineag,draftkings,fanduel,betmgm,williamhill_us,fanatics,betrivers,espnbet",60
6ee3d6c25676c2a4cb45a39614c2104c0ee5a87b2353668c9017a43cd70fe6e7,americanfootball_nfl,ac02b1b59aa0623845378a02bc530c68,2025-10-25T17:00:00Z,"player_pass_yds,player_rush_yds,player_reception_yds,player_receptions,player_kicking_points,player_field_goals","pinnacle,lowvig,betonlineag,draftkings,fanduel,betmgm,williamhill_us,fanatics,betrivers,espnbet",60
72b42bf5831f2fc4b94dcde415cd177fa5c4473eda36d9d9281b83621a8a738d,americanfootball_nfl,abc4104a9ac597ce37d703613256fd6c,2025-10-25T17:00:00Z,"player_pass_yds,player_rush_yds,player_reception_yds,player_receptions,player_kicking_points,player_field_goals","pinnacle,lowvig,betonlineag,draftkings,fanduel,betmgm,williamhill_us,fanatics,betrivers,espnbet",60
7f9ce02a77d5028a650bcb26f8786ece919ab8f108f83ef08394bf2b441a7c88,americanfootball_nfl,9c1f73e48ca9750f6e7d5d64874057c2,2025-10-25T17:00:00Z,"player_pass_yds,player_rush_yds,player_reception_yds,player_receptions,player_kicking_points,player_field_goals","pinnacle,lowvig,betonlineag,draftkings,fanduel,betmgm,williamhill_us,fanatics,betrivers,espnbet",60
8641a4e95884eb50359fa3730905adddf5db7e3fe6b8a02a6d6ca1a6841343cc,americanfootball_nfl,a061e80d1f50eab193b34d19f8e59f62,2025-10-25T17:00:00Z,"player_pass_yds,player_rush_yds,player_reception_yds,player_receptions,player_kicking_points,player_field_goals","pinnacle,lowvig,betonlineag,draftkings,fanduel,betmgm,williamhill_us,fanatics,betrivers,espnbet",60
87e24d9a49bcc3cca7dce5a521d68bfc4e85ddb5f72e6aee1d574dd70c6c61f7,americanfootball_nfl,a8ebe01e05675c109b53a97f653f8653,2025-10-25T17:00:00Z,"player_pass_yds,player_rush_yds,player_reception_yds,player_receptions,player_kicking_points,player_field_goals","pinnacle,lowvig,betonlineag,draftkings,fanduel,betmgm,williamhill_us,fanatics,betrivers,espnbet",60
f1170090ec2003dd3e7bc9530b75853ac08d0ed3f04c8e240fda086f964ccf5c,americanfootball_nfl,3536a3e857050d2dd6e2019ceb668f67,2025-10-25T17:00:00Z,"player_pass_yds,player_rush_yds,player_reception_yds,player_receptions,player_kicking_points,player_field_goals","pinnacle,lowvig,betonlineag,draftkings,fanduel,betmgm,williamhill_us,fanatics,betrivers,espnbet",60
3dc566e0f185b273c9ac0819da1a113325b68ca7486be3c8da38c4b6881bfcc6,americanfootball_nfl,a8dd9bb0681692540d067bd0e9e66989,2025-10-25T20:05:00Z,"player_pass_yds,player_rush_yds,player_reception_yds,player_receptions,player_kicking_points,player_field_goals","pinnacle,lowvig,betonlineag,draftkings,fanduel,betmgm,williamhill_us,fanatics,betrivers,espnbet",60
d5e08e1e3a7599908e123376f7ed5537c94fde0408c87a172b5a3d1f7d58e9d7,americanfootball_nfl,88187a33b007c088d75c6cd14c83086c,2025-10-25T20:25:00Z,"player_pass_yds,player_rush_yds,player_reception_yds,player_receptions,player_kicking_points,player_field_goals","pinnacle,lowvig,betonlineag,draftkings,fanduel,betmgm,williamhill_us,fanatics,betrivers,espnbet",60
f7538231c5bbd4efbbf2d4489491f68ed602ba686cf5e6b14a5fc9a9fadaf677,americanfootball_nfl,40c2ebd9ddd5ce8ff5b1ada730bb1785,2025-10-25T20:25:00Z,"player_pass_yds,player_rush_yds,player_reception_yds,player_receptions,player_kicking_points,player_field_goals","pinnacle,lowvig,betonlineag,draftkings,fanduel,betmgm,williamhill_us,fanatics,betrivers,espnbet",60
525908372d8f9cb7b9b5ddcaacfccc55b20f2176a347e4f9075cd860bd00ca12,americanfootball_nfl,fb900eef07307ebf5c1930341ecd852a,2025-10-26T00:20:00Z,"player_pass_yds,player_rush_yds,player_reception_yds,player_receptions,player_kicking_points,player_field_goals","pinnacle,lowvig,betonlineag,draftkings,fanduel,betmgm,williamhill_us,fanatics,betrivers,espnbet",60
4b9b4c2b9c4ecd5048dae8812a6c6c9806b91b94600a3aec9267b8a75b86ef85,americanfootball_nfl,53d4369464c66630f03a5d128cd39b08,2025-10-26T16:50:00Z,"player_pass_yds,player_rush_yds,player_reception_yds,player_receptions,player_kicking_points,player_field_goals","pinnacle,lowvig,betonlineag,draftkings,fanduel,betmgm,williamhill_us,fanatics,betrivers,espnbet",60
66c75e37baaa424e85dae313c400b2550b02702e0e22a22f81c66f35d612cbab,americanfootball_nfl,3536a3e857050d2dd6e2019ceb668f67,2025-10-26T16:50:00Z,"player_pass_yds,player_rush_yds,player_reception_yds,player_receptions,player_kicking_points,player_field_goals","pinnacle,lowvig,betonlineag,draftkings,fanduel,betmgm,williamhill_us,fanatics,betrivers,espnbet",60
713b25dacca9d62fd1059fbfceccad38c213c60452f8a6425e70f7a194adb528,americanfootball_nfl,abc4104a9ac597ce37d703613256fd6c,2025-10-26T16:50:00Z,"player_pass_yds,player_rush_yds,player_reception_yds,player_receptions,player_kicking_points,player_field_goals","pinnacle,lowvig,betonlineag,draftkings,fanduel,betmgm,williamhill_us,fanatics,betrivers,espnbet",60
9a8b5cf154be5f0295cc811536d9241e88345f1813967db46b06aafaa0ff2deb,americanfootball_nfl,9c1f73e48ca9750f6e7d5d64874057c2,2025-10-26T16:50:00Z,"player_pass_yds,player_rush_yds,player_reception_yds,player_receptions,player_kicking_points,player_field_goals","pinnacle,lowvig,betonlineag,draftkings,fanduel,betmgm,williamhill_us,fanatics,betrivers,espnbet",60
a12d33d2dccca0915342bad549e39e6a779ab7de56614a5b94bdd9bce10e174b,americanfootball_nfl,a061e80d1f50eab193b34d19f8e59f62,2025-10-26T16:50:00Z,"player_pass_yds,player_rush_yds,player_reception_yds,player_receptions,player_kicking_points,player_field_goals","pinnacle,lowvig,betonlineag,draftkings,fanduel,betmgm,williamhill_us,fanatics,betrivers,espnbet",60
ce30044814fdf0ca0363e344685f1b48b0e2d2a573d7a349dcb8e26d4d800577,americanfootball_nfl,a8ebe01e05675c109b53a97f653f8653,2025-10-26T16:50:00Z,"player_pass_yds,player_rush_yds,player_reception_yds,player_receptions,player_kicking_points,player_field_goals","pinnacle,lowvig,betonlineag,draftkings,fanduel,betmgm,williamhill_us,fanatics,betrivers,espnbet",60
fee7fc308a95293f89ab3335edcd6ea4af87d63ed5115f913cc93579f47f3c17,americanfootball_nfl,ac02b1b59aa0623845378a02bc530c68,2025-10-26T16:50:00Z,"player_pass_yds,player_rush_yds,player_reception_yds,player_receptions,player_kicking_points,player_field_goals","pinnacle,lowvig,betonlineag,draftkings,fanduel,betmgm,williamhill_us,fanatics,betrivers,espnbet",60
e7256ee18d48b110ae80bb8a5e06c328f4105754d3a18fc1777301090ccd6b4c,americanfootball_nfl,a8dd9bb0681692540d067bd0e9e66989,2025-10-26T19:55:00Z,"player_pass_yds,player_rush_yds,player_reception_yds,player_receptions,player_kicking_points,player_field_goals","pinnacle,lowvig,betonlineag,draftkings,fanduel,betmgm,williamhill_us,fanatics,betrivers,espnbet",60
2e268b7852310862af6218f64a99a4ae83dbbf928a04193e3130ed04be5aa987,americanfootball_nfl,88187a33b007c088d75c6cd14c83086c,2025-10-26T20:15:00Z,"player_pass_yds,player_rush_yds,player_reception_yds,player_receptions,player_kicking_points,player_field_goals","pinnacle,lowvig,betonlineag,draftkings,fanduel,betmgm,williamhill_us,fanatics,betrivers,espnbet",60
9fa63a91effcfdf1197969cd2518d1464cb3bbad9652c5b2618bc91d8b5aaa29,americanfootball_nfl,40c2ebd9ddd5ce8ff5b1ada730bb1785,2025-10-26T20:15:00Z,"player_pass_yds,player_rush_yds,player_reception_yds,player_receptions,player_kicking_points,player_field_goals","pinnacle,lowvig,betonlineag,draftkings,fanduel,betmgm,williamhill_us,fanatics,betrivers,espnbet",60
40ad002f5e94425a331013fed28b602c951e9ee75dd9163230956e5576583c4b,americanfootball_nfl,fb900eef07307ebf5c1930341ecd852a,2025-10-27T00:10:00Z,"player_pass_yds,player_rush_yds,player_reception_yds,player_receptions,player_kicking_points,player_field_goals","pinnacle,lowvig,betonlineag,draftkings,fanduel,betmgm,williamhill_us,fanatics,betrivers,espnbet",60
9689d8ac83a32d8c63a261f70581556234b9414a952098338e2dc473a2859592,americanfootball_nfl,7e3361e84d5223a8d210a887b249f247,2025-10-27T00:15:00Z,"player_pass_yds,player_rush_yds,player_reception_yds,player_receptions,player_kicking_points,player_field_goals","pinnacle,lowvig,betonlineag,draftkings,fanduel,betmgm,williamhill_us,fanatics,betrivers,espnbet",60
f97a82720364fe48c2950e073bd5bfae7fc31a27d8a91b7a37684ebcf4c7b63d,americanfootball_nfl,7e3361e84d5223a8d210a887b249f247,2025-10-28T00:05:00Z,"player_pass_yds,player_rush_yds,player_reception_yds,player_receptions,player_kicking_points,player_field_goals","pinnacle,lowvig,betonlineag,draftkings,fanduel,betmgm,williamhill_us,fanatics,betrivers,espnbet",60
9eaade1993e4b0a9f29b1e03a20105290d60cc24e39621e54a72c97a80339b48,americanfootball_nfl,677dbbb6ad96fc5f5b36bb20b43139dd,2025-10-30T00:15:00Z,"player_pass_yds,player_rush_yds,player_reception_yds,player_receptions,player_kicking_points,player_field_goals","pinnacle,lowvig,betonlineag,draftkings,fanduel,betmgm,williamhill_us,fanatics,betrivers,espnbet",60
bdc15cad2dd5a18d44037f80ef164d2f8cd485649b8a8e0b8a8535881fc74002,americanfootball_nfl,677dbbb6ad96fc5f5b36bb20b43139dd,2025-10-31T00:05:00Z,"player_pass_yds,player_rush_yds,player_reception_yds,player_receptions,player_kicking_points,player_field_goals","pinnacle,lowvig,betonlineag,draftkings,fanduel,betmgm,williamhill_us,fanatics,betrivers,espnbet",60
1253e20e20aee6911593b08e446d9a6ca5d9d156e68aadec81f230e4a6f8af98,americanfootball_nfl,a788e7cebff4b5fe10034710090e4529,2025-11-01T18:00:00Z,"player_pass_yds,player_rush_yds,player_reception_yds,player_receptions,player_kicking_points,player_field_goals","pinnacle,lowvig,betonlineag,draftkings,fanduel,betmgm,williamhill_us,fanatics,betrivers,espnbet",60
38cb5460219ec1f3a4fbebc50dbb5cc56ceb7d5bf44a02b4c4c557fc243e85ce,americanfootball_nfl,6dd3b8a705ed0db85d59fa19b9062cc8,2025-11-01T18:00:00Z,"player_pass_yds,player_rush_yds,player_reception_yds,player_receptions,player_kicking_points,player_field_goals","pinnacle,lowvig,betonlineag,draftkings,fanduel,betmgm,williamhill_us,fanatics,betrivers,espnbet",60
3dde92dbacc357feb65569ef814c4973bdfbb208a2a6f573efd1a688570c3c37,americanfootball_nfl,2340a6e0794d5688996dcf8aaf634742,2025-11-01T18:00:00Z,"player_pass_yds,player_rush_yds,player_reception_yds,player_receptions,player_kicking_points,player_field_goals","pinnacle,lowvig,betonlineag,draftkings,fanduel,betmgm,williamhill_us,fanatics,betrivers,espnbet",60
642d2719ae7875756f81c3dc89a57136c70f4a72288736f0a298f97148b8ec46,americanfootball_nfl,cf95657d78ab3e515203df1d19c3b0c2,2025-11-01T18:00:00Z,"player_pass_yds,player_rush_yds,player_reception_yds,player_receptions,player_kicking_points,player_field_goals","pinnacle,lowvig,betonlineag,draftkings,fanduel,betmgm,williamhill_us,fanatics,betrivers,espnbet",60
9526123ed1510bae4322bc6bb9feb11f7c147566c584904a6d2994a09da43515,americanfootball_nfl,72e2ce6652bbb3901f60b38bec05bf5f,2025-11-01T18:00:00Z,"player_pass_yds,player_rush_yds,player_reception_yds,player_receptions,player_kicking_points,player_field_goals","pinnacle,lowvig,betonlineag,draftkings,fanduel,betmgm,williamhill_us,fanatics,betrivers,espnbet",60
a63005a945536a2d594183fe764588776aff3927448f3bc9ce434f45201cf282,americanfootball_nfl,b60025aea576e2e89ef7bc7303f847ec,2025-11-01T18:00:00Z,"player_pass_yds,player_rush_yds,player_reception_yds,player_receptions,player_kicking_points,player_field_goals","pinnacle,lowvig,betonlineag,draftkings,fanduel,betmgm,williamhill_us,fanatics,betrivers,espnbet",60
db714678379389c4729755fac12696de3694852c30354a60a298e4e8b10e9c0c,americanfootball_nfl,6031b513e188fc19a2311499566c9258,2025-11-01T18:00:00Z,"player_pass_yds,player_rush_yds,player_reception_yds,player_receptions,player_kicking_points,player_field_goals","pinnacle,lowvig,betonlineag,draftkings,fanduel,betmgm,williamhill_us,fanatics,betrivers,espnbet",60
ebdbc54831c25ae8ac046e3654f9ae7d418349a6ea95b729e92bfe97db54f12e,americanfootball_nfl,016f76d8237e8d4eb62b9c2ef68381bb,2025-11-01T18:00:00Z,"player_pass_yds,player_rush_yds,player_reception_yds,player_receptions,player_kicking_points,player_field_goals","pinnacle,lowvig,betonlineag,draftkings,fanduel,betmgm,williamhill_us,fanatics,betrivers,espnbet",60
5e9380fc71f62543c197151fa2d7abb7ad9a18d2bf680d9cbb9f5372c7f0f8ce,americanfootball_nfl,b08df670a95f1809707b335dc75081c6,2025-11-01T21:05:00Z,"player_pass_yds,player_rush_yds,player_reception_yds,player_receptions,player_kicking_points,player_field_goals","pinnacle,lowvig,betonlineag,draftkings,fanduel,betmgm,williamhill_us,fanatics,betrivers,espnbet",60
eacf8bf8b6c65ed1566a3d30135b854ec10ea8b756f0352ea01e6d560f8dedcf,americanfootball_nfl,d0bf341e7959d69b55f1a8ff09065234,2025-11-01T21:05:00Z,"player_pass_yds,player_rush_yds,player_reception_yds,player_receptions,player_kicking_points,player_field_goals","pinnacle,lowvig,betonlineag,draftkings,fanduel,betmgm,williamhill_us,fanatics,betrivers,espnbet",60
7d411cc6904321c6f42d0ee421dffc10994c92aa1d120022145d225d9e50b3e4,americanfootball_nfl,61531628516decd1ee8116da5f6f9056,2025-11-01T21:25:00Z,"player_pass_yds,player_rush_yds,player_reception_yds,player_receptions,player_kicking_points,player_field_goals","pinnacle,lowvig,betonlineag,draftkings,fanduel,betmgm,williamhill_us,fanatics,betrivers,espnbet",60
764237e9c9595652395e1f7f0bc33e77eefe3522608bfc2db2c1dcb473afaf77,americanfootball_nfl,c2fd8a23091a954fb21ff6d3537db826,2025-11-02T01:20:00Z,"player_pass_yds,player_rush_yds,player_reception_yds,player_receptions,player_kicking_points,player_field_goals","pinnacle,lowvig,betonlineag,draftkings,fanduel,betmgm,williamhill_us,fanatics,betrivers,espnbet",60
07fa7d1150b80889c726963a7b0f590548bec13773ecda6d55f820c8a9bf8dda,americanfootball_nfl,cf95657d78ab3e515203df1d19c3b0c2,2025-11-02T17:50:00Z,"player_pass_yds,player_rush_yds,player_reception_yds,player_receptions,player_kicking_points,player_field_goals","pinnacle,lowvig,betonlineag,draftkings,fanduel,betmgm,williamhill_us,fanatics,betrivers,espnbet",60
642b005f860f9efea03808ed25066050820475720cf41dc9513d80eeae7d96ed,americanfootball_nfl,2340a6e0794d5688996dcf8aaf634742,2025-11-02T17:50:00Z,"player_pass_yds,player_rush_yds,player_reception_yds,player_receptions,player_kicking_points,player_field_goals","pinnacle,lowvig,betonlineag,draftkings,fanduel,betmgm,williamhill_us,fanatics,betrivers,espnbet",60
7e93999de381465e4cc9e483872afd7cf2276511f05be5f89128725ab89148d1,americanfootball_nfl,b60025aea576e2e89ef7bc7303f847ec,2025-11-02T17:50:00Z,"player_pass_yds,player_rush_yds,player_reception_yds,player_receptions,player_kicking_points,player_field_goals","pinnacle,lowvig,betonlineag,draftkings,fanduel,betmgm,williamhill_us,fanatics,betrivers,espnbet",60
87d095849f7b12f1e153e4018c1899ea173a67a8366b4b229c38b233361a5e9f,americanfootball_nfl,6031b513e188fc19a2311499566c9258,2025-11-02T17:50:00Z,"player_pass_yds,player_rush_yds,player_reception_yds,player_receptions,player_kicking_points,player_field_goals","pinnacle,lowvig,betonlineag,draftkings,fanduel,betmgm,williamhill_us,fanatics,betrivers,espnbet",60
8edafd770d3a19d30767f1b757b973f616ba6cf7d080f737e56160f08109d715,americanfootball_nfl,6dd3b8a705ed0db85d59fa19b9062cc8,2025-11-02T17:50:00Z,"player_pass_yds,player_rush_yds,player_reception_yds,player_receptions,player_kicking_points,player_field_goals","pinnacle,lowvig,betonlineag,draftkings,fanduel,betmgm,williamhill_us,fanatics,betrivers,espnbet",60
c5fccf3987f4bc6c1e453d951dcd0d59cde6afa2adf80570f278411b77758f75,americanfootball_nfl,016f76d8237e8d4eb62b9c2ef68381bb,2025-11-02T17:50:00Z,"player_pass_yds,player_rush_yds,player_reception_yds,player_receptions,player_kicking_points,player_field_goals","pinnacle,lowvig,betonlineag,draftkings,fanduel,betmgm,williamhill_us,fanatics,betrivers,espnbet",60
d6f8c0875e157fb5f4d1e508246313af7aed39b887a1f0f69944d7186c8fa613,americanfootball_nfl,72e2ce6652bbb3901f60b38bec05bf5f,2025-11-02T17:50:00Z,"player_pass_yds,player_rush_yds,player_reception_yds,player_receptions,player_kicking_points,player_field_goals","pinnacle,lowvig,betonlineag,draftkings,fanduel,betmgm,williamhill_us,fanatics,betrivers,espnbet",60
ee53bcc4658dbba07afa8dbd02ac4831980f7e5e6c0e066ddd80c2c9d82ff6ca,americanfootball_nfl,a788e7cebff4b5fe10034710090e4529,2025-11-02T17:50:00Z,"player_pass_yds,player_rush_yds,player_reception_yds,player_receptions,player_kicking_points,player_field_goals","pinnacle,lowvig,betonlineag,draftkings,fanduel,betmgm,williamhill_us,fanatics,betrivers,espnbet",60
34462932a6e0ef130b1e9ab91415ddeae5c928c23a6ca9b363d17a13e432008b,americanfootball_nfl,d0bf341e7959d69b55f1a8ff09065234,2025-11-02T20:55:00Z,"player_pass_yds,player_rush_yds,player_reception_yds,player_receptions,player_kicking_points,player_field_goals","pinnacle,lowvig,betonlineag,draftkings,fanduel,betmgm,williamhill_us,fanatics,betrivers,espnbet",60
621e9aa173f3b1d2841031096255a0c35a7737c6e6750dc64228a2f05305af08,americanfootball_nfl,b08df670a95f1809707b335dc75081c6,2025-11-02T20:55:00Z,"player_pass_yds,player_rush_yds,player_reception_yds,player_receptions,player_kicking_points,player_field_goals","pinnacle,lowvig,betonlineag,draftkings,fanduel,betmgm,williamhill_us,fanatics,betrivers,espnbet",60
693ca285b2740e05651449919bedb6682237cc14d832db953914364c29d01402,americanfootball_nfl,61531628516decd1ee8116da5f6f9056,2025-11-02T21:15:00Z,"player_pass_yds,player_rush_yds,player_reception_yds,player_receptions,player_kicking_points,player_field_goals","pinnacle,lowvig,betonlineag,draftkings,fanduel,betmgm,williamhill_us,fanatics,betrivers,espnbet",60
f094adbfc14abfea342ca114a20eb77ebc12ed7cc62a4bcb5cf9a43eeeef8aa1,americanfootball_nfl,c2fd8a23091a954fb21ff6d3537db826,2025-11-03T01:10:00Z,"player_pass_yds,player_rush_yds,player_reception_yds,player_receptions,player_kicking_points,player_field_goals","pinnacle,lowvig,betonlineag,draftkings,fanduel,betmgm,williamhill_us,fanatics,betrivers,espnbet",60
0506caebf265928b4c626d3c08f335131d6ee6d382f7df8b194075c107e804b3,americanfootball_nfl,f3dfb574e0a542375a480534525ee6cf,2025-11-03T01:15:00Z,"player_pass_yds,player_rush_yds,player_reception_yds,player_receptions,player_kicking_points,player_field_goals","pinnacle,lowvig,betonlineag,draftkings,fanduel,betmgm,williamhill_us,fanatics,betrivers,espnbet",60
bd8ec773729ff739327fed9a8fbac6cb402813742220845f034874cbbcf448e3,americanfootball_nfl,f3dfb574e0a542375a480534525ee6cf,2025-11-04T01:05:00Z,"player_pass_yds,player_rush_yds,player_reception_yds,player_receptions,player_kicking_points,player_field_goals","pinnacle,lowvig,betonlineag,draftkings,fanduel,betmgm,williamhill_us,fanatics,betrivers,espnbet",60
e4357bc38c20ce1f67f8a33d5e84d29452ccf8c33e2c615be3468c6ae6cb0f0c,americanfootball_nfl,13bdffda97e8fb13179fe3f2f69d66f8,2025-11-06T01:15:00Z,"player_pass_yds,player_rush_yds,player_reception_yds,player_receptions,player_kicking_points,player_field_goals","pinnacle,lowvig,betonlineag,draftkings,fanduel,betmgm,williamhill_us,fanatics,betrivers,espnbet",60
8582044ae1618dc02aa523bba6e2f329ae0e3bb6f8c3c6e1884e7ba2e3cb64bf,americanfootball_nfl,13bdffda97e8fb13179fe3f2f69d66f8,2025-11-07T01:05:00Z,"player_pass_yds,player_rush_yds,player_reception_yds,player_receptions,player_kicking_points,player_field_goals","pinnacle,lowvig,betonlineag,draftkings,fanduel,betmgm,williamhill_us,fanatics,betrivers,espnbet",60
1441f4fdc236c39a2da1739b865f0b7bb828dc7dbfd339fd72d26b5000cd8cb7,americanfootball_nfl,42473c1ddf8f424069ff3f264dd8dca4,2025-11-08T14:30:00Z,"player_pass_yds,player_rush_yds,player_reception_yds,player_receptions,player_kicking_points,player_field_goals","pinnacle,lowvig,betonlineag,draftkings,fanduel,betmgm,williamhill_us,fanatics,betrivers,espnbet",60
554b6c62716551d3ba24534c0d74d24f4ebea4a7c74c13b486e0e491f13b1c78,americanfootball_nfl,3b1a97366685a96e6e1940ae56cc4d31,2025-11-08T18:00:00Z,"player_pass_yds,player_rush_yds,player_reception_yds,player_receptions,player_kicking_points,player_field_goals","pinnacle,lowvig,betonlineag,draftkings,fanduel,betmgm,williamhill_us,fanatics,betrivers,espnbet",60
86328101663303d211f69cfc55faca00612f664168d6bf55d3669b0aa6878971,americanfootball_nfl,9dbf94f23521c7cae7fd89b2d33fc3bd,2025-11-08T18:00:00Z,"player_pass_yds,player_rush_yds,player_reception_yds,player_receptions,player_kicking_points,player_field_goals","pinnacle,lowvig,betonlineag,draftkings,fanduel,betmgm,williamhill_us,fanatics,betrivers,espnbet",60
8a100aed247dd50fc779500ab8068cbd6afb278a06301f0f700de1bdccc40337,americanfootball_nfl,844b89333f293f055f8e0c147fb9fec5,2025-11-08T18:00:00Z,"player_pass_yds,player_rush_yds,player_reception_yds,player_receptions,player_kicking_points,player_field_goals","pinnacle,lowvig,betonlineag,draftkings,fanduel,betmgm,williamhill_us,fanatics,betrivers,espnbet",60
8b3f5391f8ee93c799d41794217f4d5630eac5f9c91f89bb2adf0f43f6ec0407,americanfootball_nfl,3c10bc18680995136017c3bfd3152334,2025-11-08T18:00:00Z,"player_pass_yds,player_rush_yds,player_reception_yds,player_receptions,player_kicking_points,player_field_goals","pinnacle,lowvig,betonlineag,draftkings,fanduel,betmgm,williamhill_us,fanatics,betrivers,espnbet",60
8ef188e371a201b32c376dbade68f44818176e644d13b195ea267eec3693e613,americanfootball_nfl,39e7c1f6e36d5bc4d2613ebf7bb83c10,2025-11-08T18:00:00Z,"player_pass_yds,player_rush_yds,player_reception_yds,player_receptions,player_kicking_points,player_field_goals","pinnacle,lowvig,betonlineag,draftkings,fanduel,betmgm,williamhill_us,fanatics,betrivers,espnbet",60
af4f15e3c5977901bc79138a2492245428da1f2b8f7bab8d3bc22ea5c5153a7a,americanfootball_nfl,21f47a328fb2ab65c01360a7a2bd9571,2025-11-08T18:00:00Z,"player_pass_yds,player_rush_yds,player_reception_yds,player_receptions,player_kicking_points,player_field_goals","pinnacle,lowvig,betonlineag,draftkings,fanduel,betmgm,williamhill_us,fanatics,betrivers,espnbet",60
d5809e63762a07f5b67704adbb509f82fdc4ed12c8d9e03113328c2b5e0c51ac,americanfootball_nfl,9900b89c4776c5b47dd26ca4c755edf9,2025-11-08T18:00:00Z,"player_pass_yds,player_rush_yds,player_reception_yds,player_receptions,player_kicking_points,player_field_goals","pinnacle,lowvig,betonlineag,draftkings,fanduel,betmgm,williamhill_us,fanatics,betrivers,espnbet",60
3ea46445c6649f647b77b47e892d117f8f0f4dec75f1b450f02702fb1dc86c27,americanfootball_nfl,740b843794cc89176c4ffe38b66d30d9,2025-11-08T21:05:00Z,"player_pass_yds,player_rush_yds,player_reception_yds,player_receptions,player_kicking_points,player_field_goals","pinnacle,lowvig,betonlineag,draftkings,fanduel,betmgm,williamhill_us,fanatics,betrivers,espnbet",60
68ba4a15994ababe37d98794663c81a24446db9f672c138969f40c06b9438eb9,americanfootball_nfl,93365f943b3aa23705bc9e1c7b47d7f8,2025-11-08T21:25:00Z,"player_pass_yds,player_rush_yds,player_reception_yds,player_receptions,player_kicking_points,player_field_goals","pinnacle,lowvig,betonlineag,draftkings,fanduel,betmgm,williamhill_us,fanatics,betrivers,espnbet",60
806e04b8fb8845ba87496ee0504c7adcc921695a2e585d8cf8eee2956308a292,americanfootball_nfl,2710103fe4fb0170ae03b4e34bde8132,2025-11-08T21:25:00Z,"player_pass_yds,player_rush_yds,player_reception_yds,player_receptions,player_kicking_points,player_field_goals","pinnacle,lowvig,betonlineag,draftkings,fanduel,betmgm,williamhill_us,fanatics,betrivers,espnbet",60
6ba435ff023efc9e50dc5f76f1af81d88c3ab09006320c7a18a0e03a87754181,americanfootball_nfl,349d53a4f89591312ea528e81b786474,2025-11-09T01:20:00Z,"player_pass_yds,player_rush_yds,player_reception_yds,player_receptions,player_kicking_points,player_field_goals","pinnacle,lowvig,betonlineag,draftkings,fanduel,betmgm,williamhill_us,fanatics,betrivers,espnbet",60
53b0cc404711febea7a3c625ca628c6ee31e1abba19b8f11f1b2d906d7b6a77d,americanfootball_nfl,42473c1ddf8f424069ff3f264dd8dca4,2025-11-09T14:20:00Z,"player_pass_yds,player_rush_yds,player_reception_yds,player_receptions,player_kicking_points,player_field_goals","pinnacle,lowvig,betonlineag,draftkings,fanduel,betmgm,williamhill_us,fanatics,betrivers,espnbet",60
06bfe84ddd301fcbdc5a05602d5b6a8895fd34a4d3ccd3fa984833a4e05f7ef6,americanfootball_nfl,3b1a97366685a96e6e1940ae56cc4d31,2025-11-09T17:50:00Z,"player_pass_yds,player_rush_yds,player_reception_yds,player_receptions,player_kicking_points,player_field_goals","pinnacle,lowvig,betonlineag,draftkings,fanduel,betmgm,williamhill_us,fanatics,betrivers,espnbet",60
4c8f337cb5f3a8f5e86911cfedeb5f14db7ef39cb22795ee175f2f4cffb19ab0,americanfootball_nfl,39e7c1f6e36d5bc4d2613ebf7bb83c10,2025-11-09T17:50:00Z,"player_pass_yds,player_rush_yds,player_reception_yds,player_receptions,player_kicking_points,player_field_goals","pinnacle,lowvig,betonlineag,draftkings,fanduel,betmgm,williamhill_us,fanatics,betrivers,espnbet",60
54f92753be2a5862ed60ffed2058d5530d4bd66e2d3877dd0b3522ff90462c82,americanfootball_nfl,9900b89c4776c5b47dd26ca4c755edf9,2025-11-09T17:50:00Z,"player_pass_yds,player_rush_yds,player_reception_yds,player_receptions,player_kicking_points,player_field_goals","pinnacle,lowvig,betonlineag,draftkings,fanduel,betmgm,williamhill_us,fanatics,betrivers,espnbet",60
5eee8e2cbd118874a3beba76d9cee3f48ce6aed79c520a7cfb74c693b1c20c43,americanfootball_nfl,9dbf94f23521c7cae7fd89b2d33fc3bd,2025-11-09T17:50:00Z,"player_pass_yds,player_rush_yds,player_reception_yds,player_receptions,player_kicking_points,player_field_goals","pinnacle,lowvig,betonlineag,draftkings,fanduel,betmgm,williamhill_us,fanatics,betrivers,espnbet",60
63484e14a7ae2364a4add11e468ece2120dc0ccb21e9dd622fe08233c462e36d,americanfootball_nfl,3c10bc18680995136017c3bfd3152334,2025-11-09T17:50:00Z,"player_pass_yds,player_rush_yds,player_reception_yds,player_receptions,player_kicking_points,player_field_goals","pinnacle,lowvig,betonlineag,draftkings,fanduel,betmgm,williamhill_us,fanatics,betrivers,espnbet",60
6f265a60f90ade085587d866ff97f7386a222cf3afcbed94a18bf33e37d3999e,americanfootball_nfl,21f47a328fb2ab65c01360a7a2bd9571,2025-11-09T17:50:00Z,"player_pass_yds,player_rush_yds,player_reception_yds,player_receptions,player_kicking_points,player_field_goals","pinnacle,lowvig,betonlineag,draftkings,fanduel,betmgm,williamhill_us,fanatics,betrivers,espnbet",60
c0bbb9ac56a9bf20b1a840d0eb58f9ce89c6eb3dc9f08533696ec0e8c952816e,americanfootball_nfl,844b89333f293f055f8e0c147fb9fec5,2025-11-09T17:50:00Z,"player_pass_yds,player_rush_yds,player_reception_yds,player_receptions,player_kicking_points,player_field_goals","pinnacle,lowvig,betonlineag,draftkings,fanduel,betmgm,williamhill_us,fanatics,betrivers,espnbet",60
76107e171173e61ea676a5042c17a54c3f06137c45c8addaa0cfc46a0985671f,americanfootball_nfl,740b843794cc89176c4ffe38b66d30d9,2025-11-09T20:55:00Z,"player_pass_yds,player_rush_yds,player_reception_yds,player_receptions,player_kicking_points,player_field_goals","pinnacle,lowvig,betonlineag,draftkings,fanduel,betmgm,williamhill_us,fanatics,betrivers,espnbet",60
0adb25364b8923473be0df7f5836e8e84e45dc3ac343f61aae3dfbc7467928d9,americanfootball_nfl,2710103fe4fb0170ae03b4e34bde8132,2025-11-09T21:15:00Z,"player_pass_yds,player_rush_yds,player_reception_yds,player_receptions,player_kicking_points,player_field_goals","pinnacle,lowvig,betonlineag,draftkings,fanduel,betmgm,williamhill_us,fanatics,betrivers,espnbet",60
1bb283bcedd4ca58eeda226fffa060884bf7ba6a1e155365dc2ada6b8e385038,americanfootball_nfl,93365f943b3aa23705bc9e1c7b47d7f8,2025-11-09T21:15:00Z,"player_pass_yds,player_rush_yds,player_reception_yds,player_receptions,player_kicking_points,player_field_goals","pinnacle,lowvig,betonlineag,draftkings,fanduel,betmgm,williamhill_us,fanatics,betrivers,espnbet",60
7abd42baaa2dfc26a3dc5929bf1aeeb6a5986fb7624286f6d0dc9df73b1f1187,americanfootball_nfl,349d53a4f89591312ea528e81b786474,2025-11-10T01:10:00Z,"player_pass_yds,player_rush_yds,player_reception_yds,player_receptions,player_kicking_points,player_field_goals","pinnacle,lowvig,betonlineag,draftkings,fanduel,betmgm,williamhill_us,fanatics,betrivers,espnbet",60
4f7e30686761c12fc2c5a8c7ad98d15bda749a1922b49f1cb995ad8ddc209d09,americanfootball_nfl,438868ff90501a1fe9a0fbecbee9dc12,2025-11-10T01:15:00Z,"player_pass_yds,player_rush_yds,player_reception_yds,player_receptions,player_kicking_points,player_field_goals","pinnacle,lowvig,betonlineag,draftkings,fanduel,betmgm,williamhill_us,fanatics,betrivers,espnbet",60
f51420f7fefdca1cb30c6c48f542130e804bbe9cad1069ce3ce65f7ba1713c84,americanfootball_nfl,438868ff90501a1fe9a0fbecbee9dc12,2025-11-11T01:05:00Z,"player_pass_yds,player_rush_yds,player_reception_yds,player_receptions,player_kicking_points,player_field_goals","pinnacle,lowvig,betonlineag,draftkings,fanduel,betmgm,williamhill_us,fanatics,betrivers,espnbet",60
0cd7312d0492386f067184a7630fd333dc37afd47da307c09b9cd3321f56683d,americanfootball_nfl,32ec2bd4ac9e4c40f9f5cbed7e67f837,2025-11-13T01:15:00Z,"player_pass_yds,player_rush_yds,player_reception_yds,player_receptions,player_kicking_points,player_field_goals","pinnacle,lowvig,betonlineag,draftkings,fanduel,betmgm,williamhill_us,fanatics,betrivers,espnbet",60
889457c85794f3c7a39e1ea9fe7044b0ee6547217464916ff61abddbde75470c,americanfootball_nfl,32ec2bd4ac9e4c40f9f5cbed7e67f837,2025-11-14T01:05:00Z,"player_pass_yds,player_rush_yds,player_reception_yds,player_receptions,player_kicking_points,player_field_goals","pinnacle,lowvig,betonlineag,draftkings,fanduel,betmgm,williamhill_us,fanatics,betrivers,espnbet",60
269d4feb8e37faefebb9def01a918df93879c44735f2937c90691e39d7e525bc,americanfootball_nfl,265f0188945bb81ec64751571eb724cb,2025-11-15T14:30:00Z,"player_pass_yds,player_rush_yds,player_reception_yds,player_receptions,player_kicking_points,player_field_goals","pinnacle,lowvig,betonlineag,draftkings,fanduel,betmgm,williamhill_us,fanatics,betrivers,espnbet",60
0cf2976d993942419160093567a959d4fc8f23116c355d053aaf7414d2378a5a,americanfootball_nfl,0ae85bbc3711ad0cb94475a40e2364f0,2025-11-15T18:00:00Z,"player_pass_yds,player_rush_yds,player_reception_yds,player_receptions,player_kicking_points,player_field_goals","pinnacle,lowvig,betonlineag,draftkings,fanduel,betmgm,williamhill_us,fanatics,betrivers,espnbet",60
1be74c4b6d50356e62ca501676f2bccaf110c6b48f45189d7c27b365b28988ca,americanfootball_nfl,fd2f29289d6437a7c07d4780c5f04936,2025-11-15T18:00:00Z,"player_pass_yds,player_rush_yds,player_reception_yds,player_receptions,player_kicking_points,player_field_goals","pinnacle,lowvig,betonlineag,draftkings,fanduel,betmgm,williamhill_us,fanatics,betrivers,espnbet",60
1cdae73befd85428caf6f3b9f04c91dcc401b805c69ab4e19e3407ce15101a65,americanfootball_nfl,7147476b5d96c0ee874b838de3910ee3,2025-11-15T18:00:00Z,"player_pass_yds,player_rush_yds,player_reception_yds,player_receptions,player_kicking_points,player_field_goals","pinnacle,lowvig,betonlineag,draftkings,fanduel,betmgm,williamhill_us,fanatics,betrivers,espnbet",60
77083cb6c6620b2aa79999e45a4ea9ec8b6fd6460dd9bf18dc9442a23c9844a1,americanfootball_nfl,591fd7cff37201a14cbdfbd457592445,2025-11-15T18:00:00Z,"player_pass_yds,player_rush_yds,player_reception_yds,player_receptions,player_kicking_points,player_field_goals","pinnacle,lowvig,betonlineag,draftkings,fanduel,betmgm,williamhill_us,fanatics,betrivers,espnbet",60
d182f5eb84287e3178eb47d0c66de514284ca2782b748233771b8b42419b948a,americanfootball_nfl,96377d2fb55e3cef733cecccdecaed5f,2025-11-15T18:00:00Z,"player_pass_yds,player_rush_yds,player_reception_yds,player_receptions,player_kicking_points,player_field_goals","pinnacle,lowvig,betonlineag,draftkings,fanduel,betmgm,williamhill_us,fanatics,betrivers,espnbet",60
eae11b2d0999c4bf9287e8d7bd3f743cf1959be0eaeceb2f2732d911ce95b2c4,americanfootball_nfl,229a5e9ce60dcb344a8cc3c97121154e,2025-11-15T18:00:00Z,"player_pass_yds,player_rush_yds,player_reception_yds,player_receptions,player_kicking_points,player_field_goals","pinnacle,lowvig,betonlineag,draftkings,fanduel,betmgm,williamhill_us,fanatics,betrivers,espnbet",60
eaf4f2f8e88b42461e8ae735fd080a3334543d46200f70624643a2cfecf877c3,americanfootball_nfl,5c06e82838fcfade9adf1e89b8bd3081,2025-11-15T18:00:00Z,"player_pass_yds,player_rush_yds,player_reception_yds,player_receptions,player_kicking_points,player_field_goals","pinnacle,lowvig,betonlineag,draftkings,fanduel,betmgm,williamhill_us,fanatics,betrivers,espnbet",60
0de7e134d470d35cf3552c623ba40989c9fdc59a0a7ea58810d10b52c69aab3f,americanfootball_nfl,e926e654cedeb65fcfcc389a5158ef4e,2025-11-15T21:05:00Z,"player_pass_yds,player_rush_yds,player_reception_yds,player_receptions,player_kicking_points,player_field_goals","pinnacle,lowvig,betonlineag,draftkings,fanduel,betmgm,williamhill_us,fanatics,betrivers,espnbet",60
cee6aca85a1727288f7768c526fa3db398326fa2e187c4d6b07862c15a4f334d,americanfootball_nfl,91630b9c62640117918fa30d2a62d2db,2025-11-15T21:05:00Z,"player_pass_yds,player_rush_yds,player_reception_yds,player_receptions,player_kicking_points,player_field_goals","pinnacle,lowvig,betonlineag,draftkings,fanduel,betmgm,williamhill_us,fanatics,betrivers,espnbet",60
e1eaf0e5232787e14f222d6cbbec7d08549aaf25bba9e596c4c1e8bb618ec556,americanfootball_nfl,96ce7785b0980b03282c7e10d4c58d4a,2025-11-15T21:25:00Z,"player_pass_yds,player_rush_yds,player_reception_yds,player_receptions,player_kicking_points,player_field_goals","pinnacle,lowvig,betonlineag,draftkings,fanduel,betmgm,williamhill_us,fanatics,betrivers,espnbet",60
fbc3937adc8ae221f9f5cedf20e1ad0c56d85ad2f822c0d98de2b0ecc7ee96f3,americanfootball_nfl,cc60225b5a907bd9ba7c27c23131fc5c,2025-11-15T21:25:00Z,"player_pass_yds,player_rush_yds,player_reception_yds,player_receptions,player_kicking_points,player_field_goals","pinnacle,lowvig,betonlineag,draftkings,fanduel,betmgm,williamhill_us,fanatics,betrivers,espnbet",60
f819e36b33dc82d1a00b8895991e0d2744d5fe216d7f8fe6307e80bf5a83d697,americanfootball_nfl,6d209e0e637f3b116ec958e0634f2a02,2025-11-16T01:20:00Z,"player_pass_yds,player_rush_yds,player_reception_yds,player_receptions,player_kicking_points,player_field_goals","pinnacle,lowvig,betonlineag,draftkings,fanduel,betmgm,williamhill_us,fanatics,betrivers,espnbet",60
415b78a9293b2e227b02b017387491973f3763894cf676e531f064dbf9d2a337,americanfootball_nfl,265f0188945bb81ec64751571eb724cb,2025-11-16T14:20:00Z,"player_pass_yds,player_rush_yds,player_reception_yds,player_receptions,player_kicking_points,player_field_goals","pinnacle,lowvig,betonlineag,draftkings,fanduel,betmgm,williamhill_us,fanatics,betrivers,espnbet",60
339549f196ef7a1442d72f659d0c0d0c5df694d34625985b579b94e6e9c41e08,americanfootball_nfl,5c06e82838fcfade9adf1e89b8bd3081,2025-11-16T17:50:00Z,"player_pass_yds,player_rush_yds,player_reception_yds,player_receptions,player_kicking_points,player_field_goals","pinnacle,lowvig,betonlineag,draftkings,fanduel,betmgm,williamhill_us,fanatics,betrivers,espnbet",60
4591e24ae0be161f42dfdedee7fdae39ba28c80abdaa465cccdf8f0243a7189a,americanfootball_nfl,fd2f29289d6437a7c07d4780c5f04936,2025-11-16T17:50:00Z,"player_pass_yds,player_rush_yds,player_reception_yds,player_receptions,player_kicking_points,player_field_goals","pinnacle,lowvig,betonlineag,draftkings,fanduel,betmgm,williamhill_us,fanatics,betrivers,espnbet",60
8022a13a3a01cc89b57091f890c54e6efb09f7bde4d8973a49935d092dc8b700,americanfootball_nfl,591fd7cff37201a14cbdfbd457592445,2025-11-16T17:50:00Z,"player_pass_yds,player_rush_yds,player_reception_yds,player_receptions,player_kicking_points,player_field_goals","pinnacle,lowvig,betonlineag,draftkings,fanduel,betmgm,williamhill_us,fanatics,betrivers,espnbet",60
81e48c90982ce04044c5aefc56b3348b2344fbb8fb628015360d35ec2e534ccd,americanfootball_nfl,0ae85bbc3711ad0cb94475a40e2364f0,2025-11-16T17:50:00Z,"player_pass_yds,player_rush_yds,player_reception_yds,player_receptions,player_kicking_points,player_field_goals","pinnacle,lowvig,betonlineag,draftkings,fanduel,betmgm,williamhill_us,fanatics,betrivers,espnbet",60
9f3306225746b34c2445eb8c427ff481e9acc743f1c24804a5ad14338c4c95c6,americanfootball_nfl,96377d2fb55e3cef733cecccdecaed5f,2025-11-16T17:50:00Z,"player_pass_yds,player_rush_yds,player_reception_yds,player_receptions,player_kicking_points,player_field_goals","pinnacle,lowvig,betonlineag,draftkings,fanduel,betmgm,williamhill_us,fanatics,betrivers,espnbet",60
b579c1b0a51639047404530a2257a1397a5b23a6f94b21ae2b50951a3bba0453,americanfootball_nfl,7147476b5d96c0ee874b838de3910ee3,2025-11-16T17:50:00Z,"player_pass_yds,player_rush_yds,player_reception_yds,player_receptions,player_kicking_points,player_field_goals","pinnacle,lowvig,betonlineag,draftkings,fanduel,betmgm,williamhill_us,fanatics,betrivers,espnbet",60
fd41cca4d4b63820b85d9d372c8119107865801ff9df2064fad0ea5d2e4bed27,americanfootball_nfl,229a5e9ce60dcb344a8cc3c97121154e,2025-11-16T17:50:00Z,"player_pass_yds,player_rush_yds,player_reception_yds,player_receptions,player_kicking_points,player_field_goals","pinnacle,lowvig,betonlineag,draftkings,fanduel,betmgm,williamhill_us,fanatics,betrivers,espnbet",60
4edbbc5ae0a7f3a3475ac201b698bf2f3940098b3cf98255b52577133a5cc0c5,americanfootball_nfl,e926e654cedeb65fcfcc389a5158ef4e,2025-11-16T20:55:00Z,"player_pass_yds,player_rush_yds,player_reception_yds,player_receptions,player_kicking_points,player_field_goals","pinnacle,lowvig,betonlineag,draftkings,fanduel,betmgm,williamhill_us,fanatics,betrivers,espnbet",60
7c5aa6c5bfbe577484c11016fbbe4e4a21560711337d8e7b755e844d4f76858e,americanfootball_nfl,91630b9c62640117918fa30d2a62d2db,2025-11-16T20:55:00Z,"player_pass_yds,player_rush_yds,player_reception_yds,player_receptions,player_kicking_points,player_field_goals","pinnacle,lowvig,betonlineag,draftkings,fanduel,betmgm,williamhill_us,fanatics,betrivers,espnbet",60
31e6008969a490f7dc65d9501f3f0245b9dbd1f02d5c6a9160829e314380eb19,americanfootball_nfl,cc60225b5a907bd9ba7c27c23131fc5c,2025-11-16T21:15:00Z,"player_pass_yds,player_rush_yds,player_reception_yds,player_receptions,player_kicking_points,player_field_goals","pinnacle,lowvig,betonlineag,draftkings,fanduel,betmgm,williamhill_us,fanatics,betrivers,espnbet",60
5913120b9313d904f19a3129a95be3809c1a89a9407077746cf46d391d2672e3,americanfootball_nfl,96ce7785b0980b03282c7e10d4c58d4a,2025-11-16T21:15:00Z,"player_pass_yds,player_rush_yds,player_reception_yds,player_receptions,player_kicking_points,player_field_goals","pinnacle,lowvig,betonlineag,draftkings,fanduel,betmgm,williamhill_us,fanatics,betrivers,espnbet",60
92e2340fc01132fbcf9e45b265422540a34e12e82541079bf2cf58c3ebc9c299,americanfootball_nfl,6d209e0e637f3b116ec958e0634f2a02,2025-11-17T01:10:00Z,"player_pass_yds,player_rush_yds,player_reception_yds,player_receptions,player_kicking_points,player_field_goals","pinnacle,lowvig,betonlineag,draftkings,fanduel,betmgm,williamhill_us,fanatics,betrivers,espnbet",60
53bcadb438d5a00138589bf0b51709e2754ac63e6c289979f57ef1f1c7028126,americanfootball_nfl,80d04ba917883a6438580ebae9fb0f22,2025-11-17T01:15:00Z,"player_pass_yds,player_rush_yds,player_reception_yds,player_receptions,player_kicking_points,player_field_goals","pinnacle,lowvig,betonlineag,draftkings,fanduel,betmgm,williamhill_us,fanatics,betrivers,espnbet",60
ae95a2fe8c3c207dc175e1b58dfdfbd48326f6e0e2aa9a69cf9609546dfa7c41,americanfootball_nfl,80d04ba917883a6438580ebae9fb0f22,2025-11-18T01:05:00Z,"player_pass_yds,player_rush_yds,player_reception_yds,player_receptions,player_kicking_points,player_field_goals","pinnacle,lowvig,betonlineag,draftkings,fanduel,betmgm,williamhill_us,fanatics,betrivers,espnbet",60
612a0239f8d2efebc64ef14541c819e6c24a65ab26d7b3f97fc35f20eee70862,americanfootball_nfl,cd2e0964817c30ad3f5144ea49b55f2b,2025-11-20T01:15:00Z,"player_pass_yds,player_rush_yds,player_reception_yds,player_receptions,player_kicking_points,player_field_goals","pinnacle,lowvig,betonlineag,draftkings,fanduel,betmgm,williamhill_us,fanatics,betrivers,espnbet",60
b18a2be40297d243557331566a927307968766c05934fed90ee2e48e99154259,americanfootball_nfl,cd2e0964817c30ad3f5144ea49b55f2b,2025-11-21T01:05:00Z,"player_pass_yds,player_rush_yds,player_reception_yds,player_receptions,player_kicking_points,player_field_goals","pinnacle,lowvig,betonlineag,draftkings,fanduel,betmgm,williamhill_us,fanatics,betrivers,espnbet",60
0dc32410b5c39b297c685af786c493cb167824c2470f7dc406f561ab485b294a,americanfootball_nfl,c8913b70b63ae247f23a4e1dec08c668,2025-11-22T18:00:00Z,"player_pass_yds,player_rush_yds,player_reception_yds,player_receptions,player_kicking_points,player_field_goals","pinnacle,lowvig,betonlineag,draftkings,fanduel,betmgm,williamhill_us,fanatics,betrivers,espnbet",60
17f504e4ebcf1d62582dea91614c01fe1254754826e6fb6e1b4be63c63ca7d16,americanfootball_nfl,1a8f3d70399a5cad83c95196795ed77b,2025-11-22T18:00:00Z,"player_pass_yds,player_rush_yds,player_reception_yds,player_receptions,player_kicking_points,player_field_goals","pinnacle,lowvig,betonlineag,draftkings,fanduel,betmgm,williamhill_us,fanatics,betrivers,espnbet",60
347a48c0b3e5e393ac49db55f56cdbd5e92384deb9e46dee29ec8f69845f862c,americanfootball_nfl,91019a528f43cd28965fdc68a3f3ef85,2025-11-22T18:00:00Z,"player_pass_yds,player_rush_yds,player_reception_yds,player_receptions,player_kicking_points,player_field_goals","pinnacle,lowvig,betonlineag,draftkings,fanduel,betmgm,williamhill_us,fanatics,betrivers,espnbet",60
b3dc739038f132424f7a62d3881defdcca6593482e5a89cc6e095bac0fdc2e7a,americanfootball_nfl,8b39d8dc550ced94f9faa91878ebf6b6,2025-11-22T18:00:00Z,"player_pass_yds,player_rush_yds,player_reception_yds,player_receptions,player_kicking_points,player_field_goals","pinnacle,lowvig,betonlineag,draftkings,fanduel,betmgm,williamhill_us,fanatics,betrivers,espnbet",60
bf738581e819962738abbf93f46433be5905859150c99dbf5be88d6736772771,americanfootball_nfl,0ff4e68cf39cc57ca7cf1276e4a44d2f,2025-11-22T18:00:00Z,"player_pass_yds,player_rush_yds,player_reception_yds,player_receptions,player_kicking_points,player_field_goals","pinnacle,lowvig,betonlineag,draftkings,fanduel,betmgm,williamhill_us,fanatics,betrivers,espnbet",60
de1e5ef46e5749a0054a7deca6d6bb1536bb601794dcaae129e1ba42350e6e99,americanfootball_nfl,535bbe97d4e56494b039ade88459c338,2025-11-22T18:00:00Z,"player_pass_yds,player_rush_yds,player_reception_yds,player_receptions,player_kicking_points,player_field_goals","pinnacle,lowvig,betonlineag,draftkings,fanduel,betmgm,williamhill_us,fanatics,betrivers,espnbet",60
f9458beb5a122045b68b60194c90a32de92bd9136fde48400047cb64d4980858,americanfootball_nfl,7159d60c7a31c7d593167637723d7663,2025-11-22T18:00:00Z,"player_pass_yds,player_rush_yds,player_reception_yds,player_receptions,player_kicking_points,player_field_goals","pinnacle,lowvig,betonlineag,draftkings,fanduel,betmgm,williamhill_us,fanatics,betrivers,espnbet",60
b77c7cbd847519b8e213a76068758a2075592ffc55d3ff09ae61d80392665d7b,americanfootball_nfl,e32e0030899c06fdf2c74745ca27d85a,2025-11-22T21:05:00Z,"player_pass_yds,player_rush_yds,player_reception_yds,player_receptions,player_kicking_points,player_field_goals","pinnacle,lowvig,betonlineag,draftkings,fanduel,betmgm,williamhill_us,fanatics,betrivers,espnbet",60
c3362f2f0bd59276ba6f5faad185dc15f494930ba5bfea4ce5ce11480d226124,americanfootball_nfl,27f50ddbc4c3fbad10398c5187a28dc7,2025-11-22T21:05:00Z,"player_pass_yds,player_rush_yds,player_reception_yds,player_receptions,player_kicking_points,player_field_goals","pinnacle,lowvig,betonlineag,draftkings,fanduel,betmgm,williamhill_us,fanatics,betrivers,espnbet",60
bf2b4ea18581df5c2cc9942757b9b6c9f20182c19c98a765cf74a3af51b0d98b,americanfootball_nfl,4553ba763cb3cfcfc33fd62672a2057f,2025-11-22T21:25:00Z,"player_pass_yds,player_rush_yds,player_reception_yds,player_receptions,player_kicking_points,player_field_goals","pinnacle,lowvig,betonlineag,draftkings,fanduel,betmgm,williamhill_us,fanatics,betrivers,espnbet",60
e5eea6eb756260dacd0a47b105214ddcfb4e53399a25b2d49e5be88bd3b8e70a,americanfootball_nfl,8c2d6a56aa63f42227f18a18fc3d2146,2025-11-22T21:25:00Z,"player_pass_yds,player_rush_yds,player_reception_yds,player_receptions,player_kicking_points,player_field_goals","pinnacle,lowvig,betonlineag,draftkings,fanduel,betmgm,williamhill_us,fanatics,betrivers,espnbet",60
f68f12f352acf8d1ca694a613aac62bf710d130d4b66bd32627622af56b383a6,americanfootball_nfl,9e7119f5a24471c39145663b84f100b2,2025-11-23T01:20:00Z,"player_pass_yds,player_rush_yds,player_reception_yds,player_receptions,player_kicking_points,player_field_goals","pinnacle,lowvig,betonlineag,draftkings,fanduel,betmgm,williamhill_us,fanatics,betrivers,espnbet",60
251d5e67e4bf0619fa61aad14e8d5111bedc8134636aad747999cea2de0a9564,americanfootball_nfl,91019a528f43cd28965fdc68a3f3ef85,2025-11-23T17:50:00Z,"player_pass_yds,player_rush_yds,player_reception_yds,player_receptions,player_kicking_points,player_field_goals","pinnacle,lowvig,betonlineag,draftkings,fanduel,betmgm,williamhill_us,fanatics,betrivers,espnbet",60
464ea371a58eab2f4bcdc3267ba29563d27dbe1b2992800f5aee6714fbaa56f7,americanfootball_nfl,8b39d8dc550ced94f9faa91878ebf6b6,2025-11-23T17:50:00Z,"player_pass_yds,player_rush_yds,player_reception_yds,player_receptions,player_kicking_points,player_field_goals","pinnacle,lowvig,betonlineag,draftkings,fanduel,betmgm,williamhill_us,fanatics,betrivers,espnbet",60
564d5de710adf509230a79a0dba558970235278412a42e4536bfebd783bff3c7,americanfootball_nfl,535bbe97d4e56494b039ade88459c338,2025-11-23T17:50:00Z,"player_pass_yds,player_rush_yds,player_reception_yds,player_receptions,player_kicking_points,player_field_goals","pinnacle,lowvig,betonlineag,draftkings,fanduel,betmgm,williamhill_us,fanatics,betrivers,espnbet",60
5a345731961598e3241b5a5060a37d9758d5c2fe40fccea8cc8a882f288fd84f,americanfootball_nfl,c8913b70b63ae247f23a4e1dec08c668,2025-11-23T17:50:00Z,"player_pass_yds,player_rush_yds,player_reception_yds,player_receptions,player_kicking_points,player_field_goals","pinnacle,lowvig,betonlineag,draftkings,fanduel,betmgm,williamhill_us,fanatics,betrivers,espnbet",60
61b4ed4be41e346b743ffba5454c5f81272fcca39d67ad86d553e027065abc29,americanfootball_nfl,7159d60c7a31c7d593167637723d7663,2025-11-23T17:50:00Z,"player_pass_yds,player_rush_yds,player_reception_yds,player_receptions,player_kicking_points,player_field_goals","pinnacle,lowvig,betonlineag,draftkings,fanduel,betmgm,williamhill_us,fanatics,betrivers,espnbet",60
8baa92c369c98ec746dc97f838ae6549866f7ed9bcc1e8a9293ff9194e7f8d4f,americanfootball_nfl,1a8f3d70399a5cad83c95196795ed77b,2025-11-23T17:50:00Z,"player_pass_yds,player_rush_yds,player_reception_yds,player_receptions,player_kicking_points,player_field_goals","pinnacle,lowvig,betonlineag,draftkings,fanduel,betmgm,williamhill_us,fanatics,betrivers,espnbet",60
fcc02a142ace82fd030f6fd8bb2c57e63a1b0948548db77d32b07fe7bff586a1,americanfootball_nfl,0ff4e68cf39cc57ca7cf1276e4a44d2f,2025-11-23T17:50:00Z,"player_pass_yds,player_rush_yds,player_reception_yds,player_receptions,player_kicking_points,player_field_goals","pinnacle,lowvig,betonlineag,draftkings,fanduel,betmgm,williamhill_us,fanatics,betrivers,espnbet",60
3a9d5955744926a28902292902f6cb98ca45d0b220291e58b870ed6156f8a027,americanfootball_nfl,27f50ddbc4c3fbad10398c5187a28dc7,2025-11-23T20:55:00Z,"player_pass_yds,player_rush_yds,player_reception_yds,player_receptions,player_kicking_points,player_field_goals","pinnacle,lowvig,betonlineag,draftkings,fanduel,betmgm,williamhill_us,fanatics,betrivers,espnbet",60
40844b233cec1e8d379dcbfe4401a56b503982431cde1d203d57195492701554,americanfootball_nfl,e32e0030899c06fdf2c74745ca27d85a,2025-11-23T20:55:00Z,"player_pass_yds,player_rush_yds,player_reception_yds,player_receptions,player_kicking_points,player_field_goals","pinnacle,lowvig,betonlineag,draftkings,fanduel,betmgm,williamhill_us,fanatics,betrivers,espnbet",60
1dc2846b10bfe1382cb13d131b22b6a2ff413cf938d6623dc3f45b7d44c9af3f,americanfootball_nfl,8c2d6a56aa63f42227f18a18fc3d2146,2025-11-23T21:15:00Z,"player_pass_yds,player_rush_yds,player_reception_yds,player_receptions,player_kicking_points,player_field_goals","pinnacle,lowvig,betonlineag,draftkings,fanduel,betmgm,williamhill_us,fanatics,betrivers,espnbet",60
1fd4d33473e25255777d99553e260d1c44cb929746b9f0e7543e290d21f87e30,americanfootball_nfl,4553ba763cb3cfcfc33fd62672a2057f,2025-11-23T21:15:00Z,"player_pass_yds,player_rush_yds,player_reception_yds,player_receptions,player_kicking_points,player_field_goals","pinnacle,lowvig,betonlineag,draftkings,fanduel,betmgm,williamhill_us,fanatics,betrivers,espnbet",60
d2101cc0b933798762ec5b677140167052390562e4f6e623128e18a873ff699f,americanfootball_nfl,9e7119f5a24471c39145663b84f100b2,2025-11-24T01:10:00Z,"player_pass_yds,player_rush_yds,player_reception_yds,player_receptions,player_kicking_points,player_field_goals","pinnacle,lowvig,betonlineag,draftkings,fanduel,betmgm,williamhill_us,fanatics,betrivers,espnbet",60
242ff11a382fe91f48914eed31747a213d14038965557b1917b99d1fa827df72,americanfootball_nfl,90391be251d876bb41d36978a43c7ac2,2025-11-24T01:15:00Z,"player_pass_yds,player_rush_yds,player_reception_yds,player_receptions,player_kicking_points,player_field_goals","pinnacle,lowvig,betonlineag,draftkings,fanduel,betmgm,williamhill_us,fanatics,betrivers,espnbet",60
8f9f69e43b081858c2d669565b0bb332004b65d9732b4f63dc25f9933ef69050,americanfootball_nfl,90391be251d876bb41d36978a43c7ac2,2025-11-25T01:05:00Z,"player_pass_yds,player_rush_yds,player_reception_yds,player_receptions,player_kicking_points,player_field_goals","pinnacle,lowvig,betonlineag,draftkings,fanduel,betmgm,williamhill_us,fanatics,betrivers,espnbet",60
2938c65eeadfab2d0bfe5d715bbf5c32649d29854629182f63dedb2348b4b2c4,americanfootball_nfl,fe2eb07797580740af78037ab498198e,2025-11-26T18:00:00Z,"player_pass_yds,player_rush_yds,player_reception_yds,player_receptions,player_kicking_points,player_field_goals","pinnacle,lowvig,betonlineag,draftkings,fanduel,betmgm,williamhill_us,fanatics,betrivers,espnbet",60
0a74243b27775f92f7016a3577ef584eb6d0df294d0b381833d6059487d70b72,americanfootball_nfl,de53b8a594fe830c5fd56484705cd756,2025-11-26T21:30:00Z,"player_pass_yds,player_rush_yds,player_reception_yds,player_receptions,player_kicking_points,player_field_goals","pinnacle,lowvig,betonlineag,draftkings,fanduel,betmgm,williamhill_us,fanatics,betrivers,espnbet",60
21296931c38c70323a714c9ada53c87fe0fdb8d43549059fe1fc92b0dccbc4ec,americanfootball_nfl,883a79a306b312fad75ebf04b441b4da,2025-11-27T01:20:00Z,"player_pass_yds,player_rush_yds,player_reception_yds,player_receptions,player_kicking_points,player_field_goals","pinnacle,lowvig,betonlineag,draftkings,fanduel,betmgm,williamhill_us,fanatics,betrivers,espnbet",60
db8aa59e55b20dd8fa6672668dbe19202d3b2855caf8e008a6abe06ce0776219,americanfootball_nfl,fe2eb07797580740af78037ab498198e,2025-11-27T17:50:00Z,"player_pass_yds,player_rush_yds,player_reception_yds,player_receptions,player_kicking_points,player_field_goals","pinnacle,lowvig,betonlineag,draftkings,fanduel,betmgm,williamhill_us,fanatics,betrivers,espnbet",60
3fc3d409faa58537c2705e752c8561247c39cd1fc783c79e581242e7acd5b179,americanfootball_nfl,52f539d9d080618aa8830a0b03846a80,2025-11-27T20:00:00Z,"player_pass_yds,player_rush_yds,player_reception_yds,player_receptions,player_kicking_points,player_field_goals","pinnacle,lowvig,betonlineag,draftkings,fanduel,betmgm,williamhill_us,fanatics,betrivers,espnbet",60
e1c53c66a16a4920ddec42005e236bccc2fd005a4fd5631c29eba07554e5f201,americanfootball_nfl,de53b8a594fe830c5fd56484705cd756,2025-11-27T21:20:00Z,"player_pass_yds,player_rush_yds,player_reception_yds,player_receptions,player_kicking_points,player_field_goals","pinnacle,lowvig,betonlineag,draftkings,fanduel,betmgm,williamhill_us,fanatics,betrivers,espnbet",60
1893817a3db4f2dfd53c0bdaa6582bda5c55abb7b5a48f63e297690a0ad1db24,americanfootball_nfl,883a79a306b312fad75ebf04b441b4da,2025-11-28T01:10:00Z,"player_pass_yds,player_rush_yds,player_reception_yds,player_receptions,player_kicking_points,player_field_goals","pinnacle,lowvig,betonlineag,draftkings,fanduel,betmgm,williamhill_us,fanatics,betrivers,espnbet",60
c8f6ebf07e1d1f8638b3857306d0d53e496be2d0b5a49472e3e1b1a3940f77d4,americanfootball_nfl,52f539d9d080618aa8830a0b03846a80,2025-11-28T19:50:00Z,"player_pass_yds,player_rush_yds,player_reception_yds,player_receptions,player_kicking_points,player_field_goals","pinnacle,lowvig,betonlineag,draftkings,fanduel,betmgm,williamhill_us,fanatics,betrivers,espnbet",60
25f06bcfd2c566f47cff2dce926f827d22052c66b63855db85390fdcc50ed34c,americanfootball_nfl,61e1e459b2ddafd43e8808d4f40c01d9,2025-11-29T18:00:00Z,"player_pass_yds,player_rush_yds,player_reception_yds,player_receptions,player_kicking_points,player_field_goals","pinnacle,lowvig,betonlineag,draftkings,fanduel,betmgm,williamhill_us,fanatics,betrivers,espnbet",60
2c8f78e7bb7cfcbe18b63c0c9651e0b586bc968e69eaabd7f2fb6e051bce3114,americanfootball_nfl,67e51d17848485bed8737bd7043a275a,2025-11-29T18:00:00Z,"player_pass_yds,player_rush_yds,player_reception_yds,player_receptions,player_kicking_points,player_field_goals","pinnacle,lowvig,betonlineag,draftkings,fanduel,betmgm,williamhill_us,fanatics,betrivers,espnbet",60
87efb32594c9a3382ce8b132ccb5af85b90e38ffd41ca69562eb646767e50f1a,americanfootball_nfl,9da608f5bdae527b280abd61e47a110b,2025-11-29T18:00:00Z,"player_pass_yds,player_rush_yds,player_reception_yds,player_receptions,player_kicking_points,player_field_goals","pinnacle,lowvig,betonlineag,draftkings,fanduel,betmgm,williamhill_us,fanatics,betrivers,espnbet",60
983ea9fa5c2813ee9b1d3df6916627070018acc70f2077f44baab89420b47a18,americanfootball_nfl,e3c9bfba57bbe784481d881ea3b4519d,2025-11-29T18:00:00Z,"player_pass_yds,player_rush_yds,player_reception_yds,player_receptions,player_kicking_points,player_field_goals","pinnacle,lowvig,betonlineag,draftkings,fanduel,betmgm,williamhill_us,fanatics,betrivers,espnbet",60
9dc9c74ce3ddd763c443e6d9e36a0dd79e99f396901ff61c11d19f3481b41675,americanfootball_nfl,fa46c661007f5f0cbbf6abf939ac9d51,2025-11-29T18:00:00Z,"player_pass_yds,player_rush_yds,player_reception_yds,player_receptions,player_kicking_points,player_field_goals","pinnacle,lowvig,betonlineag,draftkings,fanduel,betmgm,williamhill_us,fanatics,betrivers,espnbet",60
bc8bbd0913b0858b9a1ceb0662f886aa53bb1ed8d4e2567e4a0f1dad0cfac4fc,americanfootball_nfl,36fcf5ca155a5dcd2f7a87fd2a985b02,2025-11-29T18:00:00Z,"player_pass_yds,player_rush_yds,player_reception_yds,player_receptions,player_kicking_points,player_field_goals","pinnacle,lowvig,betonlineag,draftkings,fanduel,betmgm,williamhill_us,fanatics,betrivers,espnbet",60
d630842fc5ef0fd4adcb2384027c9a56e87c50d52eef35f90e25d8e4287bc674,americanfootball_nfl,c0d324e29ce58b36bdc77564f7aae56f,2025-11-29T18:00:00Z,"player_pass_yds,player_rush_yds,player_reception_yds,player_receptions,player_kicking_points,player_field_goals","pinnacle,lowvig,betonlineag,draftkings,fanduel,betmgm,williamhill_us,fanatics,betrivers,espnbet",60
de2b17680a01a8daf30bf4ec1eca88b15ed01f776dd4ae0255d8c9cf798bc5dd,americanfootball_nfl,6f956074c4df48e7b07a3286a6c6ed2a,2025-11-29T21:05:00Z,"player_pass_yds,player_rush_yds,player_reception_yds,player_receptions,player_kicking_points,player_field_goals","pinnacle,lowvig,betonlineag,draftkings,fanduel,betmgm,williamhill_us,fanatics,betrivers,espnbet",60
26adc4904367ff10fd2eaa0b73551b2121402a157f5a1f3ca48c4fe3f8e5d5e7,americanfootball_nfl,76ac5a8d2c8679ae6ea8861114791bd8,2025-11-29T21:25:00Z,"player_pass_yds,player_rush_yds,player_reception_yds,player_receptions,player_kicking_points,player_field_goals","pinnacle,lowvig,betonlineag,draftkings,fanduel,betmgm,williamhill_us,fanatics,betrivers,espnbet",60
866a2716e3c9c7ada7e203d78c5634c7dcfe43c58bcbd2ba2ef5bd5c5ce5ad2d,americanfootball_nfl,365a766a3862bc47a5455dc3b097421e,2025-11-29T21:25:00Z,"player_pass_yds,player_rush_yds,player_reception_yds,player_receptions,player_kicking_points,player_field_goals","pinnacle,lowvig,betonlineag,draftkings,fanduel,betmgm,williamhill_us,fanatics,betrivers,espnbet",60
3e27f766274bbbfbe210354037114e52cb8e148e361db1d611173371a9805f54,americanfootball_nfl,9c040de8f1dfc3ddee20e0d65c9402de,2025-11-30T01:20:00Z,"player_pass_yds,player_rush_yds,player_reception_yds,player_receptions,player_kicking_points,player_field_goals","pinnacle,lowvig,betonlineag,draftkings,fanduel,betmgm,williamhill_us,fanatics,betrivers,espnbet",60
0cd7abf8009301518ef95786ef15fcd8b7647d5ec8246e74dec8da63b18b19cf,americanfootball_nfl,36fcf5ca155a5dcd2f7a87fd2a985b02,2025-11-30T17:50:00Z,"player_pass_yds,player_rush_yds,player_reception_yds,player_receptions,player_kicking_points,player_field_goals","pinnacle,lowvig,betonlineag,draftkings,fanduel,betmgm,williamhill_us,fanatics,betrivers,espnbet",60
29f05a375e82cf26976eb4232b31bffe07a67bdabd6f07171d61a8ee307a2c04,americanfootball_nfl,c0d324e29ce58b36bdc77564f7aae56f,2025-11-30T17:50:00Z,"player_pass_yds,player_rush_yds,player_reception_yds,player_receptions,player_kicking_points,player_field_goals","pinnacle,lowvig,betonlineag,draftkings,fanduel,betmgm,williamhill_us,fanatics,betrivers,espnbet",60
4e4a047d7e9cb1af39e9e9fb054212c5fb977611e5346e8214171e0c79b50b41,americanfootball_nfl,67e51d17848485bed8737bd7043a275a,2025-11-30T17:50:00Z,"player_pass_yds,player_rush_yds,player_reception_yds,player_receptions,player_kicking_points,player_field_goals","pinnacle,lowvig,betonlineag,draftkings,fanduel,betmgm,williamhill_us,fanatics,betrivers,espnbet",60
67f4f2851e2c1bfea3898153aa1f434d9ad87d6869728225e09dc99a2597fd79,americanfootball_nfl,9da608f5bdae527b280abd61e47a110b,2025-11-30T17:50:00Z,"player_pass_yds,player_rush_yds,player_reception_yds,player_receptions,player_kicking_points,player_field_goals","pinnacle,lowvig,betonlineag,draftkings,fanduel,betmgm,williamhill_us,fanatics,betrivers,espnbet",60
8de84879e7f3be6ae2f51ce40e88f6cda5e17c8574414bd12de5de967f8f9120,americanfootball_nfl,61e1e459b2ddafd43e8808d4f40c01d9,2025-11-30T17:50:00Z,"player_pass_yds,player_rush_yds,player_reception_yds,player_receptions,player_kicking_points,player_field_goals","pinnacle,lowvig,betonlineag,draftkings,fanduel,betmgm,williamhill_us,fanatics,betrivers,espnbet",60
98d6d9b69ee7e810b47de5c9f7380d8846a86485259fe8566203ec0a630d0427,americanfootball_nfl,fa46c661007f5f0cbbf6abf939ac9d51,2025-11-30T17:50:00Z,"player_pass_yds,player_rush_yds,player_reception_yds,player_receptions,player_kicking_points,player_field_goals","pinnacle,lowvig,betonlineag,draftkings,fanduel,betmgm,williamhill_us,fanatics,betrivers,espnbet",60
f53f4494dc829672e44728a0f7765058dbaaa36d2d2c292ce15008e828151f2a,americanfootball_nfl,e3c9bfba57bbe784481d881ea3b4519d,2025-11-30T17:50:00Z,"player_pass_yds,player_rush_yds,player_reception_yds,player_receptions,player_kicking_points,player_field_goals","pinnacle,lowvig,betonlineag,draftkings,fanduel,betmgm,williamhill_us,fanatics,betrivers,espnbet",60
b2c184101c7ab62bc9b429891fed46ebe25ae7353317967f13ae2e8d4db1c074,americanfootball_nfl,6f956074c4df48e7b07a3286a6c6ed2a,2025-11-30T20:55:00Z,"player_pass_yds,player_rush_yds,player_reception_yds,player_receptions,player_kicking_points,player_field_goals","pinnacle,lowvig,betonlineag,draftkings,fanduel,betmgm,williamhill_us,fanatics,betrivers,espnbet",60
7b17baa5702e386ca98f60b35b04efbc38eefd77d0e7315cab9070e1a7d5b1a7,americanfootball_nfl,76ac5a8d2c8679ae6ea8861114791bd8,2025-11-30T21:15:00Z,"player_pass_yds,player_rush_yds,player_reception_yds,player_receptions,player_kicking_points,player_field_goals","pinnacle,lowvig,betonlineag,draftkings,fanduel,betmgm,williamhill_us,fanatics,betrivers,espnbet",60
f801b8fa9ee90d328b6d97ae8701953228d75e9e6a392834ca425514cf7e3e10,americanfootball_nfl,365a766a3862bc47a5455dc3b097421e,2025-11-30T21:15:00Z,"player_pass_yds,player_rush_yds,player_reception_yds,player_receptions,player_kicking_points,player_field_goals","pinnacle,lowvig,betonlineag,draftkings,fanduel,betmgm,williamhill_us,fanatics,betrivers,espnbet",60
74e3f4fd0265172a5de8f66c5499440f5583b06e02e1b62b2cfb200cad0a8d29,americanfootball_nfl,9c040de8f1dfc3ddee20e0d65c9402de,2025-12-01T01:10:00Z,"player_pass_yds,player_rush_yds,player_reception_yds,player_receptions,player_kicking_points,player_field_goals","pinnacle,lowvig,betonlineag,draftkings,fanduel,betmgm,williamhill_us,fanatics,betrivers,espnbet",60
ee7236ea870b778e1a6cc1097654041a11af34916496ab892d8ecae41417222e,americanfootball_nfl,3e65786eddd4c7aee9e7f2504f6fdedc,2025-12-01T01:15:00Z,"player_pass_yds,player_rush_yds,player_reception_yds,player_receptions,player_kicking_points,player_field_goals","pinnacle,lowvig,betonlineag,draftkings,fanduel,betmgm,williamhill_us,fanatics,betrivers,espnbet",60
e80ee9202cc760a671862bca2587dc9c415bc8866056f6a39a64bd69b2bd9eb5,americanfootball_nfl,3e65786eddd4c7aee9e7f2504f6fdedc,2025-12-02T01:05:00Z,"player_pass_yds,player_rush_yds,player_reception_yds,player_receptions,player_kicking_points,player_field_goals","pinnacle,lowvig,betonlineag,draftkings,fanduel,betmgm,williamhill_us,fanatics,betrivers,espnbet",60
eb542299fc856136c8ccd9d5c403e6d6026ae009dcef3d6157302d75a76cd3a9,americanfootball_nfl,81db991c5b34169eeeff8d734d8836d9,2025-12-04T01:15:00Z,"player_pass_yds,player_rush_yds,player_reception_yds,player_receptions,player_kicking_points,player_field_goals","pinnacle,lowvig,betonlineag,draftkings,fanduel,betmgm,williamhill_us,fanatics,betrivers,espnbet",60
da098dc9ffd94bc436be9373fba31373c27cd84715bc4809de9288cb78e6a717,americanfootball_nfl,81db991c5b34169eeeff8d734d8836d9,2025-12-05T01:05:00Z,"player_pass_yds,player_rush_yds,player_reception_yds,player_receptions,player_kicking_points,player_field_goals","pinnacle,lowvig,betonlineag,draftkings,fanduel,betmgm,williamhill_us,fanatics,betrivers,espnbet",60
05a07a75196981f6bc5212786fd6e131bfb29195420ceb1c02e46dcf57597817,americanfootball_nfl,f95be6b9bd8ce1208f766cbaae8a4822,2025-12-06T18:00:00Z,"player_pass_yds,player_rush_yds,player_reception_yds,player_receptions,player_kicking_points,player_field_goals","pinnacle,lowvig,betonlineag,draftkings,fanduel,betmgm,williamhill_us,fanatics,betrivers,espnbet",60
3feffba29af551ec0a5e043c3aac23cf3850160bc4aa6fc9f3a1f47e28030f4a,americanfootball_nfl,f0bdd27bbed46dfc3d0657500c95a96c,2025-12-06T18:00:00Z,"player_pass_yds,player_rush_yds,player_reception_yds,player_receptions,player_kicking_points,player_field_goals","pinnacle,lowvig,betonlineag,draftkings,fanduel,betmgm,williamhill_us,fanatics,betrivers,espnbet",60
48cc583902a9f559b6ffc6b05e8103818d2099d3b03cdf1c3a655a512f08d799,americanfootball_nfl,c86a0783216d21040c87fce3aadd3336,2025-12-06T18:00:00Z,"player_pass_yds,player_rush_yds,player_reception_yds,player_receptions,player_kicking_points,player_field_goals","pinnacle,lowvig,betonlineag,draftkings,fanduel,betmgm,williamhill_us,fanatics,betrivers,espnbet",60
63c112b17a980a7d3ea4dd6e072b068000534e95c6f696e44a142de2a836d150,americanfootball_nfl,4fead7bd0592ec121cc3baf72e3e21e0,2025-12-06T18:00:00Z,"player_pass_yds,player_rush_yds,player_reception_yds,player_receptions,player_kicking_points,player_field_goals","pinnacle,lowvig,betonlineag,draftkings,fanduel,betmgm,williamhill_us,fanatics,betrivers,espnbet",60
77d87cd53734c52395b3dbe365a98ca50ff96445a5de41bed630ce77553373f3,americanfootball_nfl,c67c327076a98a3a1c4a5eb32e5a80c2,2025-12-06T18:00:00Z,"player_pass_yds,player_rush_yds,player_reception_yds,player_receptions,player_kicking_points,player_field_goals","pinnacle,lowvig,betonlineag,draftkings,fanduel,betmgm,williamhill_us,fanatics,betrivers,espnbet",60
7db4d33fc4547a3f8dbd9314650a574b94b3b70e2f0c986f6176d9555f0aaf55,americanfootball_nfl,4e289ac7d9b5663fd5a06881f2b1424d,2025-12-06T18:00:00Z,"player_pass_yds,player_rush_yds,player_reception_yds,player_receptions,player_kicking_points,player_field_goals","pinnacle,lowvig,betonlineag,draftkings,fanduel,betmgm,williamhill_us,fanatics,betrivers,espnbet",60
85671fa859cdc326a04c586a186898929767298e2a0d4e2ca506112b83a001d6,americanfootball_nfl,58b16c4033587f5662ff365bce2dbb92,2025-12-06T18:00:00Z,"player_pass_yds,player_rush_yds,player_reception_yds,player_receptions,player_kicking_points,player_field_goals","pinnacle,lowvig,betonlineag,draftkings,fanduel,betmgm,williamhill_us,fanatics,betrivers,espnbet",60
92f131161dac78fa20988a8c526f44718a8eaec55c08a4837b7551548465f0ff,americanfootball_nfl,15555b4c7283dc6553e011dd6c8aea8d,2025-12-06T18:00:00Z,"player_pass_yds,player_rush_yds,player_reception_yds,player_receptions,player_kicking_points,player_field_goals","pinnacle,lowvig,betonlineag,draftkings,fanduel,betmgm,williamhill_us,fanatics,betrivers,espnbet",60
104dc5bb14a025eedda8337e0934e1857d847124667bb6b925c7a90dcc5d9fee,americanfootball_nfl,d5fd126cbfea2ccd79962a17f0ef4463,2025-12-06T21:05:00Z,"player_pass_yds,player_rush_yds,player_reception_yds,player_receptions,player_kicking_points,player_field_goals","pinnacle,lowvig,betonlineag,draftkings,fanduel,betmgm,williamhill_us,fanatics,betrivers,espnbet",60
4ef23d803bbfe960274c7b033e375415c3f9600948562745a2f50c165ba5ae62,americanfootball_nfl,5b1211b476d0afa2b57133c9603583b6,2025-12-06T21:25:00Z,"player_pass_yds,player_rush_yds,player_reception_yds,player_receptions,player_kicking_points,player_field_goals","pinnacle,lowvig,betonlineag,draftkings,fanduel,betmgm,williamhill_us,fanatics,betrivers,espnbet",60
f09807643cce126cd86dfbf1555fbdceec5f8fbd14e5e6e081a5d3be42b78885,americanfootball_nfl,12bbffdcd65d53436b56c68a811ca610,2025-12-06T21:25:00Z,"player_pass_yds,player_rush_yds,player_reception_yds,player_receptions,player_kicking_points,player_field_goals","pinnacle,lowvig,betonlineag,draftkings,fanduel,betmgm,williamhill_us,fanatics,betrivers,espnbet",60
aafec1da8bb06d417f25948d190c14e9aa88c7a373ca7d3a1eaa97bbe76f9525,americanfootball_nfl,4727a6cfcd3d604dbfcb898c5a4d40a6,2025-12-07T01:20:00Z,"player_pass_yds,player_rush_yds,player_reception_yds,player_receptions,player_kicking_points,player_field_goals","pinnacle,lowvig,betonlineag,draftkings,fanduel,betmgm,williamhill_us,fanatics,betrivers,espnbet",60
2c42d890cd523351b07470519b2448c55240289a78a4a7b5ec72139b8b90c395,americanfootball_nfl,4fead7bd0592ec121cc3baf72e3e21e0,2025-12-07T17:50:00Z,"player_pass_yds,player_rush_yds,player_reception_yds,player_receptions,player_kicking_points,player_field_goals","pinnacle,lowvig,betonlineag,draftkings,fanduel,betmgm,williamhill_us,fanatics,betrivers,espnbet",60
4b7f608a99de936987056321aba4d5962032cd8b4f567364874559a531f720d8,americanfootball_nfl,c67c327076a98a3a1c4a5eb32e5a80c2,2025-12-07T17:50:00Z,"player_pass_yds,player_rush_yds,player_reception_yds,player_receptions,player_kicking_points,player_field_goals","pinnacle,lowvig,betonlineag,draftkings,fanduel,betmgm,williamhill_us,fanatics,betrivers,espnbet",60
4f768c0408a2a8159ebbfc5738fb3138285111ab43dcc0f1e524d3cf8a001c9a,americanfootball_nfl,f95be6b9bd8ce1208f766cbaae8a4822,2025-12-07T17:50:00Z,"player_pass_yds,player_rush_yds,player_reception_yds,player_receptions,player_kicking_points,player_field_goals","pinnacle,lowvig,betonlineag,draftkings,fanduel,betmgm,williamhill_us,fanatics,betrivers,espnbet",60
788d54431afb551139ef04e60a0f45da7e20ca8683889316a7bab940673ca911,americanfootball_nfl,f0bdd27bbed46dfc3d0657500c95a96c,2025-12-07T17:50:00Z,"player_pass_yds,player_rush_yds,player_reception_yds,player_receptions,player_kicking_points,player_field_goals","pinnacle,lowvig,betonlineag,draftkings,fanduel,betmgm,williamhill_us,fanatics,betrivers,espnbet",60
baeb29d8c2c155e200cdeb0d92ede7404222b7f4b92d64f0dbce4ec11ea0198d,americanfootball_nfl,58b16c4033587f5662ff365bce2dbb92,2025-12-07T17:50:00Z,"player_pass_yds,player_rush_yds,player_reception_yds,player_receptions,player_kicking_points,player_field_goals","pinnacle,lowvig,betonlineag,draftkings,fanduel,betmgm,williamhill_us,fanatics,betrivers,espnbet",60
c6ba7ac7c54a0495023fd2ac6f12f50fe3e5b1feb24b95ee48c5cc73b9c71418,americanfootball_nfl,c86a0783216d21040c87fce3aadd3336,2025-12-07T17:50:00Z,"player_pass_yds,player_rush_yds,player_reception_yds,player_receptions,player_kicking_points,player_field_goals","pinnacle,lowvig,betonlineag,draftkings,fanduel,betmgm,williamhill_us,fanatics,betrivers,espnbet",60
de46f8b8043b974ccae882308093f11d29bfbcd932a51ec59b93308e17c6be50,americanfootball_nfl,4e289ac7d9b5663fd5a06881f2b1424d,2025-12-07T17:50:00Z,"player_pass_yds,player_rush_yds,player_reception_yds,player_receptions,player_kicking_points,player_field_goals","pinnacle,lowvig,betonlineag,draftkings,fanduel,betmgm,williamhill_us,fanatics,betrivers,espnbet",60
df496f6de80987fe2c8dfeb7c8878e91d81e8e57606e60a26cd6037d52be84a3,americanfootball_nfl,15555b4c7283dc6553e011dd6c8aea8d,2025-12-07T17:50:00Z,"player_pass_yds,player_rush_yds,player_reception_yds,player_receptions,player_kicking_points,player_field_goals","pinnacle,lowvig,betonlineag,draftkings,fanduel,betmgm,williamhill_us,fanatics,betrivers,espnbet",60
96696d31de6d9fd1630b0c6fb07d1bdbaa92586542abfa6c557e5153c0fd0b36,americanfootball_nfl,d5fd126cbfea2ccd79962a17f0ef4463,2025-12-07T20:55:00Z,"player_pass_yds,player_rush_yds,player_reception_yds,player_receptions,player_kicking_points,player_field_goals","pinnacle,lowvig,betonlineag,draftkings,fanduel,betmgm,williamhill_us,fanatics,betrivers,espnbet",60
1516742b562fe3438c92cec34c72dd96cf178bf59a3f221b67793925e3ea8d56,americanfootball_nfl,5b1211b476d0afa2b57133c9603583b6,2025-12-07T21:15:00Z,"player_pass_yds,player_rush_yds,player_reception_yds,player_receptions,player_kicking_points,player_field_goals","pinnacle,lowvig,betonlineag,draftkings,fanduel,betmgm,williamhill_us,fanatics,betrivers,espnbet",60
4ad8a5bef44b720d5ec6dba2b88045822e9f50042436de10e6cbdb540ac10555,americanfootball_nfl,12bbffdcd65d53436b56c68a811ca610,2025-12-07T21:15:00Z,"player_pass_yds,player_rush_yds,player_reception_yds,player_receptions,player_kicking_points,player_field_goals","pinnacle,lowvig,betonlineag,draftkings,fanduel,betmgm,williamhill_us,fanatics,betrivers,espnbet",60
eea7b33c72437e57ada75a3acfc187879735a343c2b7ab02b75140da2bd209f5,americanfootball_nfl,4727a6cfcd3d604dbfcb898c5a4d40a6,2025-12-08T01:10:00Z,"player_pass_yds,player_rush_yds,player_reception_yds,player_receptions,player_kicking_points,player_field_goals","pinnacle,lowvig,betonlineag,draftkings,fanduel,betmgm,williamhill_us,fanatics,betrivers,espnbet",60
aea95daeb3191d76f2f25cda66ce712a18335b17f2f4abc29803367ec5732d5b,americanfootball_nfl,5d7b12c34454df4ff2c59a15ca58e63f,2025-12-08T01:15:00Z,"player_pass_yds,player_rush_yds,player_reception_yds,player_receptions,player_kicking_points,player_field_goals","pinnacle,lowvig,betonlineag,draftkings,fanduel,betmgm,williamhill_us,fanatics,betrivers,espnbet",60
5de30b39fcc0ee4faffbcb810bb411e7c46b11895392a2efcbdfcff2a3908755,americanfootball_nfl,5d7b12c34454df4ff2c59a15ca58e63f,2025-12-09T01:05:00Z,"player_pass_yds,player_rush_yds,player_reception_yds,player_receptions,player_kicking_points,player_field_goals","pinnacle,lowvig,betonlineag,draftkings,fanduel,betmgm,williamhill_us,fanatics,betrivers,espnbet",60
81a98749fe778ceefd2b3e3843b96b623ee1306252333a01d471a3c658d5f376,americanfootball_nfl,08bfd9cd8115339250817cc66a8b3cba,2025-12-11T01:15:00Z,"player_pass_yds,player_rush_yds,player_reception_yds,player_receptions,player_kicking_points,player_field_goals","pinnacle,lowvig,betonlineag,draftkings,fanduel,betmgm,williamhill_us,fanatics,betrivers,espnbet",60
60687b45636f654c8fd196c82a2f4718318e21f09902d5daaba182c83becfe79,americanfootball_nfl,08bfd9cd8115339250817cc66a8b3cba,2025-12-12T01:05:00Z,"player_pass_yds,player_rush_yds,player_reception_yds,player_receptions,player_kicking_points,player_field_goals","pinnacle,lowvig,betonlineag,draftkings,fanduel,betmgm,williamhill_us,fanatics,betrivers,espnbet",60
15e72c88518f98b68c2c49cd21ecab3301d692c6019839e1dd72d4ae12f46084,americanfootball_nfl,c127c7a2426ec655e18ca9c394068f6c,2025-12-13T18:00:00Z,"player_pass_yds,player_rush_yds,player_reception_yds,player_receptions,player_kicking_points,player_field_goals","pinnacle,lowvig,betonlineag,draftkings,fanduel,betmgm,williamhill_us,fanatics,betrivers,espnbet",60
3f576808ebcba6152e3fd4b4bd718e3f9d744b59cc2fc3c24c654c789300a3f1,americanfootball_nfl,a360e4c43576d22057ff90d818928066,2025-12-13T18:00:00Z,"player_pass_yds,player_rush_yds,player_reception_yds,player_receptions,player_kicking_points,player_field_goals","pinnacle,lowvig,betonlineag,draftkings,fanduel,betmgm,williamhill_us,fanatics,betrivers,espnbet",60
5389b4a3e110b500eebdd573cbe1055b2930d2a962142cd3a63247b8f3233acc,americanfootball_nfl,0f0601c020a478f5d9f81f06a141c2c8,2025-12-13T18:00:00Z,"player_pass_yds,player_rush_yds,player_reception_yds,player_receptions,player_kicking_points,player_field_goals","pinnacle,lowvig,betonlineag,draftkings,fanduel,betmgm,williamhill_us,fanatics,betrivers,espnbet",60
611d1b154b4b4c3c3f17bb8f00d18baef28bfc9abe56d80897bd2b89c6e40764,americanfootball_nfl,1aa1fb046f11dadb32dad77d5baf552e,2025-12-13T18:00:00Z,"player_pass_yds,player_rush_yds,player_reception_yds,player_receptions,player_kicking_points,player_field_goals","pinnacle,lowvig,betonlineag,draftkings,fanduel,betmgm,williamhill_us,fanatics,betrivers,espnbet",60
6764099651ddfc79074783cad06b1366bea1fd839ab2ef864aeea8c2b9ab5096,americanfootball_nfl,813dab51d999b87c7968ac4890965f73,2025-12-13T18:00:00Z,"player_pass_yds,player_rush_yds,player_reception_yds,player_receptions,player_kicking_points,player_field_goals","pinnacle,lowvig,betonlineag,draftkings,fanduel,betmgm,williamhill_us,fanatics,betrivers,espnbet",60
8911423969a614ada69d60543199046e43d1018d950893dd1bcd17651e34503b,americanfootball_nfl,cd5151f8a1e7fcba4901929e77b94acd,2025-12-13T18:00:00Z,"player_pass_yds,player_rush_yds,player_reception_yds,player_receptions,player_kicking_points,player_field_goals","pinnacle,lowvig,betonlineag,draftkings,fanduel,betmgm,williamhill_us,fanatics,betrivers,espnbet",60
9dba73f44784904133e462cede43131fe8c719aefe2183a5bf4ee472a041511d,americanfootball_nfl,8261541e6b9b32537bd0821ef2c0a05d,2025-12-13T18:00:00Z,"player_pass_yds,player_rush_yds,player_reception_yds,player_receptions,player_kicking_points,player_field_goals","pinnacle,lowvig,betonlineag,draftkings,fanduel,betmgm,williamhill_us,fanatics,betrivers,espnbet",60
f4cdd97d3a8bf16401b8e9c7780f45d82f34084fa928b86306f04e38da0ecc74,americanfootball_nfl,3aba4bb1fe41ecd45f934116fcc90c3f,2025-12-13T18:00:00Z,"player_pass_yds,player_rush_yds,player_reception_yds,player_receptions,player_kicking_points,player_field_goals","pinnacle,lowvig,betonlineag,draftkings,fanduel,betmgm,williamhill_us,fanatics,betrivers,espnbet",60
6f0ebb61f325196affd414e74c5a4d4d180d14e456c652e803456d95396b5094,americanfootball_nfl,f7343baf47dcf23e672799d00788173d,2025-12-13T21:25:00Z,"player_pass_yds,player_rush_yds,player_reception_yds,player_receptions,player_kicking_points,player_field_goals","pinnacle,lowvig,betonlineag,draftkings,fanduel,betmgm,williamhill_us,fanatics,betrivers,espnbet",60
7992f0533fb62ecac9e8a46962f0f847ef5e963bfb9571e9dd953014e9c8c2fd,americanfootball_nfl,2ec8a387d0c337aeffac3f956c292e87,2025-12-13T21:25:00Z,"player_pass_yds,player_rush_yds,player_reception_yds,player_receptions,player_kicking_points,player_field_goals","pinnacle,lowvig,betonlineag,draftkings,fanduel,betmgm,williamhill_us,fanatics,betrivers,espnbet",60
7c6c8d6ffa9667b057064cf1d5a206695b24c933472f9e3a9a7779de79e5138f,americanfootball_nfl,7ba03312d1012d9872de9999e496558f,2025-12-13T21:25:00Z,"player_pass_yds,player_rush_yds,player_reception_yds,player_receptions,player_kicking_points,player_field_goals","pinnacle,lowvig,betonlineag,draftkings,fanduel,betmgm,williamhill_us,fanatics,betrivers,espnbet",60
928a878640f0d09e716bb0381cf628fa3c600c80f7dfb95aa0ce35d2820eaed4,americanfootball_nfl,f3fd2782d4d03bd12a177fbbad17005b,2025-12-13T21:25:00Z,"player_pass_yds,player_rush_yds,player_reception_yds,player_receptions,player_kicking_points,player_field_goals","pinnacle,lowvig,betonlineag,draftkings,fanduel,betmgm,williamhill_us,fanatics,betrivers,espnbet",60
98a7dd9072dfd4b60dfb8102c8d1c5302339f9629f26f8efe5097c4c15f7b8e4,americanfootball_nfl,bd299b70476643cff05f2be58e12301a,2025-12-13T21:25:00Z,"player_pass_yds,player_rush_yds,player_reception_yds,player_receptions,player_kicking_points,player_field_goals","pinnacle,lowvig,betonlineag,draftkings,fanduel,betmgm,williamhill_us,fanatics,betrivers,espnbet",60
0168e291c106736c0e19ccb843d55b45518b7a418d5a799dc80762c7146a7529,americanfootball_nfl,3c74ebd1d005a7346c182daf6f7279dd,2025-12-14T01:20:00Z,"player_pass_yds,player_rush_yds,player_reception_yds,player_receptions,player_kicking_points,player_field_goals","pinnacle,lowvig,betonlineag,draftkings,fanduel,betmgm,williamhill_us,fanatics,betrivers,espnbet",60
403c6768857eb16975605a85e1e92894c804447b0a22bfa8f8b3b5481861d75f,americanfootball_nfl,c127c7a2426ec655e18ca9c394068f6c,2025-12-14T17:50:00Z,"player_pass_yds,player_rush_yds,player_reception_yds,player_receptions,player_kicking_points,player_field_goals","pinnacle,lowvig,betonlineag,draftkings,fanduel,betmgm,williamhill_us,fanatics,betrivers,espnbet",60
85c36e41ab4daad497bc1c8d875a05a034bf8f2a3232a9b5ad2238e7f8ad2643,americanfootball_nfl,a360e4c43576d22057ff90d818928066,2025-12-14T17:50:00Z,"player_pass_yds,player_rush_yds,player_reception_yds,player_receptions,player_kicking_points,player_field_goals","pinnacle,lowvig,betonlineag,draftkings,fanduel,betmgm,williamhill_us,fanatics,betrivers,espnbet",60
ba781083d9c38c0ae5427368c6e451b6f39cd6605debe50a258e5fdb45972003,americanfootball_nfl,1aa1fb046f11dadb32dad77d5baf552e,2025-12-14T17:50:00Z,"player_pass_yds,player_rush_yds,player_reception_yds,player_receptions,player_kicking_points,player_field_goals","pinnacle,lowvig,betonlineag,draftkings,fanduel,betmgm,williamhill_us,fanatics,betrivers,espnbet",60
bce52dd9a4a1283d893e0829adf0d3112f06b79259c1818094071dbd7edd72df,americanfootball_nfl,813dab51d999b87c7968ac4890965f73,2025-12-14T17:50:00Z,"player_pass_yds,player_rush_yds,player_reception_yds,player_receptions,player_kicking_points,player_field_goals","pinnacle,lowvig,betonlineag,draftkings,fanduel,betmgm,williamhill_us,fanatics,betrivers,espnbet",60
bdd3508281c543faee2614af10003bd788a1be8552bd00d76086265a457466f0,americanfootball_nfl,cd5151f8a1e7fcba4901929e77b94acd,2025-12-14T17:50:00Z,"player_pass_yds,player_rush_yds,player_reception_yds,player_receptions,player_kicking_points,player_field_goals","pinnacle,lowvig,betonlineag,draftkings,fanduel,betmgm,williamhill_us,fanatics,betrivers,espnbet",60
cc5e35f6c2323205c6be33be09d534478b05f5a4f0e02789d0720977041f0909,americanfootball_nfl,3aba4bb1fe41ecd45f934116fcc90c3f,2025-12-14T17:50:00Z,"player_pass_yds,player_rush_yds,player_reception_yds,player_receptions,player_kicking_points,player_field_goals","pinnacle,lowvig,betonlineag,draftkings,fanduel,betmgm,williamhill_us,fanatics,betrivers,espnbet",60
eb89048e647ab6ea54b6b7fecaacd8ab7b8ee7a0908ee45d082835772f953338,americanfootball_nfl,0f0601c020a478f5d9f81f06a141c2c8,2025-12-14T17:50:00Z,"player_pass_yds,player_rush_yds,player_reception_yds,player_receptions,player_kicking_points,player_field_goals","pinnacle,lowvig,betonlineag,draftkings,fanduel,betmgm,williamhill_us,fanatics,betrivers,espnbet",60
f554aba5dec098b9eae54eedb01dd5c8846e169867a05061db687824a575ecd1,americanfootball_nfl,8261541e6b9b32537bd0821ef2c0a05d,2025-12-14T17:50:00Z,"player_pass_yds,player_rush_yds,player_reception_yds,player_receptions,player_kicking_points,player_field_goals","pinnacle,lowvig,betonlineag,draftkings,fanduel,betmgm,williamhill_us,fanatics,betrivers,espnbet",60
2c3eeba49b46e2f64d004c6bf19b8874db69e7e0303e6ba2bf89ade6791f64a9,americanfootball_nfl,7ba03312d1012d9872de9999e496558f,2025-12-14T21:15:00Z,"player_pass_yds,player_rush_yds,player_reception_yds,player_receptions,player_kicking_points,player_field_goals","pinnacle,lowvig,betonlineag,draftkings,fanduel,betmgm,williamhill_us,fanatics,betrivers,espnbet",60
5b0f5372e8fe0708a088d1c5b82812596e9460912afd4fd0d71eb9820343c9dd,americanfootball_nfl,2ec8a387d0c337aeffac3f956c292e87,2025-12-14T21:15:00Z,"player_pass_yds,player_rush_yds,player_reception_yds,player_receptions,player_kicking_points,player_field_goals","pinnacle,lowvig,betonlineag,draftkings,fanduel,betmgm,williamhill_us,fanatics,betrivers,espnbet",60
74e6853331772d35b52004846c4d7ad697bc19671eeb2a5f8271cd490494d96c,americanfootball_nfl,bd299b70476643cff05f2be58e12301a,2025-12-14T21:15:00Z,"player_pass_yds,player_rush_yds,player_reception_yds,player_receptions,player_kicking_points,player_field_goals","pinnacle,lowvig,betonlineag,draftkings,fanduel,betmgm,williamhill_us,fanatics,betrivers,espnbet",60
ce3ea6f09db07fb79f6dc338f0563701288339cba1f40a0b9eec29114b6856c1,americanfootball_nfl,f7343baf47dcf23e672799d00788173d,2025-12-14T21:15:00Z,"player_pass_yds,player_rush_yds,player_reception_yds,player_receptions,player_kicking_points,player_field_goals","pinnacle,lowvig,betonlineag,draftkings,fanduel,betmgm,williamhill_us,fanatics,betrivers,espnbet",60
e81383c264a310f996cd273e9b121974f2f5e6663929e49277bd7ccc01bd4243,americanfootball_nfl,f3fd2782d4d03bd12a177fbbad17005b,2025-12-14T21:15:00Z,"player_pass_yds,player_rush_yds,player_reception_yds,player_receptions,player_kicking_points,player_field_goals","pinnacle,lowvig,betonlineag,draftkings,fanduel,betmgm,williamhill_us,fanatics,betrivers,espnbet",60
3c2649bf0e329cf8aeae4fa7381e523f371ad891f69e6004e54286e045e8796c,americanfootball_nfl,3c74ebd1d005a7346c182daf6f7279dd,2025-12-15T01:10:00Z,"player_pass_yds,player_rush_yds,player_reception_yds,player_receptions,player_kicking_points,player_field_goals","pinnacle,lowvig,betonlineag,draftkings,fanduel,betmgm,williamhill_us,fanatics,betrivers,espnbet",60
45c89e1db59e7a1c07525382ff0e208ddb8594436902d43ba785be0b27d8fb1f,americanfootball_nfl,ba5d065a7e9ea9afe54642036f2ec83a,2025-12-15T01:15:00Z,"player_pass_yds,player_rush_yds,player_reception_yds,player_receptions,player_kicking_points,player_field_goals","pinnacle,lowvig,betonlineag,draftkings,fanduel,betmgm,williamhill_us,fanatics,betrivers,espnbet",60
6df6276ca02a4bb64228232c84a8bd34ec049f71f3f260170126c49e24e73cfd,americanfootball_nfl,ba5d065a7e9ea9afe54642036f2ec83a,2025-12-16T01:05:00Z,"player_pass_yds,player_rush_yds,player_reception_yds,player_receptions,player_kicking_points,player_field_goals","pinnacle,lowvig,betonlineag,draftkings,fanduel,betmgm,williamhill_us,fanatics,betrivers,espnbet",60
5fb2bb5cee3fb422e8f38fd7161a80282ef6c723a67209aa5a01f8d105d4c4e2,americanfootball_nfl,ac7881cc5a498c5b72680498d3fa8f6e,2025-12-18T01:15:00Z,"player_pass_yds,player_rush_yds,player_reception_yds,player_receptions,player_kicking_points,player_field_goals","pinnacle,lowvig,betonlineag,draftkings,fanduel,betmgm,williamhill_us,fanatics,betrivers,espnbet",60
0bccbc9bcf91bf469375fbdec6ceffc211592d080ca7f07b5763d152c8a52710,americanfootball_nfl,ac7881cc5a498c5b72680498d3fa8f6e,2025-12-19T01:05:00Z,"player_pass_yds,player_rush_yds,player_reception_yds,player_receptions,player_kicking_points,player_field_goals","pinnacle,lowvig,betonlineag,draftkings,fanduel,betmgm,williamhill_us,fanatics,betrivers,espnbet",60
5a559bb7780dac352a4272bd9457488cdcd5b6db91b1b5344f2bef0364d0cca8,americanfootball_nfl,18fe4528a0bc43d9cd64bd09c0d5019f,2025-12-19T22:00:00Z,"player_pass_yds,player_rush_yds,player_reception_yds,player_receptions,player_kicking_points,player_field_goals","pinnacle,lowvig,betonlineag,draftkings,fanduel,betmgm,williamhill_us,fanatics,betrivers,espnbet",60
939d578b1d7027da4beda53d7cdd1db1c926c3b73058fc0d1189cca467b6096b,americanfootball_nfl,9f70d98bc6918dc8e21f329405b649fe,2025-12-20T01:20:00Z,"player_pass_yds,player_rush_yds,player_reception_yds,player_receptions,player_kicking_points,player_field_goals","pinnacle,lowvig,betonlineag,draftkings,fanduel,betmgm,williamhill_us,fanatics,betrivers,espnbet",60
4a7c7475a0c4ba95852aa6ef8bf0156831005c19d0af9c8cb33e7a7a3fd2e8cd,americanfootball_nfl,aa5b25e85d1ad6540d7a5ae04b73ddfd,2025-12-20T18:00:00Z,"player_pass_yds,player_rush_yds,player_reception_yds,player_receptions,player_kicking_points,player_field_goals","pinnacle,lowvig,betonlineag,draftkings,fanduel,betmgm,williamhill_us,fanatics,betrivers,espnbet",60
6197b049f815fd1fca98d3d4e490129bf1daf978a50cd031584a8e174f8fc44a,americanfootball_nfl,2557976e0e66ab698539b543de125469,2025-12-20T18:00:00Z,"player_pass_yds,player_rush_yds,player_reception_yds,player_receptions,player_kicking_points,player_field_goals","pinnacle,lowvig,betonlineag,draftkings,fanduel,betmgm,williamhill_us,fanatics,betrivers,espnbet",60
6a69b99df051b671c5dec937802ba72c6042ebd5ce88131ab5dd280a33ed4ac4,americanfootball_nfl,aa9d0cf732b6adde4ad3ec04ca79825c,2025-12-20T18:00:00Z,"player_pass_yds,player_rush_yds,player_reception_yds,player_receptions,player_kicking_points,player_field_goals","pinnacle,lowvig,betonlineag,draftkings,fanduel,betmgm,williamhill_us,fanatics,betrivers,espnbet",60
89dfe282040f6678fc80d05526943cad2d3f6b97475efcd4754ee511863d4190,americanfootball_nfl,3db6ba91d2a72ada8843d5a0517bff27,2025-12-20T18:00:00Z,"player_pass_yds,player_rush_yds,player_reception_yds,player_receptions,player_kicking_points,player_field_goals","pinnacle,lowvig,betonlineag,draftkings,fanduel,betmgm,williamhill_us,fanatics,betrivers,espnbet",60
beb1e00525129bd870a85b6aaba69f49dabc8e0f0d9d68a64e277b4cff2b258a,americanfootball_nfl,945286798abb5081432aef109df29778,2025-12-20T18:00:00Z,"player_pass_yds,player_rush_yds,player_reception_yds,player_receptions,player_kicking_points,player_field_goals","pinnacle,lowvig,betonlineag,draftkings,fanduel,betmgm,williamhill_us,fanatics,betrivers,espnbet",60
dd2505d7aea2cc99786e30c9e88510e0594c26e854bc30aa8704f0e1223a0d33,americanfootball_nfl,d056f31082bdea4d018a26ba274b8430,2025-12-20T18:00:00Z,"player_pass_yds,player_rush_yds,player_reception_yds,player_receptions,player_kicking_points,player_field_goals","pinnacle,lowvig,betonlineag,draftkings,fanduel,betmgm,williamhill_us,fanatics,betrivers,espnbet",60
e16e7fe056ce283d09aa0673d2ecddecb58b7e30359740a3276ac294011c1b25,americanfootball_nfl,0cce34b9a49c4c6bdc1e65449e37a0f9,2025-12-20T18:00:00Z,"player_pass_yds,player_rush_yds,player_reception_yds,player_receptions,player_kicking_points,player_field_goals","pinnacle,lowvig,betonlineag,draftkings,fanduel,betmgm,williamhill_us,fanatics,betrivers,espnbet",60
43b4e5c848afbd9000c23d61f87fc8c127a43e1b85167c9af34faaec53b9fb50,americanfootball_nfl,93c002f0a42d1b57f3bbabdcfe24ab97,2025-12-20T21:05:00Z,"player_pass_yds,player_rush_yds,player_reception_yds,player_receptions,player_kicking_points,player_field_goals","pinnacle,lowvig,betonlineag,draftkings,fanduel,betmgm,williamhill_us,fanatics,betrivers,espnbet",60
5f3d9db251b0ccd415f9a46a037ccde274aa18740200228880efda3f6415fde9,americanfootball_nfl,7d71a0d3cc2a04eb35f1a725104217b5,2025-12-20T21:05:00Z,"player_pass_yds,player_rush_yds,player_reception_yds,player_receptions,player_kicking_points,player_field_goals","pinnacle,lowvig,betonlineag,draftkings,fanduel,betmgm,williamhill_us,fanatics,betrivers,espnbet",60
8687756a6c877a8e2d67ab540145347ae9c5f74331ddffbd42f46e51edc12b96,americanfootball_nfl,a03f89d3aaadf737deb09be24986d5bf,2025-12-20T21:25:00Z,"player_pass_yds,player_rush_yds,player_reception_yds,player_receptions,player_kicking_points,player_field_goals","pinnacle,lowvig,betonlineag,draftkings,fanduel,betmgm,williamhill_us,fanatics,betrivers,espnbet",60
f5b34a7f38014ea83237952e3e313861dddbc0b7811c33b40ea7203ab909b39a,americanfootball_nfl,47a54fb60f7b79179bc80e18a7c5de81,2025-12-20T21:25:00Z,"player_pass_yds,player_rush_yds,player_reception_yds,player_receptions,player_kicking_points,player_field_goals","pinnacle,lowvig,betonlineag,draftkings,fanduel,betmgm,williamhill_us,fanatics,betrivers,espnbet",60
39e666be30d64ab320ac8f214b4462910fb95c53fb79492180b66e1a976db44d,americanfootball_nfl,18fe4528a0bc43d9cd64bd09c0d5019f,2025-12-20T21:50:00Z,"player_pass_yds,player_rush_yds,player_reception_yds,player_receptions,player_kicking_points,player_field_goals","pinnacle,lowvig,betonlineag,draftkings,fanduel,betmgm,williamhill_us,fanatics,betrivers,espnbet",60
403848512ffa09cdbc7446ceabe5a5d262c0559a98c7f361e5a247e75caa091b,americanfootball_nfl,9f70d98bc6918dc8e21f329405b649fe,2025-12-21T01:10:00Z,"player_pass_yds,player_rush_yds,player_reception_yds,player_receptions,player_kicking_points,player_field_goals","pinnacle,lowvig,betonlineag,draftkings,fanduel,betmgm,williamhill_us,fanatics,betrivers,espnbet",60
0f65cdd7ccc1aac2060af99337c563df7ea949b8c6c30693ddf53b5f6fab345d,americanfootball_nfl,a0476b027679a1670f21e8b75a860ab9,2025-12-21T01:20:00Z,"player_pass_yds,player_rush_yds,player_reception_yds,player_receptions,player_kicking_points,player_field_goals","pinnacle,lowvig,betonlineag,draftkings,fanduel,betmgm,williamhill_us,fanatics,betrivers,espnbet",60
0a1f629fff38e168161ac99dfe157db1306060238513830af54e4d03ac0eaa00,americanfootball_nfl,2557976e0e66ab698539b543de125469,2025-12-21T17:50:00Z,"player_pass_yds,player_rush_yds,player_reception_yds,player_receptions,player_kicking_points,player_field_goals","pinnacle,lowvig,betonlineag,draftkings,fanduel,betmgm,williamhill_us,fanatics,betrivers,espnbet",60
3ce4cad7bf7dc5d4882833c2131bdcfe3db857e4a6907f89568d4f3fb0f921d7,americanfootball_nfl,aa5b25e85d1ad6540d7a5ae04b73ddfd,2025-12-21T17:50:00Z,"player_pass_yds,player_rush_yds,player_reception_yds,player_receptions,player_kicking_points,player_field_goals","pinnacle,lowvig,betonlineag,draftkings,fanduel,betmgm,williamhill_us,fanatics,betrivers,espnbet",60
42f09941d52727d2a889d386a375cc578a3df98a0773ab600efb480e281cfc30,americanfootball_nfl,0cce34b9a49c4c6bdc1e65449e37a0f9,2025-12-21T17:50:00Z,"player_pass_yds,player_rush_yds,player_reception_yds,player_receptions,player_kicking_points,player_field_goals","pinnacle,lowvig,betonlineag,draftkings,fanduel,betmgm,williamhill_us,fanatics,betrivers,espnbet",60
4b3e175f893dbb7bcbc371cd27cfaf2a693dde6652f772e2bd76e6c11f39817b,americanfootball_nfl,d056f31082bdea4d018a26ba274b8430,2025-12-21T17:50:00Z,"player_pass_yds,player_rush_yds,player_reception_yds,player_receptions,player_kicking_points,player_field_goals","pinnacle,lowvig,betonlineag,draftkings,fanduel,betmgm,williamhill_us,fanatics,betrivers,espnbet",60
89384a3272932b75fb13e3082b630a3768132e88aa3deb4e9c35acf2136ebe52,americanfootball_nfl,945286798abb5081432aef109df29778,2025-12-21T17:50:00Z,"player_pass_yds,player_rush_yds,player_reception_yds,player_receptions,player_kicking_points,player_field_goals","pinnacle,lowvig,betonlineag,draftkings,fanduel,betmgm,williamhill_us,fanatics,betrivers,espnbet",60
f87c1be53ad820e6302e467c5901fefa960cc5da75bdaa3bcd145e54797d5d3f,americanfootball_nfl,3db6ba91d2a72ada8843d5a0517bff27,2025-12-21T17:50:00Z,"player_pass_yds,player_rush_yds,player_reception_yds,player_receptions,player_kicking_points,player_field_goals","pinnacle,lowvig,betonlineag,draftkings,fanduel,betmgm,williamhill_us,fanatics,betrivers,espnbet",60
fdda6830f007193aaf76a89086763a480c24b6c3a305674c545f24490c77671e,americanfootball_nfl,aa9d0cf732b6adde4ad3ec04ca79825c,2025-12-21T17:50:00Z,"player_pass_yds,player_rush_yds,player_reception_yds,player_receptions,player_kicking_points,player_field_goals","pinnacle,lowvig,betonlineag,draftkings,fanduel,betmgm,williamhill_us,fanatics,betrivers,espnbet",60
277589ad4ed3528c633f97013a351762570fdae8920311a164203eda386d923d,americanfootball_nfl,7d71a0d3cc2a04eb35f1a725104217b5,2025-12-21T20:55:00Z,"player_pass_yds,player_rush_yds,player_reception_yds,player_receptions,player_kicking_points,player_field_goals","pinnacle,lowvig,betonlineag,draftkings,fanduel,betmgm,williamhill_us,fanatics,betrivers,espnbet",60
42f60875eb40e380e4c11caf35f7393dd3b1314662e6be6e26724023783d936b,americanfootball_nfl,93c002f0a42d1b57f3bbabdcfe24ab97,2025-12-21T20:55:00Z,"player_pass_yds,player_rush_yds,player_reception_yds,player_receptions,player_kicking_points,player_field_goals","pinnacle,lowvig,betonlineag,draftkings,fanduel,betmgm,williamhill_us,fanatics,betrivers,espnbet",60
258f90fd914fd628049424c66c8d670ee99d95233b1f550f9042ce8f23816a65,americanfootball_nfl,47a54fb60f7b79179bc80e18a7c5de81,2025-12-21T21:15:00Z,"player_pass_yds,player_rush_yds,player_reception_yds,player_receptions,player_kicking_points,player_field_goals","pinnacle,lowvig,betonlineag,draftkings,fanduel,betmgm,williamhill_us,fanatics,betrivers,espnbet",60
7e62b018431d32a1563177a1992e054e55b121414d7b40f0f2aa1edf69003f74,americanfootball_nfl,a03f89d3aaadf737deb09be24986d5bf,2025-12-21T21:15:00Z,"player_pass_yds,player_rush_yds,player_reception_yds,player_receptions,player_kicking_points,player_field_goals","pinnacle,lowvig,betonlineag,draftkings,fanduel,betmgm,williamhill_us,fanatics,betrivers,espnbet",60
5d4d100b0a68643b2c3ab7e533f81649caaf5a536dea45b9ad9e05a215e916b2,americanfootball_nfl,a0476b027679a1670f21e8b75a860ab9,2025-12-22T01:10:00Z,"player_pass_yds,player_rush_yds,player_reception_yds,player_receptions,player_kicking_points,player_field_goals","pinnacle,lowvig,betonlineag,draftkings,fanduel,betmgm,williamhill_us,fanatics,betrivers,espnbet",60
e111ffc4859791433ede77dc34367caa26e9fea415beb3e9f0f478eb2d0775ec,americanfootball_nfl,2dd4521ee298fa2c6f0ab009c182aae9,2025-12-22T01:15:00Z,"player_pass_yds,player_rush_yds,player_reception_yds,player_receptions,player_kicking_points,player_field_goals","pinnacle,lowvig,betonlineag,draftkings,fanduel,betmgm,williamhill_us,fanatics,betrivers,espnbet",60
c4d4a978151c16aa88b6240de83be25f46ae40b96cc5dc30366165051cfc505c,americanfootball_nfl,2dd4521ee298fa2c6f0ab009c182aae9,2025-12-23T01:05:00Z,"player_pass_yds,player_rush_yds,player_reception_yds,player_receptions,player_kicking_points,player_field_goals","pinnacle,lowvig,betonlineag,draftkings,fanduel,betmgm,williamhill_us,fanatics,betrivers,espnbet",60
85ec9989ba426b11cf31e944ee7f038851047a1e755e39aff8104ee4ea0dddcc,americanfootball_nfl,de07002921b9b2b2e1ee2928e4270a3c,2025-12-24T18:00:00Z,"player_pass_yds,player_rush_yds,player_reception_yds,player_receptions,player_kicking_points,player_field_goals","pinnacle,lowvig,betonlineag,draftkings,fanduel,betmgm,williamhill_us,fanatics,betrivers,espnbet",60
66dcfd7f5b08bf355a54a2f4963fd0ee25ccdda663169ba4a2c4062d19756013,americanfootball_nfl,29da148b927afea00a7774b2a8ee68e7,2025-12-24T21:30:00Z,"player_pass_yds,player_rush_yds,player_reception_yds,player_receptions,player_kicking_points,player_field_goals","pinnacle,lowvig,betonlineag,draftkings,fanduel,betmgm,williamhill_us,fanatics,betrivers,espnbet",60
084b30e43aa9db9f55edc822075d5524afb94f8205cd361886bf0c32285c171b,americanfootball_nfl,29164a99a917051c6e1778270033d362,2025-12-25T01:15:00Z,"player_pass_yds,player_rush_yds,player_reception_yds,player_receptions,player_kicking_points,player_field_goals","pinnacle,lowvig,betonlineag,draftkings,fanduel,betmgm,williamhill_us,fanatics,betrivers,espnbet",60
7995f0882736740c5bfa24c006b0f3d356b98425cbdd448e0ca9fbcb85079f83,americanfootball_nfl,de07002921b9b2b2e1ee2928e4270a3c,2025-12-25T17:50:00Z,"player_pass_yds,player_rush_yds,player_reception_yds,player_receptions,player_kicking_points,player_field_goals","pinnacle,lowvig,betonlineag,draftkings,fanduel,betmgm,williamhill_us,fanatics,betrivers,espnbet",60
8dfc12fcf27fe45d9325c21b857a145430cf6a964bde9007de61c0f1dc7d2edd,americanfootball_nfl,29da148b927afea00a7774b2a8ee68e7,2025-12-25T21:20:00Z,"player_pass_yds,player_rush_yds,player_reception_yds,player_receptions,player_kicking_points,player_field_goals","pinnacle,lowvig,betonlineag,draftkings,fanduel,betmgm,williamhill_us,fanatics,betrivers,espnbet",60
31a9e5ba575562ab1daa21a7951ecca3640fe55b3eb7efcf7bf8e91f3487a023,americanfootball_nfl,29164a99a917051c6e1778270033d362,2025-12-26T01:05:00Z,"player_pass_yds,player_rush_yds,player_reception_yds,player_receptions,player_kicking_points,player_field_goals","pinnacle,lowvig,betonlineag,draftkings,fanduel,betmgm,williamhill_us,fanatics,betrivers,espnbet",60
9a16e142a72f3058cbdf45ee36a34b6b5259e809cbafe2d61c3768cb4b3dc148,americanfootball_nfl,832c36c4b6d5132e88cf11391797c194,2025-12-26T21:30:00Z,"player_pass_yds,player_rush_yds,player_reception_yds,player_receptions,player_kicking_points,player_field_goals","pinnacle,lowvig,betonlineag,draftkings,fanduel,betmgm,williamhill_us,fanatics,betrivers,espnbet",60
f3b1a9e129566bd4103010245b2502bdb68e7017511d01c52ff7dbeebb84acc7,americanfootball_nfl,85bead6a72a1952cdd737dcecb55446b,2025-12-27T01:00:00Z,"player_pass_yds,player_rush_yds,player_reception_yds,player_receptions,player_kicking_points,player_field_goals","pinnacle,lowvig,betonlineag,draftkings,fanduel,betmgm,williamhill_us,fanatics,betrivers,espnbet",60
21aa024030e9b0e6a24b500402782b391ee9dafc126e647ffdfb09ec688c9b87,americanfootball_nfl,f960b282ac197513c9d80bd28baa7e38,2025-12-27T18:00:00Z,"player_pass_yds,player_rush_yds,player_reception_yds,player_receptions,player_kicking_points,player_field_goals","pinnacle,lowvig,betonlineag,draftkings,fanduel,betmgm,williamhill_us,fanatics,betrivers,espnbet",60
2a196e930c934388f0f3c3b550c45ef09b28f52eab1cd8a56503c2d081060d0c,americanfootball_nfl,95bdb9f5b22f0491bfba1381637c5009,2025-12-27T18:00:00Z,"player_pass_yds,player_rush_yds,player_reception_yds,player_receptions,player_kicking_points,player_field_goals","pinnacle,lowvig,betonlineag,draftkings,fanduel,betmgm,williamhill_us,fanatics,betrivers,espnbet",60
4d5a839e4c86959a38465797762958d703382f0ef6ccc9ccbd01efaf1d022af5,americanfootball_nfl,8e7a26b4026e4eca7394cc523fa10a64,2025-12-27T18:00:00Z,"player_pass_yds,player_rush_yds,player_reception_yds,player_receptions,player_kicking_points,player_field_goals","pinnacle,lowvig,betonlineag,draftkings,fanduel,betmgm,williamhill_us,fanatics,betrivers,espnbet",60
75db426fed874db281e8328a86e9c87b2ef2e5755d0c9b934eef2fa70cea3fa2,americanfootball_nfl,e6721ef0adb705a8abcbedc2ef6dfb3a,2025-12-27T18:00:00Z,"player_pass_yds,player_rush_yds,player_reception_yds,player_receptions,player_kicking_points,player_field_goals","pinnacle,lowvig,betonlineag,draftkings,fanduel,betmgm,williamhill_us,fanatics,betrivers,espnbet",60
be363ca1892040a2c8ee7bdf304af0f63117b63e71f72f87858082ee1bc8db2b,americanfootball_nfl,7aeff5d5bb88b218c7d72f267a90eb7f,2025-12-27T18:00:00Z,"player_pass_yds,player_rush_yds,player_reception_yds,player_receptions,player_kicking_points,player_field_goals","pinnacle,lowvig,betonlineag,draftkings,fanduel,betmgm,williamhill_us,fanatics,betrivers,espnbet",60
c937ba800cc1115ce5c20e12f688ec8e3f6534b108693ff26030c959b2e44e5a,americanfootball_nfl,d75c88e4fb7650ab0577264980bdf98f,2025-12-27T18:00:00Z,"player_pass_yds,player_rush_yds,player_reception_yds,player_receptions,player_kicking_points,player_field_goals","pinnacle,lowvig,betonlineag,draftkings,fanduel,betmgm,williamhill_us,fanatics,betrivers,espnbet",60
d69b7e190a309af34cea409429c30a665c95b69f61ab248d3b17d1c5a305c31c,americanfootball_nfl,374166780155b8c14e867face95885ee,2025-12-27T18:00:00Z,"player_pass_yds,player_rush_yds,player_reception_yds,player_receptions,player_kicking_points,player_field_goals","pinnacle,lowvig,betonlineag,draftkings,fanduel,betmgm,williamhill_us,fanatics,betrivers,espnbet",60
aecbb01264944c7a4b88276748680283d2f526a05358eacfc0d9611af3e7fce8,americanfootball_nfl,dd4aec72c5175cb8cea67d5edc7b1990,2025-12-27T21:05:00Z,"player_pass_yds,player_rush_yds,player_reception_yds,player_receptions,player_kicking_points,player_field_goals","pinnacle,lowvig,betonlineag,draftkings,fanduel,betmgm,williamhill_us,fanatics,betrivers,espnbet",60
f2a0bb954f1957549d9a43688b76ad043ceb13650ca11a9b8c23461180ab3189,americanfootball_nfl,832c36c4b6d5132e88cf11391797c194,2025-12-27T21:20:00Z,"player_pass_yds,player_rush_yds,player_reception_yds,player_receptions,player_kicking_points,player_field_goals","pinnacle,lowvig,betonlineag,draftkings,fanduel,betmgm,williamhill_us,fanatics,betrivers,espnbet",60
004617681efbdcf8652d879037b3773bb15f7189bcf99d4ba8e20f957572ecb5,americanfootball_nfl,596df6f5735277fee0cd78e61cd71060,2025-12-27T21:25:00Z,"player_pass_yds,player_rush_yds,player_reception_yds,player_receptions,player_kicking_points,player_field_goals","pinnacle,lowvig,betonlineag,draftkings,fanduel,betmgm,williamhill_us,fanatics,betrivers,espnbet",60
44c6673b8a57e58acb832595c462abb85eb0128af9731d2d00365823a46bff66,americanfootball_nfl,85bead6a72a1952cdd737dcecb55446b,2025-12-28T00:50:00Z,"player_pass_yds,player_rush_yds,player_reception_yds,player_receptions,player_kicking_points,player_field_goals","pinnacle,lowvig,betonlineag,draftkings,fanduel,betmgm,williamhill_us,fanatics,betrivers,espnbet",60
12070aa460c8a716c15d4e20d71c38acf267a6bc5ef41083d616697a5870cddb,americanfootball_nfl,b0dedebd28a82f8f38398033356e9015,2025-12-28T01:20:00Z,"player_pass_yds,player_rush_yds,player_reception_yds,player_receptions,player_kicking_points,player_field_goals","pinnacle,lowvig,betonlineag,draftkings,fanduel,betmgm,williamhill_us,fanatics,betrivers,espnbet",60
49dbd3dc9a25f7567d2f22ad4440f20744448916f9ce915e1f65975d3b367d0d,americanfootball_nfl,e6721ef0adb705a8abcbedc2ef6dfb3a,2025-12-28T17:50:00Z,"player_pass_yds,player_rush_yds,player_reception_yds,player_receptions,player_kicking_points,player_field_goals","pinnacle,lowvig,betonlineag,draftkings,fanduel,betmgm,williamhill_us,fanatics,betrivers,espnbet",60
555aaa1ecfe006ef2f93027af716315fe89c746f372433dcfa92681c3ba257dd,americanfootball_nfl,f960b282ac197513c9d80bd28baa7e38,2025-12-28T17:50:00Z,"player_pass_yds,player_rush_yds,player_reception_yds,player_receptions,player_kicking_points,player_field_goals","pinnacle,lowvig,betonlineag,draftkings,fanduel,betmgm,williamhill_us,fanatics,betrivers,espnbet",60
72ec8fed0dcdaecfd7cb685f164ff2af350a679b6577ec5069215bdddc01096b,americanfootball_nfl,d75c88e4fb7650ab0577264980bdf98f,2025-12-28T17:50:00Z,"player_pass_yds,player_rush_yds,player_reception_yds,player_receptions,player_kicking_points,player_field_goals","pinnacle,lowvig,betonlineag,draftkings,fanduel,betmgm,williamhill_us,fanatics,betrivers,espnbet",60
bb87a66e9e2958a28ff227212d6d7dc7aeaa6f3eed52d0f36a1bb7294e1bc63b,americanfootball_nfl,374166780155b8c14e867face95885ee,2025-12-28T17:50:00Z,"player_pass_yds,player_rush_yds,player_reception_yds,player_receptions,player_kicking_points,player_field_goals","pinnacle,lowvig,betonlineag,draftkings,fanduel,betmgm,williamhill_us,fanatics,betrivers,espnbet",60
beaf1a7559b41e4e809758bceb3dcc02c45d1cfea7ed48b99a06c02e65067f19,americanfootball_nfl,8e7a26b4026e4eca7394cc523fa10a64,2025-12-28T17:50:00Z,"player_pass_yds,player_rush_yds,player_reception_yds,player_receptions,player_kicking_points,player_field_goals","pinnacle,lowvig,betonlineag,draftkings,fanduel,betmgm,williamhill_us,fanatics,betrivers,espnbet",60
c12b4f81c87822c39d6a9b84b872b5a3df44d9b7def6d9905c8d01175adf739a,americanfootball_nfl,95bdb9f5b22f0491bfba1381637c5009,2025-12-28T17:50:00Z,"player_pass_yds,player_rush_yds,player_reception_yds,player_receptions,player_kicking_points,player_field_goals","pinnacle,lowvig,betonlineag,draftkings,fanduel,betmgm,williamhill_us,fanatics,betrivers,espnbet",60
f0839c10a7b2616676ccb29713b7c8597e729cae1785b367b26d1767956b0b22,americanfootball_nfl,7aeff5d5bb88b218c7d72f267a90eb7f,2025-12-28T17:50:00Z,"player_pass_yds,player_rush_yds,player_reception_yds,player_receptions,player_kicking_points,player_field_goals","pinnacle,lowvig,betonlineag,draftkings,fanduel,betmgm,williamhill_us,fanatics,betrivers,espnbet",60
0240d9f8f4d84bd9108df196f09a351309d7bcf6bc3cb8c115daab55cead10b0,americanfootball_nfl,dd4aec72c5175cb8cea67d5edc7b1990,2025-12-28T20:55:00Z,"player_pass_yds,player_rush_yds,player_reception_yds,player_receptions,player_kicking_points,player_field_goals","pinnacle,lowvig,betonlineag,draftkings,fanduel,betmgm,williamhill_us,fanatics,betrivers,espnbet",60
a878988df4fdb6bc195b7a9be3c99d8a86c376f02c4a5660f4c6b918aad7dce6,americanfootball_nfl,596df6f5735277fee0cd78e61cd71060,2025-12-28T21:15:00Z,"player_pass_yds,player_rush_yds,player_reception_yds,player_receptions,player_kicking_points,player_field_goals","pinnacle,lowvig,betonlineag,draftkings,fanduel,betmgm,williamhill_us,fanatics,betrivers,espnbet",60
c1721a1e5d6049ac4a6411c40d7e1d7684b378b973566d9a133aa25f0fa6125e,americanfootball_nfl,b0dedebd28a82f8f38398033356e9015,2025-12-29T01:10:00Z,"player_pass_yds,player_rush_yds,player_reception_yds,player_receptions,player_kicking_points,player_field_goals","pinnacle,lowvig,betonlineag,draftkings,fanduel,betmgm,williamhill_us,fanatics,betrivers,espnbet",60
14e03dd54b1b04c3fb7aa2bfc2fb5b445aed56486606546efbd3abfceadd29c8,americanfootball_nfl,ea5fe5f603483c8d46f83081cf780397,2025-12-29T01:15:00Z,"player_pass_yds,player_rush_yds,player_reception_yds,player_receptions,player_kicking_points,player_field_goals","pinnacle,lowvig,betonlineag,draftkings,fanduel,betmgm,williamhill_us,fanatics,betrivers,espnbet",60
a80c00508d8465f2bba69ecc33b7806d4db3cf9676f23135ea82c80ca0044007,americanfootball_nfl,ea5fe5f603483c8d46f83081cf780397,2025-12-30T01:05:00Z,"player_pass_yds,player_rush_yds,player_reception_yds,player_receptions,player_kicking_points,player_field_goals","pinnacle,lowvig,betonlineag,draftkings,fanduel,betmgm,williamhill_us,fanatics,betrivers,espnbet",60
fdd9ca5c5d18abb39b862bf70b229170fe63c43bf27f7006248e99674bb9ce17,americanfootball_nfl,4fd1173e2f647cbbebf6713d39693089,2026-01-02T21:30:00Z,"player_pass_yds,player_rush_yds,player_reception_yds,player_receptions,player_kicking_points,player_field_goals","pinnacle,lowvig,betonlineag,draftkings,fanduel,betmgm,williamhill_us,fanatics,betrivers,espnbet",60
f404d72ec2cb2d9e9237a214ba00ad1832a6548b7d2dd6fecc8ed7020dace6f7,americanfootball_nfl,c624c615075899bb7be6a39e5eea3b2b,2026-01-03T01:00:00Z,"player_pass_yds,player_rush_yds,player_reception_yds,player_receptions,player_kicking_points,player_field_goals","pinnacle,lowvig,betonlineag,draftkings,fanduel,betmgm,williamhill_us,fanatics,betrivers,espnbet",60
4e892ead716460a6914e05fb16e32cb27d8823832ca536a8ecc63d10fdf392e2,americanfootball_nfl,dad5ec44b4df2b91138872aeb4454e1e,2026-01-03T18:00:00Z,"player_pass_yds,player_rush_yds,player_reception_yds,player_receptions,player_kicking_points,player_field_goals","pinnacle,lowvig,betonlineag,draftkings,fanduel,betmgm,williamhill_us,fanatics,betrivers,espnbet",60
6c0943e9dd10159d2ce4c07a4381fbae0f2475644a899b0236abc4e7c4c4264b,americanfootball_nfl,d48a44e7b45f563282fd042c2104da9b,2026-01-03T18:00:00Z,"player_pass_yds,player_rush_yds,player_reception_yds,player_receptions,player_kicking_points,player_field_goals","pinnacle,lowvig,betonlineag,draftkings,fanduel,betmgm,williamhill_us,fanatics,betrivers,espnbet",60
7f7f4adb4e488a05655d70c3b7d680b0c8cea23f8ac13283ffef63df6b87fe4a,americanfootball_nfl,623e9172767ca231241e2313bbee095e,2026-01-03T18:00:00Z,"player_pass_yds,player_rush_yds,player_reception_yds,player_receptions,player_kicking_points,player_field_goals","pinnacle,lowvig,betonlineag,draftkings,fanduel,betmgm,williamhill_us,fanatics,betrivers,espnbet",60
9b27f87429ed183967ebe53d33e6d9a3de66bee5aaa9435e4a2d3814309b108e,americanfootball_nfl,7906052ca20e6daddf755c7fe3932887,2026-01-03T18:00:00Z,"player_pass_yds,player_rush_yds,player_reception_yds,player_receptions,player_kicking_points,player_field_goals","pinnacle,lowvig,betonlineag,draftkings,fanduel,betmgm,williamhill_us,fanatics,betrivers,espnbet",60
da3b6909f2e2566f46fb292ddd495f2653601606c065dea7d7ac8f1c08e48b99,americanfootball_nfl,26b8cf55eeac1bb05b585132f7dcc0e3,2026-01-03T18:00:00Z,"player_pass_yds,player_rush_yds,player_reception_yds,player_receptions,player_kicking_points,player_field_goals","pinnacle,lowvig,betonlineag,draftkings,fanduel,betmgm,williamhill_us,fanatics,betrivers,espnbet",60
f351b6955e113c228169223bf676798fac7ba341d2cd55f5d480b4f4729e4298,americanfootball_nfl,41fc7f3165cc9dfdb47c25a9decd7c9b,2026-01-03T18:00:00Z,"player_pass_yds,player_rush_yds,player_reception_yds,player_receptions,player_kicking_points,player_field_goals","pinnacle,lowvig,betonlineag,draftkings,fanduel,betmgm,williamhill_us,fanatics,betrivers,espnbet",60
28abd4b7c7013a1a7690c2fd3f6967abfc9d473c64bc9dad87ff2cda5ba9432b,americanfootball_nfl,4fd1173e2f647cbbebf6713d39693089,2026-01-03T21:20:00Z,"player_pass_yds,player_rush_yds,player_reception_yds,player_receptions,player_kicking_points,player_field_goals","pinnacle,lowvig,betonlineag,draftkings,fanduel,betmgm,williamhill_us,fanatics,betrivers,espnbet",60
048c8d4e686be075441284b35a2d2822fa1000a656bfe10d53b495429d82f68f,americanfootball_nfl,d242576b25f56b3f598044c9abfb4df0,2026-01-03T21:25:00Z,"player_pass_yds,player_rush_yds,player_reception_yds,player_receptions,player_kicking_points,player_field_goals","pinnacle,lowvig,betonlineag,draftkings,fanduel,betmgm,williamhill_us,fanatics,betrivers,espnbet",60
1a2acba8596ca0a74130a1959f3d5dd55bbd5b04ea15fcebf84c926400a9d182,americanfootball_nfl,2f4cf01e2db22ed928eb8f0357a74007,2026-01-03T21:25:00Z,"player_pass_yds,player_rush_yds,player_reception_yds,player_receptions,player_kicking_points,player_field_goals","pinnacle,lowvig,betonlineag,draftkings,fanduel,betmgm,williamhill_us,fanatics,betrivers,espnbet",60
2ba9f07daf18e42198e9968069bdcc141be032b70e7b2c883b06e27aecd084df,americanfootball_nfl,de4ae000f7f94eecf9d827eabff2991b,2026-01-03T21:25:00Z,"player_pass_yds,player_rush_yds,player_reception_yds,player_receptions,player_kicking_points,player_field_goals","pinnacle,lowvig,betonlineag,draftkings,fanduel,betmgm,williamhill_us,fanatics,betrivers,espnbet",60
3746a3219f89d82ae7ff72d86a71c0d17e005038087a7a0054cf4c2362ec7e61,americanfootball_nfl,30621f6a1072712bee795c15eafe9768,2026-01-03T21:25:00Z,"player_pass_yds,player_rush_yds,player_reception_yds,player_receptions,player_kicking_points,player_field_goals","pinnacle,lowvig,betonlineag,draftkings,fanduel,betmgm,williamhill_us,fanatics,betrivers,espnbet",60
ad906965fdee4ad25b5b7bdcd04b65253dc2fedf3ecd346169b4911670fdedfd,americanfootball_nfl,b6eb23d78a4e1b3bf9946be7cfac0e6b,2026-01-03T21:25:00Z,"player_pass_yds,player_rush_yds,player_reception_yds,player_receptions,player_kicking_points,player_field_goals","pinnacle,lowvig,betonlineag,draftkings,fanduel,betmgm,williamhill_us,fanatics,betrivers,espnbet",60
cb578b1820b62c46193122605c552272704ff03cf490386b5812fc3fe708efd5,americanfootball_nfl,bd5134e8440a2b12cc8ac98ab4f18093,2026-01-03T21:25:00Z,"player_pass_yds,player_rush_yds,player_reception_yds,player_receptions,player_kicking_points,player_field_goals","pinnacle,lowvig,betonlineag,draftkings,fanduel,betmgm,williamhill_us,fanatics,betrivers,espnbet",60
d8fe894fd1cd0141223e90df1fc953b068cdd80340b80f008efa31306e9b4caa,americanfootball_nfl,1a5451b8f0d74f90937c52bec447dc40,2026-01-03T21:25:00Z,"player_pass_yds,player_rush_yds,player_reception_yds,player_receptions,player_kicking_points,player_field_goals","pinnacle,lowvig,betonlineag,draftkings,fanduel,betmgm,williamhill_us,fanatics,betrivers,espnbet",60
95f3502a4fbe8dddbf2ef83fe055e028811db1654c94e65828d7153a1e72d798,americanfootball_nfl,c624c615075899bb7be6a39e5eea3b2b,2026-01-04T00:50:00Z,"player_pass_yds,player_rush_yds,player_reception_yds,player_receptions,player_kicking_points,player_field_goals","pinnacle,lowvig,betonlineag,draftkings,fanduel,betmgm,williamhill_us,fanatics,betrivers,espnbet",60
da3560a2f1f1e69cedeb026950996b58935148447b570bd39b94fbe13e82b8e8,americanfootball_nfl,f609b38fe2bf0687644ad8603e28220b,2026-01-04T01:20:00Z,"player_pass_yds,player_rush_yds,player_reception_yds,player_receptions,player_kicking_points,player_field_goals","pinnacle,lowvig,betonlineag,draftkings,fanduel,betmgm,williamhill_us,fanatics,betrivers,espnbet",60
0401f8db13b72fe39a23aa3fc3778b025476dae1afb4f7e73c28cb9ef1d461a4,americanfootball_nfl,dad5ec44b4df2b91138872aeb4454e1e,2026-01-04T17:50:00Z,"player_pass_yds,player_rush_yds,player_reception_yds,player_receptions,player_kicking_points,player_field_goals","pinnacle,lowvig,betonlineag,draftkings,fanduel,betmgm,williamhill_us,fanatics,betrivers,espnbet",60
180795e6913ff3ebed60b67f6966cf5d6dc0c0ba76c0703668dddb630d2b9af1,americanfootball_nfl,623e9172767ca231241e2313bbee095e,2026-01-04T17:50:00Z,"player_pass_yds,player_rush_yds,player_reception_yds,player_receptions,player_kicking_points,player_field_goals","pinnacle,lowvig,betonlineag,draftkings,fanduel,betmgm,williamhill_us,fanatics,betrivers,espnbet",60
2e2ff3deac8b1b97b3fce4866e409ed47f61bd580e45589c8dcf1d0f722f1948,americanfootball_nfl,41fc7f3165cc9dfdb47c25a9decd7c9b,2026-01-04T17:50:00Z,"player_pass_yds,player_rush_yds,player_reception_yds,player_receptions,player_kicking_points,player_field_goals","pinnacle,lowvig,betonlineag,draftkings,fanduel,betmgm,williamhill_us,fanatics,betrivers,espnbet",60
57257a1a3fddb926bb0ebb6a2040b23447efb6597bc41cef855fad4cc9fc043d,americanfootball_nfl,26b8cf55eeac1bb05b585132f7dcc0e3,2026-01-04T17:50:00Z,"player_pass_yds,player_rush_yds,player_reception_yds,player_receptions,player_kicking_points,player_field_goals","pinnacle,lowvig,betonlineag,draftkings,fanduel,betmgm,williamhill_us,fanatics,betrivers,espnbet",60
8ac7b08c80a4130b303000215821351082cb7f40d5b8f6b8721dfb4f9f958641,americanfootball_nfl,d48a44e7b45f563282fd042c2104da9b,2026-01-04T17:50:00Z,"player_pass_yds,player_rush_yds,player_reception_yds,player_receptions,player_kicking_points,player_field_goals","pinnacle,lowvig,betonlineag,draftkings,fanduel,betmgm,williamhill_us,fanatics,betrivers,espnbet",60
8e5a7c2639c2f803e4579341fcd9456448dec51ba2a6d4ed7fef501bc097461c,americanfootball_nfl,7906052ca20e6daddf755c7fe3932887,2026-01-04T17:50:00Z,"player_pass_yds,player_rush_yds,player_reception_yds,player_receptions,player_kicking_points,player_field_goals","pinnacle,lowvig,betonlineag,draftkings,fanduel,betmgm,williamhill_us,fanatics,betrivers,espnbet",60
36265243e97afc58251f13952e7a9cad83e75592b498faca4800f85ea603c3ad,americanfootball_nfl,2f4cf01e2db22ed928eb8f0357a74007,2026-01-04T21:15:00Z,"player_pass_yds,player_rush_yds,player_reception_yds,player_receptions,player_kicking_points,player_field_goals","pinnacle,lowvig,betonlineag,draftkings,fanduel,betmgm,williamhill_us,fanatics,betrivers,espnbet",60
514c9bc904fdaad404765bb063d054014cc910a4d1e2a495e19bb11039d07fcf,americanfootball_nfl,d242576b25f56b3f598044c9abfb4df0,2026-01-04T21:15:00Z,"player_pass_yds,player_rush_yds,player_reception_yds,player_receptions,player_kicking_points,player_field_goals","pinnacle,lowvig,betonlineag,draftkings,fanduel,betmgm,williamhill_us,fanatics,betrivers,espnbet",60
5e274e2e2a5b791e788ac584380d064ba713096dc1a3681393911bb4cf529c43,americanfootball_nfl,bd5134e8440a2b12cc8ac98ab4f18093,2026-01-04T21:15:00Z,"player_pass_yds,player_rush_yds,player_reception_yds,player_receptions,player_kicking_points,player_field_goals","pinnacle,lowvig,betonlineag,draftkings,fanduel,betmgm,williamhill_us,fanatics,betrivers,espnbet",60
69c65ac3869e285b5981011ac2ac76ef367380670df1718bd0a647e3d1617af3,americanfootball_nfl,b6eb23d78a4e1b3bf9946be7cfac0e6b,2026-01-04T21:15:00Z,"player_pass_yds,player_rush_yds,player_reception_yds,player_receptions,player_kicking_points,player_field_goals","pinnacle,lowvig,betonlineag,draftkings,fanduel,betmgm,williamhill_us,fanatics,betrivers,espnbet",60
a1adbcc3d71954ac9df34894000d39cd1d82b6bff30cdb16c08bd6afc9825b9b,americanfootball_nfl,1a5451b8f0d74f90937c52bec447dc40,2026-01-04T21:15:00Z,"player_pass_yds,player_rush_yds,player_reception_yds,player_receptions,player_kicking_points,player_field_goals","pinnacle,lowvig,betonlineag,draftkings,fanduel,betmgm,williamhill_us,fanatics,betrivers,espnbet",60
ace4c8147652271a2efcd61581a02531eb435e7c4b781d186127e1637909127f,americanfootball_nfl,30621f6a1072712bee795c15eafe9768,2026-01-04T21:15:00Z,"player_pass_yds,player_rush_yds,player_reception_yds,player_receptions,player_kicking_points,player_field_goals","pinnacle,lowvig,betonlineag,draftkings,fanduel,betmgm,williamhill_us,fanatics,betrivers,espnbet",60
beee3df807e663c210f0b9a697b49e5c085d067d0f6689b5a55015550bfb34c0,americanfootball_nfl,de4ae000f7f94eecf9d827eabff2991b,2026-01-04T21:15:00Z,"player_pass_yds,player_rush_yds,player_reception_yds,player_receptions,player_kicking_points,player_field_goals","pinnacle,lowvig,betonlineag,draftkings,fanduel,betmgm,williamhill_us,fanatics,betrivers,espnbet",60
aa50cf44ff8f5064a1e1b8e1e0234dddfb050cbe86721d8aa10374970c0c830e,americanfootball_nfl,f609b38fe2bf0687644ad8603e28220b,2026-01-05T01:10:00Z,"player_pass_yds,player_rush_yds,player_reception_yds,player_receptions,player_kicking_points,player_field_goals","pinnacle,lowvig,betonlineag,draftkings,fanduel,betmgm,williamhill_us,fanatics,betrivers,espnbet",60
e3d89527d1da0e960dfb636a1f14c790d5f50caa13ad02e40a3b5a8c8a988496,americanfootball_nfl,c37a03009947c0191ab4e2de9664705a,2026-01-09T21:30:00Z,"player_pass_yds,player_rush_yds,player_reception_yds,player_receptions,player_kicking_points,player_field_goals","pinnacle,lowvig,betonlineag,draftkings,fanduel,betmgm,williamhill_us,fanatics,betrivers,espnbet",60
d8adc22a23340469e56a386a8a5920de41c00b53b8620aa9d9eb1f5dc6919f42,americanfootball_nfl,271335072b85daf0ceabb360ef75220e,2026-01-10T01:00:00Z,"player_pass_yds,player_rush_yds,player_reception_yds,player_receptions,player_kicking_points,player_field_goals","pinnacle,lowvig,betonlineag,draftkings,fanduel,betmgm,williamhill_us,fanatics,betrivers,espnbet",60
dd4b10210ed68aa3ddeaf51ec7c371619ab0c4d5c712f7537566fe4e4fb7d5bd,americanfootball_nfl,f5701bd3d1340565779bc9ccf6d0b73b,2026-01-10T18:00:00Z,"player_pass_yds,player_rush_yds,player_reception_yds,player_receptions,player_kicking_points,player_field_goals","pinnacle,lowvig,betonlineag,draftkings,fanduel,betmgm,williamhill_us,fanatics,betrivers,espnbet",60
f2fdac778255671fe4d0cb26f19265b8441fdc5a73fb34ea84bc9c2807d82b0f,americanfootball_nfl,c37a03009947c0191ab4e2de9664705a,2026-01-10T21:20:00Z,"player_pass_yds,player_rush_yds,player_reception_yds,player_receptions,player_kicking_points,player_field_goals","pinnacle,lowvig,betonlineag,draftkings,fanduel,betmgm,williamhill_us,fanatics,betrivers,espnbet",60
6d3fbc0861b9eb4957438892bd0c9586a33d32621dead53a1cea3328082f1564,americanfootball_nfl,467cba5a1b3809e6b990033dff600f48,2026-01-10T21:30:00Z,"player_pass_yds,player_rush_yds,player_reception_yds,player_receptions,player_kicking_points,player_field_goals","pinnacle,lowvig,betonlineag,draftkings,fanduel,betmgm,williamhill_us,fanatics,betrivers,espnbet",60
838d424377a5f1937bf0a9e58b99ff754c6b53386ba7ada3f59382ecb6325b62,americanfootball_nfl,271335072b85daf0ceabb360ef75220e,2026-01-11T00:50:00Z,"player_pass_yds,player_rush_yds,player_reception_yds,player_receptions,player_kicking_points,player_field_goals","pinnacle,lowvig,betonlineag,draftkings,fanduel,betmgm,williamhill_us,fanatics,betrivers,espnbet",60
f8c569ad45db8e362cb35dae198ba2442ec02b1d3e886009d6153eba09793b76,americanfootball_nfl,d48193fef08ca62ade864612a40e2a4e,2026-01-11T01:00:00Z,"player_pass_yds,player_rush_yds,player_reception_yds,player_receptions,player_kicking_points,player_field_goals","pinnacle,lowvig,betonlineag,draftkings,fanduel,betmgm,williamhill_us,fanatics,betrivers,espnbet",60
7f514ec4b432f8fb85b4f5c54c21380b8e21b846f791a67fab6dc8f043577c55,americanfootball_nfl,f5701bd3d1340565779bc9ccf6d0b73b,2026-01-11T17:50:00Z,"player_pass_yds,player_rush_yds,player_reception_yds,player_receptions,player_kicking_points,player_field_goals","pinnacle,lowvig,betonlineag,draftkings,fanduel,betmgm,williamhill_us,fanatics,betrivers,espnbet",60
2ffc28a86ed1d4a7fff072fa91d64f77f54d9aa2b1e18806f0b2b99dfd0cc78f,americanfootball_nfl,467cba5a1b3809e6b990033dff600f48,2026-01-11T21:20:00Z,"player_pass_yds,player_rush_yds,player_reception_yds,player_receptions,player_kicking_points,player_field_goals","pinnacle,lowvig,betonlineag,draftkings,fanduel,betmgm,williamhill_us,fanatics,betrivers,espnbet",60
8c1f971be6f26437bc7e08d1edad57da84285f69835ee648f5702d622dd3552a,americanfootball_nfl,d48193fef08ca62ade864612a40e2a4e,2026-01-12T00:50:00Z,"player_pass_yds,player_rush_yds,player_reception_yds,player_receptions,player_kicking_points,player_field_goals","pinnacle,lowvig,betonlineag,draftkings,fanduel,betmgm,williamhill_us,fanatics,betrivers,espnbet",60
65f8ee4d3e8d7c3ea1a586172751623cb52ea97ecbb01cce359ddc2ddda2deaf,americanfootball_nfl,932813a3782921beb4f7fecdf247865e,2026-01-12T01:00:00Z,"player_pass_yds,player_rush_yds,player_reception_yds,player_receptions,player_kicking_points,player_field_goals","pinnacle,lowvig,betonlineag,draftkings,fanduel,betmgm,williamhill_us,fanatics,betrivers,espnbet",60
1274db5841b8f34527d63afc08803cd0839870070793d88dba7fe1b6a985883c,americanfootball_nfl,932813a3782921beb4f7fecdf247865e,2026-01-13T00:50:00Z,"player_pass_yds,player_rush_yds,player_reception_yds,player_receptions,player_kicking_points,player_field_goals","pinnacle,lowvig,betonlineag,draftkings,fanduel,betmgm,williamhill_us,fanatics,betrivers,espnbet",60
89b8f12904cc66cf281962ad1659ea8bf74e9c747970a263eb54e3716be65cc2,americanfootball_nfl,ea794ebbcb7cbcaf7753c65d0f1a15c8,2026-01-16T21:30:00Z,"player_pass_yds,player_rush_yds,player_reception_yds,player_receptions,player_kicking_points,player_field_goals","pinnacle,lowvig,betonlineag,draftkings,fanduel,betmgm,williamhill_us,fanatics,betrivers,espnbet",60
955ace11efc18b78e416ef257d3d59f94cf41360c97778953be82495949df0f0,americanfootball_nfl,9161553abe07f4eadf12b071f4f6e3ac,2026-01-17T01:00:00Z,"player_pass_yds,player_rush_yds,player_reception_yds,player_receptions,player_kicking_points,player_field_goals","pinnacle,lowvig,betonlineag,draftkings,fanduel,betmgm,williamhill_us,fanatics,betrivers,espnbet",60
15dfafc983018cf8b8f1e64f8d5b4a8476655ab244b9d2a91206fc7d1968de96,americanfootball_nfl,1e7cc7c3ef7d9f4e473cb43f39652897,2026-01-17T20:00:00Z,"player_pass_yds,player_rush_yds,player_reception_yds,player_receptions,player_kicking_points,player_field_goals","pinnacle,lowvig,betonlineag,draftkings,fanduel,betmgm,williamhill_us,fanatics,betrivers,espnbet",60
b26c154c993f69d679220f784d406312068f5e53b51d6f30ee1fb8390c25da6b,americanfootball_nfl,ea794ebbcb7cbcaf7753c65d0f1a15c8,2026-01-17T21:20:00Z,"player_pass_yds,player_rush_yds,player_reception_yds,player_receptions,player_kicking_points,player_field_goals","pinnacle,lowvig,betonlineag,draftkings,fanduel,betmgm,williamhill_us,fanatics,betrivers,espnbet",60
c9c190c0229e202fe3e21b21153c855ba4315e99622528782763a8976a52f525,americanfootball_nfl,3cb03f5ff8d371b94e8b55c7e58b7a34,2026-01-17T23:30:00Z,"player_pass_yds,player_rush_yds,player_reception_yds,player_receptions,player_kicking_points,player_field_goals","pinnacle,lowvig,betonlineag,draftkings,fanduel,betmgm,williamhill_us,fanatics,betrivers,espnbet",60
7777b18f72349322fe5673f39a59382f6939e679de925a7910579fb8c48a41a7,americanfootball_nfl,9161553abe07f4eadf12b071f4f6e3ac,2026-01-18T00:50:00Z,"player_pass_yds,player_rush_yds,player_reception_yds,player_receptions,player_kicking_points,player_field_goals","pinnacle,lowvig,betonlineag,draftkings,fanduel,betmgm,williamhill_us,fanatics,betrivers,espnbet",60
205f434b46a8b0a89cadde5528d1993828b6e4025036878e3119fb97620f006f,americanfootball_nfl,1e7cc7c3ef7d9f4e473cb43f39652897,2026-01-18T19:50:00Z,"player_pass_yds,player_rush_yds,player_reception_yds,player_receptions,player_kicking_points,player_field_goals","pinnacle,lowvig,betonlineag,draftkings,fanduel,betmgm,williamhill_us,fanatics,betrivers,espnbet",60
8230eae46996d8ec39b279e1d2305f97cfbaca54daf740d3a086ca1795d3ebdf,americanfootball_nfl,3cb03f5ff8d371b94e8b55c7e58b7a34,2026-01-18T23:20:00Z,"player_pass_yds,player_rush_yds,player_reception_yds,player_receptions,player_kicking_points,player_field_goals","pinnacle,lowvig,betonlineag,draftkings,fanduel,betmgm,williamhill_us,fanatics,betrivers,espnbet",60
1ae2bef1a646af422c7fa95173e87e60d1145303d238ff46a2df2eaa2cf8ba05,americanfootball_nfl,f1d11f109fd93364e11f97623bddf652,2026-01-24T20:00:00Z,"player_pass_yds,player_rush_yds,player_reception_yds,player_receptions,player_kicking_points,player_field_goals","pinnacle,lowvig,betonlineag,draftkings,fanduel,betmgm,williamhill_us,fanatics,betrivers,espnbet",60
23edf89aa658b5ba7ad55967e17766a13924dc7f2cdbfdc1fdc727e5d7bd4344,americanfootball_nfl,4bc6eb576f5079baecce8c56689c259a,2026-01-24T23:30:00Z,"player_pass_yds,player_rush_yds,player_reception_yds,player_receptions,player_kicking_points,player_field_goals","pinnacle,lowvig,betonlineag,draftkings,fanduel,betmgm,williamhill_us,fanatics,betrivers,espnbet",60
008ec67990bb77bab71a5f88e854df2c2216d98194bf69d510f835b2cf404acf,americanfootball_nfl,f1d11f109fd93364e11f97623bddf652,2026-01-25T19:50:00Z,"player_pass_yds,player_rush_yds,player_reception_yds,player_receptions,player_kicking_points,player_field_goals","pinnacle,lowvig,betonlineag,draftkings,fanduel,betmgm,williamhill_us,fanatics,betrivers,espnbet",60
7fb17459de43d74189e201cab3c08201fae2b1df19704dcce016636310ee0533,americanfootball_nfl,4bc6eb576f5079baecce8c56689c259a,2026-01-25T23:20:00Z,"player_pass_yds,player_rush_yds,player_reception_yds,player_receptions,player_kicking_points,player_field_goals","pinnacle,lowvig,betonlineag,draftkings,fanduel,betmgm,williamhill_us,fanatics,betrivers,espnbet",60
87ed701178939dba0a4023f35b6b388087c5b61836466671fffb980f8984fcea,americanfootball_nfl,b64e3587d7a4cf01a568e7150a2a1aec,2026-02-07T23:30:00Z,"player_pass_yds,player_rush_yds,player_reception_yds,player_receptions,player_kicking_points,player_field_goals","pinnacle,lowvig,betonlineag,draftkings,fanduel,betmgm,williamhill_us,fanatics,betrivers,espnbet",60
c587329a872fcd75a894406a092906fa380d03c6b46b9afd783090b6d7a45113,americanfootball_nfl,b64e3587d7a4cf01a568e7150a2a1aec,2026-02-08T23:20:00Z,"player_pass_yds,player_rush_yds,player_reception_yds,player_receptions,player_kicking_points,player_field_goals","pinnacle,lowvig,betonlineag,draftkings,fanduel,betmgm,williamhill_us,fanatics,betrivers,espnbet",60
