request_id,requested_utc,event_id,source,max_new_credits,params_json
20281aa0b6f954a4a9ed82e9d9f82336db9ea76060b00c0702bee18d2e10c26a,2023-05-03T06:00:00Z,,oddsapi/hist_events,1,"{""date"": ""2023-05-03T06:00:00Z"", ""dateFormat"": ""iso""}"
9eaaae13b8886ff761d30236456b24039b8d249284e47df29f4537f6f8568961,2023-05-04T06:00:00Z,,oddsapi/hist_events,1,"{""date"": ""2023-05-04T06:00:00Z"", ""dateFormat"": ""iso""}"
ad9eb6735dcb4682c1db0f6495e99dccda71f38beed3d9cf858b6c659b5f894f,2023-05-05T06:00:00Z,,oddsapi/hist_events,1,"{""date"": ""2023-05-05T06:00:00Z"", ""dateFormat"": ""iso""}"
993508d1a85b8a6acd8a2ba4ed875d9590f154ff0a0be0e0f78ca9bb66807d9d,2023-05-06T06:00:00Z,,oddsapi/hist_events,1,"{""date"": ""2023-05-06T06:00:00Z"", ""dateFormat"": ""iso""}"
55d28f3eee31ff31c2292b116b8beb0056666acb4a31671ed2ad2aa79176fdab,2023-05-07T06:00:00Z,,oddsapi/hist_events,1,"{""date"": ""2023-05-07T06:00:00Z"", ""dateFormat"": ""iso""}"
078f28ac28bd22f6c8bc12afdcd93c619f0623515970b423bfb4c766c505bc2d,2023-05-08T06:00:00Z,,oddsapi/hist_events,1,"{""date"": ""2023-05-08T06:00:00Z"", ""dateFormat"": ""iso""}"
2f5cad9a0e0e8eeff397a6fabca2feddfcc6839b2cd4fdad475645a4bac2d6de,2023-05-09T06:00:00Z,,oddsapi/hist_events,1,"{""date"": ""2023-05-09T06:00:00Z"", ""dateFormat"": ""iso""}"
c15839179716189bbb51e0746b5b01c1db0c569665b8193de37936c5d782c512,2023-05-10T06:00:00Z,,oddsapi/hist_events,1,"{""date"": ""2023-05-10T06:00:00Z"", ""dateFormat"": ""iso""}"
22201f3682644b5af2d2f3cacfac2b2e21f207690e1defb3e0a58d3f50060a01,2023-05-11T06:00:00Z,,oddsapi/hist_events,1,"{""date"": ""2023-05-11T06:00:00Z"", ""dateFormat"": ""iso""}"
37bdffff0e777de9b209fbd656f8126cb39200a9c8a0d4dace4e7fb81d5a931c,2023-05-12T06:00:00Z,,oddsapi/hist_events,1,"{""date"": ""2023-05-12T06:00:00Z"", ""dateFormat"": ""iso""}"
f3ac21f3910f7b63a47a8c3ee9dfc6031c057ff7c82c079697b7a53c340cfa27,2023-05-13T06:00:00Z,,oddsapi/hist_events,1,"{""date"": ""2023-05-13T06:00:00Z"", ""dateFormat"": ""iso""}"
3a3bb4528bed0c7ebfde90e32ebc5b4adce819ab7eed2e0aa543310ac4c9c00e,2023-05-14T06:00:00Z,,oddsapi/hist_events,1,"{""date"": ""2023-05-14T06:00:00Z"", ""dateFormat"": ""iso""}"
01d5011f909e430b3dbbad9199fe86c537e3b3a478be1914aa1b29b3dffa77b3,2023-05-15T06:00:00Z,,oddsapi/hist_events,1,"{""date"": ""2023-05-15T06:00:00Z"", ""dateFormat"": ""iso""}"
90b12ac58b7561ca6b500c73aff51cdc88f840f6fde36140e4361cd39854cace,2023-05-16T06:00:00Z,,oddsapi/hist_events,1,"{""date"": ""2023-05-16T06:00:00Z"", ""dateFormat"": ""iso""}"
68f8850b6caa93a5329eba5bd9bd2ad0f6b9cd00e9a20129980116c608634266,2023-05-17T06:00:00Z,,oddsapi/hist_events,1,"{""date"": ""2023-05-17T06:00:00Z"", ""dateFormat"": ""iso""}"
8c27bba77f1a35b46c9fb0aecaf70f971955b898766a2bb6d6fb847b71ed7e43,2023-05-18T06:00:00Z,,oddsapi/hist_events,1,"{""date"": ""2023-05-18T06:00:00Z"", ""dateFormat"": ""iso""}"
00314f3ad549fdc2748c9ccee2d9e66407d00c8e8930f37cd2cfdee064be17e1,2023-05-19T06:00:00Z,,oddsapi/hist_events,1,"{""date"": ""2023-05-19T06:00:00Z"", ""dateFormat"": ""iso""}"
d52622c80915472f7b0dd64c4aae15ed729f5c829e64dc4e9529b1813fb6f185,2023-05-20T06:00:00Z,,oddsapi/hist_events,1,"{""date"": ""2023-05-20T06:00:00Z"", ""dateFormat"": ""iso""}"
b6895ef2c4a8fe167db09f65c2a8a7ec73a3c4d88a481866037974ed22101996,2023-05-21T06:00:00Z,,oddsapi/hist_events,1,"{""date"": ""2023-05-21T06:00:00Z"", ""dateFormat"": ""iso""}"
1de6a4d32f01959a3cdf04d5bae21a483c802ce2d1829229a307bb2f46ef187b,2023-05-22T06:00:00Z,,oddsapi/hist_events,1,"{""date"": ""2023-05-22T06:00:00Z"", ""dateFormat"": ""iso""}"
295e914c95605d46a23216b82a1c6e69c4f8466a405f882d4087914262f2f35f,2023-05-23T06:00:00Z,,oddsapi/hist_events,1,"{""date"": ""2023-05-23T06:00:00Z"", ""dateFormat"": ""iso""}"
b1d4fb4aa29c6f813c176a6c5669e2971c118b68112ccb11b331fe020143248d,2023-05-24T06:00:00Z,,oddsapi/hist_events,1,"{""date"": ""2023-05-24T06:00:00Z"", ""dateFormat"": ""iso""}"
cffc3fab3e73676c6fb6d1725370c7b1175e01edfe50f80eb7e09cdb52d36fa3,2023-05-25T06:00:00Z,,oddsapi/hist_events,1,"{""date"": ""2023-05-25T06:00:00Z"", ""dateFormat"": ""iso""}"
f7da8e7729c7e8f6c2e690265bb19caa26ebcb0c26f244d4cfa475de523de3c4,2023-05-26T06:00:00Z,,oddsapi/hist_events,1,"{""date"": ""2023-05-26T06:00:00Z"", ""dateFormat"": ""iso""}"
bbb5b02bea90de43253e39f44886551b115d50e2ff9a08596009827ba02a8807,2023-05-27T06:00:00Z,,oddsapi/hist_events,1,"{""date"": ""2023-05-27T06:00:00Z"", ""dateFormat"": ""iso""}"
a0dcef4431973aeb18608efadccd67f826297372cb056ef77d2bd6f3cd3363df,2023-05-28T06:00:00Z,,oddsapi/hist_events,1,"{""date"": ""2023-05-28T06:00:00Z"", ""dateFormat"": ""iso""}"
04be3cf9b3635b112f8b4ea349b1a82c2d550e125247eabdd74b6a77b5e57154,2023-05-29T06:00:00Z,,oddsapi/hist_events,1,"{""date"": ""2023-05-29T06:00:00Z"", ""dateFormat"": ""iso""}"
96967578acbdf0f049ce735ef80d2e07224a63966aa9eec91ba457b4c1acef72,2023-05-30T06:00:00Z,,oddsapi/hist_events,1,"{""date"": ""2023-05-30T06:00:00Z"", ""dateFormat"": ""iso""}"
e2b7538c0d644edeb2cc60a2a18fdc970202343b5fc11f47e9084d05bbdbcc59,2023-05-31T06:00:00Z,,oddsapi/hist_events,1,"{""date"": ""2023-05-31T06:00:00Z"", ""dateFormat"": ""iso""}"
76da6a549493fa42d1d94bf35ddaefaf8a19ee20a503f1c095cc815df64ea93c,2023-06-01T06:00:00Z,,oddsapi/hist_events,1,"{""date"": ""2023-06-01T06:00:00Z"", ""dateFormat"": ""iso""}"
6a6d245c1b7b514c00c723ab246beca179ccddd800878edede99aad204432c1f,2023-06-02T06:00:00Z,,oddsapi/hist_events,1,"{""date"": ""2023-06-02T06:00:00Z"", ""dateFormat"": ""iso""}"
fd6dde29a856dd7ff74913f928e847ed220b99d9573ef4287e4a1cd15972d2e1,2023-06-03T06:00:00Z,,oddsapi/hist_events,1,"{""date"": ""2023-06-03T06:00:00Z"", ""dateFormat"": ""iso""}"
744a7eee98b6306c35e950d8d763003d67207de54c5612e4aee78a27858232a3,2023-06-04T06:00:00Z,,oddsapi/hist_events,1,"{""date"": ""2023-06-04T06:00:00Z"", ""dateFormat"": ""iso""}"
188a4f3e7041c3b54d3e827d52b311a686b26aab53fd7e83885099ab4061d79a,2023-06-05T06:00:00Z,,oddsapi/hist_events,1,"{""date"": ""2023-06-05T06:00:00Z"", ""dateFormat"": ""iso""}"
fc8fab0c465172f6e2f795d1621516000299de2a65dda51355573c4807cdeff9,2023-06-06T06:00:00Z,,oddsapi/hist_events,1,"{""date"": ""2023-06-06T06:00:00Z"", ""dateFormat"": ""iso""}"
dae4b0beb86bb5d3267a1c5f28f9090855e739f683b3227c6916ca924deffaef,2023-06-07T06:00:00Z,,oddsapi/hist_events,1,"{""date"": ""2023-06-07T06:00:00Z"", ""dateFormat"": ""iso""}"
4837d61f4d706de827241c1fb37676c2b73f0b5622e952b74d98b667c13fb59b,2023-06-08T06:00:00Z,,oddsapi/hist_events,1,"{""date"": ""2023-06-08T06:00:00Z"", ""dateFormat"": ""iso""}"
3be8ad5750b90da3820306c6e66753aae4f69907b6cc5a3c5547927b678ec504,2023-06-09T06:00:00Z,,oddsapi/hist_events,1,"{""date"": ""2023-06-09T06:00:00Z"", ""dateFormat"": ""iso""}"
1ace14d115f145f47c870e879805477291d6e9fd5b54b7364bb787166d08ddc3,2023-06-10T06:00:00Z,,oddsapi/hist_events,1,"{""date"": ""2023-06-10T06:00:00Z"", ""dateFormat"": ""iso""}"
483326f6f9751443a39000e3a2e1c1ae360c04a9dbdfdb58d2c47ecf8ba1d600,2023-06-11T06:00:00Z,,oddsapi/hist_events,1,"{""date"": ""2023-06-11T06:00:00Z"", ""dateFormat"": ""iso""}"
09df976b902fb1ae0e1051c83009d404265714562c03fad209a640bc8227bb50,2023-06-12T06:00:00Z,,oddsapi/hist_events,1,"{""date"": ""2023-06-12T06:00:00Z"", ""dateFormat"": ""iso""}"
7d687ea4911b42730604e78dbc5b971aa0797e36c8b26770d435643ba7585ad0,2023-06-13T06:00:00Z,,oddsapi/hist_events,1,"{""date"": ""2023-06-13T06:00:00Z"", ""dateFormat"": ""iso""}"
cc084ea2b182e9080cd3a8dc75148a220739aa4912217faa19063ec1c0336896,2023-06-14T06:00:00Z,,oddsapi/hist_events,1,"{""date"": ""2023-06-14T06:00:00Z"", ""dateFormat"": ""iso""}"
ae3c3ef8adf28a5441b0a3cc15d9dea0f6c2810d3e3ed035273ba3d0c7facb1a,2023-06-15T06:00:00Z,,oddsapi/hist_events,1,"{""date"": ""2023-06-15T06:00:00Z"", ""dateFormat"": ""iso""}"
aae80cb5213b9d4724ae65062e978952be5972fb31159ec6977880e177fc6f47,2023-06-16T06:00:00Z,,oddsapi/hist_events,1,"{""date"": ""2023-06-16T06:00:00Z"", ""dateFormat"": ""iso""}"
ddfea94368502b9143480c8e64fed82a9ab83533c25a2bd35293043b22dec26d,2023-06-17T06:00:00Z,,oddsapi/hist_events,1,"{""date"": ""2023-06-17T06:00:00Z"", ""dateFormat"": ""iso""}"
51464a1cb9d48e3c763c7871bc423f56ef42ea365667c996acee7fcef44ecb18,2023-06-18T06:00:00Z,,oddsapi/hist_events,1,"{""date"": ""2023-06-18T06:00:00Z"", ""dateFormat"": ""iso""}"
644e14badb88701628022956d20bf0752c7688af4731d48de42a36812e9e4296,2023-06-19T06:00:00Z,,oddsapi/hist_events,1,"{""date"": ""2023-06-19T06:00:00Z"", ""dateFormat"": ""iso""}"
aa9e2eebbbf7f7e3f9ebbf3b67d51a7464219358afa1a4f3caf1914ea0367031,2023-06-20T06:00:00Z,,oddsapi/hist_events,1,"{""date"": ""2023-06-20T06:00:00Z"", ""dateFormat"": ""iso""}"
7c53a8bd952700d0170fc2948f91fa2f0121162b348ecd2902534032b562d687,2023-06-21T06:00:00Z,,oddsapi/hist_events,1,"{""date"": ""2023-06-21T06:00:00Z"", ""dateFormat"": ""iso""}"
bfd27eca0669cac8e2473cd80b6a4b3bb6799a8dfdffd458094953afce397254,2023-06-22T06:00:00Z,,oddsapi/hist_events,1,"{""date"": ""2023-06-22T06:00:00Z"", ""dateFormat"": ""iso""}"
ce941526827d62b56f5dd4bec659d04770577dde42c4b45a1f0c06a6e45dcc62,2023-06-23T06:00:00Z,,oddsapi/hist_events,1,"{""date"": ""2023-06-23T06:00:00Z"", ""dateFormat"": ""iso""}"
37716bb2c8649e52045a8709b386b48f89be4d515eeb4f73d04b37e1acafcb24,2023-06-24T06:00:00Z,,oddsapi/hist_events,1,"{""date"": ""2023-06-24T06:00:00Z"", ""dateFormat"": ""iso""}"
5f0a628d1e39e08881cbd5349b6bd6af74f78fd0e353f4dd6546642dc64c96a3,2023-06-25T06:00:00Z,,oddsapi/hist_events,1,"{""date"": ""2023-06-25T06:00:00Z"", ""dateFormat"": ""iso""}"
d7f8da0ee8d76f9e9cb8274aadf4fc798ac140db24006cdf1e7a039870b45da9,2023-06-26T06:00:00Z,,oddsapi/hist_events,1,"{""date"": ""2023-06-26T06:00:00Z"", ""dateFormat"": ""iso""}"
3fb07b0969605cda417641060dadee836293f686f809c04d24ae499b751c7100,2023-06-27T06:00:00Z,,oddsapi/hist_events,1,"{""date"": ""2023-06-27T06:00:00Z"", ""dateFormat"": ""iso""}"
e14ed8f34692ef10575ce3627dae6c8f245d56de94a3d47fe90aa836e4de60a4,2023-06-28T06:00:00Z,,oddsapi/hist_events,1,"{""date"": ""2023-06-28T06:00:00Z"", ""dateFormat"": ""iso""}"
641405795aec00e0363e2afd3cc642aec689bdb7c16a88d44272b33b0b7b86ed,2023-06-29T06:00:00Z,,oddsapi/hist_events,1,"{""date"": ""2023-06-29T06:00:00Z"", ""dateFormat"": ""iso""}"
c287f7169cb69c4c8415156f867b37af0a5e2de9cebfa652b7629529d4edb705,2023-06-30T06:00:00Z,,oddsapi/hist_events,1,"{""date"": ""2023-06-30T06:00:00Z"", ""dateFormat"": ""iso""}"
56c6d0e79a432a561d5bfc66bd1a792f40af159c260e2a87fcd43f2e4606d263,2023-07-01T06:00:00Z,,oddsapi/hist_events,1,"{""date"": ""2023-07-01T06:00:00Z"", ""dateFormat"": ""iso""}"
997dcf20b4c19ce63642af8fb2c221ea29ea6b45fab083b1217a8c227f26ca71,2023-07-02T06:00:00Z,,oddsapi/hist_events,1,"{""date"": ""2023-07-02T06:00:00Z"", ""dateFormat"": ""iso""}"
093e2dba494302d23aa9114d02333dcdfe3a54cfdb91427311bc75981de1af70,2023-07-03T06:00:00Z,,oddsapi/hist_events,1,"{""date"": ""2023-07-03T06:00:00Z"", ""dateFormat"": ""iso""}"
8c2a31cad0590745bfc5f22df64210f924e843a501e4cc1292a73f9af6066610,2023-07-04T06:00:00Z,,oddsapi/hist_events,1,"{""date"": ""2023-07-04T06:00:00Z"", ""dateFormat"": ""iso""}"
2f86ebce5a66e41018272686106440adc832665111bd6940db2760495065772e,2023-07-05T06:00:00Z,,oddsapi/hist_events,1,"{""date"": ""2023-07-05T06:00:00Z"", ""dateFormat"": ""iso""}"
11e1704ede5c13ee927d6c07a795901cf1eb6cb0a05edcafd242e5214ab18492,2023-07-06T06:00:00Z,,oddsapi/hist_events,1,"{""date"": ""2023-07-06T06:00:00Z"", ""dateFormat"": ""iso""}"
41bc7e0dabb5dcdd92493aff208743caab0ff5817914e3984d684b1d0c848831,2023-07-07T06:00:00Z,,oddsapi/hist_events,1,"{""date"": ""2023-07-07T06:00:00Z"", ""dateFormat"": ""iso""}"
499e0da32191d7c005f85213ffa041f80467282f71dd838e65e22c23a85fbf49,2023-07-08T06:00:00Z,,oddsapi/hist_events,1,"{""date"": ""2023-07-08T06:00:00Z"", ""dateFormat"": ""iso""}"
036b5dfd9b2514ac996e8a387038ad0cb176ba5832cd99c661f538078a8f0555,2023-07-09T06:00:00Z,,oddsapi/hist_events,1,"{""date"": ""2023-07-09T06:00:00Z"", ""dateFormat"": ""iso""}"
228f3e1bcea54e9b41e87240e9ce66673fccbab6ef0b77feeef9535983a9b27e,2023-07-10T06:00:00Z,,oddsapi/hist_events,1,"{""date"": ""2023-07-10T06:00:00Z"", ""dateFormat"": ""iso""}"
b4ec25b79fa475e37c73ba7f37bfebd163e8ded392c64170f45b0dec77c52c06,2023-07-11T06:00:00Z,,oddsapi/hist_events,1,"{""date"": ""2023-07-11T06:00:00Z"", ""dateFormat"": ""iso""}"
eec1ea435279731a4759b2a6fae3c39bd647c5027487b2959509ade5202e8df0,2023-07-12T06:00:00Z,,oddsapi/hist_events,1,"{""date"": ""2023-07-12T06:00:00Z"", ""dateFormat"": ""iso""}"
047d8629df9e917fd18ae5bedd9da4b990056c3e7cd631b0c5e048e3a494ca6e,2023-07-13T06:00:00Z,,oddsapi/hist_events,1,"{""date"": ""2023-07-13T06:00:00Z"", ""dateFormat"": ""iso""}"
c20c560b45dba1c110c4a4e2ba6ec15524e8acf377e626611723981165f0b459,2023-07-14T06:00:00Z,,oddsapi/hist_events,1,"{""date"": ""2023-07-14T06:00:00Z"", ""dateFormat"": ""iso""}"
04a52e2111399d147f577231c48e4db5dc115b2833d8b3d01c5b9e4fa5dd52ed,2023-07-15T06:00:00Z,,oddsapi/hist_events,1,"{""date"": ""2023-07-15T06:00:00Z"", ""dateFormat"": ""iso""}"
117307dc5b8a54e5eed4d9163601a2031f68545573b5b20aa28c5b8989145e5a,2023-07-16T06:00:00Z,,oddsapi/hist_events,1,"{""date"": ""2023-07-16T06:00:00Z"", ""dateFormat"": ""iso""}"
f53b2bf0989def0114b8853b887013f6b99f10068df790b19935dc2fbbf321f7,2023-07-17T06:00:00Z,,oddsapi/hist_events,1,"{""date"": ""2023-07-17T06:00:00Z"", ""dateFormat"": ""iso""}"
566e7b282ad1077a47ed524a81af73e66c6da6240b93604f998aa4899afc8017,2023-07-18T06:00:00Z,,oddsapi/hist_events,1,"{""date"": ""2023-07-18T06:00:00Z"", ""dateFormat"": ""iso""}"
4e2b0a40b99661bb55989b9a2e785b562b3764dc2cdba201c48e57ba9b862f9f,2023-07-19T06:00:00Z,,oddsapi/hist_events,1,"{""date"": ""2023-07-19T06:00:00Z"", ""dateFormat"": ""iso""}"
47ed49246dfeb1a909ee9ca497da5c29deabec350568b0cc75c1b392ea7be106,2023-07-20T06:00:00Z,,oddsapi/hist_events,1,"{""date"": ""2023-07-20T06:00:00Z"", ""dateFormat"": ""iso""}"
259cc7b0641665e4b1a9deee2b8a766206751ac650c5b5c37f52a9418cc5eded,2023-07-21T06:00:00Z,,oddsapi/hist_events,1,"{""date"": ""2023-07-21T06:00:00Z"", ""dateFormat"": ""iso""}"
d77b8ce7c80636acb4e1b4a7d9f186145661748629a85921be1bbb65c5e2292d,2023-07-22T06:00:00Z,,oddsapi/hist_events,1,"{""date"": ""2023-07-22T06:00:00Z"", ""dateFormat"": ""iso""}"
37732b87ca4c7e48b6e57b5d702f3d09bf0b9b1ba9037d9ebcdfff20ca6d143a,2023-07-23T06:00:00Z,,oddsapi/hist_events,1,"{""date"": ""2023-07-23T06:00:00Z"", ""dateFormat"": ""iso""}"
a36aca82da53c09b6a5382a29cda9b6e6161e9b09dc8220f0ec0cc478a277a9c,2023-07-24T06:00:00Z,,oddsapi/hist_events,1,"{""date"": ""2023-07-24T06:00:00Z"", ""dateFormat"": ""iso""}"
c4c9be2eea0b8069aecdbb67284fb9be2f55c3c011b1893c15d2a48d82699f0d,2023-07-25T06:00:00Z,,oddsapi/hist_events,1,"{""date"": ""2023-07-25T06:00:00Z"", ""dateFormat"": ""iso""}"
2dedc846b402502c0ec6bae533c5d82be307f4ad26d8fc04f2f7e10ececf39a8,2023-07-26T06:00:00Z,,oddsapi/hist_events,1,"{""date"": ""2023-07-26T06:00:00Z"", ""dateFormat"": ""iso""}"
f9f500275a9173f557ac2d36a32dc52725699405e94f381f5bd5822fcd5ea771,2023-07-27T06:00:00Z,,oddsapi/hist_events,1,"{""date"": ""2023-07-27T06:00:00Z"", ""dateFormat"": ""iso""}"
efbc2d0cf5419d0956a4d75a3808c210a41d55665ac3f18e51e1015f819fc84c,2023-07-28T06:00:00Z,,oddsapi/hist_events,1,"{""date"": ""2023-07-28T06:00:00Z"", ""dateFormat"": ""iso""}"
aed4adbc06d0b8e69384dd474e322a67aa381686e0d844772ea128b4283a713c,2023-07-29T06:00:00Z,,oddsapi/hist_events,1,"{""date"": ""2023-07-29T06:00:00Z"", ""dateFormat"": ""iso""}"
c04b55da79f80d17b40786d04f0185f9d20b864f771e76072aa17fa2ccc14678,2023-07-30T06:00:00Z,,oddsapi/hist_events,1,"{""date"": ""2023-07-30T06:00:00Z"", ""dateFormat"": ""iso""}"
04cbaad5c2284476efc832aa73f71182635d3466ef1e490a1e00538ccb7f684f,2023-07-31T06:00:00Z,,oddsapi/hist_events,1,"{""date"": ""2023-07-31T06:00:00Z"", ""dateFormat"": ""iso""}"
1533d9cf0f7dd2f9c3f523afe457559e46532b577b8af2a9d6078709f24156a0,2023-08-01T06:00:00Z,,oddsapi/hist_events,1,"{""date"": ""2023-08-01T06:00:00Z"", ""dateFormat"": ""iso""}"
a8ca9a1399c0989a544e87044e973ae141b68dce1cf4443bebcc779c1644e858,2023-08-02T06:00:00Z,,oddsapi/hist_events,1,"{""date"": ""2023-08-02T06:00:00Z"", ""dateFormat"": ""iso""}"
c2e3d1057c27536779fe6ce547f9c442c254c1a335d8ec669981c05448344e98,2023-08-03T06:00:00Z,,oddsapi/hist_events,1,"{""date"": ""2023-08-03T06:00:00Z"", ""dateFormat"": ""iso""}"
995253e430cc0446904a1936834b20e5248afbcffe1d74c2519e9cfd8259969a,2023-08-04T06:00:00Z,,oddsapi/hist_events,1,"{""date"": ""2023-08-04T06:00:00Z"", ""dateFormat"": ""iso""}"
465036406c6e14c10f506a1173061be927cd697615625c22eb3b66605a78d473,2023-08-05T06:00:00Z,,oddsapi/hist_events,1,"{""date"": ""2023-08-05T06:00:00Z"", ""dateFormat"": ""iso""}"
91cb1b69c1ec91cc48108a667ce8563d0a263f03fd161ad7dcb98d2d02c4f354,2023-08-06T06:00:00Z,,oddsapi/hist_events,1,"{""date"": ""2023-08-06T06:00:00Z"", ""dateFormat"": ""iso""}"
dc28a64ee1fde6a310dd1bfcd9e7394e4c05e8f64bb42c4d05625b80fe5219af,2023-08-07T06:00:00Z,,oddsapi/hist_events,1,"{""date"": ""2023-08-07T06:00:00Z"", ""dateFormat"": ""iso""}"
f3567ee11626e643ada6561ee9e2af14fd9d6a386ca6185b8b7408065fc4575b,2023-08-08T06:00:00Z,,oddsapi/hist_events,1,"{""date"": ""2023-08-08T06:00:00Z"", ""dateFormat"": ""iso""}"
95035ebcff8404ea7f44a70f5071dc466236d2773bf573e0fdf66dcfc27b5796,2023-08-09T06:00:00Z,,oddsapi/hist_events,1,"{""date"": ""2023-08-09T06:00:00Z"", ""dateFormat"": ""iso""}"
6b0efd7b69a54cb744721f5bff6c0aa3273262242da1114af99d263b2e397b6b,2023-08-10T06:00:00Z,,oddsapi/hist_events,1,"{""date"": ""2023-08-10T06:00:00Z"", ""dateFormat"": ""iso""}"
aeb5c2d744577d834a97b04b113211e9b261c8bfccbd6f55de438583b9b9a694,2023-08-11T06:00:00Z,,oddsapi/hist_events,1,"{""date"": ""2023-08-11T06:00:00Z"", ""dateFormat"": ""iso""}"
191979fc59152f0265fd42fe66111c9c72e803b70c0dab20d88bf55e3df7969e,2023-08-12T06:00:00Z,,oddsapi/hist_events,1,"{""date"": ""2023-08-12T06:00:00Z"", ""dateFormat"": ""iso""}"
03735330f4618d760ada575d5fb25b0bfb62c4572b43063ddef3f47f6be2f9d9,2023-08-13T06:00:00Z,,oddsapi/hist_events,1,"{""date"": ""2023-08-13T06:00:00Z"", ""dateFormat"": ""iso""}"
df7c28eb6a04329f25cae81404bc279df30df0396ce05f21ce4b5ac86b14d2b6,2023-08-14T06:00:00Z,,oddsapi/hist_events,1,"{""date"": ""2023-08-14T06:00:00Z"", ""dateFormat"": ""iso""}"
f0c81e341e23be9ec18b60b41e6701a526254ed557cbd04ed7fa2d6c767cb715,2023-08-15T06:00:00Z,,oddsapi/hist_events,1,"{""date"": ""2023-08-15T06:00:00Z"", ""dateFormat"": ""iso""}"
98cfced5c3456f04a4a16c7c2c6b45de6886594923b493bd3c04d8cd8b987c5d,2023-08-16T06:00:00Z,,oddsapi/hist_events,1,"{""date"": ""2023-08-16T06:00:00Z"", ""dateFormat"": ""iso""}"
af11b544c6da7d6acea40564360adf57a580355f5b10534f13b6db6e9a30a807,2023-08-17T06:00:00Z,,oddsapi/hist_events,1,"{""date"": ""2023-08-17T06:00:00Z"", ""dateFormat"": ""iso""}"
954b41203c43457c36f9f228364936373859b36e4ff625f3a14b32509cb95dea,2023-08-18T06:00:00Z,,oddsapi/hist_events,1,"{""date"": ""2023-08-18T06:00:00Z"", ""dateFormat"": ""iso""}"
afa86d87f6f2c2ddf3b9b05911112e33e47e4f044606624850cc52fc13c4aa01,2023-08-19T06:00:00Z,,oddsapi/hist_events,1,"{""date"": ""2023-08-19T06:00:00Z"", ""dateFormat"": ""iso""}"
d4391b4d3c567511ed1094f5e801b28ff8b4c51668445fe1b639cef834dbfdb5,2023-08-20T06:00:00Z,,oddsapi/hist_events,1,"{""date"": ""2023-08-20T06:00:00Z"", ""dateFormat"": ""iso""}"
d47fb35887eebd643bc21a1ad7c19d6dce0bb7da233121cad1066323f6cd103d,2023-08-21T06:00:00Z,,oddsapi/hist_events,1,"{""date"": ""2023-08-21T06:00:00Z"", ""dateFormat"": ""iso""}"
fb1aa6088928d37defcf1947e05e14e06ed90f31748efc91b36531af271dc350,2023-08-22T06:00:00Z,,oddsapi/hist_events,1,"{""date"": ""2023-08-22T06:00:00Z"", ""dateFormat"": ""iso""}"
97f4a8ef446936eca56acd0ddccc231bba75657bbdec63ecf30bca465cf73b30,2023-08-23T06:00:00Z,,oddsapi/hist_events,1,"{""date"": ""2023-08-23T06:00:00Z"", ""dateFormat"": ""iso""}"
f745e96d8a69382492c5a1fbe3556fe770a53d37491b59197b94c156e4d4387f,2023-08-24T06:00:00Z,,oddsapi/hist_events,1,"{""date"": ""2023-08-24T06:00:00Z"", ""dateFormat"": ""iso""}"
6b9a77395d8d80a99c0244c1a105d6b4b7253595ec94f0a14e48d211d7767080,2023-08-25T06:00:00Z,,oddsapi/hist_events,1,"{""date"": ""2023-08-25T06:00:00Z"", ""dateFormat"": ""iso""}"
b5154191770f9cd6456a76bf9564e6773c5943e21de76b6387ba877d83971f62,2023-08-26T06:00:00Z,,oddsapi/hist_events,1,"{""date"": ""2023-08-26T06:00:00Z"", ""dateFormat"": ""iso""}"
86a63689d08961e5f6d363de936253079a74c9bd0575f83ca175c062c017eaca,2023-08-27T06:00:00Z,,oddsapi/hist_events,1,"{""date"": ""2023-08-27T06:00:00Z"", ""dateFormat"": ""iso""}"
d183b254cec3482bd0456de45c5e873d0ee115e4efc9e52fdcb4858128c1132f,2023-08-28T06:00:00Z,,oddsapi/hist_events,1,"{""date"": ""2023-08-28T06:00:00Z"", ""dateFormat"": ""iso""}"
f3159bdf89bbadb8f67dc76b4b9b74bf90d7c02404c9c1671f8b783a551c6325,2023-08-29T06:00:00Z,,oddsapi/hist_events,1,"{""date"": ""2023-08-29T06:00:00Z"", ""dateFormat"": ""iso""}"
678f0d930b8e969d4a7962db5dbb0789f3afa61a662416da7324c086a078c3d8,2023-08-30T06:00:00Z,,oddsapi/hist_events,1,"{""date"": ""2023-08-30T06:00:00Z"", ""dateFormat"": ""iso""}"
c9297fa958b625f95ecc2d98e944c071fd5234c54b8c99961e19b17158af974b,2023-08-31T06:00:00Z,,oddsapi/hist_events,1,"{""date"": ""2023-08-31T06:00:00Z"", ""dateFormat"": ""iso""}"
bbee3b42bd481319488353052e84ae17c936f79579200a2b6cbfd695361364ed,2023-09-02T06:00:00Z,,oddsapi/hist_events,1,"{""date"": ""2023-09-02T06:00:00Z"", ""dateFormat"": ""iso""}"
0ad4791ca7c0362021a127c011f68eba291b3693f2b11fda16a29c0c4a498828,2023-09-04T06:00:00Z,,oddsapi/hist_events,1,"{""date"": ""2023-09-04T06:00:00Z"", ""dateFormat"": ""iso""}"
3614e71f5944cd8809c9a95dfd8646de4bd85eb8935572f7d57615d8f3dad61f,2023-09-06T06:00:00Z,,oddsapi/hist_events,1,"{""date"": ""2023-09-06T06:00:00Z"", ""dateFormat"": ""iso""}"
ca814122de91288ff91d235f1c03c182af6bca38a43421634e9a5e32f82f8a57,2023-09-08T06:00:00Z,,oddsapi/hist_events,1,"{""date"": ""2023-09-08T06:00:00Z"", ""dateFormat"": ""iso""}"
c60729a64b6029169f5925269cf3a22dee9dbaefbb8ecf03477926897ce08ab5,2023-09-10T06:00:00Z,,oddsapi/hist_events,1,"{""date"": ""2023-09-10T06:00:00Z"", ""dateFormat"": ""iso""}"
51458c4119976a31462c3687740406e0b9ca69ba9cf7ef57c18b167969a32231,2023-09-12T06:00:00Z,,oddsapi/hist_events,1,"{""date"": ""2023-09-12T06:00:00Z"", ""dateFormat"": ""iso""}"
109d62cab8a912347e0a71986e10ef1b15a708c44c808ff5ca88654f3df8633c,2023-09-14T06:00:00Z,,oddsapi/hist_events,1,"{""date"": ""2023-09-14T06:00:00Z"", ""dateFormat"": ""iso""}"
646d315402f8f64e90c70bbc6d138c9d463c8f34370babd59a2618da3072e52c,2023-09-16T06:00:00Z,,oddsapi/hist_events,1,"{""date"": ""2023-09-16T06:00:00Z"", ""dateFormat"": ""iso""}"
48e7a54c9470a72bd562c079eb520dafe3b264b4033eb5d8609eb4c1b92a238b,2023-09-18T06:00:00Z,,oddsapi/hist_events,1,"{""date"": ""2023-09-18T06:00:00Z"", ""dateFormat"": ""iso""}"
5b7dbab15b581f458ef4b7ffd8be792fcf4e28a912459270d0e4c6e5dfaf6d5d,2023-09-20T06:00:00Z,,oddsapi/hist_events,1,"{""date"": ""2023-09-20T06:00:00Z"", ""dateFormat"": ""iso""}"
e95bef7c01d82ec65dfb0b70c0239f48f27cb31ef9ebbed2caf6be9f0586c452,2023-09-22T06:00:00Z,,oddsapi/hist_events,1,"{""date"": ""2023-09-22T06:00:00Z"", ""dateFormat"": ""iso""}"
5f8443206e84d3e09a8ae92d63d7702a65307c7f5c57abc39f6ac7da8a30814e,2023-09-24T06:00:00Z,,oddsapi/hist_events,1,"{""date"": ""2023-09-24T06:00:00Z"", ""dateFormat"": ""iso""}"
03ef1a54ee9c2bb32fdc86ebb4a7647c224e73ed910655144cebb19dd4d8e7c6,2023-09-26T06:00:00Z,,oddsapi/hist_events,1,"{""date"": ""2023-09-26T06:00:00Z"", ""dateFormat"": ""iso""}"
04d145cfdbb86246157a6482240fc024c9688db104b71452cd3d7dcfa4c9b450,2023-09-28T06:00:00Z,,oddsapi/hist_events,1,"{""date"": ""2023-09-28T06:00:00Z"", ""dateFormat"": ""iso""}"
926fbc5ed642e6e1f9c3f84f667741f20b58b37ab192f0984a840cd1cd9df439,2023-09-30T06:00:00Z,,oddsapi/hist_events,1,"{""date"": ""2023-09-30T06:00:00Z"", ""dateFormat"": ""iso""}"
6c53dfc7119b3cf9d0cfd2870fa8801788724a5dbde3c349c39bfa30126324e4,2023-10-02T06:00:00Z,,oddsapi/hist_events,1,"{""date"": ""2023-10-02T06:00:00Z"", ""dateFormat"": ""iso""}"
dcfd018651c79e1254f522bf35f7c169a4258efc56e7d414cbb5da8a30a2e5e8,2023-10-04T06:00:00Z,,oddsapi/hist_events,1,"{""date"": ""2023-10-04T06:00:00Z"", ""dateFormat"": ""iso""}"
d0aa5e46e3f5789c5d1088aa7b3de02e0f23ccc0739f4b9f1feab99448377ceb,2023-10-06T06:00:00Z,,oddsapi/hist_events,1,"{""date"": ""2023-10-06T06:00:00Z"", ""dateFormat"": ""iso""}"
babf3989b65083ec12965ee276a8ffebd6d430dca01231c6851ac630382a262d,2023-10-08T06:00:00Z,,oddsapi/hist_events,1,"{""date"": ""2023-10-08T06:00:00Z"", ""dateFormat"": ""iso""}"
89eeaff720e277bc2999a2f07ed7e1ff61368fc01934c9f249f205aaceab2086,2023-10-10T06:00:00Z,,oddsapi/hist_events,1,"{""date"": ""2023-10-10T06:00:00Z"", ""dateFormat"": ""iso""}"
f84c7797341644dbd927301e43882cba30d5ae6b7318d96375be59b495e99479,2023-10-12T06:00:00Z,,oddsapi/hist_events,1,"{""date"": ""2023-10-12T06:00:00Z"", ""dateFormat"": ""iso""}"
179c25ecd1ee330026990f05c1f5efc344cfc2b69b75326444cac2169c8067f5,2023-10-14T06:00:00Z,,oddsapi/hist_events,1,"{""date"": ""2023-10-14T06:00:00Z"", ""dateFormat"": ""iso""}"
a80e49c1b105ef4a278c8f8f7de9f2dcf82741b6b4a8e9dfdc56015d83bf59b2,2023-10-16T06:00:00Z,,oddsapi/hist_events,1,"{""date"": ""2023-10-16T06:00:00Z"", ""dateFormat"": ""iso""}"
64b8c4de676c691c4094d7311a68522fb2263a75396ec4253be7f8cc7c1b7a4c,2023-10-18T06:00:00Z,,oddsapi/hist_events,1,"{""date"": ""2023-10-18T06:00:00Z"", ""dateFormat"": ""iso""}"
135117da542f39da63de2548d2ceb8214e78e794295415b873c4b77aecf94189,2023-10-20T06:00:00Z,,oddsapi/hist_events,1,"{""date"": ""2023-10-20T06:00:00Z"", ""dateFormat"": ""iso""}"
554d0c15b31be4c4f04df37c234d825000a67c0e5c8b60cd7ea99b43699ebf40,2023-10-22T06:00:00Z,,oddsapi/hist_events,1,"{""date"": ""2023-10-22T06:00:00Z"", ""dateFormat"": ""iso""}"
29ca2a24d0f3e1165fb61ecbf1cd6c35968873918f15c20a5741067feed033c8,2023-10-24T06:00:00Z,,oddsapi/hist_events,1,"{""date"": ""2023-10-24T06:00:00Z"", ""dateFormat"": ""iso""}"
55740ec8ce54c267c453863b8016091673dfce6e7083212af412eb4a37962133,2023-10-26T06:00:00Z,,oddsapi/hist_events,1,"{""date"": ""2023-10-26T06:00:00Z"", ""dateFormat"": ""iso""}"
561a4838d474ceaf1743d3f1ee55ff5e9e5ed15cac3f3386f70e78ed56149d54,2023-10-28T06:00:00Z,,oddsapi/hist_events,1,"{""date"": ""2023-10-28T06:00:00Z"", ""dateFormat"": ""iso""}"
5233df3cb2eef43461204c5f2e6b668d6d7c27cf3897ccbbe90ca3ea44768d82,2023-10-30T06:00:00Z,,oddsapi/hist_events,1,"{""date"": ""2023-10-30T06:00:00Z"", ""dateFormat"": ""iso""}"
c6020025b05ded906d6f0ee72cb2a492988541004319570c8f423b9878997b17,2023-11-01T06:00:00Z,,oddsapi/hist_events,1,"{""date"": ""2023-11-01T06:00:00Z"", ""dateFormat"": ""iso""}"
3958203a73ad0c6f1cc9ba70033dd233ddb57352d96ab10c79c959ce60dacfd3,2023-11-03T06:00:00Z,,oddsapi/hist_events,1,"{""date"": ""2023-11-03T06:00:00Z"", ""dateFormat"": ""iso""}"
9c54d922452bd6b84588a37008d0ac51c8960af4254ffe34708c5d9fee60cabe,2023-11-05T06:00:00Z,,oddsapi/hist_events,1,"{""date"": ""2023-11-05T06:00:00Z"", ""dateFormat"": ""iso""}"
f6e184e0ff8105338d6a471404ee9d3e35dbcdc400ecbc4ffa776679b8e6ee1c,2023-11-07T06:00:00Z,,oddsapi/hist_events,1,"{""date"": ""2023-11-07T06:00:00Z"", ""dateFormat"": ""iso""}"
27d3e701abb6247ed1038e8f39194842e508ef209bdc850f445e0f937e49ad9d,2023-11-09T06:00:00Z,,oddsapi/hist_events,1,"{""date"": ""2023-11-09T06:00:00Z"", ""dateFormat"": ""iso""}"
bcdd9137de6ce6cd13b7ed91737c59855bd161a9724249b79fd800878141cd5b,2023-11-11T06:00:00Z,,oddsapi/hist_events,1,"{""date"": ""2023-11-11T06:00:00Z"", ""dateFormat"": ""iso""}"
c676d8679d45506d96910463fe7d3871c2e79c02d96e3b63177330333742f2f9,2023-11-13T06:00:00Z,,oddsapi/hist_events,1,"{""date"": ""2023-11-13T06:00:00Z"", ""dateFormat"": ""iso""}"
bb65244d4aed68ece2d72bed1072450efe5d7b5d557d6e8a936edc7972745404,2023-11-15T06:00:00Z,,oddsapi/hist_events,1,"{""date"": ""2023-11-15T06:00:00Z"", ""dateFormat"": ""iso""}"
e861114151370469d0af584858d16c4da55c81c45337de62733e29bf19fbd238,2023-11-17T06:00:00Z,,oddsapi/hist_events,1,"{""date"": ""2023-11-17T06:00:00Z"", ""dateFormat"": ""iso""}"
d623a29017d8b73658d55653ba8de9a79992c389ccedce352fb74a77e01b5979,2023-11-19T06:00:00Z,,oddsapi/hist_events,1,"{""date"": ""2023-11-19T06:00:00Z"", ""dateFormat"": ""iso""}"
5a94011bb87864b8a7cf36489eb4e027affb2641950983e86001c497c9444bb8,2023-11-21T06:00:00Z,,oddsapi/hist_events,1,"{""date"": ""2023-11-21T06:00:00Z"", ""dateFormat"": ""iso""}"
141653d6a1ba5ee57fcc73d7bf0ff2ce5adfcfdbe48148d995e9d8931a466c78,2023-11-23T06:00:00Z,,oddsapi/hist_events,1,"{""date"": ""2023-11-23T06:00:00Z"", ""dateFormat"": ""iso""}"
796ecfcd5c9e67e817295c71a8604e06ede884e94b1ff003d32cd4d9f6a34be0,2023-11-25T06:00:00Z,,oddsapi/hist_events,1,"{""date"": ""2023-11-25T06:00:00Z"", ""dateFormat"": ""iso""}"
ea8ea716c8427594dbbc0c1d43ba752d1b12bdfc14c918020611f2406adf6ac1,2023-11-27T06:00:00Z,,oddsapi/hist_events,1,"{""date"": ""2023-11-27T06:00:00Z"", ""dateFormat"": ""iso""}"
237ea32868bb14fe96fb611fb8ebe9f0fd0a14a14c3266a72c899e22e0cdccfc,2023-11-29T06:00:00Z,,oddsapi/hist_events,1,"{""date"": ""2023-11-29T06:00:00Z"", ""dateFormat"": ""iso""}"
024e71b08e39297471ba857ff1c48be87653bfb4377d12f2b6a4cc2a06da46e6,2023-12-01T06:00:00Z,,oddsapi/hist_events,1,"{""date"": ""2023-12-01T06:00:00Z"", ""dateFormat"": ""iso""}"
92f023be43d82aab234488ec86cb769d66137ccdfe41cf945b736842f5a461b8,2023-12-03T06:00:00Z,,oddsapi/hist_events,1,"{""date"": ""2023-12-03T06:00:00Z"", ""dateFormat"": ""iso""}"
3a37da39b9950aa63866b5db9c1565aef8b06da8ad8aa23d529d0ff42a7713eb,2023-12-05T06:00:00Z,,oddsapi/hist_events,1,"{""date"": ""2023-12-05T06:00:00Z"", ""dateFormat"": ""iso""}"
ee1d9e09cac76f2141781b57d7143c3030bfba8dae65056686e05ced69286c60,2023-12-07T06:00:00Z,,oddsapi/hist_events,1,"{""date"": ""2023-12-07T06:00:00Z"", ""dateFormat"": ""iso""}"
41b48d2367a7b2e620d270266fbc3ae3df5ea44c06d78279c7d1a1b63c966ffa,2023-12-09T06:00:00Z,,oddsapi/hist_events,1,"{""date"": ""2023-12-09T06:00:00Z"", ""dateFormat"": ""iso""}"
cc4493e5e4f861020b705a560ae5dfbd7e456dcbe42587cec8062e693b908afd,2023-12-11T06:00:00Z,,oddsapi/hist_events,1,"{""date"": ""2023-12-11T06:00:00Z"", ""dateFormat"": ""iso""}"
d52c724d3f94bbe26b6330d7f952f5554419799aa7cc66fe9d53b7c566b4bab0,2023-12-13T06:00:00Z,,oddsapi/hist_events,1,"{""date"": ""2023-12-13T06:00:00Z"", ""dateFormat"": ""iso""}"
31ce3c3323d1bd52fde23e574789c01c2e5ac4c8028b5a031a92ee4059d1741c,2023-12-15T06:00:00Z,,oddsapi/hist_events,1,"{""date"": ""2023-12-15T06:00:00Z"", ""dateFormat"": ""iso""}"
e006b4d0f80ccfca5dacdf7e34145a0ba86e78e5dca5c2e09e94ea92654bc7b2,2023-12-17T06:00:00Z,,oddsapi/hist_events,1,"{""date"": ""2023-12-17T06:00:00Z"", ""dateFormat"": ""iso""}"
30909554fb1275ae18f3b4232961a5c17b38927d1908b574ef3eaafb6cbaf247,2023-12-19T06:00:00Z,,oddsapi/hist_events,1,"{""date"": ""2023-12-19T06:00:00Z"", ""dateFormat"": ""iso""}"
59f62a192a8915679ae40d635f4fce279852609d3580b32c3757e06dc926075f,2023-12-21T06:00:00Z,,oddsapi/hist_events,1,"{""date"": ""2023-12-21T06:00:00Z"", ""dateFormat"": ""iso""}"
734fa3fa985201082f5c5545b88e5032141da32a6b8cf8ea67d2a6505d1ca82a,2023-12-23T06:00:00Z,,oddsapi/hist_events,1,"{""date"": ""2023-12-23T06:00:00Z"", ""dateFormat"": ""iso""}"
c6b7949278964a9f6884faf1c38903aa56f6a9a7f1c30c5eed309aa34a15f733,2023-12-25T06:00:00Z,,oddsapi/hist_events,1,"{""date"": ""2023-12-25T06:00:00Z"", ""dateFormat"": ""iso""}"
8805d78f0b1b25e449c0090828078915abbc0ffa3a21e9840f9d5e07c25e7e66,2023-12-27T06:00:00Z,,oddsapi/hist_events,1,"{""date"": ""2023-12-27T06:00:00Z"", ""dateFormat"": ""iso""}"
7573dc56a56c1268bb2d21f6c031ed58bf779b5d4a2784da4db0388152caf9fb,2023-12-29T06:00:00Z,,oddsapi/hist_events,1,"{""date"": ""2023-12-29T06:00:00Z"", ""dateFormat"": ""iso""}"
03f58b17e5165cf79d7541829e7a7f04a982e9f1418167846548c4e167545f1f,2023-12-31T06:00:00Z,,oddsapi/hist_events,1,"{""date"": ""2023-12-31T06:00:00Z"", ""dateFormat"": ""iso""}"
1ae5d27f762f2f393b81c33945e92623bea76efc1be7b2f012e1a2af5cc8cd57,2024-01-02T06:00:00Z,,oddsapi/hist_events,1,"{""date"": ""2024-01-02T06:00:00Z"", ""dateFormat"": ""iso""}"
3db0f4e0e6aa2ad7be65d5a8a9ed02535286ad2607766c6dcb22d6958bc2bc68,2024-01-04T06:00:00Z,,oddsapi/hist_events,1,"{""date"": ""2024-01-04T06:00:00Z"", ""dateFormat"": ""iso""}"
036229082b5088054ef03da78c7bc4d21abc15039d382160eb42029321c12b15,2024-01-06T06:00:00Z,,oddsapi/hist_events,1,"{""date"": ""2024-01-06T06:00:00Z"", ""dateFormat"": ""iso""}"
67cb418efa0021498b83b5b45fd42ecfda65b920601550cc030f92f3ab9af86b,2024-01-08T06:00:00Z,,oddsapi/hist_events,1,"{""date"": ""2024-01-08T06:00:00Z"", ""dateFormat"": ""iso""}"
e2ce274b75e8b6c818599eac2eabac11abc88138ea6c0d6ea8d2bd97d0d6a424,2024-01-10T06:00:00Z,,oddsapi/hist_events,1,"{""date"": ""2024-01-10T06:00:00Z"", ""dateFormat"": ""iso""}"
4704eaef026766406c55828449b5e8def7da8b3807f90c6eb8884a7452b61768,2024-01-12T06:00:00Z,,oddsapi/hist_events,1,"{""date"": ""2024-01-12T06:00:00Z"", ""dateFormat"": ""iso""}"
99ec6860ddee4babbab9808fce502981d067426f0664d1292f0920475ac28989,2024-01-14T06:00:00Z,,oddsapi/hist_events,1,"{""date"": ""2024-01-14T06:00:00Z"", ""dateFormat"": ""iso""}"
5d4d2f512dc7b9c15ce7626cfd7efcefd4c7871a995891150f34e5c3829e20ff,2024-01-16T06:00:00Z,,oddsapi/hist_events,1,"{""date"": ""2024-01-16T06:00:00Z"", ""dateFormat"": ""iso""}"
ce8e9c1c25d77bc28bdc4372a6ca9d06526c098049646c295525a568734b33df,2024-01-18T06:00:00Z,,oddsapi/hist_events,1,"{""date"": ""2024-01-18T06:00:00Z"", ""dateFormat"": ""iso""}"
0756644fad3f5b367c84aafcd81d5a2f075cc9341bcffc5899d4a7fc99e69f07,2024-01-20T06:00:00Z,,oddsapi/hist_events,1,"{""date"": ""2024-01-20T06:00:00Z"", ""dateFormat"": ""iso""}"
c5310ff4d0f027cc7ce508825496dc7712f0091156ce1b0a117678dcf2b10409,2024-01-22T06:00:00Z,,oddsapi/hist_events,1,"{""date"": ""2024-01-22T06:00:00Z"", ""dateFormat"": ""iso""}"
1d11e1b214137a7db30bd01c04f2fdba78ced96aac4f70349e9e403e426ca2fb,2024-01-24T06:00:00Z,,oddsapi/hist_events,1,"{""date"": ""2024-01-24T06:00:00Z"", ""dateFormat"": ""iso""}"
90cd82f135d88522501f562f636290747c582d6d5ff78daf7b47622a5a1f4a8c,2024-01-26T06:00:00Z,,oddsapi/hist_events,1,"{""date"": ""2024-01-26T06:00:00Z"", ""dateFormat"": ""iso""}"
e921db4b8abee1f94af80bff207f8e13dcbb6835c9421ca5ee80cf5a158b46d0,2024-01-28T06:00:00Z,,oddsapi/hist_events,1,"{""date"": ""2024-01-28T06:00:00Z"", ""dateFormat"": ""iso""}"
d2550ac251b33b02283df1b74ce20b3f0bb1820a1495a00924947a0e77b881ad,2024-01-30T06:00:00Z,,oddsapi/hist_events,1,"{""date"": ""2024-01-30T06:00:00Z"", ""dateFormat"": ""iso""}"
3c3fcabd97d95f91d497392c8a4029bef5f6d77ff153db8137a462806d222e2a,2024-02-01T06:00:00Z,,oddsapi/hist_events,1,"{""date"": ""2024-02-01T06:00:00Z"", ""dateFormat"": ""iso""}"
35df15327371a25ac8edb331249f17de15f7f242b7d51c24f8c2fc2b7c4e4a33,2024-02-03T06:00:00Z,,oddsapi/hist_events,1,"{""date"": ""2024-02-03T06:00:00Z"", ""dateFormat"": ""iso""}"
5c5230a84ceff11333bab74053d8e75278d39a339482fb3b9dfa762880c5ed0f,2024-02-05T06:00:00Z,,oddsapi/hist_events,1,"{""date"": ""2024-02-05T06:00:00Z"", ""dateFormat"": ""iso""}"
abc3caddead1ff13b5d114ae34e702caa006d98c1e869c3466a1cd23c2b5bf4a,2024-02-07T06:00:00Z,,oddsapi/hist_events,1,"{""date"": ""2024-02-07T06:00:00Z"", ""dateFormat"": ""iso""}"
f12c800e0f8d96af91e35f6c0f0a6a14a70a95516063e339cc261dce3014c3b7,2024-02-09T06:00:00Z,,oddsapi/hist_events,1,"{""date"": ""2024-02-09T06:00:00Z"", ""dateFormat"": ""iso""}"
a72c88958a9c4fd06928f805b2e84fdb7c6ef48ada88e0903ff36b0a44e0526f,2024-02-11T06:00:00Z,,oddsapi/hist_events,1,"{""date"": ""2024-02-11T06:00:00Z"", ""dateFormat"": ""iso""}"
9aa314b72d15af01408d87653a310a451aff8bf1ae8aa0a67bf6e2ec5a754f74,2024-02-13T06:00:00Z,,oddsapi/hist_events,1,"{""date"": ""2024-02-13T06:00:00Z"", ""dateFormat"": ""iso""}"
807b5b59a25cacc2a3cf6781075f26e02e0b9254da1ee280be452ebc00b18585,2024-02-15T06:00:00Z,,oddsapi/hist_events,1,"{""date"": ""2024-02-15T06:00:00Z"", ""dateFormat"": ""iso""}"
bb9de591260c40b94ef44bd407bf7ad73c7ff89366b15a57d5b357ad4057d427,2024-02-16T06:00:00Z,,oddsapi/hist_events,1,"{""date"": ""2024-02-16T06:00:00Z"", ""dateFormat"": ""iso""}"
1f5c80d8237b85445cc3fbae62c17311253f833ff47d1cc52944537b7d8a3c1a,2024-02-17T06:00:00Z,,oddsapi/hist_events,1,"{""date"": ""2024-02-17T06:00:00Z"", ""dateFormat"": ""iso""}"
c0e69fca482bc9e8840c0669ec937ea5bc6b55f2da19c14c0cfc98c3f56cca71,2024-02-18T06:00:00Z,,oddsapi/hist_events,1,"{""date"": ""2024-02-18T06:00:00Z"", ""dateFormat"": ""iso""}"
0ee582d79f2114269a5dca78ba0029b22b525f9e4bf0789784c3f944374a968c,2024-02-19T06:00:00Z,,oddsapi/hist_events,1,"{""date"": ""2024-02-19T06:00:00Z"", ""dateFormat"": ""iso""}"
93a54f67f91b83570f7dfa314637f5e474b25fe950930bac06122287d7ae97e6,2024-02-20T06:00:00Z,,oddsapi/hist_events,1,"{""date"": ""2024-02-20T06:00:00Z"", ""dateFormat"": ""iso""}"
8c215ad2560c6a50cc0770dedd82cefa6394b7bd4efd0d40daeada33347e14f9,2024-02-21T06:00:00Z,,oddsapi/hist_events,1,"{""date"": ""2024-02-21T06:00:00Z"", ""dateFormat"": ""iso""}"
e5edfa5b722ce6804079058ada9dee1615a3003c6567fc6ead8e57767b8552e9,2024-02-22T06:00:00Z,,oddsapi/hist_events,1,"{""date"": ""2024-02-22T06:00:00Z"", ""dateFormat"": ""iso""}"
376344ed856ddc617f9d481cffc222d1284b8e7d01ab1f22ad41524d761c1c3b,2024-02-23T06:00:00Z,,oddsapi/hist_events,1,"{""date"": ""2024-02-23T06:00:00Z"", ""dateFormat"": ""iso""}"
f35943da7304588f6006713ea7331b73b46a486988d8482ba2c6fbc54ad98d20,2024-02-24T06:00:00Z,,oddsapi/hist_events,1,"{""date"": ""2024-02-24T06:00:00Z"", ""dateFormat"": ""iso""}"
448b68c24b431d3551a61046d48c3c250f2949af74730ea82b323a14bac5a624,2024-02-25T06:00:00Z,,oddsapi/hist_events,1,"{""date"": ""2024-02-25T06:00:00Z"", ""dateFormat"": ""iso""}"
43ffb52423bd18c8ec56ba06967925d0b697b4c08524397b8a8658be77ee4382,2024-02-26T06:00:00Z,,oddsapi/hist_events,1,"{""date"": ""2024-02-26T06:00:00Z"", ""dateFormat"": ""iso""}"
4a10f15ca747e4bb2d295301fbf7958c2262e0333dd42573e4679e26a2ba48b6,2024-02-27T06:00:00Z,,oddsapi/hist_events,1,"{""date"": ""2024-02-27T06:00:00Z"", ""dateFormat"": ""iso""}"
3581998821c578479a0d41e1f3f252ea11f00a25f096875b8852cf4df86c941f,2024-02-28T06:00:00Z,,oddsapi/hist_events,1,"{""date"": ""2024-02-28T06:00:00Z"", ""dateFormat"": ""iso""}"
18adbb88d822e57e09de2a72d12f03d9381aefa2a83baf9093ba427d29e14454,2024-02-29T06:00:00Z,,oddsapi/hist_events,1,"{""date"": ""2024-02-29T06:00:00Z"", ""dateFormat"": ""iso""}"
2558db838c0b81d1c2ff645c046c743c6280efe01878de8f741b03ee033b1adb,2024-03-01T06:00:00Z,,oddsapi/hist_events,1,"{""date"": ""2024-03-01T06:00:00Z"", ""dateFormat"": ""iso""}"
10c91a61457600bd69e41ca08747fa81c4a8aa0770971d78563903253b1c9a58,2024-03-02T06:00:00Z,,oddsapi/hist_events,1,"{""date"": ""2024-03-02T06:00:00Z"", ""dateFormat"": ""iso""}"
2cb9f5b410b96b126a59df5e26c249fc80902d9e8e72a4c4d4bc03e3d80dc043,2024-03-03T06:00:00Z,,oddsapi/hist_events,1,"{""date"": ""2024-03-03T06:00:00Z"", ""dateFormat"": ""iso""}"
b054a12cb9b0b115adfdb5300d58ae2898189194f2a007e57731c761350e1a56,2024-03-04T06:00:00Z,,oddsapi/hist_events,1,"{""date"": ""2024-03-04T06:00:00Z"", ""dateFormat"": ""iso""}"
ffb032d23ce25cee5e6023d59d5c8cace058a4ab337fb47e12c39f7677485d1e,2024-03-05T06:00:00Z,,oddsapi/hist_events,1,"{""date"": ""2024-03-05T06:00:00Z"", ""dateFormat"": ""iso""}"
5a21233555647c59c7811498f557e2f4b09c449b1b6f4306f472863f82fd1a61,2024-03-06T06:00:00Z,,oddsapi/hist_events,1,"{""date"": ""2024-03-06T06:00:00Z"", ""dateFormat"": ""iso""}"
f2a816100dbd1b2c187db9c4b7b950294d6290c3f294cae72be2fb8717278ea8,2024-03-07T06:00:00Z,,oddsapi/hist_events,1,"{""date"": ""2024-03-07T06:00:00Z"", ""dateFormat"": ""iso""}"
662552c71107b976f8f3ea6b133b66ccac3f95bb0ec5459ffef90352e05ea5c6,2024-03-08T06:00:00Z,,oddsapi/hist_events,1,"{""date"": ""2024-03-08T06:00:00Z"", ""dateFormat"": ""iso""}"
8c3edf91c21d880756748ee6c13e41e3e44d5e87d49ee16bff6e2f82222fc97e,2024-03-09T06:00:00Z,,oddsapi/hist_events,1,"{""date"": ""2024-03-09T06:00:00Z"", ""dateFormat"": ""iso""}"
7e0fd37110d146724f7a2e3674f06806006c57a80222579effc677163565c5b2,2024-03-10T06:00:00Z,,oddsapi/hist_events,1,"{""date"": ""2024-03-10T06:00:00Z"", ""dateFormat"": ""iso""}"
0d6a1ec7bfe928a9446c67b353e3091e5660b9f4b09585d844386154c0a63643,2024-03-11T06:00:00Z,,oddsapi/hist_events,1,"{""date"": ""2024-03-11T06:00:00Z"", ""dateFormat"": ""iso""}"
d38ee186f448af1fa504472cdd2ec27cc1b2d506ada42c68b91292aeb8f8c348,2024-03-12T06:00:00Z,,oddsapi/hist_events,1,"{""date"": ""2024-03-12T06:00:00Z"", ""dateFormat"": ""iso""}"
d292235f926e935be6395dff3de0b864277c6a5be2126d25e593273845de30aa,2024-03-13T06:00:00Z,,oddsapi/hist_events,1,"{""date"": ""2024-03-13T06:00:00Z"", ""dateFormat"": ""iso""}"
2677e3fc80e70066b0b5ee165ba9404f552c63a21ee6f3f80e0c60d4504a658c,2024-03-14T06:00:00Z,,oddsapi/hist_events,1,"{""date"": ""2024-03-14T06:00:00Z"", ""dateFormat"": ""iso""}"
f69386f5ce9321372702eee25e74c096e129a325b7104a010a2c9faeddd06532,2024-03-15T06:00:00Z,,oddsapi/hist_events,1,"{""date"": ""2024-03-15T06:00:00Z"", ""dateFormat"": ""iso""}"
bee0d048f5ad8aecc57fc72eb51f4ab99b3d697527e56d874604dd50410ff9ea,2024-03-16T06:00:00Z,,oddsapi/hist_events,1,"{""date"": ""2024-03-16T06:00:00Z"", ""dateFormat"": ""iso""}"
2a81213b8f9f5584c42a3aed64c3aaefb226fa2f801d7ed46f0e99892f00bf19,2024-03-17T06:00:00Z,,oddsapi/hist_events,1,"{""date"": ""2024-03-17T06:00:00Z"", ""dateFormat"": ""iso""}"
a802dd925da227ac25e297da09b4e1951a2c21b1427bad280971f872f511f7bc,2024-03-18T06:00:00Z,,oddsapi/hist_events,1,"{""date"": ""2024-03-18T06:00:00Z"", ""dateFormat"": ""iso""}"
114d1d8d618dc6246565b3e0f0a67ef70ffb2d03da07e5b497e60bde21ea4b07,2024-03-19T06:00:00Z,,oddsapi/hist_events,1,"{""date"": ""2024-03-19T06:00:00Z"", ""dateFormat"": ""iso""}"
ee7a2e3d81010f8689753c3b975a2b40cabb960db2b9a36592c40b6e356deeb9,2024-03-20T06:00:00Z,,oddsapi/hist_events,1,"{""date"": ""2024-03-20T06:00:00Z"", ""dateFormat"": ""iso""}"
56538dbc2a45be7683d8db82bb02d985ad4c9fafc9d6a5d7d13b71e3585aae0a,2024-03-21T06:00:00Z,,oddsapi/hist_events,1,"{""date"": ""2024-03-21T06:00:00Z"", ""dateFormat"": ""iso""}"
6a469b45d40848efd72eed31a9044363df718085d597528d580ae8c543ebad58,2024-03-22T06:00:00Z,,oddsapi/hist_events,1,"{""date"": ""2024-03-22T06:00:00Z"", ""dateFormat"": ""iso""}"
2f61dd9eb557728fe91beda994b6d694058d063ee21072eb638f7eb91b775a7b,2024-03-23T06:00:00Z,,oddsapi/hist_events,1,"{""date"": ""2024-03-23T06:00:00Z"", ""dateFormat"": ""iso""}"
6e3ecbd05c00fde0400e6e0811399343e1e6b6ed894483e20670b0c17ef7561f,2024-03-24T06:00:00Z,,oddsapi/hist_events,1,"{""date"": ""2024-03-24T06:00:00Z"", ""dateFormat"": ""iso""}"
cc282c039b708db63403c6cb50f99f246f0a6fc23eaf7b4a2a78c2756399267d,2024-03-25T06:00:00Z,,oddsapi/hist_events,1,"{""date"": ""2024-03-25T06:00:00Z"", ""dateFormat"": ""iso""}"
ad0684c997efccd593604cc423699e3d4060a2498cfc02f55ed6316676534cd9,2024-03-26T06:00:00Z,,oddsapi/hist_events,1,"{""date"": ""2024-03-26T06:00:00Z"", ""dateFormat"": ""iso""}"
e095cf6c20a2b18b05988364b5f858d619fdf58848b3c22a9ca69eb203e218ff,2024-03-27T06:00:00Z,,oddsapi/hist_events,1,"{""date"": ""2024-03-27T06:00:00Z"", ""dateFormat"": ""iso""}"
cde99532e10bae9147eddaf0759861c645d1368bc1c1f258d87ade8cd44cb018,2024-03-28T06:00:00Z,,oddsapi/hist_events,1,"{""date"": ""2024-03-28T06:00:00Z"", ""dateFormat"": ""iso""}"
c8dbb33273ec27dc779af3b1a95bdbdc0b62c7fa4419f3c98357dc57664e7b17,2024-03-29T06:00:00Z,,oddsapi/hist_events,1,"{""date"": ""2024-03-29T06:00:00Z"", ""dateFormat"": ""iso""}"
8dd24c401ac9ba998e851b72f2698d7ffdeaa3d2e30e5c69a2c7801ba3fda2b6,2024-03-30T06:00:00Z,,oddsapi/hist_events,1,"{""date"": ""2024-03-30T06:00:00Z"", ""dateFormat"": ""iso""}"
b30b06070643904c27063b63f9c440932e983b6332c18bea6e43f2a4960015fb,2024-03-31T06:00:00Z,,oddsapi/hist_events,1,"{""date"": ""2024-03-31T06:00:00Z"", ""dateFormat"": ""iso""}"
646b639db8d3e6735cbbc4c44db93e096ff137f96fd1f5379f2eff3e481b15ed,2024-04-01T06:00:00Z,,oddsapi/hist_events,1,"{""date"": ""2024-04-01T06:00:00Z"", ""dateFormat"": ""iso""}"
fc2fe974589e4355ad33ea462c4e232010e2952b04fdc972174fed6ee53edee1,2024-04-02T06:00:00Z,,oddsapi/hist_events,1,"{""date"": ""2024-04-02T06:00:00Z"", ""dateFormat"": ""iso""}"
913c911b22d8ce4cf89772e6467fde2d1ed519b1ad9e6ad739353d080834f39d,2024-04-03T06:00:00Z,,oddsapi/hist_events,1,"{""date"": ""2024-04-03T06:00:00Z"", ""dateFormat"": ""iso""}"
610542d78d42ca9d10f47247a40d794bbcb8d1241a832bcd9f123110ebf48f00,2024-04-04T06:00:00Z,,oddsapi/hist_events,1,"{""date"": ""2024-04-04T06:00:00Z"", ""dateFormat"": ""iso""}"
61f7a448e141eefff0cc1060670c8258c1130aec45b521f8aa1108021bbb9d31,2024-04-05T06:00:00Z,,oddsapi/hist_events,1,"{""date"": ""2024-04-05T06:00:00Z"", ""dateFormat"": ""iso""}"
a9af92bf81b83673ef7074949663f06819c99efe6cf041cefff9fffeb3068729,2024-04-06T06:00:00Z,,oddsapi/hist_events,1,"{""date"": ""2024-04-06T06:00:00Z"", ""dateFormat"": ""iso""}"
9eb153ab68fda7a64ecf582cbf7cfa5fddb985df2553377e690dca09f9d024b1,2024-04-07T06:00:00Z,,oddsapi/hist_events,1,"{""date"": ""2024-04-07T06:00:00Z"", ""dateFormat"": ""iso""}"
e35e32ee91ba30e9241830ac2d44926daecb6e60afda5c5a2a05992f0dd48dc5,2024-04-08T06:00:00Z,,oddsapi/hist_events,1,"{""date"": ""2024-04-08T06:00:00Z"", ""dateFormat"": ""iso""}"
905a696d0aa46d4fd6fd37e160e0cde234e1119327883d2a5a611e19f6df269a,2024-04-09T06:00:00Z,,oddsapi/hist_events,1,"{""date"": ""2024-04-09T06:00:00Z"", ""dateFormat"": ""iso""}"
2ce78665d05055a1be7a37eb2b2fa948347abe150d64487eadb1761eee4bc6ca,2024-04-10T06:00:00Z,,oddsapi/hist_events,1,"{""date"": ""2024-04-10T06:00:00Z"", ""dateFormat"": ""iso""}"
ff7159479720cfb435c3247a37c1cd3281ee90d6b721427ee96691a5bdc2a846,2024-04-11T06:00:00Z,,oddsapi/hist_events,1,"{""date"": ""2024-04-11T06:00:00Z"", ""dateFormat"": ""iso""}"
787e9c411169b5e5d3fbecefba4d1d387e501c3dd329946a638a2b1c262a77ff,2024-04-12T06:00:00Z,,oddsapi/hist_events,1,"{""date"": ""2024-04-12T06:00:00Z"", ""dateFormat"": ""iso""}"
6dbe6b3bffaff66fd7a66b5099a856709972bb6467918d3c7e317ebc4f13022a,2024-04-13T06:00:00Z,,oddsapi/hist_events,1,"{""date"": ""2024-04-13T06:00:00Z"", ""dateFormat"": ""iso""}"
1d631577710fbd05c4dbed01ca594e30b080aed89c4a68892acec7056a188a9f,2024-04-14T06:00:00Z,,oddsapi/hist_events,1,"{""date"": ""2024-04-14T06:00:00Z"", ""dateFormat"": ""iso""}"
3722bf5376eec6e3f59adee1a0c5df22a9d9b350964282ae6cc2247061682d17,2024-04-15T06:00:00Z,,oddsapi/hist_events,1,"{""date"": ""2024-04-15T06:00:00Z"", ""dateFormat"": ""iso""}"
be6bb74558ebf0fb9e967bbdcf5e216380fded9a8553fe652242bf620324e2c7,2024-04-16T06:00:00Z,,oddsapi/hist_events,1,"{""date"": ""2024-04-16T06:00:00Z"", ""dateFormat"": ""iso""}"
079292b95e47587b23fb068f8c0555d8a7715e3798c63c0582d19bac1c0792b2,2024-04-17T06:00:00Z,,oddsapi/hist_events,1,"{""date"": ""2024-04-17T06:00:00Z"", ""dateFormat"": ""iso""}"
45a0f0311fb83c496376c3a49040970474373b0f34566d18d98178669f66ca3a,2024-04-18T06:00:00Z,,oddsapi/hist_events,1,"{""date"": ""2024-04-18T06:00:00Z"", ""dateFormat"": ""iso""}"
a9440022a2a934a100af487e4e2c250660208e204adb55b5de0784aa77b16e0a,2024-04-19T06:00:00Z,,oddsapi/hist_events,1,"{""date"": ""2024-04-19T06:00:00Z"", ""dateFormat"": ""iso""}"
f37744f863a6857ade7b1aeb62c644b260a55b4c7b62a72ac9b9d13289c4d943,2024-04-20T06:00:00Z,,oddsapi/hist_events,1,"{""date"": ""2024-04-20T06:00:00Z"", ""dateFormat"": ""iso""}"
8c9d02f27d59b29aa18b79a1d8d3c93b9620cc969520c25fd308e9211520d460,2024-04-21T06:00:00Z,,oddsapi/hist_events,1,"{""date"": ""2024-04-21T06:00:00Z"", ""dateFormat"": ""iso""}"
4f8ae59872240c7476f77afc85c689edfa0e764d1996ffff3da7b2af78475be8,2024-04-22T06:00:00Z,,oddsapi/hist_events,1,"{""date"": ""2024-04-22T06:00:00Z"", ""dateFormat"": ""iso""}"
6f344373fbf0e190eada6bd0c802c082d153a4dac7baa5a1a99ce2224e3c0171,2024-04-23T06:00:00Z,,oddsapi/hist_events,1,"{""date"": ""2024-04-23T06:00:00Z"", ""dateFormat"": ""iso""}"
87189e66b70b58825b9c4a23df81295dc17e94b1d901d0bea6117e64c729e756,2024-04-24T06:00:00Z,,oddsapi/hist_events,1,"{""date"": ""2024-04-24T06:00:00Z"", ""dateFormat"": ""iso""}"
32c1074b4f5b3409cf88c5d20302fd97733ab8fc856f70358c2ddcc823752a57,2024-04-25T06:00:00Z,,oddsapi/hist_events,1,"{""date"": ""2024-04-25T06:00:00Z"", ""dateFormat"": ""iso""}"
b15fd3f4621cdafd7354746714591c43bac9f3db56b6e595219e8534b124cc75,2024-04-26T06:00:00Z,,oddsapi/hist_events,1,"{""date"": ""2024-04-26T06:00:00Z"", ""dateFormat"": ""iso""}"
7e1c948be2b2a0058ab69a848e2d926db4eaef3a3e01f9acd4fc9029bd469cd4,2024-04-27T06:00:00Z,,oddsapi/hist_events,1,"{""date"": ""2024-04-27T06:00:00Z"", ""dateFormat"": ""iso""}"
8a3072e9ae9ff38a7c2f3cd0fc791c0b992f394306fe558da245297de4ff1425,2024-04-28T06:00:00Z,,oddsapi/hist_events,1,"{""date"": ""2024-04-28T06:00:00Z"", ""dateFormat"": ""iso""}"
fdfedd2986f3d85c83b64565dcee092c21ecd4899a01bba4722dc9bbf6e673cb,2024-04-29T06:00:00Z,,oddsapi/hist_events,1,"{""date"": ""2024-04-29T06:00:00Z"", ""dateFormat"": ""iso""}"
1294c3eb2fb29375af3c357f917b3ab42dead2e2f7b11ffca8578798033370d8,2024-04-30T06:00:00Z,,oddsapi/hist_events,1,"{""date"": ""2024-04-30T06:00:00Z"", ""dateFormat"": ""iso""}"
e745247cc033b2074ddbaa041c630fd1ab072dd7e2d4dd0810e3a878addb4d1c,2024-05-01T06:00:00Z,,oddsapi/hist_events,1,"{""date"": ""2024-05-01T06:00:00Z"", ""dateFormat"": ""iso""}"
c4a544741a920a91d10b76e00b558da38c0f138a2eaad50064abe0a11f3f5766,2024-05-02T06:00:00Z,,oddsapi/hist_events,1,"{""date"": ""2024-05-02T06:00:00Z"", ""dateFormat"": ""iso""}"
fef4d007d6132235bb0a90756e9822b7a5f082d51194a74f9afe9825277ec18a,2024-05-03T06:00:00Z,,oddsapi/hist_events,1,"{""date"": ""2024-05-03T06:00:00Z"", ""dateFormat"": ""iso""}"
dc98e9731fc00ce36db384daaa519199991629970d6cfba563c194287e6c9102,2024-05-04T06:00:00Z,,oddsapi/hist_events,1,"{""date"": ""2024-05-04T06:00:00Z"", ""dateFormat"": ""iso""}"
13e7e79a39b2add9f16f80ce23457cbf47104199dba48147ef63b08998690974,2024-05-05T06:00:00Z,,oddsapi/hist_events,1,"{""date"": ""2024-05-05T06:00:00Z"", ""dateFormat"": ""iso""}"
dce661a7ef3478b249c3d969b08c9de6c9828470561d9c71203a0ca1627f4441,2024-05-06T06:00:00Z,,oddsapi/hist_events,1,"{""date"": ""2024-05-06T06:00:00Z"", ""dateFormat"": ""iso""}"
3ae1d7c5b3e2cf9246a8eaccbd631d80a2a462dd5f9ab4538597054139d3fb2d,2024-05-07T06:00:00Z,,oddsapi/hist_events,1,"{""date"": ""2024-05-07T06:00:00Z"", ""dateFormat"": ""iso""}"
ad322a0370968c0851834f5becf1ed7597c056152b8a96f7d8500f8054cb7cb0,2024-05-08T06:00:00Z,,oddsapi/hist_events,1,"{""date"": ""2024-05-08T06:00:00Z"", ""dateFormat"": ""iso""}"
66f645bf6af84cfa0921f444bc501f671763d7873adcb1ecc2a60ad969de79ef,2024-05-09T06:00:00Z,,oddsapi/hist_events,1,"{""date"": ""2024-05-09T06:00:00Z"", ""dateFormat"": ""iso""}"
6a245f6e98a0c390a2933f0b2d1291dd6eb46e3bb4687d21965f745c9893b752,2024-05-10T06:00:00Z,,oddsapi/hist_events,1,"{""date"": ""2024-05-10T06:00:00Z"", ""dateFormat"": ""iso""}"
928634b4d6fcb308e6f11b5b1256d51a499f3109a6afee49c64dd7df9d91b3d4,2024-05-11T06:00:00Z,,oddsapi/hist_events,1,"{""date"": ""2024-05-11T06:00:00Z"", ""dateFormat"": ""iso""}"
0447ef06aace711ad83044ae8e7b7bb2068db12cf9623b398e71913a249e40ed,2024-05-12T06:00:00Z,,oddsapi/hist_events,1,"{""date"": ""2024-05-12T06:00:00Z"", ""dateFormat"": ""iso""}"
589b422020078ac749f2e9ef91462cb9fb13055c33f604af6450b33067257f93,2024-05-13T06:00:00Z,,oddsapi/hist_events,1,"{""date"": ""2024-05-13T06:00:00Z"", ""dateFormat"": ""iso""}"
4fc4d91cce63a10e9e974b2d498058cdedd5e093010ce3da1bfa73bc95ecc177,2024-05-14T06:00:00Z,,oddsapi/hist_events,1,"{""date"": ""2024-05-14T06:00:00Z"", ""dateFormat"": ""iso""}"
086a40a793f92aa910c5f87b8bcdfb0d67fec8a957c15c64647d6317cdef5201,2024-05-15T06:00:00Z,,oddsapi/hist_events,1,"{""date"": ""2024-05-15T06:00:00Z"", ""dateFormat"": ""iso""}"
8a6e8015a72fdf8f7584e7521d7597da15123175612247e5e15787788adc0f29,2024-05-16T06:00:00Z,,oddsapi/hist_events,1,"{""date"": ""2024-05-16T06:00:00Z"", ""dateFormat"": ""iso""}"
bfcc1930f90948bd07f2a9bba98b8956d3f63b4760db37bb1ce7daae4a25cf6e,2024-05-17T06:00:00Z,,oddsapi/hist_events,1,"{""date"": ""2024-05-17T06:00:00Z"", ""dateFormat"": ""iso""}"
f2504bbbee7b9f978a8474145a2b93c6e2ef37234a3d334de95d0d1a5fd6f959,2024-05-18T06:00:00Z,,oddsapi/hist_events,1,"{""date"": ""2024-05-18T06:00:00Z"", ""dateFormat"": ""iso""}"
9d5ff499c413c12d82fb1781def2860712c90b90f8367fdbc936e4282ad02ab3,2024-05-19T06:00:00Z,,oddsapi/hist_events,1,"{""date"": ""2024-05-19T06:00:00Z"", ""dateFormat"": ""iso""}"
8978e8f801ec9fa35c214bc97d6daf07e33c2cee62da0a51c5ea177afe2df98b,2024-05-20T06:00:00Z,,oddsapi/hist_events,1,"{""date"": ""2024-05-20T06:00:00Z"", ""dateFormat"": ""iso""}"
f3670e45727d9e8b36d4e2dd47e3ec590665da138de3142ea1d95e094dfd5d4d,2024-05-21T06:00:00Z,,oddsapi/hist_events,1,"{""date"": ""2024-05-21T06:00:00Z"", ""dateFormat"": ""iso""}"
d18a078ce1230cd038cb64353958de0383167dcb41ad9eebb155f13cb09394c8,2024-05-22T06:00:00Z,,oddsapi/hist_events,1,"{""date"": ""2024-05-22T06:00:00Z"", ""dateFormat"": ""iso""}"
4f49ec4519c63e542a06216edeeb13b08e0a9a23161451bd5814bf92f5703a8d,2024-05-23T06:00:00Z,,oddsapi/hist_events,1,"{""date"": ""2024-05-23T06:00:00Z"", ""dateFormat"": ""iso""}"
cbcf2d60d389cd6acdbbab2687b07fc9f81560b4e912068b20dbd86cde150315,2024-05-24T06:00:00Z,,oddsapi/hist_events,1,"{""date"": ""2024-05-24T06:00:00Z"", ""dateFormat"": ""iso""}"
152fc7257443418aa2c104caf433537760b644a1c4429984f922c68ad7044568,2024-05-25T06:00:00Z,,oddsapi/hist_events,1,"{""date"": ""2024-05-25T06:00:00Z"", ""dateFormat"": ""iso""}"
221b616f4a8947ca38bebca9aa63fe190221411a5c5e4785b5a9de6eef7b83bc,2024-05-26T06:00:00Z,,oddsapi/hist_events,1,"{""date"": ""2024-05-26T06:00:00Z"", ""dateFormat"": ""iso""}"
b9fa72fef056d55deeeb8dbce26c755624933ab0c7749c03fad5b33a77752591,2024-05-27T06:00:00Z,,oddsapi/hist_events,1,"{""date"": ""2024-05-27T06:00:00Z"", ""dateFormat"": ""iso""}"
b15aa5f934a5c57027be69f9dab054064576781235f0669235ecaadb91058f7c,2024-05-28T06:00:00Z,,oddsapi/hist_events,1,"{""date"": ""2024-05-28T06:00:00Z"", ""dateFormat"": ""iso""}"
5f8e3d6bb0eedc5961347ba2bb4103865101e79c7a528d27bac82a735a44def8,2024-05-29T06:00:00Z,,oddsapi/hist_events,1,"{""date"": ""2024-05-29T06:00:00Z"", ""dateFormat"": ""iso""}"
ed57a1e47affc4c72a51e9b2a2ec351b58754811ba9b06043352521095154519,2024-05-30T06:00:00Z,,oddsapi/hist_events,1,"{""date"": ""2024-05-30T06:00:00Z"", ""dateFormat"": ""iso""}"
b7364a6faae1d93981ade443a36b9014adc2d171bd76fc70af06a23a8329d38e,2024-05-31T06:00:00Z,,oddsapi/hist_events,1,"{""date"": ""2024-05-31T06:00:00Z"", ""dateFormat"": ""iso""}"
e469f3fad7635d5b0ea4329f9760a58d94fcd807e056415a76740713830d7625,2024-06-01T06:00:00Z,,oddsapi/hist_events,1,"{""date"": ""2024-06-01T06:00:00Z"", ""dateFormat"": ""iso""}"
95d9806866f2c304a5d063ddb72f38d8744b36aaccf13e32210a81f6a57e78a4,2024-06-02T06:00:00Z,,oddsapi/hist_events,1,"{""date"": ""2024-06-02T06:00:00Z"", ""dateFormat"": ""iso""}"
a3fab9240d92d9d7aed0f50943442e4fcf75b02de2acec18c051267e76c0083b,2024-06-03T06:00:00Z,,oddsapi/hist_events,1,"{""date"": ""2024-06-03T06:00:00Z"", ""dateFormat"": ""iso""}"
bfe9bbd115f4b5ea8b13bd0d83e19ee23b23ce8bcb201cd363fe947c9569a792,2024-06-04T06:00:00Z,,oddsapi/hist_events,1,"{""date"": ""2024-06-04T06:00:00Z"", ""dateFormat"": ""iso""}"
efc3bc387086dc1bba5620108b17a1695202bec2fa6539ef66f01b97c7c0583b,2024-06-05T06:00:00Z,,oddsapi/hist_events,1,"{""date"": ""2024-06-05T06:00:00Z"", ""dateFormat"": ""iso""}"
73402f8c0d22af8d80195442d518dcb6ab7afca2062d24125c1eda6ea54be561,2024-06-06T06:00:00Z,,oddsapi/hist_events,1,"{""date"": ""2024-06-06T06:00:00Z"", ""dateFormat"": ""iso""}"
1bc358b784ba82a993b61076fdb1cc1c0c78c847764756f03188ed0ba48e6cc6,2024-06-07T06:00:00Z,,oddsapi/hist_events,1,"{""date"": ""2024-06-07T06:00:00Z"", ""dateFormat"": ""iso""}"
2cd813964c0ca10f68901d67a633d6fee51e392eb3ccc9786976269689490839,2024-06-08T06:00:00Z,,oddsapi/hist_events,1,"{""date"": ""2024-06-08T06:00:00Z"", ""dateFormat"": ""iso""}"
66fa4651a4527715a33a20aa1e6e4d246ba0a53afab435c630ff22b17ae2df15,2024-06-09T06:00:00Z,,oddsapi/hist_events,1,"{""date"": ""2024-06-09T06:00:00Z"", ""dateFormat"": ""iso""}"
eab6dbbf81f765facfdb9276d318fce11ae044e8b73fd0475afa89ca55b567dc,2024-06-10T06:00:00Z,,oddsapi/hist_events,1,"{""date"": ""2024-06-10T06:00:00Z"", ""dateFormat"": ""iso""}"
041d4a604a5b25ec58448c18ddd852b64260f7593c75891d53f9e82eb4ddf0d9,2024-06-11T06:00:00Z,,oddsapi/hist_events,1,"{""date"": ""2024-06-11T06:00:00Z"", ""dateFormat"": ""iso""}"
58eb12131073971e60e318e3336da47d0ac1e10cb99dca9882216881afe75bfd,2024-06-12T06:00:00Z,,oddsapi/hist_events,1,"{""date"": ""2024-06-12T06:00:00Z"", ""dateFormat"": ""iso""}"
b565943ef19bcb13bfe92ba2ad311845b0a0755098d030995ba773684be80d4c,2024-06-13T06:00:00Z,,oddsapi/hist_events,1,"{""date"": ""2024-06-13T06:00:00Z"", ""dateFormat"": ""iso""}"
1f0e60786a317735902dd094a4ab7c5a7a837fc68e64a1d5301854a30890a04b,2024-06-14T06:00:00Z,,oddsapi/hist_events,1,"{""date"": ""2024-06-14T06:00:00Z"", ""dateFormat"": ""iso""}"
8336cfdc7abff1e84b6b71c463e759241c9231b10fb8489641c0632d5795cdb1,2024-06-15T06:00:00Z,,oddsapi/hist_events,1,"{""date"": ""2024-06-15T06:00:00Z"", ""dateFormat"": ""iso""}"
6a0a96371fa7b35c62fde4e63092ae48fce6cee0e47b903b41a18d3c0e187297,2024-06-16T06:00:00Z,,oddsapi/hist_events,1,"{""date"": ""2024-06-16T06:00:00Z"", ""dateFormat"": ""iso""}"
0e07f2a64658330c101ec39305570b3710678b7239a83b79ff2a0cd5d2334d91,2024-06-17T06:00:00Z,,oddsapi/hist_events,1,"{""date"": ""2024-06-17T06:00:00Z"", ""dateFormat"": ""iso""}"
2304f36e8e364316e62ae7725ebe73e7fadc3c0b48f5fe25d0048ef24de6fe76,2024-06-18T06:00:00Z,,oddsapi/hist_events,1,"{""date"": ""2024-06-18T06:00:00Z"", ""dateFormat"": ""iso""}"
ff5e67159a05e7bac1bf6f42808837d93c89f3f3e93d6062cd787aab5b918c00,2024-06-19T06:00:00Z,,oddsapi/hist_events,1,"{""date"": ""2024-06-19T06:00:00Z"", ""dateFormat"": ""iso""}"
93482cf144bcc1e09b7ed54b272e5f8d9d81a971a2f1a5e9083aad10f611ad8c,2024-06-20T06:00:00Z,,oddsapi/hist_events,1,"{""date"": ""2024-06-20T06:00:00Z"", ""dateFormat"": ""iso""}"
a2b8ad75b04117e02c4cf8e54b7570e02eb2cbc757ee3b2ba3ecfc99eb31b8e4,2024-06-21T06:00:00Z,,oddsapi/hist_events,1,"{""date"": ""2024-06-21T06:00:00Z"", ""dateFormat"": ""iso""}"
89b3833f6e3b1bea1541bbf43f994e4fde93b6e65cd44b91f068fec3cc189855,2024-06-22T06:00:00Z,,oddsapi/hist_events,1,"{""date"": ""2024-06-22T06:00:00Z"", ""dateFormat"": ""iso""}"
a6f788f951fa01efef8fe8e0408163411dfc556c6a6f55589d3781a2211b7db9,2024-06-23T06:00:00Z,,oddsapi/hist_events,1,"{""date"": ""2024-06-23T06:00:00Z"", ""dateFormat"": ""iso""}"
5b4effbeea50d548f9f319a470133b40f563f750a3db1ab979e08e7eab21436a,2024-06-24T06:00:00Z,,oddsapi/hist_events,1,"{""date"": ""2024-06-24T06:00:00Z"", ""dateFormat"": ""iso""}"
b34354ed282fa379bf801fd653c783d2fe8dcef59ade96d49cc37fe977412cfd,2024-06-25T06:00:00Z,,oddsapi/hist_events,1,"{""date"": ""2024-06-25T06:00:00Z"", ""dateFormat"": ""iso""}"
3d53a51bce632b9c4e08ad2e1e6783aa8bfd8150abd48af03a522673656d47df,2024-06-26T06:00:00Z,,oddsapi/hist_events,1,"{""date"": ""2024-06-26T06:00:00Z"", ""dateFormat"": ""iso""}"
e3fa92f920bdfbce9fc088b2104fadcd4772f725b459fda3501e1906109d6e68,2024-06-27T06:00:00Z,,oddsapi/hist_events,1,"{""date"": ""2024-06-27T06:00:00Z"", ""dateFormat"": ""iso""}"
425e904bbad07e409349b23a7929293bb0e1fe96fbd71af8ac8c96029541e12b,2024-06-28T06:00:00Z,,oddsapi/hist_events,1,"{""date"": ""2024-06-28T06:00:00Z"", ""dateFormat"": ""iso""}"
9f56c96166e4f78262722b3b02fe8ce3e2cacac829ce1a588c98e748b402067b,2024-06-29T06:00:00Z,,oddsapi/hist_events,1,"{""date"": ""2024-06-29T06:00:00Z"", ""dateFormat"": ""iso""}"
67af0ecdb02890675ee67092b53f8e52561cd4c0ed8cd9ffb356890230478319,2024-06-30T06:00:00Z,,oddsapi/hist_events,1,"{""date"": ""2024-06-30T06:00:00Z"", ""dateFormat"": ""iso""}"
e4d659835c53c522210988957e953a779cbb400712300819b21eb757d6a00f20,2024-07-01T06:00:00Z,,oddsapi/hist_events,1,"{""date"": ""2024-07-01T06:00:00Z"", ""dateFormat"": ""iso""}"
64153df651097151068f4a2da8e90b3cb306f624dc8f713e250f4ecc9e470034,2024-07-02T06:00:00Z,,oddsapi/hist_events,1,"{""date"": ""2024-07-02T06:00:00Z"", ""dateFormat"": ""iso""}"
735b86aa33815d568daef74bff0db27e4ca083728dca6c5d7663c78a1e760848,2024-07-03T06:00:00Z,,oddsapi/hist_events,1,"{""date"": ""2024-07-03T06:00:00Z"", ""dateFormat"": ""iso""}"
3da5f04cde0e5e0e90931b2f2bc50df960204c13c7ffcaf1d9cf16138ba0218e,2024-07-04T06:00:00Z,,oddsapi/hist_events,1,"{""date"": ""2024-07-04T06:00:00Z"", ""dateFormat"": ""iso""}"
aaa50f91daec750d097d110db18e04c0a0ec03a93d4d275689b9b5bd2ed29168,2024-07-05T06:00:00Z,,oddsapi/hist_events,1,"{""date"": ""2024-07-05T06:00:00Z"", ""dateFormat"": ""iso""}"
01c962c24dfb5f8cb23d1fde7b875347134c6696e8b68158eaf54ed3ceaf9571,2024-07-06T06:00:00Z,,oddsapi/hist_events,1,"{""date"": ""2024-07-06T06:00:00Z"", ""dateFormat"": ""iso""}"
93abc206086fedb29243157e6a4ab2f816c70045c0ad35cc0d06a8227f5df9a3,2024-07-07T06:00:00Z,,oddsapi/hist_events,1,"{""date"": ""2024-07-07T06:00:00Z"", ""dateFormat"": ""iso""}"
650a4683bf7822f2031899b974389bbe53da909adda9bbf32b6badbb324db11e,2024-07-08T06:00:00Z,,oddsapi/hist_events,1,"{""date"": ""2024-07-08T06:00:00Z"", ""dateFormat"": ""iso""}"
f091f5a37d91d53d403772c5b4bb759246bd12976bd87c47a83e19a3f0c7bd7c,2024-07-09T06:00:00Z,,oddsapi/hist_events,1,"{""date"": ""2024-07-09T06:00:00Z"", ""dateFormat"": ""iso""}"
03e7cbbdecf352920d6e6088688c5a568c1325d20ad60e2ee7a0c8224142d5ac,2024-07-10T06:00:00Z,,oddsapi/hist_events,1,"{""date"": ""2024-07-10T06:00:00Z"", ""dateFormat"": ""iso""}"
33556b687f8dc116c1460791c2dbc0cddc813ae068b6920cf626e302f051f6d4,2024-07-11T06:00:00Z,,oddsapi/hist_events,1,"{""date"": ""2024-07-11T06:00:00Z"", ""dateFormat"": ""iso""}"
18a5a123c9b5b7ddc86e1bcb424ff7be1ac5c76fc9b37e3911db29ecbfea5d1f,2024-07-12T06:00:00Z,,oddsapi/hist_events,1,"{""date"": ""2024-07-12T06:00:00Z"", ""dateFormat"": ""iso""}"
fd3c4a7a79ac13b852e3315cc819a7d700f6d29b377bca779ccd392f82ab3038,2024-07-13T06:00:00Z,,oddsapi/hist_events,1,"{""date"": ""2024-07-13T06:00:00Z"", ""dateFormat"": ""iso""}"
225c044c9446710c66d62ef94d6cc3e7c335d007022f7b4e9b78c5d3db0b099a,2024-07-14T06:00:00Z,,oddsapi/hist_events,1,"{""date"": ""2024-07-14T06:00:00Z"", ""dateFormat"": ""iso""}"
be9f2e0ddeccefe45c9a99afba2b250247c38599f27c443edd1110948e0dd8b6,2024-07-15T06:00:00Z,,oddsapi/hist_events,1,"{""date"": ""2024-07-15T06:00:00Z"", ""dateFormat"": ""iso""}"
e774b89000eef94d85a42a7f685bc15e2de09d414b3c705a8967fb52cd51fde9,2024-07-16T06:00:00Z,,oddsapi/hist_events,1,"{""date"": ""2024-07-16T06:00:00Z"", ""dateFormat"": ""iso""}"
9e2704d5a2a8780330c9f70f7bad9534984b5d13eded6d1d5ad6b7d7f37dc345,2024-07-17T06:00:00Z,,oddsapi/hist_events,1,"{""date"": ""2024-07-17T06:00:00Z"", ""dateFormat"": ""iso""}"
b00055409432e328785abe54e057dca1ba8264cd40989b1166afc6586eca6b81,2024-07-18T06:00:00Z,,oddsapi/hist_events,1,"{""date"": ""2024-07-18T06:00:00Z"", ""dateFormat"": ""iso""}"
72696a7b9193857389d7a8ce9f3d32120b70588a901f6c3918086ff627c6bcd1,2024-07-19T06:00:00Z,,oddsapi/hist_events,1,"{""date"": ""2024-07-19T06:00:00Z"", ""dateFormat"": ""iso""}"
99db8569e70eb0e8e84ab4c6b44b83e2f5eb23636b69c9eb30154392a3ea694f,2024-07-20T06:00:00Z,,oddsapi/hist_events,1,"{""date"": ""2024-07-20T06:00:00Z"", ""dateFormat"": ""iso""}"
c1fda4782ee1186727fbdfba587f626552a48d93c27852519b9b71b866805f0a,2024-07-21T06:00:00Z,,oddsapi/hist_events,1,"{""date"": ""2024-07-21T06:00:00Z"", ""dateFormat"": ""iso""}"
da1da119cc0659f2d7700464f51bf4dec1835ef1e728fa50738103df37724669,2024-07-22T06:00:00Z,,oddsapi/hist_events,1,"{""date"": ""2024-07-22T06:00:00Z"", ""dateFormat"": ""iso""}"
c519fe10ea9f369998bef907064f5ddbd1c7d12d5c6d9916d7c1b7421eaa1e2b,2024-07-23T06:00:00Z,,oddsapi/hist_events,1,"{""date"": ""2024-07-23T06:00:00Z"", ""dateFormat"": ""iso""}"
76311d555855b550964ad0acb16cc3f681e2bab496186e49535ca29196581fa5,2024-07-24T06:00:00Z,,oddsapi/hist_events,1,"{""date"": ""2024-07-24T06:00:00Z"", ""dateFormat"": ""iso""}"
f509dda33637936bec55a1520285324dcb7a3bf947ceee12a644ea2133fa9739,2024-07-25T06:00:00Z,,oddsapi/hist_events,1,"{""date"": ""2024-07-25T06:00:00Z"", ""dateFormat"": ""iso""}"
037f850ff1e6e2d93dbaf0f50c6ff923b6c844316791b0aa03cc9c59a034aa42,2024-07-26T06:00:00Z,,oddsapi/hist_events,1,"{""date"": ""2024-07-26T06:00:00Z"", ""dateFormat"": ""iso""}"
ed80fd4a64cfe84fad85de09e6b19d46b67f69a884436e7d78cc278a11d63d60,2024-07-27T06:00:00Z,,oddsapi/hist_events,1,"{""date"": ""2024-07-27T06:00:00Z"", ""dateFormat"": ""iso""}"
d7ce4ce7e259490d9e56a7abe5f9e8d957e03640db0b75c50bb732929ae26ad3,2024-07-28T06:00:00Z,,oddsapi/hist_events,1,"{""date"": ""2024-07-28T06:00:00Z"", ""dateFormat"": ""iso""}"
39cde3e23804700d4b3987d32990c42681c79a52be58170638041a4232b606e1,2024-07-29T06:00:00Z,,oddsapi/hist_events,1,"{""date"": ""2024-07-29T06:00:00Z"", ""dateFormat"": ""iso""}"
428fad344ae322060842f4999924f78d88c28e11545352cc334cde331e621e44,2024-07-30T06:00:00Z,,oddsapi/hist_events,1,"{""date"": ""2024-07-30T06:00:00Z"", ""dateFormat"": ""iso""}"
4cb2cf9a3a4657c79b18da8f96a996bbe8796a0848894dd8b3f43d0ac81283c7,2024-07-31T06:00:00Z,,oddsapi/hist_events,1,"{""date"": ""2024-07-31T06:00:00Z"", ""dateFormat"": ""iso""}"
dcc2ad838cda28fab06dfe5172636259c4c2ffdea82ad2e7320b22886c357c0a,2024-08-01T06:00:00Z,,oddsapi/hist_events,1,"{""date"": ""2024-08-01T06:00:00Z"", ""dateFormat"": ""iso""}"
5735da3c2ecd8410f89c059919e746f9536d8ba5efaec160dc53129015902df1,2024-08-02T06:00:00Z,,oddsapi/hist_events,1,"{""date"": ""2024-08-02T06:00:00Z"", ""dateFormat"": ""iso""}"
9bb0980a1614567e07b6b7e245e440e5ad3eb8935bc99673ae2885db3c9a56c8,2024-08-03T06:00:00Z,,oddsapi/hist_events,1,"{""date"": ""2024-08-03T06:00:00Z"", ""dateFormat"": ""iso""}"
84f852c1f37f8d27be76f67ec0d91137b56b59819731c47981570782a1d6a931,2024-08-04T06:00:00Z,,oddsapi/hist_events,1,"{""date"": ""2024-08-04T06:00:00Z"", ""dateFormat"": ""iso""}"
1facffeacc7da44fe585fe187a206178957d4f638cc63f890c1e67ac69a9e4a6,2024-08-05T06:00:00Z,,oddsapi/hist_events,1,"{""date"": ""2024-08-05T06:00:00Z"", ""dateFormat"": ""iso""}"
16f209bbf1f51854c0e7caeae6541983a2b2613991b8dc4359fbdbcbf6aa5872,2024-08-06T06:00:00Z,,oddsapi/hist_events,1,"{""date"": ""2024-08-06T06:00:00Z"", ""dateFormat"": ""iso""}"
32da84aa200f5685f363c2de77c3c2e00016ae5e3b4554048730ef0ebf9d1a9a,2024-08-07T06:00:00Z,,oddsapi/hist_events,1,"{""date"": ""2024-08-07T06:00:00Z"", ""dateFormat"": ""iso""}"
1d065b37bebf4a191a074532b9ae0d1b5155b9a50fa50559a2dba5bdf1481999,2024-08-08T06:00:00Z,,oddsapi/hist_events,1,"{""date"": ""2024-08-08T06:00:00Z"", ""dateFormat"": ""iso""}"
7bb1a351fdb79446952cf6bdd85bad4d1994a9dc3401e07c95c6f215ece7cc6e,2024-08-09T06:00:00Z,,oddsapi/hist_events,1,"{""date"": ""2024-08-09T06:00:00Z"", ""dateFormat"": ""iso""}"
0143c1ecc93e1783bdc5d457fe2930a5ccd841493ce9c38aee3f17574c419fe7,2024-08-10T06:00:00Z,,oddsapi/hist_events,1,"{""date"": ""2024-08-10T06:00:00Z"", ""dateFormat"": ""iso""}"
60a0b8d21987f70befb8f8f9a4ea8945445140542b3785520d0391d712c1d349,2024-08-11T06:00:00Z,,oddsapi/hist_events,1,"{""date"": ""2024-08-11T06:00:00Z"", ""dateFormat"": ""iso""}"
b736285f482d4827c88f76ace8d50850c05849b6d51a79ecb96c18afe21b57a5,2024-08-12T06:00:00Z,,oddsapi/hist_events,1,"{""date"": ""2024-08-12T06:00:00Z"", ""dateFormat"": ""iso""}"
acb97010af9ece1ea5f180ec733892c8b07d08606aaf98b224b76b3b94b6f69d,2024-08-13T06:00:00Z,,oddsapi/hist_events,1,"{""date"": ""2024-08-13T06:00:00Z"", ""dateFormat"": ""iso""}"
69d2391cbb4c869ffb40e81bdaa4bff811cca56bb5a8a2e6ef3baed269ae0d0b,2024-08-14T06:00:00Z,,oddsapi/hist_events,1,"{""date"": ""2024-08-14T06:00:00Z"", ""dateFormat"": ""iso""}"
d2f96129e071570f7d92b1465e2e66840682d2baa33af08ed113cb5de66b3bb2,2024-08-15T06:00:00Z,,oddsapi/hist_events,1,"{""date"": ""2024-08-15T06:00:00Z"", ""dateFormat"": ""iso""}"
b3081277851eb89468b749282b37383e3eb297fdf12e4b8d41d8bc84b7cdd841,2024-08-16T06:00:00Z,,oddsapi/hist_events,1,"{""date"": ""2024-08-16T06:00:00Z"", ""dateFormat"": ""iso""}"
7be780a3e7219f051655d850728285c459f00ed237728d357de89297ffabbbb2,2024-08-17T06:00:00Z,,oddsapi/hist_events,1,"{""date"": ""2024-08-17T06:00:00Z"", ""dateFormat"": ""iso""}"
2d0223da4ef23af07241604bb637c5200b208aceafc0a46c315f4744dc1d34e3,2024-08-18T06:00:00Z,,oddsapi/hist_events,1,"{""date"": ""2024-08-18T06:00:00Z"", ""dateFormat"": ""iso""}"
8a7a00ba0f90b356df82bf05af5c13331539ca9bbbd6bac658368b31ae42ea51,2024-08-19T06:00:00Z,,oddsapi/hist_events,1,"{""date"": ""2024-08-19T06:00:00Z"", ""dateFormat"": ""iso""}"
1d514318c62df13ba7887663f3cb404da8c8660bdf1010099b64104378beafc7,2024-08-20T06:00:00Z,,oddsapi/hist_events,1,"{""date"": ""2024-08-20T06:00:00Z"", ""dateFormat"": ""iso""}"
9fbc6c8db5325f1d74eed05752bee0ee601c4cf64e6261a2510af7016498ce63,2024-08-21T06:00:00Z,,oddsapi/hist_events,1,"{""date"": ""2024-08-21T06:00:00Z"", ""dateFormat"": ""iso""}"
79d9b75c0df888a037522b28a4d0c0601aa1b7fc74eb44f8d47bce544c30fdab,2024-08-22T06:00:00Z,,oddsapi/hist_events,1,"{""date"": ""2024-08-22T06:00:00Z"", ""dateFormat"": ""iso""}"
157210fc0f1dbb4573e5fb1ce7647e4fab8411fb66c542c2d3a1f415de6ef746,2024-08-23T06:00:00Z,,oddsapi/hist_events,1,"{""date"": ""2024-08-23T06:00:00Z"", ""dateFormat"": ""iso""}"
150f5ac151b02f0245786749f9831199bd437ed3221346ebc07f4e8c2686fc12,2024-08-24T06:00:00Z,,oddsapi/hist_events,1,"{""date"": ""2024-08-24T06:00:00Z"", ""dateFormat"": ""iso""}"
fa296ea9f1c959b5dab0ef43ec0402e88e6ddece20ee6d8203d50bfd44e0ac20,2024-08-25T06:00:00Z,,oddsapi/hist_events,1,"{""date"": ""2024-08-25T06:00:00Z"", ""dateFormat"": ""iso""}"
973fc06d31fb0c77ef129b66dcec721d13bbf20a0487436a25e4d0e8e19b5487,2024-08-26T06:00:00Z,,oddsapi/hist_events,1,"{""date"": ""2024-08-26T06:00:00Z"", ""dateFormat"": ""iso""}"
c2849ea89e3111e9ffabb19bc5a343f6d7b7666b04e01c531e8ff9b5e0496bc0,2024-08-27T06:00:00Z,,oddsapi/hist_events,1,"{""date"": ""2024-08-27T06:00:00Z"", ""dateFormat"": ""iso""}"
dcb201956995779025e030706990ed45b423cd09cee5f2c2b8041be640489a7e,2024-08-28T06:00:00Z,,oddsapi/hist_events,1,"{""date"": ""2024-08-28T06:00:00Z"", ""dateFormat"": ""iso""}"
949f0ef26005f48bc248a3a8cb1fd35643baee2dbd3cbdda8e00d22e39749942,2024-08-29T06:00:00Z,,oddsapi/hist_events,1,"{""date"": ""2024-08-29T06:00:00Z"", ""dateFormat"": ""iso""}"
a744fb8c46791a9c597fdf90ade85a412dbb861def2e7a4594140b464bd3c8aa,2024-08-30T06:00:00Z,,oddsapi/hist_events,1,"{""date"": ""2024-08-30T06:00:00Z"", ""dateFormat"": ""iso""}"
af87cfd12314cd3ea0ea740141afd3eefa200e761e1ba5620b6ca0412ba97472,2024-08-31T06:00:00Z,,oddsapi/hist_events,1,"{""date"": ""2024-08-31T06:00:00Z"", ""dateFormat"": ""iso""}"
70fb217e9f97d31ad8bd2793a87f95d4a1dbb4e3d50c4d5e038c34eac508eacc,2024-09-02T06:00:00Z,,oddsapi/hist_events,1,"{""date"": ""2024-09-02T06:00:00Z"", ""dateFormat"": ""iso""}"
2819ba52b0f65f7f1628041f9868de18da8640ba3f0c56a85d64d711849d38a1,2024-09-04T06:00:00Z,,oddsapi/hist_events,1,"{""date"": ""2024-09-04T06:00:00Z"", ""dateFormat"": ""iso""}"
97c615919bbc0687db4ae53b234bd14268139bdcbb33472bbb5e8e24c51ed75d,2024-09-06T06:00:00Z,,oddsapi/hist_events,1,"{""date"": ""2024-09-06T06:00:00Z"", ""dateFormat"": ""iso""}"
5248d3f65a96a6ede83aeb82662e292ecac01b049d33445cd5d6c8a974e2b809,2024-09-08T06:00:00Z,,oddsapi/hist_events,1,"{""date"": ""2024-09-08T06:00:00Z"", ""dateFormat"": ""iso""}"
704219182c2b158344244774e4aadd1059f50a481ee211587bd57711923c3a7b,2024-09-10T06:00:00Z,,oddsapi/hist_events,1,"{""date"": ""2024-09-10T06:00:00Z"", ""dateFormat"": ""iso""}"
998c8786a4597d6f8313476585b5c67d3139a9c7d25cfe8d9b360f7f69b02471,2024-09-12T06:00:00Z,,oddsapi/hist_events,1,"{""date"": ""2024-09-12T06:00:00Z"", ""dateFormat"": ""iso""}"
0f4c7930a03217069f3ef0687aaaf36e3c287241fd92149fa978b175b3d9cbf3,2024-09-14T06:00:00Z,,oddsapi/hist_events,1,"{""date"": ""2024-09-14T06:00:00Z"", ""dateFormat"": ""iso""}"
9540a86386a9aaeb38bef941df53c05dc8731cf7a002900031b30d1ac629ec4a,2024-09-16T06:00:00Z,,oddsapi/hist_events,1,"{""date"": ""2024-09-16T06:00:00Z"", ""dateFormat"": ""iso""}"
1a4c503c612a8592f1440c1f6b5ea408d45f32f102f3e54c9fb0accc75cbeed7,2024-09-18T06:00:00Z,,oddsapi/hist_events,1,"{""date"": ""2024-09-18T06:00:00Z"", ""dateFormat"": ""iso""}"
f5c1f35564f8f58f686f3071be618e577f6ee4b6eb7b639204f2b61a4c4c822e,2024-09-20T06:00:00Z,,oddsapi/hist_events,1,"{""date"": ""2024-09-20T06:00:00Z"", ""dateFormat"": ""iso""}"
a0153e59f48389376d55276eed6600867a8c5174667718beb21ac747657d82fc,2024-09-22T06:00:00Z,,oddsapi/hist_events,1,"{""date"": ""2024-09-22T06:00:00Z"", ""dateFormat"": ""iso""}"
f26dcedd8f118033320c713793cb2fd3b466ab2c5565b8b019e61dd52f530d72,2024-09-24T06:00:00Z,,oddsapi/hist_events,1,"{""date"": ""2024-09-24T06:00:00Z"", ""dateFormat"": ""iso""}"
75c4790bbcd42fd6e3cd23cdf2a3f844de1153f5f95d23e6f22c5d452f753802,2024-09-26T06:00:00Z,,oddsapi/hist_events,1,"{""date"": ""2024-09-26T06:00:00Z"", ""dateFormat"": ""iso""}"
3f58951a20bf22797c17944134da2fa22587c81fdd0dccf18115840d4d833344,2024-09-28T06:00:00Z,,oddsapi/hist_events,1,"{""date"": ""2024-09-28T06:00:00Z"", ""dateFormat"": ""iso""}"
770ac0b56f774369f282ec28754be01c6471f0238a99df41df36bbe27eef5a15,2024-09-30T06:00:00Z,,oddsapi/hist_events,1,"{""date"": ""2024-09-30T06:00:00Z"", ""dateFormat"": ""iso""}"
acbd03cf58cc9c925728f1abab856a1a1ac62e0a50dacfd6828d5f60ec593717,2024-10-02T06:00:00Z,,oddsapi/hist_events,1,"{""date"": ""2024-10-02T06:00:00Z"", ""dateFormat"": ""iso""}"
71759acabf30e39f5b0148b80eb3f8c4b1986da66f8eb7372eba9013bfb5d762,2024-10-04T06:00:00Z,,oddsapi/hist_events,1,"{""date"": ""2024-10-04T06:00:00Z"", ""dateFormat"": ""iso""}"
f444cc095a3776265bf4577aa2eab5f787065bd0b92f85ae4b10408447624043,2024-10-06T06:00:00Z,,oddsapi/hist_events,1,"{""date"": ""2024-10-06T06:00:00Z"", ""dateFormat"": ""iso""}"
d48666597be9a4ca4e6bb866fb005b84f69e9fa78a0a6b23632d8afb53650eb7,2024-10-08T06:00:00Z,,oddsapi/hist_events,1,"{""date"": ""2024-10-08T06:00:00Z"", ""dateFormat"": ""iso""}"
7cf213f51a53372357d7cf8321b7350be631ed2c10e0a69bf1fce17e4130495f,2024-10-10T06:00:00Z,,oddsapi/hist_events,1,"{""date"": ""2024-10-10T06:00:00Z"", ""dateFormat"": ""iso""}"
a2673ad7f803079adc9472dc1f45d711e6bef9a1879719405ee6dfeb572d0606,2024-10-12T06:00:00Z,,oddsapi/hist_events,1,"{""date"": ""2024-10-12T06:00:00Z"", ""dateFormat"": ""iso""}"
72b1f015270971b8b70c29cddf68ee2d3c5eb305d301b47b4b30800a8c0dd5db,2024-10-14T06:00:00Z,,oddsapi/hist_events,1,"{""date"": ""2024-10-14T06:00:00Z"", ""dateFormat"": ""iso""}"
d0273bfa2ebab665beb4806bb99b3d90dda6ba99b8fd3d97491320d8eed49f61,2024-10-16T06:00:00Z,,oddsapi/hist_events,1,"{""date"": ""2024-10-16T06:00:00Z"", ""dateFormat"": ""iso""}"
48f7bc44c1dce91029bd19a73139904bc77882306fc637f13ec9305e4fbfe268,2024-10-18T06:00:00Z,,oddsapi/hist_events,1,"{""date"": ""2024-10-18T06:00:00Z"", ""dateFormat"": ""iso""}"
8651fbc7c4cdfaf6e69a30a14a25b6789050f05565087c3a2e667bdecf2d821a,2024-10-20T06:00:00Z,,oddsapi/hist_events,1,"{""date"": ""2024-10-20T06:00:00Z"", ""dateFormat"": ""iso""}"
fd1c28a2ff0702dd350f3afea8ec29de56dd5e30a76ab15c78775aae6fa9286b,2024-10-22T06:00:00Z,,oddsapi/hist_events,1,"{""date"": ""2024-10-22T06:00:00Z"", ""dateFormat"": ""iso""}"
e417515c2e7cab9fd5a8918ff1011088d15a8c3912d94a3b79b81b7385db4153,2024-10-24T06:00:00Z,,oddsapi/hist_events,1,"{""date"": ""2024-10-24T06:00:00Z"", ""dateFormat"": ""iso""}"
adc8c8f360dfeb839a4743d609137644f5f1ef2501b035489c19815d47695f1b,2024-10-26T06:00:00Z,,oddsapi/hist_events,1,"{""date"": ""2024-10-26T06:00:00Z"", ""dateFormat"": ""iso""}"
f9ff613346baf5744f3dd6b3158672a7c88d47662d3c231dc5414591428389d8,2024-10-28T06:00:00Z,,oddsapi/hist_events,1,"{""date"": ""2024-10-28T06:00:00Z"", ""dateFormat"": ""iso""}"
a16cf0c889cb1dae0637182b479333f92b0a061f63c5a3b3c131259010ba4a79,2024-10-30T06:00:00Z,,oddsapi/hist_events,1,"{""date"": ""2024-10-30T06:00:00Z"", ""dateFormat"": ""iso""}"
653954439c93babf90d3decad121227aeceb74eb2f2a37c1404d799b98ee98ec,2024-11-01T06:00:00Z,,oddsapi/hist_events,1,"{""date"": ""2024-11-01T06:00:00Z"", ""dateFormat"": ""iso""}"
4006bb3f0512a2faa86b703e2a0341fb91df54f799810c5e06d6af977f6518f1,2024-11-03T06:00:00Z,,oddsapi/hist_events,1,"{""date"": ""2024-11-03T06:00:00Z"", ""dateFormat"": ""iso""}"
919adc6899c3e96015043463c623dc2f18c0f6c3e76febe3a07b852724297a82,2024-11-05T06:00:00Z,,oddsapi/hist_events,1,"{""date"": ""2024-11-05T06:00:00Z"", ""dateFormat"": ""iso""}"
32a81c2e7f2988a02ee8ed74aa698f3f3fe2349c7f1c53e7322f2a567d353e88,2024-11-07T06:00:00Z,,oddsapi/hist_events,1,"{""date"": ""2024-11-07T06:00:00Z"", ""dateFormat"": ""iso""}"
7497343714184e478f01ebc375d9954205b32468d4101fb204af651abdab5451,2024-11-09T06:00:00Z,,oddsapi/hist_events,1,"{""date"": ""2024-11-09T06:00:00Z"", ""dateFormat"": ""iso""}"
aeb601010bdd103e01ca89e86789e802078afe8d1d3494daa805bf93d5625413,2024-11-11T06:00:00Z,,oddsapi/hist_events,1,"{""date"": ""2024-11-11T06:00:00Z"", ""dateFormat"": ""iso""}"
f2551f2534c951c837e2fd02b274d96d02781766a97e64f26c7bf4613517abce,2024-11-13T06:00:00Z,,oddsapi/hist_events,1,"{""date"": ""2024-11-13T06:00:00Z"", ""dateFormat"": ""iso""}"
f33ebbb65365073856dcbb932c752e6d0b495f53d37d1a9093ae109acd981fe4,2024-11-15T06:00:00Z,,oddsapi/hist_events,1,"{""date"": ""2024-11-15T06:00:00Z"", ""dateFormat"": ""iso""}"
56179e7cc2254253a8b7f5f5f055b576d0897294ea9826c909e552bf5983fbc8,2024-11-17T06:00:00Z,,oddsapi/hist_events,1,"{""date"": ""2024-11-17T06:00:00Z"", ""dateFormat"": ""iso""}"
ff717acfeec49a78908c4ba7011e4628b69af2f7e290cf478bef2525faa3b348,2024-11-19T06:00:00Z,,oddsapi/hist_events,1,"{""date"": ""2024-11-19T06:00:00Z"", ""dateFormat"": ""iso""}"
477add4994913101f74c00da8a8d53330b1f2f7ecd18e772d8a1a8f6678f91a5,2024-11-21T06:00:00Z,,oddsapi/hist_events,1,"{""date"": ""2024-11-21T06:00:00Z"", ""dateFormat"": ""iso""}"
7083f7253c28ff2b1a1ff0d2e751fc34ff6c2b2c1ccc7aa77e175e04a2a681b3,2024-11-23T06:00:00Z,,oddsapi/hist_events,1,"{""date"": ""2024-11-23T06:00:00Z"", ""dateFormat"": ""iso""}"
d3dab51c82954937c4345c80d23de39db2521edfb5f1c4020747ba55a8c26634,2024-11-25T06:00:00Z,,oddsapi/hist_events,1,"{""date"": ""2024-11-25T06:00:00Z"", ""dateFormat"": ""iso""}"
cd0ec7c6ba65018982a0c0b0187961bf8ba420511aa31324441c38ec970f0922,2024-11-27T06:00:00Z,,oddsapi/hist_events,1,"{""date"": ""2024-11-27T06:00:00Z"", ""dateFormat"": ""iso""}"
21ed45ebaf6da44d8b64d12c18d40a7a7c6c7864eb5a5a92110155c4107b53a5,2024-11-29T06:00:00Z,,oddsapi/hist_events,1,"{""date"": ""2024-11-29T06:00:00Z"", ""dateFormat"": ""iso""}"
faef49182f0d4c3c007cd79fccc072c9a505d5ee862f6fb91968df00adc177d0,2024-12-01T06:00:00Z,,oddsapi/hist_events,1,"{""date"": ""2024-12-01T06:00:00Z"", ""dateFormat"": ""iso""}"
d1bdf7db447cee641747883063ab08545c85a62dcdc201ff1c185a9e05a88fc3,2024-12-03T06:00:00Z,,oddsapi/hist_events,1,"{""date"": ""2024-12-03T06:00:00Z"", ""dateFormat"": ""iso""}"
7eefa7fa1bcd843a2a8c4f5850cd3a6e4395890e091c69085da98a2f30ce6a9b,2024-12-05T06:00:00Z,,oddsapi/hist_events,1,"{""date"": ""2024-12-05T06:00:00Z"", ""dateFormat"": ""iso""}"
a20945cff6b1bc5b4fae88ef3be5955a9cb0dacd23de912d2d79df2bc36bc138,2024-12-07T06:00:00Z,,oddsapi/hist_events,1,"{""date"": ""2024-12-07T06:00:00Z"", ""dateFormat"": ""iso""}"
c7cce27ea98996b5f620dc6c698d090b0e87397873889ad7e1dee747b21d3f4c,2024-12-09T06:00:00Z,,oddsapi/hist_events,1,"{""date"": ""2024-12-09T06:00:00Z"", ""dateFormat"": ""iso""}"
67c2d09eaf083b7e5282531f1c9da9a3f15018f12c46e314dd0fb3dac5afaf01,2024-12-11T06:00:00Z,,oddsapi/hist_events,1,"{""date"": ""2024-12-11T06:00:00Z"", ""dateFormat"": ""iso""}"
3da3033a0b5bc0fd13a1067cdebd272167893593bf116f4c8ac580224f10e13e,2024-12-13T06:00:00Z,,oddsapi/hist_events,1,"{""date"": ""2024-12-13T06:00:00Z"", ""dateFormat"": ""iso""}"
625cc2dfe3fecdb0693486a0e58d549c3776e977c2d04f4a2d319d265794f2d5,2024-12-15T06:00:00Z,,oddsapi/hist_events,1,"{""date"": ""2024-12-15T06:00:00Z"", ""dateFormat"": ""iso""}"
f260ffbdd1ab619e73584b8e24fca5daadb1dc9250afebef9805205b3c150789,2024-12-17T06:00:00Z,,oddsapi/hist_events,1,"{""date"": ""2024-12-17T06:00:00Z"", ""dateFormat"": ""iso""}"
d53075286de0c4597a1665adaa56859e3811a47f78327153dce9ba8e57910eb6,2024-12-19T06:00:00Z,,oddsapi/hist_events,1,"{""date"": ""2024-12-19T06:00:00Z"", ""dateFormat"": ""iso""}"
e18c7e6542254f49a230de8d47b17b6b838866e7e8d0bcfe28513604233abfb3,2024-12-21T06:00:00Z,,oddsapi/hist_events,1,"{""date"": ""2024-12-21T06:00:00Z"", ""dateFormat"": ""iso""}"
0b609be1c2c539de9ad7b83ae528de7d48f4d7dac9c95e19a31595ea2b26fefb,2024-12-23T06:00:00Z,,oddsapi/hist_events,1,"{""date"": ""2024-12-23T06:00:00Z"", ""dateFormat"": ""iso""}"
c3a86b887cb969c65eece239209d79f7d0e65f7e3212587c098a0d370d711a89,2024-12-25T06:00:00Z,,oddsapi/hist_events,1,"{""date"": ""2024-12-25T06:00:00Z"", ""dateFormat"": ""iso""}"
e37f35e4f3e7711271e13f181b2b525e39b063b9f3f6e7ceaf08430627b6e38c,2024-12-27T06:00:00Z,,oddsapi/hist_events,1,"{""date"": ""2024-12-27T06:00:00Z"", ""dateFormat"": ""iso""}"
df437c5021059a36ba830077e369988f1ba5202e4e9cb215c51b7ac38815afda,2024-12-29T06:00:00Z,,oddsapi/hist_events,1,"{""date"": ""2024-12-29T06:00:00Z"", ""dateFormat"": ""iso""}"
49a2b0d69e91abe51bd227758f3193091399963c453901335cd1766db2ec2e1a,2024-12-31T06:00:00Z,,oddsapi/hist_events,1,"{""date"": ""2024-12-31T06:00:00Z"", ""dateFormat"": ""iso""}"
751c563b6cb28e31b1573d7d088b6cdbf3b381f778b874b7a66b923280c9c791,2025-01-02T06:00:00Z,,oddsapi/hist_events,1,"{""date"": ""2025-01-02T06:00:00Z"", ""dateFormat"": ""iso""}"
d050784066a40a63f96d8388231ad96ed32181415aae2059d039caed8f936db6,2025-01-04T06:00:00Z,,oddsapi/hist_events,1,"{""date"": ""2025-01-04T06:00:00Z"", ""dateFormat"": ""iso""}"
53c3f3455751879d35eeceb53dfe04629ff363d8d801a0cc8958e34edccf2b41,2025-01-06T06:00:00Z,,oddsapi/hist_events,1,"{""date"": ""2025-01-06T06:00:00Z"", ""dateFormat"": ""iso""}"
960ce03f1ecaa76409daee4ebaef55ecda4f6b41c50468aeb120946905a92e6d,2025-01-08T06:00:00Z,,oddsapi/hist_events,1,"{""date"": ""2025-01-08T06:00:00Z"", ""dateFormat"": ""iso""}"
0e1dbdde97ae2d95c41c08274ad798e5210eefb1a25b42bf23dcf8a3ac8342b5,2025-01-10T06:00:00Z,,oddsapi/hist_events,1,"{""date"": ""2025-01-10T06:00:00Z"", ""dateFormat"": ""iso""}"
950cb6a1bc64986a622294ae6a7662809e5e74c97bd41a455ace45d80636a2b5,2025-01-12T06:00:00Z,,oddsapi/hist_events,1,"{""date"": ""2025-01-12T06:00:00Z"", ""dateFormat"": ""iso""}"
499e7c6e5c20de549f8954c5ce060788629c9eed2c0c4df3d76499b73380dafa,2025-01-14T06:00:00Z,,oddsapi/hist_events,1,"{""date"": ""2025-01-14T06:00:00Z"", ""dateFormat"": ""iso""}"
e8d52ecfbfd08c282ef474e4be011f3e5940c28c17aabeb98219938cc9652574,2025-01-16T06:00:00Z,,oddsapi/hist_events,1,"{""date"": ""2025-01-16T06:00:00Z"", ""dateFormat"": ""iso""}"
08752699aa33f43eaba4e03bb4d7c884bb7143c3d9ef7ac2cb92bee01554ecaa,2025-01-18T06:00:00Z,,oddsapi/hist_events,1,"{""date"": ""2025-01-18T06:00:00Z"", ""dateFormat"": ""iso""}"
083ba2db8451c0a6b8578d43138850c97cec61508a22bb9eecafe609843ed92f,2025-01-20T06:00:00Z,,oddsapi/hist_events,1,"{""date"": ""2025-01-20T06:00:00Z"", ""dateFormat"": ""iso""}"
cbb39d2da33dcc0ebc9524a236713d0fdfe4b9e4b065e8333a9924b7b3e5ae75,2025-01-22T06:00:00Z,,oddsapi/hist_events,1,"{""date"": ""2025-01-22T06:00:00Z"", ""dateFormat"": ""iso""}"
a42c258675acb0d020f9538f84f57fe3bc82196a553567b209da4a1502208ac5,2025-01-24T06:00:00Z,,oddsapi/hist_events,1,"{""date"": ""2025-01-24T06:00:00Z"", ""dateFormat"": ""iso""}"
4ace4fc32adda7ef6a832f566a8f880b9a19d29f5826433632d9856856cfd547,2025-01-26T06:00:00Z,,oddsapi/hist_events,1,"{""date"": ""2025-01-26T06:00:00Z"", ""dateFormat"": ""iso""}"
38944c2381b3f1531298ff7c962a9bf316a66bf6702bb361c5b9c1bc58f97624,2025-01-28T06:00:00Z,,oddsapi/hist_events,1,"{""date"": ""2025-01-28T06:00:00Z"", ""dateFormat"": ""iso""}"
2de952d09d4c6dc3463d543dae5de3f30aa82c6ae1c262db6c4b659873e15706,2025-01-30T06:00:00Z,,oddsapi/hist_events,1,"{""date"": ""2025-01-30T06:00:00Z"", ""dateFormat"": ""iso""}"
a574239e74cb999ff545b5a677b27d1825b7664c2ace0f696128793eb3b84b80,2025-02-01T06:00:00Z,,oddsapi/hist_events,1,"{""date"": ""2025-02-01T06:00:00Z"", ""dateFormat"": ""iso""}"
43f6b6eeb4924e2675d38d7a04fa44f17847bd97efedc26834dcbf9efb1c59b4,2025-02-03T06:00:00Z,,oddsapi/hist_events,1,"{""date"": ""2025-02-03T06:00:00Z"", ""dateFormat"": ""iso""}"
4a9946d6e18d449b41e04fb85ff29908ece516fa7f7a4f211c08b18ef021c99a,2025-02-05T06:00:00Z,,oddsapi/hist_events,1,"{""date"": ""2025-02-05T06:00:00Z"", ""dateFormat"": ""iso""}"
4089a4bb19fa34b6c86c5444f4c008866728825ba1d51fa82fd3771b7d47e836,2025-02-07T06:00:00Z,,oddsapi/hist_events,1,"{""date"": ""2025-02-07T06:00:00Z"", ""dateFormat"": ""iso""}"
528b851ff9be3af71f7c9d105f7728d0f6d094fc1d1d3e63358598b15175367f,2025-02-09T06:00:00Z,,oddsapi/hist_events,1,"{""date"": ""2025-02-09T06:00:00Z"", ""dateFormat"": ""iso""}"
76da5940fcf5c57be32a14092f032342f0f3a710c14b1c835cdd4f3624fd6ada,2025-02-11T06:00:00Z,,oddsapi/hist_events,1,"{""date"": ""2025-02-11T06:00:00Z"", ""dateFormat"": ""iso""}"
ccb2eead913574c998690b2ebbfb0dce92daa1d20b7e5737315ab3896c188d13,2025-02-13T06:00:00Z,,oddsapi/hist_events,1,"{""date"": ""2025-02-13T06:00:00Z"", ""dateFormat"": ""iso""}"
75246c089b1152d03105a2db5300c4a0a180ee81a50cff68d1883997baec1f43,2025-02-15T06:00:00Z,,oddsapi/hist_events,1,"{""date"": ""2025-02-15T06:00:00Z"", ""dateFormat"": ""iso""}"
fbf0f2fc3a7c1a0237f268fa3b1b33170b8171d1b6549abd5799616d4313e37e,2025-02-16T06:00:00Z,,oddsapi/hist_events,1,"{""date"": ""2025-02-16T06:00:00Z"", ""dateFormat"": ""iso""}"
632482ba9435c1e6d745bb07ce1aa02ef53573312c53106ddc691bc3a6dca5b8,2025-02-17T06:00:00Z,,oddsapi/hist_events,1,"{""date"": ""2025-02-17T06:00:00Z"", ""dateFormat"": ""iso""}"
1ab807157102a0be0c06418d9f283a52954799862a18bc023598d95ab653ecf9,2025-02-18T06:00:00Z,,oddsapi/hist_events,1,"{""date"": ""2025-02-18T06:00:00Z"", ""dateFormat"": ""iso""}"
5be60b4f0d03e2610969d0aabdbef5d19ca6d74cb373b71378b040d2be9643cb,2025-02-19T06:00:00Z,,oddsapi/hist_events,1,"{""date"": ""2025-02-19T06:00:00Z"", ""dateFormat"": ""iso""}"
80a07587bfa01df2041c326c67f013ff731bac34f835187833a3357c4f7e8e66,2025-02-20T06:00:00Z,,oddsapi/hist_events,1,"{""date"": ""2025-02-20T06:00:00Z"", ""dateFormat"": ""iso""}"
9f1d65ad9d64ac51cbbd2c5eec02971f5125868697095a7846aa43b8b5590db5,2025-02-21T06:00:00Z,,oddsapi/hist_events,1,"{""date"": ""2025-02-21T06:00:00Z"", ""dateFormat"": ""iso""}"
8e7e3688dcde52f98d0593e052e77f9f313b6a712dcaa13c8ba568e6eba67b68,2025-02-22T06:00:00Z,,oddsapi/hist_events,1,"{""date"": ""2025-02-22T06:00:00Z"", ""dateFormat"": ""iso""}"
928bd4372882ef0bf48c56fa162ec101eae829d9719ccc7c00b12b9f5f409b9f,2025-02-23T06:00:00Z,,oddsapi/hist_events,1,"{""date"": ""2025-02-23T06:00:00Z"", ""dateFormat"": ""iso""}"
eb5e0762680c27b408393dc5a34b831addcd77051c2d5d990dae7aea2430fc5e,2025-02-24T06:00:00Z,,oddsapi/hist_events,1,"{""date"": ""2025-02-24T06:00:00Z"", ""dateFormat"": ""iso""}"
1f5f64eda8c6f28776af39c6197335110a769fe5ce242031191cd565e23e88b7,2025-02-25T06:00:00Z,,oddsapi/hist_events,1,"{""date"": ""2025-02-25T06:00:00Z"", ""dateFormat"": ""iso""}"
38fcbc7e21663c546d03901dc3fba6170a753be0d38ebccf9de0ed9f817c1d32,2025-02-26T06:00:00Z,,oddsapi/hist_events,1,"{""date"": ""2025-02-26T06:00:00Z"", ""dateFormat"": ""iso""}"
1475d2b511d02f91ba21515d447ddc964b734b36af3df77813a2a2b2916d373e,2025-02-27T06:00:00Z,,oddsapi/hist_events,1,"{""date"": ""2025-02-27T06:00:00Z"", ""dateFormat"": ""iso""}"
747f8bc27e609eda3e077a88ed7ae033bb7bf6dd054890fb52cbe5ea60fdedd9,2025-02-28T06:00:00Z,,oddsapi/hist_events,1,"{""date"": ""2025-02-28T06:00:00Z"", ""dateFormat"": ""iso""}"
c047d8ad38801b95200842111497d77aa60bec8ed49bfdaf98bc5ea3d3c7af0f,2025-03-01T06:00:00Z,,oddsapi/hist_events,1,"{""date"": ""2025-03-01T06:00:00Z"", ""dateFormat"": ""iso""}"
b57bf2b2fa2717252683f808282733dc6e3246ac67d0a909ee5451de6afc9da2,2025-03-02T06:00:00Z,,oddsapi/hist_events,1,"{""date"": ""2025-03-02T06:00:00Z"", ""dateFormat"": ""iso""}"
5ff3bb775f9d7dc73ea6b57d660c33634f1492b572f2ae02782f6d55de416538,2025-03-03T06:00:00Z,,oddsapi/hist_events,1,"{""date"": ""2025-03-03T06:00:00Z"", ""dateFormat"": ""iso""}"
348f9988b2d41302740d2dce7d5d6d28bd93be99285121d4941cef6a92a3ba56,2025-03-04T06:00:00Z,,oddsapi/hist_events,1,"{""date"": ""2025-03-04T06:00:00Z"", ""dateFormat"": ""iso""}"
783b57dc3aca95aaf5d5e00e965c8fc4026ebdfc955d5fec321f783e3e6bf8ea,2025-03-05T06:00:00Z,,oddsapi/hist_events,1,"{""date"": ""2025-03-05T06:00:00Z"", ""dateFormat"": ""iso""}"
758fae1966f7675c02fb1161ebec6254c1862e4fd3267b827d91b51290ce0ee3,2025-03-06T06:00:00Z,,oddsapi/hist_events,1,"{""date"": ""2025-03-06T06:00:00Z"", ""dateFormat"": ""iso""}"
3b979c1ecb29929ffabafe8bf53d838f726931578eb78c18b0533b369faff80c,2025-03-07T06:00:00Z,,oddsapi/hist_events,1,"{""date"": ""2025-03-07T06:00:00Z"", ""dateFormat"": ""iso""}"
a7665675e96d267cf19cad1dd38e2ff60117d3a33a9811db52afff05e36e65a1,2025-03-08T06:00:00Z,,oddsapi/hist_events,1,"{""date"": ""2025-03-08T06:00:00Z"", ""dateFormat"": ""iso""}"
c54cd46740fc088cac6b8a2b459422f0c3f7829fb737c9dce0528b2f101b344d,2025-03-09T06:00:00Z,,oddsapi/hist_events,1,"{""date"": ""2025-03-09T06:00:00Z"", ""dateFormat"": ""iso""}"
9a8d559c1db2ace52e0d4d1497dbfdbec904b14873e8acd5604144344a746c82,2025-03-10T06:00:00Z,,oddsapi/hist_events,1,"{""date"": ""2025-03-10T06:00:00Z"", ""dateFormat"": ""iso""}"
ada395c4899fa74101f7e07f26f9faafd8edba255dc42c5ad8003076c537b50a,2025-03-11T06:00:00Z,,oddsapi/hist_events,1,"{""date"": ""2025-03-11T06:00:00Z"", ""dateFormat"": ""iso""}"
56d79f0f4000b8eef24c5a002854972c6adc7fe395b26e4efecb5b893142115a,2025-03-12T06:00:00Z,,oddsapi/hist_events,1,"{""date"": ""2025-03-12T06:00:00Z"", ""dateFormat"": ""iso""}"
3ab8b66e61b8531f16d1c48c50b4fccceabe81857cd396289ed7739a2e3b33b3,2025-03-13T06:00:00Z,,oddsapi/hist_events,1,"{""date"": ""2025-03-13T06:00:00Z"", ""dateFormat"": ""iso""}"
d069e791b759dd54a7f959643c9cee4ae5eb13dd6ffd4cbc51dce13c58d52918,2025-03-14T06:00:00Z,,oddsapi/hist_events,1,"{""date"": ""2025-03-14T06:00:00Z"", ""dateFormat"": ""iso""}"
012b9f7637a058665921f99eca34b85a33b730d4f32e81b82345344af456a644,2025-03-15T06:00:00Z,,oddsapi/hist_events,1,"{""date"": ""2025-03-15T06:00:00Z"", ""dateFormat"": ""iso""}"
1b4f21cd44640fe4f3c426da816113137c45b0b61e65f17802278ba0c5e770c8,2025-03-16T06:00:00Z,,oddsapi/hist_events,1,"{""date"": ""2025-03-16T06:00:00Z"", ""dateFormat"": ""iso""}"
fa0e51aa65726428796df4863186753b7b9a1c3870191141236248035536a1de,2025-03-17T06:00:00Z,,oddsapi/hist_events,1,"{""date"": ""2025-03-17T06:00:00Z"", ""dateFormat"": ""iso""}"
11a5c0bfb357a308db2792eb4d4c252c94398c494dea74492be2817ab4d879f4,2025-03-18T06:00:00Z,,oddsapi/hist_events,1,"{""date"": ""2025-03-18T06:00:00Z"", ""dateFormat"": ""iso""}"
6585e29da450c7253c9c513181d00a64cbee3910fc8cb7df8b2a44e4253408f3,2025-03-19T06:00:00Z,,oddsapi/hist_events,1,"{""date"": ""2025-03-19T06:00:00Z"", ""dateFormat"": ""iso""}"
35afd8404ec93f1671d56f101353930adbe86cd20ee2e1f071122de3c40748d4,2025-03-20T06:00:00Z,,oddsapi/hist_events,1,"{""date"": ""2025-03-20T06:00:00Z"", ""dateFormat"": ""iso""}"
659a454312d75078c00d9b0204b84e1238a78adf7e747ddf22dd13432fb46059,2025-03-21T06:00:00Z,,oddsapi/hist_events,1,"{""date"": ""2025-03-21T06:00:00Z"", ""dateFormat"": ""iso""}"
17c54275ae1280c55d68cfe14ebcb1272cff55c405f6fb249efb1655bb9daf33,2025-03-22T06:00:00Z,,oddsapi/hist_events,1,"{""date"": ""2025-03-22T06:00:00Z"", ""dateFormat"": ""iso""}"
6d39133f9f3b673cdc75d8592e6f8718c0aca6b17efb2008e675678bc834182c,2025-03-23T06:00:00Z,,oddsapi/hist_events,1,"{""date"": ""2025-03-23T06:00:00Z"", ""dateFormat"": ""iso""}"
c965ac07332d6fb4558a43ad598dadbd2d9b191257f373b4dee50afec62113c1,2025-03-24T06:00:00Z,,oddsapi/hist_events,1,"{""date"": ""2025-03-24T06:00:00Z"", ""dateFormat"": ""iso""}"
f27866bf2202348c39fb1ed7f3b4ee35784a62f01095a8d69afdb4bbb479f58e,2025-03-25T06:00:00Z,,oddsapi/hist_events,1,"{""date"": ""2025-03-25T06:00:00Z"", ""dateFormat"": ""iso""}"
eb9e693169759cd3a7db77b59fac537c4a9b8cea9b2532942a33a75314cb73a2,2025-03-26T06:00:00Z,,oddsapi/hist_events,1,"{""date"": ""2025-03-26T06:00:00Z"", ""dateFormat"": ""iso""}"
c9c35c51c43d905da17b1414346b0184f59c581d14549f20520c856bcd220054,2025-03-27T06:00:00Z,,oddsapi/hist_events,1,"{""date"": ""2025-03-27T06:00:00Z"", ""dateFormat"": ""iso""}"
6f25cd2fd245fd7777981fa46ab52c97cce039fff82d0d57e729c40540c8c37f,2025-03-28T06:00:00Z,,oddsapi/hist_events,1,"{""date"": ""2025-03-28T06:00:00Z"", ""dateFormat"": ""iso""}"
29be8344e9dfa21e5e655a9e1acefd5393cb25fc0c4dff0939fc99f130b9fcd8,2025-03-29T06:00:00Z,,oddsapi/hist_events,1,"{""date"": ""2025-03-29T06:00:00Z"", ""dateFormat"": ""iso""}"
b8afc581a9ea0fe9c3ececd33046c17312b372b73f6cf3ee4eadeb03aa25cabb,2025-03-30T06:00:00Z,,oddsapi/hist_events,1,"{""date"": ""2025-03-30T06:00:00Z"", ""dateFormat"": ""iso""}"
bf5d4436f932eaf6a3f60464e1139915b4de2030e7ac47e52e2cc57114f70c75,2025-03-31T06:00:00Z,,oddsapi/hist_events,1,"{""date"": ""2025-03-31T06:00:00Z"", ""dateFormat"": ""iso""}"
a6a4d457fd81f32e86fc0b75857623661a7666f4a9c4bbc1c042ff2948922668,2025-04-01T06:00:00Z,,oddsapi/hist_events,1,"{""date"": ""2025-04-01T06:00:00Z"", ""dateFormat"": ""iso""}"
36aab5df0e88cdde00fdcc2d5d8b043a74a653ff10d30218d80e5bff1a5ee5d6,2025-04-02T06:00:00Z,,oddsapi/hist_events,1,"{""date"": ""2025-04-02T06:00:00Z"", ""dateFormat"": ""iso""}"
f8feaa5b0e11592f18bf6baa210c3b7b4fc94c9c20fdf294a26812b762c8d305,2025-04-03T06:00:00Z,,oddsapi/hist_events,1,"{""date"": ""2025-04-03T06:00:00Z"", ""dateFormat"": ""iso""}"
3fa455d2e29c6da86801a1572e186fa32337b03d25b326e546cd20ecaabe722e,2025-04-04T06:00:00Z,,oddsapi/hist_events,1,"{""date"": ""2025-04-04T06:00:00Z"", ""dateFormat"": ""iso""}"
306e618bc0c184a90a3cd5917f9fb36c9701c17080d4c4d96586249df6510127,2025-04-05T06:00:00Z,,oddsapi/hist_events,1,"{""date"": ""2025-04-05T06:00:00Z"", ""dateFormat"": ""iso""}"
34a79cf33aae1642e61809602d91e00f1944139f5e85982f25ed507fe14796d6,2025-04-06T06:00:00Z,,oddsapi/hist_events,1,"{""date"": ""2025-04-06T06:00:00Z"", ""dateFormat"": ""iso""}"
d15ca82f9b870dc41a5ae9bbfc98c2dc1a8bd66069550648000809b15e1b8aba,2025-04-07T06:00:00Z,,oddsapi/hist_events,1,"{""date"": ""2025-04-07T06:00:00Z"", ""dateFormat"": ""iso""}"
fa5c16e32a031958d7b6ce1abfc7189b67f0e2eaace19356daeaa8198459e922,2025-04-08T06:00:00Z,,oddsapi/hist_events,1,"{""date"": ""2025-04-08T06:00:00Z"", ""dateFormat"": ""iso""}"
19b6f9f02686813c2f4fc9c1bae52259400c7d0af4d6d99734c0b1dec0310cdf,2025-04-09T06:00:00Z,,oddsapi/hist_events,1,"{""date"": ""2025-04-09T06:00:00Z"", ""dateFormat"": ""iso""}"
c8fd7acd170156b06dceea04ac4bbdaa7bf52ac5e0a87bc08f9bd852b23def87,2025-04-10T06:00:00Z,,oddsapi/hist_events,1,"{""date"": ""2025-04-10T06:00:00Z"", ""dateFormat"": ""iso""}"
b55f1e98a212e423686f82db692637dc5adcfd12b9e318ed7e9e82788110bf6a,2025-04-11T06:00:00Z,,oddsapi/hist_events,1,"{""date"": ""2025-04-11T06:00:00Z"", ""dateFormat"": ""iso""}"
185efa43032254e5471e8bf78745dad79f073ad581d29a9afe28dc8a73ef1b5c,2025-04-12T06:00:00Z,,oddsapi/hist_events,1,"{""date"": ""2025-04-12T06:00:00Z"", ""dateFormat"": ""iso""}"
988af6e8843b7fa45427007236175d4ead2995642cb49b93f70febf4fdf98266,2025-04-13T06:00:00Z,,oddsapi/hist_events,1,"{""date"": ""2025-04-13T06:00:00Z"", ""dateFormat"": ""iso""}"
6d1bad632592d50da5ef0204c63c2013494ed426845bb48685c3d62eab0d842b,2025-04-14T06:00:00Z,,oddsapi/hist_events,1,"{""date"": ""2025-04-14T06:00:00Z"", ""dateFormat"": ""iso""}"
4b588fda9a7231d4ef0299e6d43dad0c5a2097d80e3f2100c73a5562b607b74d,2025-04-15T06:00:00Z,,oddsapi/hist_events,1,"{""date"": ""2025-04-15T06:00:00Z"", ""dateFormat"": ""iso""}"
c11f8f500c55f3f51afd6cccee1e58e74e2e77ed0b7b3d117d8625e13b868c5d,2025-04-16T06:00:00Z,,oddsapi/hist_events,1,"{""date"": ""2025-04-16T06:00:00Z"", ""dateFormat"": ""iso""}"
29e3fbe582a158a1c054db3736c7c9fe349f41ec70235d11dfc390359ddfc093,2025-04-17T06:00:00Z,,oddsapi/hist_events,1,"{""date"": ""2025-04-17T06:00:00Z"", ""dateFormat"": ""iso""}"
d19bb663dd0323af7ca29ba65139e286403ae7822547158ee3ed9e22d6e219e9,2025-04-18T06:00:00Z,,oddsapi/hist_events,1,"{""date"": ""2025-04-18T06:00:00Z"", ""dateFormat"": ""iso""}"
7ede01a2c18836b0e4c34acebac242bace3b182509235db8127664d5c17d0815,2025-04-19T06:00:00Z,,oddsapi/hist_events,1,"{""date"": ""2025-04-19T06:00:00Z"", ""dateFormat"": ""iso""}"
c9710791ed03460293b04bca6373341e72a95ffe39959297300530924bb8af22,2025-04-20T06:00:00Z,,oddsapi/hist_events,1,"{""date"": ""2025-04-20T06:00:00Z"", ""dateFormat"": ""iso""}"
f23a94bf44baacdc4dfcb87d61992b78a225e4c74ec78fab1692b1c0d2e5e8dc,2025-04-21T06:00:00Z,,oddsapi/hist_events,1,"{""date"": ""2025-04-21T06:00:00Z"", ""dateFormat"": ""iso""}"
e2aa17273830ad61d8a66396825e3bb0e6877935696d672fd172cb037f2983f1,2025-04-22T06:00:00Z,,oddsapi/hist_events,1,"{""date"": ""2025-04-22T06:00:00Z"", ""dateFormat"": ""iso""}"
b1c0b44f0b96a6bb2a17c47765bf5a94bc377362cc58094db6b827410b11b0d3,2025-04-23T06:00:00Z,,oddsapi/hist_events,1,"{""date"": ""2025-04-23T06:00:00Z"", ""dateFormat"": ""iso""}"
856a6c96edab055c95fe388d0d1535deee04957a03c411dcce5f9fe625e1de30,2025-04-24T06:00:00Z,,oddsapi/hist_events,1,"{""date"": ""2025-04-24T06:00:00Z"", ""dateFormat"": ""iso""}"
137d40dc8778ddde6d79872f7eda10a4aa4978a0e369aff39ccf3036154530d7,2025-04-25T06:00:00Z,,oddsapi/hist_events,1,"{""date"": ""2025-04-25T06:00:00Z"", ""dateFormat"": ""iso""}"
1fe55b9dfe5cdff77121c07143c32c602130132eb9a668870c56e0e080132e65,2025-04-26T06:00:00Z,,oddsapi/hist_events,1,"{""date"": ""2025-04-26T06:00:00Z"", ""dateFormat"": ""iso""}"
7a3892dd549e81be6f815b0987b14553ce854fad88615a85c78e6aaf13397690,2025-04-27T06:00:00Z,,oddsapi/hist_events,1,"{""date"": ""2025-04-27T06:00:00Z"", ""dateFormat"": ""iso""}"
86ed6de70e38898753028f83ec2a1ea8e88d570ad9af87f3a299a6ef9b2c43d0,2025-04-28T06:00:00Z,,oddsapi/hist_events,1,"{""date"": ""2025-04-28T06:00:00Z"", ""dateFormat"": ""iso""}"
d6b3a3b7f6c35bd95ab9bbf779277f95761ce930cc683266ef9515c7ce093341,2025-04-29T06:00:00Z,,oddsapi/hist_events,1,"{""date"": ""2025-04-29T06:00:00Z"", ""dateFormat"": ""iso""}"
c229a0ed89a757ad71fda1f1982c6005e54265e45965b4e4f193fc7d7dbe26d2,2025-04-30T06:00:00Z,,oddsapi/hist_events,1,"{""date"": ""2025-04-30T06:00:00Z"", ""dateFormat"": ""iso""}"
56418057e624456c1dfe17044eb68349c5a28525677e6c7ff5ba4e74271d1b81,2025-05-01T06:00:00Z,,oddsapi/hist_events,1,"{""date"": ""2025-05-01T06:00:00Z"", ""dateFormat"": ""iso""}"
a1fbb78dbca459355c3893a8d27ad2ac70c626fe8ecd0544afc70a667e7921be,2025-05-02T06:00:00Z,,oddsapi/hist_events,1,"{""date"": ""2025-05-02T06:00:00Z"", ""dateFormat"": ""iso""}"
dd7095d9868a941c3051fbab87233b0f3aef80033a89aba9fce7b42cf2911047,2025-05-03T06:00:00Z,,oddsapi/hist_events,1,"{""date"": ""2025-05-03T06:00:00Z"", ""dateFormat"": ""iso""}"
18a0d2ee3e2cb89c2c1dd03ffaaf48da512c92f0372df699b4d4176baf317ec5,2025-05-04T06:00:00Z,,oddsapi/hist_events,1,"{""date"": ""2025-05-04T06:00:00Z"", ""dateFormat"": ""iso""}"
983b2bcf25dea69c6209d6a506d1ced194f7de5a17e905648f982c275ebc35a7,2025-05-05T06:00:00Z,,oddsapi/hist_events,1,"{""date"": ""2025-05-05T06:00:00Z"", ""dateFormat"": ""iso""}"
3c6778d5682e98d6e374d1d65c90332da7e99ead936d8347d19a5b0d12273f5c,2025-05-06T06:00:00Z,,oddsapi/hist_events,1,"{""date"": ""2025-05-06T06:00:00Z"", ""dateFormat"": ""iso""}"
36740db8e8d1193d1c01acd535e0bb21992b4ae713cd21bbc619b4b0e0f5d039,2025-05-07T06:00:00Z,,oddsapi/hist_events,1,"{""date"": ""2025-05-07T06:00:00Z"", ""dateFormat"": ""iso""}"
8e02aeae20fb64e29fcac5b6a219fa674997666ead9ac937d9080a3f4234a7f0,2025-05-08T06:00:00Z,,oddsapi/hist_events,1,"{""date"": ""2025-05-08T06:00:00Z"", ""dateFormat"": ""iso""}"
0708a79c35de7c0f282f124e81fb514f14537ffeb2acb6569b158073d8386497,2025-05-09T06:00:00Z,,oddsapi/hist_events,1,"{""date"": ""2025-05-09T06:00:00Z"", ""dateFormat"": ""iso""}"
5e9d9b87143faab180f4267768182833243d3bc10ca6ce3da1157644111aa480,2025-05-10T06:00:00Z,,oddsapi/hist_events,1,"{""date"": ""2025-05-10T06:00:00Z"", ""dateFormat"": ""iso""}"
87f4cc10b14089cbf6a9f4e4581eded150e5fcfc37f5755b086b162cc4d23fc1,2025-05-11T06:00:00Z,,oddsapi/hist_events,1,"{""date"": ""2025-05-11T06:00:00Z"", ""dateFormat"": ""iso""}"
3cfe6c3e597a17f9ef5dc5e9016e1c40d1d0e84d8a65bfe38d71e86029a11f1e,2025-05-12T06:00:00Z,,oddsapi/hist_events,1,"{""date"": ""2025-05-12T06:00:00Z"", ""dateFormat"": ""iso""}"
7b8db4789e4c76f63303d45191c35a0d1addb384cf067fbd60f2efecce91c3c5,2025-05-13T06:00:00Z,,oddsapi/hist_events,1,"{""date"": ""2025-05-13T06:00:00Z"", ""dateFormat"": ""iso""}"
62a9b8413c9a58efc934fdfe31dba6b8628ce338393304785a3eaf5cbbc33d11,2025-05-14T06:00:00Z,,oddsapi/hist_events,1,"{""date"": ""2025-05-14T06:00:00Z"", ""dateFormat"": ""iso""}"
4c67bc8fbf64f473014194214adda74fac544f1c005723284d28e8935b5d23d7,2025-05-15T06:00:00Z,,oddsapi/hist_events,1,"{""date"": ""2025-05-15T06:00:00Z"", ""dateFormat"": ""iso""}"
99162c93bfd942b4fd8cdeaea96ec6a29aae34e3026bbad7927f1095833995de,2025-05-16T06:00:00Z,,oddsapi/hist_events,1,"{""date"": ""2025-05-16T06:00:00Z"", ""dateFormat"": ""iso""}"
be6489b80239984c4dceb90f296b1144109b16692a62d67021c484b5fd813d46,2025-05-17T06:00:00Z,,oddsapi/hist_events,1,"{""date"": ""2025-05-17T06:00:00Z"", ""dateFormat"": ""iso""}"
61b3ce54c80a88ff807049412f1087ac78c1d4ff255c02adf7703f50b5a4e7ba,2025-05-18T06:00:00Z,,oddsapi/hist_events,1,"{""date"": ""2025-05-18T06:00:00Z"", ""dateFormat"": ""iso""}"
b6b272c19b2885758d633c85c7f3444dc2808732d2bd430844679cd5a5653d56,2025-05-19T06:00:00Z,,oddsapi/hist_events,1,"{""date"": ""2025-05-19T06:00:00Z"", ""dateFormat"": ""iso""}"
1c8507d22196f22a0c6a7b47b896a84adf2f8189692c6f1d2c163ba851e6a38d,2025-05-20T06:00:00Z,,oddsapi/hist_events,1,"{""date"": ""2025-05-20T06:00:00Z"", ""dateFormat"": ""iso""}"
a1633850a267dc06246dfc92247f773745020e2900c98d9fc1404c2205e169a7,2025-05-21T06:00:00Z,,oddsapi/hist_events,1,"{""date"": ""2025-05-21T06:00:00Z"", ""dateFormat"": ""iso""}"
da6f2419e5f910b118a3f15aa1275372c555f2a7161c27217ee3ae4725ae5825,2025-05-22T06:00:00Z,,oddsapi/hist_events,1,"{""date"": ""2025-05-22T06:00:00Z"", ""dateFormat"": ""iso""}"
f34b6786e25b50fbd59e833dba516d5023ef97f05b6feee9bc00ffc75b2bdfd8,2025-05-23T06:00:00Z,,oddsapi/hist_events,1,"{""date"": ""2025-05-23T06:00:00Z"", ""dateFormat"": ""iso""}"
8c58b21757ac35b8870e47cfab4b4aa98bd4d10752e7bbb5a00d1a2ffe443038,2025-05-24T06:00:00Z,,oddsapi/hist_events,1,"{""date"": ""2025-05-24T06:00:00Z"", ""dateFormat"": ""iso""}"
8a34d99da82f26a14917c28be536432dc11a64a54b8680c10088e96d686eb1c0,2025-05-25T06:00:00Z,,oddsapi/hist_events,1,"{""date"": ""2025-05-25T06:00:00Z"", ""dateFormat"": ""iso""}"
cc344d1c157e1f8f1ed5b37b3f87b9fa3d2edbb55ab67120e5752ce35f11eb9d,2025-05-26T06:00:00Z,,oddsapi/hist_events,1,"{""date"": ""2025-05-26T06:00:00Z"", ""dateFormat"": ""iso""}"
6e493a855bbda5b7336d0e5f3cdea90da80010e89ce813def4613298064b2e5c,2025-05-27T06:00:00Z,,oddsapi/hist_events,1,"{""date"": ""2025-05-27T06:00:00Z"", ""dateFormat"": ""iso""}"
dce4e899ad63974b3eb1957099034fe26dd6b957ec9a1c92ffb04c55c0645cad,2025-05-28T06:00:00Z,,oddsapi/hist_events,1,"{""date"": ""2025-05-28T06:00:00Z"", ""dateFormat"": ""iso""}"
dca508efd822b5aece9e247f70b6c297594af04562fec91fa7b1797611b5c4a2,2025-05-29T06:00:00Z,,oddsapi/hist_events,1,"{""date"": ""2025-05-29T06:00:00Z"", ""dateFormat"": ""iso""}"
a8efb49ce811cbc6c37274a850d9d837dbff675c8559f763c47d0a6f41c1e2b5,2025-05-30T06:00:00Z,,oddsapi/hist_events,1,"{""date"": ""2025-05-30T06:00:00Z"", ""dateFormat"": ""iso""}"
822d073c38262a4367d520edcd0723a8b093e8a5bc26b0fff605168bdc1e81b5,2025-05-31T06:00:00Z,,oddsapi/hist_events,1,"{""date"": ""2025-05-31T06:00:00Z"", ""dateFormat"": ""iso""}"
b198a5fa8f753561f5f7e87e7532b1f374250fa8b613e7e3c12a19d885e576c0,2025-06-01T06:00:00Z,,oddsapi/hist_events,1,"{""date"": ""2025-06-01T06:00:00Z"", ""dateFormat"": ""iso""}"
7df74f47b2994df71653865a7c76f83687e3a825374cac74264cc09defc4b9df,2025-06-02T06:00:00Z,,oddsapi/hist_events,1,"{""date"": ""2025-06-02T06:00:00Z"", ""dateFormat"": ""iso""}"
23d08af4910c66839342e900a3949e446e150035e947a6881a0364bfdcdf4be1,2025-06-03T06:00:00Z,,oddsapi/hist_events,1,"{""date"": ""2025-06-03T06:00:00Z"", ""dateFormat"": ""iso""}"
3ec59cfe73bdbca6522ec9c5b7481d7ea9f3a4339459e1cbda2610f6eaee0b08,2025-06-04T06:00:00Z,,oddsapi/hist_events,1,"{""date"": ""2025-06-04T06:00:00Z"", ""dateFormat"": ""iso""}"
040094035925b1501f7ad2c917059f803eb4b9f011f6979772ea0a956ff0f585,2025-06-05T06:00:00Z,,oddsapi/hist_events,1,"{""date"": ""2025-06-05T06:00:00Z"", ""dateFormat"": ""iso""}"
949a3273f299dffca495f074ec0d5c4f1a3d84cb1cd63842ecf16957b583b507,2025-06-06T06:00:00Z,,oddsapi/hist_events,1,"{""date"": ""2025-06-06T06:00:00Z"", ""dateFormat"": ""iso""}"
37cd12f61d8fdbafd74d6ab56da5e07688957ada677148cfd441cf5a6551c753,2025-06-07T06:00:00Z,,oddsapi/hist_events,1,"{""date"": ""2025-06-07T06:00:00Z"", ""dateFormat"": ""iso""}"
24032c83ccda81d6335866958b4bc54b3aa5a8cbc5044c65f43b97b2026806e2,2025-06-08T06:00:00Z,,oddsapi/hist_events,1,"{""date"": ""2025-06-08T06:00:00Z"", ""dateFormat"": ""iso""}"
8770059429c4eb19ae3c47928a6d2b2174e4f634ec97e3f1e4d6ca7ad6b5e436,2025-06-09T06:00:00Z,,oddsapi/hist_events,1,"{""date"": ""2025-06-09T06:00:00Z"", ""dateFormat"": ""iso""}"
34508e308ba9c72e8748f572426f3a85fb0fff51901d1bbd19b853e853d3b7e7,2025-06-10T06:00:00Z,,oddsapi/hist_events,1,"{""date"": ""2025-06-10T06:00:00Z"", ""dateFormat"": ""iso""}"
ac3669524481af6f549d2aeca14feac5a19d9b30dc13f4177ecd06d4c91d6526,2025-06-11T06:00:00Z,,oddsapi/hist_events,1,"{""date"": ""2025-06-11T06:00:00Z"", ""dateFormat"": ""iso""}"
96413d5b2223a17932b15bd69dae21c11ca273e80b0b91d636b18e3a15b9103f,2025-06-12T06:00:00Z,,oddsapi/hist_events,1,"{""date"": ""2025-06-12T06:00:00Z"", ""dateFormat"": ""iso""}"
bec65a2cb65c839ac5ee7194917c27980fb72a0f2e544cbed3d6538ea080c701,2025-06-13T06:00:00Z,,oddsapi/hist_events,1,"{""date"": ""2025-06-13T06:00:00Z"", ""dateFormat"": ""iso""}"
e123cc4aaa12edabd2707d43b1dc241a750b619a1bb348a18e6a325d7895f80a,2025-06-14T06:00:00Z,,oddsapi/hist_events,1,"{""date"": ""2025-06-14T06:00:00Z"", ""dateFormat"": ""iso""}"
ae3430dfbc57ba42c2661a60954017a75ff0728ad602a9d5d42f97915f5f37bb,2025-06-15T06:00:00Z,,oddsapi/hist_events,1,"{""date"": ""2025-06-15T06:00:00Z"", ""dateFormat"": ""iso""}"
2c707dcafe7e6be30367e45677df10181eab87558b9e1181f1d32a6498b7e6b9,2025-06-16T06:00:00Z,,oddsapi/hist_events,1,"{""date"": ""2025-06-16T06:00:00Z"", ""dateFormat"": ""iso""}"
13619c53258a83aee30f2c35dab13fc6e96966e7952a7fadf601acdf36167fb2,2025-06-17T06:00:00Z,,oddsapi/hist_events,1,"{""date"": ""2025-06-17T06:00:00Z"", ""dateFormat"": ""iso""}"
33db5ecf08e2f63d2ac96df317e366aee48a88f2a42ee8b2c5148faa736f56fa,2025-06-18T06:00:00Z,,oddsapi/hist_events,1,"{""date"": ""2025-06-18T06:00:00Z"", ""dateFormat"": ""iso""}"
bfcd4493c41b0ded47da3df13c24d9e26a663754df24415faaa71021edbbabd4,2025-06-19T06:00:00Z,,oddsapi/hist_events,1,"{""date"": ""2025-06-19T06:00:00Z"", ""dateFormat"": ""iso""}"
9a4737fd8a8ef112c62c6fdaadb3bbd62062ef77fbedb736c98f3558f0f94dc8,2025-06-20T06:00:00Z,,oddsapi/hist_events,1,"{""date"": ""2025-06-20T06:00:00Z"", ""dateFormat"": ""iso""}"
4717e81e8b648e2edadcc43993bc4b12d13bbedc69fe8336a34ec9515c4ee076,2025-06-21T06:00:00Z,,oddsapi/hist_events,1,"{""date"": ""2025-06-21T06:00:00Z"", ""dateFormat"": ""iso""}"
6cd6866fc6e07edeb0be26876989283b9b2fcd7bfd343d57938c078eb29c3837,2025-06-22T06:00:00Z,,oddsapi/hist_events,1,"{""date"": ""2025-06-22T06:00:00Z"", ""dateFormat"": ""iso""}"
60f5f89674706b07189c5b5bc16eda90296517f073c66265a5dec1cc28b50be8,2025-06-23T06:00:00Z,,oddsapi/hist_events,1,"{""date"": ""2025-06-23T06:00:00Z"", ""dateFormat"": ""iso""}"
f1c209a18a41e648d9e3a4d5d50274158b643a05c6593f57bf73ec3db78f4ddc,2025-06-24T06:00:00Z,,oddsapi/hist_events,1,"{""date"": ""2025-06-24T06:00:00Z"", ""dateFormat"": ""iso""}"
f30f86c037770c1102684cd949b547d29319b399c49d6b74d279ba91c76df628,2025-06-25T06:00:00Z,,oddsapi/hist_events,1,"{""date"": ""2025-06-25T06:00:00Z"", ""dateFormat"": ""iso""}"
2ccf68a750ab4fff3657830f687c82fba1868c3ba5374a4f8c9c4ac030c4f0f2,2025-06-26T06:00:00Z,,oddsapi/hist_events,1,"{""date"": ""2025-06-26T06:00:00Z"", ""dateFormat"": ""iso""}"
0c7268df665a23119dacddd500b93e30ca0b93a8f1cd12160a76618e10fd4e7c,2025-06-27T06:00:00Z,,oddsapi/hist_events,1,"{""date"": ""2025-06-27T06:00:00Z"", ""dateFormat"": ""iso""}"
5113e087571719f8f949e8707f748d7696fdc33e42a89b22948b6c5910f3a323,2025-06-28T06:00:00Z,,oddsapi/hist_events,1,"{""date"": ""2025-06-28T06:00:00Z"", ""dateFormat"": ""iso""}"
1f9256ca9e1a50daf36b553f64caa7f1be95978ecbc9744f205b5fd61d67cc2d,2025-06-29T06:00:00Z,,oddsapi/hist_events,1,"{""date"": ""2025-06-29T06:00:00Z"", ""dateFormat"": ""iso""}"
96e470a009977fc639cce8a26424a3cec0838145b83fc3880c1f21608314765c,2025-06-30T06:00:00Z,,oddsapi/hist_events,1,"{""date"": ""2025-06-30T06:00:00Z"", ""dateFormat"": ""iso""}"
7eeb434c48a592b9adb6a6eb22f2b164a4870736b16c6ad7c49942a7b1861d00,2025-07-01T06:00:00Z,,oddsapi/hist_events,1,"{""date"": ""2025-07-01T06:00:00Z"", ""dateFormat"": ""iso""}"
cf0c95c4a0d6add8b4fbdbba8d47ccde5dd41751bcee1d5a50efdd28d744d656,2025-07-02T06:00:00Z,,oddsapi/hist_events,1,"{""date"": ""2025-07-02T06:00:00Z"", ""dateFormat"": ""iso""}"
c26ca935c5ac55800d66d213707401aea4a7ef013d5cecca28172885c54993b4,2025-07-03T06:00:00Z,,oddsapi/hist_events,1,"{""date"": ""2025-07-03T06:00:00Z"", ""dateFormat"": ""iso""}"
a8e3186795b9adc1b8cdaf7edd3bf23a9a6590271c525581b9c922c8101b5184,2025-07-04T06:00:00Z,,oddsapi/hist_events,1,"{""date"": ""2025-07-04T06:00:00Z"", ""dateFormat"": ""iso""}"
d98a1df3ae5f4f11f3ab64fed6ac0317222d76cb3cc96065f1e6b7f99affaf31,2025-07-05T06:00:00Z,,oddsapi/hist_events,1,"{""date"": ""2025-07-05T06:00:00Z"", ""dateFormat"": ""iso""}"
de77ed15c36c44d81c01b993fb4e924a9b252e4b3948735c9fd9e866285fb9fd,2025-07-06T06:00:00Z,,oddsapi/hist_events,1,"{""date"": ""2025-07-06T06:00:00Z"", ""dateFormat"": ""iso""}"
9b3602a666b7c56fe4076d5b80743523072dff546fa11c40c88231f3a9703070,2025-07-07T06:00:00Z,,oddsapi/hist_events,1,"{""date"": ""2025-07-07T06:00:00Z"", ""dateFormat"": ""iso""}"
3969d5e1c6007cc455184ab6d5671488b47bd47ff1b7e691dcea04f701f2676f,2025-07-08T06:00:00Z,,oddsapi/hist_events,1,"{""date"": ""2025-07-08T06:00:00Z"", ""dateFormat"": ""iso""}"
6e6829c7e8c472e5c21e922a3a459373d03450f03ea9ac62aad2a13ffb6ae838,2025-07-09T06:00:00Z,,oddsapi/hist_events,1,"{""date"": ""2025-07-09T06:00:00Z"", ""dateFormat"": ""iso""}"
bda0f5d14c41dd021b8a8c73b9d301d19a3443623914b5c027e27e92f1a5241e,2025-07-10T06:00:00Z,,oddsapi/hist_events,1,"{""date"": ""2025-07-10T06:00:00Z"", ""dateFormat"": ""iso""}"
0c37d153ae555cb99ce9817fec98eb15c0b3e97990c59b280c46e00e6421d43f,2025-07-11T06:00:00Z,,oddsapi/hist_events,1,"{""date"": ""2025-07-11T06:00:00Z"", ""dateFormat"": ""iso""}"
7c5ef7edf5e50db5a7b0944763cd4ec1323599260139d933d5e6bbef335dd300,2025-07-12T06:00:00Z,,oddsapi/hist_events,1,"{""date"": ""2025-07-12T06:00:00Z"", ""dateFormat"": ""iso""}"
02e624fa669aaffd70d71de4efe8f6ec7aa0fd8251dd19b92d5384ecc1a42c7b,2025-07-13T06:00:00Z,,oddsapi/hist_events,1,"{""date"": ""2025-07-13T06:00:00Z"", ""dateFormat"": ""iso""}"
a79a40cf2aedcec001da9bcbd74fea9451b4d5bc3c5c27d6ae47a23f012f0ffa,2025-07-14T06:00:00Z,,oddsapi/hist_events,1,"{""date"": ""2025-07-14T06:00:00Z"", ""dateFormat"": ""iso""}"
ea5859df0a6c38afb6e49e566779fdd7ee948aaab9535af020676eb7d72b5ded,2025-07-15T06:00:00Z,,oddsapi/hist_events,1,"{""date"": ""2025-07-15T06:00:00Z"", ""dateFormat"": ""iso""}"
7dd59e029ed35bdd7bd215ec0bf8b821b68e503b7487376c19929736d66668e4,2025-07-16T06:00:00Z,,oddsapi/hist_events,1,"{""date"": ""2025-07-16T06:00:00Z"", ""dateFormat"": ""iso""}"
9ea5cab23370c7c0697a186b1ca6158da6de7e21998457760fb007dd3519404f,2025-07-17T06:00:00Z,,oddsapi/hist_events,1,"{""date"": ""2025-07-17T06:00:00Z"", ""dateFormat"": ""iso""}"
60b415094e567fe9f582e6fa944bd4093ddc57f1f037924daef941934b7036bc,2025-07-18T06:00:00Z,,oddsapi/hist_events,1,"{""date"": ""2025-07-18T06:00:00Z"", ""dateFormat"": ""iso""}"
7a24dfb6605c210a57ab82ad4755c7bafa9624619956dedc160c4a6110f75411,2025-07-19T06:00:00Z,,oddsapi/hist_events,1,"{""date"": ""2025-07-19T06:00:00Z"", ""dateFormat"": ""iso""}"
5d6ee868b941d4ae206f906df790a663d93e09ad30b440bf7f819920784bf90b,2025-07-20T06:00:00Z,,oddsapi/hist_events,1,"{""date"": ""2025-07-20T06:00:00Z"", ""dateFormat"": ""iso""}"
de656f35126d6454567e35633ea47ca95bcfa0d3afd186bc6c91b5eb34ee4b37,2025-07-21T06:00:00Z,,oddsapi/hist_events,1,"{""date"": ""2025-07-21T06:00:00Z"", ""dateFormat"": ""iso""}"
cc8ffb88f10ce4748a33d13ac6dfc3e9a6b5b9de1686b9d881d70d4885799895,2025-07-22T06:00:00Z,,oddsapi/hist_events,1,"{""date"": ""2025-07-22T06:00:00Z"", ""dateFormat"": ""iso""}"
a5c58d0822b865f593fe829a7537bfab0305078d0100400c99c42dfcef35f05b,2025-07-23T06:00:00Z,,oddsapi/hist_events,1,"{""date"": ""2025-07-23T06:00:00Z"", ""dateFormat"": ""iso""}"
ccced26b182e663ca1260082bab07c73b3a678f1138d1bd6f1ffc270f426bc75,2025-07-24T06:00:00Z,,oddsapi/hist_events,1,"{""date"": ""2025-07-24T06:00:00Z"", ""dateFormat"": ""iso""}"
103f893b008aff6456b327573284489c9996060e65271385046e91ffaa657823,2025-07-25T06:00:00Z,,oddsapi/hist_events,1,"{""date"": ""2025-07-25T06:00:00Z"", ""dateFormat"": ""iso""}"
c4ee2bd8d1b00716bbbe38337945f4ec8348b643ea906f1052e295e62210b36e,2025-07-26T06:00:00Z,,oddsapi/hist_events,1,"{""date"": ""2025-07-26T06:00:00Z"", ""dateFormat"": ""iso""}"
e6e96f05fab2c9a4c3dfbed40f457ff6b24c03a4fc2beb32c11cbe8b62682ea9,2025-07-27T06:00:00Z,,oddsapi/hist_events,1,"{""date"": ""2025-07-27T06:00:00Z"", ""dateFormat"": ""iso""}"
4ee08fd3ee11f71ec9c4e93f9bc9d6e4fdf1e7b8e56efd8597305774bf6c8a24,2025-07-28T06:00:00Z,,oddsapi/hist_events,1,"{""date"": ""2025-07-28T06:00:00Z"", ""dateFormat"": ""iso""}"
cbf30d2d9777ce724c8768a7376b64aebafc2c984a4f8cfb73b2ab4abee95604,2025-07-29T06:00:00Z,,oddsapi/hist_events,1,"{""date"": ""2025-07-29T06:00:00Z"", ""dateFormat"": ""iso""}"
966d059397f62859d1c4f039d874abbc902d0458774ab143ff4c4ff95a1189b7,2025-07-30T06:00:00Z,,oddsapi/hist_events,1,"{""date"": ""2025-07-30T06:00:00Z"", ""dateFormat"": ""iso""}"
fc6d0cffc3b5eab7ff2049f8f0ab0263ebf87a62703063a57d89120cfd705528,2025-07-31T06:00:00Z,,oddsapi/hist_events,1,"{""date"": ""2025-07-31T06:00:00Z"", ""dateFormat"": ""iso""}"
253c6f2ab8f2d9bc90867d1aa5bb21ed21f3b0b861746035393896d3af3ccc42,2025-08-01T06:00:00Z,,oddsapi/hist_events,1,"{""date"": ""2025-08-01T06:00:00Z"", ""dateFormat"": ""iso""}"
ee385626a37c9a6f4977fd8343bc73f84565ce7cd92953d8907f1d61fbd46d63,2025-08-02T06:00:00Z,,oddsapi/hist_events,1,"{""date"": ""2025-08-02T06:00:00Z"", ""dateFormat"": ""iso""}"
d22e6cd740a7b839c296a6a67b2c9173d357e74a7c067e82133809f79b38b134,2025-08-03T06:00:00Z,,oddsapi/hist_events,1,"{""date"": ""2025-08-03T06:00:00Z"", ""dateFormat"": ""iso""}"
aaf35eacb3d306ecdd1b6eb94c89202015a90ce5a207bb941d1e3353940ff6ee,2025-08-04T06:00:00Z,,oddsapi/hist_events,1,"{""date"": ""2025-08-04T06:00:00Z"", ""dateFormat"": ""iso""}"
b39035bf2bac60fa33bf01d461cc04ece0021a642cd14fe5189cf1eefa272046,2025-08-05T06:00:00Z,,oddsapi/hist_events,1,"{""date"": ""2025-08-05T06:00:00Z"", ""dateFormat"": ""iso""}"
d603037d22661fe1b8e9974609d476369e2600427f92542cb5539b9a348654af,2025-08-06T06:00:00Z,,oddsapi/hist_events,1,"{""date"": ""2025-08-06T06:00:00Z"", ""dateFormat"": ""iso""}"
3d3eca375c4e0b861f6ecc4648ede74689f67001a4d91df34400bf485bf7acab,2025-08-07T06:00:00Z,,oddsapi/hist_events,1,"{""date"": ""2025-08-07T06:00:00Z"", ""dateFormat"": ""iso""}"
197b66764c829e1418c64d0234c11422149a868e5a733dbee64180eac6786e74,2025-08-08T06:00:00Z,,oddsapi/hist_events,1,"{""date"": ""2025-08-08T06:00:00Z"", ""dateFormat"": ""iso""}"
bd10342ab466a28c1a59b1c50ed30a081b6724257559f362ecf87e204c5dee22,2025-08-09T06:00:00Z,,oddsapi/hist_events,1,"{""date"": ""2025-08-09T06:00:00Z"", ""dateFormat"": ""iso""}"
322ed084af5e6bcc3d117004bd234dd9a51a227a41ae8d770ea825704bb173a5,2025-08-10T06:00:00Z,,oddsapi/hist_events,1,"{""date"": ""2025-08-10T06:00:00Z"", ""dateFormat"": ""iso""}"
af14b171688971057a56a16553a72a809c436c6cd097917eff7347b555ce5816,2025-08-11T06:00:00Z,,oddsapi/hist_events,1,"{""date"": ""2025-08-11T06:00:00Z"", ""dateFormat"": ""iso""}"
61fb49cd36fe714b35ec4a481892f4d3cac04e6c6c5b8738398df155933ddbb5,2025-08-12T06:00:00Z,,oddsapi/hist_events,1,"{""date"": ""2025-08-12T06:00:00Z"", ""dateFormat"": ""iso""}"
82637787838835150b36f461b0a55688db6274ee16a79f6c9bb41513637046de,2025-08-13T06:00:00Z,,oddsapi/hist_events,1,"{""date"": ""2025-08-13T06:00:00Z"", ""dateFormat"": ""iso""}"
3a7558ef0d73977c772db18f405c9d14b777548fd609b3db4a0505905f1e6ab2,2025-08-14T06:00:00Z,,oddsapi/hist_events,1,"{""date"": ""2025-08-14T06:00:00Z"", ""dateFormat"": ""iso""}"
69326721069150389fbf50b10eb2a360fee63a46f34a29db6168c9358b10bafb,2025-08-15T06:00:00Z,,oddsapi/hist_events,1,"{""date"": ""2025-08-15T06:00:00Z"", ""dateFormat"": ""iso""}"
914fafb55685f3cfc4a86da505fb4614471a8ce92e7dc3bffb3d8185f142993a,2025-08-16T06:00:00Z,,oddsapi/hist_events,1,"{""date"": ""2025-08-16T06:00:00Z"", ""dateFormat"": ""iso""}"
fc2239f1819049c6d99e3fbc366956a1a47ff95d8aa15a9dbe9da4ce03619eb5,2025-08-17T06:00:00Z,,oddsapi/hist_events,1,"{""date"": ""2025-08-17T06:00:00Z"", ""dateFormat"": ""iso""}"
a2e420f2f47cac63d574158544b05e6976ae0fb302071fbcc0434dcbc03e9b5c,2025-08-18T06:00:00Z,,oddsapi/hist_events,1,"{""date"": ""2025-08-18T06:00:00Z"", ""dateFormat"": ""iso""}"
e69c75fe76a26b4d39004d0e91436dad3174b14db09ccdaa6a4ada1a5ac98026,2025-08-19T06:00:00Z,,oddsapi/hist_events,1,"{""date"": ""2025-08-19T06:00:00Z"", ""dateFormat"": ""iso""}"
f6a7410f8ced545adf10b6ffdc85e10aad72be2e0d3996396c5f8fd9003d26e2,2025-08-20T06:00:00Z,,oddsapi/hist_events,1,"{""date"": ""2025-08-20T06:00:00Z"", ""dateFormat"": ""iso""}"
b5f31d845fc563ab2e5ae854facb49f4894a003da7d3345d7e59dff2b6aebf22,2025-08-21T06:00:00Z,,oddsapi/hist_events,1,"{""date"": ""2025-08-21T06:00:00Z"", ""dateFormat"": ""iso""}"
02fe3dd00893dc04a35599f9c5de0de9dadf0380be047fa7a387e67fa66002d2,2025-08-22T06:00:00Z,,oddsapi/hist_events,1,"{""date"": ""2025-08-22T06:00:00Z"", ""dateFormat"": ""iso""}"
23e4de2d39a6973a9c398a7a881e98ef0264f42e0e7c8a2a59776497c94f9432,2025-08-23T06:00:00Z,,oddsapi/hist_events,1,"{""date"": ""2025-08-23T06:00:00Z"", ""dateFormat"": ""iso""}"
95c5af0629776944267c15113bdc839407f3f4ace16ee4ba9583f1dea02349d4,2025-08-24T06:00:00Z,,oddsapi/hist_events,1,"{""date"": ""2025-08-24T06:00:00Z"", ""dateFormat"": ""iso""}"
01e78d1e2c809cfa2b786b0a958768b099539a4611362c6131fc1e708b5caccd,2025-08-25T06:00:00Z,,oddsapi/hist_events,1,"{""date"": ""2025-08-25T06:00:00Z"", ""dateFormat"": ""iso""}"
26114014787eb13cff8130f8d04ca99f398b0f8dd0da92e5d6a9412581c04eba,2025-08-26T06:00:00Z,,oddsapi/hist_events,1,"{""date"": ""2025-08-26T06:00:00Z"", ""dateFormat"": ""iso""}"
359d1db255098caf40f3bacb362078b09bf7cda5f4c1382c089bc8cf87fdced3,2025-08-27T06:00:00Z,,oddsapi/hist_events,1,"{""date"": ""2025-08-27T06:00:00Z"", ""dateFormat"": ""iso""}"
d70682e63aa16fac95967ba73666b8ce2509bc7d95e473ae479b00bb8f60ef66,2025-08-28T06:00:00Z,,oddsapi/hist_events,1,"{""date"": ""2025-08-28T06:00:00Z"", ""dateFormat"": ""iso""}"
9517b11e5451a899306b44affed63fd348ca0bdab81fe3696d5571d696c5b8a1,2025-08-29T06:00:00Z,,oddsapi/hist_events,1,"{""date"": ""2025-08-29T06:00:00Z"", ""dateFormat"": ""iso""}"
1c8dc159af63f018ddd891d5cd540c09b0bf7c49c77a47d69d6cb3a8358ef355,2025-08-30T06:00:00Z,,oddsapi/hist_events,1,"{""date"": ""2025-08-30T06:00:00Z"", ""dateFormat"": ""iso""}"
ebf48978c1b7d6e78fd3e93fe26f1f3504aacb1124cb6a90b628a0f2e0c5121e,2025-08-31T06:00:00Z,,oddsapi/hist_events,1,"{""date"": ""2025-08-31T06:00:00Z"", ""dateFormat"": ""iso""}"
a92bd0bc14c5636f56dfb2ff8cf0d5a14c6ed044d533b691e36bfd76931a1dec,2025-09-02T06:00:00Z,,oddsapi/hist_events,1,"{""date"": ""2025-09-02T06:00:00Z"", ""dateFormat"": ""iso""}"
53557b8b5e6147894d8723f59ad45df029b0656a21c667fa9131d0b1fcf4afe2,2025-09-04T06:00:00Z,,oddsapi/hist_events,1,"{""date"": ""2025-09-04T06:00:00Z"", ""dateFormat"": ""iso""}"
3fabe89cfd10cbeb895ccdbd10c4b31c832beb4c35b44e961c5b2524433b29ee,2025-09-06T06:00:00Z,,oddsapi/hist_events,1,"{""date"": ""2025-09-06T06:00:00Z"", ""dateFormat"": ""iso""}"
cd4956a478f4a4c2666d51650e7c7e9eb75334fc9de78a71aaefaaf2ec876b6b,2025-09-08T06:00:00Z,,oddsapi/hist_events,1,"{""date"": ""2025-09-08T06:00:00Z"", ""dateFormat"": ""iso""}"
bc492782b6bb1603b5cae41930b8bf00dc58b45ca17fa2b5385b4754b1a50117,2025-09-10T06:00:00Z,,oddsapi/hist_events,1,"{""date"": ""2025-09-10T06:00:00Z"", ""dateFormat"": ""iso""}"
d6a2b4fc880e2655e7c901eeb7d29a33ab74c20c30530e5f35b5ef77ee8fb75d,2025-09-12T06:00:00Z,,oddsapi/hist_events,1,"{""date"": ""2025-09-12T06:00:00Z"", ""dateFormat"": ""iso""}"
7c27465f6ceb91a9330aabc3097a6732f6c571ffaca2ffe68d6d93885b975fe5,2025-09-14T06:00:00Z,,oddsapi/hist_events,1,"{""date"": ""2025-09-14T06:00:00Z"", ""dateFormat"": ""iso""}"
c6de933c4a6a0c48c5ddfb9dbec4a01230fe19bc1020dc3dd3f652aec720e9e6,2025-09-16T06:00:00Z,,oddsapi/hist_events,1,"{""date"": ""2025-09-16T06:00:00Z"", ""dateFormat"": ""iso""}"
0fd998f74c340c20fd4030e4e43bbf2e2332c2a834b75e9f0e5d66a68a25e54b,2025-09-18T06:00:00Z,,oddsapi/hist_events,1,"{""date"": ""2025-09-18T06:00:00Z"", ""dateFormat"": ""iso""}"
39eaa0f5bbe6aae1aef7c1cf09f110612c1761230e8aa38345a1edff3bc8f0a6,2025-09-20T06:00:00Z,,oddsapi/hist_events,1,"{""date"": ""2025-09-20T06:00:00Z"", ""dateFormat"": ""iso""}"
b351c29e92a165b9f1ddb30522f2b597a9e4f6b55015b286a91227aa6c490c01,2025-09-22T06:00:00Z,,oddsapi/hist_events,1,"{""date"": ""2025-09-22T06:00:00Z"", ""dateFormat"": ""iso""}"
30bc2dbd4fdaad1d8c7149027842b5c158a33bcc928abd6906d775c6e47aa529,2025-09-24T06:00:00Z,,oddsapi/hist_events,1,"{""date"": ""2025-09-24T06:00:00Z"", ""dateFormat"": ""iso""}"
7e91fd5c9e0022f311aee256d7b9aaf8ef3b9c6b06c86c9404150e49df8a15ab,2025-09-26T06:00:00Z,,oddsapi/hist_events,1,"{""date"": ""2025-09-26T06:00:00Z"", ""dateFormat"": ""iso""}"
a88123ebb5a73699cfa870b35eb662e0263c279e34820e3850dc2f2cc8052342,2025-09-28T06:00:00Z,,oddsapi/hist_events,1,"{""date"": ""2025-09-28T06:00:00Z"", ""dateFormat"": ""iso""}"
4206e19d814d336db54f52e720fb63d7ceaac0524f0621d8387d7cd8732ea550,2025-09-30T06:00:00Z,,oddsapi/hist_events,1,"{""date"": ""2025-09-30T06:00:00Z"", ""dateFormat"": ""iso""}"
c4626831cfb87e43abcb7fd503e0d6634eb3c1ab25290f0c7483be2eadecfcc4,2025-10-02T06:00:00Z,,oddsapi/hist_events,1,"{""date"": ""2025-10-02T06:00:00Z"", ""dateFormat"": ""iso""}"
edee069ba877181c73ca7011f03b2846f08160c3f3a2f518044497c7ace24f9c,2025-10-04T06:00:00Z,,oddsapi/hist_events,1,"{""date"": ""2025-10-04T06:00:00Z"", ""dateFormat"": ""iso""}"
14fbbcbf13c8af438320467dfec4874983cd8b4d3f13813ae768d18361f475db,2025-10-06T06:00:00Z,,oddsapi/hist_events,1,"{""date"": ""2025-10-06T06:00:00Z"", ""dateFormat"": ""iso""}"
4e855e810d56fc700fd2e8ae18c61ecbac20e8f7abfb8719ab87953474efd54f,2025-10-08T06:00:00Z,,oddsapi/hist_events,1,"{""date"": ""2025-10-08T06:00:00Z"", ""dateFormat"": ""iso""}"
e4b9d8783c5894e2c25db22bb27a8d2aaee04bb785a8f01d2b9a63e363d5630b,2025-10-10T06:00:00Z,,oddsapi/hist_events,1,"{""date"": ""2025-10-10T06:00:00Z"", ""dateFormat"": ""iso""}"
3eab29a439e864d0a75d680c662f4a1553397c94bb62bfc143d718bf7213836e,2025-10-12T06:00:00Z,,oddsapi/hist_events,1,"{""date"": ""2025-10-12T06:00:00Z"", ""dateFormat"": ""iso""}"
5b3af2afce3d54cc5344e924058e76dbe344f88255f3c012f12e0f0ee989f09b,2025-10-14T06:00:00Z,,oddsapi/hist_events,1,"{""date"": ""2025-10-14T06:00:00Z"", ""dateFormat"": ""iso""}"
136addfd92e3c683ef8081f664b64e7e8defac4b9f03b54bb1fae0efcef2742f,2025-10-16T06:00:00Z,,oddsapi/hist_events,1,"{""date"": ""2025-10-16T06:00:00Z"", ""dateFormat"": ""iso""}"
5cd8402e63b39cd2a07641ec044d8abd2e718b27d7cad99f21290c97a6ef3475,2025-10-18T06:00:00Z,,oddsapi/hist_events,1,"{""date"": ""2025-10-18T06:00:00Z"", ""dateFormat"": ""iso""}"
3c00e7674b532d859871809e94916659dae824d2ea7df8c771304fcae4731015,2025-10-20T06:00:00Z,,oddsapi/hist_events,1,"{""date"": ""2025-10-20T06:00:00Z"", ""dateFormat"": ""iso""}"
152f5caf1a6a646a749dc16b6ed11434b76faaebddc11618dbb5946112f9e324,2025-10-22T06:00:00Z,,oddsapi/hist_events,1,"{""date"": ""2025-10-22T06:00:00Z"", ""dateFormat"": ""iso""}"
4cf67f762e668304002685f408bdf92767de712bae2e05316aecfc2b5418e9ce,2025-10-24T06:00:00Z,,oddsapi/hist_events,1,"{""date"": ""2025-10-24T06:00:00Z"", ""dateFormat"": ""iso""}"
a7e7db47fa8bf0b83dc560edba819116f031b27b27f7d170f25ff8645eea86d6,2025-10-26T06:00:00Z,,oddsapi/hist_events,1,"{""date"": ""2025-10-26T06:00:00Z"", ""dateFormat"": ""iso""}"
b2562046dd1163b57154e69e192ccd9268437b185df37a57544f8af5087decac,2025-10-28T06:00:00Z,,oddsapi/hist_events,1,"{""date"": ""2025-10-28T06:00:00Z"", ""dateFormat"": ""iso""}"
9a58529789c191cfc2582aca56fca7ed177a80487e9281d6a2df4fcd2b1b5354,2025-10-30T06:00:00Z,,oddsapi/hist_events,1,"{""date"": ""2025-10-30T06:00:00Z"", ""dateFormat"": ""iso""}"
4f1b0a8f3c2a80c9a00319fb12b8e777c7dd69f9fd7df0b00c158b10d38d2056,2025-11-01T06:00:00Z,,oddsapi/hist_events,1,"{""date"": ""2025-11-01T06:00:00Z"", ""dateFormat"": ""iso""}"
010c271bae47f26f727e7d63a0ead3d8da856f3e1bf445c58886fd5bb6d5f0e0,2025-11-03T06:00:00Z,,oddsapi/hist_events,1,"{""date"": ""2025-11-03T06:00:00Z"", ""dateFormat"": ""iso""}"
f4ab72cd7a5af9cec20d7fe2433ee08c01418052e87ea880d9e57533e57a8644,2025-11-05T06:00:00Z,,oddsapi/hist_events,1,"{""date"": ""2025-11-05T06:00:00Z"", ""dateFormat"": ""iso""}"
8ac0980037750cfc172df717882b95564b5446bb1b1a36694f96782feeeef318,2025-11-07T06:00:00Z,,oddsapi/hist_events,1,"{""date"": ""2025-11-07T06:00:00Z"", ""dateFormat"": ""iso""}"
ab736b30c44c6f5a66d028884c2a0737213fcb73f00f808e842b6cb7edf527e7,2025-11-09T06:00:00Z,,oddsapi/hist_events,1,"{""date"": ""2025-11-09T06:00:00Z"", ""dateFormat"": ""iso""}"
2f5798537f3c0252f2fbf4cc8767c964a2750eaeb0b45f6d732df9b03811b87f,2025-11-11T06:00:00Z,,oddsapi/hist_events,1,"{""date"": ""2025-11-11T06:00:00Z"", ""dateFormat"": ""iso""}"
fb7bccb7464064b43da0af8d57042dfb185d06598e52f7457dc1555735a30360,2025-11-13T06:00:00Z,,oddsapi/hist_events,1,"{""date"": ""2025-11-13T06:00:00Z"", ""dateFormat"": ""iso""}"
e423954cedbe41ca6132c26bb3fb473704365d7f054be0c46e7d84f49f0d380e,2025-11-15T06:00:00Z,,oddsapi/hist_events,1,"{""date"": ""2025-11-15T06:00:00Z"", ""dateFormat"": ""iso""}"
996a9ce59b61b94e4a40659e4c5cdcb64110a3cedaf8dd4b299a973cebb42c7d,2025-11-17T06:00:00Z,,oddsapi/hist_events,1,"{""date"": ""2025-11-17T06:00:00Z"", ""dateFormat"": ""iso""}"
f4aee4c51ca2d124e8e92d987c4b2b2929722e487332ed74b9c586a51c1ddc55,2025-11-19T06:00:00Z,,oddsapi/hist_events,1,"{""date"": ""2025-11-19T06:00:00Z"", ""dateFormat"": ""iso""}"
10a8c239d0f39e28cf98bb8c9ee46a11692c039d27d29461ac5de9b4cd4fb3d9,2025-11-21T06:00:00Z,,oddsapi/hist_events,1,"{""date"": ""2025-11-21T06:00:00Z"", ""dateFormat"": ""iso""}"
85793e5f81ab36e5a3c1ac36003692c766f259adbecae9d20306aa44703f54f0,2025-11-23T06:00:00Z,,oddsapi/hist_events,1,"{""date"": ""2025-11-23T06:00:00Z"", ""dateFormat"": ""iso""}"
9d54e1bdfbc59951690a1374e25d95b1d5638e28445dd8b48f3716f1421b8d70,2025-11-25T06:00:00Z,,oddsapi/hist_events,1,"{""date"": ""2025-11-25T06:00:00Z"", ""dateFormat"": ""iso""}"
6b6f3334918a1201e5cb9ffe794e8eadc2ed444544fb91be0130d53a4d97e641,2025-11-27T06:00:00Z,,oddsapi/hist_events,1,"{""date"": ""2025-11-27T06:00:00Z"", ""dateFormat"": ""iso""}"
79e0b6db5a2a03e5e91761d757d70885f94de2617ee2a2e308e49503ad9b3087,2025-11-29T06:00:00Z,,oddsapi/hist_events,1,"{""date"": ""2025-11-29T06:00:00Z"", ""dateFormat"": ""iso""}"
f07795476efc3a0cf50c509c8c4afbe20ccd946713cdfbf9c76de89afc1c9ccb,2025-12-01T06:00:00Z,,oddsapi/hist_events,1,"{""date"": ""2025-12-01T06:00:00Z"", ""dateFormat"": ""iso""}"
f72363ec9eef42b88931de5e219b89711082ef96d8dbcbac28f408013bb4132a,2025-12-03T06:00:00Z,,oddsapi/hist_events,1,"{""date"": ""2025-12-03T06:00:00Z"", ""dateFormat"": ""iso""}"
cb730d5d8c352099a6ee00783c7b9db0111d887ee5a18be1cfcf72e1c0dbb154,2025-12-05T06:00:00Z,,oddsapi/hist_events,1,"{""date"": ""2025-12-05T06:00:00Z"", ""dateFormat"": ""iso""}"
d1b2fe51be69538c3b8e88570b85749008b9977e7226862e210eaa9b1688af37,2025-12-07T06:00:00Z,,oddsapi/hist_events,1,"{""date"": ""2025-12-07T06:00:00Z"", ""dateFormat"": ""iso""}"
04fee54d7d5d160934d48492b1e0ed124ff7f2e5efd2879b777d7b887560c6e2,2025-12-09T06:00:00Z,,oddsapi/hist_events,1,"{""date"": ""2025-12-09T06:00:00Z"", ""dateFormat"": ""iso""}"
216d55bd8233bfdf3cf8d90f2981725c461e64172a9d94b0842d8abf1451f1b8,2025-12-11T06:00:00Z,,oddsapi/hist_events,1,"{""date"": ""2025-12-11T06:00:00Z"", ""dateFormat"": ""iso""}"
b84fdcbb3d231af1a558f8a033a750478581d6d447631207247b97b069147a18,2025-12-13T06:00:00Z,,oddsapi/hist_events,1,"{""date"": ""2025-12-13T06:00:00Z"", ""dateFormat"": ""iso""}"
eb77cc83f4e692718be6873842b87d9df3d9f11eed378fd6004ac8322d8515af,2025-12-15T06:00:00Z,,oddsapi/hist_events,1,"{""date"": ""2025-12-15T06:00:00Z"", ""dateFormat"": ""iso""}"
f8670845dffcfa3e6365c282423993bb121de53f0fca244f15670c74496057e0,2025-12-17T06:00:00Z,,oddsapi/hist_events,1,"{""date"": ""2025-12-17T06:00:00Z"", ""dateFormat"": ""iso""}"
5e47e75a9445ce5a045d4ead86a5780221640223f60740d1a04ea01cf53abd4c,2025-12-19T06:00:00Z,,oddsapi/hist_events,1,"{""date"": ""2025-12-19T06:00:00Z"", ""dateFormat"": ""iso""}"
1aa7408bf219190f69684d55884b50d52733ff14b8ce488b875640ea7630bb7d,2025-12-21T06:00:00Z,,oddsapi/hist_events,1,"{""date"": ""2025-12-21T06:00:00Z"", ""dateFormat"": ""iso""}"
aaf7dd51c40a6f73edcdc280cfe52ebccc8d48e003d791815d5a0d3f3109723a,2025-12-23T06:00:00Z,,oddsapi/hist_events,1,"{""date"": ""2025-12-23T06:00:00Z"", ""dateFormat"": ""iso""}"
feacff844ed19f9b5fced239ee022635e71e6f1844d40d8804f81cf699c0dda1,2025-12-25T06:00:00Z,,oddsapi/hist_events,1,"{""date"": ""2025-12-25T06:00:00Z"", ""dateFormat"": ""iso""}"
6ac6b208593501a75b04d86063e6cf8e2675a9db344798aa6b2f65e800a91470,2025-12-27T06:00:00Z,,oddsapi/hist_events,1,"{""date"": ""2025-12-27T06:00:00Z"", ""dateFormat"": ""iso""}"
f82cf066c165976167db4effc320debb6cddced0dd4bf29bedbfa4cc268f933c,2025-12-29T06:00:00Z,,oddsapi/hist_events,1,"{""date"": ""2025-12-29T06:00:00Z"", ""dateFormat"": ""iso""}"
fa5cbcd8e97e9e832834b7e4204c0fc1a95fe80db8c0dfa653f73437d00495c0,2025-12-31T06:00:00Z,,oddsapi/hist_events,1,"{""date"": ""2025-12-31T06:00:00Z"", ""dateFormat"": ""iso""}"
cc24e915c2aa2a441b11946403717ea89c917deefc7bffc3e7fe0cc76df44dae,2026-01-02T06:00:00Z,,oddsapi/hist_events,1,"{""date"": ""2026-01-02T06:00:00Z"", ""dateFormat"": ""iso""}"
8bd7c1c9f1b32bfb3622059629cd146f2a7fe075cfa879cc04964afbf2458717,2026-01-04T06:00:00Z,,oddsapi/hist_events,1,"{""date"": ""2026-01-04T06:00:00Z"", ""dateFormat"": ""iso""}"
228136f5f6741ef5cd4f33cd9b8dd29ddedbcee65ecc832fdda0ef030189220c,2026-01-06T06:00:00Z,,oddsapi/hist_events,1,"{""date"": ""2026-01-06T06:00:00Z"", ""dateFormat"": ""iso""}"
1f765dc361c96bb4b64ee36011df7dd74879c1f86dfefbdc72f1e5750fb8fe11,2026-01-08T06:00:00Z,,oddsapi/hist_events,1,"{""date"": ""2026-01-08T06:00:00Z"", ""dateFormat"": ""iso""}"
61b9720b18ff377beb5a750e7388fe3a45f9d2c7e06f7aacea770d9c2a17294e,2026-01-10T06:00:00Z,,oddsapi/hist_events,1,"{""date"": ""2026-01-10T06:00:00Z"", ""dateFormat"": ""iso""}"
fab835d782d0c51af76a6410d18b1dc904adade20493ecb30b31e163186b0d17,2026-01-12T06:00:00Z,,oddsapi/hist_events,1,"{""date"": ""2026-01-12T06:00:00Z"", ""dateFormat"": ""iso""}"
83864c2d1265aa57a06f0d6491413e0d68eaab07a80813181a2321f2c26e0ae9,2026-01-14T06:00:00Z,,oddsapi/hist_events,1,"{""date"": ""2026-01-14T06:00:00Z"", ""dateFormat"": ""iso""}"
6600a7a5eb606d0123961b9638546891a8aad75e05a5bec7985a49abe3651271,2026-01-16T06:00:00Z,,oddsapi/hist_events,1,"{""date"": ""2026-01-16T06:00:00Z"", ""dateFormat"": ""iso""}"
208c76d633e1c0a4e1026011f346d93222db34e3a48ab71d6d55695f8958998a,2026-01-18T06:00:00Z,,oddsapi/hist_events,1,"{""date"": ""2026-01-18T06:00:00Z"", ""dateFormat"": ""iso""}"
0079f8bd157c7938c893b4284afe7e4bd9fca3921ced50f7f601a3d94f308bee,2026-01-20T06:00:00Z,,oddsapi/hist_events,1,"{""date"": ""2026-01-20T06:00:00Z"", ""dateFormat"": ""iso""}"
25bf2491dc344c0f546656416ddd280e5c075c612820d8b79edb6eb067b2244d,2026-01-22T06:00:00Z,,oddsapi/hist_events,1,"{""date"": ""2026-01-22T06:00:00Z"", ""dateFormat"": ""iso""}"
b7b01e6af1ec3ad84e5cd4f62e970033c8b8961ffef6b1b11a1fad5bdf0808c5,2026-01-24T06:00:00Z,,oddsapi/hist_events,1,"{""date"": ""2026-01-24T06:00:00Z"", ""dateFormat"": ""iso""}"
4e5453f59464e04921a4e3122b94b4465bc0accab504b93f87e23111689c9052,2026-01-26T06:00:00Z,,oddsapi/hist_events,1,"{""date"": ""2026-01-26T06:00:00Z"", ""dateFormat"": ""iso""}"
a427ed4a104c0294bc05d646477c56f1ce374d8e0f287948175325476e445d95,2026-01-28T06:00:00Z,,oddsapi/hist_events,1,"{""date"": ""2026-01-28T06:00:00Z"", ""dateFormat"": ""iso""}"
9f66231da893b984119d46dc1d6f5606f0ab3ea88b188371f72e3a7c2195a2fb,2026-01-30T06:00:00Z,,oddsapi/hist_events,1,"{""date"": ""2026-01-30T06:00:00Z"", ""dateFormat"": ""iso""}"
7c726c6c89c596a1032ca70c356406e14ae05a64d4893c1b90d62fde2f8d4fb0,2026-02-01T06:00:00Z,,oddsapi/hist_events,1,"{""date"": ""2026-02-01T06:00:00Z"", ""dateFormat"": ""iso""}"
0d03c0561082e75496756ee981ae869094d43a658e48ab1556286242e000bf86,2026-02-03T06:00:00Z,,oddsapi/hist_events,1,"{""date"": ""2026-02-03T06:00:00Z"", ""dateFormat"": ""iso""}"
61975ef1dd12a5962f4e580d47e9d2f8d7181a3c1f2915eead073a694d29eb08,2026-02-05T06:00:00Z,,oddsapi/hist_events,1,"{""date"": ""2026-02-05T06:00:00Z"", ""dateFormat"": ""iso""}"
a6a4cb00706fd9c4320fe8795ed4bd29f40dbdd50b800ee88a1eaaff0d2a9c19,2026-02-07T06:00:00Z,,oddsapi/hist_events,1,"{""date"": ""2026-02-07T06:00:00Z"", ""dateFormat"": ""iso""}"
3103b7daaefd43a204d23cea7e7c0226160734831de64ce0050e058ad1f80b46,2026-02-09T06:00:00Z,,oddsapi/hist_events,1,"{""date"": ""2026-02-09T06:00:00Z"", ""dateFormat"": ""iso""}"
