request_id,requested_utc,event_id,source,max_new_credits,params_json
9c9367bf77cd62635c85920bced15090fa6b5ae71815e4c16af5eb32a94f5f64,2023-05-03T06:00:00Z,,oddsapi/hist_events,1,"{""date"": ""2023-05-03T06:00:00Z"", ""dateFormat"": ""iso""}"
e59354e61b469570d20994468e1b0c30350889101ec46933cfb76657e057c12d,2023-05-04T06:00:00Z,,oddsapi/hist_events,1,"{""date"": ""2023-05-04T06:00:00Z"", ""dateFormat"": ""iso""}"
5a89010fb53af7932bf7c82c939708667883e7472194c30c4ae0f2237c444cc4,2023-05-05T06:00:00Z,,oddsapi/hist_events,1,"{""date"": ""2023-05-05T06:00:00Z"", ""dateFormat"": ""iso""}"
b66d9a81d2a42fd4a7a836ba313d595bcc08243af0ae4512910cf37e34be404c,2023-05-06T06:00:00Z,,oddsapi/hist_events,1,"{""date"": ""2023-05-06T06:00:00Z"", ""dateFormat"": ""iso""}"
fcde6a6c1a8c71553e896bef81f252b8ddf38197e7ddebf8f368fda3f9976d91,2023-05-07T06:00:00Z,,oddsapi/hist_events,1,"{""date"": ""2023-05-07T06:00:00Z"", ""dateFormat"": ""iso""}"
dd1fd1ea78af5b53fe94244142296b39fd82e2035cb403ea236516dde02f50a5,2023-05-08T06:00:00Z,,oddsapi/hist_events,1,"{""date"": ""2023-05-08T06:00:00Z"", ""dateFormat"": ""iso""}"
e69fe51009e734ebb4b635437ac23795d1313926b3e8d3638a3ede84433cccfd,2023-05-09T06:00:00Z,,oddsapi/hist_events,1,"{""date"": ""2023-05-09T06:00:00Z"", ""dateFormat"": ""iso""}"
bb910ed296abbe92de81aa8a00bcc704221d69c8436a16139876c24c77e57cac,2023-05-10T06:00:00Z,,oddsapi/hist_events,1,"{""date"": ""2023-05-10T06:00:00Z"", ""dateFormat"": ""iso""}"
358400c35f6f96e5494361407ca5cf67e09b380b8e35650d74e88104d6b41b51,2023-05-11T06:00:00Z,,oddsapi/hist_events,1,"{""date"": ""2023-05-11T06:00:00Z"", ""dateFormat"": ""iso""}"
38de4eaf2d87abdbf6853e20a5ced4043a444dafc3987ed20f5691adbf651469,2023-05-12T06:00:00Z,,oddsapi/hist_events,1,"{""date"": ""2023-05-12T06:00:00Z"", ""dateFormat"": ""iso""}"
76117d23cc1290e8110e7a3a9bb55349958d86e57a0b7bedcb56f39d1af861ea,2023-05-13T06:00:00Z,,oddsapi/hist_events,1,"{""date"": ""2023-05-13T06:00:00Z"", ""dateFormat"": ""iso""}"
b69a9bde241d1efb606ea4991fb6cbaa8c31915492f2d473359f81c9ee82dfe3,2023-05-14T06:00:00Z,,oddsapi/hist_events,1,"{""date"": ""2023-05-14T06:00:00Z"", ""dateFormat"": ""iso""}"
0fcb6b9a694b10c02e5657e413dc67073944c61502fea71b91794f8f9fce0211,2023-05-15T06:00:00Z,,oddsapi/hist_events,1,"{""date"": ""2023-05-15T06:00:00Z"", ""dateFormat"": ""iso""}"
6c38da92b0de5b2cb3c3e1ca000c40d9372b530f003c571df5989fbce534ceb8,2023-05-16T06:00:00Z,,oddsapi/hist_events,1,"{""date"": ""2023-05-16T06:00:00Z"", ""dateFormat"": ""iso""}"
6a8f6983ab9159a22d3cf29260edadd35c47e99112685c9d783cc3a18e8d4ae8,2023-05-17T06:00:00Z,,oddsapi/hist_events,1,"{""date"": ""2023-05-17T06:00:00Z"", ""dateFormat"": ""iso""}"
c730c659e780d904ee5c5ca17c42c76bf8e6bc1b8b99a179334f5bcb826bc14e,2023-05-18T06:00:00Z,,oddsapi/hist_events,1,"{""date"": ""2023-05-18T06:00:00Z"", ""dateFormat"": ""iso""}"
568e959a9ef741b4c0380e8b27498951c504581d9470becde4d938070769d075,2023-05-19T06:00:00Z,,oddsapi/hist_events,1,"{""date"": ""2023-05-19T06:00:00Z"", ""dateFormat"": ""iso""}"
4a7f69db7048d935be4840eefe4b8aaf5ed7f48b9247feaa9f351b10f38eaa66,2023-05-20T06:00:00Z,,oddsapi/hist_events,1,"{""date"": ""2023-05-20T06:00:00Z"", ""dateFormat"": ""iso""}"
32c59a45d9885079400656de9fc74d8e29ace491516590dc72ba5721f016fc49,2023-05-21T06:00:00Z,,oddsapi/hist_events,1,"{""date"": ""2023-05-21T06:00:00Z"", ""dateFormat"": ""iso""}"
4838dd3fcac76a600f9310aab91113967974d61a7596fed8f938c049ffc2b955,2023-05-22T06:00:00Z,,oddsapi/hist_events,1,"{""date"": ""2023-05-22T06:00:00Z"", ""dateFormat"": ""iso""}"
3312963d11608d777bb382e213c2ca7f2de910b9d75f5efc7c79f3e226142c9d,2023-05-23T06:00:00Z,,oddsapi/hist_events,1,"{""date"": ""2023-05-23T06:00:00Z"", ""dateFormat"": ""iso""}"
638dd7ca48b85f8dfbd125277b34c9b7d5ddcb89d91ad72b8172daa0fcd552df,2023-05-24T06:00:00Z,,oddsapi/hist_events,1,"{""date"": ""2023-05-24T06:00:00Z"", ""dateFormat"": ""iso""}"
3b83c1593916b1b943bf4580da9712dbc661f6453b152550caa237b87bb58d54,2023-05-25T06:00:00Z,,oddsapi/hist_events,1,"{""date"": ""2023-05-25T06:00:00Z"", ""dateFormat"": ""iso""}"
fb9b49f6ffc54767e83551807c68522657b4df3f51859b66e1f4b479d72d2cee,2023-05-26T06:00:00Z,,oddsapi/hist_events,1,"{""date"": ""2023-05-26T06:00:00Z"", ""dateFormat"": ""iso""}"
c1692ba75ac02dd281d73fc923af4f4e821ea88aaa4e01d28deddaf18f277816,2023-05-27T06:00:00Z,,oddsapi/hist_events,1,"{""date"": ""2023-05-27T06:00:00Z"", ""dateFormat"": ""iso""}"
39fd966fa99781926fa8687edf8d77649967ed96867cf51437d6a50c95acb416,2023-05-28T06:00:00Z,,oddsapi/hist_events,1,"{""date"": ""2023-05-28T06:00:00Z"", ""dateFormat"": ""iso""}"
c785a4e699cf97e4b017823662bc7ba115c73793b6281da400486f18ab1e629a,2023-05-29T06:00:00Z,,oddsapi/hist_events,1,"{""date"": ""2023-05-29T06:00:00Z"", ""dateFormat"": ""iso""}"
e716a2b3c76b78747fe8f1714fb8b30346499b1a33248022e30adbca4d97fcbf,2023-05-30T06:00:00Z,,oddsapi/hist_events,1,"{""date"": ""2023-05-30T06:00:00Z"", ""dateFormat"": ""iso""}"
233a9812159feeee32dca16111a518305b7dd146e32007b92c49a59f13795e2f,2023-05-31T06:00:00Z,,oddsapi/hist_events,1,"{""date"": ""2023-05-31T06:00:00Z"", ""dateFormat"": ""iso""}"
b4e60da3fa0a6c74487b90eda199c31c008299e60ca8fe146688b9d8265a73fe,2023-06-01T06:00:00Z,,oddsapi/hist_events,1,"{""date"": ""2023-06-01T06:00:00Z"", ""dateFormat"": ""iso""}"
cf726644b3d369b807083fa20025f2784a80a6b204ef566627ffa780b5e67ab3,2023-06-02T06:00:00Z,,oddsapi/hist_events,1,"{""date"": ""2023-06-02T06:00:00Z"", ""dateFormat"": ""iso""}"
b6511fb3e02ffa3cbf5b775b8bad575068a489610befa4df2aea8eb94cf7683a,2023-06-03T06:00:00Z,,oddsapi/hist_events,1,"{""date"": ""2023-06-03T06:00:00Z"", ""dateFormat"": ""iso""}"
050484175258e0deea17712efb6637ed5c069519e3d7321fbe3bee630dbe4bd2,2023-06-04T06:00:00Z,,oddsapi/hist_events,1,"{""date"": ""2023-06-04T06:00:00Z"", ""dateFormat"": ""iso""}"
e666d2e03c6478af2130883a479e341dbfb752d24a67df62cf0b810a9f375c69,2023-06-05T06:00:00Z,,oddsapi/hist_events,1,"{""date"": ""2023-06-05T06:00:00Z"", ""dateFormat"": ""iso""}"
3f7526e138614d34e6f5f05be9409fc106caa35ead5f33d549b0731629c35aa2,2023-06-06T06:00:00Z,,oddsapi/hist_events,1,"{""date"": ""2023-06-06T06:00:00Z"", ""dateFormat"": ""iso""}"
ba0a4ab52ec95734e9aaac0675d7ee464178bf79d75e147ce4967fc6658d5074,2023-06-07T06:00:00Z,,oddsapi/hist_events,1,"{""date"": ""2023-06-07T06:00:00Z"", ""dateFormat"": ""iso""}"
d93d37392b3cf59a2bf8160d219a2579ecc55b16cb63ad0fbe89a713494c9e72,2023-06-08T06:00:00Z,,oddsapi/hist_events,1,"{""date"": ""2023-06-08T06:00:00Z"", ""dateFormat"": ""iso""}"
ef4ea0891c96f231718d148d251f31b28cce8931bb98afcbfb33d656e3ed97a4,2023-06-09T06:00:00Z,,oddsapi/hist_events,1,"{""date"": ""2023-06-09T06:00:00Z"", ""dateFormat"": ""iso""}"
5911649d539cfc8a4337746c7aca4f8e1dcf3283d1eb6e4dd2ec0ca50359bd06,2023-06-10T06:00:00Z,,oddsapi/hist_events,1,"{""date"": ""2023-06-10T06:00:00Z"", ""dateFormat"": ""iso""}"
9e0536d4ece75a5aff3158554d6e29758d5e919850f3ad9d503e065ac4e35cfe,2023-06-11T06:00:00Z,,oddsapi/hist_events,1,"{""date"": ""2023-06-11T06:00:00Z"", ""dateFormat"": ""iso""}"
bfcb98c8ea3a561322f4c4f1757e9dc462017d480f5753404e8f81d3b1344422,2023-06-12T06:00:00Z,,oddsapi/hist_events,1,"{""date"": ""2023-06-12T06:00:00Z"", ""dateFormat"": ""iso""}"
f9bc759718970a5b1c45059da59805d23d306cbe941f70df55ed10e9d0d02ef5,2023-06-13T06:00:00Z,,oddsapi/hist_events,1,"{""date"": ""2023-06-13T06:00:00Z"", ""dateFormat"": ""iso""}"
de952a8498769cd805504be736563a69e9be7c86bfb3e5d36ab5caf9e7471d44,2023-06-14T06:00:00Z,,oddsapi/hist_events,1,"{""date"": ""2023-06-14T06:00:00Z"", ""dateFormat"": ""iso""}"
020805d31ea7372aaa623c0e7700cbfc1dc940625812c79c88000267ea69b335,2023-06-15T06:00:00Z,,oddsapi/hist_events,1,"{""date"": ""2023-06-15T06:00:00Z"", ""dateFormat"": ""iso""}"
e8d298e61dc069b8997257c23c87c334da73f22719a5ab8aaadedf142ddf9208,2023-06-16T06:00:00Z,,oddsapi/hist_events,1,"{""date"": ""2023-06-16T06:00:00Z"", ""dateFormat"": ""iso""}"
dfb90e06e628d078d7c2595e6a691e426d159ebd3b6c41761f350fdb18021653,2023-06-17T06:00:00Z,,oddsapi/hist_events,1,"{""date"": ""2023-06-17T06:00:00Z"", ""dateFormat"": ""iso""}"
8d9329dfedce0364a16265f3f1abb523ace59c44ee2172a315af33b91982470d,2023-06-18T06:00:00Z,,oddsapi/hist_events,1,"{""date"": ""2023-06-18T06:00:00Z"", ""dateFormat"": ""iso""}"
cb1405d85e079e1df1c0b6bbb6c261868693eeebaa181bec4bcf73d538cb1697,2023-06-19T06:00:00Z,,oddsapi/hist_events,1,"{""date"": ""2023-06-19T06:00:00Z"", ""dateFormat"": ""iso""}"
818f986683ae3f28d22e6e7f77e588ccc8e9d47dd6ff62d94ac447c653823c5d,2023-06-20T06:00:00Z,,oddsapi/hist_events,1,"{""date"": ""2023-06-20T06:00:00Z"", ""dateFormat"": ""iso""}"
dcd3623848b8617c9c557fb177bbad459ead2c759c6d5a4c00ad4c43e9b9e248,2023-06-21T06:00:00Z,,oddsapi/hist_events,1,"{""date"": ""2023-06-21T06:00:00Z"", ""dateFormat"": ""iso""}"
29b93f642da1c6c4769fcd6dc243f537ac259daf852d0a6d223e1f49a38ce03d,2023-06-22T06:00:00Z,,oddsapi/hist_events,1,"{""date"": ""2023-06-22T06:00:00Z"", ""dateFormat"": ""iso""}"
83f2e3f119aaf20f93cb6b5af9e2e5ce172b2cd73e6c40a92f366cc4d17c06ff,2023-06-23T06:00:00Z,,oddsapi/hist_events,1,"{""date"": ""2023-06-23T06:00:00Z"", ""dateFormat"": ""iso""}"
8ce4cf66260dab9667d1ec730978d7f69203365ffff40b8db84815008d16cfbd,2023-06-24T06:00:00Z,,oddsapi/hist_events,1,"{""date"": ""2023-06-24T06:00:00Z"", ""dateFormat"": ""iso""}"
ceeb2f2f1b676133c45c4d5a3e29f8531bbd2be096e30f8d561f301ce30ea99b,2023-06-25T06:00:00Z,,oddsapi/hist_events,1,"{""date"": ""2023-06-25T06:00:00Z"", ""dateFormat"": ""iso""}"
22b8af4085d7fe1104f2bbb3f67c7e784ca0c6fad49fdeb224cf9755760b4d81,2023-06-26T06:00:00Z,,oddsapi/hist_events,1,"{""date"": ""2023-06-26T06:00:00Z"", ""dateFormat"": ""iso""}"
d2e007ebb2053da9a769cb2290f7b5c1e0c17c57d74560feab6699f1a1ff49bd,2023-06-27T06:00:00Z,,oddsapi/hist_events,1,"{""date"": ""2023-06-27T06:00:00Z"", ""dateFormat"": ""iso""}"
44abc9793f245016b8cfb858bce6c311860f6a330dafd7337a0d1cc265683714,2023-06-28T06:00:00Z,,oddsapi/hist_events,1,"{""date"": ""2023-06-28T06:00:00Z"", ""dateFormat"": ""iso""}"
e2bd47f008e188af375d15bef1512fbc7ab6b155ffbe014522c94365064bcf9e,2023-06-29T06:00:00Z,,oddsapi/hist_events,1,"{""date"": ""2023-06-29T06:00:00Z"", ""dateFormat"": ""iso""}"
457ddbffa020bb65cb9efcace1c2084488803bc5e8b876be2f37e584bf2ad84a,2023-06-30T06:00:00Z,,oddsapi/hist_events,1,"{""date"": ""2023-06-30T06:00:00Z"", ""dateFormat"": ""iso""}"
06dce3fb3ed099e38489b67d8609ceb88f92cb699a099706ca68420f6bab5633,2023-07-01T06:00:00Z,,oddsapi/hist_events,1,"{""date"": ""2023-07-01T06:00:00Z"", ""dateFormat"": ""iso""}"
bb30140e7611be6e3693e9f91593222f16e419580b4b2168f5b0e586929730fe,2023-07-02T06:00:00Z,,oddsapi/hist_events,1,"{""date"": ""2023-07-02T06:00:00Z"", ""dateFormat"": ""iso""}"
b355a84b0522aee7f0af0be89acb40911135ddff4d9c20cc3dabcaadae74e6c4,2023-07-03T06:00:00Z,,oddsapi/hist_events,1,"{""date"": ""2023-07-03T06:00:00Z"", ""dateFormat"": ""iso""}"
edee7cc22073984abaf9db9feac6472bf9aba4cfd92e15787920e434c40bef19,2023-07-04T06:00:00Z,,oddsapi/hist_events,1,"{""date"": ""2023-07-04T06:00:00Z"", ""dateFormat"": ""iso""}"
6f495f36871190e4d5fd332053b0dd39d69ebe58e0b25a5723a623e7132ea010,2023-07-05T06:00:00Z,,oddsapi/hist_events,1,"{""date"": ""2023-07-05T06:00:00Z"", ""dateFormat"": ""iso""}"
ab118f39c67bd2aff14a83ee674b383411a9823d502efa4b3bdde429ddc45f5f,2023-07-06T06:00:00Z,,oddsapi/hist_events,1,"{""date"": ""2023-07-06T06:00:00Z"", ""dateFormat"": ""iso""}"
4d30db9e78b6cadaca20145a6e00c2c2ceac31dd2fd79629192ace534ea1619d,2023-07-07T06:00:00Z,,oddsapi/hist_events,1,"{""date"": ""2023-07-07T06:00:00Z"", ""dateFormat"": ""iso""}"
0eef59777453db6b8cba6b727dfa23a2c575472b6f9e6fe4965cfb509a23b2c0,2023-07-08T06:00:00Z,,oddsapi/hist_events,1,"{""date"": ""2023-07-08T06:00:00Z"", ""dateFormat"": ""iso""}"
90419c2828e1a98478aa37f02334036f08c37a6dd0d400c2bf9e45465dd023e1,2023-07-09T06:00:00Z,,oddsapi/hist_events,1,"{""date"": ""2023-07-09T06:00:00Z"", ""dateFormat"": ""iso""}"
9b22374c12b1d2ac13206f99b85e3521e1e4111440854a77a2e44f95ac32a5a2,2023-07-10T06:00:00Z,,oddsapi/hist_events,1,"{""date"": ""2023-07-10T06:00:00Z"", ""dateFormat"": ""iso""}"
ed32eaacaeda67dd033abfcabce3f6d7489c701f585fb0ed55b2de33cfad7246,2023-07-11T06:00:00Z,,oddsapi/hist_events,1,"{""date"": ""2023-07-11T06:00:00Z"", ""dateFormat"": ""iso""}"
42ded83d164dc9e1bf1310ff23618cd10380904cf86ab3bb0f9481f2f1e1fde6,2023-07-12T06:00:00Z,,oddsapi/hist_events,1,"{""date"": ""2023-07-12T06:00:00Z"", ""dateFormat"": ""iso""}"
47742f17a75da3fabc12e4ff97884e39a04f5e06ac4633e7ce96d50feeccc15c,2023-07-13T06:00:00Z,,oddsapi/hist_events,1,"{""date"": ""2023-07-13T06:00:00Z"", ""dateFormat"": ""iso""}"
b590efdcfda0f903e33a4445ee2c6b5c72e922f13c65651fbf95826e7e4764af,2023-07-14T06:00:00Z,,oddsapi/hist_events,1,"{""date"": ""2023-07-14T06:00:00Z"", ""dateFormat"": ""iso""}"
80082879eef7b3c23ceb4c66463c0e6219789144465bc6b4ad10ad27c96307a8,2023-07-15T06:00:00Z,,oddsapi/hist_events,1,"{""date"": ""2023-07-15T06:00:00Z"", ""dateFormat"": ""iso""}"
ff06ae03757705737c2662db26fe53984a2f73c62b3a805921d1f28c66002704,2023-07-16T06:00:00Z,,oddsapi/hist_events,1,"{""date"": ""2023-07-16T06:00:00Z"", ""dateFormat"": ""iso""}"
0f5cd047ddbc6a20e759e8aa9184b525f3da40eaeb38bf5edad2bcbd482fbf8c,2023-07-17T06:00:00Z,,oddsapi/hist_events,1,"{""date"": ""2023-07-17T06:00:00Z"", ""dateFormat"": ""iso""}"
9315bba401fd8b036c33cf4a83ea79f6b3f7d068f30e1c9019b394b96b25dfb8,2023-07-18T06:00:00Z,,oddsapi/hist_events,1,"{""date"": ""2023-07-18T06:00:00Z"", ""dateFormat"": ""iso""}"
f40fc2afdcd107a77e6061039b995158dd887d5a1ae291069e74ee850f4f96ad,2023-07-19T06:00:00Z,,oddsapi/hist_events,1,"{""date"": ""2023-07-19T06:00:00Z"", ""dateFormat"": ""iso""}"
de8d4adbc312216d8c0583498c62a7c3d33ea33cc49ea4d20a524cd3073ba66f,2023-07-20T06:00:00Z,,oddsapi/hist_events,1,"{""date"": ""2023-07-20T06:00:00Z"", ""dateFormat"": ""iso""}"
3b6cb91c112012daf020a5ed80c1a8e097d5dc636937a9c178811fbb03730f82,2023-07-21T06:00:00Z,,oddsapi/hist_events,1,"{""date"": ""2023-07-21T06:00:00Z"", ""dateFormat"": ""iso""}"
3de57df7a71ad48214fbe75cfc5ee0e6701bb1a4f89e096bd620c5bdb780b12e,2023-07-22T06:00:00Z,,oddsapi/hist_events,1,"{""date"": ""2023-07-22T06:00:00Z"", ""dateFormat"": ""iso""}"
c0299f34fd6ed612c09429abae619c80bc520b5d0828403024b5bd4c60b35e9d,2023-07-23T06:00:00Z,,oddsapi/hist_events,1,"{""date"": ""2023-07-23T06:00:00Z"", ""dateFormat"": ""iso""}"
f24a093871f8c296ca7fe2b1d9c32792b7fb98a09d1d36ad3519e1ed51b71bd7,2023-07-24T06:00:00Z,,oddsapi/hist_events,1,"{""date"": ""2023-07-24T06:00:00Z"", ""dateFormat"": ""iso""}"
77231281d505e3d4ba1c346c2b7d2f6bf94ac41ccda00a430c94bfe64575e06f,2023-07-25T06:00:00Z,,oddsapi/hist_events,1,"{""date"": ""2023-07-25T06:00:00Z"", ""dateFormat"": ""iso""}"
86d84cec367a5fc2380eb569093a6a5c6c672b879d72d751b8a79ec8d08983d3,2023-07-26T06:00:00Z,,oddsapi/hist_events,1,"{""date"": ""2023-07-26T06:00:00Z"", ""dateFormat"": ""iso""}"
e60ecb4801f35d23b32b316a82d2a69692aba23ccb14d4dbca6cb25b55fb4617,2023-07-27T06:00:00Z,,oddsapi/hist_events,1,"{""date"": ""2023-07-27T06:00:00Z"", ""dateFormat"": ""iso""}"
fb6af76150e4cc2139190d5528555cd4888fd44368d67cfb3aecd99b640f3d49,2023-07-28T06:00:00Z,,oddsapi/hist_events,1,"{""date"": ""2023-07-28T06:00:00Z"", ""dateFormat"": ""iso""}"
7f7cade0fb7a628f36240659951e558e2873e9a5f0df150f8838e8a5dac66cfa,2023-07-29T06:00:00Z,,oddsapi/hist_events,1,"{""date"": ""2023-07-29T06:00:00Z"", ""dateFormat"": ""iso""}"
67eb1cee89842b0460b9fb260570b716977d9b8b37a56d4ea484ff79fb7bae1b,2023-07-30T06:00:00Z,,oddsapi/hist_events,1,"{""date"": ""2023-07-30T06:00:00Z"", ""dateFormat"": ""iso""}"
2a315545dad9c6a7b674d19323a106223e4e40b04cc133aa0d255792fb76abe0,2023-07-31T06:00:00Z,,oddsapi/hist_events,1,"{""date"": ""2023-07-31T06:00:00Z"", ""dateFormat"": ""iso""}"
006331a24dd322857fe30cec3b4ddfbf79b85092b3cb8e2d6e1d98e00fc37d4e,2023-08-01T06:00:00Z,,oddsapi/hist_events,1,"{""date"": ""2023-08-01T06:00:00Z"", ""dateFormat"": ""iso""}"
ec6eac5a223f30ad92a0ffe613ad8dd9ca45b8eacd06af95e8f32ce3c43c0062,2023-08-02T06:00:00Z,,oddsapi/hist_events,1,"{""date"": ""2023-08-02T06:00:00Z"", ""dateFormat"": ""iso""}"
5734d3cb97c746c4b5dd8f197e590336016163e28f2054d7674f9f74b92407fb,2023-08-03T06:00:00Z,,oddsapi/hist_events,1,"{""date"": ""2023-08-03T06:00:00Z"", ""dateFormat"": ""iso""}"
06592c37f42a66f0c56fabb8e948246d5485022820966526ae9aed591ac825d5,2023-08-04T06:00:00Z,,oddsapi/hist_events,1,"{""date"": ""2023-08-04T06:00:00Z"", ""dateFormat"": ""iso""}"
7f4b9e6c0852c295fe959402fbceb3bfb5459b6e6201e2e3443ac2f8b1834c29,2023-08-05T06:00:00Z,,oddsapi/hist_events,1,"{""date"": ""2023-08-05T06:00:00Z"", ""dateFormat"": ""iso""}"
99a8fed86c424805c4fc98a43f1e1c31bd8b405b3979161d6eb7dc1b4cd666cd,2023-08-06T06:00:00Z,,oddsapi/hist_events,1,"{""date"": ""2023-08-06T06:00:00Z"", ""dateFormat"": ""iso""}"
2359d4e869a9ce5fca2f8afc9e79d47b7785bb8656dc79651882845412fdc513,2023-08-07T06:00:00Z,,oddsapi/hist_events,1,"{""date"": ""2023-08-07T06:00:00Z"", ""dateFormat"": ""iso""}"
f60df5d244145ada6d4d4fdd7f13a9b4a544589df37e38982b5d82d009e0fab4,2023-08-08T06:00:00Z,,oddsapi/hist_events,1,"{""date"": ""2023-08-08T06:00:00Z"", ""dateFormat"": ""iso""}"
5ee98756eb4af5941cb576f1162bb87c0d9164faccae02ad380d240cde596294,2023-08-09T06:00:00Z,,oddsapi/hist_events,1,"{""date"": ""2023-08-09T06:00:00Z"", ""dateFormat"": ""iso""}"
2abd6770ac6675c753e08f889d4dc6d207fbb1ac043de404652474bce4c94da1,2023-08-10T06:00:00Z,,oddsapi/hist_events,1,"{""date"": ""2023-08-10T06:00:00Z"", ""dateFormat"": ""iso""}"
d1eac91b1283d013e419e0196dfa0978db9d098587567933bc1aaeb6c66f3377,2023-08-11T06:00:00Z,,oddsapi/hist_events,1,"{""date"": ""2023-08-11T06:00:00Z"", ""dateFormat"": ""iso""}"
b898755032a4a1701f360b65b4f92f1ea2a2f044a0039791d6affddb54e851a1,2023-08-12T06:00:00Z,,oddsapi/hist_events,1,"{""date"": ""2023-08-12T06:00:00Z"", ""dateFormat"": ""iso""}"
da7cf92312d9d176b82346b170599acb526a5232a91e8d3571d57c6220879ce1,2023-08-13T06:00:00Z,,oddsapi/hist_events,1,"{""date"": ""2023-08-13T06:00:00Z"", ""dateFormat"": ""iso""}"
7925f0fda7c42f1215d13e578ebb8ef1356bb0e3e1751c789d4423550814aba1,2023-08-14T06:00:00Z,,oddsapi/hist_events,1,"{""date"": ""2023-08-14T06:00:00Z"", ""dateFormat"": ""iso""}"
4ab76b3023018b47226b48a6bf46d6e41c35060e32ed1cdeba9ebf369e6d43a8,2023-08-15T06:00:00Z,,oddsapi/hist_events,1,"{""date"": ""2023-08-15T06:00:00Z"", ""dateFormat"": ""iso""}"
ad414e3c7f204c9fe11741898526e436e9a345d64f12ea0151236d5f720adab4,2023-08-16T06:00:00Z,,oddsapi/hist_events,1,"{""date"": ""2023-08-16T06:00:00Z"", ""dateFormat"": ""iso""}"
c7cfbf1357ad5b4575c1a864f5c1bfe0bb58cccdf6dcb9b8c4b33d476b09a36d,2023-08-17T06:00:00Z,,oddsapi/hist_events,1,"{""date"": ""2023-08-17T06:00:00Z"", ""dateFormat"": ""iso""}"
acf53438f103b6d72dd90afd1752b2f8aa31877aa7afbc29c2b650a1d7fcf2b3,2023-08-18T06:00:00Z,,oddsapi/hist_events,1,"{""date"": ""2023-08-18T06:00:00Z"", ""dateFormat"": ""iso""}"
23eabeb27f67977c60deb57099337e1267fc2a17932a2812c50504764c7c17ea,2023-08-19T06:00:00Z,,oddsapi/hist_events,1,"{""date"": ""2023-08-19T06:00:00Z"", ""dateFormat"": ""iso""}"
fee7bfd4ae1dd5f02aa61ac9185b885450d194b1f8bd6f6116b689957a9a3419,2023-08-21T06:00:00Z,,oddsapi/hist_events,1,"{""date"": ""2023-08-21T06:00:00Z"", ""dateFormat"": ""iso""}"
15a79217eb6c42d20dd5b8903768f3c867920daafbc8d39cd1fefee1feec134a,2023-08-23T06:00:00Z,,oddsapi/hist_events,1,"{""date"": ""2023-08-23T06:00:00Z"", ""dateFormat"": ""iso""}"
2ff40c271314106c4fe069e62e68d9c724ee3c7212d7a1bd88761cd60b15e8d8,2023-08-25T06:00:00Z,,oddsapi/hist_events,1,"{""date"": ""2023-08-25T06:00:00Z"", ""dateFormat"": ""iso""}"
dcb874b97dd042ea768ceafbc5598dfe304706cd0991fc5ed7683abbfb405a3b,2023-08-27T06:00:00Z,,oddsapi/hist_events,1,"{""date"": ""2023-08-27T06:00:00Z"", ""dateFormat"": ""iso""}"
0b6567f8fcfa0eeb79dee577de8a69117d908ed7c35369a00da2ede5cd9bd196,2023-08-29T06:00:00Z,,oddsapi/hist_events,1,"{""date"": ""2023-08-29T06:00:00Z"", ""dateFormat"": ""iso""}"
b3e1df3d1b81eb4c76288625b03ec4538064df5a62f32950744afab1a256158c,2023-08-31T06:00:00Z,,oddsapi/hist_events,1,"{""date"": ""2023-08-31T06:00:00Z"", ""dateFormat"": ""iso""}"
4ed9bee81a5e69c6051637f21604a6c67ab4203358237ffa39240804da35fd38,2023-09-02T06:00:00Z,,oddsapi/hist_events,1,"{""date"": ""2023-09-02T06:00:00Z"", ""dateFormat"": ""iso""}"
432f971e440244c19685692312989f14ad5578707ab87024fb1115090bd49f18,2023-09-04T06:00:00Z,,oddsapi/hist_events,1,"{""date"": ""2023-09-04T06:00:00Z"", ""dateFormat"": ""iso""}"
72682910cfa55f76d31d898eba46910a30cdad06bba72c7bfd8e2077a654ece5,2023-09-06T06:00:00Z,,oddsapi/hist_events,1,"{""date"": ""2023-09-06T06:00:00Z"", ""dateFormat"": ""iso""}"
27c0745db45283759ca6fb1abae042d8e01a9e5ae5f49ded8e3f5be3262f63f1,2023-09-08T06:00:00Z,,oddsapi/hist_events,1,"{""date"": ""2023-09-08T06:00:00Z"", ""dateFormat"": ""iso""}"
200e858bdaad459991b342b18c4f791126c39c9625456b001aeb4c3b58e52289,2023-09-10T06:00:00Z,,oddsapi/hist_events,1,"{""date"": ""2023-09-10T06:00:00Z"", ""dateFormat"": ""iso""}"
c6c5ea76c3031f3139837b3c852dda32934954eb37aadc85ed53dc410a591441,2023-09-12T06:00:00Z,,oddsapi/hist_events,1,"{""date"": ""2023-09-12T06:00:00Z"", ""dateFormat"": ""iso""}"
b0acdf4d0e42bb83555661c17ea8f0a0b1e427236a52c95b695ea451833e5169,2023-09-14T06:00:00Z,,oddsapi/hist_events,1,"{""date"": ""2023-09-14T06:00:00Z"", ""dateFormat"": ""iso""}"
1c210e4b2f68cae17d0f8e7b41eb7651ca4e5963b2886c8d7e798ed7c923331b,2023-09-16T06:00:00Z,,oddsapi/hist_events,1,"{""date"": ""2023-09-16T06:00:00Z"", ""dateFormat"": ""iso""}"
c3cc939c6b4d8f54fb2ee1ed1b851a3bdd03570a2ac430a2c143b7af8e66f967,2023-09-18T06:00:00Z,,oddsapi/hist_events,1,"{""date"": ""2023-09-18T06:00:00Z"", ""dateFormat"": ""iso""}"
1d2ddf8ad588669a86c02445d0c1458b1404d6076ea0424b675042b094d17ba8,2023-09-20T06:00:00Z,,oddsapi/hist_events,1,"{""date"": ""2023-09-20T06:00:00Z"", ""dateFormat"": ""iso""}"
1183568b63d6e638b49a3cd4b821af27c7765354e6a27a1eaf904e3ccc9dbbd0,2023-09-22T06:00:00Z,,oddsapi/hist_events,1,"{""date"": ""2023-09-22T06:00:00Z"", ""dateFormat"": ""iso""}"
67b0c3256746dc0760237a9ac0651b53ebac369a4974cb54561e9820741c2ca3,2023-09-24T06:00:00Z,,oddsapi/hist_events,1,"{""date"": ""2023-09-24T06:00:00Z"", ""dateFormat"": ""iso""}"
2e15c760d7ecc932afbd370d21f134e93f26fc54a4bfb6c2e3aa4fe0d09c6634,2023-09-26T06:00:00Z,,oddsapi/hist_events,1,"{""date"": ""2023-09-26T06:00:00Z"", ""dateFormat"": ""iso""}"
fe8dd2d4521a5cbc4c0a3c6a7f8d54376b4398fa2bf5d0e601ea902f463cd1aa,2023-09-28T06:00:00Z,,oddsapi/hist_events,1,"{""date"": ""2023-09-28T06:00:00Z"", ""dateFormat"": ""iso""}"
bab5e4056ea0d55dd58b5d280a23a7244b56916fa2c64f42b0731aec485a04b9,2023-09-30T06:00:00Z,,oddsapi/hist_events,1,"{""date"": ""2023-09-30T06:00:00Z"", ""dateFormat"": ""iso""}"
3fd13868a2eac8119f0c71622c78af4ae249782d72fec39954ce2fe4d9b043df,2023-10-02T06:00:00Z,,oddsapi/hist_events,1,"{""date"": ""2023-10-02T06:00:00Z"", ""dateFormat"": ""iso""}"
7f6754b8dec4e93b26234c632219f06f32cb20138c1a7f1801d4ad49cdb5fb5c,2023-10-04T06:00:00Z,,oddsapi/hist_events,1,"{""date"": ""2023-10-04T06:00:00Z"", ""dateFormat"": ""iso""}"
6cba6756448057a8676190698f6d0417689200f2eacd4b0b002744b431430af5,2023-10-06T06:00:00Z,,oddsapi/hist_events,1,"{""date"": ""2023-10-06T06:00:00Z"", ""dateFormat"": ""iso""}"
b273f7c5b63d77f01138d7e4788ca0754b1b4fd056f1f82d093dab1eacd72ed2,2023-10-08T06:00:00Z,,oddsapi/hist_events,1,"{""date"": ""2023-10-08T06:00:00Z"", ""dateFormat"": ""iso""}"
d7b8ec7c4a941027a7d8b82a419d4ad5d4b8b70a7664626b2aae0f82f7eb3b01,2023-10-10T06:00:00Z,,oddsapi/hist_events,1,"{""date"": ""2023-10-10T06:00:00Z"", ""dateFormat"": ""iso""}"
f154d3e2c6f87ab2136543ca410ea61cac0004a1bd0bf327e48ca9425b091a8c,2023-10-12T06:00:00Z,,oddsapi/hist_events,1,"{""date"": ""2023-10-12T06:00:00Z"", ""dateFormat"": ""iso""}"
7a21016e6abb384a959ab1c23873450b1fa349e26b825a895fbad0e279280489,2023-10-14T06:00:00Z,,oddsapi/hist_events,1,"{""date"": ""2023-10-14T06:00:00Z"", ""dateFormat"": ""iso""}"
b296bffeb24b7010fa805a0bedc17bb5d09f35d74eec856ca4b167a3d3affd29,2023-10-16T06:00:00Z,,oddsapi/hist_events,1,"{""date"": ""2023-10-16T06:00:00Z"", ""dateFormat"": ""iso""}"
8b87c465be8ec8a87235af41dd9b2cfbb9aafb672003b67883a30f64e0bcdd89,2023-10-18T06:00:00Z,,oddsapi/hist_events,1,"{""date"": ""2023-10-18T06:00:00Z"", ""dateFormat"": ""iso""}"
8a98420aa0997a2476bdabe9e06cce9d2b09b58b4a2e075b7693cac9fc2830e3,2023-10-20T06:00:00Z,,oddsapi/hist_events,1,"{""date"": ""2023-10-20T06:00:00Z"", ""dateFormat"": ""iso""}"
9c01751cda32386f5a994103ac5f7434975c2263eb5e9127d9067cc6ae16fc58,2023-10-22T06:00:00Z,,oddsapi/hist_events,1,"{""date"": ""2023-10-22T06:00:00Z"", ""dateFormat"": ""iso""}"
11fca817690f7066b953c3cdde00e825ad0d38de647de8ff0bacb6ddbfea5233,2023-10-24T06:00:00Z,,oddsapi/hist_events,1,"{""date"": ""2023-10-24T06:00:00Z"", ""dateFormat"": ""iso""}"
bcc1e4ada23230e39dc2e64ef0d2a619248e2f9a85ee5142474cdfa85cfe1fe1,2023-10-26T06:00:00Z,,oddsapi/hist_events,1,"{""date"": ""2023-10-26T06:00:00Z"", ""dateFormat"": ""iso""}"
f39069a6aef02ca48fcf10466114b049e73d3385e6c9b5e43cf87f83ef662ee1,2023-10-28T06:00:00Z,,oddsapi/hist_events,1,"{""date"": ""2023-10-28T06:00:00Z"", ""dateFormat"": ""iso""}"
f126348d74379ea8ba42b961960797498732aff9cb3833633cc983d1422ce5c8,2023-10-30T06:00:00Z,,oddsapi/hist_events,1,"{""date"": ""2023-10-30T06:00:00Z"", ""dateFormat"": ""iso""}"
b5748bb747063807247bdd2629b635f8b23f2309cd8c34d4e8e1037b9fda3aed,2023-11-01T06:00:00Z,,oddsapi/hist_events,1,"{""date"": ""2023-11-01T06:00:00Z"", ""dateFormat"": ""iso""}"
5eb928b5b33b3187505bd26a488725534d9f85431f1bb1a1ab5f702d207fa378,2023-11-03T06:00:00Z,,oddsapi/hist_events,1,"{""date"": ""2023-11-03T06:00:00Z"", ""dateFormat"": ""iso""}"
4180d1eef1f3f1d961c1ceed57c0e72db3043f44ff159dde9a96d4e726a276d3,2023-11-05T06:00:00Z,,oddsapi/hist_events,1,"{""date"": ""2023-11-05T06:00:00Z"", ""dateFormat"": ""iso""}"
0ec2f1b43ee16c4895e327bae8ab7e80b70ab110d3b7295e6cd90c325b24227b,2023-11-07T06:00:00Z,,oddsapi/hist_events,1,"{""date"": ""2023-11-07T06:00:00Z"", ""dateFormat"": ""iso""}"
f069793d837d646808d261b3af8ecf15d8f16095030657443ab386acbd10b1b0,2023-11-09T06:00:00Z,,oddsapi/hist_events,1,"{""date"": ""2023-11-09T06:00:00Z"", ""dateFormat"": ""iso""}"
86860a61de6dc9bb565ef0a8aae7c39be79b8e34ca15c74d217c1dbcf3fac876,2023-11-11T06:00:00Z,,oddsapi/hist_events,1,"{""date"": ""2023-11-11T06:00:00Z"", ""dateFormat"": ""iso""}"
b7aa07afc3d63e5bec3abd725e09c1a630a101d82718a3736bb36fdc3b271160,2023-11-13T06:00:00Z,,oddsapi/hist_events,1,"{""date"": ""2023-11-13T06:00:00Z"", ""dateFormat"": ""iso""}"
8d4724727c22ae79f834345bcec27f574f2f5336e3e8569ff3934eed495b171f,2023-11-15T06:00:00Z,,oddsapi/hist_events,1,"{""date"": ""2023-11-15T06:00:00Z"", ""dateFormat"": ""iso""}"
268650bde19c5dc7c255ef4eb8af0ede1c9d8ae9b793c1e7858dd71f672d7684,2023-11-17T06:00:00Z,,oddsapi/hist_events,1,"{""date"": ""2023-11-17T06:00:00Z"", ""dateFormat"": ""iso""}"
0cb43e753e93a2614ad88dbb82d6684c8a28ec941b4c3a21f898c1803e4cfd9e,2023-11-19T06:00:00Z,,oddsapi/hist_events,1,"{""date"": ""2023-11-19T06:00:00Z"", ""dateFormat"": ""iso""}"
85b0cc0a0266ec340a2f3e7895efdd17074d7d3e7de7781af45b91acf759ecb6,2023-11-21T06:00:00Z,,oddsapi/hist_events,1,"{""date"": ""2023-11-21T06:00:00Z"", ""dateFormat"": ""iso""}"
28202203287aa974b63218538bacd0f90586e5fec6e8987d8040620e5b8b3902,2023-11-23T06:00:00Z,,oddsapi/hist_events,1,"{""date"": ""2023-11-23T06:00:00Z"", ""dateFormat"": ""iso""}"
8bf7414d57cdc932bbf47d0c3caf83846f0367d1cac50477f3cd0a8e40a49324,2023-11-25T06:00:00Z,,oddsapi/hist_events,1,"{""date"": ""2023-11-25T06:00:00Z"", ""dateFormat"": ""iso""}"
e1de848d22a6eed6dde20fe22a4f23575d591d644cc4d6ca4938f6d88763d128,2023-11-27T06:00:00Z,,oddsapi/hist_events,1,"{""date"": ""2023-11-27T06:00:00Z"", ""dateFormat"": ""iso""}"
b22099bbc50a8e54fb1b5bda15236dd6f0886f7c48d578ff5a1498514dd2d0ba,2023-11-29T06:00:00Z,,oddsapi/hist_events,1,"{""date"": ""2023-11-29T06:00:00Z"", ""dateFormat"": ""iso""}"
0559145db69945b3a6f8c775c89d2b9bb0386b9423119f1c2665d8e18f22f9c9,2023-12-01T06:00:00Z,,oddsapi/hist_events,1,"{""date"": ""2023-12-01T06:00:00Z"", ""dateFormat"": ""iso""}"
96451d9111d2fb261a2e7685f9bd72205c3d443950be8e84b0f22a775a995856,2023-12-03T06:00:00Z,,oddsapi/hist_events,1,"{""date"": ""2023-12-03T06:00:00Z"", ""dateFormat"": ""iso""}"
1a4549618ca1c2ff7002b6bdb6e62cf7de4cf9f1a855b0c1fba7f394c1ba95e8,2023-12-05T06:00:00Z,,oddsapi/hist_events,1,"{""date"": ""2023-12-05T06:00:00Z"", ""dateFormat"": ""iso""}"
2f6e44b628baf8b714446185dd500ce9a0680968d488295511b78059337296fc,2023-12-07T06:00:00Z,,oddsapi/hist_events,1,"{""date"": ""2023-12-07T06:00:00Z"", ""dateFormat"": ""iso""}"
2c30dc19d1d44353df39de034f9177f80b61b417b82ceb815d770fd765204dea,2023-12-09T06:00:00Z,,oddsapi/hist_events,1,"{""date"": ""2023-12-09T06:00:00Z"", ""dateFormat"": ""iso""}"
37787e175fb11bab554252479ec11252bd1f935d29b4ccd6b9e3940567885492,2023-12-11T06:00:00Z,,oddsapi/hist_events,1,"{""date"": ""2023-12-11T06:00:00Z"", ""dateFormat"": ""iso""}"
6c629e7ac2f7e3531d7cacb90b403840aed5c5bdbf9be8088da3de8033b145ee,2023-12-13T06:00:00Z,,oddsapi/hist_events,1,"{""date"": ""2023-12-13T06:00:00Z"", ""dateFormat"": ""iso""}"
034c2407db7f41c44f9cc5089d0026b0f215686e559d26f2504aed0d0d09362d,2023-12-15T06:00:00Z,,oddsapi/hist_events,1,"{""date"": ""2023-12-15T06:00:00Z"", ""dateFormat"": ""iso""}"
03f843d3006f33b350aa17f7e290fabc1d04851dfed0481e7f66be1dddbf05b5,2023-12-17T06:00:00Z,,oddsapi/hist_events,1,"{""date"": ""2023-12-17T06:00:00Z"", ""dateFormat"": ""iso""}"
a4ea475d69bb46d1681d08718a9174a1c72c61da73b756bc8ca0335f1c582597,2023-12-19T06:00:00Z,,oddsapi/hist_events,1,"{""date"": ""2023-12-19T06:00:00Z"", ""dateFormat"": ""iso""}"
fdb5ae2bbed43806f6e28544320b941add2cbaf3588e31a91558ce5416e40b91,2023-12-21T06:00:00Z,,oddsapi/hist_events,1,"{""date"": ""2023-12-21T06:00:00Z"", ""dateFormat"": ""iso""}"
e8070702670371d421a3bb38bf501a9835ae04f795d9f124ae82e26a1104d15d,2023-12-23T06:00:00Z,,oddsapi/hist_events,1,"{""date"": ""2023-12-23T06:00:00Z"", ""dateFormat"": ""iso""}"
b9540d31165959cea2d098f5289958afbb00c390f736ca5653b0a7178982b023,2023-12-25T06:00:00Z,,oddsapi/hist_events,1,"{""date"": ""2023-12-25T06:00:00Z"", ""dateFormat"": ""iso""}"
ddb0adbb350452a6d0aa6046023e4486acf8b216ee66ec9e0e92317104d2d961,2023-12-27T06:00:00Z,,oddsapi/hist_events,1,"{""date"": ""2023-12-27T06:00:00Z"", ""dateFormat"": ""iso""}"
43f3aa1a48cdac705ce3a97d245ffe7a3f52352af5cb316c438a02519000181a,2023-12-29T06:00:00Z,,oddsapi/hist_events,1,"{""date"": ""2023-12-29T06:00:00Z"", ""dateFormat"": ""iso""}"
13ef2897fa7f7d7cab00b6624365479f13517fac5a92436c024a78e4e12d12e1,2023-12-31T06:00:00Z,,oddsapi/hist_events,1,"{""date"": ""2023-12-31T06:00:00Z"", ""dateFormat"": ""iso""}"
54ec852f3f6b21e8a9784fa26ce14945746d1415eba694c03af0ba8700bf8125,2024-01-02T06:00:00Z,,oddsapi/hist_events,1,"{""date"": ""2024-01-02T06:00:00Z"", ""dateFormat"": ""iso""}"
79bfc4dfb68621aa5acffac63caf213e1beab456afa7a02ba79c69b1e995ccce,2024-01-04T06:00:00Z,,oddsapi/hist_events,1,"{""date"": ""2024-01-04T06:00:00Z"", ""dateFormat"": ""iso""}"
94aae10c974e0f62733c6a6b891cde6db3d13eac1efa2088268ea349c2c1f9c4,2024-01-06T06:00:00Z,,oddsapi/hist_events,1,"{""date"": ""2024-01-06T06:00:00Z"", ""dateFormat"": ""iso""}"
bcd14f808b6eac03e79a25cbc9598508eb48ac539aca413f7f742b41067306bb,2024-01-08T06:00:00Z,,oddsapi/hist_events,1,"{""date"": ""2024-01-08T06:00:00Z"", ""dateFormat"": ""iso""}"
28e9a031abfd52c68bc3fb0403bbfa5027b552cc3f647de0ee3286ccf2affc7c,2024-01-10T06:00:00Z,,oddsapi/hist_events,1,"{""date"": ""2024-01-10T06:00:00Z"", ""dateFormat"": ""iso""}"
799c5a6d8ac0a5f64a1c8e6d85892ab4f0cbb66fef2369191b3f39da4d1c16f5,2024-01-12T06:00:00Z,,oddsapi/hist_events,1,"{""date"": ""2024-01-12T06:00:00Z"", ""dateFormat"": ""iso""}"
33273730116a0ad89980344740f2903c5948c8ef8e9f08228d8de37573d7d6d6,2024-01-14T06:00:00Z,,oddsapi/hist_events,1,"{""date"": ""2024-01-14T06:00:00Z"", ""dateFormat"": ""iso""}"
2ca9f49b98bdf645e8bd9b1954e7d5283550395cd320c3f4bd7340af055a42dc,2024-01-16T06:00:00Z,,oddsapi/hist_events,1,"{""date"": ""2024-01-16T06:00:00Z"", ""dateFormat"": ""iso""}"
fac6e2f6b38c57a74ec5267701437f3bd2a884521481ecafc9de1f94b36a2c72,2024-01-17T06:00:00Z,,oddsapi/hist_events,1,"{""date"": ""2024-01-17T06:00:00Z"", ""dateFormat"": ""iso""}"
aa83562c07a04b2b08d0c37af41551cbe7fc307b96dd84106975e3b8252092e2,2024-01-18T06:00:00Z,,oddsapi/hist_events,1,"{""date"": ""2024-01-18T06:00:00Z"", ""dateFormat"": ""iso""}"
1a0197e2aff366bf53a610599aaabe3164b12c8512a23ad13cf4a5199d05fa5a,2024-01-19T06:00:00Z,,oddsapi/hist_events,1,"{""date"": ""2024-01-19T06:00:00Z"", ""dateFormat"": ""iso""}"
1896e3a27a42b4558acd46c99e92a3c7482669da5292227b3153e4806b24295b,2024-01-20T06:00:00Z,,oddsapi/hist_events,1,"{""date"": ""2024-01-20T06:00:00Z"", ""dateFormat"": ""iso""}"
00ac4acd2eb399afc60dfb07e5b8b7c2e3a73a72cd55f476802f6390c3a2112c,2024-01-21T06:00:00Z,,oddsapi/hist_events,1,"{""date"": ""2024-01-21T06:00:00Z"", ""dateFormat"": ""iso""}"
f9682465525ed4aaab25f9c907a0784a81c31de436a0f8d24baa0b8922013ac9,2024-01-22T06:00:00Z,,oddsapi/hist_events,1,"{""date"": ""2024-01-22T06:00:00Z"", ""dateFormat"": ""iso""}"
ef04aa9210d25886ffed0171edc54435f182e7ceff55d65e01c495b470c2b016,2024-01-23T06:00:00Z,,oddsapi/hist_events,1,"{""date"": ""2024-01-23T06:00:00Z"", ""dateFormat"": ""iso""}"
f80e64191f5ff6f79f72c03f4a8385c304386d6630ce8f41b4a7097fa715348b,2024-01-24T06:00:00Z,,oddsapi/hist_events,1,"{""date"": ""2024-01-24T06:00:00Z"", ""dateFormat"": ""iso""}"
d9cf64acf00c69e7af8c3a0c80fa292f78e3deda233179b46c98ce89e6e0537c,2024-01-25T06:00:00Z,,oddsapi/hist_events,1,"{""date"": ""2024-01-25T06:00:00Z"", ""dateFormat"": ""iso""}"
3cee71fdaf42d56874e2f76830d2346ed63a1b7fc1e417877ddee4041006d3ab,2024-01-26T06:00:00Z,,oddsapi/hist_events,1,"{""date"": ""2024-01-26T06:00:00Z"", ""dateFormat"": ""iso""}"
1a98e028795a04ecec632aad9d9ea64390125963db0552bf3eb9fdbf4224cb7b,2024-01-27T06:00:00Z,,oddsapi/hist_events,1,"{""date"": ""2024-01-27T06:00:00Z"", ""dateFormat"": ""iso""}"
28606c41fe8fb77863b5382a330c912974ec78d56793bef9d4ee20f194ad62ad,2024-01-28T06:00:00Z,,oddsapi/hist_events,1,"{""date"": ""2024-01-28T06:00:00Z"", ""dateFormat"": ""iso""}"
e585c2849c59c8ef328ac0d77a09bd5bdd694bac06149bf7c9f3a65eff57f37e,2024-01-29T06:00:00Z,,oddsapi/hist_events,1,"{""date"": ""2024-01-29T06:00:00Z"", ""dateFormat"": ""iso""}"
711dcd2355a508f88233a075c66c487c97ac7561c82d729ea5678d4088399a4c,2024-01-30T06:00:00Z,,oddsapi/hist_events,1,"{""date"": ""2024-01-30T06:00:00Z"", ""dateFormat"": ""iso""}"
ae7044c91200bc69177fef849a084671d7138c75dc32effc93961691770714f3,2024-01-31T06:00:00Z,,oddsapi/hist_events,1,"{""date"": ""2024-01-31T06:00:00Z"", ""dateFormat"": ""iso""}"
a62368a3a9ff8a100a7f48f64a7db83baccd9c84b4fd504a8f93c0f6cb5abcbb,2024-02-01T06:00:00Z,,oddsapi/hist_events,1,"{""date"": ""2024-02-01T06:00:00Z"", ""dateFormat"": ""iso""}"
54269ba16e659ae11b64b5678959b1a42430e45b63e95d59cd78ca2a658c1bb5,2024-02-02T06:00:00Z,,oddsapi/hist_events,1,"{""date"": ""2024-02-02T06:00:00Z"", ""dateFormat"": ""iso""}"
6eb52ec2517e4b1fbfee20dc9e1e46d33ab8439245ddd96c7a52a911883668b4,2024-02-03T06:00:00Z,,oddsapi/hist_events,1,"{""date"": ""2024-02-03T06:00:00Z"", ""dateFormat"": ""iso""}"
1b4939ad203e4d4822dc148ba26269828d927f896216cb462563eba320dcdd76,2024-02-04T06:00:00Z,,oddsapi/hist_events,1,"{""date"": ""2024-02-04T06:00:00Z"", ""dateFormat"": ""iso""}"
efe458615efc8d09119f46f76d6a18593f196500b39f0ced1b5c21a78a501610,2024-02-05T06:00:00Z,,oddsapi/hist_events,1,"{""date"": ""2024-02-05T06:00:00Z"", ""dateFormat"": ""iso""}"
dada530321c34634390c87bd7408725879f5a94a8924eeaccbf5506e232509a4,2024-02-06T06:00:00Z,,oddsapi/hist_events,1,"{""date"": ""2024-02-06T06:00:00Z"", ""dateFormat"": ""iso""}"
9811b5eace66ba7a635d243dfe4bb52d00f3ac7824a3de34eab63d72d297a3df,2024-02-07T06:00:00Z,,oddsapi/hist_events,1,"{""date"": ""2024-02-07T06:00:00Z"", ""dateFormat"": ""iso""}"
cb38b8852b3add219debaf911eaeca8885ae7e320bbfc06964d8517c6017cbe5,2024-02-08T06:00:00Z,,oddsapi/hist_events,1,"{""date"": ""2024-02-08T06:00:00Z"", ""dateFormat"": ""iso""}"
c120d3530358dba4dcf5acfb18a9664cd394c95b8837bb7c93c2fa6b186ccb86,2024-02-09T06:00:00Z,,oddsapi/hist_events,1,"{""date"": ""2024-02-09T06:00:00Z"", ""dateFormat"": ""iso""}"
1321083d850ba74a2e2a858af52128d2f538a69beaf58965dae3a762c74033db,2024-02-10T06:00:00Z,,oddsapi/hist_events,1,"{""date"": ""2024-02-10T06:00:00Z"", ""dateFormat"": ""iso""}"
01e845744b0ce3da6d8fb4cf304056a91120e13073dd1c6fd9f133a2805c08c5,2024-02-11T06:00:00Z,,oddsapi/hist_events,1,"{""date"": ""2024-02-11T06:00:00Z"", ""dateFormat"": ""iso""}"
224354fa9fcff53bedf76a632c90a7fc45cb524bfa085b52448322026903f6b2,2024-02-12T06:00:00Z,,oddsapi/hist_events,1,"{""date"": ""2024-02-12T06:00:00Z"", ""dateFormat"": ""iso""}"
db34a24cc01e1794b91db840b10a48b5d3267d5a1cd058ceffb7f6df1aef5d39,2024-02-13T06:00:00Z,,oddsapi/hist_events,1,"{""date"": ""2024-02-13T06:00:00Z"", ""dateFormat"": ""iso""}"
c9323499623a424bcd1afd6e2c44321b4e048af4095d1b506e4c3ea6ef8c8ebe,2024-02-14T06:00:00Z,,oddsapi/hist_events,1,"{""date"": ""2024-02-14T06:00:00Z"", ""dateFormat"": ""iso""}"
43988141c839155dbeab06788d37966f3b00b62f262cd0d3655aafb05c5b1b50,2024-02-15T06:00:00Z,,oddsapi/hist_events,1,"{""date"": ""2024-02-15T06:00:00Z"", ""dateFormat"": ""iso""}"
768f1d1ea56de0a3b959d21f3bde0cca09c62217d91444f404e755ccf90f5133,2024-02-16T06:00:00Z,,oddsapi/hist_events,1,"{""date"": ""2024-02-16T06:00:00Z"", ""dateFormat"": ""iso""}"
c2cc59af5c0fb6cf289108abab2fb24ad0ef383a49e6f2a8b67bf21dffcd8b25,2024-02-17T06:00:00Z,,oddsapi/hist_events,1,"{""date"": ""2024-02-17T06:00:00Z"", ""dateFormat"": ""iso""}"
1b2550c90727ad6d1af9af93e925fb98c74473ab81d99e8c750c5f7db3c11629,2024-02-18T06:00:00Z,,oddsapi/hist_events,1,"{""date"": ""2024-02-18T06:00:00Z"", ""dateFormat"": ""iso""}"
66138e90bfc451eb691809c6005b13b0bc4a1ecf7947567c1c6e26bcea43b6df,2024-02-19T06:00:00Z,,oddsapi/hist_events,1,"{""date"": ""2024-02-19T06:00:00Z"", ""dateFormat"": ""iso""}"
8437fc310a3c8b82f1d69fa32c28a673b7db72c19e3398a881d2fc1f0e18f9f3,2024-02-20T06:00:00Z,,oddsapi/hist_events,1,"{""date"": ""2024-02-20T06:00:00Z"", ""dateFormat"": ""iso""}"
33d16090037d2626e2591ad4b483890320de32695ef7df1b24a8547c025fe229,2024-02-21T06:00:00Z,,oddsapi/hist_events,1,"{""date"": ""2024-02-21T06:00:00Z"", ""dateFormat"": ""iso""}"
dc4123fc8586db5562c0b8565637bde21542621fce70c91261a2ab6eb4829488,2024-02-22T06:00:00Z,,oddsapi/hist_events,1,"{""date"": ""2024-02-22T06:00:00Z"", ""dateFormat"": ""iso""}"
fc613282490d2c32b0ea8f56cb606c083040c90596250348ec55808907c51579,2024-02-23T06:00:00Z,,oddsapi/hist_events,1,"{""date"": ""2024-02-23T06:00:00Z"", ""dateFormat"": ""iso""}"
692d619c76da224f1ebb302c88d03ea3715030c6facac793b79306acc32f5f3d,2024-02-24T06:00:00Z,,oddsapi/hist_events,1,"{""date"": ""2024-02-24T06:00:00Z"", ""dateFormat"": ""iso""}"
ca0bc62b19d8341fff3bba02189f0dcd37c46efa19f55d83db4c6d60501ce6ae,2024-02-25T06:00:00Z,,oddsapi/hist_events,1,"{""date"": ""2024-02-25T06:00:00Z"", ""dateFormat"": ""iso""}"
c3d6a0db0015b3811b307f01652b99b67b59917881b7efc8f9db361025a78540,2024-02-26T06:00:00Z,,oddsapi/hist_events,1,"{""date"": ""2024-02-26T06:00:00Z"", ""dateFormat"": ""iso""}"
19c4428303c7b643595cee466780c1b1149f98b081fe01ecd0f23cef2b8a9915,2024-02-27T06:00:00Z,,oddsapi/hist_events,1,"{""date"": ""2024-02-27T06:00:00Z"", ""dateFormat"": ""iso""}"
31004d6babafa4e5660431ca010f128fb8e09dd4be1a5f7aefe9323f63f08d67,2024-02-28T06:00:00Z,,oddsapi/hist_events,1,"{""date"": ""2024-02-28T06:00:00Z"", ""dateFormat"": ""iso""}"
25ed554e8cc806bb80fc383b562de1e671e7d876b40e500ff9d23bfd39c5fa59,2024-02-29T06:00:00Z,,oddsapi/hist_events,1,"{""date"": ""2024-02-29T06:00:00Z"", ""dateFormat"": ""iso""}"
f146a7600c49965c0ab79155d20d17df74204cda5192f44886bb9e5170293c3f,2024-03-01T06:00:00Z,,oddsapi/hist_events,1,"{""date"": ""2024-03-01T06:00:00Z"", ""dateFormat"": ""iso""}"
51dc4231e517e3820a7d07afc8ffa09609dec536c68c6e88c1ad2b60099681e3,2024-03-02T06:00:00Z,,oddsapi/hist_events,1,"{""date"": ""2024-03-02T06:00:00Z"", ""dateFormat"": ""iso""}"
382a3e8579c395d10c4f1d6e73e54e815afbf818bd0e775f19b88f39c1c4c8dc,2024-03-03T06:00:00Z,,oddsapi/hist_events,1,"{""date"": ""2024-03-03T06:00:00Z"", ""dateFormat"": ""iso""}"
273da0d23411a1a9ac707e3a2a07c0c54b554afbac077e2b784d612572b9f6c0,2024-03-04T06:00:00Z,,oddsapi/hist_events,1,"{""date"": ""2024-03-04T06:00:00Z"", ""dateFormat"": ""iso""}"
e86b5e24eb6ed364029ce5cea4fb87c74eaf1e5e85e24e4b11eaa5c473f55c0e,2024-03-05T06:00:00Z,,oddsapi/hist_events,1,"{""date"": ""2024-03-05T06:00:00Z"", ""dateFormat"": ""iso""}"
9466517ee0c4105eb193f11a2893b47c4776cb57dfa0c4a486493996b8483525,2024-03-06T06:00:00Z,,oddsapi/hist_events,1,"{""date"": ""2024-03-06T06:00:00Z"", ""dateFormat"": ""iso""}"
96a149c18b5c410508465c469b12f0b2f2a431b9d7796d7f521ff8b05b3912ae,2024-03-07T06:00:00Z,,oddsapi/hist_events,1,"{""date"": ""2024-03-07T06:00:00Z"", ""dateFormat"": ""iso""}"
4f5a9d8ff21abcc38d9529485010a47649cc851060a6c68da22e2a150b668e97,2024-03-08T06:00:00Z,,oddsapi/hist_events,1,"{""date"": ""2024-03-08T06:00:00Z"", ""dateFormat"": ""iso""}"
fd46555b4d10f93d57712eb0793eba78fd84fd85719af8be717798bf576f3a59,2024-03-09T06:00:00Z,,oddsapi/hist_events,1,"{""date"": ""2024-03-09T06:00:00Z"", ""dateFormat"": ""iso""}"
df12ec5974a564541abaef67eb7106f3779f65148a3c5299482e6b4d17c09f35,2024-03-10T06:00:00Z,,oddsapi/hist_events,1,"{""date"": ""2024-03-10T06:00:00Z"", ""dateFormat"": ""iso""}"
491477189d0f9048508fc4601afef1700df755638d25a8d8a8025a4c33fbcb66,2024-03-11T06:00:00Z,,oddsapi/hist_events,1,"{""date"": ""2024-03-11T06:00:00Z"", ""dateFormat"": ""iso""}"
65825db95ec76a8f63024c888d43e4c5e4f92b3ec98516fee577824ac766c3e9,2024-03-12T06:00:00Z,,oddsapi/hist_events,1,"{""date"": ""2024-03-12T06:00:00Z"", ""dateFormat"": ""iso""}"
9979995576a5d51184fee7c122023083600ffe08fceb8065ac005d72e6b26c84,2024-03-13T06:00:00Z,,oddsapi/hist_events,1,"{""date"": ""2024-03-13T06:00:00Z"", ""dateFormat"": ""iso""}"
6ca50fd74dac33c9d0329f59cb77eb08f1919999cc80a74520af938258818cae,2024-03-14T06:00:00Z,,oddsapi/hist_events,1,"{""date"": ""2024-03-14T06:00:00Z"", ""dateFormat"": ""iso""}"
116725147e2ef26ef69a104cd14b015573635a31082053688db120be6a80998b,2024-03-15T06:00:00Z,,oddsapi/hist_events,1,"{""date"": ""2024-03-15T06:00:00Z"", ""dateFormat"": ""iso""}"
b354e898f2da8ab1bd48f5a8e1e64793fc9e9cd5eaa257efd8175a9120ac41ec,2024-03-16T06:00:00Z,,oddsapi/hist_events,1,"{""date"": ""2024-03-16T06:00:00Z"", ""dateFormat"": ""iso""}"
8038a71c68462002ce4c5deb364eab0cee679a53853634e8af4ef0bf64628430,2024-03-17T06:00:00Z,,oddsapi/hist_events,1,"{""date"": ""2024-03-17T06:00:00Z"", ""dateFormat"": ""iso""}"
90f1366b95808ab57f3312aa7973720b30a66fea578eb2fe6dfdf3cc84c0cf3a,2024-03-18T06:00:00Z,,oddsapi/hist_events,1,"{""date"": ""2024-03-18T06:00:00Z"", ""dateFormat"": ""iso""}"
2a545956fc2c07f41575ae81e3a23b9eff70964776d598c761053e18bb1c8625,2024-03-19T06:00:00Z,,oddsapi/hist_events,1,"{""date"": ""2024-03-19T06:00:00Z"", ""dateFormat"": ""iso""}"
a040baf3f2b0d28b684d7ff5578fd6ee08db41fb4d38347875a03404f7cd8720,2024-03-20T06:00:00Z,,oddsapi/hist_events,1,"{""date"": ""2024-03-20T06:00:00Z"", ""dateFormat"": ""iso""}"
1ff497a2f378624607d2c1b8b0fd6e180639f80673b757e3637bc5f5277211f8,2024-03-21T06:00:00Z,,oddsapi/hist_events,1,"{""date"": ""2024-03-21T06:00:00Z"", ""dateFormat"": ""iso""}"
508205fa73925f985f7a349ede0f5bf7d1544b86d00f9597c8cb2930d7799cef,2024-03-22T06:00:00Z,,oddsapi/hist_events,1,"{""date"": ""2024-03-22T06:00:00Z"", ""dateFormat"": ""iso""}"
06a481f78010337f2abbb35762a3be8186bd270f6c99f53242af138aefffdfeb,2024-03-23T06:00:00Z,,oddsapi/hist_events,1,"{""date"": ""2024-03-23T06:00:00Z"", ""dateFormat"": ""iso""}"
ab61afc5f7d6e0f56d60f845625f8bd58d439e25e5f61658f0a61d7a5ee65d19,2024-03-24T06:00:00Z,,oddsapi/hist_events,1,"{""date"": ""2024-03-24T06:00:00Z"", ""dateFormat"": ""iso""}"
c4fe5d2f1452f94f21584a0b0110e6685e35e34c082af40150683c224e6868c8,2024-03-25T06:00:00Z,,oddsapi/hist_events,1,"{""date"": ""2024-03-25T06:00:00Z"", ""dateFormat"": ""iso""}"
822e28b3ac63e4404a358b901db1fe4cf692c2770ceb8d3f1ee3473e7499b2f2,2024-03-26T06:00:00Z,,oddsapi/hist_events,1,"{""date"": ""2024-03-26T06:00:00Z"", ""dateFormat"": ""iso""}"
608eb9bad13bc8b66e1a55702074fc19ea21f9326e94c5b5e19350c52a661e97,2024-03-27T06:00:00Z,,oddsapi/hist_events,1,"{""date"": ""2024-03-27T06:00:00Z"", ""dateFormat"": ""iso""}"
824911a4143d95753f9868a04dfba361ebb2402bdb1566e475048da5b73bc3c7,2024-03-28T06:00:00Z,,oddsapi/hist_events,1,"{""date"": ""2024-03-28T06:00:00Z"", ""dateFormat"": ""iso""}"
a0a58727fea0d6ad97cc74fcc13240d55263bc656c68bcb9bd50dd505c049107,2024-03-29T06:00:00Z,,oddsapi/hist_events,1,"{""date"": ""2024-03-29T06:00:00Z"", ""dateFormat"": ""iso""}"
1ef1b7bbe3075195298d4fcd1b4b29ad94dfb8a1747fa122cf34dec12d2dc760,2024-03-30T06:00:00Z,,oddsapi/hist_events,1,"{""date"": ""2024-03-30T06:00:00Z"", ""dateFormat"": ""iso""}"
ef0e144fb37646e456963dc632a735e81701c38a9d483559dee4c2fff3ad1a60,2024-03-31T06:00:00Z,,oddsapi/hist_events,1,"{""date"": ""2024-03-31T06:00:00Z"", ""dateFormat"": ""iso""}"
759e84d385fcd72ad3485de110bef3f14a84e659ba372cabfc729e8e941a2e74,2024-04-01T06:00:00Z,,oddsapi/hist_events,1,"{""date"": ""2024-04-01T06:00:00Z"", ""dateFormat"": ""iso""}"
57625d23d165f7150c89d5c08d3aa01154ce0e1cfae3dba1279a1d6769ea1129,2024-04-02T06:00:00Z,,oddsapi/hist_events,1,"{""date"": ""2024-04-02T06:00:00Z"", ""dateFormat"": ""iso""}"
a5798c064deedfebb5d0c3c846826cb4c95b5e952d135630943266d8758b0659,2024-04-03T06:00:00Z,,oddsapi/hist_events,1,"{""date"": ""2024-04-03T06:00:00Z"", ""dateFormat"": ""iso""}"
630d05c6552691024d6eb306f332340b7d7a2503a6b596ab582b48460c324b17,2024-04-04T06:00:00Z,,oddsapi/hist_events,1,"{""date"": ""2024-04-04T06:00:00Z"", ""dateFormat"": ""iso""}"
ee2d8ad6de4614b0bdfe53e10cd7526cec229a701c50947e049122292e922f8e,2024-04-05T06:00:00Z,,oddsapi/hist_events,1,"{""date"": ""2024-04-05T06:00:00Z"", ""dateFormat"": ""iso""}"
13cb53b8af1cdf7597d2ca43a087674184044712e0fd4710d429375624212595,2024-04-06T06:00:00Z,,oddsapi/hist_events,1,"{""date"": ""2024-04-06T06:00:00Z"", ""dateFormat"": ""iso""}"
4048fe6894d7afb997a62fcc8c27047157e29cd060f8e3531ed6cddb52687251,2024-04-07T06:00:00Z,,oddsapi/hist_events,1,"{""date"": ""2024-04-07T06:00:00Z"", ""dateFormat"": ""iso""}"
f0b8b8192d43a19235df40b2bb889297d99e0ed267b37282d74a7692001bd134,2024-04-08T06:00:00Z,,oddsapi/hist_events,1,"{""date"": ""2024-04-08T06:00:00Z"", ""dateFormat"": ""iso""}"
ed342cb18dad228f724f13bf57af807fe474282444282cb5b1fb9b25c46678d5,2024-04-09T06:00:00Z,,oddsapi/hist_events,1,"{""date"": ""2024-04-09T06:00:00Z"", ""dateFormat"": ""iso""}"
ce23358beca999cce236612f7cea277200bce28bc004c3ddd0b7c918d49824d4,2024-04-10T06:00:00Z,,oddsapi/hist_events,1,"{""date"": ""2024-04-10T06:00:00Z"", ""dateFormat"": ""iso""}"
b1937c6bbe7b03d0c624b49d5f36ca0273a46d2458b51a0ec047fe8a0a37cd94,2024-04-11T06:00:00Z,,oddsapi/hist_events,1,"{""date"": ""2024-04-11T06:00:00Z"", ""dateFormat"": ""iso""}"
16821f6770098f00e20d0736c2eff340822cce8b0d6c6e894a85d6ab2aa5039e,2024-04-12T06:00:00Z,,oddsapi/hist_events,1,"{""date"": ""2024-04-12T06:00:00Z"", ""dateFormat"": ""iso""}"
5ea42943717c2e686a9546188dd86d876f325a95c989b81e6cab8955dcfdecc8,2024-04-13T06:00:00Z,,oddsapi/hist_events,1,"{""date"": ""2024-04-13T06:00:00Z"", ""dateFormat"": ""iso""}"
f902ae1c290e5894a187cac47da41f3e58b3783b17155d88ef0c81847cc96c0c,2024-04-14T06:00:00Z,,oddsapi/hist_events,1,"{""date"": ""2024-04-14T06:00:00Z"", ""dateFormat"": ""iso""}"
8881a402a8f2c9a8e30c7fb6c514b3eb9460de42022941645f4b838a8d9b1ed4,2024-04-15T06:00:00Z,,oddsapi/hist_events,1,"{""date"": ""2024-04-15T06:00:00Z"", ""dateFormat"": ""iso""}"
b8ac3c756a09ce548ce708f8c19d8ddd687d3950c9302f088308b7ea53017375,2024-04-16T06:00:00Z,,oddsapi/hist_events,1,"{""date"": ""2024-04-16T06:00:00Z"", ""dateFormat"": ""iso""}"
c4193cde56d69842c1cba40fc9391fdeeebec0f5f83cfda8b45dc5292237096a,2024-04-17T06:00:00Z,,oddsapi/hist_events,1,"{""date"": ""2024-04-17T06:00:00Z"", ""dateFormat"": ""iso""}"
1266a5bab0c5c748bb86745b2b8626fd21a000b25ba00d25e8e74a68b39daae1,2024-04-18T06:00:00Z,,oddsapi/hist_events,1,"{""date"": ""2024-04-18T06:00:00Z"", ""dateFormat"": ""iso""}"
63dbca7937d462e487a0c83037643c15d212fcfe5e1a0d7ec515cebc9bc15160,2024-04-19T06:00:00Z,,oddsapi/hist_events,1,"{""date"": ""2024-04-19T06:00:00Z"", ""dateFormat"": ""iso""}"
6ef6e788324d8bf69414826cad5cdd53371d277e47675a05f2bac9e3804d842d,2024-04-20T06:00:00Z,,oddsapi/hist_events,1,"{""date"": ""2024-04-20T06:00:00Z"", ""dateFormat"": ""iso""}"
bdfe5e38473be12bbb21fe2fc0636f99a2f854cb5faf5259e28efd89464196dd,2024-04-21T06:00:00Z,,oddsapi/hist_events,1,"{""date"": ""2024-04-21T06:00:00Z"", ""dateFormat"": ""iso""}"
35c9983e43380144bba193c02adf5fca576643e67501bf8b4ba7b8ac0795ed71,2024-04-22T06:00:00Z,,oddsapi/hist_events,1,"{""date"": ""2024-04-22T06:00:00Z"", ""dateFormat"": ""iso""}"
559f5d00bba0a0de0ea6ea1b1dae50c5ba60aa54308c6a4ec3ddf4383e03e208,2024-04-23T06:00:00Z,,oddsapi/hist_events,1,"{""date"": ""2024-04-23T06:00:00Z"", ""dateFormat"": ""iso""}"
bdb638c73037ba22ea31e7209ae3cb799d6784051e2ac03535519af517bd6d67,2024-04-24T06:00:00Z,,oddsapi/hist_events,1,"{""date"": ""2024-04-24T06:00:00Z"", ""dateFormat"": ""iso""}"
1356cccfc085679f46452e9e78d88b8774dedd888c7ef1d1c3e9bfad39bf28a8,2024-04-25T06:00:00Z,,oddsapi/hist_events,1,"{""date"": ""2024-04-25T06:00:00Z"", ""dateFormat"": ""iso""}"
aa12f54f08b9b4f31dba881d1ee4157a28ad624da3df081e304e18d804954153,2024-04-26T06:00:00Z,,oddsapi/hist_events,1,"{""date"": ""2024-04-26T06:00:00Z"", ""dateFormat"": ""iso""}"
0cf9f9ba7977e4679aeb7560e69e764e3235e5a148312455034ca6c9aca50e33,2024-04-27T06:00:00Z,,oddsapi/hist_events,1,"{""date"": ""2024-04-27T06:00:00Z"", ""dateFormat"": ""iso""}"
27fae39e8c8c047528f46a4eadc330741d877a72e14c566e2eb7f4d1ef0b140d,2024-04-28T06:00:00Z,,oddsapi/hist_events,1,"{""date"": ""2024-04-28T06:00:00Z"", ""dateFormat"": ""iso""}"
ac79e85aebd926701a08157cbbfc3b41bccf909a6f9b080f9085a480a212506e,2024-04-29T06:00:00Z,,oddsapi/hist_events,1,"{""date"": ""2024-04-29T06:00:00Z"", ""dateFormat"": ""iso""}"
b921275a49ba2987fae0070933312d15886f33da6b1b853de023d3f1debefbd1,2024-04-30T06:00:00Z,,oddsapi/hist_events,1,"{""date"": ""2024-04-30T06:00:00Z"", ""dateFormat"": ""iso""}"
cd2dd4722dd060c61466965a22df4bd8fc8ce1722f19b603acf098db0537744f,2024-05-01T06:00:00Z,,oddsapi/hist_events,1,"{""date"": ""2024-05-01T06:00:00Z"", ""dateFormat"": ""iso""}"
e108a8edae386da2151b6d8ecc57a2b9a95f8162557d1bdfe843b2667b9f3f9b,2024-05-02T06:00:00Z,,oddsapi/hist_events,1,"{""date"": ""2024-05-02T06:00:00Z"", ""dateFormat"": ""iso""}"
b788b5748236a70f52e28f7e53d2e1c875ba3f15a5da82bf5974d53216bda053,2024-05-03T06:00:00Z,,oddsapi/hist_events,1,"{""date"": ""2024-05-03T06:00:00Z"", ""dateFormat"": ""iso""}"
dc98bfcd62b638429b98909e9cab9dceba82017ccc956667ed67f12378af7cfe,2024-05-04T06:00:00Z,,oddsapi/hist_events,1,"{""date"": ""2024-05-04T06:00:00Z"", ""dateFormat"": ""iso""}"
0ccb5aedd585da37a9e0b463962861e62fe31dc5090b7857f0dfc13286d6361a,2024-05-05T06:00:00Z,,oddsapi/hist_events,1,"{""date"": ""2024-05-05T06:00:00Z"", ""dateFormat"": ""iso""}"
c954a9d59a3d5abae09574cf8adb83153be547c252dcf367f211d78d804ec8e0,2024-05-06T06:00:00Z,,oddsapi/hist_events,1,"{""date"": ""2024-05-06T06:00:00Z"", ""dateFormat"": ""iso""}"
17a81ca9ca8db46c836207934f78a54fc2020f85a56b1ce45e6281fa05212575,2024-05-07T06:00:00Z,,oddsapi/hist_events,1,"{""date"": ""2024-05-07T06:00:00Z"", ""dateFormat"": ""iso""}"
75f65dda1795a5e0712525eb3586620cfe9df60d6dadebd2089642d845478229,2024-05-08T06:00:00Z,,oddsapi/hist_events,1,"{""date"": ""2024-05-08T06:00:00Z"", ""dateFormat"": ""iso""}"
d19c0c9c87348871620d48f578adf95fa2a5d0dafdc5700667021fefcb9096fa,2024-05-09T06:00:00Z,,oddsapi/hist_events,1,"{""date"": ""2024-05-09T06:00:00Z"", ""dateFormat"": ""iso""}"
6f8ea64f103fa2e44e76ee9bd56d5e1dcc0feee3ad83d31c3fa07ac06071fd63,2024-05-10T06:00:00Z,,oddsapi/hist_events,1,"{""date"": ""2024-05-10T06:00:00Z"", ""dateFormat"": ""iso""}"
620c9c8b2e7c3080f9b7c27e1c3be8c8efd79e452b844671d8a03d427b58cde0,2024-05-11T06:00:00Z,,oddsapi/hist_events,1,"{""date"": ""2024-05-11T06:00:00Z"", ""dateFormat"": ""iso""}"
b1b4f339e994564e6ccc344a258afc5edb654896e0cd1865967207f2e5fc92a1,2024-05-12T06:00:00Z,,oddsapi/hist_events,1,"{""date"": ""2024-05-12T06:00:00Z"", ""dateFormat"": ""iso""}"
404458ff592a5777bb184bcf87515477d0455e6800bceae404d154617770d020,2024-05-13T06:00:00Z,,oddsapi/hist_events,1,"{""date"": ""2024-05-13T06:00:00Z"", ""dateFormat"": ""iso""}"
d4a7d7b501e830a421b4780ecb7ed2bb21adb53512c61ab1bc8d6e825bc50666,2024-05-14T06:00:00Z,,oddsapi/hist_events,1,"{""date"": ""2024-05-14T06:00:00Z"", ""dateFormat"": ""iso""}"
bf3728179dfb66b9b502e3a12fcc5c9f03138df0ec7d631706b8d7b169e0f1d4,2024-05-15T06:00:00Z,,oddsapi/hist_events,1,"{""date"": ""2024-05-15T06:00:00Z"", ""dateFormat"": ""iso""}"
ea635a8ae7e44160037925dd03ab8ce0547eafb8e9c68f4c58ca4ccccb083b3c,2024-05-16T06:00:00Z,,oddsapi/hist_events,1,"{""date"": ""2024-05-16T06:00:00Z"", ""dateFormat"": ""iso""}"
ad13003f5785ebed93c7bda2886381ab2de3ca8179117b468faac10de9976a13,2024-05-17T06:00:00Z,,oddsapi/hist_events,1,"{""date"": ""2024-05-17T06:00:00Z"", ""dateFormat"": ""iso""}"
95473b0662fc80c1aa0059590716a2fdc2b69db64b159450a3190ee94870faa9,2024-05-18T06:00:00Z,,oddsapi/hist_events,1,"{""date"": ""2024-05-18T06:00:00Z"", ""dateFormat"": ""iso""}"
e5f9620d2ddf072246621eaaba8f2e100851ec3f51aa3e5950284e7e998cd8a6,2024-05-19T06:00:00Z,,oddsapi/hist_events,1,"{""date"": ""2024-05-19T06:00:00Z"", ""dateFormat"": ""iso""}"
d04702b770dfac7d02e142c3428eae24a92633fd1fbb545aa0bf28e58004d5d1,2024-05-20T06:00:00Z,,oddsapi/hist_events,1,"{""date"": ""2024-05-20T06:00:00Z"", ""dateFormat"": ""iso""}"
423d2ba2239413a2c1d1199664cc7a3e2f2d8fd4304f6f47b2aa5c659b73ac24,2024-05-21T06:00:00Z,,oddsapi/hist_events,1,"{""date"": ""2024-05-21T06:00:00Z"", ""dateFormat"": ""iso""}"
a8a0df124bdf2fd1da02709525e701bff2af99f73cab313b6cbae98e37b45203,2024-05-22T06:00:00Z,,oddsapi/hist_events,1,"{""date"": ""2024-05-22T06:00:00Z"", ""dateFormat"": ""iso""}"
ddbec8ce6e9545cf6e52911740aa40380f44c418860100b56f7a12ff193aae8e,2024-05-23T06:00:00Z,,oddsapi/hist_events,1,"{""date"": ""2024-05-23T06:00:00Z"", ""dateFormat"": ""iso""}"
42557d3636da97760de1f7e74b7848f35b19221414517626de020d2471f0a0c8,2024-05-24T06:00:00Z,,oddsapi/hist_events,1,"{""date"": ""2024-05-24T06:00:00Z"", ""dateFormat"": ""iso""}"
64d59444a55a79c4bba01930a0a1853a5cc0ac2d38d98ec62eaffc9d546623cc,2024-05-25T06:00:00Z,,oddsapi/hist_events,1,"{""date"": ""2024-05-25T06:00:00Z"", ""dateFormat"": ""iso""}"
3723e358cb425e50130383114f148c8d025d128be48068af57fbbf1708d13490,2024-05-26T06:00:00Z,,oddsapi/hist_events,1,"{""date"": ""2024-05-26T06:00:00Z"", ""dateFormat"": ""iso""}"
39b66355e18c12798009912a6bcc936948402b2be4814842cb3d958da85766e9,2024-05-27T06:00:00Z,,oddsapi/hist_events,1,"{""date"": ""2024-05-27T06:00:00Z"", ""dateFormat"": ""iso""}"
5ac110ee5a6435597fef0645137712667a7bf5a0ec72165959276b0a973aa11e,2024-05-28T06:00:00Z,,oddsapi/hist_events,1,"{""date"": ""2024-05-28T06:00:00Z"", ""dateFormat"": ""iso""}"
c018205dbaa5d07897835a0813daba5d279edea13d1ed93ee78c46e4005a3411,2024-05-29T06:00:00Z,,oddsapi/hist_events,1,"{""date"": ""2024-05-29T06:00:00Z"", ""dateFormat"": ""iso""}"
d19f6ffb3a75822e31dd3ee06a24f6a059a4198e190851a57e72bb2ad790c565,2024-05-30T06:00:00Z,,oddsapi/hist_events,1,"{""date"": ""2024-05-30T06:00:00Z"", ""dateFormat"": ""iso""}"
715f6829b3ceef754a938a1bf80e8c13e3953b98ddc495589f51dace484a10e1,2024-05-31T06:00:00Z,,oddsapi/hist_events,1,"{""date"": ""2024-05-31T06:00:00Z"", ""dateFormat"": ""iso""}"
e460f21dcd13e191ec350e44beb858152735084be1d58a1a008fbaea7091f611,2024-06-01T06:00:00Z,,oddsapi/hist_events,1,"{""date"": ""2024-06-01T06:00:00Z"", ""dateFormat"": ""iso""}"
3b98cadf345c64152a63df74f1f79bfa6123b61cf02f2add83cfdd4b7a99e9ec,2024-06-02T06:00:00Z,,oddsapi/hist_events,1,"{""date"": ""2024-06-02T06:00:00Z"", ""dateFormat"": ""iso""}"
54d6e55813035ca8e1f01c8d9e0970e4dde30b309031b7e08fb063643dd5c1cd,2024-06-03T06:00:00Z,,oddsapi/hist_events,1,"{""date"": ""2024-06-03T06:00:00Z"", ""dateFormat"": ""iso""}"
61ea68660c173f9a20a7213bc9e9ed9d9afb40310abafb51f47ef05eeeafb638,2024-06-04T06:00:00Z,,oddsapi/hist_events,1,"{""date"": ""2024-06-04T06:00:00Z"", ""dateFormat"": ""iso""}"
11aee42cd0cc775903092c7db25140b505942a9e12dcb9bd305423a3fec1b96f,2024-06-05T06:00:00Z,,oddsapi/hist_events,1,"{""date"": ""2024-06-05T06:00:00Z"", ""dateFormat"": ""iso""}"
b0b9bd618b61ac065d180cfb4a319e94b46668cdffc45627b4d029a2fb60f9fe,2024-06-06T06:00:00Z,,oddsapi/hist_events,1,"{""date"": ""2024-06-06T06:00:00Z"", ""dateFormat"": ""iso""}"
bdc64e8aa30f9fbbbb29f93441843f9961decc18a5b33db0f03653562f14b0e3,2024-06-07T06:00:00Z,,oddsapi/hist_events,1,"{""date"": ""2024-06-07T06:00:00Z"", ""dateFormat"": ""iso""}"
3794daed6edbbff8270e7ff5f6c4949d1e8605c3558f9c532d358afd8a8edc33,2024-06-08T06:00:00Z,,oddsapi/hist_events,1,"{""date"": ""2024-06-08T06:00:00Z"", ""dateFormat"": ""iso""}"
f648ecbbcc02e5e752cdec33f53184b0880479240057a6c2469720258ab413b6,2024-06-09T06:00:00Z,,oddsapi/hist_events,1,"{""date"": ""2024-06-09T06:00:00Z"", ""dateFormat"": ""iso""}"
fef02879146f40474f1d92b0d61625545b6b07cf5acaf1bafeb480c14cf2d0d2,2024-06-10T06:00:00Z,,oddsapi/hist_events,1,"{""date"": ""2024-06-10T06:00:00Z"", ""dateFormat"": ""iso""}"
69d5dc95d2c8a27043cca0b9070b44cb8094935019b672ebf4bb0e69445a4234,2024-06-11T06:00:00Z,,oddsapi/hist_events,1,"{""date"": ""2024-06-11T06:00:00Z"", ""dateFormat"": ""iso""}"
49eab7f9a28dc18732c567ab440bc39b379d663f5cc2b63b70b0db736b6d3f21,2024-06-12T06:00:00Z,,oddsapi/hist_events,1,"{""date"": ""2024-06-12T06:00:00Z"", ""dateFormat"": ""iso""}"
0d1cd31d198c93e3ef06e36c01066f8209b06f7f621529e1b414eea5c756627d,2024-06-13T06:00:00Z,,oddsapi/hist_events,1,"{""date"": ""2024-06-13T06:00:00Z"", ""dateFormat"": ""iso""}"
e91c9a7def26ffc1d3428ef6e73c76ebcf060fa245b9d1b4590dc8760deebefe,2024-06-14T06:00:00Z,,oddsapi/hist_events,1,"{""date"": ""2024-06-14T06:00:00Z"", ""dateFormat"": ""iso""}"
aeb4f6913f182efdbdba829c4594db7dadbd28270e84f4519d411bd5ed6673b5,2024-06-15T06:00:00Z,,oddsapi/hist_events,1,"{""date"": ""2024-06-15T06:00:00Z"", ""dateFormat"": ""iso""}"
f2949b072e5f9701fb683cc90ceb9c091c8cc175b56a8106570e4a0a4322f9f2,2024-06-16T06:00:00Z,,oddsapi/hist_events,1,"{""date"": ""2024-06-16T06:00:00Z"", ""dateFormat"": ""iso""}"
029144d9886d52094cf192bfe1be47324ae52686b6af21feffb26acf6eae554b,2024-06-17T06:00:00Z,,oddsapi/hist_events,1,"{""date"": ""2024-06-17T06:00:00Z"", ""dateFormat"": ""iso""}"
7479369221093e633ba53696d4026aa6665a135686627518e6dcbc45f46ac67c,2024-06-18T06:00:00Z,,oddsapi/hist_events,1,"{""date"": ""2024-06-18T06:00:00Z"", ""dateFormat"": ""iso""}"
080b524f7d9ced9a4bf7f08662d70d35ac7e6976fe53e146f2a74d950931ce57,2024-06-19T06:00:00Z,,oddsapi/hist_events,1,"{""date"": ""2024-06-19T06:00:00Z"", ""dateFormat"": ""iso""}"
c7643d3a72f8f9ba7a8b1025952c8ec3cda8a9feffb4c05f9a4c60cb1505306f,2024-06-20T06:00:00Z,,oddsapi/hist_events,1,"{""date"": ""2024-06-20T06:00:00Z"", ""dateFormat"": ""iso""}"
e6238cdcc2cbf9c90b8a5edf871890111588d8948c55560b85e9587794582e9a,2024-06-21T06:00:00Z,,oddsapi/hist_events,1,"{""date"": ""2024-06-21T06:00:00Z"", ""dateFormat"": ""iso""}"
a0550f5718452042dae504cf59d3f3df8a09701cfa7e7d5341ef3e312f72bd2f,2024-06-22T06:00:00Z,,oddsapi/hist_events,1,"{""date"": ""2024-06-22T06:00:00Z"", ""dateFormat"": ""iso""}"
71ca40ad1a819b34d0c2e59965b94d216968789ed21c3f17e28e320f53ec42d6,2024-06-23T06:00:00Z,,oddsapi/hist_events,1,"{""date"": ""2024-06-23T06:00:00Z"", ""dateFormat"": ""iso""}"
e9b716435a77660a98dac03b44f94a1ea35b8ee46c0fb5f1c9b9f7a97d588549,2024-06-24T06:00:00Z,,oddsapi/hist_events,1,"{""date"": ""2024-06-24T06:00:00Z"", ""dateFormat"": ""iso""}"
f4b78ea3968236ef043ad69752743e59df596f6432f0de1df0dc7aa0c6434bbb,2024-06-25T06:00:00Z,,oddsapi/hist_events,1,"{""date"": ""2024-06-25T06:00:00Z"", ""dateFormat"": ""iso""}"
dec198a0a69d91048139364da88857e693acad1be92fe0aaf7fcd0cdd74f0878,2024-06-26T06:00:00Z,,oddsapi/hist_events,1,"{""date"": ""2024-06-26T06:00:00Z"", ""dateFormat"": ""iso""}"
93b6d8c1777d9ec332f8b37f60f34cc6cd2053d12dc6b28f6031907c01f0d28f,2024-06-27T06:00:00Z,,oddsapi/hist_events,1,"{""date"": ""2024-06-27T06:00:00Z"", ""dateFormat"": ""iso""}"
42160ac35615e2a10ac7ace030612a82b28654f54707df8d0075cc77b01523de,2024-06-28T06:00:00Z,,oddsapi/hist_events,1,"{""date"": ""2024-06-28T06:00:00Z"", ""dateFormat"": ""iso""}"
06037067cce8d0395f27c6ca5bb2169993c4731815764825831e07d4bc39c8ba,2024-06-29T06:00:00Z,,oddsapi/hist_events,1,"{""date"": ""2024-06-29T06:00:00Z"", ""dateFormat"": ""iso""}"
1f1c320189e3aaf7c6e6d28357c0ddfacca48400008328ca310ceee7a70d114a,2024-06-30T06:00:00Z,,oddsapi/hist_events,1,"{""date"": ""2024-06-30T06:00:00Z"", ""dateFormat"": ""iso""}"
d23ae328bfb54fa7a028bf9c056d028797fd78e495785815779df072decd7a29,2024-07-01T06:00:00Z,,oddsapi/hist_events,1,"{""date"": ""2024-07-01T06:00:00Z"", ""dateFormat"": ""iso""}"
5e19b534d7094828eea2e7414cbbadc9dae2e36d89ba8415620a5674f0a87327,2024-07-02T06:00:00Z,,oddsapi/hist_events,1,"{""date"": ""2024-07-02T06:00:00Z"", ""dateFormat"": ""iso""}"
242c7fffb67de6f234cd62bd4d98f9784fce74ed729f67de8e1309f1ac91f624,2024-07-03T06:00:00Z,,oddsapi/hist_events,1,"{""date"": ""2024-07-03T06:00:00Z"", ""dateFormat"": ""iso""}"
fef059ac838804ae51725a37577db98ac240dfce9ec067c70f2b08405b87863c,2024-07-04T06:00:00Z,,oddsapi/hist_events,1,"{""date"": ""2024-07-04T06:00:00Z"", ""dateFormat"": ""iso""}"
0358933494415bef7d0b47107e8828271509cdb92aa6eefadbb9887254b466d9,2024-07-05T06:00:00Z,,oddsapi/hist_events,1,"{""date"": ""2024-07-05T06:00:00Z"", ""dateFormat"": ""iso""}"
16ff3611c4ca81b827055f3331b38af12052522d161da2b1d614a0ee5aa14c9e,2024-07-06T06:00:00Z,,oddsapi/hist_events,1,"{""date"": ""2024-07-06T06:00:00Z"", ""dateFormat"": ""iso""}"
c5b81092ee6860400c15e493c480233be47533b2189a92aa0f272dfeea502706,2024-07-07T06:00:00Z,,oddsapi/hist_events,1,"{""date"": ""2024-07-07T06:00:00Z"", ""dateFormat"": ""iso""}"
5997396aaa0e458d3e28438b83d88f19cd40a4a549dae51b15ce5fe39c8aa1d1,2024-07-08T06:00:00Z,,oddsapi/hist_events,1,"{""date"": ""2024-07-08T06:00:00Z"", ""dateFormat"": ""iso""}"
cf0a459807b8d7f6e331528eb965ebeaf0125392bf297de76ad68e080f6e5687,2024-07-09T06:00:00Z,,oddsapi/hist_events,1,"{""date"": ""2024-07-09T06:00:00Z"", ""dateFormat"": ""iso""}"
251bb08ec2cbbd855080bfa7ac5a2b1539ac425a3924d20b2c69f7f0e14ba173,2024-07-10T06:00:00Z,,oddsapi/hist_events,1,"{""date"": ""2024-07-10T06:00:00Z"", ""dateFormat"": ""iso""}"
60053b45be8e08752d751cdd6f76e5252a3968a8ff7c9a5c37a3e4acbb15a146,2024-07-11T06:00:00Z,,oddsapi/hist_events,1,"{""date"": ""2024-07-11T06:00:00Z"", ""dateFormat"": ""iso""}"
0601721cf7ad7aef24de822735a6763d32f812ad7d97cec706fea34fa7507a09,2024-07-12T06:00:00Z,,oddsapi/hist_events,1,"{""date"": ""2024-07-12T06:00:00Z"", ""dateFormat"": ""iso""}"
2229a6346effe7befe870af2fb8ab95580dabcf82ffdc9c87f26726d33f6646d,2024-07-13T06:00:00Z,,oddsapi/hist_events,1,"{""date"": ""2024-07-13T06:00:00Z"", ""dateFormat"": ""iso""}"
bb45d4c07325bf3b3bc9d13fff66df364c2274b76d9e8d757a186a9c2653f9c8,2024-07-14T06:00:00Z,,oddsapi/hist_events,1,"{""date"": ""2024-07-14T06:00:00Z"", ""dateFormat"": ""iso""}"
676096a5a714eee660c131f69c1a459bf4248d196b1f5ff1faea3dd14a19fef7,2024-07-15T06:00:00Z,,oddsapi/hist_events,1,"{""date"": ""2024-07-15T06:00:00Z"", ""dateFormat"": ""iso""}"
f1bd093a95172568e3909cf87e369236289f42ef8659180a10726401c4baf51b,2024-07-16T06:00:00Z,,oddsapi/hist_events,1,"{""date"": ""2024-07-16T06:00:00Z"", ""dateFormat"": ""iso""}"
6bccb9a61553c977b47b48ed499421e9f4ed7aac081a529a2913e8eeb9fdc2fe,2024-07-17T06:00:00Z,,oddsapi/hist_events,1,"{""date"": ""2024-07-17T06:00:00Z"", ""dateFormat"": ""iso""}"
a4fcf2cd63f52c4cca306b5ea294bd428750fb0f0bfdcd57f08bc04ec4d4dcb1,2024-07-18T06:00:00Z,,oddsapi/hist_events,1,"{""date"": ""2024-07-18T06:00:00Z"", ""dateFormat"": ""iso""}"
0f0ed4e01bc804c2ce8d4755c45edcc604c78387742b9e5421583b3f42598a12,2024-07-19T06:00:00Z,,oddsapi/hist_events,1,"{""date"": ""2024-07-19T06:00:00Z"", ""dateFormat"": ""iso""}"
b85ad02bff6d8a69872456edf141eb44183bfd7693b594346b7fa058c29f1256,2024-07-20T06:00:00Z,,oddsapi/hist_events,1,"{""date"": ""2024-07-20T06:00:00Z"", ""dateFormat"": ""iso""}"
9ccb7a7700681ad214bcf0ed2a43a75a64e56d50d424d509edfc5c47e2a7d14f,2024-07-21T06:00:00Z,,oddsapi/hist_events,1,"{""date"": ""2024-07-21T06:00:00Z"", ""dateFormat"": ""iso""}"
2a92f7de76e976474a008ba4b859f11f6095e6754cb8ecc54fc1d2497a72d68b,2024-07-22T06:00:00Z,,oddsapi/hist_events,1,"{""date"": ""2024-07-22T06:00:00Z"", ""dateFormat"": ""iso""}"
14fec0ee6e9a6c293eb12000f65f425cb95ba0b60d0e277aa825b1c1e7279471,2024-07-23T06:00:00Z,,oddsapi/hist_events,1,"{""date"": ""2024-07-23T06:00:00Z"", ""dateFormat"": ""iso""}"
969d5ea47af402e2eccb12b9b6b0b69b915382bac78e6edc4e7e0980f4d0b3f2,2024-07-24T06:00:00Z,,oddsapi/hist_events,1,"{""date"": ""2024-07-24T06:00:00Z"", ""dateFormat"": ""iso""}"
4c8a66784b31fc8000746d82ae768e37d7438b0a316e53c08125f7d71afaad94,2024-07-25T06:00:00Z,,oddsapi/hist_events,1,"{""date"": ""2024-07-25T06:00:00Z"", ""dateFormat"": ""iso""}"
5dcc38baca5c130fbafe9c8d4e343c1f5567089a05f77f2cc7f3d203013a99df,2024-07-26T06:00:00Z,,oddsapi/hist_events,1,"{""date"": ""2024-07-26T06:00:00Z"", ""dateFormat"": ""iso""}"
6241023249a5afbc51de4e50270e378479804bcfe114ec73aed229c8db5a8b5b,2024-07-27T06:00:00Z,,oddsapi/hist_events,1,"{""date"": ""2024-07-27T06:00:00Z"", ""dateFormat"": ""iso""}"
e84421569519a16a144a45596ddcbdfb1067dd52c22f287b2f0fc6ceb0cd4724,2024-07-28T06:00:00Z,,oddsapi/hist_events,1,"{""date"": ""2024-07-28T06:00:00Z"", ""dateFormat"": ""iso""}"
96ba8efd2c66f59b9544ccf473e00834e559b2e4bd29ffa8c47e6e61009bc24e,2024-07-29T06:00:00Z,,oddsapi/hist_events,1,"{""date"": ""2024-07-29T06:00:00Z"", ""dateFormat"": ""iso""}"
43cc51ea5502d85b70ec127c5d44594a39d810718e6707216118c69e5669c074,2024-07-30T06:00:00Z,,oddsapi/hist_events,1,"{""date"": ""2024-07-30T06:00:00Z"", ""dateFormat"": ""iso""}"
342dacc7a66ff694c7b33293caab5fd4fec4198b2f0a5be3d07e6338b9dcf26e,2024-07-31T06:00:00Z,,oddsapi/hist_events,1,"{""date"": ""2024-07-31T06:00:00Z"", ""dateFormat"": ""iso""}"
e28d589b2008f0e6c21d3c61d46cd2048527025099e588466cf274a5245dd88d,2024-08-01T06:00:00Z,,oddsapi/hist_events,1,"{""date"": ""2024-08-01T06:00:00Z"", ""dateFormat"": ""iso""}"
45dca5272a2f892555057771c3ffd198324775d5d673cf3bdc3507fce8000add,2024-08-02T06:00:00Z,,oddsapi/hist_events,1,"{""date"": ""2024-08-02T06:00:00Z"", ""dateFormat"": ""iso""}"
b56d6f2d0bbd55ce787811634cb7b6cd4e7189a6ebc5a1682e304da0f24cdcd9,2024-08-03T06:00:00Z,,oddsapi/hist_events,1,"{""date"": ""2024-08-03T06:00:00Z"", ""dateFormat"": ""iso""}"
baeef75b24c1c9c60f3e8ea872923b62a2b0b4e35e6b54c60fbd3156ee3c7271,2024-08-04T06:00:00Z,,oddsapi/hist_events,1,"{""date"": ""2024-08-04T06:00:00Z"", ""dateFormat"": ""iso""}"
77da3bf3e88c03bc28003529d4fd7146403e9e7f6aabff82838206f75fde87e7,2024-08-05T06:00:00Z,,oddsapi/hist_events,1,"{""date"": ""2024-08-05T06:00:00Z"", ""dateFormat"": ""iso""}"
2070f6a40f2af7d07cbbed4ddc4e99b9b0576d75638e2beb2e703193f7cb8cc9,2024-08-06T06:00:00Z,,oddsapi/hist_events,1,"{""date"": ""2024-08-06T06:00:00Z"", ""dateFormat"": ""iso""}"
c17af6340502add5c0bff1975d305c9552bb4586f47c6086f6140a0618ba796e,2024-08-07T06:00:00Z,,oddsapi/hist_events,1,"{""date"": ""2024-08-07T06:00:00Z"", ""dateFormat"": ""iso""}"
35839262dcb27b1c6ed80a3135692f0c33d00d8f3b6fcab19e3205d3d42caba7,2024-08-08T06:00:00Z,,oddsapi/hist_events,1,"{""date"": ""2024-08-08T06:00:00Z"", ""dateFormat"": ""iso""}"
6103f0ef260ed97df3e60635240c2fedcd9d2312d8c0f148af35419e099e480b,2024-08-09T06:00:00Z,,oddsapi/hist_events,1,"{""date"": ""2024-08-09T06:00:00Z"", ""dateFormat"": ""iso""}"
e334397c128fce0a55eac3f797e87fd5d06e84712ccaaf44e91fb188baa4e9d3,2024-08-10T06:00:00Z,,oddsapi/hist_events,1,"{""date"": ""2024-08-10T06:00:00Z"", ""dateFormat"": ""iso""}"
6d6257d29e507e19436f206928789dc4c54d6723e32cd56a2478ccbfdf04d464,2024-08-11T06:00:00Z,,oddsapi/hist_events,1,"{""date"": ""2024-08-11T06:00:00Z"", ""dateFormat"": ""iso""}"
f49cea66250fcefa3e92c33f70d2398f73130e7201f80e4d87659358882a8f7f,2024-08-12T06:00:00Z,,oddsapi/hist_events,1,"{""date"": ""2024-08-12T06:00:00Z"", ""dateFormat"": ""iso""}"
eebd4a7f7d9d9fbfd2ab77552ea38e9cd2b1f380c1b05c418493de67ab94eb9a,2024-08-13T06:00:00Z,,oddsapi/hist_events,1,"{""date"": ""2024-08-13T06:00:00Z"", ""dateFormat"": ""iso""}"
3e98efb406431f024fe3c3e743a70de7c66c836c76d3d04858ebca49f3d4273c,2024-08-14T06:00:00Z,,oddsapi/hist_events,1,"{""date"": ""2024-08-14T06:00:00Z"", ""dateFormat"": ""iso""}"
791ac7289cc8fe7e3c79b86053c417ccdfb6c6aa05d20965af6e3376e312609b,2024-08-15T06:00:00Z,,oddsapi/hist_events,1,"{""date"": ""2024-08-15T06:00:00Z"", ""dateFormat"": ""iso""}"
b6a92dc7eb461d0a4fff22e43d2cbff59b59f27771ee7e5ace3c877ef51343a2,2024-08-16T06:00:00Z,,oddsapi/hist_events,1,"{""date"": ""2024-08-16T06:00:00Z"", ""dateFormat"": ""iso""}"
53e3fc65f19cb15fb6e30107f02a57bf896197e20f57ee6102995a8786a88c65,2024-08-17T06:00:00Z,,oddsapi/hist_events,1,"{""date"": ""2024-08-17T06:00:00Z"", ""dateFormat"": ""iso""}"
b3864adc115f62cfa7e88cd6362486a586192797879f6460884caf29af18e663,2024-08-18T06:00:00Z,,oddsapi/hist_events,1,"{""date"": ""2024-08-18T06:00:00Z"", ""dateFormat"": ""iso""}"
0b27001abc80e6fdf4a12db7df0b65cedf1b3fc327f617988bcff976e80e2ecb,2024-08-19T06:00:00Z,,oddsapi/hist_events,1,"{""date"": ""2024-08-19T06:00:00Z"", ""dateFormat"": ""iso""}"
f93c0b66a1ea0a5986e16e07016c4c3510aff10f843417d4becf51512b11cb6f,2024-08-21T06:00:00Z,,oddsapi/hist_events,1,"{""date"": ""2024-08-21T06:00:00Z"", ""dateFormat"": ""iso""}"
8b56281157f024e4681b2542108086a47e4e492c938df41de1b9106b242528e3,2024-08-23T06:00:00Z,,oddsapi/hist_events,1,"{""date"": ""2024-08-23T06:00:00Z"", ""dateFormat"": ""iso""}"
b12285ad76dab138258864019e342c594f843fb3dd7d42b2681223b3b8463bc5,2024-08-25T06:00:00Z,,oddsapi/hist_events,1,"{""date"": ""2024-08-25T06:00:00Z"", ""dateFormat"": ""iso""}"
a6af0e7144c902e6b5241961f5571d721b7f2587825cf310cd6a14e8dcbd0be0,2024-08-27T06:00:00Z,,oddsapi/hist_events,1,"{""date"": ""2024-08-27T06:00:00Z"", ""dateFormat"": ""iso""}"
2f3cb4e378edf3a0bcb478a51a08f316c65d37091b5beb9b84981b6011037236,2024-08-29T06:00:00Z,,oddsapi/hist_events,1,"{""date"": ""2024-08-29T06:00:00Z"", ""dateFormat"": ""iso""}"
7f69521a8ff457fb7d8748dd09ccc727227bf59153071606ba0e812230d9a1dd,2024-08-31T06:00:00Z,,oddsapi/hist_events,1,"{""date"": ""2024-08-31T06:00:00Z"", ""dateFormat"": ""iso""}"
37dc7780f02de865c8596e5a3408be2032febd175c141b17977cb0f8cedb35ad,2024-09-02T06:00:00Z,,oddsapi/hist_events,1,"{""date"": ""2024-09-02T06:00:00Z"", ""dateFormat"": ""iso""}"
91baf2f2cfde66df5061573c109f92649e507ffb3f847203a6e807650f249ebb,2024-09-04T06:00:00Z,,oddsapi/hist_events,1,"{""date"": ""2024-09-04T06:00:00Z"", ""dateFormat"": ""iso""}"
903b139915a0193ac9f8e148d601d20dc3c904829de3d3dc401b86e1c0bb0c05,2024-09-06T06:00:00Z,,oddsapi/hist_events,1,"{""date"": ""2024-09-06T06:00:00Z"", ""dateFormat"": ""iso""}"
54d0571eb0b995758d1e6538033a4aa5ec3fa984d7b7066619d05f209ccca7bc,2024-09-08T06:00:00Z,,oddsapi/hist_events,1,"{""date"": ""2024-09-08T06:00:00Z"", ""dateFormat"": ""iso""}"
ce3b1d4481c818a1964d4c9bbaf7aa57664c146ef337681034ba40c24e1e3911,2024-09-10T06:00:00Z,,oddsapi/hist_events,1,"{""date"": ""2024-09-10T06:00:00Z"", ""dateFormat"": ""iso""}"
284c137f88ea9e72d70179eb804771ca229e84827aea5ace53a2b21e62bb5117,2024-09-12T06:00:00Z,,oddsapi/hist_events,1,"{""date"": ""2024-09-12T06:00:00Z"", ""dateFormat"": ""iso""}"
86a15d905818b3adc408be55ce032a88079067c2c202dde01dddcc3f6ccbb609,2024-09-14T06:00:00Z,,oddsapi/hist_events,1,"{""date"": ""2024-09-14T06:00:00Z"", ""dateFormat"": ""iso""}"
0a17cddcceea0b1e1afdb54332e90cc58b33e7fed96d77912c532830b79f703a,2024-09-16T06:00:00Z,,oddsapi/hist_events,1,"{""date"": ""2024-09-16T06:00:00Z"", ""dateFormat"": ""iso""}"
7cc5ea136eb3c20ec1717c1ca73bb0b50b86bbb9062fcc75cd530482021ff658,2024-09-18T06:00:00Z,,oddsapi/hist_events,1,"{""date"": ""2024-09-18T06:00:00Z"", ""dateFormat"": ""iso""}"
dbcda0fd60ecca72ce07faf6ca6f1c118fe0ec8a90ef1d02860ade0b0bc6b84d,2024-09-20T06:00:00Z,,oddsapi/hist_events,1,"{""date"": ""2024-09-20T06:00:00Z"", ""dateFormat"": ""iso""}"
11334b3a80ff2671d7cd86cfa68d7dfd14006f1fc277bfe301bcb86f22acbf83,2024-09-22T06:00:00Z,,oddsapi/hist_events,1,"{""date"": ""2024-09-22T06:00:00Z"", ""dateFormat"": ""iso""}"
6001a74e3a2796be1e358aefb67e1241e7ac26beb727ec86b06d3e5c591973ba,2024-09-24T06:00:00Z,,oddsapi/hist_events,1,"{""date"": ""2024-09-24T06:00:00Z"", ""dateFormat"": ""iso""}"
7353c903f38f31a4a7a187c7f4da8c5a20763ba6a0a4443bc364dc50638911f1,2024-09-26T06:00:00Z,,oddsapi/hist_events,1,"{""date"": ""2024-09-26T06:00:00Z"", ""dateFormat"": ""iso""}"
26bec6656ca0385fd15a49e9ab6065f241e8246bcda523efa9e0314bbdf8148f,2024-09-28T06:00:00Z,,oddsapi/hist_events,1,"{""date"": ""2024-09-28T06:00:00Z"", ""dateFormat"": ""iso""}"
518f90210e1e5965589be82da09bbe229d5bb1cf2adcede705e0fa34471df69c,2024-09-30T06:00:00Z,,oddsapi/hist_events,1,"{""date"": ""2024-09-30T06:00:00Z"", ""dateFormat"": ""iso""}"
8746635a39a6b346e89785ed9d6d7bdf759fd894e92e933c2c700d3557251548,2024-10-02T06:00:00Z,,oddsapi/hist_events,1,"{""date"": ""2024-10-02T06:00:00Z"", ""dateFormat"": ""iso""}"
85b4cd90161bf4138e1d1ba3aeef617ab9f55c7ace668c11c522be35f39ec739,2024-10-04T06:00:00Z,,oddsapi/hist_events,1,"{""date"": ""2024-10-04T06:00:00Z"", ""dateFormat"": ""iso""}"
501ebed6d7ac0c1177b8635f448ce0b987ab52dbd5ef97ff746dffcbcf535707,2024-10-06T06:00:00Z,,oddsapi/hist_events,1,"{""date"": ""2024-10-06T06:00:00Z"", ""dateFormat"": ""iso""}"
f744526f04f8f2dbd9b7698d58696baf5b0164e68da5c2d5eedd871612febb86,2024-10-08T06:00:00Z,,oddsapi/hist_events,1,"{""date"": ""2024-10-08T06:00:00Z"", ""dateFormat"": ""iso""}"
6b89acae15574482ce5b52764fbcd2f9d8e392f540efc84deb9f2f9e2eb25a84,2024-10-10T06:00:00Z,,oddsapi/hist_events,1,"{""date"": ""2024-10-10T06:00:00Z"", ""dateFormat"": ""iso""}"
eb493a0a6e4454742abd290bb538eed8d621b49d0b8c72bcafc578c31cef134e,2024-10-12T06:00:00Z,,oddsapi/hist_events,1,"{""date"": ""2024-10-12T06:00:00Z"", ""dateFormat"": ""iso""}"
d434606d44cf12aa0a82465b8086ee5ddff3281f7cbec21fdf1eace85a22d2ab,2024-10-14T06:00:00Z,,oddsapi/hist_events,1,"{""date"": ""2024-10-14T06:00:00Z"", ""dateFormat"": ""iso""}"
3bdcb40c9e8b1c7686bebd96075d703285733467e6d59c2d506bfd054fac0b06,2024-10-16T06:00:00Z,,oddsapi/hist_events,1,"{""date"": ""2024-10-16T06:00:00Z"", ""dateFormat"": ""iso""}"
2189144154de3353495d5a6f5096e911771375706b38abf21950e3e90f2fdf3b,2024-10-18T06:00:00Z,,oddsapi/hist_events,1,"{""date"": ""2024-10-18T06:00:00Z"", ""dateFormat"": ""iso""}"
e234b402ab42f1f64a0430fd29e88972ccfd1c1ea0c1f8813284c87031d4c812,2024-10-20T06:00:00Z,,oddsapi/hist_events,1,"{""date"": ""2024-10-20T06:00:00Z"", ""dateFormat"": ""iso""}"
5f67052f53f05b150f96be9befa9533394f1a1d8e729e0be34217e4e307b50ca,2024-10-22T06:00:00Z,,oddsapi/hist_events,1,"{""date"": ""2024-10-22T06:00:00Z"", ""dateFormat"": ""iso""}"
49bbda69b42e1c82e75d424051b6b7fa759d48f7902637e2fb12f2c3fbb0fe55,2024-10-24T06:00:00Z,,oddsapi/hist_events,1,"{""date"": ""2024-10-24T06:00:00Z"", ""dateFormat"": ""iso""}"
ddfc6c5e53c6f14a4454a3f350b6b8d073080cafdf178da890e2b4b4ad1a237c,2024-10-26T06:00:00Z,,oddsapi/hist_events,1,"{""date"": ""2024-10-26T06:00:00Z"", ""dateFormat"": ""iso""}"
a984ffaa89eecd757c98a018dfc18993c87c18051f33573634dfcbbbef9344dd,2024-10-28T06:00:00Z,,oddsapi/hist_events,1,"{""date"": ""2024-10-28T06:00:00Z"", ""dateFormat"": ""iso""}"
6f9fedeced6b7e4496aa1f169ffe754db04a33d00897834ca5b19059494327b9,2024-10-30T06:00:00Z,,oddsapi/hist_events,1,"{""date"": ""2024-10-30T06:00:00Z"", ""dateFormat"": ""iso""}"
dc2b3e1428a5604f4f5e7eb668c025149debeddc2ef3ff2788e12d272cba1818,2024-11-01T06:00:00Z,,oddsapi/hist_events,1,"{""date"": ""2024-11-01T06:00:00Z"", ""dateFormat"": ""iso""}"
8b27e66bb981451bc5a8db71da70677cbec52ea510e6c3c5f2379f53e067af24,2024-11-03T06:00:00Z,,oddsapi/hist_events,1,"{""date"": ""2024-11-03T06:00:00Z"", ""dateFormat"": ""iso""}"
abd583c7eff0ab96a3bca6425551e5ed8b6e8104535361c012cde0262aeff827,2024-11-05T06:00:00Z,,oddsapi/hist_events,1,"{""date"": ""2024-11-05T06:00:00Z"", ""dateFormat"": ""iso""}"
13880a77ba7e8cef6174c6bdc8a4ae3e154e205efa4f5cd4bce5f4bdd225359a,2024-11-07T06:00:00Z,,oddsapi/hist_events,1,"{""date"": ""2024-11-07T06:00:00Z"", ""dateFormat"": ""iso""}"
ba505f3fbedee8ce62511198ca37d8ce0fb20e38106206d3d0e613e108aed081,2024-11-09T06:00:00Z,,oddsapi/hist_events,1,"{""date"": ""2024-11-09T06:00:00Z"", ""dateFormat"": ""iso""}"
ba9fb8d2c40c3d158a8378ebfcf9825f26aee64454a77cbf84db9b6a150d30a6,2024-11-11T06:00:00Z,,oddsapi/hist_events,1,"{""date"": ""2024-11-11T06:00:00Z"", ""dateFormat"": ""iso""}"
677e08859fa26eedff7a94ddaf92a27cb4291f138116aa66dd25662c0328bd5f,2024-11-13T06:00:00Z,,oddsapi/hist_events,1,"{""date"": ""2024-11-13T06:00:00Z"", ""dateFormat"": ""iso""}"
987e08b051f4e99fc12119f5699a011eac2e03fc031d2a1d872dc3b1df868d90,2024-11-15T06:00:00Z,,oddsapi/hist_events,1,"{""date"": ""2024-11-15T06:00:00Z"", ""dateFormat"": ""iso""}"
fa82ee0daa9c5713b0bcd64613fd3b3626ac8bee644f298c5e8cf6f1f10a186d,2024-11-17T06:00:00Z,,oddsapi/hist_events,1,"{""date"": ""2024-11-17T06:00:00Z"", ""dateFormat"": ""iso""}"
1a0a9d0999118d8d94bb1a5311258464536e90f79987413c8fb0721bdd81e1ae,2024-11-19T06:00:00Z,,oddsapi/hist_events,1,"{""date"": ""2024-11-19T06:00:00Z"", ""dateFormat"": ""iso""}"
d8de847511d58d0c2221f4e4cd09042c9ce57ceecfc3337e4fe05ffd06eced50,2024-11-21T06:00:00Z,,oddsapi/hist_events,1,"{""date"": ""2024-11-21T06:00:00Z"", ""dateFormat"": ""iso""}"
f8d2196057aee343a005a3f1d6b8dba62a5527c65b307b73825a1f166b63c316,2024-11-23T06:00:00Z,,oddsapi/hist_events,1,"{""date"": ""2024-11-23T06:00:00Z"", ""dateFormat"": ""iso""}"
6429a987008c0a4886c0182c681d23f13fd2623e17b29c61da890cd0059e5f93,2024-11-25T06:00:00Z,,oddsapi/hist_events,1,"{""date"": ""2024-11-25T06:00:00Z"", ""dateFormat"": ""iso""}"
73914fa36897bf29242f2ceceab674ce29af7c405c8e369a93a96ca015c6a2af,2024-11-27T06:00:00Z,,oddsapi/hist_events,1,"{""date"": ""2024-11-27T06:00:00Z"", ""dateFormat"": ""iso""}"
08d9ffe72027970879603d986290fbbdb450321f210823e4e617f363f4b142d5,2024-11-29T06:00:00Z,,oddsapi/hist_events,1,"{""date"": ""2024-11-29T06:00:00Z"", ""dateFormat"": ""iso""}"
225c15faf163d12c0b2b5864b733d891fbd169014c288977846324a8eb6996b8,2024-12-01T06:00:00Z,,oddsapi/hist_events,1,"{""date"": ""2024-12-01T06:00:00Z"", ""dateFormat"": ""iso""}"
acc7ff83617b2e6d21f40078102f3eab07ee157d68f4c292ea3e454ffa496b98,2024-12-03T06:00:00Z,,oddsapi/hist_events,1,"{""date"": ""2024-12-03T06:00:00Z"", ""dateFormat"": ""iso""}"
9a4cfe4e38383552fe1d844500f34e21993f2b99b969dd55d830310926222c89,2024-12-05T06:00:00Z,,oddsapi/hist_events,1,"{""date"": ""2024-12-05T06:00:00Z"", ""dateFormat"": ""iso""}"
a1c42e601db7773339a83a9151a6eef0704fd7c2aabb0c5f42baec2a6e0e5109,2024-12-07T06:00:00Z,,oddsapi/hist_events,1,"{""date"": ""2024-12-07T06:00:00Z"", ""dateFormat"": ""iso""}"
5592a1d90f70175d03ad6aabed9d053d7dea22059e66b1c17f2177d11f9a8c98,2024-12-09T06:00:00Z,,oddsapi/hist_events,1,"{""date"": ""2024-12-09T06:00:00Z"", ""dateFormat"": ""iso""}"
4aa9ea126f9180e4a78263661bd82554315b806f8f2a5f0fef85d68eb3ce6659,2024-12-11T06:00:00Z,,oddsapi/hist_events,1,"{""date"": ""2024-12-11T06:00:00Z"", ""dateFormat"": ""iso""}"
3aea3e9180ca110c434a3323f9bae5506be4c4d748651de1a86fa997420f4cc7,2024-12-13T06:00:00Z,,oddsapi/hist_events,1,"{""date"": ""2024-12-13T06:00:00Z"", ""dateFormat"": ""iso""}"
f19dc627e025bc167e66411b324e54e5e486158fefd9a8a427905f89fa91fbaf,2024-12-15T06:00:00Z,,oddsapi/hist_events,1,"{""date"": ""2024-12-15T06:00:00Z"", ""dateFormat"": ""iso""}"
aaa6f9d5bc925ab7c19ce189447b76acf0a389a243990cdcdfc9251b32c9ec5b,2024-12-17T06:00:00Z,,oddsapi/hist_events,1,"{""date"": ""2024-12-17T06:00:00Z"", ""dateFormat"": ""iso""}"
d35c23f5e6b1639c8c247964c978cb55d885eb9ee476b9ce3e63b2adcbe8316b,2024-12-19T06:00:00Z,,oddsapi/hist_events,1,"{""date"": ""2024-12-19T06:00:00Z"", ""dateFormat"": ""iso""}"
5b5c65870af6bddf444d0aee53d403dad3a9856f46c497acdb6dd0166707655a,2024-12-21T06:00:00Z,,oddsapi/hist_events,1,"{""date"": ""2024-12-21T06:00:00Z"", ""dateFormat"": ""iso""}"
b6d9cc7f0f107bc8c5ce37e9d8cb6e487e9dc8cdde3f11b2091f71111aa0c136,2024-12-23T06:00:00Z,,oddsapi/hist_events,1,"{""date"": ""2024-12-23T06:00:00Z"", ""dateFormat"": ""iso""}"
1bb5787c0df6cf383078a6233e0b9a3c883e6d8c43163083c4f78c9d81a38452,2024-12-25T06:00:00Z,,oddsapi/hist_events,1,"{""date"": ""2024-12-25T06:00:00Z"", ""dateFormat"": ""iso""}"
437f72ad7b08065981aacb3cc259f9cda65907e96e269db1c466e4393946551e,2024-12-27T06:00:00Z,,oddsapi/hist_events,1,"{""date"": ""2024-12-27T06:00:00Z"", ""dateFormat"": ""iso""}"
bb71f8e7969461278cd9cbccdb78aeb99cc8a08212afdf0fd552588a0ebdad44,2024-12-29T06:00:00Z,,oddsapi/hist_events,1,"{""date"": ""2024-12-29T06:00:00Z"", ""dateFormat"": ""iso""}"
eab9097a7cfc4b9efb815314e9945d5778bf1bf3132b6fc01373dcb4b681eb0c,2024-12-31T06:00:00Z,,oddsapi/hist_events,1,"{""date"": ""2024-12-31T06:00:00Z"", ""dateFormat"": ""iso""}"
01eee071e89a52f95977245b55ac60c0122317be542c9d5cc994508b18648d75,2025-01-02T06:00:00Z,,oddsapi/hist_events,1,"{""date"": ""2025-01-02T06:00:00Z"", ""dateFormat"": ""iso""}"
cde739b496fe99c1d26dedb8cc0814efd7c7ec04ebb86f40d2c44a59e5dd3bf3,2025-01-04T06:00:00Z,,oddsapi/hist_events,1,"{""date"": ""2025-01-04T06:00:00Z"", ""dateFormat"": ""iso""}"
2828265be9e6a9dcc7baa79f435d2c7851b0640699314ba8387d19bd51dee2e4,2025-01-06T06:00:00Z,,oddsapi/hist_events,1,"{""date"": ""2025-01-06T06:00:00Z"", ""dateFormat"": ""iso""}"
ded06a417bf72b19e8582c71288ff98624be5fa8d21858dccb9d798263e3db78,2025-01-08T06:00:00Z,,oddsapi/hist_events,1,"{""date"": ""2025-01-08T06:00:00Z"", ""dateFormat"": ""iso""}"
e1496ffaf454b82387e47588999c073fc95781b3982e8d060dc04d6e5a282df7,2025-01-10T06:00:00Z,,oddsapi/hist_events,1,"{""date"": ""2025-01-10T06:00:00Z"", ""dateFormat"": ""iso""}"
c21683c7a6c1b83c5f22e4f004e0d6512d837122c255245f0d9c11c3df90c50a,2025-01-12T06:00:00Z,,oddsapi/hist_events,1,"{""date"": ""2025-01-12T06:00:00Z"", ""dateFormat"": ""iso""}"
80e562f95d0d335cba767e37f07e7bdd8edeade639e392a9a8f96d8f9af98523,2025-01-14T06:00:00Z,,oddsapi/hist_events,1,"{""date"": ""2025-01-14T06:00:00Z"", ""dateFormat"": ""iso""}"
a23d4ef071a070bee18854a86eb3ada6200abdb21f7386073ded24852a0ac2b4,2025-01-16T06:00:00Z,,oddsapi/hist_events,1,"{""date"": ""2025-01-16T06:00:00Z"", ""dateFormat"": ""iso""}"
521e00f6ce1a814fe1e0559d2e9dcdd6fb472d0a6c10e931ca4d73f0f474417e,2025-01-18T06:00:00Z,,oddsapi/hist_events,1,"{""date"": ""2025-01-18T06:00:00Z"", ""dateFormat"": ""iso""}"
62567e2c25834a2a29c3ae23b8089769d08f4469015acf15b4a0da66a6e0658e,2025-01-20T06:00:00Z,,oddsapi/hist_events,1,"{""date"": ""2025-01-20T06:00:00Z"", ""dateFormat"": ""iso""}"
275a3af2135319d17a7cbe785e7c633645f321b9884698c2d15171ebf7f4c9f4,2025-01-22T06:00:00Z,,oddsapi/hist_events,1,"{""date"": ""2025-01-22T06:00:00Z"", ""dateFormat"": ""iso""}"
3a8b92328f0ef8e3e493f56261a6187e610ba7c52d68ac3235fd96fd63a0362f,2025-01-24T06:00:00Z,,oddsapi/hist_events,1,"{""date"": ""2025-01-24T06:00:00Z"", ""dateFormat"": ""iso""}"
058231de733dd573ac36921bd0502d3be4286f4078b08696d7d56e0cbe580a30,2025-01-26T06:00:00Z,,oddsapi/hist_events,1,"{""date"": ""2025-01-26T06:00:00Z"", ""dateFormat"": ""iso""}"
fa8fddd2e938fc3787146bdd83f71d327c9f506646a84a2cabc02c454d365b91,2025-01-27T06:00:00Z,,oddsapi/hist_events,1,"{""date"": ""2025-01-27T06:00:00Z"", ""dateFormat"": ""iso""}"
7726e73a5eb99efcc87cf81895e9cf91aba020fcefddc8e261f1cd8139ad3fee,2025-01-28T06:00:00Z,,oddsapi/hist_events,1,"{""date"": ""2025-01-28T06:00:00Z"", ""dateFormat"": ""iso""}"
be3162879229a698cc42e7075b289a8747252fcdd55cde94212826aeec5278d3,2025-01-29T06:00:00Z,,oddsapi/hist_events,1,"{""date"": ""2025-01-29T06:00:00Z"", ""dateFormat"": ""iso""}"
74e0ae7cfc2d356bbaa8f35d080caa8e0099308ece987645aea783e7cc74ba09,2025-01-30T06:00:00Z,,oddsapi/hist_events,1,"{""date"": ""2025-01-30T06:00:00Z"", ""dateFormat"": ""iso""}"
99947236d0e90850545ad8d8127db7682bf99af93e00a7c1416ba1d4b7db44af,2025-01-31T06:00:00Z,,oddsapi/hist_events,1,"{""date"": ""2025-01-31T06:00:00Z"", ""dateFormat"": ""iso""}"
41cee1af45e583df4e17eee2f5de1b898dbc85122fbf3b20ba6fcfb4c3f47802,2025-02-01T06:00:00Z,,oddsapi/hist_events,1,"{""date"": ""2025-02-01T06:00:00Z"", ""dateFormat"": ""iso""}"
1dbe7077356ebb4149c908d7c5c4ba2eb867caa54f60b5e81fd91da19b942539,2025-02-02T06:00:00Z,,oddsapi/hist_events,1,"{""date"": ""2025-02-02T06:00:00Z"", ""dateFormat"": ""iso""}"
1075eef021f08259d8d41a19c125c46873f1be4de12128a904690062de57322c,2025-02-03T06:00:00Z,,oddsapi/hist_events,1,"{""date"": ""2025-02-03T06:00:00Z"", ""dateFormat"": ""iso""}"
ee9c5c26dab98314db84a668fc4fd7a172e996590052f0b2c2bde82a7a695e17,2025-02-04T06:00:00Z,,oddsapi/hist_events,1,"{""date"": ""2025-02-04T06:00:00Z"", ""dateFormat"": ""iso""}"
880b6afa986719bf95a7db65a65d0752863e9382856145b115c00f82f8f4157e,2025-02-05T06:00:00Z,,oddsapi/hist_events,1,"{""date"": ""2025-02-05T06:00:00Z"", ""dateFormat"": ""iso""}"
eddf7bdff0154d3c331d09b3e1b792614fa8e0bc10608a71e9b1dd60d6c0ec5b,2025-02-06T06:00:00Z,,oddsapi/hist_events,1,"{""date"": ""2025-02-06T06:00:00Z"", ""dateFormat"": ""iso""}"
8de385f945106dae01e6105935dbfcb1f356eb7172a69257048ed297143172ed,2025-02-07T06:00:00Z,,oddsapi/hist_events,1,"{""date"": ""2025-02-07T06:00:00Z"", ""dateFormat"": ""iso""}"
e23d935f3d6048c1a0f98115a0d3745d9ae7bf6ac2401f9e7cacdfd2bf61f7b4,2025-02-08T06:00:00Z,,oddsapi/hist_events,1,"{""date"": ""2025-02-08T06:00:00Z"", ""dateFormat"": ""iso""}"
95f6f778b732450f0ec1a179d35ae0be056f4a634ec76eb858f97853283cd24c,2025-02-09T06:00:00Z,,oddsapi/hist_events,1,"{""date"": ""2025-02-09T06:00:00Z"", ""dateFormat"": ""iso""}"
ffa488d22804b4abf1753cbd0df666d4c7c669cf98c4d7b39209b3910103be3c,2025-02-10T06:00:00Z,,oddsapi/hist_events,1,"{""date"": ""2025-02-10T06:00:00Z"", ""dateFormat"": ""iso""}"
c26ffc59a48a07542ff5feb6bb60724c7e9783cd2aeba51f02cb94e0eb4c168f,2025-02-11T06:00:00Z,,oddsapi/hist_events,1,"{""date"": ""2025-02-11T06:00:00Z"", ""dateFormat"": ""iso""}"
c02a6f9fd88286c3d4fe49d149cd4db6c1575e98d37b3b5bde290e7b68b29f83,2025-02-12T06:00:00Z,,oddsapi/hist_events,1,"{""date"": ""2025-02-12T06:00:00Z"", ""dateFormat"": ""iso""}"
186b67c041db0ad8a8f5e925a51c79e48ab299620927fd64e6315c638d1585f5,2025-02-13T06:00:00Z,,oddsapi/hist_events,1,"{""date"": ""2025-02-13T06:00:00Z"", ""dateFormat"": ""iso""}"
8ef748e8960723639235a461e81e96b65f3302f25ecbe80848630432c60f1888,2025-02-14T06:00:00Z,,oddsapi/hist_events,1,"{""date"": ""2025-02-14T06:00:00Z"", ""dateFormat"": ""iso""}"
6e9414f5cb9a29c3adf0b9481b22ee6b7ea6daac3618483d3659d7e660582a49,2025-02-15T06:00:00Z,,oddsapi/hist_events,1,"{""date"": ""2025-02-15T06:00:00Z"", ""dateFormat"": ""iso""}"
a3f1f5cc2555cc74180aa52c14729bd7f86b98f56f8825be6654bae6fcace45f,2025-02-16T06:00:00Z,,oddsapi/hist_events,1,"{""date"": ""2025-02-16T06:00:00Z"", ""dateFormat"": ""iso""}"
957dded1e79c80d1c9b68526b397fa2e6728284d405c470084558d2f73e903b7,2025-02-17T06:00:00Z,,oddsapi/hist_events,1,"{""date"": ""2025-02-17T06:00:00Z"", ""dateFormat"": ""iso""}"
299f4a7c09d8c4c5d7dd5ea14413aa69760236e2a526a651ae2008f21c893840,2025-02-18T06:00:00Z,,oddsapi/hist_events,1,"{""date"": ""2025-02-18T06:00:00Z"", ""dateFormat"": ""iso""}"
f77b58a549f67458384a01ea1d75bd6e3537d8ef36796d58df0de1690bda613a,2025-02-19T06:00:00Z,,oddsapi/hist_events,1,"{""date"": ""2025-02-19T06:00:00Z"", ""dateFormat"": ""iso""}"
af2796223d39cac337b9314d0a9a81a4290640bbabad0fba5160cbf5bcde074a,2025-02-20T06:00:00Z,,oddsapi/hist_events,1,"{""date"": ""2025-02-20T06:00:00Z"", ""dateFormat"": ""iso""}"
9107126646fca989bbc7deea349eb3b7f5cc515410f05977c844054c3ce4b2d0,2025-02-21T06:00:00Z,,oddsapi/hist_events,1,"{""date"": ""2025-02-21T06:00:00Z"", ""dateFormat"": ""iso""}"
762ca8a4805e56a4d08b4e3f34f27b030061e495b28db508b728ac49790164bf,2025-02-22T06:00:00Z,,oddsapi/hist_events,1,"{""date"": ""2025-02-22T06:00:00Z"", ""dateFormat"": ""iso""}"
7525f01b16761495230b8ed54ba48344d54dfc0fa2e9ff305daacff173d08e16,2025-02-23T06:00:00Z,,oddsapi/hist_events,1,"{""date"": ""2025-02-23T06:00:00Z"", ""dateFormat"": ""iso""}"
4fcda23a719be08a0ba66fcee27bca771b8f8289bde537c5ae50631bbd566daf,2025-02-24T06:00:00Z,,oddsapi/hist_events,1,"{""date"": ""2025-02-24T06:00:00Z"", ""dateFormat"": ""iso""}"
6994c95846cd1971d32c6c54c7c8a2b923e51a52e15fb48a5d50846c095d32f9,2025-02-25T06:00:00Z,,oddsapi/hist_events,1,"{""date"": ""2025-02-25T06:00:00Z"", ""dateFormat"": ""iso""}"
af87453577fec5a508b297ad3bf413ac5193ccbb7362dc87c041f91636dd4038,2025-02-26T06:00:00Z,,oddsapi/hist_events,1,"{""date"": ""2025-02-26T06:00:00Z"", ""dateFormat"": ""iso""}"
5052918ca6097def80fc04cdbffad7b9a7d777dcf17f054155120cb29d073123,2025-02-27T06:00:00Z,,oddsapi/hist_events,1,"{""date"": ""2025-02-27T06:00:00Z"", ""dateFormat"": ""iso""}"
1dd18383e181150ba8b6540c24b3bce6e7f7014737c278e93326a4ed950e80dd,2025-02-28T06:00:00Z,,oddsapi/hist_events,1,"{""date"": ""2025-02-28T06:00:00Z"", ""dateFormat"": ""iso""}"
38ed84c4d29d2277a61510156d93266cb1e481afa98f671bf9d63a12479647ff,2025-03-01T06:00:00Z,,oddsapi/hist_events,1,"{""date"": ""2025-03-01T06:00:00Z"", ""dateFormat"": ""iso""}"
7b5ce7a0c7555c3eb3b0f3b2fe6a439f1e565bbedcaac7ea01d982f718f0e6d6,2025-03-02T06:00:00Z,,oddsapi/hist_events,1,"{""date"": ""2025-03-02T06:00:00Z"", ""dateFormat"": ""iso""}"
b1c0ebf16e40417633018719d4fa9685e9ee3df1226567555d3bcca09c77f6d2,2025-03-03T06:00:00Z,,oddsapi/hist_events,1,"{""date"": ""2025-03-03T06:00:00Z"", ""dateFormat"": ""iso""}"
4f99f3e2bcdac6b696eca7f98f56e2dda7b3bb7838e7d17ba2bfed9c9d0b7e82,2025-03-04T06:00:00Z,,oddsapi/hist_events,1,"{""date"": ""2025-03-04T06:00:00Z"", ""dateFormat"": ""iso""}"
67e1820fbf420b7d2d708b91083fa07f8b1959ef179991cc57caa47d2a849ae0,2025-03-05T06:00:00Z,,oddsapi/hist_events,1,"{""date"": ""2025-03-05T06:00:00Z"", ""dateFormat"": ""iso""}"
25c062a1b71c8226f2162bcac15f9479af8e426a3ebe20d7648206fad840e6bc,2025-03-06T06:00:00Z,,oddsapi/hist_events,1,"{""date"": ""2025-03-06T06:00:00Z"", ""dateFormat"": ""iso""}"
7a65ec927df9e137fe81966b4da7083442c34107894667e00bb0cfb80b4b1dad,2025-03-07T06:00:00Z,,oddsapi/hist_events,1,"{""date"": ""2025-03-07T06:00:00Z"", ""dateFormat"": ""iso""}"
29cc088e87938423b25d4867138c413b19ca0e5e30e4eb89e2150386e7f615ca,2025-03-08T06:00:00Z,,oddsapi/hist_events,1,"{""date"": ""2025-03-08T06:00:00Z"", ""dateFormat"": ""iso""}"
8987e71ca0fad879b10ba10d19d573b575a09752f6c5049e843419abd0b42a35,2025-03-09T06:00:00Z,,oddsapi/hist_events,1,"{""date"": ""2025-03-09T06:00:00Z"", ""dateFormat"": ""iso""}"
c497ac6ba159a3bc086df66b235e612be294cff203aa765835130dc865bfc6e7,2025-03-10T06:00:00Z,,oddsapi/hist_events,1,"{""date"": ""2025-03-10T06:00:00Z"", ""dateFormat"": ""iso""}"
3de57cec29e234e4473a6c7693570a2227287c4acca59e19d655802d4f5bf6df,2025-03-11T06:00:00Z,,oddsapi/hist_events,1,"{""date"": ""2025-03-11T06:00:00Z"", ""dateFormat"": ""iso""}"
0a84d265dbedc2dcd04fd2fb790cc7f9b07a6b01c5b28a63188064c341a380b1,2025-03-12T06:00:00Z,,oddsapi/hist_events,1,"{""date"": ""2025-03-12T06:00:00Z"", ""dateFormat"": ""iso""}"
b2993619e3fb75a825f8305af2e00ab5fa55d208dc54803a021a186b3f57f06e,2025-03-13T06:00:00Z,,oddsapi/hist_events,1,"{""date"": ""2025-03-13T06:00:00Z"", ""dateFormat"": ""iso""}"
93c646643ba9ece49f578235800946a02d0ce0ba497f79d226a1bda6580f45ec,2025-03-14T06:00:00Z,,oddsapi/hist_events,1,"{""date"": ""2025-03-14T06:00:00Z"", ""dateFormat"": ""iso""}"
449ff03538857e05cf2f83cd2bc1fca14ea519c1b31a037003ce6f3d18c1be11,2025-03-15T06:00:00Z,,oddsapi/hist_events,1,"{""date"": ""2025-03-15T06:00:00Z"", ""dateFormat"": ""iso""}"
d956382f96d322022bac3df37d9e9b77d48b9ac803d5d822c22a8704a193353a,2025-03-16T06:00:00Z,,oddsapi/hist_events,1,"{""date"": ""2025-03-16T06:00:00Z"", ""dateFormat"": ""iso""}"
748ac72123bef9658842f484772529a5765a9f540bfcc9ec4181ad117b553d96,2025-03-17T06:00:00Z,,oddsapi/hist_events,1,"{""date"": ""2025-03-17T06:00:00Z"", ""dateFormat"": ""iso""}"
aa4d5e46332fcf61157c7faa1b06278a8b6a1eac9885e97c2d71693488230128,2025-03-18T06:00:00Z,,oddsapi/hist_events,1,"{""date"": ""2025-03-18T06:00:00Z"", ""dateFormat"": ""iso""}"
3e7b771bd0af4c87035a327a9f816cec8d8be182257411c219554b2b7cb00814,2025-03-19T06:00:00Z,,oddsapi/hist_events,1,"{""date"": ""2025-03-19T06:00:00Z"", ""dateFormat"": ""iso""}"
ecba9112988013f122f70769b1dc530449147fc5b31924c4ddbe4f638be3d9cd,2025-03-20T06:00:00Z,,oddsapi/hist_events,1,"{""date"": ""2025-03-20T06:00:00Z"", ""dateFormat"": ""iso""}"
b67466abd10baa5b06175826daef6152e86b4b69295f743e91652e1cb0addccb,2025-03-21T06:00:00Z,,oddsapi/hist_events,1,"{""date"": ""2025-03-21T06:00:00Z"", ""dateFormat"": ""iso""}"
301bd297f52c13f3fa812195642d993b3189278a381106eb868a017b6ae29046,2025-03-22T06:00:00Z,,oddsapi/hist_events,1,"{""date"": ""2025-03-22T06:00:00Z"", ""dateFormat"": ""iso""}"
62098d8fc940fd13029448624158416142ab6d8bd753102359b149c3a3617b53,2025-03-23T06:00:00Z,,oddsapi/hist_events,1,"{""date"": ""2025-03-23T06:00:00Z"", ""dateFormat"": ""iso""}"
f258996d10ab650482ffa62b95f88a736a23f968269d79688adff21dc5605b44,2025-03-24T06:00:00Z,,oddsapi/hist_events,1,"{""date"": ""2025-03-24T06:00:00Z"", ""dateFormat"": ""iso""}"
23c70296a60a259ef9ec9f8383597dc5356f8753c4d1d637b313c1fb7036b8b7,2025-03-25T06:00:00Z,,oddsapi/hist_events,1,"{""date"": ""2025-03-25T06:00:00Z"", ""dateFormat"": ""iso""}"
35916f9f01ab3fb507450d8023ffe69b20169a9e1364660c5e8ba938e3229764,2025-03-26T06:00:00Z,,oddsapi/hist_events,1,"{""date"": ""2025-03-26T06:00:00Z"", ""dateFormat"": ""iso""}"
b9c41a4d34455206a1e48de97563b2be443f3570871df8f0289909de8ca2cf46,2025-03-27T06:00:00Z,,oddsapi/hist_events,1,"{""date"": ""2025-03-27T06:00:00Z"", ""dateFormat"": ""iso""}"
9e102af2ab89e930ea73d58713d10c2d835dd15dee524b6106c2cad63db52f8d,2025-03-28T06:00:00Z,,oddsapi/hist_events,1,"{""date"": ""2025-03-28T06:00:00Z"", ""dateFormat"": ""iso""}"
9d65d9b2c8ae8a7d7d05618865e6f5d43c51c2d44a059a5b92daff16b5a8f77f,2025-03-29T06:00:00Z,,oddsapi/hist_events,1,"{""date"": ""2025-03-29T06:00:00Z"", ""dateFormat"": ""iso""}"
0fd5de6fc2f5b7d0946deecb474057ed21b3429cd45f8a9eb6be48bf3e785b51,2025-03-30T06:00:00Z,,oddsapi/hist_events,1,"{""date"": ""2025-03-30T06:00:00Z"", ""dateFormat"": ""iso""}"
1a2bdabc46414a00ac1f204de8ecb74af6fc745e3e93385d2e74f7ac9cdfef56,2025-03-31T06:00:00Z,,oddsapi/hist_events,1,"{""date"": ""2025-03-31T06:00:00Z"", ""dateFormat"": ""iso""}"
6c6a957b33dbb2340c1bd5f7ff5a4dd24b72f08bacfa09ba6a62e3563fff0205,2025-04-01T06:00:00Z,,oddsapi/hist_events,1,"{""date"": ""2025-04-01T06:00:00Z"", ""dateFormat"": ""iso""}"
9f954c35a1c074132c41f995f275de7b3a065045dd0631cd96ac0fc7690157ba,2025-04-02T06:00:00Z,,oddsapi/hist_events,1,"{""date"": ""2025-04-02T06:00:00Z"", ""dateFormat"": ""iso""}"
067a938a9fd550c9c67c8d6f130ac61f5e0c6ee3c90d321c59660329aa16518b,2025-04-03T06:00:00Z,,oddsapi/hist_events,1,"{""date"": ""2025-04-03T06:00:00Z"", ""dateFormat"": ""iso""}"
7b54330a2df2380b66185af96e2bc256a2924205d5e55ca66f4d1085ed4f399b,2025-04-04T06:00:00Z,,oddsapi/hist_events,1,"{""date"": ""2025-04-04T06:00:00Z"", ""dateFormat"": ""iso""}"
63afb65bd30575a20e10520a85f00744a5958204ffa0624fc0442d695d78ada1,2025-04-05T06:00:00Z,,oddsapi/hist_events,1,"{""date"": ""2025-04-05T06:00:00Z"", ""dateFormat"": ""iso""}"
207eb0ca3463e6ed9e5f8d270fa81e67201cdb83268008c4397c3f973b5c234f,2025-04-06T06:00:00Z,,oddsapi/hist_events,1,"{""date"": ""2025-04-06T06:00:00Z"", ""dateFormat"": ""iso""}"
7d553a9f8d4f19e6d4cc3392c034f1988bec0189845c4d275fdc783d576743d9,2025-04-07T06:00:00Z,,oddsapi/hist_events,1,"{""date"": ""2025-04-07T06:00:00Z"", ""dateFormat"": ""iso""}"
0a768099a01dd63655c8f2a94f8cb50a7368a66af2346c91fb9e7d0147bf4e46,2025-04-08T06:00:00Z,,oddsapi/hist_events,1,"{""date"": ""2025-04-08T06:00:00Z"", ""dateFormat"": ""iso""}"
9e4a551d11fc575bc793729aadc36532a180040a40e8ffcceb5602c4deee8256,2025-04-09T06:00:00Z,,oddsapi/hist_events,1,"{""date"": ""2025-04-09T06:00:00Z"", ""dateFormat"": ""iso""}"
26be3cfbb9560004c9e51735614d00f1eb6c6ca4dc432046380d6f92e98b8f8d,2025-04-10T06:00:00Z,,oddsapi/hist_events,1,"{""date"": ""2025-04-10T06:00:00Z"", ""dateFormat"": ""iso""}"
e8882b574a99b554266e0092fb4c76dde33505f3741daac0504e40b2868fe99f,2025-04-11T06:00:00Z,,oddsapi/hist_events,1,"{""date"": ""2025-04-11T06:00:00Z"", ""dateFormat"": ""iso""}"
04085c0ad31075db002972f57d4e9e999379367fe26d4026ad12d9e64cedc645,2025-04-12T06:00:00Z,,oddsapi/hist_events,1,"{""date"": ""2025-04-12T06:00:00Z"", ""dateFormat"": ""iso""}"
bd10b861a25cc2d8a13a7598b8362c4db43f349f1890f88b4ac3f703c6cf4c26,2025-04-13T06:00:00Z,,oddsapi/hist_events,1,"{""date"": ""2025-04-13T06:00:00Z"", ""dateFormat"": ""iso""}"
c9bcb456458a426326af57f3a1f270f8e9c9283c4ccc6152b3bbe41240cc3cc5,2025-04-14T06:00:00Z,,oddsapi/hist_events,1,"{""date"": ""2025-04-14T06:00:00Z"", ""dateFormat"": ""iso""}"
008fc160fa5b4a1873bccbbf85f630712a0747e093c7b3ea57359f9e95f1cd81,2025-04-15T06:00:00Z,,oddsapi/hist_events,1,"{""date"": ""2025-04-15T06:00:00Z"", ""dateFormat"": ""iso""}"
7809c44d5cef150d621601441bfe5331ea741887a2d5894b309fd3f1148cc287,2025-04-16T06:00:00Z,,oddsapi/hist_events,1,"{""date"": ""2025-04-16T06:00:00Z"", ""dateFormat"": ""iso""}"
323cd9e326e301bc8efba4c1ba0053e15eb8668bc9bac16783fdf1764825dcfa,2025-04-17T06:00:00Z,,oddsapi/hist_events,1,"{""date"": ""2025-04-17T06:00:00Z"", ""dateFormat"": ""iso""}"
d83637895248ef2474b351e37e169df5c09250f85c3832eeb07d77d5a73c6d3b,2025-04-18T06:00:00Z,,oddsapi/hist_events,1,"{""date"": ""2025-04-18T06:00:00Z"", ""dateFormat"": ""iso""}"
d13a42456632b7801e2a5ee1286be8c729a4703e395c8dc423b42537d64be501,2025-04-19T06:00:00Z,,oddsapi/hist_events,1,"{""date"": ""2025-04-19T06:00:00Z"", ""dateFormat"": ""iso""}"
8dd5680e9087727e6f37c35f0b8a218ed49c3489c00e071766ecf24b8d2c977a,2025-04-20T06:00:00Z,,oddsapi/hist_events,1,"{""date"": ""2025-04-20T06:00:00Z"", ""dateFormat"": ""iso""}"
98993f77919c8ae3a612cbd725eecf8d702a1e802dfb3c241381d444ef1a614d,2025-04-21T06:00:00Z,,oddsapi/hist_events,1,"{""date"": ""2025-04-21T06:00:00Z"", ""dateFormat"": ""iso""}"
c1c92c56fae7d48aa9406a908e195a4f930e5317143d771367492676ea60683d,2025-04-22T06:00:00Z,,oddsapi/hist_events,1,"{""date"": ""2025-04-22T06:00:00Z"", ""dateFormat"": ""iso""}"
01e0c3c9247f79ae54658d0f18a87a7855ce67b2df618656db3346fa5ff934ab,2025-04-23T06:00:00Z,,oddsapi/hist_events,1,"{""date"": ""2025-04-23T06:00:00Z"", ""dateFormat"": ""iso""}"
6ffe76c2a5f959ce6c50a8b54fd679510812a180d1b9dbd744e8627ddc83c0de,2025-04-24T06:00:00Z,,oddsapi/hist_events,1,"{""date"": ""2025-04-24T06:00:00Z"", ""dateFormat"": ""iso""}"
2a480f5b088b2581b7ab345b529ec9273f7de0f36c48ffcab73ffff6c3b7e05b,2025-04-25T06:00:00Z,,oddsapi/hist_events,1,"{""date"": ""2025-04-25T06:00:00Z"", ""dateFormat"": ""iso""}"
b1186fedd5ef1e648a15be3710d295400404e70ee0cbde45c3409dc3f467b019,2025-04-26T06:00:00Z,,oddsapi/hist_events,1,"{""date"": ""2025-04-26T06:00:00Z"", ""dateFormat"": ""iso""}"
f70ceb8b2392c4df16af0d6796ddc56ebc793882863c7ed64a7c64f0ccc04bf6,2025-04-27T06:00:00Z,,oddsapi/hist_events,1,"{""date"": ""2025-04-27T06:00:00Z"", ""dateFormat"": ""iso""}"
b001095a0fcc9444413e8903dc477326b8bdbf99f47d6cffd59e7bfa2e99a6f1,2025-04-28T06:00:00Z,,oddsapi/hist_events,1,"{""date"": ""2025-04-28T06:00:00Z"", ""dateFormat"": ""iso""}"
f6fe91e9957abdf2adebb47d18735c32e9284f0fd048b00d608139a2286c5ed4,2025-04-29T06:00:00Z,,oddsapi/hist_events,1,"{""date"": ""2025-04-29T06:00:00Z"", ""dateFormat"": ""iso""}"
56dfc449c8dced5102f7efd66085dd93a203dc47689efaf4c9c3a7d5289f2d4c,2025-04-30T06:00:00Z,,oddsapi/hist_events,1,"{""date"": ""2025-04-30T06:00:00Z"", ""dateFormat"": ""iso""}"
a60e1c1317e5a4eeee6fe759b249ab4c8cf926a61cebd251379c628c481bf19c,2025-05-01T06:00:00Z,,oddsapi/hist_events,1,"{""date"": ""2025-05-01T06:00:00Z"", ""dateFormat"": ""iso""}"
825ef053a0b3d3cfdadeb7b4f7cb4474424622798964429c6d7815c578059f2f,2025-05-02T06:00:00Z,,oddsapi/hist_events,1,"{""date"": ""2025-05-02T06:00:00Z"", ""dateFormat"": ""iso""}"
e3e09679cd387be2bfbb971615a3c7ded84ed99b6c1001af5d61d234cdfa98fc,2025-05-03T06:00:00Z,,oddsapi/hist_events,1,"{""date"": ""2025-05-03T06:00:00Z"", ""dateFormat"": ""iso""}"
e8e6e4fa45155c2bac78623285d3bf1de6756f912a0f4ac0e11cfdb238bcc3f7,2025-05-04T06:00:00Z,,oddsapi/hist_events,1,"{""date"": ""2025-05-04T06:00:00Z"", ""dateFormat"": ""iso""}"
4b72c78868c462045b7be27aefe128baae001bfdf7e86e118c493ee456f70879,2025-05-05T06:00:00Z,,oddsapi/hist_events,1,"{""date"": ""2025-05-05T06:00:00Z"", ""dateFormat"": ""iso""}"
5f3d506fc2c0158388498f164f009a691013e72a0bccf12d75f8e07b19875c3c,2025-05-06T06:00:00Z,,oddsapi/hist_events,1,"{""date"": ""2025-05-06T06:00:00Z"", ""dateFormat"": ""iso""}"
e2d5344a30e70ad5dd30c6f38594abde49e99a336bdccf8b666bd6ffe0f7cee1,2025-05-07T06:00:00Z,,oddsapi/hist_events,1,"{""date"": ""2025-05-07T06:00:00Z"", ""dateFormat"": ""iso""}"
31435a205d297726de0ba0036f0e62b8c06e2c8e5de58429a948a57b8da2d3e0,2025-05-08T06:00:00Z,,oddsapi/hist_events,1,"{""date"": ""2025-05-08T06:00:00Z"", ""dateFormat"": ""iso""}"
b3d5829686b288a52e36b0259a2c41e380bea2b31f3af245490e429088f94737,2025-05-09T06:00:00Z,,oddsapi/hist_events,1,"{""date"": ""2025-05-09T06:00:00Z"", ""dateFormat"": ""iso""}"
8dc1a168ccd079b167440c9a8a6d9b5074243f55643b0a90457d187c45bc2e12,2025-05-10T06:00:00Z,,oddsapi/hist_events,1,"{""date"": ""2025-05-10T06:00:00Z"", ""dateFormat"": ""iso""}"
7d92cd98c53d91cc89d62f656dfc1b597a851e301f2c23a7e54a59bdc3792739,2025-05-11T06:00:00Z,,oddsapi/hist_events,1,"{""date"": ""2025-05-11T06:00:00Z"", ""dateFormat"": ""iso""}"
623c58f866b9ec69c3c80d362f7c845499dbbc0157981322dcc71413faee2eb6,2025-05-12T06:00:00Z,,oddsapi/hist_events,1,"{""date"": ""2025-05-12T06:00:00Z"", ""dateFormat"": ""iso""}"
f93a6367d1e8fb6347bb188eb06b23233691eb8f3bbb728d364d98bdd0d00177,2025-05-13T06:00:00Z,,oddsapi/hist_events,1,"{""date"": ""2025-05-13T06:00:00Z"", ""dateFormat"": ""iso""}"
e14ad99c457d303d8ba81553bf59561dfe701bbfcf77c706cf47e65987bbf983,2025-05-14T06:00:00Z,,oddsapi/hist_events,1,"{""date"": ""2025-05-14T06:00:00Z"", ""dateFormat"": ""iso""}"
5ada35d365f5736ed66b6f8828efecffd8b18ec1cd931d5e467604c4ab16d88e,2025-05-15T06:00:00Z,,oddsapi/hist_events,1,"{""date"": ""2025-05-15T06:00:00Z"", ""dateFormat"": ""iso""}"
13c32ebb98b746cfdb6953d03b6e1e394e5a25a2b80ac2826de19a877a05230e,2025-05-16T06:00:00Z,,oddsapi/hist_events,1,"{""date"": ""2025-05-16T06:00:00Z"", ""dateFormat"": ""iso""}"
88201fdec6a3da3a3f8696873c90aba67585401a51e519ed9a131324b006eb03,2025-05-17T06:00:00Z,,oddsapi/hist_events,1,"{""date"": ""2025-05-17T06:00:00Z"", ""dateFormat"": ""iso""}"
aba9a6b853839b71a3a68213029168f0cf5351126d4fdef77470aee9e68eb943,2025-05-18T06:00:00Z,,oddsapi/hist_events,1,"{""date"": ""2025-05-18T06:00:00Z"", ""dateFormat"": ""iso""}"
ab384d208292876fcbe614d223893b392ed2b3d2b0fca39fdc849ed15ef9db0b,2025-05-19T06:00:00Z,,oddsapi/hist_events,1,"{""date"": ""2025-05-19T06:00:00Z"", ""dateFormat"": ""iso""}"
86b7bc1b939b41fe6c1785f74aec5b333dea7ccd2e5cb657b399d1306013da3c,2025-05-20T06:00:00Z,,oddsapi/hist_events,1,"{""date"": ""2025-05-20T06:00:00Z"", ""dateFormat"": ""iso""}"
0bddacddb40320eddbf2820d0c14cc0d97e3a5551fe044056583a572c603b6f2,2025-05-21T06:00:00Z,,oddsapi/hist_events,1,"{""date"": ""2025-05-21T06:00:00Z"", ""dateFormat"": ""iso""}"
9bce253e0405ae43b2d7e795021409bb177ba37af2b1ddab0b6f57bfff00b65b,2025-05-22T06:00:00Z,,oddsapi/hist_events,1,"{""date"": ""2025-05-22T06:00:00Z"", ""dateFormat"": ""iso""}"
a9db7e147e7a3ff55d041298b60e5fb6fe5601546995c285b42971ffda5248e7,2025-05-23T06:00:00Z,,oddsapi/hist_events,1,"{""date"": ""2025-05-23T06:00:00Z"", ""dateFormat"": ""iso""}"
dece98369462a22ae29362949a880d3c8985d1e5bcf56a509c423f622e45e466,2025-05-24T06:00:00Z,,oddsapi/hist_events,1,"{""date"": ""2025-05-24T06:00:00Z"", ""dateFormat"": ""iso""}"
348e59ceca394cb2dd115b798c8ba7ce405d518662376f38108f1afe91a9cf55,2025-05-25T06:00:00Z,,oddsapi/hist_events,1,"{""date"": ""2025-05-25T06:00:00Z"", ""dateFormat"": ""iso""}"
e745eae54f21e2396a4b98939dedccf889f0d4953ab54a643e3b767fd542556a,2025-05-26T06:00:00Z,,oddsapi/hist_events,1,"{""date"": ""2025-05-26T06:00:00Z"", ""dateFormat"": ""iso""}"
9a9765fc5983814a16bfd3fd42c5ace0bf0a103c8eda30b89006c3545cfff71d,2025-05-27T06:00:00Z,,oddsapi/hist_events,1,"{""date"": ""2025-05-27T06:00:00Z"", ""dateFormat"": ""iso""}"
14d67aa67c6b3b82d86e2298ebce4f091c4c4c07568cfd25cb163e7712a06c00,2025-05-28T06:00:00Z,,oddsapi/hist_events,1,"{""date"": ""2025-05-28T06:00:00Z"", ""dateFormat"": ""iso""}"
f1cc83cbe02e231a3c5c6b90b402ecea8d50d7a940ce24ec5e1411d954ccd842,2025-05-29T06:00:00Z,,oddsapi/hist_events,1,"{""date"": ""2025-05-29T06:00:00Z"", ""dateFormat"": ""iso""}"
f0fce4084d415bae6e95dec9c0e825ff31bfe77f3b1eac73bf84691c806acd69,2025-05-30T06:00:00Z,,oddsapi/hist_events,1,"{""date"": ""2025-05-30T06:00:00Z"", ""dateFormat"": ""iso""}"
773f61cc2161365a47a13e04569c153b66360ae628e06871f1da4d44fbf769c3,2025-05-31T06:00:00Z,,oddsapi/hist_events,1,"{""date"": ""2025-05-31T06:00:00Z"", ""dateFormat"": ""iso""}"
f94491538be79dc23267c9627a3df8591e917a868a3023ed5d602a87ac83fd92,2025-06-01T06:00:00Z,,oddsapi/hist_events,1,"{""date"": ""2025-06-01T06:00:00Z"", ""dateFormat"": ""iso""}"
7092f99a85a2d2426dcb36faf21c127ed60a796aab9a29e580ebdaea0e9ecf34,2025-06-02T06:00:00Z,,oddsapi/hist_events,1,"{""date"": ""2025-06-02T06:00:00Z"", ""dateFormat"": ""iso""}"
378adc1d8ba2965b2e719fd31ac168a447aa4c4dc2c921dd753af6e9e997ba72,2025-06-03T06:00:00Z,,oddsapi/hist_events,1,"{""date"": ""2025-06-03T06:00:00Z"", ""dateFormat"": ""iso""}"
7ad9e6f94af3b326be7bf3fdf017a3a7d320cc587139aa31656e1cb219334fed,2025-06-04T06:00:00Z,,oddsapi/hist_events,1,"{""date"": ""2025-06-04T06:00:00Z"", ""dateFormat"": ""iso""}"
138812892482b3966bab1ad6044d1623482db5c1299a790dffe42ed035a151bb,2025-06-05T06:00:00Z,,oddsapi/hist_events,1,"{""date"": ""2025-06-05T06:00:00Z"", ""dateFormat"": ""iso""}"
a730d07b11c1eaebb236e77707e7bc0c02fdcdb8d8b652a04e3e7efc4ca6ed48,2025-06-06T06:00:00Z,,oddsapi/hist_events,1,"{""date"": ""2025-06-06T06:00:00Z"", ""dateFormat"": ""iso""}"
962ab8328e085a718716b61cf333173144c415185286362870378c6c6679ae75,2025-06-07T06:00:00Z,,oddsapi/hist_events,1,"{""date"": ""2025-06-07T06:00:00Z"", ""dateFormat"": ""iso""}"
2112f1b324893748605c0d76e68d5a28e3933a01b70130b281ffed9b099afb71,2025-06-08T06:00:00Z,,oddsapi/hist_events,1,"{""date"": ""2025-06-08T06:00:00Z"", ""dateFormat"": ""iso""}"
777423c0409e8dbac853f05f350d74a5db4e0893e449d0ce5e981db15d19dc6b,2025-06-09T06:00:00Z,,oddsapi/hist_events,1,"{""date"": ""2025-06-09T06:00:00Z"", ""dateFormat"": ""iso""}"
e75ce96dea4500685ae682c46214ef393d31c7eeb4a1287b194a0f04716b9d8e,2025-06-10T06:00:00Z,,oddsapi/hist_events,1,"{""date"": ""2025-06-10T06:00:00Z"", ""dateFormat"": ""iso""}"
e7376be4b947b3294deffc7278ee63fdf27c615580916c8c202470e86dfc0046,2025-06-11T06:00:00Z,,oddsapi/hist_events,1,"{""date"": ""2025-06-11T06:00:00Z"", ""dateFormat"": ""iso""}"
4757005cb6431374dbb65823b4dff6fb86d5e7e9facb18d58a8a9640ad4153b7,2025-06-12T06:00:00Z,,oddsapi/hist_events,1,"{""date"": ""2025-06-12T06:00:00Z"", ""dateFormat"": ""iso""}"
b02b4764d8f72577f7fb370b869858a29d7d5c91c7e5e152be288fc5b768a01b,2025-06-13T06:00:00Z,,oddsapi/hist_events,1,"{""date"": ""2025-06-13T06:00:00Z"", ""dateFormat"": ""iso""}"
a7785489f6eddb0f3e76a9f6f79f1e4d81717dadd9cc19beba67b73c5f86a935,2025-06-14T06:00:00Z,,oddsapi/hist_events,1,"{""date"": ""2025-06-14T06:00:00Z"", ""dateFormat"": ""iso""}"
86a8cb9584aa11e4a54ebc6931d6af9a12c56211be28e519fa201f4046bfe205,2025-06-15T06:00:00Z,,oddsapi/hist_events,1,"{""date"": ""2025-06-15T06:00:00Z"", ""dateFormat"": ""iso""}"
6c1456d46bc6c10c2a66c4c3ece4d82e16bd54f1890b45fa14a5ca3b63f2faa9,2025-06-16T06:00:00Z,,oddsapi/hist_events,1,"{""date"": ""2025-06-16T06:00:00Z"", ""dateFormat"": ""iso""}"
40aa5216f6137577f5ffa90d3129951a9f5ec561438ae7c854529960c90a57c7,2025-06-17T06:00:00Z,,oddsapi/hist_events,1,"{""date"": ""2025-06-17T06:00:00Z"", ""dateFormat"": ""iso""}"
7dd5d9fa8fb0669e4450b97f4335c152bb489a2c4587984c1544fc1c69ceda7e,2025-06-18T06:00:00Z,,oddsapi/hist_events,1,"{""date"": ""2025-06-18T06:00:00Z"", ""dateFormat"": ""iso""}"
5ec3b5367f6eb7bdcce47a3270fa7dcdb0bda3987c4b44961a3432ce6a7f8a69,2025-06-19T06:00:00Z,,oddsapi/hist_events,1,"{""date"": ""2025-06-19T06:00:00Z"", ""dateFormat"": ""iso""}"
5df0cb7ba2d8b83aded9a8eff0f87a752c16fb6d316cbb447065885ae6efcca3,2025-06-20T06:00:00Z,,oddsapi/hist_events,1,"{""date"": ""2025-06-20T06:00:00Z"", ""dateFormat"": ""iso""}"
39307af8c092fbe9723c1dcb861babae07c280fa9cb2a4b3ac9dcdbd793cdd77,2025-06-21T06:00:00Z,,oddsapi/hist_events,1,"{""date"": ""2025-06-21T06:00:00Z"", ""dateFormat"": ""iso""}"
8f35c8b55212c3ab22d848fe24f4a5bd1bb72e700b389819f925124c66a36f2e,2025-06-22T06:00:00Z,,oddsapi/hist_events,1,"{""date"": ""2025-06-22T06:00:00Z"", ""dateFormat"": ""iso""}"
a770b95a31402f6f8b120391603519d5cd8f7776cf4b9955d0c47341db808fe3,2025-06-23T06:00:00Z,,oddsapi/hist_events,1,"{""date"": ""2025-06-23T06:00:00Z"", ""dateFormat"": ""iso""}"
d887034e27f445e015164ae193aaec7be5bb354674de6c254eba2a03541bfc15,2025-06-24T06:00:00Z,,oddsapi/hist_events,1,"{""date"": ""2025-06-24T06:00:00Z"", ""dateFormat"": ""iso""}"
6c7e6b78bd4b814bd56f855a8d39fbf8a511ef2973be0c5200f636cf34dc7a48,2025-06-25T06:00:00Z,,oddsapi/hist_events,1,"{""date"": ""2025-06-25T06:00:00Z"", ""dateFormat"": ""iso""}"
4902d97376394b239830beaf79a854490a986ff784b5e7cc94b8aff06d059d29,2025-06-26T06:00:00Z,,oddsapi/hist_events,1,"{""date"": ""2025-06-26T06:00:00Z"", ""dateFormat"": ""iso""}"
ecb0cde3212cc38c9fdc15c2708f6013aa4a0fe1307d5c151024306e42b67ee5,2025-06-27T06:00:00Z,,oddsapi/hist_events,1,"{""date"": ""2025-06-27T06:00:00Z"", ""dateFormat"": ""iso""}"
0978fe5b1b5af9e35e2398258a163aa8e5afecf4b7b8cb741c587eccac583681,2025-06-28T06:00:00Z,,oddsapi/hist_events,1,"{""date"": ""2025-06-28T06:00:00Z"", ""dateFormat"": ""iso""}"
fc2ff7c5a741290d9c69853eebffb1e8a85d995351f2c42a387b3e1ad0e9a53a,2025-06-29T06:00:00Z,,oddsapi/hist_events,1,"{""date"": ""2025-06-29T06:00:00Z"", ""dateFormat"": ""iso""}"
005a56332aa9081dd1e9ae3ca35fefd92204b0fa95d66ca94edd031800adc0e5,2025-06-30T06:00:00Z,,oddsapi/hist_events,1,"{""date"": ""2025-06-30T06:00:00Z"", ""dateFormat"": ""iso""}"
c7abe047e424d4d7ce6e07624d86e3c3b2ea81bf19bd7de3fe4f776cfe72743a,2025-07-01T06:00:00Z,,oddsapi/hist_events,1,"{""date"": ""2025-07-01T06:00:00Z"", ""dateFormat"": ""iso""}"
7dc5cb0d97cc621927d098cb265ee087e88e1559e83ab1c29893976f5e1ece56,2025-07-02T06:00:00Z,,oddsapi/hist_events,1,"{""date"": ""2025-07-02T06:00:00Z"", ""dateFormat"": ""iso""}"
034a06ae82f90b1edf0d8eac193652a1e0d74a0fd80a0a26896b7e533e0bdc76,2025-07-03T06:00:00Z,,oddsapi/hist_events,1,"{""date"": ""2025-07-03T06:00:00Z"", ""dateFormat"": ""iso""}"
c755e42d6eb35f054cfab4bc76701b45b6ac74db449d1b8aa0c6e9bb1d4f7281,2025-07-04T06:00:00Z,,oddsapi/hist_events,1,"{""date"": ""2025-07-04T06:00:00Z"", ""dateFormat"": ""iso""}"
308c337e837cfc80b3142989bdfc9754432b8c2a9c47a798e160f9c32bbc66ed,2025-07-05T06:00:00Z,,oddsapi/hist_events,1,"{""date"": ""2025-07-05T06:00:00Z"", ""dateFormat"": ""iso""}"
26dc0a16c3654397a95ef929719483398b23a5aaa02fe52097b67e45e87b6d04,2025-07-06T06:00:00Z,,oddsapi/hist_events,1,"{""date"": ""2025-07-06T06:00:00Z"", ""dateFormat"": ""iso""}"
ac5ebdb9f8cfda2a19a5532b6ac51c4299aa629c8e80190ced37559ae650e801,2025-07-07T06:00:00Z,,oddsapi/hist_events,1,"{""date"": ""2025-07-07T06:00:00Z"", ""dateFormat"": ""iso""}"
45a59d444eb0701cebb93447e1d7af121f033423a675c90227c79cfec50107d5,2025-07-08T06:00:00Z,,oddsapi/hist_events,1,"{""date"": ""2025-07-08T06:00:00Z"", ""dateFormat"": ""iso""}"
e7d794fcffb3fa9abeb20c5751e20d2ebde6719d716e630a543d278197bc4a82,2025-07-09T06:00:00Z,,oddsapi/hist_events,1,"{""date"": ""2025-07-09T06:00:00Z"", ""dateFormat"": ""iso""}"
13fe1359dfc6216b782afbb75d13753f187f91c08d23c3c4e4abd3bdd22bce85,2025-07-10T06:00:00Z,,oddsapi/hist_events,1,"{""date"": ""2025-07-10T06:00:00Z"", ""dateFormat"": ""iso""}"
c06621bbcf16e7b240bf74db3754ddc616bbbbb99e41b69f291bacce1e68c7a5,2025-07-11T06:00:00Z,,oddsapi/hist_events,1,"{""date"": ""2025-07-11T06:00:00Z"", ""dateFormat"": ""iso""}"
8f297605199bf38bb97cfed25c2717852edfab0fc66bac2ff94d16d8445602e0,2025-07-12T06:00:00Z,,oddsapi/hist_events,1,"{""date"": ""2025-07-12T06:00:00Z"", ""dateFormat"": ""iso""}"
6c2794860aab5ee4a32e16be161f55598ece785b201c6eb3550b52c60dddb03c,2025-07-13T06:00:00Z,,oddsapi/hist_events,1,"{""date"": ""2025-07-13T06:00:00Z"", ""dateFormat"": ""iso""}"
44480d739df183a82e5fff5ec6db2f8383ffa8fc695f4dfc2640a77233ae46d2,2025-07-14T06:00:00Z,,oddsapi/hist_events,1,"{""date"": ""2025-07-14T06:00:00Z"", ""dateFormat"": ""iso""}"
f8590a961bf24d549195e395da308d4d96b345be93c96286dedcfa8de42cb32d,2025-07-15T06:00:00Z,,oddsapi/hist_events,1,"{""date"": ""2025-07-15T06:00:00Z"", ""dateFormat"": ""iso""}"
17e72b7c8260e870612dbad2dcc71f911cc7e3c7d3567a270796f3364d78a91e,2025-07-16T06:00:00Z,,oddsapi/hist_events,1,"{""date"": ""2025-07-16T06:00:00Z"", ""dateFormat"": ""iso""}"
2fb4b941ae87fb7c00d0e90ff207bde2e1ca77fdeab82b66b04175409dbfab35,2025-07-17T06:00:00Z,,oddsapi/hist_events,1,"{""date"": ""2025-07-17T06:00:00Z"", ""dateFormat"": ""iso""}"
365a2726510976a5c0f2b70e7e85a7481c45a64cc9e44fada33d6fb46464e180,2025-07-18T06:00:00Z,,oddsapi/hist_events,1,"{""date"": ""2025-07-18T06:00:00Z"", ""dateFormat"": ""iso""}"
89fdcd94e69231342d6a8eda87343b274df6edd836abb24fb8e2269cac6b3204,2025-07-19T06:00:00Z,,oddsapi/hist_events,1,"{""date"": ""2025-07-19T06:00:00Z"", ""dateFormat"": ""iso""}"
bc24003eccdf0bb3ec10643444d23a9b0238410e1e92fcc575054b1eafdefd82,2025-07-20T06:00:00Z,,oddsapi/hist_events,1,"{""date"": ""2025-07-20T06:00:00Z"", ""dateFormat"": ""iso""}"
05c3e491383050aa6602651a6ec0b98f359a1016cbc1e538bf907081d9952223,2025-07-21T06:00:00Z,,oddsapi/hist_events,1,"{""date"": ""2025-07-21T06:00:00Z"", ""dateFormat"": ""iso""}"
c28925d5396e86c3d59c33dc198212f48f076cbd4ad150ae3ea937be95502ee3,2025-07-22T06:00:00Z,,oddsapi/hist_events,1,"{""date"": ""2025-07-22T06:00:00Z"", ""dateFormat"": ""iso""}"
02b28b8c521862edbc6b6314168fd33796ae8e6d40a4332dc7cc38949c04e59d,2025-07-23T06:00:00Z,,oddsapi/hist_events,1,"{""date"": ""2025-07-23T06:00:00Z"", ""dateFormat"": ""iso""}"
3d7b1eda76cfdc70debe564af832ba6730bcc8eb6702bfb0833897d5a4c4cada,2025-07-24T06:00:00Z,,oddsapi/hist_events,1,"{""date"": ""2025-07-24T06:00:00Z"", ""dateFormat"": ""iso""}"
582eddac4da25281840945817d8e10501d0db1bbaf258cb18d89ab47ca11c4d7,2025-07-25T06:00:00Z,,oddsapi/hist_events,1,"{""date"": ""2025-07-25T06:00:00Z"", ""dateFormat"": ""iso""}"
17925f771471154c8cc36c5f9a1c3ab6fb5742f2e3b2d5b72e100e4ffed054ca,2025-07-26T06:00:00Z,,oddsapi/hist_events,1,"{""date"": ""2025-07-26T06:00:00Z"", ""dateFormat"": ""iso""}"
c881a2e6dd968b0167df8bc14656e3f7b470e4ff584db8277565544f9851e04d,2025-07-27T06:00:00Z,,oddsapi/hist_events,1,"{""date"": ""2025-07-27T06:00:00Z"", ""dateFormat"": ""iso""}"
7b995abc530a5695115b7fed68f292a1ea36d22595ebaae633e7554fa3441a05,2025-07-28T06:00:00Z,,oddsapi/hist_events,1,"{""date"": ""2025-07-28T06:00:00Z"", ""dateFormat"": ""iso""}"
c267822ea5372d85fa005dbbf059ffd6af2a25d5005a5783cc261ad8c0e9d084,2025-07-29T06:00:00Z,,oddsapi/hist_events,1,"{""date"": ""2025-07-29T06:00:00Z"", ""dateFormat"": ""iso""}"
75ed69b947cf89109e37aecaaa382706fbd88f2a7d858d744d6fe8e0fc3bbd5f,2025-07-30T06:00:00Z,,oddsapi/hist_events,1,"{""date"": ""2025-07-30T06:00:00Z"", ""dateFormat"": ""iso""}"
a69f9516eed6640a3655c3a90eada86ff2aca7dc4c5299e38ebd01180c18f480,2025-07-31T06:00:00Z,,oddsapi/hist_events,1,"{""date"": ""2025-07-31T06:00:00Z"", ""dateFormat"": ""iso""}"
17de4a87f2758d97307b83bcdc70c5fd896fc3f043afc85ed606a1ed33c0f4b5,2025-08-01T06:00:00Z,,oddsapi/hist_events,1,"{""date"": ""2025-08-01T06:00:00Z"", ""dateFormat"": ""iso""}"
542a96a37a0fb65362bcea39ab9bd46e664bf009e72d94279e887ecec1981960,2025-08-02T06:00:00Z,,oddsapi/hist_events,1,"{""date"": ""2025-08-02T06:00:00Z"", ""dateFormat"": ""iso""}"
8a40082bd0026e37fdc60168a02656ce4b752181d1897623f79b7710b203ed19,2025-08-03T06:00:00Z,,oddsapi/hist_events,1,"{""date"": ""2025-08-03T06:00:00Z"", ""dateFormat"": ""iso""}"
be35e623887960ddcd276f6657460101764a9607787318fb8b8cc00fa0bd8bc9,2025-08-04T06:00:00Z,,oddsapi/hist_events,1,"{""date"": ""2025-08-04T06:00:00Z"", ""dateFormat"": ""iso""}"
f7c43e803b83f16cb2d931971763f611f93e316b0bf628f6ec8ab9afe4d96d5f,2025-08-05T06:00:00Z,,oddsapi/hist_events,1,"{""date"": ""2025-08-05T06:00:00Z"", ""dateFormat"": ""iso""}"
48317b97eed3c1f2c29d9497322cc920e76a8e6c119f58565dec32f46c18f4fe,2025-08-06T06:00:00Z,,oddsapi/hist_events,1,"{""date"": ""2025-08-06T06:00:00Z"", ""dateFormat"": ""iso""}"
840f7d71e47af74a9a92a1812fd3da109ce2ad95eb33bf13920f66f20b0eeee0,2025-08-07T06:00:00Z,,oddsapi/hist_events,1,"{""date"": ""2025-08-07T06:00:00Z"", ""dateFormat"": ""iso""}"
7a5ece0b49e8cda82731ed954715d260eeef0a65122e67e411647be165310c26,2025-08-08T06:00:00Z,,oddsapi/hist_events,1,"{""date"": ""2025-08-08T06:00:00Z"", ""dateFormat"": ""iso""}"
b9d276d12dfd6b6da5e8e7354a8ba0be5b76126179c4010093a13bd52f0d5113,2025-08-09T06:00:00Z,,oddsapi/hist_events,1,"{""date"": ""2025-08-09T06:00:00Z"", ""dateFormat"": ""iso""}"
51c3559c1b569e12bbca48a086e785334959a968a0011c1febb96dbd02b2228f,2025-08-10T06:00:00Z,,oddsapi/hist_events,1,"{""date"": ""2025-08-10T06:00:00Z"", ""dateFormat"": ""iso""}"
5e27648428396e46a040354a1d005e4c5ddd220678b44a149e98b79693ecf772,2025-08-11T06:00:00Z,,oddsapi/hist_events,1,"{""date"": ""2025-08-11T06:00:00Z"", ""dateFormat"": ""iso""}"
79cb40e7bdfea5b79dc857d38876577aa18ff11eee0ddd01bbb615730a8799ab,2025-08-12T06:00:00Z,,oddsapi/hist_events,1,"{""date"": ""2025-08-12T06:00:00Z"", ""dateFormat"": ""iso""}"
a1c0dfd2121a846e25df4c1ccf069093011fb048433df893ab9901bf6ffb83d0,2025-08-13T06:00:00Z,,oddsapi/hist_events,1,"{""date"": ""2025-08-13T06:00:00Z"", ""dateFormat"": ""iso""}"
85147901f00d061bf0d71069b94e292fa3d01482d1e7100fe1633962ef37dc65,2025-08-14T06:00:00Z,,oddsapi/hist_events,1,"{""date"": ""2025-08-14T06:00:00Z"", ""dateFormat"": ""iso""}"
a7a8aedd7d623f07947c07dd388114cafa91ecba2edcc3ab64cc4cbb5d50679f,2025-08-15T06:00:00Z,,oddsapi/hist_events,1,"{""date"": ""2025-08-15T06:00:00Z"", ""dateFormat"": ""iso""}"
e6e6429a2627c217c05d06584642c2ccd75da147121d932de59d642410831bb8,2025-08-16T06:00:00Z,,oddsapi/hist_events,1,"{""date"": ""2025-08-16T06:00:00Z"", ""dateFormat"": ""iso""}"
c6bedc28cffe5adfbca520602f3847940354164f8d611c32caf7a916511e2810,2025-08-17T06:00:00Z,,oddsapi/hist_events,1,"{""date"": ""2025-08-17T06:00:00Z"", ""dateFormat"": ""iso""}"
0fbb615132aa10b552945d0874d24162c520511bbb67681f3ff035282a54adc6,2025-08-18T06:00:00Z,,oddsapi/hist_events,1,"{""date"": ""2025-08-18T06:00:00Z"", ""dateFormat"": ""iso""}"
8aaa365915b6a2ba846a8c2ecaa7de8b7e130db26679a50c8f663e6813e34453,2025-08-19T06:00:00Z,,oddsapi/hist_events,1,"{""date"": ""2025-08-19T06:00:00Z"", ""dateFormat"": ""iso""}"
d5a1c2706dac8a6ec66b237ca3d7abe7b052f85041e390e6f35c524145f131fe,2025-08-21T06:00:00Z,,oddsapi/hist_events,1,"{""date"": ""2025-08-21T06:00:00Z"", ""dateFormat"": ""iso""}"
3dabc95c69be6bfc5c0594d892cbb0e4c29fe15ac71de1a96c75d7c65db67833,2025-08-23T06:00:00Z,,oddsapi/hist_events,1,"{""date"": ""2025-08-23T06:00:00Z"", ""dateFormat"": ""iso""}"
ec24f0c57823c0116ffb64433bd5369a0416027957c33cd4b59b496bf21b2edc,2025-08-25T06:00:00Z,,oddsapi/hist_events,1,"{""date"": ""2025-08-25T06:00:00Z"", ""dateFormat"": ""iso""}"
dd69ebda447113869fbdaec1fd84d0fbd2dbcc1a4b5b847e794335b5be696882,2025-08-27T06:00:00Z,,oddsapi/hist_events,1,"{""date"": ""2025-08-27T06:00:00Z"", ""dateFormat"": ""iso""}"
8d46acb3b21eac3938a2be375d86262c1c1d97298bd47c106e67a88423f8f61c,2025-08-29T06:00:00Z,,oddsapi/hist_events,1,"{""date"": ""2025-08-29T06:00:00Z"", ""dateFormat"": ""iso""}"
01a5812ae04f3658e770fe1a2597db5f0f27c6c37c3552a677acaef483c3e580,2025-08-31T06:00:00Z,,oddsapi/hist_events,1,"{""date"": ""2025-08-31T06:00:00Z"", ""dateFormat"": ""iso""}"
591ae3c0507e08fce41309eba1cbbb6c4f4616a173e83d8bd05b7608ce3ab371,2025-09-02T06:00:00Z,,oddsapi/hist_events,1,"{""date"": ""2025-09-02T06:00:00Z"", ""dateFormat"": ""iso""}"
e686e7999952caf596461d4db6aaf1bd492ddfd6dbcbca5d0ce387053b1ae037,2025-09-04T06:00:00Z,,oddsapi/hist_events,1,"{""date"": ""2025-09-04T06:00:00Z"", ""dateFormat"": ""iso""}"
c23c9b30afa317a632c707f0005e8cbfafc2cf02810b0bb38fd6730b03e661be,2025-09-06T06:00:00Z,,oddsapi/hist_events,1,"{""date"": ""2025-09-06T06:00:00Z"", ""dateFormat"": ""iso""}"
a545ce87477c3382de5a4ec32aacba55e9f416bfba002380cac717c5656b2642,2025-09-08T06:00:00Z,,oddsapi/hist_events,1,"{""date"": ""2025-09-08T06:00:00Z"", ""dateFormat"": ""iso""}"
ef315442372492254b6c8db720b96911bea64cbe4a9bd3ae736d6989b738f943,2025-09-10T06:00:00Z,,oddsapi/hist_events,1,"{""date"": ""2025-09-10T06:00:00Z"", ""dateFormat"": ""iso""}"
84655e0fa9472cb0441fa9027198785c118f30a9c6fd33ef761ff5ce5226cd4b,2025-09-12T06:00:00Z,,oddsapi/hist_events,1,"{""date"": ""2025-09-12T06:00:00Z"", ""dateFormat"": ""iso""}"
33e46d42698a2fd15576a5707e08b7596db982f60f3d651424cebc45b1193137,2025-09-14T06:00:00Z,,oddsapi/hist_events,1,"{""date"": ""2025-09-14T06:00:00Z"", ""dateFormat"": ""iso""}"
739b6e2a1bf009ce80c9d97da53ea6b5f5dc5c6f035d57c903d122795bbd96ef,2025-09-16T06:00:00Z,,oddsapi/hist_events,1,"{""date"": ""2025-09-16T06:00:00Z"", ""dateFormat"": ""iso""}"
1dde6bed41b6773b95f2843da38f6b7a8970daca711510fb7742525d1b0b52a2,2025-09-18T06:00:00Z,,oddsapi/hist_events,1,"{""date"": ""2025-09-18T06:00:00Z"", ""dateFormat"": ""iso""}"
766ed68f263c889117b39fc57beca96827c5e0fd29bca17bbba1c1fd47b0c233,2025-09-20T06:00:00Z,,oddsapi/hist_events,1,"{""date"": ""2025-09-20T06:00:00Z"", ""dateFormat"": ""iso""}"
61a92f7b2f31224e346793ff74b7ad62b2fd6f7df0042751361891384f76b879,2025-09-22T06:00:00Z,,oddsapi/hist_events,1,"{""date"": ""2025-09-22T06:00:00Z"", ""dateFormat"": ""iso""}"
830b89a1d3bf5f110e7450eb8bb2b62c2da55a177448677fdc15d08e6f9ba7e2,2025-09-24T06:00:00Z,,oddsapi/hist_events,1,"{""date"": ""2025-09-24T06:00:00Z"", ""dateFormat"": ""iso""}"
cbe82eb548833a4ccb133ad67e84b223a039f34c873a92519098dfb35bd604d3,2025-09-26T06:00:00Z,,oddsapi/hist_events,1,"{""date"": ""2025-09-26T06:00:00Z"", ""dateFormat"": ""iso""}"
81d840f767dfd80d7a4e1acc9a8bc6eda1cd583dc3eef2f6cec99561e622154d,2025-09-28T06:00:00Z,,oddsapi/hist_events,1,"{""date"": ""2025-09-28T06:00:00Z"", ""dateFormat"": ""iso""}"
a1863684a3385250bcd3e0096f6cd495679c9e5300278975ee5ab21bf17bae7a,2025-09-30T06:00:00Z,,oddsapi/hist_events,1,"{""date"": ""2025-09-30T06:00:00Z"", ""dateFormat"": ""iso""}"
82b4f86e1f89087704994bcaf756bec3efa288da43800133888b2901a7b9fde4,2025-10-02T06:00:00Z,,oddsapi/hist_events,1,"{""date"": ""2025-10-02T06:00:00Z"", ""dateFormat"": ""iso""}"
22b20339c21f16291fc0bf5bad50a377344b91e845b95b93ae93237bd334be1d,2025-10-04T06:00:00Z,,oddsapi/hist_events,1,"{""date"": ""2025-10-04T06:00:00Z"", ""dateFormat"": ""iso""}"
c4818c4dcca063ca0dca7303d4fc31bc24fb292847cdddbe4dff57a4ec4ed4e1,2025-10-06T06:00:00Z,,oddsapi/hist_events,1,"{""date"": ""2025-10-06T06:00:00Z"", ""dateFormat"": ""iso""}"
85f2b070575a896168c439a7b92fae4b665eab0841243dc0fcab6696c0d4452a,2025-10-08T06:00:00Z,,oddsapi/hist_events,1,"{""date"": ""2025-10-08T06:00:00Z"", ""dateFormat"": ""iso""}"
6563b67ee6a9043727c0b43096655e1fe780fb86e53559d434bd376dba03098f,2025-10-10T06:00:00Z,,oddsapi/hist_events,1,"{""date"": ""2025-10-10T06:00:00Z"", ""dateFormat"": ""iso""}"
d13a49c9f1d713b5da0fa671a3c727d8670fdca2e8d428155f68eb9d4b211457,2025-10-12T06:00:00Z,,oddsapi/hist_events,1,"{""date"": ""2025-10-12T06:00:00Z"", ""dateFormat"": ""iso""}"
210fbbf133caeaf22cd6aba50ad359ca362c663223f7bbe362129ca43745a0d4,2025-10-14T06:00:00Z,,oddsapi/hist_events,1,"{""date"": ""2025-10-14T06:00:00Z"", ""dateFormat"": ""iso""}"
a09572209f1f4a0824608f93edeb07c2e4bb1fc9ac23fcbfe9837d02b39ee9f6,2025-10-16T06:00:00Z,,oddsapi/hist_events,1,"{""date"": ""2025-10-16T06:00:00Z"", ""dateFormat"": ""iso""}"
d9f6cfb808853f19b968ee0ed36f8932dd520c9103b9e60388a445c1d91920c2,2025-10-18T06:00:00Z,,oddsapi/hist_events,1,"{""date"": ""2025-10-18T06:00:00Z"", ""dateFormat"": ""iso""}"
03e3c68177ec250c9bc0070b79b424a1c314cd280ffaa58b3db1dc1dfdae67a3,2025-10-20T06:00:00Z,,oddsapi/hist_events,1,"{""date"": ""2025-10-20T06:00:00Z"", ""dateFormat"": ""iso""}"
8402659f9145d92126b49bf47e3441279c10e70b03319f6876a1fb7408a3c13e,2025-10-22T06:00:00Z,,oddsapi/hist_events,1,"{""date"": ""2025-10-22T06:00:00Z"", ""dateFormat"": ""iso""}"
b61bbec466aa01aefffb312f2a0ee619bba4b2a127680c7d4158d92b19482537,2025-10-24T06:00:00Z,,oddsapi/hist_events,1,"{""date"": ""2025-10-24T06:00:00Z"", ""dateFormat"": ""iso""}"
4a212f4c467bc3170cd9ebecf505ffac833ebb54b73728a07cc57bf038794242,2025-10-26T06:00:00Z,,oddsapi/hist_events,1,"{""date"": ""2025-10-26T06:00:00Z"", ""dateFormat"": ""iso""}"
7283d12f297f14e093c585c21474c138e2b7df444c59a0713eceb6f6906b87af,2025-10-28T06:00:00Z,,oddsapi/hist_events,1,"{""date"": ""2025-10-28T06:00:00Z"", ""dateFormat"": ""iso""}"
fd38b2a1075dc470b1a77505b65ddf138d06a877c40f3b326724a87c28e060a4,2025-10-30T06:00:00Z,,oddsapi/hist_events,1,"{""date"": ""2025-10-30T06:00:00Z"", ""dateFormat"": ""iso""}"
19e48be8a7a06e8fc99669fa7df5816e5b4c55efc27a94b11b2c603cd5856263,2025-11-01T06:00:00Z,,oddsapi/hist_events,1,"{""date"": ""2025-11-01T06:00:00Z"", ""dateFormat"": ""iso""}"
c86e5e057ef74c2b0d247ed49b8e78a01b3ab182a52b38493fbdc3637f1fdc97,2025-11-03T06:00:00Z,,oddsapi/hist_events,1,"{""date"": ""2025-11-03T06:00:00Z"", ""dateFormat"": ""iso""}"
62e1f310ac88b186f546de11aac8b588dcd65766ed6f21e52bb7f24933490338,2025-11-05T06:00:00Z,,oddsapi/hist_events,1,"{""date"": ""2025-11-05T06:00:00Z"", ""dateFormat"": ""iso""}"
07ed6317695e6465cb175d1d74297eb8417b732405ebba679386c6714c12437a,2025-11-07T06:00:00Z,,oddsapi/hist_events,1,"{""date"": ""2025-11-07T06:00:00Z"", ""dateFormat"": ""iso""}"
794b875bb0717a6918112adf83ce28f5c33b8e5d18334357973465fa6b08075f,2025-11-09T06:00:00Z,,oddsapi/hist_events,1,"{""date"": ""2025-11-09T06:00:00Z"", ""dateFormat"": ""iso""}"
f92193b0e07bbeb92f9aafbf687f902f6efe8f6796c7e1998e50fce8608d5afb,2025-11-11T06:00:00Z,,oddsapi/hist_events,1,"{""date"": ""2025-11-11T06:00:00Z"", ""dateFormat"": ""iso""}"
96349e2c2b2229615836256352f5e70a241cefa3b85a2d761c9d7bf1639f9858,2025-11-13T06:00:00Z,,oddsapi/hist_events,1,"{""date"": ""2025-11-13T06:00:00Z"", ""dateFormat"": ""iso""}"
eb91475f74e017e73958127aa4f1b2ab178af946f83edbb8bc5bca7ff51227b2,2025-11-15T06:00:00Z,,oddsapi/hist_events,1,"{""date"": ""2025-11-15T06:00:00Z"", ""dateFormat"": ""iso""}"
24c5fa546ab45184fdeb0d58e50a895d9fc84a91a3c17163d6d9a7bb47622222,2025-11-17T06:00:00Z,,oddsapi/hist_events,1,"{""date"": ""2025-11-17T06:00:00Z"", ""dateFormat"": ""iso""}"
eb59ce4035c7296035d8b45c851196b571ecbfba0a5b45702034e908bb14ec84,2025-11-19T06:00:00Z,,oddsapi/hist_events,1,"{""date"": ""2025-11-19T06:00:00Z"", ""dateFormat"": ""iso""}"
c5d13b4b086305d1a0b0d634bda10b7d74531cfa2d556a8e6db64b76fdf9adbf,2025-11-21T06:00:00Z,,oddsapi/hist_events,1,"{""date"": ""2025-11-21T06:00:00Z"", ""dateFormat"": ""iso""}"
69fa0e82014b3916a6bf2ba47358b11875ae856a1a252578c729000239c82c09,2025-11-23T06:00:00Z,,oddsapi/hist_events,1,"{""date"": ""2025-11-23T06:00:00Z"", ""dateFormat"": ""iso""}"
cc12e718385d4362acf7e9e0b93f74544d333a24568549a710b4087ff2f27d15,2025-11-25T06:00:00Z,,oddsapi/hist_events,1,"{""date"": ""2025-11-25T06:00:00Z"", ""dateFormat"": ""iso""}"
df0da88b92529a57fa7c097688abfa9e5060df32d83783d107ad31a90c9b87a5,2025-11-27T06:00:00Z,,oddsapi/hist_events,1,"{""date"": ""2025-11-27T06:00:00Z"", ""dateFormat"": ""iso""}"
7ee0af8d9cfffae0cfd61b8f69fd825e21ac5642c9af3024dc227441939376b6,2025-11-29T06:00:00Z,,oddsapi/hist_events,1,"{""date"": ""2025-11-29T06:00:00Z"", ""dateFormat"": ""iso""}"
c28826c524fb5d5e49926b84c5bafa2653de35c06423a3411dd7dd5b9d32d38b,2025-12-01T06:00:00Z,,oddsapi/hist_events,1,"{""date"": ""2025-12-01T06:00:00Z"", ""dateFormat"": ""iso""}"
fef75f42a32ac3a54a5216292093132fb914a2185f9c97487adf1206fe5540df,2025-12-03T06:00:00Z,,oddsapi/hist_events,1,"{""date"": ""2025-12-03T06:00:00Z"", ""dateFormat"": ""iso""}"
2eff191dd919c6aeb7361aca047e87049ca3d22d5635b1dee3958f0cca098157,2025-12-05T06:00:00Z,,oddsapi/hist_events,1,"{""date"": ""2025-12-05T06:00:00Z"", ""dateFormat"": ""iso""}"
3c312f490ca62774d16ac313abd5a850cf267bf6368fffbbcee11ec6365a4c8d,2025-12-07T06:00:00Z,,oddsapi/hist_events,1,"{""date"": ""2025-12-07T06:00:00Z"", ""dateFormat"": ""iso""}"
8506808ebd9355f3d46e2680aba79f1f882f55d47a8474d8c31e7ec18815e530,2025-12-09T06:00:00Z,,oddsapi/hist_events,1,"{""date"": ""2025-12-09T06:00:00Z"", ""dateFormat"": ""iso""}"
73b6366d2d10569285795c4ffea3ec25c5bc8276546e806a91ae484861b8db96,2025-12-11T06:00:00Z,,oddsapi/hist_events,1,"{""date"": ""2025-12-11T06:00:00Z"", ""dateFormat"": ""iso""}"
177989384f77d4901790c75a9b47eb9b6caffab3f016119a1651e5f3189d88be,2025-12-13T06:00:00Z,,oddsapi/hist_events,1,"{""date"": ""2025-12-13T06:00:00Z"", ""dateFormat"": ""iso""}"
470ce4d90961af9228ffe673ebfad45d127163a943af9ea3fb26a189b042ccb2,2025-12-15T06:00:00Z,,oddsapi/hist_events,1,"{""date"": ""2025-12-15T06:00:00Z"", ""dateFormat"": ""iso""}"
223783a5f7bb83b6d2694a42d1266d07d9c691b1ecabaaade2a7f0fa4a2cc719,2025-12-17T06:00:00Z,,oddsapi/hist_events,1,"{""date"": ""2025-12-17T06:00:00Z"", ""dateFormat"": ""iso""}"
c09a2f644ec9f23e4d7f3abd1580b0acd3904eea9dbc6be2a2b1934117cdb5ad,2025-12-19T06:00:00Z,,oddsapi/hist_events,1,"{""date"": ""2025-12-19T06:00:00Z"", ""dateFormat"": ""iso""}"
ab8d5d8bcc92a275d0b8d863758f9f37bfb08931fa0581ec5202d6f54b0889b0,2025-12-21T06:00:00Z,,oddsapi/hist_events,1,"{""date"": ""2025-12-21T06:00:00Z"", ""dateFormat"": ""iso""}"
973b8635ebbfa10703610a3d3028d9b6d4d5d11c1b40330246a9ca6e26773a23,2025-12-23T06:00:00Z,,oddsapi/hist_events,1,"{""date"": ""2025-12-23T06:00:00Z"", ""dateFormat"": ""iso""}"
db1ddd2a0d3c407086ace723078421a5aea8ab61ceca8fe203ef133224220def,2025-12-25T06:00:00Z,,oddsapi/hist_events,1,"{""date"": ""2025-12-25T06:00:00Z"", ""dateFormat"": ""iso""}"
d34ecd1b16acdaa68173107db24040f6a4edbda3fd28c9a80335ee038a83c3ee,2025-12-27T06:00:00Z,,oddsapi/hist_events,1,"{""date"": ""2025-12-27T06:00:00Z"", ""dateFormat"": ""iso""}"
37dfee5194972c67cc5b845701b034aa0fa73e1f6509ee649ee00b2527cfb3ac,2025-12-29T06:00:00Z,,oddsapi/hist_events,1,"{""date"": ""2025-12-29T06:00:00Z"", ""dateFormat"": ""iso""}"
133136c36112fa6a97733a4c42b761dfafed43c9ec247df25ceb2a7c21b2d604,2025-12-31T06:00:00Z,,oddsapi/hist_events,1,"{""date"": ""2025-12-31T06:00:00Z"", ""dateFormat"": ""iso""}"
3e322891d7eeaf110f364721dac71f12f23456c9f45e66206b9b32003f6bf018,2026-01-02T06:00:00Z,,oddsapi/hist_events,1,"{""date"": ""2026-01-02T06:00:00Z"", ""dateFormat"": ""iso""}"
0ae0904b8c9db0a394bdb85220dbe3e1c57423c63b06485f435282ade7322e0e,2026-01-04T06:00:00Z,,oddsapi/hist_events,1,"{""date"": ""2026-01-04T06:00:00Z"", ""dateFormat"": ""iso""}"
6ec011cd332ff865b1177dec7c6f3d2865172d5d8bfe7f28534227005dfc1e71,2026-01-06T06:00:00Z,,oddsapi/hist_events,1,"{""date"": ""2026-01-06T06:00:00Z"", ""dateFormat"": ""iso""}"
f3755f243f9a825a3ef7c80938d39c2dc37c4ad85879d97e8c455826d942d788,2026-01-08T06:00:00Z,,oddsapi/hist_events,1,"{""date"": ""2026-01-08T06:00:00Z"", ""dateFormat"": ""iso""}"
0870d5acabe6014d28f6483eedbcb4a99d2fdc41a5f853d4ad6ba32147c93ac1,2026-01-10T06:00:00Z,,oddsapi/hist_events,1,"{""date"": ""2026-01-10T06:00:00Z"", ""dateFormat"": ""iso""}"
3b9a8691b9426d3bedeb0947b73c289485ed1982dbeffa9dd169aa3d0c3d765c,2026-01-12T06:00:00Z,,oddsapi/hist_events,1,"{""date"": ""2026-01-12T06:00:00Z"", ""dateFormat"": ""iso""}"
aadb3c0593abcb83528d3f3d5211b5a03c924b442246dd4de69a4491cdb40a0d,2026-01-14T06:00:00Z,,oddsapi/hist_events,1,"{""date"": ""2026-01-14T06:00:00Z"", ""dateFormat"": ""iso""}"
6f75dc41fb84506c35f0d0f40ed311a463af7e92a504923476e5d856095d078f,2026-01-16T06:00:00Z,,oddsapi/hist_events,1,"{""date"": ""2026-01-16T06:00:00Z"", ""dateFormat"": ""iso""}"
59a972a585cd74535424301900544a92b9ea7ca09cbd9a2710caa1a6fb5ead2d,2026-01-18T06:00:00Z,,oddsapi/hist_events,1,"{""date"": ""2026-01-18T06:00:00Z"", ""dateFormat"": ""iso""}"
a83361532869037f967df976c68409908bfb1f5a2e032591f153edc03c9bc352,2026-01-20T06:00:00Z,,oddsapi/hist_events,1,"{""date"": ""2026-01-20T06:00:00Z"", ""dateFormat"": ""iso""}"
781eaf6801259947ab40f859cdc35ebfa9e16235ba32ce6c5cfbf3c6ffca3783,2026-01-22T06:00:00Z,,oddsapi/hist_events,1,"{""date"": ""2026-01-22T06:00:00Z"", ""dateFormat"": ""iso""}"
2c459b17cd993ba5400c44e41d7770c6fa348464fb705f10a95eb50a690c3140,2026-01-24T06:00:00Z,,oddsapi/hist_events,1,"{""date"": ""2026-01-24T06:00:00Z"", ""dateFormat"": ""iso""}"
ac738523ee59fafed72d951dfda22c00876c8bbf3678474342f00caa7a1c1f97,2026-01-26T06:00:00Z,,oddsapi/hist_events,1,"{""date"": ""2026-01-26T06:00:00Z"", ""dateFormat"": ""iso""}"
222341010f6b2e56c0ad2afd30b7580900260cec026cf1eed701cdbbe01f9ed5,2026-01-27T06:00:00Z,,oddsapi/hist_events,1,"{""date"": ""2026-01-27T06:00:00Z"", ""dateFormat"": ""iso""}"
d191e814bb4f6ea30c1ac49991e7411f88bc79a2d36c6a2eb1c41df4b0e1ad0c,2026-01-28T06:00:00Z,,oddsapi/hist_events,1,"{""date"": ""2026-01-28T06:00:00Z"", ""dateFormat"": ""iso""}"
f4f9c653f25eaf197d35956856f2342442426f781506a1bb6f0b0cf5f292a36f,2026-01-29T06:00:00Z,,oddsapi/hist_events,1,"{""date"": ""2026-01-29T06:00:00Z"", ""dateFormat"": ""iso""}"
3af868ed361cc6ce5d07abdb207a7a1c8400678c34f6cc7bcaa01f3f9f43fde9,2026-01-30T06:00:00Z,,oddsapi/hist_events,1,"{""date"": ""2026-01-30T06:00:00Z"", ""dateFormat"": ""iso""}"
9330a8baef2c9009d3a3d757a4744e380970fd339618a9c6d35c329ea82c80db,2026-01-31T06:00:00Z,,oddsapi/hist_events,1,"{""date"": ""2026-01-31T06:00:00Z"", ""dateFormat"": ""iso""}"
088e960ef7a0a246d467ed4ad037b2ccea9dd2a7066064784bbc5bcb83bba824,2026-02-01T06:00:00Z,,oddsapi/hist_events,1,"{""date"": ""2026-02-01T06:00:00Z"", ""dateFormat"": ""iso""}"
7f0e9bf7d130dddac699670f5fbf068c840f6215cd3ed5ddea8317f10b00eb22,2026-02-02T06:00:00Z,,oddsapi/hist_events,1,"{""date"": ""2026-02-02T06:00:00Z"", ""dateFormat"": ""iso""}"
4fd84ecd305caea2f25463b47fc6239f45e82c89e34f8a8325ea9499e774bee2,2026-02-03T06:00:00Z,,oddsapi/hist_events,1,"{""date"": ""2026-02-03T06:00:00Z"", ""dateFormat"": ""iso""}"
c0f1ae9b59929b4cf203ee341982a7e7d5aa787bfe4c8b1b34ae1c26ed3fe399,2026-02-04T06:00:00Z,,oddsapi/hist_events,1,"{""date"": ""2026-02-04T06:00:00Z"", ""dateFormat"": ""iso""}"
8b74d7f757a7820c42d7748e4e9c5dd2fff0d0cc72f87171b791b4bfc0b2651f,2026-02-05T06:00:00Z,,oddsapi/hist_events,1,"{""date"": ""2026-02-05T06:00:00Z"", ""dateFormat"": ""iso""}"
d42162d5862137b00af608a55c9d33095988c7c0f4b66e08ea26754be9e65eed,2026-02-06T06:00:00Z,,oddsapi/hist_events,1,"{""date"": ""2026-02-06T06:00:00Z"", ""dateFormat"": ""iso""}"
7bbd0b08b083fdbf951967f8a41c7197de3e2cca88df511263412fe6dd7d6a46,2026-02-07T06:00:00Z,,oddsapi/hist_events,1,"{""date"": ""2026-02-07T06:00:00Z"", ""dateFormat"": ""iso""}"
c3bff9ed9989a889f29230d407e49fec9fdb0abc1e4707a100697a8019feecd1,2026-02-08T06:00:00Z,,oddsapi/hist_events,1,"{""date"": ""2026-02-08T06:00:00Z"", ""dateFormat"": ""iso""}"
6ce87f4a42539f46ba5f7169485c255b12c86b8f808306447970d64fd2d44bdf,2026-02-09T06:00:00Z,,oddsapi/hist_events,1,"{""date"": ""2026-02-09T06:00:00Z"", ""dateFormat"": ""iso""}"
