logged_at,pull,sport,source,path,event_id,requested_ts,returned_ts,previous_ts,next_ts,markets,books,n_events,expected_credits,credits_last,remaining,http_status,sha256,cache_key,sealed
2026-10-01T00:34:43Z,account,,,/sports,,,,,,,,,,0,5000000,200,41f69c1885771429ae77ee59d574192d680eaa4da0d6c8e99abeeb1bed42756d,,
2026-10-01T00:34:46Z,FOOTBALL_PROBE_V1,americanfootball_ncaaf,oddsapi/hist_odds,/historical/sports/americanfootball_ncaaf/odds,,2025-10-04T02:30:00Z,2025-10-04T02:25:39Z,2025-10-04T02:20:39Z,2025-10-04T02:30:39Z,"h2h,spreads,totals","pinnacle,lowvig,betonlineag,draftkings,fanduel,betmgm,williamhill_us,fanatics,betrivers,espnbet",63,30,30,4999970,200,33f6c0b5f7930e0ca0ae6b16d9f0c91886934edb3c445f35640964dcafe98982,39ae9563fa984741ae30,False
2026-10-01T00:34:47Z,FOOTBALL_PROBE_V1,americanfootball_ncaaf,oddsapi/hist_odds,/historical/sports/americanfootball_ncaaf/odds,,2025-10-04T16:00:00Z,2025-10-04T15:55:38Z,2025-10-04T15:50:38Z,2025-10-04T16:00:40Z,"h2h,spreads,totals","pinnacle,lowvig,betonlineag,draftkings,fanduel,betmgm,williamhill_us,fanatics,betrivers,espnbet",63,30,30,4999940,200,31261d43cd386891cb1809f46efb8a48629d2eb067df576ae5aec46d111df19b,cc718ab71b11a2ff524e,False
2026-10-01T00:34:48Z,FOOTBALL_PROBE_V1,americanfootball_nfl,oddsapi/hist_odds,/historical/sports/americanfootball_nfl/odds,,2025-10-05T02:30:00Z,2025-10-05T02:25:37Z,2025-10-05T02:20:37Z,2025-10-05T02:30:38Z,"h2h,spreads,totals","pinnacle,lowvig,betonlineag,draftkings,fanduel,betmgm,williamhill_us,fanatics,betrivers,espnbet",27,30,30,4999910,200,ecbf402552de7b33853c4da90916086639c2f1c87bad4b76358b0829a16f131e,07437b2cc2ea33c824d9,False
2026-10-01T00:34:49Z,FOOTBALL_PROBE_V1,americanfootball_nfl,oddsapi/hist_odds,/historical/sports/americanfootball_nfl/odds,,2025-10-05T16:00:00Z,2025-10-05T15:55:38Z,2025-10-05T15:50:38Z,2025-10-05T16:00:37Z,"h2h,spreads,totals","pinnacle,lowvig,betonlineag,draftkings,fanduel,betmgm,williamhill_us,fanatics,betrivers,espnbet",26,30,30,4999880,200,fa11ca0f0373efb52d40513104530ae8ddcd93cbc3c3edce3012cb5ab6cf850b,450e43cf601f93c77e4f,False
2026-10-01T00:34:50Z,FOOTBALL_PROBE_V1,americanfootball_ncaaf,oddsapi/hist_odds,/historical/sports/americanfootball_ncaaf/odds,,2024-10-05T02:30:00Z,2024-10-05T02:25:39Z,2024-10-05T02:20:39Z,2024-10-05T02:30:38Z,"h2h,spreads,totals","pinnacle,lowvig,betonlineag,draftkings,fanduel,betmgm,williamhill_us,fanatics,betrivers,espnbet",73,30,30,4999850,200,6e5b36fdf97d4826e61c8ec70b4e6d8908649884902ecbbce1ed3671be014f9f,0d1391b28c852f8e0ae6,False
2026-10-01T00:34:51Z,FOOTBALL_PROBE_V1,americanfootball_ncaaf,oddsapi/hist_odds,/historical/sports/americanfootball_ncaaf/odds,,2024-10-05T16:00:00Z,2024-10-05T15:55:38Z,2024-10-05T15:50:38Z,2024-10-05T16:00:38Z,"h2h,spreads,totals","pinnacle,lowvig,betonlineag,draftkings,fanduel,betmgm,williamhill_us,fanatics,betrivers,espnbet",70,30,30,4999820,200,ad81b24f9094a82e5928d46785a1cfaaf0ea22e73a539b103a95ffce1be9923a,92311e9ed4260918a250,False
2026-10-01T00:34:52Z,FOOTBALL_PROBE_V1,americanfootball_nfl,oddsapi/hist_odds,/historical/sports/americanfootball_nfl/odds,,2024-10-06T02:30:00Z,2024-10-06T02:25:37Z,2024-10-06T02:20:37Z,2024-10-06T02:30:37Z,"h2h,spreads,totals","pinnacle,lowvig,betonlineag,draftkings,fanduel,betmgm,williamhill_us,fanatics,betrivers,espnbet",25,30,30,4999790,200,1a5e5af587677417f40f701089ee18e1e0f93822da2ad8d44baafe7f5ed80c98,737fba60579069893793,False
2026-10-01T00:34:53Z,FOOTBALL_PROBE_V1,americanfootball_nfl,oddsapi/hist_odds,/historical/sports/americanfootball_nfl/odds,,2024-10-06T16:00:00Z,2024-10-06T15:55:39Z,2024-10-06T15:50:37Z,2024-10-06T16:00:37Z,"h2h,spreads,totals","pinnacle,lowvig,betonlineag,draftkings,fanduel,betmgm,williamhill_us,fanatics,betrivers,espnbet",24,30,30,4999760,200,cbba522df7c8a200da7728130ec5dae271c6d3cc495356abb78e328ad4dda19e,a963b6ebc4276c203ff9,False
2026-10-01T00:34:54Z,FOOTBALL_PROBE_V1,americanfootball_ncaaf,oddsapi/hist_odds,/historical/sports/americanfootball_ncaaf/odds,,2023-10-07T02:30:00Z,2023-10-07T02:25:41Z,2023-10-07T02:20:42Z,2023-10-07T02:30:42Z,"h2h,spreads,totals","pinnacle,lowvig,betonlineag,draftkings,fanduel,betmgm,williamhill_us,fanatics,betrivers,espnbet",63,30,30,4999730,200,6c3eb8bca6cc7279018df3e6a7cf4ff625a9748486a3378e3a1513b6761e8416,7057b0ee271358457a7f,False
2026-10-01T00:34:55Z,FOOTBALL_PROBE_V1,americanfootball_ncaaf,oddsapi/hist_odds,/historical/sports/americanfootball_ncaaf/odds,,2023-10-07T16:00:00Z,2023-10-07T15:55:41Z,2023-10-07T15:50:42Z,2023-10-07T16:00:41Z,"h2h,spreads,totals","pinnacle,lowvig,betonlineag,draftkings,fanduel,betmgm,williamhill_us,fanatics,betrivers,espnbet",61,30,30,4999700,200,a33c24c0c38acf3566c7e7c7c65890346b550d6b042c5e00651171f4243ff715,3d225f22e454974fc9a8,False
2026-10-01T00:34:56Z,FOOTBALL_PROBE_V1,americanfootball_nfl,oddsapi/hist_odds,/historical/sports/americanfootball_nfl/odds,,2023-10-01T02:30:00Z,2023-10-01T02:25:40Z,2023-10-01T02:20:41Z,2023-10-01T02:30:41Z,"h2h,spreads,totals","pinnacle,lowvig,betonlineag,draftkings,fanduel,betmgm,williamhill_us,fanatics,betrivers,espnbet",29,30,30,4999670,200,0fee35f5d6be71957faa4c8541e5e92e29fa7736faf8dec0629c967902cd0889,705b0d0fb2fbd8901ead,False
2026-10-01T00:34:56Z,FOOTBALL_PROBE_V1,americanfootball_nfl,oddsapi/hist_odds,/historical/sports/americanfootball_nfl/odds,,2023-10-01T16:00:00Z,2023-10-01T15:55:41Z,2023-10-01T15:50:40Z,2023-10-01T16:00:40Z,"h2h,spreads,totals","pinnacle,lowvig,betonlineag,draftkings,fanduel,betmgm,williamhill_us,fanatics,betrivers,espnbet",27,30,30,4999640,200,bac952aa0c9c81dbadf915d3423d458007e5f9f16cab02d18b4c5d060563c0a1,92d89dd585d78d466246,False
2026-10-01T00:34:57Z,FOOTBALL_PROBE_V1,americanfootball_ncaaf,oddsapi/hist_odds,/historical/sports/americanfootball_ncaaf/odds,,2022-10-01T02:30:00Z,2022-10-01T02:25:39Z,2022-10-01T02:20:39Z,2022-10-01T02:30:39Z,"h2h,spreads,totals","pinnacle,lowvig,betonlineag,draftkings,fanduel,betmgm,williamhill_us,fanatics,betrivers,espnbet",59,30,30,4999610,200,0b7856817d16bd68dcad4112fe17e4013bb4ba7bb5d7d210403e28c69a87ef4e,621e745d618365dc3d0a,False
2026-10-01T00:34:58Z,FOOTBALL_PROBE_V1,americanfootball_ncaaf,oddsapi/hist_odds,/historical/sports/americanfootball_ncaaf/odds,,2022-10-01T16:00:00Z,2022-10-01T15:55:39Z,2022-10-01T15:50:39Z,2022-10-01T16:00:39Z,"h2h,spreads,totals","pinnacle,lowvig,betonlineag,draftkings,fanduel,betmgm,williamhill_us,fanatics,betrivers,espnbet",95,30,30,4999580,200,b4a905680dcc70450f3d7c966bd64b62f071b05f6a073050793c8f9321074aa7,75e526cb80d0bc530594,False
2026-10-01T00:34:59Z,FOOTBALL_PROBE_V1,americanfootball_nfl,oddsapi/hist_odds,/historical/sports/americanfootball_nfl/odds,,2022-10-02T02:30:00Z,2022-10-02T02:25:38Z,2022-10-02T02:20:38Z,2022-10-02T02:30:38Z,"h2h,spreads,totals","pinnacle,lowvig,betonlineag,draftkings,fanduel,betmgm,williamhill_us,fanatics,betrivers,espnbet",29,30,30,4999550,200,f65669cde73a1517ad032e75b1ec6b1dbbf3b3364a7abd0f96b01078c0effc30,4781fee186f4b0aa82e7,False
2026-10-01T00:34:59Z,FOOTBALL_PROBE_V1,americanfootball_nfl,oddsapi/hist_odds,/historical/sports/americanfootball_nfl/odds,,2022-10-02T16:00:00Z,2022-10-02T15:55:38Z,2022-10-02T15:50:38Z,2022-10-02T16:00:38Z,"h2h,spreads,totals","pinnacle,lowvig,betonlineag,draftkings,fanduel,betmgm,williamhill_us,fanatics,betrivers,espnbet",29,30,30,4999520,200,86306b5992798c11299f21cfd8ca70de01a833c054c14b5b35aeb670dc02c437,8e025a2773eaba76699c,False
2026-10-01T00:35:00Z,FOOTBALL_PROBE_V1,americanfootball_ncaaf,oddsapi/hist_odds,/historical/sports/americanfootball_ncaaf/odds,,2021-10-02T02:30:00Z,2021-10-02T02:25:00Z,2021-10-02T02:15:00Z,2021-10-02T02:35:00Z,"h2h,spreads,totals","pinnacle,lowvig,betonlineag,draftkings,fanduel,betmgm,williamhill_us,fanatics,betrivers,espnbet",62,30,30,4999490,200,38258b66ab6ba0c34c77085b018e2beda21c99f647d0cb4cd285749ed199f4e1,3479d10361f771b32e7f,False
2026-10-01T00:35:01Z,FOOTBALL_PROBE_V1,americanfootball_ncaaf,oddsapi/hist_odds,/historical/sports/americanfootball_ncaaf/odds,,2021-10-02T16:00:00Z,2021-10-02T15:55:00Z,2021-10-02T15:45:00Z,2021-10-02T16:05:00Z,"h2h,spreads,totals","pinnacle,lowvig,betonlineag,draftkings,fanduel,betmgm,williamhill_us,fanatics,betrivers,espnbet",79,30,30,4999460,200,c1575c2e636835015d9bbb6c4488cbcf9c3c981be2fa76d40658a718b8b1bf69,bd21c8f852a664ba5636,False
2026-10-01T00:35:01Z,FOOTBALL_PROBE_V1,americanfootball_nfl,oddsapi/hist_odds,/historical/sports/americanfootball_nfl/odds,,2021-10-03T02:30:00Z,2021-10-03T02:25:00Z,2021-10-03T02:15:00Z,2021-10-03T02:35:00Z,"h2h,spreads,totals","pinnacle,lowvig,betonlineag,draftkings,fanduel,betmgm,williamhill_us,fanatics,betrivers,espnbet",15,30,30,4999430,200,382da0a898131cf44bd041cd506193ad5b50529da8e808b90c0fa88d3f9cdc90,a05d089174e2f312445f,False
2026-10-01T00:35:02Z,FOOTBALL_PROBE_V1,americanfootball_nfl,oddsapi/hist_odds,/historical/sports/americanfootball_nfl/odds,,2021-10-03T16:00:00Z,2021-10-03T15:55:00Z,2021-10-03T15:45:00Z,2021-10-03T16:05:00Z,"h2h,spreads,totals","pinnacle,lowvig,betonlineag,draftkings,fanduel,betmgm,williamhill_us,fanatics,betrivers,espnbet",15,30,30,4999400,200,8ce32d94ca0756c89e6b0ff4e1422a0b25fdcd94a72e54e92234485f040d63a0,d60a0205f09756698dad,False
2026-10-01T00:35:02Z,FOOTBALL_PROBE_V1,americanfootball_ncaaf,oddsapi/hist_odds,/historical/sports/americanfootball_ncaaf/odds,,2020-10-03T02:30:00Z,2020-10-03T02:25:00Z,2020-10-03T02:15:00Z,2020-10-03T02:35:00Z,"h2h,spreads,totals","pinnacle,lowvig,betonlineag,draftkings,fanduel,betmgm,williamhill_us,fanatics,betrivers,espnbet",30,30,30,4999370,200,cd5bc0407096b264c4f70454297082ea63e08d1f27dac5ee363c7ff2ba127b75,6682603e1b136e8a254d,False
2026-10-01T00:35:03Z,FOOTBALL_PROBE_V1,americanfootball_ncaaf,oddsapi/hist_odds,/historical/sports/americanfootball_ncaaf/odds,,2020-10-03T16:00:00Z,2020-10-03T15:55:00Z,2020-10-03T15:45:00Z,2020-10-03T16:05:00Z,"h2h,spreads,totals","pinnacle,lowvig,betonlineag,draftkings,fanduel,betmgm,williamhill_us,fanatics,betrivers,espnbet",29,30,30,4999340,200,25f5eab3313b3e0a006bf39da410c0b20350bef6b7ad8ca255e9185411476d00,d45422136cb9a37e64a8,False
2026-10-01T00:35:04Z,FOOTBALL_PROBE_V1,americanfootball_nfl,oddsapi/hist_odds,/historical/sports/americanfootball_nfl/odds,,2020-10-04T02:30:00Z,2020-10-04T02:25:00Z,2020-10-04T02:15:00Z,2020-10-04T02:35:00Z,"h2h,spreads,totals","pinnacle,lowvig,betonlineag,draftkings,fanduel,betmgm,williamhill_us,fanatics,betrivers,espnbet",13,30,30,4999310,200,86afd01514477ed39bbb596cde287c04db0029d4afaf10174b5fb9fddc9e0292,5014da7083197abd6ab5,False
2026-10-01T00:35:04Z,FOOTBALL_PROBE_V1,americanfootball_nfl,oddsapi/hist_odds,/historical/sports/americanfootball_nfl/odds,,2020-10-04T16:00:00Z,2020-10-04T15:55:00Z,2020-10-04T15:45:00Z,2020-10-04T16:05:00Z,"h2h,spreads,totals","pinnacle,lowvig,betonlineag,draftkings,fanduel,betmgm,williamhill_us,fanatics,betrivers,espnbet",15,30,30,4999280,200,417aba3a5904e700bcacf2d4e0ad2107fd08756fdf907dc31e9fa092cdaf4bcf,df2349ce88e65d4dad4e,False
2026-10-01T00:35:05Z,FOOTBALL_PROBE_V1,americanfootball_ncaaf,oddsapi/hist_events,/historical/sports/americanfootball_ncaaf/events,,2025-08-20T06:00:00Z,2025-08-20T05:55:38Z,2025-08-20T05:50:39Z,2025-08-20T06:00:39Z,,,142,1,1,4999279,200,803b0fc3aa57c9697470aa8e709a0996917f861446f4d8e6986c361401bd1422,76ff1f45f6a842ece859,False
2026-10-01T00:35:06Z,FOOTBALL_PROBE_V1,americanfootball_ncaaf,oddsapi/hist_events,/historical/sports/americanfootball_ncaaf/events,,2025-08-22T06:00:00Z,2025-08-22T05:55:39Z,2025-08-22T05:50:40Z,2025-08-22T06:00:39Z,,,142,1,1,4999278,200,1ce49f70522f4935aa1c4cfc6f3dadbc527719b7f8de364236758eeeffabf915,0cc1d238e3174da4ebe5,False
2026-10-01T00:35:07Z,FOOTBALL_PROBE_V1,americanfootball_ncaaf,oddsapi/hist_events,/historical/sports/americanfootball_ncaaf/events,,2025-08-24T06:00:00Z,2025-08-24T05:55:40Z,2025-08-24T05:50:39Z,2025-08-24T06:00:38Z,,,139,1,1,4999277,200,37d420b4339c08420d5480465cb7820931d4c2378717726abaa642587887d01c,d87c7a37110e2fabea8a,False
2026-10-01T00:35:08Z,FOOTBALL_PROBE_V1,americanfootball_ncaaf,oddsapi/hist_events,/historical/sports/americanfootball_ncaaf/events,,2025-08-26T06:00:00Z,2025-08-26T05:55:39Z,2025-08-26T05:50:39Z,2025-08-26T06:00:39Z,,,146,1,1,4999276,200,a03d5d0eee84babf881fbe51c48a577566996b26b25505e8f588ec92c21f50d9,5b516e863150e92cdc8b,False
2026-10-01T00:35:10Z,FOOTBALL_PROBE_V1,americanfootball_ncaaf,oddsapi/hist_events,/historical/sports/americanfootball_ncaaf/events,,2025-08-28T06:00:00Z,2025-08-28T05:55:39Z,2025-08-28T05:50:39Z,2025-08-28T06:00:39Z,,,167,1,1,4999275,200,1af4293ce2e748024ad9f932c41058c26a272cca5261618be1379928814167ec,41f016d7255a6b08d748,False
2026-10-01T00:35:11Z,FOOTBALL_PROBE_V1,americanfootball_ncaaf,oddsapi/hist_events,/historical/sports/americanfootball_ncaaf/events,,2025-08-30T06:00:00Z,2025-08-30T05:55:39Z,2025-08-30T05:50:39Z,2025-08-30T06:00:39Z,,,132,1,1,4999274,200,fa83b8ff5fa4753e3df5d45af86f23790f9417ce64596a05481caab89bbd623d,ddfaecfc541f40e9da37,False
2026-10-01T00:35:11Z,FOOTBALL_PROBE_V1,americanfootball_ncaaf,oddsapi/hist_events,/historical/sports/americanfootball_ncaaf/events,,2025-09-01T06:00:00Z,2025-09-01T05:55:37Z,2025-09-01T05:50:37Z,2025-09-01T06:00:38Z,,,50,1,1,4999273,200,8c2be179122f4d132c8a19838a8f5a17d950ae6fa16acb56adf92c5a16f4fb0f,eb476cb99db395b71742,False
2026-10-01T00:35:12Z,FOOTBALL_PROBE_V1,americanfootball_ncaaf,oddsapi/hist_events,/historical/sports/americanfootball_ncaaf/events,,2025-09-03T06:00:00Z,2025-09-03T05:55:39Z,2025-09-03T05:50:38Z,2025-09-03T06:00:39Z,,,58,1,1,4999272,200,3f2b220dbcd742dc6cff727e6a9180c839dae3a098a9791be17dce2e9a730ea4,157d7ace931dba325636,False
2026-10-01T00:35:13Z,FOOTBALL_PROBE_V1,americanfootball_ncaaf,oddsapi/hist_events,/historical/sports/americanfootball_ncaaf/events,,2025-09-05T06:00:00Z,2025-09-05T05:55:39Z,2025-09-05T05:50:38Z,2025-09-05T06:00:38Z,,,68,1,1,4999271,200,e8e3e287e3293572ed4cf29f5526aeda824a03bc4ed7a55134a00fd83c558f69,9f008023d83c4a38bbd7,False
2026-10-01T00:35:14Z,FOOTBALL_PROBE_V1,americanfootball_ncaaf,oddsapi/hist_events,/historical/sports/americanfootball_ncaaf/events,,2025-09-07T06:00:00Z,2025-09-07T05:55:38Z,2025-09-07T05:50:38Z,2025-09-07T06:00:38Z,,,21,1,1,4999270,200,7f81ff7568e7905623c3799ddf673a7e99164a4eaa670dee2f3b99c2001eccdd,5053e9e7cde241963130,False
2026-10-01T00:35:15Z,FOOTBALL_PROBE_V1,americanfootball_ncaaf,oddsapi/hist_events,/historical/sports/americanfootball_ncaaf/events,,2025-09-09T06:00:00Z,2025-09-09T05:55:38Z,2025-09-09T05:50:39Z,2025-09-09T06:00:39Z,,,61,1,1,4999269,200,c3219d7948e253bb77b6d52021a165d5f031dc31bdd19e5efdea868451d3cb80,5007010beca86bf570d8,False
2026-10-01T00:35:16Z,FOOTBALL_PROBE_V1,americanfootball_ncaaf,oddsapi/hist_events,/historical/sports/americanfootball_ncaaf/events,,2025-09-11T06:00:00Z,2025-09-11T05:55:39Z,2025-09-11T05:50:40Z,2025-09-11T06:00:39Z,,,71,1,1,4999268,200,2b7e45422d5238b09b4080e0b74c1270dba70b88c74709ea8fd5b36bf9b331f6,96ef6e19a84bd65de67f,False
2026-10-01T00:35:17Z,FOOTBALL_PROBE_V1,americanfootball_ncaaf,oddsapi/hist_events,/historical/sports/americanfootball_ncaaf/events,,2025-09-13T06:00:00Z,2025-09-13T05:55:39Z,2025-09-13T05:50:39Z,2025-09-13T06:00:39Z,,,82,1,1,4999267,200,bfb4cebd20ebdcadac24db7676c63828cf740e7c1070c65bbbf36ca7332f21d9,800586979bfdc5b5447f,False
2026-10-01T00:35:18Z,FOOTBALL_PROBE_V1,americanfootball_ncaaf,oddsapi/hist_events,/historical/sports/americanfootball_ncaaf/events,,2025-09-15T06:00:00Z,2025-09-15T05:55:39Z,2025-09-15T05:50:39Z,2025-09-15T06:00:39Z,,,50,1,1,4999266,200,e999832103bec8d54bc2e3e787f1a00f783ee68e28297c441610a9c3cead152f,37a959179add1f621726,False
2026-10-01T00:35:19Z,FOOTBALL_PROBE_V1,americanfootball_ncaaf,oddsapi/hist_events,/historical/sports/americanfootball_ncaaf/events,,2025-09-17T06:00:00Z,2025-09-17T05:55:39Z,2025-09-17T05:50:39Z,2025-09-17T06:00:39Z,,,51,1,1,4999265,200,ae7879cb13b2d88ade4abe09fb3563b0bcc2a6ffe9e3968f2582dfbb1ada1372,cbbeef6b2caf9c0e8fd6,False
2026-10-01T00:35:20Z,FOOTBALL_PROBE_V1,americanfootball_ncaaf,oddsapi/hist_events,/historical/sports/americanfootball_ncaaf/events,,2025-09-19T06:00:00Z,2025-09-19T05:55:39Z,2025-09-19T05:50:39Z,2025-09-19T06:00:40Z,,,75,1,1,4999264,200,244ebca79c7c4d99cc8194c3a07e0092ee5104ac884f0406cf269b7bda6c78b4,bedeb04298de47335f36,False
2026-10-01T00:35:20Z,FOOTBALL_PROBE_V1,americanfootball_ncaaf,oddsapi/hist_events,/historical/sports/americanfootball_ncaaf/events,,2025-09-21T06:00:00Z,2025-09-21T05:55:38Z,2025-09-21T05:50:38Z,2025-09-21T06:00:38Z,,,22,1,1,4999263,200,e94f0495fbb99786c37bdb5d45b9889215c810b1c01386a323ff6ac0ce2492e3,282a3f56c2bab34242e3,False
2026-10-01T00:35:21Z,FOOTBALL_PROBE_V1,americanfootball_ncaaf,oddsapi/hist_events,/historical/sports/americanfootball_ncaaf/events,,2025-09-23T06:00:00Z,2025-09-23T05:55:39Z,2025-09-23T05:50:39Z,2025-09-23T06:00:39Z,,,51,1,1,4999262,200,23bd28f80e2e2a74b53f3a44b0db3d3115e3770293cc56b8bad55cbc17d4ba0d,c6b2a05c030bc8d95fc7,False
2026-10-01T00:35:22Z,FOOTBALL_PROBE_V1,americanfootball_ncaaf,oddsapi/hist_events,/historical/sports/americanfootball_ncaaf/events,,2025-09-25T06:00:00Z,2025-09-25T05:55:39Z,2025-09-25T05:50:39Z,2025-09-25T06:00:39Z,,,66,1,1,4999261,200,873e8e64fa62bb6e0c033545f813a968489ad1c0bccc940c43fae91569e84024,5db303f1bad8969293d5,False
2026-10-01T00:35:24Z,FOOTBALL_PROBE_V1,americanfootball_ncaaf,oddsapi/hist_events,/historical/sports/americanfootball_ncaaf/events,,2025-09-27T06:00:00Z,2025-09-27T05:55:40Z,2025-09-27T05:50:39Z,2025-09-27T06:00:40Z,,,66,1,1,4999260,200,184e1ddd89c0e0e4648efad7208c093da83e14d651571326d9c3a9b0facd1603,6fbbe84d95eeb705e862,False
2026-10-01T00:35:25Z,FOOTBALL_PROBE_V1,americanfootball_ncaaf,oddsapi/hist_events,/historical/sports/americanfootball_ncaaf/events,,2025-09-29T06:00:00Z,2025-09-29T05:55:39Z,2025-09-29T05:50:39Z,2025-09-29T06:00:38Z,,,51,1,1,4999259,200,6158eea2a7b3dea8826d51df217188cd8a453e668ba946b7976e48fb6ba4f528,f58ad2d98f90eb8c203f,False
2026-10-01T00:35:26Z,FOOTBALL_PROBE_V1,americanfootball_ncaaf,oddsapi/hist_events,/historical/sports/americanfootball_ncaaf/events,,2025-10-01T06:00:00Z,2025-10-01T05:55:39Z,2025-10-01T05:50:39Z,2025-10-01T06:00:39Z,,,52,1,1,4999258,200,086067c420a715bc1bdc19b7e3278e887aec7359f432d978caeadee38e6a2770,06a4584d0c63aea501fa,False
2026-10-01T00:35:27Z,FOOTBALL_PROBE_V1,americanfootball_ncaaf,oddsapi/hist_events,/historical/sports/americanfootball_ncaaf/events,,2025-10-03T06:00:00Z,2025-10-03T05:55:39Z,2025-10-03T05:51:42Z,2025-10-03T06:00:39Z,,,64,1,1,4999257,200,461a9a6dcb9d8b652aa8db49725c30e2d58b6bffbeae8a25fc271d2aff10dad9,7b73644eb193f6c7b37f,False
2026-10-01T00:35:27Z,FOOTBALL_PROBE_V1,americanfootball_ncaaf,oddsapi/hist_events,/historical/sports/americanfootball_ncaaf/events,,2025-10-05T06:00:00Z,2025-10-05T05:55:38Z,2025-10-05T05:50:38Z,2025-10-05T06:00:37Z,,,30,1,1,4999256,200,cf96f94b923eaa25f46d38b8e728d5ea5eba747dbcd455f210838c60558adee6,30432607d21929d414c4,False
2026-10-01T00:35:28Z,FOOTBALL_PROBE_V1,americanfootball_ncaaf,oddsapi/hist_events,/historical/sports/americanfootball_ncaaf/events,,2025-10-07T06:00:00Z,2025-10-07T05:55:38Z,2025-10-07T05:50:38Z,2025-10-07T06:00:38Z,,,56,1,1,4999255,200,8e1a278730cb3e878c5b9fbbe9b13dea271400739f5e8416770e2cf2bd1ae433,4aa033b2bab7d3ffecba,False
2026-10-01T00:35:30Z,FOOTBALL_PROBE_V1,americanfootball_ncaaf,oddsapi/hist_events,/historical/sports/americanfootball_ncaaf/events,,2025-10-09T06:00:00Z,2025-10-09T05:55:39Z,2025-10-09T05:50:39Z,2025-10-09T06:00:39Z,,,69,1,1,4999254,200,b0d35cead34a08fffe5b03b0e5bef136d830235239810c2fd3adbe3b2be4a6c2,2a95b015bb8e68027830,False
2026-10-01T00:35:31Z,FOOTBALL_PROBE_V1,americanfootball_ncaaf,oddsapi/hist_events,/historical/sports/americanfootball_ncaaf/events,,2025-10-11T06:00:00Z,2025-10-11T05:55:40Z,2025-10-11T05:50:39Z,2025-10-11T06:00:39Z,,,64,1,1,4999253,200,53338e083c82e0a4e3e94f51d45a68b5b8092939e3d4bbd0af00896c09a0f5b8,b53640fc4bcb131710ed,False
2026-10-01T00:35:32Z,FOOTBALL_PROBE_V1,americanfootball_ncaaf,oddsapi/hist_events,/historical/sports/americanfootball_ncaaf/events,,2025-10-13T06:00:00Z,2025-10-13T05:55:39Z,2025-10-13T05:50:39Z,2025-10-13T06:00:39Z,,,59,1,1,4999252,200,b946b92fec7f28ea11a6e6411f2edab289d045e8df999ace53bd32639c8e88ff,98f2cdabbfb93cfe8677,False
2026-10-01T00:35:33Z,FOOTBALL_PROBE_V1,americanfootball_ncaaf,oddsapi/hist_events,/historical/sports/americanfootball_ncaaf/events,,2025-10-15T06:00:00Z,2025-10-15T05:55:39Z,2025-10-15T05:50:39Z,2025-10-15T06:00:39Z,,,56,1,1,4999251,200,edbb8f086fafe9e6c68cdbd07b57e5aad2ba07c0b3d1a523f4ea49041a80ef4e,00ac17a0b2b12a281d2c,False
2026-10-01T00:35:34Z,FOOTBALL_PROBE_V1,americanfootball_ncaaf,oddsapi/hist_events,/historical/sports/americanfootball_ncaaf/events,,2025-10-17T06:00:00Z,2025-10-17T05:55:39Z,2025-10-17T05:50:39Z,2025-10-17T06:00:39Z,,,66,1,1,4999250,200,4f3abefcadc95e95f412f2a6464bf84e98b630364b0fbb4d831dc4bd84877a8d,cfea3adbbf09276f8442,False
2026-10-01T00:35:35Z,FOOTBALL_PROBE_V1,americanfootball_ncaaf,oddsapi/hist_events,/historical/sports/americanfootball_ncaaf/events,,2025-10-19T06:00:00Z,2025-10-19T05:55:39Z,2025-10-19T05:50:38Z,2025-10-19T06:00:38Z,,,27,1,1,4999249,200,3288598e8d12d57a08096d7242966f8bca5e37e7ee05ef10537b47d3e640eea0,ab676ea4daa5ab11d00a,False
2026-10-01T00:35:36Z,FOOTBALL_PROBE_V1,americanfootball_ncaaf,oddsapi/hist_events,/historical/sports/americanfootball_ncaaf/events,,2025-10-21T06:00:00Z,2025-10-21T05:55:39Z,2025-10-21T05:50:39Z,2025-10-21T06:00:39Z,,,53,1,1,4999248,200,f97ea81a7f11ba941a83cf9ff1f49b3d7a1b78c861b1988676b6f7ba24fb2352,3fa89e4a060c39c0d491,False
2026-10-01T00:35:37Z,FOOTBALL_PROBE_V1,americanfootball_ncaaf,oddsapi/hist_events,/historical/sports/americanfootball_ncaaf/events,,2025-10-23T06:00:00Z,2025-10-23T05:55:39Z,2025-10-23T05:50:39Z,2025-10-23T06:00:39Z,,,62,1,1,4999247,200,505b8decbf664f14efea8046313e570350177284731bbe54a218fb2c8e60b768,a8ee34cbafad2211400c,False
2026-10-01T00:35:38Z,FOOTBALL_PROBE_V1,americanfootball_ncaaf,oddsapi/hist_events,/historical/sports/americanfootball_ncaaf/events,,2025-10-25T06:00:00Z,2025-10-25T05:55:39Z,2025-10-25T05:50:39Z,2025-10-25T06:00:39Z,,,60,1,1,4999246,200,89778bb8797b66c553392e1989e7f92409bbcd79f94248cee2eb9c3e58d244e1,97fcc8f32079a45053f2,False
2026-10-01T00:35:39Z,FOOTBALL_PROBE_V1,americanfootball_ncaaf,oddsapi/hist_events,/historical/sports/americanfootball_ncaaf/events,,2025-10-27T06:00:00Z,2025-10-27T05:55:38Z,2025-10-27T05:50:39Z,2025-10-27T06:00:38Z,,,52,1,1,4999245,200,4ef18cc18ff4b09a1281beba613dc6ae0a570b3e10bee8b960cf83849cbc94e7,f9132ed4756653f62fbc,False
2026-10-01T00:35:40Z,FOOTBALL_PROBE_V1,americanfootball_ncaaf,oddsapi/hist_events,/historical/sports/americanfootball_ncaaf/events,,2025-10-29T06:00:00Z,2025-10-29T05:55:39Z,2025-10-29T05:50:39Z,2025-10-29T06:00:39Z,,,55,1,1,4999244,200,66b4fde06ce597113ed0a1be74f5afd50cac4e93d2fbd57766d66149dd11ee8a,9cd6ef211e301e96e893,False
2026-10-01T00:35:41Z,FOOTBALL_PROBE_V1,americanfootball_ncaaf,oddsapi/hist_events,/historical/sports/americanfootball_ncaaf/events,,2025-10-31T06:00:00Z,2025-10-31T05:55:39Z,2025-10-31T05:50:39Z,2025-10-31T06:00:39Z,,,59,1,1,4999243,200,9edf6e9117f15a43e1ad2fef0319c1d018728846597e483434bc320690ecf852,7789d2fa99e929640165,False
2026-10-01T00:35:41Z,FOOTBALL_PROBE_V1,americanfootball_ncaaf,oddsapi/hist_events,/historical/sports/americanfootball_ncaaf/events,,2025-11-02T06:00:00Z,2025-11-02T05:55:38Z,2025-11-02T05:50:38Z,2025-11-02T06:00:38Z,,,30,1,1,4999242,200,816d6fb9f02d290a915e25e41f9391f39582697fd679e8476c2ed93fe184b879,e77dca894285c6559b27,False
2026-10-01T00:35:42Z,FOOTBALL_PROBE_V1,americanfootball_ncaaf,oddsapi/hist_events,/historical/sports/americanfootball_ncaaf/events,,2025-11-04T06:00:00Z,2025-11-04T05:55:37Z,2025-11-04T05:50:37Z,2025-11-04T06:00:37Z,,,51,1,1,4999241,200,6ed641ba5f91284e03fed4625720d763e7d04135eacf530ce08e8febce235f7f,47f524ecef4e5e783829,False
2026-10-01T00:35:43Z,FOOTBALL_PROBE_V1,americanfootball_ncaaf,oddsapi/hist_events,/historical/sports/americanfootball_ncaaf/events,,2025-11-06T06:00:00Z,2025-11-06T05:55:37Z,2025-11-06T05:50:37Z,2025-11-06T06:00:38Z,,,60,1,1,4999240,200,9d2219b92570547496a4643661285cca1bb2175aaeaef910c0c151b278ba9ee7,82c08489f991c657d755,False
2026-10-01T00:35:45Z,FOOTBALL_PROBE_V1,americanfootball_ncaaf,oddsapi/hist_events,/historical/sports/americanfootball_ncaaf/events,,2025-11-08T06:00:00Z,2025-11-08T05:55:37Z,2025-11-08T05:50:37Z,2025-11-08T06:00:38Z,,,54,1,1,4999239,200,9f3ee9fda27b4ca01ddd484a585506e9e0df7219408f75787e52c452fe53f853,e15cd70d7cc15c9869fc,False
2026-10-01T00:35:45Z,FOOTBALL_PROBE_V1,americanfootball_ncaaf,oddsapi/hist_events,/historical/sports/americanfootball_ncaaf/events,,2025-11-10T06:00:00Z,2025-11-10T05:55:37Z,2025-11-10T05:50:37Z,2025-11-10T06:00:37Z,,,58,1,1,4999238,200,81b4434048dec362e5a82b25963cb395b7a67fc2ab979670d91c305eecf0745b,80ab04dbe7f62def5979,False
2026-10-01T00:35:46Z,FOOTBALL_PROBE_V1,americanfootball_ncaaf,oddsapi/hist_events,/historical/sports/americanfootball_ncaaf/events,,2025-11-12T06:00:00Z,2025-11-12T05:55:37Z,2025-11-12T05:50:37Z,2025-11-12T06:00:37Z,,,60,1,1,4999237,200,95ef6255410eae8312231b26414346185d7df89e0016c087f630c16b251726e1,d7b1f75361de8874ef41,False
2026-10-01T00:35:48Z,FOOTBALL_PROBE_V1,americanfootball_ncaaf,oddsapi/hist_events,/historical/sports/americanfootball_ncaaf/events,,2025-11-14T06:00:00Z,2025-11-14T05:55:37Z,2025-11-14T05:50:37Z,2025-11-14T06:00:39Z,,,72,1,1,4999236,200,6b936777604eb3a5c312a530ed00b96df19d3d14d3a87556cdbd6704b4e9299b,2f1114d6ead6fdd34fd3,False
2026-10-01T00:35:48Z,FOOTBALL_PROBE_V1,americanfootball_ncaaf,oddsapi/hist_events,/historical/sports/americanfootball_ncaaf/events,,2025-11-16T06:00:00Z,2025-11-16T05:55:37Z,2025-11-16T05:50:37Z,2025-11-16T06:00:37Z,,,32,1,1,4999235,200,0de1811873580503b48f09baeba12621361c60fc1a5a9c1cb601a6250451f7da,139ed878fcab32b51b1e,False
2026-10-01T00:35:49Z,FOOTBALL_PROBE_V1,americanfootball_ncaaf,oddsapi/hist_events,/historical/sports/americanfootball_ncaaf/events,,2025-11-18T06:00:00Z,2025-11-18T05:55:37Z,2025-11-18T05:50:37Z,2025-11-18T06:00:37Z,,,60,1,1,4999234,200,d3a862d7d9b404ba08763d08e9b9755b11f340438fe7b135fe47f3560568f31d,b627fa3c3a8d38654e7c,False
2026-10-01T00:35:50Z,FOOTBALL_PROBE_V1,americanfootball_ncaaf,oddsapi/hist_events,/historical/sports/americanfootball_ncaaf/events,,2025-11-20T06:00:00Z,2025-11-20T05:55:38Z,2025-11-20T05:50:37Z,2025-11-20T06:00:38Z,,,78,1,1,4999233,200,be9de9cc25e88efd05a1db9af23172736fc986ec345b347a84f6519f6cce3062,ecd80f2c48e84d72686e,False
2026-10-01T00:35:52Z,FOOTBALL_PROBE_V1,americanfootball_ncaaf,oddsapi/hist_events,/historical/sports/americanfootball_ncaaf/events,,2025-11-22T06:00:00Z,2025-11-22T05:55:38Z,2025-11-22T05:50:37Z,2025-11-22T06:00:38Z,,,77,1,1,4999232,200,e64a85bf16d0ed84cfc2d0afd29b94b15fb6b03635091cf0c203d849b41cdb3d,9201a614328e7fd963d9,False
2026-10-01T00:35:53Z,FOOTBALL_PROBE_V1,americanfootball_ncaaf,oddsapi/hist_events,/historical/sports/americanfootball_ncaaf/events,,2025-11-24T06:00:00Z,2025-11-24T05:55:37Z,2025-11-24T05:50:37Z,2025-11-24T06:00:37Z,,,68,1,1,4999231,200,887bfed5bdea54b2f338fa0c0a01927dfaae135668c053ab81a513828c1d9519,d82d869e97c1e0dcd0ec,False
2026-10-01T00:35:54Z,FOOTBALL_PROBE_V1,americanfootball_ncaaf,oddsapi/hist_events,/historical/sports/americanfootball_ncaaf/events,,2025-11-26T06:00:00Z,2025-11-26T05:55:37Z,2025-11-26T05:50:37Z,2025-11-26T06:00:38Z,,,72,1,1,4999230,200,6ec40f612ad6e02b439c742e5e7f50750ce7a380f716a42820762a55cbf7bf49,e49bc3245447fb19a44f,False
2026-10-01T00:35:56Z,FOOTBALL_PROBE_V1,americanfootball_ncaaf,oddsapi/hist_events,/historical/sports/americanfootball_ncaaf/events,,2025-11-28T06:00:00Z,2025-11-28T05:55:37Z,2025-11-28T05:50:38Z,2025-11-28T06:00:38Z,,,71,1,1,4999229,200,edba30e860f085299154c14caffbedb52001e370021b9531141eccd343389c10,68de882260e5fa45e7bc,False
2026-10-01T00:35:56Z,FOOTBALL_PROBE_V1,americanfootball_ncaaf,oddsapi/hist_events,/historical/sports/americanfootball_ncaaf/events,,2025-11-30T06:00:00Z,2025-11-30T05:55:37Z,2025-11-30T05:50:37Z,2025-11-30T06:00:37Z,,,12,1,1,4999228,200,65a46ec8afdebae905b3ddeeb75f418431215f6fb38318926073dcbab39f75c7,ac04e2b7ce7e2b16d5ec,False
2026-10-01T00:35:57Z,FOOTBALL_PROBE_V1,americanfootball_ncaaf,oddsapi/hist_events,/historical/sports/americanfootball_ncaaf/events,,2025-12-02T06:00:00Z,2025-12-02T05:55:37Z,2025-12-02T05:50:38Z,2025-12-02T06:00:37Z,,,11,1,1,4999227,200,1ce2066e938cede3e3c6610f6ec10baa2f4ef2f677cfdfe8ceefbe2109fb24e1,36866edef6c56299d695,False
2026-10-01T00:35:58Z,FOOTBALL_PROBE_V1,americanfootball_ncaaf,oddsapi/hist_events,/historical/sports/americanfootball_ncaaf/events,,2025-12-04T06:00:00Z,2025-12-04T05:55:37Z,2025-12-04T05:50:38Z,2025-12-04T06:00:37Z,,,10,1,1,4999226,200,0af3abf12525210ea801e47777c0a6005131b8b18fbf6e6a465ae475da2a2390,a9091f0946bba3e3c2ab,False
2026-10-01T00:35:58Z,FOOTBALL_PROBE_V1,americanfootball_ncaaf,oddsapi/hist_events,/historical/sports/americanfootball_ncaaf/events,,2025-12-06T06:00:00Z,2025-12-06T05:55:37Z,2025-12-06T05:50:37Z,2025-12-06T06:00:38Z,,,9,1,1,4999225,200,013002b3db61fd4b7303bcc5ad4cbf194c1285a0486303d8e4dd5844ca042881,7c09b76b0ea17a967f7b,False
2026-10-01T00:35:59Z,FOOTBALL_PROBE_V1,americanfootball_ncaaf,oddsapi/hist_events,/historical/sports/americanfootball_ncaaf/events,,2025-12-08T06:00:00Z,2025-12-08T05:55:37Z,2025-12-08T05:50:37Z,2025-12-08T06:00:37Z,,,40,1,1,4999224,200,f8a3d1b9b75e0784a100c80b343bb62a33789b344ed73006f6c2ce5f4ace0a61,6e6cb2da69a2b4bd0382,False
2026-10-01T00:35:59Z,FOOTBALL_PROBE_V1,americanfootball_ncaaf,oddsapi/hist_events,/historical/sports/americanfootball_ncaaf/events,,2025-12-10T06:00:00Z,2025-12-10T05:55:37Z,2025-12-10T05:50:37Z,2025-12-10T06:00:37Z,,,48,1,1,4999223,200,e4fa5176a463239a7ed99c8c162fb92b1669f23b0cd8c1598f072e4d91af1764,7a9dba1285dbc5d2de63,False
2026-10-01T00:36:00Z,FOOTBALL_PROBE_V1,americanfootball_ncaaf,oddsapi/hist_events,/historical/sports/americanfootball_ncaaf/events,,2025-12-12T06:00:00Z,2025-12-12T05:55:37Z,2025-12-12T05:50:37Z,2025-12-12T06:00:38Z,,,48,1,1,4999222,200,83d8c78b42874c38319f11ba8e3cd83827314e1e6867a5050f583e692cc54995,0c2d7109e32248ef5d00,False
2026-10-01T00:36:01Z,FOOTBALL_PROBE_V1,americanfootball_ncaaf,oddsapi/hist_events,/historical/sports/americanfootball_ncaaf/events,,2025-12-14T06:00:00Z,2025-12-14T05:55:37Z,2025-12-14T05:50:37Z,2025-12-14T06:00:37Z,,,46,1,1,4999221,200,ef92da8e64d327e5be4024f57fdf77bdfb3ccec54de46ceffb4c3289306119a2,3a97ab668880cac1e12a,False
2026-10-01T00:36:02Z,FOOTBALL_PROBE_V1,americanfootball_ncaaf,oddsapi/hist_events,/historical/sports/americanfootball_ncaaf/events,,2025-12-16T06:00:00Z,2025-12-16T05:55:37Z,2025-12-16T05:50:37Z,2025-12-16T06:00:37Z,,,46,1,1,4999220,200,01d8deba90da8ecdf1cce7faf542315136902b0fcd3660e35d0da06f2c60125a,14bcc6644a1bef9c449a,False
2026-10-01T00:36:03Z,FOOTBALL_PROBE_V1,americanfootball_ncaaf,oddsapi/hist_events,/historical/sports/americanfootball_ncaaf/events,,2025-12-18T06:00:00Z,2025-12-18T05:55:37Z,2025-12-18T05:50:37Z,2025-12-18T06:00:37Z,,,43,1,1,4999219,200,3e59053958758272670d43a87590dfc0349b8767fe60b22a7d42926d280ed64d,4b4a1dc6c8b6fb1ebd88,False
2026-10-01T00:36:04Z,FOOTBALL_PROBE_V1,americanfootball_ncaaf,oddsapi/hist_events,/historical/sports/americanfootball_ncaaf/events,,2025-12-20T06:00:00Z,2025-12-20T05:55:37Z,2025-12-20T05:50:37Z,2025-12-20T06:00:37Z,,,38,1,1,4999218,200,65cc19095b6e2f8336faf31441c11d92eddd36a7bbdfdce813ef66fa538932a7,8a754591319681d31b17,False
2026-10-01T00:36:05Z,FOOTBALL_PROBE_V1,americanfootball_ncaaf,oddsapi/hist_events,/historical/sports/americanfootball_ncaaf/events,,2025-12-22T06:00:00Z,2025-12-22T05:55:37Z,2025-12-22T05:50:37Z,2025-12-22T06:00:37Z,,,41,1,1,4999217,200,5dd4fbff48ad3e0480114ce2fe5ad25bd794f249532f3d89bd25b9e02d657c10,c9389825aba23f914d67,False
2026-10-01T00:36:05Z,FOOTBALL_PROBE_V1,americanfootball_ncaaf,oddsapi/hist_events,/historical/sports/americanfootball_ncaaf/events,,2025-12-24T06:00:00Z,2025-12-24T05:55:37Z,2025-12-24T05:50:37Z,2025-12-24T06:00:38Z,,,36,1,1,4999216,200,42530ada51e60ad09146aacb96073df2803fb8802361767d498a6bf333105dc4,2b36b93d8817f7b6c4cf,False
2026-10-01T00:36:06Z,FOOTBALL_PROBE_V1,americanfootball_ncaaf,oddsapi/hist_events,/historical/sports/americanfootball_ncaaf/events,,2025-12-26T06:00:00Z,2025-12-26T05:55:37Z,2025-12-26T05:50:37Z,2025-12-26T06:00:37Z,,,35,1,1,4999215,200,28dd19b1745829189806d9e42759b1677806a51ef7031790a3f25c08bbd36aad,8b6aa022040c99ca6bf7,False
2026-10-01T00:36:07Z,FOOTBALL_PROBE_V1,americanfootball_ncaaf,oddsapi/hist_events,/historical/sports/americanfootball_ncaaf/events,,2025-12-28T06:00:00Z,2025-12-28T05:55:37Z,2025-12-28T05:50:37Z,2025-12-28T06:00:37Z,,,25,1,1,4999214,200,6ab9b017d3e3d2437ee8c067f45d255b43c3586b4ac127cdbf985a5e6b1c985b,f57379fbe2fd1e1521be,False
2026-10-01T00:36:08Z,FOOTBALL_PROBE_V1,americanfootball_ncaaf,oddsapi/hist_events,/historical/sports/americanfootball_ncaaf/events,,2025-12-30T06:00:00Z,2025-12-30T05:55:37Z,2025-12-30T05:50:38Z,2025-12-30T06:00:37Z,,,24,1,1,4999213,200,fd60da79aa3b6a1b26cafbd3b2f95f7406b5605fdfd410161950cd56ada3d09d,9b8343928b1bed782c22,False
2026-10-01T00:36:08Z,FOOTBALL_PROBE_V1,americanfootball_ncaaf,oddsapi/hist_events,/historical/sports/americanfootball_ncaaf/events,,2026-01-01T06:00:00Z,2026-01-01T05:55:37Z,2026-01-01T05:50:37Z,2026-01-01T06:00:37Z,,,14,1,1,4999212,200,08da43d5f727a4e6f8d0b7a1f151c02b355f976fe0c78cb8cda4819551284963,66ac2e6ebc6d06ffcf98,False
2026-10-01T00:36:09Z,FOOTBALL_PROBE_V1,americanfootball_ncaaf,oddsapi/hist_events,/historical/sports/americanfootball_ncaaf/events,,2026-01-03T06:00:00Z,2026-01-03T05:55:37Z,2026-01-03T05:50:37Z,2026-01-03T06:00:48Z,,,7,1,1,4999211,200,295840e5204e5ed4e689ba6bd40431f914ad2c91e20476a370c717be516939f9,1c13e6debd4be79c41b2,False
2026-10-01T00:36:09Z,FOOTBALL_PROBE_V1,americanfootball_ncaaf,oddsapi/hist_events,/historical/sports/americanfootball_ncaaf/events,,2026-01-05T06:00:00Z,2026-01-05T05:55:37Z,2026-01-05T05:50:37Z,2026-01-05T06:00:37Z,,,7,1,1,4999210,200,c102e94b9a5f533ccc31c4dfe4908924b5315c2f0446ce2245c42517573a2d9a,b75948c0e48298af37eb,False
2026-10-01T00:36:10Z,FOOTBALL_PROBE_V1,americanfootball_ncaaf,oddsapi/hist_events,/historical/sports/americanfootball_ncaaf/events,,2026-01-07T06:00:00Z,2026-01-07T05:55:37Z,2026-01-07T05:50:37Z,2026-01-07T06:00:39Z,,,6,1,1,4999209,200,5d99ae26866cd593d1f562b741560db59ad647e991ca71c782d3fbe2fe858cc1,519fa597ecfb18fca4f9,False
2026-10-01T00:36:10Z,FOOTBALL_PROBE_V1,americanfootball_ncaaf,oddsapi/hist_events,/historical/sports/americanfootball_ncaaf/events,,2026-01-09T06:00:00Z,2026-01-09T05:55:37Z,2026-01-09T05:50:37Z,2026-01-09T06:00:37Z,,,3,1,1,4999208,200,3f61152fbbf4d0304b0bd84a67aae21ccd1530e45c69f627e6ad8ab4101f656c,e55918036aff8c685b64,False
2026-10-01T00:36:11Z,FOOTBALL_PROBE_V1,americanfootball_ncaaf,oddsapi/hist_events,/historical/sports/americanfootball_ncaaf/events,,2026-01-11T06:00:00Z,2026-01-11T05:55:37Z,2026-01-11T05:50:37Z,2026-01-11T06:00:37Z,,,1,1,1,4999207,200,38209519143457b3d94bff3462c6a7de2e502097e9d4a04547bb65c42b686118,3a360d0cbe523146e098,False
2026-10-01T00:36:11Z,FOOTBALL_PROBE_V1,americanfootball_ncaaf,oddsapi/hist_events,/historical/sports/americanfootball_ncaaf/events,,2026-01-13T06:00:00Z,2026-01-13T05:55:37Z,2026-01-13T05:50:37Z,2026-01-13T06:00:38Z,,,1,1,1,4999206,200,37ec1878b27a5aeb24ea043f518226fb041eb75308250448029e22dbdaf860c5,f7bdcf0b60092cb9fa65,False
2026-10-01T00:36:12Z,FOOTBALL_PROBE_V1,americanfootball_ncaaf,oddsapi/hist_events,/historical/sports/americanfootball_ncaaf/events,,2026-01-15T06:00:00Z,2026-01-15T05:55:37Z,2026-01-15T05:50:38Z,2026-01-15T06:00:38Z,,,1,1,1,4999205,200,27a29f5b17c51276fd2182cfeb7db2b1d5cf7f4e6d2cb541375f577bf90d7c33,345beb10331c2946cfd1,False
2026-10-01T00:36:12Z,FOOTBALL_PROBE_V1,americanfootball_ncaaf,oddsapi/hist_events,/historical/sports/americanfootball_ncaaf/events,,2026-01-17T06:00:00Z,2026-01-17T05:55:37Z,2026-01-17T05:50:38Z,2026-01-17T06:00:55Z,,,1,1,1,4999204,200,ab1845be17252a8b7cb053ec3a883ddb4a2445c14bf80237b5264eb5d2ef4c05,3d8378ea253d2aeb773d,False
2026-10-01T00:36:12Z,FOOTBALL_PROBE_V1,americanfootball_ncaaf,oddsapi/hist_events,/historical/sports/americanfootball_ncaaf/events,,2026-01-19T06:00:00Z,2026-01-19T05:55:37Z,2026-01-19T05:50:37Z,2026-01-19T06:00:37Z,,,1,1,1,4999203,200,4af62b4b14b308307b9fd7f0de4177500696c22b9c29f2e78d5d7ba0b15fb400,86c081382fc4e3777c07,False
2026-10-01T00:36:13Z,FOOTBALL_PROBE_V1,americanfootball_ncaaf,oddsapi/hist_events,/historical/sports/americanfootball_ncaaf/events,,2026-01-21T06:00:00Z,2026-01-20T04:25:37Z,2026-01-20T04:20:37Z,2026-01-29T09:15:38Z,,,1,1,1,4999202,200,dba8ae671d848983ee7b5a7234855b4af0d2241c2c24dbb79e0a763cf1027e64,2fccd76890d4ad0a8441,False
2026-10-01T00:36:13Z,FOOTBALL_PROBE_V1,americanfootball_ncaaf,oddsapi/hist_events,/historical/sports/americanfootball_ncaaf/events,,2026-01-23T06:00:00Z,2026-01-20T04:25:37Z,2026-01-20T04:20:37Z,2026-01-29T09:15:38Z,,,1,1,1,4999201,200,dba8ae671d848983ee7b5a7234855b4af0d2241c2c24dbb79e0a763cf1027e64,147026b5d0463796b68f,False
2026-10-01T00:36:14Z,FOOTBALL_PROBE_V1,americanfootball_ncaaf,oddsapi/hist_events,/historical/sports/americanfootball_ncaaf/events,,2026-01-25T06:00:00Z,2026-01-20T04:25:37Z,2026-01-20T04:20:37Z,2026-01-29T09:15:38Z,,,1,1,1,4999200,200,dba8ae671d848983ee7b5a7234855b4af0d2241c2c24dbb79e0a763cf1027e64,129663fea038113fd80a,False
2026-10-01T00:36:15Z,FOOTBALL_PROBE_V1,americanfootball_nfl,oddsapi/hist_events,/historical/sports/americanfootball_nfl/events,,2025-09-01T06:00:00Z,2025-09-01T05:55:37Z,2025-09-01T05:50:37Z,2025-09-01T06:00:38Z,,,272,1,1,4999199,200,a404836e688589bf18f07bad5c37a1edcfdc450accb8bb42503eae83a57d7e23,d6b6ca332c4e0dcce096,False
2026-10-01T00:36:16Z,FOOTBALL_PROBE_V1,americanfootball_nfl,oddsapi/hist_events,/historical/sports/americanfootball_nfl/events,,2025-09-03T06:00:00Z,2025-09-03T05:55:39Z,2025-09-03T05:50:38Z,2025-09-03T06:00:39Z,,,272,1,1,4999198,200,0293ee3747d37602fb614ac0134a25e6acec652f886136cab0aff285fbb26543,4c6823efa318169fa09f,False
2026-10-01T00:36:17Z,FOOTBALL_PROBE_V1,americanfootball_nfl,oddsapi/hist_events,/historical/sports/americanfootball_nfl/events,,2025-09-05T06:00:00Z,2025-09-05T05:55:39Z,2025-09-05T05:50:38Z,2025-09-05T06:00:38Z,,,242,1,1,4999197,200,8f5476652c6ece68a8a3b7c32942568eaf7cb3d8649754e52193130d6dec38dc,2bf9912007736e034605,False
2026-10-01T00:36:18Z,FOOTBALL_PROBE_V1,americanfootball_nfl,oddsapi/hist_events,/historical/sports/americanfootball_nfl/events,,2025-09-07T06:00:00Z,2025-09-07T05:55:38Z,2025-09-07T05:50:38Z,2025-09-07T06:00:38Z,,,215,1,1,4999196,200,01a1d69b0a3775a80c148d031514c3475549b4070c89942ffb2baf4e751f2f6c,f66d0ae45a04019fdf73,False
2026-10-01T00:36:18Z,FOOTBALL_PROBE_V1,americanfootball_nfl,oddsapi/hist_events,/historical/sports/americanfootball_nfl/events,,2025-09-09T06:00:00Z,2025-09-09T05:55:38Z,2025-09-09T05:50:39Z,2025-09-09T06:00:39Z,,,16,1,1,4999195,200,71cf4c274e3724183f556fc26a8e28dbe624146e56d997aac2088d796d957453,ce3a00911fba8cfe7442,False
2026-10-01T00:36:19Z,FOOTBALL_PROBE_V1,americanfootball_nfl,oddsapi/hist_events,/historical/sports/americanfootball_nfl/events,,2025-09-11T06:00:00Z,2025-09-11T05:55:39Z,2025-09-11T05:50:40Z,2025-09-11T06:00:39Z,,,32,1,1,4999194,200,b36b961f2021110b507e714a111eeaa5ddbc5a5a7064d1047c105f4b2dca9018,c4544c816d4a6c859495,False
2026-10-01T00:36:20Z,FOOTBALL_PROBE_V1,americanfootball_nfl,oddsapi/hist_events,/historical/sports/americanfootball_nfl/events,,2025-09-13T06:00:00Z,2025-09-13T05:55:39Z,2025-09-13T05:50:39Z,2025-09-13T06:00:39Z,,,31,1,1,4999193,200,6286d96285ce6cf6293df1c9f52b48eb9ba731033ac5bffff920b3e8a58dffd4,ccbd9e79a83840a91ce2,False
2026-10-01T00:36:21Z,FOOTBALL_PROBE_V1,americanfootball_nfl,oddsapi/hist_events,/historical/sports/americanfootball_nfl/events,,2025-09-15T06:00:00Z,2025-09-15T05:55:39Z,2025-09-15T05:50:39Z,2025-09-15T06:00:39Z,,,18,1,1,4999192,200,9e07c2fa33de640e1641f3b0fb95af783c7ed224ea28d9e02ca57eb4909051e0,e19a8b3d83e5ea639dc0,False
2026-10-01T00:36:22Z,FOOTBALL_PROBE_V1,americanfootball_nfl,oddsapi/hist_events,/historical/sports/americanfootball_nfl/events,,2025-09-17T06:00:00Z,2025-09-17T05:55:39Z,2025-09-17T05:50:39Z,2025-09-17T06:00:39Z,,,32,1,1,4999191,200,08f285b4ba6ad91cb773f70a2e9649c0b9a898ce3c11d0b62473247101edf67d,8971016c51ca146328aa,False
2026-10-01T00:36:23Z,FOOTBALL_PROBE_V1,americanfootball_nfl,oddsapi/hist_events,/historical/sports/americanfootball_nfl/events,,2025-09-19T06:00:00Z,2025-09-19T05:55:39Z,2025-09-19T05:50:39Z,2025-09-19T06:00:40Z,,,31,1,1,4999190,200,63f26cec62a275c6924e73f72c38f762fd226ebc65eac7e5a3c62ba30445630c,6ef6cc154b3a5a5825e6,False
2026-10-01T00:36:24Z,FOOTBALL_PROBE_V1,americanfootball_nfl,oddsapi/hist_events,/historical/sports/americanfootball_nfl/events,,2025-09-21T06:00:00Z,2025-09-21T05:55:38Z,2025-09-21T05:50:38Z,2025-09-21T06:00:38Z,,,31,1,1,4999189,200,6796e3c9fc02f8de23996d7fda9dc68505510d3177ec1f3d711741570aaa51d4,3e13416efae5d452bf95,False
2026-10-01T00:36:24Z,FOOTBALL_PROBE_V1,americanfootball_nfl,oddsapi/hist_events,/historical/sports/americanfootball_nfl/events,,2025-09-23T06:00:00Z,2025-09-23T05:55:39Z,2025-09-23T05:50:39Z,2025-09-23T06:00:39Z,,,16,1,1,4999188,200,2580faeaa544aa3ea1555e28c6e176bd94ff258eb03185e042df7e41fda95671,466c40bcdef6f012cb2f,False
2026-10-01T00:36:25Z,FOOTBALL_PROBE_V1,americanfootball_nfl,oddsapi/hist_events,/historical/sports/americanfootball_nfl/events,,2025-09-25T06:00:00Z,2025-09-25T05:55:39Z,2025-09-25T05:50:39Z,2025-09-25T06:00:39Z,,,30,1,1,4999187,200,13b8ef8593ad4caa615654705414f637875c37e8646144a2004f58c8e0279b0b,163882409dfcfead7717,False
2026-10-01T00:36:26Z,FOOTBALL_PROBE_V1,americanfootball_nfl,oddsapi/hist_events,/historical/sports/americanfootball_nfl/events,,2025-09-27T06:00:00Z,2025-09-27T05:55:40Z,2025-09-27T05:50:39Z,2025-09-27T06:00:40Z,,,29,1,1,4999186,200,1c2b799b27ea908670964f91d0d00ac179d9630a6906b05c2e59f29865897967,c53c80ca9df3d795e1f0,False
2026-10-01T00:36:27Z,FOOTBALL_PROBE_V1,americanfootball_nfl,oddsapi/hist_events,/historical/sports/americanfootball_nfl/events,,2025-09-29T06:00:00Z,2025-09-29T05:55:39Z,2025-09-29T05:50:39Z,2025-09-29T06:00:38Z,,,16,1,1,4999185,200,e842960e286287d76df969fac15b065ad469a514cffbc3fdc23bf98162a9686a,ee892735dc867a6d356b,False
2026-10-01T00:36:28Z,FOOTBALL_PROBE_V1,americanfootball_nfl,oddsapi/hist_events,/historical/sports/americanfootball_nfl/events,,2025-10-01T06:00:00Z,2025-10-01T05:55:39Z,2025-10-01T05:50:39Z,2025-10-01T06:00:39Z,,,29,1,1,4999184,200,90e64a5c540b55a7edb73372041795317779aa5af17b96938be399436c131a46,53d251d18517731a6abb,False
2026-10-01T00:36:29Z,FOOTBALL_PROBE_V1,americanfootball_nfl,oddsapi/hist_events,/historical/sports/americanfootball_nfl/events,,2025-10-03T06:00:00Z,2025-10-03T05:55:39Z,2025-10-03T05:51:42Z,2025-10-03T06:00:39Z,,,27,1,1,4999183,200,9a64f65f66ddc18c5ee5e3fe7088ea3cd9c9a624dcc95bd25df2df9422fd274a,d8b9fd808201bcce32a4,False
2026-10-01T00:36:30Z,FOOTBALL_PROBE_V1,americanfootball_nfl,oddsapi/hist_events,/historical/sports/americanfootball_nfl/events,,2025-10-05T06:00:00Z,2025-10-05T05:55:38Z,2025-10-05T05:50:38Z,2025-10-05T06:00:37Z,,,27,1,1,4999182,200,fbb5ef1dc66c11b3e3ce7450df8197d51b34235473bf0d4c1d82836fa65b08ea,bbc021655f9e67b2f4f0,False
2026-10-01T00:36:31Z,FOOTBALL_PROBE_V1,americanfootball_nfl,oddsapi/hist_events,/historical/sports/americanfootball_nfl/events,,2025-10-07T06:00:00Z,2025-10-07T05:55:38Z,2025-10-07T05:50:38Z,2025-10-07T06:00:38Z,,,15,1,1,4999181,200,54dca1b5ad626d1c07dd0da3680904d7f64ceb6bf6b4972639746755bb6ee79d,3518245bc4b5c1b946d0,False
2026-10-01T00:36:32Z,FOOTBALL_PROBE_V1,americanfootball_nfl,oddsapi/hist_events,/historical/sports/americanfootball_nfl/events,,2025-10-09T06:00:00Z,2025-10-09T05:55:39Z,2025-10-09T05:50:39Z,2025-10-09T06:00:39Z,,,30,1,1,4999180,200,ad1daa07a5cc7fec72720eac8e9c39d7b0d287a6a427ef41867bf144df3698aa,5511ac4f7afcc61902d0,False
2026-10-01T00:36:33Z,FOOTBALL_PROBE_V1,americanfootball_nfl,oddsapi/hist_events,/historical/sports/americanfootball_nfl/events,,2025-10-11T06:00:00Z,2025-10-11T05:55:40Z,2025-10-11T05:50:39Z,2025-10-11T06:00:39Z,,,29,1,1,4999179,200,bd64b66c7bce13156f312b840f021cfa6858056d26454f775a9721b3aa20ad00,cd6910bc13d87867c847,False
2026-10-01T00:36:33Z,FOOTBALL_PROBE_V1,americanfootball_nfl,oddsapi/hist_events,/historical/sports/americanfootball_nfl/events,,2025-10-13T06:00:00Z,2025-10-13T05:55:39Z,2025-10-13T05:50:39Z,2025-10-13T06:00:39Z,,,17,1,1,4999178,200,124552be6084039da9d6090407ca7239631153c6e1adce4009fc03f2ab329bc8,e44aa4dcc41bb65a25f6,False
2026-10-01T00:36:34Z,FOOTBALL_PROBE_V1,americanfootball_nfl,oddsapi/hist_events,/historical/sports/americanfootball_nfl/events,,2025-10-15T06:00:00Z,2025-10-15T05:55:39Z,2025-10-15T05:50:39Z,2025-10-15T06:00:39Z,,,28,1,1,4999177,200,e0bfa1febacaf4033b0569ead9e044bdff35bc1d5e34c085f8fa5efe052354d2,97e159922f42297f623a,False
2026-10-01T00:36:35Z,FOOTBALL_PROBE_V1,americanfootball_nfl,oddsapi/hist_events,/historical/sports/americanfootball_nfl/events,,2025-10-17T06:00:00Z,2025-10-17T05:55:39Z,2025-10-17T05:50:39Z,2025-10-17T06:00:39Z,,,27,1,1,4999176,200,500ec57687c8fa18699f625465d5ccb5db8e4f9b4bba808d33ac86abfc0a0e46,372c9b072323d79f421c,False
2026-10-01T00:36:36Z,FOOTBALL_PROBE_V1,americanfootball_nfl,oddsapi/hist_events,/historical/sports/americanfootball_nfl/events,,2025-10-19T06:00:00Z,2025-10-19T05:55:39Z,2025-10-19T05:50:38Z,2025-10-19T06:00:38Z,,,27,1,1,4999175,200,d55f280f1c956a9f19731456093b469a944e97c8d7f8167b5a6b221d624f03d6,a3b036e4b98730543e20,False
2026-10-01T00:36:37Z,FOOTBALL_PROBE_V1,americanfootball_nfl,oddsapi/hist_events,/historical/sports/americanfootball_nfl/events,,2025-10-21T06:00:00Z,2025-10-21T05:55:39Z,2025-10-21T05:50:39Z,2025-10-21T06:00:39Z,,,13,1,1,4999174,200,007ef6510fe451d13d5d09c3165fe7da6503aa72463a4fe6335d67065e34f7a7,a855e729e2a7a4879331,False
2026-10-01T00:36:38Z,FOOTBALL_PROBE_V1,americanfootball_nfl,oddsapi/hist_events,/historical/sports/americanfootball_nfl/events,,2025-10-23T06:00:00Z,2025-10-23T05:55:39Z,2025-10-23T05:50:39Z,2025-10-23T06:00:39Z,,,27,1,1,4999173,200,12b8a75783185f517be66d72054a925f44b681dacd0be45177ef52b3a59423f4,8153bda5279fa7478f78,False
2026-10-01T00:36:39Z,FOOTBALL_PROBE_V1,americanfootball_nfl,oddsapi/hist_events,/historical/sports/americanfootball_nfl/events,,2025-10-25T06:00:00Z,2025-10-25T05:55:39Z,2025-10-25T05:50:39Z,2025-10-25T06:00:39Z,,,26,1,1,4999172,200,f73213694c7cb69a74e5fbbbde79985976df5ffb7670f0db6fd737bfc2b29d46,18480836980b33f584e0,False
2026-10-01T00:36:39Z,FOOTBALL_PROBE_V1,americanfootball_nfl,oddsapi/hist_events,/historical/sports/americanfootball_nfl/events,,2025-10-27T06:00:00Z,2025-10-27T05:55:38Z,2025-10-27T05:50:39Z,2025-10-27T06:00:38Z,,,15,1,1,4999171,200,78ed084a45521ec9145ac69e2aaf584f24c899a60298e5e87c4bc45a05f6c599,67fa657fc3611be77fd0,False
2026-10-01T00:36:40Z,FOOTBALL_PROBE_V1,americanfootball_nfl,oddsapi/hist_events,/historical/sports/americanfootball_nfl/events,,2025-10-29T06:00:00Z,2025-10-29T05:55:39Z,2025-10-29T05:50:39Z,2025-10-29T06:00:39Z,,,28,1,1,4999170,200,9941811fe70d40e57135f1864c6dd52b4c02e5ddc6da4895e03960dbc201634a,83622efb53fdb928016f,False
2026-10-01T00:36:41Z,FOOTBALL_PROBE_V1,americanfootball_nfl,oddsapi/hist_events,/historical/sports/americanfootball_nfl/events,,2025-10-31T06:00:00Z,2025-10-31T05:55:39Z,2025-10-31T05:50:39Z,2025-10-31T06:00:39Z,,,27,1,1,4999169,200,6f60d5b0592a40e480804f317b15adf37d0889ba7aa4eba1f3564d1428a8c5fb,ff9ed2a1b601bd098c40,False
2026-10-01T00:36:42Z,FOOTBALL_PROBE_V1,americanfootball_nfl,oddsapi/hist_events,/historical/sports/americanfootball_nfl/events,,2025-11-02T06:00:00Z,2025-11-02T05:55:38Z,2025-11-02T05:50:38Z,2025-11-02T06:00:38Z,,,27,1,1,4999168,200,231fac27d3d5f91be4aec871ea1fd7f0ea62bdbff0657d76847ffb9744d7888d,0d65c82c6fdf3ad7c8a0,False
2026-10-01T00:36:43Z,FOOTBALL_PROBE_V1,americanfootball_nfl,oddsapi/hist_events,/historical/sports/americanfootball_nfl/events,,2025-11-04T06:00:00Z,2025-11-04T05:55:37Z,2025-11-04T05:50:37Z,2025-11-04T06:00:37Z,,,14,1,1,4999167,200,4abdf32e6da078bdd09db599346d8843dd6843e9a8fea8c0a476df97587df777,802c30fd27075ef5ec92,False
2026-10-01T00:36:43Z,FOOTBALL_PROBE_V1,americanfootball_nfl,oddsapi/hist_events,/historical/sports/americanfootball_nfl/events,,2025-11-06T06:00:00Z,2025-11-06T05:55:37Z,2025-11-06T05:50:37Z,2025-11-06T06:00:38Z,,,29,1,1,4999166,200,216deabcde90498a94b93225b512a20084e888f88020d5c3c5f900d296558335,397ffed84ceb2b6273d7,False
2026-10-01T00:36:44Z,FOOTBALL_PROBE_V1,americanfootball_nfl,oddsapi/hist_events,/historical/sports/americanfootball_nfl/events,,2025-11-08T06:00:00Z,2025-11-08T05:55:37Z,2025-11-08T05:50:37Z,2025-11-08T06:00:38Z,,,28,1,1,4999165,200,2adf1747de7ea96ccb435329d95019dfe5eccba4dcd40d0e0f5ae99981c111f8,717ff1a1f143485cdf31,False
2026-10-01T00:36:45Z,FOOTBALL_PROBE_V1,americanfootball_nfl,oddsapi/hist_events,/historical/sports/americanfootball_nfl/events,,2025-11-10T06:00:00Z,2025-11-10T05:55:37Z,2025-11-10T05:50:37Z,2025-11-10T06:00:37Z,,,16,1,1,4999164,200,7ae9482512909937ee58cc20a223e711e16be04bedc78f249a822ed2567da4a9,630af95daafe934e156e,False
2026-10-01T00:36:46Z,FOOTBALL_PROBE_V1,americanfootball_nfl,oddsapi/hist_events,/historical/sports/americanfootball_nfl/events,,2025-11-12T06:00:00Z,2025-11-12T05:55:37Z,2025-11-12T05:50:37Z,2025-11-12T06:00:37Z,,,29,1,1,4999163,200,db125f838fc2b9401f30cd82a2b4a2e311efa01ebc47798269bd2b51eef950ce,d61fea25120750cde779,False
2026-10-01T00:36:46Z,FOOTBALL_PROBE_V1,americanfootball_nfl,oddsapi/hist_events,/historical/sports/americanfootball_nfl/events,,2025-11-14T06:00:00Z,2025-11-14T05:55:37Z,2025-11-14T05:50:37Z,2025-11-14T06:00:39Z,,,28,1,1,4999162,200,4c30feb085df15a8dd3b7fc2cb753025f382f23625c5eaaa2a852c4c674f3790,6745f3d3318475471ee1,False
2026-10-01T00:36:47Z,FOOTBALL_PROBE_V1,americanfootball_nfl,oddsapi/hist_events,/historical/sports/americanfootball_nfl/events,,2025-11-16T06:00:00Z,2025-11-16T05:55:37Z,2025-11-16T05:50:37Z,2025-11-16T06:00:37Z,,,28,1,1,4999161,200,e3b9bb093c12a0da4afa317c5e6963a976ef50f623243066614cf1ba73498931,41a3ca2cd02e24a5c632,False
2026-10-01T00:36:48Z,FOOTBALL_PROBE_V1,americanfootball_nfl,oddsapi/hist_events,/historical/sports/americanfootball_nfl/events,,2025-11-18T06:00:00Z,2025-11-18T05:55:37Z,2025-11-18T05:50:37Z,2025-11-18T06:00:37Z,,,14,1,1,4999160,200,df84ab6cecf13b6475cc022d0ec51fc974890fcc24543452fe01c3f3455ad583,835aadf45ccc6e3574bf,False
2026-10-01T00:36:49Z,FOOTBALL_PROBE_V1,americanfootball_nfl,oddsapi/hist_events,/historical/sports/americanfootball_nfl/events,,2025-11-20T06:00:00Z,2025-11-20T05:55:38Z,2025-11-20T05:50:37Z,2025-11-20T06:00:38Z,,,30,1,1,4999159,200,fd665e5906d8e4ce1afee7513e2338cc9431dd4c43ae6171cb37a970312617cf,7f821881ac0d56024dad,False
2026-10-01T00:36:50Z,FOOTBALL_PROBE_V1,americanfootball_nfl,oddsapi/hist_events,/historical/sports/americanfootball_nfl/events,,2025-11-22T06:00:00Z,2025-11-22T05:55:38Z,2025-11-22T05:50:37Z,2025-11-22T06:00:38Z,,,29,1,1,4999158,200,5c2a6985d1788567927c302f6f9c26131dceabd78254f21b5f77565e8e40404b,3bd224b09a4753f24460,False
2026-10-01T00:36:50Z,FOOTBALL_PROBE_V1,americanfootball_nfl,oddsapi/hist_events,/historical/sports/americanfootball_nfl/events,,2025-11-24T06:00:00Z,2025-11-24T05:55:37Z,2025-11-24T05:50:37Z,2025-11-24T06:00:37Z,,,17,1,1,4999157,200,b1f1a3adaf1abf36e96bce65236eb3430148b907ee931ee53c88685de4202fd4,f770b4619c99d285add5,False
2026-10-01T00:36:52Z,FOOTBALL_PROBE_V1,americanfootball_nfl,oddsapi/hist_events,/historical/sports/americanfootball_nfl/events,,2025-11-26T06:00:00Z,2025-11-26T05:55:37Z,2025-11-26T05:50:37Z,2025-11-26T06:00:38Z,,,30,1,1,4999156,200,99f0d1a48338b5f89a7a90f93c01ff78e9d1e0758c3edf6ffa3e83074ca104e4,1576beb92a9bc103f7b8,False
2026-10-01T00:36:52Z,FOOTBALL_PROBE_V1,americanfootball_nfl,oddsapi/hist_events,/historical/sports/americanfootball_nfl/events,,2025-11-28T06:00:00Z,2025-11-28T05:55:37Z,2025-11-28T05:50:38Z,2025-11-28T06:00:38Z,,,25,1,1,4999155,200,23eea1c1053d64128d9fe685327951909af01dd5649218e36d81e25f664e0b85,3e085cbb89678e7316cd,False
2026-10-01T00:36:53Z,FOOTBALL_PROBE_V1,americanfootball_nfl,oddsapi/hist_events,/historical/sports/americanfootball_nfl/events,,2025-11-30T06:00:00Z,2025-11-30T05:55:37Z,2025-11-30T05:50:37Z,2025-11-30T06:00:37Z,,,26,1,1,4999154,200,d5d5540b8975e90429f1d88cae3a27796628a414b0766cb3e0a61cc3cf974cd8,4a3f7e9b4950a4f42b61,False
2026-10-01T00:36:55Z,FOOTBALL_PROBE_V1,americanfootball_nfl,oddsapi/hist_events,/historical/sports/americanfootball_nfl/events,,2025-12-02T06:00:00Z,2025-12-02T05:55:37Z,2025-12-02T05:50:38Z,2025-12-02T06:00:37Z,,,14,1,1,4999153,200,5d1228636b929d5740964d542e1ed2097d87347b2a421b76d86d2c3e5bec9817,d507932f1106531ffb75,False
2026-10-01T00:36:56Z,FOOTBALL_PROBE_V1,americanfootball_nfl,oddsapi/hist_events,/historical/sports/americanfootball_nfl/events,,2025-12-04T06:00:00Z,2025-12-04T05:55:37Z,2025-12-04T05:50:38Z,2025-12-04T06:00:37Z,,,30,1,1,4999152,200,31705064f26d93146c64f76d309a6c727dd06a20ee3daf86b0e5980198811f95,f823fc131105fc9b1db0,False
2026-10-01T00:36:56Z,FOOTBALL_PROBE_V1,americanfootball_nfl,oddsapi/hist_events,/historical/sports/americanfootball_nfl/events,,2025-12-06T06:00:00Z,2025-12-06T05:55:37Z,2025-12-06T05:50:37Z,2025-12-06T06:00:38Z,,,29,1,1,4999151,200,b705738ca065765f032ef14aa04b892f7aa793198a746e1b9ae87ed424adcddf,abddc5216850406a9531,False
2026-10-01T00:36:57Z,FOOTBALL_PROBE_V1,americanfootball_nfl,oddsapi/hist_events,/historical/sports/americanfootball_nfl/events,,2025-12-08T06:00:00Z,2025-12-08T05:55:37Z,2025-12-08T05:50:37Z,2025-12-08T06:00:37Z,,,17,1,1,4999150,200,05c3834cd0cfdaab11fc663778b50c9d51d7123cfe027a6b959ee24547ebd49c,b6c0081ba66c9aadd90f,False
2026-10-01T00:36:58Z,FOOTBALL_PROBE_V1,americanfootball_nfl,oddsapi/hist_events,/historical/sports/americanfootball_nfl/events,,2025-12-10T06:00:00Z,2025-12-10T05:55:37Z,2025-12-10T05:50:37Z,2025-12-10T06:00:37Z,,,32,1,1,4999149,200,05bad5e7f91392e21139dba1a7bf64ef9649851f0a9be5da21e87b69d9435fc7,1f57eee87b4fa566b830,False
2026-10-01T00:36:59Z,FOOTBALL_PROBE_V1,americanfootball_nfl,oddsapi/hist_events,/historical/sports/americanfootball_nfl/events,,2025-12-12T06:00:00Z,2025-12-12T05:55:37Z,2025-12-12T05:50:37Z,2025-12-12T06:00:38Z,,,31,1,1,4999148,200,8c22f7bf1ee4d5899be6f098ff02bc7ec83eca3f9a5510fabf83ffd7500f9816,b02d88057afb75590057,False
2026-10-01T00:37:00Z,FOOTBALL_PROBE_V1,americanfootball_nfl,oddsapi/hist_events,/historical/sports/americanfootball_nfl/events,,2025-12-14T06:00:00Z,2025-12-14T05:55:37Z,2025-12-14T05:50:37Z,2025-12-14T06:00:37Z,,,31,1,1,4999147,200,24d86cb295de6109264b4d57c13c1767540940d518de43d3a6326ecef7170a85,2fbac5e1b86e109ae5a1,False
2026-10-01T00:37:01Z,FOOTBALL_PROBE_V1,americanfootball_nfl,oddsapi/hist_events,/historical/sports/americanfootball_nfl/events,,2025-12-16T06:00:00Z,2025-12-16T05:55:37Z,2025-12-16T05:50:37Z,2025-12-16T06:00:37Z,,,16,1,1,4999146,200,0371d5f2502625cf92c7175cf1a890f000cd07eebe34b1b840a7393cee05ed66,c6a6757b7c410a47fa73,False
2026-10-01T00:37:02Z,FOOTBALL_PROBE_V1,americanfootball_nfl,oddsapi/hist_events,/historical/sports/americanfootball_nfl/events,,2025-12-18T06:00:00Z,2025-12-18T05:55:37Z,2025-12-18T05:50:37Z,2025-12-18T06:00:37Z,,,31,1,1,4999145,200,be5ba4f902bbbc1845caa82c882740b1ce28e7c97e73dd0f5ee9772296f72c0a,67e3aad76d6993ea3173,False
2026-10-01T00:37:03Z,FOOTBALL_PROBE_V1,americanfootball_nfl,oddsapi/hist_events,/historical/sports/americanfootball_nfl/events,,2025-12-20T06:00:00Z,2025-12-20T05:55:37Z,2025-12-20T05:50:37Z,2025-12-20T06:00:37Z,,,31,1,1,4999144,200,727900bfe6761305730dd19078dc45c1d893d9023e3ec7efbdfd8b8bc9ca953f,8be291ae1d2d1c822584,False
2026-10-01T00:37:04Z,FOOTBALL_PROBE_V1,americanfootball_nfl,oddsapi/hist_events,/historical/sports/americanfootball_nfl/events,,2025-12-22T06:00:00Z,2025-12-22T05:55:37Z,2025-12-22T05:50:37Z,2025-12-22T06:00:37Z,,,17,1,1,4999143,200,d02429879250a4a68be4870344f0c9b5d73d47df918e0888d4b832fb11cc3bac,3c024c91b7a4a8372fe8,False
2026-10-01T00:37:04Z,FOOTBALL_PROBE_V1,americanfootball_nfl,oddsapi/hist_events,/historical/sports/americanfootball_nfl/events,,2025-12-24T06:00:00Z,2025-12-24T05:55:37Z,2025-12-24T05:50:37Z,2025-12-24T06:00:38Z,,,16,1,1,4999142,200,58e1e420fc11784f94b4ec2d880a0c01d1e459496002c2584e91bee2403de541,761878eeea3c7f14454a,False
2026-10-01T00:37:05Z,FOOTBALL_PROBE_V1,americanfootball_nfl,oddsapi/hist_events,/historical/sports/americanfootball_nfl/events,,2025-12-26T06:00:00Z,2025-12-26T05:55:37Z,2025-12-26T05:50:37Z,2025-12-26T06:00:37Z,,,13,1,1,4999141,200,03f89e30b857036ced45642065489c0650f981a15c6084fe0aa623d459782d41,4776f56141f589d74160,False
2026-10-01T00:37:06Z,FOOTBALL_PROBE_V1,americanfootball_nfl,oddsapi/hist_events,/historical/sports/americanfootball_nfl/events,,2025-12-28T06:00:00Z,2025-12-28T05:55:37Z,2025-12-28T05:50:37Z,2025-12-28T06:00:37Z,,,11,1,1,4999140,200,c6a6ee815f4ada5137de5be5fd0782b6a320288013b38370db3328f9361d2778,6b41337f65cc808a9073,False
2026-10-01T00:37:07Z,FOOTBALL_PROBE_V1,americanfootball_nfl,oddsapi/hist_events,/historical/sports/americanfootball_nfl/events,,2025-12-30T06:00:00Z,2025-12-30T05:55:37Z,2025-12-30T05:50:38Z,2025-12-30T06:00:37Z,,,16,1,1,4999139,200,2f891b653c4306406abce8bafd4eac49d83ebeaaebd452c9b9feedeadbcf4f84,649beebd71b0c7cf44a5,False
2026-10-01T00:37:08Z,FOOTBALL_PROBE_V1,americanfootball_nfl,oddsapi/hist_events,/historical/sports/americanfootball_nfl/events,,2026-01-01T06:00:00Z,2026-01-01T05:55:37Z,2026-01-01T05:50:37Z,2026-01-01T06:00:37Z,,,16,1,1,4999138,200,9fc4e5c3192f9cc27ec82ad43dbef35d27e81560d1962885c0e8f4f3c55700c9,7129f79faebacb2992f5,False
2026-10-01T00:37:08Z,FOOTBALL_PROBE_V1,americanfootball_nfl,oddsapi/hist_events,/historical/sports/americanfootball_nfl/events,,2026-01-03T06:00:00Z,2026-01-03T05:55:37Z,2026-01-03T05:50:37Z,2026-01-03T06:00:48Z,,,16,1,1,4999137,200,05038423695ec7b94af6a1aa15a4cb0823cd847dced157e8eb1f3f609605d316,7e334c0936dcdd9d993d,False
2026-10-01T00:37:09Z,FOOTBALL_PROBE_V1,americanfootball_nfl,oddsapi/hist_events,/historical/sports/americanfootball_nfl/events,,2026-01-05T06:00:00Z,2026-01-05T05:55:37Z,2026-01-05T05:50:37Z,2026-01-05T06:00:37Z,,,6,1,1,4999136,200,7661a6aee6500cffbd68f218a996adcaa4a0351e58cdb7e7a70188bad009c421,28a3ed82ac662c3447e5,False
2026-10-01T00:37:09Z,FOOTBALL_PROBE_V1,americanfootball_nfl,oddsapi/hist_events,/historical/sports/americanfootball_nfl/events,,2026-01-07T06:00:00Z,2026-01-07T05:55:37Z,2026-01-07T05:50:37Z,2026-01-07T06:00:39Z,,,6,1,1,4999135,200,6c34000971aa387138478bff4cb632cee4ec8f5d5e2ac27c90a8c985cbf6d09f,0f019db0398fe7a157b3,False
2026-10-01T00:37:10Z,FOOTBALL_PROBE_V1,americanfootball_nfl,oddsapi/hist_events,/historical/sports/americanfootball_nfl/events,,2026-01-09T06:00:00Z,2026-01-09T05:55:37Z,2026-01-09T05:50:37Z,2026-01-09T06:00:37Z,,,6,1,1,4999134,200,3277528dd793dd3317032173c19bf2c304d1e28989f3b05f337f413f9c0150ab,f4d9aeb025eacf6c5ed7,False
2026-10-01T00:37:11Z,FOOTBALL_PROBE_V1,americanfootball_nfl,oddsapi/hist_events,/historical/sports/americanfootball_nfl/events,,2026-01-11T06:00:00Z,2026-01-11T05:55:37Z,2026-01-11T05:50:37Z,2026-01-11T06:00:37Z,,,4,1,1,4999133,200,5cbec25943d5b0c824cb62a2e7a85087959e046ccb27bd3ac8d94df580223f53,192cd1e5971e2b647617,False
2026-10-01T00:37:11Z,FOOTBALL_PROBE_V1,americanfootball_nfl,oddsapi/hist_events,/historical/sports/americanfootball_nfl/events,,2026-01-13T06:00:00Z,2026-01-13T05:55:37Z,2026-01-13T05:50:37Z,2026-01-13T06:00:38Z,,,4,1,1,4999132,200,8970240323e666c9e03b5fbe1df8365eecea7260933d6b7fb1ab79d1794c9753,197bd74235c15aa3319e,False
2026-10-01T00:37:12Z,FOOTBALL_PROBE_V1,americanfootball_nfl,oddsapi/hist_events,/historical/sports/americanfootball_nfl/events,,2026-01-15T06:00:00Z,2026-01-15T05:55:37Z,2026-01-15T05:50:38Z,2026-01-15T06:00:38Z,,,4,1,1,4999131,200,3114d82d468401d73124752550407a72c9221fa720f6bb911301b0bad0019b9b,25b7d0cbf48dd2fe0286,False
2026-10-01T00:37:12Z,FOOTBALL_PROBE_V1,americanfootball_nfl,oddsapi/hist_events,/historical/sports/americanfootball_nfl/events,,2026-01-17T06:00:00Z,2026-01-17T05:55:37Z,2026-01-17T05:50:38Z,2026-01-17T06:00:55Z,,,4,1,1,4999130,200,24c1927b6de4bd9fa38235a12fcab6989cb1e25b0e2bdebb0428d8ef88eb8ec3,feba1228e3571398689d,False
2026-10-01T00:37:13Z,FOOTBALL_PROBE_V1,americanfootball_nfl,oddsapi/hist_events,/historical/sports/americanfootball_nfl/events,,2026-01-19T06:00:00Z,2026-01-19T05:55:37Z,2026-01-19T05:50:37Z,2026-01-19T06:00:37Z,,,2,1,1,4999129,200,81f80a3c0837e0b46b25a4fbbb4749e1300d89c94cbbd27bd7e13fd8369b1ea8,7ed8b99a5c1d8780f4a3,False
2026-10-01T00:37:13Z,FOOTBALL_PROBE_V1,americanfootball_nfl,oddsapi/hist_events,/historical/sports/americanfootball_nfl/events,,2026-01-21T06:00:00Z,2026-01-21T05:55:37Z,2026-01-21T05:50:39Z,2026-01-21T06:00:37Z,,,2,1,1,4999128,200,07992ff2b7efc44ebab93aa9910ca7bf2a73dd6531500ac36119b1ab3f7a2319,a138a335912fa726db85,False
2026-10-01T00:37:14Z,FOOTBALL_PROBE_V1,americanfootball_nfl,oddsapi/hist_events,/historical/sports/americanfootball_nfl/events,,2026-01-23T06:00:00Z,2026-01-23T05:55:37Z,2026-01-23T05:50:37Z,2026-01-23T06:00:38Z,,,2,1,1,4999127,200,f4891bae26bb1788a1b9de4dc1039dd1b1643b71c91db101263222dffcc2a8ce,b1bae1f736677137fb67,False
2026-10-01T00:37:14Z,FOOTBALL_PROBE_V1,americanfootball_nfl,oddsapi/hist_events,/historical/sports/americanfootball_nfl/events,,2026-01-25T06:00:00Z,2026-01-25T05:55:37Z,2026-01-25T05:50:37Z,2026-01-25T06:00:37Z,,,2,1,1,4999126,200,cb4c889e41f77cbda660db13dad2d8b7005cc81d4b91c61cf677a7ad47ec8aec,e438635d06125efab0c6,False
2026-10-01T00:37:15Z,FOOTBALL_PROBE_V1,americanfootball_nfl,oddsapi/hist_events,/historical/sports/americanfootball_nfl/events,,2026-01-27T06:00:00Z,2026-01-27T05:55:37Z,2026-01-27T05:50:37Z,2026-01-27T06:00:39Z,,,1,1,1,4999125,200,970ebf57e4d1f766e9078ec95a2342d265389260e8b25baf0a1c16f567ac35f5,e31474254cc15ae0c7fb,False
2026-10-01T00:37:15Z,FOOTBALL_PROBE_V1,americanfootball_nfl,oddsapi/hist_events,/historical/sports/americanfootball_nfl/events,,2026-01-29T06:00:00Z,2026-01-29T05:55:38Z,2026-01-29T05:50:37Z,2026-01-29T06:00:38Z,,,1,1,1,4999124,200,68332c8d243a175776d2ff27c308b17a271b87b5bbacba9cef2e3562487b3085,1ebb97684cd7a9a6acb4,False
2026-10-01T00:37:15Z,FOOTBALL_PROBE_V1,americanfootball_nfl,oddsapi/hist_events,/historical/sports/americanfootball_nfl/events,,2026-01-31T06:00:00Z,2026-01-31T05:55:37Z,2026-01-31T05:50:37Z,2026-01-31T06:00:37Z,,,1,1,1,4999123,200,a7dfb967d79fab91bdf15654b488b207c680dadbe59a46ec1e4a61ef35ce5105,f898400f410b25fb6f4c,False
2026-10-01T00:37:16Z,FOOTBALL_PROBE_V1,americanfootball_nfl,oddsapi/hist_events,/historical/sports/americanfootball_nfl/events,,2026-02-02T06:00:00Z,2026-02-02T05:55:37Z,2026-02-02T05:50:37Z,2026-02-02T06:00:38Z,,,1,1,1,4999122,200,0f004860e9d72ec91603a3f3ef92cbb7272cdcea9556d2f57eb877223b91af84,ac70f22be62bb52662f5,False
2026-10-01T00:37:16Z,FOOTBALL_PROBE_V1,americanfootball_nfl,oddsapi/hist_events,/historical/sports/americanfootball_nfl/events,,2026-02-04T06:00:00Z,2026-02-04T05:55:37Z,2026-02-04T05:50:37Z,2026-02-04T06:00:37Z,,,1,1,1,4999121,200,0412d7eaea553fe5b760c76d202a34141db4bdc6ce59c2544870104b1950c622,223301bbb926df08d994,False
2026-10-01T00:37:17Z,FOOTBALL_PROBE_V1,americanfootball_nfl,oddsapi/hist_events,/historical/sports/americanfootball_nfl/events,,2026-02-06T06:00:00Z,2026-02-06T05:55:37Z,2026-02-06T05:50:37Z,2026-02-06T06:00:37Z,,,1,1,1,4999120,200,94eebcb3c8259497fb9cbf5a1a4e9f0ae44a39d56247c24de7fc32c467e50e5c,25c87c6e1637946a39e4,False
2026-10-01T00:37:17Z,FOOTBALL_PROBE_V1,americanfootball_nfl,oddsapi/hist_events,/historical/sports/americanfootball_nfl/events,,2026-02-08T06:00:00Z,2026-02-08T05:55:37Z,2026-02-08T05:50:37Z,2026-02-08T06:00:37Z,,,1,1,1,4999119,200,684c3d02d5bbef492d910ec229233960b963e5c27c15171ddc91063cf5ca86e6,4116a9391b4338a04091,False
2026-10-01T00:37:18Z,FOOTBALL_PROBE_V1,americanfootball_nfl,oddsapi/hist_events,/historical/sports/americanfootball_nfl/events,,2026-02-10T06:00:00Z,2026-02-09T03:35:37Z,2026-02-09T03:30:37Z,2026-05-07T17:40:38Z,,,1,1,1,4999118,200,77883995a746f4f150f24ab738e6f95e120ed49565f4b00de3b0560991205b0d,917883b017a6d4ff56bd,False
2026-10-01T00:37:18Z,FOOTBALL_PROBE_V1,americanfootball_nfl,oddsapi/hist_events,/historical/sports/americanfootball_nfl/events,,2026-02-12T06:00:00Z,2026-02-09T03:35:37Z,2026-02-09T03:30:37Z,2026-05-07T17:40:38Z,,,1,1,1,4999117,200,77883995a746f4f150f24ab738e6f95e120ed49565f4b00de3b0560991205b0d,98bde471fd7bfa650167,False
2026-10-01T00:37:18Z,FOOTBALL_PROBE_V1,americanfootball_nfl,oddsapi/hist_events,/historical/sports/americanfootball_nfl/events,,2026-02-14T06:00:00Z,2026-02-09T03:35:37Z,2026-02-09T03:30:37Z,2026-05-07T17:40:38Z,,,1,1,1,4999116,200,77883995a746f4f150f24ab738e6f95e120ed49565f4b00de3b0560991205b0d,3c481073de41ce8818e8,False
2026-10-01T00:37:19Z,FOOTBALL_PROBE_V1,americanfootball_ncaaf,oddsapi/hist_events,/historical/sports/americanfootball_ncaaf/events,,2024-08-20T06:00:00Z,2024-08-20T05:55:40Z,2024-08-20T05:50:38Z,2024-08-20T06:00:38Z,,,152,1,1,4999115,200,ed395cb4369ffb1abb6f48d912e5b5086626b2211d44b1736f4415386f326ab8,2b9e1cf22ff2d35b7712,False
2026-10-01T00:37:20Z,FOOTBALL_PROBE_V1,americanfootball_ncaaf,oddsapi/hist_events,/historical/sports/americanfootball_ncaaf/events,,2024-08-22T06:00:00Z,2024-08-22T05:55:40Z,2024-08-22T05:50:38Z,2024-08-22T06:00:39Z,,,156,1,1,4999114,200,09eed46e9dd859ea7adb19f146e7cfcfca254b0d3306288e11ab045a34f48591,67e997e61de59b4b428c,False
2026-10-01T00:37:21Z,FOOTBALL_PROBE_V1,americanfootball_ncaaf,oddsapi/hist_events,/historical/sports/americanfootball_ncaaf/events,,2024-08-24T06:00:00Z,2024-08-24T05:55:39Z,2024-08-24T05:50:39Z,2024-08-24T06:00:39Z,,,156,1,1,4999113,200,60618a48a9e274cefb97a57143612039e51a7cafa799e4d3ac6fb30a8c88803a,2ffcd4edac95760083e6,False
2026-10-01T00:37:22Z,FOOTBALL_PROBE_V1,americanfootball_ncaaf,oddsapi/hist_events,/historical/sports/americanfootball_ncaaf/events,,2024-08-26T06:00:00Z,2024-08-26T05:55:38Z,2024-08-26T05:50:39Z,2024-08-26T06:00:38Z,,,164,1,1,4999112,200,ff7aede6f311088edb7faea0f9b421447bacddd051196c57d565464d2bcfe690,4caf2f6d48daefc90e62,False
2026-10-01T00:37:23Z,FOOTBALL_PROBE_V1,americanfootball_ncaaf,oddsapi/hist_events,/historical/sports/americanfootball_ncaaf/events,,2024-08-28T06:00:00Z,2024-08-28T05:55:38Z,2024-08-28T05:50:38Z,2024-08-28T06:00:39Z,,,171,1,1,4999111,200,da52d0f9e55a36758aaf0e17b20cc504e3a321bb48b8fd8f1ec22570c6176acd,59b04d4f0a4fab4c1c53,False
2026-10-01T00:37:24Z,FOOTBALL_PROBE_V1,americanfootball_ncaaf,oddsapi/hist_events,/historical/sports/americanfootball_ncaaf/events,,2024-08-30T06:00:00Z,2024-08-30T05:55:39Z,2024-08-30T05:50:39Z,2024-08-30T06:00:39Z,,,161,1,1,4999110,200,72833a5a25986e34053de57d73deef978d5fab4c11f7b4048cf099d42e607355,38118ba803f5a89b4e64,False
2026-10-01T00:37:24Z,FOOTBALL_PROBE_V1,americanfootball_ncaaf,oddsapi/hist_events,/historical/sports/americanfootball_ncaaf/events,,2024-09-01T06:00:00Z,2024-09-01T05:55:37Z,2024-09-01T05:50:37Z,2024-09-01T06:00:38Z,,,22,1,1,4999109,200,a840e1bab0231e8c98121c253cc35e7f28dce7b0ed50010968e7cdd6bc72b27a,d131a939adb0881a0c3a,False
2026-10-01T00:37:25Z,FOOTBALL_PROBE_V1,americanfootball_ncaaf,oddsapi/hist_events,/historical/sports/americanfootball_ncaaf/events,,2024-09-03T06:00:00Z,2024-09-03T05:55:38Z,2024-09-03T05:50:38Z,2024-09-03T06:00:37Z,,,49,1,1,4999108,200,3e7454df335ae38246b65ab2378cf527dd2690559c2c21a8a754a9ab0b828f45,94ca95d7b8f4886fc524,False
2026-10-01T00:37:26Z,FOOTBALL_PROBE_V1,americanfootball_ncaaf,oddsapi/hist_events,/historical/sports/americanfootball_ncaaf/events,,2024-09-05T06:00:00Z,2024-09-05T05:55:38Z,2024-09-05T05:50:38Z,2024-09-05T06:00:38Z,,,78,1,1,4999107,200,8fe10a06b6859717ee398c1359d848acb3296b252a9e856705488d598baf27a6,10cfdc38905adb615a77,False
2026-10-01T00:37:27Z,FOOTBALL_PROBE_V1,americanfootball_ncaaf,oddsapi/hist_events,/historical/sports/americanfootball_ncaaf/events,,2024-09-07T06:00:00Z,2024-09-07T05:55:38Z,2024-09-07T05:50:38Z,2024-09-07T06:00:38Z,,,96,1,1,4999106,200,793b4843e307119e965c55f5400f8df8df36de1dce021ba7f4f1e27488313069,2a487b3edff29d396da0,False
2026-10-01T00:37:28Z,FOOTBALL_PROBE_V1,americanfootball_ncaaf,oddsapi/hist_events,/historical/sports/americanfootball_ncaaf/events,,2024-09-09T06:00:00Z,2024-09-09T05:55:38Z,2024-09-09T05:50:38Z,2024-09-09T06:00:38Z,,,53,1,1,4999105,200,18df23cbeda7c61b8657916ba4e008bbabcff6e0c52e4e8fc8adfb1d27a21be5,00828c1a173a02d83582,False
2026-10-01T00:37:29Z,FOOTBALL_PROBE_V1,americanfootball_ncaaf,oddsapi/hist_events,/historical/sports/americanfootball_ncaaf/events,,2024-09-11T06:00:00Z,2024-09-11T05:55:39Z,2024-09-11T05:50:39Z,2024-09-11T06:00:38Z,,,64,1,1,4999104,200,536395f7b69d87430d02e80b5bfe0ff038b0a080af58b77cd6879676a8df7b68,8bd4543a38696040941f,False
2026-10-01T00:37:30Z,FOOTBALL_PROBE_V1,americanfootball_ncaaf,oddsapi/hist_events,/historical/sports/americanfootball_ncaaf/events,,2024-09-13T06:00:00Z,2024-09-13T05:55:39Z,2024-09-13T05:50:39Z,2024-09-13T06:00:39Z,,,71,1,1,4999103,200,c42ed23bc493fddbde34ba5f04c97c01fe5316931b98dd0a6e6950061fa04f6f,d524563d15f87040f43e,False
2026-10-01T00:37:30Z,FOOTBALL_PROBE_V1,americanfootball_ncaaf,oddsapi/hist_events,/historical/sports/americanfootball_ncaaf/events,,2024-09-15T06:00:00Z,2024-09-15T05:55:38Z,2024-09-15T05:50:38Z,2024-09-15T06:00:38Z,,,16,1,1,4999102,200,d22af747a62a5c744eb6da14f7e7a5ae8a730f3408e62b1b9474d35e6d1be848,6050c511a52b96433014,False
2026-10-01T00:37:31Z,FOOTBALL_PROBE_V1,americanfootball_ncaaf,oddsapi/hist_events,/historical/sports/americanfootball_ncaaf/events,,2024-09-17T06:00:00Z,2024-09-17T05:55:39Z,2024-09-17T05:50:38Z,2024-09-17T06:00:39Z,,,65,1,1,4999101,200,6a93dbac35bca14d8cb6f7eb841dcc97c9d83fc13b402edfd0ca0702cd86550b,835af88e1b1e82332b93,False
2026-10-01T00:37:32Z,FOOTBALL_PROBE_V1,americanfootball_ncaaf,oddsapi/hist_events,/historical/sports/americanfootball_ncaaf/events,,2024-09-19T06:00:00Z,2024-09-19T05:55:38Z,2024-09-19T05:50:39Z,2024-09-19T06:00:39Z,,,76,1,1,4999100,200,4905a0be2dde5678807cca52295db2f6fcb155ccfc9541bc996bd332ce097b60,6c461c8f2f6544197f33,False
2026-10-01T00:37:33Z,FOOTBALL_PROBE_V1,americanfootball_ncaaf,oddsapi/hist_events,/historical/sports/americanfootball_ncaaf/events,,2024-09-21T06:00:00Z,2024-09-21T05:55:39Z,2024-09-21T05:50:39Z,2024-09-21T06:00:38Z,,,76,1,1,4999099,200,129453061611bbd5fa85c24e4c86c739909a89cb00cac6c965f99059646599b3,f7df35f8c0a8f3e059b0,False
2026-10-01T00:37:34Z,FOOTBALL_PROBE_V1,americanfootball_ncaaf,oddsapi/hist_events,/historical/sports/americanfootball_ncaaf/events,,2024-09-23T06:00:00Z,2024-09-23T05:55:38Z,2024-09-23T05:50:38Z,2024-09-23T06:00:38Z,,,54,1,1,4999098,200,fe861fe7cb8aee5d7064c9db07e6dfb2cebafa770d51737d66929cce9b836813,c9b39d3fccafefc75852,False
2026-10-01T00:37:35Z,FOOTBALL_PROBE_V1,americanfootball_ncaaf,oddsapi/hist_events,/historical/sports/americanfootball_ncaaf/events,,2024-09-25T06:00:00Z,2024-09-25T05:55:39Z,2024-09-25T05:50:39Z,2024-09-25T06:00:39Z,,,62,1,1,4999097,200,e53494e609f95eb693dc594965a7c81f8093f56e1451bfa9f68aeceec07e5775,a9a743cb36904f83dfc4,False
2026-10-01T00:37:36Z,FOOTBALL_PROBE_V1,americanfootball_ncaaf,oddsapi/hist_events,/historical/sports/americanfootball_ncaaf/events,,2024-09-27T06:00:00Z,2024-09-27T05:55:39Z,2024-09-27T05:50:39Z,2024-09-27T06:00:39Z,,,73,1,1,4999096,200,d450c5b878b21c579ee53080edaa2bed88a6c01f7797abfddc4f12788e5eaf0c,275dc33a2d5bcdc817c2,False
2026-10-01T00:37:36Z,FOOTBALL_PROBE_V1,americanfootball_ncaaf,oddsapi/hist_events,/historical/sports/americanfootball_ncaaf/events,,2024-09-29T06:00:00Z,2024-09-29T05:55:38Z,2024-09-29T05:50:38Z,2024-09-29T06:00:38Z,,,21,1,1,4999095,200,094e8d07bd80de5af15769595ffc56cc5e9c4e39657c3e7687122e5bc1c7fc1e,fb54810d789b91ebef8e,False
2026-10-01T00:37:37Z,FOOTBALL_PROBE_V1,americanfootball_ncaaf,oddsapi/hist_events,/historical/sports/americanfootball_ncaaf/events,,2024-10-01T06:00:00Z,2024-10-01T05:55:38Z,2024-10-01T05:50:38Z,2024-10-01T06:00:38Z,,,63,1,1,4999094,200,867c7b0d4f2e6cb746cf4065cc4a931af419e09fdfdde8af5836b271f9d62509,44e37bd3a8d721683e5b,False
2026-10-01T00:37:38Z,FOOTBALL_PROBE_V1,americanfootball_ncaaf,oddsapi/hist_events,/historical/sports/americanfootball_ncaaf/events,,2024-10-03T06:00:00Z,2024-10-03T05:55:38Z,2024-10-03T05:50:38Z,2024-10-03T06:00:38Z,,,71,1,1,4999093,200,71e7c62e57011a56fea1bd643ba3ea1d7bbee5ce3d8f8e805e325880700898c6,a006d0c8631628be0fec,False
2026-10-01T00:37:39Z,FOOTBALL_PROBE_V1,americanfootball_ncaaf,oddsapi/hist_events,/historical/sports/americanfootball_ncaaf/events,,2024-10-05T06:00:00Z,2024-10-05T05:55:39Z,2024-10-05T05:50:39Z,2024-10-05T06:00:39Z,,,69,1,1,4999092,200,afd0813eedfdccbb4c4bb9bc60b519567c8c472cbc1adcb5b59d3e9f128124fc,8996582ced4369c509d2,False
2026-10-01T00:37:40Z,FOOTBALL_PROBE_V1,americanfootball_ncaaf,oddsapi/hist_events,/historical/sports/americanfootball_ncaaf/events,,2024-10-07T06:00:00Z,2024-10-07T05:55:37Z,2024-10-07T05:50:37Z,2024-10-07T06:00:37Z,,,52,1,1,4999091,200,6ea2c11c0546358d1c6e41a7d6bb838c03a824c15165090626815f9a5b4adf9c,418768a621e9310bcc1b,False
2026-10-01T00:37:41Z,FOOTBALL_PROBE_V1,americanfootball_ncaaf,oddsapi/hist_events,/historical/sports/americanfootball_ncaaf/events,,2024-10-09T06:00:00Z,2024-10-09T05:55:38Z,2024-10-09T05:50:38Z,2024-10-09T06:00:38Z,,,53,1,1,4999090,200,a33735d1b8aa885703b9dc99a8534d8065c363294a25aaa93aa68465ef3b8b47,18d5adf0d6149eacf2be,False
2026-10-01T00:37:42Z,FOOTBALL_PROBE_V1,americanfootball_ncaaf,oddsapi/hist_events,/historical/sports/americanfootball_ncaaf/events,,2024-10-11T06:00:00Z,2024-10-11T05:55:38Z,2024-10-11T05:50:38Z,2024-10-11T06:00:38Z,,,73,1,1,4999089,200,01eb0b4e1b8a97296fdf0d6a8ad885e478f1de1bc9dd30f610107541abcea620,5eb4ba0b60066e57996e,False
2026-10-01T00:37:43Z,FOOTBALL_PROBE_V1,americanfootball_ncaaf,oddsapi/hist_events,/historical/sports/americanfootball_ncaaf/events,,2024-10-13T06:00:00Z,2024-10-13T05:55:37Z,2024-10-13T05:50:38Z,2024-10-13T06:00:38Z,,,26,1,1,4999088,200,e9333bfd768f747d32fb1afaa383bfdfc34162718ab678442a92febc261a2b4e,e259b46f6ac34b991179,False
2026-10-01T00:37:44Z,FOOTBALL_PROBE_V1,americanfootball_ncaaf,oddsapi/hist_events,/historical/sports/americanfootball_ncaaf/events,,2024-10-15T06:00:00Z,2024-10-15T05:55:38Z,2024-10-15T05:50:38Z,2024-10-15T06:00:38Z,,,65,1,1,4999087,200,8eb88ab08b4e0f2c398bf73d3bb63d6248d0329f392a97b9d9a6d3d6c34df3fb,47e08787c529f614b056,False
2026-10-01T00:37:45Z,FOOTBALL_PROBE_V1,americanfootball_ncaaf,oddsapi/hist_events,/historical/sports/americanfootball_ncaaf/events,,2024-10-17T06:00:00Z,2024-10-17T05:55:39Z,2024-10-17T05:50:39Z,2024-10-17T06:00:39Z,,,76,1,1,4999086,200,ae609e4ff54f3dbda5148b7bf77cbd09c5a50cb122a8298244a29f02a8390787,dc2d0f8bc7a04363fdc2,False
2026-10-01T00:37:46Z,FOOTBALL_PROBE_V1,americanfootball_ncaaf,oddsapi/hist_events,/historical/sports/americanfootball_ncaaf/events,,2024-10-19T06:00:00Z,2024-10-19T05:55:39Z,2024-10-19T05:50:39Z,2024-10-19T06:00:39Z,,,73,1,1,4999085,200,c0eaf85fd8862af65181ca4d9c1bad5f86454b8b0a2a9ba7352e80923c5f5e34,b457e417b266b7ffe3a6,False
2026-10-01T00:37:47Z,FOOTBALL_PROBE_V1,americanfootball_ncaaf,oddsapi/hist_events,/historical/sports/americanfootball_ncaaf/events,,2024-10-21T06:00:00Z,2024-10-21T05:55:38Z,2024-10-21T05:50:38Z,2024-10-21T06:00:39Z,,,56,1,1,4999084,200,bac537bceb38d9ac00aba1ef90c8be03e8bbb4a5c6ef42fa499cf02b76aba461,b9c91c1bdd3d5ddcad86,False
2026-10-01T00:37:49Z,FOOTBALL_PROBE_V1,americanfootball_ncaaf,oddsapi/hist_events,/historical/sports/americanfootball_ncaaf/events,,2024-10-23T06:00:00Z,2024-10-23T05:55:39Z,2024-10-23T05:50:39Z,2024-10-23T06:00:39Z,,,60,1,1,4999083,200,e128aa0a5f7e039c84e0c56d0a4dede83b31a83a3bad24b712aedff56851b68c,5003eda6362ef3c8ef6a,False
2026-10-01T00:37:50Z,FOOTBALL_PROBE_V1,americanfootball_ncaaf,oddsapi/hist_events,/historical/sports/americanfootball_ncaaf/events,,2024-10-25T06:00:00Z,2024-10-25T05:55:39Z,2024-10-25T05:50:39Z,2024-10-25T06:00:39Z,,,69,1,1,4999082,200,0eb90275e151e8d9c71c4dd75f6159e6be990788023037dcbeb8e6eb304b9c7b,ee3bc1b2f238d2bc12e1,False
2026-10-01T00:37:50Z,FOOTBALL_PROBE_V1,americanfootball_ncaaf,oddsapi/hist_events,/historical/sports/americanfootball_ncaaf/events,,2024-10-27T06:00:00Z,2024-10-27T05:55:38Z,2024-10-27T05:50:38Z,2024-10-27T06:00:38Z,,,28,1,1,4999081,200,fd0d7f119c18f1c2477d4f527aa6f58974a60531379ac9ebc5f29a43507198ea,0109d18bee5635e242af,False
2026-10-01T00:37:51Z,FOOTBALL_PROBE_V1,americanfootball_ncaaf,oddsapi/hist_events,/historical/sports/americanfootball_ncaaf/events,,2024-10-29T06:00:00Z,2024-10-29T05:55:38Z,2024-10-29T05:50:38Z,2024-10-29T06:00:39Z,,,68,1,1,4999080,200,0a4c661be5d82a77cc302800cd2ddcbe7dc327680090e69440b2049d354732c6,e76b4e72d7db6210da85,False
2026-10-01T00:37:52Z,FOOTBALL_PROBE_V1,americanfootball_ncaaf,oddsapi/hist_events,/historical/sports/americanfootball_ncaaf/events,,2024-10-31T06:00:00Z,2024-10-31T05:55:38Z,2024-10-31T05:50:38Z,2024-10-31T06:00:39Z,,,68,1,1,4999079,200,446bbebace48b5f4e49a96a3066797e55f84171e7f4d46db18cb2ab7aa4c30f6,53b56532cbd23cffa8e8,False
2026-10-01T00:37:54Z,FOOTBALL_PROBE_V1,americanfootball_ncaaf,oddsapi/hist_events,/historical/sports/americanfootball_ncaaf/events,,2024-11-02T06:00:00Z,2024-11-02T05:55:39Z,2024-11-02T05:50:38Z,2024-11-02T06:00:39Z,,,68,1,1,4999078,200,9aa708dcc1849273ca379a805a318a6c69f482c01a35af62763875852b95533b,81926a3873db21dd9dcc,False
2026-10-01T00:37:54Z,FOOTBALL_PROBE_V1,americanfootball_ncaaf,oddsapi/hist_events,/historical/sports/americanfootball_ncaaf/events,,2024-11-04T06:00:00Z,2024-11-04T05:55:38Z,2024-11-04T05:50:38Z,2024-11-04T06:00:38Z,,,51,1,1,4999077,200,6a5c072488d5fb47f4c69461b71c69952200de430a9dcdf6ab4a54b91770876c,147d45ff46c107a7bf00,False
2026-10-01T00:37:55Z,FOOTBALL_PROBE_V1,americanfootball_ncaaf,oddsapi/hist_events,/historical/sports/americanfootball_ncaaf/events,,2024-11-06T06:00:00Z,2024-11-06T05:55:39Z,2024-11-06T05:50:38Z,2024-11-06T06:00:39Z,,,54,1,1,4999076,200,bf1fb826c785b83bd7672656f5b45a55c470800388025cd49ccbc1a311e254b9,ca5d710f3c2ceab50c21,False
2026-10-01T00:37:57Z,FOOTBALL_PROBE_V1,americanfootball_ncaaf,oddsapi/hist_events,/historical/sports/americanfootball_ncaaf/events,,2024-11-08T06:00:00Z,2024-11-08T05:55:39Z,2024-11-08T05:50:39Z,2024-11-08T06:00:39Z,,,64,1,1,4999075,200,bab83432f7f0a058d92729b7261c8ebcb761a279e8999a9fad3d6a940378e26d,e5f88b50f386e655c9da,False
2026-10-01T00:37:57Z,FOOTBALL_PROBE_V1,americanfootball_ncaaf,oddsapi/hist_events,/historical/sports/americanfootball_ncaaf/events,,2024-11-10T06:00:00Z,2024-11-10T05:55:37Z,2024-11-10T05:50:37Z,2024-11-10T06:00:37Z,,,31,1,1,4999074,200,6da06599d6735251b56cb06215681bb1253f2265137c7a4409e27d67c763303d,4a4fa5fddd86c882f94b,False
2026-10-01T00:37:58Z,FOOTBALL_PROBE_V1,americanfootball_ncaaf,oddsapi/hist_events,/historical/sports/americanfootball_ncaaf/events,,2024-11-12T06:00:00Z,2024-11-12T05:55:37Z,2024-11-12T05:50:37Z,2024-11-12T06:00:37Z,,,54,1,1,4999073,200,6c96465601ad10dd1056a903f398f46ee3749053f56ada931bce9ae9921ddc30,d6aa6229cfcfe4aa8ad8,False
2026-10-01T00:37:59Z,FOOTBALL_PROBE_V1,americanfootball_ncaaf,oddsapi/hist_events,/historical/sports/americanfootball_ncaaf/events,,2024-11-14T06:00:00Z,2024-11-14T05:55:38Z,2024-11-14T05:50:38Z,2024-11-14T06:00:38Z,,,66,1,1,4999072,200,181008660fce818d0a555c0f0428e3e46afdaed88edd5dc28d66f7b1e5c1b3fe,cd008089332486802031,False
2026-10-01T00:38:00Z,FOOTBALL_PROBE_V1,americanfootball_ncaaf,oddsapi/hist_events,/historical/sports/americanfootball_ncaaf/events,,2024-11-16T06:00:00Z,2024-11-16T05:55:38Z,2024-11-16T05:50:38Z,2024-11-16T06:00:38Z,,,69,1,1,4999071,200,8edd35655cac289c1533215fd70dbc9ccdd09f9d3b75b1709876660fe20c421e,083d90207e757ff9cab1,False
2026-10-01T00:38:01Z,FOOTBALL_PROBE_V1,americanfootball_ncaaf,oddsapi/hist_events,/historical/sports/americanfootball_ncaaf/events,,2024-11-18T06:00:00Z,2024-11-18T05:55:38Z,2024-11-18T05:50:38Z,2024-11-18T06:00:38Z,,,62,1,1,4999070,200,0f24b443a2e0f7359fb286f26fc0f52b27b17b0668438a70e4038647b4c23918,53c0f3836b88c4be464d,False
2026-10-01T00:38:02Z,FOOTBALL_PROBE_V1,americanfootball_ncaaf,oddsapi/hist_events,/historical/sports/americanfootball_ncaaf/events,,2024-11-20T06:00:00Z,2024-11-20T05:55:38Z,2024-11-20T05:50:38Z,2024-11-20T06:00:38Z,,,77,1,1,4999069,200,856ba10bb71200e80edd96866e8eb1eb4e5584c89f6a66441f91a2aed087ac7f,126093cba8b2ef9caea8,False
2026-10-01T00:38:03Z,FOOTBALL_PROBE_V1,americanfootball_ncaaf,oddsapi/hist_events,/historical/sports/americanfootball_ncaaf/events,,2024-11-22T06:00:00Z,2024-11-22T05:55:38Z,2024-11-22T05:50:39Z,2024-11-22T06:00:39Z,,,83,1,1,4999068,200,7381f6005d5d823df4ed1464483f6c654072e2110dda297c6cb361f1d2bf9634,ac5dcfe636638bdca82f,False
2026-10-01T00:38:04Z,FOOTBALL_PROBE_V1,americanfootball_ncaaf,oddsapi/hist_events,/historical/sports/americanfootball_ncaaf/events,,2024-11-24T06:00:00Z,2024-11-24T05:55:37Z,2024-11-24T05:50:38Z,2024-11-24T06:00:38Z,,,29,1,1,4999067,200,bba66fc688ba6be02bbe33ead0ab6146d5d96faa9eeed224d8d211f787d16e8d,9f0e3cf22b51ecb48dfc,False
2026-10-01T00:38:05Z,FOOTBALL_PROBE_V1,americanfootball_ncaaf,oddsapi/hist_events,/historical/sports/americanfootball_ncaaf/events,,2024-11-26T06:00:00Z,2024-11-26T05:55:38Z,2024-11-26T05:50:38Z,2024-11-26T06:00:38Z,,,67,1,1,4999066,200,339f73e39ef221a7636a748d7f0a4e9df74f4c0cb52ef3b6a3bc8b9e89cc62a2,bc5d51a93dcd570b5776,False
2026-10-01T00:38:06Z,FOOTBALL_PROBE_V1,americanfootball_ncaaf,oddsapi/hist_events,/historical/sports/americanfootball_ncaaf/events,,2024-11-28T06:00:00Z,2024-11-28T05:55:38Z,2024-11-28T05:50:38Z,2024-11-28T06:00:39Z,,,70,1,1,4999065,200,fd98ab539b7f3994f595cd6ed1d682da0116eaeb0b306dd36f484fb59e644fe1,0e99ef97e8222393275e,False
2026-10-01T00:38:07Z,FOOTBALL_PROBE_V1,americanfootball_ncaaf,oddsapi/hist_events,/historical/sports/americanfootball_ncaaf/events,,2024-11-30T06:00:00Z,2024-11-30T05:55:38Z,2024-11-30T05:50:38Z,2024-11-30T06:00:38Z,,,54,1,1,4999064,200,89074daf72123549a079ebdb5241d589171ce68b0c91cc31559c2c593605bcfa,1a090aa2e958922116b5,False
2026-10-01T00:38:08Z,FOOTBALL_PROBE_V1,americanfootball_ncaaf,oddsapi/hist_events,/historical/sports/americanfootball_ncaaf/events,,2024-12-02T06:00:00Z,2024-12-02T05:55:38Z,2024-12-02T05:50:37Z,2024-12-02T06:00:37Z,,,9,1,1,4999063,200,a5898d10e43fb45ac359a692fc56d04debe257db51870883531b8d2ad38293c0,bec06f79fa01cadea9e1,False
2026-10-01T00:38:08Z,FOOTBALL_PROBE_V1,americanfootball_ncaaf,oddsapi/hist_events,/historical/sports/americanfootball_ncaaf/events,,2024-12-04T06:00:00Z,2024-12-04T05:55:38Z,2024-12-04T05:50:38Z,2024-12-04T06:00:38Z,,,9,1,1,4999062,200,dbe3745e6263055a8cf0685a95334d1fcdd2de97c323277dbae05ed00c5dad44,afd94778e810037a9c4f,False
2026-10-01T00:38:09Z,FOOTBALL_PROBE_V1,americanfootball_ncaaf,oddsapi/hist_events,/historical/sports/americanfootball_ncaaf/events,,2024-12-06T06:00:00Z,2024-12-06T05:55:38Z,2024-12-06T05:50:38Z,2024-12-06T06:00:38Z,,,13,1,1,4999061,200,12bf6d8b49fffbc25dd9a7292294d67b8a8b394aa7f6e6b386419d88302fc109,12db952068158a101282,False
2026-10-01T00:38:09Z,FOOTBALL_PROBE_V1,americanfootball_ncaaf,oddsapi/hist_events,/historical/sports/americanfootball_ncaaf/events,,2024-12-08T06:00:00Z,2024-12-08T05:55:38Z,2024-12-08T05:50:38Z,2024-12-08T06:00:38Z,,,8,1,1,4999060,200,a0029b8f4760748b74f8f180ef879093effc44a4dbe464547ad3e63f9d5a09ff,0cc181ce71cc01b73a37,False
2026-10-01T00:38:10Z,FOOTBALL_PROBE_V1,americanfootball_ncaaf,oddsapi/hist_events,/historical/sports/americanfootball_ncaaf/events,,2024-12-10T06:00:00Z,2024-12-10T05:55:38Z,2024-12-10T05:50:38Z,2024-12-10T06:00:38Z,,,48,1,1,4999059,200,92cd838c73615370cd8af3e1c0f5601fa33f3f3d925c2f797982c3dac7846c09,52658dc41d6b450a00fe,False
2026-10-01T00:38:11Z,FOOTBALL_PROBE_V1,americanfootball_ncaaf,oddsapi/hist_events,/historical/sports/americanfootball_ncaaf/events,,2024-12-12T06:00:00Z,2024-12-12T05:55:38Z,2024-12-12T05:50:38Z,2024-12-12T06:00:38Z,,,48,1,1,4999058,200,4c890b2b75ad15f0e3f31a98281fc1c3019da6a10815572eb0b1209097d83ca1,c43d36546e77edd67175,False
2026-10-01T00:38:12Z,FOOTBALL_PROBE_V1,americanfootball_ncaaf,oddsapi/hist_events,/historical/sports/americanfootball_ncaaf/events,,2024-12-14T06:00:00Z,2024-12-14T05:55:38Z,2024-12-14T05:50:38Z,2024-12-14T06:00:38Z,,,48,1,1,4999057,200,81509f99116eeb1f02ac493dcf5fb25ff0d703a8ace158217e10b6a7a74afe90,5c53ab35fb3c3ddd386a,False
2026-10-01T00:38:13Z,FOOTBALL_PROBE_V1,americanfootball_ncaaf,oddsapi/hist_events,/historical/sports/americanfootball_ncaaf/events,,2024-12-16T06:00:00Z,2024-12-16T05:55:38Z,2024-12-16T05:50:37Z,2024-12-16T06:00:37Z,,,46,1,1,4999056,200,6ca83e4dadaee2cd7ad7685db0064e18c1acea98e838cafeb1a8dd1d0af4831a,cfb93897c828538e7472,False
2026-10-01T00:38:13Z,FOOTBALL_PROBE_V1,americanfootball_ncaaf,oddsapi/hist_events,/historical/sports/americanfootball_ncaaf/events,,2024-12-18T06:00:00Z,2024-12-18T05:55:38Z,2024-12-18T05:50:38Z,2024-12-18T06:00:38Z,,,46,1,1,4999055,200,6867732ccb76a5906197c2a1f2228ebe72bd167203c8e573f542c409723640f2,7a2e6bbe38356d872e3d,False
2026-10-01T00:38:14Z,FOOTBALL_PROBE_V1,americanfootball_ncaaf,oddsapi/hist_events,/historical/sports/americanfootball_ncaaf/events,,2024-12-20T06:00:00Z,2024-12-20T05:55:38Z,2024-12-20T05:50:38Z,2024-12-20T06:00:38Z,,,42,1,1,4999054,200,81319ef1029ff0ff36233348dedca453f78404abc2db1aefb67569af696ee016,247ed29c14f7e2f97f57,False
2026-10-01T00:38:15Z,FOOTBALL_PROBE_V1,americanfootball_ncaaf,oddsapi/hist_events,/historical/sports/americanfootball_ncaaf/events,,2024-12-22T06:00:00Z,2024-12-22T05:55:37Z,2024-12-22T05:50:38Z,2024-12-22T06:00:39Z,,,32,1,1,4999053,200,e0545ac48232094d44ff067945040f20e4e712d82c715402a1e6daf866c6ebcd,9c80d3b5435162d01b6b,False
2026-10-01T00:38:16Z,FOOTBALL_PROBE_V1,americanfootball_ncaaf,oddsapi/hist_events,/historical/sports/americanfootball_ncaaf/events,,2024-12-24T06:00:00Z,2024-12-24T05:55:37Z,2024-12-24T05:50:37Z,2024-12-24T06:00:37Z,,,38,1,1,4999052,200,7385ce9999d09e6f3d53d471ac734c3cc2162d3b3e4896241021bcd415f8b29e,d020ef031f5831f7a919,False
2026-10-01T00:38:17Z,FOOTBALL_PROBE_V1,americanfootball_ncaaf,oddsapi/hist_events,/historical/sports/americanfootball_ncaaf/events,,2024-12-26T06:00:00Z,2024-12-26T05:55:38Z,2024-12-26T05:50:38Z,2024-12-26T06:00:38Z,,,37,1,1,4999051,200,94d805c36d225a261cb99b582a1996ec7d9d12648860fd2229d72d044dd60ed8,3c5d161f19dce525d3ad,False
2026-10-01T00:38:17Z,FOOTBALL_PROBE_V1,americanfootball_ncaaf,oddsapi/hist_events,/historical/sports/americanfootball_ncaaf/events,,2024-12-28T06:00:00Z,2024-12-28T05:55:38Z,2024-12-28T05:50:38Z,2024-12-28T06:00:38Z,,,30,1,1,4999050,200,b55331e1ce545b39fa2f502a0f4155b6a9a80050c2526f5392e460b6a0e132bf,946305aece1e4a630eaf,False
2026-10-01T00:38:18Z,FOOTBALL_PROBE_V1,americanfootball_ncaaf,oddsapi/hist_events,/historical/sports/americanfootball_ncaaf/events,,2024-12-30T06:00:00Z,2024-12-30T05:55:38Z,2024-12-30T05:50:37Z,2024-12-30T06:00:37Z,,,21,1,1,4999049,200,734d7d86676f1e4c0756e782e8b4d5cdd686ef342a60f4d56528190c620b9ab8,ceeaffc61c452d544b22,False
2026-10-01T00:38:19Z,FOOTBALL_PROBE_V1,americanfootball_ncaaf,oddsapi/hist_events,/historical/sports/americanfootball_ncaaf/events,,2025-01-01T06:00:00Z,2025-01-01T05:55:39Z,2025-01-01T05:50:38Z,2025-01-01T06:00:38Z,,,13,1,1,4999048,200,73f84eee00d61fc36ec37cafd4ac18832d407ced3e669457da1c27da930e5213,b950274ec9b077349b0d,False
2026-10-01T00:38:19Z,FOOTBALL_PROBE_V1,americanfootball_ncaaf,oddsapi/hist_events,/historical/sports/americanfootball_ncaaf/events,,2025-01-03T06:00:00Z,2025-01-03T05:55:38Z,2025-01-03T05:50:37Z,2025-01-03T06:00:38Z,,,5,1,1,4999047,200,a48f396afe822ec7f14dfc4d5e91d14242df1bebb7cd8a780b5a9409d2832396,6e52f9a5bf578404c1c8,False
2026-10-01T00:38:20Z,FOOTBALL_PROBE_V1,americanfootball_ncaaf,oddsapi/hist_events,/historical/sports/americanfootball_ncaaf/events,,2025-01-05T06:00:00Z,2025-01-05T05:55:37Z,2025-01-05T05:50:38Z,2025-01-05T06:00:37Z,,,6,1,1,4999046,200,e8dd5899d6843da5298c2fcae2ae80327ddba41362d71b548ddf2783e6060114,4c666490e10efa0b0336,False
2026-10-01T00:38:20Z,FOOTBALL_PROBE_V1,americanfootball_ncaaf,oddsapi/hist_events,/historical/sports/americanfootball_ncaaf/events,,2025-01-07T06:00:00Z,2025-01-07T05:55:38Z,2025-01-07T05:50:38Z,2025-01-07T06:00:38Z,,,6,1,1,4999045,200,85d6f40a32a5cf0455d4abc00434484ff62afe4b472825759ca91279287dedb4,ba94b3751a261acb5a66,False
2026-10-01T00:38:20Z,FOOTBALL_PROBE_V1,americanfootball_ncaaf,oddsapi/hist_events,/historical/sports/americanfootball_ncaaf/events,,2025-01-09T06:00:00Z,2025-01-09T05:55:38Z,2025-01-09T05:50:38Z,2025-01-09T06:00:39Z,,,6,1,1,4999044,200,ac12c2eb404201b5e3d60c6a5ce9a2ca9cb8d5829cfeee08e95ccc53587ed695,8a7bb5c27e13ab39d260,False
2026-10-01T00:38:21Z,FOOTBALL_PROBE_V1,americanfootball_ncaaf,oddsapi/hist_events,/historical/sports/americanfootball_ncaaf/events,,2025-01-11T06:00:00Z,2025-01-11T05:55:38Z,2025-01-11T05:50:38Z,2025-01-11T06:00:38Z,,,1,1,1,4999043,200,533694f4ac25025bbc74381f4c8ab2032415049cb499029d2a1612df7fef5fb5,1a9f582c84dd227b5ca5,False
2026-10-01T00:38:22Z,FOOTBALL_PROBE_V1,americanfootball_ncaaf,oddsapi/hist_events,/historical/sports/americanfootball_ncaaf/events,,2025-01-13T06:00:00Z,2025-01-13T05:55:38Z,2025-01-13T05:50:38Z,2025-01-13T06:00:38Z,,,1,1,1,4999042,200,1f038dcbcbc28d02f282bd8f387d0212f9e2dd711d8c64fbc6aaaf934668b272,497e658900de17289dee,False
2026-10-01T00:38:22Z,FOOTBALL_PROBE_V1,americanfootball_ncaaf,oddsapi/hist_events,/historical/sports/americanfootball_ncaaf/events,,2025-01-15T06:00:00Z,2025-01-15T05:55:38Z,2025-01-15T05:50:38Z,2025-01-15T06:00:38Z,,,1,1,1,4999041,200,4747fdf1be95e9621cf105e445c5bf04b463b6b6dcb8c9759b8a1a44d03d74f9,40b97bf8c863d901fe32,False
2026-10-01T00:38:22Z,FOOTBALL_PROBE_V1,americanfootball_ncaaf,oddsapi/hist_events,/historical/sports/americanfootball_ncaaf/events,,2025-01-17T06:00:00Z,2025-01-17T05:55:38Z,2025-01-17T05:50:38Z,2025-01-17T06:00:38Z,,,1,1,1,4999040,200,ccb1297b1499452084005e971b9be1f304c955f935bc7e7ba8aa709816862126,202808d5307c3631317e,False
2026-10-01T00:38:23Z,FOOTBALL_PROBE_V1,americanfootball_ncaaf,oddsapi/hist_events,/historical/sports/americanfootball_ncaaf/events,,2025-01-19T06:00:00Z,2025-01-19T05:55:37Z,2025-01-19T05:50:37Z,2025-01-19T06:00:37Z,,,1,1,1,4999039,200,887b897884d28f74dabaadfda8166f2eb616808ad6244626c13e627fb5f164b4,a75da0e1d8fd2ca403e0,False
2026-10-01T00:38:23Z,FOOTBALL_PROBE_V1,americanfootball_ncaaf,oddsapi/hist_events,/historical/sports/americanfootball_ncaaf/events,,2025-01-21T06:00:00Z,2025-01-21T05:55:38Z,2025-01-21T05:50:38Z,2025-01-21T06:00:38Z,,,11,1,1,4999038,200,cc99dfd466a79e6c8eae8d9b7a6fb55150a798f9a04241a97c17b597f0119aa9,fe03fa083fcf833c2274,False
2026-10-01T00:38:24Z,FOOTBALL_PROBE_V1,americanfootball_ncaaf,oddsapi/hist_events,/historical/sports/americanfootball_ncaaf/events,,2025-01-23T06:00:00Z,2025-01-23T05:55:38Z,2025-01-23T05:50:38Z,2025-01-23T06:00:38Z,,,11,1,1,4999037,200,6632fe1bf4105c7c7959144d5fae5a922fa3a59561f15ae86e86a761a2d233ad,6aab69214bb6a1d8d0e7,False
2026-10-01T00:38:24Z,FOOTBALL_PROBE_V1,americanfootball_ncaaf,oddsapi/hist_events,/historical/sports/americanfootball_ncaaf/events,,2025-01-25T06:00:00Z,2025-01-25T05:55:38Z,2025-01-25T05:50:38Z,2025-01-25T06:00:38Z,,,11,1,1,4999036,200,0c842bba6a88345b287096f6aa97009867ea2eaa387ed432bf849d09dbc01efe,573013346a273cba28a0,False
2026-10-01T00:38:25Z,FOOTBALL_PROBE_V1,americanfootball_nfl,oddsapi/hist_events,/historical/sports/americanfootball_nfl/events,,2024-09-01T06:00:00Z,2024-09-01T05:55:37Z,2024-09-01T05:50:37Z,2024-09-01T06:00:38Z,,,272,1,1,4999035,200,ec9dffbc49f5e741e4ad0e8225971fd5b66cac585739c1169fa033dc187bd071,18556dc65002ad1c5ce3,False
2026-10-01T00:38:26Z,FOOTBALL_PROBE_V1,americanfootball_nfl,oddsapi/hist_events,/historical/sports/americanfootball_nfl/events,,2024-09-03T06:00:00Z,2024-09-03T05:55:38Z,2024-09-03T05:50:38Z,2024-09-03T06:00:37Z,,,272,1,1,4999034,200,1dcf357dd24b02824b0fdce36f3519be0aaf7bd0a4dfaf89e5b43d4508cbd431,f39ed772f66820eb3442,False
2026-10-01T00:38:27Z,FOOTBALL_PROBE_V1,americanfootball_nfl,oddsapi/hist_events,/historical/sports/americanfootball_nfl/events,,2024-09-05T06:00:00Z,2024-09-05T05:55:38Z,2024-09-05T05:50:38Z,2024-09-05T06:00:38Z,,,272,1,1,4999033,200,e087dea419946071044aab2daf49b94e5c6d70b3b06d1d7c409d5049dbf89288,ea8e22add9f48e851df6,False
2026-10-01T00:38:28Z,FOOTBALL_PROBE_V1,americanfootball_nfl,oddsapi/hist_events,/historical/sports/americanfootball_nfl/events,,2024-09-07T06:00:00Z,2024-09-07T05:55:38Z,2024-09-07T05:50:38Z,2024-09-07T06:00:38Z,,,209,1,1,4999032,200,5c3c7aaaaf3c8d33751a9abc01c06695a280d831dbd446836e718d914e824390,095d482cf5c2819b4c3b,False
2026-10-01T00:38:29Z,FOOTBALL_PROBE_V1,americanfootball_nfl,oddsapi/hist_events,/historical/sports/americanfootball_nfl/events,,2024-09-09T06:00:00Z,2024-09-09T05:55:38Z,2024-09-09T05:50:38Z,2024-09-09T06:00:38Z,,,17,1,1,4999031,200,c2a69bff83fd778a3a8eaa2e9e3363fd593562d28cdb66e6fdec064878927c0f,610ea038376c8d8c5e43,False
2026-10-01T00:38:30Z,FOOTBALL_PROBE_V1,americanfootball_nfl,oddsapi/hist_events,/historical/sports/americanfootball_nfl/events,,2024-09-11T06:00:00Z,2024-09-11T05:55:39Z,2024-09-11T05:50:39Z,2024-09-11T06:00:38Z,,,32,1,1,4999030,200,b06d9dc0c0ab4aa4a5141cde2e09bbe56f5a1e6ee7043d773261c549ebda68e8,7691592177ab23bb25e1,False
2026-10-01T00:38:31Z,FOOTBALL_PROBE_V1,americanfootball_nfl,oddsapi/hist_events,/historical/sports/americanfootball_nfl/events,,2024-09-13T06:00:00Z,2024-09-13T05:55:39Z,2024-09-13T05:50:39Z,2024-09-13T06:00:39Z,,,30,1,1,4999029,200,a0b21882813a38c1ecd1e0ecebb1fa51f2224139733a06401b250b21c9b5c581,b77761e2f32167976cea,False
2026-10-01T00:38:32Z,FOOTBALL_PROBE_V1,americanfootball_nfl,oddsapi/hist_events,/historical/sports/americanfootball_nfl/events,,2024-09-15T06:00:00Z,2024-09-15T05:55:38Z,2024-09-15T05:50:38Z,2024-09-15T06:00:38Z,,,30,1,1,4999028,200,afb9868afebda1565798be3c9345d875ae3b69a03fbce0a7304294bb2f33784c,15ae189bb70a400f1c50,False
2026-10-01T00:38:32Z,FOOTBALL_PROBE_V1,americanfootball_nfl,oddsapi/hist_events,/historical/sports/americanfootball_nfl/events,,2024-09-17T06:00:00Z,2024-09-17T05:55:39Z,2024-09-17T05:50:38Z,2024-09-17T06:00:39Z,,,16,1,1,4999027,200,75fef7d6215cd9ca069bb07fc08b2b47f6171ce60bef79636f2fff92058fe9e8,d0e7a9851fd89b67e11c,False
2026-10-01T00:38:33Z,FOOTBALL_PROBE_V1,americanfootball_nfl,oddsapi/hist_events,/historical/sports/americanfootball_nfl/events,,2024-09-19T06:00:00Z,2024-09-19T05:55:38Z,2024-09-19T05:50:39Z,2024-09-19T06:00:39Z,,,32,1,1,4999026,200,3d5fe5a236888d9aff0ddc00a4ea528c232ef72bd9b83fc40b40d6a6f5635887,adfc22fcd354fce0e09a,False
2026-10-01T00:38:34Z,FOOTBALL_PROBE_V1,americanfootball_nfl,oddsapi/hist_events,/historical/sports/americanfootball_nfl/events,,2024-09-21T06:00:00Z,2024-09-21T05:55:39Z,2024-09-21T05:50:39Z,2024-09-21T06:00:38Z,,,31,1,1,4999025,200,ec0ce7ce1cb6dd1b9d85986ac8362afdc80a3a9477009189b5906245f034326a,e60fafac0c42bf3d25ce,False
2026-10-01T00:38:35Z,FOOTBALL_PROBE_V1,americanfootball_nfl,oddsapi/hist_events,/historical/sports/americanfootball_nfl/events,,2024-09-23T06:00:00Z,2024-09-23T05:55:38Z,2024-09-23T05:50:38Z,2024-09-23T06:00:38Z,,,18,1,1,4999024,200,a025baf00a927ee59fa220623016a890daf9c028b0f2aa4e972493ce32a155e4,949b234fa41ae80e25fe,False
2026-10-01T00:38:35Z,FOOTBALL_PROBE_V1,americanfootball_nfl,oddsapi/hist_events,/historical/sports/americanfootball_nfl/events,,2024-09-25T06:00:00Z,2024-09-25T05:55:39Z,2024-09-25T05:50:39Z,2024-09-25T06:00:39Z,,,30,1,1,4999023,200,4d31f39ec09e45ba4ab0b8edc302e1f8cf34d653478668c127a14f7f20a53152,6662d5e2025f250729be,False
2026-10-01T00:38:36Z,FOOTBALL_PROBE_V1,americanfootball_nfl,oddsapi/hist_events,/historical/sports/americanfootball_nfl/events,,2024-09-27T06:00:00Z,2024-09-27T05:55:39Z,2024-09-27T05:50:39Z,2024-09-27T06:00:39Z,,,29,1,1,4999022,200,0ba5e069eeecf3c489262be41b8f058b282168c3a024a462651ad55e33faddff,9f8424c95c6e3ccf4073,False
2026-10-01T00:38:37Z,FOOTBALL_PROBE_V1,americanfootball_nfl,oddsapi/hist_events,/historical/sports/americanfootball_nfl/events,,2024-09-29T06:00:00Z,2024-09-29T05:55:38Z,2024-09-29T05:50:38Z,2024-09-29T06:00:38Z,,,29,1,1,4999021,200,eb2532ad2bc2a1408b5c1ca78414598cb137d82b626fd92e363586b60891366c,b9897cc23ee2330c65d9,False
2026-10-01T00:38:38Z,FOOTBALL_PROBE_V1,americanfootball_nfl,oddsapi/hist_events,/historical/sports/americanfootball_nfl/events,,2024-10-01T06:00:00Z,2024-10-01T05:55:38Z,2024-10-01T05:50:38Z,2024-10-01T06:00:38Z,,,14,1,1,4999020,200,96fa277edee67a63e83a638e5014a0b77e96c9211d3e751629748c1feaddf499,acbaf8b1bdbe9dd59feb,False
2026-10-01T00:38:38Z,FOOTBALL_PROBE_V1,americanfootball_nfl,oddsapi/hist_events,/historical/sports/americanfootball_nfl/events,,2024-10-03T06:00:00Z,2024-10-03T05:55:38Z,2024-10-03T05:50:38Z,2024-10-03T06:00:38Z,,,28,1,1,4999019,200,aa74f15f85f02eb0979234aa63c2c183071eb93f34cedb04274d90f0e4f9be87,7d73cf66f92275ed122e,False
2026-10-01T00:38:39Z,FOOTBALL_PROBE_V1,americanfootball_nfl,oddsapi/hist_events,/historical/sports/americanfootball_nfl/events,,2024-10-05T06:00:00Z,2024-10-05T05:55:39Z,2024-10-05T05:50:39Z,2024-10-05T06:00:39Z,,,25,1,1,4999018,200,484ec647d25d0be70f8bc28838b29f0af0a2c9f13d3acda65e748c931f2d8932,6ee0efe590a488d86b55,False
2026-10-01T00:38:40Z,FOOTBALL_PROBE_V1,americanfootball_nfl,oddsapi/hist_events,/historical/sports/americanfootball_nfl/events,,2024-10-07T06:00:00Z,2024-10-07T05:55:37Z,2024-10-07T05:50:37Z,2024-10-07T06:00:37Z,,,15,1,1,4999017,200,9ca684b9588209bd15aea8cc07b553e532a587fd71c957fbf2abbefb8f4257c1,0e3e5258cbb9b9c9f771,False
2026-10-01T00:38:40Z,FOOTBALL_PROBE_V1,americanfootball_nfl,oddsapi/hist_events,/historical/sports/americanfootball_nfl/events,,2024-10-09T06:00:00Z,2024-10-09T05:55:38Z,2024-10-09T05:50:38Z,2024-10-09T06:00:38Z,,,29,1,1,4999016,200,01333e13ce3ac5cbdb73f9dcb65f3d63303cb9af29a20da0a88417fa87c1360c,1a1abc741b000fbae70b,False
2026-10-01T00:38:41Z,FOOTBALL_PROBE_V1,americanfootball_nfl,oddsapi/hist_events,/historical/sports/americanfootball_nfl/events,,2024-10-11T06:00:00Z,2024-10-11T05:55:38Z,2024-10-11T05:50:38Z,2024-10-11T06:00:38Z,,,26,1,1,4999015,200,ad4132ec3adde472eda7425f96bfc1a052aa4b0ed4af2d83ef0762ba6611d986,1064255aeda69c377971,False
2026-10-01T00:38:42Z,FOOTBALL_PROBE_V1,americanfootball_nfl,oddsapi/hist_events,/historical/sports/americanfootball_nfl/events,,2024-10-13T06:00:00Z,2024-10-13T05:55:37Z,2024-10-13T05:50:38Z,2024-10-13T06:00:38Z,,,27,1,1,4999014,200,e8a9a3f56b574036888295b7d6de225ba485589d2ed012b51867c21196a00cbd,02370f68ef2d428e016b,False
2026-10-01T00:38:43Z,FOOTBALL_PROBE_V1,americanfootball_nfl,oddsapi/hist_events,/historical/sports/americanfootball_nfl/events,,2024-10-15T06:00:00Z,2024-10-15T05:55:38Z,2024-10-15T05:50:38Z,2024-10-15T06:00:38Z,,,15,1,1,4999013,200,6d5442bfb6a7ebdd4152c92fc183acb79e9c369ba61fbfe05dfd15ac70fc2961,3b726fdb783cb4465c8a,False
2026-10-01T00:38:44Z,FOOTBALL_PROBE_V1,americanfootball_nfl,oddsapi/hist_events,/historical/sports/americanfootball_nfl/events,,2024-10-17T06:00:00Z,2024-10-17T05:55:39Z,2024-10-17T05:50:39Z,2024-10-17T06:00:39Z,,,31,1,1,4999012,200,f54d68219ba4da0df981bc66fd4be1838d08bcb88ec6cd675f4e1fdb65e52f45,c020baf74cd3cc4d6fb2,False
2026-10-01T00:38:45Z,FOOTBALL_PROBE_V1,americanfootball_nfl,oddsapi/hist_events,/historical/sports/americanfootball_nfl/events,,2024-10-19T06:00:00Z,2024-10-19T05:55:39Z,2024-10-19T05:50:39Z,2024-10-19T06:00:39Z,,,29,1,1,4999011,200,418a64c5b8e070f31dff07743e4eca6e7a37314d2396305a10525585267f3cd8,ad83ad948bd335403366,False
2026-10-01T00:38:45Z,FOOTBALL_PROBE_V1,americanfootball_nfl,oddsapi/hist_events,/historical/sports/americanfootball_nfl/events,,2024-10-21T06:00:00Z,2024-10-21T05:55:38Z,2024-10-21T05:50:38Z,2024-10-21T06:00:39Z,,,18,1,1,4999010,200,5a1b7cb90855d8391f147747e93924846233b136200990b437e9e56069fc3877,7a9f504aa6e4248b9ceb,False
2026-10-01T00:38:46Z,FOOTBALL_PROBE_V1,americanfootball_nfl,oddsapi/hist_events,/historical/sports/americanfootball_nfl/events,,2024-10-23T06:00:00Z,2024-10-23T05:55:39Z,2024-10-23T05:50:39Z,2024-10-23T06:00:39Z,,,32,1,1,4999009,200,2b1935abfa7352efc196fda353f55c0471e9482cd4888b5d648bac255499e912,c863fdab406fc5b230e3,False
2026-10-01T00:38:47Z,FOOTBALL_PROBE_V1,americanfootball_nfl,oddsapi/hist_events,/historical/sports/americanfootball_nfl/events,,2024-10-25T06:00:00Z,2024-10-25T05:55:39Z,2024-10-25T05:50:39Z,2024-10-25T06:00:39Z,,,30,1,1,4999008,200,22ef8b0b1560077d3fea5f9ff3e4494e0270862544421c1fc38139b38412141d,4be38b0829ab8c642102,False
2026-10-01T00:38:48Z,FOOTBALL_PROBE_V1,americanfootball_nfl,oddsapi/hist_events,/historical/sports/americanfootball_nfl/events,,2024-10-27T06:00:00Z,2024-10-27T05:55:38Z,2024-10-27T05:50:38Z,2024-10-27T06:00:38Z,,,30,1,1,4999007,200,1fabb19b333db1640fd0c78ca4c7cc7c3e6faa785eb8314a22356befa09ce256,5843aed96360f2c60aec,False
2026-10-01T00:38:48Z,FOOTBALL_PROBE_V1,americanfootball_nfl,oddsapi/hist_events,/historical/sports/americanfootball_nfl/events,,2024-10-29T06:00:00Z,2024-10-29T05:55:38Z,2024-10-29T05:50:38Z,2024-10-29T06:00:39Z,,,15,1,1,4999006,200,86629cae78619ca4922bf48b991e9e4eefa481b73c8ac3d00fa740ca0b461dc4,20aaed58d5bad2ffe246,False
2026-10-01T00:38:49Z,FOOTBALL_PROBE_V1,americanfootball_nfl,oddsapi/hist_events,/historical/sports/americanfootball_nfl/events,,2024-10-31T06:00:00Z,2024-10-31T05:55:38Z,2024-10-31T05:50:38Z,2024-10-31T06:00:39Z,,,29,1,1,4999005,200,bfad59dcefe7e53059f07478d5e8712df0aa0c729b425ed233da662448baf2fe,8a8cfe09d250fdfb9b3d,False
2026-10-01T00:38:50Z,FOOTBALL_PROBE_V1,americanfootball_nfl,oddsapi/hist_events,/historical/sports/americanfootball_nfl/events,,2024-11-02T06:00:00Z,2024-11-02T05:55:39Z,2024-11-02T05:50:38Z,2024-11-02T06:00:39Z,,,28,1,1,4999004,200,911320c5ca93798a00a93e96b6d92759a1595983b86edb59dbd00a6ce7823409,f22f0a9da671984b269f,False
2026-10-01T00:38:51Z,FOOTBALL_PROBE_V1,americanfootball_nfl,oddsapi/hist_events,/historical/sports/americanfootball_nfl/events,,2024-11-04T06:00:00Z,2024-11-04T05:55:38Z,2024-11-04T05:50:38Z,2024-11-04T06:00:38Z,,,15,1,1,4999003,200,18dbf85ad9382fbd1fbd53602899f63b1ea67d5e83bf5f7046db1a8967314a62,dd1c21728c10f64fee75,False
2026-10-01T00:38:51Z,FOOTBALL_PROBE_V1,americanfootball_nfl,oddsapi/hist_events,/historical/sports/americanfootball_nfl/events,,2024-11-06T06:00:00Z,2024-11-06T05:55:39Z,2024-11-06T05:50:38Z,2024-11-06T06:00:39Z,,,28,1,1,4999002,200,189a54f365afcc465805a70e718b669f3566f71244cd78db1b1c787158acb0f3,de26233c5d106a5d2be5,False
2026-10-01T00:38:52Z,FOOTBALL_PROBE_V1,americanfootball_nfl,oddsapi/hist_events,/historical/sports/americanfootball_nfl/events,,2024-11-08T06:00:00Z,2024-11-08T05:55:39Z,2024-11-08T05:50:39Z,2024-11-08T06:00:39Z,,,25,1,1,4999001,200,ef5fe7b47ad1a0e2277fba22d1daf14b6fb7d3d0e119b20d0f20e5c62258941c,75614828241937512906,False
2026-10-01T00:38:53Z,FOOTBALL_PROBE_V1,americanfootball_nfl,oddsapi/hist_events,/historical/sports/americanfootball_nfl/events,,2024-11-10T06:00:00Z,2024-11-10T05:55:37Z,2024-11-10T05:50:37Z,2024-11-10T06:00:37Z,,,27,1,1,4999000,200,9eb59709608686ad69047225dc4e812a952f30d9cfcd3c7c88f9f993583e8e99,32f0456d008f73ddebe2,False
2026-10-01T00:38:54Z,FOOTBALL_PROBE_V1,americanfootball_nfl,oddsapi/hist_events,/historical/sports/americanfootball_nfl/events,,2024-11-12T06:00:00Z,2024-11-12T05:55:37Z,2024-11-12T05:50:37Z,2024-11-12T06:00:37Z,,,14,1,1,4998999,200,417f6fd3b76f754cd81fde98acfa5e22bfbd1af7ce823391e52293b3980f767c,219872ae64adffaa49bb,False
2026-10-01T00:38:55Z,FOOTBALL_PROBE_V1,americanfootball_nfl,oddsapi/hist_events,/historical/sports/americanfootball_nfl/events,,2024-11-14T06:00:00Z,2024-11-14T05:55:38Z,2024-11-14T05:50:38Z,2024-11-14T06:00:38Z,,,27,1,1,4998998,200,6509e562c5ea1c38ade7922dfa61323e4763f83c32cdaf0fc8edb446e459ad67,cd9da26e1951b3a62249,False
2026-10-01T00:38:56Z,FOOTBALL_PROBE_V1,americanfootball_nfl,oddsapi/hist_events,/historical/sports/americanfootball_nfl/events,,2024-11-16T06:00:00Z,2024-11-16T05:55:38Z,2024-11-16T05:50:38Z,2024-11-16T06:00:38Z,,,26,1,1,4998997,200,aaf7c43d7bc89a99c312a22c062577d69ddf48a7152dfa4aae38c1f48cb8bae7,1b9a42749a3d90bf180c,False
2026-10-01T00:38:56Z,FOOTBALL_PROBE_V1,americanfootball_nfl,oddsapi/hist_events,/historical/sports/americanfootball_nfl/events,,2024-11-18T06:00:00Z,2024-11-18T05:55:38Z,2024-11-18T05:50:38Z,2024-11-18T06:00:38Z,,,14,1,1,4998996,200,8c55ffca829bbdebe9b78ca16f39d7bc43717d69678b6c4418ea4793c27239c0,1fc4931ceb76b99dfe8c,False
2026-10-01T00:38:57Z,FOOTBALL_PROBE_V1,americanfootball_nfl,oddsapi/hist_events,/historical/sports/americanfootball_nfl/events,,2024-11-20T06:00:00Z,2024-11-20T05:55:38Z,2024-11-20T05:50:38Z,2024-11-20T06:00:38Z,,,29,1,1,4998995,200,d150dfb40e0d2232d5b13e846e424740624d89f0664cb3d086ed5b1aa7d9c93c,bc21fb438dcd5174d2e1,False
2026-10-01T00:38:58Z,FOOTBALL_PROBE_V1,americanfootball_nfl,oddsapi/hist_events,/historical/sports/americanfootball_nfl/events,,2024-11-22T06:00:00Z,2024-11-22T05:55:38Z,2024-11-22T05:50:39Z,2024-11-22T06:00:39Z,,,26,1,1,4998994,200,074519fe9d4fe86f10640a3ac92786d10940be45416b9fca28dbced5c177f64a,ef654e7bd70d3e117898,False
2026-10-01T00:38:59Z,FOOTBALL_PROBE_V1,americanfootball_nfl,oddsapi/hist_events,/historical/sports/americanfootball_nfl/events,,2024-11-24T06:00:00Z,2024-11-24T05:55:37Z,2024-11-24T05:50:38Z,2024-11-24T06:00:38Z,,,27,1,1,4998993,200,489e8463b1957239609efcc872e7a45a5e6c3e2a70e2e6124950206f12e6bc33,9091dd5fad8491db9b04,False
2026-10-01T00:38:59Z,FOOTBALL_PROBE_V1,americanfootball_nfl,oddsapi/hist_events,/historical/sports/americanfootball_nfl/events,,2024-11-26T06:00:00Z,2024-11-26T05:55:38Z,2024-11-26T05:50:38Z,2024-11-26T06:00:38Z,,,16,1,1,4998992,200,355f9ae9dea34eaf90b1bc3ec358e587ea537d3208de5cee874b0e7523624810,d100caf5e5ac6264628e,False
2026-10-01T00:39:00Z,FOOTBALL_PROBE_V1,americanfootball_nfl,oddsapi/hist_events,/historical/sports/americanfootball_nfl/events,,2024-11-28T06:00:00Z,2024-11-28T05:55:38Z,2024-11-28T05:50:38Z,2024-11-28T06:00:39Z,,,29,1,1,4998991,200,74599d4f8d54129672979766c47df221d981162cd9976da438a5704feec94c8e,731f0cca6ed52471f33f,False
2026-10-01T00:39:01Z,FOOTBALL_PROBE_V1,americanfootball_nfl,oddsapi/hist_events,/historical/sports/americanfootball_nfl/events,,2024-11-30T06:00:00Z,2024-11-30T05:55:38Z,2024-11-30T05:50:38Z,2024-11-30T06:00:38Z,,,25,1,1,4998990,200,6a64363057e20fac2f1a4c7fb8f95f33f962a778f6b0ccdf33317e2b62ac108b,459579f1d5490b3fb35e,False
2026-10-01T00:39:02Z,FOOTBALL_PROBE_V1,americanfootball_nfl,oddsapi/hist_events,/historical/sports/americanfootball_nfl/events,,2024-12-02T06:00:00Z,2024-12-02T05:55:38Z,2024-12-02T05:50:37Z,2024-12-02T06:00:37Z,,,14,1,1,4998989,200,4ef2caf4ecd99efdfbeda1f7557b35906e60439c229ce1930784dc8af482cd2b,98bf13120b6591c7a829,False
2026-10-01T00:39:03Z,FOOTBALL_PROBE_V1,americanfootball_nfl,oddsapi/hist_events,/historical/sports/americanfootball_nfl/events,,2024-12-04T06:00:00Z,2024-12-04T05:55:38Z,2024-12-04T05:50:38Z,2024-12-04T06:00:38Z,,,29,1,1,4998988,200,913f897e0f4f7127a642f420c635bbe575f8f5d296fc7a3e490f469d86232bb7,472dfd40fde9b79bad1d,False
2026-10-01T00:39:03Z,FOOTBALL_PROBE_V1,americanfootball_nfl,oddsapi/hist_events,/historical/sports/americanfootball_nfl/events,,2024-12-06T06:00:00Z,2024-12-06T05:55:38Z,2024-12-06T05:50:38Z,2024-12-06T06:00:38Z,,,28,1,1,4998987,200,f73b1f8d53c1ffde5f836b9d8220ed0c368ee8c2f2aea524202238bb2111e389,effa12405bcb460c3339,False
2026-10-01T00:39:04Z,FOOTBALL_PROBE_V1,americanfootball_nfl,oddsapi/hist_events,/historical/sports/americanfootball_nfl/events,,2024-12-08T06:00:00Z,2024-12-08T05:55:38Z,2024-12-08T05:50:38Z,2024-12-08T06:00:38Z,,,28,1,1,4998986,200,b4aa17a06cf51d857ccb3392ce2fc5728bf3f1d6d49b45f9f42ed37db050aa85,02b469024723fda40c22,False
2026-10-01T00:39:05Z,FOOTBALL_PROBE_V1,americanfootball_nfl,oddsapi/hist_events,/historical/sports/americanfootball_nfl/events,,2024-12-10T06:00:00Z,2024-12-10T05:55:38Z,2024-12-10T05:50:38Z,2024-12-10T06:00:38Z,,,16,1,1,4998985,200,95075eb0570f26a142188df9ef3a1056cdfc6f953e047a4df5f81538b39ffdb2,eb268a387ccc8283f5d6,False
2026-10-01T00:39:06Z,FOOTBALL_PROBE_V1,americanfootball_nfl,oddsapi/hist_events,/historical/sports/americanfootball_nfl/events,,2024-12-12T06:00:00Z,2024-12-12T05:55:38Z,2024-12-12T05:50:38Z,2024-12-12T06:00:38Z,,,32,1,1,4998984,200,cf8e6efc37d2249f86751c17a0f4f6a0b77a3ea09bbb1acc63e90169cf2ef51f,b030d28e7807e89c25dd,False
2026-10-01T00:39:07Z,FOOTBALL_PROBE_V1,americanfootball_nfl,oddsapi/hist_events,/historical/sports/americanfootball_nfl/events,,2024-12-14T06:00:00Z,2024-12-14T05:55:38Z,2024-12-14T05:50:38Z,2024-12-14T06:00:38Z,,,31,1,1,4998983,200,4377eba9fdff633e71f96cf1a1d179ad5b976f31f01590a8abc56a31a9a75ba0,cf411b6bf178828cee6d,False
2026-10-01T00:39:08Z,FOOTBALL_PROBE_V1,americanfootball_nfl,oddsapi/hist_events,/historical/sports/americanfootball_nfl/events,,2024-12-16T06:00:00Z,2024-12-16T05:55:38Z,2024-12-16T05:50:37Z,2024-12-16T06:00:37Z,,,18,1,1,4998982,200,6daaf2e0a010648e550280f6ee4778c1e3f425fdb626db12eafb5d361e6ad3bc,389c717b62c9e5e62278,False
2026-10-01T00:39:09Z,FOOTBALL_PROBE_V1,americanfootball_nfl,oddsapi/hist_events,/historical/sports/americanfootball_nfl/events,,2024-12-18T06:00:00Z,2024-12-18T05:55:38Z,2024-12-18T05:50:38Z,2024-12-18T06:00:38Z,,,32,1,1,4998981,200,2ab634202387d1677e84bc3e4a02df7dc130fb588de56f35a8078f47f25f8a39,2b271e312073532bc238,False
2026-10-01T00:39:09Z,FOOTBALL_PROBE_V1,americanfootball_nfl,oddsapi/hist_events,/historical/sports/americanfootball_nfl/events,,2024-12-20T06:00:00Z,2024-12-20T05:55:38Z,2024-12-20T05:50:38Z,2024-12-20T06:00:38Z,,,31,1,1,4998980,200,f0101b16a1bb2c0b81de96b7f537b875c85cfb93774d55e80a8a3378cc801e01,bc22caa80c8cd45674f9,False
2026-10-01T00:39:10Z,FOOTBALL_PROBE_V1,americanfootball_nfl,oddsapi/hist_events,/historical/sports/americanfootball_nfl/events,,2024-12-22T06:00:00Z,2024-12-22T05:55:37Z,2024-12-22T05:50:38Z,2024-12-22T06:00:39Z,,,29,1,1,4998979,200,0118b5c9938df077ad7437da11bdd380bbcb977d3db383522c39dde0cf88a939,d0876c88f28d1a999a34,False
2026-10-01T00:39:11Z,FOOTBALL_PROBE_V1,americanfootball_nfl,oddsapi/hist_events,/historical/sports/americanfootball_nfl/events,,2024-12-24T06:00:00Z,2024-12-24T05:55:37Z,2024-12-24T05:50:37Z,2024-12-24T06:00:37Z,,,16,1,1,4998978,200,ddb148e23b532714b0defdcefcc5f39963aa2c2ecfea2efcb9d1cc462c0f1e7e,368fbede99e2d852def4,False
2026-10-01T00:39:12Z,FOOTBALL_PROBE_V1,americanfootball_nfl,oddsapi/hist_events,/historical/sports/americanfootball_nfl/events,,2024-12-26T06:00:00Z,2024-12-26T05:55:38Z,2024-12-26T05:50:38Z,2024-12-26T06:00:38Z,,,14,1,1,4998977,200,1288759576b50b84998c43fc6422e081e777259177d1b3b16174fc7ee09ca132,1d0cbd152ef1c4d87e77,False
2026-10-01T00:39:13Z,FOOTBALL_PROBE_V1,americanfootball_nfl,oddsapi/hist_events,/historical/sports/americanfootball_nfl/events,,2024-12-28T06:00:00Z,2024-12-28T05:55:38Z,2024-12-28T05:50:38Z,2024-12-28T06:00:38Z,,,13,1,1,4998976,200,8e52b35a55c198c1eca261772ca5787a33ef34f636a0f58cf9bcfb6e3560f5f8,fa0d78f9915ec3ea4948,False
2026-10-01T00:39:13Z,FOOTBALL_PROBE_V1,americanfootball_nfl,oddsapi/hist_events,/historical/sports/americanfootball_nfl/events,,2024-12-30T06:00:00Z,2024-12-30T05:55:38Z,2024-12-30T05:50:37Z,2024-12-30T06:00:37Z,,,17,1,1,4998975,200,e108046a5b2174c8367f688e1f972aea6328a07adafcce7db65a9cc8404ea0b2,5917f4bfe33fe4e8071a,False
2026-10-01T00:39:14Z,FOOTBALL_PROBE_V1,americanfootball_nfl,oddsapi/hist_events,/historical/sports/americanfootball_nfl/events,,2025-01-01T06:00:00Z,2025-01-01T05:55:39Z,2025-01-01T05:50:38Z,2025-01-01T06:00:38Z,,,25,1,1,4998974,200,36ab64f4cc1993aa335cc86c2a9bd756d25446c5712ef05227c76e59518c5b35,96bb52ac4ae7ce088039,False
2026-10-01T00:39:15Z,FOOTBALL_PROBE_V1,americanfootball_nfl,oddsapi/hist_events,/historical/sports/americanfootball_nfl/events,,2025-01-03T06:00:00Z,2025-01-03T05:55:38Z,2025-01-03T05:50:37Z,2025-01-03T06:00:38Z,,,25,1,1,4998973,200,c75d81d46c6587ccb65ca0f79647161cb621c20024bbecbac1ef6b62c1fc29e1,a4cd7229b5fd85f05eee,False
2026-10-01T00:39:16Z,FOOTBALL_PROBE_V1,americanfootball_nfl,oddsapi/hist_events,/historical/sports/americanfootball_nfl/events,,2025-01-05T06:00:00Z,2025-01-05T05:55:37Z,2025-01-05T05:50:38Z,2025-01-05T06:00:37Z,,,23,1,1,4998972,200,eb2aebe3e9f480183ece3240f80c04392dc518e639ab8f664b1e1620747ccfe5,1cb6a22077f5a53d360d,False
2026-10-01T00:39:17Z,FOOTBALL_PROBE_V1,americanfootball_nfl,oddsapi/hist_events,/historical/sports/americanfootball_nfl/events,,2025-01-07T06:00:00Z,2025-01-07T05:55:38Z,2025-01-07T05:50:38Z,2025-01-07T06:00:38Z,,,6,1,1,4998971,200,2b15f35d7752d3cbacfb99ccd8714d9a72e92c1fa5cb1ebcf6274114d7da5680,faec021aec2bd23cc7c1,False
2026-10-01T00:39:17Z,FOOTBALL_PROBE_V1,americanfootball_nfl,oddsapi/hist_events,/historical/sports/americanfootball_nfl/events,,2025-01-09T06:00:00Z,2025-01-09T05:55:38Z,2025-01-09T05:50:38Z,2025-01-09T06:00:39Z,,,16,1,1,4998970,200,11ebc265ad62067f37ce8be3ec61b57c3189f681fdcaddf4ad12c53e44723524,eea8c9ef3301b4dd3d8c,False
2026-10-01T00:39:18Z,FOOTBALL_PROBE_V1,americanfootball_nfl,oddsapi/hist_events,/historical/sports/americanfootball_nfl/events,,2025-01-11T06:00:00Z,2025-01-11T05:55:38Z,2025-01-11T05:50:38Z,2025-01-11T06:00:38Z,,,16,1,1,4998969,200,cf8a06b85fe7c5ef7b8967e4d283843fce5f1e7444fc85d482597c33b67ece50,9d9b5b805354a9f5f3f1,False
2026-10-01T00:39:18Z,FOOTBALL_PROBE_V1,americanfootball_nfl,oddsapi/hist_events,/historical/sports/americanfootball_nfl/events,,2025-01-13T06:00:00Z,2025-01-13T05:55:38Z,2025-01-13T05:50:38Z,2025-01-13T06:00:38Z,,,4,1,1,4998968,200,492a633f7dac2fd0dcf3b6dccd938e8f258e826b6146f9d5e685b8d47847c37c,edae22e6c99f91e8e748,False
2026-10-01T00:39:19Z,FOOTBALL_PROBE_V1,americanfootball_nfl,oddsapi/hist_events,/historical/sports/americanfootball_nfl/events,,2025-01-15T06:00:00Z,2025-01-15T05:55:38Z,2025-01-15T05:50:38Z,2025-01-15T06:00:38Z,,,12,1,1,4998967,200,39c9649babdf06435b72745be200d85453b9b8ce8d83381eb2dc333d5297eb8c,69b19f458c18128351d5,False
2026-10-01T00:39:20Z,FOOTBALL_PROBE_V1,americanfootball_nfl,oddsapi/hist_events,/historical/sports/americanfootball_nfl/events,,2025-01-17T06:00:00Z,2025-01-17T05:55:38Z,2025-01-17T05:50:38Z,2025-01-17T06:00:38Z,,,12,1,1,4998966,200,eab08e53c0ee4e7285eb3a96e2c2b06f5566a7e30f0958995747a07ca168de96,827ca9ea130d38ed943a,False
2026-10-01T00:39:20Z,FOOTBALL_PROBE_V1,americanfootball_nfl,oddsapi/hist_events,/historical/sports/americanfootball_nfl/events,,2025-01-19T06:00:00Z,2025-01-19T05:55:37Z,2025-01-19T05:50:37Z,2025-01-19T06:00:37Z,,,6,1,1,4998965,200,cd4f70ebe5e601a242207b6e6003f6e2aa8cec6be6e8a0703a9601eee741498b,fc4ae1b71210f424b1b0,False
2026-10-01T00:39:21Z,FOOTBALL_PROBE_V1,americanfootball_nfl,oddsapi/hist_events,/historical/sports/americanfootball_nfl/events,,2025-01-21T06:00:00Z,2025-01-21T05:55:38Z,2025-01-21T05:50:38Z,2025-01-21T06:00:38Z,,,6,1,1,4998964,200,d9b87af71b4f3365beb0e6afef9cecead13c29782b26f0353c4c1950f83b7b57,0091ef3d70ad24b0448c,False
2026-10-01T00:39:21Z,FOOTBALL_PROBE_V1,americanfootball_nfl,oddsapi/hist_events,/historical/sports/americanfootball_nfl/events,,2025-01-23T06:00:00Z,2025-01-23T05:55:38Z,2025-01-23T05:50:38Z,2025-01-23T06:00:38Z,,,6,1,1,4998963,200,e872ef7c363fe86cd8471f9cc1daa907f802d0cb38c057438ef65601b90c24e3,928eacd012c973d7083b,False
2026-10-01T00:39:22Z,FOOTBALL_PROBE_V1,americanfootball_nfl,oddsapi/hist_events,/historical/sports/americanfootball_nfl/events,,2025-01-25T06:00:00Z,2025-01-25T05:55:38Z,2025-01-25T05:50:38Z,2025-01-25T06:00:38Z,,,6,1,1,4998962,200,355bb1eb03e6cc1fcaefe810181caeefdaf2715495ccd6045f69f1ecfb194a92,93bb74acc6606ac14cd5,False
2026-10-01T00:39:22Z,FOOTBALL_PROBE_V1,americanfootball_nfl,oddsapi/hist_events,/historical/sports/americanfootball_nfl/events,,2025-01-27T06:00:00Z,2025-01-27T05:55:38Z,2025-01-27T05:50:38Z,2025-01-27T06:00:37Z,,,1,1,1,4998961,200,d211d97bb10ce7c4292b7fa99a13dad17d13771aff07e3fc96fcba25061284ac,b796eb183e414bec169c,False
2026-10-01T00:39:23Z,FOOTBALL_PROBE_V1,americanfootball_nfl,oddsapi/hist_events,/historical/sports/americanfootball_nfl/events,,2025-01-29T06:00:00Z,2025-01-29T05:55:38Z,2025-01-29T05:50:38Z,2025-01-29T06:00:38Z,,,1,1,1,4998960,200,c982959ac7140fc651aae19f4d5d17ca97d9974c07686364009049ea2f9172a8,3dbab8e83f33ab680d3f,False
2026-10-01T00:39:23Z,FOOTBALL_PROBE_V1,americanfootball_nfl,oddsapi/hist_events,/historical/sports/americanfootball_nfl/events,,2025-01-31T06:00:00Z,2025-01-31T05:55:38Z,2025-01-31T05:50:38Z,2025-01-31T06:00:38Z,,,1,1,1,4998959,200,4f5952b43a1600bafc9fa0afcc05fe46669b8e43759af28344ed4a915661d0b7,66f3da963b3f3963cec8,False
2026-10-01T00:39:24Z,FOOTBALL_PROBE_V1,americanfootball_nfl,oddsapi/hist_events,/historical/sports/americanfootball_nfl/events,,2025-02-02T06:00:00Z,2025-02-02T05:55:37Z,2025-02-02T05:50:37Z,2025-02-02T06:00:37Z,,,1,1,1,4998958,200,b5a18ef57ffb2e73b76e42c858e75cd944fe4af31e065f1e2519be32ef7aaf98,5e6d76d1455086b8b632,False
2026-10-01T00:39:24Z,FOOTBALL_PROBE_V1,americanfootball_nfl,oddsapi/hist_events,/historical/sports/americanfootball_nfl/events,,2025-02-04T06:00:00Z,2025-02-04T05:55:38Z,2025-02-04T05:50:38Z,2025-02-04T06:00:38Z,,,1,1,1,4998957,200,a45aaacce6856932c887c71b4030e4d57b40aa2f10572a0de3ae93c78d940e44,149d8744bd8c2c7f4d4e,False
2026-10-01T00:39:24Z,FOOTBALL_PROBE_V1,americanfootball_nfl,oddsapi/hist_events,/historical/sports/americanfootball_nfl/events,,2025-02-06T06:00:00Z,2025-02-06T05:55:38Z,2025-02-06T05:50:38Z,2025-02-06T06:00:38Z,,,1,1,1,4998956,200,80273aa1c59e5c8beed066551ba85196e51038bec70cc39aed29e3fec27a9b56,53b8e563596efd33ec42,False
2026-10-01T00:39:25Z,FOOTBALL_PROBE_V1,americanfootball_nfl,oddsapi/hist_events,/historical/sports/americanfootball_nfl/events,,2025-02-08T06:00:00Z,2025-02-08T05:55:38Z,2025-02-08T05:50:38Z,2025-02-08T06:00:38Z,,,1,1,1,4998955,200,a0fbdd203e422a581365ce34923b26d9b38ac612b488564fa32399415eff202b,703466be1a74cc6e5d6d,False
2026-10-01T00:39:25Z,FOOTBALL_PROBE_V1,americanfootball_nfl,oddsapi/hist_events,/historical/sports/americanfootball_nfl/events,,2025-02-10T06:00:00Z,2025-02-10T03:25:37Z,2025-02-10T03:20:38Z,2025-05-12T12:50:38Z,,,1,1,1,4998954,200,4d802ab4ff16170bd13677a663a525dbc4bfc252ba95945c463cef462009a54f,65d5426fd996f59857a0,False
2026-10-01T00:39:26Z,FOOTBALL_PROBE_V1,americanfootball_nfl,oddsapi/hist_events,/historical/sports/americanfootball_nfl/events,,2025-02-12T06:00:00Z,2025-02-10T03:25:37Z,2025-02-10T03:20:38Z,2025-05-12T12:50:38Z,,,1,1,1,4998953,200,4d802ab4ff16170bd13677a663a525dbc4bfc252ba95945c463cef462009a54f,38dc8fd603fef1bb754c,False
2026-10-01T00:39:26Z,FOOTBALL_PROBE_V1,americanfootball_nfl,oddsapi/hist_events,/historical/sports/americanfootball_nfl/events,,2025-02-14T06:00:00Z,2025-02-10T03:25:37Z,2025-02-10T03:20:38Z,2025-05-12T12:50:38Z,,,1,1,1,4998952,200,4d802ab4ff16170bd13677a663a525dbc4bfc252ba95945c463cef462009a54f,28ec114040927ada3b6b,False
2026-10-01T00:39:27Z,FOOTBALL_PROBE_V1,americanfootball_ncaaf,oddsapi/hist_events,/historical/sports/americanfootball_ncaaf/events,,2023-08-20T06:00:00Z,2023-08-20T05:55:42Z,2023-08-20T05:50:41Z,2023-08-20T06:00:42Z,,,80,1,1,4998951,200,8a532842b35af97dc6919fb494b212ef6bac0cb9c505f055279a42b6fb869304,949ec46a491b278824ed,False
2026-10-01T00:39:28Z,FOOTBALL_PROBE_V1,americanfootball_ncaaf,oddsapi/hist_events,/historical/sports/americanfootball_ncaaf/events,,2023-08-22T06:00:00Z,2023-08-22T05:55:40Z,2023-08-22T05:50:42Z,2023-08-22T06:00:42Z,,,80,1,1,4998950,200,1f22777a41968bd50510515b86bbedbb6b29e7eca125427dcb1ddcf03b0c2b0f,7901844d66c8c9e86f50,False
2026-10-01T00:39:29Z,FOOTBALL_PROBE_V1,americanfootball_ncaaf,oddsapi/hist_events,/historical/sports/americanfootball_ncaaf/events,,2023-08-24T06:00:00Z,2023-08-24T05:55:43Z,2023-08-24T05:50:42Z,2023-08-24T06:00:43Z,,,79,1,1,4998949,200,1f408684d4f88eebe664c1c6e33a9b33acae39377a0ff3343616d756c3698213,fd5bbab1674ff525e854,False
2026-10-01T00:39:30Z,FOOTBALL_PROBE_V1,americanfootball_ncaaf,oddsapi/hist_events,/historical/sports/americanfootball_ncaaf/events,,2023-08-26T06:00:00Z,2023-08-26T05:55:44Z,2023-08-26T05:50:43Z,2023-08-26T06:00:42Z,,,79,1,1,4998948,200,2474e7382339cdf69a70409a78291fa9223a630221156aa30760f581d2c8d00b,7f8c7d26c9346c6dc023,False
2026-10-01T00:39:31Z,FOOTBALL_PROBE_V1,americanfootball_ncaaf,oddsapi/hist_events,/historical/sports/americanfootball_ncaaf/events,,2023-08-28T06:00:00Z,2023-08-28T05:55:42Z,2023-08-28T05:50:42Z,2023-08-28T06:00:42Z,,,72,1,1,4998947,200,45852940f680f74a7f84d506c8733d0a77d78ddbbb348da870c7d17a77d1472a,1dbf680e8eac42484a0a,False
2026-10-01T00:39:32Z,FOOTBALL_PROBE_V1,americanfootball_ncaaf,oddsapi/hist_events,/historical/sports/americanfootball_ncaaf/events,,2023-08-30T06:00:00Z,2023-08-30T05:55:43Z,2023-08-30T05:50:41Z,2023-08-30T06:00:41Z,,,73,1,1,4998946,200,d72c5dd33da1806592a18caf14a442ac731f81bf78e0b314d755e57c1b8dc3be,5cd8bdd50e1593912813,False
2026-10-01T00:39:33Z,FOOTBALL_PROBE_V1,americanfootball_ncaaf,oddsapi/hist_events,/historical/sports/americanfootball_ncaaf/events,,2023-09-01T06:00:00Z,2023-09-01T05:55:41Z,2023-09-01T05:50:43Z,2023-09-01T06:00:43Z,,,70,1,1,4998945,200,9dbbf089bc6cb84efd715850200134b45e49d6b19591060ce26f0b31d24d8315,3e48b3e29382cd9da9a2,False
2026-10-01T00:39:33Z,FOOTBALL_PROBE_V1,americanfootball_ncaaf,oddsapi/hist_events,/historical/sports/americanfootball_ncaaf/events,,2023-09-03T06:00:00Z,2023-09-03T05:55:40Z,2023-09-03T05:50:40Z,2023-09-03T06:00:40Z,,,14,1,1,4998944,200,878878743781cb7c9043ddfc89066216b23a7d8ddd6d49b2411f55d3e5496232,f410e4f8781ba1ba398d,False
2026-10-01T00:39:34Z,FOOTBALL_PROBE_V1,americanfootball_ncaaf,oddsapi/hist_events,/historical/sports/americanfootball_ncaaf/events,,2023-09-05T06:00:00Z,2023-09-05T05:55:40Z,2023-09-05T05:50:40Z,2023-09-05T06:00:40Z,,,46,1,1,4998943,200,8f56472f3a43d7b237930d92f591de983831b4332fa68901e2b28428b727ac5e,bd5483becc750c4f83b2,False
2026-10-01T00:39:35Z,FOOTBALL_PROBE_V1,americanfootball_ncaaf,oddsapi/hist_events,/historical/sports/americanfootball_ncaaf/events,,2023-09-07T06:00:00Z,2023-09-07T05:55:41Z,2023-09-07T05:50:42Z,2023-09-07T06:00:40Z,,,58,1,1,4998942,200,a4bcecc44b7cae3fdaad4f9ba200cf0dc60d1fb80bca72859c42185d0a4e7b6b,34b01cab5a0b3cb4a760,False
2026-10-01T00:39:36Z,FOOTBALL_PROBE_V1,americanfootball_ncaaf,oddsapi/hist_events,/historical/sports/americanfootball_ncaaf/events,,2023-09-09T06:00:00Z,2023-09-09T05:55:41Z,2023-09-09T05:50:41Z,2023-09-09T06:00:41Z,,,58,1,1,4998941,200,e7c8a50e861fa08e972020a5b7d8ca59ef2da62e0bb4d3d32bfafccd960975a1,1518301357d944f925e6,False
2026-10-01T00:39:37Z,FOOTBALL_PROBE_V1,americanfootball_ncaaf,oddsapi/hist_events,/historical/sports/americanfootball_ncaaf/events,,2023-09-11T06:00:00Z,2023-09-11T05:55:41Z,2023-09-11T05:50:41Z,2023-09-11T06:00:40Z,,,56,1,1,4998940,200,9986e5ba207caaa76f7048175cd67b58e7160cc31efe81f8ca7830085dc6d861,8066f669a8e8e5968861,False
2026-10-01T00:39:38Z,FOOTBALL_PROBE_V1,americanfootball_ncaaf,oddsapi/hist_events,/historical/sports/americanfootball_ncaaf/events,,2023-09-13T06:00:00Z,2023-09-13T05:55:42Z,2023-09-13T05:50:42Z,2023-09-13T06:00:43Z,,,56,1,1,4998939,200,46d521e6cf70c3a458f99ce78418d61c03ae06edcba0abeaf53603cbda4b76db,01d28e22a7440c5aaa12,False
2026-10-01T00:39:39Z,FOOTBALL_PROBE_V1,americanfootball_ncaaf,oddsapi/hist_events,/historical/sports/americanfootball_ncaaf/events,,2023-09-15T06:00:00Z,2023-09-15T05:55:42Z,2023-09-15T05:50:42Z,2023-09-15T06:00:42Z,,,65,1,1,4998938,200,c7d33b0eaf60ec1adaa24252f8c7964f43a9c922ccbf0be87394f2f7f75f0ec7,d7c64d0d9127c6125b6c,False
2026-10-01T00:39:39Z,FOOTBALL_PROBE_V1,americanfootball_ncaaf,oddsapi/hist_events,/historical/sports/americanfootball_ncaaf/events,,2023-09-17T06:00:00Z,2023-09-17T05:55:40Z,2023-09-17T05:50:41Z,2023-09-17T06:00:40Z,,,5,1,1,4998937,200,848bdc6b32c75099e0c15da06206cc04b806e47fcb629b72474de58e16f11f61,ff8042d9ba992126103c,False
2026-10-01T00:39:40Z,FOOTBALL_PROBE_V1,americanfootball_ncaaf,oddsapi/hist_events,/historical/sports/americanfootball_ncaaf/events,,2023-09-19T06:00:00Z,2023-09-19T05:55:41Z,2023-09-19T05:50:41Z,2023-09-19T06:00:41Z,,,63,1,1,4998936,200,f374bd2a739b6eeaff707ca38a9f59a32c7c48659f30aa3019ed606d0de8c25a,47b961c83f9c18f5d5ac,False
2026-10-01T00:39:42Z,FOOTBALL_PROBE_V1,americanfootball_ncaaf,oddsapi/hist_events,/historical/sports/americanfootball_ncaaf/events,,2023-09-21T06:00:00Z,2023-09-21T05:55:43Z,2023-09-21T05:50:44Z,2023-09-21T06:00:43Z,,,75,1,1,4998935,200,d22a4cd611ae35ac595d0cb8fb6ba0955c026e1bad84e8a8ed21b651b874ac4b,c23280698e9db6639414,False
2026-10-01T00:39:43Z,FOOTBALL_PROBE_V1,americanfootball_ncaaf,oddsapi/hist_events,/historical/sports/americanfootball_ncaaf/events,,2023-09-23T06:00:00Z,2023-09-23T05:55:42Z,2023-09-23T05:50:42Z,2023-09-23T06:00:44Z,,,72,1,1,4998934,200,4acb9ee5e58a388d46ef285e84b03528297217ea2c14da7a08030dbccf3f17e9,17a3c5a97085cbf0a419,False
2026-10-01T00:39:44Z,FOOTBALL_PROBE_V1,americanfootball_ncaaf,oddsapi/hist_events,/historical/sports/americanfootball_ncaaf/events,,2023-09-25T06:00:00Z,2023-09-25T05:55:42Z,2023-09-25T05:50:40Z,2023-09-25T06:00:40Z,,,56,1,1,4998933,200,d1e0e96e4094213426dfec069bf41c8cf0af68334b587c30f692a19a57098f5a,2f0bc77019e40aa8a839,False
2026-10-01T00:39:45Z,FOOTBALL_PROBE_V1,americanfootball_ncaaf,oddsapi/hist_events,/historical/sports/americanfootball_ncaaf/events,,2023-09-27T06:00:00Z,2023-09-27T05:55:42Z,2023-09-27T05:50:42Z,2023-09-27T06:00:42Z,,,62,1,1,4998932,200,2a4d892f300b72659fd364528e393c83266e991db6dac9fc7658b426fd72eee8,72f376311d83912d7ea1,False
2026-10-01T00:39:45Z,FOOTBALL_PROBE_V1,americanfootball_ncaaf,oddsapi/hist_events,/historical/sports/americanfootball_ncaaf/events,,2023-09-29T06:00:00Z,2023-09-29T05:55:43Z,2023-09-29T05:50:42Z,2023-09-29T06:00:43Z,,,73,1,1,4998931,200,da5d9a7af6da7d8a2dfdf186820e40f5aa4fc2e3ab5c4ec5903cb78fa1b5acf3,021c7d8b081de1a2973c,False
2026-10-01T00:39:46Z,FOOTBALL_PROBE_V1,americanfootball_ncaaf,oddsapi/hist_events,/historical/sports/americanfootball_ncaaf/events,,2023-10-01T06:00:00Z,2023-10-01T05:55:40Z,2023-10-01T05:50:40Z,2023-10-01T06:00:41Z,,,3,1,1,4998930,200,825d75c7ec3d31ef845ab0d8a278e78487ac93a3ed771fc548e608ebc2f3c3d1,875ffe000749044b3d9d,False
2026-10-01T00:39:47Z,FOOTBALL_PROBE_V1,americanfootball_ncaaf,oddsapi/hist_events,/historical/sports/americanfootball_ncaaf/events,,2023-10-03T06:00:00Z,2023-10-03T05:55:41Z,2023-10-03T05:50:42Z,2023-10-03T06:00:42Z,,,53,1,1,4998929,200,2b5c7454f75ee3c19fc9e199fb4a8857856a2a6fd14aebad7794caddec84f481,ef358afe1c3ffc430a87,False
2026-10-01T00:39:48Z,FOOTBALL_PROBE_V1,americanfootball_ncaaf,oddsapi/hist_events,/historical/sports/americanfootball_ncaaf/events,,2023-10-05T06:00:00Z,2023-10-05T05:55:42Z,2023-10-05T05:50:42Z,2023-10-05T06:00:42Z,,,63,1,1,4998928,200,ac883a856b038541767660c6718a2c5a44eb0e4f311480d7a8a1c1725367a9fd,464e00a7c7a76d1be663,False
2026-10-01T00:39:49Z,FOOTBALL_PROBE_V1,americanfootball_ncaaf,oddsapi/hist_events,/historical/sports/americanfootball_ncaaf/events,,2023-10-07T06:00:00Z,2023-10-07T05:55:40Z,2023-10-07T05:50:41Z,2023-10-07T06:00:42Z,,,61,1,1,4998927,200,d15a11c829fd193dc7b8ee95c9042418ce8ec91ce512eb851283b68853519114,fb3e4177b38e212528d5,False
2026-10-01T00:39:50Z,FOOTBALL_PROBE_V1,americanfootball_ncaaf,oddsapi/hist_events,/historical/sports/americanfootball_ncaaf/events,,2023-10-09T06:00:00Z,2023-10-09T05:55:39Z,2023-10-09T05:50:39Z,2023-10-09T06:00:39Z,,,55,1,1,4998926,200,3e5f01929001bc7a4df22ee73c015607240bac6376aa27c50b1987712895c3ef,6793c80cb71b154d4d54,False
2026-10-01T00:39:51Z,FOOTBALL_PROBE_V1,americanfootball_ncaaf,oddsapi/hist_events,/historical/sports/americanfootball_ncaaf/events,,2023-10-11T06:00:00Z,2023-10-11T05:55:40Z,2023-10-11T05:50:40Z,2023-10-11T06:00:41Z,,,52,1,1,4998925,200,b067740402614aabde73e472128d85b6f005395fb289e32725da7c7bed21675d,4725709f341461b32f9a,False
2026-10-01T00:39:52Z,FOOTBALL_PROBE_V1,americanfootball_ncaaf,oddsapi/hist_events,/historical/sports/americanfootball_ncaaf/events,,2023-10-13T06:00:00Z,2023-10-13T05:55:41Z,2023-10-13T05:50:42Z,2023-10-13T06:00:41Z,,,64,1,1,4998924,200,89d70aa0a2607cf536776fc86f3ee0c5a205769c5dcb87ffa007fea2dbe24333,44df3731597286b5a05e,False
2026-10-01T00:39:52Z,FOOTBALL_PROBE_V1,americanfootball_ncaaf,oddsapi/hist_events,/historical/sports/americanfootball_ncaaf/events,,2023-10-15T06:00:00Z,2023-10-15T05:55:40Z,2023-10-15T05:50:40Z,2023-10-15T06:00:40Z,,,1,1,1,4998923,200,92cc11b7ad207c6e704ee0e2206f5d6edc002b9aeed802466ee9bc35a4b6d64a,32a49d11bbe6fa29eb4d,False
2026-10-01T00:39:54Z,FOOTBALL_PROBE_V1,americanfootball_ncaaf,oddsapi/hist_events,/historical/sports/americanfootball_ncaaf/events,,2023-10-17T06:00:00Z,2023-10-17T05:55:42Z,2023-10-17T05:50:42Z,2023-10-17T06:00:42Z,,,54,1,1,4998922,200,9bab10d48c962117f39d5c035c4a8dd2d367ad70a6d7661798ee5801853a0b5a,8dfe1a411a9c6679542d,False
2026-10-01T00:39:55Z,FOOTBALL_PROBE_V1,americanfootball_ncaaf,oddsapi/hist_events,/historical/sports/americanfootball_ncaaf/events,,2023-10-19T06:00:00Z,2023-10-19T05:55:41Z,2023-10-19T05:50:42Z,2023-10-19T06:00:42Z,,,59,1,1,4998921,200,8d3f9a6f41f8339c2e222e466be74d702bc67c7d832d6773f3108276d4d5caf7,e3618d76884da84208e2,False
2026-10-01T00:39:56Z,FOOTBALL_PROBE_V1,americanfootball_ncaaf,oddsapi/hist_events,/historical/sports/americanfootball_ncaaf/events,,2023-10-21T06:00:00Z,2023-10-21T05:55:42Z,2023-10-21T05:50:43Z,2023-10-21T06:00:43Z,,,57,1,1,4998920,200,d86cb4b1c083743c190394a0ae0ffdc84f33c896fa70921301000e0348db680d,3723867484a58274e343,False
2026-10-01T00:39:57Z,FOOTBALL_PROBE_V1,americanfootball_ncaaf,oddsapi/hist_events,/historical/sports/americanfootball_ncaaf/events,,2023-10-23T06:00:00Z,2023-10-23T05:55:41Z,2023-10-23T05:50:42Z,2023-10-23T06:00:42Z,,,54,1,1,4998919,200,c51b6e34a45b45a36b557c45dd80a9c5e2ff8c846e76e1cdb8f19eb37790f8a3,dbfe48f2b928d16062f4,False
2026-10-01T00:39:58Z,FOOTBALL_PROBE_V1,americanfootball_ncaaf,oddsapi/hist_events,/historical/sports/americanfootball_ncaaf/events,,2023-10-25T06:00:00Z,2023-10-25T05:55:42Z,2023-10-25T05:50:42Z,2023-10-25T06:00:43Z,,,58,1,1,4998918,200,0d6e79a8cace308490c1149266022fa8110321bb407b762ea0e01165e57ffb6a,fa6a53eeb9ae47170685,False
2026-10-01T00:39:59Z,FOOTBALL_PROBE_V1,americanfootball_ncaaf,oddsapi/hist_events,/historical/sports/americanfootball_ncaaf/events,,2023-10-27T06:00:00Z,2023-10-27T05:55:42Z,2023-10-27T05:50:43Z,2023-10-27T06:00:42Z,,,63,1,1,4998917,200,61a04e9bce5be6ee6023a8bc71aa48b594e5dedfe17df44fe4ef62e9197084d4,04ea1e62bf2feb2a6671,False
2026-10-01T00:40:00Z,FOOTBALL_PROBE_V1,americanfootball_ncaaf,oddsapi/hist_events,/historical/sports/americanfootball_ncaaf/events,,2023-10-29T06:00:00Z,2023-10-29T05:55:40Z,2023-10-29T05:50:40Z,2023-10-29T06:00:40Z,,,8,1,1,4998916,200,0b5991e63625cad3677a81dfc8275ee6862a462de603a41d8d4d3847a194252b,f7de1398ef700e29a90a,False
2026-10-01T00:40:01Z,FOOTBALL_PROBE_V1,americanfootball_ncaaf,oddsapi/hist_events,/historical/sports/americanfootball_ncaaf/events,,2023-10-31T06:00:00Z,2023-10-31T05:55:42Z,2023-10-31T05:50:41Z,2023-10-31T06:00:41Z,,,62,1,1,4998915,200,e2c2c0bea3c5ff45ebeb3afb1ca488559c2ba9fcf7ffeb88d3e5fcc7eee8a178,0b4f438d05d9143b379b,False
2026-10-01T00:40:02Z,FOOTBALL_PROBE_V1,americanfootball_ncaaf,oddsapi/hist_events,/historical/sports/americanfootball_ncaaf/events,,2023-11-02T06:00:00Z,2023-11-02T05:55:42Z,2023-11-02T05:50:42Z,2023-11-02T06:00:43Z,,,72,1,1,4998914,200,9019a701c994eb6a164d40bf9073afcf77933a8e2c1e20a4dfd6f2df36d4c7a8,771ff245406f55c42581,False
2026-10-01T00:40:03Z,FOOTBALL_PROBE_V1,americanfootball_ncaaf,oddsapi/hist_events,/historical/sports/americanfootball_ncaaf/events,,2023-11-04T06:00:00Z,2023-11-04T05:55:44Z,2023-11-04T05:50:43Z,2023-11-04T06:00:42Z,,,65,1,1,4998913,200,330e36c13e6923cce454d973d11ab593099e08a088ccd33d86cb41dbc007820b,fe2f284d049eb55560d0,False
2026-10-01T00:40:04Z,FOOTBALL_PROBE_V1,americanfootball_ncaaf,oddsapi/hist_events,/historical/sports/americanfootball_ncaaf/events,,2023-11-06T06:00:00Z,2023-11-06T05:55:41Z,2023-11-06T05:50:42Z,2023-11-06T06:00:40Z,,,65,1,1,4998912,200,b225f123ddea39c740b977b3157d048770847d9437d9f5f6d1e38c10c50e4a5e,dc2b339125b3d5922a9f,False
2026-10-01T00:40:05Z,FOOTBALL_PROBE_V1,americanfootball_ncaaf,oddsapi/hist_events,/historical/sports/americanfootball_ncaaf/events,,2023-11-08T06:00:00Z,2023-11-08T05:55:42Z,2023-11-08T05:50:42Z,2023-11-08T06:00:42Z,,,63,1,1,4998911,200,aba53c1d0a7e25f996334865e375ddb6c97b8d18ab60ec43b73ddc0c48ea7b71,1b94d1acf125cf1856ee,False
2026-10-01T00:40:06Z,FOOTBALL_PROBE_V1,americanfootball_ncaaf,oddsapi/hist_events,/historical/sports/americanfootball_ncaaf/events,,2023-11-10T06:00:00Z,2023-11-10T05:55:43Z,2023-11-10T05:50:44Z,2023-11-10T06:00:42Z,,,69,1,1,4998910,200,84d398d0db878b435c91ffb6f9bfdbb36f6d26b96875f848a48bb03c7b2835cd,99e6a38553a0001beaf8,False
2026-10-01T00:40:07Z,FOOTBALL_PROBE_V1,americanfootball_ncaaf,oddsapi/hist_events,/historical/sports/americanfootball_ncaaf/events,,2023-11-12T06:00:00Z,2023-11-12T05:55:40Z,2023-11-12T05:50:39Z,2023-11-12T06:00:41Z,,,5,1,1,4998909,200,c1b9e8f31700e7feb629afdeadaae8dba342e12ea155f8687eb42460db436791,c2a289a1000617b3689b,False
2026-10-01T00:40:08Z,FOOTBALL_PROBE_V1,americanfootball_ncaaf,oddsapi/hist_events,/historical/sports/americanfootball_ncaaf/events,,2023-11-14T06:00:00Z,2023-11-14T05:55:40Z,2023-11-14T05:50:40Z,2023-11-14T06:00:40Z,,,66,1,1,4998908,200,c27e359b7cc7d45a3e53cf1e6dad2f43d6c4d9715a0f2ccaf47000f7e1dabcd6,a9c6ba374f93ab2f9d90,False
2026-10-01T00:40:09Z,FOOTBALL_PROBE_V1,americanfootball_ncaaf,oddsapi/hist_events,/historical/sports/americanfootball_ncaaf/events,,2023-11-16T06:00:00Z,2023-11-16T05:55:41Z,2023-11-16T05:50:41Z,2023-11-16T06:00:41Z,,,78,1,1,4998907,200,590a1ca592d2f4a22ee1031714a40261815e0cfc93e6d21e63b6eb9f327bb75f,eac218190b0260baf2a5,False
2026-10-01T00:40:10Z,FOOTBALL_PROBE_V1,americanfootball_ncaaf,oddsapi/hist_events,/historical/sports/americanfootball_ncaaf/events,,2023-11-18T06:00:00Z,2023-11-18T05:55:41Z,2023-11-18T05:50:41Z,2023-11-18T06:00:41Z,,,76,1,1,4998906,200,6fb1d10af5649767c842f6dae76185edb227efaeddd0d7d0b350c1264ca6885d,364f8d69bbb78556389b,False
2026-10-01T00:40:11Z,FOOTBALL_PROBE_V1,americanfootball_ncaaf,oddsapi/hist_events,/historical/sports/americanfootball_ncaaf/events,,2023-11-20T06:00:00Z,2023-11-20T05:55:41Z,2023-11-20T05:50:41Z,2023-11-20T06:00:41Z,,,67,1,1,4998905,200,f385761d485b4d797acffc100182ab4f5c72c6931ea6cf24ef06c931a9cd005e,d8dc67aed591a3583f52,False
2026-10-01T00:40:12Z,FOOTBALL_PROBE_V1,americanfootball_ncaaf,oddsapi/hist_events,/historical/sports/americanfootball_ncaaf/events,,2023-11-22T06:00:00Z,2023-11-22T05:55:43Z,2023-11-22T05:50:43Z,2023-11-22T06:00:44Z,,,67,1,1,4998904,200,aff7ff2ab3609587a069dc95796961446f72d72e9e056d1d6967209d3902e989,9565fbd4bf43da6c18d1,False
2026-10-01T00:40:14Z,FOOTBALL_PROBE_V1,americanfootball_ncaaf,oddsapi/hist_events,/historical/sports/americanfootball_ncaaf/events,,2023-11-24T06:00:00Z,2023-11-24T05:55:39Z,2023-11-24T05:50:40Z,2023-11-24T06:00:40Z,,,66,1,1,4998903,200,bcb452f4fc9d03bc23e7a7e74a00ffe2dedd9d34fb3b2ee74b4136f126837eea,e92094b4e82f7b18e668,False
2026-10-01T00:40:15Z,FOOTBALL_PROBE_V1,americanfootball_ncaaf,oddsapi/hist_events,/historical/sports/americanfootball_ncaaf/events,,2023-11-26T06:00:00Z,2023-11-26T05:55:38Z,2023-11-26T05:50:39Z,2023-11-26T06:00:39Z,,,12,1,1,4998902,200,277db330150b7839395ee7e3def837a21fb2f781e02883829c05cdb0ce200af2,0d494125d9053c4d1f5f,False
2026-10-01T00:40:15Z,FOOTBALL_PROBE_V1,americanfootball_ncaaf,oddsapi/hist_events,/historical/sports/americanfootball_ncaaf/events,,2023-11-28T06:00:00Z,2023-11-28T05:55:39Z,2023-11-28T05:50:39Z,2023-11-28T06:00:39Z,,,11,1,1,4998901,200,9c16567781975e51ed19ad18fe7f310cb9331f68fcac95d914d0564db8bd6bf3,453085012edcf8b1fd5d,False
2026-10-01T00:40:16Z,FOOTBALL_PROBE_V1,americanfootball_ncaaf,oddsapi/hist_events,/historical/sports/americanfootball_ncaaf/events,,2023-11-30T06:00:00Z,2023-11-30T05:55:39Z,2023-11-30T05:50:39Z,2023-11-30T06:00:39Z,,,11,1,1,4998900,200,89b29ced9aee287cec00d7bdd1d7fb27a965b38c8f1ced7b57dbd86960316178,ef5ff9f4427ae640158d,False
2026-10-01T00:40:16Z,FOOTBALL_PROBE_V1,americanfootball_ncaaf,oddsapi/hist_events,/historical/sports/americanfootball_ncaaf/events,,2023-12-02T06:00:00Z,2023-12-02T05:55:40Z,2023-12-02T05:50:39Z,2023-12-02T06:00:39Z,,,9,1,1,4998899,200,a0f48c0435d0d9a4d577a5ce12ac287d4cbfcacd23ba71aaea85c870b8dba9cd,4283b994d3ee0e7b84a8,False
2026-10-01T00:40:17Z,FOOTBALL_PROBE_V1,americanfootball_ncaaf,oddsapi/hist_events,/historical/sports/americanfootball_ncaaf/events,,2023-12-04T06:00:00Z,2023-12-04T05:55:38Z,2023-12-04T05:50:38Z,2023-12-04T06:00:38Z,,,29,1,1,4998898,200,03ec38c9e3de719b263d1d0987d6a080324e6600a2dea5c23e4ecbdb7f99ce6f,e9954e72c89b6e3b91a4,False
2026-10-01T00:40:18Z,FOOTBALL_PROBE_V1,americanfootball_ncaaf,oddsapi/hist_events,/historical/sports/americanfootball_ncaaf/events,,2023-12-06T06:00:00Z,2023-12-06T05:55:39Z,2023-12-06T05:50:39Z,2023-12-06T06:00:39Z,,,47,1,1,4998897,200,b0eb2ddd9f952a42b867b795f3a389615d6aa1314a1d5d04db77e41c1a24cf0d,db3c202c905f5985cbb0,False
2026-10-01T00:40:18Z,FOOTBALL_PROBE_V1,americanfootball_ncaaf,oddsapi/hist_events,/historical/sports/americanfootball_ncaaf/events,,2023-12-08T06:00:00Z,2023-12-08T05:55:38Z,2023-12-08T05:50:40Z,2023-12-08T06:00:39Z,,,47,1,1,4998896,200,ad8753a6a8c451a6d4c5bef4be1af99a37388282cccfdcf79bddf0aa5f0a7940,67cf7bdbfda62f430ed5,False
2026-10-01T00:40:19Z,FOOTBALL_PROBE_V1,americanfootball_ncaaf,oddsapi/hist_events,/historical/sports/americanfootball_ncaaf/events,,2023-12-10T06:00:00Z,2023-12-10T05:55:38Z,2023-12-10T05:50:38Z,2023-12-10T06:00:39Z,,,46,1,1,4998895,200,a26902d42176e8328478139453bbb55515f96c6aafa9ba1f46eefda5476265fe,7b169eaa86f2bab6506a,False
2026-10-01T00:40:20Z,FOOTBALL_PROBE_V1,americanfootball_ncaaf,oddsapi/hist_events,/historical/sports/americanfootball_ncaaf/events,,2023-12-12T06:00:00Z,2023-12-12T05:55:38Z,2023-12-12T05:50:39Z,2023-12-12T06:00:38Z,,,46,1,1,4998894,200,fc889b010a42af1874baadb7c82457ffa88b5cda6fed3eb7b9afc34c187c254c,ce813c0af3f90473f577,False
2026-10-01T00:40:21Z,FOOTBALL_PROBE_V1,americanfootball_ncaaf,oddsapi/hist_events,/historical/sports/americanfootball_ncaaf/events,,2023-12-14T06:00:00Z,2023-12-14T05:55:39Z,2023-12-14T05:50:39Z,2023-12-14T06:00:39Z,,,46,1,1,4998893,200,49bcd336ab539c25fe62e845fa83d3db0a6f0fcb05e83cc19e41c1beb7e39c3c,5f6e375cff768aca2b87,False
2026-10-01T00:40:22Z,FOOTBALL_PROBE_V1,americanfootball_ncaaf,oddsapi/hist_events,/historical/sports/americanfootball_ncaaf/events,,2023-12-16T06:00:00Z,2023-12-16T05:55:39Z,2023-12-16T05:50:38Z,2023-12-16T06:00:39Z,,,46,1,1,4998892,200,8d6cf19a596c7ac51343776787be8196c83732ff36b869d43b7cd01a81a6eb15,13fba65df0a801f4d051,False
2026-10-01T00:40:23Z,FOOTBALL_PROBE_V1,americanfootball_ncaaf,oddsapi/hist_events,/historical/sports/americanfootball_ncaaf/events,,2023-12-18T06:00:00Z,2023-12-18T05:55:38Z,2023-12-18T05:50:38Z,2023-12-18T06:00:38Z,,,39,1,1,4998891,200,38024d4d7c2171d84f0ccf116cd480aede430138144e07bb28301291898e283b,9e7db92cbe226932a5a7,False
2026-10-01T00:40:23Z,FOOTBALL_PROBE_V1,americanfootball_ncaaf,oddsapi/hist_events,/historical/sports/americanfootball_ncaaf/events,,2023-12-20T06:00:00Z,2023-12-20T05:55:39Z,2023-12-20T05:50:38Z,2023-12-20T06:00:39Z,,,38,1,1,4998890,200,67652b24b910034b902cc3bd73442e1892f25ec4652f5cf0e4a15bc18799e842,da340c72834f0d12ca96,False
2026-10-01T00:40:24Z,FOOTBALL_PROBE_V1,americanfootball_ncaaf,oddsapi/hist_events,/historical/sports/americanfootball_ncaaf/events,,2023-12-22T06:00:00Z,2023-12-22T05:55:39Z,2023-12-22T05:50:38Z,2023-12-22T06:00:38Z,,,36,1,1,4998889,200,ba17eb3c94663d4c648e62ad94f9b52ac9552160ea46fd354076b261375d8019,9f5690b99c35411cd096,False
2026-10-01T00:40:25Z,FOOTBALL_PROBE_V1,americanfootball_ncaaf,oddsapi/hist_events,/historical/sports/americanfootball_ncaaf/events,,2023-12-24T06:00:00Z,2023-12-24T05:55:38Z,2023-12-24T05:50:38Z,2023-12-24T06:00:38Z,,,29,1,1,4998888,200,9a766faf60d84f9c93b92c0844d096a97ff85a418c19cff54cd0b8864cd911e9,3bf2fd67ab4d4eb55745,False
2026-10-01T00:40:25Z,FOOTBALL_PROBE_V1,americanfootball_ncaaf,oddsapi/hist_events,/historical/sports/americanfootball_ncaaf/events,,2023-12-26T06:00:00Z,2023-12-26T05:55:38Z,2023-12-26T05:50:38Z,2023-12-26T06:00:38Z,,,28,1,1,4998887,200,afe92ceeecc45939c9b946485c6985e156a280e653d2ea0f2d61061d24acd343,5cb4964a2fada056c51c,False
2026-10-01T00:40:26Z,FOOTBALL_PROBE_V1,americanfootball_ncaaf,oddsapi/hist_events,/historical/sports/americanfootball_ncaaf/events,,2023-12-28T06:00:00Z,2023-12-28T05:55:39Z,2023-12-28T05:50:38Z,2023-12-28T06:00:39Z,,,21,1,1,4998886,200,eedb67a92050f3a3ae08f04789198011ebbc6b31abe484189ef0bf0b316197c3,d6fb04ca93870840b071,False
2026-10-01T00:40:27Z,FOOTBALL_PROBE_V1,americanfootball_ncaaf,oddsapi/hist_events,/historical/sports/americanfootball_ncaaf/events,,2023-12-30T06:00:00Z,2023-12-30T05:55:38Z,2023-12-30T05:50:38Z,2023-12-30T06:00:38Z,,,13,1,1,4998885,200,b084254659d1ac2410823c035e2c1f18ab02049cb785f131ef32a5683344dd5d,00e9a73ebb94f6731fda,False
2026-10-01T00:40:27Z,FOOTBALL_PROBE_V1,americanfootball_ncaaf,oddsapi/hist_events,/historical/sports/americanfootball_ncaaf/events,,2024-01-01T06:00:00Z,2024-01-01T05:55:38Z,2024-01-01T05:50:38Z,2024-01-01T06:00:38Z,,,9,1,1,4998884,200,c8d9a8fec2e55e45e6f7b092ed4481d25d10c59668953a67e196437e126ecd3c,71dfeb2e2672a0724900,False
2026-10-01T00:40:28Z,FOOTBALL_PROBE_V1,americanfootball_ncaaf,oddsapi/hist_events,/historical/sports/americanfootball_ncaaf/events,,2024-01-03T06:00:00Z,2024-01-03T05:55:38Z,2024-01-03T05:50:38Z,2024-01-03T06:00:39Z,,,1,1,1,4998883,200,a752e5b72ba40136fc60eef7e355136f9f0a4a0cd5f68a3d8cd8d62967ceba49,3bc8e11e48d2b59c38e0,False
2026-10-01T00:40:29Z,FOOTBALL_PROBE_V1,americanfootball_ncaaf,oddsapi/hist_events,/historical/sports/americanfootball_ncaaf/events,,2024-01-05T06:00:00Z,2024-01-05T05:55:38Z,2024-01-05T05:50:38Z,2024-01-05T06:00:38Z,,,1,1,1,4998882,200,f6d1f3a4002dd60e2d5c8e3831ec8c4899aff3e80a2de77e2e2a405aa7fc021b,f5aad87255309c10abee,False
2026-10-01T00:40:29Z,FOOTBALL_PROBE_V1,americanfootball_ncaaf,oddsapi/hist_events,/historical/sports/americanfootball_ncaaf/events,,2024-01-07T06:00:00Z,2024-01-07T05:55:38Z,2024-01-07T05:50:38Z,2024-01-07T06:00:38Z,,,1,1,1,4998881,200,9a78a6c62562a1a5ff5637b9db1a52b3ba94a7b1fcc2c7ca9a2c37764f12794a,6c1abe77a1650856f56f,False
2026-10-01T00:40:29Z,FOOTBALL_PROBE_V1,americanfootball_ncaaf,oddsapi/hist_events,/historical/sports/americanfootball_ncaaf/events,,2024-01-09T06:00:00Z,2024-01-09T04:15:38Z,2024-01-09T04:10:38Z,2024-02-16T04:50:38Z,,,1,1,1,4998880,200,f5fe3e9a4002d6c2b411f867073f3dd2a4fd8a4dc09dd4f0289937efd7c3411f,fa89015c4c6290508b57,False
2026-10-01T00:40:30Z,FOOTBALL_PROBE_V1,americanfootball_ncaaf,oddsapi/hist_events,/historical/sports/americanfootball_ncaaf/events,,2024-01-11T06:00:00Z,2024-01-09T04:15:38Z,2024-01-09T04:10:38Z,2024-02-16T04:50:38Z,,,1,1,1,4998879,200,f5fe3e9a4002d6c2b411f867073f3dd2a4fd8a4dc09dd4f0289937efd7c3411f,4689ddc18135d990dbd0,False
2026-10-01T00:40:30Z,FOOTBALL_PROBE_V1,americanfootball_ncaaf,oddsapi/hist_events,/historical/sports/americanfootball_ncaaf/events,,2024-01-13T06:00:00Z,2024-01-09T04:15:38Z,2024-01-09T04:10:38Z,2024-02-16T04:50:38Z,,,1,1,1,4998878,200,f5fe3e9a4002d6c2b411f867073f3dd2a4fd8a4dc09dd4f0289937efd7c3411f,d50bd30767b2e7b5c422,False
2026-10-01T00:40:30Z,FOOTBALL_PROBE_V1,americanfootball_ncaaf,oddsapi/hist_events,/historical/sports/americanfootball_ncaaf/events,,2024-01-15T06:00:00Z,2024-01-09T04:15:38Z,2024-01-09T04:10:38Z,2024-02-16T04:50:38Z,,,1,1,1,4998877,200,f5fe3e9a4002d6c2b411f867073f3dd2a4fd8a4dc09dd4f0289937efd7c3411f,e7c88bd3b92584263f07,False
2026-10-01T00:40:31Z,FOOTBALL_PROBE_V1,americanfootball_nfl,oddsapi/hist_events,/historical/sports/americanfootball_nfl/events,,2023-09-01T06:00:00Z,2023-09-01T05:55:41Z,2023-09-01T05:50:43Z,2023-09-01T06:00:43Z,,,272,1,1,4998876,200,d940bf48830d6701a4409c8fbfd56642a34f171686940e3be18a61062d54ae23,5f163bdfc74bda7900a1,False
2026-10-01T00:40:33Z,FOOTBALL_PROBE_V1,americanfootball_nfl,oddsapi/hist_events,/historical/sports/americanfootball_nfl/events,,2023-09-03T06:00:00Z,2023-09-03T05:55:40Z,2023-09-03T05:50:40Z,2023-09-03T06:00:40Z,,,272,1,1,4998875,200,71faa9e7316d8343599a624939e2c5aa72c8d626da5ccedbe313f1aeaf4a3295,d605d9804c027676659e,False
2026-10-01T00:40:33Z,FOOTBALL_PROBE_V1,americanfootball_nfl,oddsapi/hist_events,/historical/sports/americanfootball_nfl/events,,2023-09-05T06:00:00Z,2023-09-05T05:55:40Z,2023-09-05T05:50:40Z,2023-09-05T06:00:40Z,,,272,1,1,4998874,200,02e90fc8e3fede81f3b572f49d7a21a31e0320b00adba2782cd7b23decbe38e9,70ffe7bf55ec5d13c7e0,False
2026-10-01T00:40:35Z,FOOTBALL_PROBE_V1,americanfootball_nfl,oddsapi/hist_events,/historical/sports/americanfootball_nfl/events,,2023-09-07T06:00:00Z,2023-09-07T05:55:41Z,2023-09-07T05:50:42Z,2023-09-07T06:00:40Z,,,272,1,1,4998873,200,13adb56286f8fdd6264d541dd269e5e5062c51f2c7e80816ed27af363357aef4,fd29e53f7f53a6193a8f,False
2026-10-01T00:40:36Z,FOOTBALL_PROBE_V1,americanfootball_nfl,oddsapi/hist_events,/historical/sports/americanfootball_nfl/events,,2023-09-09T06:00:00Z,2023-09-09T05:55:41Z,2023-09-09T05:50:41Z,2023-09-09T06:00:41Z,,,245,1,1,4998872,200,50f901c521c17d100a4fdbee5ee1655695db7f7fdf29d150cea0a733d0462e7b,d047f18bdfae9bf91c05,False
2026-10-01T00:40:36Z,FOOTBALL_PROBE_V1,americanfootball_nfl,oddsapi/hist_events,/historical/sports/americanfootball_nfl/events,,2023-09-11T06:00:00Z,2023-09-11T05:55:41Z,2023-09-11T05:50:41Z,2023-09-11T06:00:40Z,,,17,1,1,4998871,200,2108d35b286f887373e1f72b6d2c0a04cb2a42e39bd1d2627121fe9cb321139c,8cb2656d8cd0c280b78c,False
2026-10-01T00:40:37Z,FOOTBALL_PROBE_V1,americanfootball_nfl,oddsapi/hist_events,/historical/sports/americanfootball_nfl/events,,2023-09-13T06:00:00Z,2023-09-13T05:55:42Z,2023-09-13T05:50:42Z,2023-09-13T06:00:43Z,,,32,1,1,4998870,200,f150cbbac56904737c7fb92cbdcd6e29eaa472d859887f4c2e8a8cd29da023eb,277c5e10a55819076b08,False
2026-10-01T00:40:38Z,FOOTBALL_PROBE_V1,americanfootball_nfl,oddsapi/hist_events,/historical/sports/americanfootball_nfl/events,,2023-09-15T06:00:00Z,2023-09-15T05:55:42Z,2023-09-15T05:50:42Z,2023-09-15T06:00:42Z,,,29,1,1,4998869,200,611e2cd92946d681b40cbbb5e272f56a8629f7a99b69a210f43535027b2ba226,e1f190fc3931e8470d0c,False
2026-10-01T00:40:39Z,FOOTBALL_PROBE_V1,americanfootball_nfl,oddsapi/hist_events,/historical/sports/americanfootball_nfl/events,,2023-09-17T06:00:00Z,2023-09-17T05:55:40Z,2023-09-17T05:50:41Z,2023-09-17T06:00:40Z,,,31,1,1,4998868,200,352b28da93407863d3e6cfae4e0441aaaa06e12857bdb9272c0f10cf3eafa491,3d01ad908af337171050,False
2026-10-01T00:40:39Z,FOOTBALL_PROBE_V1,americanfootball_nfl,oddsapi/hist_events,/historical/sports/americanfootball_nfl/events,,2023-09-19T06:00:00Z,2023-09-19T05:55:41Z,2023-09-19T05:50:41Z,2023-09-19T06:00:41Z,,,16,1,1,4998867,200,83d02e2fb2f09443224248562bc34d545d3f5bb56a2250c7c33dc13cba027209,8da1b03abd3929594e55,False
2026-10-01T00:40:40Z,FOOTBALL_PROBE_V1,americanfootball_nfl,oddsapi/hist_events,/historical/sports/americanfootball_nfl/events,,2023-09-21T06:00:00Z,2023-09-21T05:55:43Z,2023-09-21T05:50:44Z,2023-09-21T06:00:43Z,,,32,1,1,4998866,200,3e5b907d08fd4434aad119f6b0c2055e4b27945c30fa6b3e514e4447552d7893,a20559fa3dd2606fa9cd,False
2026-10-01T00:40:41Z,FOOTBALL_PROBE_V1,americanfootball_nfl,oddsapi/hist_events,/historical/sports/americanfootball_nfl/events,,2023-09-23T06:00:00Z,2023-09-23T05:55:42Z,2023-09-23T05:50:42Z,2023-09-23T06:00:44Z,,,31,1,1,4998865,200,dca92e81381101598776ba50a7e8dfd55483d09397ad9a65f550c5a0f3f13bd0,ea76c4adb39930addc48,False
2026-10-01T00:40:41Z,FOOTBALL_PROBE_V1,americanfootball_nfl,oddsapi/hist_events,/historical/sports/americanfootball_nfl/events,,2023-09-25T06:00:00Z,2023-09-25T05:55:42Z,2023-09-25T05:50:40Z,2023-09-25T06:00:40Z,,,18,1,1,4998864,200,c2e6755fb1420551cc0c26bfb3c221e6386d1bcdf00eafbf6873d441d0dc8094,7a14aa5fe1bc46d9240d,False
2026-10-01T00:40:42Z,FOOTBALL_PROBE_V1,americanfootball_nfl,oddsapi/hist_events,/historical/sports/americanfootball_nfl/events,,2023-09-27T06:00:00Z,2023-09-27T05:55:42Z,2023-09-27T05:50:42Z,2023-09-27T06:00:42Z,,,30,1,1,4998863,200,408b266c728348d8c1d8b80b1233fa82cc21490cfdae40d4d45a507b9944b67c,7a152015c01bb7d3f49e,False
2026-10-01T00:40:43Z,FOOTBALL_PROBE_V1,americanfootball_nfl,oddsapi/hist_events,/historical/sports/americanfootball_nfl/events,,2023-09-29T06:00:00Z,2023-09-29T05:55:43Z,2023-09-29T05:50:42Z,2023-09-29T06:00:43Z,,,29,1,1,4998862,200,b77ee041b56bde99e5611859109b7e8e659062151f1ed952f4fbe8e20da8ef90,0d810bc98e1cc4b9f2e7,False
2026-10-01T00:40:43Z,FOOTBALL_PROBE_V1,americanfootball_nfl,oddsapi/hist_events,/historical/sports/americanfootball_nfl/events,,2023-10-01T06:00:00Z,2023-10-01T05:55:40Z,2023-10-01T05:50:40Z,2023-10-01T06:00:41Z,,,29,1,1,4998861,200,dc5003a61105a3fc227a0b87037d84b7a5c16dd5b6777e120ee7ff02d8dce6a8,f729dc5e54d9e5bcfb2b,False
2026-10-01T00:40:44Z,FOOTBALL_PROBE_V1,americanfootball_nfl,oddsapi/hist_events,/historical/sports/americanfootball_nfl/events,,2023-10-03T06:00:00Z,2023-10-03T05:55:41Z,2023-10-03T05:50:42Z,2023-10-03T06:00:42Z,,,14,1,1,4998860,200,467dff8854c0cf041a71909ae19aba0cc0f73a4cb119809ba0d0aaebbfc03feb,fcafe5db6c818df1e3a5,False
2026-10-01T00:40:45Z,FOOTBALL_PROBE_V1,americanfootball_nfl,oddsapi/hist_events,/historical/sports/americanfootball_nfl/events,,2023-10-05T06:00:00Z,2023-10-05T05:55:42Z,2023-10-05T05:50:42Z,2023-10-05T06:00:42Z,,,29,1,1,4998859,200,236066ec9717e88a9d847689a423a0cf7d8475b1b3bcb186f110000c800bfb84,e9ffe286abe91eb012fb,False
2026-10-01T00:40:45Z,FOOTBALL_PROBE_V1,americanfootball_nfl,oddsapi/hist_events,/historical/sports/americanfootball_nfl/events,,2023-10-07T06:00:00Z,2023-10-07T05:55:40Z,2023-10-07T05:50:41Z,2023-10-07T06:00:42Z,,,28,1,1,4998858,200,2118e8828c41e5410862e355ec0f381946523c86f13e07c8a15e465f75f514ee,a85f97c7bca9eaa7ebda,False
2026-10-01T00:40:46Z,FOOTBALL_PROBE_V1,americanfootball_nfl,oddsapi/hist_events,/historical/sports/americanfootball_nfl/events,,2023-10-09T06:00:00Z,2023-10-09T05:55:39Z,2023-10-09T05:50:39Z,2023-10-09T06:00:39Z,,,16,1,1,4998857,200,ae4da601e9e25b3576cd820e978c83467da47fb2dd0622dd9e873149e99be211,897e4a3e1241fe739439,False
2026-10-01T00:40:47Z,FOOTBALL_PROBE_V1,americanfootball_nfl,oddsapi/hist_events,/historical/sports/americanfootball_nfl/events,,2023-10-11T06:00:00Z,2023-10-11T05:55:40Z,2023-10-11T05:50:40Z,2023-10-11T06:00:41Z,,,28,1,1,4998856,200,1ba56eb004a8de56eff2ccca3eaee111ce6fd4e72832e80901052b1937ee2469,18050fa5537ab7bae6cb,False
2026-10-01T00:40:47Z,FOOTBALL_PROBE_V1,americanfootball_nfl,oddsapi/hist_events,/historical/sports/americanfootball_nfl/events,,2023-10-13T06:00:00Z,2023-10-13T05:55:41Z,2023-10-13T05:50:42Z,2023-10-13T06:00:41Z,,,27,1,1,4998855,200,4515562b8967ccf84afd9aabdc3a92a78efa497c1fe402572150f11801acdd2a,205d05bb6565d77c31b9,False
2026-10-01T00:40:48Z,FOOTBALL_PROBE_V1,americanfootball_nfl,oddsapi/hist_events,/historical/sports/americanfootball_nfl/events,,2023-10-15T06:00:00Z,2023-10-15T05:55:40Z,2023-10-15T05:50:40Z,2023-10-15T06:00:40Z,,,26,1,1,4998854,200,71947739a8a24da52d7007cf5e39f5cf7567fe16c1aed4007c5f7e381aa7b424,05662db50148ac25d279,False
2026-10-01T00:40:49Z,FOOTBALL_PROBE_V1,americanfootball_nfl,oddsapi/hist_events,/historical/sports/americanfootball_nfl/events,,2023-10-17T06:00:00Z,2023-10-17T05:55:42Z,2023-10-17T05:50:42Z,2023-10-17T06:00:42Z,,,13,1,1,4998853,200,8ef33d336fbab9dd6cfdb69007ba41fa8de4021ff3866a451d9673fa09b3bd9c,8131a412fc762dbded3f,False
2026-10-01T00:40:50Z,FOOTBALL_PROBE_V1,americanfootball_nfl,oddsapi/hist_events,/historical/sports/americanfootball_nfl/events,,2023-10-19T06:00:00Z,2023-10-19T05:55:41Z,2023-10-19T05:50:42Z,2023-10-19T06:00:42Z,,,29,1,1,4998852,200,c47428df64aa1d5104184c3d286cfecbd2d643b9022429644f9d22feaaeae71e,a86544dc1244670c7fe6,False
2026-10-01T00:40:50Z,FOOTBALL_PROBE_V1,americanfootball_nfl,oddsapi/hist_events,/historical/sports/americanfootball_nfl/events,,2023-10-21T06:00:00Z,2023-10-21T05:55:42Z,2023-10-21T05:50:43Z,2023-10-21T06:00:43Z,,,27,1,1,4998851,200,b3a1a09e50f676d22d2b22960b160e9a971b73432aca2d2fbb5646a8ec1432a2,681449ab47f1f5d39ed6,False
2026-10-01T00:40:51Z,FOOTBALL_PROBE_V1,americanfootball_nfl,oddsapi/hist_events,/historical/sports/americanfootball_nfl/events,,2023-10-23T06:00:00Z,2023-10-23T05:55:41Z,2023-10-23T05:50:42Z,2023-10-23T06:00:42Z,,,17,1,1,4998850,200,5300715f047ba33e35e2c84ef4b18b8534bbe057759e79726bb923f0a7c4c785,60124a7413a177bfe061,False
2026-10-01T00:40:52Z,FOOTBALL_PROBE_V1,americanfootball_nfl,oddsapi/hist_events,/historical/sports/americanfootball_nfl/events,,2023-10-25T06:00:00Z,2023-10-25T05:55:42Z,2023-10-25T05:50:42Z,2023-10-25T06:00:43Z,,,30,1,1,4998849,200,d0e2491d93a8a3bc4819f949257949fbb693904c757c12c54db41b3a349242f7,3f23f0da1c6200442a0e,False
2026-10-01T00:40:52Z,FOOTBALL_PROBE_V1,americanfootball_nfl,oddsapi/hist_events,/historical/sports/americanfootball_nfl/events,,2023-10-27T06:00:00Z,2023-10-27T05:55:42Z,2023-10-27T05:50:43Z,2023-10-27T06:00:42Z,,,27,1,1,4998848,200,6b462405963b1ef9aa18cd140cca622707f533b70a8d16fce48594864f2f8976,ae762d57dde4d0233208,False
2026-10-01T00:40:53Z,FOOTBALL_PROBE_V1,americanfootball_nfl,oddsapi/hist_events,/historical/sports/americanfootball_nfl/events,,2023-10-29T06:00:00Z,2023-10-29T05:55:40Z,2023-10-29T05:50:40Z,2023-10-29T06:00:40Z,,,29,1,1,4998847,200,cd6988076ca38409bf5565360bc4c53a7fcfa6169c7f5ab31621adc3c7d3b629,53a7e9a314fbd27517ce,False
2026-10-01T00:40:54Z,FOOTBALL_PROBE_V1,americanfootball_nfl,oddsapi/hist_events,/historical/sports/americanfootball_nfl/events,,2023-10-31T06:00:00Z,2023-10-31T05:55:42Z,2023-10-31T05:50:41Z,2023-10-31T06:00:41Z,,,14,1,1,4998846,200,58e286df542a075e2d6d75c4564ad2d863f03b016384b6b7c5124f7d1d606eaa,c526ab1af7a72d4ad1b9,False
2026-10-01T00:40:55Z,FOOTBALL_PROBE_V1,americanfootball_nfl,oddsapi/hist_events,/historical/sports/americanfootball_nfl/events,,2023-11-02T06:00:00Z,2023-11-02T05:55:42Z,2023-11-02T05:50:42Z,2023-11-02T06:00:43Z,,,28,1,1,4998845,200,d27493ac239f17637c23defe05f5e33e66072e9d395b67fdddaf2c4154568f77,cd05891cab67a6c15b32,False
2026-10-01T00:40:56Z,FOOTBALL_PROBE_V1,americanfootball_nfl,oddsapi/hist_events,/historical/sports/americanfootball_nfl/events,,2023-11-04T06:00:00Z,2023-11-04T05:55:44Z,2023-11-04T05:50:43Z,2023-11-04T06:00:42Z,,,25,1,1,4998844,200,983f969f14f0dfe0df638b8a05433e83c9d9520c82a76300d4535f8fcd025264,b7435e74a21d65f0584a,False
2026-10-01T00:40:57Z,FOOTBALL_PROBE_V1,americanfootball_nfl,oddsapi/hist_events,/historical/sports/americanfootball_nfl/events,,2023-11-06T06:00:00Z,2023-11-06T05:55:41Z,2023-11-06T05:50:42Z,2023-11-06T06:00:40Z,,,15,1,1,4998843,200,8bedd3097ff3d6752112da99430bd1713b8baf434fa3262e56de7554adc20bec,ae603a4d37a92583229d,False
2026-10-01T00:40:58Z,FOOTBALL_PROBE_V1,americanfootball_nfl,oddsapi/hist_events,/historical/sports/americanfootball_nfl/events,,2023-11-08T06:00:00Z,2023-11-08T05:55:42Z,2023-11-08T05:50:42Z,2023-11-08T06:00:42Z,,,28,1,1,4998842,200,fd663f9d52439876cba8c63cdcb1e6b2247b8cea4b87925bf2bb27c25c1689c1,f053561749a544dc7cab,False
2026-10-01T00:40:58Z,FOOTBALL_PROBE_V1,americanfootball_nfl,oddsapi/hist_events,/historical/sports/americanfootball_nfl/events,,2023-11-10T06:00:00Z,2023-11-10T05:55:43Z,2023-11-10T05:50:44Z,2023-11-10T06:00:42Z,,,25,1,1,4998841,200,0616fdc37e7d1dc545f0274831a98fcb084b553f5390761c4cfefde7803b2ec3,4de46cd08568d2767553,False
2026-10-01T00:40:59Z,FOOTBALL_PROBE_V1,americanfootball_nfl,oddsapi/hist_events,/historical/sports/americanfootball_nfl/events,,2023-11-12T06:00:00Z,2023-11-12T05:55:40Z,2023-11-12T05:50:39Z,2023-11-12T06:00:41Z,,,25,1,1,4998840,200,2877276078ccdef223c704e09a6458fdd0a3b84982aa44b2e7d3f6c7003aa78d,0b6fdb668f0443d34104,False
2026-10-01T00:41:00Z,FOOTBALL_PROBE_V1,americanfootball_nfl,oddsapi/hist_events,/historical/sports/americanfootball_nfl/events,,2023-11-14T06:00:00Z,2023-11-14T05:55:40Z,2023-11-14T05:50:40Z,2023-11-14T06:00:40Z,,,14,1,1,4998839,200,9f54d783266f94332311a510619f3ba180c4d69a7189d3c1c29f44aa3c762d4c,ca79ef4e4ae83753f580,False
2026-10-01T00:41:01Z,FOOTBALL_PROBE_V1,americanfootball_nfl,oddsapi/hist_events,/historical/sports/americanfootball_nfl/events,,2023-11-16T06:00:00Z,2023-11-16T05:55:41Z,2023-11-16T05:50:41Z,2023-11-16T06:00:41Z,,,30,1,1,4998838,200,e73c9b3d7892d64295fb5808731049e53afbc5a9620b97f8670528e2f5dbf433,4356739de97f1a0bd22e,False
2026-10-01T00:41:01Z,FOOTBALL_PROBE_V1,americanfootball_nfl,oddsapi/hist_events,/historical/sports/americanfootball_nfl/events,,2023-11-18T06:00:00Z,2023-11-18T05:55:41Z,2023-11-18T05:50:41Z,2023-11-18T06:00:41Z,,,28,1,1,4998837,200,d49e7909d17395f4d41935798ad4e714110fe57b39331544ef02e376154f54bc,72c6f6896838a49a0fae,False
2026-10-01T00:41:02Z,FOOTBALL_PROBE_V1,americanfootball_nfl,oddsapi/hist_events,/historical/sports/americanfootball_nfl/events,,2023-11-20T06:00:00Z,2023-11-20T05:55:41Z,2023-11-20T05:50:41Z,2023-11-20T06:00:41Z,,,17,1,1,4998836,200,02c00ce4adb7bed0327e89f21092ace1edc75853e524acec5cce26772bf38ec5,5dc64cc9bdf7e2c75c5a,False
2026-10-01T00:41:03Z,FOOTBALL_PROBE_V1,americanfootball_nfl,oddsapi/hist_events,/historical/sports/americanfootball_nfl/events,,2023-11-22T06:00:00Z,2023-11-22T05:55:43Z,2023-11-22T05:50:43Z,2023-11-22T06:00:44Z,,,29,1,1,4998835,200,41a322ebc5de80dfc30f56d31eec1eb48660f7bd54fed12f2ecbba83b74bebe4,6fc03026d5f0c107d281,False
2026-10-01T00:41:04Z,FOOTBALL_PROBE_V1,americanfootball_nfl,oddsapi/hist_events,/historical/sports/americanfootball_nfl/events,,2023-11-24T06:00:00Z,2023-11-24T05:55:39Z,2023-11-24T05:50:40Z,2023-11-24T06:00:40Z,,,24,1,1,4998834,200,538181b5cc9fe8977736df84f60486fe8a48ff8616086fd3372264a203400c38,18d7a44a37bdee9ad8b3,False
2026-10-01T00:41:04Z,FOOTBALL_PROBE_V1,americanfootball_nfl,oddsapi/hist_events,/historical/sports/americanfootball_nfl/events,,2023-11-26T06:00:00Z,2023-11-26T05:55:38Z,2023-11-26T05:50:39Z,2023-11-26T06:00:39Z,,,25,1,1,4998833,200,0aa82305996caeadd5d9d56013348397b0f1ff96c41ad0091571c1b4b404b0c1,d3bdd056709696fc02f1,False
2026-10-01T00:41:05Z,FOOTBALL_PROBE_V1,americanfootball_nfl,oddsapi/hist_events,/historical/sports/americanfootball_nfl/events,,2023-11-28T06:00:00Z,2023-11-28T05:55:39Z,2023-11-28T05:50:39Z,2023-11-28T06:00:39Z,,,13,1,1,4998832,200,e309fea28697f0366a6ffdd01a87ca792133abd36866a13b2224f0be9cacfc90,8de1de2bccf6d67568a0,False
2026-10-01T00:41:06Z,FOOTBALL_PROBE_V1,americanfootball_nfl,oddsapi/hist_events,/historical/sports/americanfootball_nfl/events,,2023-11-30T06:00:00Z,2023-11-30T05:55:39Z,2023-11-30T05:50:39Z,2023-11-30T06:00:39Z,,,28,1,1,4998831,200,a8a4545bd18b56f4a9c7be81bcff4f05966d1b9156bc65362a53a90575e70967,e7007289e1a408af4fd6,False
2026-10-01T00:41:06Z,FOOTBALL_PROBE_V1,americanfootball_nfl,oddsapi/hist_events,/historical/sports/americanfootball_nfl/events,,2023-12-02T06:00:00Z,2023-12-02T05:55:40Z,2023-12-02T05:50:39Z,2023-12-02T06:00:39Z,,,25,1,1,4998830,200,62532219d1d3227f033733dfd0857797d3cc1fe5fcddf9cecad010603a16d1b6,f7cc0cc2f17cd08e561f,False
2026-10-01T00:41:07Z,FOOTBALL_PROBE_V1,americanfootball_nfl,oddsapi/hist_events,/historical/sports/americanfootball_nfl/events,,2023-12-04T06:00:00Z,2023-12-04T05:55:38Z,2023-12-04T05:50:38Z,2023-12-04T06:00:38Z,,,16,1,1,4998829,200,5ba04a11e2132fae410ebe80b91a184566496e44a425a008d1649a0ee0453daa,0ba6ae248703bbdef100,False
2026-10-01T00:41:08Z,FOOTBALL_PROBE_V1,americanfootball_nfl,oddsapi/hist_events,/historical/sports/americanfootball_nfl/events,,2023-12-06T06:00:00Z,2023-12-06T05:55:39Z,2023-12-06T05:50:39Z,2023-12-06T06:00:39Z,,,31,1,1,4998828,200,60167e8d48a0585ab4dabcc88819165dc5ea6e39ed1413f6d11a51cf1477c38d,ad420384c0a1365176d1,False
2026-10-01T00:41:09Z,FOOTBALL_PROBE_V1,americanfootball_nfl,oddsapi/hist_events,/historical/sports/americanfootball_nfl/events,,2023-12-08T06:00:00Z,2023-12-08T05:55:38Z,2023-12-08T05:50:40Z,2023-12-08T06:00:39Z,,,28,1,1,4998827,200,84e3a4d126830caa0c3ad27dda17b953f17e57b2c9e068c261ca939c0720870c,582682988c8fbf8e6575,False
2026-10-01T00:41:09Z,FOOTBALL_PROBE_V1,americanfootball_nfl,oddsapi/hist_events,/historical/sports/americanfootball_nfl/events,,2023-12-10T06:00:00Z,2023-12-10T05:55:38Z,2023-12-10T05:50:38Z,2023-12-10T06:00:39Z,,,30,1,1,4998826,200,831fd5028f508519f6682e8f68c39cb9523542d809e1b8fc4e75ead757461fa7,bfc6dcde937dc6bf415b,False
2026-10-01T00:41:10Z,FOOTBALL_PROBE_V1,americanfootball_nfl,oddsapi/hist_events,/historical/sports/americanfootball_nfl/events,,2023-12-12T06:00:00Z,2023-12-12T05:55:38Z,2023-12-12T05:50:39Z,2023-12-12T06:00:38Z,,,16,1,1,4998825,200,fd884a8be286c4c1ef10b8cd5befb6aa0996909c12af0b48a6fcf3f31b7434a5,a72de440adf2775e715a,False
2026-10-01T00:41:11Z,FOOTBALL_PROBE_V1,americanfootball_nfl,oddsapi/hist_events,/historical/sports/americanfootball_nfl/events,,2023-12-14T06:00:00Z,2023-12-14T05:55:39Z,2023-12-14T05:50:39Z,2023-12-14T06:00:39Z,,,32,1,1,4998824,200,ddb627b5decd5c3b0ca532d74dcf7af58e8b13226884ff2d021dc298d87eb33e,dee6f83f6d7dc174260e,False
2026-10-01T00:41:11Z,FOOTBALL_PROBE_V1,americanfootball_nfl,oddsapi/hist_events,/historical/sports/americanfootball_nfl/events,,2023-12-16T06:00:00Z,2023-12-16T05:55:39Z,2023-12-16T05:50:38Z,2023-12-16T06:00:39Z,,,31,1,1,4998823,200,72ed15df033e22240eec8e54d15bf8cd2f6de6178f3aa76d3915a5b005853e93,b6c52dbffc17d79948ec,False
2026-10-01T00:41:12Z,FOOTBALL_PROBE_V1,americanfootball_nfl,oddsapi/hist_events,/historical/sports/americanfootball_nfl/events,,2023-12-18T06:00:00Z,2023-12-18T05:55:38Z,2023-12-18T05:50:38Z,2023-12-18T06:00:38Z,,,17,1,1,4998822,200,d3d71497821b62281c1ba365b84fa242af072f56ceb7dc90d8fea711fe96d327,eb9859a128347522e448,False
2026-10-01T00:41:13Z,FOOTBALL_PROBE_V1,americanfootball_nfl,oddsapi/hist_events,/historical/sports/americanfootball_nfl/events,,2023-12-20T06:00:00Z,2023-12-20T05:55:39Z,2023-12-20T05:50:38Z,2023-12-20T06:00:39Z,,,32,1,1,4998821,200,974700a22fcf568f108957205c62d78535dd841f50bce21b30d99714b1407dcc,05fb117174dd9d3f4d98,False
2026-10-01T00:41:14Z,FOOTBALL_PROBE_V1,americanfootball_nfl,oddsapi/hist_events,/historical/sports/americanfootball_nfl/events,,2023-12-22T06:00:00Z,2023-12-22T05:55:39Z,2023-12-22T05:50:38Z,2023-12-22T06:00:38Z,,,29,1,1,4998820,200,6bc577c1dcd5f0c85168483985bacacd0c53b03585a44dfb84d34cd7530d3d09,8134ba7cfbb8a8a36e1f,False
2026-10-01T00:41:15Z,FOOTBALL_PROBE_V1,americanfootball_nfl,oddsapi/hist_events,/historical/sports/americanfootball_nfl/events,,2023-12-24T06:00:00Z,2023-12-24T05:55:38Z,2023-12-24T05:50:38Z,2023-12-24T06:00:38Z,,,25,1,1,4998819,200,4d72f7983e57cb3ead42a21ff49cc2291ae0dad0737dab349afddee9d97aa537,29af3c0fa0387df580e0,False
2026-10-01T00:41:16Z,FOOTBALL_PROBE_V1,americanfootball_nfl,oddsapi/hist_events,/historical/sports/americanfootball_nfl/events,,2023-12-26T06:00:00Z,2023-12-26T05:55:38Z,2023-12-26T05:50:38Z,2023-12-26T06:00:38Z,,,16,1,1,4998818,200,39cc05c339de8178db0a8d3b838e490df9f47fa01b97cff201bd638b2c745f80,b0d2951e880829e304d9,False
2026-10-01T00:41:16Z,FOOTBALL_PROBE_V1,americanfootball_nfl,oddsapi/hist_events,/historical/sports/americanfootball_nfl/events,,2023-12-28T06:00:00Z,2023-12-28T05:55:39Z,2023-12-28T05:50:38Z,2023-12-28T06:00:39Z,,,18,1,1,4998817,200,beea3c72bc5b868f6e39d7ea7966e6ee368d27cc1d5af6f3bab1ea4c08806cc3,e85c892962f14f956d18,False
2026-10-01T00:41:17Z,FOOTBALL_PROBE_V1,americanfootball_nfl,oddsapi/hist_events,/historical/sports/americanfootball_nfl/events,,2023-12-30T06:00:00Z,2023-12-30T05:55:38Z,2023-12-30T05:50:38Z,2023-12-30T06:00:38Z,,,17,1,1,4998816,200,da88e363a76b4e60cca1f7b2eabc11baef3b0c9c21ab9f26053acc47dbac050e,0f7d1214078ea1b2c6a9,False
2026-10-01T00:41:18Z,FOOTBALL_PROBE_V1,americanfootball_nfl,oddsapi/hist_events,/historical/sports/americanfootball_nfl/events,,2024-01-01T06:00:00Z,2024-01-01T05:55:38Z,2024-01-01T05:50:38Z,2024-01-01T06:00:38Z,,,16,1,1,4998815,200,5d3755fbeaa2ca471cef92cab5a6a8eb8ebe35c9ccab95011c83faea40713f91,bf165f1442aa2de389fb,False
2026-10-01T00:41:19Z,FOOTBALL_PROBE_V1,americanfootball_nfl,oddsapi/hist_events,/historical/sports/americanfootball_nfl/events,,2024-01-03T06:00:00Z,2024-01-03T05:55:38Z,2024-01-03T05:50:38Z,2024-01-03T06:00:39Z,,,16,1,1,4998814,200,44f663e02503df607bd35044945fb7894edf57e3628ee05b8be5e6bb08af15d0,5b9d29d1f5a08ff49ff4,False
2026-10-01T00:41:19Z,FOOTBALL_PROBE_V1,americanfootball_nfl,oddsapi/hist_events,/historical/sports/americanfootball_nfl/events,,2024-01-05T06:00:00Z,2024-01-05T05:55:38Z,2024-01-05T05:50:38Z,2024-01-05T06:00:38Z,,,16,1,1,4998813,200,cea0c013cb350d9b743ceef8d6dc5157418da40ad0ef9af3c1be7990e219028a,5ca0b881c22e14a7b112,False
2026-10-01T00:41:20Z,FOOTBALL_PROBE_V1,americanfootball_nfl,oddsapi/hist_events,/historical/sports/americanfootball_nfl/events,,2024-01-07T06:00:00Z,2024-01-07T05:55:38Z,2024-01-07T05:50:38Z,2024-01-07T06:00:38Z,,,14,1,1,4998812,200,475ffdfae11eec3f70c509149e87c5505a4c1c3557a6920582ca1ea66c9e04a9,ef75976cecec9133dd5b,False
2026-10-01T00:41:20Z,FOOTBALL_PROBE_V1,americanfootball_nfl,oddsapi/hist_events,/historical/sports/americanfootball_nfl/events,,2024-01-09T06:00:00Z,2024-01-09T05:55:38Z,2024-01-09T05:50:38Z,2024-01-09T06:00:38Z,,,6,1,1,4998811,200,7cc4c4c63bbbc4d6fe10a20df8ecca7be928ca1ef7edaf4e0974d323e73b4d15,01f33ff4c1fe07f9a2c7,False
2026-10-01T00:41:21Z,FOOTBALL_PROBE_V1,americanfootball_nfl,oddsapi/hist_events,/historical/sports/americanfootball_nfl/events,,2024-01-11T06:00:00Z,2024-01-11T05:55:38Z,2024-01-11T05:50:38Z,2024-01-11T06:00:38Z,,,6,1,1,4998810,200,3763a77edcc9a625cca945c38511234240bec68cc10a0c2b616c787efe5d1b76,77c1eb18fdc173e8eb47,False
2026-10-01T00:41:22Z,FOOTBALL_PROBE_V1,americanfootball_nfl,oddsapi/hist_events,/historical/sports/americanfootball_nfl/events,,2024-01-13T06:00:00Z,2024-01-13T05:55:39Z,2024-01-13T05:50:39Z,2024-01-13T06:00:39Z,,,6,1,1,4998809,200,e4f3987c01ead443db18760bc9009b1281a1e0af2d5219036910417948c0d1ef,a8da9cb8bfcc9005fb68,False
2026-10-01T00:41:22Z,FOOTBALL_PROBE_V1,americanfootball_nfl,oddsapi/hist_events,/historical/sports/americanfootball_nfl/events,,2024-01-15T06:00:00Z,2024-01-15T05:55:38Z,2024-01-15T05:50:39Z,2024-01-15T06:00:38Z,,,3,1,1,4998808,200,63447530fef7b8479e2b5974396cfab118990ccd4fa6aee3539594258a356171,c84c318740cef0079630,False
2026-10-01T00:41:23Z,FOOTBALL_PROBE_V1,americanfootball_nfl,oddsapi/hist_events,/historical/sports/americanfootball_nfl/events,,2024-01-17T06:00:00Z,2024-01-17T05:55:38Z,2024-01-17T05:50:40Z,2024-01-17T06:00:39Z,,,4,1,1,4998807,200,083f9cdb8baff46eec42899a6c3dc4cabfccd08f9f69c42adf6eac7efb778e84,eba73c3a10466954889e,False
2026-10-01T00:41:23Z,FOOTBALL_PROBE_V1,americanfootball_nfl,oddsapi/hist_events,/historical/sports/americanfootball_nfl/events,,2024-01-19T06:00:00Z,2024-01-19T05:55:39Z,2024-01-19T05:50:38Z,2024-01-19T06:00:38Z,,,4,1,1,4998806,200,879eae215d5400d93a54633047790d6db26edbba9b4dab1cf46e173c856a0d67,b5070cc767e1ea787d54,False
2026-10-01T00:41:24Z,FOOTBALL_PROBE_V1,americanfootball_nfl,oddsapi/hist_events,/historical/sports/americanfootball_nfl/events,,2024-01-21T06:00:00Z,2024-01-21T05:55:38Z,2024-01-21T05:50:38Z,2024-01-21T06:00:38Z,,,6,1,1,4998805,200,e152a325b9c8312b62e0efddb93578e2903f2628de1aa120a1f22b44d8b9815c,40af6a168681235b4c55,False
2026-10-01T00:41:24Z,FOOTBALL_PROBE_V1,americanfootball_nfl,oddsapi/hist_events,/historical/sports/americanfootball_nfl/events,,2024-01-23T06:00:00Z,2024-01-23T05:55:39Z,2024-01-23T05:50:38Z,2024-01-23T06:00:39Z,,,6,1,1,4998804,200,40a86734b79863b5f3bb5e4bb37a6b3ac180cbf375d3c473a750bfd53ffef361,6114eb4006eab2413535,False
2026-10-01T00:41:25Z,FOOTBALL_PROBE_V1,americanfootball_nfl,oddsapi/hist_events,/historical/sports/americanfootball_nfl/events,,2024-01-25T06:00:00Z,2024-01-25T05:55:39Z,2024-01-25T05:50:38Z,2024-01-25T06:00:39Z,,,6,1,1,4998803,200,d35a729e3c97965750ee5e19812eb3fd604d5f49b17fb99a96e31ea47c74b98d,aa1daa472092109633ae,False
2026-10-01T00:41:26Z,FOOTBALL_PROBE_V1,americanfootball_nfl,oddsapi/hist_events,/historical/sports/americanfootball_nfl/events,,2024-01-27T06:00:00Z,2024-01-27T05:55:39Z,2024-01-27T05:50:39Z,2024-01-27T06:00:39Z,,,6,1,1,4998802,200,590471b9e2e9987aba3b3906970311bad17073f1597900b6ad2403aba42db349,e9696e6b8e19ae452683,False
2026-10-01T00:41:26Z,FOOTBALL_PROBE_V1,americanfootball_nfl,oddsapi/hist_events,/historical/sports/americanfootball_nfl/events,,2024-01-29T06:00:00Z,2024-01-29T05:55:38Z,2024-01-29T05:50:38Z,2024-01-29T06:00:38Z,,,1,1,1,4998801,200,9d95f1440c498097b99234b13a57d7838781590cc0d675561f3912be0491c981,fb90fa42d5d9c20a91fc,False
2026-10-01T00:41:27Z,FOOTBALL_PROBE_V1,americanfootball_nfl,oddsapi/hist_events,/historical/sports/americanfootball_nfl/events,,2024-01-31T06:00:00Z,2024-01-31T05:55:38Z,2024-01-31T05:50:38Z,2024-01-31T06:00:38Z,,,1,1,1,4998800,200,4936cc1a735e550c9d148bda3ab90ea7b66eb0552783da8e7c4162824fceedb7,4d7fec55a3360f05da22,False
2026-10-01T00:41:27Z,FOOTBALL_PROBE_V1,americanfootball_nfl,oddsapi/hist_events,/historical/sports/americanfootball_nfl/events,,2024-02-02T06:00:00Z,2024-02-02T05:55:39Z,2024-02-02T05:50:38Z,2024-02-02T06:00:39Z,,,1,1,1,4998799,200,800e1d94f9b3d11782c611fc331b195f22e02d212fb3e6365c8a9fff8b6e3a40,f6b5f978ec8134c7d9b2,False
2026-10-01T00:41:28Z,FOOTBALL_PROBE_V1,americanfootball_nfl,oddsapi/hist_events,/historical/sports/americanfootball_nfl/events,,2024-02-04T06:00:00Z,2024-02-04T05:55:38Z,2024-02-04T05:50:38Z,2024-02-04T06:00:38Z,,,1,1,1,4998798,200,82aa8f41fa186b24bddbfb6bcff0dc163f1959832fb0347620388cf8e144831d,b3900cedafe4428b6e09,False
2026-10-01T00:41:28Z,FOOTBALL_PROBE_V1,americanfootball_nfl,oddsapi/hist_events,/historical/sports/americanfootball_nfl/events,,2024-02-06T06:00:00Z,2024-02-06T05:55:38Z,2024-02-06T05:50:38Z,2024-02-06T06:00:39Z,,,1,1,1,4998797,200,4247756393d33ef573b2a7cf2e1c2b91060cf2def4d6055c4fe52dd835721d15,e0db6b03ad71c10c4f73,False
2026-10-01T00:41:29Z,FOOTBALL_PROBE_V1,americanfootball_nfl,oddsapi/hist_events,/historical/sports/americanfootball_nfl/events,,2024-02-08T06:00:00Z,2024-02-08T05:55:39Z,2024-02-08T05:50:38Z,2024-02-08T06:00:38Z,,,1,1,1,4998796,200,bbbf13179ac4d3a1aa6d123392e8f65ecb2e4646135768fb2667fc0b4cc76568,9009b1915b6d821b3232,False
2026-10-01T00:41:29Z,FOOTBALL_PROBE_V1,americanfootball_nfl,oddsapi/hist_events,/historical/sports/americanfootball_nfl/events,,2024-02-10T06:00:00Z,2024-02-10T05:55:39Z,2024-02-10T05:50:39Z,2024-02-10T06:00:40Z,,,1,1,1,4998795,200,d902814336951f713068194ec623b971846404d917dcf72479f456d098a5d809,db10c7b671a4e2e62344,False
2026-10-01T00:41:30Z,FOOTBALL_PROBE_V1,americanfootball_nfl,oddsapi/hist_events,/historical/sports/americanfootball_nfl/events,,2024-02-12T06:00:00Z,2024-02-12T04:00:38Z,2024-02-12T03:55:38Z,2024-04-10T17:35:39Z,,,1,1,1,4998794,200,182e813b0c262aa3eecf8a8bf0535ea82e75e5215d8e78e1b1973a6dfc76687b,72fd092f611a7d7e5337,False
2026-10-01T00:41:30Z,FOOTBALL_PROBE_V1,americanfootball_nfl,oddsapi/hist_events,/historical/sports/americanfootball_nfl/events,,2024-02-14T06:00:00Z,2024-02-12T04:00:38Z,2024-02-12T03:55:38Z,2024-04-10T17:35:39Z,,,1,1,1,4998793,200,182e813b0c262aa3eecf8a8bf0535ea82e75e5215d8e78e1b1973a6dfc76687b,937de477477a0c94c08e,False
2026-10-01T00:41:31Z,FOOTBALL_PROBE_V1,americanfootball_ncaaf,oddsapi/hist_events,/historical/sports/americanfootball_ncaaf/events,,2022-08-20T06:00:00Z,2022-08-20T05:55:00Z,2022-08-20T05:45:00Z,2022-08-20T06:05:00Z,,,101,1,1,4998792,200,aeb55fb261cdbc182aa1eb53d685c1e4038df73467f0bbf710664fa6eb165b1d,9a145ce9e76431ea493f,False
2026-10-01T00:41:31Z,FOOTBALL_PROBE_V1,americanfootball_ncaaf,oddsapi/hist_events,/historical/sports/americanfootball_ncaaf/events,,2022-08-22T06:00:00Z,2022-08-22T05:55:00Z,2022-08-22T05:45:00Z,2022-08-22T06:05:00Z,,,102,1,1,4998791,200,8b1000f24288a06bcbb003ac80065e03c570d3a4fd2d76f5a1741fa31ec1402d,7260023187ba0557a161,False
2026-10-01T00:41:32Z,FOOTBALL_PROBE_V1,americanfootball_ncaaf,oddsapi/hist_events,/historical/sports/americanfootball_ncaaf/events,,2022-08-24T06:00:00Z,2022-08-24T05:55:00Z,2022-08-24T05:45:00Z,2022-08-24T06:05:00Z,,,102,1,1,4998790,200,107a93c81374a74f08620b256bc7ee7beb66dc5b68a30ba899e72e7d33fc0e46,086af9fb8eb55cc713dd,False
2026-10-01T00:41:33Z,FOOTBALL_PROBE_V1,americanfootball_ncaaf,oddsapi/hist_events,/historical/sports/americanfootball_ncaaf/events,,2022-08-26T06:00:00Z,2022-08-26T05:55:00Z,2022-08-26T05:45:00Z,2022-08-26T06:05:00Z,,,105,1,1,4998789,200,8cf57942453ea9fcf5b0a86014582ca8de4ea4f9c6416f21d48b75ca39fdf4e5,4c75d1659286898338a0,False
2026-10-01T00:41:33Z,FOOTBALL_PROBE_V1,americanfootball_ncaaf,oddsapi/hist_events,/historical/sports/americanfootball_ncaaf/events,,2022-08-28T06:00:00Z,2022-08-28T05:55:00Z,2022-08-28T05:45:00Z,2022-08-28T06:05:00Z,,,97,1,1,4998788,200,6d6530b77b0d0dec5b0a309498fb61dcc43644b98d3bc40af0a7a165706bf89c,ebfc5a18098e07dc2c76,False
2026-10-01T00:41:34Z,FOOTBALL_PROBE_V1,americanfootball_ncaaf,oddsapi/hist_events,/historical/sports/americanfootball_ncaaf/events,,2022-08-30T06:00:00Z,2022-08-30T05:55:00Z,2022-08-30T05:45:00Z,2022-08-30T06:05:00Z,,,95,1,1,4998787,200,f2da43651f11d55b3d517d9da7d87eafa791f611d584a4094c370516059df4ca,5fe575b0e8bd20402fa9,False
2026-10-01T00:41:35Z,FOOTBALL_PROBE_V1,americanfootball_ncaaf,oddsapi/hist_events,/historical/sports/americanfootball_ncaaf/events,,2022-09-01T06:00:00Z,2022-09-01T05:55:00Z,2022-09-01T05:45:00Z,2022-09-01T06:05:00Z,,,104,1,1,4998786,200,4cfd0f3cdebbea5333e45894c0869e6a7663ced07917a959352d41eab55b65da,6d5f68ba404cd3516260,False
2026-10-01T00:41:35Z,FOOTBALL_PROBE_V1,americanfootball_ncaaf,oddsapi/hist_events,/historical/sports/americanfootball_ncaaf/events,,2022-09-03T06:00:00Z,2022-09-03T05:55:00Z,2022-09-03T05:45:00Z,2022-09-03T06:05:00Z,,,106,1,1,4998785,200,5eff22f82dc751e28b1d1c03ddc667c6fb0d1a531d184a7d8ec8d7ab585623f6,9e69d09cf136546ab6b1,False
2026-10-01T00:41:36Z,FOOTBALL_PROBE_V1,americanfootball_ncaaf,oddsapi/hist_events,/historical/sports/americanfootball_ncaaf/events,,2022-09-05T06:00:00Z,2022-09-05T05:55:00Z,2022-09-05T05:45:00Z,2022-09-05T06:05:00Z,,,50,1,1,4998784,200,c805e2fa0e61ed07d1b6b326b8d7b22047730cdf8481426d09d93fb747674aec,6b4559ad32eaf337876c,False
2026-10-01T00:41:36Z,FOOTBALL_PROBE_V1,americanfootball_ncaaf,oddsapi/hist_events,/historical/sports/americanfootball_ncaaf/events,,2022-09-07T06:00:00Z,2022-09-07T05:55:00Z,2022-09-07T05:45:00Z,2022-09-07T06:05:00Z,,,49,1,1,4998783,200,398a8034ab33e1aa56156e5b0ef5540745017067376830c75c7dfadd4bcd605f,1afba85036621eab3718,False
2026-10-01T00:41:37Z,FOOTBALL_PROBE_V1,americanfootball_ncaaf,oddsapi/hist_events,/historical/sports/americanfootball_ncaaf/events,,2022-09-09T06:00:00Z,2022-09-09T05:55:00Z,2022-09-09T05:45:00Z,2022-09-09T06:05:00Z,,,49,1,1,4998782,200,d0016a8b6eba3b74b11e94afa239bd54ee5980599eae1ca79739bfd265dcee46,de542db6a9041151b5c4,False
2026-10-01T00:41:38Z,FOOTBALL_PROBE_V1,americanfootball_ncaaf,oddsapi/hist_events,/historical/sports/americanfootball_ncaaf/events,,2022-09-11T06:00:00Z,2022-09-11T05:55:00Z,2022-09-11T05:45:00Z,2022-09-11T06:05:00Z,,,3,1,1,4998781,200,965fe724c08a9e2aa74d7776a75505c23a402937d04d1735cb3b6078e506f1d4,a04466a898c781b7c827,False
2026-10-01T00:41:38Z,FOOTBALL_PROBE_V1,americanfootball_ncaaf,oddsapi/hist_events,/historical/sports/americanfootball_ncaaf/events,,2022-09-13T06:00:00Z,2022-09-13T05:55:00Z,2022-09-13T05:45:00Z,2022-09-13T06:05:00Z,,,50,1,1,4998780,200,2d31c69a16ab1eae3146ba7821fd923d48212dd6843ac0da94db5d385db3115b,4271be858a4460b79d21,False
2026-10-01T00:41:39Z,FOOTBALL_PROBE_V1,americanfootball_ncaaf,oddsapi/hist_events,/historical/sports/americanfootball_ncaaf/events,,2022-09-15T06:00:00Z,2022-09-15T05:55:00Z,2022-09-15T05:45:00Z,2022-09-15T06:05:00Z,,,50,1,1,4998779,200,02e506431b5d33e12c4cf23785797f7676de099e138fd402c073f549f5e2d709,d5e6999b070c6ae1562d,False
2026-10-01T00:41:40Z,FOOTBALL_PROBE_V1,americanfootball_ncaaf,oddsapi/hist_events,/historical/sports/americanfootball_ncaaf/events,,2022-09-17T06:00:00Z,2022-09-17T05:55:00Z,2022-09-17T05:45:00Z,2022-09-17T06:05:00Z,,,62,1,1,4998778,200,cc678cfd08a3cb49ad3aedffc73eefc2a603821b9b6677a11b3a08d539473f7b,d4b6d2d6dce0ee5949d1,False
2026-10-01T00:41:41Z,FOOTBALL_PROBE_V1,americanfootball_ncaaf,oddsapi/hist_events,/historical/sports/americanfootball_ncaaf/events,,2022-09-19T06:00:00Z,2022-09-19T05:55:37Z,2022-09-19T05:50:37Z,2022-09-19T06:00:38Z,,,60,1,1,4998777,200,54738d050de6c04e66cfb3559fcdadadeeb6ae9e0ed446786b54efcda0c0448a,99b0108c4945f51d1b47,False
2026-10-01T00:41:41Z,FOOTBALL_PROBE_V1,americanfootball_ncaaf,oddsapi/hist_events,/historical/sports/americanfootball_ncaaf/events,,2022-09-21T06:00:00Z,2022-09-21T05:55:39Z,2022-09-21T05:50:39Z,2022-09-21T06:00:38Z,,,61,1,1,4998776,200,a2fd8d1fc3466920685702781f04d03d135a9945c5978b69ab6d725fa79f3d70,35b7eba303696cfab529,False
2026-10-01T00:41:42Z,FOOTBALL_PROBE_V1,americanfootball_ncaaf,oddsapi/hist_events,/historical/sports/americanfootball_ncaaf/events,,2022-09-23T06:00:00Z,2022-09-23T05:55:39Z,2022-09-23T05:50:39Z,2022-09-23T06:00:39Z,,,63,1,1,4998775,200,f5516a118815f614b1312863d7c0dbd6450d284bf5fa54734b8409c1b85a9a43,daab85bce4403f33813e,False
2026-10-01T00:41:43Z,FOOTBALL_PROBE_V1,americanfootball_ncaaf,oddsapi/hist_events,/historical/sports/americanfootball_ncaaf/events,,2022-09-25T06:00:00Z,2022-09-25T05:55:38Z,2022-09-25T05:50:39Z,2022-09-25T06:00:38Z,,,3,1,1,4998774,200,252342221d02ab60e16ccc6393f27af08b245ca52a567b662ce8d4cc70ff9b97,27886835a508c4103673,False
2026-10-01T00:41:43Z,FOOTBALL_PROBE_V1,americanfootball_ncaaf,oddsapi/hist_events,/historical/sports/americanfootball_ncaaf/events,,2022-09-27T06:00:00Z,2022-09-27T05:55:40Z,2022-09-27T05:50:39Z,2022-09-27T06:00:39Z,,,58,1,1,4998773,200,f4d3082cb19606bbfb3a925f31bf3d9bc34c64d7320933a7d8437051c5f8c24f,f10f608a67829c29f01a,False
2026-10-01T00:41:44Z,FOOTBALL_PROBE_V1,americanfootball_ncaaf,oddsapi/hist_events,/historical/sports/americanfootball_ncaaf/events,,2022-09-29T06:00:00Z,2022-09-29T05:55:40Z,2022-09-29T05:50:39Z,2022-09-29T06:00:39Z,,,59,1,1,4998772,200,78c5413ceb970f0b59b092fd0b81685269dc12911b498d40c50c78207888b65a,01f5e27a07cf5dff32b0,False
2026-10-01T00:41:45Z,FOOTBALL_PROBE_V1,americanfootball_ncaaf,oddsapi/hist_events,/historical/sports/americanfootball_ncaaf/events,,2022-10-01T06:00:00Z,2022-10-01T05:55:39Z,2022-10-01T05:50:39Z,2022-10-01T06:00:39Z,,,57,1,1,4998771,200,079844811316bdd38ffa11a7b8b6a0eb3f3369318e8b683c0439b26055bee8d2,64be41a0afa48fc01b1f,False
2026-10-01T00:41:46Z,FOOTBALL_PROBE_V1,americanfootball_ncaaf,oddsapi/hist_events,/historical/sports/americanfootball_ncaaf/events,,2022-10-03T06:00:00Z,2022-10-03T05:55:39Z,2022-10-03T05:50:39Z,2022-10-03T06:00:38Z,,,57,1,1,4998770,200,fcf3fbc77f5e91b79e84a3e24d6c6b2eb8a1b77c0e68f9629d100dae8399780f,7d75d9755fbfb3d443fa,False
2026-10-01T00:41:47Z,FOOTBALL_PROBE_V1,americanfootball_ncaaf,oddsapi/hist_events,/historical/sports/americanfootball_ncaaf/events,,2022-10-05T06:00:00Z,2022-10-05T05:55:40Z,2022-10-05T05:50:38Z,2022-10-05T06:00:40Z,,,57,1,1,4998769,200,dd7c106f66f32c2e27cf5d62af1024a3d4fe25f39fd4a82fc313d223459af113,5b39a9185494a0661a2c,False
2026-10-01T00:41:48Z,FOOTBALL_PROBE_V1,americanfootball_ncaaf,oddsapi/hist_events,/historical/sports/americanfootball_ncaaf/events,,2022-10-07T06:00:00Z,2022-10-07T05:55:39Z,2022-10-07T05:50:39Z,2022-10-07T06:00:39Z,,,56,1,1,4998768,200,b1c28cc341d7b9f3efa80df3a069260205fdd9a864497e4dc933a625cb1812dd,067ab5401a11df8c9d0c,False
2026-10-01T00:41:48Z,FOOTBALL_PROBE_V1,americanfootball_ncaaf,oddsapi/hist_events,/historical/sports/americanfootball_ncaaf/events,,2022-10-09T06:00:00Z,2022-10-09T05:55:38Z,2022-10-09T05:50:38Z,2022-10-09T06:00:38Z,,,2,1,1,4998767,200,c9245856a059899d6875c929c2c240c6c4eec8d0f2392a01d26dd24953b9e8c8,bf7c7770517ee432a1db,False
2026-10-01T00:41:49Z,FOOTBALL_PROBE_V1,americanfootball_ncaaf,oddsapi/hist_events,/historical/sports/americanfootball_ncaaf/events,,2022-10-11T06:00:00Z,2022-10-11T05:55:39Z,2022-10-11T05:50:39Z,2022-10-11T06:00:38Z,,,51,1,1,4998766,200,c0836c79b4f1764aa58ee6dfd85c1e05dc37988910e25e29b58c3117c3acc10c,0a5a9f7a436ca99af9aa,False
2026-10-01T00:41:50Z,FOOTBALL_PROBE_V1,americanfootball_ncaaf,oddsapi/hist_events,/historical/sports/americanfootball_ncaaf/events,,2022-10-13T06:00:00Z,2022-10-13T05:55:39Z,2022-10-13T05:50:39Z,2022-10-13T06:00:39Z,,,50,1,1,4998765,200,4d93c6ca404aecc81c5ebfa2b2017c1144cde35482c4691c8e68de00759718a5,5f8787120729515df939,False
2026-10-01T00:41:51Z,FOOTBALL_PROBE_V1,americanfootball_ncaaf,oddsapi/hist_events,/historical/sports/americanfootball_ncaaf/events,,2022-10-15T06:00:00Z,2022-10-15T05:55:38Z,2022-10-15T05:50:39Z,2022-10-15T06:00:39Z,,,48,1,1,4998764,200,b7d7d8e3f2f6349840b97903db70fe4f47d2d972ba065bf85f9d08287e2fd678,cf2dcc586c5effecbab5,False
2026-10-01T00:41:51Z,FOOTBALL_PROBE_V1,americanfootball_ncaaf,oddsapi/hist_events,/historical/sports/americanfootball_ncaaf/events,,2022-10-17T06:00:00Z,2022-10-17T05:55:39Z,2022-10-17T05:50:39Z,2022-10-17T06:00:38Z,,,53,1,1,4998763,200,a3969e08509ac92c4735e1699b8b48a4a3e6ecd25f5efe98ee0a8c007b00bddf,4c75da882c5c7d1ae34f,False
2026-10-01T00:41:52Z,FOOTBALL_PROBE_V1,americanfootball_ncaaf,oddsapi/hist_events,/historical/sports/americanfootball_ncaaf/events,,2022-10-19T06:00:00Z,2022-10-19T05:55:39Z,2022-10-19T05:50:39Z,2022-10-19T06:00:40Z,,,53,1,1,4998762,200,26d528bcd35f1d40f18527789a07febd53e0601857289cbe271c62d6af417500,1e8ccc984dbaef28d7e2,False
2026-10-01T00:41:53Z,FOOTBALL_PROBE_V1,americanfootball_ncaaf,oddsapi/hist_events,/historical/sports/americanfootball_ncaaf/events,,2022-10-21T06:00:00Z,2022-10-21T05:55:38Z,2022-10-21T05:50:39Z,2022-10-21T06:00:39Z,,,50,1,1,4998761,200,4f5d1cc58e52e85205daceff2c335bf434d9a312ff4c2b3ef3d291b7858bfd6e,6dd25267e8ec8091578e,False
2026-10-01T00:41:53Z,FOOTBALL_PROBE_V1,americanfootball_ncaaf,oddsapi/hist_events,/historical/sports/americanfootball_ncaaf/events,,2022-10-23T06:00:00Z,2022-10-23T05:55:38Z,2022-10-23T05:50:38Z,2022-10-23T06:00:38Z,,,2,1,1,4998760,200,f9c9ff55c9c85a4435d0a8c4978f545cde3769b672247ed7fd09ae791ee29917,9bdbae3a8c65d8598b32,False
2026-10-01T00:41:54Z,FOOTBALL_PROBE_V1,americanfootball_ncaaf,oddsapi/hist_events,/historical/sports/americanfootball_ncaaf/events,,2022-10-25T06:00:00Z,2022-10-25T05:55:39Z,2022-10-25T05:50:39Z,2022-10-25T06:00:39Z,,,47,1,1,4998759,200,07f189c6edd9e18be5f9cd188a0c2534e96d201ae3a46c15dccb79ee28c709bf,fbde32123bddb39180d4,False
2026-10-01T00:41:55Z,FOOTBALL_PROBE_V1,americanfootball_ncaaf,oddsapi/hist_events,/historical/sports/americanfootball_ncaaf/events,,2022-10-27T06:00:00Z,2022-10-27T05:55:39Z,2022-10-27T05:50:39Z,2022-10-27T06:00:39Z,,,47,1,1,4998758,200,6328ead4041abe6c8c95a4f0256c681d9beb860ee7fb1f072cc89064d5544add,550b6cb1c8ce1db954b3,False
2026-10-01T00:41:56Z,FOOTBALL_PROBE_V1,americanfootball_ncaaf,oddsapi/hist_events,/historical/sports/americanfootball_ncaaf/events,,2022-10-29T06:00:00Z,2022-10-29T05:55:39Z,2022-10-29T05:50:39Z,2022-10-29T06:00:39Z,,,42,1,1,4998757,200,0ecbec6b54a4d9254f2107b73733bbd27cdbbd0bddc01ba85286c1ad0143f65f,d099999744f8f46da10b,False
2026-10-01T00:41:57Z,FOOTBALL_PROBE_V1,americanfootball_ncaaf,oddsapi/hist_events,/historical/sports/americanfootball_ncaaf/events,,2022-10-31T06:00:00Z,2022-10-31T05:55:39Z,2022-10-31T05:50:38Z,2022-10-31T06:00:38Z,,,60,1,1,4998756,200,288ac527c340bf826e2a7a9a31ccb069d26e2432d1a1ce3815258a9e5b9e2056,4baea7606d99ce5d20b0,False
2026-10-01T00:41:58Z,FOOTBALL_PROBE_V1,americanfootball_ncaaf,oddsapi/hist_events,/historical/sports/americanfootball_ncaaf/events,,2022-11-02T06:00:00Z,2022-11-02T05:55:39Z,2022-11-02T05:50:39Z,2022-11-02T06:00:39Z,,,58,1,1,4998755,200,f1356a9c55b4c318f04f426911dfb0885eb5218b755422191842bcff4b0ffdc2,06a73873cc3cefac53b4,False
2026-10-01T00:41:58Z,FOOTBALL_PROBE_V1,americanfootball_ncaaf,oddsapi/hist_events,/historical/sports/americanfootball_ncaaf/events,,2022-11-04T06:00:00Z,2022-11-04T05:55:39Z,2022-11-04T05:50:39Z,2022-11-04T06:00:39Z,,,54,1,1,4998754,200,f272c1d95c6998009185650ec706fbe734ef6108b7a5b7c3a583a43c6af51fb8,a40dcd30b4ec9a301417,False
2026-10-01T00:41:59Z,FOOTBALL_PROBE_V1,americanfootball_ncaaf,oddsapi/hist_events,/historical/sports/americanfootball_ncaaf/events,,2022-11-06T06:00:00Z,2022-11-06T05:55:38Z,2022-11-06T05:50:38Z,2022-11-06T06:00:39Z,,,3,1,1,4998753,200,e7ffce531a3a02567c25c67801ecf8fc96e6bdbba7a66662c73b33fa24f62787,17e03aab3dafc942881b,False
2026-10-01T00:42:00Z,FOOTBALL_PROBE_V1,americanfootball_ncaaf,oddsapi/hist_events,/historical/sports/americanfootball_ncaaf/events,,2022-11-08T06:00:00Z,2022-11-08T05:55:39Z,2022-11-08T05:50:39Z,2022-11-08T06:00:40Z,,,64,1,1,4998752,200,b8064a215088e01fee98682dbbdbd33d2ae8c90be0bee520793bc6f20c8b3371,57ea0db7a1dbafecac93,False
2026-10-01T00:42:01Z,FOOTBALL_PROBE_V1,americanfootball_ncaaf,oddsapi/hist_events,/historical/sports/americanfootball_ncaaf/events,,2022-11-10T06:00:00Z,2022-11-10T05:55:39Z,2022-11-10T05:50:39Z,2022-11-10T06:00:39Z,,,58,1,1,4998751,200,7fa9c447dae118042962ac4df290ccf64d22cd91287c357cab6ae5fcb47cf90e,ec2ea6a70613de49cc14,False
2026-10-01T00:42:02Z,FOOTBALL_PROBE_V1,americanfootball_ncaaf,oddsapi/hist_events,/historical/sports/americanfootball_ncaaf/events,,2022-11-12T06:00:00Z,2022-11-12T05:55:38Z,2022-11-12T05:50:38Z,2022-11-12T06:00:39Z,,,55,1,1,4998750,200,9c89c5868e117b7514c4b16295ce6b67d359e27faa52545f9b7601fe3bad62b1,a22189b8d8672574c2e6,False
2026-10-01T00:42:03Z,FOOTBALL_PROBE_V1,americanfootball_ncaaf,oddsapi/hist_events,/historical/sports/americanfootball_ncaaf/events,,2022-11-14T06:00:00Z,2022-11-14T05:55:39Z,2022-11-14T05:50:38Z,2022-11-14T06:00:37Z,,,63,1,1,4998749,200,9e52c448ced8191b9787cbcd3eed0851e7b86b0ab3811283e27faf41831106b6,1b61e055c9ce20269aa7,False
2026-10-01T00:42:04Z,FOOTBALL_PROBE_V1,americanfootball_ncaaf,oddsapi/hist_events,/historical/sports/americanfootball_ncaaf/events,,2022-11-16T06:00:00Z,2022-11-16T05:55:38Z,2022-11-16T05:50:38Z,2022-11-16T06:00:39Z,,,63,1,1,4998748,200,90ab1083189c91e9c6f6af9eff137ba4a2d3b99ce67c49e342e98de498be492c,9a40b57f43d34c0684a4,False
2026-10-01T00:42:05Z,FOOTBALL_PROBE_V1,americanfootball_ncaaf,oddsapi/hist_events,/historical/sports/americanfootball_ncaaf/events,,2022-11-18T06:00:00Z,2022-11-18T05:55:38Z,2022-11-18T05:50:38Z,2022-11-18T06:00:38Z,,,58,1,1,4998747,200,eecf61ea4aa84e509416ac2551e39582ac7f7ea4c79ae99c429633f1d1dcc82c,9cc9a97bb568b5e860b8,False
2026-10-01T00:42:05Z,FOOTBALL_PROBE_V1,americanfootball_ncaaf,oddsapi/hist_events,/historical/sports/americanfootball_ncaaf/events,,2022-11-20T06:00:00Z,2022-11-20T05:55:37Z,2022-11-20T05:50:37Z,2022-11-20T06:00:38Z,,,5,1,1,4998746,200,e95333943c78cd4ddd9c2b89ed4ed93e99e68d2af6a8c4077dbadea98ee47565,5ee1986f19e03007cabc,False
2026-10-01T00:42:07Z,FOOTBALL_PROBE_V1,americanfootball_ncaaf,oddsapi/hist_events,/historical/sports/americanfootball_ncaaf/events,,2022-11-22T06:00:00Z,2022-11-22T05:55:38Z,2022-11-22T05:50:38Z,2022-11-22T06:00:38Z,,,65,1,1,4998745,200,607281a6faa516abd2dc0726aa907522cbafddd5360c01f3c0e282894ec0cb1f,cf7476df3fccbe4f9a56,False
2026-10-01T00:42:08Z,FOOTBALL_PROBE_V1,americanfootball_ncaaf,oddsapi/hist_events,/historical/sports/americanfootball_ncaaf/events,,2022-11-24T06:00:00Z,2022-11-24T05:55:38Z,2022-11-24T05:50:38Z,2022-11-24T06:00:38Z,,,64,1,1,4998744,200,75f02ef424f86ef31d58e20b35c0bd83f1b6ac339180e4e4f67a5583cbd8609d,520217aa34ddf06d1cf7,False
2026-10-01T00:42:09Z,FOOTBALL_PROBE_V1,americanfootball_ncaaf,oddsapi/hist_events,/historical/sports/americanfootball_ncaaf/events,,2022-11-26T06:00:00Z,2022-11-26T05:55:39Z,2022-11-26T05:50:38Z,2022-11-26T06:00:38Z,,,53,1,1,4998743,200,94b4b8234e4e1c8e0d4bbfb57ed390266cf41bb3dfe307362dc6200592992b88,fec9edc6af8f4363b6b6,False
2026-10-01T00:42:09Z,FOOTBALL_PROBE_V1,americanfootball_ncaaf,oddsapi/hist_events,/historical/sports/americanfootball_ncaaf/events,,2022-11-28T06:00:00Z,2022-11-28T05:55:37Z,2022-11-28T05:50:37Z,2022-11-28T06:00:37Z,,,13,1,1,4998742,200,1610a768117e3b9a288f2c09aa8782f73a956166fb7c59509b6c0d9681e4419d,b67184ee4423a057b698,False
2026-10-01T00:42:10Z,FOOTBALL_PROBE_V1,americanfootball_ncaaf,oddsapi/hist_events,/historical/sports/americanfootball_ncaaf/events,,2022-11-30T06:00:00Z,2022-11-30T05:55:37Z,2022-11-30T05:50:38Z,2022-11-30T06:00:38Z,,,13,1,1,4998741,200,c734a8b86a77a5e5f3b55bf98745037d18b97f867c065ec93b4226b026e4af11,5729392551c2dd9640ac,False
2026-10-01T00:42:10Z,FOOTBALL_PROBE_V1,americanfootball_ncaaf,oddsapi/hist_events,/historical/sports/americanfootball_ncaaf/events,,2022-12-02T06:00:00Z,2022-12-02T05:55:38Z,2022-12-02T05:50:38Z,2022-12-02T06:00:38Z,,,14,1,1,4998740,200,c7728a0078d3bdac2a07c9775246d0ab89e575c13ab4b7f8c874b9dcaa4e0da7,cfdac7ce0225e1b4d61c,False
2026-10-01T00:42:10Z,FOOTBALL_PROBE_V1,americanfootball_ncaaf,oddsapi/hist_events,/historical/sports/americanfootball_ncaaf/events,,2022-12-04T06:00:00Z,2022-12-04T05:55:37Z,2022-12-04T05:50:37Z,2022-12-04T06:00:38Z,,,1,1,1,4998739,200,6ae49d6a5bd740f622550b3ed13c1baf8f5717c859780258a57d311ee7fa07d5,dcacd22892a878b4b88c,False
2026-10-01T00:42:11Z,FOOTBALL_PROBE_V1,americanfootball_ncaaf,oddsapi/hist_events,/historical/sports/americanfootball_ncaaf/events,,2022-12-06T06:00:00Z,2022-12-06T05:55:38Z,2022-12-06T05:50:38Z,2022-12-06T06:00:37Z,,,4,1,1,4998738,200,61cc56a83e75761538e80e7dd9f8a641fe91a48301fb088fbd297e19ba37ef6f,9e306694b98c406cdc93,False
2026-10-01T00:42:12Z,FOOTBALL_PROBE_V1,americanfootball_ncaaf,oddsapi/hist_events,/historical/sports/americanfootball_ncaaf/events,,2022-12-08T06:00:00Z,2022-12-08T05:55:38Z,2022-12-08T05:50:38Z,2022-12-08T06:00:38Z,,,42,1,1,4998737,200,8b8d8dc6ed7a26767cb4761c2c0d9609d148685ca3bcc4f83620bbe97247f08b,e84603ad50a862248834,False
2026-10-01T00:42:13Z,FOOTBALL_PROBE_V1,americanfootball_ncaaf,oddsapi/hist_events,/historical/sports/americanfootball_ncaaf/events,,2022-12-10T06:00:00Z,2022-12-10T05:55:39Z,2022-12-10T05:50:39Z,2022-12-10T06:00:39Z,,,42,1,1,4998736,200,f813d4d331b38c1afb8ae70f745bf8fb237c149de5ad55d45f5632d41abb1525,b229d56d0c5d106c8ddb,False
2026-10-01T00:42:14Z,FOOTBALL_PROBE_V1,americanfootball_ncaaf,oddsapi/hist_events,/historical/sports/americanfootball_ncaaf/events,,2022-12-12T06:00:00Z,2022-12-12T05:55:38Z,2022-12-12T05:50:38Z,2022-12-12T06:00:38Z,,,41,1,1,4998735,200,ba7f3817934ecce09027e4fae4c8d5f9a3f8157e93e02b4619cee08660ed8f99,15b236532fd0ea8fb941,False
2026-10-01T00:42:14Z,FOOTBALL_PROBE_V1,americanfootball_ncaaf,oddsapi/hist_events,/historical/sports/americanfootball_ncaaf/events,,2022-12-14T06:00:00Z,2022-12-14T05:55:38Z,2022-12-14T05:50:38Z,2022-12-14T06:00:38Z,,,41,1,1,4998734,200,a7869e8068c2fffe6abde65622cfff411cf3131ba9d390c0e85515cd9b22c2a5,080d25e57da5c9a7e4c9,False
2026-10-01T00:42:15Z,FOOTBALL_PROBE_V1,americanfootball_ncaaf,oddsapi/hist_events,/historical/sports/americanfootball_ncaaf/events,,2022-12-16T06:00:00Z,2022-12-16T05:55:38Z,2022-12-16T05:50:39Z,2022-12-16T06:00:38Z,,,41,1,1,4998733,200,a8a917b6f16652803c3f49305922c212557e007668673fcf3e56f910025a4da1,0c5ff754aa1dcbbfb492,False
2026-10-01T00:42:16Z,FOOTBALL_PROBE_V1,americanfootball_ncaaf,oddsapi/hist_events,/historical/sports/americanfootball_ncaaf/events,,2022-12-18T06:00:00Z,2022-12-18T05:55:38Z,2022-12-18T05:50:38Z,2022-12-18T06:00:39Z,,,34,1,1,4998732,200,2818fa2837b63d748156282bf458c6737ebdac7f19d020d6af35ffe67cb9b1c2,aa017db951906c7b0ffb,False
2026-10-01T00:42:16Z,FOOTBALL_PROBE_V1,americanfootball_ncaaf,oddsapi/hist_events,/historical/sports/americanfootball_ncaaf/events,,2022-12-20T06:00:00Z,2022-12-20T05:55:38Z,2022-12-20T05:50:38Z,2022-12-20T06:00:39Z,,,31,1,1,4998731,200,96f5b978b8878d8383a69cfa23de9325ab45b99aefdfeab63f6f66c1e4de84f0,09d5041b80b5d1ebda42,False
2026-10-01T00:42:17Z,FOOTBALL_PROBE_V1,americanfootball_ncaaf,oddsapi/hist_events,/historical/sports/americanfootball_ncaaf/events,,2022-12-22T06:00:00Z,2022-12-22T05:55:39Z,2022-12-22T05:50:39Z,2022-12-22T06:00:39Z,,,31,1,1,4998730,200,4ad5496e60b9cb4253e543dc2b227d3c588b56764113945f22fa5b584ce03d03,239052ed143fc8c856b5,False
2026-10-01T00:42:18Z,FOOTBALL_PROBE_V1,americanfootball_ncaaf,oddsapi/hist_events,/historical/sports/americanfootball_ncaaf/events,,2022-12-24T06:00:00Z,2022-12-24T05:55:39Z,2022-12-24T05:50:38Z,2022-12-24T06:00:38Z,,,27,1,1,4998729,200,846b30a4212771ce52295ac79dd7ae467c40d2dbfe882532dd954b7d17e75783,11089f5089507fdd0ec7,False
2026-10-01T00:42:19Z,FOOTBALL_PROBE_V1,americanfootball_ncaaf,oddsapi/hist_events,/historical/sports/americanfootball_ncaaf/events,,2022-12-26T06:00:00Z,2022-12-26T05:55:38Z,2022-12-26T05:50:38Z,2022-12-26T06:00:39Z,,,26,1,1,4998728,200,434b9dacaf69009fe940d36526d3b6a62363f5481497215a4a5154990ac72231,a57e81a6d537db811eb8,False
2026-10-01T00:42:19Z,FOOTBALL_PROBE_V1,americanfootball_ncaaf,oddsapi/hist_events,/historical/sports/americanfootball_ncaaf/events,,2022-12-28T06:00:00Z,2022-12-28T05:55:39Z,2022-12-28T05:50:39Z,2022-12-28T06:00:39Z,,,22,1,1,4998727,200,526d3bcaaf8669f7b67a8ab3eea70f0da40973c837ddf7b4a0ce4b8e9281b5e8,8878664e4c92e52343c3,False
2026-10-01T00:42:20Z,FOOTBALL_PROBE_V1,americanfootball_ncaaf,oddsapi/hist_events,/historical/sports/americanfootball_ncaaf/events,,2022-12-30T06:00:00Z,2022-12-30T05:55:38Z,2022-12-30T05:50:39Z,2022-12-30T06:00:39Z,,,14,1,1,4998726,200,5a683cc039e1d4327591218d0bd235a3f95e7779604be90cf5d6f26974bebbd9,4383a0f2476e9a2cb597,False
2026-10-01T00:42:20Z,FOOTBALL_PROBE_V1,americanfootball_ncaaf,oddsapi/hist_events,/historical/sports/americanfootball_ncaaf/events,,2023-01-01T06:00:00Z,2023-01-01T05:55:38Z,2023-01-01T05:50:38Z,2023-01-01T06:00:38Z,,,6,1,1,4998725,200,4e16e986a268b8c740b90ed21c4f028528af43dd503d382947dacf7d1612847e,fb5be6e10a76909dc28d,False
2026-10-01T00:42:21Z,FOOTBALL_PROBE_V1,americanfootball_ncaaf,oddsapi/hist_events,/historical/sports/americanfootball_ncaaf/events,,2023-01-03T06:00:00Z,2023-01-03T05:55:38Z,2023-01-03T05:50:38Z,2023-01-03T06:00:38Z,,,2,1,1,4998724,200,aecb56ff8235db9a88f715ac3493a1ef621c4685872d7721b2d8a2f1ef5ad20c,16d8d97edf7b9fa206fe,False
2026-10-01T00:42:21Z,FOOTBALL_PROBE_V1,americanfootball_ncaaf,oddsapi/hist_events,/historical/sports/americanfootball_ncaaf/events,,2023-01-05T06:00:00Z,2023-01-05T05:55:38Z,2023-01-05T05:50:38Z,2023-01-05T06:00:39Z,,,2,1,1,4998723,200,91a8abc8f19e7491215d4c5efbf1dcf3e0c70041aca2f641b14995958e0c737f,749468aa0f1ad16700d8,False
2026-10-01T00:42:22Z,FOOTBALL_PROBE_V1,americanfootball_ncaaf,oddsapi/hist_events,/historical/sports/americanfootball_ncaaf/events,,2023-01-07T06:00:00Z,2023-01-07T05:55:39Z,2023-01-07T05:50:40Z,2023-01-07T06:00:39Z,,,2,1,1,4998722,200,d10fc8c92fceccd1a7ae1583c3ce5c9ffb577eb0c3d5fe13c4ffcaff197476ee,b41f415e13b065670fa9,False
2026-10-01T00:42:22Z,FOOTBALL_PROBE_V1,americanfootball_ncaaf,oddsapi/hist_events,/historical/sports/americanfootball_ncaaf/events,,2023-01-09T06:00:00Z,2023-01-09T05:55:37Z,2023-01-09T05:50:37Z,2023-01-09T06:00:37Z,,,1,1,1,4998721,200,506457397185f227f137c938c2523c79bbec6ae864afd665dfac409929187cdc,8f1bb249fa10052dae2e,False
2026-10-01T00:42:23Z,FOOTBALL_PROBE_V1,americanfootball_ncaaf,oddsapi/hist_events,/historical/sports/americanfootball_ncaaf/events,,2023-01-11T06:00:00Z,2023-01-10T04:00:38Z,2023-01-10T03:55:39Z,2023-02-22T07:20:38Z,,,1,1,1,4998720,200,de796815add0d810793d00d007e969144f3744586abfa20b4bd60eb39234204b,55d41e309ee76f0713dd,False
2026-10-01T00:42:23Z,FOOTBALL_PROBE_V1,americanfootball_ncaaf,oddsapi/hist_events,/historical/sports/americanfootball_ncaaf/events,,2023-01-13T06:00:00Z,2023-01-10T04:00:38Z,2023-01-10T03:55:39Z,2023-02-22T07:20:38Z,,,1,1,1,4998719,200,de796815add0d810793d00d007e969144f3744586abfa20b4bd60eb39234204b,c381f818afed4d671f27,False
2026-10-01T00:42:24Z,FOOTBALL_PROBE_V1,americanfootball_ncaaf,oddsapi/hist_events,/historical/sports/americanfootball_ncaaf/events,,2023-01-15T06:00:00Z,2023-01-10T04:00:38Z,2023-01-10T03:55:39Z,2023-02-22T07:20:38Z,,,1,1,1,4998718,200,de796815add0d810793d00d007e969144f3744586abfa20b4bd60eb39234204b,5ffa8bcd28be9c724689,False
2026-10-01T00:42:24Z,FOOTBALL_PROBE_V1,americanfootball_nfl,oddsapi/hist_events,/historical/sports/americanfootball_nfl/events,,2022-09-01T06:00:00Z,2022-09-01T05:55:00Z,2022-09-01T05:45:00Z,2022-09-01T06:05:00Z,,,43,1,1,4998717,200,4e1262029777687e93bf24be9e0d8946e9a592743bf4255bf83fb1720ee725af,f0f686a7c44c99fec969,False
2026-10-01T00:42:25Z,FOOTBALL_PROBE_V1,americanfootball_nfl,oddsapi/hist_events,/historical/sports/americanfootball_nfl/events,,2022-09-03T06:00:00Z,2022-09-03T05:55:00Z,2022-09-03T05:45:00Z,2022-09-03T06:05:00Z,,,43,1,1,4998716,200,67e3440428451d5c926f5ad55baced63926030fef3e245a38f6046c67b19ea59,8141e5bf59140566b360,False
2026-10-01T00:42:25Z,FOOTBALL_PROBE_V1,americanfootball_nfl,oddsapi/hist_events,/historical/sports/americanfootball_nfl/events,,2022-09-05T06:00:00Z,2022-09-05T05:55:00Z,2022-09-05T05:45:00Z,2022-09-05T06:05:00Z,,,43,1,1,4998715,200,813c9b5bbd84cbcd07ba5c562cdc31f587452cf38865ed40625017b383619a38,7924c87ddbabd227a6b0,False
2026-10-01T00:42:26Z,FOOTBALL_PROBE_V1,americanfootball_nfl,oddsapi/hist_events,/historical/sports/americanfootball_nfl/events,,2022-09-07T06:00:00Z,2022-09-07T05:55:00Z,2022-09-07T05:45:00Z,2022-09-07T06:05:00Z,,,43,1,1,4998714,200,bdec3d632a2ff55e83b6710fbcc00892491e75171e82914cac7d79328b15cf7f,fd41dd32b81b1a77ab60,False
2026-10-01T00:42:26Z,FOOTBALL_PROBE_V1,americanfootball_nfl,oddsapi/hist_events,/historical/sports/americanfootball_nfl/events,,2022-09-09T06:00:00Z,2022-09-09T05:55:00Z,2022-09-09T05:45:00Z,2022-09-09T06:05:00Z,,,38,1,1,4998713,200,f8b18ea1427fb04cc02c8568007b3d9732c301b9cd89e32e151dfd83b687bd5d,a8ec38cf556036c6162b,False
2026-10-01T00:42:27Z,FOOTBALL_PROBE_V1,americanfootball_nfl,oddsapi/hist_events,/historical/sports/americanfootball_nfl/events,,2022-09-11T06:00:00Z,2022-09-11T05:55:00Z,2022-09-11T05:45:00Z,2022-09-11T06:05:00Z,,,40,1,1,4998712,200,ebfbd128e9437e7435420803e0564be846796ad715b0a598658e336072320e1a,5c8d493febfe2b322b13,False
2026-10-01T00:42:27Z,FOOTBALL_PROBE_V1,americanfootball_nfl,oddsapi/hist_events,/historical/sports/americanfootball_nfl/events,,2022-09-13T06:00:00Z,2022-09-13T05:55:00Z,2022-09-13T05:45:00Z,2022-09-13T06:05:00Z,,,14,1,1,4998711,200,7a055ea72b7aa4c143aec6b4b169b0861a5fb876af46e6e6195b1212a04e87df,4dca36e12c0c4fc595c8,False
2026-10-01T00:42:28Z,FOOTBALL_PROBE_V1,americanfootball_nfl,oddsapi/hist_events,/historical/sports/americanfootball_nfl/events,,2022-09-15T06:00:00Z,2022-09-15T05:55:00Z,2022-09-15T05:45:00Z,2022-09-15T06:05:00Z,,,16,1,1,4998710,200,fc1ccc2d64639606cd5631281b85a47bb830d9b557986286186d10ab39ad6b6f,55ecf4ce841cc2bdb365,False
2026-10-01T00:42:29Z,FOOTBALL_PROBE_V1,americanfootball_nfl,oddsapi/hist_events,/historical/sports/americanfootball_nfl/events,,2022-09-17T06:00:00Z,2022-09-17T05:55:00Z,2022-09-17T05:45:00Z,2022-09-17T06:05:00Z,,,30,1,1,4998709,200,95b2656f5af94920c3a7b6470d1e39c8f00d6b0e27c391afb9d1f1f48eb53713,4f96ee3f5a6a8e48b632,False
2026-10-01T00:42:29Z,FOOTBALL_PROBE_V1,americanfootball_nfl,oddsapi/hist_events,/historical/sports/americanfootball_nfl/events,,2022-09-19T06:00:00Z,2022-09-19T05:55:37Z,2022-09-19T05:50:37Z,2022-09-19T06:00:38Z,,,16,1,1,4998708,200,b2b9d24b1eeed70793a4edde47703368b201078ceab6efabbf6dfede3db2edae,5d7be03f72caf559f49b,False
2026-10-01T00:42:30Z,FOOTBALL_PROBE_V1,americanfootball_nfl,oddsapi/hist_events,/historical/sports/americanfootball_nfl/events,,2022-09-21T06:00:00Z,2022-09-21T05:55:39Z,2022-09-21T05:50:39Z,2022-09-21T06:00:38Z,,,16,1,1,4998707,200,d41b354c880edd5d743f1d79904490b55cefdf82095c8c7a038bac6b48ed5005,e9d3fbe0ebb014dcac1f,False
2026-10-01T00:42:30Z,FOOTBALL_PROBE_V1,americanfootball_nfl,oddsapi/hist_events,/historical/sports/americanfootball_nfl/events,,2022-09-23T06:00:00Z,2022-09-23T05:55:39Z,2022-09-23T05:50:39Z,2022-09-23T06:00:39Z,,,15,1,1,4998706,200,6f39fbe2216e2017d3900ca3abfa8f1a5d79e4997629af8d7355645930a389fe,938a0a63dbe299dd83c0,False
2026-10-01T00:42:31Z,FOOTBALL_PROBE_V1,americanfootball_nfl,oddsapi/hist_events,/historical/sports/americanfootball_nfl/events,,2022-09-25T06:00:00Z,2022-09-25T05:55:38Z,2022-09-25T05:50:39Z,2022-09-25T06:00:38Z,,,29,1,1,4998705,200,7184968392dee4813a8b7041290682e309b689689df41d6c486d08349943c6b6,9afb6f94cbfe2cb812e6,False
2026-10-01T00:42:32Z,FOOTBALL_PROBE_V1,americanfootball_nfl,oddsapi/hist_events,/historical/sports/americanfootball_nfl/events,,2022-09-27T06:00:00Z,2022-09-27T05:55:40Z,2022-09-27T05:50:39Z,2022-09-27T06:00:39Z,,,14,1,1,4998704,200,a63c131884c3f7f17f75c477e3bce11baaabc065b78bf2d0ace7acc2938fc8b3,4f30c0da02b6514f845b,False
2026-10-01T00:42:32Z,FOOTBALL_PROBE_V1,americanfootball_nfl,oddsapi/hist_events,/historical/sports/americanfootball_nfl/events,,2022-09-29T06:00:00Z,2022-09-29T05:55:40Z,2022-09-29T05:50:39Z,2022-09-29T06:00:39Z,,,16,1,1,4998703,200,f0fc123acc81a41d559e910641c13b7db41be6929a535014a01c02b6acce8762,627c35dd55fc4ef5c56c,False
2026-10-01T00:42:33Z,FOOTBALL_PROBE_V1,americanfootball_nfl,oddsapi/hist_events,/historical/sports/americanfootball_nfl/events,,2022-10-01T06:00:00Z,2022-10-01T05:55:39Z,2022-10-01T05:50:39Z,2022-10-01T06:00:39Z,,,29,1,1,4998702,200,f9d7d4c7227cfbab47cccd2ec5ce2fab81dcaaaa68338022412dbfb350fa43f8,a9f467d794e1e758f4a7,False
2026-10-01T00:42:33Z,FOOTBALL_PROBE_V1,americanfootball_nfl,oddsapi/hist_events,/historical/sports/americanfootball_nfl/events,,2022-10-03T06:00:00Z,2022-10-03T05:55:39Z,2022-10-03T05:50:39Z,2022-10-03T06:00:38Z,,,14,1,1,4998701,200,db0643e446b2963cd181781a4fed2b58d45e5ec233ff4a152f590035ebd257f4,c98f70bef19a6bcfcb99,False
2026-10-01T00:42:34Z,FOOTBALL_PROBE_V1,americanfootball_nfl,oddsapi/hist_events,/historical/sports/americanfootball_nfl/events,,2022-10-05T06:00:00Z,2022-10-05T05:55:40Z,2022-10-05T05:50:38Z,2022-10-05T06:00:40Z,,,16,1,1,4998700,200,61e21166f7770b7a195c95fc714dfd126f509a3e1c54a07a0009bf9e4d1cb45a,6db6f71bf237f53ff8b4,False
2026-10-01T00:42:34Z,FOOTBALL_PROBE_V1,americanfootball_nfl,oddsapi/hist_events,/historical/sports/americanfootball_nfl/events,,2022-10-07T06:00:00Z,2022-10-07T05:55:39Z,2022-10-07T05:50:39Z,2022-10-07T06:00:39Z,,,15,1,1,4998699,200,a5be491606d12d1f4501eedc22f9cb220e440c24b7f24d14f4fdf3bc2403ee8c,4789d7976c3f4ab21702,False
2026-10-01T00:42:35Z,FOOTBALL_PROBE_V1,americanfootball_nfl,oddsapi/hist_events,/historical/sports/americanfootball_nfl/events,,2022-10-09T06:00:00Z,2022-10-09T05:55:38Z,2022-10-09T05:50:38Z,2022-10-09T06:00:38Z,,,27,1,1,4998698,200,3d9078fcb0dba7703f1ffc021c5ef0b9144c3562eaf379a69e0f5895f4677bb2,bc78414113c6054b5005,False
2026-10-01T00:42:36Z,FOOTBALL_PROBE_V1,americanfootball_nfl,oddsapi/hist_events,/historical/sports/americanfootball_nfl/events,,2022-10-11T06:00:00Z,2022-10-11T05:55:39Z,2022-10-11T05:50:39Z,2022-10-11T06:00:38Z,,,13,1,1,4998697,200,49f9ac97039b0cb922cddbd36087edfbd4471fd091f4ec00dbc45c9e70d6b68f,e3f43527bd7e1ea3a93b,False
2026-10-01T00:42:36Z,FOOTBALL_PROBE_V1,americanfootball_nfl,oddsapi/hist_events,/historical/sports/americanfootball_nfl/events,,2022-10-13T06:00:00Z,2022-10-13T05:55:39Z,2022-10-13T05:50:39Z,2022-10-13T06:00:39Z,,,14,1,1,4998696,200,122f7555fc47ed7b3f9fb2513ed7c86169fe8a9556a91116cf02e7dca059b30d,7f790639ddbc5d4b9717,False
2026-10-01T00:42:37Z,FOOTBALL_PROBE_V1,americanfootball_nfl,oddsapi/hist_events,/historical/sports/americanfootball_nfl/events,,2022-10-15T06:00:00Z,2022-10-15T05:55:38Z,2022-10-15T05:50:39Z,2022-10-15T06:00:39Z,,,27,1,1,4998695,200,d42b983c4feada0130d3d7a130f0af50cab76858e56baf5edc6b19797acca7c4,6d90b245cbb5052d8c7b,False
2026-10-01T00:42:38Z,FOOTBALL_PROBE_V1,americanfootball_nfl,oddsapi/hist_events,/historical/sports/americanfootball_nfl/events,,2022-10-17T06:00:00Z,2022-10-17T05:55:39Z,2022-10-17T05:50:39Z,2022-10-17T06:00:38Z,,,14,1,1,4998694,200,9487b8101e34dbd5a98cd44124dc7bfadf98466639c0319d52113570ddc756e4,66ea8fd8e7ab357f0d29,False
2026-10-01T00:42:38Z,FOOTBALL_PROBE_V1,americanfootball_nfl,oddsapi/hist_events,/historical/sports/americanfootball_nfl/events,,2022-10-19T06:00:00Z,2022-10-19T05:55:39Z,2022-10-19T05:50:39Z,2022-10-19T06:00:40Z,,,14,1,1,4998693,200,24d14eda9618e64523a0c8c84b4e4f289fdf346e7bd2974b649c93bfe7c2cd01,033e80914adb1c1c0308,False
2026-10-01T00:42:39Z,FOOTBALL_PROBE_V1,americanfootball_nfl,oddsapi/hist_events,/historical/sports/americanfootball_nfl/events,,2022-10-21T06:00:00Z,2022-10-21T05:55:38Z,2022-10-21T05:50:39Z,2022-10-21T06:00:39Z,,,13,1,1,4998692,200,1b595fe473fd87a6a9bf37feccf66419b0deec3893513d80a75d72ab6dde06db,3c9f1a3600b43d29d8b7,False
2026-10-01T00:42:39Z,FOOTBALL_PROBE_V1,americanfootball_nfl,oddsapi/hist_events,/historical/sports/americanfootball_nfl/events,,2022-10-23T06:00:00Z,2022-10-23T05:55:38Z,2022-10-23T05:50:38Z,2022-10-23T06:00:38Z,,,26,1,1,4998691,200,a1efa58f70ce1032d7937bad7f3ea4fc1904260d0a1b9ae11a3b96d77177f1cc,cb38ade5d1d54d771821,False
2026-10-01T00:42:40Z,FOOTBALL_PROBE_V1,americanfootball_nfl,oddsapi/hist_events,/historical/sports/americanfootball_nfl/events,,2022-10-25T06:00:00Z,2022-10-25T05:55:39Z,2022-10-25T05:50:39Z,2022-10-25T06:00:39Z,,,13,1,1,4998690,200,8a28da36e3882e0441bb2d6d989ecd6d4549510c69c886f1f9bca5aa93c2c5ce,30f3395a7e187a0c8c06,False
2026-10-01T00:42:41Z,FOOTBALL_PROBE_V1,americanfootball_nfl,oddsapi/hist_events,/historical/sports/americanfootball_nfl/events,,2022-10-27T06:00:00Z,2022-10-27T05:55:39Z,2022-10-27T05:50:39Z,2022-10-27T06:00:39Z,,,15,1,1,4998689,200,0093ffcf31a5defeb960f20a1cdb4ae5850c4436c09de202c553bd9b88ee655d,ab4ffdb7304e81911560,False
2026-10-01T00:42:41Z,FOOTBALL_PROBE_V1,americanfootball_nfl,oddsapi/hist_events,/historical/sports/americanfootball_nfl/events,,2022-10-29T06:00:00Z,2022-10-29T05:55:39Z,2022-10-29T05:50:39Z,2022-10-29T06:00:39Z,,,27,1,1,4998688,200,c64f8317a16bb1b450944fcffb31871fc109ad8d4f3d3c8707e316d827c606ec,5bf28f0870e5d2e56306,False
2026-10-01T00:42:42Z,FOOTBALL_PROBE_V1,americanfootball_nfl,oddsapi/hist_events,/historical/sports/americanfootball_nfl/events,,2022-10-31T06:00:00Z,2022-10-31T05:55:39Z,2022-10-31T05:50:38Z,2022-10-31T06:00:38Z,,,12,1,1,4998687,200,546c6653deb723711996da2efa32645832e61d140f673ba6109c15fb2844cf96,2576c1f9969fddfb7954,False
2026-10-01T00:42:42Z,FOOTBALL_PROBE_V1,americanfootball_nfl,oddsapi/hist_events,/historical/sports/americanfootball_nfl/events,,2022-11-02T06:00:00Z,2022-11-02T05:55:39Z,2022-11-02T05:50:39Z,2022-11-02T06:00:39Z,,,13,1,1,4998686,200,a6baa80015a0e5595b41062954ab3ecbf8eb5abaecaf1022b4d5973891b3b4cb,f2ca5f72dfc9499bfa33,False
2026-10-01T00:42:43Z,FOOTBALL_PROBE_V1,americanfootball_nfl,oddsapi/hist_events,/historical/sports/americanfootball_nfl/events,,2022-11-04T06:00:00Z,2022-11-04T05:55:39Z,2022-11-04T05:50:39Z,2022-11-04T06:00:39Z,,,12,1,1,4998685,200,b7d6d1440cd24680cdb4355722e815343f95de9ad2a64e8df8bc57b8ac934f31,26903cbb36ac6e9ffe6d,False
2026-10-01T00:42:44Z,FOOTBALL_PROBE_V1,americanfootball_nfl,oddsapi/hist_events,/historical/sports/americanfootball_nfl/events,,2022-11-06T06:00:00Z,2022-11-06T05:55:38Z,2022-11-06T05:50:38Z,2022-11-06T06:00:39Z,,,25,1,1,4998684,200,554f8339ae6c41139ed59c961f748af3e9ee6a9db37de174f3e372886d496b4f,eb962eeb17933c41911b,False
2026-10-01T00:42:44Z,FOOTBALL_PROBE_V1,americanfootball_nfl,oddsapi/hist_events,/historical/sports/americanfootball_nfl/events,,2022-11-08T06:00:00Z,2022-11-08T05:55:39Z,2022-11-08T05:50:39Z,2022-11-08T06:00:40Z,,,13,1,1,4998683,200,cde52d9affca86ab39a0405a2af1a33648ee0033ac48d7621faddc1670554ced,c28e4cc7fbc0afcc1b28,False
2026-10-01T00:42:45Z,FOOTBALL_PROBE_V1,americanfootball_nfl,oddsapi/hist_events,/historical/sports/americanfootball_nfl/events,,2022-11-10T06:00:00Z,2022-11-10T05:55:39Z,2022-11-10T05:50:39Z,2022-11-10T06:00:39Z,,,14,1,1,4998682,200,8d6506981fa62114c52288b602b09249f64dfe47cdc8d874f1eb8580c8e3c505,c4f8002a1cbe2932ece7,False
2026-10-01T00:42:45Z,FOOTBALL_PROBE_V1,americanfootball_nfl,oddsapi/hist_events,/historical/sports/americanfootball_nfl/events,,2022-11-12T06:00:00Z,2022-11-12T05:55:38Z,2022-11-12T05:50:38Z,2022-11-12T06:00:39Z,,,27,1,1,4998681,200,38f18849e9bac6d8f99c43943bbc37bc8edd414d26cba60b711b1152007a62d9,d0b8ba24340d60d4b890,False
2026-10-01T00:42:46Z,FOOTBALL_PROBE_V1,americanfootball_nfl,oddsapi/hist_events,/historical/sports/americanfootball_nfl/events,,2022-11-14T06:00:00Z,2022-11-14T05:55:39Z,2022-11-14T05:50:38Z,2022-11-14T06:00:37Z,,,13,1,1,4998680,200,91d8bd712e1ef3716bad7fbd35eb49222b8e56d0de829654244aef5be0ef8393,d01757b7fccc5c8896ba,False
2026-10-01T00:42:46Z,FOOTBALL_PROBE_V1,americanfootball_nfl,oddsapi/hist_events,/historical/sports/americanfootball_nfl/events,,2022-11-16T06:00:00Z,2022-11-16T05:55:38Z,2022-11-16T05:50:38Z,2022-11-16T06:00:39Z,,,14,1,1,4998679,200,c8bb2924498095b58a0052ef72469dc23e843127d44a22a12bb1dab787b7edac,17203339273c556553f2,False
2026-10-01T00:42:47Z,FOOTBALL_PROBE_V1,americanfootball_nfl,oddsapi/hist_events,/historical/sports/americanfootball_nfl/events,,2022-11-18T06:00:00Z,2022-11-18T05:55:38Z,2022-11-18T05:50:38Z,2022-11-18T06:00:38Z,,,17,1,1,4998678,200,d8a9037de0b41d70cc19b7e08d1fde9a47c5e08553a813e5a41cff0a9d58200a,1c97f2059d8d7123647b,False
2026-10-01T00:42:48Z,FOOTBALL_PROBE_V1,americanfootball_nfl,oddsapi/hist_events,/historical/sports/americanfootball_nfl/events,,2022-11-20T06:00:00Z,2022-11-20T05:55:37Z,2022-11-20T05:50:37Z,2022-11-20T06:00:38Z,,,29,1,1,4998677,200,200517d02159311512561d66d2db65ce2cd17f9e0fe26d140499b40de043ee02,daf928dea6a223ef394e,False
2026-10-01T00:42:49Z,FOOTBALL_PROBE_V1,americanfootball_nfl,oddsapi/hist_events,/historical/sports/americanfootball_nfl/events,,2022-11-22T06:00:00Z,2022-11-22T05:55:38Z,2022-11-22T05:50:38Z,2022-11-22T06:00:38Z,,,14,1,1,4998676,200,b9962d4b40255259bc36e6e217b1e1614cc8fae18c9dbb54f27ca8444c724d1e,b842b37905df4b1b5147,False
2026-10-01T00:42:50Z,FOOTBALL_PROBE_V1,americanfootball_nfl,oddsapi/hist_events,/historical/sports/americanfootball_nfl/events,,2022-11-24T06:00:00Z,2022-11-24T05:55:38Z,2022-11-24T05:50:38Z,2022-11-24T06:00:38Z,,,16,1,1,4998675,200,455bf1c8ec830715985ca034714471878f1045413367631690d68d7c3db6a054,f7387fb6e9d5799c7fb7,False
2026-10-01T00:42:51Z,FOOTBALL_PROBE_V1,americanfootball_nfl,oddsapi/hist_events,/historical/sports/americanfootball_nfl/events,,2022-11-26T06:00:00Z,2022-11-26T05:55:39Z,2022-11-26T05:50:38Z,2022-11-26T06:00:38Z,,,27,1,1,4998674,200,b0f0f5c866c6adf5ecf877c38f0988c47160840711d63ecae18f5956664ad6b1,decee6b72901c1a01518,False
2026-10-01T00:42:51Z,FOOTBALL_PROBE_V1,americanfootball_nfl,oddsapi/hist_events,/historical/sports/americanfootball_nfl/events,,2022-11-28T06:00:00Z,2022-11-28T05:55:37Z,2022-11-28T05:50:37Z,2022-11-28T06:00:37Z,,,14,1,1,4998673,200,a11fd06c05f94287e46246786fa0a27f6f80351b9f65f2c9cbd2f4750b6fc5fc,f91fa63653b763d1b893,False
2026-10-01T00:42:52Z,FOOTBALL_PROBE_V1,americanfootball_nfl,oddsapi/hist_events,/historical/sports/americanfootball_nfl/events,,2022-11-30T06:00:00Z,2022-11-30T05:55:37Z,2022-11-30T05:50:38Z,2022-11-30T06:00:38Z,,,15,1,1,4998672,200,02a5d458bf47cf172a892c8d4f9a6af504cdb8563f6f08bd4e809dd71a0227c7,d646d6c00315577d1ab1,False
2026-10-01T00:42:52Z,FOOTBALL_PROBE_V1,americanfootball_nfl,oddsapi/hist_events,/historical/sports/americanfootball_nfl/events,,2022-12-02T06:00:00Z,2022-12-02T05:55:38Z,2022-12-02T05:50:38Z,2022-12-02T06:00:38Z,,,14,1,1,4998671,200,1f62aad12b06faffe9ea03b84cfa3b88aa6310b59ff845bbc33302e9a85c6cc4,93e8e03a6cd70a4de456,False
2026-10-01T00:42:53Z,FOOTBALL_PROBE_V1,americanfootball_nfl,oddsapi/hist_events,/historical/sports/americanfootball_nfl/events,,2022-12-04T06:00:00Z,2022-12-04T05:55:37Z,2022-12-04T05:50:37Z,2022-12-04T06:00:38Z,,,27,1,1,4998670,200,f750b0402421d6390cde22f67a1136f1b290897a8a54590160bed618ed0683c0,a1148525b476812296c8,False
2026-10-01T00:42:54Z,FOOTBALL_PROBE_V1,americanfootball_nfl,oddsapi/hist_events,/historical/sports/americanfootball_nfl/events,,2022-12-06T06:00:00Z,2022-12-06T05:55:38Z,2022-12-06T05:50:38Z,2022-12-06T06:00:37Z,,,12,1,1,4998669,200,31d0c69f33f4a7093f369c91e33eb8a15e26fa57c3024af5afb1e47f846038de,614d3258361346c20a66,False
2026-10-01T00:42:54Z,FOOTBALL_PROBE_V1,americanfootball_nfl,oddsapi/hist_events,/historical/sports/americanfootball_nfl/events,,2022-12-08T06:00:00Z,2022-12-08T05:55:38Z,2022-12-08T05:50:38Z,2022-12-08T06:00:38Z,,,13,1,1,4998668,200,79cd3a8e7039d386363c6e7df0bad469c74cda4c41a68684e141be493c19ff2d,6cb424dc3a3ba39f5a92,False
2026-10-01T00:42:55Z,FOOTBALL_PROBE_V1,americanfootball_nfl,oddsapi/hist_events,/historical/sports/americanfootball_nfl/events,,2022-12-10T06:00:00Z,2022-12-10T05:55:39Z,2022-12-10T05:50:39Z,2022-12-10T06:00:39Z,,,28,1,1,4998667,200,bd803b0b3b12939799cb9347229634e41c3ba3f92abe4ec19920cf7dd0f66238,d088bb412f72239c43fe,False
2026-10-01T00:42:56Z,FOOTBALL_PROBE_V1,americanfootball_nfl,oddsapi/hist_events,/historical/sports/americanfootball_nfl/events,,2022-12-12T06:00:00Z,2022-12-12T05:55:38Z,2022-12-12T05:50:38Z,2022-12-12T06:00:38Z,,,14,1,1,4998666,200,332939b23a238a7daabee7753fc279f1e8df00994dade5489088f04cb80b2b1a,122fa9f85713875cc63e,False
2026-10-01T00:42:56Z,FOOTBALL_PROBE_V1,americanfootball_nfl,oddsapi/hist_events,/historical/sports/americanfootball_nfl/events,,2022-12-14T06:00:00Z,2022-12-14T05:55:38Z,2022-12-14T05:50:38Z,2022-12-14T06:00:38Z,,,16,1,1,4998665,200,cd6aba9a00a88599ea9800bfd79faa5fcd156dc0251618dcba2816ad06e7205f,429d2bcaf5180574fb86,False
2026-10-01T00:42:57Z,FOOTBALL_PROBE_V1,americanfootball_nfl,oddsapi/hist_events,/historical/sports/americanfootball_nfl/events,,2022-12-16T06:00:00Z,2022-12-16T05:55:38Z,2022-12-16T05:50:39Z,2022-12-16T06:00:38Z,,,15,1,1,4998664,200,474cc2ee32a177047fc0e69c35a3a9e417c0ae3d09b904f8a42fc9c98d899111,de51825c13f7af4999bc,False
2026-10-01T00:42:58Z,FOOTBALL_PROBE_V1,americanfootball_nfl,oddsapi/hist_events,/historical/sports/americanfootball_nfl/events,,2022-12-18T06:00:00Z,2022-12-18T05:55:38Z,2022-12-18T05:50:38Z,2022-12-18T06:00:39Z,,,22,1,1,4998663,200,5fc7b6e17d79dd06add954928cc8d43c5643eee1289f7b9c886f114926153f38,5f56156594fb0d61975c,False
2026-10-01T00:42:58Z,FOOTBALL_PROBE_V1,americanfootball_nfl,oddsapi/hist_events,/historical/sports/americanfootball_nfl/events,,2022-12-20T06:00:00Z,2022-12-20T05:55:38Z,2022-12-20T05:50:38Z,2022-12-20T06:00:39Z,,,14,1,1,4998662,200,78b54ad59cb1e8b4767fd53ebf9eefca536a6ebb5bc6e401f1dde732abf41c6e,8b2ee91737fac6abcedc,False
2026-10-01T00:42:59Z,FOOTBALL_PROBE_V1,americanfootball_nfl,oddsapi/hist_events,/historical/sports/americanfootball_nfl/events,,2022-12-22T06:00:00Z,2022-12-22T05:55:39Z,2022-12-22T05:50:39Z,2022-12-22T06:00:39Z,,,32,1,1,4998661,200,53fef938305fdb1bda9b10d2dd745be73bf63354a46e16daef7bd62bdf0e9f5f,f87a0f5f24226348f09d,False
2026-10-01T00:43:00Z,FOOTBALL_PROBE_V1,americanfootball_nfl,oddsapi/hist_events,/historical/sports/americanfootball_nfl/events,,2022-12-24T06:00:00Z,2022-12-24T05:55:39Z,2022-12-24T05:50:38Z,2022-12-24T06:00:38Z,,,31,1,1,4998660,200,b88fa78259211a796c44bd12c50fe174bfb24fa5efb9c74095402a039f3eacc6,254733ad7a429d361a92,False
2026-10-01T00:43:00Z,FOOTBALL_PROBE_V1,americanfootball_nfl,oddsapi/hist_events,/historical/sports/americanfootball_nfl/events,,2022-12-26T06:00:00Z,2022-12-26T05:55:38Z,2022-12-26T05:50:38Z,2022-12-26T06:00:39Z,,,12,1,1,4998659,200,7b044400d7ae693b55f62f16e0d21101146c35887e898fe53edeac491e955ffc,b23f9ce294b6b469e904,False
2026-10-01T00:43:01Z,FOOTBALL_PROBE_V1,americanfootball_nfl,oddsapi/hist_events,/historical/sports/americanfootball_nfl/events,,2022-12-28T06:00:00Z,2022-12-28T05:55:39Z,2022-12-28T05:50:39Z,2022-12-28T06:00:39Z,,,31,1,1,4998658,200,419ba8baae63a5f2a0d2a8dbe3ab4ac7ec35e28264063533d01607b1851f9af8,109324e912d6133fa394,False
2026-10-01T00:43:02Z,FOOTBALL_PROBE_V1,americanfootball_nfl,oddsapi/hist_events,/historical/sports/americanfootball_nfl/events,,2022-12-30T06:00:00Z,2022-12-30T05:55:38Z,2022-12-30T05:50:39Z,2022-12-30T06:00:39Z,,,27,1,1,4998657,200,6cef478a52faeee2beb84a8f700ce92920ca40f6a23ed4f866c8748aea5ae455,b70a8e91ce10c2c5a388,False
2026-10-01T00:43:03Z,FOOTBALL_PROBE_V1,americanfootball_nfl,oddsapi/hist_events,/historical/sports/americanfootball_nfl/events,,2023-01-01T06:00:00Z,2023-01-01T05:55:38Z,2023-01-01T05:50:38Z,2023-01-01T06:00:38Z,,,30,1,1,4998656,200,6fade2f71f62b30ccfc415645757261d0bd2f42b94cd118166ff0bdd782e8919,813cca5422831a4a33fe,False
2026-10-01T00:43:04Z,FOOTBALL_PROBE_V1,americanfootball_nfl,oddsapi/hist_events,/historical/sports/americanfootball_nfl/events,,2023-01-03T06:00:00Z,2023-01-03T05:55:38Z,2023-01-03T05:50:38Z,2023-01-03T06:00:38Z,,,14,1,1,4998655,200,4abe46d5af8b0f0fb591eef7e166d9d0469f7a54ee8801c013b53239a87b6b1f,77d2cf3b794c1dfa77d2,False
2026-10-01T00:43:04Z,FOOTBALL_PROBE_V1,americanfootball_nfl,oddsapi/hist_events,/historical/sports/americanfootball_nfl/events,,2023-01-05T06:00:00Z,2023-01-05T05:55:38Z,2023-01-05T05:50:38Z,2023-01-05T06:00:39Z,,,16,1,1,4998654,200,266ce41464637284a490ffcf91205972060986aabfcaa38001f7817a0fd8f4fe,4a362fde05a9df43feb9,False
2026-10-01T00:43:05Z,FOOTBALL_PROBE_V1,americanfootball_nfl,oddsapi/hist_events,/historical/sports/americanfootball_nfl/events,,2023-01-07T06:00:00Z,2023-01-07T05:55:39Z,2023-01-07T05:50:40Z,2023-01-07T06:00:39Z,,,16,1,1,4998653,200,5a1a07f228bf8c452feca20bf31d84709c8abf88bf67dcadbe38e3d68cdcb4c0,2489c0ec2a2be7019463,False
2026-10-01T00:43:05Z,FOOTBALL_PROBE_V1,americanfootball_nfl,oddsapi/hist_events,/historical/sports/americanfootball_nfl/events,,2023-01-09T06:00:00Z,2023-01-09T05:55:37Z,2023-01-09T05:50:37Z,2023-01-09T06:00:37Z,,,6,1,1,4998652,200,15089b1632bab824f8cb0c7af2f211875f4672c94a1f9bc567602c6680a29694,d4717f99f3e007b1ce68,False
2026-10-01T00:43:06Z,FOOTBALL_PROBE_V1,americanfootball_nfl,oddsapi/hist_events,/historical/sports/americanfootball_nfl/events,,2023-01-11T06:00:00Z,2023-01-11T05:55:38Z,2023-01-11T05:50:38Z,2023-01-11T06:00:38Z,,,6,1,1,4998651,200,fcb72e00de6253af0eb051adcb2fb87d74ff5cba91dc3d9607d78d472342605e,b70810e2fc9a4374e866,False
2026-10-01T00:43:06Z,FOOTBALL_PROBE_V1,americanfootball_nfl,oddsapi/hist_events,/historical/sports/americanfootball_nfl/events,,2023-01-13T06:00:00Z,2023-01-13T05:55:38Z,2023-01-13T05:50:39Z,2023-01-13T06:00:39Z,,,6,1,1,4998650,200,0f0c94d601c325b43a7d2c9b397dac4a77dab7e9cba830a8f3f92b34a0869eea,18c4ebb44fe31359e062,False
2026-10-01T00:43:07Z,FOOTBALL_PROBE_V1,americanfootball_nfl,oddsapi/hist_events,/historical/sports/americanfootball_nfl/events,,2023-01-15T06:00:00Z,2023-01-15T05:55:38Z,2023-01-15T05:50:38Z,2023-01-15T06:00:38Z,,,4,1,1,4998649,200,424d60232f0cf468a42c4f803d4c6f38de596697531f2121682fd043c3138f51,afe388f908a4c83df7c3,False
2026-10-01T00:43:07Z,FOOTBALL_PROBE_V1,americanfootball_nfl,oddsapi/hist_events,/historical/sports/americanfootball_nfl/events,,2023-01-17T06:00:00Z,2023-01-17T05:55:38Z,2023-01-17T05:50:38Z,2023-01-17T06:00:38Z,,,4,1,1,4998648,200,6eb5e329edf7e2d24c0b20a30d97fff9d452b610972cdf7d4bc1c2d8e459845e,8f897a93ca33c7a5ad78,False
2026-10-01T00:43:08Z,FOOTBALL_PROBE_V1,americanfootball_nfl,oddsapi/hist_events,/historical/sports/americanfootball_nfl/events,,2023-01-19T06:00:00Z,2023-01-19T05:55:38Z,2023-01-19T05:50:38Z,2023-01-19T06:00:39Z,,,4,1,1,4998647,200,d9a418d7d6e16f7290dfd445da4fdd621a65667d7fb2715dbff5d15c4063ef3c,cba19125bd5bc31eb801,False
2026-10-01T00:43:08Z,FOOTBALL_PROBE_V1,americanfootball_nfl,oddsapi/hist_events,/historical/sports/americanfootball_nfl/events,,2023-01-21T06:00:00Z,2023-01-21T05:55:39Z,2023-01-21T05:50:39Z,2023-01-21T06:00:39Z,,,4,1,1,4998646,200,c611a9a395b0202e1099d0c7d1472005bf3855b5b74b80f31df84df0317d81fe,a7a658977ef8bd0029e1,False
2026-10-01T00:43:09Z,FOOTBALL_PROBE_V1,americanfootball_nfl,oddsapi/hist_events,/historical/sports/americanfootball_nfl/events,,2023-01-23T06:00:00Z,2023-01-23T05:55:38Z,2023-01-23T05:50:38Z,2023-01-23T06:00:38Z,,,2,1,1,4998645,200,42b257a188331ab76a71c7bbd28676d155b816c950c42873d9b3c4c61eb06fb8,5564f297e070686e2377,False
2026-10-01T00:43:10Z,FOOTBALL_PROBE_V1,americanfootball_nfl,oddsapi/hist_events,/historical/sports/americanfootball_nfl/events,,2023-01-25T06:00:00Z,2023-01-25T05:55:38Z,2023-01-25T05:50:38Z,2023-01-25T06:00:38Z,,,2,1,1,4998644,200,d4bdfd96e442c767cf82844837dfca39fa34dc6b0d9f15ab858069641ea81538,4e883700a00fae1aef10,False
2026-10-01T00:43:10Z,FOOTBALL_PROBE_V1,americanfootball_nfl,oddsapi/hist_events,/historical/sports/americanfootball_nfl/events,,2023-01-27T06:00:00Z,2023-01-27T05:55:38Z,2023-01-27T05:50:37Z,2023-01-27T06:00:38Z,,,2,1,1,4998643,200,cd7c9883c481b060c9d756a59da1080575e52bd7970bf71062dd7a88c0d470ae,3a643aab74bec2c27c7e,False
2026-10-01T00:43:11Z,FOOTBALL_PROBE_V1,americanfootball_nfl,oddsapi/hist_events,/historical/sports/americanfootball_nfl/events,,2023-01-29T06:00:00Z,2023-01-29T05:55:37Z,2023-01-29T05:50:38Z,2023-01-29T06:00:38Z,,,2,1,1,4998642,200,53a33aca5891d4932374308e780f2ef1447bd30942dee3a61d81871dc6b11c79,40a077132b90bf753b34,False
2026-10-01T00:43:11Z,FOOTBALL_PROBE_V1,americanfootball_nfl,oddsapi/hist_events,/historical/sports/americanfootball_nfl/events,,2023-01-31T06:00:00Z,2023-01-31T05:55:38Z,2023-01-31T05:50:38Z,2023-01-31T06:00:38Z,,,1,1,1,4998641,200,e485d3410ceb834bc07623e55f7f3a0ed09869c78351938959feab08e45d23ac,c54b09b4abe930360cec,False
2026-10-01T00:43:12Z,FOOTBALL_PROBE_V1,americanfootball_nfl,oddsapi/hist_events,/historical/sports/americanfootball_nfl/events,,2023-02-02T06:00:00Z,2023-02-02T05:55:39Z,2023-02-02T05:50:39Z,2023-02-02T06:00:38Z,,,1,1,1,4998640,200,01280937357eac1308284551955f0c21b9f92a3cb621d7d1a49dfa2119a96310,e910ba5799f21fac991e,False
2026-10-01T00:43:12Z,FOOTBALL_PROBE_V1,americanfootball_nfl,oddsapi/hist_events,/historical/sports/americanfootball_nfl/events,,2023-02-04T06:00:00Z,2023-02-04T05:55:39Z,2023-02-04T05:50:39Z,2023-02-04T06:00:39Z,,,1,1,1,4998639,200,541e99f96538fee520eba0137f61c98f4de88a406742fe52e9491946b0dbb9d5,b3f2e70f557d5c45dd29,False
2026-10-01T00:43:13Z,FOOTBALL_PROBE_V1,americanfootball_nfl,oddsapi/hist_events,/historical/sports/americanfootball_nfl/events,,2023-02-06T06:00:00Z,2023-02-06T05:55:37Z,2023-02-06T05:50:37Z,2023-02-06T06:00:38Z,,,1,1,1,4998638,200,d0496edf5618d26404f4d17f324e59305ae8aa1d97f038fc7abd40d6f42e016a,897acffd2502ed8782f9,False
2026-10-01T00:43:13Z,FOOTBALL_PROBE_V1,americanfootball_nfl,oddsapi/hist_events,/historical/sports/americanfootball_nfl/events,,2023-02-08T06:00:00Z,2023-02-08T05:55:38Z,2023-02-08T05:50:38Z,2023-02-08T06:00:38Z,,,1,1,1,4998637,200,b590240fd4cef066fb067441a265ead5022cf2b179fd5b53b671f0a494348fd3,d115bed8a4a6d9740a79,False
2026-10-01T00:43:14Z,FOOTBALL_PROBE_V1,americanfootball_nfl,oddsapi/hist_events,/historical/sports/americanfootball_nfl/events,,2023-02-10T06:00:00Z,2023-02-10T05:55:38Z,2023-02-10T05:50:38Z,2023-02-10T06:00:38Z,,,1,1,1,4998636,200,06adec450baa367d4488e5562d06659ad9d268f78de0e4035fd8a3f99a31cc61,69afa854898900b9b4f4,False
2026-10-01T00:43:14Z,FOOTBALL_PROBE_V1,americanfootball_nfl,oddsapi/hist_events,/historical/sports/americanfootball_nfl/events,,2023-02-12T06:00:00Z,2023-02-12T05:55:38Z,2023-02-12T05:50:38Z,2023-02-12T06:00:37Z,,,1,1,1,4998635,200,c05db83f3964ea0cafe76997b2fa685f4084fdfdb84ca35aea0d2298e9d0c553,045d54717b92ae4a4599,False
2026-10-01T00:43:15Z,FOOTBALL_PROBE_V1,americanfootball_nfl,oddsapi/hist_events,/historical/sports/americanfootball_nfl/events,,2023-02-14T06:00:00Z,2023-02-13T03:25:38Z,2023-02-13T03:20:38Z,2023-05-10T17:15:39Z,,,1,1,1,4998634,200,6d7196c40190bca81610ed24072cb0753c80489451b7d0f52adae5f4fd277c0a,ad0fb7f9235e152f4a6e,False
2026-10-01T00:43:15Z,FOOTBALL_PROBE_V1,americanfootball_nfl,oddsapi/hist_events,/historical/sports/americanfootball_nfl/events,,2023-02-16T06:00:00Z,2023-02-13T03:25:38Z,2023-02-13T03:20:38Z,2023-05-10T17:15:39Z,,,1,1,1,4998633,200,6d7196c40190bca81610ed24072cb0753c80489451b7d0f52adae5f4fd277c0a,16bbe66fad2840abfd2c,False
2026-10-01T00:43:16Z,FOOTBALL_PROBE_V1,americanfootball_nfl,oddsapi/hist_events,/historical/sports/americanfootball_nfl/events,,2023-02-18T06:00:00Z,2023-02-13T03:25:38Z,2023-02-13T03:20:38Z,2023-05-10T17:15:39Z,,,1,1,1,4998632,200,6d7196c40190bca81610ed24072cb0753c80489451b7d0f52adae5f4fd277c0a,39d80ab3bac407e3a85b,False
2026-10-01T00:43:16Z,FOOTBALL_PROBE_V1,americanfootball_nfl,oddsapi/hist_events,/historical/sports/americanfootball_nfl/events,,2023-02-20T06:00:00Z,2023-02-13T03:25:38Z,2023-02-13T03:20:38Z,2023-05-10T17:15:39Z,,,1,1,1,4998631,200,6d7196c40190bca81610ed24072cb0753c80489451b7d0f52adae5f4fd277c0a,b0961b508cb405ffaf82,False
2026-10-01T00:43:17Z,FOOTBALL_PROBE_V1,americanfootball_ncaaf,oddsapi/hist_events,/historical/sports/americanfootball_ncaaf/events,,2021-08-20T06:00:00Z,2021-08-20T05:55:00Z,2021-08-20T05:45:00Z,2021-08-20T06:05:00Z,,,150,1,1,4998630,200,3c4e5deecc035917632223dbfd37bfe921bc4d907c528c3629fbd0f0561f7fb2,ab482eee545263a12361,False
2026-10-01T00:43:17Z,FOOTBALL_PROBE_V1,americanfootball_ncaaf,oddsapi/hist_events,/historical/sports/americanfootball_ncaaf/events,,2021-08-22T06:00:00Z,2021-08-22T05:55:00Z,2021-08-22T05:45:00Z,2021-08-22T06:05:00Z,,,150,1,1,4998629,200,b62016ac42949fd38cd13dd0bd9bedeba259f7a11e746fea084e610b0b3085e2,bceb6a34c18ccbcc1720,False
2026-10-01T00:43:18Z,FOOTBALL_PROBE_V1,americanfootball_ncaaf,oddsapi/hist_events,/historical/sports/americanfootball_ncaaf/events,,2021-08-24T06:00:00Z,2021-08-24T05:55:00Z,2021-08-24T05:45:00Z,2021-08-24T06:05:00Z,,,151,1,1,4998628,200,d7fba7d2a4a41a3d9be7077a8a646b63d641b6cbc08e67c12c75baf5b291aac8,ff806d4b7123f83b7ea1,False
2026-10-01T00:43:18Z,FOOTBALL_PROBE_V1,americanfootball_ncaaf,oddsapi/hist_events,/historical/sports/americanfootball_ncaaf/events,,2021-08-26T06:00:00Z,2021-08-26T05:55:00Z,2021-08-26T05:45:00Z,2021-08-26T06:05:00Z,,,151,1,1,4998627,200,5ada723e5e1ae38aa1d90f5f2ee19419c5834ac91f07847046e799b02ed6997d,00ae73c3a2ae7aa1e699,False
2026-10-01T00:43:19Z,FOOTBALL_PROBE_V1,americanfootball_ncaaf,oddsapi/hist_events,/historical/sports/americanfootball_ncaaf/events,,2021-08-28T06:00:00Z,2021-08-28T05:55:00Z,2021-08-28T05:45:00Z,2021-08-28T06:05:00Z,,,151,1,1,4998626,200,1e42a86f438e74b205c376cfbb7621292c59b4744c2f1a5c3065527fa5cf0a44,af3c6d36b03987a474c4,False
2026-10-01T00:43:20Z,FOOTBALL_PROBE_V1,americanfootball_ncaaf,oddsapi/hist_events,/historical/sports/americanfootball_ncaaf/events,,2021-08-30T06:00:00Z,2021-08-30T05:55:00Z,2021-08-30T05:45:00Z,2021-08-30T06:05:00Z,,,133,1,1,4998625,200,ab17f5ad033d4a7025cfacc1690b5a3f41896d7c86143326d84335cff4d6ca9c,aeea81b853f7f1432ede,False
2026-10-01T00:43:20Z,FOOTBALL_PROBE_V1,americanfootball_ncaaf,oddsapi/hist_events,/historical/sports/americanfootball_ncaaf/events,,2021-09-01T06:00:00Z,2021-09-01T05:55:00Z,2021-09-01T05:45:00Z,2021-09-01T06:05:00Z,,,162,1,1,4998624,200,da17f831d4fce97799e06923e6c4627948baac1c453d39cde144afff305da0cf,02a30139ee9de6bec08f,False
2026-10-01T00:43:21Z,FOOTBALL_PROBE_V1,americanfootball_ncaaf,oddsapi/hist_events,/historical/sports/americanfootball_ncaaf/events,,2021-09-03T06:00:00Z,2021-09-03T05:55:00Z,2021-09-03T05:45:00Z,2021-09-03T06:05:00Z,,,137,1,1,4998623,200,183e69b53a3a6076228284f6e6dd683e912821605473f3853f90ddcab6b5882d,48d33f3877053956b43b,False
2026-10-01T00:43:21Z,FOOTBALL_PROBE_V1,americanfootball_ncaaf,oddsapi/hist_events,/historical/sports/americanfootball_ncaaf/events,,2021-09-05T06:00:00Z,2021-09-05T05:55:00Z,2021-09-05T05:45:00Z,2021-09-05T06:05:00Z,,,13,1,1,4998622,200,bcc1f6a8cd5daf0cb556d9864768fcaff527e5474e368a34214c0a4ec8b8c89d,0bc3d8751c30a525d064,False
2026-10-01T00:43:22Z,FOOTBALL_PROBE_V1,americanfootball_ncaaf,oddsapi/hist_events,/historical/sports/americanfootball_ncaaf/events,,2021-09-07T06:00:00Z,2021-09-07T05:55:00Z,2021-09-07T05:45:00Z,2021-09-07T06:05:00Z,,,45,1,1,4998621,200,1e998e6142380f2d9c9aac7658783d275934f6574abbfe4e562a6e5b1010df04,5f4849a8a8b95920e16f,False
2026-10-01T00:43:22Z,FOOTBALL_PROBE_V1,americanfootball_ncaaf,oddsapi/hist_events,/historical/sports/americanfootball_ncaaf/events,,2021-09-09T06:00:00Z,2021-09-09T05:55:00Z,2021-09-09T05:45:00Z,2021-09-09T06:05:00Z,,,46,1,1,4998620,200,d468537cf32f0979172fbf2f77c2273af199eeea45bf2fb9e1d7b06509eb0b0c,1ffb9f9e44b0a42ddb03,False
2026-10-01T00:43:23Z,FOOTBALL_PROBE_V1,americanfootball_ncaaf,oddsapi/hist_events,/historical/sports/americanfootball_ncaaf/events,,2021-09-11T06:00:00Z,2021-09-11T05:55:00Z,2021-09-11T05:45:00Z,2021-09-11T06:05:00Z,,,67,1,1,4998619,200,175f6522909795b9d29914f1126cfc9039d292eb0eddc362b8d1a2ee48b53ddd,1aa75e9848daa181a9fc,False
2026-10-01T00:43:23Z,FOOTBALL_PROBE_V1,americanfootball_ncaaf,oddsapi/hist_events,/historical/sports/americanfootball_ncaaf/events,,2021-09-13T06:00:00Z,2021-09-13T05:55:00Z,2021-09-13T05:45:00Z,2021-09-13T06:05:00Z,,,52,1,1,4998618,200,4348ae0bd5ec8826eab258246e42e974766459260460f0ff6acdfffe68eac13b,540fda063401426d5939,False
2026-10-01T00:43:24Z,FOOTBALL_PROBE_V1,americanfootball_ncaaf,oddsapi/hist_events,/historical/sports/americanfootball_ncaaf/events,,2021-09-15T06:00:00Z,2021-09-15T05:55:00Z,2021-09-15T05:45:00Z,2021-09-15T06:05:00Z,,,52,1,1,4998617,200,e4cf5afeef95aadee8d9fe2a13bb851ee07de019e754ca63cd2e9bbb91572601,baa1424e546b4234dc56,False
2026-10-01T00:43:24Z,FOOTBALL_PROBE_V1,americanfootball_ncaaf,oddsapi/hist_events,/historical/sports/americanfootball_ncaaf/events,,2021-09-17T06:00:00Z,2021-09-17T05:55:00Z,2021-09-17T05:45:00Z,2021-09-17T06:05:00Z,,,56,1,1,4998616,200,2e653663b020edc53382993020751c1170e1f1c2b57f3661504976c696d9dbbc,f03e592cb836ed6c292f,False
2026-10-01T00:43:25Z,FOOTBALL_PROBE_V1,americanfootball_ncaaf,oddsapi/hist_events,/historical/sports/americanfootball_ncaaf/events,,2021-09-19T06:00:00Z,2021-09-19T05:55:00Z,2021-09-19T05:45:00Z,2021-09-19T06:05:00Z,,,5,1,1,4998615,200,6bbf18c06a1a06e3b458cdc37f1641bca860aa78b8be6d7f830d81e4ba91a9ff,fd69ad1763bc1e439ab1,False
2026-10-01T00:43:25Z,FOOTBALL_PROBE_V1,americanfootball_ncaaf,oddsapi/hist_events,/historical/sports/americanfootball_ncaaf/events,,2021-09-21T06:00:00Z,2021-09-21T05:55:00Z,2021-09-21T05:45:00Z,2021-09-21T06:05:00Z,,,58,1,1,4998614,200,7c7e13578909ac41f69e7b81e85167b01a51b1192cadeb6bc5d72f8de8561780,bb85f6fd475096944dae,False
2026-10-01T00:43:26Z,FOOTBALL_PROBE_V1,americanfootball_ncaaf,oddsapi/hist_events,/historical/sports/americanfootball_ncaaf/events,,2021-09-23T06:00:00Z,2021-09-23T05:55:00Z,2021-09-23T05:45:00Z,2021-09-23T06:05:00Z,,,59,1,1,4998613,200,a3d3b2c8f686be989845fc985fba2f99370f821a5f74b48f02d80c10f6d8dfb0,9ddebb4aa4725c43204d,False
2026-10-01T00:43:27Z,FOOTBALL_PROBE_V1,americanfootball_ncaaf,oddsapi/hist_events,/historical/sports/americanfootball_ncaaf/events,,2021-09-25T06:00:00Z,2021-09-25T05:55:00Z,2021-09-25T05:45:00Z,2021-09-25T06:05:00Z,,,69,1,1,4998612,200,7b71fe3bc7a40199318397060c101446f6e67789fad68560225a9c462faefcb0,2b1dc15b955c46a07350,False
2026-10-01T00:43:27Z,FOOTBALL_PROBE_V1,americanfootball_ncaaf,oddsapi/hist_events,/historical/sports/americanfootball_ncaaf/events,,2021-09-27T06:00:00Z,2021-09-27T05:55:00Z,2021-09-27T05:45:00Z,2021-09-27T06:05:00Z,,,61,1,1,4998611,200,159d8de2322518475f11ffc57ca2d3abbf16c903d259de83f52c30a5e9cd4748,83a56fa7748133cd6e9c,False
2026-10-01T00:43:28Z,FOOTBALL_PROBE_V1,americanfootball_ncaaf,oddsapi/hist_events,/historical/sports/americanfootball_ncaaf/events,,2021-09-29T06:00:00Z,2021-09-29T05:55:00Z,2021-09-29T05:45:00Z,2021-09-29T06:05:00Z,,,61,1,1,4998610,200,16bff6ccb8767027a8a31c0676b71d64cdb2b78079f9bd445bf464ab08f0ac13,1d2e205b706787415a63,False
2026-10-01T00:43:29Z,FOOTBALL_PROBE_V1,americanfootball_ncaaf,oddsapi/hist_events,/historical/sports/americanfootball_ncaaf/events,,2021-10-01T06:00:00Z,2021-10-01T05:55:00Z,2021-10-01T05:45:00Z,2021-10-01T06:05:00Z,,,60,1,1,4998609,200,611d40cbe579b8a3d1641fe9e4272253dabf67a7b7c2213b8c0d621e594fce6c,5a27fd690d58bea603ad,False
2026-10-01T00:43:29Z,FOOTBALL_PROBE_V1,americanfootball_ncaaf,oddsapi/hist_events,/historical/sports/americanfootball_ncaaf/events,,2021-10-03T06:00:00Z,2021-10-03T05:55:00Z,2021-10-03T05:45:00Z,2021-10-03T06:05:00Z,,,8,1,1,4998608,200,8620208d1ce3594a9776ad7e8afe8ce7d4ebc889aa0b896bd08683809534da1d,79b3f1d94e3efa525778,False
2026-10-01T00:43:30Z,FOOTBALL_PROBE_V1,americanfootball_ncaaf,oddsapi/hist_events,/historical/sports/americanfootball_ncaaf/events,,2021-10-05T06:00:00Z,2021-10-05T05:55:00Z,2021-10-05T05:45:00Z,2021-10-05T06:05:00Z,,,51,1,1,4998607,200,8183a968b98b0060fa5ab679ccbdbb4b9bbe31410412b3a4ecd6c44c9f1e2b2d,bc27d9ba941a7f4556a4,False
2026-10-01T00:43:30Z,FOOTBALL_PROBE_V1,americanfootball_ncaaf,oddsapi/hist_events,/historical/sports/americanfootball_ncaaf/events,,2021-10-07T06:00:00Z,2021-10-07T05:55:00Z,2021-10-07T05:45:00Z,2021-10-07T06:05:00Z,,,51,1,1,4998606,200,0d41b50b8a3c14fd9f5aa11776490517930abdcecd9b1c77e83feed1bf2d29ab,255d4c5041f484ecea5a,False
2026-10-01T00:43:31Z,FOOTBALL_PROBE_V1,americanfootball_ncaaf,oddsapi/hist_events,/historical/sports/americanfootball_ncaaf/events,,2021-10-09T06:00:00Z,2021-10-09T05:55:00Z,2021-10-09T05:45:00Z,2021-10-09T06:05:00Z,,,48,1,1,4998605,200,6bf085335639d8f2d9c436dcd79ad3cf337ae9b88b3cb1a934c222194cc77877,23ad51bce40f4dcafef2,False
2026-10-01T00:43:31Z,FOOTBALL_PROBE_V1,americanfootball_ncaaf,oddsapi/hist_events,/historical/sports/americanfootball_ncaaf/events,,2021-10-11T06:00:00Z,2021-10-11T05:55:00Z,2021-10-11T05:45:00Z,2021-10-11T06:05:00Z,,,51,1,1,4998604,200,460dde3cdf650827615ce3d7b94cfceb2da4f6fa06a65113f70f3b7eab89cfe1,b42ff6a69fc53c5d6ee4,False
2026-10-01T00:43:32Z,FOOTBALL_PROBE_V1,americanfootball_ncaaf,oddsapi/hist_events,/historical/sports/americanfootball_ncaaf/events,,2021-10-13T06:00:00Z,2021-10-13T05:55:00Z,2021-10-13T05:45:00Z,2021-10-13T06:05:00Z,,,50,1,1,4998603,200,98dc769f71b3384f88adc9ab83e4c0084d0e6eae3c2413066f1b428144795588,2882cf41e290a5b08d08,False
2026-10-01T00:43:32Z,FOOTBALL_PROBE_V1,americanfootball_ncaaf,oddsapi/hist_events,/historical/sports/americanfootball_ncaaf/events,,2021-10-15T06:00:00Z,2021-10-15T05:55:00Z,2021-10-15T05:45:00Z,2021-10-15T06:05:00Z,,,57,1,1,4998602,200,db85345bec6fec331aa3227962eb58b34ca1f9f2ef87b7f7023bb16ec857a9c2,93dfa6cbf98f828d952b,False
2026-10-01T00:43:33Z,FOOTBALL_PROBE_V1,americanfootball_ncaaf,oddsapi/hist_events,/historical/sports/americanfootball_ncaaf/events,,2021-10-17T06:00:00Z,2021-10-17T05:55:00Z,2021-10-17T05:45:00Z,2021-10-17T06:05:00Z,,,1,1,1,4998601,200,36a7880dcb36bae23fbf296aad4a4411ee0c611115d8296810a7c80002b29437,657dfc555c22aaff7834,False
2026-10-01T00:43:33Z,FOOTBALL_PROBE_V1,americanfootball_ncaaf,oddsapi/hist_events,/historical/sports/americanfootball_ncaaf/events,,2021-10-19T06:00:00Z,2021-10-19T05:55:00Z,2021-10-19T05:45:00Z,2021-10-19T06:05:00Z,,,53,1,1,4998600,200,41172173261de9861ce9fe30a0b0bc19c9207b98bf1db0508793f977ecc61cd9,672473ef9bc64f69b5b9,False
2026-10-01T00:43:34Z,FOOTBALL_PROBE_V1,americanfootball_ncaaf,oddsapi/hist_events,/historical/sports/americanfootball_ncaaf/events,,2021-10-21T06:00:00Z,2021-10-21T05:55:00Z,2021-10-21T05:45:00Z,2021-10-21T06:05:00Z,,,52,1,1,4998599,200,13706b6f8a115f705d035bb5fe2c9549cb4ae930325c0cde2c1b0d8d90ac15c5,a8165a7dec79194ebd4d,False
2026-10-01T00:43:35Z,FOOTBALL_PROBE_V1,americanfootball_ncaaf,oddsapi/hist_events,/historical/sports/americanfootball_ncaaf/events,,2021-10-23T06:00:00Z,2021-10-23T05:55:00Z,2021-10-23T05:45:00Z,2021-10-23T06:05:00Z,,,44,1,1,4998598,200,746a174379a84460c6629b23f78d6d9a92e6aaf808a9687f1ea830b950d92165,6b7c6e97c82b61be2c31,False
2026-10-01T00:43:35Z,FOOTBALL_PROBE_V1,americanfootball_ncaaf,oddsapi/hist_events,/historical/sports/americanfootball_ncaaf/events,,2021-10-25T06:00:00Z,2021-10-25T05:55:00Z,2021-10-25T05:45:00Z,2021-10-25T06:05:00Z,,,53,1,1,4998597,200,b71e0b3eb78e27287629367efc9697720451bf2718117a6ff9682ce2b12eedd1,4c874a253cd93ca65d48,False
2026-10-01T00:43:36Z,FOOTBALL_PROBE_V1,americanfootball_ncaaf,oddsapi/hist_events,/historical/sports/americanfootball_ncaaf/events,,2021-10-27T06:00:00Z,2021-10-27T05:55:00Z,2021-10-27T05:45:00Z,2021-10-27T06:05:00Z,,,53,1,1,4998596,200,7b4e23f9f05e6612555345516cc0684a37a582b81ad43052ed49d5ba6a1d9eba,e0e99a26075dce68a824,False
2026-10-01T00:43:36Z,FOOTBALL_PROBE_V1,americanfootball_ncaaf,oddsapi/hist_events,/historical/sports/americanfootball_ncaaf/events,,2021-10-29T06:00:00Z,2021-10-29T05:55:00Z,2021-10-29T05:45:00Z,2021-10-29T06:05:00Z,,,51,1,1,4998595,200,467f5cb4228d35e8c32c36664b5422cec14b666d00856b4b5f02bedb81e938bc,3e38c8218c744b27a0d8,False
2026-10-01T00:43:37Z,FOOTBALL_PROBE_V1,americanfootball_ncaaf,oddsapi/hist_events,/historical/sports/americanfootball_ncaaf/events,,2021-10-31T06:00:00Z,2021-10-31T05:55:00Z,2021-10-31T05:45:00Z,2021-10-31T06:05:00Z,,,3,1,1,4998594,200,6751782460cf7113940cb896a623f9e4751901ffefb596ae2a7efecd4b5902aa,b6158df6b4dc33dc6dee,False
2026-10-01T00:43:37Z,FOOTBALL_PROBE_V1,americanfootball_ncaaf,oddsapi/hist_events,/historical/sports/americanfootball_ncaaf/events,,2021-11-02T06:00:00Z,2021-11-02T05:55:00Z,2021-11-02T05:45:00Z,2021-11-02T06:05:00Z,,,61,1,1,4998593,200,d96437eb4b81ba27bfc713eae735ee6af5cdeaf7467d81036bd2e8715599d393,9974ee733ebb535f8696,False
2026-10-01T00:43:38Z,FOOTBALL_PROBE_V1,americanfootball_ncaaf,oddsapi/hist_events,/historical/sports/americanfootball_ncaaf/events,,2021-11-04T06:00:00Z,2021-11-04T05:55:00Z,2021-11-04T05:45:00Z,2021-11-04T06:05:00Z,,,54,1,1,4998592,200,93ebcc958854087f321cfcd0ba933c1e4e58cc66c310fc1d01a9a9c67b89eb4c,a7f9dd7e2e8cbe9ff0ae,False
2026-10-01T00:43:38Z,FOOTBALL_PROBE_V1,americanfootball_ncaaf,oddsapi/hist_events,/historical/sports/americanfootball_ncaaf/events,,2021-11-06T06:00:00Z,2021-11-06T05:55:00Z,2021-11-06T05:45:00Z,2021-11-06T06:05:00Z,,,51,1,1,4998591,200,f75926b6d7c1344814a7a3d961939cb0ca8a19537540aaa32730635a51cf0e8e,ad1d3b03f0fc25dad2f1,False
2026-10-01T00:43:39Z,FOOTBALL_PROBE_V1,americanfootball_ncaaf,oddsapi/hist_events,/historical/sports/americanfootball_ncaaf/events,,2021-11-08T06:00:00Z,2021-11-08T05:55:00Z,2021-11-08T05:45:00Z,2021-11-08T06:05:00Z,,,61,1,1,4998590,200,15d2ae67bcf2d3c2d7593c328302a2a47caab8e5b7cf4710a7c59ddeb65d53d5,47a2d2e10ad182ca7a97,False
2026-10-01T00:43:40Z,FOOTBALL_PROBE_V1,americanfootball_ncaaf,oddsapi/hist_events,/historical/sports/americanfootball_ncaaf/events,,2021-11-10T06:00:00Z,2021-11-10T05:55:00Z,2021-11-10T05:45:00Z,2021-11-10T06:05:00Z,,,58,1,1,4998589,200,c8a9e43eec4e5dbce75ccd5afd1bade8ec917af49aa6d01ba6f33e9562c3c818,3530b8d5467ecddca6db,False
2026-10-01T00:43:40Z,FOOTBALL_PROBE_V1,americanfootball_ncaaf,oddsapi/hist_events,/historical/sports/americanfootball_ncaaf/events,,2021-11-12T06:00:00Z,2021-11-12T05:55:00Z,2021-11-12T05:45:00Z,2021-11-12T06:05:00Z,,,53,1,1,4998588,200,f94bfc5ea1890948aa61156af4c289413d1c6beebe206da1b7b1c17d27cf2238,a9e733ef7bc248e0923f,False
2026-10-01T00:43:41Z,FOOTBALL_PROBE_V1,americanfootball_ncaaf,oddsapi/hist_events,/historical/sports/americanfootball_ncaaf/events,,2021-11-14T06:00:00Z,2021-11-14T05:55:00Z,2021-11-14T05:45:00Z,2021-11-14T06:05:00Z,,,3,1,1,4998587,200,dc4697c656ae81d9206d2e8d3fe99ac08a5559bd6b48f3eaf3182854d87a27d1,b620175997476b5fe475,False
2026-10-01T00:43:41Z,FOOTBALL_PROBE_V1,americanfootball_ncaaf,oddsapi/hist_events,/historical/sports/americanfootball_ncaaf/events,,2021-11-16T06:00:00Z,2021-11-16T05:55:00Z,2021-11-16T05:45:00Z,2021-11-16T06:05:00Z,,,62,1,1,4998586,200,9e97436c131b84b1e7a3c17f657bc2661ec0cb76d353af869e0dbfc49ef7a7d9,f918bab992105b1c754f,False
2026-10-01T00:43:42Z,FOOTBALL_PROBE_V1,americanfootball_ncaaf,oddsapi/hist_events,/historical/sports/americanfootball_ncaaf/events,,2021-11-18T06:00:00Z,2021-11-18T05:55:00Z,2021-11-18T05:45:00Z,2021-11-18T06:05:00Z,,,57,1,1,4998585,200,a20fe8e546189295a9458bd003c1f5b3a65ff0c1568f7e24669ee628cd49ab07,91e01eeadce0b7e25315,False
2026-10-01T00:43:43Z,FOOTBALL_PROBE_V1,americanfootball_ncaaf,oddsapi/hist_events,/historical/sports/americanfootball_ncaaf/events,,2021-11-20T06:00:00Z,2021-11-20T05:55:00Z,2021-11-20T05:45:00Z,2021-11-20T06:05:00Z,,,76,1,1,4998584,200,10800c21afca91e2a3a2f409bfa311e6afa923bfc2ac543131076e9a7cb70b46,65dca19b43915222febd,False
2026-10-01T00:43:43Z,FOOTBALL_PROBE_V1,americanfootball_ncaaf,oddsapi/hist_events,/historical/sports/americanfootball_ncaaf/events,,2021-11-22T06:00:00Z,2021-11-22T05:55:00Z,2021-11-22T05:45:00Z,2021-11-22T06:05:00Z,,,65,1,1,4998583,200,21442bdbd4ee5a916f4dd72a21a0867ee329b199722aeddca920f9e5ae9da6a9,c94132a785f608b8a770,False
2026-10-01T00:43:44Z,FOOTBALL_PROBE_V1,americanfootball_ncaaf,oddsapi/hist_events,/historical/sports/americanfootball_ncaaf/events,,2021-11-24T06:00:00Z,2021-11-24T05:55:00Z,2021-11-24T05:45:00Z,2021-11-24T06:05:00Z,,,63,1,1,4998582,200,c39c3fe0916402213ea499ebd2cdadf0b3da9afbcc5abaf81ce35ebb1668f4d9,77294b92a1cdc05d2c90,False
2026-10-01T00:43:44Z,FOOTBALL_PROBE_V1,americanfootball_ncaaf,oddsapi/hist_events,/historical/sports/americanfootball_ncaaf/events,,2021-11-26T06:00:00Z,2021-11-26T05:55:00Z,2021-11-26T05:45:00Z,2021-11-26T06:05:00Z,,,61,1,1,4998581,200,9764d31fd323bacaba08b345ca1eb99c30f2e8ccd97e3b646c8670b6d885144d,a141cbec7388b41fb259,False
2026-10-01T00:43:45Z,FOOTBALL_PROBE_V1,americanfootball_ncaaf,oddsapi/hist_events,/historical/sports/americanfootball_ncaaf/events,,2021-11-28T06:00:00Z,2021-11-28T05:55:00Z,2021-11-28T05:45:00Z,2021-11-28T06:05:00Z,,,3,1,1,4998580,200,ef725946b09a0b320ed2bb872c775d71c9fce5b2bfb0dc23da5392864460143a,0534ab6449d63c659550,False
2026-10-01T00:43:45Z,FOOTBALL_PROBE_V1,americanfootball_ncaaf,oddsapi/hist_events,/historical/sports/americanfootball_ncaaf/events,,2021-11-30T06:00:00Z,2021-11-30T05:55:00Z,2021-11-30T05:45:00Z,2021-11-30T06:05:00Z,,,17,1,1,4998579,200,7afe24884b036290b1399e6452817e827304bfb048caa19095fecf71ce90e729,d0cde8789d2e54b29052,False
2026-10-01T00:43:46Z,FOOTBALL_PROBE_V1,americanfootball_ncaaf,oddsapi/hist_events,/historical/sports/americanfootball_ncaaf/events,,2021-12-02T06:00:00Z,2021-12-02T05:55:00Z,2021-12-02T05:45:00Z,2021-12-02T06:05:00Z,,,17,1,1,4998578,200,d960f8bbb5417e70dc3903f04854d1190df1ed384ff43f32481878f632afb226,ba7e9616c1b7533c71ed,False
2026-10-01T00:43:46Z,FOOTBALL_PROBE_V1,americanfootball_ncaaf,oddsapi/hist_events,/historical/sports/americanfootball_ncaaf/events,,2021-12-04T06:00:00Z,2021-12-04T05:55:00Z,2021-12-04T05:45:00Z,2021-12-04T06:05:00Z,,,15,1,1,4998577,200,3569921c9d8b52b2526895d6576c904f34aa98d209fa10b9b15b11842cb549c8,2205f51332374683e2a6,False
2026-10-01T00:43:47Z,FOOTBALL_PROBE_V1,americanfootball_ncaaf,oddsapi/hist_events,/historical/sports/americanfootball_ncaaf/events,,2021-12-06T06:00:00Z,2021-12-06T05:55:00Z,2021-12-06T05:45:00Z,2021-12-06T06:05:00Z,,,42,1,1,4998576,200,bb9e25369e8763cb64ed3737ccf4cd7fa6f915a6fb64aa36b7048d5e358eecb5,6e429d1db3f18df743d3,False
2026-10-01T00:43:47Z,FOOTBALL_PROBE_V1,americanfootball_ncaaf,oddsapi/hist_events,/historical/sports/americanfootball_ncaaf/events,,2021-12-08T06:00:00Z,2021-12-08T05:55:00Z,2021-12-08T05:45:00Z,2021-12-08T06:05:00Z,,,45,1,1,4998575,200,606c3a7b296755a8e66acc415ca6d6e988b9bbf7230c907577ceef1492330fb2,be03757b8c25d535cf10,False
2026-10-01T00:43:47Z,FOOTBALL_PROBE_V1,americanfootball_ncaaf,oddsapi/hist_events,/historical/sports/americanfootball_ncaaf/events,,2021-12-10T06:00:00Z,2021-12-10T05:55:00Z,2021-12-10T05:45:00Z,2021-12-10T06:05:00Z,,,45,1,1,4998574,200,cae792c9b9a53eae9a2686f2fd26db6b84b7f3c1e03538689f765add3bd3049e,ffc77fefe307bd1386d3,False
2026-10-01T00:43:48Z,FOOTBALL_PROBE_V1,americanfootball_ncaaf,oddsapi/hist_events,/historical/sports/americanfootball_ncaaf/events,,2021-12-12T06:00:00Z,2021-12-12T05:55:00Z,2021-12-12T05:45:00Z,2021-12-12T06:05:00Z,,,43,1,1,4998573,200,f36cb695cfdd45c9dcbb49041ec834070df5e75caf855ddc70a2a210b57fff27,bc9a63c2e841c8b941b7,False
2026-10-01T00:43:48Z,FOOTBALL_PROBE_V1,americanfootball_ncaaf,oddsapi/hist_events,/historical/sports/americanfootball_ncaaf/events,,2021-12-14T06:00:00Z,2021-12-14T05:55:00Z,2021-12-14T05:45:00Z,2021-12-14T06:05:00Z,,,48,1,1,4998572,200,dca61b04c5886d45b2566cd7c8d2d6a48f9e34c32ea99d558ef630b492a990b1,b118b32d075928b86b09,False
2026-10-01T00:43:49Z,FOOTBALL_PROBE_V1,americanfootball_ncaaf,oddsapi/hist_events,/historical/sports/americanfootball_ncaaf/events,,2021-12-16T06:00:00Z,2021-12-16T05:55:00Z,2021-12-16T05:45:00Z,2021-12-16T06:05:00Z,,,48,1,1,4998571,200,07de090ed88e795330d9f8f874a44fccc1f6a2dc05ffd6f11081b806b97cb3e1,8713683aa4f88a6bd66d,False
2026-10-01T00:43:49Z,FOOTBALL_PROBE_V1,americanfootball_ncaaf,oddsapi/hist_events,/historical/sports/americanfootball_ncaaf/events,,2021-12-18T06:00:00Z,2021-12-18T05:55:00Z,2021-12-18T05:45:00Z,2021-12-18T06:05:00Z,,,45,1,1,4998570,200,f81443bc119b106543ae830cca5509ead5150f0a88ce3c3904ebe9d46194bc42,3f64c3d575e420da3f69,False
2026-10-01T00:43:50Z,FOOTBALL_PROBE_V1,americanfootball_ncaaf,oddsapi/hist_events,/historical/sports/americanfootball_ncaaf/events,,2021-12-20T06:00:00Z,2021-12-20T05:55:00Z,2021-12-20T05:45:00Z,2021-12-20T06:05:00Z,,,38,1,1,4998569,200,87933ed4504f12b17d3d46cdb38353e7071d3387ed269772945874c87ccf54cf,8dca34ff9ab0d72b52ba,False
2026-10-01T00:43:50Z,FOOTBALL_PROBE_V1,americanfootball_ncaaf,oddsapi/hist_events,/historical/sports/americanfootball_ncaaf/events,,2021-12-22T06:00:00Z,2021-12-22T05:55:00Z,2021-12-22T05:45:00Z,2021-12-22T06:05:00Z,,,35,1,1,4998568,200,17c7d2a85c8fe12a8f89fcb6cdd224c2c98b6ffd2055945e6d7b5a4a6aa1490c,d5a1f81855310f9452d9,False
2026-10-01T00:43:51Z,FOOTBALL_PROBE_V1,americanfootball_ncaaf,oddsapi/hist_events,/historical/sports/americanfootball_ncaaf/events,,2021-12-24T06:00:00Z,2021-12-24T05:55:00Z,2021-12-24T05:45:00Z,2021-12-24T06:05:00Z,,,31,1,1,4998567,200,7ba985927a8595bec4ddd9a78b2633ffc0d6043e9be40aa7f5791264161fb256,582b4d0681d2886ef014,False
2026-10-01T00:43:51Z,FOOTBALL_PROBE_V1,americanfootball_ncaaf,oddsapi/hist_events,/historical/sports/americanfootball_ncaaf/events,,2021-12-26T06:00:00Z,2021-12-26T05:55:00Z,2021-12-26T05:45:00Z,2021-12-26T06:05:00Z,,,30,1,1,4998566,200,c008a4383210b1c6b0253d85e77009574832359aa445928bee01826d534b52aa,f666581e69378ceef629,False
2026-10-01T00:43:52Z,FOOTBALL_PROBE_V1,americanfootball_ncaaf,oddsapi/hist_events,/historical/sports/americanfootball_ncaaf/events,,2021-12-28T06:00:00Z,2021-12-28T05:55:00Z,2021-12-28T05:45:00Z,2021-12-28T06:05:00Z,,,25,1,1,4998565,200,f94bd5ef8f5761ad13bfcc9766e0d4221136f02869b5a7d0904c88c35dc7d1c8,92f0410351571af3a70e,False
2026-10-01T00:43:52Z,FOOTBALL_PROBE_V1,americanfootball_ncaaf,oddsapi/hist_events,/historical/sports/americanfootball_ncaaf/events,,2021-12-30T06:00:00Z,2021-12-30T05:55:00Z,2021-12-30T05:45:00Z,2021-12-30T06:05:00Z,,,18,1,1,4998564,200,23108bf4501ccbce7a68726487f7e6b9f812d0b0c454940f1cb1fa8cb68143bd,97588887e5ca9b7c79f7,False
2026-10-01T00:43:53Z,FOOTBALL_PROBE_V1,americanfootball_ncaaf,oddsapi/hist_events,/historical/sports/americanfootball_ncaaf/events,,2022-01-01T06:00:00Z,2022-01-01T05:55:00Z,2022-01-01T05:45:00Z,2022-01-01T06:05:00Z,,,7,1,1,4998563,200,84dbe87b2bd3525fd5fb6d2bce604a13e9368eb318637bb510075c8bc6b1b330,a34e8365c5333ba88050,False
2026-10-01T00:43:53Z,FOOTBALL_PROBE_V1,americanfootball_ncaaf,oddsapi/hist_events,/historical/sports/americanfootball_ncaaf/events,,2022-01-03T06:00:00Z,2022-01-03T05:55:00Z,2022-01-03T05:45:00Z,2022-01-03T06:05:00Z,,,2,1,1,4998562,200,020e1feb26cadb946f155e5f33964bdc09ec6a59fd3232547630e0179b3bfd8d,7589affcb9e079337e55,False
2026-10-01T00:43:54Z,FOOTBALL_PROBE_V1,americanfootball_ncaaf,oddsapi/hist_events,/historical/sports/americanfootball_ncaaf/events,,2022-01-05T06:00:00Z,2022-01-05T05:55:00Z,2022-01-05T05:45:00Z,2022-01-05T06:05:00Z,,,1,1,1,4998561,200,762121c603afc267e657146c99a2b0e0e34fd8371d36b97c09deb22df6d902fe,48875ae216ed8e191482,False
2026-10-01T00:43:54Z,FOOTBALL_PROBE_V1,americanfootball_ncaaf,oddsapi/hist_events,/historical/sports/americanfootball_ncaaf/events,,2022-01-07T06:00:00Z,2022-01-07T05:55:00Z,2022-01-07T05:45:00Z,2022-01-07T06:05:00Z,,,1,1,1,4998560,200,0b04638b3e5ae3abbf3a0f8d71e7784b23fe5f39366c3d661b3b48ebf59763e4,93ffaed57b579601f721,False
2026-10-01T00:43:55Z,FOOTBALL_PROBE_V1,americanfootball_ncaaf,oddsapi/hist_events,/historical/sports/americanfootball_ncaaf/events,,2022-01-09T06:00:00Z,2022-01-09T05:55:00Z,2022-01-09T05:45:00Z,2022-01-09T06:05:00Z,,,1,1,1,4998559,200,e9c823d1da5f654b5d2d7745bb467815ab776311f68a1e35f9548d6d64699ff5,66024a1ae86e4b1c3f4b,False
2026-10-01T00:43:55Z,FOOTBALL_PROBE_V1,americanfootball_ncaaf,oddsapi/hist_events,/historical/sports/americanfootball_ncaaf/events,,2022-01-11T06:00:00Z,2022-01-11T04:55:00Z,2022-01-11T04:45:00Z,2022-04-11T18:55:00Z,,,1,1,1,4998558,200,e47856cd304205ae68221df808ef31049d5eda3aeacac02103569b5a82075111,3ac668586033f3121047,False
2026-10-01T00:43:56Z,FOOTBALL_PROBE_V1,americanfootball_ncaaf,oddsapi/hist_events,/historical/sports/americanfootball_ncaaf/events,,2022-01-13T06:00:00Z,2022-01-11T04:55:00Z,2022-01-11T04:45:00Z,2022-04-11T18:55:00Z,,,1,1,1,4998557,200,e47856cd304205ae68221df808ef31049d5eda3aeacac02103569b5a82075111,4c290750b7cb5ebf3867,False
2026-10-01T00:43:56Z,FOOTBALL_PROBE_V1,americanfootball_ncaaf,oddsapi/hist_events,/historical/sports/americanfootball_ncaaf/events,,2022-01-15T06:00:00Z,2022-01-11T04:55:00Z,2022-01-11T04:45:00Z,2022-04-11T18:55:00Z,,,1,1,1,4998556,200,e47856cd304205ae68221df808ef31049d5eda3aeacac02103569b5a82075111,9d5a0b61d3ea40f3e3b3,False
2026-10-01T00:43:57Z,FOOTBALL_PROBE_V1,americanfootball_nfl,oddsapi/hist_events,/historical/sports/americanfootball_nfl/events,,2021-09-01T06:00:00Z,2021-09-01T05:55:00Z,2021-09-01T05:45:00Z,2021-09-01T06:05:00Z,,,46,1,1,4998555,200,9973c9a45d0761754c56e80596dfb00731d81018d88ecf182288e7e2edebe42b,b8b924a4dcd51ada6d92,False
2026-10-01T00:43:57Z,FOOTBALL_PROBE_V1,americanfootball_nfl,oddsapi/hist_events,/historical/sports/americanfootball_nfl/events,,2021-09-03T06:00:00Z,2021-09-03T05:55:00Z,2021-09-03T05:45:00Z,2021-09-03T06:05:00Z,,,46,1,1,4998554,200,dfc5d5ec540584040fcf2fd4315488753244fe31e3b348697d52a7a80c4eb21c,4228df1edd77a71cdd70,False
2026-10-01T00:43:58Z,FOOTBALL_PROBE_V1,americanfootball_nfl,oddsapi/hist_events,/historical/sports/americanfootball_nfl/events,,2021-09-05T06:00:00Z,2021-09-05T05:55:00Z,2021-09-05T05:45:00Z,2021-09-05T06:05:00Z,,,46,1,1,4998553,200,7803e0d132842852ac14aa3fed23a3bdc08e64876a5417a7ca685f582f72f434,baef5aaf1dfcae67bddd,False
2026-10-01T00:43:58Z,FOOTBALL_PROBE_V1,americanfootball_nfl,oddsapi/hist_events,/historical/sports/americanfootball_nfl/events,,2021-09-07T06:00:00Z,2021-09-07T05:55:00Z,2021-09-07T05:45:00Z,2021-09-07T06:05:00Z,,,46,1,1,4998552,200,6ede060eeed18e1ba46b9ad0b1f6b9132459175548945da4af80ae9eb9345621,55338cecfa3204ef259d,False
2026-10-01T00:43:59Z,FOOTBALL_PROBE_V1,americanfootball_nfl,oddsapi/hist_events,/historical/sports/americanfootball_nfl/events,,2021-09-09T06:00:00Z,2021-09-09T05:55:00Z,2021-09-09T05:45:00Z,2021-09-09T06:05:00Z,,,46,1,1,4998551,200,5bb694e8829f69c388b181fde3a2c882ec5c1d001fb5e2e62ba9cbc105e52d65,e68cbbb874153c728c27,False
2026-10-01T00:43:59Z,FOOTBALL_PROBE_V1,americanfootball_nfl,oddsapi/hist_events,/historical/sports/americanfootball_nfl/events,,2021-09-11T06:00:00Z,2021-09-11T05:55:00Z,2021-09-11T05:45:00Z,2021-09-11T06:05:00Z,,,41,1,1,4998550,200,598d1411e02056c47f6d4949ea34bf91c09b0ae3b4fdd3d7c39d4698cd227bf8,a3d883ee6f266417abd3,False
2026-10-01T00:44:00Z,FOOTBALL_PROBE_V1,americanfootball_nfl,oddsapi/hist_events,/historical/sports/americanfootball_nfl/events,,2021-09-13T06:00:00Z,2021-09-13T05:55:00Z,2021-09-13T05:45:00Z,2021-09-13T06:05:00Z,,,17,1,1,4998549,200,dbddbcf0ff1372aecaecb6f31432a46a4aa8f5534bc2844ba662b03288180d2a,2f1fc5e3308ca5c8b088,False
2026-10-01T00:44:00Z,FOOTBALL_PROBE_V1,americanfootball_nfl,oddsapi/hist_events,/historical/sports/americanfootball_nfl/events,,2021-09-15T06:00:00Z,2021-09-15T05:55:00Z,2021-09-15T05:45:00Z,2021-09-15T06:05:00Z,,,16,1,1,4998548,200,e9bb34363152a97704308d568506df5a5e116d5ea56d6ed066e6a118a12babc5,20492758f9f9c6cad83e,False
2026-10-01T00:44:01Z,FOOTBALL_PROBE_V1,americanfootball_nfl,oddsapi/hist_events,/historical/sports/americanfootball_nfl/events,,2021-09-17T06:00:00Z,2021-09-17T05:55:00Z,2021-09-17T05:45:00Z,2021-09-17T06:05:00Z,,,31,1,1,4998547,200,53a87e0026521c591cba1970dd066a70cb8232f25f609d912c925722005d0d9d,c64226a3a4885fb791e6,False
2026-10-01T00:44:01Z,FOOTBALL_PROBE_V1,americanfootball_nfl,oddsapi/hist_events,/historical/sports/americanfootball_nfl/events,,2021-09-19T06:00:00Z,2021-09-19T05:55:00Z,2021-09-19T05:45:00Z,2021-09-19T06:05:00Z,,,15,1,1,4998546,200,ab5615c4428f1e2af6f7c57e22dbc3ff36dbdfc873e1c92655df65e02b4837bc,22a8df290e9286b7b473,False
2026-10-01T00:44:02Z,FOOTBALL_PROBE_V1,americanfootball_nfl,oddsapi/hist_events,/historical/sports/americanfootball_nfl/events,,2021-09-21T06:00:00Z,2021-09-21T05:55:00Z,2021-09-21T05:45:00Z,2021-09-21T06:05:00Z,,,14,1,1,4998545,200,353d2b3c83a745ffea8b3c0054af671f5233223a664bcef60fb68b22f4a1e450,ee79cf4e1ac7e99849d8,False
2026-10-01T00:44:03Z,FOOTBALL_PROBE_V1,americanfootball_nfl,oddsapi/hist_events,/historical/sports/americanfootball_nfl/events,,2021-09-23T06:00:00Z,2021-09-23T05:55:00Z,2021-09-23T05:45:00Z,2021-09-23T06:05:00Z,,,16,1,1,4998544,200,bddeb742d07896d4f0a2086088bf912b9fb6b8fb0934da3f3bfcea0e58fc5e16,a74bc110e690ec624dd0,False
2026-10-01T00:44:03Z,FOOTBALL_PROBE_V1,americanfootball_nfl,oddsapi/hist_events,/historical/sports/americanfootball_nfl/events,,2021-09-25T06:00:00Z,2021-09-25T05:55:00Z,2021-09-25T05:45:00Z,2021-09-25T06:05:00Z,,,15,1,1,4998543,200,23b3c2c15aa38f00767f23033e04aa0e23d22af6f6079096b7defe66a91bbd15,ec5bd8b2a4d13868b2f6,False
2026-10-01T00:44:03Z,FOOTBALL_PROBE_V1,americanfootball_nfl,oddsapi/hist_events,/historical/sports/americanfootball_nfl/events,,2021-09-27T06:00:00Z,2021-09-27T05:55:00Z,2021-09-27T05:45:00Z,2021-09-27T06:05:00Z,,,15,1,1,4998542,200,ee86b0ca4017d00f434e429e7a166f6830f94da96679ad6f236c13a03dcf1963,931e4eba3e6e2ea75805,False
2026-10-01T00:44:04Z,FOOTBALL_PROBE_V1,americanfootball_nfl,oddsapi/hist_events,/historical/sports/americanfootball_nfl/events,,2021-09-29T06:00:00Z,2021-09-29T05:55:00Z,2021-09-29T05:45:00Z,2021-09-29T06:05:00Z,,,16,1,1,4998541,200,00db14d070191fedbcd12f469858f656a5dff291bd1a3d8d5da18921bc9b38b2,a0d65a6b98eeea21c3c9,False
2026-10-01T00:44:04Z,FOOTBALL_PROBE_V1,americanfootball_nfl,oddsapi/hist_events,/historical/sports/americanfootball_nfl/events,,2021-10-01T06:00:00Z,2021-10-01T05:55:00Z,2021-10-01T05:45:00Z,2021-10-01T06:05:00Z,,,15,1,1,4998540,200,c91d4adddab0a886933ba1a88501a2a48f551289a892754d3070d1312fee0074,e1587ded5a7e6f3c483c,False
2026-10-01T00:44:05Z,FOOTBALL_PROBE_V1,americanfootball_nfl,oddsapi/hist_events,/historical/sports/americanfootball_nfl/events,,2021-10-03T06:00:00Z,2021-10-03T05:55:00Z,2021-10-03T05:45:00Z,2021-10-03T06:05:00Z,,,15,1,1,4998539,200,885322e9a431484c5b125e66ed618b0960c299685991b7a7ae4d854d070fdedf,ea55b818b65821f75bcf,False
2026-10-01T00:44:05Z,FOOTBALL_PROBE_V1,americanfootball_nfl,oddsapi/hist_events,/historical/sports/americanfootball_nfl/events,,2021-10-05T06:00:00Z,2021-10-05T05:55:00Z,2021-10-05T05:45:00Z,2021-10-05T06:05:00Z,,,14,1,1,4998538,200,b46e6225d3d20a4751f76108d2ad505b34b8844bd1f469bc01113bcd3bfb65f1,9292bf7169b9f7ea38b7,False
2026-10-01T00:44:06Z,FOOTBALL_PROBE_V1,americanfootball_nfl,oddsapi/hist_events,/historical/sports/americanfootball_nfl/events,,2021-10-07T06:00:00Z,2021-10-07T05:55:00Z,2021-10-07T05:45:00Z,2021-10-07T06:05:00Z,,,16,1,1,4998537,200,d9750d61756e14940b2a2a8a23a4ecbc81fa668f0b10d15422dabaa14413fac5,c52b7836439f783bc0e4,False
2026-10-01T00:44:06Z,FOOTBALL_PROBE_V1,americanfootball_nfl,oddsapi/hist_events,/historical/sports/americanfootball_nfl/events,,2021-10-09T06:00:00Z,2021-10-09T05:55:00Z,2021-10-09T05:45:00Z,2021-10-09T06:05:00Z,,,15,1,1,4998536,200,91d49c58a8415fa858884491e91ce1463c12c11b04db4200b924e29f87c9909d,a0615b82fd7bba09b94f,False
2026-10-01T00:44:07Z,FOOTBALL_PROBE_V1,americanfootball_nfl,oddsapi/hist_events,/historical/sports/americanfootball_nfl/events,,2021-10-11T06:00:00Z,2021-10-11T05:55:00Z,2021-10-11T05:45:00Z,2021-10-11T06:05:00Z,,,10,1,1,4998535,200,32e5a0646390b5203dad8d42fe1e6259edebcad1d7b4b886a03568f5586988e5,c2f8b3825d4328f75dc2,False
2026-10-01T00:44:07Z,FOOTBALL_PROBE_V1,americanfootball_nfl,oddsapi/hist_events,/historical/sports/americanfootball_nfl/events,,2021-10-13T06:00:00Z,2021-10-13T05:55:00Z,2021-10-13T05:45:00Z,2021-10-13T06:05:00Z,,,14,1,1,4998534,200,74536895be979f7030608de467f47adfbc385be69032d6ffb97417d20b33f21e,d3717e8790b952365340,False
2026-10-01T00:44:08Z,FOOTBALL_PROBE_V1,americanfootball_nfl,oddsapi/hist_events,/historical/sports/americanfootball_nfl/events,,2021-10-15T06:00:00Z,2021-10-15T05:55:00Z,2021-10-15T05:45:00Z,2021-10-15T06:05:00Z,,,13,1,1,4998533,200,1585af30f1e6804c5eef0babbfdb0bf33f602e1992b60a52adef594e4e50a7df,82f27ab00415008a8ddb,False
2026-10-01T00:44:08Z,FOOTBALL_PROBE_V1,americanfootball_nfl,oddsapi/hist_events,/historical/sports/americanfootball_nfl/events,,2021-10-17T06:00:00Z,2021-10-17T05:55:00Z,2021-10-17T05:45:00Z,2021-10-17T06:05:00Z,,,13,1,1,4998532,200,9ddff3e986a699be55699b8981789e724abb85d3bbf6fe624dc604ed51bd9081,f1f458c214108b218702,False
2026-10-01T00:44:09Z,FOOTBALL_PROBE_V1,americanfootball_nfl,oddsapi/hist_events,/historical/sports/americanfootball_nfl/events,,2021-10-19T06:00:00Z,2021-10-19T05:55:00Z,2021-10-19T05:45:00Z,2021-10-19T06:05:00Z,,,12,1,1,4998531,200,ed582efe5be83913188066b827787708bb8d18db0c9380e6d8a0c7081ccb3c06,cfbc0a989824cea7f87a,False
2026-10-01T00:44:09Z,FOOTBALL_PROBE_V1,americanfootball_nfl,oddsapi/hist_events,/historical/sports/americanfootball_nfl/events,,2021-10-21T06:00:00Z,2021-10-21T05:55:00Z,2021-10-21T05:45:00Z,2021-10-21T06:05:00Z,,,13,1,1,4998530,200,c71b3614b34ce4666b35526567fb4667d3ccb0bae86c6e36d60daf46932b2d54,75c670a46880dcb121ef,False
2026-10-01T00:44:10Z,FOOTBALL_PROBE_V1,americanfootball_nfl,oddsapi/hist_events,/historical/sports/americanfootball_nfl/events,,2021-10-23T06:00:00Z,2021-10-23T05:55:00Z,2021-10-23T05:45:00Z,2021-10-23T06:05:00Z,,,12,1,1,4998529,200,d97d630cb90bd9834163c7ee3b975bb70c0c365ecf3307b6cc52d5e208502b2a,75e6d0343aac1e8a0a56,False
2026-10-01T00:44:10Z,FOOTBALL_PROBE_V1,americanfootball_nfl,oddsapi/hist_events,/historical/sports/americanfootball_nfl/events,,2021-10-25T06:00:00Z,2021-10-25T05:55:00Z,2021-10-25T05:45:00Z,2021-10-25T06:05:00Z,,,14,1,1,4998528,200,51d45b1d744640b3e82f3869b954599a8a636037a3e43b69600bbec3c1eff9da,f68911f31d26880550ea,False
2026-10-01T00:44:11Z,FOOTBALL_PROBE_V1,americanfootball_nfl,oddsapi/hist_events,/historical/sports/americanfootball_nfl/events,,2021-10-27T06:00:00Z,2021-10-27T05:55:00Z,2021-10-27T05:45:00Z,2021-10-27T06:05:00Z,,,15,1,1,4998527,200,11b2f84d87c371712e998aec30fa823d543c575ea4fce91c4849eacbaf379232,581f21dccb71adc59bf3,False
2026-10-01T00:44:11Z,FOOTBALL_PROBE_V1,americanfootball_nfl,oddsapi/hist_events,/historical/sports/americanfootball_nfl/events,,2021-10-29T06:00:00Z,2021-10-29T05:55:00Z,2021-10-29T05:45:00Z,2021-10-29T06:05:00Z,,,14,1,1,4998526,200,ad422e2a046fba989fd65471afb4c56d5a6b1ce3de08b7e991de1ed8d18a7791,ce52852546653383e260,False
2026-10-01T00:44:12Z,FOOTBALL_PROBE_V1,americanfootball_nfl,oddsapi/hist_events,/historical/sports/americanfootball_nfl/events,,2021-10-31T06:00:00Z,2021-10-31T05:55:00Z,2021-10-31T05:45:00Z,2021-10-31T06:05:00Z,,,14,1,1,4998525,200,f72369fdd9f471e55b44b525b9ff6b68e0571b95cadad2c02c4f0fe9b15ffc4c,5fb6c40f1823c517c087,False
2026-10-01T00:44:12Z,FOOTBALL_PROBE_V1,americanfootball_nfl,oddsapi/hist_events,/historical/sports/americanfootball_nfl/events,,2021-11-02T06:00:00Z,2021-11-02T05:55:00Z,2021-11-02T05:45:00Z,2021-11-02T06:05:00Z,,,12,1,1,4998524,200,f39e15dddf10b8eb0a4f277b8cadd9b0833660fec7668b0a19a8b8d60b54f18a,ed50db05e7d907a5faa1,False
2026-10-01T00:44:13Z,FOOTBALL_PROBE_V1,americanfootball_nfl,oddsapi/hist_events,/historical/sports/americanfootball_nfl/events,,2021-11-04T06:00:00Z,2021-11-04T05:55:00Z,2021-11-04T05:45:00Z,2021-11-04T06:05:00Z,,,14,1,1,4998523,200,a292b431ddca9dc255f388518a083ecc12df702d65520ddd1b821bcabe5e4771,a5e22a352d44f28b8bcd,False
2026-10-01T00:44:14Z,FOOTBALL_PROBE_V1,americanfootball_nfl,oddsapi/hist_events,/historical/sports/americanfootball_nfl/events,,2021-11-06T06:00:00Z,2021-11-06T05:55:00Z,2021-11-06T05:45:00Z,2021-11-06T06:05:00Z,,,13,1,1,4998522,200,f511d47eda9509e09bbecacb6c3fa960763d617de6d3b16f5302812cc1062d4c,fab6bc1e54308ca7757e,False
2026-10-01T00:44:14Z,FOOTBALL_PROBE_V1,americanfootball_nfl,oddsapi/hist_events,/historical/sports/americanfootball_nfl/events,,2021-11-08T06:00:00Z,2021-11-08T05:55:00Z,2021-11-08T05:45:00Z,2021-11-08T06:05:00Z,,,13,1,1,4998521,200,7bc132881823e58509a888189f0fd964f048d240109b490d9b1bb40cbf14a500,80def148906819f11ebf,False
2026-10-01T00:44:15Z,FOOTBALL_PROBE_V1,americanfootball_nfl,oddsapi/hist_events,/historical/sports/americanfootball_nfl/events,,2021-11-10T06:00:00Z,2021-11-10T05:55:00Z,2021-11-10T05:45:00Z,2021-11-10T06:05:00Z,,,14,1,1,4998520,200,39bc9807a190cdf99194bd0b8825a60d787a463cc79dd94104b7e03a4326448e,fda9937cbabf15ab6795,False
2026-10-01T00:44:15Z,FOOTBALL_PROBE_V1,americanfootball_nfl,oddsapi/hist_events,/historical/sports/americanfootball_nfl/events,,2021-11-12T06:00:00Z,2021-11-12T05:55:00Z,2021-11-12T05:45:00Z,2021-11-12T06:05:00Z,,,13,1,1,4998519,200,fff017e2c957f55ac44400716086bd66110c166fd095dba2de5b39ec6d8e6a3b,4e939523fada69e88799,False
2026-10-01T00:44:16Z,FOOTBALL_PROBE_V1,americanfootball_nfl,oddsapi/hist_events,/historical/sports/americanfootball_nfl/events,,2021-11-14T06:00:00Z,2021-11-14T05:55:00Z,2021-11-14T05:45:00Z,2021-11-14T06:05:00Z,,,13,1,1,4998518,200,b8442e0647c8b0ecf6445ebfae670ee6473691c84dbd43b3193772b25a7b2942,3294238b9830860f30a9,False
2026-10-01T00:44:16Z,FOOTBALL_PROBE_V1,americanfootball_nfl,oddsapi/hist_events,/historical/sports/americanfootball_nfl/events,,2021-11-16T06:00:00Z,2021-11-16T05:55:00Z,2021-11-16T05:45:00Z,2021-11-16T06:05:00Z,,,15,1,1,4998517,200,84fcae5cc37e7e1a2865fa79f4b4ac7f619af44c4515945309b76706db61a66a,fe23ef66de7732ced891,False
2026-10-01T00:44:17Z,FOOTBALL_PROBE_V1,americanfootball_nfl,oddsapi/hist_events,/historical/sports/americanfootball_nfl/events,,2021-11-18T06:00:00Z,2021-11-18T05:55:00Z,2021-11-18T05:45:00Z,2021-11-18T06:05:00Z,,,15,1,1,4998516,200,b9a48c9316bec733fbd48739423727767df06a3140afef7d90c0daf5fb97fa45,5a41f1ea70f0e6687576,False
2026-10-01T00:44:17Z,FOOTBALL_PROBE_V1,americanfootball_nfl,oddsapi/hist_events,/historical/sports/americanfootball_nfl/events,,2021-11-20T06:00:00Z,2021-11-20T05:55:00Z,2021-11-20T05:45:00Z,2021-11-20T06:05:00Z,,,17,1,1,4998515,200,e70fa0157a8f2d6019678e12599849ea1048158862e04248be59df37eec051e8,8c509a9b99588f6a5b6d,False
2026-10-01T00:44:18Z,FOOTBALL_PROBE_V1,americanfootball_nfl,oddsapi/hist_events,/historical/sports/americanfootball_nfl/events,,2021-11-22T06:00:00Z,2021-11-22T05:55:00Z,2021-11-22T05:45:00Z,2021-11-22T06:05:00Z,,,14,1,1,4998514,200,3528e85b6ad3a1636ebd6c12341cdd3d5f78e5c086bd6db14264920a4fb0a332,ae9520d80706b3f94266,False
2026-10-01T00:44:18Z,FOOTBALL_PROBE_V1,americanfootball_nfl,oddsapi/hist_events,/historical/sports/americanfootball_nfl/events,,2021-11-24T06:00:00Z,2021-11-24T05:55:00Z,2021-11-24T05:45:00Z,2021-11-24T06:05:00Z,,,15,1,1,4998513,200,e8d05fd8d1f4a3c3d9d383bd0a75d232141d72b4f23aa07c545f3c90af352ac4,314eda29eacc934cd882,False
2026-10-01T00:44:19Z,FOOTBALL_PROBE_V1,americanfootball_nfl,oddsapi/hist_events,/historical/sports/americanfootball_nfl/events,,2021-11-26T06:00:00Z,2021-11-26T05:55:00Z,2021-11-26T05:45:00Z,2021-11-26T06:05:00Z,,,12,1,1,4998512,200,dc8dfb5f8e15f3e73f41528f0b4a184ff213a5c958ac914c3e39bd270e87773f,258f9fcdecf0814017ac,False
2026-10-01T00:44:19Z,FOOTBALL_PROBE_V1,americanfootball_nfl,oddsapi/hist_events,/historical/sports/americanfootball_nfl/events,,2021-11-28T06:00:00Z,2021-11-28T05:55:00Z,2021-11-28T05:45:00Z,2021-11-28T06:05:00Z,,,12,1,1,4998511,200,ef9c53142e0399cf980a5ca629fc3ca1083b50b9fb484972a886e8b0db7fbaf4,04573a692eb3e16adaac,False
2026-10-01T00:44:20Z,FOOTBALL_PROBE_V1,americanfootball_nfl,oddsapi/hist_events,/historical/sports/americanfootball_nfl/events,,2021-11-30T06:00:00Z,2021-11-30T05:55:00Z,2021-11-30T05:45:00Z,2021-11-30T06:05:00Z,,,12,1,1,4998510,200,cb3f10868621c18479c0a5b196d823970f2c56e2bc0a72fa68dcb39687aec3a5,84d7e3a5d27988a2be4f,False
2026-10-01T00:44:20Z,FOOTBALL_PROBE_V1,americanfootball_nfl,oddsapi/hist_events,/historical/sports/americanfootball_nfl/events,,2021-12-02T06:00:00Z,2021-12-02T05:55:00Z,2021-12-02T05:45:00Z,2021-12-02T06:05:00Z,,,14,1,1,4998509,200,5ce8fa4550f2cbd36982cf22e3d9a64336f881b152098bce5077efa07df53459,99ff0f090a5377df5312,False
2026-10-01T00:44:21Z,FOOTBALL_PROBE_V1,americanfootball_nfl,oddsapi/hist_events,/historical/sports/americanfootball_nfl/events,,2021-12-04T06:00:00Z,2021-12-04T05:55:00Z,2021-12-04T05:45:00Z,2021-12-04T06:05:00Z,,,13,1,1,4998508,200,cb4cb833b7b128840deaad523853b929c2a22facb8de44ad3c90ba3b5ad5ac36,7a095bae2a94e2a68246,False
2026-10-01T00:44:21Z,FOOTBALL_PROBE_V1,americanfootball_nfl,oddsapi/hist_events,/historical/sports/americanfootball_nfl/events,,2021-12-06T06:00:00Z,2021-12-06T05:55:00Z,2021-12-06T05:45:00Z,2021-12-06T06:05:00Z,,,12,1,1,4998507,200,652d5f4514dd5cbd183d582e3ca59af542080ba80f0fd389a428193fe57b4c4e,59aa23962725a4c70a62,False
2026-10-01T00:44:22Z,FOOTBALL_PROBE_V1,americanfootball_nfl,oddsapi/hist_events,/historical/sports/americanfootball_nfl/events,,2021-12-08T06:00:00Z,2021-12-08T05:55:00Z,2021-12-08T05:45:00Z,2021-12-08T06:05:00Z,,,14,1,1,4998506,200,28ce801b7a633130f714f6614293fb3a18b8db58d90a5ff40f7bb428664e8667,da1348fcbd72cd8b79cd,False
2026-10-01T00:44:22Z,FOOTBALL_PROBE_V1,americanfootball_nfl,oddsapi/hist_events,/historical/sports/americanfootball_nfl/events,,2021-12-10T06:00:00Z,2021-12-10T05:55:00Z,2021-12-10T05:45:00Z,2021-12-10T06:05:00Z,,,13,1,1,4998505,200,0aa079af4c57fc0f44cdd8cc72aea5ef94896b5c70ea6c9ab046cdfb22c23e31,5a4ad62eb0b8cad57b21,False
2026-10-01T00:44:23Z,FOOTBALL_PROBE_V1,americanfootball_nfl,oddsapi/hist_events,/historical/sports/americanfootball_nfl/events,,2021-12-12T06:00:00Z,2021-12-12T05:55:00Z,2021-12-12T05:45:00Z,2021-12-12T06:05:00Z,,,13,1,1,4998504,200,246b8ef2a1c8c22733e69d99bcba6ad636e9835d1f694ab9d6d930ae3a13b7b9,0bfb29f92a4bec14ad7b,False
2026-10-01T00:44:23Z,FOOTBALL_PROBE_V1,americanfootball_nfl,oddsapi/hist_events,/historical/sports/americanfootball_nfl/events,,2021-12-14T06:00:00Z,2021-12-14T05:55:00Z,2021-12-14T05:45:00Z,2021-12-14T06:05:00Z,,,16,1,1,4998503,200,8fe6a64c725cb1cb3c0d03173b02d48277e5d73348230e1a11dd056ee9d5af17,9206409d08618236d8a2,False
2026-10-01T00:44:24Z,FOOTBALL_PROBE_V1,americanfootball_nfl,oddsapi/hist_events,/historical/sports/americanfootball_nfl/events,,2021-12-16T06:00:00Z,2021-12-16T05:55:00Z,2021-12-16T05:45:00Z,2021-12-16T06:05:00Z,,,16,1,1,4998502,200,fd24d2d42f99c2e83142688f5407d89cab274e84d75ab67bf019090ae0f555fe,3c9c300738e59c5e01b5,False
2026-10-01T00:44:24Z,FOOTBALL_PROBE_V1,americanfootball_nfl,oddsapi/hist_events,/historical/sports/americanfootball_nfl/events,,2021-12-18T06:00:00Z,2021-12-18T05:55:00Z,2021-12-18T05:45:00Z,2021-12-18T06:05:00Z,,,15,1,1,4998501,200,17646d8458a010fe415a116bac89639b9508043f2f5a4271abaf151e8d4247eb,f43e31d4faacf8c41a55,False
2026-10-01T00:44:25Z,FOOTBALL_PROBE_V1,americanfootball_nfl,oddsapi/hist_events,/historical/sports/americanfootball_nfl/events,,2021-12-20T06:00:00Z,2021-12-20T05:55:00Z,2021-12-20T05:45:00Z,2021-12-20T06:05:00Z,,,18,1,1,4998500,200,a6f42c1b8a83a087d0fa5779252a1bf922635673b7868a299616e1923e1e6f70,f862fb018133e23ed4bc,False
2026-10-01T00:44:26Z,FOOTBALL_PROBE_V1,americanfootball_nfl,oddsapi/hist_events,/historical/sports/americanfootball_nfl/events,,2021-12-22T06:00:00Z,2021-12-22T05:55:00Z,2021-12-22T05:45:00Z,2021-12-22T06:05:00Z,,,10,1,1,4998499,200,144b8d145b763af0f7c015451a5170e9fafb29ef8696ff72b63e35a00fc40db9,9431878f4d4afb97e899,False
2026-10-01T00:44:26Z,FOOTBALL_PROBE_V1,americanfootball_nfl,oddsapi/hist_events,/historical/sports/americanfootball_nfl/events,,2021-12-24T06:00:00Z,2021-12-24T05:55:00Z,2021-12-24T05:45:00Z,2021-12-24T06:05:00Z,,,15,1,1,4998498,200,8a7e44e8aab711df096457336651339615060f36011762cc361ab5d4b40a1c51,7e23c883fc7e2e0a9f5f,False
2026-10-01T00:44:26Z,FOOTBALL_PROBE_V1,americanfootball_nfl,oddsapi/hist_events,/historical/sports/americanfootball_nfl/events,,2021-12-26T06:00:00Z,2021-12-26T05:55:00Z,2021-12-26T05:45:00Z,2021-12-26T06:05:00Z,,,13,1,1,4998497,200,177a34cff87d1a179362b381d7246af687cc37cd8dfb2c799d7284d8f91a7c15,0a2c251ae3089a988150,False
2026-10-01T00:44:27Z,FOOTBALL_PROBE_V1,americanfootball_nfl,oddsapi/hist_events,/historical/sports/americanfootball_nfl/events,,2021-12-28T06:00:00Z,2021-12-28T05:55:00Z,2021-12-28T05:45:00Z,2021-12-28T06:05:00Z,,,14,1,1,4998496,200,99a4b42eed6459c63f7e18835d109afddda416f66f49848c92748e55e1cdca80,30b65168bd2e3422e3eb,False
2026-10-01T00:44:28Z,FOOTBALL_PROBE_V1,americanfootball_nfl,oddsapi/hist_events,/historical/sports/americanfootball_nfl/events,,2021-12-30T06:00:00Z,2021-12-30T05:55:00Z,2021-12-30T05:45:00Z,2021-12-30T06:05:00Z,,,16,1,1,4998495,200,b47b541b9e92d101b6e37b5add45594dd11f68b6f3af70b7bcdf0b435efe9f4f,81f504902e780d0fa788,False
2026-10-01T00:44:28Z,FOOTBALL_PROBE_V1,americanfootball_nfl,oddsapi/hist_events,/historical/sports/americanfootball_nfl/events,,2022-01-01T06:00:00Z,2022-01-01T05:55:00Z,2022-01-01T05:45:00Z,2022-01-01T06:05:00Z,,,16,1,1,4998494,200,196153d9fbb1a8a2580d26dfa18ace5f0e16bcf3a15d88aaed40e8006fc9d415,32bf6e076d2418ef5bc4,False
2026-10-01T00:44:29Z,FOOTBALL_PROBE_V1,americanfootball_nfl,oddsapi/hist_events,/historical/sports/americanfootball_nfl/events,,2022-01-03T06:00:00Z,2022-01-03T05:55:00Z,2022-01-03T05:45:00Z,2022-01-03T06:05:00Z,,,10,1,1,4998493,200,a179ad59950668d032575ddcc15bd9ecd3ea40ab1eb4f5241009990893b98543,d4b793ff8c0045392be6,False
2026-10-01T00:44:29Z,FOOTBALL_PROBE_V1,americanfootball_nfl,oddsapi/hist_events,/historical/sports/americanfootball_nfl/events,,2022-01-05T06:00:00Z,2022-01-05T05:55:00Z,2022-01-05T05:45:00Z,2022-01-05T06:05:00Z,,,16,1,1,4998492,200,3e76c14ea388a4b597ce80381a3d78238b5d78bbefa1297332eb266f7edf3ddc,1ca91c96cf76b7abf835,False
2026-10-01T00:44:30Z,FOOTBALL_PROBE_V1,americanfootball_nfl,oddsapi/hist_events,/historical/sports/americanfootball_nfl/events,,2022-01-07T06:00:00Z,2022-01-07T05:55:00Z,2022-01-07T05:45:00Z,2022-01-07T06:05:00Z,,,16,1,1,4998491,200,79797db202bc2344afb55bbc9db797e24b600dfb6452a3ce10515b8415bdc956,9d17235fe992c7e1f962,False
2026-10-01T00:44:30Z,FOOTBALL_PROBE_V1,americanfootball_nfl,oddsapi/hist_events,/historical/sports/americanfootball_nfl/events,,2022-01-09T06:00:00Z,2022-01-09T05:55:00Z,2022-01-09T05:45:00Z,2022-01-09T06:05:00Z,,,14,1,1,4998490,200,e842331bb2cb8b402a4983c3fe12ebf00daa13eef9226b05ba148e39cbc2f202,4e57d26c6fa9563c08d9,False
2026-10-01T00:44:31Z,FOOTBALL_PROBE_V1,americanfootball_nfl,oddsapi/hist_events,/historical/sports/americanfootball_nfl/events,,2022-01-11T06:00:00Z,2022-01-11T05:55:00Z,2022-01-11T05:45:00Z,2022-01-11T06:05:00Z,,,6,1,1,4998489,200,f26ebd577b6bdc2501cbdf6a539c6c5e149f7474d6d25cda2ee7b71f578b3504,96b46a2c591d2bf43711,False
2026-10-01T00:44:31Z,FOOTBALL_PROBE_V1,americanfootball_nfl,oddsapi/hist_events,/historical/sports/americanfootball_nfl/events,,2022-01-13T06:00:00Z,2022-01-13T05:55:00Z,2022-01-13T05:45:00Z,2022-01-13T06:05:00Z,,,6,1,1,4998488,200,ce22f11bd497b27311f104e6d39f43a95047783e843f98b5781cf633fc4b4b04,36e04a1e2e9a9ff521bb,False
2026-10-01T00:44:32Z,FOOTBALL_PROBE_V1,americanfootball_nfl,oddsapi/hist_events,/historical/sports/americanfootball_nfl/events,,2022-01-15T06:00:00Z,2022-01-15T05:55:00Z,2022-01-15T05:45:00Z,2022-01-15T06:05:00Z,,,6,1,1,4998487,200,04452c816089a632fe878f15f3f837a7a1d84644c64e66dafd2aad666a1ab897,4c5891c2995d57a4e48c,False
2026-10-01T00:44:32Z,FOOTBALL_PROBE_V1,americanfootball_nfl,oddsapi/hist_events,/historical/sports/americanfootball_nfl/events,,2022-01-17T06:00:00Z,2022-01-17T05:55:00Z,2022-01-17T05:45:00Z,2022-01-17T06:05:00Z,,,4,1,1,4998486,200,ce8146048985342c78206576c2e56d9456cfebd7a94e06fe1646390a0c02de80,18df5617c018100c5e8f,False
2026-10-01T00:44:32Z,FOOTBALL_PROBE_V1,americanfootball_nfl,oddsapi/hist_events,/historical/sports/americanfootball_nfl/events,,2022-01-19T06:00:00Z,2022-01-19T05:55:00Z,2022-01-19T05:45:00Z,2022-01-19T06:05:00Z,,,4,1,1,4998485,200,85b92057db97d212dad748cbb658d646c4deb60301fb685bd258301d6506a7b7,acfd5d179be1012671b0,False
2026-10-01T00:44:33Z,FOOTBALL_PROBE_V1,americanfootball_nfl,oddsapi/hist_events,/historical/sports/americanfootball_nfl/events,,2022-01-21T06:00:00Z,2022-01-21T05:55:00Z,2022-01-21T05:45:00Z,2022-01-21T06:05:00Z,,,4,1,1,4998484,200,adf06bba7efde874a57da9120d0b7ff95239ff41562eb5a7556b6084011b7055,1ed54d333fee8f079584,False
2026-10-01T00:44:33Z,FOOTBALL_PROBE_V1,americanfootball_nfl,oddsapi/hist_events,/historical/sports/americanfootball_nfl/events,,2022-01-23T06:00:00Z,2022-01-23T05:55:00Z,2022-01-23T05:45:00Z,2022-01-23T06:05:00Z,,,2,1,1,4998483,200,db1da4ea18f65df285d0170d5f3eeee57832f978ae8cb2046e14346152c5766e,a323df7157f705556394,False
2026-10-01T00:44:34Z,FOOTBALL_PROBE_V1,americanfootball_nfl,oddsapi/hist_events,/historical/sports/americanfootball_nfl/events,,2022-01-25T06:00:00Z,2022-01-25T05:55:00Z,2022-01-25T05:45:00Z,2022-01-25T06:05:00Z,,,2,1,1,4998482,200,f51ee68b6a0347fa800fb65bc639f8b38f8eb3960872694a473b66647a536ad3,d5836c1e86a830dc98e2,False
2026-10-01T00:44:34Z,FOOTBALL_PROBE_V1,americanfootball_nfl,oddsapi/hist_events,/historical/sports/americanfootball_nfl/events,,2022-01-27T06:00:00Z,2022-01-27T05:55:00Z,2022-01-27T05:45:00Z,2022-01-27T06:05:00Z,,,2,1,1,4998481,200,e8785668796d4bab1c27db9d6f5f61b4738a44847109f5220447b9fd68aa2321,69ce9807c5fdad47eb7e,False
2026-10-01T00:44:35Z,FOOTBALL_PROBE_V1,americanfootball_nfl,oddsapi/hist_events,/historical/sports/americanfootball_nfl/events,,2022-01-29T06:00:00Z,2022-01-29T05:55:00Z,2022-01-29T05:45:00Z,2022-01-29T06:05:00Z,,,6,1,1,4998480,200,5c3cfd37aa147a2300af18d6a2cbc7dbc98f0390dca0964bca5953b677e380bb,5792a44408b496f8fdf8,False
2026-10-01T00:44:35Z,FOOTBALL_PROBE_V1,americanfootball_nfl,oddsapi/hist_events,/historical/sports/americanfootball_nfl/events,,2022-01-31T06:00:00Z,2022-01-31T05:55:00Z,2022-01-31T05:45:00Z,2022-01-31T06:05:00Z,,,1,1,1,4998479,200,e442dbec5ad4e47fab5579ff602ab27e0c3dcdd875f45f176bbc2c6311d01044,18b15bb8319ae3229942,False
2026-10-01T00:44:36Z,FOOTBALL_PROBE_V1,americanfootball_nfl,oddsapi/hist_events,/historical/sports/americanfootball_nfl/events,,2022-02-02T06:00:00Z,2022-02-02T05:55:00Z,2022-02-02T05:45:00Z,2022-02-02T06:05:00Z,,,1,1,1,4998478,200,997671a2b20d54261fd7b3c3789470f9d04c4c1b6f36e05bcb5fb79f4b46ee9f,407d9d2d47f5707a7810,False
2026-10-01T00:44:36Z,FOOTBALL_PROBE_V1,americanfootball_nfl,oddsapi/hist_events,/historical/sports/americanfootball_nfl/events,,2022-02-04T06:00:00Z,2022-02-04T05:55:00Z,2022-02-04T05:45:00Z,2022-02-04T06:05:00Z,,,1,1,1,4998477,200,bab46b7131c5f3ea97f8333778c6cfcb474685be1345e720a7228b978e991f3e,fb709575c19dfc1c7d12,False
2026-10-01T00:44:37Z,FOOTBALL_PROBE_V1,americanfootball_nfl,oddsapi/hist_events,/historical/sports/americanfootball_nfl/events,,2022-02-06T06:00:00Z,2022-02-06T05:55:00Z,2022-02-06T05:45:00Z,2022-02-06T06:05:00Z,,,1,1,1,4998476,200,10640bd46f66b61bbf5f35687c487ba9108110df87ace25442631d6b765184d4,77019a602c8a3c1a114e,False
2026-10-01T00:44:37Z,FOOTBALL_PROBE_V1,americanfootball_nfl,oddsapi/hist_events,/historical/sports/americanfootball_nfl/events,,2022-02-08T06:00:00Z,2022-02-08T05:55:00Z,2022-02-08T05:45:00Z,2022-02-08T06:05:00Z,,,1,1,1,4998475,200,069217524b20b4b5dd8c2e8a777eeea18ed8da0c966cf6c9acf8edffc7965205,72d2a4d781337a4e4f2e,False
2026-10-01T00:44:37Z,FOOTBALL_PROBE_V1,americanfootball_nfl,oddsapi/hist_events,/historical/sports/americanfootball_nfl/events,,2022-02-10T06:00:00Z,2022-02-10T05:55:00Z,2022-02-10T05:45:00Z,2022-02-10T06:05:00Z,,,1,1,1,4998474,200,ee462e69c4c2a2f56f5fa9bedb63966b56bbb5ef1bbe822c812916ddbdf9eac7,feb5d422ac9266d887b3,False
2026-10-01T00:44:38Z,FOOTBALL_PROBE_V1,americanfootball_nfl,oddsapi/hist_events,/historical/sports/americanfootball_nfl/events,,2022-02-12T06:00:00Z,2022-02-12T05:55:00Z,2022-02-12T05:45:00Z,2022-02-12T06:05:00Z,,,1,1,1,4998473,200,c18de23ce9674ebba1fe68c24ec9410e56b4f85e4c7df4c4967d944abe7706b7,ffae19c26cef18872460,False
2026-10-01T00:44:38Z,FOOTBALL_PROBE_V1,americanfootball_nfl,oddsapi/hist_events,/historical/sports/americanfootball_nfl/events,,2022-02-14T06:00:00Z,2022-02-14T03:05:00Z,2022-02-14T02:55:00Z,2022-05-05T14:55:00Z,,,1,1,1,4998472,200,290bcfad944dec1c903f61c87d0576470949119675da0f00af78833119711e7f,0e68351c530b2cb00266,False
2026-10-01T00:44:38Z,FOOTBALL_PROBE_V1,americanfootball_nfl,oddsapi/hist_events,/historical/sports/americanfootball_nfl/events,,2022-02-16T06:00:00Z,2022-02-14T03:05:00Z,2022-02-14T02:55:00Z,2022-05-05T14:55:00Z,,,1,1,1,4998471,200,290bcfad944dec1c903f61c87d0576470949119675da0f00af78833119711e7f,600bc53136f01a4c73a7,False
2026-10-01T00:44:39Z,FOOTBALL_PROBE_V1,americanfootball_nfl,oddsapi/hist_events,/historical/sports/americanfootball_nfl/events,,2022-02-18T06:00:00Z,2022-02-14T03:05:00Z,2022-02-14T02:55:00Z,2022-05-05T14:55:00Z,,,1,1,1,4998470,200,290bcfad944dec1c903f61c87d0576470949119675da0f00af78833119711e7f,0b4c3637b35f1d0f0dd1,False
2026-10-01T00:44:39Z,FOOTBALL_PROBE_V1,americanfootball_nfl,oddsapi/hist_events,/historical/sports/americanfootball_nfl/events,,2022-02-20T06:00:00Z,2022-02-14T03:05:00Z,2022-02-14T02:55:00Z,2022-05-05T14:55:00Z,,,1,1,1,4998469,200,290bcfad944dec1c903f61c87d0576470949119675da0f00af78833119711e7f,842fc0a91f7192d16822,False
2026-10-01T00:44:40Z,FOOTBALL_PROBE_V1,americanfootball_ncaaf,oddsapi/hist_events,/historical/sports/americanfootball_ncaaf/events,,2020-08-25T06:00:00Z,2020-08-25T05:55:00Z,2020-08-25T05:45:00Z,2020-08-25T06:05:00Z,,,9,1,1,4998468,200,f860ac365984f96f2e7fbc6a6c49857022f8ce40ec50effb4593ca2c8d46f55f,4bb5127c9de3efc223a0,False
2026-10-01T00:44:40Z,FOOTBALL_PROBE_V1,americanfootball_ncaaf,oddsapi/hist_events,/historical/sports/americanfootball_ncaaf/events,,2020-08-27T06:00:00Z,2020-08-27T05:55:00Z,2020-08-27T05:45:00Z,2020-08-27T06:05:00Z,,,10,1,1,4998467,200,881d81acba0c616fe2f17982f0c6b0364a89e1b60b4241cc1b31c633e54812e7,b54d130d4c21e0a1c645,False
2026-10-01T00:44:40Z,FOOTBALL_PROBE_V1,americanfootball_ncaaf,oddsapi/hist_events,/historical/sports/americanfootball_ncaaf/events,,2020-08-29T06:00:00Z,2020-08-29T05:55:00Z,2020-08-29T05:45:00Z,2020-08-29T06:05:00Z,,,11,1,1,4998466,200,bbf384e9bc9d6036398bdf607f3c61de9b821aab1f9bdae7b8f36852b43a809e,7ab4cf63aa9de369423b,False
2026-10-01T00:44:41Z,FOOTBALL_PROBE_V1,americanfootball_ncaaf,oddsapi/hist_events,/historical/sports/americanfootball_ncaaf/events,,2020-08-31T06:00:00Z,2020-08-31T05:55:00Z,2020-08-31T05:45:00Z,2020-08-31T06:05:00Z,,,13,1,1,4998465,200,494b358580a97bca85efaf7309ae94bfd93497c55895e231ccf88f08482f5c50,f1d23823e4fb01e91ff3,False
2026-10-01T00:44:41Z,FOOTBALL_PROBE_V1,americanfootball_ncaaf,oddsapi/hist_events,/historical/sports/americanfootball_ncaaf/events,,2020-09-02T06:00:00Z,2020-09-02T05:55:00Z,2020-09-02T05:45:00Z,2020-09-02T06:05:00Z,,,25,1,1,4998464,200,62c62d7e0cab4db6325450e6dd8acae85bbc74ab9082166e916a7ae2653e3664,a68bb589a71c06103973,False
2026-10-01T00:44:42Z,FOOTBALL_PROBE_V1,americanfootball_ncaaf,oddsapi/hist_events,/historical/sports/americanfootball_ncaaf/events,,2020-09-04T06:00:00Z,2020-09-04T05:55:00Z,2020-09-04T05:45:00Z,2020-09-04T06:05:00Z,,,24,1,1,4998463,200,d78bc573fd604057ca1a66776b1028a1cbd12daa167d180f9b53e63f04195b2c,1d53deb6ebb06f0350e4,False
2026-10-01T00:44:42Z,FOOTBALL_PROBE_V1,americanfootball_ncaaf,oddsapi/hist_events,/historical/sports/americanfootball_ncaaf/events,,2020-09-06T06:00:00Z,2020-09-06T05:55:00Z,2020-09-06T05:45:00Z,2020-09-06T06:05:00Z,,,21,1,1,4998462,200,53f0f77a678aa77b1441cf66ad620ac013dd15972324ec70a60f106cec83a46f,c3ed196a6b13116c4cff,False
2026-10-01T00:44:43Z,FOOTBALL_PROBE_V1,americanfootball_ncaaf,oddsapi/hist_events,/historical/sports/americanfootball_ncaaf/events,,2020-09-08T06:00:00Z,2020-09-08T05:55:00Z,2020-09-08T05:45:00Z,2020-09-08T06:05:00Z,,,23,1,1,4998461,200,d871153b327f16a43d1e764031d164c6a4cc3bd79b4a15f56f612f8842e8700f,6d51d5ebfbc40e57d84b,False
2026-10-01T00:44:43Z,FOOTBALL_PROBE_V1,americanfootball_ncaaf,oddsapi/hist_events,/historical/sports/americanfootball_ncaaf/events,,2020-09-10T06:00:00Z,2020-09-10T05:55:00Z,2020-09-10T05:45:00Z,2020-09-10T06:05:00Z,,,23,1,1,4998460,200,076c9e2e2a6bc4708d258a100a25529d4098fcccd413f74db4e62a045e7d8d4a,1300e607061c62a5f1af,False
2026-10-01T00:44:44Z,FOOTBALL_PROBE_V1,americanfootball_ncaaf,oddsapi/hist_events,/historical/sports/americanfootball_ncaaf/events,,2020-09-12T06:00:00Z,2020-09-12T05:55:00Z,2020-09-12T05:45:00Z,2020-09-12T06:05:00Z,,,22,1,1,4998459,200,17ffbc4ee4542677514752ec41d4f972b84a0d754d364063e8e7c6309c44aea7,6565f18b1c23e3c713bf,False
2026-10-01T00:44:44Z,FOOTBALL_PROBE_V1,americanfootball_ncaaf,oddsapi/hist_events,/historical/sports/americanfootball_ncaaf/events,,2020-09-14T06:00:00Z,2020-09-14T05:55:00Z,2020-09-14T05:45:00Z,2020-09-14T06:05:00Z,,,25,1,1,4998458,200,cd33bfcc539395f06f7bb3b3a261df3aece761c65d7e2d359c787fd3c3ed61d5,b64e60141dc722db29d6,False
2026-10-01T00:44:44Z,FOOTBALL_PROBE_V1,americanfootball_ncaaf,oddsapi/hist_events,/historical/sports/americanfootball_ncaaf/events,,2020-09-16T06:00:00Z,2020-09-16T05:55:00Z,2020-09-16T05:45:00Z,2020-09-16T06:05:00Z,,,25,1,1,4998457,200,63418f120375b1afd6410ce8125ccf404c5792f6ecf91c5412347676d19080b2,9bbfe71737743a9b496a,False
2026-10-01T00:44:45Z,FOOTBALL_PROBE_V1,americanfootball_ncaaf,oddsapi/hist_events,/historical/sports/americanfootball_ncaaf/events,,2020-09-18T06:00:00Z,2020-09-18T05:55:00Z,2020-09-18T05:45:00Z,2020-09-18T06:05:00Z,,,25,1,1,4998456,200,f850b4602ceffe5a96f782ed61b7b369524db2b80d1e308317f51c500c0d2325,9b3604b55e3d03a59f78,False
2026-10-01T00:44:46Z,FOOTBALL_PROBE_V1,americanfootball_ncaaf,oddsapi/hist_events,/historical/sports/americanfootball_ncaaf/events,,2020-09-20T06:00:00Z,2020-09-20T05:55:00Z,2020-09-20T05:45:00Z,2020-09-20T06:05:00Z,,,9,1,1,4998455,200,b86c252f66fedf2e81c1a73d81fc9935b31652d19ab6343e6bdcecfbc6c17606,04a30aa400f0787bb2ba,False
2026-10-01T00:44:46Z,FOOTBALL_PROBE_V1,americanfootball_ncaaf,oddsapi/hist_events,/historical/sports/americanfootball_ncaaf/events,,2020-09-22T06:00:00Z,2020-09-22T05:55:00Z,2020-09-22T05:45:00Z,2020-09-22T06:05:00Z,,,34,1,1,4998454,200,e70ba9df107e07c18b92c51ee65dc22f0e7a2f36fd0b27f3531be1c1242b98b0,b63d4f23555abed6e272,False
2026-10-01T00:44:47Z,FOOTBALL_PROBE_V1,americanfootball_ncaaf,oddsapi/hist_events,/historical/sports/americanfootball_ncaaf/events,,2020-09-24T06:00:00Z,2020-09-24T05:55:00Z,2020-09-24T05:45:00Z,2020-09-24T06:05:00Z,,,30,1,1,4998453,200,12cb62e001ca9a533242180b5308dd3ef690255a3eabc2805d5106ccec4556aa,b00f2cbd7218da9dd204,False
2026-10-01T00:44:47Z,FOOTBALL_PROBE_V1,americanfootball_ncaaf,oddsapi/hist_events,/historical/sports/americanfootball_ncaaf/events,,2020-09-26T06:00:00Z,2020-09-26T05:55:00Z,2020-09-26T05:45:00Z,2020-09-26T06:05:00Z,,,27,1,1,4998452,200,364bfec069e8b0b29ede2f65f601f3af2e09e0b35b9c283e1b400a0c45fa5127,af120a4fad5691970939,False
2026-10-01T00:44:48Z,FOOTBALL_PROBE_V1,americanfootball_ncaaf,oddsapi/hist_events,/historical/sports/americanfootball_ncaaf/events,,2020-09-28T06:00:00Z,2020-09-28T05:55:00Z,2020-09-28T05:45:00Z,2020-09-28T06:05:00Z,,,32,1,1,4998451,200,7897d1ebdf9eab582be30ea3c19d3dbab646cdf9a47116692aa7ffc45a0fab3d,0dddd43d3f22861cfd2f,False
2026-10-01T00:44:48Z,FOOTBALL_PROBE_V1,americanfootball_ncaaf,oddsapi/hist_events,/historical/sports/americanfootball_ncaaf/events,,2020-09-30T06:00:00Z,2020-09-30T05:55:00Z,2020-09-30T05:45:00Z,2020-09-30T06:05:00Z,,,30,1,1,4998450,200,471b3114a13073b45f318a80209ed4aa51f05b248bdea89db88736bb82ce744f,99c7d11344563cc4ec56,False
2026-10-01T00:44:49Z,FOOTBALL_PROBE_V1,americanfootball_ncaaf,oddsapi/hist_events,/historical/sports/americanfootball_ncaaf/events,,2020-10-02T06:00:00Z,2020-10-02T05:55:00Z,2020-10-02T05:45:00Z,2020-10-02T06:05:00Z,,,30,1,1,4998449,200,f24a9d6ce9c219e8d87b608f304f0aa226ee24912ffd80c5f10eb0f17c0bf735,88a723b9a82fa53053b4,False
2026-10-01T00:44:49Z,FOOTBALL_PROBE_V1,americanfootball_ncaaf,oddsapi/hist_events,/historical/sports/americanfootball_ncaaf/events,,2020-10-04T06:00:00Z,2020-10-04T05:55:00Z,2020-10-04T05:45:00Z,2020-10-04T06:05:00Z,,,2,1,1,4998448,200,71c6407a78db45c9ef08d529de5e3519fc959b447d0d452f4135e47c21e217fd,43845007bb30b838d4eb,False
2026-10-01T00:44:50Z,FOOTBALL_PROBE_V1,americanfootball_ncaaf,oddsapi/hist_events,/historical/sports/americanfootball_ncaaf/events,,2020-10-06T06:00:00Z,2020-10-06T05:55:00Z,2020-10-06T05:45:00Z,2020-10-06T06:05:00Z,,,31,1,1,4998447,200,4ba5adf706a050f0bd6cca0eaaec914a5558d69a3259be6bb705a0caf84e3ca6,542866d6f104ede38bd1,False
2026-10-01T00:44:50Z,FOOTBALL_PROBE_V1,americanfootball_ncaaf,oddsapi/hist_events,/historical/sports/americanfootball_ncaaf/events,,2020-10-08T06:00:00Z,2020-10-08T05:55:00Z,2020-10-08T05:45:00Z,2020-10-08T06:05:00Z,,,30,1,1,4998446,200,180c4b4cf42329d64dfbac64414cfd1b60fbe71059ad9949d3d2d2f3aa98b914,42c4bc4f1995b8320e43,False
2026-10-01T00:44:51Z,FOOTBALL_PROBE_V1,americanfootball_ncaaf,oddsapi/hist_events,/historical/sports/americanfootball_ncaaf/events,,2020-10-10T06:00:00Z,2020-10-10T05:55:00Z,2020-10-10T05:45:00Z,2020-10-10T06:05:00Z,,,27,1,1,4998445,200,fe4b467545cd5b22d3a969f3852ed43b0111d852241eef4f1e25b3c1dac617b4,84a29c14a0c0127c36f0,False
2026-10-01T00:44:51Z,FOOTBALL_PROBE_V1,americanfootball_ncaaf,oddsapi/hist_events,/historical/sports/americanfootball_ncaaf/events,,2020-10-12T06:00:00Z,2020-10-12T05:55:00Z,2020-10-12T05:45:00Z,2020-10-12T06:05:00Z,,,34,1,1,4998444,200,b0cc4eedb043a6180067e911635b395f09b64eb765e80c0dc00e8ea303116472,bdc955930087b12e619c,False
2026-10-01T00:44:52Z,FOOTBALL_PROBE_V1,americanfootball_ncaaf,oddsapi/hist_events,/historical/sports/americanfootball_ncaaf/events,,2020-10-14T06:00:00Z,2020-10-14T05:55:00Z,2020-10-14T05:45:00Z,2020-10-14T06:05:00Z,,,31,1,1,4998443,200,d56577df32374c06ace8dcfe311affad283155f7892ecf5ba3699bf8e6c2cfab,51014bfe0f1e583e2691,False
2026-10-01T00:44:52Z,FOOTBALL_PROBE_V1,americanfootball_ncaaf,oddsapi/hist_events,/historical/sports/americanfootball_ncaaf/events,,2020-10-16T06:00:00Z,2020-10-16T05:55:00Z,2020-10-16T05:45:00Z,2020-10-16T06:05:00Z,,,28,1,1,4998442,200,acc09cd935b13c32f59d789e0f11b5f4e129790aed9fc09af0889dac561cace6,844d22c4f2677bf94aa7,False
2026-10-01T00:44:53Z,FOOTBALL_PROBE_V1,americanfootball_ncaaf,oddsapi/hist_events,/historical/sports/americanfootball_ncaaf/events,,2020-10-18T06:00:00Z,2020-10-18T05:55:00Z,2020-10-18T05:45:00Z,2020-10-18T06:05:00Z,,,13,1,1,4998441,200,cfd6087de91e6a64edc5169fc5682319b8e04991a422e754cffdddad48f12eee,c316ed2cbe52b407907e,False
2026-10-01T00:44:53Z,FOOTBALL_PROBE_V1,americanfootball_ncaaf,oddsapi/hist_events,/historical/sports/americanfootball_ncaaf/events,,2020-10-20T06:00:00Z,2020-10-20T05:55:00Z,2020-10-20T05:45:00Z,2020-10-20T06:05:00Z,,,52,1,1,4998440,200,5b30ed867ce5d819f3d820e46fbc7c62b10693402e664946384becff21490af8,74639e0debb030d5e1a4,False
2026-10-01T00:44:54Z,FOOTBALL_PROBE_V1,americanfootball_ncaaf,oddsapi/hist_events,/historical/sports/americanfootball_ncaaf/events,,2020-10-22T06:00:00Z,2020-10-22T05:55:00Z,2020-10-22T05:45:00Z,2020-10-22T06:05:00Z,,,51,1,1,4998439,200,94447c09c4eaa8b46ece780e1cf39a6c6a9e685f0627ce4520815b4ce31ed9d9,6692fa5ac8dbacd2d287,False
2026-10-01T00:44:54Z,FOOTBALL_PROBE_V1,americanfootball_ncaaf,oddsapi/hist_events,/historical/sports/americanfootball_ncaaf/events,,2020-10-24T06:00:00Z,2020-10-24T05:55:00Z,2020-10-24T05:45:00Z,2020-10-24T06:05:00Z,,,47,1,1,4998438,200,8d6dbd2c868a81ca30f15d124a9b1442771bc51d194721c300b29124c7a01283,0fe0040129eec06973a7,False
2026-10-01T00:44:55Z,FOOTBALL_PROBE_V1,americanfootball_ncaaf,oddsapi/hist_events,/historical/sports/americanfootball_ncaaf/events,,2020-10-26T06:00:00Z,2020-10-26T05:55:00Z,2020-10-26T05:45:00Z,2020-10-26T06:05:00Z,,,54,1,1,4998437,200,134fcf5d7ff366c1c605255b294c32443a0f64ac3bef2b8a607406e4476ac3c6,cf190081e02c9bf063b8,False
2026-10-01T00:44:56Z,FOOTBALL_PROBE_V1,americanfootball_ncaaf,oddsapi/hist_events,/historical/sports/americanfootball_ncaaf/events,,2020-10-28T06:00:00Z,2020-10-28T05:55:00Z,2020-10-28T05:45:00Z,2020-10-28T06:05:00Z,,,51,1,1,4998436,200,90ffd9428e1aa21031e28204ce37cbc5a56e8e5b15639a7df2c13c578f3b3ffc,d7405fa96358839ba3d3,False
2026-10-01T00:44:56Z,FOOTBALL_PROBE_V1,americanfootball_ncaaf,oddsapi/hist_events,/historical/sports/americanfootball_ncaaf/events,,2020-10-30T06:00:00Z,2020-10-30T05:55:00Z,2020-10-30T05:45:00Z,2020-10-30T06:05:00Z,,,48,1,1,4998435,200,652011c7199e8a9e310731b32da3a8feb6d2b73bb9dbbf0fa5988baf143be351,646b14b75837dd17888d,False
2026-10-01T00:44:57Z,FOOTBALL_PROBE_V1,americanfootball_ncaaf,oddsapi/hist_events,/historical/sports/americanfootball_ncaaf/events,,2020-11-01T06:00:00Z,2020-11-01T05:55:00Z,2020-11-01T05:45:00Z,2020-11-01T06:05:00Z,,,8,1,1,4998434,200,67d801aaf8b654207280653b1ccc33542aa9d1be21bc624a9723ff66725d40e8,48d5ef3435c4ec87022c,False
2026-10-01T00:44:57Z,FOOTBALL_PROBE_V1,americanfootball_ncaaf,oddsapi/hist_events,/historical/sports/americanfootball_ncaaf/events,,2020-11-03T06:00:00Z,2020-11-03T05:55:00Z,2020-11-03T05:45:00Z,2020-11-03T06:05:00Z,,,60,1,1,4998433,200,bfffde513834376cf61eaf422e88bf33841189d5405c6fd6ecfc09c5d3114fd7,ed93a74712695415b703,False
2026-10-01T00:44:58Z,FOOTBALL_PROBE_V1,americanfootball_ncaaf,oddsapi/hist_events,/historical/sports/americanfootball_ncaaf/events,,2020-11-05T06:00:00Z,2020-11-05T05:55:00Z,2020-11-05T05:45:00Z,2020-11-05T06:05:00Z,,,53,1,1,4998432,200,1e0cd1bf6c1ac0f5091b843a0fdc0f70d48d89f8afd3987100b7f0369d95001e,93d06f8cd549ed0bcfd2,False
2026-10-01T00:44:58Z,FOOTBALL_PROBE_V1,americanfootball_ncaaf,oddsapi/hist_events,/historical/sports/americanfootball_ncaaf/events,,2020-11-07T06:00:00Z,2020-11-07T05:55:00Z,2020-11-07T05:45:00Z,2020-11-07T06:05:00Z,,,42,1,1,4998431,200,c79e61a1845b2f11229ce8a1a1cfefa3e8c86219161559fdd55b25180c41f04a,bd822925c7307f50c4ce,False
2026-10-01T00:44:58Z,FOOTBALL_PROBE_V1,americanfootball_ncaaf,oddsapi/hist_events,/historical/sports/americanfootball_ncaaf/events,,2020-11-09T06:00:00Z,2020-11-09T05:55:00Z,2020-11-09T05:45:00Z,2020-11-09T06:05:00Z,,,56,1,1,4998430,200,5172b306f1408bfd390265edd9f5282359effec9ce5c6c2da92d6ff02154522e,eac9c21582e3d420e142,False
2026-10-01T00:44:59Z,FOOTBALL_PROBE_V1,americanfootball_ncaaf,oddsapi/hist_events,/historical/sports/americanfootball_ncaaf/events,,2020-11-11T06:00:00Z,2020-11-11T05:55:00Z,2020-11-11T05:45:00Z,2020-11-11T06:05:00Z,,,52,1,1,4998429,200,8e42200be14b0becad41d576e0428af03a1fda301fe5355c6ad46cd39bb1dae8,8b12897a839ac12c39ca,False
2026-10-01T00:44:59Z,FOOTBALL_PROBE_V1,americanfootball_ncaaf,oddsapi/hist_events,/historical/sports/americanfootball_ncaaf/events,,2020-11-13T06:00:00Z,2020-11-13T05:55:00Z,2020-11-13T05:45:00Z,2020-11-13T06:05:00Z,,,43,1,1,4998428,200,eb59a3992c1ccbc047f88b62b8635750320e3b521ac1355dc606985523cab422,6d9cdac074fb2f4d8f77,False
2026-10-01T00:45:00Z,FOOTBALL_PROBE_V1,americanfootball_ncaaf,oddsapi/hist_events,/historical/sports/americanfootball_ncaaf/events,,2020-11-15T06:00:00Z,2020-11-15T05:55:00Z,2020-11-15T05:45:00Z,2020-11-15T06:05:00Z,,,13,1,1,4998427,200,c110b864183eeacd7851cdbed4e501f89a26da9e1f12fe5c9474f16e2b3fa9a4,a62c7894e746a92e66c9,False
2026-10-01T00:45:00Z,FOOTBALL_PROBE_V1,americanfootball_ncaaf,oddsapi/hist_events,/historical/sports/americanfootball_ncaaf/events,,2020-11-17T06:00:00Z,2020-11-17T05:55:00Z,2020-11-17T05:45:00Z,2020-11-17T06:05:00Z,,,59,1,1,4998426,200,d9066648b742f9a56dd6ac6f9a2dd09cc5ff27634a04160fea1d7e37006523fe,84447ee68c6862267c48,False
2026-10-01T00:45:01Z,FOOTBALL_PROBE_V1,americanfootball_ncaaf,oddsapi/hist_events,/historical/sports/americanfootball_ncaaf/events,,2020-11-19T06:00:00Z,2020-11-19T05:55:00Z,2020-11-19T05:45:00Z,2020-11-19T06:05:00Z,,,48,1,1,4998425,200,f36965bc9f3e8fdf67bf578eebd1d8569ffd7ee685922307c6a6fc505152a3b2,fdc4a64b4c9e988c614d,False
2026-10-01T00:45:01Z,FOOTBALL_PROBE_V1,americanfootball_ncaaf,oddsapi/hist_events,/historical/sports/americanfootball_ncaaf/events,,2020-11-21T06:00:00Z,2020-11-21T05:55:00Z,2020-11-21T05:45:00Z,2020-11-21T06:05:00Z,,,40,1,1,4998424,200,24a0e3a903f23fce2e4432148b468769dfaf43b164b4de69b8107c59b640d263,77f4b5cdd91f6926b58f,False
2026-10-01T00:45:02Z,FOOTBALL_PROBE_V1,americanfootball_ncaaf,oddsapi/hist_events,/historical/sports/americanfootball_ncaaf/events,,2020-11-23T06:00:00Z,2020-11-23T05:55:00Z,2020-11-23T05:45:00Z,2020-11-23T06:05:00Z,,,57,1,1,4998423,200,bf6484f413cc6239f2501a0039197fd131307dd20da726ebf8777a30e1a284f1,46df9bf5649c264597a7,False
2026-10-01T00:45:03Z,FOOTBALL_PROBE_V1,americanfootball_ncaaf,oddsapi/hist_events,/historical/sports/americanfootball_ncaaf/events,,2020-11-25T06:00:00Z,2020-11-25T05:55:00Z,2020-11-25T05:45:00Z,2020-11-25T06:05:00Z,,,53,1,1,4998422,200,7e7fb7826aaac31701be662cf6abddabbcdf86620e4ea1f0e442b91ddb918f60,18c150e777d6a6b4852f,False
2026-10-01T00:45:03Z,FOOTBALL_PROBE_V1,americanfootball_ncaaf,oddsapi/hist_events,/historical/sports/americanfootball_ncaaf/events,,2020-11-27T06:00:00Z,2020-11-27T05:55:00Z,2020-11-27T05:45:00Z,2020-11-27T06:05:00Z,,,50,1,1,4998421,200,3ef10a1714267ba012130d4d484ba941ecb2dc70a03eeec70b17982f9aa7cbf0,1c0734f3cc345400f956,False
2026-10-01T00:45:04Z,FOOTBALL_PROBE_V1,americanfootball_ncaaf,oddsapi/hist_events,/historical/sports/americanfootball_ncaaf/events,,2020-11-29T06:00:00Z,2020-11-29T05:55:00Z,2020-11-29T05:45:00Z,2020-11-29T06:05:00Z,,,3,1,1,4998420,200,8bf1c59546533ce1a3f302605eeee57f42ea7779df2dffe4a5bf7ad3c360b29a,daa77dff57c6a6e5d1c5,False
2026-10-01T00:45:04Z,FOOTBALL_PROBE_V1,americanfootball_ncaaf,oddsapi/hist_events,/historical/sports/americanfootball_ncaaf/events,,2020-12-01T06:00:00Z,2020-12-01T05:55:00Z,2020-12-01T05:45:00Z,2020-12-01T06:05:00Z,,,55,1,1,4998419,200,9b9e4ab37a1cbb763af38f3dbe27f7d42f7f00fddfcf2c6d8ea0681aa527e573,85cf332a00e58ac38a7f,False
2026-10-01T00:45:05Z,FOOTBALL_PROBE_V1,americanfootball_ncaaf,oddsapi/hist_events,/historical/sports/americanfootball_ncaaf/events,,2020-12-03T06:00:00Z,2020-12-03T05:55:00Z,2020-12-03T05:45:00Z,2020-12-03T06:05:00Z,,,52,1,1,4998418,200,52fae60bf364211117a21d816f997ae048af948f16f4dfe4b2c10e8a087441aa,a6187025f29375e06bef,False
2026-10-01T00:45:05Z,FOOTBALL_PROBE_V1,americanfootball_ncaaf,oddsapi/hist_events,/historical/sports/americanfootball_ncaaf/events,,2020-12-05T06:00:00Z,2020-12-05T05:55:00Z,2020-12-05T05:45:00Z,2020-12-05T06:05:00Z,,,47,1,1,4998417,200,cbcc7d9e23a0b6b0682ed26b4e996cb48c2e3560348757a60ea3f04aa5832eb6,d783826596465ef02dd2,False
2026-10-01T00:45:06Z,FOOTBALL_PROBE_V1,americanfootball_ncaaf,oddsapi/hist_events,/historical/sports/americanfootball_ncaaf/events,,2020-12-07T06:00:00Z,2020-12-07T05:55:00Z,2020-12-07T05:45:00Z,2020-12-07T06:05:00Z,,,47,1,1,4998416,200,cf473cb2e9810f1ceb90d68f14219df0284415496c40255391bd76e18908a787,5e5466e3813b96887f29,False
2026-10-01T00:45:06Z,FOOTBALL_PROBE_V1,americanfootball_ncaaf,oddsapi/hist_events,/historical/sports/americanfootball_ncaaf/events,,2020-12-09T06:00:00Z,2020-12-09T05:55:00Z,2020-12-09T05:45:00Z,2020-12-09T06:05:00Z,,,49,1,1,4998415,200,8f98b6da2859713b7013245eca69f9a784222bcb032a46f7679227e5a799a37a,16caae06005d149bde60,False
2026-10-01T00:45:07Z,FOOTBALL_PROBE_V1,americanfootball_ncaaf,oddsapi/hist_events,/historical/sports/americanfootball_ncaaf/events,,2020-12-11T06:00:00Z,2020-12-11T05:55:00Z,2020-12-11T05:45:00Z,2020-12-11T06:05:00Z,,,44,1,1,4998414,200,2b024008a4d2c833df31d88c4cc83537373cb7d729a3b75de6210b5ed6fe7755,f5ba78ed903b534a0764,False
2026-10-01T00:45:07Z,FOOTBALL_PROBE_V1,americanfootball_ncaaf,oddsapi/hist_events,/historical/sports/americanfootball_ncaaf/events,,2020-12-13T06:00:00Z,2020-12-13T05:55:00Z,2020-12-13T05:45:00Z,2020-12-13T06:05:00Z,,,8,1,1,4998413,200,a2b1364c5f9900628da433ae4d198062edaccc1c06a725e5b4e9590a9331a080,f162d84caad481d65b23,False
2026-10-01T00:45:08Z,FOOTBALL_PROBE_V1,americanfootball_ncaaf,oddsapi/hist_events,/historical/sports/americanfootball_ncaaf/events,,2020-12-15T06:00:00Z,2020-12-15T05:55:00Z,2020-12-15T05:45:00Z,2020-12-15T06:05:00Z,,,31,1,1,4998412,200,5318c7513bb494b515777c4e3cf9ce0bc8605753452b20435a5916691b8c68bb,6822fda236401b8adf10,False
2026-10-01T00:45:08Z,FOOTBALL_PROBE_V1,americanfootball_ncaaf,oddsapi/hist_events,/historical/sports/americanfootball_ncaaf/events,,2020-12-17T06:00:00Z,2020-12-17T05:55:00Z,2020-12-17T05:45:00Z,2020-12-17T06:05:00Z,,,29,1,1,4998411,200,f5318538666c4c537e502d971c69cfe08133676b5870f2a083845d4b2c1c3fe5,46fe15766867c6298973,False
2026-10-01T00:45:08Z,FOOTBALL_PROBE_V1,americanfootball_ncaaf,oddsapi/hist_events,/historical/sports/americanfootball_ncaaf/events,,2020-12-19T06:00:00Z,2020-12-19T05:55:00Z,2020-12-19T05:45:00Z,2020-12-19T06:05:00Z,,,22,1,1,4998410,200,62319e5e2f033593723e6832e023b45fa4228543cdbd6ee973d8394d381a6a97,0d9e62fb243c55efa4a8,False
2026-10-01T00:45:09Z,FOOTBALL_PROBE_V1,americanfootball_ncaaf,oddsapi/hist_events,/historical/sports/americanfootball_ncaaf/events,,2020-12-21T06:00:00Z,2020-12-21T05:55:00Z,2020-12-21T05:45:00Z,2020-12-21T06:05:00Z,,,28,1,1,4998409,200,82eda01c1f7cedc5b8a53b7afbc7a6aae5ef35eb172fdc7e1c23f1f17501e693,b6ff69ba4f65f2b5ad43,False
2026-10-01T00:45:09Z,FOOTBALL_PROBE_V1,americanfootball_ncaaf,oddsapi/hist_events,/historical/sports/americanfootball_ncaaf/events,,2020-12-23T06:00:00Z,2020-12-23T05:55:00Z,2020-12-23T05:45:00Z,2020-12-23T06:05:00Z,,,28,1,1,4998408,200,b0d239fdabea3394dbf20b0ab294f67529de055519e546a0d62cebe726935344,22e6cd529c631ff978ab,False
2026-10-01T00:45:10Z,FOOTBALL_PROBE_V1,americanfootball_ncaaf,oddsapi/hist_events,/historical/sports/americanfootball_ncaaf/events,,2020-12-25T06:00:00Z,2020-12-25T05:55:00Z,2020-12-25T05:45:00Z,2020-12-25T06:05:00Z,,,25,1,1,4998407,200,80d3b8f6fada35377ecdc4604532f0c867e06d60aeffcedb3f0ab6f0f494aa40,ecf717a68fc3644110d9,False
2026-10-01T00:45:11Z,FOOTBALL_PROBE_V1,americanfootball_ncaaf,oddsapi/hist_events,/historical/sports/americanfootball_ncaaf/events,,2020-12-27T06:00:00Z,2020-12-27T05:55:00Z,2020-12-27T05:45:00Z,2020-12-27T06:05:00Z,,,21,1,1,4998406,200,4b932be06468d950a4c464ac7929fbb7c6794a77b3c28ba1afb583c6b829fae0,f065a9527633ec09953c,False
2026-10-01T00:45:11Z,FOOTBALL_PROBE_V1,americanfootball_ncaaf,oddsapi/hist_events,/historical/sports/americanfootball_ncaaf/events,,2020-12-29T06:00:00Z,2020-12-29T05:55:00Z,2020-12-29T05:45:00Z,2020-12-29T06:05:00Z,,,20,1,1,4998405,200,27deb8832c4eb8593943c1c8db209e84bc32e609cd1a2b511a7639fab70354ad,44d969a689a3367f7b2d,False
2026-10-01T00:45:12Z,FOOTBALL_PROBE_V1,americanfootball_ncaaf,oddsapi/hist_events,/historical/sports/americanfootball_ncaaf/events,,2020-12-31T06:00:00Z,2020-12-31T05:55:00Z,2020-12-31T05:45:00Z,2020-12-31T06:05:00Z,,,15,1,1,4998404,200,c3e260d99b6c8f4dd20dfbfa4a13ca9cfd7409fdf46a58468d3bc987e1cad5c6,68e7fb9960128f13cdd6,False
2026-10-01T00:45:12Z,FOOTBALL_PROBE_V1,americanfootball_ncaaf,oddsapi/hist_events,/historical/sports/americanfootball_ncaaf/events,,2021-01-02T06:00:00Z,2021-01-02T05:55:00Z,2021-01-02T05:45:00Z,2021-01-02T06:05:00Z,,,5,1,1,4998403,200,ec7e0a15d48c3768ec7f0699cfc96df728d387e5e3fb150f99639f17bce750a1,9a9084a6239c93054407,False
2026-10-01T00:45:12Z,FOOTBALL_PROBE_V1,americanfootball_ncaaf,oddsapi/hist_events,/historical/sports/americanfootball_ncaaf/events,,2021-01-04T06:00:00Z,2021-01-04T05:55:00Z,2021-01-04T05:45:00Z,2021-01-04T06:05:00Z,,,1,1,1,4998402,200,e39278d5c08b4264c699e41af4d7bc74c9b9d3f922ffe7db1fab08d15e16d36f,9cd53887f18e8a4887b2,False
2026-10-01T00:45:13Z,FOOTBALL_PROBE_V1,americanfootball_ncaaf,oddsapi/hist_events,/historical/sports/americanfootball_ncaaf/events,,2021-01-06T06:00:00Z,2021-01-06T05:55:00Z,2021-01-06T05:45:00Z,2021-01-06T06:05:00Z,,,1,1,1,4998401,200,554215cabb0d0ccfa689d0a01a3ce3054774d7a465851e20458a86870897f3fe,fb05d8128616b539ce75,False
2026-10-01T00:45:13Z,FOOTBALL_PROBE_V1,americanfootball_ncaaf,oddsapi/hist_events,/historical/sports/americanfootball_ncaaf/events,,2021-01-08T06:00:00Z,2021-01-08T05:55:00Z,2021-01-08T05:45:00Z,2021-01-08T06:05:00Z,,,1,1,1,4998400,200,19b9e6df0e9e326a9d7b9ddc509015938187d1f295b7dfc7cd51052ecb647875,8fc31310fdd3a948fb59,False
2026-10-01T00:45:14Z,FOOTBALL_PROBE_V1,americanfootball_ncaaf,oddsapi/hist_events,/historical/sports/americanfootball_ncaaf/events,,2021-01-10T06:00:00Z,2021-01-10T05:55:00Z,2021-01-10T05:45:00Z,2021-01-10T06:05:00Z,,,1,1,1,4998399,200,33d6d393bd6cdc943f2b385ce5327b2ad03f056f9b429b9648af40405120895c,101cb3f214782104fe9b,False
2026-10-01T00:45:14Z,FOOTBALL_PROBE_V1,americanfootball_ncaaf,oddsapi/hist_events,/historical/sports/americanfootball_ncaaf/events,,2021-01-12T06:00:00Z,2021-01-12T05:25:00Z,2021-01-12T05:15:00Z,2021-02-23T14:45:00Z,,,1,1,1,4998398,200,2b88e7e55e0ebf7579a5303bd93b5865762a53b58c6a1d67140ea8134916a1f9,58c35ee5f3a90f3da7ce,False
2026-10-01T00:45:14Z,FOOTBALL_PROBE_V1,americanfootball_ncaaf,oddsapi/hist_events,/historical/sports/americanfootball_ncaaf/events,,2021-01-14T06:00:00Z,2021-01-12T05:25:00Z,2021-01-12T05:15:00Z,2021-02-23T14:45:00Z,,,1,1,1,4998397,200,2b88e7e55e0ebf7579a5303bd93b5865762a53b58c6a1d67140ea8134916a1f9,5932b360da9009c9f37c,False
2026-10-01T00:45:15Z,FOOTBALL_PROBE_V1,americanfootball_nfl,oddsapi/hist_events,/historical/sports/americanfootball_nfl/events,,2020-09-01T06:00:00Z,2020-09-01T05:55:00Z,2020-09-01T05:45:00Z,2020-09-01T06:05:00Z,,,96,1,1,4998396,200,f2f5f553c14e129f9f28a6ef9553913b0a1519d6af0c989a4415c5b49b8c4c1e,fe6be56a3463e60e287c,False
2026-10-01T00:45:16Z,FOOTBALL_PROBE_V1,americanfootball_nfl,oddsapi/hist_events,/historical/sports/americanfootball_nfl/events,,2020-09-03T06:00:00Z,2020-09-03T05:55:00Z,2020-09-03T05:45:00Z,2020-09-03T06:05:00Z,,,96,1,1,4998395,200,8f8a5c77c324aab0b0771e60c2324e0c2c42301b2cf7d7097c1e95190bf566b6,9a836b24070fbea51c8a,False
2026-10-01T00:45:16Z,FOOTBALL_PROBE_V1,americanfootball_nfl,oddsapi/hist_events,/historical/sports/americanfootball_nfl/events,,2020-09-05T06:00:00Z,2020-09-05T05:55:00Z,2020-09-05T05:45:00Z,2020-09-05T06:05:00Z,,,96,1,1,4998394,200,496e8e4cdd5c3d1dbcba8cd36df1c760ce5decd77206813da38c9ccdb87cbc94,21559931a30438096477,False
2026-10-01T00:45:17Z,FOOTBALL_PROBE_V1,americanfootball_nfl,oddsapi/hist_events,/historical/sports/americanfootball_nfl/events,,2020-09-07T06:00:00Z,2020-09-07T05:55:00Z,2020-09-07T05:45:00Z,2020-09-07T06:05:00Z,,,96,1,1,4998393,200,f8bc9102c3b033ed33c9bb1d27f69ee79043e39f4b768a0e9f48b4c08b1b3f01,4577256e02925c87b1d1,False
2026-10-01T00:45:17Z,FOOTBALL_PROBE_V1,americanfootball_nfl,oddsapi/hist_events,/historical/sports/americanfootball_nfl/events,,2020-09-09T06:00:00Z,2020-09-09T05:55:00Z,2020-09-09T05:45:00Z,2020-09-09T06:05:00Z,,,86,1,1,4998392,200,85a28b6507d507b28cbc3dfea07f115f0ac8eeb96b3cf6baf9ac1be1703c474f,8baf0eda82d2560b204c,False
2026-10-01T00:45:18Z,FOOTBALL_PROBE_V1,americanfootball_nfl,oddsapi/hist_events,/historical/sports/americanfootball_nfl/events,,2020-09-11T06:00:00Z,2020-09-11T05:55:00Z,2020-09-11T05:45:00Z,2020-09-11T06:05:00Z,,,84,1,1,4998391,200,eee284e3371d5d4113f87ad327e3f60c977ee9b05edc65605836f1a375761703,f716d59ea09315e33b9c,False
2026-10-01T00:45:18Z,FOOTBALL_PROBE_V1,americanfootball_nfl,oddsapi/hist_events,/historical/sports/americanfootball_nfl/events,,2020-09-13T06:00:00Z,2020-09-13T05:55:00Z,2020-09-13T05:45:00Z,2020-09-13T06:05:00Z,,,84,1,1,4998390,200,743563ad7de2159a6315a962e5c9730b4df0c9c269a4ab70fd47543add486c45,e522d7fc55ff21213074,False
2026-10-01T00:45:19Z,FOOTBALL_PROBE_V1,americanfootball_nfl,oddsapi/hist_events,/historical/sports/americanfootball_nfl/events,,2020-09-15T06:00:00Z,2020-09-15T05:55:00Z,2020-09-15T05:45:00Z,2020-09-15T06:05:00Z,,,17,1,1,4998389,200,930ea2dadd5c5b7996aeed35276aad0cc84a60e8882762ac62d5f64e58880a63,31bed2dedfc7be677805,False
2026-10-01T00:45:19Z,FOOTBALL_PROBE_V1,americanfootball_nfl,oddsapi/hist_events,/historical/sports/americanfootball_nfl/events,,2020-09-17T06:00:00Z,2020-09-17T05:55:00Z,2020-09-17T05:45:00Z,2020-09-17T06:05:00Z,,,16,1,1,4998388,200,6217458d5ea3cab78e350773a99368e525ce1dc1a3f0a8423b6fd4f3267eb89c,4346e731a3517bea47b1,False
2026-10-01T00:45:20Z,FOOTBALL_PROBE_V1,americanfootball_nfl,oddsapi/hist_events,/historical/sports/americanfootball_nfl/events,,2020-09-19T06:00:00Z,2020-09-19T05:55:00Z,2020-09-19T05:45:00Z,2020-09-19T06:05:00Z,,,15,1,1,4998387,200,a7ff407f043d97b2043f5360c317ea1e4c3896eae3e25cf819b75119333bbd4f,2f0fa14309bb21298b0a,False
2026-10-01T00:45:20Z,FOOTBALL_PROBE_V1,americanfootball_nfl,oddsapi/hist_events,/historical/sports/americanfootball_nfl/events,,2020-09-21T06:00:00Z,2020-09-21T05:55:00Z,2020-09-21T05:45:00Z,2020-09-21T06:05:00Z,,,17,1,1,4998386,200,fc27749134b2a56f02143ccdffc20e6c5f259a4022d7e3457049424d7e7b5ec1,91608cad6d306d6dfc00,False
2026-10-01T00:45:21Z,FOOTBALL_PROBE_V1,americanfootball_nfl,oddsapi/hist_events,/historical/sports/americanfootball_nfl/events,,2020-09-23T06:00:00Z,2020-09-23T05:55:00Z,2020-09-23T05:45:00Z,2020-09-23T06:05:00Z,,,16,1,1,4998385,200,9773627474bd4021690ddbf9ff10715ff5701513ceb349a2aa2b98f1e00ab0b7,14d1ca95e081fc33d972,False
2026-10-01T00:45:21Z,FOOTBALL_PROBE_V1,americanfootball_nfl,oddsapi/hist_events,/historical/sports/americanfootball_nfl/events,,2020-09-25T06:00:00Z,2020-09-25T05:55:00Z,2020-09-25T05:45:00Z,2020-09-25T06:05:00Z,,,15,1,1,4998384,200,6a4e2fbce2309ee1490d175d9f22cb67be5033facdfdff06462d60e4fedad757,6551ede2451e130dd315,False
2026-10-01T00:45:22Z,FOOTBALL_PROBE_V1,americanfootball_nfl,oddsapi/hist_events,/historical/sports/americanfootball_nfl/events,,2020-09-27T06:00:00Z,2020-09-27T05:55:00Z,2020-09-27T05:45:00Z,2020-09-27T06:05:00Z,,,15,1,1,4998383,200,18f37205d3c5d9b5d160a125d34d6f9030dc624a8d0140f8fb517ff47a313bc4,8b081565879dec1ae399,False
2026-10-01T00:45:23Z,FOOTBALL_PROBE_V1,americanfootball_nfl,oddsapi/hist_events,/historical/sports/americanfootball_nfl/events,,2020-09-29T06:00:00Z,2020-09-29T05:55:00Z,2020-09-29T05:45:00Z,2020-09-29T06:05:00Z,,,16,1,1,4998382,200,210fb79ceab8087ff9ed3a4b5d6a2b5841cc2d3bd11f6108e2543abb11d81004,7125a287e54c8b75c0ec,False
2026-10-01T00:45:23Z,FOOTBALL_PROBE_V1,americanfootball_nfl,oddsapi/hist_events,/historical/sports/americanfootball_nfl/events,,2020-10-01T06:00:00Z,2020-10-01T05:55:00Z,2020-10-01T05:45:00Z,2020-10-01T06:05:00Z,,,15,1,1,4998381,200,fdc8bb335b061a7d04abcf68a14ee0d30684daa0eff6f101f50e4ea98e41ca1d,7fa8fff29ebe34f6bc4e,False
2026-10-01T00:45:23Z,FOOTBALL_PROBE_V1,americanfootball_nfl,oddsapi/hist_events,/historical/sports/americanfootball_nfl/events,,2020-10-03T06:00:00Z,2020-10-03T05:55:00Z,2020-10-03T05:45:00Z,2020-10-03T06:05:00Z,,,14,1,1,4998380,200,1844b25ff8e9513f919b32114ba9f689e69ff6702bd7b6ad4b442816ef71d480,2b9ea3a52be30f31ab87,False
2026-10-01T00:45:24Z,FOOTBALL_PROBE_V1,americanfootball_nfl,oddsapi/hist_events,/historical/sports/americanfootball_nfl/events,,2020-10-05T06:00:00Z,2020-10-05T05:55:00Z,2020-10-05T05:45:00Z,2020-10-05T06:05:00Z,,,13,1,1,4998379,200,6dd55c6c5bf2db28a58505d5a735135e84eb394ec39fdf357c9931f5960ff4db,ce39f1864cbe6ee81d7b,False
2026-10-01T00:45:25Z,FOOTBALL_PROBE_V1,americanfootball_nfl,oddsapi/hist_events,/historical/sports/americanfootball_nfl/events,,2020-10-07T06:00:00Z,2020-10-07T05:55:00Z,2020-10-07T05:45:00Z,2020-10-07T06:05:00Z,,,14,1,1,4998378,200,269d1bd00924bce9ab10d2a28ef7c24f81eb953cd57f53251fafd0910ee4e107,8edb9eb182d221439b2a,False
2026-10-01T00:45:25Z,FOOTBALL_PROBE_V1,americanfootball_nfl,oddsapi/hist_events,/historical/sports/americanfootball_nfl/events,,2020-10-09T06:00:00Z,2020-10-09T05:55:00Z,2020-10-09T05:45:00Z,2020-10-09T06:05:00Z,,,12,1,1,4998377,200,82fbf071b88fc99f35b7fed01f9f509bb05151e088a42db43860e6052ea61109,328b1f1cdf345cfa5370,False
2026-10-01T00:45:25Z,FOOTBALL_PROBE_V1,americanfootball_nfl,oddsapi/hist_events,/historical/sports/americanfootball_nfl/events,,2020-10-11T06:00:00Z,2020-10-11T05:55:00Z,2020-10-11T05:45:00Z,2020-10-11T06:05:00Z,,,13,1,1,4998376,200,76e336d771276d0737f61278c3a872a52acb69e0b69e18eb1a9e2b7c20d4343e,8a942f4f01d276e60646,False
2026-10-01T00:45:26Z,FOOTBALL_PROBE_V1,americanfootball_nfl,oddsapi/hist_events,/historical/sports/americanfootball_nfl/events,,2020-10-13T06:00:00Z,2020-10-13T05:55:00Z,2020-10-13T05:45:00Z,2020-10-13T06:05:00Z,,,12,1,1,4998375,200,bd28bb4fa7991aca09aaeb3cabb54d689c706bb489d34195bdce696f36e81a78,a400d175a0479bb36786,False
2026-10-01T00:45:26Z,FOOTBALL_PROBE_V1,americanfootball_nfl,oddsapi/hist_events,/historical/sports/americanfootball_nfl/events,,2020-10-15T06:00:00Z,2020-10-15T05:55:00Z,2020-10-15T05:45:00Z,2020-10-15T06:05:00Z,,,14,1,1,4998374,200,78613e2b714830f487a55fcbc672fa0082f6cda0d26b36a8fce05e0cbb321518,22469d3c06f759b919a7,False
2026-10-01T00:45:27Z,FOOTBALL_PROBE_V1,americanfootball_nfl,oddsapi/hist_events,/historical/sports/americanfootball_nfl/events,,2020-10-17T06:00:00Z,2020-10-17T05:55:00Z,2020-10-17T05:45:00Z,2020-10-17T06:05:00Z,,,14,1,1,4998373,200,56c4bb430afe33ce366cb3a99a2aef436f52f2997f0ac731f12d212de887f494,b24339fb6acaa6e1add0,False
2026-10-01T00:45:27Z,FOOTBALL_PROBE_V1,americanfootball_nfl,oddsapi/hist_events,/historical/sports/americanfootball_nfl/events,,2020-10-19T06:00:00Z,2020-10-19T05:55:00Z,2020-10-19T05:45:00Z,2020-10-19T06:05:00Z,,,14,1,1,4998372,200,928ccf62b4fb43cd1614b6766ae8c3a909fff143276988af905b563dfa1297e1,85944e25cb550988ac2d,False
2026-10-01T00:45:28Z,FOOTBALL_PROBE_V1,americanfootball_nfl,oddsapi/hist_events,/historical/sports/americanfootball_nfl/events,,2020-10-21T06:00:00Z,2020-10-21T05:55:00Z,2020-10-21T05:45:00Z,2020-10-21T06:05:00Z,,,14,1,1,4998371,200,38a8b6e739ed2a808359d0eb76757e97919f3398650d6352b7285163ed8b1a1f,337dd517b3d09c43e042,False
2026-10-01T00:45:28Z,FOOTBALL_PROBE_V1,americanfootball_nfl,oddsapi/hist_events,/historical/sports/americanfootball_nfl/events,,2020-10-23T06:00:00Z,2020-10-23T05:55:00Z,2020-10-23T05:45:00Z,2020-10-23T06:05:00Z,,,13,1,1,4998370,200,69fb01cab59bdf9e1a70750aac0d03383f08e2f373c4b57fef78a565762dee6b,07ce7d8aba147c6785c0,False
2026-10-01T00:45:28Z,FOOTBALL_PROBE_V1,americanfootball_nfl,oddsapi/hist_events,/historical/sports/americanfootball_nfl/events,,2020-10-25T06:00:00Z,2020-10-25T05:55:00Z,2020-10-25T05:45:00Z,2020-10-25T06:05:00Z,,,13,1,1,4998369,200,86a99ce098a32ec371f3508fd47ef0b50aa058a6f9c561e6207e4b0afe363218,42cc46e96b555271d160,False
2026-10-01T00:45:29Z,FOOTBALL_PROBE_V1,americanfootball_nfl,oddsapi/hist_events,/historical/sports/americanfootball_nfl/events,,2020-10-27T06:00:00Z,2020-10-27T05:55:00Z,2020-10-27T05:45:00Z,2020-10-27T06:05:00Z,,,14,1,1,4998368,200,127f20336fd225670ddf2a45920ec130546b5c7333a2ffc6f788ad964c19a3fa,f0e60eff7821fde322b3,False
2026-10-01T00:45:29Z,FOOTBALL_PROBE_V1,americanfootball_nfl,oddsapi/hist_events,/historical/sports/americanfootball_nfl/events,,2020-10-29T06:00:00Z,2020-10-29T05:55:00Z,2020-10-29T05:45:00Z,2020-10-29T06:05:00Z,,,25,1,1,4998367,200,f991b7df73315efed943990896bd1c4e3c0d97b6c90ff5e497c5a10e8443f6dd,5f82669bfcf134f77f70,False
2026-10-01T00:45:30Z,FOOTBALL_PROBE_V1,americanfootball_nfl,oddsapi/hist_events,/historical/sports/americanfootball_nfl/events,,2020-10-31T06:00:00Z,2020-10-31T05:55:00Z,2020-10-31T05:45:00Z,2020-10-31T06:05:00Z,,,26,1,1,4998366,200,3e88ca654e274165031c1fdff6e80afac28d8870f441080af8d93cdb476a1baa,6b75c8bd4df5d91d5390,False
2026-10-01T00:45:30Z,FOOTBALL_PROBE_V1,americanfootball_nfl,oddsapi/hist_events,/historical/sports/americanfootball_nfl/events,,2020-11-02T06:00:00Z,2020-11-02T05:55:00Z,2020-11-02T05:45:00Z,2020-11-02T06:05:00Z,,,14,1,1,4998365,200,256518a39ade72ae53bd94fe8492c3d7caee662dd1e0cc5b4abf387b4e9da344,d85584461ed84593189f,False
2026-10-01T00:45:31Z,FOOTBALL_PROBE_V1,americanfootball_nfl,oddsapi/hist_events,/historical/sports/americanfootball_nfl/events,,2020-11-04T06:00:00Z,2020-11-04T05:55:00Z,2020-11-04T05:45:00Z,2020-11-04T06:05:00Z,,,14,1,1,4998364,200,3deab95ce1dc51406f2004f4367b9208af68d41cc53240915723d99f0f9adf41,35ecbdcc6166788f4bb6,False
2026-10-01T00:45:31Z,FOOTBALL_PROBE_V1,americanfootball_nfl,oddsapi/hist_events,/historical/sports/americanfootball_nfl/events,,2020-11-06T06:00:00Z,2020-11-06T05:55:00Z,2020-11-06T05:45:00Z,2020-11-06T06:05:00Z,,,26,1,1,4998363,200,8c8d02d88cd95ec6af86983b7d0eac2a9eaeeccc241e4811e389700c4d9de467,e2da0b908b53228c874f,False
2026-10-01T00:45:32Z,FOOTBALL_PROBE_V1,americanfootball_nfl,oddsapi/hist_events,/historical/sports/americanfootball_nfl/events,,2020-11-08T06:00:00Z,2020-11-08T05:55:00Z,2020-11-08T05:45:00Z,2020-11-08T06:05:00Z,,,26,1,1,4998362,200,7dab7d0d35cee3a4e1139c4915cf7309e43f085343889bd525255bc4839cf5e7,c165216bfef2773501b3,False
2026-10-01T00:45:32Z,FOOTBALL_PROBE_V1,americanfootball_nfl,oddsapi/hist_events,/historical/sports/americanfootball_nfl/events,,2020-11-10T06:00:00Z,2020-11-10T05:55:00Z,2020-11-10T05:45:00Z,2020-11-10T06:05:00Z,,,14,1,1,4998361,200,26423d03958ab57e705355fe4a9c207089e8b32cdcf8679e0a5c8bd188cbe5bc,33c6d9556fa018f78cbf,False
2026-10-01T00:45:32Z,FOOTBALL_PROBE_V1,americanfootball_nfl,oddsapi/hist_events,/historical/sports/americanfootball_nfl/events,,2020-11-12T06:00:00Z,2020-11-12T05:55:00Z,2020-11-12T05:45:00Z,2020-11-12T06:05:00Z,,,14,1,1,4998360,200,4d84fa2301a0d0f5c91130363b3676d7a88e9ce3f5088b54a4187d170959e98b,c0639550e601bc7755be,False
2026-10-01T00:45:33Z,FOOTBALL_PROBE_V1,americanfootball_nfl,oddsapi/hist_events,/historical/sports/americanfootball_nfl/events,,2020-11-14T06:00:00Z,2020-11-14T05:55:00Z,2020-11-14T05:45:00Z,2020-11-14T06:05:00Z,,,13,1,1,4998359,200,a2ee2e0605df04b38d12e169058f7ad2d471dffb965130c71227e59aebe03d16,73525adbbcc2f6d61b2e,False
2026-10-01T00:45:33Z,FOOTBALL_PROBE_V1,americanfootball_nfl,oddsapi/hist_events,/historical/sports/americanfootball_nfl/events,,2020-11-16T06:00:00Z,2020-11-16T05:55:00Z,2020-11-16T05:45:00Z,2020-11-16T06:05:00Z,,,10,1,1,4998358,200,8f5dd2e315c1c64b02dfae1e3340035706eae1a8f3528c3ad5d5956c29ea7664,99333354993be651639e,False
2026-10-01T00:45:34Z,FOOTBALL_PROBE_V1,americanfootball_nfl,oddsapi/hist_events,/historical/sports/americanfootball_nfl/events,,2020-11-18T06:00:00Z,2020-11-18T05:55:00Z,2020-11-18T05:45:00Z,2020-11-18T06:05:00Z,,,14,1,1,4998357,200,2b5664e6bf43628378e54967a865ae3832c8703df5ad1800138a0e531af9869a,25874207e98fff0e9b40,False
2026-10-01T00:45:34Z,FOOTBALL_PROBE_V1,americanfootball_nfl,oddsapi/hist_events,/historical/sports/americanfootball_nfl/events,,2020-11-20T06:00:00Z,2020-11-20T05:55:00Z,2020-11-20T05:45:00Z,2020-11-20T06:05:00Z,,,16,1,1,4998356,200,aa849440548f99b566cd6d540022dbfdd490e5dda25d24b309ee9a643f1bc69f,570cb5019959f5ccf637,False
2026-10-01T00:45:35Z,FOOTBALL_PROBE_V1,americanfootball_nfl,oddsapi/hist_events,/historical/sports/americanfootball_nfl/events,,2020-11-22T06:00:00Z,2020-11-22T05:55:00Z,2020-11-22T05:45:00Z,2020-11-22T06:05:00Z,,,16,1,1,4998355,200,3d49bad2d67345c6766d72dc287e79d402d0eebe686bb69e00d392c5d66154da,d5566fc16c08a3d954d0,False
2026-10-01T00:45:35Z,FOOTBALL_PROBE_V1,americanfootball_nfl,oddsapi/hist_events,/historical/sports/americanfootball_nfl/events,,2020-11-24T06:00:00Z,2020-11-24T05:55:00Z,2020-11-24T05:45:00Z,2020-11-24T06:05:00Z,,,16,1,1,4998354,200,4b729a4ff719c79d360d165b5ff3e6d4f7e44c44219eab5a200589458975a080,86b3cbba9166f361700e,False
2026-10-01T00:45:36Z,FOOTBALL_PROBE_V1,americanfootball_nfl,oddsapi/hist_events,/historical/sports/americanfootball_nfl/events,,2020-11-26T06:00:00Z,2020-11-26T05:55:00Z,2020-11-26T05:45:00Z,2020-11-26T06:05:00Z,,,30,1,1,4998353,200,ad6be3f15e4a8065ee45cca2601951140d31162977131bd2bdf7edd38c4fbac7,7feb55614296e480ef5e,False
2026-10-01T00:45:36Z,FOOTBALL_PROBE_V1,americanfootball_nfl,oddsapi/hist_events,/historical/sports/americanfootball_nfl/events,,2020-11-28T06:00:00Z,2020-11-28T05:55:00Z,2020-11-28T05:45:00Z,2020-11-28T06:05:00Z,,,27,1,1,4998352,200,611cdb4cdff3395174f50b84b1c749632860cc4b46d15f453645aa5f3636dee6,bcbe0244727971f6aeab,False
2026-10-01T00:45:37Z,FOOTBALL_PROBE_V1,americanfootball_nfl,oddsapi/hist_events,/historical/sports/americanfootball_nfl/events,,2020-11-30T06:00:00Z,2020-11-30T05:55:00Z,2020-11-30T05:45:00Z,2020-11-30T06:05:00Z,,,14,1,1,4998351,200,c83e823112d3e2c2eae383c4436735040ef09128a783614d81676a3dc752eca6,d08eeb80eec75707cf2a,False
2026-10-01T00:45:37Z,FOOTBALL_PROBE_V1,americanfootball_nfl,oddsapi/hist_events,/historical/sports/americanfootball_nfl/events,,2020-12-02T06:00:00Z,2020-12-02T05:55:00Z,2020-12-02T05:45:00Z,2020-12-02T06:05:00Z,,,15,1,1,4998350,200,3d490974506b952d1c7b970683a6ee8304d358d002abe7a273e8b339f7ff3021,55a1d91bc1a6a2e7957a,False
2026-10-01T00:45:38Z,FOOTBALL_PROBE_V1,americanfootball_nfl,oddsapi/hist_events,/historical/sports/americanfootball_nfl/events,,2020-12-04T06:00:00Z,2020-12-04T05:55:00Z,2020-12-04T05:45:00Z,2020-12-04T06:05:00Z,,,16,1,1,4998349,200,17fb1d1f4594173fd2d4c8e1f8769604262675a1b2eb8b5cde2b2536fdee0782,43deb28fe85ca3933144,False
2026-10-01T00:45:38Z,FOOTBALL_PROBE_V1,americanfootball_nfl,oddsapi/hist_events,/historical/sports/americanfootball_nfl/events,,2020-12-06T06:00:00Z,2020-12-06T05:55:00Z,2020-12-06T05:45:00Z,2020-12-06T06:05:00Z,,,15,1,1,4998348,200,e85aa5d8fdca9bb6b01c0c79afeb8b6cca29c02756057f154b72a123372766f7,fda0e958a7377706048e,False
2026-10-01T00:45:39Z,FOOTBALL_PROBE_V1,americanfootball_nfl,oddsapi/hist_events,/historical/sports/americanfootball_nfl/events,,2020-12-08T06:00:00Z,2020-12-08T05:55:00Z,2020-12-08T05:45:00Z,2020-12-08T06:05:00Z,,,16,1,1,4998347,200,163e7fe1c018b39ef6e6c3aac274aa4566d10ef1708b327e4539211bd6a06162,79cb4884389e1c8e1861,False
2026-10-01T00:45:39Z,FOOTBALL_PROBE_V1,americanfootball_nfl,oddsapi/hist_events,/historical/sports/americanfootball_nfl/events,,2020-12-10T06:00:00Z,2020-12-10T05:55:00Z,2020-12-10T05:45:00Z,2020-12-10T06:05:00Z,,,16,1,1,4998346,200,1f89e1644a18a45e09cfcba0c39285506bec3053fad8d16d4f434d09247734c4,67156ee1832b7c4cbe8c,False
2026-10-01T00:45:40Z,FOOTBALL_PROBE_V1,americanfootball_nfl,oddsapi/hist_events,/historical/sports/americanfootball_nfl/events,,2020-12-12T06:00:00Z,2020-12-12T05:55:00Z,2020-12-12T05:45:00Z,2020-12-12T06:05:00Z,,,15,1,1,4998345,200,ccf7da1dd272d5a27957e5b9fa5a85d3ded3a66e0debb88e1960d18ee12ea9fa,6094e9ac042d08293907,False
2026-10-01T00:45:40Z,FOOTBALL_PROBE_V1,americanfootball_nfl,oddsapi/hist_events,/historical/sports/americanfootball_nfl/events,,2020-12-14T06:00:00Z,2020-12-14T05:55:00Z,2020-12-14T05:45:00Z,2020-12-14T06:05:00Z,,,17,1,1,4998344,200,6e482326a4f11b41a3001120b2b6906001a114de0dd021fabc6b79a976dc5d55,a5bfefe717ad41ee951b,False
2026-10-01T00:45:41Z,FOOTBALL_PROBE_V1,americanfootball_nfl,oddsapi/hist_events,/historical/sports/americanfootball_nfl/events,,2020-12-16T06:00:00Z,2020-12-16T05:55:00Z,2020-12-16T05:45:00Z,2020-12-16T06:05:00Z,,,16,1,1,4998343,200,fe52794a92bd9fe2a4ea6b50e5ec5ac53f60109a4d7fb42308f0dc50dfbccef9,82f190b77845a57be36a,False
2026-10-01T00:45:41Z,FOOTBALL_PROBE_V1,americanfootball_nfl,oddsapi/hist_events,/historical/sports/americanfootball_nfl/events,,2020-12-18T06:00:00Z,2020-12-18T05:55:00Z,2020-12-18T05:45:00Z,2020-12-18T06:05:00Z,,,15,1,1,4998342,200,2ce4061f9f5b607b3ac2ed57e018532e8e89c131c4d836f2cf4b0bf10385acd8,060697c5601de706d8bf,False
2026-10-01T00:45:42Z,FOOTBALL_PROBE_V1,americanfootball_nfl,oddsapi/hist_events,/historical/sports/americanfootball_nfl/events,,2020-12-20T06:00:00Z,2020-12-20T05:55:00Z,2020-12-20T05:45:00Z,2020-12-20T06:05:00Z,,,13,1,1,4998341,200,6b2219440af838e3af07c19d3698103365a5868f46319d3bd563eb6ecd812e1c,a459e32a549496490b23,False
2026-10-01T00:45:42Z,FOOTBALL_PROBE_V1,americanfootball_nfl,oddsapi/hist_events,/historical/sports/americanfootball_nfl/events,,2020-12-22T06:00:00Z,2020-12-22T05:55:00Z,2020-12-22T05:45:00Z,2020-12-22T06:05:00Z,,,15,1,1,4998340,200,f34c1cebe912ff76b45fbdd42725bb10653bd4131b822293d88e26fc49be7c77,0305b2a502f7636e5415,False
2026-10-01T00:45:43Z,FOOTBALL_PROBE_V1,americanfootball_nfl,oddsapi/hist_events,/historical/sports/americanfootball_nfl/events,,2020-12-24T06:00:00Z,2020-12-24T05:55:00Z,2020-12-24T05:45:00Z,2020-12-24T06:05:00Z,,,16,1,1,4998339,200,f88b3e3b5a220f73b391ed10956fe1f973e6e4b7be10896d8e5af67d40640c5d,39fdb8bb34b823e0c43b,False
2026-10-01T00:45:43Z,FOOTBALL_PROBE_V1,americanfootball_nfl,oddsapi/hist_events,/historical/sports/americanfootball_nfl/events,,2020-12-26T06:00:00Z,2020-12-26T05:55:00Z,2020-12-26T05:45:00Z,2020-12-26T06:05:00Z,,,15,1,1,4998338,200,9f48d14d7272a2d3ec45be59aba46d7cc066c3632184d0645e6170229b27d6d2,775c76dec073b4cbd1e2,False
2026-10-01T00:45:44Z,FOOTBALL_PROBE_V1,americanfootball_nfl,oddsapi/hist_events,/historical/sports/americanfootball_nfl/events,,2020-12-28T06:00:00Z,2020-12-28T05:55:00Z,2020-12-28T05:45:00Z,2020-12-28T06:05:00Z,,,12,1,1,4998337,200,057c82f51d325e4832c49f08e369868f227bb515d28e8e331769409d721fb6f4,019d0c2e7f6464b3e951,False
2026-10-01T00:45:44Z,FOOTBALL_PROBE_V1,americanfootball_nfl,oddsapi/hist_events,/historical/sports/americanfootball_nfl/events,,2020-12-30T06:00:00Z,2020-12-30T05:55:00Z,2020-12-30T05:45:00Z,2020-12-30T06:05:00Z,,,16,1,1,4998336,200,7eef578536c346154d80e3dd139e11eaabd5c9879df00b85c8085ee57e298d13,c967b4c30b9063b28ecd,False
2026-10-01T00:45:45Z,FOOTBALL_PROBE_V1,americanfootball_nfl,oddsapi/hist_events,/historical/sports/americanfootball_nfl/events,,2021-01-01T06:00:00Z,2021-01-01T05:55:00Z,2021-01-01T05:45:00Z,2021-01-01T06:05:00Z,,,16,1,1,4998335,200,c52a65be30f8ade605b8826eda40b4402eca9614eaa8141ba76a45c59e2558af,ed411bf42d4758640b36,False
2026-10-01T00:45:45Z,FOOTBALL_PROBE_V1,americanfootball_nfl,oddsapi/hist_events,/historical/sports/americanfootball_nfl/events,,2021-01-03T06:00:00Z,2021-01-03T05:55:00Z,2021-01-03T05:45:00Z,2021-01-03T06:05:00Z,,,16,1,1,4998334,200,078b102050b9353c9145c89f6caf6ea71b631a11e17de2f889aa82dd5aa782ea,dc1f2c9c3e22421e7f19,False
2026-10-01T00:45:46Z,FOOTBALL_PROBE_V1,americanfootball_nfl,oddsapi/hist_events,/historical/sports/americanfootball_nfl/events,,2021-01-05T06:00:00Z,2021-01-05T05:55:00Z,2021-01-05T05:45:00Z,2021-01-05T06:05:00Z,,,6,1,1,4998333,200,5e0565baecc11fffe10dc6f52a8f765148991cf95469c20b56c41a32a0cdc653,f1c2beda44aa4fdfe7ac,False
2026-10-01T00:45:46Z,FOOTBALL_PROBE_V1,americanfootball_nfl,oddsapi/hist_events,/historical/sports/americanfootball_nfl/events,,2021-01-07T06:00:00Z,2021-01-07T05:55:00Z,2021-01-07T05:45:00Z,2021-01-07T06:05:00Z,,,6,1,1,4998332,200,d96d83df1a55ee08f93d8e955b1a647f58e2769e82b4a7d6f97ae0ac1c9c3f19,2952278d309c1b5b73cb,False
2026-10-01T00:45:46Z,FOOTBALL_PROBE_V1,americanfootball_nfl,oddsapi/hist_events,/historical/sports/americanfootball_nfl/events,,2021-01-09T06:00:00Z,2021-01-09T05:55:00Z,2021-01-09T05:45:00Z,2021-01-09T06:05:00Z,,,6,1,1,4998331,200,545507ef7131d49755d816c51e8d139adc30e3ddb8e209c80e8aced56af91a33,554721ebbf26d5184dc8,False
2026-10-01T00:45:47Z,FOOTBALL_PROBE_V1,americanfootball_nfl,oddsapi/hist_events,/historical/sports/americanfootball_nfl/events,,2021-01-11T06:00:00Z,2021-01-11T05:55:00Z,2021-01-11T05:45:00Z,2021-01-11T06:05:00Z,,,4,1,1,4998330,200,018303f1c409a541483acfe99f78258385e33a188cdb9e5abe8004a69a828f91,79b03dd72efd32bb2450,False
2026-10-01T00:45:47Z,FOOTBALL_PROBE_V1,americanfootball_nfl,oddsapi/hist_events,/historical/sports/americanfootball_nfl/events,,2021-01-13T06:00:00Z,2021-01-13T05:55:00Z,2021-01-13T05:45:00Z,2021-01-13T06:05:00Z,,,4,1,1,4998329,200,ada8cebd3f2dfa5c341fb3aebe7f082031502f5c79622cc4f6ff384fa7c021c7,f2fd177a7609f3ba7700,False
2026-10-01T00:45:48Z,FOOTBALL_PROBE_V1,americanfootball_nfl,oddsapi/hist_events,/historical/sports/americanfootball_nfl/events,,2021-01-15T06:00:00Z,2021-01-15T05:55:00Z,2021-01-15T05:45:00Z,2021-01-15T06:05:00Z,,,4,1,1,4998328,200,f4fef3a87ae0f09f435df4b4d7d65c0bde678dad1fe75b484ede09614fa786bb,e2afc192d01feb915763,False
2026-10-01T00:45:48Z,FOOTBALL_PROBE_V1,americanfootball_nfl,oddsapi/hist_events,/historical/sports/americanfootball_nfl/events,,2021-01-17T06:00:00Z,2021-01-17T05:55:00Z,2021-01-17T05:45:00Z,2021-01-17T06:05:00Z,,,2,1,1,4998327,200,a332c9fc79798384d410d91028982e4f50c83142f426d535071febaa25069d27,108d01eaefee34491b68,False
2026-10-01T00:45:49Z,FOOTBALL_PROBE_V1,americanfootball_nfl,oddsapi/hist_events,/historical/sports/americanfootball_nfl/events,,2021-01-19T06:00:00Z,2021-01-19T05:55:00Z,2021-01-19T05:45:00Z,2021-01-19T06:05:00Z,,,2,1,1,4998326,200,d0725c6a4ac5f92da36cdee30f9e74db445d948d406f14dd76cacc6936eb85d3,2d2de87ba4b4bae40b78,False
2026-10-01T00:45:50Z,FOOTBALL_PROBE_V1,americanfootball_nfl,oddsapi/hist_events,/historical/sports/americanfootball_nfl/events,,2021-01-21T06:00:00Z,2021-01-21T05:55:00Z,2021-01-21T05:45:00Z,2021-01-21T06:05:00Z,,,2,1,1,4998325,200,bc9368f51639e4079903391d38846d592cb57a7d2b9e56b8f88d0e9645536c25,074efee8430f8c0666ea,False
2026-10-01T00:45:50Z,FOOTBALL_PROBE_V1,americanfootball_nfl,oddsapi/hist_events,/historical/sports/americanfootball_nfl/events,,2021-01-23T06:00:00Z,2021-01-23T05:55:00Z,2021-01-23T05:45:00Z,2021-01-23T06:05:00Z,,,6,1,1,4998324,200,bac206debdcdc6756702059bbd26b2d669ff7ebfd2bd51a81e053a79eac2c1bc,233d133928d3662155e7,False
2026-10-01T00:45:51Z,FOOTBALL_PROBE_V1,americanfootball_nfl,oddsapi/hist_events,/historical/sports/americanfootball_nfl/events,,2021-01-25T06:00:00Z,2021-01-25T05:55:00Z,2021-01-25T05:45:00Z,2021-01-25T06:05:00Z,,,1,1,1,4998323,200,678bb40081540895e9c72dc11ed2252caf0bedc5463cd3a50dc61382b121c636,044e763faae33a4b9951,False
2026-10-01T00:45:51Z,FOOTBALL_PROBE_V1,americanfootball_nfl,oddsapi/hist_events,/historical/sports/americanfootball_nfl/events,,2021-01-27T06:00:00Z,2021-01-27T05:55:00Z,2021-01-27T05:45:00Z,2021-01-27T06:05:00Z,,,1,1,1,4998322,200,dd54cbdecab18c5738acfed16632592653ee8de335936ad0c25ed595c057d8ac,185b13132d492366015e,False
2026-10-01T00:45:52Z,FOOTBALL_PROBE_V1,americanfootball_nfl,oddsapi/hist_events,/historical/sports/americanfootball_nfl/events,,2021-01-29T06:00:00Z,2021-01-29T05:55:00Z,2021-01-29T05:45:00Z,2021-01-29T06:05:00Z,,,1,1,1,4998321,200,9f1ea90d44da7942b96321b3417025023fbebc092ba9bcacfb793b707594dbc3,8ae25897da4a641f6716,False
2026-10-01T00:45:52Z,FOOTBALL_PROBE_V1,americanfootball_nfl,oddsapi/hist_events,/historical/sports/americanfootball_nfl/events,,2021-01-31T06:00:00Z,2021-01-31T05:55:00Z,2021-01-31T05:45:00Z,2021-01-31T06:05:00Z,,,1,1,1,4998320,200,75abc9782cc7a51a6771fa1acb7e9d73e7a024092e1c46670f4f691f436f7ae1,e69917504bb808bd8f10,False
2026-10-01T00:45:53Z,FOOTBALL_PROBE_V1,americanfootball_nfl,oddsapi/hist_events,/historical/sports/americanfootball_nfl/events,,2021-02-02T06:00:00Z,2021-02-02T05:55:00Z,2021-02-02T05:45:00Z,2021-02-02T06:05:00Z,,,1,1,1,4998319,200,1817890f35fb36f7e92fe5d05e2d59231273e8265aef68a0ef6bc2e40bddff62,914e638937c63b555215,False
2026-10-01T00:45:53Z,FOOTBALL_PROBE_V1,americanfootball_nfl,oddsapi/hist_events,/historical/sports/americanfootball_nfl/events,,2021-02-04T06:00:00Z,2021-02-04T05:55:00Z,2021-02-04T05:45:00Z,2021-02-04T06:05:00Z,,,1,1,1,4998318,200,e7bce063ccd92a1502a5ad4c599d1aa9b9e03cb8c93ab356b74158237388475c,6bb8f281a1274b425080,False
2026-10-01T00:45:54Z,FOOTBALL_PROBE_V1,americanfootball_nfl,oddsapi/hist_events,/historical/sports/americanfootball_nfl/events,,2021-02-06T06:00:00Z,2021-02-06T05:55:00Z,2021-02-06T05:45:00Z,2021-02-06T06:05:00Z,,,1,1,1,4998317,200,4b3e51b0defe6adc968fbd30b4dfbf8cfe7ca5f3f5fbac8f1581e2533ff36a4c,750fc67399ac3d4ffc7a,False
2026-10-01T00:45:54Z,FOOTBALL_PROBE_V1,americanfootball_nfl,oddsapi/hist_events,/historical/sports/americanfootball_nfl/events,,2021-02-08T06:00:00Z,2021-02-08T03:55:00Z,2021-02-08T03:45:00Z,2021-05-12T17:05:00Z,,,1,1,1,4998316,200,1da2c1edc13a6b8da3af2ec072faf6ec1a26fe47d966cba970c66402aa7118db,c90e8f61c8a857f04da1,False
2026-10-01T00:45:55Z,FOOTBALL_PROBE_V1,americanfootball_nfl,oddsapi/hist_events,/historical/sports/americanfootball_nfl/events,,2021-02-10T06:00:00Z,2021-02-08T03:55:00Z,2021-02-08T03:45:00Z,2021-05-12T17:05:00Z,,,1,1,1,4998315,200,1da2c1edc13a6b8da3af2ec072faf6ec1a26fe47d966cba970c66402aa7118db,3268e44510ed02ebba66,False
2026-10-01T00:45:55Z,FOOTBALL_PROBE_V1,americanfootball_nfl,oddsapi/hist_events,/historical/sports/americanfootball_nfl/events,,2021-02-12T06:00:00Z,2021-02-08T03:55:00Z,2021-02-08T03:45:00Z,2021-05-12T17:05:00Z,,,1,1,1,4998314,200,1da2c1edc13a6b8da3af2ec072faf6ec1a26fe47d966cba970c66402aa7118db,b630fe0a900756b9367c,False
2026-10-01T00:45:55Z,FOOTBALL_PROBE_V1,americanfootball_nfl,oddsapi/hist_events,/historical/sports/americanfootball_nfl/events,,2021-02-14T06:00:00Z,2021-02-08T03:55:00Z,2021-02-08T03:45:00Z,2021-05-12T17:05:00Z,,,1,1,1,4998313,200,1da2c1edc13a6b8da3af2ec072faf6ec1a26fe47d966cba970c66402aa7118db,0423b771147ea4c8a98b,False
