sport,date_utc,purposes,games_covered,markets,books,max_credits
cfb,2020-09-03T02:30:00+00:00,forecast_decision,1,totals,"pinnacle,lowvig,betonlineag,draftkings,fanduel,betmgm,williamhill_us,fanatics,betrivers,espnbet",10
cfb,2020-09-04T00:55:00+00:00,pre_kickoff_close,1,totals,"pinnacle,lowvig,betonlineag,draftkings,fanduel,betmgm,williamhill_us,fanatics,betrivers,espnbet",10
cfb,2020-09-05T02:30:00+00:00,forecast_decision,6,totals,"pinnacle,lowvig,betonlineag,draftkings,fanduel,betmgm,williamhill_us,fanatics,betrivers,espnbet",10
cfb,2020-09-05T16:55:00+00:00,pre_kickoff_close,1,totals,"pinnacle,lowvig,betonlineag,draftkings,fanduel,betmgm,williamhill_us,fanatics,betrivers,espnbet",10
cfb,2020-09-05T17:25:00+00:00,pre_kickoff_close,1,totals,"pinnacle,lowvig,betonlineag,draftkings,fanduel,betmgm,williamhill_us,fanatics,betrivers,espnbet",10
cfb,2020-09-05T20:25:00+00:00,pre_kickoff_close,1,totals,"pinnacle,lowvig,betonlineag,draftkings,fanduel,betmgm,williamhill_us,fanatics,betrivers,espnbet",10
cfb,2020-09-05T23:25:00+00:00,pre_kickoff_close,1,totals,"pinnacle,lowvig,betonlineag,draftkings,fanduel,betmgm,williamhill_us,fanatics,betrivers,espnbet",10
cfb,2020-09-05T23:55:00+00:00,pre_kickoff_close,1,totals,"pinnacle,lowvig,betonlineag,draftkings,fanduel,betmgm,williamhill_us,fanatics,betrivers,espnbet",10
cfb,2020-09-06T00:55:00+00:00,pre_kickoff_close,1,totals,"pinnacle,lowvig,betonlineag,draftkings,fanduel,betmgm,williamhill_us,fanatics,betrivers,espnbet",10
cfb,2020-09-07T02:30:00+00:00,forecast_decision,1,totals,"pinnacle,lowvig,betonlineag,draftkings,fanduel,betmgm,williamhill_us,fanatics,betrivers,espnbet",10
cfb,2020-09-07T23:55:00+00:00,pre_kickoff_close,1,totals,"pinnacle,lowvig,betonlineag,draftkings,fanduel,betmgm,williamhill_us,fanatics,betrivers,espnbet",10
cfb,2020-09-10T02:30:00+00:00,forecast_decision,1,totals,"pinnacle,lowvig,betonlineag,draftkings,fanduel,betmgm,williamhill_us,fanatics,betrivers,espnbet",10
cfb,2020-09-10T23:55:00+00:00,pre_kickoff_close,1,totals,"pinnacle,lowvig,betonlineag,draftkings,fanduel,betmgm,williamhill_us,fanatics,betrivers,espnbet",10
cfb,2020-09-12T02:30:00+00:00,forecast_decision,19,totals,"pinnacle,lowvig,betonlineag,draftkings,fanduel,betmgm,williamhill_us,fanatics,betrivers,espnbet",10
cfb,2020-09-12T15:55:00+00:00,pre_kickoff_close,5,totals,"pinnacle,lowvig,betonlineag,draftkings,fanduel,betmgm,williamhill_us,fanatics,betrivers,espnbet",10
cfb,2020-09-12T17:25:00+00:00,pre_kickoff_close,1,totals,"pinnacle,lowvig,betonlineag,draftkings,fanduel,betmgm,williamhill_us,fanatics,betrivers,espnbet",10
cfb,2020-09-12T18:25:00+00:00,pre_kickoff_close,1,totals,"pinnacle,lowvig,betonlineag,draftkings,fanduel,betmgm,williamhill_us,fanatics,betrivers,espnbet",10
cfb,2020-09-12T19:25:00+00:00,pre_kickoff_close,1,totals,"pinnacle,lowvig,betonlineag,draftkings,fanduel,betmgm,williamhill_us,fanatics,betrivers,espnbet",10
cfb,2020-09-12T19:55:00+00:00,pre_kickoff_close,2,totals,"pinnacle,lowvig,betonlineag,draftkings,fanduel,betmgm,williamhill_us,fanatics,betrivers,espnbet",10
cfb,2020-09-12T20:09:00+00:00,pre_kickoff_close,1,totals,"pinnacle,lowvig,betonlineag,draftkings,fanduel,betmgm,williamhill_us,fanatics,betrivers,espnbet",10
cfb,2020-09-12T22:55:00+00:00,pre_kickoff_close,2,totals,"pinnacle,lowvig,betonlineag,draftkings,fanduel,betmgm,williamhill_us,fanatics,betrivers,espnbet",10
cfb,2020-09-12T23:25:00+00:00,pre_kickoff_close,2,totals,"pinnacle,lowvig,betonlineag,draftkings,fanduel,betmgm,williamhill_us,fanatics,betrivers,espnbet",10
cfb,2020-09-12T23:55:00+00:00,pre_kickoff_close,3,totals,"pinnacle,lowvig,betonlineag,draftkings,fanduel,betmgm,williamhill_us,fanatics,betrivers,espnbet",10
cfb,2020-09-13T01:55:00+00:00,pre_kickoff_close,1,totals,"pinnacle,lowvig,betonlineag,draftkings,fanduel,betmgm,williamhill_us,fanatics,betrivers,espnbet",10
cfb,2020-09-18T02:30:00+00:00,forecast_decision,1,totals,"pinnacle,lowvig,betonlineag,draftkings,fanduel,betmgm,williamhill_us,fanatics,betrivers,espnbet",10
cfb,2020-09-18T23:25:00+00:00,pre_kickoff_close,1,totals,"pinnacle,lowvig,betonlineag,draftkings,fanduel,betmgm,williamhill_us,fanatics,betrivers,espnbet",10
cfb,2020-09-19T02:30:00+00:00,forecast_decision,18,totals,"pinnacle,lowvig,betonlineag,draftkings,fanduel,betmgm,williamhill_us,fanatics,betrivers,espnbet",10
cfb,2020-09-19T15:55:00+00:00,pre_kickoff_close,7,totals,"pinnacle,lowvig,betonlineag,draftkings,fanduel,betmgm,williamhill_us,fanatics,betrivers,espnbet",10
cfb,2020-09-19T18:25:00+00:00,pre_kickoff_close,1,totals,"pinnacle,lowvig,betonlineag,draftkings,fanduel,betmgm,williamhill_us,fanatics,betrivers,espnbet",10
cfb,2020-09-19T19:25:00+00:00,pre_kickoff_close,3,totals,"pinnacle,lowvig,betonlineag,draftkings,fanduel,betmgm,williamhill_us,fanatics,betrivers,espnbet",10
cfb,2020-09-19T19:55:00+00:00,pre_kickoff_close,1,totals,"pinnacle,lowvig,betonlineag,draftkings,fanduel,betmgm,williamhill_us,fanatics,betrivers,espnbet",10
cfb,2020-09-19T21:55:00+00:00,pre_kickoff_close,1,totals,"pinnacle,lowvig,betonlineag,draftkings,fanduel,betmgm,williamhill_us,fanatics,betrivers,espnbet",10
cfb,2020-09-19T23:25:00+00:00,pre_kickoff_close,3,totals,"pinnacle,lowvig,betonlineag,draftkings,fanduel,betmgm,williamhill_us,fanatics,betrivers,espnbet",10
cfb,2020-09-19T23:55:00+00:00,pre_kickoff_close,1,totals,"pinnacle,lowvig,betonlineag,draftkings,fanduel,betmgm,williamhill_us,fanatics,betrivers,espnbet",10
cfb,2020-09-20T00:55:00+00:00,pre_kickoff_close,1,totals,"pinnacle,lowvig,betonlineag,draftkings,fanduel,betmgm,williamhill_us,fanatics,betrivers,espnbet",10
cfb,2020-09-24T02:30:00+00:00,forecast_decision,1,totals,"pinnacle,lowvig,betonlineag,draftkings,fanduel,betmgm,williamhill_us,fanatics,betrivers,espnbet",10
cfb,2020-09-24T23:25:00+00:00,pre_kickoff_close,1,totals,"pinnacle,lowvig,betonlineag,draftkings,fanduel,betmgm,williamhill_us,fanatics,betrivers,espnbet",10
cfb,2020-09-26T02:30:00+00:00,forecast_decision,25,totals,"pinnacle,lowvig,betonlineag,draftkings,fanduel,betmgm,williamhill_us,fanatics,betrivers,espnbet",10
cfb,2020-09-26T15:55:00+00:00,pre_kickoff_close,6,totals,"pinnacle,lowvig,betonlineag,draftkings,fanduel,betmgm,williamhill_us,fanatics,betrivers,espnbet",10
cfb,2020-09-26T16:55:00+00:00,pre_kickoff_close,1,totals,"pinnacle,lowvig,betonlineag,draftkings,fanduel,betmgm,williamhill_us,fanatics,betrivers,espnbet",10
cfb,2020-09-26T17:25:00+00:00,pre_kickoff_close,1,totals,"pinnacle,lowvig,betonlineag,draftkings,fanduel,betmgm,williamhill_us,fanatics,betrivers,espnbet",10
cfb,2020-09-26T19:25:00+00:00,pre_kickoff_close,5,totals,"pinnacle,lowvig,betonlineag,draftkings,fanduel,betmgm,williamhill_us,fanatics,betrivers,espnbet",10
cfb,2020-09-26T19:55:00+00:00,pre_kickoff_close,2,totals,"pinnacle,lowvig,betonlineag,draftkings,fanduel,betmgm,williamhill_us,fanatics,betrivers,espnbet",10
cfb,2020-09-26T21:55:00+00:00,pre_kickoff_close,1,totals,"pinnacle,lowvig,betonlineag,draftkings,fanduel,betmgm,williamhill_us,fanatics,betrivers,espnbet",10
cfb,2020-09-26T22:55:00+00:00,pre_kickoff_close,3,totals,"pinnacle,lowvig,betonlineag,draftkings,fanduel,betmgm,williamhill_us,fanatics,betrivers,espnbet",10
cfb,2020-09-26T23:25:00+00:00,pre_kickoff_close,4,totals,"pinnacle,lowvig,betonlineag,draftkings,fanduel,betmgm,williamhill_us,fanatics,betrivers,espnbet",10
cfb,2020-09-26T23:55:00+00:00,pre_kickoff_close,1,totals,"pinnacle,lowvig,betonlineag,draftkings,fanduel,betmgm,williamhill_us,fanatics,betrivers,espnbet",10
cfb,2020-09-27T02:10:00+00:00,pre_kickoff_close,1,totals,"pinnacle,lowvig,betonlineag,draftkings,fanduel,betmgm,williamhill_us,fanatics,betrivers,espnbet",10
cfb,2020-10-02T02:30:00+00:00,forecast_decision,2,totals,"pinnacle,lowvig,betonlineag,draftkings,fanduel,betmgm,williamhill_us,fanatics,betrivers,espnbet",10
cfb,2020-10-02T22:55:00+00:00,pre_kickoff_close,1,totals,"pinnacle,lowvig,betonlineag,draftkings,fanduel,betmgm,williamhill_us,fanatics,betrivers,espnbet",10
cfb,2020-10-03T00:55:00+00:00,pre_kickoff_close,1,totals,"pinnacle,lowvig,betonlineag,draftkings,fanduel,betmgm,williamhill_us,fanatics,betrivers,espnbet",10
cfb,2020-10-03T02:30:00+00:00,forecast_decision,29,totals,"pinnacle,lowvig,betonlineag,draftkings,fanduel,betmgm,williamhill_us,fanatics,betrivers,espnbet",10
cfb,2020-10-03T15:55:00+00:00,pre_kickoff_close,7,totals,"pinnacle,lowvig,betonlineag,draftkings,fanduel,betmgm,williamhill_us,fanatics,betrivers,espnbet",10
cfb,2020-10-03T16:55:00+00:00,pre_kickoff_close,1,totals,"pinnacle,lowvig,betonlineag,draftkings,fanduel,betmgm,williamhill_us,fanatics,betrivers,espnbet",10
cfb,2020-10-03T17:25:00+00:00,pre_kickoff_close,1,totals,"pinnacle,lowvig,betonlineag,draftkings,fanduel,betmgm,williamhill_us,fanatics,betrivers,espnbet",10
cfb,2020-10-03T19:25:00+00:00,pre_kickoff_close,6,totals,"pinnacle,lowvig,betonlineag,draftkings,fanduel,betmgm,williamhill_us,fanatics,betrivers,espnbet",10
cfb,2020-10-03T19:55:00+00:00,pre_kickoff_close,4,totals,"pinnacle,lowvig,betonlineag,draftkings,fanduel,betmgm,williamhill_us,fanatics,betrivers,espnbet",10
cfb,2020-10-03T20:55:00+00:00,pre_kickoff_close,1,totals,"pinnacle,lowvig,betonlineag,draftkings,fanduel,betmgm,williamhill_us,fanatics,betrivers,espnbet",10
cfb,2020-10-03T21:55:00+00:00,pre_kickoff_close,1,totals,"pinnacle,lowvig,betonlineag,draftkings,fanduel,betmgm,williamhill_us,fanatics,betrivers,espnbet",10
cfb,2020-10-03T22:55:00+00:00,pre_kickoff_close,1,totals,"pinnacle,lowvig,betonlineag,draftkings,fanduel,betmgm,williamhill_us,fanatics,betrivers,espnbet",10
cfb,2020-10-03T23:25:00+00:00,pre_kickoff_close,6,totals,"pinnacle,lowvig,betonlineag,draftkings,fanduel,betmgm,williamhill_us,fanatics,betrivers,espnbet",10
cfb,2020-10-03T23:55:00+00:00,pre_kickoff_close,1,totals,"pinnacle,lowvig,betonlineag,draftkings,fanduel,betmgm,williamhill_us,fanatics,betrivers,espnbet",10
cfb,2020-10-08T02:30:00+00:00,forecast_decision,1,totals,"pinnacle,lowvig,betonlineag,draftkings,fanduel,betmgm,williamhill_us,fanatics,betrivers,espnbet",10
cfb,2020-10-08T23:25:00+00:00,pre_kickoff_close,1,totals,"pinnacle,lowvig,betonlineag,draftkings,fanduel,betmgm,williamhill_us,fanatics,betrivers,espnbet",10
cfb,2020-10-09T02:30:00+00:00,forecast_decision,1,totals,"pinnacle,lowvig,betonlineag,draftkings,fanduel,betmgm,williamhill_us,fanatics,betrivers,espnbet",10
cfb,2020-10-09T22:55:00+00:00,pre_kickoff_close,1,totals,"pinnacle,lowvig,betonlineag,draftkings,fanduel,betmgm,williamhill_us,fanatics,betrivers,espnbet",10
cfb,2020-10-10T02:30:00+00:00,forecast_decision,22,totals,"pinnacle,lowvig,betonlineag,draftkings,fanduel,betmgm,williamhill_us,fanatics,betrivers,espnbet",10
cfb,2020-10-10T15:55:00+00:00,pre_kickoff_close,6,totals,"pinnacle,lowvig,betonlineag,draftkings,fanduel,betmgm,williamhill_us,fanatics,betrivers,espnbet",10
cfb,2020-10-10T17:25:00+00:00,pre_kickoff_close,1,totals,"pinnacle,lowvig,betonlineag,draftkings,fanduel,betmgm,williamhill_us,fanatics,betrivers,espnbet",10
cfb,2020-10-10T19:25:00+00:00,pre_kickoff_close,5,totals,"pinnacle,lowvig,betonlineag,draftkings,fanduel,betmgm,williamhill_us,fanatics,betrivers,espnbet",10
cfb,2020-10-10T19:55:00+00:00,pre_kickoff_close,3,totals,"pinnacle,lowvig,betonlineag,draftkings,fanduel,betmgm,williamhill_us,fanatics,betrivers,espnbet",10
cfb,2020-10-10T21:55:00+00:00,pre_kickoff_close,1,totals,"pinnacle,lowvig,betonlineag,draftkings,fanduel,betmgm,williamhill_us,fanatics,betrivers,espnbet",10
cfb,2020-10-10T22:55:00+00:00,pre_kickoff_close,1,totals,"pinnacle,lowvig,betonlineag,draftkings,fanduel,betmgm,williamhill_us,fanatics,betrivers,espnbet",10
cfb,2020-10-10T23:25:00+00:00,pre_kickoff_close,4,totals,"pinnacle,lowvig,betonlineag,draftkings,fanduel,betmgm,williamhill_us,fanatics,betrivers,espnbet",10
cfb,2020-10-10T23:55:00+00:00,pre_kickoff_close,1,totals,"pinnacle,lowvig,betonlineag,draftkings,fanduel,betmgm,williamhill_us,fanatics,betrivers,espnbet",10
cfb,2020-10-14T02:30:00+00:00,forecast_decision,1,totals,"pinnacle,lowvig,betonlineag,draftkings,fanduel,betmgm,williamhill_us,fanatics,betrivers,espnbet",10
cfb,2020-10-14T23:25:00+00:00,pre_kickoff_close,1,totals,"pinnacle,lowvig,betonlineag,draftkings,fanduel,betmgm,williamhill_us,fanatics,betrivers,espnbet",10
cfb,2020-10-15T02:30:00+00:00,forecast_decision,1,totals,"pinnacle,lowvig,betonlineag,draftkings,fanduel,betmgm,williamhill_us,fanatics,betrivers,espnbet",10
cfb,2020-10-15T23:25:00+00:00,pre_kickoff_close,1,totals,"pinnacle,lowvig,betonlineag,draftkings,fanduel,betmgm,williamhill_us,fanatics,betrivers,espnbet",10
cfb,2020-10-16T02:30:00+00:00,forecast_decision,2,totals,"pinnacle,lowvig,betonlineag,draftkings,fanduel,betmgm,williamhill_us,fanatics,betrivers,espnbet",10
cfb,2020-10-16T21:55:00+00:00,pre_kickoff_close,1,totals,"pinnacle,lowvig,betonlineag,draftkings,fanduel,betmgm,williamhill_us,fanatics,betrivers,espnbet",10
cfb,2020-10-17T01:25:00+00:00,pre_kickoff_close,1,totals,"pinnacle,lowvig,betonlineag,draftkings,fanduel,betmgm,williamhill_us,fanatics,betrivers,espnbet",10
cfb,2020-10-17T02:30:00+00:00,forecast_decision,20,totals,"pinnacle,lowvig,betonlineag,draftkings,fanduel,betmgm,williamhill_us,fanatics,betrivers,espnbet",10
cfb,2020-10-17T15:55:00+00:00,pre_kickoff_close,8,totals,"pinnacle,lowvig,betonlineag,draftkings,fanduel,betmgm,williamhill_us,fanatics,betrivers,espnbet",10
cfb,2020-10-17T18:25:00+00:00,pre_kickoff_close,1,totals,"pinnacle,lowvig,betonlineag,draftkings,fanduel,betmgm,williamhill_us,fanatics,betrivers,espnbet",10
cfb,2020-10-17T19:25:00+00:00,pre_kickoff_close,4,totals,"pinnacle,lowvig,betonlineag,draftkings,fanduel,betmgm,williamhill_us,fanatics,betrivers,espnbet",10
cfb,2020-10-17T19:55:00+00:00,pre_kickoff_close,3,totals,"pinnacle,lowvig,betonlineag,draftkings,fanduel,betmgm,williamhill_us,fanatics,betrivers,espnbet",10
cfb,2020-10-17T20:55:00+00:00,pre_kickoff_close,1,totals,"pinnacle,lowvig,betonlineag,draftkings,fanduel,betmgm,williamhill_us,fanatics,betrivers,espnbet",10
cfb,2020-10-17T23:25:00+00:00,pre_kickoff_close,1,totals,"pinnacle,lowvig,betonlineag,draftkings,fanduel,betmgm,williamhill_us,fanatics,betrivers,espnbet",10
cfb,2020-10-17T23:55:00+00:00,pre_kickoff_close,2,totals,"pinnacle,lowvig,betonlineag,draftkings,fanduel,betmgm,williamhill_us,fanatics,betrivers,espnbet",10
cfb,2020-10-22T02:30:00+00:00,forecast_decision,1,totals,"pinnacle,lowvig,betonlineag,draftkings,fanduel,betmgm,williamhill_us,fanatics,betrivers,espnbet",10
cfb,2020-10-22T23:25:00+00:00,pre_kickoff_close,1,totals,"pinnacle,lowvig,betonlineag,draftkings,fanduel,betmgm,williamhill_us,fanatics,betrivers,espnbet",10
cfb,2020-10-23T02:30:00+00:00,forecast_decision,2,totals,"pinnacle,lowvig,betonlineag,draftkings,fanduel,betmgm,williamhill_us,fanatics,betrivers,espnbet",10
cfb,2020-10-23T23:25:00+00:00,pre_kickoff_close,1,totals,"pinnacle,lowvig,betonlineag,draftkings,fanduel,betmgm,williamhill_us,fanatics,betrivers,espnbet",10
cfb,2020-10-23T23:55:00+00:00,pre_kickoff_close,1,totals,"pinnacle,lowvig,betonlineag,draftkings,fanduel,betmgm,williamhill_us,fanatics,betrivers,espnbet",10
cfb,2020-10-24T02:30:00+00:00,forecast_decision,37,totals,"pinnacle,lowvig,betonlineag,draftkings,fanduel,betmgm,williamhill_us,fanatics,betrivers,espnbet",10
cfb,2020-10-24T15:55:00+00:00,pre_kickoff_close,10,totals,"pinnacle,lowvig,betonlineag,draftkings,fanduel,betmgm,williamhill_us,fanatics,betrivers,espnbet",10
cfb,2020-10-24T16:55:00+00:00,pre_kickoff_close,1,totals,"pinnacle,lowvig,betonlineag,draftkings,fanduel,betmgm,williamhill_us,fanatics,betrivers,espnbet",10
cfb,2020-10-24T17:55:00+00:00,pre_kickoff_close,1,totals,"pinnacle,lowvig,betonlineag,draftkings,fanduel,betmgm,williamhill_us,fanatics,betrivers,espnbet",10
cfb,2020-10-24T18:25:00+00:00,pre_kickoff_close,1,totals,"pinnacle,lowvig,betonlineag,draftkings,fanduel,betmgm,williamhill_us,fanatics,betrivers,espnbet",10
cfb,2020-10-24T19:25:00+00:00,pre_kickoff_close,8,totals,"pinnacle,lowvig,betonlineag,draftkings,fanduel,betmgm,williamhill_us,fanatics,betrivers,espnbet",10
cfb,2020-10-24T19:36:00+00:00,pre_kickoff_close,1,totals,"pinnacle,lowvig,betonlineag,draftkings,fanduel,betmgm,williamhill_us,fanatics,betrivers,espnbet",10
cfb,2020-10-24T19:55:00+00:00,pre_kickoff_close,4,totals,"pinnacle,lowvig,betonlineag,draftkings,fanduel,betmgm,williamhill_us,fanatics,betrivers,espnbet",10
cfb,2020-10-24T21:25:00+00:00,pre_kickoff_close,1,totals,"pinnacle,lowvig,betonlineag,draftkings,fanduel,betmgm,williamhill_us,fanatics,betrivers,espnbet",10
cfb,2020-10-24T22:55:00+00:00,pre_kickoff_close,4,totals,"pinnacle,lowvig,betonlineag,draftkings,fanduel,betmgm,williamhill_us,fanatics,betrivers,espnbet",10
cfb,2020-10-24T23:25:00+00:00,pre_kickoff_close,2,totals,"pinnacle,lowvig,betonlineag,draftkings,fanduel,betmgm,williamhill_us,fanatics,betrivers,espnbet",10
cfb,2020-10-24T23:55:00+00:00,pre_kickoff_close,1,totals,"pinnacle,lowvig,betonlineag,draftkings,fanduel,betmgm,williamhill_us,fanatics,betrivers,espnbet",10
cfb,2020-10-25T00:55:00+00:00,pre_kickoff_close,1,totals,"pinnacle,lowvig,betonlineag,draftkings,fanduel,betmgm,williamhill_us,fanatics,betrivers,espnbet",10
cfb,2020-10-25T02:10:00+00:00,pre_kickoff_close,1,totals,"pinnacle,lowvig,betonlineag,draftkings,fanduel,betmgm,williamhill_us,fanatics,betrivers,espnbet",10
cfb,2020-10-25T02:25:00+00:00,pre_kickoff_close,1,totals,"pinnacle,lowvig,betonlineag,draftkings,fanduel,betmgm,williamhill_us,fanatics,betrivers,espnbet",10
cfb,2020-10-29T02:30:00+00:00,forecast_decision,2,totals,"pinnacle,lowvig,betonlineag,draftkings,fanduel,betmgm,williamhill_us,fanatics,betrivers,espnbet",10
cfb,2020-10-29T23:25:00+00:00,pre_kickoff_close,1,totals,"pinnacle,lowvig,betonlineag,draftkings,fanduel,betmgm,williamhill_us,fanatics,betrivers,espnbet",10
cfb,2020-10-30T01:55:00+00:00,pre_kickoff_close,1,totals,"pinnacle,lowvig,betonlineag,draftkings,fanduel,betmgm,williamhill_us,fanatics,betrivers,espnbet",10
cfb,2020-10-30T02:30:00+00:00,forecast_decision,3,totals,"pinnacle,lowvig,betonlineag,draftkings,fanduel,betmgm,williamhill_us,fanatics,betrivers,espnbet",10
cfb,2020-10-30T23:25:00+00:00,pre_kickoff_close,1,totals,"pinnacle,lowvig,betonlineag,draftkings,fanduel,betmgm,williamhill_us,fanatics,betrivers,espnbet",10
cfb,2020-10-31T00:55:00+00:00,pre_kickoff_close,1,totals,"pinnacle,lowvig,betonlineag,draftkings,fanduel,betmgm,williamhill_us,fanatics,betrivers,espnbet",10
cfb,2020-10-31T01:40:00+00:00,pre_kickoff_close,1,totals,"pinnacle,lowvig,betonlineag,draftkings,fanduel,betmgm,williamhill_us,fanatics,betrivers,espnbet",10
cfb,2020-10-31T02:30:00+00:00,forecast_decision,35,totals,"pinnacle,lowvig,betonlineag,draftkings,fanduel,betmgm,williamhill_us,fanatics,betrivers,espnbet",10
cfb,2020-10-31T15:55:00+00:00,pre_kickoff_close,10,totals,"pinnacle,lowvig,betonlineag,draftkings,fanduel,betmgm,williamhill_us,fanatics,betrivers,espnbet",10
cfb,2020-10-31T17:55:00+00:00,pre_kickoff_close,1,totals,"pinnacle,lowvig,betonlineag,draftkings,fanduel,betmgm,williamhill_us,fanatics,betrivers,espnbet",10
cfb,2020-10-31T18:55:00+00:00,pre_kickoff_close,2,totals,"pinnacle,lowvig,betonlineag,draftkings,fanduel,betmgm,williamhill_us,fanatics,betrivers,espnbet",10
cfb,2020-10-31T19:25:00+00:00,pre_kickoff_close,5,totals,"pinnacle,lowvig,betonlineag,draftkings,fanduel,betmgm,williamhill_us,fanatics,betrivers,espnbet",10
cfb,2020-10-31T19:55:00+00:00,pre_kickoff_close,4,totals,"pinnacle,lowvig,betonlineag,draftkings,fanduel,betmgm,williamhill_us,fanatics,betrivers,espnbet",10
cfb,2020-10-31T21:55:00+00:00,pre_kickoff_close,1,totals,"pinnacle,lowvig,betonlineag,draftkings,fanduel,betmgm,williamhill_us,fanatics,betrivers,espnbet",10
cfb,2020-10-31T22:55:00+00:00,pre_kickoff_close,3,totals,"pinnacle,lowvig,betonlineag,draftkings,fanduel,betmgm,williamhill_us,fanatics,betrivers,espnbet",10
cfb,2020-10-31T23:25:00+00:00,pre_kickoff_close,4,totals,"pinnacle,lowvig,betonlineag,draftkings,fanduel,betmgm,williamhill_us,fanatics,betrivers,espnbet",10
cfb,2020-10-31T23:55:00+00:00,pre_kickoff_close,3,totals,"pinnacle,lowvig,betonlineag,draftkings,fanduel,betmgm,williamhill_us,fanatics,betrivers,espnbet",10
cfb,2020-11-01T01:25:00+00:00,pre_kickoff_close,1,totals,"pinnacle,lowvig,betonlineag,draftkings,fanduel,betmgm,williamhill_us,fanatics,betrivers,espnbet",10
cfb,2020-11-01T02:10:00+00:00,pre_kickoff_close,1,totals,"pinnacle,lowvig,betonlineag,draftkings,fanduel,betmgm,williamhill_us,fanatics,betrivers,espnbet",10
cfb,2020-11-04T03:30:00+00:00,forecast_decision,6,totals,"pinnacle,lowvig,betonlineag,draftkings,fanduel,betmgm,williamhill_us,fanatics,betrivers,espnbet",10
cfb,2020-11-04T22:55:00+00:00,pre_kickoff_close,2,totals,"pinnacle,lowvig,betonlineag,draftkings,fanduel,betmgm,williamhill_us,fanatics,betrivers,espnbet",10
cfb,2020-11-04T23:55:00+00:00,pre_kickoff_close,3,totals,"pinnacle,lowvig,betonlineag,draftkings,fanduel,betmgm,williamhill_us,fanatics,betrivers,espnbet",10
cfb,2020-11-05T00:55:00+00:00,pre_kickoff_close,1,totals,"pinnacle,lowvig,betonlineag,draftkings,fanduel,betmgm,williamhill_us,fanatics,betrivers,espnbet",10
cfb,2020-11-05T03:30:00+00:00,forecast_decision,2,totals,"pinnacle,lowvig,betonlineag,draftkings,fanduel,betmgm,williamhill_us,fanatics,betrivers,espnbet",10
cfb,2020-11-05T23:55:00+00:00,pre_kickoff_close,1,totals,"pinnacle,lowvig,betonlineag,draftkings,fanduel,betmgm,williamhill_us,fanatics,betrivers,espnbet",10
cfb,2020-11-06T01:55:00+00:00,pre_kickoff_close,1,totals,"pinnacle,lowvig,betonlineag,draftkings,fanduel,betmgm,williamhill_us,fanatics,betrivers,espnbet",10
cfb,2020-11-06T03:30:00+00:00,forecast_decision,2,totals,"pinnacle,lowvig,betonlineag,draftkings,fanduel,betmgm,williamhill_us,fanatics,betrivers,espnbet",10
cfb,2020-11-07T00:25:00+00:00,pre_kickoff_close,1,totals,"pinnacle,lowvig,betonlineag,draftkings,fanduel,betmgm,williamhill_us,fanatics,betrivers,espnbet",10
cfb,2020-11-07T02:40:00+00:00,pre_kickoff_close,1,totals,"pinnacle,lowvig,betonlineag,draftkings,fanduel,betmgm,williamhill_us,fanatics,betrivers,espnbet",10
cfb,2020-11-07T03:30:00+00:00,forecast_decision,33,totals,"pinnacle,lowvig,betonlineag,draftkings,fanduel,betmgm,williamhill_us,fanatics,betrivers,espnbet",10
cfb,2020-11-07T16:55:00+00:00,pre_kickoff_close,11,totals,"pinnacle,lowvig,betonlineag,draftkings,fanduel,betmgm,williamhill_us,fanatics,betrivers,espnbet",10
cfb,2020-11-07T17:55:00+00:00,pre_kickoff_close,1,totals,"pinnacle,lowvig,betonlineag,draftkings,fanduel,betmgm,williamhill_us,fanatics,betrivers,espnbet",10
cfb,2020-11-07T19:25:00+00:00,pre_kickoff_close,1,totals,"pinnacle,lowvig,betonlineag,draftkings,fanduel,betmgm,williamhill_us,fanatics,betrivers,espnbet",10
cfb,2020-11-07T19:55:00+00:00,pre_kickoff_close,2,totals,"pinnacle,lowvig,betonlineag,draftkings,fanduel,betmgm,williamhill_us,fanatics,betrivers,espnbet",10
cfb,2020-11-07T20:25:00+00:00,pre_kickoff_close,6,totals,"pinnacle,lowvig,betonlineag,draftkings,fanduel,betmgm,williamhill_us,fanatics,betrivers,espnbet",10
cfb,2020-11-07T20:55:00+00:00,pre_kickoff_close,2,totals,"pinnacle,lowvig,betonlineag,draftkings,fanduel,betmgm,williamhill_us,fanatics,betrivers,espnbet",10
cfb,2020-11-07T22:55:00+00:00,pre_kickoff_close,1,totals,"pinnacle,lowvig,betonlineag,draftkings,fanduel,betmgm,williamhill_us,fanatics,betrivers,espnbet",10
cfb,2020-11-07T23:55:00+00:00,pre_kickoff_close,3,totals,"pinnacle,lowvig,betonlineag,draftkings,fanduel,betmgm,williamhill_us,fanatics,betrivers,espnbet",10
cfb,2020-11-08T00:25:00+00:00,pre_kickoff_close,4,totals,"pinnacle,lowvig,betonlineag,draftkings,fanduel,betmgm,williamhill_us,fanatics,betrivers,espnbet",10
cfb,2020-11-08T00:55:00+00:00,pre_kickoff_close,1,totals,"pinnacle,lowvig,betonlineag,draftkings,fanduel,betmgm,williamhill_us,fanatics,betrivers,espnbet",10
cfb,2020-11-08T03:25:00+00:00,pre_kickoff_close,1,totals,"pinnacle,lowvig,betonlineag,draftkings,fanduel,betmgm,williamhill_us,fanatics,betrivers,espnbet",10
cfb,2020-11-10T03:30:00+00:00,forecast_decision,2,totals,"pinnacle,lowvig,betonlineag,draftkings,fanduel,betmgm,williamhill_us,fanatics,betrivers,espnbet",10
cfb,2020-11-11T00:25:00+00:00,pre_kickoff_close,1,totals,"pinnacle,lowvig,betonlineag,draftkings,fanduel,betmgm,williamhill_us,fanatics,betrivers,espnbet",10
cfb,2020-11-11T00:55:00+00:00,pre_kickoff_close,1,totals,"pinnacle,lowvig,betonlineag,draftkings,fanduel,betmgm,williamhill_us,fanatics,betrivers,espnbet",10
cfb,2020-11-11T03:30:00+00:00,forecast_decision,3,totals,"pinnacle,lowvig,betonlineag,draftkings,fanduel,betmgm,williamhill_us,fanatics,betrivers,espnbet",10
cfb,2020-11-11T23:55:00+00:00,pre_kickoff_close,1,totals,"pinnacle,lowvig,betonlineag,draftkings,fanduel,betmgm,williamhill_us,fanatics,betrivers,espnbet",10
cfb,2020-11-12T00:55:00+00:00,pre_kickoff_close,2,totals,"pinnacle,lowvig,betonlineag,draftkings,fanduel,betmgm,williamhill_us,fanatics,betrivers,espnbet",10
cfb,2020-11-12T03:30:00+00:00,forecast_decision,1,totals,"pinnacle,lowvig,betonlineag,draftkings,fanduel,betmgm,williamhill_us,fanatics,betrivers,espnbet",10
cfb,2020-11-13T00:55:00+00:00,pre_kickoff_close,1,totals,"pinnacle,lowvig,betonlineag,draftkings,fanduel,betmgm,williamhill_us,fanatics,betrivers,espnbet",10
cfb,2020-11-13T03:30:00+00:00,forecast_decision,2,totals,"pinnacle,lowvig,betonlineag,draftkings,fanduel,betmgm,williamhill_us,fanatics,betrivers,espnbet",10
cfb,2020-11-13T23:55:00+00:00,pre_kickoff_close,1,totals,"pinnacle,lowvig,betonlineag,draftkings,fanduel,betmgm,williamhill_us,fanatics,betrivers,espnbet",10
cfb,2020-11-14T00:25:00+00:00,pre_kickoff_close,1,totals,"pinnacle,lowvig,betonlineag,draftkings,fanduel,betmgm,williamhill_us,fanatics,betrivers,espnbet",10
cfb,2020-11-14T03:30:00+00:00,forecast_decision,31,totals,"pinnacle,lowvig,betonlineag,draftkings,fanduel,betmgm,williamhill_us,fanatics,betrivers,espnbet",10
cfb,2020-11-14T16:55:00+00:00,pre_kickoff_close,9,totals,"pinnacle,lowvig,betonlineag,draftkings,fanduel,betmgm,williamhill_us,fanatics,betrivers,espnbet",10
cfb,2020-11-14T17:55:00+00:00,pre_kickoff_close,1,totals,"pinnacle,lowvig,betonlineag,draftkings,fanduel,betmgm,williamhill_us,fanatics,betrivers,espnbet",10
cfb,2020-11-14T18:55:00+00:00,pre_kickoff_close,1,totals,"pinnacle,lowvig,betonlineag,draftkings,fanduel,betmgm,williamhill_us,fanatics,betrivers,espnbet",10
cfb,2020-11-14T19:25:00+00:00,pre_kickoff_close,2,totals,"pinnacle,lowvig,betonlineag,draftkings,fanduel,betmgm,williamhill_us,fanatics,betrivers,espnbet",10
cfb,2020-11-14T20:25:00+00:00,pre_kickoff_close,7,totals,"pinnacle,lowvig,betonlineag,draftkings,fanduel,betmgm,williamhill_us,fanatics,betrivers,espnbet",10
cfb,2020-11-14T20:55:00+00:00,pre_kickoff_close,1,totals,"pinnacle,lowvig,betonlineag,draftkings,fanduel,betmgm,williamhill_us,fanatics,betrivers,espnbet",10
cfb,2020-11-14T21:55:00+00:00,pre_kickoff_close,1,totals,"pinnacle,lowvig,betonlineag,draftkings,fanduel,betmgm,williamhill_us,fanatics,betrivers,espnbet",10
cfb,2020-11-14T23:25:00+00:00,pre_kickoff_close,1,totals,"pinnacle,lowvig,betonlineag,draftkings,fanduel,betmgm,williamhill_us,fanatics,betrivers,espnbet",10
cfb,2020-11-14T23:55:00+00:00,pre_kickoff_close,3,totals,"pinnacle,lowvig,betonlineag,draftkings,fanduel,betmgm,williamhill_us,fanatics,betrivers,espnbet",10
cfb,2020-11-15T00:25:00+00:00,pre_kickoff_close,3,totals,"pinnacle,lowvig,betonlineag,draftkings,fanduel,betmgm,williamhill_us,fanatics,betrivers,espnbet",10
cfb,2020-11-15T03:25:00+00:00,pre_kickoff_close,1,totals,"pinnacle,lowvig,betonlineag,draftkings,fanduel,betmgm,williamhill_us,fanatics,betrivers,espnbet",10
cfb,2020-11-15T03:30:00+00:00,forecast_decision,1,totals,"pinnacle,lowvig,betonlineag,draftkings,fanduel,betmgm,williamhill_us,fanatics,betrivers,espnbet",10
cfb,2020-11-15T03:55:00+00:00,pre_kickoff_close,1,totals,"pinnacle,lowvig,betonlineag,draftkings,fanduel,betmgm,williamhill_us,fanatics,betrivers,espnbet",10
cfb,2020-11-15T16:55:00+00:00,pre_kickoff_close,1,totals,"pinnacle,lowvig,betonlineag,draftkings,fanduel,betmgm,williamhill_us,fanatics,betrivers,espnbet",10
cfb,2020-11-17T03:30:00+00:00,forecast_decision,2,totals,"pinnacle,lowvig,betonlineag,draftkings,fanduel,betmgm,williamhill_us,fanatics,betrivers,espnbet",10
cfb,2020-11-17T23:55:00+00:00,pre_kickoff_close,1,totals,"pinnacle,lowvig,betonlineag,draftkings,fanduel,betmgm,williamhill_us,fanatics,betrivers,espnbet",10
cfb,2020-11-18T00:55:00+00:00,pre_kickoff_close,1,totals,"pinnacle,lowvig,betonlineag,draftkings,fanduel,betmgm,williamhill_us,fanatics,betrivers,espnbet",10
cfb,2020-11-18T03:30:00+00:00,forecast_decision,3,totals,"pinnacle,lowvig,betonlineag,draftkings,fanduel,betmgm,williamhill_us,fanatics,betrivers,espnbet",10
cfb,2020-11-18T23:55:00+00:00,pre_kickoff_close,3,totals,"pinnacle,lowvig,betonlineag,draftkings,fanduel,betmgm,williamhill_us,fanatics,betrivers,espnbet",10
cfb,2020-11-19T03:30:00+00:00,forecast_decision,1,totals,"pinnacle,lowvig,betonlineag,draftkings,fanduel,betmgm,williamhill_us,fanatics,betrivers,espnbet",10
cfb,2020-11-20T00:25:00+00:00,pre_kickoff_close,1,totals,"pinnacle,lowvig,betonlineag,draftkings,fanduel,betmgm,williamhill_us,fanatics,betrivers,espnbet",10
cfb,2020-11-20T03:30:00+00:00,forecast_decision,4,totals,"pinnacle,lowvig,betonlineag,draftkings,fanduel,betmgm,williamhill_us,fanatics,betrivers,espnbet",10
cfb,2020-11-20T23:55:00+00:00,pre_kickoff_close,1,totals,"pinnacle,lowvig,betonlineag,draftkings,fanduel,betmgm,williamhill_us,fanatics,betrivers,espnbet",10
cfb,2020-11-21T00:25:00+00:00,pre_kickoff_close,1,totals,"pinnacle,lowvig,betonlineag,draftkings,fanduel,betmgm,williamhill_us,fanatics,betrivers,espnbet",10
cfb,2020-11-21T00:55:00+00:00,pre_kickoff_close,1,totals,"pinnacle,lowvig,betonlineag,draftkings,fanduel,betmgm,williamhill_us,fanatics,betrivers,espnbet",10
cfb,2020-11-21T02:25:00+00:00,pre_kickoff_close,1,totals,"pinnacle,lowvig,betonlineag,draftkings,fanduel,betmgm,williamhill_us,fanatics,betrivers,espnbet",10
cfb,2020-11-21T03:30:00+00:00,forecast_decision,31,totals,"pinnacle,lowvig,betonlineag,draftkings,fanduel,betmgm,williamhill_us,fanatics,betrivers,espnbet",10
cfb,2020-11-21T16:55:00+00:00,pre_kickoff_close,9,totals,"pinnacle,lowvig,betonlineag,draftkings,fanduel,betmgm,williamhill_us,fanatics,betrivers,espnbet",10
cfb,2020-11-21T18:55:00+00:00,pre_kickoff_close,2,totals,"pinnacle,lowvig,betonlineag,draftkings,fanduel,betmgm,williamhill_us,fanatics,betrivers,espnbet",10
cfb,2020-11-21T19:55:00+00:00,pre_kickoff_close,2,totals,"pinnacle,lowvig,betonlineag,draftkings,fanduel,betmgm,williamhill_us,fanatics,betrivers,espnbet",10
cfb,2020-11-21T20:25:00+00:00,pre_kickoff_close,6,totals,"pinnacle,lowvig,betonlineag,draftkings,fanduel,betmgm,williamhill_us,fanatics,betrivers,espnbet",10
cfb,2020-11-21T20:55:00+00:00,pre_kickoff_close,4,totals,"pinnacle,lowvig,betonlineag,draftkings,fanduel,betmgm,williamhill_us,fanatics,betrivers,espnbet",10
cfb,2020-11-21T23:55:00+00:00,pre_kickoff_close,1,totals,"pinnacle,lowvig,betonlineag,draftkings,fanduel,betmgm,williamhill_us,fanatics,betrivers,espnbet",10
cfb,2020-11-22T00:25:00+00:00,pre_kickoff_close,5,totals,"pinnacle,lowvig,betonlineag,draftkings,fanduel,betmgm,williamhill_us,fanatics,betrivers,espnbet",10
cfb,2020-11-22T00:55:00+00:00,pre_kickoff_close,1,totals,"pinnacle,lowvig,betonlineag,draftkings,fanduel,betmgm,williamhill_us,fanatics,betrivers,espnbet",10
cfb,2020-11-22T03:25:00+00:00,pre_kickoff_close,1,totals,"pinnacle,lowvig,betonlineag,draftkings,fanduel,betmgm,williamhill_us,fanatics,betrivers,espnbet",10
cfb,2020-11-26T03:30:00+00:00,forecast_decision,1,totals,"pinnacle,lowvig,betonlineag,draftkings,fanduel,betmgm,williamhill_us,fanatics,betrivers,espnbet",10
cfb,2020-11-26T23:55:00+00:00,pre_kickoff_close,1,totals,"pinnacle,lowvig,betonlineag,draftkings,fanduel,betmgm,williamhill_us,fanatics,betrivers,espnbet",10
cfb,2020-11-27T03:30:00+00:00,forecast_decision,8,totals,"pinnacle,lowvig,betonlineag,draftkings,fanduel,betmgm,williamhill_us,fanatics,betrivers,espnbet",10
cfb,2020-11-27T16:55:00+00:00,pre_kickoff_close,2,totals,"pinnacle,lowvig,betonlineag,draftkings,fanduel,betmgm,williamhill_us,fanatics,betrivers,espnbet",10
cfb,2020-11-27T17:55:00+00:00,pre_kickoff_close,1,totals,"pinnacle,lowvig,betonlineag,draftkings,fanduel,betmgm,williamhill_us,fanatics,betrivers,espnbet",10
cfb,2020-11-27T20:25:00+00:00,pre_kickoff_close,2,totals,"pinnacle,lowvig,betonlineag,draftkings,fanduel,betmgm,williamhill_us,fanatics,betrivers,espnbet",10
cfb,2020-11-27T20:55:00+00:00,pre_kickoff_close,1,totals,"pinnacle,lowvig,betonlineag,draftkings,fanduel,betmgm,williamhill_us,fanatics,betrivers,espnbet",10
cfb,2020-11-27T21:25:00+00:00,pre_kickoff_close,1,totals,"pinnacle,lowvig,betonlineag,draftkings,fanduel,betmgm,williamhill_us,fanatics,betrivers,espnbet",10
cfb,2020-11-28T00:25:00+00:00,pre_kickoff_close,1,totals,"pinnacle,lowvig,betonlineag,draftkings,fanduel,betmgm,williamhill_us,fanatics,betrivers,espnbet",10
cfb,2020-11-28T03:30:00+00:00,forecast_decision,29,totals,"pinnacle,lowvig,betonlineag,draftkings,fanduel,betmgm,williamhill_us,fanatics,betrivers,espnbet",10
cfb,2020-11-28T16:55:00+00:00,pre_kickoff_close,10,totals,"pinnacle,lowvig,betonlineag,draftkings,fanduel,betmgm,williamhill_us,fanatics,betrivers,espnbet",10
cfb,2020-11-28T17:55:00+00:00,pre_kickoff_close,1,totals,"pinnacle,lowvig,betonlineag,draftkings,fanduel,betmgm,williamhill_us,fanatics,betrivers,espnbet",10
cfb,2020-11-28T19:55:00+00:00,pre_kickoff_close,3,totals,"pinnacle,lowvig,betonlineag,draftkings,fanduel,betmgm,williamhill_us,fanatics,betrivers,espnbet",10
cfb,2020-11-28T20:25:00+00:00,pre_kickoff_close,4,totals,"pinnacle,lowvig,betonlineag,draftkings,fanduel,betmgm,williamhill_us,fanatics,betrivers,espnbet",10
cfb,2020-11-28T20:55:00+00:00,pre_kickoff_close,2,totals,"pinnacle,lowvig,betonlineag,draftkings,fanduel,betmgm,williamhill_us,fanatics,betrivers,espnbet",10
cfb,2020-11-28T22:32:00+00:00,pre_kickoff_close,1,totals,"pinnacle,lowvig,betonlineag,draftkings,fanduel,betmgm,williamhill_us,fanatics,betrivers,espnbet",10
cfb,2020-11-28T23:55:00+00:00,pre_kickoff_close,4,totals,"pinnacle,lowvig,betonlineag,draftkings,fanduel,betmgm,williamhill_us,fanatics,betrivers,espnbet",10
cfb,2020-11-29T00:25:00+00:00,pre_kickoff_close,2,totals,"pinnacle,lowvig,betonlineag,draftkings,fanduel,betmgm,williamhill_us,fanatics,betrivers,espnbet",10
cfb,2020-11-29T00:55:00+00:00,pre_kickoff_close,2,totals,"pinnacle,lowvig,betonlineag,draftkings,fanduel,betmgm,williamhill_us,fanatics,betrivers,espnbet",10
cfb,2020-12-03T03:30:00+00:00,forecast_decision,2,totals,"pinnacle,lowvig,betonlineag,draftkings,fanduel,betmgm,williamhill_us,fanatics,betrivers,espnbet",10
cfb,2020-12-03T22:55:00+00:00,pre_kickoff_close,1,totals,"pinnacle,lowvig,betonlineag,draftkings,fanduel,betmgm,williamhill_us,fanatics,betrivers,espnbet",10
cfb,2020-12-04T02:25:00+00:00,pre_kickoff_close,1,totals,"pinnacle,lowvig,betonlineag,draftkings,fanduel,betmgm,williamhill_us,fanatics,betrivers,espnbet",10
cfb,2020-12-04T03:30:00+00:00,forecast_decision,1,totals,"pinnacle,lowvig,betonlineag,draftkings,fanduel,betmgm,williamhill_us,fanatics,betrivers,espnbet",10
cfb,2020-12-05T01:25:00+00:00,pre_kickoff_close,1,totals,"pinnacle,lowvig,betonlineag,draftkings,fanduel,betmgm,williamhill_us,fanatics,betrivers,espnbet",10
cfb,2020-12-05T03:30:00+00:00,forecast_decision,40,totals,"pinnacle,lowvig,betonlineag,draftkings,fanduel,betmgm,williamhill_us,fanatics,betrivers,espnbet",10
cfb,2020-12-05T16:55:00+00:00,pre_kickoff_close,12,totals,"pinnacle,lowvig,betonlineag,draftkings,fanduel,betmgm,williamhill_us,fanatics,betrivers,espnbet",10
cfb,2020-12-05T18:55:00+00:00,pre_kickoff_close,4,totals,"pinnacle,lowvig,betonlineag,draftkings,fanduel,betmgm,williamhill_us,fanatics,betrivers,espnbet",10
cfb,2020-12-05T19:25:00+00:00,pre_kickoff_close,1,totals,"pinnacle,lowvig,betonlineag,draftkings,fanduel,betmgm,williamhill_us,fanatics,betrivers,espnbet",10
cfb,2020-12-05T19:55:00+00:00,pre_kickoff_close,1,totals,"pinnacle,lowvig,betonlineag,draftkings,fanduel,betmgm,williamhill_us,fanatics,betrivers,espnbet",10
cfb,2020-12-05T20:25:00+00:00,pre_kickoff_close,6,totals,"pinnacle,lowvig,betonlineag,draftkings,fanduel,betmgm,williamhill_us,fanatics,betrivers,espnbet",10
cfb,2020-12-05T20:55:00+00:00,pre_kickoff_close,2,totals,"pinnacle,lowvig,betonlineag,draftkings,fanduel,betmgm,williamhill_us,fanatics,betrivers,espnbet",10
cfb,2020-12-05T22:25:00+00:00,pre_kickoff_close,1,totals,"pinnacle,lowvig,betonlineag,draftkings,fanduel,betmgm,williamhill_us,fanatics,betrivers,espnbet",10
cfb,2020-12-05T22:55:00+00:00,pre_kickoff_close,2,totals,"pinnacle,lowvig,betonlineag,draftkings,fanduel,betmgm,williamhill_us,fanatics,betrivers,espnbet",10
cfb,2020-12-05T23:55:00+00:00,pre_kickoff_close,2,totals,"pinnacle,lowvig,betonlineag,draftkings,fanduel,betmgm,williamhill_us,fanatics,betrivers,espnbet",10
cfb,2020-12-06T00:25:00+00:00,pre_kickoff_close,2,totals,"pinnacle,lowvig,betonlineag,draftkings,fanduel,betmgm,williamhill_us,fanatics,betrivers,espnbet",10
cfb,2020-12-06T00:55:00+00:00,pre_kickoff_close,3,totals,"pinnacle,lowvig,betonlineag,draftkings,fanduel,betmgm,williamhill_us,fanatics,betrivers,espnbet",10
cfb,2020-12-06T01:55:00+00:00,pre_kickoff_close,1,totals,"pinnacle,lowvig,betonlineag,draftkings,fanduel,betmgm,williamhill_us,fanatics,betrivers,espnbet",10
cfb,2020-12-06T03:25:00+00:00,pre_kickoff_close,3,totals,"pinnacle,lowvig,betonlineag,draftkings,fanduel,betmgm,williamhill_us,fanatics,betrivers,espnbet",10
cfb,2020-12-06T03:30:00+00:00,forecast_decision,2,totals,"pinnacle,lowvig,betonlineag,draftkings,fanduel,betmgm,williamhill_us,fanatics,betrivers,espnbet",10
cfb,2020-12-06T16:55:00+00:00,pre_kickoff_close,1,totals,"pinnacle,lowvig,betonlineag,draftkings,fanduel,betmgm,williamhill_us,fanatics,betrivers,espnbet",10
cfb,2020-12-07T00:25:00+00:00,pre_kickoff_close,1,totals,"pinnacle,lowvig,betonlineag,draftkings,fanduel,betmgm,williamhill_us,fanatics,betrivers,espnbet",10
cfb,2020-12-10T03:30:00+00:00,forecast_decision,2,totals,"pinnacle,lowvig,betonlineag,draftkings,fanduel,betmgm,williamhill_us,fanatics,betrivers,espnbet",10
cfb,2020-12-10T23:25:00+00:00,pre_kickoff_close,1,totals,"pinnacle,lowvig,betonlineag,draftkings,fanduel,betmgm,williamhill_us,fanatics,betrivers,espnbet",10
cfb,2020-12-10T23:55:00+00:00,pre_kickoff_close,1,totals,"pinnacle,lowvig,betonlineag,draftkings,fanduel,betmgm,williamhill_us,fanatics,betrivers,espnbet",10
cfb,2020-12-11T03:30:00+00:00,forecast_decision,3,totals,"pinnacle,lowvig,betonlineag,draftkings,fanduel,betmgm,williamhill_us,fanatics,betrivers,espnbet",10
cfb,2020-12-11T22:55:00+00:00,pre_kickoff_close,1,totals,"pinnacle,lowvig,betonlineag,draftkings,fanduel,betmgm,williamhill_us,fanatics,betrivers,espnbet",10
cfb,2020-12-11T23:55:00+00:00,pre_kickoff_close,1,totals,"pinnacle,lowvig,betonlineag,draftkings,fanduel,betmgm,williamhill_us,fanatics,betrivers,espnbet",10
cfb,2020-12-12T02:55:00+00:00,pre_kickoff_close,1,totals,"pinnacle,lowvig,betonlineag,draftkings,fanduel,betmgm,williamhill_us,fanatics,betrivers,espnbet",10
cfb,2020-12-12T03:30:00+00:00,forecast_decision,30,totals,"pinnacle,lowvig,betonlineag,draftkings,fanduel,betmgm,williamhill_us,fanatics,betrivers,espnbet",10
cfb,2020-12-12T16:55:00+00:00,pre_kickoff_close,9,totals,"pinnacle,lowvig,betonlineag,draftkings,fanduel,betmgm,williamhill_us,fanatics,betrivers,espnbet",10
cfb,2020-12-12T17:55:00+00:00,pre_kickoff_close,1,totals,"pinnacle,lowvig,betonlineag,draftkings,fanduel,betmgm,williamhill_us,fanatics,betrivers,espnbet",10
cfb,2020-12-12T19:25:00+00:00,pre_kickoff_close,1,totals,"pinnacle,lowvig,betonlineag,draftkings,fanduel,betmgm,williamhill_us,fanatics,betrivers,espnbet",10
cfb,2020-12-12T19:55:00+00:00,pre_kickoff_close,3,totals,"pinnacle,lowvig,betonlineag,draftkings,fanduel,betmgm,williamhill_us,fanatics,betrivers,espnbet",10
cfb,2020-12-12T20:25:00+00:00,pre_kickoff_close,4,totals,"pinnacle,lowvig,betonlineag,draftkings,fanduel,betmgm,williamhill_us,fanatics,betrivers,espnbet",10
cfb,2020-12-12T20:55:00+00:00,pre_kickoff_close,2,totals,"pinnacle,lowvig,betonlineag,draftkings,fanduel,betmgm,williamhill_us,fanatics,betrivers,espnbet",10
cfb,2020-12-12T22:55:00+00:00,pre_kickoff_close,2,totals,"pinnacle,lowvig,betonlineag,draftkings,fanduel,betmgm,williamhill_us,fanatics,betrivers,espnbet",10
cfb,2020-12-12T23:55:00+00:00,pre_kickoff_close,2,totals,"pinnacle,lowvig,betonlineag,draftkings,fanduel,betmgm,williamhill_us,fanatics,betrivers,espnbet",10
cfb,2020-12-13T00:25:00+00:00,pre_kickoff_close,2,totals,"pinnacle,lowvig,betonlineag,draftkings,fanduel,betmgm,williamhill_us,fanatics,betrivers,espnbet",10
cfb,2020-12-13T00:55:00+00:00,pre_kickoff_close,1,totals,"pinnacle,lowvig,betonlineag,draftkings,fanduel,betmgm,williamhill_us,fanatics,betrivers,espnbet",10
cfb,2020-12-13T02:55:00+00:00,pre_kickoff_close,2,totals,"pinnacle,lowvig,betonlineag,draftkings,fanduel,betmgm,williamhill_us,fanatics,betrivers,espnbet",10
cfb,2020-12-13T03:25:00+00:00,pre_kickoff_close,1,totals,"pinnacle,lowvig,betonlineag,draftkings,fanduel,betmgm,williamhill_us,fanatics,betrivers,espnbet",10
cfb,2020-12-18T03:30:00+00:00,forecast_decision,3,totals,"pinnacle,lowvig,betonlineag,draftkings,fanduel,betmgm,williamhill_us,fanatics,betrivers,espnbet",10
cfb,2020-12-18T23:55:00+00:00,pre_kickoff_close,1,totals,"pinnacle,lowvig,betonlineag,draftkings,fanduel,betmgm,williamhill_us,fanatics,betrivers,espnbet",10
cfb,2020-12-19T00:25:00+00:00,pre_kickoff_close,1,totals,"pinnacle,lowvig,betonlineag,draftkings,fanduel,betmgm,williamhill_us,fanatics,betrivers,espnbet",10
cfb,2020-12-19T00:55:00+00:00,pre_kickoff_close,1,totals,"pinnacle,lowvig,betonlineag,draftkings,fanduel,betmgm,williamhill_us,fanatics,betrivers,espnbet",10
cfb,2020-12-19T03:30:00+00:00,forecast_decision,10,totals,"pinnacle,lowvig,betonlineag,draftkings,fanduel,betmgm,williamhill_us,fanatics,betrivers,espnbet",10
cfb,2020-12-19T16:55:00+00:00,pre_kickoff_close,1,totals,"pinnacle,lowvig,betonlineag,draftkings,fanduel,betmgm,williamhill_us,fanatics,betrivers,espnbet",10
cfb,2020-12-19T18:25:00+00:00,pre_kickoff_close,1,totals,"pinnacle,lowvig,betonlineag,draftkings,fanduel,betmgm,williamhill_us,fanatics,betrivers,espnbet",10
cfb,2020-12-19T19:55:00+00:00,pre_kickoff_close,1,totals,"pinnacle,lowvig,betonlineag,draftkings,fanduel,betmgm,williamhill_us,fanatics,betrivers,espnbet",10
cfb,2020-12-19T20:25:00+00:00,pre_kickoff_close,2,totals,"pinnacle,lowvig,betonlineag,draftkings,fanduel,betmgm,williamhill_us,fanatics,betrivers,espnbet",10
cfb,2020-12-19T20:55:00+00:00,pre_kickoff_close,1,totals,"pinnacle,lowvig,betonlineag,draftkings,fanduel,betmgm,williamhill_us,fanatics,betrivers,espnbet",10
cfb,2020-12-19T22:25:00+00:00,pre_kickoff_close,1,totals,"pinnacle,lowvig,betonlineag,draftkings,fanduel,betmgm,williamhill_us,fanatics,betrivers,espnbet",10
cfb,2020-12-19T23:55:00+00:00,pre_kickoff_close,1,totals,"pinnacle,lowvig,betonlineag,draftkings,fanduel,betmgm,williamhill_us,fanatics,betrivers,espnbet",10
cfb,2020-12-20T00:55:00+00:00,pre_kickoff_close,1,totals,"pinnacle,lowvig,betonlineag,draftkings,fanduel,betmgm,williamhill_us,fanatics,betrivers,espnbet",10
cfb,2020-12-20T03:25:00+00:00,pre_kickoff_close,1,totals,"pinnacle,lowvig,betonlineag,draftkings,fanduel,betmgm,williamhill_us,fanatics,betrivers,espnbet",10
cfb,2021-08-28T02:30:00+00:00,forecast_decision,5,totals,"pinnacle,lowvig,betonlineag,draftkings,fanduel,betmgm,williamhill_us,fanatics,betrivers,espnbet",10
cfb,2021-08-28T17:15:00+00:00,pre_kickoff_close,1,totals,"pinnacle,lowvig,betonlineag,draftkings,fanduel,betmgm,williamhill_us,fanatics,betrivers,espnbet",10
cfb,2021-08-28T17:55:00+00:00,pre_kickoff_close,1,totals,"pinnacle,lowvig,betonlineag,draftkings,fanduel,betmgm,williamhill_us,fanatics,betrivers,espnbet",10
cfb,2021-08-28T19:25:00+00:00,pre_kickoff_close,1,totals,"pinnacle,lowvig,betonlineag,draftkings,fanduel,betmgm,williamhill_us,fanatics,betrivers,espnbet",10
cfb,2021-08-29T01:25:00+00:00,pre_kickoff_close,1,totals,"pinnacle,lowvig,betonlineag,draftkings,fanduel,betmgm,williamhill_us,fanatics,betrivers,espnbet",10
cfb,2021-08-29T01:55:00+00:00,pre_kickoff_close,1,totals,"pinnacle,lowvig,betonlineag,draftkings,fanduel,betmgm,williamhill_us,fanatics,betrivers,espnbet",10
cfb,2021-09-02T02:30:00+00:00,forecast_decision,13,totals,"pinnacle,lowvig,betonlineag,draftkings,fanduel,betmgm,williamhill_us,fanatics,betrivers,espnbet",10
cfb,2021-09-02T22:55:00+00:00,pre_kickoff_close,4,totals,"pinnacle,lowvig,betonlineag,draftkings,fanduel,betmgm,williamhill_us,fanatics,betrivers,espnbet",10
cfb,2021-09-02T23:25:00+00:00,pre_kickoff_close,4,totals,"pinnacle,lowvig,betonlineag,draftkings,fanduel,betmgm,williamhill_us,fanatics,betrivers,espnbet",10
cfb,2021-09-02T23:55:00+00:00,pre_kickoff_close,4,totals,"pinnacle,lowvig,betonlineag,draftkings,fanduel,betmgm,williamhill_us,fanatics,betrivers,espnbet",10
cfb,2021-09-03T02:25:00+00:00,pre_kickoff_close,1,totals,"pinnacle,lowvig,betonlineag,draftkings,fanduel,betmgm,williamhill_us,fanatics,betrivers,espnbet",10
cfb,2021-09-03T02:30:00+00:00,forecast_decision,7,totals,"pinnacle,lowvig,betonlineag,draftkings,fanduel,betmgm,williamhill_us,fanatics,betrivers,espnbet",10
cfb,2021-09-03T21:55:00+00:00,pre_kickoff_close,1,totals,"pinnacle,lowvig,betonlineag,draftkings,fanduel,betmgm,williamhill_us,fanatics,betrivers,espnbet",10
cfb,2021-09-03T22:55:00+00:00,pre_kickoff_close,3,totals,"pinnacle,lowvig,betonlineag,draftkings,fanduel,betmgm,williamhill_us,fanatics,betrivers,espnbet",10
cfb,2021-09-03T23:55:00+00:00,pre_kickoff_close,1,totals,"pinnacle,lowvig,betonlineag,draftkings,fanduel,betmgm,williamhill_us,fanatics,betrivers,espnbet",10
cfb,2021-09-04T00:55:00+00:00,pre_kickoff_close,2,totals,"pinnacle,lowvig,betonlineag,draftkings,fanduel,betmgm,williamhill_us,fanatics,betrivers,espnbet",10
cfb,2021-09-04T02:30:00+00:00,forecast_decision,51,totals,"pinnacle,lowvig,betonlineag,draftkings,fanduel,betmgm,williamhill_us,fanatics,betrivers,espnbet",10
cfb,2021-09-04T15:55:00+00:00,pre_kickoff_close,9,totals,"pinnacle,lowvig,betonlineag,draftkings,fanduel,betmgm,williamhill_us,fanatics,betrivers,espnbet",10
cfb,2021-09-04T17:55:00+00:00,pre_kickoff_close,3,totals,"pinnacle,lowvig,betonlineag,draftkings,fanduel,betmgm,williamhill_us,fanatics,betrivers,espnbet",10
cfb,2021-09-04T19:25:00+00:00,pre_kickoff_close,4,totals,"pinnacle,lowvig,betonlineag,draftkings,fanduel,betmgm,williamhill_us,fanatics,betrivers,espnbet",10
cfb,2021-09-04T19:55:00+00:00,pre_kickoff_close,4,totals,"pinnacle,lowvig,betonlineag,draftkings,fanduel,betmgm,williamhill_us,fanatics,betrivers,espnbet",10
cfb,2021-09-04T20:25:00+00:00,pre_kickoff_close,2,totals,"pinnacle,lowvig,betonlineag,draftkings,fanduel,betmgm,williamhill_us,fanatics,betrivers,espnbet",10
cfb,2021-09-04T20:55:00+00:00,pre_kickoff_close,1,totals,"pinnacle,lowvig,betonlineag,draftkings,fanduel,betmgm,williamhill_us,fanatics,betrivers,espnbet",10
cfb,2021-09-04T21:55:00+00:00,pre_kickoff_close,2,totals,"pinnacle,lowvig,betonlineag,draftkings,fanduel,betmgm,williamhill_us,fanatics,betrivers,espnbet",10
cfb,2021-09-04T22:55:00+00:00,pre_kickoff_close,11,totals,"pinnacle,lowvig,betonlineag,draftkings,fanduel,betmgm,williamhill_us,fanatics,betrivers,espnbet",10
cfb,2021-09-04T23:25:00+00:00,pre_kickoff_close,5,totals,"pinnacle,lowvig,betonlineag,draftkings,fanduel,betmgm,williamhill_us,fanatics,betrivers,espnbet",10
cfb,2021-09-04T23:55:00+00:00,pre_kickoff_close,5,totals,"pinnacle,lowvig,betonlineag,draftkings,fanduel,betmgm,williamhill_us,fanatics,betrivers,espnbet",10
cfb,2021-09-05T00:25:00+00:00,pre_kickoff_close,1,totals,"pinnacle,lowvig,betonlineag,draftkings,fanduel,betmgm,williamhill_us,fanatics,betrivers,espnbet",10
cfb,2021-09-05T00:55:00+00:00,pre_kickoff_close,1,totals,"pinnacle,lowvig,betonlineag,draftkings,fanduel,betmgm,williamhill_us,fanatics,betrivers,espnbet",10
cfb,2021-09-05T02:25:00+00:00,pre_kickoff_close,1,totals,"pinnacle,lowvig,betonlineag,draftkings,fanduel,betmgm,williamhill_us,fanatics,betrivers,espnbet",10
cfb,2021-09-05T02:30:00+00:00,forecast_decision,1,totals,"pinnacle,lowvig,betonlineag,draftkings,fanduel,betmgm,williamhill_us,fanatics,betrivers,espnbet",10
cfb,2021-09-05T02:55:00+00:00,pre_kickoff_close,1,totals,"pinnacle,lowvig,betonlineag,draftkings,fanduel,betmgm,williamhill_us,fanatics,betrivers,espnbet",10
cfb,2021-09-05T03:54:00+00:00,pre_kickoff_close,1,totals,"pinnacle,lowvig,betonlineag,draftkings,fanduel,betmgm,williamhill_us,fanatics,betrivers,espnbet",10
cfb,2021-09-05T23:25:00+00:00,pre_kickoff_close,1,totals,"pinnacle,lowvig,betonlineag,draftkings,fanduel,betmgm,williamhill_us,fanatics,betrivers,espnbet",10
cfb,2021-09-10T02:30:00+00:00,forecast_decision,4,totals,"pinnacle,lowvig,betonlineag,draftkings,fanduel,betmgm,williamhill_us,fanatics,betrivers,espnbet",10
cfb,2021-09-10T23:25:00+00:00,pre_kickoff_close,1,totals,"pinnacle,lowvig,betonlineag,draftkings,fanduel,betmgm,williamhill_us,fanatics,betrivers,espnbet",10
cfb,2021-09-10T23:55:00+00:00,pre_kickoff_close,1,totals,"pinnacle,lowvig,betonlineag,draftkings,fanduel,betmgm,williamhill_us,fanatics,betrivers,espnbet",10
cfb,2021-09-11T01:25:00+00:00,pre_kickoff_close,1,totals,"pinnacle,lowvig,betonlineag,draftkings,fanduel,betmgm,williamhill_us,fanatics,betrivers,espnbet",10
cfb,2021-09-11T02:15:00+00:00,pre_kickoff_close,1,totals,"pinnacle,lowvig,betonlineag,draftkings,fanduel,betmgm,williamhill_us,fanatics,betrivers,espnbet",10
cfb,2021-09-11T02:30:00+00:00,forecast_decision,69,totals,"pinnacle,lowvig,betonlineag,draftkings,fanduel,betmgm,williamhill_us,fanatics,betrivers,espnbet",10
cfb,2021-09-11T14:55:00+00:00,pre_kickoff_close,1,totals,"pinnacle,lowvig,betonlineag,draftkings,fanduel,betmgm,williamhill_us,fanatics,betrivers,espnbet",10
cfb,2021-09-11T15:25:00+00:00,pre_kickoff_close,2,totals,"pinnacle,lowvig,betonlineag,draftkings,fanduel,betmgm,williamhill_us,fanatics,betrivers,espnbet",10
cfb,2021-09-11T15:55:00+00:00,pre_kickoff_close,9,totals,"pinnacle,lowvig,betonlineag,draftkings,fanduel,betmgm,williamhill_us,fanatics,betrivers,espnbet",10
cfb,2021-09-11T16:55:00+00:00,pre_kickoff_close,1,totals,"pinnacle,lowvig,betonlineag,draftkings,fanduel,betmgm,williamhill_us,fanatics,betrivers,espnbet",10
cfb,2021-09-11T17:25:00+00:00,pre_kickoff_close,1,totals,"pinnacle,lowvig,betonlineag,draftkings,fanduel,betmgm,williamhill_us,fanatics,betrivers,espnbet",10
cfb,2021-09-11T17:55:00+00:00,pre_kickoff_close,1,totals,"pinnacle,lowvig,betonlineag,draftkings,fanduel,betmgm,williamhill_us,fanatics,betrivers,espnbet",10
cfb,2021-09-11T18:25:00+00:00,pre_kickoff_close,1,totals,"pinnacle,lowvig,betonlineag,draftkings,fanduel,betmgm,williamhill_us,fanatics,betrivers,espnbet",10
cfb,2021-09-11T18:55:00+00:00,pre_kickoff_close,2,totals,"pinnacle,lowvig,betonlineag,draftkings,fanduel,betmgm,williamhill_us,fanatics,betrivers,espnbet",10
cfb,2021-09-11T19:25:00+00:00,pre_kickoff_close,9,totals,"pinnacle,lowvig,betonlineag,draftkings,fanduel,betmgm,williamhill_us,fanatics,betrivers,espnbet",10
cfb,2021-09-11T19:55:00+00:00,pre_kickoff_close,2,totals,"pinnacle,lowvig,betonlineag,draftkings,fanduel,betmgm,williamhill_us,fanatics,betrivers,espnbet",10
cfb,2021-09-11T20:25:00+00:00,pre_kickoff_close,1,totals,"pinnacle,lowvig,betonlineag,draftkings,fanduel,betmgm,williamhill_us,fanatics,betrivers,espnbet",10
cfb,2021-09-11T20:55:00+00:00,pre_kickoff_close,3,totals,"pinnacle,lowvig,betonlineag,draftkings,fanduel,betmgm,williamhill_us,fanatics,betrivers,espnbet",10
cfb,2021-09-11T21:55:00+00:00,pre_kickoff_close,2,totals,"pinnacle,lowvig,betonlineag,draftkings,fanduel,betmgm,williamhill_us,fanatics,betrivers,espnbet",10
cfb,2021-09-11T22:25:00+00:00,pre_kickoff_close,3,totals,"pinnacle,lowvig,betonlineag,draftkings,fanduel,betmgm,williamhill_us,fanatics,betrivers,espnbet",10
cfb,2021-09-11T22:55:00+00:00,pre_kickoff_close,16,totals,"pinnacle,lowvig,betonlineag,draftkings,fanduel,betmgm,williamhill_us,fanatics,betrivers,espnbet",10
cfb,2021-09-11T23:25:00+00:00,pre_kickoff_close,4,totals,"pinnacle,lowvig,betonlineag,draftkings,fanduel,betmgm,williamhill_us,fanatics,betrivers,espnbet",10
cfb,2021-09-11T23:55:00+00:00,pre_kickoff_close,3,totals,"pinnacle,lowvig,betonlineag,draftkings,fanduel,betmgm,williamhill_us,fanatics,betrivers,espnbet",10
cfb,2021-09-12T01:55:00+00:00,pre_kickoff_close,3,totals,"pinnacle,lowvig,betonlineag,draftkings,fanduel,betmgm,williamhill_us,fanatics,betrivers,espnbet",10
cfb,2021-09-12T02:10:00+00:00,pre_kickoff_close,1,totals,"pinnacle,lowvig,betonlineag,draftkings,fanduel,betmgm,williamhill_us,fanatics,betrivers,espnbet",10
cfb,2021-09-12T02:25:00+00:00,pre_kickoff_close,3,totals,"pinnacle,lowvig,betonlineag,draftkings,fanduel,betmgm,williamhill_us,fanatics,betrivers,espnbet",10
cfb,2021-09-12T02:55:00+00:00,pre_kickoff_close,1,totals,"pinnacle,lowvig,betonlineag,draftkings,fanduel,betmgm,williamhill_us,fanatics,betrivers,espnbet",10
cfb,2021-09-16T02:30:00+00:00,forecast_decision,1,totals,"pinnacle,lowvig,betonlineag,draftkings,fanduel,betmgm,williamhill_us,fanatics,betrivers,espnbet",10
cfb,2021-09-16T23:55:00+00:00,pre_kickoff_close,1,totals,"pinnacle,lowvig,betonlineag,draftkings,fanduel,betmgm,williamhill_us,fanatics,betrivers,espnbet",10
cfb,2021-09-17T02:30:00+00:00,forecast_decision,2,totals,"pinnacle,lowvig,betonlineag,draftkings,fanduel,betmgm,williamhill_us,fanatics,betrivers,espnbet",10
cfb,2021-09-17T23:25:00+00:00,pre_kickoff_close,1,totals,"pinnacle,lowvig,betonlineag,draftkings,fanduel,betmgm,williamhill_us,fanatics,betrivers,espnbet",10
cfb,2021-09-18T00:55:00+00:00,pre_kickoff_close,1,totals,"pinnacle,lowvig,betonlineag,draftkings,fanduel,betmgm,williamhill_us,fanatics,betrivers,espnbet",10
cfb,2021-09-18T02:30:00+00:00,forecast_decision,63,totals,"pinnacle,lowvig,betonlineag,draftkings,fanduel,betmgm,williamhill_us,fanatics,betrivers,espnbet",10
cfb,2021-09-18T15:55:00+00:00,pre_kickoff_close,13,totals,"pinnacle,lowvig,betonlineag,draftkings,fanduel,betmgm,williamhill_us,fanatics,betrivers,espnbet",10
cfb,2021-09-18T16:55:00+00:00,pre_kickoff_close,1,totals,"pinnacle,lowvig,betonlineag,draftkings,fanduel,betmgm,williamhill_us,fanatics,betrivers,espnbet",10
cfb,2021-09-18T17:55:00+00:00,pre_kickoff_close,1,totals,"pinnacle,lowvig,betonlineag,draftkings,fanduel,betmgm,williamhill_us,fanatics,betrivers,espnbet",10
cfb,2021-09-18T18:25:00+00:00,pre_kickoff_close,1,totals,"pinnacle,lowvig,betonlineag,draftkings,fanduel,betmgm,williamhill_us,fanatics,betrivers,espnbet",10
cfb,2021-09-18T19:25:00+00:00,pre_kickoff_close,13,totals,"pinnacle,lowvig,betonlineag,draftkings,fanduel,betmgm,williamhill_us,fanatics,betrivers,espnbet",10
cfb,2021-09-18T19:55:00+00:00,pre_kickoff_close,6,totals,"pinnacle,lowvig,betonlineag,draftkings,fanduel,betmgm,williamhill_us,fanatics,betrivers,espnbet",10
cfb,2021-09-18T20:10:00+00:00,pre_kickoff_close,1,totals,"pinnacle,lowvig,betonlineag,draftkings,fanduel,betmgm,williamhill_us,fanatics,betrivers,espnbet",10
cfb,2021-09-18T20:55:00+00:00,pre_kickoff_close,1,totals,"pinnacle,lowvig,betonlineag,draftkings,fanduel,betmgm,williamhill_us,fanatics,betrivers,espnbet",10
cfb,2021-09-18T21:55:00+00:00,pre_kickoff_close,3,totals,"pinnacle,lowvig,betonlineag,draftkings,fanduel,betmgm,williamhill_us,fanatics,betrivers,espnbet",10
cfb,2021-09-18T22:55:00+00:00,pre_kickoff_close,7,totals,"pinnacle,lowvig,betonlineag,draftkings,fanduel,betmgm,williamhill_us,fanatics,betrivers,espnbet",10
cfb,2021-09-18T23:25:00+00:00,pre_kickoff_close,7,totals,"pinnacle,lowvig,betonlineag,draftkings,fanduel,betmgm,williamhill_us,fanatics,betrivers,espnbet",10
cfb,2021-09-18T23:55:00+00:00,pre_kickoff_close,5,totals,"pinnacle,lowvig,betonlineag,draftkings,fanduel,betmgm,williamhill_us,fanatics,betrivers,espnbet",10
cfb,2021-09-19T00:55:00+00:00,pre_kickoff_close,1,totals,"pinnacle,lowvig,betonlineag,draftkings,fanduel,betmgm,williamhill_us,fanatics,betrivers,espnbet",10
cfb,2021-09-19T01:55:00+00:00,pre_kickoff_close,1,totals,"pinnacle,lowvig,betonlineag,draftkings,fanduel,betmgm,williamhill_us,fanatics,betrivers,espnbet",10
cfb,2021-09-19T02:10:00+00:00,pre_kickoff_close,1,totals,"pinnacle,lowvig,betonlineag,draftkings,fanduel,betmgm,williamhill_us,fanatics,betrivers,espnbet",10
cfb,2021-09-19T02:40:00+00:00,pre_kickoff_close,1,totals,"pinnacle,lowvig,betonlineag,draftkings,fanduel,betmgm,williamhill_us,fanatics,betrivers,espnbet",10
cfb,2021-09-23T02:30:00+00:00,forecast_decision,1,totals,"pinnacle,lowvig,betonlineag,draftkings,fanduel,betmgm,williamhill_us,fanatics,betrivers,espnbet",10
cfb,2021-09-23T23:25:00+00:00,pre_kickoff_close,1,totals,"pinnacle,lowvig,betonlineag,draftkings,fanduel,betmgm,williamhill_us,fanatics,betrivers,espnbet",10
cfb,2021-09-24T02:30:00+00:00,forecast_decision,3,totals,"pinnacle,lowvig,betonlineag,draftkings,fanduel,betmgm,williamhill_us,fanatics,betrivers,espnbet",10
cfb,2021-09-24T22:25:00+00:00,pre_kickoff_close,1,totals,"pinnacle,lowvig,betonlineag,draftkings,fanduel,betmgm,williamhill_us,fanatics,betrivers,espnbet",10
cfb,2021-09-24T22:55:00+00:00,pre_kickoff_close,1,totals,"pinnacle,lowvig,betonlineag,draftkings,fanduel,betmgm,williamhill_us,fanatics,betrivers,espnbet",10
cfb,2021-09-25T01:55:00+00:00,pre_kickoff_close,1,totals,"pinnacle,lowvig,betonlineag,draftkings,fanduel,betmgm,williamhill_us,fanatics,betrivers,espnbet",10
cfb,2021-09-25T02:30:00+00:00,forecast_decision,56,totals,"pinnacle,lowvig,betonlineag,draftkings,fanduel,betmgm,williamhill_us,fanatics,betrivers,espnbet",10
cfb,2021-09-25T15:55:00+00:00,pre_kickoff_close,13,totals,"pinnacle,lowvig,betonlineag,draftkings,fanduel,betmgm,williamhill_us,fanatics,betrivers,espnbet",10
cfb,2021-09-25T16:25:00+00:00,pre_kickoff_close,1,totals,"pinnacle,lowvig,betonlineag,draftkings,fanduel,betmgm,williamhill_us,fanatics,betrivers,espnbet",10
cfb,2021-09-25T16:55:00+00:00,pre_kickoff_close,1,totals,"pinnacle,lowvig,betonlineag,draftkings,fanduel,betmgm,williamhill_us,fanatics,betrivers,espnbet",10
cfb,2021-09-25T17:55:00+00:00,pre_kickoff_close,3,totals,"pinnacle,lowvig,betonlineag,draftkings,fanduel,betmgm,williamhill_us,fanatics,betrivers,espnbet",10
cfb,2021-09-25T18:25:00+00:00,pre_kickoff_close,2,totals,"pinnacle,lowvig,betonlineag,draftkings,fanduel,betmgm,williamhill_us,fanatics,betrivers,espnbet",10
cfb,2021-09-25T19:25:00+00:00,pre_kickoff_close,9,totals,"pinnacle,lowvig,betonlineag,draftkings,fanduel,betmgm,williamhill_us,fanatics,betrivers,espnbet",10
cfb,2021-09-25T19:55:00+00:00,pre_kickoff_close,2,totals,"pinnacle,lowvig,betonlineag,draftkings,fanduel,betmgm,williamhill_us,fanatics,betrivers,espnbet",10
cfb,2021-09-25T20:55:00+00:00,pre_kickoff_close,1,totals,"pinnacle,lowvig,betonlineag,draftkings,fanduel,betmgm,williamhill_us,fanatics,betrivers,espnbet",10
cfb,2021-09-25T21:55:00+00:00,pre_kickoff_close,4,totals,"pinnacle,lowvig,betonlineag,draftkings,fanduel,betmgm,williamhill_us,fanatics,betrivers,espnbet",10
cfb,2021-09-25T22:25:00+00:00,pre_kickoff_close,1,totals,"pinnacle,lowvig,betonlineag,draftkings,fanduel,betmgm,williamhill_us,fanatics,betrivers,espnbet",10
cfb,2021-09-25T22:55:00+00:00,pre_kickoff_close,5,totals,"pinnacle,lowvig,betonlineag,draftkings,fanduel,betmgm,williamhill_us,fanatics,betrivers,espnbet",10
cfb,2021-09-25T23:25:00+00:00,pre_kickoff_close,3,totals,"pinnacle,lowvig,betonlineag,draftkings,fanduel,betmgm,williamhill_us,fanatics,betrivers,espnbet",10
cfb,2021-09-25T23:55:00+00:00,pre_kickoff_close,5,totals,"pinnacle,lowvig,betonlineag,draftkings,fanduel,betmgm,williamhill_us,fanatics,betrivers,espnbet",10
cfb,2021-09-26T00:55:00+00:00,pre_kickoff_close,1,totals,"pinnacle,lowvig,betonlineag,draftkings,fanduel,betmgm,williamhill_us,fanatics,betrivers,espnbet",10
cfb,2021-09-26T01:25:00+00:00,pre_kickoff_close,1,totals,"pinnacle,lowvig,betonlineag,draftkings,fanduel,betmgm,williamhill_us,fanatics,betrivers,espnbet",10
cfb,2021-09-26T02:10:00+00:00,pre_kickoff_close,1,totals,"pinnacle,lowvig,betonlineag,draftkings,fanduel,betmgm,williamhill_us,fanatics,betrivers,espnbet",10
cfb,2021-09-26T02:25:00+00:00,pre_kickoff_close,3,totals,"pinnacle,lowvig,betonlineag,draftkings,fanduel,betmgm,williamhill_us,fanatics,betrivers,espnbet",10
cfb,2021-09-30T02:30:00+00:00,forecast_decision,1,totals,"pinnacle,lowvig,betonlineag,draftkings,fanduel,betmgm,williamhill_us,fanatics,betrivers,espnbet",10
cfb,2021-09-30T23:25:00+00:00,pre_kickoff_close,1,totals,"pinnacle,lowvig,betonlineag,draftkings,fanduel,betmgm,williamhill_us,fanatics,betrivers,espnbet",10
cfb,2021-10-01T02:30:00+00:00,forecast_decision,3,totals,"pinnacle,lowvig,betonlineag,draftkings,fanduel,betmgm,williamhill_us,fanatics,betrivers,espnbet",10
cfb,2021-10-01T23:25:00+00:00,pre_kickoff_close,1,totals,"pinnacle,lowvig,betonlineag,draftkings,fanduel,betmgm,williamhill_us,fanatics,betrivers,espnbet",10
cfb,2021-10-01T23:55:00+00:00,pre_kickoff_close,1,totals,"pinnacle,lowvig,betonlineag,draftkings,fanduel,betmgm,williamhill_us,fanatics,betrivers,espnbet",10
cfb,2021-10-02T00:55:00+00:00,pre_kickoff_close,1,totals,"pinnacle,lowvig,betonlineag,draftkings,fanduel,betmgm,williamhill_us,fanatics,betrivers,espnbet",10
cfb,2021-10-02T02:30:00+00:00,forecast_decision,54,totals,"pinnacle,lowvig,betonlineag,draftkings,fanduel,betmgm,williamhill_us,fanatics,betrivers,espnbet",10
cfb,2021-10-02T15:55:00+00:00,pre_kickoff_close,11,totals,"pinnacle,lowvig,betonlineag,draftkings,fanduel,betmgm,williamhill_us,fanatics,betrivers,espnbet",10
cfb,2021-10-02T16:25:00+00:00,pre_kickoff_close,1,totals,"pinnacle,lowvig,betonlineag,draftkings,fanduel,betmgm,williamhill_us,fanatics,betrivers,espnbet",10
cfb,2021-10-02T17:55:00+00:00,pre_kickoff_close,2,totals,"pinnacle,lowvig,betonlineag,draftkings,fanduel,betmgm,williamhill_us,fanatics,betrivers,espnbet",10
cfb,2021-10-02T18:25:00+00:00,pre_kickoff_close,3,totals,"pinnacle,lowvig,betonlineag,draftkings,fanduel,betmgm,williamhill_us,fanatics,betrivers,espnbet",10
cfb,2021-10-02T19:25:00+00:00,pre_kickoff_close,14,totals,"pinnacle,lowvig,betonlineag,draftkings,fanduel,betmgm,williamhill_us,fanatics,betrivers,espnbet",10
cfb,2021-10-02T19:55:00+00:00,pre_kickoff_close,2,totals,"pinnacle,lowvig,betonlineag,draftkings,fanduel,betmgm,williamhill_us,fanatics,betrivers,espnbet",10
cfb,2021-10-02T20:55:00+00:00,pre_kickoff_close,1,totals,"pinnacle,lowvig,betonlineag,draftkings,fanduel,betmgm,williamhill_us,fanatics,betrivers,espnbet",10
cfb,2021-10-02T21:25:00+00:00,pre_kickoff_close,1,totals,"pinnacle,lowvig,betonlineag,draftkings,fanduel,betmgm,williamhill_us,fanatics,betrivers,espnbet",10
cfb,2021-10-02T21:55:00+00:00,pre_kickoff_close,2,totals,"pinnacle,lowvig,betonlineag,draftkings,fanduel,betmgm,williamhill_us,fanatics,betrivers,espnbet",10
cfb,2021-10-02T22:25:00+00:00,pre_kickoff_close,2,totals,"pinnacle,lowvig,betonlineag,draftkings,fanduel,betmgm,williamhill_us,fanatics,betrivers,espnbet",10
cfb,2021-10-02T22:55:00+00:00,pre_kickoff_close,4,totals,"pinnacle,lowvig,betonlineag,draftkings,fanduel,betmgm,williamhill_us,fanatics,betrivers,espnbet",10
cfb,2021-10-02T23:25:00+00:00,pre_kickoff_close,5,totals,"pinnacle,lowvig,betonlineag,draftkings,fanduel,betmgm,williamhill_us,fanatics,betrivers,espnbet",10
cfb,2021-10-02T23:55:00+00:00,pre_kickoff_close,1,totals,"pinnacle,lowvig,betonlineag,draftkings,fanduel,betmgm,williamhill_us,fanatics,betrivers,espnbet",10
cfb,2021-10-03T00:55:00+00:00,pre_kickoff_close,3,totals,"pinnacle,lowvig,betonlineag,draftkings,fanduel,betmgm,williamhill_us,fanatics,betrivers,espnbet",10
cfb,2021-10-03T02:25:00+00:00,pre_kickoff_close,2,totals,"pinnacle,lowvig,betonlineag,draftkings,fanduel,betmgm,williamhill_us,fanatics,betrivers,espnbet",10
cfb,2021-10-07T02:30:00+00:00,forecast_decision,2,totals,"pinnacle,lowvig,betonlineag,draftkings,fanduel,betmgm,williamhill_us,fanatics,betrivers,espnbet",10
cfb,2021-10-07T23:25:00+00:00,pre_kickoff_close,2,totals,"pinnacle,lowvig,betonlineag,draftkings,fanduel,betmgm,williamhill_us,fanatics,betrivers,espnbet",10
cfb,2021-10-08T02:30:00+00:00,forecast_decision,2,totals,"pinnacle,lowvig,betonlineag,draftkings,fanduel,betmgm,williamhill_us,fanatics,betrivers,espnbet",10
cfb,2021-10-08T22:55:00+00:00,pre_kickoff_close,1,totals,"pinnacle,lowvig,betonlineag,draftkings,fanduel,betmgm,williamhill_us,fanatics,betrivers,espnbet",10
cfb,2021-10-09T02:25:00+00:00,pre_kickoff_close,1,totals,"pinnacle,lowvig,betonlineag,draftkings,fanduel,betmgm,williamhill_us,fanatics,betrivers,espnbet",10
cfb,2021-10-09T02:30:00+00:00,forecast_decision,40,totals,"pinnacle,lowvig,betonlineag,draftkings,fanduel,betmgm,williamhill_us,fanatics,betrivers,espnbet",10
cfb,2021-10-09T15:55:00+00:00,pre_kickoff_close,7,totals,"pinnacle,lowvig,betonlineag,draftkings,fanduel,betmgm,williamhill_us,fanatics,betrivers,espnbet",10
cfb,2021-10-09T16:25:00+00:00,pre_kickoff_close,1,totals,"pinnacle,lowvig,betonlineag,draftkings,fanduel,betmgm,williamhill_us,fanatics,betrivers,espnbet",10
cfb,2021-10-09T17:55:00+00:00,pre_kickoff_close,1,totals,"pinnacle,lowvig,betonlineag,draftkings,fanduel,betmgm,williamhill_us,fanatics,betrivers,espnbet",10
cfb,2021-10-09T18:55:00+00:00,pre_kickoff_close,1,totals,"pinnacle,lowvig,betonlineag,draftkings,fanduel,betmgm,williamhill_us,fanatics,betrivers,espnbet",10
cfb,2021-10-09T19:25:00+00:00,pre_kickoff_close,10,totals,"pinnacle,lowvig,betonlineag,draftkings,fanduel,betmgm,williamhill_us,fanatics,betrivers,espnbet",10
cfb,2021-10-09T19:55:00+00:00,pre_kickoff_close,3,totals,"pinnacle,lowvig,betonlineag,draftkings,fanduel,betmgm,williamhill_us,fanatics,betrivers,espnbet",10
cfb,2021-10-09T21:55:00+00:00,pre_kickoff_close,1,totals,"pinnacle,lowvig,betonlineag,draftkings,fanduel,betmgm,williamhill_us,fanatics,betrivers,espnbet",10
cfb,2021-10-09T22:55:00+00:00,pre_kickoff_close,7,totals,"pinnacle,lowvig,betonlineag,draftkings,fanduel,betmgm,williamhill_us,fanatics,betrivers,espnbet",10
cfb,2021-10-09T23:25:00+00:00,pre_kickoff_close,3,totals,"pinnacle,lowvig,betonlineag,draftkings,fanduel,betmgm,williamhill_us,fanatics,betrivers,espnbet",10
cfb,2021-10-09T23:55:00+00:00,pre_kickoff_close,3,totals,"pinnacle,lowvig,betonlineag,draftkings,fanduel,betmgm,williamhill_us,fanatics,betrivers,espnbet",10
cfb,2021-10-10T00:55:00+00:00,pre_kickoff_close,1,totals,"pinnacle,lowvig,betonlineag,draftkings,fanduel,betmgm,williamhill_us,fanatics,betrivers,espnbet",10
cfb,2021-10-10T02:25:00+00:00,pre_kickoff_close,2,totals,"pinnacle,lowvig,betonlineag,draftkings,fanduel,betmgm,williamhill_us,fanatics,betrivers,espnbet",10
cfb,2021-10-12T02:30:00+00:00,forecast_decision,1,totals,"pinnacle,lowvig,betonlineag,draftkings,fanduel,betmgm,williamhill_us,fanatics,betrivers,espnbet",10
cfb,2021-10-12T23:25:00+00:00,pre_kickoff_close,1,totals,"pinnacle,lowvig,betonlineag,draftkings,fanduel,betmgm,williamhill_us,fanatics,betrivers,espnbet",10
cfb,2021-10-14T02:30:00+00:00,forecast_decision,2,totals,"pinnacle,lowvig,betonlineag,draftkings,fanduel,betmgm,williamhill_us,fanatics,betrivers,espnbet",10
cfb,2021-10-14T23:25:00+00:00,pre_kickoff_close,2,totals,"pinnacle,lowvig,betonlineag,draftkings,fanduel,betmgm,williamhill_us,fanatics,betrivers,espnbet",10
cfb,2021-10-15T02:30:00+00:00,forecast_decision,3,totals,"pinnacle,lowvig,betonlineag,draftkings,fanduel,betmgm,williamhill_us,fanatics,betrivers,espnbet",10
cfb,2021-10-15T22:55:00+00:00,pre_kickoff_close,1,totals,"pinnacle,lowvig,betonlineag,draftkings,fanduel,betmgm,williamhill_us,fanatics,betrivers,espnbet",10
cfb,2021-10-16T02:25:00+00:00,pre_kickoff_close,2,totals,"pinnacle,lowvig,betonlineag,draftkings,fanduel,betmgm,williamhill_us,fanatics,betrivers,espnbet",10
cfb,2021-10-16T02:30:00+00:00,forecast_decision,42,totals,"pinnacle,lowvig,betonlineag,draftkings,fanduel,betmgm,williamhill_us,fanatics,betrivers,espnbet",10
cfb,2021-10-16T15:55:00+00:00,pre_kickoff_close,10,totals,"pinnacle,lowvig,betonlineag,draftkings,fanduel,betmgm,williamhill_us,fanatics,betrivers,espnbet",10
cfb,2021-10-16T16:25:00+00:00,pre_kickoff_close,1,totals,"pinnacle,lowvig,betonlineag,draftkings,fanduel,betmgm,williamhill_us,fanatics,betrivers,espnbet",10
cfb,2021-10-16T17:55:00+00:00,pre_kickoff_close,1,totals,"pinnacle,lowvig,betonlineag,draftkings,fanduel,betmgm,williamhill_us,fanatics,betrivers,espnbet",10
cfb,2021-10-16T18:25:00+00:00,pre_kickoff_close,1,totals,"pinnacle,lowvig,betonlineag,draftkings,fanduel,betmgm,williamhill_us,fanatics,betrivers,espnbet",10
cfb,2021-10-16T18:55:00+00:00,pre_kickoff_close,1,totals,"pinnacle,lowvig,betonlineag,draftkings,fanduel,betmgm,williamhill_us,fanatics,betrivers,espnbet",10
cfb,2021-10-16T19:25:00+00:00,pre_kickoff_close,12,totals,"pinnacle,lowvig,betonlineag,draftkings,fanduel,betmgm,williamhill_us,fanatics,betrivers,espnbet",10
cfb,2021-10-16T19:55:00+00:00,pre_kickoff_close,2,totals,"pinnacle,lowvig,betonlineag,draftkings,fanduel,betmgm,williamhill_us,fanatics,betrivers,espnbet",10
cfb,2021-10-16T22:55:00+00:00,pre_kickoff_close,3,totals,"pinnacle,lowvig,betonlineag,draftkings,fanduel,betmgm,williamhill_us,fanatics,betrivers,espnbet",10
cfb,2021-10-16T23:25:00+00:00,pre_kickoff_close,5,totals,"pinnacle,lowvig,betonlineag,draftkings,fanduel,betmgm,williamhill_us,fanatics,betrivers,espnbet",10
cfb,2021-10-16T23:55:00+00:00,pre_kickoff_close,1,totals,"pinnacle,lowvig,betonlineag,draftkings,fanduel,betmgm,williamhill_us,fanatics,betrivers,espnbet",10
cfb,2021-10-17T00:25:00+00:00,pre_kickoff_close,1,totals,"pinnacle,lowvig,betonlineag,draftkings,fanduel,betmgm,williamhill_us,fanatics,betrivers,espnbet",10
cfb,2021-10-17T00:55:00+00:00,pre_kickoff_close,2,totals,"pinnacle,lowvig,betonlineag,draftkings,fanduel,betmgm,williamhill_us,fanatics,betrivers,espnbet",10
cfb,2021-10-17T01:55:00+00:00,pre_kickoff_close,1,totals,"pinnacle,lowvig,betonlineag,draftkings,fanduel,betmgm,williamhill_us,fanatics,betrivers,espnbet",10
cfb,2021-10-17T02:25:00+00:00,pre_kickoff_close,1,totals,"pinnacle,lowvig,betonlineag,draftkings,fanduel,betmgm,williamhill_us,fanatics,betrivers,espnbet",10
cfb,2021-10-20T02:30:00+00:00,forecast_decision,1,totals,"pinnacle,lowvig,betonlineag,draftkings,fanduel,betmgm,williamhill_us,fanatics,betrivers,espnbet",10
cfb,2021-10-20T23:25:00+00:00,pre_kickoff_close,1,totals,"pinnacle,lowvig,betonlineag,draftkings,fanduel,betmgm,williamhill_us,fanatics,betrivers,espnbet",10
cfb,2021-10-21T02:30:00+00:00,forecast_decision,3,totals,"pinnacle,lowvig,betonlineag,draftkings,fanduel,betmgm,williamhill_us,fanatics,betrivers,espnbet",10
cfb,2021-10-21T23:25:00+00:00,pre_kickoff_close,3,totals,"pinnacle,lowvig,betonlineag,draftkings,fanduel,betmgm,williamhill_us,fanatics,betrivers,espnbet",10
cfb,2021-10-22T02:30:00+00:00,forecast_decision,4,totals,"pinnacle,lowvig,betonlineag,draftkings,fanduel,betmgm,williamhill_us,fanatics,betrivers,espnbet",10
cfb,2021-10-22T21:55:00+00:00,pre_kickoff_close,1,totals,"pinnacle,lowvig,betonlineag,draftkings,fanduel,betmgm,williamhill_us,fanatics,betrivers,espnbet",10
cfb,2021-10-22T22:55:00+00:00,pre_kickoff_close,1,totals,"pinnacle,lowvig,betonlineag,draftkings,fanduel,betmgm,williamhill_us,fanatics,betrivers,espnbet",10
cfb,2021-10-23T01:25:00+00:00,pre_kickoff_close,1,totals,"pinnacle,lowvig,betonlineag,draftkings,fanduel,betmgm,williamhill_us,fanatics,betrivers,espnbet",10
cfb,2021-10-23T02:25:00+00:00,pre_kickoff_close,1,totals,"pinnacle,lowvig,betonlineag,draftkings,fanduel,betmgm,williamhill_us,fanatics,betrivers,espnbet",10
cfb,2021-10-23T02:30:00+00:00,forecast_decision,38,totals,"pinnacle,lowvig,betonlineag,draftkings,fanduel,betmgm,williamhill_us,fanatics,betrivers,espnbet",10
cfb,2021-10-23T15:55:00+00:00,pre_kickoff_close,9,totals,"pinnacle,lowvig,betonlineag,draftkings,fanduel,betmgm,williamhill_us,fanatics,betrivers,espnbet",10
cfb,2021-10-23T16:25:00+00:00,pre_kickoff_close,1,totals,"pinnacle,lowvig,betonlineag,draftkings,fanduel,betmgm,williamhill_us,fanatics,betrivers,espnbet",10
cfb,2021-10-23T17:55:00+00:00,pre_kickoff_close,1,totals,"pinnacle,lowvig,betonlineag,draftkings,fanduel,betmgm,williamhill_us,fanatics,betrivers,espnbet",10
cfb,2021-10-23T18:55:00+00:00,pre_kickoff_close,1,totals,"pinnacle,lowvig,betonlineag,draftkings,fanduel,betmgm,williamhill_us,fanatics,betrivers,espnbet",10
cfb,2021-10-23T19:25:00+00:00,pre_kickoff_close,10,totals,"pinnacle,lowvig,betonlineag,draftkings,fanduel,betmgm,williamhill_us,fanatics,betrivers,espnbet",10
cfb,2021-10-23T19:55:00+00:00,pre_kickoff_close,4,totals,"pinnacle,lowvig,betonlineag,draftkings,fanduel,betmgm,williamhill_us,fanatics,betrivers,espnbet",10
cfb,2021-10-23T22:55:00+00:00,pre_kickoff_close,5,totals,"pinnacle,lowvig,betonlineag,draftkings,fanduel,betmgm,williamhill_us,fanatics,betrivers,espnbet",10
cfb,2021-10-23T23:25:00+00:00,pre_kickoff_close,7,totals,"pinnacle,lowvig,betonlineag,draftkings,fanduel,betmgm,williamhill_us,fanatics,betrivers,espnbet",10
cfb,2021-10-28T02:30:00+00:00,forecast_decision,2,totals,"pinnacle,lowvig,betonlineag,draftkings,fanduel,betmgm,williamhill_us,fanatics,betrivers,espnbet",10
cfb,2021-10-28T23:25:00+00:00,pre_kickoff_close,2,totals,"pinnacle,lowvig,betonlineag,draftkings,fanduel,betmgm,williamhill_us,fanatics,betrivers,espnbet",10
cfb,2021-10-29T02:30:00+00:00,forecast_decision,2,totals,"pinnacle,lowvig,betonlineag,draftkings,fanduel,betmgm,williamhill_us,fanatics,betrivers,espnbet",10
cfb,2021-10-29T23:25:00+00:00,pre_kickoff_close,1,totals,"pinnacle,lowvig,betonlineag,draftkings,fanduel,betmgm,williamhill_us,fanatics,betrivers,espnbet",10
cfb,2021-10-30T01:55:00+00:00,pre_kickoff_close,1,totals,"pinnacle,lowvig,betonlineag,draftkings,fanduel,betmgm,williamhill_us,fanatics,betrivers,espnbet",10
cfb,2021-10-30T02:30:00+00:00,forecast_decision,45,totals,"pinnacle,lowvig,betonlineag,draftkings,fanduel,betmgm,williamhill_us,fanatics,betrivers,espnbet",10
cfb,2021-10-30T15:55:00+00:00,pre_kickoff_close,12,totals,"pinnacle,lowvig,betonlineag,draftkings,fanduel,betmgm,williamhill_us,fanatics,betrivers,espnbet",10
cfb,2021-10-30T17:55:00+00:00,pre_kickoff_close,2,totals,"pinnacle,lowvig,betonlineag,draftkings,fanduel,betmgm,williamhill_us,fanatics,betrivers,espnbet",10
cfb,2021-10-30T18:55:00+00:00,pre_kickoff_close,3,totals,"pinnacle,lowvig,betonlineag,draftkings,fanduel,betmgm,williamhill_us,fanatics,betrivers,espnbet",10
cfb,2021-10-30T19:25:00+00:00,pre_kickoff_close,9,totals,"pinnacle,lowvig,betonlineag,draftkings,fanduel,betmgm,williamhill_us,fanatics,betrivers,espnbet",10
cfb,2021-10-30T19:55:00+00:00,pre_kickoff_close,3,totals,"pinnacle,lowvig,betonlineag,draftkings,fanduel,betmgm,williamhill_us,fanatics,betrivers,espnbet",10
cfb,2021-10-30T20:55:00+00:00,pre_kickoff_close,1,totals,"pinnacle,lowvig,betonlineag,draftkings,fanduel,betmgm,williamhill_us,fanatics,betrivers,espnbet",10
cfb,2021-10-30T21:55:00+00:00,pre_kickoff_close,2,totals,"pinnacle,lowvig,betonlineag,draftkings,fanduel,betmgm,williamhill_us,fanatics,betrivers,espnbet",10
cfb,2021-10-30T22:55:00+00:00,pre_kickoff_close,7,totals,"pinnacle,lowvig,betonlineag,draftkings,fanduel,betmgm,williamhill_us,fanatics,betrivers,espnbet",10
cfb,2021-10-30T23:25:00+00:00,pre_kickoff_close,3,totals,"pinnacle,lowvig,betonlineag,draftkings,fanduel,betmgm,williamhill_us,fanatics,betrivers,espnbet",10
cfb,2021-10-31T01:55:00+00:00,pre_kickoff_close,1,totals,"pinnacle,lowvig,betonlineag,draftkings,fanduel,betmgm,williamhill_us,fanatics,betrivers,espnbet",10
cfb,2021-10-31T02:10:00+00:00,pre_kickoff_close,1,totals,"pinnacle,lowvig,betonlineag,draftkings,fanduel,betmgm,williamhill_us,fanatics,betrivers,espnbet",10
cfb,2021-10-31T02:25:00+00:00,pre_kickoff_close,1,totals,"pinnacle,lowvig,betonlineag,draftkings,fanduel,betmgm,williamhill_us,fanatics,betrivers,espnbet",10
cfb,2021-11-02T02:30:00+00:00,forecast_decision,2,totals,"pinnacle,lowvig,betonlineag,draftkings,fanduel,betmgm,williamhill_us,fanatics,betrivers,espnbet",10
cfb,2021-11-02T22:55:00+00:00,pre_kickoff_close,1,totals,"pinnacle,lowvig,betonlineag,draftkings,fanduel,betmgm,williamhill_us,fanatics,betrivers,espnbet",10
cfb,2021-11-02T23:25:00+00:00,pre_kickoff_close,1,totals,"pinnacle,lowvig,betonlineag,draftkings,fanduel,betmgm,williamhill_us,fanatics,betrivers,espnbet",10
cfb,2021-11-03T02:30:00+00:00,forecast_decision,2,totals,"pinnacle,lowvig,betonlineag,draftkings,fanduel,betmgm,williamhill_us,fanatics,betrivers,espnbet",10
cfb,2021-11-03T22:55:00+00:00,pre_kickoff_close,2,totals,"pinnacle,lowvig,betonlineag,draftkings,fanduel,betmgm,williamhill_us,fanatics,betrivers,espnbet",10
cfb,2021-11-04T02:30:00+00:00,forecast_decision,1,totals,"pinnacle,lowvig,betonlineag,draftkings,fanduel,betmgm,williamhill_us,fanatics,betrivers,espnbet",10
cfb,2021-11-04T23:25:00+00:00,pre_kickoff_close,1,totals,"pinnacle,lowvig,betonlineag,draftkings,fanduel,betmgm,williamhill_us,fanatics,betrivers,espnbet",10
cfb,2021-11-05T02:30:00+00:00,forecast_decision,2,totals,"pinnacle,lowvig,betonlineag,draftkings,fanduel,betmgm,williamhill_us,fanatics,betrivers,espnbet",10
cfb,2021-11-05T23:25:00+00:00,pre_kickoff_close,1,totals,"pinnacle,lowvig,betonlineag,draftkings,fanduel,betmgm,williamhill_us,fanatics,betrivers,espnbet",10
cfb,2021-11-06T02:25:00+00:00,pre_kickoff_close,1,totals,"pinnacle,lowvig,betonlineag,draftkings,fanduel,betmgm,williamhill_us,fanatics,betrivers,espnbet",10
cfb,2021-11-06T02:30:00+00:00,forecast_decision,49,totals,"pinnacle,lowvig,betonlineag,draftkings,fanduel,betmgm,williamhill_us,fanatics,betrivers,espnbet",10
cfb,2021-11-06T15:55:00+00:00,pre_kickoff_close,8,totals,"pinnacle,lowvig,betonlineag,draftkings,fanduel,betmgm,williamhill_us,fanatics,betrivers,espnbet",10
cfb,2021-11-06T16:25:00+00:00,pre_kickoff_close,1,totals,"pinnacle,lowvig,betonlineag,draftkings,fanduel,betmgm,williamhill_us,fanatics,betrivers,espnbet",10
cfb,2021-11-06T17:55:00+00:00,pre_kickoff_close,1,totals,"pinnacle,lowvig,betonlineag,draftkings,fanduel,betmgm,williamhill_us,fanatics,betrivers,espnbet",10
cfb,2021-11-06T18:55:00+00:00,pre_kickoff_close,4,totals,"pinnacle,lowvig,betonlineag,draftkings,fanduel,betmgm,williamhill_us,fanatics,betrivers,espnbet",10
cfb,2021-11-06T19:25:00+00:00,pre_kickoff_close,14,totals,"pinnacle,lowvig,betonlineag,draftkings,fanduel,betmgm,williamhill_us,fanatics,betrivers,espnbet",10
cfb,2021-11-06T19:55:00+00:00,pre_kickoff_close,4,totals,"pinnacle,lowvig,betonlineag,draftkings,fanduel,betmgm,williamhill_us,fanatics,betrivers,espnbet",10
cfb,2021-11-06T21:55:00+00:00,pre_kickoff_close,2,totals,"pinnacle,lowvig,betonlineag,draftkings,fanduel,betmgm,williamhill_us,fanatics,betrivers,espnbet",10
cfb,2021-11-06T22:55:00+00:00,pre_kickoff_close,5,totals,"pinnacle,lowvig,betonlineag,draftkings,fanduel,betmgm,williamhill_us,fanatics,betrivers,espnbet",10
cfb,2021-11-06T23:25:00+00:00,pre_kickoff_close,6,totals,"pinnacle,lowvig,betonlineag,draftkings,fanduel,betmgm,williamhill_us,fanatics,betrivers,espnbet",10
cfb,2021-11-07T01:55:00+00:00,pre_kickoff_close,1,totals,"pinnacle,lowvig,betonlineag,draftkings,fanduel,betmgm,williamhill_us,fanatics,betrivers,espnbet",10
cfb,2021-11-07T02:10:00+00:00,pre_kickoff_close,1,totals,"pinnacle,lowvig,betonlineag,draftkings,fanduel,betmgm,williamhill_us,fanatics,betrivers,espnbet",10
cfb,2021-11-07T02:25:00+00:00,pre_kickoff_close,1,totals,"pinnacle,lowvig,betonlineag,draftkings,fanduel,betmgm,williamhill_us,fanatics,betrivers,espnbet",10
cfb,2021-11-07T02:55:00+00:00,pre_kickoff_close,1,totals,"pinnacle,lowvig,betonlineag,draftkings,fanduel,betmgm,williamhill_us,fanatics,betrivers,espnbet",10
cfb,2021-11-09T03:30:00+00:00,forecast_decision,3,totals,"pinnacle,lowvig,betonlineag,draftkings,fanduel,betmgm,williamhill_us,fanatics,betrivers,espnbet",10
cfb,2021-11-09T23:55:00+00:00,pre_kickoff_close,2,totals,"pinnacle,lowvig,betonlineag,draftkings,fanduel,betmgm,williamhill_us,fanatics,betrivers,espnbet",10
cfb,2021-11-10T00:55:00+00:00,pre_kickoff_close,1,totals,"pinnacle,lowvig,betonlineag,draftkings,fanduel,betmgm,williamhill_us,fanatics,betrivers,espnbet",10
cfb,2021-11-10T03:30:00+00:00,forecast_decision,3,totals,"pinnacle,lowvig,betonlineag,draftkings,fanduel,betmgm,williamhill_us,fanatics,betrivers,espnbet",10
cfb,2021-11-10T23:55:00+00:00,pre_kickoff_close,2,totals,"pinnacle,lowvig,betonlineag,draftkings,fanduel,betmgm,williamhill_us,fanatics,betrivers,espnbet",10
cfb,2021-11-11T00:55:00+00:00,pre_kickoff_close,1,totals,"pinnacle,lowvig,betonlineag,draftkings,fanduel,betmgm,williamhill_us,fanatics,betrivers,espnbet",10
cfb,2021-11-11T03:30:00+00:00,forecast_decision,1,totals,"pinnacle,lowvig,betonlineag,draftkings,fanduel,betmgm,williamhill_us,fanatics,betrivers,espnbet",10
cfb,2021-11-12T00:25:00+00:00,pre_kickoff_close,1,totals,"pinnacle,lowvig,betonlineag,draftkings,fanduel,betmgm,williamhill_us,fanatics,betrivers,espnbet",10
cfb,2021-11-12T03:30:00+00:00,forecast_decision,2,totals,"pinnacle,lowvig,betonlineag,draftkings,fanduel,betmgm,williamhill_us,fanatics,betrivers,espnbet",10
cfb,2021-11-12T22:55:00+00:00,pre_kickoff_close,1,totals,"pinnacle,lowvig,betonlineag,draftkings,fanduel,betmgm,williamhill_us,fanatics,betrivers,espnbet",10
cfb,2021-11-13T01:55:00+00:00,pre_kickoff_close,1,totals,"pinnacle,lowvig,betonlineag,draftkings,fanduel,betmgm,williamhill_us,fanatics,betrivers,espnbet",10
cfb,2021-11-13T03:30:00+00:00,forecast_decision,49,totals,"pinnacle,lowvig,betonlineag,draftkings,fanduel,betmgm,williamhill_us,fanatics,betrivers,espnbet",10
cfb,2021-11-13T16:55:00+00:00,pre_kickoff_close,15,totals,"pinnacle,lowvig,betonlineag,draftkings,fanduel,betmgm,williamhill_us,fanatics,betrivers,espnbet",10
cfb,2021-11-13T18:55:00+00:00,pre_kickoff_close,3,totals,"pinnacle,lowvig,betonlineag,draftkings,fanduel,betmgm,williamhill_us,fanatics,betrivers,espnbet",10
cfb,2021-11-13T19:25:00+00:00,pre_kickoff_close,1,totals,"pinnacle,lowvig,betonlineag,draftkings,fanduel,betmgm,williamhill_us,fanatics,betrivers,espnbet",10
cfb,2021-11-13T19:55:00+00:00,pre_kickoff_close,1,totals,"pinnacle,lowvig,betonlineag,draftkings,fanduel,betmgm,williamhill_us,fanatics,betrivers,espnbet",10
cfb,2021-11-13T20:25:00+00:00,pre_kickoff_close,11,totals,"pinnacle,lowvig,betonlineag,draftkings,fanduel,betmgm,williamhill_us,fanatics,betrivers,espnbet",10
cfb,2021-11-13T20:55:00+00:00,pre_kickoff_close,4,totals,"pinnacle,lowvig,betonlineag,draftkings,fanduel,betmgm,williamhill_us,fanatics,betrivers,espnbet",10
cfb,2021-11-13T21:55:00+00:00,pre_kickoff_close,1,totals,"pinnacle,lowvig,betonlineag,draftkings,fanduel,betmgm,williamhill_us,fanatics,betrivers,espnbet",10
cfb,2021-11-13T22:25:00+00:00,pre_kickoff_close,1,totals,"pinnacle,lowvig,betonlineag,draftkings,fanduel,betmgm,williamhill_us,fanatics,betrivers,espnbet",10
cfb,2021-11-13T23:55:00+00:00,pre_kickoff_close,4,totals,"pinnacle,lowvig,betonlineag,draftkings,fanduel,betmgm,williamhill_us,fanatics,betrivers,espnbet",10
cfb,2021-11-14T00:25:00+00:00,pre_kickoff_close,4,totals,"pinnacle,lowvig,betonlineag,draftkings,fanduel,betmgm,williamhill_us,fanatics,betrivers,espnbet",10
cfb,2021-11-14T00:55:00+00:00,pre_kickoff_close,1,totals,"pinnacle,lowvig,betonlineag,draftkings,fanduel,betmgm,williamhill_us,fanatics,betrivers,espnbet",10
cfb,2021-11-14T01:55:00+00:00,pre_kickoff_close,1,totals,"pinnacle,lowvig,betonlineag,draftkings,fanduel,betmgm,williamhill_us,fanatics,betrivers,espnbet",10
cfb,2021-11-14T03:25:00+00:00,pre_kickoff_close,2,totals,"pinnacle,lowvig,betonlineag,draftkings,fanduel,betmgm,williamhill_us,fanatics,betrivers,espnbet",10
cfb,2021-11-16T03:30:00+00:00,forecast_decision,2,totals,"pinnacle,lowvig,betonlineag,draftkings,fanduel,betmgm,williamhill_us,fanatics,betrivers,espnbet",10
cfb,2021-11-17T00:25:00+00:00,pre_kickoff_close,1,totals,"pinnacle,lowvig,betonlineag,draftkings,fanduel,betmgm,williamhill_us,fanatics,betrivers,espnbet",10
cfb,2021-11-17T00:55:00+00:00,pre_kickoff_close,1,totals,"pinnacle,lowvig,betonlineag,draftkings,fanduel,betmgm,williamhill_us,fanatics,betrivers,espnbet",10
cfb,2021-11-17T03:30:00+00:00,forecast_decision,2,totals,"pinnacle,lowvig,betonlineag,draftkings,fanduel,betmgm,williamhill_us,fanatics,betrivers,espnbet",10
cfb,2021-11-17T23:55:00+00:00,pre_kickoff_close,2,totals,"pinnacle,lowvig,betonlineag,draftkings,fanduel,betmgm,williamhill_us,fanatics,betrivers,espnbet",10
cfb,2021-11-18T03:30:00+00:00,forecast_decision,1,totals,"pinnacle,lowvig,betonlineag,draftkings,fanduel,betmgm,williamhill_us,fanatics,betrivers,espnbet",10
cfb,2021-11-19T00:25:00+00:00,pre_kickoff_close,1,totals,"pinnacle,lowvig,betonlineag,draftkings,fanduel,betmgm,williamhill_us,fanatics,betrivers,espnbet",10
cfb,2021-11-19T03:30:00+00:00,forecast_decision,3,totals,"pinnacle,lowvig,betonlineag,draftkings,fanduel,betmgm,williamhill_us,fanatics,betrivers,espnbet",10
cfb,2021-11-20T01:55:00+00:00,pre_kickoff_close,3,totals,"pinnacle,lowvig,betonlineag,draftkings,fanduel,betmgm,williamhill_us,fanatics,betrivers,espnbet",10
cfb,2021-11-20T03:30:00+00:00,forecast_decision,51,totals,"pinnacle,lowvig,betonlineag,draftkings,fanduel,betmgm,williamhill_us,fanatics,betrivers,espnbet",10
cfb,2021-11-20T16:55:00+00:00,pre_kickoff_close,15,totals,"pinnacle,lowvig,betonlineag,draftkings,fanduel,betmgm,williamhill_us,fanatics,betrivers,espnbet",10
cfb,2021-11-20T17:55:00+00:00,pre_kickoff_close,1,totals,"pinnacle,lowvig,betonlineag,draftkings,fanduel,betmgm,williamhill_us,fanatics,betrivers,espnbet",10
cfb,2021-11-20T18:55:00+00:00,pre_kickoff_close,2,totals,"pinnacle,lowvig,betonlineag,draftkings,fanduel,betmgm,williamhill_us,fanatics,betrivers,espnbet",10
cfb,2021-11-20T19:25:00+00:00,pre_kickoff_close,1,totals,"pinnacle,lowvig,betonlineag,draftkings,fanduel,betmgm,williamhill_us,fanatics,betrivers,espnbet",10
cfb,2021-11-20T19:55:00+00:00,pre_kickoff_close,1,totals,"pinnacle,lowvig,betonlineag,draftkings,fanduel,betmgm,williamhill_us,fanatics,betrivers,espnbet",10
cfb,2021-11-20T20:25:00+00:00,pre_kickoff_close,10,totals,"pinnacle,lowvig,betonlineag,draftkings,fanduel,betmgm,williamhill_us,fanatics,betrivers,espnbet",10
cfb,2021-11-20T20:55:00+00:00,pre_kickoff_close,9,totals,"pinnacle,lowvig,betonlineag,draftkings,fanduel,betmgm,williamhill_us,fanatics,betrivers,espnbet",10
cfb,2021-11-20T22:25:00+00:00,pre_kickoff_close,1,totals,"pinnacle,lowvig,betonlineag,draftkings,fanduel,betmgm,williamhill_us,fanatics,betrivers,espnbet",10
cfb,2021-11-20T23:55:00+00:00,pre_kickoff_close,2,totals,"pinnacle,lowvig,betonlineag,draftkings,fanduel,betmgm,williamhill_us,fanatics,betrivers,espnbet",10
cfb,2021-11-21T00:25:00+00:00,pre_kickoff_close,3,totals,"pinnacle,lowvig,betonlineag,draftkings,fanduel,betmgm,williamhill_us,fanatics,betrivers,espnbet",10
cfb,2021-11-21T00:55:00+00:00,pre_kickoff_close,2,totals,"pinnacle,lowvig,betonlineag,draftkings,fanduel,betmgm,williamhill_us,fanatics,betrivers,espnbet",10
cfb,2021-11-21T01:55:00+00:00,pre_kickoff_close,2,totals,"pinnacle,lowvig,betonlineag,draftkings,fanduel,betmgm,williamhill_us,fanatics,betrivers,espnbet",10
cfb,2021-11-21T03:25:00+00:00,pre_kickoff_close,1,totals,"pinnacle,lowvig,betonlineag,draftkings,fanduel,betmgm,williamhill_us,fanatics,betrivers,espnbet",10
cfb,2021-11-21T03:55:00+00:00,pre_kickoff_close,1,totals,"pinnacle,lowvig,betonlineag,draftkings,fanduel,betmgm,williamhill_us,fanatics,betrivers,espnbet",10
cfb,2021-11-23T03:30:00+00:00,forecast_decision,2,totals,"pinnacle,lowvig,betonlineag,draftkings,fanduel,betmgm,williamhill_us,fanatics,betrivers,espnbet",10
cfb,2021-11-23T23:55:00+00:00,pre_kickoff_close,2,totals,"pinnacle,lowvig,betonlineag,draftkings,fanduel,betmgm,williamhill_us,fanatics,betrivers,espnbet",10
cfb,2021-11-25T03:30:00+00:00,forecast_decision,2,totals,"pinnacle,lowvig,betonlineag,draftkings,fanduel,betmgm,williamhill_us,fanatics,betrivers,espnbet",10
cfb,2021-11-25T20:25:00+00:00,pre_kickoff_close,1,totals,"pinnacle,lowvig,betonlineag,draftkings,fanduel,betmgm,williamhill_us,fanatics,betrivers,espnbet",10
cfb,2021-11-26T00:25:00+00:00,pre_kickoff_close,1,totals,"pinnacle,lowvig,betonlineag,draftkings,fanduel,betmgm,williamhill_us,fanatics,betrivers,espnbet",10
cfb,2021-11-26T03:30:00+00:00,forecast_decision,14,totals,"pinnacle,lowvig,betonlineag,draftkings,fanduel,betmgm,williamhill_us,fanatics,betrivers,espnbet",10
cfb,2021-11-26T16:55:00+00:00,pre_kickoff_close,3,totals,"pinnacle,lowvig,betonlineag,draftkings,fanduel,betmgm,williamhill_us,fanatics,betrivers,espnbet",10
cfb,2021-11-26T17:55:00+00:00,pre_kickoff_close,1,totals,"pinnacle,lowvig,betonlineag,draftkings,fanduel,betmgm,williamhill_us,fanatics,betrivers,espnbet",10
cfb,2021-11-26T18:25:00+00:00,pre_kickoff_close,1,totals,"pinnacle,lowvig,betonlineag,draftkings,fanduel,betmgm,williamhill_us,fanatics,betrivers,espnbet",10
cfb,2021-11-26T18:55:00+00:00,pre_kickoff_close,1,totals,"pinnacle,lowvig,betonlineag,draftkings,fanduel,betmgm,williamhill_us,fanatics,betrivers,espnbet",10
cfb,2021-11-26T20:25:00+00:00,pre_kickoff_close,4,totals,"pinnacle,lowvig,betonlineag,draftkings,fanduel,betmgm,williamhill_us,fanatics,betrivers,espnbet",10
cfb,2021-11-26T20:55:00+00:00,pre_kickoff_close,1,totals,"pinnacle,lowvig,betonlineag,draftkings,fanduel,betmgm,williamhill_us,fanatics,betrivers,espnbet",10
cfb,2021-11-26T21:25:00+00:00,pre_kickoff_close,1,totals,"pinnacle,lowvig,betonlineag,draftkings,fanduel,betmgm,williamhill_us,fanatics,betrivers,espnbet",10
cfb,2021-11-26T23:55:00+00:00,pre_kickoff_close,1,totals,"pinnacle,lowvig,betonlineag,draftkings,fanduel,betmgm,williamhill_us,fanatics,betrivers,espnbet",10
cfb,2021-11-27T00:55:00+00:00,pre_kickoff_close,1,totals,"pinnacle,lowvig,betonlineag,draftkings,fanduel,betmgm,williamhill_us,fanatics,betrivers,espnbet",10
cfb,2021-11-27T03:30:00+00:00,forecast_decision,44,totals,"pinnacle,lowvig,betonlineag,draftkings,fanduel,betmgm,williamhill_us,fanatics,betrivers,espnbet",10
cfb,2021-11-27T16:55:00+00:00,pre_kickoff_close,11,totals,"pinnacle,lowvig,betonlineag,draftkings,fanduel,betmgm,williamhill_us,fanatics,betrivers,espnbet",10
cfb,2021-11-27T17:25:00+00:00,pre_kickoff_close,1,totals,"pinnacle,lowvig,betonlineag,draftkings,fanduel,betmgm,williamhill_us,fanatics,betrivers,espnbet",10
cfb,2021-11-27T17:55:00+00:00,pre_kickoff_close,1,totals,"pinnacle,lowvig,betonlineag,draftkings,fanduel,betmgm,williamhill_us,fanatics,betrivers,espnbet",10
cfb,2021-11-27T18:55:00+00:00,pre_kickoff_close,4,totals,"pinnacle,lowvig,betonlineag,draftkings,fanduel,betmgm,williamhill_us,fanatics,betrivers,espnbet",10
cfb,2021-11-27T19:25:00+00:00,pre_kickoff_close,1,totals,"pinnacle,lowvig,betonlineag,draftkings,fanduel,betmgm,williamhill_us,fanatics,betrivers,espnbet",10
cfb,2021-11-27T19:55:00+00:00,pre_kickoff_close,3,totals,"pinnacle,lowvig,betonlineag,draftkings,fanduel,betmgm,williamhill_us,fanatics,betrivers,espnbet",10
cfb,2021-11-27T20:25:00+00:00,pre_kickoff_close,6,totals,"pinnacle,lowvig,betonlineag,draftkings,fanduel,betmgm,williamhill_us,fanatics,betrivers,espnbet",10
cfb,2021-11-27T20:40:00+00:00,pre_kickoff_close,2,totals,"pinnacle,lowvig,betonlineag,draftkings,fanduel,betmgm,williamhill_us,fanatics,betrivers,espnbet",10
cfb,2021-11-27T20:55:00+00:00,pre_kickoff_close,4,totals,"pinnacle,lowvig,betonlineag,draftkings,fanduel,betmgm,williamhill_us,fanatics,betrivers,espnbet",10
cfb,2021-11-27T23:55:00+00:00,pre_kickoff_close,3,totals,"pinnacle,lowvig,betonlineag,draftkings,fanduel,betmgm,williamhill_us,fanatics,betrivers,espnbet",10
cfb,2021-11-28T00:25:00+00:00,pre_kickoff_close,4,totals,"pinnacle,lowvig,betonlineag,draftkings,fanduel,betmgm,williamhill_us,fanatics,betrivers,espnbet",10
cfb,2021-11-28T00:55:00+00:00,pre_kickoff_close,1,totals,"pinnacle,lowvig,betonlineag,draftkings,fanduel,betmgm,williamhill_us,fanatics,betrivers,espnbet",10
cfb,2021-11-28T01:55:00+00:00,pre_kickoff_close,1,totals,"pinnacle,lowvig,betonlineag,draftkings,fanduel,betmgm,williamhill_us,fanatics,betrivers,espnbet",10
cfb,2021-11-28T03:25:00+00:00,pre_kickoff_close,2,totals,"pinnacle,lowvig,betonlineag,draftkings,fanduel,betmgm,williamhill_us,fanatics,betrivers,espnbet",10
cfb,2021-12-04T03:30:00+00:00,forecast_decision,3,totals,"pinnacle,lowvig,betonlineag,draftkings,fanduel,betmgm,williamhill_us,fanatics,betrivers,espnbet",10
cfb,2021-12-04T20:25:00+00:00,pre_kickoff_close,1,totals,"pinnacle,lowvig,betonlineag,draftkings,fanduel,betmgm,williamhill_us,fanatics,betrivers,espnbet",10
cfb,2021-12-04T20:55:00+00:00,pre_kickoff_close,1,totals,"pinnacle,lowvig,betonlineag,draftkings,fanduel,betmgm,williamhill_us,fanatics,betrivers,espnbet",10
cfb,2021-12-05T03:55:00+00:00,pre_kickoff_close,1,totals,"pinnacle,lowvig,betonlineag,draftkings,fanduel,betmgm,williamhill_us,fanatics,betrivers,espnbet",10
cfb,2022-08-27T02:30:00+00:00,forecast_decision,9,totals,"pinnacle,lowvig,betonlineag,draftkings,fanduel,betmgm,williamhill_us,fanatics,betrivers,espnbet",10
cfb,2022-08-27T15:55:00+00:00,pre_kickoff_close,1,totals,"pinnacle,lowvig,betonlineag,draftkings,fanduel,betmgm,williamhill_us,fanatics,betrivers,espnbet",10
cfb,2022-08-27T19:55:00+00:00,pre_kickoff_close,2,totals,"pinnacle,lowvig,betonlineag,draftkings,fanduel,betmgm,williamhill_us,fanatics,betrivers,espnbet",10
cfb,2022-08-27T20:55:00+00:00,pre_kickoff_close,1,totals,"pinnacle,lowvig,betonlineag,draftkings,fanduel,betmgm,williamhill_us,fanatics,betrivers,espnbet",10
cfb,2022-08-27T22:55:00+00:00,pre_kickoff_close,1,totals,"pinnacle,lowvig,betonlineag,draftkings,fanduel,betmgm,williamhill_us,fanatics,betrivers,espnbet",10
cfb,2022-08-28T00:10:00+00:00,pre_kickoff_close,1,totals,"pinnacle,lowvig,betonlineag,draftkings,fanduel,betmgm,williamhill_us,fanatics,betrivers,espnbet",10
cfb,2022-08-28T00:55:00+00:00,pre_kickoff_close,1,totals,"pinnacle,lowvig,betonlineag,draftkings,fanduel,betmgm,williamhill_us,fanatics,betrivers,espnbet",10
cfb,2022-08-28T01:55:00+00:00,pre_kickoff_close,1,totals,"pinnacle,lowvig,betonlineag,draftkings,fanduel,betmgm,williamhill_us,fanatics,betrivers,espnbet",10
cfb,2022-08-28T02:25:00+00:00,pre_kickoff_close,1,totals,"pinnacle,lowvig,betonlineag,draftkings,fanduel,betmgm,williamhill_us,fanatics,betrivers,espnbet",10
cfb,2022-09-01T02:30:00+00:00,forecast_decision,14,totals,"pinnacle,lowvig,betonlineag,draftkings,fanduel,betmgm,williamhill_us,fanatics,betrivers,espnbet",10
cfb,2022-09-01T22:55:00+00:00,pre_kickoff_close,5,totals,"pinnacle,lowvig,betonlineag,draftkings,fanduel,betmgm,williamhill_us,fanatics,betrivers,espnbet",10
cfb,2022-09-01T23:25:00+00:00,pre_kickoff_close,1,totals,"pinnacle,lowvig,betonlineag,draftkings,fanduel,betmgm,williamhill_us,fanatics,betrivers,espnbet",10
cfb,2022-09-01T23:55:00+00:00,pre_kickoff_close,4,totals,"pinnacle,lowvig,betonlineag,draftkings,fanduel,betmgm,williamhill_us,fanatics,betrivers,espnbet",10
cfb,2022-09-02T00:55:00+00:00,pre_kickoff_close,1,totals,"pinnacle,lowvig,betonlineag,draftkings,fanduel,betmgm,williamhill_us,fanatics,betrivers,espnbet",10
cfb,2022-09-02T01:55:00+00:00,pre_kickoff_close,1,totals,"pinnacle,lowvig,betonlineag,draftkings,fanduel,betmgm,williamhill_us,fanatics,betrivers,espnbet",10
cfb,2022-09-02T02:25:00+00:00,pre_kickoff_close,2,totals,"pinnacle,lowvig,betonlineag,draftkings,fanduel,betmgm,williamhill_us,fanatics,betrivers,espnbet",10
cfb,2022-09-02T02:30:00+00:00,forecast_decision,8,totals,"pinnacle,lowvig,betonlineag,draftkings,fanduel,betmgm,williamhill_us,fanatics,betrivers,espnbet",10
cfb,2022-09-02T22:55:00+00:00,pre_kickoff_close,4,totals,"pinnacle,lowvig,betonlineag,draftkings,fanduel,betmgm,williamhill_us,fanatics,betrivers,espnbet",10
cfb,2022-09-02T23:25:00+00:00,pre_kickoff_close,1,totals,"pinnacle,lowvig,betonlineag,draftkings,fanduel,betmgm,williamhill_us,fanatics,betrivers,espnbet",10
cfb,2022-09-02T23:55:00+00:00,pre_kickoff_close,2,totals,"pinnacle,lowvig,betonlineag,draftkings,fanduel,betmgm,williamhill_us,fanatics,betrivers,espnbet",10
cfb,2022-09-03T01:55:00+00:00,pre_kickoff_close,1,totals,"pinnacle,lowvig,betonlineag,draftkings,fanduel,betmgm,williamhill_us,fanatics,betrivers,espnbet",10
cfb,2022-09-03T02:30:00+00:00,forecast_decision,52,totals,"pinnacle,lowvig,betonlineag,draftkings,fanduel,betmgm,williamhill_us,fanatics,betrivers,espnbet",10
cfb,2022-09-03T15:55:00+00:00,pre_kickoff_close,9,totals,"pinnacle,lowvig,betonlineag,draftkings,fanduel,betmgm,williamhill_us,fanatics,betrivers,espnbet",10
cfb,2022-09-03T16:25:00+00:00,pre_kickoff_close,1,totals,"pinnacle,lowvig,betonlineag,draftkings,fanduel,betmgm,williamhill_us,fanatics,betrivers,espnbet",10
cfb,2022-09-03T16:55:00+00:00,pre_kickoff_close,1,totals,"pinnacle,lowvig,betonlineag,draftkings,fanduel,betmgm,williamhill_us,fanatics,betrivers,espnbet",10
cfb,2022-09-03T17:55:00+00:00,pre_kickoff_close,1,totals,"pinnacle,lowvig,betonlineag,draftkings,fanduel,betmgm,williamhill_us,fanatics,betrivers,espnbet",10
cfb,2022-09-03T18:25:00+00:00,pre_kickoff_close,1,totals,"pinnacle,lowvig,betonlineag,draftkings,fanduel,betmgm,williamhill_us,fanatics,betrivers,espnbet",10
cfb,2022-09-03T19:25:00+00:00,pre_kickoff_close,7,totals,"pinnacle,lowvig,betonlineag,draftkings,fanduel,betmgm,williamhill_us,fanatics,betrivers,espnbet",10
cfb,2022-09-03T19:55:00+00:00,pre_kickoff_close,2,totals,"pinnacle,lowvig,betonlineag,draftkings,fanduel,betmgm,williamhill_us,fanatics,betrivers,espnbet",10
cfb,2022-09-03T20:55:00+00:00,pre_kickoff_close,1,totals,"pinnacle,lowvig,betonlineag,draftkings,fanduel,betmgm,williamhill_us,fanatics,betrivers,espnbet",10
cfb,2022-09-03T21:25:00+00:00,pre_kickoff_close,1,totals,"pinnacle,lowvig,betonlineag,draftkings,fanduel,betmgm,williamhill_us,fanatics,betrivers,espnbet",10
cfb,2022-09-03T21:55:00+00:00,pre_kickoff_close,3,totals,"pinnacle,lowvig,betonlineag,draftkings,fanduel,betmgm,williamhill_us,fanatics,betrivers,espnbet",10
cfb,2022-09-03T22:55:00+00:00,pre_kickoff_close,12,totals,"pinnacle,lowvig,betonlineag,draftkings,fanduel,betmgm,williamhill_us,fanatics,betrivers,espnbet",10
cfb,2022-09-03T23:25:00+00:00,pre_kickoff_close,5,totals,"pinnacle,lowvig,betonlineag,draftkings,fanduel,betmgm,williamhill_us,fanatics,betrivers,espnbet",10
cfb,2022-09-03T23:55:00+00:00,pre_kickoff_close,4,totals,"pinnacle,lowvig,betonlineag,draftkings,fanduel,betmgm,williamhill_us,fanatics,betrivers,espnbet",10
cfb,2022-09-04T01:25:00+00:00,pre_kickoff_close,1,totals,"pinnacle,lowvig,betonlineag,draftkings,fanduel,betmgm,williamhill_us,fanatics,betrivers,espnbet",10
cfb,2022-09-04T02:25:00+00:00,pre_kickoff_close,2,totals,"pinnacle,lowvig,betonlineag,draftkings,fanduel,betmgm,williamhill_us,fanatics,betrivers,espnbet",10
cfb,2022-09-04T03:54:00+00:00,pre_kickoff_close,1,totals,"pinnacle,lowvig,betonlineag,draftkings,fanduel,betmgm,williamhill_us,fanatics,betrivers,espnbet",10
cfb,2022-09-09T02:30:00+00:00,forecast_decision,2,totals,"pinnacle,lowvig,betonlineag,draftkings,fanduel,betmgm,williamhill_us,fanatics,betrivers,espnbet",10
cfb,2022-09-09T23:25:00+00:00,pre_kickoff_close,1,totals,"pinnacle,lowvig,betonlineag,draftkings,fanduel,betmgm,williamhill_us,fanatics,betrivers,espnbet",10
cfb,2022-09-10T00:55:00+00:00,pre_kickoff_close,1,totals,"pinnacle,lowvig,betonlineag,draftkings,fanduel,betmgm,williamhill_us,fanatics,betrivers,espnbet",10
cfb,2022-09-10T02:30:00+00:00,forecast_decision,76,totals,"pinnacle,lowvig,betonlineag,draftkings,fanduel,betmgm,williamhill_us,fanatics,betrivers,espnbet",10
cfb,2022-09-10T15:55:00+00:00,pre_kickoff_close,10,totals,"pinnacle,lowvig,betonlineag,draftkings,fanduel,betmgm,williamhill_us,fanatics,betrivers,espnbet",10
cfb,2022-09-10T16:25:00+00:00,pre_kickoff_close,1,totals,"pinnacle,lowvig,betonlineag,draftkings,fanduel,betmgm,williamhill_us,fanatics,betrivers,espnbet",10
cfb,2022-09-10T16:55:00+00:00,pre_kickoff_close,1,totals,"pinnacle,lowvig,betonlineag,draftkings,fanduel,betmgm,williamhill_us,fanatics,betrivers,espnbet",10
cfb,2022-09-10T17:25:00+00:00,pre_kickoff_close,1,totals,"pinnacle,lowvig,betonlineag,draftkings,fanduel,betmgm,williamhill_us,fanatics,betrivers,espnbet",10
cfb,2022-09-10T17:55:00+00:00,pre_kickoff_close,2,totals,"pinnacle,lowvig,betonlineag,draftkings,fanduel,betmgm,williamhill_us,fanatics,betrivers,espnbet",10
cfb,2022-09-10T18:25:00+00:00,pre_kickoff_close,1,totals,"pinnacle,lowvig,betonlineag,draftkings,fanduel,betmgm,williamhill_us,fanatics,betrivers,espnbet",10
cfb,2022-09-10T19:25:00+00:00,pre_kickoff_close,7,totals,"pinnacle,lowvig,betonlineag,draftkings,fanduel,betmgm,williamhill_us,fanatics,betrivers,espnbet",10
cfb,2022-09-10T19:55:00+00:00,pre_kickoff_close,13,totals,"pinnacle,lowvig,betonlineag,draftkings,fanduel,betmgm,williamhill_us,fanatics,betrivers,espnbet",10
cfb,2022-09-10T20:55:00+00:00,pre_kickoff_close,1,totals,"pinnacle,lowvig,betonlineag,draftkings,fanduel,betmgm,williamhill_us,fanatics,betrivers,espnbet",10
cfb,2022-09-10T21:25:00+00:00,pre_kickoff_close,1,totals,"pinnacle,lowvig,betonlineag,draftkings,fanduel,betmgm,williamhill_us,fanatics,betrivers,espnbet",10
cfb,2022-09-10T21:55:00+00:00,pre_kickoff_close,7,totals,"pinnacle,lowvig,betonlineag,draftkings,fanduel,betmgm,williamhill_us,fanatics,betrivers,espnbet",10
cfb,2022-09-10T22:55:00+00:00,pre_kickoff_close,13,totals,"pinnacle,lowvig,betonlineag,draftkings,fanduel,betmgm,williamhill_us,fanatics,betrivers,espnbet",10
cfb,2022-09-10T23:25:00+00:00,pre_kickoff_close,7,totals,"pinnacle,lowvig,betonlineag,draftkings,fanduel,betmgm,williamhill_us,fanatics,betrivers,espnbet",10
cfb,2022-09-10T23:55:00+00:00,pre_kickoff_close,6,totals,"pinnacle,lowvig,betonlineag,draftkings,fanduel,betmgm,williamhill_us,fanatics,betrivers,espnbet",10
cfb,2022-09-11T00:25:00+00:00,pre_kickoff_close,1,totals,"pinnacle,lowvig,betonlineag,draftkings,fanduel,betmgm,williamhill_us,fanatics,betrivers,espnbet",10
cfb,2022-09-11T00:55:00+00:00,pre_kickoff_close,1,totals,"pinnacle,lowvig,betonlineag,draftkings,fanduel,betmgm,williamhill_us,fanatics,betrivers,espnbet",10
cfb,2022-09-11T02:10:00+00:00,pre_kickoff_close,1,totals,"pinnacle,lowvig,betonlineag,draftkings,fanduel,betmgm,williamhill_us,fanatics,betrivers,espnbet",10
cfb,2022-09-11T02:25:00+00:00,pre_kickoff_close,1,totals,"pinnacle,lowvig,betonlineag,draftkings,fanduel,betmgm,williamhill_us,fanatics,betrivers,espnbet",10
cfb,2022-09-11T02:55:00+00:00,pre_kickoff_close,1,totals,"pinnacle,lowvig,betonlineag,draftkings,fanduel,betmgm,williamhill_us,fanatics,betrivers,espnbet",10
cfb,2022-09-16T02:30:00+00:00,forecast_decision,2,totals,"pinnacle,lowvig,betonlineag,draftkings,fanduel,betmgm,williamhill_us,fanatics,betrivers,espnbet",10
cfb,2022-09-16T23:25:00+00:00,pre_kickoff_close,1,totals,"pinnacle,lowvig,betonlineag,draftkings,fanduel,betmgm,williamhill_us,fanatics,betrivers,espnbet",10
cfb,2022-09-16T23:55:00+00:00,pre_kickoff_close,1,totals,"pinnacle,lowvig,betonlineag,draftkings,fanduel,betmgm,williamhill_us,fanatics,betrivers,espnbet",10
cfb,2022-09-17T02:30:00+00:00,forecast_decision,64,totals,"pinnacle,lowvig,betonlineag,draftkings,fanduel,betmgm,williamhill_us,fanatics,betrivers,espnbet",10
cfb,2022-09-17T14:55:00+00:00,pre_kickoff_close,1,totals,"pinnacle,lowvig,betonlineag,draftkings,fanduel,betmgm,williamhill_us,fanatics,betrivers,espnbet",10
cfb,2022-09-17T15:55:00+00:00,pre_kickoff_close,9,totals,"pinnacle,lowvig,betonlineag,draftkings,fanduel,betmgm,williamhill_us,fanatics,betrivers,espnbet",10
cfb,2022-09-17T16:55:00+00:00,pre_kickoff_close,3,totals,"pinnacle,lowvig,betonlineag,draftkings,fanduel,betmgm,williamhill_us,fanatics,betrivers,espnbet",10
cfb,2022-09-17T17:55:00+00:00,pre_kickoff_close,5,totals,"pinnacle,lowvig,betonlineag,draftkings,fanduel,betmgm,williamhill_us,fanatics,betrivers,espnbet",10
cfb,2022-09-17T18:25:00+00:00,pre_kickoff_close,1,totals,"pinnacle,lowvig,betonlineag,draftkings,fanduel,betmgm,williamhill_us,fanatics,betrivers,espnbet",10
cfb,2022-09-17T18:55:00+00:00,pre_kickoff_close,1,totals,"pinnacle,lowvig,betonlineag,draftkings,fanduel,betmgm,williamhill_us,fanatics,betrivers,espnbet",10
cfb,2022-09-17T19:25:00+00:00,pre_kickoff_close,9,totals,"pinnacle,lowvig,betonlineag,draftkings,fanduel,betmgm,williamhill_us,fanatics,betrivers,espnbet",10
cfb,2022-09-17T19:55:00+00:00,pre_kickoff_close,3,totals,"pinnacle,lowvig,betonlineag,draftkings,fanduel,betmgm,williamhill_us,fanatics,betrivers,espnbet",10
cfb,2022-09-17T20:55:00+00:00,pre_kickoff_close,3,totals,"pinnacle,lowvig,betonlineag,draftkings,fanduel,betmgm,williamhill_us,fanatics,betrivers,espnbet",10
cfb,2022-09-17T21:55:00+00:00,pre_kickoff_close,3,totals,"pinnacle,lowvig,betonlineag,draftkings,fanduel,betmgm,williamhill_us,fanatics,betrivers,espnbet",10
cfb,2022-09-17T22:55:00+00:00,pre_kickoff_close,10,totals,"pinnacle,lowvig,betonlineag,draftkings,fanduel,betmgm,williamhill_us,fanatics,betrivers,espnbet",10
cfb,2022-09-17T23:25:00+00:00,pre_kickoff_close,8,totals,"pinnacle,lowvig,betonlineag,draftkings,fanduel,betmgm,williamhill_us,fanatics,betrivers,espnbet",10
cfb,2022-09-17T23:55:00+00:00,pre_kickoff_close,3,totals,"pinnacle,lowvig,betonlineag,draftkings,fanduel,betmgm,williamhill_us,fanatics,betrivers,espnbet",10
cfb,2022-09-18T00:55:00+00:00,pre_kickoff_close,1,totals,"pinnacle,lowvig,betonlineag,draftkings,fanduel,betmgm,williamhill_us,fanatics,betrivers,espnbet",10
cfb,2022-09-18T01:55:00+00:00,pre_kickoff_close,1,totals,"pinnacle,lowvig,betonlineag,draftkings,fanduel,betmgm,williamhill_us,fanatics,betrivers,espnbet",10
cfb,2022-09-18T02:25:00+00:00,pre_kickoff_close,1,totals,"pinnacle,lowvig,betonlineag,draftkings,fanduel,betmgm,williamhill_us,fanatics,betrivers,espnbet",10
cfb,2022-09-18T02:55:00+00:00,pre_kickoff_close,2,totals,"pinnacle,lowvig,betonlineag,draftkings,fanduel,betmgm,williamhill_us,fanatics,betrivers,espnbet",10
cfb,2022-09-22T02:30:00+00:00,forecast_decision,3,totals,"pinnacle,lowvig,betonlineag,draftkings,fanduel,betmgm,williamhill_us,fanatics,betrivers,espnbet",10
cfb,2022-09-22T23:25:00+00:00,pre_kickoff_close,2,totals,"pinnacle,lowvig,betonlineag,draftkings,fanduel,betmgm,williamhill_us,fanatics,betrivers,espnbet",10
cfb,2022-09-23T00:25:00+00:00,pre_kickoff_close,1,totals,"pinnacle,lowvig,betonlineag,draftkings,fanduel,betmgm,williamhill_us,fanatics,betrivers,espnbet",10
cfb,2022-09-23T02:30:00+00:00,forecast_decision,2,totals,"pinnacle,lowvig,betonlineag,draftkings,fanduel,betmgm,williamhill_us,fanatics,betrivers,espnbet",10
cfb,2022-09-23T23:55:00+00:00,pre_kickoff_close,1,totals,"pinnacle,lowvig,betonlineag,draftkings,fanduel,betmgm,williamhill_us,fanatics,betrivers,espnbet",10
cfb,2022-09-24T00:55:00+00:00,pre_kickoff_close,1,totals,"pinnacle,lowvig,betonlineag,draftkings,fanduel,betmgm,williamhill_us,fanatics,betrivers,espnbet",10
cfb,2022-09-24T02:30:00+00:00,forecast_decision,55,totals,"pinnacle,lowvig,betonlineag,draftkings,fanduel,betmgm,williamhill_us,fanatics,betrivers,espnbet",10
cfb,2022-09-24T15:55:00+00:00,pre_kickoff_close,12,totals,"pinnacle,lowvig,betonlineag,draftkings,fanduel,betmgm,williamhill_us,fanatics,betrivers,espnbet",10
cfb,2022-09-24T17:55:00+00:00,pre_kickoff_close,2,totals,"pinnacle,lowvig,betonlineag,draftkings,fanduel,betmgm,williamhill_us,fanatics,betrivers,espnbet",10
cfb,2022-09-24T19:25:00+00:00,pre_kickoff_close,10,totals,"pinnacle,lowvig,betonlineag,draftkings,fanduel,betmgm,williamhill_us,fanatics,betrivers,espnbet",10
cfb,2022-09-24T19:55:00+00:00,pre_kickoff_close,3,totals,"pinnacle,lowvig,betonlineag,draftkings,fanduel,betmgm,williamhill_us,fanatics,betrivers,espnbet",10
cfb,2022-09-24T21:25:00+00:00,pre_kickoff_close,1,totals,"pinnacle,lowvig,betonlineag,draftkings,fanduel,betmgm,williamhill_us,fanatics,betrivers,espnbet",10
cfb,2022-09-24T21:55:00+00:00,pre_kickoff_close,5,totals,"pinnacle,lowvig,betonlineag,draftkings,fanduel,betmgm,williamhill_us,fanatics,betrivers,espnbet",10
cfb,2022-09-24T22:55:00+00:00,pre_kickoff_close,7,totals,"pinnacle,lowvig,betonlineag,draftkings,fanduel,betmgm,williamhill_us,fanatics,betrivers,espnbet",10
cfb,2022-09-24T23:25:00+00:00,pre_kickoff_close,6,totals,"pinnacle,lowvig,betonlineag,draftkings,fanduel,betmgm,williamhill_us,fanatics,betrivers,espnbet",10
cfb,2022-09-24T23:55:00+00:00,pre_kickoff_close,4,totals,"pinnacle,lowvig,betonlineag,draftkings,fanduel,betmgm,williamhill_us,fanatics,betrivers,espnbet",10
cfb,2022-09-25T01:25:00+00:00,pre_kickoff_close,1,totals,"pinnacle,lowvig,betonlineag,draftkings,fanduel,betmgm,williamhill_us,fanatics,betrivers,espnbet",10
cfb,2022-09-25T02:10:00+00:00,pre_kickoff_close,1,totals,"pinnacle,lowvig,betonlineag,draftkings,fanduel,betmgm,williamhill_us,fanatics,betrivers,espnbet",10
cfb,2022-09-25T02:25:00+00:00,pre_kickoff_close,3,totals,"pinnacle,lowvig,betonlineag,draftkings,fanduel,betmgm,williamhill_us,fanatics,betrivers,espnbet",10
cfb,2022-09-29T02:30:00+00:00,forecast_decision,2,totals,"pinnacle,lowvig,betonlineag,draftkings,fanduel,betmgm,williamhill_us,fanatics,betrivers,espnbet",10
cfb,2022-09-29T22:55:00+00:00,pre_kickoff_close,1,totals,"pinnacle,lowvig,betonlineag,draftkings,fanduel,betmgm,williamhill_us,fanatics,betrivers,espnbet",10
cfb,2022-09-29T23:55:00+00:00,pre_kickoff_close,1,totals,"pinnacle,lowvig,betonlineag,draftkings,fanduel,betmgm,williamhill_us,fanatics,betrivers,espnbet",10
cfb,2022-09-30T02:30:00+00:00,forecast_decision,4,totals,"pinnacle,lowvig,betonlineag,draftkings,fanduel,betmgm,williamhill_us,fanatics,betrivers,espnbet",10
cfb,2022-09-30T22:55:00+00:00,pre_kickoff_close,1,totals,"pinnacle,lowvig,betonlineag,draftkings,fanduel,betmgm,williamhill_us,fanatics,betrivers,espnbet",10
cfb,2022-09-30T23:25:00+00:00,pre_kickoff_close,1,totals,"pinnacle,lowvig,betonlineag,draftkings,fanduel,betmgm,williamhill_us,fanatics,betrivers,espnbet",10
cfb,2022-09-30T23:55:00+00:00,pre_kickoff_close,1,totals,"pinnacle,lowvig,betonlineag,draftkings,fanduel,betmgm,williamhill_us,fanatics,betrivers,espnbet",10
cfb,2022-10-01T02:25:00+00:00,pre_kickoff_close,1,totals,"pinnacle,lowvig,betonlineag,draftkings,fanduel,betmgm,williamhill_us,fanatics,betrivers,espnbet",10
cfb,2022-10-01T02:30:00+00:00,forecast_decision,53,totals,"pinnacle,lowvig,betonlineag,draftkings,fanduel,betmgm,williamhill_us,fanatics,betrivers,espnbet",10
cfb,2022-10-01T15:55:00+00:00,pre_kickoff_close,9,totals,"pinnacle,lowvig,betonlineag,draftkings,fanduel,betmgm,williamhill_us,fanatics,betrivers,espnbet",10
cfb,2022-10-01T17:25:00+00:00,pre_kickoff_close,1,totals,"pinnacle,lowvig,betonlineag,draftkings,fanduel,betmgm,williamhill_us,fanatics,betrivers,espnbet",10
cfb,2022-10-01T17:55:00+00:00,pre_kickoff_close,3,totals,"pinnacle,lowvig,betonlineag,draftkings,fanduel,betmgm,williamhill_us,fanatics,betrivers,espnbet",10
cfb,2022-10-01T18:25:00+00:00,pre_kickoff_close,1,totals,"pinnacle,lowvig,betonlineag,draftkings,fanduel,betmgm,williamhill_us,fanatics,betrivers,espnbet",10
cfb,2022-10-01T19:25:00+00:00,pre_kickoff_close,15,totals,"pinnacle,lowvig,betonlineag,draftkings,fanduel,betmgm,williamhill_us,fanatics,betrivers,espnbet",10
cfb,2022-10-01T19:55:00+00:00,pre_kickoff_close,2,totals,"pinnacle,lowvig,betonlineag,draftkings,fanduel,betmgm,williamhill_us,fanatics,betrivers,espnbet",10
cfb,2022-10-01T20:55:00+00:00,pre_kickoff_close,1,totals,"pinnacle,lowvig,betonlineag,draftkings,fanduel,betmgm,williamhill_us,fanatics,betrivers,espnbet",10
cfb,2022-10-01T21:25:00+00:00,pre_kickoff_close,1,totals,"pinnacle,lowvig,betonlineag,draftkings,fanduel,betmgm,williamhill_us,fanatics,betrivers,espnbet",10
cfb,2022-10-01T21:55:00+00:00,pre_kickoff_close,3,totals,"pinnacle,lowvig,betonlineag,draftkings,fanduel,betmgm,williamhill_us,fanatics,betrivers,espnbet",10
cfb,2022-10-01T22:55:00+00:00,pre_kickoff_close,5,totals,"pinnacle,lowvig,betonlineag,draftkings,fanduel,betmgm,williamhill_us,fanatics,betrivers,espnbet",10
cfb,2022-10-01T23:25:00+00:00,pre_kickoff_close,7,totals,"pinnacle,lowvig,betonlineag,draftkings,fanduel,betmgm,williamhill_us,fanatics,betrivers,espnbet",10
cfb,2022-10-01T23:55:00+00:00,pre_kickoff_close,2,totals,"pinnacle,lowvig,betonlineag,draftkings,fanduel,betmgm,williamhill_us,fanatics,betrivers,espnbet",10
cfb,2022-10-02T01:25:00+00:00,pre_kickoff_close,1,totals,"pinnacle,lowvig,betonlineag,draftkings,fanduel,betmgm,williamhill_us,fanatics,betrivers,espnbet",10
cfb,2022-10-02T02:25:00+00:00,pre_kickoff_close,1,totals,"pinnacle,lowvig,betonlineag,draftkings,fanduel,betmgm,williamhill_us,fanatics,betrivers,espnbet",10
cfb,2022-10-02T02:30:00+00:00,forecast_decision,1,totals,"pinnacle,lowvig,betonlineag,draftkings,fanduel,betmgm,williamhill_us,fanatics,betrivers,espnbet",10
cfb,2022-10-02T02:55:00+00:00,pre_kickoff_close,1,totals,"pinnacle,lowvig,betonlineag,draftkings,fanduel,betmgm,williamhill_us,fanatics,betrivers,espnbet",10
cfb,2022-10-02T15:55:00+00:00,pre_kickoff_close,1,totals,"pinnacle,lowvig,betonlineag,draftkings,fanduel,betmgm,williamhill_us,fanatics,betrivers,espnbet",10
cfb,2022-10-05T02:30:00+00:00,forecast_decision,1,totals,"pinnacle,lowvig,betonlineag,draftkings,fanduel,betmgm,williamhill_us,fanatics,betrivers,espnbet",10
cfb,2022-10-05T22:55:00+00:00,pre_kickoff_close,1,totals,"pinnacle,lowvig,betonlineag,draftkings,fanduel,betmgm,williamhill_us,fanatics,betrivers,espnbet",10
cfb,2022-10-07T02:30:00+00:00,forecast_decision,4,totals,"pinnacle,lowvig,betonlineag,draftkings,fanduel,betmgm,williamhill_us,fanatics,betrivers,espnbet",10
cfb,2022-10-07T22:55:00+00:00,pre_kickoff_close,1,totals,"pinnacle,lowvig,betonlineag,draftkings,fanduel,betmgm,williamhill_us,fanatics,betrivers,espnbet",10
cfb,2022-10-07T23:25:00+00:00,pre_kickoff_close,1,totals,"pinnacle,lowvig,betonlineag,draftkings,fanduel,betmgm,williamhill_us,fanatics,betrivers,espnbet",10
cfb,2022-10-08T02:25:00+00:00,pre_kickoff_close,2,totals,"pinnacle,lowvig,betonlineag,draftkings,fanduel,betmgm,williamhill_us,fanatics,betrivers,espnbet",10
cfb,2022-10-08T02:30:00+00:00,forecast_decision,45,totals,"pinnacle,lowvig,betonlineag,draftkings,fanduel,betmgm,williamhill_us,fanatics,betrivers,espnbet",10
cfb,2022-10-08T15:55:00+00:00,pre_kickoff_close,9,totals,"pinnacle,lowvig,betonlineag,draftkings,fanduel,betmgm,williamhill_us,fanatics,betrivers,espnbet",10
cfb,2022-10-08T17:55:00+00:00,pre_kickoff_close,1,totals,"pinnacle,lowvig,betonlineag,draftkings,fanduel,betmgm,williamhill_us,fanatics,betrivers,espnbet",10
cfb,2022-10-08T18:25:00+00:00,pre_kickoff_close,1,totals,"pinnacle,lowvig,betonlineag,draftkings,fanduel,betmgm,williamhill_us,fanatics,betrivers,espnbet",10
cfb,2022-10-08T19:25:00+00:00,pre_kickoff_close,11,totals,"pinnacle,lowvig,betonlineag,draftkings,fanduel,betmgm,williamhill_us,fanatics,betrivers,espnbet",10
cfb,2022-10-08T19:55:00+00:00,pre_kickoff_close,5,totals,"pinnacle,lowvig,betonlineag,draftkings,fanduel,betmgm,williamhill_us,fanatics,betrivers,espnbet",10
cfb,2022-10-08T22:55:00+00:00,pre_kickoff_close,5,totals,"pinnacle,lowvig,betonlineag,draftkings,fanduel,betmgm,williamhill_us,fanatics,betrivers,espnbet",10
cfb,2022-10-08T23:25:00+00:00,pre_kickoff_close,6,totals,"pinnacle,lowvig,betonlineag,draftkings,fanduel,betmgm,williamhill_us,fanatics,betrivers,espnbet",10
cfb,2022-10-08T23:55:00+00:00,pre_kickoff_close,3,totals,"pinnacle,lowvig,betonlineag,draftkings,fanduel,betmgm,williamhill_us,fanatics,betrivers,espnbet",10
cfb,2022-10-09T00:55:00+00:00,pre_kickoff_close,1,totals,"pinnacle,lowvig,betonlineag,draftkings,fanduel,betmgm,williamhill_us,fanatics,betrivers,espnbet",10
cfb,2022-10-09T01:40:00+00:00,pre_kickoff_close,1,totals,"pinnacle,lowvig,betonlineag,draftkings,fanduel,betmgm,williamhill_us,fanatics,betrivers,espnbet",10
cfb,2022-10-09T02:25:00+00:00,pre_kickoff_close,1,totals,"pinnacle,lowvig,betonlineag,draftkings,fanduel,betmgm,williamhill_us,fanatics,betrivers,espnbet",10
cfb,2022-10-09T02:55:00+00:00,pre_kickoff_close,1,totals,"pinnacle,lowvig,betonlineag,draftkings,fanduel,betmgm,williamhill_us,fanatics,betrivers,espnbet",10
cfb,2022-10-12T02:30:00+00:00,forecast_decision,1,totals,"pinnacle,lowvig,betonlineag,draftkings,fanduel,betmgm,williamhill_us,fanatics,betrivers,espnbet",10
cfb,2022-10-12T23:25:00+00:00,pre_kickoff_close,1,totals,"pinnacle,lowvig,betonlineag,draftkings,fanduel,betmgm,williamhill_us,fanatics,betrivers,espnbet",10
cfb,2022-10-13T02:30:00+00:00,forecast_decision,2,totals,"pinnacle,lowvig,betonlineag,draftkings,fanduel,betmgm,williamhill_us,fanatics,betrivers,espnbet",10
cfb,2022-10-13T22:55:00+00:00,pre_kickoff_close,2,totals,"pinnacle,lowvig,betonlineag,draftkings,fanduel,betmgm,williamhill_us,fanatics,betrivers,espnbet",10
cfb,2022-10-14T02:30:00+00:00,forecast_decision,1,totals,"pinnacle,lowvig,betonlineag,draftkings,fanduel,betmgm,williamhill_us,fanatics,betrivers,espnbet",10
cfb,2022-10-14T23:25:00+00:00,pre_kickoff_close,1,totals,"pinnacle,lowvig,betonlineag,draftkings,fanduel,betmgm,williamhill_us,fanatics,betrivers,espnbet",10
cfb,2022-10-15T02:30:00+00:00,forecast_decision,45,totals,"pinnacle,lowvig,betonlineag,draftkings,fanduel,betmgm,williamhill_us,fanatics,betrivers,espnbet",10
cfb,2022-10-15T15:55:00+00:00,pre_kickoff_close,8,totals,"pinnacle,lowvig,betonlineag,draftkings,fanduel,betmgm,williamhill_us,fanatics,betrivers,espnbet",10
cfb,2022-10-15T16:25:00+00:00,pre_kickoff_close,1,totals,"pinnacle,lowvig,betonlineag,draftkings,fanduel,betmgm,williamhill_us,fanatics,betrivers,espnbet",10
cfb,2022-10-15T16:55:00+00:00,pre_kickoff_close,1,totals,"pinnacle,lowvig,betonlineag,draftkings,fanduel,betmgm,williamhill_us,fanatics,betrivers,espnbet",10
cfb,2022-10-15T17:55:00+00:00,pre_kickoff_close,2,totals,"pinnacle,lowvig,betonlineag,draftkings,fanduel,betmgm,williamhill_us,fanatics,betrivers,espnbet",10
cfb,2022-10-15T19:25:00+00:00,pre_kickoff_close,12,totals,"pinnacle,lowvig,betonlineag,draftkings,fanduel,betmgm,williamhill_us,fanatics,betrivers,espnbet",10
cfb,2022-10-15T19:55:00+00:00,pre_kickoff_close,4,totals,"pinnacle,lowvig,betonlineag,draftkings,fanduel,betmgm,williamhill_us,fanatics,betrivers,espnbet",10
cfb,2022-10-15T21:25:00+00:00,pre_kickoff_close,1,totals,"pinnacle,lowvig,betonlineag,draftkings,fanduel,betmgm,williamhill_us,fanatics,betrivers,espnbet",10
cfb,2022-10-15T21:55:00+00:00,pre_kickoff_close,1,totals,"pinnacle,lowvig,betonlineag,draftkings,fanduel,betmgm,williamhill_us,fanatics,betrivers,espnbet",10
cfb,2022-10-15T22:55:00+00:00,pre_kickoff_close,4,totals,"pinnacle,lowvig,betonlineag,draftkings,fanduel,betmgm,williamhill_us,fanatics,betrivers,espnbet",10
cfb,2022-10-15T23:25:00+00:00,pre_kickoff_close,5,totals,"pinnacle,lowvig,betonlineag,draftkings,fanduel,betmgm,williamhill_us,fanatics,betrivers,espnbet",10
cfb,2022-10-15T23:55:00+00:00,pre_kickoff_close,3,totals,"pinnacle,lowvig,betonlineag,draftkings,fanduel,betmgm,williamhill_us,fanatics,betrivers,espnbet",10
cfb,2022-10-16T00:55:00+00:00,pre_kickoff_close,1,totals,"pinnacle,lowvig,betonlineag,draftkings,fanduel,betmgm,williamhill_us,fanatics,betrivers,espnbet",10
cfb,2022-10-16T02:40:00+00:00,pre_kickoff_close,1,totals,"pinnacle,lowvig,betonlineag,draftkings,fanduel,betmgm,williamhill_us,fanatics,betrivers,espnbet",10
cfb,2022-10-16T03:54:00+00:00,pre_kickoff_close,1,totals,"pinnacle,lowvig,betonlineag,draftkings,fanduel,betmgm,williamhill_us,fanatics,betrivers,espnbet",10
cfb,2022-10-19T02:30:00+00:00,forecast_decision,1,totals,"pinnacle,lowvig,betonlineag,draftkings,fanduel,betmgm,williamhill_us,fanatics,betrivers,espnbet",10
cfb,2022-10-19T23:25:00+00:00,pre_kickoff_close,1,totals,"pinnacle,lowvig,betonlineag,draftkings,fanduel,betmgm,williamhill_us,fanatics,betrivers,espnbet",10
cfb,2022-10-20T02:30:00+00:00,forecast_decision,2,totals,"pinnacle,lowvig,betonlineag,draftkings,fanduel,betmgm,williamhill_us,fanatics,betrivers,espnbet",10
cfb,2022-10-20T23:25:00+00:00,pre_kickoff_close,2,totals,"pinnacle,lowvig,betonlineag,draftkings,fanduel,betmgm,williamhill_us,fanatics,betrivers,espnbet",10
cfb,2022-10-21T02:30:00+00:00,forecast_decision,2,totals,"pinnacle,lowvig,betonlineag,draftkings,fanduel,betmgm,williamhill_us,fanatics,betrivers,espnbet",10
cfb,2022-10-21T23:25:00+00:00,pre_kickoff_close,1,totals,"pinnacle,lowvig,betonlineag,draftkings,fanduel,betmgm,williamhill_us,fanatics,betrivers,espnbet",10
cfb,2022-10-21T23:55:00+00:00,pre_kickoff_close,1,totals,"pinnacle,lowvig,betonlineag,draftkings,fanduel,betmgm,williamhill_us,fanatics,betrivers,espnbet",10
cfb,2022-10-22T02:30:00+00:00,forecast_decision,45,totals,"pinnacle,lowvig,betonlineag,draftkings,fanduel,betmgm,williamhill_us,fanatics,betrivers,espnbet",10
cfb,2022-10-22T15:55:00+00:00,pre_kickoff_close,9,totals,"pinnacle,lowvig,betonlineag,draftkings,fanduel,betmgm,williamhill_us,fanatics,betrivers,espnbet",10
cfb,2022-10-22T16:25:00+00:00,pre_kickoff_close,1,totals,"pinnacle,lowvig,betonlineag,draftkings,fanduel,betmgm,williamhill_us,fanatics,betrivers,espnbet",10
cfb,2022-10-22T16:55:00+00:00,pre_kickoff_close,2,totals,"pinnacle,lowvig,betonlineag,draftkings,fanduel,betmgm,williamhill_us,fanatics,betrivers,espnbet",10
cfb,2022-10-22T17:55:00+00:00,pre_kickoff_close,1,totals,"pinnacle,lowvig,betonlineag,draftkings,fanduel,betmgm,williamhill_us,fanatics,betrivers,espnbet",10
cfb,2022-10-22T18:25:00+00:00,pre_kickoff_close,1,totals,"pinnacle,lowvig,betonlineag,draftkings,fanduel,betmgm,williamhill_us,fanatics,betrivers,espnbet",10
cfb,2022-10-22T18:55:00+00:00,pre_kickoff_close,1,totals,"pinnacle,lowvig,betonlineag,draftkings,fanduel,betmgm,williamhill_us,fanatics,betrivers,espnbet",10
cfb,2022-10-22T19:25:00+00:00,pre_kickoff_close,12,totals,"pinnacle,lowvig,betonlineag,draftkings,fanduel,betmgm,williamhill_us,fanatics,betrivers,espnbet",10
cfb,2022-10-22T19:55:00+00:00,pre_kickoff_close,4,totals,"pinnacle,lowvig,betonlineag,draftkings,fanduel,betmgm,williamhill_us,fanatics,betrivers,espnbet",10
cfb,2022-10-22T20:55:00+00:00,pre_kickoff_close,2,totals,"pinnacle,lowvig,betonlineag,draftkings,fanduel,betmgm,williamhill_us,fanatics,betrivers,espnbet",10
cfb,2022-10-22T22:25:00+00:00,pre_kickoff_close,1,totals,"pinnacle,lowvig,betonlineag,draftkings,fanduel,betmgm,williamhill_us,fanatics,betrivers,espnbet",10
cfb,2022-10-22T22:55:00+00:00,pre_kickoff_close,2,totals,"pinnacle,lowvig,betonlineag,draftkings,fanduel,betmgm,williamhill_us,fanatics,betrivers,espnbet",10
cfb,2022-10-22T23:25:00+00:00,pre_kickoff_close,3,totals,"pinnacle,lowvig,betonlineag,draftkings,fanduel,betmgm,williamhill_us,fanatics,betrivers,espnbet",10
cfb,2022-10-22T23:55:00+00:00,pre_kickoff_close,3,totals,"pinnacle,lowvig,betonlineag,draftkings,fanduel,betmgm,williamhill_us,fanatics,betrivers,espnbet",10
cfb,2022-10-23T01:40:00+00:00,pre_kickoff_close,1,totals,"pinnacle,lowvig,betonlineag,draftkings,fanduel,betmgm,williamhill_us,fanatics,betrivers,espnbet",10
cfb,2022-10-23T02:25:00+00:00,pre_kickoff_close,2,totals,"pinnacle,lowvig,betonlineag,draftkings,fanduel,betmgm,williamhill_us,fanatics,betrivers,espnbet",10
cfb,2022-10-27T02:30:00+00:00,forecast_decision,3,totals,"pinnacle,lowvig,betonlineag,draftkings,fanduel,betmgm,williamhill_us,fanatics,betrivers,espnbet",10
cfb,2022-10-27T23:25:00+00:00,pre_kickoff_close,2,totals,"pinnacle,lowvig,betonlineag,draftkings,fanduel,betmgm,williamhill_us,fanatics,betrivers,espnbet",10
cfb,2022-10-28T01:55:00+00:00,pre_kickoff_close,1,totals,"pinnacle,lowvig,betonlineag,draftkings,fanduel,betmgm,williamhill_us,fanatics,betrivers,espnbet",10
cfb,2022-10-28T02:30:00+00:00,forecast_decision,1,totals,"pinnacle,lowvig,betonlineag,draftkings,fanduel,betmgm,williamhill_us,fanatics,betrivers,espnbet",10
cfb,2022-10-28T23:55:00+00:00,pre_kickoff_close,1,totals,"pinnacle,lowvig,betonlineag,draftkings,fanduel,betmgm,williamhill_us,fanatics,betrivers,espnbet",10
cfb,2022-10-29T02:30:00+00:00,forecast_decision,41,totals,"pinnacle,lowvig,betonlineag,draftkings,fanduel,betmgm,williamhill_us,fanatics,betrivers,espnbet",10
cfb,2022-10-29T15:55:00+00:00,pre_kickoff_close,9,totals,"pinnacle,lowvig,betonlineag,draftkings,fanduel,betmgm,williamhill_us,fanatics,betrivers,espnbet",10
cfb,2022-10-29T16:25:00+00:00,pre_kickoff_close,1,totals,"pinnacle,lowvig,betonlineag,draftkings,fanduel,betmgm,williamhill_us,fanatics,betrivers,espnbet",10
cfb,2022-10-29T17:55:00+00:00,pre_kickoff_close,1,totals,"pinnacle,lowvig,betonlineag,draftkings,fanduel,betmgm,williamhill_us,fanatics,betrivers,espnbet",10
cfb,2022-10-29T18:25:00+00:00,pre_kickoff_close,1,totals,"pinnacle,lowvig,betonlineag,draftkings,fanduel,betmgm,williamhill_us,fanatics,betrivers,espnbet",10
cfb,2022-10-29T18:55:00+00:00,pre_kickoff_close,1,totals,"pinnacle,lowvig,betonlineag,draftkings,fanduel,betmgm,williamhill_us,fanatics,betrivers,espnbet",10
cfb,2022-10-29T19:25:00+00:00,pre_kickoff_close,11,totals,"pinnacle,lowvig,betonlineag,draftkings,fanduel,betmgm,williamhill_us,fanatics,betrivers,espnbet",10
cfb,2022-10-29T19:55:00+00:00,pre_kickoff_close,2,totals,"pinnacle,lowvig,betonlineag,draftkings,fanduel,betmgm,williamhill_us,fanatics,betrivers,espnbet",10
cfb,2022-10-29T22:55:00+00:00,pre_kickoff_close,5,totals,"pinnacle,lowvig,betonlineag,draftkings,fanduel,betmgm,williamhill_us,fanatics,betrivers,espnbet",10
cfb,2022-10-29T23:25:00+00:00,pre_kickoff_close,4,totals,"pinnacle,lowvig,betonlineag,draftkings,fanduel,betmgm,williamhill_us,fanatics,betrivers,espnbet",10
cfb,2022-10-29T23:55:00+00:00,pre_kickoff_close,1,totals,"pinnacle,lowvig,betonlineag,draftkings,fanduel,betmgm,williamhill_us,fanatics,betrivers,espnbet",10
cfb,2022-10-30T00:55:00+00:00,pre_kickoff_close,1,totals,"pinnacle,lowvig,betonlineag,draftkings,fanduel,betmgm,williamhill_us,fanatics,betrivers,espnbet",10
cfb,2022-10-30T02:25:00+00:00,pre_kickoff_close,3,totals,"pinnacle,lowvig,betonlineag,draftkings,fanduel,betmgm,williamhill_us,fanatics,betrivers,espnbet",10
cfb,2022-10-30T03:54:00+00:00,pre_kickoff_close,1,totals,"pinnacle,lowvig,betonlineag,draftkings,fanduel,betmgm,williamhill_us,fanatics,betrivers,espnbet",10
cfb,2022-11-01T02:30:00+00:00,forecast_decision,1,totals,"pinnacle,lowvig,betonlineag,draftkings,fanduel,betmgm,williamhill_us,fanatics,betrivers,espnbet",10
cfb,2022-11-01T22:55:00+00:00,pre_kickoff_close,1,totals,"pinnacle,lowvig,betonlineag,draftkings,fanduel,betmgm,williamhill_us,fanatics,betrivers,espnbet",10
cfb,2022-11-02T02:30:00+00:00,forecast_decision,2,totals,"pinnacle,lowvig,betonlineag,draftkings,fanduel,betmgm,williamhill_us,fanatics,betrivers,espnbet",10
cfb,2022-11-02T22:55:00+00:00,pre_kickoff_close,2,totals,"pinnacle,lowvig,betonlineag,draftkings,fanduel,betmgm,williamhill_us,fanatics,betrivers,espnbet",10
cfb,2022-11-03T02:30:00+00:00,forecast_decision,2,totals,"pinnacle,lowvig,betonlineag,draftkings,fanduel,betmgm,williamhill_us,fanatics,betrivers,espnbet",10
cfb,2022-11-03T22:55:00+00:00,pre_kickoff_close,1,totals,"pinnacle,lowvig,betonlineag,draftkings,fanduel,betmgm,williamhill_us,fanatics,betrivers,espnbet",10
cfb,2022-11-03T23:25:00+00:00,pre_kickoff_close,1,totals,"pinnacle,lowvig,betonlineag,draftkings,fanduel,betmgm,williamhill_us,fanatics,betrivers,espnbet",10
cfb,2022-11-04T02:30:00+00:00,forecast_decision,3,totals,"pinnacle,lowvig,betonlineag,draftkings,fanduel,betmgm,williamhill_us,fanatics,betrivers,espnbet",10
cfb,2022-11-04T22:55:00+00:00,pre_kickoff_close,2,totals,"pinnacle,lowvig,betonlineag,draftkings,fanduel,betmgm,williamhill_us,fanatics,betrivers,espnbet",10
cfb,2022-11-05T02:25:00+00:00,pre_kickoff_close,1,totals,"pinnacle,lowvig,betonlineag,draftkings,fanduel,betmgm,williamhill_us,fanatics,betrivers,espnbet",10
cfb,2022-11-05T02:30:00+00:00,forecast_decision,48,totals,"pinnacle,lowvig,betonlineag,draftkings,fanduel,betmgm,williamhill_us,fanatics,betrivers,espnbet",10
cfb,2022-11-05T15:55:00+00:00,pre_kickoff_close,9,totals,"pinnacle,lowvig,betonlineag,draftkings,fanduel,betmgm,williamhill_us,fanatics,betrivers,espnbet",10
cfb,2022-11-05T16:25:00+00:00,pre_kickoff_close,1,totals,"pinnacle,lowvig,betonlineag,draftkings,fanduel,betmgm,williamhill_us,fanatics,betrivers,espnbet",10
cfb,2022-11-05T17:55:00+00:00,pre_kickoff_close,2,totals,"pinnacle,lowvig,betonlineag,draftkings,fanduel,betmgm,williamhill_us,fanatics,betrivers,espnbet",10
cfb,2022-11-05T18:55:00+00:00,pre_kickoff_close,2,totals,"pinnacle,lowvig,betonlineag,draftkings,fanduel,betmgm,williamhill_us,fanatics,betrivers,espnbet",10
cfb,2022-11-05T19:25:00+00:00,pre_kickoff_close,11,totals,"pinnacle,lowvig,betonlineag,draftkings,fanduel,betmgm,williamhill_us,fanatics,betrivers,espnbet",10
cfb,2022-11-05T19:55:00+00:00,pre_kickoff_close,4,totals,"pinnacle,lowvig,betonlineag,draftkings,fanduel,betmgm,williamhill_us,fanatics,betrivers,espnbet",10
cfb,2022-11-05T20:55:00+00:00,pre_kickoff_close,2,totals,"pinnacle,lowvig,betonlineag,draftkings,fanduel,betmgm,williamhill_us,fanatics,betrivers,espnbet",10
cfb,2022-11-05T22:55:00+00:00,pre_kickoff_close,5,totals,"pinnacle,lowvig,betonlineag,draftkings,fanduel,betmgm,williamhill_us,fanatics,betrivers,espnbet",10
cfb,2022-11-05T23:25:00+00:00,pre_kickoff_close,7,totals,"pinnacle,lowvig,betonlineag,draftkings,fanduel,betmgm,williamhill_us,fanatics,betrivers,espnbet",10
cfb,2022-11-05T23:55:00+00:00,pre_kickoff_close,1,totals,"pinnacle,lowvig,betonlineag,draftkings,fanduel,betmgm,williamhill_us,fanatics,betrivers,espnbet",10
cfb,2022-11-06T02:25:00+00:00,pre_kickoff_close,4,totals,"pinnacle,lowvig,betonlineag,draftkings,fanduel,betmgm,williamhill_us,fanatics,betrivers,espnbet",10
cfb,2022-11-08T03:30:00+00:00,forecast_decision,3,totals,"pinnacle,lowvig,betonlineag,draftkings,fanduel,betmgm,williamhill_us,fanatics,betrivers,espnbet",10
cfb,2022-11-08T23:55:00+00:00,pre_kickoff_close,1,totals,"pinnacle,lowvig,betonlineag,draftkings,fanduel,betmgm,williamhill_us,fanatics,betrivers,espnbet",10
cfb,2022-11-09T00:25:00+00:00,pre_kickoff_close,1,totals,"pinnacle,lowvig,betonlineag,draftkings,fanduel,betmgm,williamhill_us,fanatics,betrivers,espnbet",10
cfb,2022-11-09T00:55:00+00:00,pre_kickoff_close,1,totals,"pinnacle,lowvig,betonlineag,draftkings,fanduel,betmgm,williamhill_us,fanatics,betrivers,espnbet",10
cfb,2022-11-09T03:30:00+00:00,forecast_decision,3,totals,"pinnacle,lowvig,betonlineag,draftkings,fanduel,betmgm,williamhill_us,fanatics,betrivers,espnbet",10
cfb,2022-11-09T23:55:00+00:00,pre_kickoff_close,3,totals,"pinnacle,lowvig,betonlineag,draftkings,fanduel,betmgm,williamhill_us,fanatics,betrivers,espnbet",10
cfb,2022-11-10T03:30:00+00:00,forecast_decision,2,totals,"pinnacle,lowvig,betonlineag,draftkings,fanduel,betmgm,williamhill_us,fanatics,betrivers,espnbet",10
cfb,2022-11-11T00:25:00+00:00,pre_kickoff_close,2,totals,"pinnacle,lowvig,betonlineag,draftkings,fanduel,betmgm,williamhill_us,fanatics,betrivers,espnbet",10
cfb,2022-11-11T03:30:00+00:00,forecast_decision,2,totals,"pinnacle,lowvig,betonlineag,draftkings,fanduel,betmgm,williamhill_us,fanatics,betrivers,espnbet",10
cfb,2022-11-12T00:55:00+00:00,pre_kickoff_close,1,totals,"pinnacle,lowvig,betonlineag,draftkings,fanduel,betmgm,williamhill_us,fanatics,betrivers,espnbet",10
cfb,2022-11-12T02:25:00+00:00,pre_kickoff_close,1,totals,"pinnacle,lowvig,betonlineag,draftkings,fanduel,betmgm,williamhill_us,fanatics,betrivers,espnbet",10
cfb,2022-11-12T03:30:00+00:00,forecast_decision,49,totals,"pinnacle,lowvig,betonlineag,draftkings,fanduel,betmgm,williamhill_us,fanatics,betrivers,espnbet",10
cfb,2022-11-12T16:55:00+00:00,pre_kickoff_close,11,totals,"pinnacle,lowvig,betonlineag,draftkings,fanduel,betmgm,williamhill_us,fanatics,betrivers,espnbet",10
cfb,2022-11-12T17:55:00+00:00,pre_kickoff_close,2,totals,"pinnacle,lowvig,betonlineag,draftkings,fanduel,betmgm,williamhill_us,fanatics,betrivers,espnbet",10
cfb,2022-11-12T18:55:00+00:00,pre_kickoff_close,2,totals,"pinnacle,lowvig,betonlineag,draftkings,fanduel,betmgm,williamhill_us,fanatics,betrivers,espnbet",10
cfb,2022-11-12T19:55:00+00:00,pre_kickoff_close,2,totals,"pinnacle,lowvig,betonlineag,draftkings,fanduel,betmgm,williamhill_us,fanatics,betrivers,espnbet",10
cfb,2022-11-12T20:25:00+00:00,pre_kickoff_close,15,totals,"pinnacle,lowvig,betonlineag,draftkings,fanduel,betmgm,williamhill_us,fanatics,betrivers,espnbet",10
cfb,2022-11-12T20:55:00+00:00,pre_kickoff_close,1,totals,"pinnacle,lowvig,betonlineag,draftkings,fanduel,betmgm,williamhill_us,fanatics,betrivers,espnbet",10
cfb,2022-11-12T21:55:00+00:00,pre_kickoff_close,1,totals,"pinnacle,lowvig,betonlineag,draftkings,fanduel,betmgm,williamhill_us,fanatics,betrivers,espnbet",10
cfb,2022-11-12T23:55:00+00:00,pre_kickoff_close,5,totals,"pinnacle,lowvig,betonlineag,draftkings,fanduel,betmgm,williamhill_us,fanatics,betrivers,espnbet",10
cfb,2022-11-13T00:25:00+00:00,pre_kickoff_close,4,totals,"pinnacle,lowvig,betonlineag,draftkings,fanduel,betmgm,williamhill_us,fanatics,betrivers,espnbet",10
cfb,2022-11-13T01:55:00+00:00,pre_kickoff_close,1,totals,"pinnacle,lowvig,betonlineag,draftkings,fanduel,betmgm,williamhill_us,fanatics,betrivers,espnbet",10
cfb,2022-11-13T02:55:00+00:00,pre_kickoff_close,1,totals,"pinnacle,lowvig,betonlineag,draftkings,fanduel,betmgm,williamhill_us,fanatics,betrivers,espnbet",10
cfb,2022-11-13T03:25:00+00:00,pre_kickoff_close,3,totals,"pinnacle,lowvig,betonlineag,draftkings,fanduel,betmgm,williamhill_us,fanatics,betrivers,espnbet",10
cfb,2022-11-13T03:55:00+00:00,pre_kickoff_close,1,totals,"pinnacle,lowvig,betonlineag,draftkings,fanduel,betmgm,williamhill_us,fanatics,betrivers,espnbet",10
cfb,2022-11-15T03:30:00+00:00,forecast_decision,2,totals,"pinnacle,lowvig,betonlineag,draftkings,fanduel,betmgm,williamhill_us,fanatics,betrivers,espnbet",10
cfb,2022-11-15T23:55:00+00:00,pre_kickoff_close,2,totals,"pinnacle,lowvig,betonlineag,draftkings,fanduel,betmgm,williamhill_us,fanatics,betrivers,espnbet",10
cfb,2022-11-16T03:30:00+00:00,forecast_decision,3,totals,"pinnacle,lowvig,betonlineag,draftkings,fanduel,betmgm,williamhill_us,fanatics,betrivers,espnbet",10
cfb,2022-11-16T22:55:00+00:00,pre_kickoff_close,1,totals,"pinnacle,lowvig,betonlineag,draftkings,fanduel,betmgm,williamhill_us,fanatics,betrivers,espnbet",10
cfb,2022-11-16T23:55:00+00:00,pre_kickoff_close,1,totals,"pinnacle,lowvig,betonlineag,draftkings,fanduel,betmgm,williamhill_us,fanatics,betrivers,espnbet",10
cfb,2022-11-17T00:55:00+00:00,pre_kickoff_close,1,totals,"pinnacle,lowvig,betonlineag,draftkings,fanduel,betmgm,williamhill_us,fanatics,betrivers,espnbet",10
cfb,2022-11-17T03:30:00+00:00,forecast_decision,1,totals,"pinnacle,lowvig,betonlineag,draftkings,fanduel,betmgm,williamhill_us,fanatics,betrivers,espnbet",10
cfb,2022-11-18T00:25:00+00:00,pre_kickoff_close,1,totals,"pinnacle,lowvig,betonlineag,draftkings,fanduel,betmgm,williamhill_us,fanatics,betrivers,espnbet",10
cfb,2022-11-18T03:30:00+00:00,forecast_decision,2,totals,"pinnacle,lowvig,betonlineag,draftkings,fanduel,betmgm,williamhill_us,fanatics,betrivers,espnbet",10
cfb,2022-11-19T01:55:00+00:00,pre_kickoff_close,1,totals,"pinnacle,lowvig,betonlineag,draftkings,fanduel,betmgm,williamhill_us,fanatics,betrivers,espnbet",10
cfb,2022-11-19T02:40:00+00:00,pre_kickoff_close,1,totals,"pinnacle,lowvig,betonlineag,draftkings,fanduel,betmgm,williamhill_us,fanatics,betrivers,espnbet",10
cfb,2022-11-19T03:30:00+00:00,forecast_decision,56,totals,"pinnacle,lowvig,betonlineag,draftkings,fanduel,betmgm,williamhill_us,fanatics,betrivers,espnbet",10
cfb,2022-11-19T15:55:00+00:00,pre_kickoff_close,1,totals,"pinnacle,lowvig,betonlineag,draftkings,fanduel,betmgm,williamhill_us,fanatics,betrivers,espnbet",10
cfb,2022-11-19T16:55:00+00:00,pre_kickoff_close,13,totals,"pinnacle,lowvig,betonlineag,draftkings,fanduel,betmgm,williamhill_us,fanatics,betrivers,espnbet",10
cfb,2022-11-19T17:55:00+00:00,pre_kickoff_close,1,totals,"pinnacle,lowvig,betonlineag,draftkings,fanduel,betmgm,williamhill_us,fanatics,betrivers,espnbet",10
cfb,2022-11-19T18:55:00+00:00,pre_kickoff_close,5,totals,"pinnacle,lowvig,betonlineag,draftkings,fanduel,betmgm,williamhill_us,fanatics,betrivers,espnbet",10
cfb,2022-11-19T19:10:00+00:00,pre_kickoff_close,1,totals,"pinnacle,lowvig,betonlineag,draftkings,fanduel,betmgm,williamhill_us,fanatics,betrivers,espnbet",10
cfb,2022-11-19T19:25:00+00:00,pre_kickoff_close,2,totals,"pinnacle,lowvig,betonlineag,draftkings,fanduel,betmgm,williamhill_us,fanatics,betrivers,espnbet",10
cfb,2022-11-19T20:25:00+00:00,pre_kickoff_close,10,totals,"pinnacle,lowvig,betonlineag,draftkings,fanduel,betmgm,williamhill_us,fanatics,betrivers,espnbet",10
cfb,2022-11-19T20:55:00+00:00,pre_kickoff_close,4,totals,"pinnacle,lowvig,betonlineag,draftkings,fanduel,betmgm,williamhill_us,fanatics,betrivers,espnbet",10
cfb,2022-11-19T21:55:00+00:00,pre_kickoff_close,1,totals,"pinnacle,lowvig,betonlineag,draftkings,fanduel,betmgm,williamhill_us,fanatics,betrivers,espnbet",10
cfb,2022-11-19T22:25:00+00:00,pre_kickoff_close,2,totals,"pinnacle,lowvig,betonlineag,draftkings,fanduel,betmgm,williamhill_us,fanatics,betrivers,espnbet",10
cfb,2022-11-19T22:55:00+00:00,pre_kickoff_close,1,totals,"pinnacle,lowvig,betonlineag,draftkings,fanduel,betmgm,williamhill_us,fanatics,betrivers,espnbet",10
cfb,2022-11-19T23:55:00+00:00,pre_kickoff_close,3,totals,"pinnacle,lowvig,betonlineag,draftkings,fanduel,betmgm,williamhill_us,fanatics,betrivers,espnbet",10
cfb,2022-11-20T00:25:00+00:00,pre_kickoff_close,3,totals,"pinnacle,lowvig,betonlineag,draftkings,fanduel,betmgm,williamhill_us,fanatics,betrivers,espnbet",10
cfb,2022-11-20T00:55:00+00:00,pre_kickoff_close,2,totals,"pinnacle,lowvig,betonlineag,draftkings,fanduel,betmgm,williamhill_us,fanatics,betrivers,espnbet",10
cfb,2022-11-20T01:55:00+00:00,pre_kickoff_close,3,totals,"pinnacle,lowvig,betonlineag,draftkings,fanduel,betmgm,williamhill_us,fanatics,betrivers,espnbet",10
cfb,2022-11-20T02:40:00+00:00,pre_kickoff_close,1,totals,"pinnacle,lowvig,betonlineag,draftkings,fanduel,betmgm,williamhill_us,fanatics,betrivers,espnbet",10
cfb,2022-11-20T03:25:00+00:00,pre_kickoff_close,2,totals,"pinnacle,lowvig,betonlineag,draftkings,fanduel,betmgm,williamhill_us,fanatics,betrivers,espnbet",10
cfb,2022-11-20T03:55:00+00:00,pre_kickoff_close,1,totals,"pinnacle,lowvig,betonlineag,draftkings,fanduel,betmgm,williamhill_us,fanatics,betrivers,espnbet",10
cfb,2022-11-22T03:30:00+00:00,forecast_decision,1,totals,"pinnacle,lowvig,betonlineag,draftkings,fanduel,betmgm,williamhill_us,fanatics,betrivers,espnbet",10
cfb,2022-11-22T23:55:00+00:00,pre_kickoff_close,1,totals,"pinnacle,lowvig,betonlineag,draftkings,fanduel,betmgm,williamhill_us,fanatics,betrivers,espnbet",10
cfb,2022-11-25T03:30:00+00:00,forecast_decision,13,totals,"pinnacle,lowvig,betonlineag,draftkings,fanduel,betmgm,williamhill_us,fanatics,betrivers,espnbet",10
cfb,2022-11-25T16:55:00+00:00,pre_kickoff_close,5,totals,"pinnacle,lowvig,betonlineag,draftkings,fanduel,betmgm,williamhill_us,fanatics,betrivers,espnbet",10
cfb,2022-11-25T19:55:00+00:00,pre_kickoff_close,1,totals,"pinnacle,lowvig,betonlineag,draftkings,fanduel,betmgm,williamhill_us,fanatics,betrivers,espnbet",10
cfb,2022-11-25T20:25:00+00:00,pre_kickoff_close,3,totals,"pinnacle,lowvig,betonlineag,draftkings,fanduel,betmgm,williamhill_us,fanatics,betrivers,espnbet",10
cfb,2022-11-25T20:55:00+00:00,pre_kickoff_close,1,totals,"pinnacle,lowvig,betonlineag,draftkings,fanduel,betmgm,williamhill_us,fanatics,betrivers,espnbet",10
cfb,2022-11-25T21:25:00+00:00,pre_kickoff_close,1,totals,"pinnacle,lowvig,betonlineag,draftkings,fanduel,betmgm,williamhill_us,fanatics,betrivers,espnbet",10
cfb,2022-11-26T00:25:00+00:00,pre_kickoff_close,1,totals,"pinnacle,lowvig,betonlineag,draftkings,fanduel,betmgm,williamhill_us,fanatics,betrivers,espnbet",10
cfb,2022-11-26T02:55:00+00:00,pre_kickoff_close,1,totals,"pinnacle,lowvig,betonlineag,draftkings,fanduel,betmgm,williamhill_us,fanatics,betrivers,espnbet",10
cfb,2022-11-26T03:30:00+00:00,forecast_decision,42,totals,"pinnacle,lowvig,betonlineag,draftkings,fanduel,betmgm,williamhill_us,fanatics,betrivers,espnbet",10
cfb,2022-11-26T16:55:00+00:00,pre_kickoff_close,11,totals,"pinnacle,lowvig,betonlineag,draftkings,fanduel,betmgm,williamhill_us,fanatics,betrivers,espnbet",10
cfb,2022-11-26T17:55:00+00:00,pre_kickoff_close,2,totals,"pinnacle,lowvig,betonlineag,draftkings,fanduel,betmgm,williamhill_us,fanatics,betrivers,espnbet",10
cfb,2022-11-26T18:25:00+00:00,pre_kickoff_close,1,totals,"pinnacle,lowvig,betonlineag,draftkings,fanduel,betmgm,williamhill_us,fanatics,betrivers,espnbet",10
cfb,2022-11-26T18:55:00+00:00,pre_kickoff_close,1,totals,"pinnacle,lowvig,betonlineag,draftkings,fanduel,betmgm,williamhill_us,fanatics,betrivers,espnbet",10
cfb,2022-11-26T19:55:00+00:00,pre_kickoff_close,1,totals,"pinnacle,lowvig,betonlineag,draftkings,fanduel,betmgm,williamhill_us,fanatics,betrivers,espnbet",10
cfb,2022-11-26T20:25:00+00:00,pre_kickoff_close,8,totals,"pinnacle,lowvig,betonlineag,draftkings,fanduel,betmgm,williamhill_us,fanatics,betrivers,espnbet",10
cfb,2022-11-26T20:55:00+00:00,pre_kickoff_close,3,totals,"pinnacle,lowvig,betonlineag,draftkings,fanduel,betmgm,williamhill_us,fanatics,betrivers,espnbet",10
cfb,2022-11-26T21:55:00+00:00,pre_kickoff_close,2,totals,"pinnacle,lowvig,betonlineag,draftkings,fanduel,betmgm,williamhill_us,fanatics,betrivers,espnbet",10
cfb,2022-11-26T22:55:00+00:00,pre_kickoff_close,1,totals,"pinnacle,lowvig,betonlineag,draftkings,fanduel,betmgm,williamhill_us,fanatics,betrivers,espnbet",10
cfb,2022-11-26T23:55:00+00:00,pre_kickoff_close,2,totals,"pinnacle,lowvig,betonlineag,draftkings,fanduel,betmgm,williamhill_us,fanatics,betrivers,espnbet",10
cfb,2022-11-27T00:25:00+00:00,pre_kickoff_close,5,totals,"pinnacle,lowvig,betonlineag,draftkings,fanduel,betmgm,williamhill_us,fanatics,betrivers,espnbet",10
cfb,2022-11-27T00:55:00+00:00,pre_kickoff_close,2,totals,"pinnacle,lowvig,betonlineag,draftkings,fanduel,betmgm,williamhill_us,fanatics,betrivers,espnbet",10
cfb,2022-11-27T01:55:00+00:00,pre_kickoff_close,1,totals,"pinnacle,lowvig,betonlineag,draftkings,fanduel,betmgm,williamhill_us,fanatics,betrivers,espnbet",10
cfb,2022-11-27T03:25:00+00:00,pre_kickoff_close,1,totals,"pinnacle,lowvig,betonlineag,draftkings,fanduel,betmgm,williamhill_us,fanatics,betrivers,espnbet",10
cfb,2022-11-27T03:55:00+00:00,pre_kickoff_close,1,totals,"pinnacle,lowvig,betonlineag,draftkings,fanduel,betmgm,williamhill_us,fanatics,betrivers,espnbet",10
cfb,2022-12-02T03:30:00+00:00,forecast_decision,1,totals,"pinnacle,lowvig,betonlineag,draftkings,fanduel,betmgm,williamhill_us,fanatics,betrivers,espnbet",10
cfb,2022-12-02T17:55:00+00:00,pre_kickoff_close,1,totals,"pinnacle,lowvig,betonlineag,draftkings,fanduel,betmgm,williamhill_us,fanatics,betrivers,espnbet",10
cfb,2022-12-03T03:30:00+00:00,forecast_decision,4,totals,"pinnacle,lowvig,betonlineag,draftkings,fanduel,betmgm,williamhill_us,fanatics,betrivers,espnbet",10
cfb,2022-12-03T19:55:00+00:00,pre_kickoff_close,1,totals,"pinnacle,lowvig,betonlineag,draftkings,fanduel,betmgm,williamhill_us,fanatics,betrivers,espnbet",10
cfb,2022-12-03T20:25:00+00:00,pre_kickoff_close,1,totals,"pinnacle,lowvig,betonlineag,draftkings,fanduel,betmgm,williamhill_us,fanatics,betrivers,espnbet",10
cfb,2022-12-03T20:55:00+00:00,pre_kickoff_close,2,totals,"pinnacle,lowvig,betonlineag,draftkings,fanduel,betmgm,williamhill_us,fanatics,betrivers,espnbet",10
cfb,2022-12-10T03:30:00+00:00,forecast_decision,1,totals,"pinnacle,lowvig,betonlineag,draftkings,fanduel,betmgm,williamhill_us,fanatics,betrivers,espnbet",10
cfb,2022-12-10T19:55:00+00:00,pre_kickoff_close,1,totals,"pinnacle,lowvig,betonlineag,draftkings,fanduel,betmgm,williamhill_us,fanatics,betrivers,espnbet",10
cfb,2023-08-26T02:30:00+00:00,forecast_decision,5,totals,"pinnacle,lowvig,betonlineag,draftkings,fanduel,betmgm,williamhill_us,fanatics,betrivers,espnbet",10
cfb,2023-08-26T21:25:00+00:00,pre_kickoff_close,1,totals,"pinnacle,lowvig,betonlineag,draftkings,fanduel,betmgm,williamhill_us,fanatics,betrivers,espnbet",10
cfb,2023-08-26T22:55:00+00:00,pre_kickoff_close,2,totals,"pinnacle,lowvig,betonlineag,draftkings,fanduel,betmgm,williamhill_us,fanatics,betrivers,espnbet",10
cfb,2023-08-26T23:25:00+00:00,pre_kickoff_close,1,totals,"pinnacle,lowvig,betonlineag,draftkings,fanduel,betmgm,williamhill_us,fanatics,betrivers,espnbet",10
cfb,2023-08-26T23:55:00+00:00,pre_kickoff_close,1,totals,"pinnacle,lowvig,betonlineag,draftkings,fanduel,betmgm,williamhill_us,fanatics,betrivers,espnbet",10
cfb,2023-08-31T02:30:00+00:00,forecast_decision,11,totals,"pinnacle,lowvig,betonlineag,draftkings,fanduel,betmgm,williamhill_us,fanatics,betrivers,espnbet",10
cfb,2023-08-31T22:55:00+00:00,pre_kickoff_close,4,totals,"pinnacle,lowvig,betonlineag,draftkings,fanduel,betmgm,williamhill_us,fanatics,betrivers,espnbet",10
cfb,2023-08-31T23:25:00+00:00,pre_kickoff_close,1,totals,"pinnacle,lowvig,betonlineag,draftkings,fanduel,betmgm,williamhill_us,fanatics,betrivers,espnbet",10
cfb,2023-08-31T23:55:00+00:00,pre_kickoff_close,5,totals,"pinnacle,lowvig,betonlineag,draftkings,fanduel,betmgm,williamhill_us,fanatics,betrivers,espnbet",10
cfb,2023-09-01T01:55:00+00:00,pre_kickoff_close,1,totals,"pinnacle,lowvig,betonlineag,draftkings,fanduel,betmgm,williamhill_us,fanatics,betrivers,espnbet",10
cfb,2023-09-01T02:30:00+00:00,forecast_decision,5,totals,"pinnacle,lowvig,betonlineag,draftkings,fanduel,betmgm,williamhill_us,fanatics,betrivers,espnbet",10
cfb,2023-09-01T22:25:00+00:00,pre_kickoff_close,1,totals,"pinnacle,lowvig,betonlineag,draftkings,fanduel,betmgm,williamhill_us,fanatics,betrivers,espnbet",10
cfb,2023-09-01T22:55:00+00:00,pre_kickoff_close,2,totals,"pinnacle,lowvig,betonlineag,draftkings,fanduel,betmgm,williamhill_us,fanatics,betrivers,espnbet",10
cfb,2023-09-01T23:55:00+00:00,pre_kickoff_close,1,totals,"pinnacle,lowvig,betonlineag,draftkings,fanduel,betmgm,williamhill_us,fanatics,betrivers,espnbet",10
cfb,2023-09-02T02:30:00+00:00,forecast_decision,59,totals,"pinnacle,lowvig,betonlineag,draftkings,fanduel,betmgm,williamhill_us,fanatics,betrivers,espnbet",10
cfb,2023-09-02T02:55:00+00:00,pre_kickoff_close,1,totals,"pinnacle,lowvig,betonlineag,draftkings,fanduel,betmgm,williamhill_us,fanatics,betrivers,espnbet",10
cfb,2023-09-02T15:55:00+00:00,pre_kickoff_close,10,totals,"pinnacle,lowvig,betonlineag,draftkings,fanduel,betmgm,williamhill_us,fanatics,betrivers,espnbet",10
cfb,2023-09-02T16:55:00+00:00,pre_kickoff_close,1,totals,"pinnacle,lowvig,betonlineag,draftkings,fanduel,betmgm,williamhill_us,fanatics,betrivers,espnbet",10
cfb,2023-09-02T17:55:00+00:00,pre_kickoff_close,3,totals,"pinnacle,lowvig,betonlineag,draftkings,fanduel,betmgm,williamhill_us,fanatics,betrivers,espnbet",10
cfb,2023-09-02T18:55:00+00:00,pre_kickoff_close,1,totals,"pinnacle,lowvig,betonlineag,draftkings,fanduel,betmgm,williamhill_us,fanatics,betrivers,espnbet",10
cfb,2023-09-02T19:25:00+00:00,pre_kickoff_close,11,totals,"pinnacle,lowvig,betonlineag,draftkings,fanduel,betmgm,williamhill_us,fanatics,betrivers,espnbet",10
cfb,2023-09-02T19:55:00+00:00,pre_kickoff_close,2,totals,"pinnacle,lowvig,betonlineag,draftkings,fanduel,betmgm,williamhill_us,fanatics,betrivers,espnbet",10
cfb,2023-09-02T21:55:00+00:00,pre_kickoff_close,6,totals,"pinnacle,lowvig,betonlineag,draftkings,fanduel,betmgm,williamhill_us,fanatics,betrivers,espnbet",10
cfb,2023-09-02T22:25:00+00:00,pre_kickoff_close,1,totals,"pinnacle,lowvig,betonlineag,draftkings,fanduel,betmgm,williamhill_us,fanatics,betrivers,espnbet",10
cfb,2023-09-02T22:55:00+00:00,pre_kickoff_close,11,totals,"pinnacle,lowvig,betonlineag,draftkings,fanduel,betmgm,williamhill_us,fanatics,betrivers,espnbet",10
cfb,2023-09-02T23:25:00+00:00,pre_kickoff_close,5,totals,"pinnacle,lowvig,betonlineag,draftkings,fanduel,betmgm,williamhill_us,fanatics,betrivers,espnbet",10
cfb,2023-09-02T23:55:00+00:00,pre_kickoff_close,2,totals,"pinnacle,lowvig,betonlineag,draftkings,fanduel,betmgm,williamhill_us,fanatics,betrivers,espnbet",10
cfb,2023-09-03T00:55:00+00:00,pre_kickoff_close,2,totals,"pinnacle,lowvig,betonlineag,draftkings,fanduel,betmgm,williamhill_us,fanatics,betrivers,espnbet",10
cfb,2023-09-03T01:55:00+00:00,pre_kickoff_close,1,totals,"pinnacle,lowvig,betonlineag,draftkings,fanduel,betmgm,williamhill_us,fanatics,betrivers,espnbet",10
cfb,2023-09-03T02:10:00+00:00,pre_kickoff_close,1,totals,"pinnacle,lowvig,betonlineag,draftkings,fanduel,betmgm,williamhill_us,fanatics,betrivers,espnbet",10
cfb,2023-09-03T02:25:00+00:00,pre_kickoff_close,2,totals,"pinnacle,lowvig,betonlineag,draftkings,fanduel,betmgm,williamhill_us,fanatics,betrivers,espnbet",10
cfb,2023-09-03T02:30:00+00:00,forecast_decision,2,totals,"pinnacle,lowvig,betonlineag,draftkings,fanduel,betmgm,williamhill_us,fanatics,betrivers,espnbet",10
cfb,2023-09-03T15:55:00+00:00,pre_kickoff_close,1,totals,"pinnacle,lowvig,betonlineag,draftkings,fanduel,betmgm,williamhill_us,fanatics,betrivers,espnbet",10
cfb,2023-09-03T19:25:00+00:00,pre_kickoff_close,1,totals,"pinnacle,lowvig,betonlineag,draftkings,fanduel,betmgm,williamhill_us,fanatics,betrivers,espnbet",10
cfb,2023-09-04T02:30:00+00:00,forecast_decision,1,totals,"pinnacle,lowvig,betonlineag,draftkings,fanduel,betmgm,williamhill_us,fanatics,betrivers,espnbet",10
cfb,2023-09-04T23:55:00+00:00,pre_kickoff_close,1,totals,"pinnacle,lowvig,betonlineag,draftkings,fanduel,betmgm,williamhill_us,fanatics,betrivers,espnbet",10
cfb,2023-09-07T02:30:00+00:00,forecast_decision,1,totals,"pinnacle,lowvig,betonlineag,draftkings,fanduel,betmgm,williamhill_us,fanatics,betrivers,espnbet",10
cfb,2023-09-07T23:25:00+00:00,pre_kickoff_close,1,totals,"pinnacle,lowvig,betonlineag,draftkings,fanduel,betmgm,williamhill_us,fanatics,betrivers,espnbet",10
cfb,2023-09-08T02:30:00+00:00,forecast_decision,2,totals,"pinnacle,lowvig,betonlineag,draftkings,fanduel,betmgm,williamhill_us,fanatics,betrivers,espnbet",10
cfb,2023-09-08T22:55:00+00:00,pre_kickoff_close,1,totals,"pinnacle,lowvig,betonlineag,draftkings,fanduel,betmgm,williamhill_us,fanatics,betrivers,espnbet",10
cfb,2023-09-08T23:25:00+00:00,pre_kickoff_close,1,totals,"pinnacle,lowvig,betonlineag,draftkings,fanduel,betmgm,williamhill_us,fanatics,betrivers,espnbet",10
cfb,2023-09-09T02:30:00+00:00,forecast_decision,76,totals,"pinnacle,lowvig,betonlineag,draftkings,fanduel,betmgm,williamhill_us,fanatics,betrivers,espnbet",10
cfb,2023-09-09T14:55:00+00:00,pre_kickoff_close,1,totals,"pinnacle,lowvig,betonlineag,draftkings,fanduel,betmgm,williamhill_us,fanatics,betrivers,espnbet",10
cfb,2023-09-09T15:55:00+00:00,pre_kickoff_close,11,totals,"pinnacle,lowvig,betonlineag,draftkings,fanduel,betmgm,williamhill_us,fanatics,betrivers,espnbet",10
cfb,2023-09-09T16:55:00+00:00,pre_kickoff_close,1,totals,"pinnacle,lowvig,betonlineag,draftkings,fanduel,betmgm,williamhill_us,fanatics,betrivers,espnbet",10
cfb,2023-09-09T17:25:00+00:00,pre_kickoff_close,1,totals,"pinnacle,lowvig,betonlineag,draftkings,fanduel,betmgm,williamhill_us,fanatics,betrivers,espnbet",10
cfb,2023-09-09T17:55:00+00:00,pre_kickoff_close,1,totals,"pinnacle,lowvig,betonlineag,draftkings,fanduel,betmgm,williamhill_us,fanatics,betrivers,espnbet",10
cfb,2023-09-09T18:10:00+00:00,pre_kickoff_close,1,totals,"pinnacle,lowvig,betonlineag,draftkings,fanduel,betmgm,williamhill_us,fanatics,betrivers,espnbet",10
cfb,2023-09-09T18:55:00+00:00,pre_kickoff_close,2,totals,"pinnacle,lowvig,betonlineag,draftkings,fanduel,betmgm,williamhill_us,fanatics,betrivers,espnbet",10
cfb,2023-09-09T19:25:00+00:00,pre_kickoff_close,9,totals,"pinnacle,lowvig,betonlineag,draftkings,fanduel,betmgm,williamhill_us,fanatics,betrivers,espnbet",10
cfb,2023-09-09T19:55:00+00:00,pre_kickoff_close,4,totals,"pinnacle,lowvig,betonlineag,draftkings,fanduel,betmgm,williamhill_us,fanatics,betrivers,espnbet",10
cfb,2023-09-09T20:55:00+00:00,pre_kickoff_close,3,totals,"pinnacle,lowvig,betonlineag,draftkings,fanduel,betmgm,williamhill_us,fanatics,betrivers,espnbet",10
cfb,2023-09-09T21:10:00+00:00,pre_kickoff_close,1,totals,"pinnacle,lowvig,betonlineag,draftkings,fanduel,betmgm,williamhill_us,fanatics,betrivers,espnbet",10
cfb,2023-09-09T21:55:00+00:00,pre_kickoff_close,9,totals,"pinnacle,lowvig,betonlineag,draftkings,fanduel,betmgm,williamhill_us,fanatics,betrivers,espnbet",10
cfb,2023-09-09T22:25:00+00:00,pre_kickoff_close,1,totals,"pinnacle,lowvig,betonlineag,draftkings,fanduel,betmgm,williamhill_us,fanatics,betrivers,espnbet",10
cfb,2023-09-09T22:55:00+00:00,pre_kickoff_close,11,totals,"pinnacle,lowvig,betonlineag,draftkings,fanduel,betmgm,williamhill_us,fanatics,betrivers,espnbet",10
cfb,2023-09-09T23:25:00+00:00,pre_kickoff_close,9,totals,"pinnacle,lowvig,betonlineag,draftkings,fanduel,betmgm,williamhill_us,fanatics,betrivers,espnbet",10
cfb,2023-09-09T23:55:00+00:00,pre_kickoff_close,4,totals,"pinnacle,lowvig,betonlineag,draftkings,fanduel,betmgm,williamhill_us,fanatics,betrivers,espnbet",10
cfb,2023-09-10T00:25:00+00:00,pre_kickoff_close,1,totals,"pinnacle,lowvig,betonlineag,draftkings,fanduel,betmgm,williamhill_us,fanatics,betrivers,espnbet",10
cfb,2023-09-10T00:55:00+00:00,pre_kickoff_close,2,totals,"pinnacle,lowvig,betonlineag,draftkings,fanduel,betmgm,williamhill_us,fanatics,betrivers,espnbet",10
cfb,2023-09-10T02:25:00+00:00,pre_kickoff_close,3,totals,"pinnacle,lowvig,betonlineag,draftkings,fanduel,betmgm,williamhill_us,fanatics,betrivers,espnbet",10
cfb,2023-09-10T03:54:00+00:00,pre_kickoff_close,1,totals,"pinnacle,lowvig,betonlineag,draftkings,fanduel,betmgm,williamhill_us,fanatics,betrivers,espnbet",10
cfb,2023-09-14T02:30:00+00:00,forecast_decision,2,totals,"pinnacle,lowvig,betonlineag,draftkings,fanduel,betmgm,williamhill_us,fanatics,betrivers,espnbet",10
cfb,2023-09-14T23:25:00+00:00,pre_kickoff_close,2,totals,"pinnacle,lowvig,betonlineag,draftkings,fanduel,betmgm,williamhill_us,fanatics,betrivers,espnbet",10
cfb,2023-09-15T02:30:00+00:00,forecast_decision,2,totals,"pinnacle,lowvig,betonlineag,draftkings,fanduel,betmgm,williamhill_us,fanatics,betrivers,espnbet",10
cfb,2023-09-15T22:55:00+00:00,pre_kickoff_close,1,totals,"pinnacle,lowvig,betonlineag,draftkings,fanduel,betmgm,williamhill_us,fanatics,betrivers,espnbet",10
cfb,2023-09-15T23:55:00+00:00,pre_kickoff_close,1,totals,"pinnacle,lowvig,betonlineag,draftkings,fanduel,betmgm,williamhill_us,fanatics,betrivers,espnbet",10
cfb,2023-09-16T02:30:00+00:00,forecast_decision,65,totals,"pinnacle,lowvig,betonlineag,draftkings,fanduel,betmgm,williamhill_us,fanatics,betrivers,espnbet",10
cfb,2023-09-16T15:55:00+00:00,pre_kickoff_close,10,totals,"pinnacle,lowvig,betonlineag,draftkings,fanduel,betmgm,williamhill_us,fanatics,betrivers,espnbet",10
cfb,2023-09-16T17:55:00+00:00,pre_kickoff_close,5,totals,"pinnacle,lowvig,betonlineag,draftkings,fanduel,betmgm,williamhill_us,fanatics,betrivers,espnbet",10
cfb,2023-09-16T18:25:00+00:00,pre_kickoff_close,1,totals,"pinnacle,lowvig,betonlineag,draftkings,fanduel,betmgm,williamhill_us,fanatics,betrivers,espnbet",10
cfb,2023-09-16T19:25:00+00:00,pre_kickoff_close,10,totals,"pinnacle,lowvig,betonlineag,draftkings,fanduel,betmgm,williamhill_us,fanatics,betrivers,espnbet",10
cfb,2023-09-16T19:55:00+00:00,pre_kickoff_close,4,totals,"pinnacle,lowvig,betonlineag,draftkings,fanduel,betmgm,williamhill_us,fanatics,betrivers,espnbet",10
cfb,2023-09-16T20:55:00+00:00,pre_kickoff_close,3,totals,"pinnacle,lowvig,betonlineag,draftkings,fanduel,betmgm,williamhill_us,fanatics,betrivers,espnbet",10
cfb,2023-09-16T21:55:00+00:00,pre_kickoff_close,1,totals,"pinnacle,lowvig,betonlineag,draftkings,fanduel,betmgm,williamhill_us,fanatics,betrivers,espnbet",10
cfb,2023-09-16T22:25:00+00:00,pre_kickoff_close,1,totals,"pinnacle,lowvig,betonlineag,draftkings,fanduel,betmgm,williamhill_us,fanatics,betrivers,espnbet",10
cfb,2023-09-16T22:55:00+00:00,pre_kickoff_close,14,totals,"pinnacle,lowvig,betonlineag,draftkings,fanduel,betmgm,williamhill_us,fanatics,betrivers,espnbet",10
cfb,2023-09-16T23:25:00+00:00,pre_kickoff_close,5,totals,"pinnacle,lowvig,betonlineag,draftkings,fanduel,betmgm,williamhill_us,fanatics,betrivers,espnbet",10
cfb,2023-09-16T23:55:00+00:00,pre_kickoff_close,6,totals,"pinnacle,lowvig,betonlineag,draftkings,fanduel,betmgm,williamhill_us,fanatics,betrivers,espnbet",10
cfb,2023-09-17T00:25:00+00:00,pre_kickoff_close,1,totals,"pinnacle,lowvig,betonlineag,draftkings,fanduel,betmgm,williamhill_us,fanatics,betrivers,espnbet",10
cfb,2023-09-17T01:55:00+00:00,pre_kickoff_close,1,totals,"pinnacle,lowvig,betonlineag,draftkings,fanduel,betmgm,williamhill_us,fanatics,betrivers,espnbet",10
cfb,2023-09-17T02:25:00+00:00,pre_kickoff_close,2,totals,"pinnacle,lowvig,betonlineag,draftkings,fanduel,betmgm,williamhill_us,fanatics,betrivers,espnbet",10
cfb,2023-09-17T02:55:00+00:00,pre_kickoff_close,1,totals,"pinnacle,lowvig,betonlineag,draftkings,fanduel,betmgm,williamhill_us,fanatics,betrivers,espnbet",10
cfb,2023-09-21T02:30:00+00:00,forecast_decision,1,totals,"pinnacle,lowvig,betonlineag,draftkings,fanduel,betmgm,williamhill_us,fanatics,betrivers,espnbet",10
cfb,2023-09-21T23:25:00+00:00,pre_kickoff_close,1,totals,"pinnacle,lowvig,betonlineag,draftkings,fanduel,betmgm,williamhill_us,fanatics,betrivers,espnbet",10
cfb,2023-09-22T02:30:00+00:00,forecast_decision,4,totals,"pinnacle,lowvig,betonlineag,draftkings,fanduel,betmgm,williamhill_us,fanatics,betrivers,espnbet",10
cfb,2023-09-22T22:55:00+00:00,pre_kickoff_close,1,totals,"pinnacle,lowvig,betonlineag,draftkings,fanduel,betmgm,williamhill_us,fanatics,betrivers,espnbet",10
cfb,2023-09-22T23:25:00+00:00,pre_kickoff_close,1,totals,"pinnacle,lowvig,betonlineag,draftkings,fanduel,betmgm,williamhill_us,fanatics,betrivers,espnbet",10
cfb,2023-09-23T02:25:00+00:00,pre_kickoff_close,2,totals,"pinnacle,lowvig,betonlineag,draftkings,fanduel,betmgm,williamhill_us,fanatics,betrivers,espnbet",10
cfb,2023-09-23T02:30:00+00:00,forecast_decision,57,totals,"pinnacle,lowvig,betonlineag,draftkings,fanduel,betmgm,williamhill_us,fanatics,betrivers,espnbet",10
cfb,2023-09-23T15:55:00+00:00,pre_kickoff_close,9,totals,"pinnacle,lowvig,betonlineag,draftkings,fanduel,betmgm,williamhill_us,fanatics,betrivers,espnbet",10
cfb,2023-09-23T17:25:00+00:00,pre_kickoff_close,1,totals,"pinnacle,lowvig,betonlineag,draftkings,fanduel,betmgm,williamhill_us,fanatics,betrivers,espnbet",10
cfb,2023-09-23T17:55:00+00:00,pre_kickoff_close,1,totals,"pinnacle,lowvig,betonlineag,draftkings,fanduel,betmgm,williamhill_us,fanatics,betrivers,espnbet",10
cfb,2023-09-23T19:25:00+00:00,pre_kickoff_close,14,totals,"pinnacle,lowvig,betonlineag,draftkings,fanduel,betmgm,williamhill_us,fanatics,betrivers,espnbet",10
cfb,2023-09-23T19:55:00+00:00,pre_kickoff_close,3,totals,"pinnacle,lowvig,betonlineag,draftkings,fanduel,betmgm,williamhill_us,fanatics,betrivers,espnbet",10
cfb,2023-09-23T20:55:00+00:00,pre_kickoff_close,2,totals,"pinnacle,lowvig,betonlineag,draftkings,fanduel,betmgm,williamhill_us,fanatics,betrivers,espnbet",10
cfb,2023-09-23T21:55:00+00:00,pre_kickoff_close,1,totals,"pinnacle,lowvig,betonlineag,draftkings,fanduel,betmgm,williamhill_us,fanatics,betrivers,espnbet",10
cfb,2023-09-23T22:25:00+00:00,pre_kickoff_close,1,totals,"pinnacle,lowvig,betonlineag,draftkings,fanduel,betmgm,williamhill_us,fanatics,betrivers,espnbet",10
cfb,2023-09-23T22:55:00+00:00,pre_kickoff_close,10,totals,"pinnacle,lowvig,betonlineag,draftkings,fanduel,betmgm,williamhill_us,fanatics,betrivers,espnbet",10
cfb,2023-09-23T23:25:00+00:00,pre_kickoff_close,7,totals,"pinnacle,lowvig,betonlineag,draftkings,fanduel,betmgm,williamhill_us,fanatics,betrivers,espnbet",10
cfb,2023-09-23T23:55:00+00:00,pre_kickoff_close,3,totals,"pinnacle,lowvig,betonlineag,draftkings,fanduel,betmgm,williamhill_us,fanatics,betrivers,espnbet",10
cfb,2023-09-24T00:55:00+00:00,pre_kickoff_close,1,totals,"pinnacle,lowvig,betonlineag,draftkings,fanduel,betmgm,williamhill_us,fanatics,betrivers,espnbet",10
cfb,2023-09-24T02:25:00+00:00,pre_kickoff_close,3,totals,"pinnacle,lowvig,betonlineag,draftkings,fanduel,betmgm,williamhill_us,fanatics,betrivers,espnbet",10
cfb,2023-09-24T03:54:00+00:00,pre_kickoff_close,1,totals,"pinnacle,lowvig,betonlineag,draftkings,fanduel,betmgm,williamhill_us,fanatics,betrivers,espnbet",10
cfb,2023-09-28T02:30:00+00:00,forecast_decision,3,totals,"pinnacle,lowvig,betonlineag,draftkings,fanduel,betmgm,williamhill_us,fanatics,betrivers,espnbet",10
cfb,2023-09-28T23:25:00+00:00,pre_kickoff_close,2,totals,"pinnacle,lowvig,betonlineag,draftkings,fanduel,betmgm,williamhill_us,fanatics,betrivers,espnbet",10
cfb,2023-09-28T23:55:00+00:00,pre_kickoff_close,1,totals,"pinnacle,lowvig,betonlineag,draftkings,fanduel,betmgm,williamhill_us,fanatics,betrivers,espnbet",10
cfb,2023-09-29T02:30:00+00:00,forecast_decision,4,totals,"pinnacle,lowvig,betonlineag,draftkings,fanduel,betmgm,williamhill_us,fanatics,betrivers,espnbet",10
cfb,2023-09-29T22:55:00+00:00,pre_kickoff_close,1,totals,"pinnacle,lowvig,betonlineag,draftkings,fanduel,betmgm,williamhill_us,fanatics,betrivers,espnbet",10
cfb,2023-09-30T00:55:00+00:00,pre_kickoff_close,2,totals,"pinnacle,lowvig,betonlineag,draftkings,fanduel,betmgm,williamhill_us,fanatics,betrivers,espnbet",10
cfb,2023-09-30T02:10:00+00:00,pre_kickoff_close,1,totals,"pinnacle,lowvig,betonlineag,draftkings,fanduel,betmgm,williamhill_us,fanatics,betrivers,espnbet",10
cfb,2023-09-30T02:30:00+00:00,forecast_decision,46,totals,"pinnacle,lowvig,betonlineag,draftkings,fanduel,betmgm,williamhill_us,fanatics,betrivers,espnbet",10
cfb,2023-09-30T15:55:00+00:00,pre_kickoff_close,7,totals,"pinnacle,lowvig,betonlineag,draftkings,fanduel,betmgm,williamhill_us,fanatics,betrivers,espnbet",10
cfb,2023-09-30T17:25:00+00:00,pre_kickoff_close,1,totals,"pinnacle,lowvig,betonlineag,draftkings,fanduel,betmgm,williamhill_us,fanatics,betrivers,espnbet",10
cfb,2023-09-30T17:55:00+00:00,pre_kickoff_close,1,totals,"pinnacle,lowvig,betonlineag,draftkings,fanduel,betmgm,williamhill_us,fanatics,betrivers,espnbet",10
cfb,2023-09-30T18:25:00+00:00,pre_kickoff_close,1,totals,"pinnacle,lowvig,betonlineag,draftkings,fanduel,betmgm,williamhill_us,fanatics,betrivers,espnbet",10
cfb,2023-09-30T18:55:00+00:00,pre_kickoff_close,1,totals,"pinnacle,lowvig,betonlineag,draftkings,fanduel,betmgm,williamhill_us,fanatics,betrivers,espnbet",10
cfb,2023-09-30T19:25:00+00:00,pre_kickoff_close,14,totals,"pinnacle,lowvig,betonlineag,draftkings,fanduel,betmgm,williamhill_us,fanatics,betrivers,espnbet",10
cfb,2023-09-30T19:55:00+00:00,pre_kickoff_close,3,totals,"pinnacle,lowvig,betonlineag,draftkings,fanduel,betmgm,williamhill_us,fanatics,betrivers,espnbet",10
cfb,2023-09-30T22:25:00+00:00,pre_kickoff_close,1,totals,"pinnacle,lowvig,betonlineag,draftkings,fanduel,betmgm,williamhill_us,fanatics,betrivers,espnbet",10
cfb,2023-09-30T22:55:00+00:00,pre_kickoff_close,6,totals,"pinnacle,lowvig,betonlineag,draftkings,fanduel,betmgm,williamhill_us,fanatics,betrivers,espnbet",10
cfb,2023-09-30T23:25:00+00:00,pre_kickoff_close,4,totals,"pinnacle,lowvig,betonlineag,draftkings,fanduel,betmgm,williamhill_us,fanatics,betrivers,espnbet",10
cfb,2023-09-30T23:55:00+00:00,pre_kickoff_close,4,totals,"pinnacle,lowvig,betonlineag,draftkings,fanduel,betmgm,williamhill_us,fanatics,betrivers,espnbet",10
cfb,2023-10-01T00:55:00+00:00,pre_kickoff_close,1,totals,"pinnacle,lowvig,betonlineag,draftkings,fanduel,betmgm,williamhill_us,fanatics,betrivers,espnbet",10
cfb,2023-10-01T01:55:00+00:00,pre_kickoff_close,1,totals,"pinnacle,lowvig,betonlineag,draftkings,fanduel,betmgm,williamhill_us,fanatics,betrivers,espnbet",10
cfb,2023-10-01T02:25:00+00:00,pre_kickoff_close,1,totals,"pinnacle,lowvig,betonlineag,draftkings,fanduel,betmgm,williamhill_us,fanatics,betrivers,espnbet",10
cfb,2023-10-04T02:30:00+00:00,forecast_decision,2,totals,"pinnacle,lowvig,betonlineag,draftkings,fanduel,betmgm,williamhill_us,fanatics,betrivers,espnbet",10
cfb,2023-10-04T23:55:00+00:00,pre_kickoff_close,1,totals,"pinnacle,lowvig,betonlineag,draftkings,fanduel,betmgm,williamhill_us,fanatics,betrivers,espnbet",10
cfb,2023-10-05T00:55:00+00:00,pre_kickoff_close,1,totals,"pinnacle,lowvig,betonlineag,draftkings,fanduel,betmgm,williamhill_us,fanatics,betrivers,espnbet",10
cfb,2023-10-05T02:30:00+00:00,forecast_decision,1,totals,"pinnacle,lowvig,betonlineag,draftkings,fanduel,betmgm,williamhill_us,fanatics,betrivers,espnbet",10
cfb,2023-10-05T22:55:00+00:00,pre_kickoff_close,1,totals,"pinnacle,lowvig,betonlineag,draftkings,fanduel,betmgm,williamhill_us,fanatics,betrivers,espnbet",10
cfb,2023-10-06T02:30:00+00:00,forecast_decision,2,totals,"pinnacle,lowvig,betonlineag,draftkings,fanduel,betmgm,williamhill_us,fanatics,betrivers,espnbet",10
cfb,2023-10-06T23:25:00+00:00,pre_kickoff_close,1,totals,"pinnacle,lowvig,betonlineag,draftkings,fanduel,betmgm,williamhill_us,fanatics,betrivers,espnbet",10
cfb,2023-10-06T23:55:00+00:00,pre_kickoff_close,1,totals,"pinnacle,lowvig,betonlineag,draftkings,fanduel,betmgm,williamhill_us,fanatics,betrivers,espnbet",10
cfb,2023-10-07T02:30:00+00:00,forecast_decision,41,totals,"pinnacle,lowvig,betonlineag,draftkings,fanduel,betmgm,williamhill_us,fanatics,betrivers,espnbet",10
cfb,2023-10-07T15:55:00+00:00,pre_kickoff_close,7,totals,"pinnacle,lowvig,betonlineag,draftkings,fanduel,betmgm,williamhill_us,fanatics,betrivers,espnbet",10
cfb,2023-10-07T17:55:00+00:00,pre_kickoff_close,3,totals,"pinnacle,lowvig,betonlineag,draftkings,fanduel,betmgm,williamhill_us,fanatics,betrivers,espnbet",10
cfb,2023-10-07T18:55:00+00:00,pre_kickoff_close,1,totals,"pinnacle,lowvig,betonlineag,draftkings,fanduel,betmgm,williamhill_us,fanatics,betrivers,espnbet",10
cfb,2023-10-07T19:25:00+00:00,pre_kickoff_close,10,totals,"pinnacle,lowvig,betonlineag,draftkings,fanduel,betmgm,williamhill_us,fanatics,betrivers,espnbet",10
cfb,2023-10-07T19:55:00+00:00,pre_kickoff_close,4,totals,"pinnacle,lowvig,betonlineag,draftkings,fanduel,betmgm,williamhill_us,fanatics,betrivers,espnbet",10
cfb,2023-10-07T20:55:00+00:00,pre_kickoff_close,1,totals,"pinnacle,lowvig,betonlineag,draftkings,fanduel,betmgm,williamhill_us,fanatics,betrivers,espnbet",10
cfb,2023-10-07T21:55:00+00:00,pre_kickoff_close,1,totals,"pinnacle,lowvig,betonlineag,draftkings,fanduel,betmgm,williamhill_us,fanatics,betrivers,espnbet",10
cfb,2023-10-07T22:25:00+00:00,pre_kickoff_close,1,totals,"pinnacle,lowvig,betonlineag,draftkings,fanduel,betmgm,williamhill_us,fanatics,betrivers,espnbet",10
cfb,2023-10-07T22:55:00+00:00,pre_kickoff_close,3,totals,"pinnacle,lowvig,betonlineag,draftkings,fanduel,betmgm,williamhill_us,fanatics,betrivers,espnbet",10
cfb,2023-10-07T23:25:00+00:00,pre_kickoff_close,1,totals,"pinnacle,lowvig,betonlineag,draftkings,fanduel,betmgm,williamhill_us,fanatics,betrivers,espnbet",10
cfb,2023-10-07T23:32:00+00:00,pre_kickoff_close,1,totals,"pinnacle,lowvig,betonlineag,draftkings,fanduel,betmgm,williamhill_us,fanatics,betrivers,espnbet",10
cfb,2023-10-07T23:55:00+00:00,pre_kickoff_close,6,totals,"pinnacle,lowvig,betonlineag,draftkings,fanduel,betmgm,williamhill_us,fanatics,betrivers,espnbet",10
cfb,2023-10-08T01:55:00+00:00,pre_kickoff_close,1,totals,"pinnacle,lowvig,betonlineag,draftkings,fanduel,betmgm,williamhill_us,fanatics,betrivers,espnbet",10
cfb,2023-10-08T02:25:00+00:00,pre_kickoff_close,1,totals,"pinnacle,lowvig,betonlineag,draftkings,fanduel,betmgm,williamhill_us,fanatics,betrivers,espnbet",10
cfb,2023-10-10T02:30:00+00:00,forecast_decision,3,totals,"pinnacle,lowvig,betonlineag,draftkings,fanduel,betmgm,williamhill_us,fanatics,betrivers,espnbet",10
cfb,2023-10-10T22:55:00+00:00,pre_kickoff_close,1,totals,"pinnacle,lowvig,betonlineag,draftkings,fanduel,betmgm,williamhill_us,fanatics,betrivers,espnbet",10
cfb,2023-10-10T23:25:00+00:00,pre_kickoff_close,2,totals,"pinnacle,lowvig,betonlineag,draftkings,fanduel,betmgm,williamhill_us,fanatics,betrivers,espnbet",10
cfb,2023-10-11T02:30:00+00:00,forecast_decision,1,totals,"pinnacle,lowvig,betonlineag,draftkings,fanduel,betmgm,williamhill_us,fanatics,betrivers,espnbet",10
cfb,2023-10-12T00:55:00+00:00,pre_kickoff_close,1,totals,"pinnacle,lowvig,betonlineag,draftkings,fanduel,betmgm,williamhill_us,fanatics,betrivers,espnbet",10
cfb,2023-10-12T02:30:00+00:00,forecast_decision,2,totals,"pinnacle,lowvig,betonlineag,draftkings,fanduel,betmgm,williamhill_us,fanatics,betrivers,espnbet",10
cfb,2023-10-12T22:55:00+00:00,pre_kickoff_close,1,totals,"pinnacle,lowvig,betonlineag,draftkings,fanduel,betmgm,williamhill_us,fanatics,betrivers,espnbet",10
cfb,2023-10-12T23:25:00+00:00,pre_kickoff_close,1,totals,"pinnacle,lowvig,betonlineag,draftkings,fanduel,betmgm,williamhill_us,fanatics,betrivers,espnbet",10
cfb,2023-10-13T02:30:00+00:00,forecast_decision,3,totals,"pinnacle,lowvig,betonlineag,draftkings,fanduel,betmgm,williamhill_us,fanatics,betrivers,espnbet",10
cfb,2023-10-13T22:55:00+00:00,pre_kickoff_close,1,totals,"pinnacle,lowvig,betonlineag,draftkings,fanduel,betmgm,williamhill_us,fanatics,betrivers,espnbet",10
cfb,2023-10-13T23:55:00+00:00,pre_kickoff_close,1,totals,"pinnacle,lowvig,betonlineag,draftkings,fanduel,betmgm,williamhill_us,fanatics,betrivers,espnbet",10
cfb,2023-10-14T01:55:00+00:00,pre_kickoff_close,1,totals,"pinnacle,lowvig,betonlineag,draftkings,fanduel,betmgm,williamhill_us,fanatics,betrivers,espnbet",10
cfb,2023-10-14T02:30:00+00:00,forecast_decision,44,totals,"pinnacle,lowvig,betonlineag,draftkings,fanduel,betmgm,williamhill_us,fanatics,betrivers,espnbet",10
cfb,2023-10-14T15:55:00+00:00,pre_kickoff_close,10,totals,"pinnacle,lowvig,betonlineag,draftkings,fanduel,betmgm,williamhill_us,fanatics,betrivers,espnbet",10
cfb,2023-10-14T17:55:00+00:00,pre_kickoff_close,2,totals,"pinnacle,lowvig,betonlineag,draftkings,fanduel,betmgm,williamhill_us,fanatics,betrivers,espnbet",10
cfb,2023-10-14T18:55:00+00:00,pre_kickoff_close,1,totals,"pinnacle,lowvig,betonlineag,draftkings,fanduel,betmgm,williamhill_us,fanatics,betrivers,espnbet",10
cfb,2023-10-14T19:25:00+00:00,pre_kickoff_close,13,totals,"pinnacle,lowvig,betonlineag,draftkings,fanduel,betmgm,williamhill_us,fanatics,betrivers,espnbet",10
cfb,2023-10-14T19:55:00+00:00,pre_kickoff_close,2,totals,"pinnacle,lowvig,betonlineag,draftkings,fanduel,betmgm,williamhill_us,fanatics,betrivers,espnbet",10
cfb,2023-10-14T20:55:00+00:00,pre_kickoff_close,1,totals,"pinnacle,lowvig,betonlineag,draftkings,fanduel,betmgm,williamhill_us,fanatics,betrivers,espnbet",10
cfb,2023-10-14T21:55:00+00:00,pre_kickoff_close,1,totals,"pinnacle,lowvig,betonlineag,draftkings,fanduel,betmgm,williamhill_us,fanatics,betrivers,espnbet",10
cfb,2023-10-14T22:25:00+00:00,pre_kickoff_close,1,totals,"pinnacle,lowvig,betonlineag,draftkings,fanduel,betmgm,williamhill_us,fanatics,betrivers,espnbet",10
cfb,2023-10-14T22:55:00+00:00,pre_kickoff_close,6,totals,"pinnacle,lowvig,betonlineag,draftkings,fanduel,betmgm,williamhill_us,fanatics,betrivers,espnbet",10
cfb,2023-10-14T23:25:00+00:00,pre_kickoff_close,3,totals,"pinnacle,lowvig,betonlineag,draftkings,fanduel,betmgm,williamhill_us,fanatics,betrivers,espnbet",10
cfb,2023-10-14T23:55:00+00:00,pre_kickoff_close,2,totals,"pinnacle,lowvig,betonlineag,draftkings,fanduel,betmgm,williamhill_us,fanatics,betrivers,espnbet",10
cfb,2023-10-15T01:40:00+00:00,pre_kickoff_close,1,totals,"pinnacle,lowvig,betonlineag,draftkings,fanduel,betmgm,williamhill_us,fanatics,betrivers,espnbet",10
cfb,2023-10-15T02:55:00+00:00,pre_kickoff_close,1,totals,"pinnacle,lowvig,betonlineag,draftkings,fanduel,betmgm,williamhill_us,fanatics,betrivers,espnbet",10
cfb,2023-10-17T02:30:00+00:00,forecast_decision,3,totals,"pinnacle,lowvig,betonlineag,draftkings,fanduel,betmgm,williamhill_us,fanatics,betrivers,espnbet",10
cfb,2023-10-17T22:55:00+00:00,pre_kickoff_close,1,totals,"pinnacle,lowvig,betonlineag,draftkings,fanduel,betmgm,williamhill_us,fanatics,betrivers,espnbet",10
cfb,2023-10-17T23:25:00+00:00,pre_kickoff_close,2,totals,"pinnacle,lowvig,betonlineag,draftkings,fanduel,betmgm,williamhill_us,fanatics,betrivers,espnbet",10
cfb,2023-10-18T02:30:00+00:00,forecast_decision,2,totals,"pinnacle,lowvig,betonlineag,draftkings,fanduel,betmgm,williamhill_us,fanatics,betrivers,espnbet",10
cfb,2023-10-18T22:55:00+00:00,pre_kickoff_close,1,totals,"pinnacle,lowvig,betonlineag,draftkings,fanduel,betmgm,williamhill_us,fanatics,betrivers,espnbet",10
cfb,2023-10-19T00:55:00+00:00,pre_kickoff_close,1,totals,"pinnacle,lowvig,betonlineag,draftkings,fanduel,betmgm,williamhill_us,fanatics,betrivers,espnbet",10
cfb,2023-10-19T02:30:00+00:00,forecast_decision,2,totals,"pinnacle,lowvig,betonlineag,draftkings,fanduel,betmgm,williamhill_us,fanatics,betrivers,espnbet",10
cfb,2023-10-19T22:55:00+00:00,pre_kickoff_close,2,totals,"pinnacle,lowvig,betonlineag,draftkings,fanduel,betmgm,williamhill_us,fanatics,betrivers,espnbet",10
cfb,2023-10-20T02:30:00+00:00,forecast_decision,1,totals,"pinnacle,lowvig,betonlineag,draftkings,fanduel,betmgm,williamhill_us,fanatics,betrivers,espnbet",10
cfb,2023-10-20T22:55:00+00:00,pre_kickoff_close,1,totals,"pinnacle,lowvig,betonlineag,draftkings,fanduel,betmgm,williamhill_us,fanatics,betrivers,espnbet",10
cfb,2023-10-21T02:30:00+00:00,forecast_decision,44,totals,"pinnacle,lowvig,betonlineag,draftkings,fanduel,betmgm,williamhill_us,fanatics,betrivers,espnbet",10
cfb,2023-10-21T15:55:00+00:00,pre_kickoff_close,8,totals,"pinnacle,lowvig,betonlineag,draftkings,fanduel,betmgm,williamhill_us,fanatics,betrivers,espnbet",10
cfb,2023-10-21T17:55:00+00:00,pre_kickoff_close,3,totals,"pinnacle,lowvig,betonlineag,draftkings,fanduel,betmgm,williamhill_us,fanatics,betrivers,espnbet",10
cfb,2023-10-21T19:25:00+00:00,pre_kickoff_close,13,totals,"pinnacle,lowvig,betonlineag,draftkings,fanduel,betmgm,williamhill_us,fanatics,betrivers,espnbet",10
cfb,2023-10-21T19:55:00+00:00,pre_kickoff_close,2,totals,"pinnacle,lowvig,betonlineag,draftkings,fanduel,betmgm,williamhill_us,fanatics,betrivers,espnbet",10
cfb,2023-10-21T21:55:00+00:00,pre_kickoff_close,2,totals,"pinnacle,lowvig,betonlineag,draftkings,fanduel,betmgm,williamhill_us,fanatics,betrivers,espnbet",10
cfb,2023-10-21T22:25:00+00:00,pre_kickoff_close,1,totals,"pinnacle,lowvig,betonlineag,draftkings,fanduel,betmgm,williamhill_us,fanatics,betrivers,espnbet",10
cfb,2023-10-21T22:55:00+00:00,pre_kickoff_close,6,totals,"pinnacle,lowvig,betonlineag,draftkings,fanduel,betmgm,williamhill_us,fanatics,betrivers,espnbet",10
cfb,2023-10-21T23:25:00+00:00,pre_kickoff_close,3,totals,"pinnacle,lowvig,betonlineag,draftkings,fanduel,betmgm,williamhill_us,fanatics,betrivers,espnbet",10
cfb,2023-10-21T23:55:00+00:00,pre_kickoff_close,3,totals,"pinnacle,lowvig,betonlineag,draftkings,fanduel,betmgm,williamhill_us,fanatics,betrivers,espnbet",10
cfb,2023-10-22T00:55:00+00:00,pre_kickoff_close,1,totals,"pinnacle,lowvig,betonlineag,draftkings,fanduel,betmgm,williamhill_us,fanatics,betrivers,espnbet",10
cfb,2023-10-22T02:25:00+00:00,pre_kickoff_close,2,totals,"pinnacle,lowvig,betonlineag,draftkings,fanduel,betmgm,williamhill_us,fanatics,betrivers,espnbet",10
cfb,2023-10-24T02:30:00+00:00,forecast_decision,1,totals,"pinnacle,lowvig,betonlineag,draftkings,fanduel,betmgm,williamhill_us,fanatics,betrivers,espnbet",10
cfb,2023-10-24T23:25:00+00:00,pre_kickoff_close,1,totals,"pinnacle,lowvig,betonlineag,draftkings,fanduel,betmgm,williamhill_us,fanatics,betrivers,espnbet",10
cfb,2023-10-25T02:30:00+00:00,forecast_decision,1,totals,"pinnacle,lowvig,betonlineag,draftkings,fanduel,betmgm,williamhill_us,fanatics,betrivers,espnbet",10
cfb,2023-10-25T23:55:00+00:00,pre_kickoff_close,1,totals,"pinnacle,lowvig,betonlineag,draftkings,fanduel,betmgm,williamhill_us,fanatics,betrivers,espnbet",10
cfb,2023-10-26T02:30:00+00:00,forecast_decision,2,totals,"pinnacle,lowvig,betonlineag,draftkings,fanduel,betmgm,williamhill_us,fanatics,betrivers,espnbet",10
cfb,2023-10-26T23:25:00+00:00,pre_kickoff_close,2,totals,"pinnacle,lowvig,betonlineag,draftkings,fanduel,betmgm,williamhill_us,fanatics,betrivers,espnbet",10
cfb,2023-10-27T02:30:00+00:00,forecast_decision,1,totals,"pinnacle,lowvig,betonlineag,draftkings,fanduel,betmgm,williamhill_us,fanatics,betrivers,espnbet",10
cfb,2023-10-27T23:25:00+00:00,pre_kickoff_close,1,totals,"pinnacle,lowvig,betonlineag,draftkings,fanduel,betmgm,williamhill_us,fanatics,betrivers,espnbet",10
cfb,2023-10-28T02:30:00+00:00,forecast_decision,42,totals,"pinnacle,lowvig,betonlineag,draftkings,fanduel,betmgm,williamhill_us,fanatics,betrivers,espnbet",10
cfb,2023-10-28T15:55:00+00:00,pre_kickoff_close,9,totals,"pinnacle,lowvig,betonlineag,draftkings,fanduel,betmgm,williamhill_us,fanatics,betrivers,espnbet",10
cfb,2023-10-28T16:55:00+00:00,pre_kickoff_close,1,totals,"pinnacle,lowvig,betonlineag,draftkings,fanduel,betmgm,williamhill_us,fanatics,betrivers,espnbet",10
cfb,2023-10-28T17:55:00+00:00,pre_kickoff_close,1,totals,"pinnacle,lowvig,betonlineag,draftkings,fanduel,betmgm,williamhill_us,fanatics,betrivers,espnbet",10
cfb,2023-10-28T18:55:00+00:00,pre_kickoff_close,1,totals,"pinnacle,lowvig,betonlineag,draftkings,fanduel,betmgm,williamhill_us,fanatics,betrivers,espnbet",10
cfb,2023-10-28T19:25:00+00:00,pre_kickoff_close,10,totals,"pinnacle,lowvig,betonlineag,draftkings,fanduel,betmgm,williamhill_us,fanatics,betrivers,espnbet",10
cfb,2023-10-28T19:55:00+00:00,pre_kickoff_close,2,totals,"pinnacle,lowvig,betonlineag,draftkings,fanduel,betmgm,williamhill_us,fanatics,betrivers,espnbet",10
cfb,2023-10-28T20:55:00+00:00,pre_kickoff_close,2,totals,"pinnacle,lowvig,betonlineag,draftkings,fanduel,betmgm,williamhill_us,fanatics,betrivers,espnbet",10
cfb,2023-10-28T21:25:00+00:00,pre_kickoff_close,1,totals,"pinnacle,lowvig,betonlineag,draftkings,fanduel,betmgm,williamhill_us,fanatics,betrivers,espnbet",10
cfb,2023-10-28T21:55:00+00:00,pre_kickoff_close,1,totals,"pinnacle,lowvig,betonlineag,draftkings,fanduel,betmgm,williamhill_us,fanatics,betrivers,espnbet",10
cfb,2023-10-28T22:55:00+00:00,pre_kickoff_close,4,totals,"pinnacle,lowvig,betonlineag,draftkings,fanduel,betmgm,williamhill_us,fanatics,betrivers,espnbet",10
cfb,2023-10-28T23:25:00+00:00,pre_kickoff_close,2,totals,"pinnacle,lowvig,betonlineag,draftkings,fanduel,betmgm,williamhill_us,fanatics,betrivers,espnbet",10
cfb,2023-10-28T23:55:00+00:00,pre_kickoff_close,4,totals,"pinnacle,lowvig,betonlineag,draftkings,fanduel,betmgm,williamhill_us,fanatics,betrivers,espnbet",10
cfb,2023-10-29T02:25:00+00:00,pre_kickoff_close,3,totals,"pinnacle,lowvig,betonlineag,draftkings,fanduel,betmgm,williamhill_us,fanatics,betrivers,espnbet",10
cfb,2023-10-29T03:54:00+00:00,pre_kickoff_close,1,totals,"pinnacle,lowvig,betonlineag,draftkings,fanduel,betmgm,williamhill_us,fanatics,betrivers,espnbet",10
cfb,2023-10-31T02:30:00+00:00,forecast_decision,2,totals,"pinnacle,lowvig,betonlineag,draftkings,fanduel,betmgm,williamhill_us,fanatics,betrivers,espnbet",10
cfb,2023-10-31T22:55:00+00:00,pre_kickoff_close,1,totals,"pinnacle,lowvig,betonlineag,draftkings,fanduel,betmgm,williamhill_us,fanatics,betrivers,espnbet",10
cfb,2023-10-31T23:25:00+00:00,pre_kickoff_close,1,totals,"pinnacle,lowvig,betonlineag,draftkings,fanduel,betmgm,williamhill_us,fanatics,betrivers,espnbet",10
cfb,2023-11-01T02:30:00+00:00,forecast_decision,2,totals,"pinnacle,lowvig,betonlineag,draftkings,fanduel,betmgm,williamhill_us,fanatics,betrivers,espnbet",10
cfb,2023-11-01T22:55:00+00:00,pre_kickoff_close,1,totals,"pinnacle,lowvig,betonlineag,draftkings,fanduel,betmgm,williamhill_us,fanatics,betrivers,espnbet",10
cfb,2023-11-01T23:25:00+00:00,pre_kickoff_close,1,totals,"pinnacle,lowvig,betonlineag,draftkings,fanduel,betmgm,williamhill_us,fanatics,betrivers,espnbet",10
cfb,2023-11-02T02:30:00+00:00,forecast_decision,3,totals,"pinnacle,lowvig,betonlineag,draftkings,fanduel,betmgm,williamhill_us,fanatics,betrivers,espnbet",10
cfb,2023-11-02T22:55:00+00:00,pre_kickoff_close,1,totals,"pinnacle,lowvig,betonlineag,draftkings,fanduel,betmgm,williamhill_us,fanatics,betrivers,espnbet",10
cfb,2023-11-02T23:25:00+00:00,pre_kickoff_close,2,totals,"pinnacle,lowvig,betonlineag,draftkings,fanduel,betmgm,williamhill_us,fanatics,betrivers,espnbet",10
cfb,2023-11-03T02:30:00+00:00,forecast_decision,1,totals,"pinnacle,lowvig,betonlineag,draftkings,fanduel,betmgm,williamhill_us,fanatics,betrivers,espnbet",10
cfb,2023-11-03T23:55:00+00:00,pre_kickoff_close,1,totals,"pinnacle,lowvig,betonlineag,draftkings,fanduel,betmgm,williamhill_us,fanatics,betrivers,espnbet",10
cfb,2023-11-04T02:30:00+00:00,forecast_decision,53,totals,"pinnacle,lowvig,betonlineag,draftkings,fanduel,betmgm,williamhill_us,fanatics,betrivers,espnbet",10
cfb,2023-11-04T15:55:00+00:00,pre_kickoff_close,9,totals,"pinnacle,lowvig,betonlineag,draftkings,fanduel,betmgm,williamhill_us,fanatics,betrivers,espnbet",10
cfb,2023-11-04T16:55:00+00:00,pre_kickoff_close,1,totals,"pinnacle,lowvig,betonlineag,draftkings,fanduel,betmgm,williamhill_us,fanatics,betrivers,espnbet",10
cfb,2023-11-04T17:55:00+00:00,pre_kickoff_close,3,totals,"pinnacle,lowvig,betonlineag,draftkings,fanduel,betmgm,williamhill_us,fanatics,betrivers,espnbet",10
cfb,2023-11-04T18:55:00+00:00,pre_kickoff_close,4,totals,"pinnacle,lowvig,betonlineag,draftkings,fanduel,betmgm,williamhill_us,fanatics,betrivers,espnbet",10
cfb,2023-11-04T19:25:00+00:00,pre_kickoff_close,12,totals,"pinnacle,lowvig,betonlineag,draftkings,fanduel,betmgm,williamhill_us,fanatics,betrivers,espnbet",10
cfb,2023-11-04T19:55:00+00:00,pre_kickoff_close,4,totals,"pinnacle,lowvig,betonlineag,draftkings,fanduel,betmgm,williamhill_us,fanatics,betrivers,espnbet",10
cfb,2023-11-04T20:55:00+00:00,pre_kickoff_close,1,totals,"pinnacle,lowvig,betonlineag,draftkings,fanduel,betmgm,williamhill_us,fanatics,betrivers,espnbet",10
cfb,2023-11-04T21:25:00+00:00,pre_kickoff_close,1,totals,"pinnacle,lowvig,betonlineag,draftkings,fanduel,betmgm,williamhill_us,fanatics,betrivers,espnbet",10
cfb,2023-11-04T21:55:00+00:00,pre_kickoff_close,4,totals,"pinnacle,lowvig,betonlineag,draftkings,fanduel,betmgm,williamhill_us,fanatics,betrivers,espnbet",10
cfb,2023-11-04T22:55:00+00:00,pre_kickoff_close,3,totals,"pinnacle,lowvig,betonlineag,draftkings,fanduel,betmgm,williamhill_us,fanatics,betrivers,espnbet",10
cfb,2023-11-04T23:25:00+00:00,pre_kickoff_close,4,totals,"pinnacle,lowvig,betonlineag,draftkings,fanduel,betmgm,williamhill_us,fanatics,betrivers,espnbet",10
cfb,2023-11-04T23:40:00+00:00,pre_kickoff_close,1,totals,"pinnacle,lowvig,betonlineag,draftkings,fanduel,betmgm,williamhill_us,fanatics,betrivers,espnbet",10
cfb,2023-11-04T23:55:00+00:00,pre_kickoff_close,1,totals,"pinnacle,lowvig,betonlineag,draftkings,fanduel,betmgm,williamhill_us,fanatics,betrivers,espnbet",10
cfb,2023-11-05T00:55:00+00:00,pre_kickoff_close,2,totals,"pinnacle,lowvig,betonlineag,draftkings,fanduel,betmgm,williamhill_us,fanatics,betrivers,espnbet",10
cfb,2023-11-05T01:55:00+00:00,pre_kickoff_close,2,totals,"pinnacle,lowvig,betonlineag,draftkings,fanduel,betmgm,williamhill_us,fanatics,betrivers,espnbet",10
cfb,2023-11-05T02:25:00+00:00,pre_kickoff_close,1,totals,"pinnacle,lowvig,betonlineag,draftkings,fanduel,betmgm,williamhill_us,fanatics,betrivers,espnbet",10
cfb,2023-11-07T03:30:00+00:00,forecast_decision,3,totals,"pinnacle,lowvig,betonlineag,draftkings,fanduel,betmgm,williamhill_us,fanatics,betrivers,espnbet",10
cfb,2023-11-07T23:55:00+00:00,pre_kickoff_close,2,totals,"pinnacle,lowvig,betonlineag,draftkings,fanduel,betmgm,williamhill_us,fanatics,betrivers,espnbet",10
cfb,2023-11-08T00:25:00+00:00,pre_kickoff_close,1,totals,"pinnacle,lowvig,betonlineag,draftkings,fanduel,betmgm,williamhill_us,fanatics,betrivers,espnbet",10
cfb,2023-11-08T03:30:00+00:00,forecast_decision,3,totals,"pinnacle,lowvig,betonlineag,draftkings,fanduel,betmgm,williamhill_us,fanatics,betrivers,espnbet",10
cfb,2023-11-08T23:55:00+00:00,pre_kickoff_close,2,totals,"pinnacle,lowvig,betonlineag,draftkings,fanduel,betmgm,williamhill_us,fanatics,betrivers,espnbet",10
cfb,2023-11-09T00:25:00+00:00,pre_kickoff_close,1,totals,"pinnacle,lowvig,betonlineag,draftkings,fanduel,betmgm,williamhill_us,fanatics,betrivers,espnbet",10
cfb,2023-11-09T03:30:00+00:00,forecast_decision,2,totals,"pinnacle,lowvig,betonlineag,draftkings,fanduel,betmgm,williamhill_us,fanatics,betrivers,espnbet",10
cfb,2023-11-10T00:25:00+00:00,pre_kickoff_close,2,totals,"pinnacle,lowvig,betonlineag,draftkings,fanduel,betmgm,williamhill_us,fanatics,betrivers,espnbet",10
cfb,2023-11-10T03:30:00+00:00,forecast_decision,1,totals,"pinnacle,lowvig,betonlineag,draftkings,fanduel,betmgm,williamhill_us,fanatics,betrivers,espnbet",10
cfb,2023-11-11T01:55:00+00:00,pre_kickoff_close,1,totals,"pinnacle,lowvig,betonlineag,draftkings,fanduel,betmgm,williamhill_us,fanatics,betrivers,espnbet",10
cfb,2023-11-11T03:30:00+00:00,forecast_decision,52,totals,"pinnacle,lowvig,betonlineag,draftkings,fanduel,betmgm,williamhill_us,fanatics,betrivers,espnbet",10
cfb,2023-11-11T16:55:00+00:00,pre_kickoff_close,11,totals,"pinnacle,lowvig,betonlineag,draftkings,fanduel,betmgm,williamhill_us,fanatics,betrivers,espnbet",10
cfb,2023-11-11T17:55:00+00:00,pre_kickoff_close,1,totals,"pinnacle,lowvig,betonlineag,draftkings,fanduel,betmgm,williamhill_us,fanatics,betrivers,espnbet",10
cfb,2023-11-11T18:55:00+00:00,pre_kickoff_close,6,totals,"pinnacle,lowvig,betonlineag,draftkings,fanduel,betmgm,williamhill_us,fanatics,betrivers,espnbet",10
cfb,2023-11-11T19:55:00+00:00,pre_kickoff_close,2,totals,"pinnacle,lowvig,betonlineag,draftkings,fanduel,betmgm,williamhill_us,fanatics,betrivers,espnbet",10
cfb,2023-11-11T20:25:00+00:00,pre_kickoff_close,11,totals,"pinnacle,lowvig,betonlineag,draftkings,fanduel,betmgm,williamhill_us,fanatics,betrivers,espnbet",10
cfb,2023-11-11T20:55:00+00:00,pre_kickoff_close,3,totals,"pinnacle,lowvig,betonlineag,draftkings,fanduel,betmgm,williamhill_us,fanatics,betrivers,espnbet",10
cfb,2023-11-11T21:55:00+00:00,pre_kickoff_close,1,totals,"pinnacle,lowvig,betonlineag,draftkings,fanduel,betmgm,williamhill_us,fanatics,betrivers,espnbet",10
cfb,2023-11-11T22:25:00+00:00,pre_kickoff_close,1,totals,"pinnacle,lowvig,betonlineag,draftkings,fanduel,betmgm,williamhill_us,fanatics,betrivers,espnbet",10
cfb,2023-11-11T23:55:00+00:00,pre_kickoff_close,5,totals,"pinnacle,lowvig,betonlineag,draftkings,fanduel,betmgm,williamhill_us,fanatics,betrivers,espnbet",10
cfb,2023-11-12T00:25:00+00:00,pre_kickoff_close,4,totals,"pinnacle,lowvig,betonlineag,draftkings,fanduel,betmgm,williamhill_us,fanatics,betrivers,espnbet",10
cfb,2023-11-12T00:55:00+00:00,pre_kickoff_close,1,totals,"pinnacle,lowvig,betonlineag,draftkings,fanduel,betmgm,williamhill_us,fanatics,betrivers,espnbet",10
cfb,2023-11-12T01:55:00+00:00,pre_kickoff_close,1,totals,"pinnacle,lowvig,betonlineag,draftkings,fanduel,betmgm,williamhill_us,fanatics,betrivers,espnbet",10
cfb,2023-11-12T02:55:00+00:00,pre_kickoff_close,1,totals,"pinnacle,lowvig,betonlineag,draftkings,fanduel,betmgm,williamhill_us,fanatics,betrivers,espnbet",10
cfb,2023-11-12T03:10:00+00:00,pre_kickoff_close,1,totals,"pinnacle,lowvig,betonlineag,draftkings,fanduel,betmgm,williamhill_us,fanatics,betrivers,espnbet",10
cfb,2023-11-12T03:25:00+00:00,pre_kickoff_close,2,totals,"pinnacle,lowvig,betonlineag,draftkings,fanduel,betmgm,williamhill_us,fanatics,betrivers,espnbet",10
cfb,2023-11-12T03:55:00+00:00,pre_kickoff_close,1,totals,"pinnacle,lowvig,betonlineag,draftkings,fanduel,betmgm,williamhill_us,fanatics,betrivers,espnbet",10
cfb,2023-11-14T03:30:00+00:00,forecast_decision,3,totals,"pinnacle,lowvig,betonlineag,draftkings,fanduel,betmgm,williamhill_us,fanatics,betrivers,espnbet",10
cfb,2023-11-14T23:55:00+00:00,pre_kickoff_close,3,totals,"pinnacle,lowvig,betonlineag,draftkings,fanduel,betmgm,williamhill_us,fanatics,betrivers,espnbet",10
cfb,2023-11-15T03:30:00+00:00,forecast_decision,1,totals,"pinnacle,lowvig,betonlineag,draftkings,fanduel,betmgm,williamhill_us,fanatics,betrivers,espnbet",10
cfb,2023-11-15T23:55:00+00:00,pre_kickoff_close,1,totals,"pinnacle,lowvig,betonlineag,draftkings,fanduel,betmgm,williamhill_us,fanatics,betrivers,espnbet",10
cfb,2023-11-16T03:30:00+00:00,forecast_decision,1,totals,"pinnacle,lowvig,betonlineag,draftkings,fanduel,betmgm,williamhill_us,fanatics,betrivers,espnbet",10
cfb,2023-11-16T23:55:00+00:00,pre_kickoff_close,1,totals,"pinnacle,lowvig,betonlineag,draftkings,fanduel,betmgm,williamhill_us,fanatics,betrivers,espnbet",10
cfb,2023-11-17T03:30:00+00:00,forecast_decision,1,totals,"pinnacle,lowvig,betonlineag,draftkings,fanduel,betmgm,williamhill_us,fanatics,betrivers,espnbet",10
cfb,2023-11-18T03:25:00+00:00,pre_kickoff_close,1,totals,"pinnacle,lowvig,betonlineag,draftkings,fanduel,betmgm,williamhill_us,fanatics,betrivers,espnbet",10
cfb,2023-11-18T03:30:00+00:00,forecast_decision,57,totals,"pinnacle,lowvig,betonlineag,draftkings,fanduel,betmgm,williamhill_us,fanatics,betrivers,espnbet",10
cfb,2023-11-18T16:55:00+00:00,pre_kickoff_close,13,totals,"pinnacle,lowvig,betonlineag,draftkings,fanduel,betmgm,williamhill_us,fanatics,betrivers,espnbet",10
cfb,2023-11-18T17:55:00+00:00,pre_kickoff_close,1,totals,"pinnacle,lowvig,betonlineag,draftkings,fanduel,betmgm,williamhill_us,fanatics,betrivers,espnbet",10
cfb,2023-11-18T18:55:00+00:00,pre_kickoff_close,6,totals,"pinnacle,lowvig,betonlineag,draftkings,fanduel,betmgm,williamhill_us,fanatics,betrivers,espnbet",10
cfb,2023-11-18T19:25:00+00:00,pre_kickoff_close,2,totals,"pinnacle,lowvig,betonlineag,draftkings,fanduel,betmgm,williamhill_us,fanatics,betrivers,espnbet",10
cfb,2023-11-18T19:55:00+00:00,pre_kickoff_close,5,totals,"pinnacle,lowvig,betonlineag,draftkings,fanduel,betmgm,williamhill_us,fanatics,betrivers,espnbet",10
cfb,2023-11-18T20:25:00+00:00,pre_kickoff_close,10,totals,"pinnacle,lowvig,betonlineag,draftkings,fanduel,betmgm,williamhill_us,fanatics,betrivers,espnbet",10
cfb,2023-11-18T20:55:00+00:00,pre_kickoff_close,4,totals,"pinnacle,lowvig,betonlineag,draftkings,fanduel,betmgm,williamhill_us,fanatics,betrivers,espnbet",10
cfb,2023-11-18T21:55:00+00:00,pre_kickoff_close,2,totals,"pinnacle,lowvig,betonlineag,draftkings,fanduel,betmgm,williamhill_us,fanatics,betrivers,espnbet",10
cfb,2023-11-18T22:55:00+00:00,pre_kickoff_close,1,totals,"pinnacle,lowvig,betonlineag,draftkings,fanduel,betmgm,williamhill_us,fanatics,betrivers,espnbet",10
cfb,2023-11-18T23:25:00+00:00,pre_kickoff_close,1,totals,"pinnacle,lowvig,betonlineag,draftkings,fanduel,betmgm,williamhill_us,fanatics,betrivers,espnbet",10
cfb,2023-11-18T23:55:00+00:00,pre_kickoff_close,2,totals,"pinnacle,lowvig,betonlineag,draftkings,fanduel,betmgm,williamhill_us,fanatics,betrivers,espnbet",10
cfb,2023-11-19T00:25:00+00:00,pre_kickoff_close,5,totals,"pinnacle,lowvig,betonlineag,draftkings,fanduel,betmgm,williamhill_us,fanatics,betrivers,espnbet",10
cfb,2023-11-19T00:55:00+00:00,pre_kickoff_close,3,totals,"pinnacle,lowvig,betonlineag,draftkings,fanduel,betmgm,williamhill_us,fanatics,betrivers,espnbet",10
cfb,2023-11-19T03:25:00+00:00,pre_kickoff_close,2,totals,"pinnacle,lowvig,betonlineag,draftkings,fanduel,betmgm,williamhill_us,fanatics,betrivers,espnbet",10
cfb,2023-11-21T03:30:00+00:00,forecast_decision,2,totals,"pinnacle,lowvig,betonlineag,draftkings,fanduel,betmgm,williamhill_us,fanatics,betrivers,espnbet",10
cfb,2023-11-21T23:55:00+00:00,pre_kickoff_close,1,totals,"pinnacle,lowvig,betonlineag,draftkings,fanduel,betmgm,williamhill_us,fanatics,betrivers,espnbet",10
cfb,2023-11-22T00:25:00+00:00,pre_kickoff_close,1,totals,"pinnacle,lowvig,betonlineag,draftkings,fanduel,betmgm,williamhill_us,fanatics,betrivers,espnbet",10
cfb,2023-11-23T03:30:00+00:00,forecast_decision,1,totals,"pinnacle,lowvig,betonlineag,draftkings,fanduel,betmgm,williamhill_us,fanatics,betrivers,espnbet",10
cfb,2023-11-24T00:25:00+00:00,pre_kickoff_close,1,totals,"pinnacle,lowvig,betonlineag,draftkings,fanduel,betmgm,williamhill_us,fanatics,betrivers,espnbet",10
cfb,2023-11-24T03:30:00+00:00,forecast_decision,12,totals,"pinnacle,lowvig,betonlineag,draftkings,fanduel,betmgm,williamhill_us,fanatics,betrivers,espnbet",10
cfb,2023-11-24T16:55:00+00:00,pre_kickoff_close,6,totals,"pinnacle,lowvig,betonlineag,draftkings,fanduel,betmgm,williamhill_us,fanatics,betrivers,espnbet",10
cfb,2023-11-24T20:25:00+00:00,pre_kickoff_close,2,totals,"pinnacle,lowvig,betonlineag,draftkings,fanduel,betmgm,williamhill_us,fanatics,betrivers,espnbet",10
cfb,2023-11-24T20:55:00+00:00,pre_kickoff_close,2,totals,"pinnacle,lowvig,betonlineag,draftkings,fanduel,betmgm,williamhill_us,fanatics,betrivers,espnbet",10
cfb,2023-11-25T00:25:00+00:00,pre_kickoff_close,1,totals,"pinnacle,lowvig,betonlineag,draftkings,fanduel,betmgm,williamhill_us,fanatics,betrivers,espnbet",10
cfb,2023-11-25T01:25:00+00:00,pre_kickoff_close,1,totals,"pinnacle,lowvig,betonlineag,draftkings,fanduel,betmgm,williamhill_us,fanatics,betrivers,espnbet",10
cfb,2023-11-25T03:30:00+00:00,forecast_decision,46,totals,"pinnacle,lowvig,betonlineag,draftkings,fanduel,betmgm,williamhill_us,fanatics,betrivers,espnbet",10
cfb,2023-11-25T16:55:00+00:00,pre_kickoff_close,12,totals,"pinnacle,lowvig,betonlineag,draftkings,fanduel,betmgm,williamhill_us,fanatics,betrivers,espnbet",10
cfb,2023-11-25T17:55:00+00:00,pre_kickoff_close,1,totals,"pinnacle,lowvig,betonlineag,draftkings,fanduel,betmgm,williamhill_us,fanatics,betrivers,espnbet",10
cfb,2023-11-25T18:55:00+00:00,pre_kickoff_close,3,totals,"pinnacle,lowvig,betonlineag,draftkings,fanduel,betmgm,williamhill_us,fanatics,betrivers,espnbet",10
cfb,2023-11-25T19:55:00+00:00,pre_kickoff_close,2,totals,"pinnacle,lowvig,betonlineag,draftkings,fanduel,betmgm,williamhill_us,fanatics,betrivers,espnbet",10
cfb,2023-11-25T20:25:00+00:00,pre_kickoff_close,12,totals,"pinnacle,lowvig,betonlineag,draftkings,fanduel,betmgm,williamhill_us,fanatics,betrivers,espnbet",10
cfb,2023-11-25T20:55:00+00:00,pre_kickoff_close,2,totals,"pinnacle,lowvig,betonlineag,draftkings,fanduel,betmgm,williamhill_us,fanatics,betrivers,espnbet",10
cfb,2023-11-25T23:55:00+00:00,pre_kickoff_close,4,totals,"pinnacle,lowvig,betonlineag,draftkings,fanduel,betmgm,williamhill_us,fanatics,betrivers,espnbet",10
cfb,2023-11-26T00:25:00+00:00,pre_kickoff_close,4,totals,"pinnacle,lowvig,betonlineag,draftkings,fanduel,betmgm,williamhill_us,fanatics,betrivers,espnbet",10
cfb,2023-11-26T00:55:00+00:00,pre_kickoff_close,2,totals,"pinnacle,lowvig,betonlineag,draftkings,fanduel,betmgm,williamhill_us,fanatics,betrivers,espnbet",10
cfb,2023-11-26T01:55:00+00:00,pre_kickoff_close,1,totals,"pinnacle,lowvig,betonlineag,draftkings,fanduel,betmgm,williamhill_us,fanatics,betrivers,espnbet",10
cfb,2023-11-26T03:25:00+00:00,pre_kickoff_close,2,totals,"pinnacle,lowvig,betonlineag,draftkings,fanduel,betmgm,williamhill_us,fanatics,betrivers,espnbet",10
cfb,2023-11-26T03:55:00+00:00,pre_kickoff_close,1,totals,"pinnacle,lowvig,betonlineag,draftkings,fanduel,betmgm,williamhill_us,fanatics,betrivers,espnbet",10
cfb,2023-12-01T03:30:00+00:00,forecast_decision,1,totals,"pinnacle,lowvig,betonlineag,draftkings,fanduel,betmgm,williamhill_us,fanatics,betrivers,espnbet",10
cfb,2023-12-01T23:55:00+00:00,pre_kickoff_close,1,totals,"pinnacle,lowvig,betonlineag,draftkings,fanduel,betmgm,williamhill_us,fanatics,betrivers,espnbet",10
cfb,2023-12-02T03:30:00+00:00,forecast_decision,2,totals,"pinnacle,lowvig,betonlineag,draftkings,fanduel,betmgm,williamhill_us,fanatics,betrivers,espnbet",10
cfb,2023-12-02T20:55:00+00:00,pre_kickoff_close,2,totals,"pinnacle,lowvig,betonlineag,draftkings,fanduel,betmgm,williamhill_us,fanatics,betrivers,espnbet",10
cfb,2023-12-16T03:30:00+00:00,forecast_decision,3,totals,"pinnacle,lowvig,betonlineag,draftkings,fanduel,betmgm,williamhill_us,fanatics,betrivers,espnbet",10
cfb,2023-12-16T15:55:00+00:00,pre_kickoff_close,1,totals,"pinnacle,lowvig,betonlineag,draftkings,fanduel,betmgm,williamhill_us,fanatics,betrivers,espnbet",10
cfb,2023-12-16T20:25:00+00:00,pre_kickoff_close,1,totals,"pinnacle,lowvig,betonlineag,draftkings,fanduel,betmgm,williamhill_us,fanatics,betrivers,espnbet",10
cfb,2023-12-16T22:40:00+00:00,pre_kickoff_close,1,totals,"pinnacle,lowvig,betonlineag,draftkings,fanduel,betmgm,williamhill_us,fanatics,betrivers,espnbet",10
cfb,2023-12-18T03:30:00+00:00,forecast_decision,1,totals,"pinnacle,lowvig,betonlineag,draftkings,fanduel,betmgm,williamhill_us,fanatics,betrivers,espnbet",10
cfb,2023-12-18T19:25:00+00:00,pre_kickoff_close,1,totals,"pinnacle,lowvig,betonlineag,draftkings,fanduel,betmgm,williamhill_us,fanatics,betrivers,espnbet",10
cfb,2023-12-21T03:30:00+00:00,forecast_decision,1,totals,"pinnacle,lowvig,betonlineag,draftkings,fanduel,betmgm,williamhill_us,fanatics,betrivers,espnbet",10
cfb,2023-12-22T00:55:00+00:00,pre_kickoff_close,1,totals,"pinnacle,lowvig,betonlineag,draftkings,fanduel,betmgm,williamhill_us,fanatics,betrivers,espnbet",10
cfb,2023-12-22T03:30:00+00:00,forecast_decision,1,totals,"pinnacle,lowvig,betonlineag,draftkings,fanduel,betmgm,williamhill_us,fanatics,betrivers,espnbet",10
cfb,2023-12-22T23:25:00+00:00,pre_kickoff_close,1,totals,"pinnacle,lowvig,betonlineag,draftkings,fanduel,betmgm,williamhill_us,fanatics,betrivers,espnbet",10
cfb,2023-12-23T03:30:00+00:00,forecast_decision,5,totals,"pinnacle,lowvig,betonlineag,draftkings,fanduel,betmgm,williamhill_us,fanatics,betrivers,espnbet",10
cfb,2023-12-23T16:55:00+00:00,pre_kickoff_close,1,totals,"pinnacle,lowvig,betonlineag,draftkings,fanduel,betmgm,williamhill_us,fanatics,betrivers,espnbet",10
cfb,2023-12-23T20:25:00+00:00,pre_kickoff_close,2,totals,"pinnacle,lowvig,betonlineag,draftkings,fanduel,betmgm,williamhill_us,fanatics,betrivers,espnbet",10
cfb,2023-12-23T23:55:00+00:00,pre_kickoff_close,1,totals,"pinnacle,lowvig,betonlineag,draftkings,fanduel,betmgm,williamhill_us,fanatics,betrivers,espnbet",10
cfb,2023-12-24T03:25:00+00:00,pre_kickoff_close,1,totals,"pinnacle,lowvig,betonlineag,draftkings,fanduel,betmgm,williamhill_us,fanatics,betrivers,espnbet",10
cfb,2023-12-26T03:30:00+00:00,forecast_decision,1,totals,"pinnacle,lowvig,betonlineag,draftkings,fanduel,betmgm,williamhill_us,fanatics,betrivers,espnbet",10
cfb,2023-12-26T22:25:00+00:00,pre_kickoff_close,1,totals,"pinnacle,lowvig,betonlineag,draftkings,fanduel,betmgm,williamhill_us,fanatics,betrivers,espnbet",10
cfb,2023-12-27T03:30:00+00:00,forecast_decision,1,totals,"pinnacle,lowvig,betonlineag,draftkings,fanduel,betmgm,williamhill_us,fanatics,betrivers,espnbet",10
cfb,2023-12-27T18:55:00+00:00,pre_kickoff_close,1,totals,"pinnacle,lowvig,betonlineag,draftkings,fanduel,betmgm,williamhill_us,fanatics,betrivers,espnbet",10
cfb,2023-12-29T03:30:00+00:00,forecast_decision,2,totals,"pinnacle,lowvig,betonlineag,draftkings,fanduel,betmgm,williamhill_us,fanatics,betrivers,espnbet",10
cfb,2023-12-29T18:55:00+00:00,pre_kickoff_close,1,totals,"pinnacle,lowvig,betonlineag,draftkings,fanduel,betmgm,williamhill_us,fanatics,betrivers,espnbet",10
cfb,2023-12-29T20:25:00+00:00,pre_kickoff_close,1,totals,"pinnacle,lowvig,betonlineag,draftkings,fanduel,betmgm,williamhill_us,fanatics,betrivers,espnbet",10
cfb,2023-12-30T03:30:00+00:00,forecast_decision,3,totals,"pinnacle,lowvig,betonlineag,draftkings,fanduel,betmgm,williamhill_us,fanatics,betrivers,espnbet",10
cfb,2023-12-30T18:55:00+00:00,pre_kickoff_close,1,totals,"pinnacle,lowvig,betonlineag,draftkings,fanduel,betmgm,williamhill_us,fanatics,betrivers,espnbet",10
cfb,2023-12-30T20:55:00+00:00,pre_kickoff_close,1,totals,"pinnacle,lowvig,betonlineag,draftkings,fanduel,betmgm,williamhill_us,fanatics,betrivers,espnbet",10
cfb,2023-12-30T21:25:00+00:00,pre_kickoff_close,1,totals,"pinnacle,lowvig,betonlineag,draftkings,fanduel,betmgm,williamhill_us,fanatics,betrivers,espnbet",10
cfb,2024-01-01T03:30:00+00:00,forecast_decision,2,totals,"pinnacle,lowvig,betonlineag,draftkings,fanduel,betmgm,williamhill_us,fanatics,betrivers,espnbet",10
cfb,2024-01-01T16:55:00+00:00,pre_kickoff_close,1,totals,"pinnacle,lowvig,betonlineag,draftkings,fanduel,betmgm,williamhill_us,fanatics,betrivers,espnbet",10
cfb,2024-01-01T21:55:00+00:00,pre_kickoff_close,1,totals,"pinnacle,lowvig,betonlineag,draftkings,fanduel,betmgm,williamhill_us,fanatics,betrivers,espnbet",10
cfb,2024-08-24T02:30:00+00:00,forecast_decision,3,totals,"pinnacle,lowvig,betonlineag,draftkings,fanduel,betmgm,williamhill_us,fanatics,betrivers,espnbet",10
cfb,2024-08-24T19:55:00+00:00,pre_kickoff_close,1,totals,"pinnacle,lowvig,betonlineag,draftkings,fanduel,betmgm,williamhill_us,fanatics,betrivers,espnbet",10
cfb,2024-08-24T23:55:00+00:00,pre_kickoff_close,1,totals,"pinnacle,lowvig,betonlineag,draftkings,fanduel,betmgm,williamhill_us,fanatics,betrivers,espnbet",10
cfb,2024-08-25T03:54:00+00:00,pre_kickoff_close,1,totals,"pinnacle,lowvig,betonlineag,draftkings,fanduel,betmgm,williamhill_us,fanatics,betrivers,espnbet",10
cfb,2024-08-29T02:30:00+00:00,forecast_decision,18,totals,"pinnacle,lowvig,betonlineag,draftkings,fanduel,betmgm,williamhill_us,fanatics,betrivers,espnbet",10
cfb,2024-08-29T21:55:00+00:00,pre_kickoff_close,1,totals,"pinnacle,lowvig,betonlineag,draftkings,fanduel,betmgm,williamhill_us,fanatics,betrivers,espnbet",10
cfb,2024-08-29T22:55:00+00:00,pre_kickoff_close,6,totals,"pinnacle,lowvig,betonlineag,draftkings,fanduel,betmgm,williamhill_us,fanatics,betrivers,espnbet",10
cfb,2024-08-29T23:25:00+00:00,pre_kickoff_close,1,totals,"pinnacle,lowvig,betonlineag,draftkings,fanduel,betmgm,williamhill_us,fanatics,betrivers,espnbet",10
cfb,2024-08-29T23:55:00+00:00,pre_kickoff_close,7,totals,"pinnacle,lowvig,betonlineag,draftkings,fanduel,betmgm,williamhill_us,fanatics,betrivers,espnbet",10
cfb,2024-08-30T00:55:00+00:00,pre_kickoff_close,2,totals,"pinnacle,lowvig,betonlineag,draftkings,fanduel,betmgm,williamhill_us,fanatics,betrivers,espnbet",10
cfb,2024-08-30T01:55:00+00:00,pre_kickoff_close,1,totals,"pinnacle,lowvig,betonlineag,draftkings,fanduel,betmgm,williamhill_us,fanatics,betrivers,espnbet",10
cfb,2024-08-30T02:30:00+00:00,forecast_decision,5,totals,"pinnacle,lowvig,betonlineag,draftkings,fanduel,betmgm,williamhill_us,fanatics,betrivers,espnbet",10
cfb,2024-08-30T22:55:00+00:00,pre_kickoff_close,2,totals,"pinnacle,lowvig,betonlineag,draftkings,fanduel,betmgm,williamhill_us,fanatics,betrivers,espnbet",10
cfb,2024-08-30T23:25:00+00:00,pre_kickoff_close,1,totals,"pinnacle,lowvig,betonlineag,draftkings,fanduel,betmgm,williamhill_us,fanatics,betrivers,espnbet",10
cfb,2024-08-31T00:55:00+00:00,pre_kickoff_close,1,totals,"pinnacle,lowvig,betonlineag,draftkings,fanduel,betmgm,williamhill_us,fanatics,betrivers,espnbet",10
cfb,2024-08-31T02:25:00+00:00,pre_kickoff_close,1,totals,"pinnacle,lowvig,betonlineag,draftkings,fanduel,betmgm,williamhill_us,fanatics,betrivers,espnbet",10
cfb,2024-08-31T02:30:00+00:00,forecast_decision,50,totals,"pinnacle,lowvig,betonlineag,draftkings,fanduel,betmgm,williamhill_us,fanatics,betrivers,espnbet",10
cfb,2024-08-31T15:55:00+00:00,pre_kickoff_close,7,totals,"pinnacle,lowvig,betonlineag,draftkings,fanduel,betmgm,williamhill_us,fanatics,betrivers,espnbet",10
cfb,2024-08-31T16:40:00+00:00,pre_kickoff_close,1,totals,"pinnacle,lowvig,betonlineag,draftkings,fanduel,betmgm,williamhill_us,fanatics,betrivers,espnbet",10
cfb,2024-08-31T17:55:00+00:00,pre_kickoff_close,1,totals,"pinnacle,lowvig,betonlineag,draftkings,fanduel,betmgm,williamhill_us,fanatics,betrivers,espnbet",10
cfb,2024-08-31T18:25:00+00:00,pre_kickoff_close,1,totals,"pinnacle,lowvig,betonlineag,draftkings,fanduel,betmgm,williamhill_us,fanatics,betrivers,espnbet",10
cfb,2024-08-31T18:55:00+00:00,pre_kickoff_close,1,totals,"pinnacle,lowvig,betonlineag,draftkings,fanduel,betmgm,williamhill_us,fanatics,betrivers,espnbet",10
cfb,2024-08-31T19:25:00+00:00,pre_kickoff_close,11,totals,"pinnacle,lowvig,betonlineag,draftkings,fanduel,betmgm,williamhill_us,fanatics,betrivers,espnbet",10
cfb,2024-08-31T19:55:00+00:00,pre_kickoff_close,1,totals,"pinnacle,lowvig,betonlineag,draftkings,fanduel,betmgm,williamhill_us,fanatics,betrivers,espnbet",10
cfb,2024-08-31T20:10:00+00:00,pre_kickoff_close,1,totals,"pinnacle,lowvig,betonlineag,draftkings,fanduel,betmgm,williamhill_us,fanatics,betrivers,espnbet",10
cfb,2024-08-31T20:55:00+00:00,pre_kickoff_close,3,totals,"pinnacle,lowvig,betonlineag,draftkings,fanduel,betmgm,williamhill_us,fanatics,betrivers,espnbet",10
cfb,2024-08-31T21:55:00+00:00,pre_kickoff_close,3,totals,"pinnacle,lowvig,betonlineag,draftkings,fanduel,betmgm,williamhill_us,fanatics,betrivers,espnbet",10
cfb,2024-08-31T22:25:00+00:00,pre_kickoff_close,1,totals,"pinnacle,lowvig,betonlineag,draftkings,fanduel,betmgm,williamhill_us,fanatics,betrivers,espnbet",10
cfb,2024-08-31T22:55:00+00:00,pre_kickoff_close,7,totals,"pinnacle,lowvig,betonlineag,draftkings,fanduel,betmgm,williamhill_us,fanatics,betrivers,espnbet",10
cfb,2024-08-31T23:25:00+00:00,pre_kickoff_close,5,totals,"pinnacle,lowvig,betonlineag,draftkings,fanduel,betmgm,williamhill_us,fanatics,betrivers,espnbet",10
cfb,2024-08-31T23:40:00+00:00,pre_kickoff_close,1,totals,"pinnacle,lowvig,betonlineag,draftkings,fanduel,betmgm,williamhill_us,fanatics,betrivers,espnbet",10
cfb,2024-08-31T23:55:00+00:00,pre_kickoff_close,2,totals,"pinnacle,lowvig,betonlineag,draftkings,fanduel,betmgm,williamhill_us,fanatics,betrivers,espnbet",10
cfb,2024-09-01T00:55:00+00:00,pre_kickoff_close,1,totals,"pinnacle,lowvig,betonlineag,draftkings,fanduel,betmgm,williamhill_us,fanatics,betrivers,espnbet",10
cfb,2024-09-01T02:25:00+00:00,pre_kickoff_close,2,totals,"pinnacle,lowvig,betonlineag,draftkings,fanduel,betmgm,williamhill_us,fanatics,betrivers,espnbet",10
cfb,2024-09-01T02:55:00+00:00,pre_kickoff_close,1,totals,"pinnacle,lowvig,betonlineag,draftkings,fanduel,betmgm,williamhill_us,fanatics,betrivers,espnbet",10
cfb,2024-09-02T02:30:00+00:00,forecast_decision,1,totals,"pinnacle,lowvig,betonlineag,draftkings,fanduel,betmgm,williamhill_us,fanatics,betrivers,espnbet",10
cfb,2024-09-02T23:25:00+00:00,pre_kickoff_close,1,totals,"pinnacle,lowvig,betonlineag,draftkings,fanduel,betmgm,williamhill_us,fanatics,betrivers,espnbet",10
cfb,2024-09-06T02:30:00+00:00,forecast_decision,3,totals,"pinnacle,lowvig,betonlineag,draftkings,fanduel,betmgm,williamhill_us,fanatics,betrivers,espnbet",10
cfb,2024-09-06T22:55:00+00:00,pre_kickoff_close,2,totals,"pinnacle,lowvig,betonlineag,draftkings,fanduel,betmgm,williamhill_us,fanatics,betrivers,espnbet",10
cfb,2024-09-07T00:55:00+00:00,pre_kickoff_close,1,totals,"pinnacle,lowvig,betonlineag,draftkings,fanduel,betmgm,williamhill_us,fanatics,betrivers,espnbet",10
cfb,2024-09-07T02:30:00+00:00,forecast_decision,69,totals,"pinnacle,lowvig,betonlineag,draftkings,fanduel,betmgm,williamhill_us,fanatics,betrivers,espnbet",10
cfb,2024-09-07T15:55:00+00:00,pre_kickoff_close,10,totals,"pinnacle,lowvig,betonlineag,draftkings,fanduel,betmgm,williamhill_us,fanatics,betrivers,espnbet",10
cfb,2024-09-07T16:40:00+00:00,pre_kickoff_close,1,totals,"pinnacle,lowvig,betonlineag,draftkings,fanduel,betmgm,williamhill_us,fanatics,betrivers,espnbet",10
cfb,2024-09-07T17:55:00+00:00,pre_kickoff_close,2,totals,"pinnacle,lowvig,betonlineag,draftkings,fanduel,betmgm,williamhill_us,fanatics,betrivers,espnbet",10
cfb,2024-09-07T18:25:00+00:00,pre_kickoff_close,1,totals,"pinnacle,lowvig,betonlineag,draftkings,fanduel,betmgm,williamhill_us,fanatics,betrivers,espnbet",10
cfb,2024-09-07T19:25:00+00:00,pre_kickoff_close,14,totals,"pinnacle,lowvig,betonlineag,draftkings,fanduel,betmgm,williamhill_us,fanatics,betrivers,espnbet",10
cfb,2024-09-07T19:55:00+00:00,pre_kickoff_close,1,totals,"pinnacle,lowvig,betonlineag,draftkings,fanduel,betmgm,williamhill_us,fanatics,betrivers,espnbet",10
cfb,2024-09-07T20:25:00+00:00,pre_kickoff_close,1,totals,"pinnacle,lowvig,betonlineag,draftkings,fanduel,betmgm,williamhill_us,fanatics,betrivers,espnbet",10
cfb,2024-09-07T21:55:00+00:00,pre_kickoff_close,5,totals,"pinnacle,lowvig,betonlineag,draftkings,fanduel,betmgm,williamhill_us,fanatics,betrivers,espnbet",10
cfb,2024-09-07T22:25:00+00:00,pre_kickoff_close,1,totals,"pinnacle,lowvig,betonlineag,draftkings,fanduel,betmgm,williamhill_us,fanatics,betrivers,espnbet",10
cfb,2024-09-07T22:55:00+00:00,pre_kickoff_close,16,totals,"pinnacle,lowvig,betonlineag,draftkings,fanduel,betmgm,williamhill_us,fanatics,betrivers,espnbet",10
cfb,2024-09-07T23:25:00+00:00,pre_kickoff_close,5,totals,"pinnacle,lowvig,betonlineag,draftkings,fanduel,betmgm,williamhill_us,fanatics,betrivers,espnbet",10
cfb,2024-09-07T23:40:00+00:00,pre_kickoff_close,1,totals,"pinnacle,lowvig,betonlineag,draftkings,fanduel,betmgm,williamhill_us,fanatics,betrivers,espnbet",10
cfb,2024-09-07T23:55:00+00:00,pre_kickoff_close,2,totals,"pinnacle,lowvig,betonlineag,draftkings,fanduel,betmgm,williamhill_us,fanatics,betrivers,espnbet",10
cfb,2024-09-08T00:55:00+00:00,pre_kickoff_close,1,totals,"pinnacle,lowvig,betonlineag,draftkings,fanduel,betmgm,williamhill_us,fanatics,betrivers,espnbet",10
cfb,2024-09-08T01:55:00+00:00,pre_kickoff_close,4,totals,"pinnacle,lowvig,betonlineag,draftkings,fanduel,betmgm,williamhill_us,fanatics,betrivers,espnbet",10
cfb,2024-09-08T02:10:00+00:00,pre_kickoff_close,1,totals,"pinnacle,lowvig,betonlineag,draftkings,fanduel,betmgm,williamhill_us,fanatics,betrivers,espnbet",10
cfb,2024-09-08T02:25:00+00:00,pre_kickoff_close,2,totals,"pinnacle,lowvig,betonlineag,draftkings,fanduel,betmgm,williamhill_us,fanatics,betrivers,espnbet",10
cfb,2024-09-08T02:55:00+00:00,pre_kickoff_close,1,totals,"pinnacle,lowvig,betonlineag,draftkings,fanduel,betmgm,williamhill_us,fanatics,betrivers,espnbet",10
cfb,2024-09-12T02:30:00+00:00,forecast_decision,2,totals,"pinnacle,lowvig,betonlineag,draftkings,fanduel,betmgm,williamhill_us,fanatics,betrivers,espnbet",10
cfb,2024-09-12T23:25:00+00:00,pre_kickoff_close,2,totals,"pinnacle,lowvig,betonlineag,draftkings,fanduel,betmgm,williamhill_us,fanatics,betrivers,espnbet",10
cfb,2024-09-13T02:30:00+00:00,forecast_decision,1,totals,"pinnacle,lowvig,betonlineag,draftkings,fanduel,betmgm,williamhill_us,fanatics,betrivers,espnbet",10
cfb,2024-09-13T23:55:00+00:00,pre_kickoff_close,1,totals,"pinnacle,lowvig,betonlineag,draftkings,fanduel,betmgm,williamhill_us,fanatics,betrivers,espnbet",10
cfb,2024-09-14T02:30:00+00:00,forecast_decision,57,totals,"pinnacle,lowvig,betonlineag,draftkings,fanduel,betmgm,williamhill_us,fanatics,betrivers,espnbet",10
cfb,2024-09-14T15:55:00+00:00,pre_kickoff_close,9,totals,"pinnacle,lowvig,betonlineag,draftkings,fanduel,betmgm,williamhill_us,fanatics,betrivers,espnbet",10
cfb,2024-09-14T16:40:00+00:00,pre_kickoff_close,1,totals,"pinnacle,lowvig,betonlineag,draftkings,fanduel,betmgm,williamhill_us,fanatics,betrivers,espnbet",10
cfb,2024-09-14T16:55:00+00:00,pre_kickoff_close,1,totals,"pinnacle,lowvig,betonlineag,draftkings,fanduel,betmgm,williamhill_us,fanatics,betrivers,espnbet",10
cfb,2024-09-14T17:55:00+00:00,pre_kickoff_close,1,totals,"pinnacle,lowvig,betonlineag,draftkings,fanduel,betmgm,williamhill_us,fanatics,betrivers,espnbet",10
cfb,2024-09-14T19:25:00+00:00,pre_kickoff_close,9,totals,"pinnacle,lowvig,betonlineag,draftkings,fanduel,betmgm,williamhill_us,fanatics,betrivers,espnbet",10
cfb,2024-09-14T19:55:00+00:00,pre_kickoff_close,2,totals,"pinnacle,lowvig,betonlineag,draftkings,fanduel,betmgm,williamhill_us,fanatics,betrivers,espnbet",10
cfb,2024-09-14T20:10:00+00:00,pre_kickoff_close,1,totals,"pinnacle,lowvig,betonlineag,draftkings,fanduel,betmgm,williamhill_us,fanatics,betrivers,espnbet",10
cfb,2024-09-14T20:25:00+00:00,pre_kickoff_close,1,totals,"pinnacle,lowvig,betonlineag,draftkings,fanduel,betmgm,williamhill_us,fanatics,betrivers,espnbet",10
cfb,2024-09-14T21:55:00+00:00,pre_kickoff_close,8,totals,"pinnacle,lowvig,betonlineag,draftkings,fanduel,betmgm,williamhill_us,fanatics,betrivers,espnbet",10
cfb,2024-09-14T22:25:00+00:00,pre_kickoff_close,2,totals,"pinnacle,lowvig,betonlineag,draftkings,fanduel,betmgm,williamhill_us,fanatics,betrivers,espnbet",10
cfb,2024-09-14T22:55:00+00:00,pre_kickoff_close,7,totals,"pinnacle,lowvig,betonlineag,draftkings,fanduel,betmgm,williamhill_us,fanatics,betrivers,espnbet",10
cfb,2024-09-14T23:25:00+00:00,pre_kickoff_close,9,totals,"pinnacle,lowvig,betonlineag,draftkings,fanduel,betmgm,williamhill_us,fanatics,betrivers,espnbet",10
cfb,2024-09-14T23:40:00+00:00,pre_kickoff_close,1,totals,"pinnacle,lowvig,betonlineag,draftkings,fanduel,betmgm,williamhill_us,fanatics,betrivers,espnbet",10
cfb,2024-09-14T23:55:00+00:00,pre_kickoff_close,2,totals,"pinnacle,lowvig,betonlineag,draftkings,fanduel,betmgm,williamhill_us,fanatics,betrivers,espnbet",10
cfb,2024-09-15T00:55:00+00:00,pre_kickoff_close,1,totals,"pinnacle,lowvig,betonlineag,draftkings,fanduel,betmgm,williamhill_us,fanatics,betrivers,espnbet",10
cfb,2024-09-15T02:25:00+00:00,pre_kickoff_close,2,totals,"pinnacle,lowvig,betonlineag,draftkings,fanduel,betmgm,williamhill_us,fanatics,betrivers,espnbet",10
cfb,2024-09-19T02:30:00+00:00,forecast_decision,1,totals,"pinnacle,lowvig,betonlineag,draftkings,fanduel,betmgm,williamhill_us,fanatics,betrivers,espnbet",10
cfb,2024-09-19T23:25:00+00:00,pre_kickoff_close,1,totals,"pinnacle,lowvig,betonlineag,draftkings,fanduel,betmgm,williamhill_us,fanatics,betrivers,espnbet",10
cfb,2024-09-20T02:30:00+00:00,forecast_decision,2,totals,"pinnacle,lowvig,betonlineag,draftkings,fanduel,betmgm,williamhill_us,fanatics,betrivers,espnbet",10
cfb,2024-09-20T23:55:00+00:00,pre_kickoff_close,1,totals,"pinnacle,lowvig,betonlineag,draftkings,fanduel,betmgm,williamhill_us,fanatics,betrivers,espnbet",10
cfb,2024-09-21T01:55:00+00:00,pre_kickoff_close,1,totals,"pinnacle,lowvig,betonlineag,draftkings,fanduel,betmgm,williamhill_us,fanatics,betrivers,espnbet",10
cfb,2024-09-21T02:30:00+00:00,forecast_decision,57,totals,"pinnacle,lowvig,betonlineag,draftkings,fanduel,betmgm,williamhill_us,fanatics,betrivers,espnbet",10
cfb,2024-09-21T15:55:00+00:00,pre_kickoff_close,10,totals,"pinnacle,lowvig,betonlineag,draftkings,fanduel,betmgm,williamhill_us,fanatics,betrivers,espnbet",10
cfb,2024-09-21T16:40:00+00:00,pre_kickoff_close,1,totals,"pinnacle,lowvig,betonlineag,draftkings,fanduel,betmgm,williamhill_us,fanatics,betrivers,espnbet",10
cfb,2024-09-21T16:55:00+00:00,pre_kickoff_close,1,totals,"pinnacle,lowvig,betonlineag,draftkings,fanduel,betmgm,williamhill_us,fanatics,betrivers,espnbet",10
cfb,2024-09-21T17:55:00+00:00,pre_kickoff_close,4,totals,"pinnacle,lowvig,betonlineag,draftkings,fanduel,betmgm,williamhill_us,fanatics,betrivers,espnbet",10
cfb,2024-09-21T18:55:00+00:00,pre_kickoff_close,2,totals,"pinnacle,lowvig,betonlineag,draftkings,fanduel,betmgm,williamhill_us,fanatics,betrivers,espnbet",10
cfb,2024-09-21T19:25:00+00:00,pre_kickoff_close,12,totals,"pinnacle,lowvig,betonlineag,draftkings,fanduel,betmgm,williamhill_us,fanatics,betrivers,espnbet",10
cfb,2024-09-21T19:55:00+00:00,pre_kickoff_close,2,totals,"pinnacle,lowvig,betonlineag,draftkings,fanduel,betmgm,williamhill_us,fanatics,betrivers,espnbet",10
cfb,2024-09-21T20:10:00+00:00,pre_kickoff_close,1,totals,"pinnacle,lowvig,betonlineag,draftkings,fanduel,betmgm,williamhill_us,fanatics,betrivers,espnbet",10
cfb,2024-09-21T20:55:00+00:00,pre_kickoff_close,2,totals,"pinnacle,lowvig,betonlineag,draftkings,fanduel,betmgm,williamhill_us,fanatics,betrivers,espnbet",10
cfb,2024-09-21T21:55:00+00:00,pre_kickoff_close,2,totals,"pinnacle,lowvig,betonlineag,draftkings,fanduel,betmgm,williamhill_us,fanatics,betrivers,espnbet",10
cfb,2024-09-21T22:55:00+00:00,pre_kickoff_close,8,totals,"pinnacle,lowvig,betonlineag,draftkings,fanduel,betmgm,williamhill_us,fanatics,betrivers,espnbet",10
cfb,2024-09-21T23:25:00+00:00,pre_kickoff_close,4,totals,"pinnacle,lowvig,betonlineag,draftkings,fanduel,betmgm,williamhill_us,fanatics,betrivers,espnbet",10
cfb,2024-09-21T23:55:00+00:00,pre_kickoff_close,3,totals,"pinnacle,lowvig,betonlineag,draftkings,fanduel,betmgm,williamhill_us,fanatics,betrivers,espnbet",10
cfb,2024-09-22T00:25:00+00:00,pre_kickoff_close,2,totals,"pinnacle,lowvig,betonlineag,draftkings,fanduel,betmgm,williamhill_us,fanatics,betrivers,espnbet",10
cfb,2024-09-22T01:40:00+00:00,pre_kickoff_close,1,totals,"pinnacle,lowvig,betonlineag,draftkings,fanduel,betmgm,williamhill_us,fanatics,betrivers,espnbet",10
cfb,2024-09-22T02:25:00+00:00,pre_kickoff_close,1,totals,"pinnacle,lowvig,betonlineag,draftkings,fanduel,betmgm,williamhill_us,fanatics,betrivers,espnbet",10
cfb,2024-09-22T03:54:00+00:00,pre_kickoff_close,1,totals,"pinnacle,lowvig,betonlineag,draftkings,fanduel,betmgm,williamhill_us,fanatics,betrivers,espnbet",10
cfb,2024-09-26T02:30:00+00:00,forecast_decision,1,totals,"pinnacle,lowvig,betonlineag,draftkings,fanduel,betmgm,williamhill_us,fanatics,betrivers,espnbet",10
cfb,2024-09-26T23:25:00+00:00,pre_kickoff_close,1,totals,"pinnacle,lowvig,betonlineag,draftkings,fanduel,betmgm,williamhill_us,fanatics,betrivers,espnbet",10
cfb,2024-09-27T02:30:00+00:00,forecast_decision,2,totals,"pinnacle,lowvig,betonlineag,draftkings,fanduel,betmgm,williamhill_us,fanatics,betrivers,espnbet",10
cfb,2024-09-27T23:25:00+00:00,pre_kickoff_close,1,totals,"pinnacle,lowvig,betonlineag,draftkings,fanduel,betmgm,williamhill_us,fanatics,betrivers,espnbet",10
cfb,2024-09-27T23:55:00+00:00,pre_kickoff_close,1,totals,"pinnacle,lowvig,betonlineag,draftkings,fanduel,betmgm,williamhill_us,fanatics,betrivers,espnbet",10
cfb,2024-09-28T02:30:00+00:00,forecast_decision,45,totals,"pinnacle,lowvig,betonlineag,draftkings,fanduel,betmgm,williamhill_us,fanatics,betrivers,espnbet",10
cfb,2024-09-28T15:55:00+00:00,pre_kickoff_close,10,totals,"pinnacle,lowvig,betonlineag,draftkings,fanduel,betmgm,williamhill_us,fanatics,betrivers,espnbet",10
cfb,2024-09-28T17:25:00+00:00,pre_kickoff_close,1,totals,"pinnacle,lowvig,betonlineag,draftkings,fanduel,betmgm,williamhill_us,fanatics,betrivers,espnbet",10
cfb,2024-09-28T19:25:00+00:00,pre_kickoff_close,10,totals,"pinnacle,lowvig,betonlineag,draftkings,fanduel,betmgm,williamhill_us,fanatics,betrivers,espnbet",10
cfb,2024-09-28T19:55:00+00:00,pre_kickoff_close,2,totals,"pinnacle,lowvig,betonlineag,draftkings,fanduel,betmgm,williamhill_us,fanatics,betrivers,espnbet",10
cfb,2024-09-28T20:10:00+00:00,pre_kickoff_close,1,totals,"pinnacle,lowvig,betonlineag,draftkings,fanduel,betmgm,williamhill_us,fanatics,betrivers,espnbet",10
cfb,2024-09-28T20:55:00+00:00,pre_kickoff_close,1,totals,"pinnacle,lowvig,betonlineag,draftkings,fanduel,betmgm,williamhill_us,fanatics,betrivers,espnbet",10
cfb,2024-09-28T21:55:00+00:00,pre_kickoff_close,3,totals,"pinnacle,lowvig,betonlineag,draftkings,fanduel,betmgm,williamhill_us,fanatics,betrivers,espnbet",10
cfb,2024-09-28T22:55:00+00:00,pre_kickoff_close,5,totals,"pinnacle,lowvig,betonlineag,draftkings,fanduel,betmgm,williamhill_us,fanatics,betrivers,espnbet",10
cfb,2024-09-28T23:25:00+00:00,pre_kickoff_close,4,totals,"pinnacle,lowvig,betonlineag,draftkings,fanduel,betmgm,williamhill_us,fanatics,betrivers,espnbet",10
cfb,2024-09-28T23:40:00+00:00,pre_kickoff_close,1,totals,"pinnacle,lowvig,betonlineag,draftkings,fanduel,betmgm,williamhill_us,fanatics,betrivers,espnbet",10
cfb,2024-09-28T23:55:00+00:00,pre_kickoff_close,4,totals,"pinnacle,lowvig,betonlineag,draftkings,fanduel,betmgm,williamhill_us,fanatics,betrivers,espnbet",10
cfb,2024-09-29T01:55:00+00:00,pre_kickoff_close,1,totals,"pinnacle,lowvig,betonlineag,draftkings,fanduel,betmgm,williamhill_us,fanatics,betrivers,espnbet",10
cfb,2024-09-29T02:10:00+00:00,pre_kickoff_close,1,totals,"pinnacle,lowvig,betonlineag,draftkings,fanduel,betmgm,williamhill_us,fanatics,betrivers,espnbet",10
cfb,2024-09-29T02:55:00+00:00,pre_kickoff_close,1,totals,"pinnacle,lowvig,betonlineag,draftkings,fanduel,betmgm,williamhill_us,fanatics,betrivers,espnbet",10
cfb,2024-10-03T02:30:00+00:00,forecast_decision,2,totals,"pinnacle,lowvig,betonlineag,draftkings,fanduel,betmgm,williamhill_us,fanatics,betrivers,espnbet",10
cfb,2024-10-03T22:55:00+00:00,pre_kickoff_close,1,totals,"pinnacle,lowvig,betonlineag,draftkings,fanduel,betmgm,williamhill_us,fanatics,betrivers,espnbet",10
cfb,2024-10-04T00:55:00+00:00,pre_kickoff_close,1,totals,"pinnacle,lowvig,betonlineag,draftkings,fanduel,betmgm,williamhill_us,fanatics,betrivers,espnbet",10
cfb,2024-10-04T02:30:00+00:00,forecast_decision,3,totals,"pinnacle,lowvig,betonlineag,draftkings,fanduel,betmgm,williamhill_us,fanatics,betrivers,espnbet",10
cfb,2024-10-04T22:55:00+00:00,pre_kickoff_close,1,totals,"pinnacle,lowvig,betonlineag,draftkings,fanduel,betmgm,williamhill_us,fanatics,betrivers,espnbet",10
cfb,2024-10-04T23:25:00+00:00,pre_kickoff_close,1,totals,"pinnacle,lowvig,betonlineag,draftkings,fanduel,betmgm,williamhill_us,fanatics,betrivers,espnbet",10
cfb,2024-10-05T00:55:00+00:00,pre_kickoff_close,1,totals,"pinnacle,lowvig,betonlineag,draftkings,fanduel,betmgm,williamhill_us,fanatics,betrivers,espnbet",10
cfb,2024-10-05T02:30:00+00:00,forecast_decision,43,totals,"pinnacle,lowvig,betonlineag,draftkings,fanduel,betmgm,williamhill_us,fanatics,betrivers,espnbet",10
cfb,2024-10-05T15:55:00+00:00,pre_kickoff_close,10,totals,"pinnacle,lowvig,betonlineag,draftkings,fanduel,betmgm,williamhill_us,fanatics,betrivers,espnbet",10
cfb,2024-10-05T16:55:00+00:00,pre_kickoff_close,1,totals,"pinnacle,lowvig,betonlineag,draftkings,fanduel,betmgm,williamhill_us,fanatics,betrivers,espnbet",10
cfb,2024-10-05T17:55:00+00:00,pre_kickoff_close,1,totals,"pinnacle,lowvig,betonlineag,draftkings,fanduel,betmgm,williamhill_us,fanatics,betrivers,espnbet",10
cfb,2024-10-05T19:25:00+00:00,pre_kickoff_close,10,totals,"pinnacle,lowvig,betonlineag,draftkings,fanduel,betmgm,williamhill_us,fanatics,betrivers,espnbet",10
cfb,2024-10-05T19:55:00+00:00,pre_kickoff_close,2,totals,"pinnacle,lowvig,betonlineag,draftkings,fanduel,betmgm,williamhill_us,fanatics,betrivers,espnbet",10
cfb,2024-10-05T20:10:00+00:00,pre_kickoff_close,1,totals,"pinnacle,lowvig,betonlineag,draftkings,fanduel,betmgm,williamhill_us,fanatics,betrivers,espnbet",10
cfb,2024-10-05T22:25:00+00:00,pre_kickoff_close,1,totals,"pinnacle,lowvig,betonlineag,draftkings,fanduel,betmgm,williamhill_us,fanatics,betrivers,espnbet",10
cfb,2024-10-05T22:55:00+00:00,pre_kickoff_close,6,totals,"pinnacle,lowvig,betonlineag,draftkings,fanduel,betmgm,williamhill_us,fanatics,betrivers,espnbet",10
cfb,2024-10-05T23:25:00+00:00,pre_kickoff_close,5,totals,"pinnacle,lowvig,betonlineag,draftkings,fanduel,betmgm,williamhill_us,fanatics,betrivers,espnbet",10
cfb,2024-10-05T23:40:00+00:00,pre_kickoff_close,1,totals,"pinnacle,lowvig,betonlineag,draftkings,fanduel,betmgm,williamhill_us,fanatics,betrivers,espnbet",10
cfb,2024-10-05T23:55:00+00:00,pre_kickoff_close,3,totals,"pinnacle,lowvig,betonlineag,draftkings,fanduel,betmgm,williamhill_us,fanatics,betrivers,espnbet",10
cfb,2024-10-06T02:25:00+00:00,pre_kickoff_close,1,totals,"pinnacle,lowvig,betonlineag,draftkings,fanduel,betmgm,williamhill_us,fanatics,betrivers,espnbet",10
cfb,2024-10-06T02:55:00+00:00,pre_kickoff_close,1,totals,"pinnacle,lowvig,betonlineag,draftkings,fanduel,betmgm,williamhill_us,fanatics,betrivers,espnbet",10
cfb,2024-10-08T02:30:00+00:00,forecast_decision,1,totals,"pinnacle,lowvig,betonlineag,draftkings,fanduel,betmgm,williamhill_us,fanatics,betrivers,espnbet",10
cfb,2024-10-08T22:55:00+00:00,pre_kickoff_close,1,totals,"pinnacle,lowvig,betonlineag,draftkings,fanduel,betmgm,williamhill_us,fanatics,betrivers,espnbet",10
cfb,2024-10-09T02:30:00+00:00,forecast_decision,1,totals,"pinnacle,lowvig,betonlineag,draftkings,fanduel,betmgm,williamhill_us,fanatics,betrivers,espnbet",10
cfb,2024-10-09T23:25:00+00:00,pre_kickoff_close,1,totals,"pinnacle,lowvig,betonlineag,draftkings,fanduel,betmgm,williamhill_us,fanatics,betrivers,espnbet",10
cfb,2024-10-10T02:30:00+00:00,forecast_decision,2,totals,"pinnacle,lowvig,betonlineag,draftkings,fanduel,betmgm,williamhill_us,fanatics,betrivers,espnbet",10
cfb,2024-10-10T23:25:00+00:00,pre_kickoff_close,1,totals,"pinnacle,lowvig,betonlineag,draftkings,fanduel,betmgm,williamhill_us,fanatics,betrivers,espnbet",10
cfb,2024-10-10T23:55:00+00:00,pre_kickoff_close,1,totals,"pinnacle,lowvig,betonlineag,draftkings,fanduel,betmgm,williamhill_us,fanatics,betrivers,espnbet",10
cfb,2024-10-11T02:30:00+00:00,forecast_decision,3,totals,"pinnacle,lowvig,betonlineag,draftkings,fanduel,betmgm,williamhill_us,fanatics,betrivers,espnbet",10
cfb,2024-10-11T23:55:00+00:00,pre_kickoff_close,1,totals,"pinnacle,lowvig,betonlineag,draftkings,fanduel,betmgm,williamhill_us,fanatics,betrivers,espnbet",10
cfb,2024-10-12T00:55:00+00:00,pre_kickoff_close,1,totals,"pinnacle,lowvig,betonlineag,draftkings,fanduel,betmgm,williamhill_us,fanatics,betrivers,espnbet",10
cfb,2024-10-12T02:25:00+00:00,pre_kickoff_close,1,totals,"pinnacle,lowvig,betonlineag,draftkings,fanduel,betmgm,williamhill_us,fanatics,betrivers,espnbet",10
cfb,2024-10-12T02:30:00+00:00,forecast_decision,42,totals,"pinnacle,lowvig,betonlineag,draftkings,fanduel,betmgm,williamhill_us,fanatics,betrivers,espnbet",10
cfb,2024-10-12T15:55:00+00:00,pre_kickoff_close,9,totals,"pinnacle,lowvig,betonlineag,draftkings,fanduel,betmgm,williamhill_us,fanatics,betrivers,espnbet",10
cfb,2024-10-12T17:55:00+00:00,pre_kickoff_close,1,totals,"pinnacle,lowvig,betonlineag,draftkings,fanduel,betmgm,williamhill_us,fanatics,betrivers,espnbet",10
cfb,2024-10-12T19:25:00+00:00,pre_kickoff_close,11,totals,"pinnacle,lowvig,betonlineag,draftkings,fanduel,betmgm,williamhill_us,fanatics,betrivers,espnbet",10
cfb,2024-10-12T19:55:00+00:00,pre_kickoff_close,2,totals,"pinnacle,lowvig,betonlineag,draftkings,fanduel,betmgm,williamhill_us,fanatics,betrivers,espnbet",10
cfb,2024-10-12T20:10:00+00:00,pre_kickoff_close,1,totals,"pinnacle,lowvig,betonlineag,draftkings,fanduel,betmgm,williamhill_us,fanatics,betrivers,espnbet",10
cfb,2024-10-12T20:55:00+00:00,pre_kickoff_close,1,totals,"pinnacle,lowvig,betonlineag,draftkings,fanduel,betmgm,williamhill_us,fanatics,betrivers,espnbet",10
cfb,2024-10-12T22:55:00+00:00,pre_kickoff_close,6,totals,"pinnacle,lowvig,betonlineag,draftkings,fanduel,betmgm,williamhill_us,fanatics,betrivers,espnbet",10
cfb,2024-10-12T23:25:00+00:00,pre_kickoff_close,4,totals,"pinnacle,lowvig,betonlineag,draftkings,fanduel,betmgm,williamhill_us,fanatics,betrivers,espnbet",10
cfb,2024-10-12T23:40:00+00:00,pre_kickoff_close,1,totals,"pinnacle,lowvig,betonlineag,draftkings,fanduel,betmgm,williamhill_us,fanatics,betrivers,espnbet",10
cfb,2024-10-12T23:55:00+00:00,pre_kickoff_close,3,totals,"pinnacle,lowvig,betonlineag,draftkings,fanduel,betmgm,williamhill_us,fanatics,betrivers,espnbet",10
cfb,2024-10-13T00:55:00+00:00,pre_kickoff_close,1,totals,"pinnacle,lowvig,betonlineag,draftkings,fanduel,betmgm,williamhill_us,fanatics,betrivers,espnbet",10
cfb,2024-10-13T02:10:00+00:00,pre_kickoff_close,1,totals,"pinnacle,lowvig,betonlineag,draftkings,fanduel,betmgm,williamhill_us,fanatics,betrivers,espnbet",10
cfb,2024-10-13T02:55:00+00:00,pre_kickoff_close,1,totals,"pinnacle,lowvig,betonlineag,draftkings,fanduel,betmgm,williamhill_us,fanatics,betrivers,espnbet",10
cfb,2024-10-15T02:30:00+00:00,forecast_decision,3,totals,"pinnacle,lowvig,betonlineag,draftkings,fanduel,betmgm,williamhill_us,fanatics,betrivers,espnbet",10
cfb,2024-10-15T23:25:00+00:00,pre_kickoff_close,1,totals,"pinnacle,lowvig,betonlineag,draftkings,fanduel,betmgm,williamhill_us,fanatics,betrivers,espnbet",10
cfb,2024-10-15T23:55:00+00:00,pre_kickoff_close,1,totals,"pinnacle,lowvig,betonlineag,draftkings,fanduel,betmgm,williamhill_us,fanatics,betrivers,espnbet",10
cfb,2024-10-16T00:55:00+00:00,pre_kickoff_close,1,totals,"pinnacle,lowvig,betonlineag,draftkings,fanduel,betmgm,williamhill_us,fanatics,betrivers,espnbet",10
cfb,2024-10-16T02:30:00+00:00,forecast_decision,2,totals,"pinnacle,lowvig,betonlineag,draftkings,fanduel,betmgm,williamhill_us,fanatics,betrivers,espnbet",10
cfb,2024-10-16T22:55:00+00:00,pre_kickoff_close,1,totals,"pinnacle,lowvig,betonlineag,draftkings,fanduel,betmgm,williamhill_us,fanatics,betrivers,espnbet",10
cfb,2024-10-17T00:55:00+00:00,pre_kickoff_close,1,totals,"pinnacle,lowvig,betonlineag,draftkings,fanduel,betmgm,williamhill_us,fanatics,betrivers,espnbet",10
cfb,2024-10-17T02:30:00+00:00,forecast_decision,2,totals,"pinnacle,lowvig,betonlineag,draftkings,fanduel,betmgm,williamhill_us,fanatics,betrivers,espnbet",10
cfb,2024-10-17T22:55:00+00:00,pre_kickoff_close,1,totals,"pinnacle,lowvig,betonlineag,draftkings,fanduel,betmgm,williamhill_us,fanatics,betrivers,espnbet",10
cfb,2024-10-17T23:25:00+00:00,pre_kickoff_close,1,totals,"pinnacle,lowvig,betonlineag,draftkings,fanduel,betmgm,williamhill_us,fanatics,betrivers,espnbet",10
cfb,2024-10-18T02:30:00+00:00,forecast_decision,4,totals,"pinnacle,lowvig,betonlineag,draftkings,fanduel,betmgm,williamhill_us,fanatics,betrivers,espnbet",10
cfb,2024-10-18T22:55:00+00:00,pre_kickoff_close,1,totals,"pinnacle,lowvig,betonlineag,draftkings,fanduel,betmgm,williamhill_us,fanatics,betrivers,espnbet",10
cfb,2024-10-18T23:55:00+00:00,pre_kickoff_close,1,totals,"pinnacle,lowvig,betonlineag,draftkings,fanduel,betmgm,williamhill_us,fanatics,betrivers,espnbet",10
cfb,2024-10-19T02:10:00+00:00,pre_kickoff_close,1,totals,"pinnacle,lowvig,betonlineag,draftkings,fanduel,betmgm,williamhill_us,fanatics,betrivers,espnbet",10
cfb,2024-10-19T02:25:00+00:00,pre_kickoff_close,1,totals,"pinnacle,lowvig,betonlineag,draftkings,fanduel,betmgm,williamhill_us,fanatics,betrivers,espnbet",10
cfb,2024-10-19T02:30:00+00:00,forecast_decision,45,totals,"pinnacle,lowvig,betonlineag,draftkings,fanduel,betmgm,williamhill_us,fanatics,betrivers,espnbet",10
cfb,2024-10-19T15:55:00+00:00,pre_kickoff_close,10,totals,"pinnacle,lowvig,betonlineag,draftkings,fanduel,betmgm,williamhill_us,fanatics,betrivers,espnbet",10
cfb,2024-10-19T16:40:00+00:00,pre_kickoff_close,1,totals,"pinnacle,lowvig,betonlineag,draftkings,fanduel,betmgm,williamhill_us,fanatics,betrivers,espnbet",10
cfb,2024-10-19T17:55:00+00:00,pre_kickoff_close,2,totals,"pinnacle,lowvig,betonlineag,draftkings,fanduel,betmgm,williamhill_us,fanatics,betrivers,espnbet",10
cfb,2024-10-19T19:25:00+00:00,pre_kickoff_close,12,totals,"pinnacle,lowvig,betonlineag,draftkings,fanduel,betmgm,williamhill_us,fanatics,betrivers,espnbet",10
cfb,2024-10-19T19:55:00+00:00,pre_kickoff_close,6,totals,"pinnacle,lowvig,betonlineag,draftkings,fanduel,betmgm,williamhill_us,fanatics,betrivers,espnbet",10
cfb,2024-10-19T20:10:00+00:00,pre_kickoff_close,1,totals,"pinnacle,lowvig,betonlineag,draftkings,fanduel,betmgm,williamhill_us,fanatics,betrivers,espnbet",10
cfb,2024-10-19T22:55:00+00:00,pre_kickoff_close,3,totals,"pinnacle,lowvig,betonlineag,draftkings,fanduel,betmgm,williamhill_us,fanatics,betrivers,espnbet",10
cfb,2024-10-19T23:25:00+00:00,pre_kickoff_close,5,totals,"pinnacle,lowvig,betonlineag,draftkings,fanduel,betmgm,williamhill_us,fanatics,betrivers,espnbet",10
cfb,2024-10-19T23:40:00+00:00,pre_kickoff_close,1,totals,"pinnacle,lowvig,betonlineag,draftkings,fanduel,betmgm,williamhill_us,fanatics,betrivers,espnbet",10
cfb,2024-10-19T23:55:00+00:00,pre_kickoff_close,2,totals,"pinnacle,lowvig,betonlineag,draftkings,fanduel,betmgm,williamhill_us,fanatics,betrivers,espnbet",10
cfb,2024-10-20T01:55:00+00:00,pre_kickoff_close,1,totals,"pinnacle,lowvig,betonlineag,draftkings,fanduel,betmgm,williamhill_us,fanatics,betrivers,espnbet",10
cfb,2024-10-20T02:25:00+00:00,pre_kickoff_close,1,totals,"pinnacle,lowvig,betonlineag,draftkings,fanduel,betmgm,williamhill_us,fanatics,betrivers,espnbet",10
cfb,2024-10-22T02:30:00+00:00,forecast_decision,1,totals,"pinnacle,lowvig,betonlineag,draftkings,fanduel,betmgm,williamhill_us,fanatics,betrivers,espnbet",10
cfb,2024-10-22T23:25:00+00:00,pre_kickoff_close,1,totals,"pinnacle,lowvig,betonlineag,draftkings,fanduel,betmgm,williamhill_us,fanatics,betrivers,espnbet",10
cfb,2024-10-23T02:30:00+00:00,forecast_decision,2,totals,"pinnacle,lowvig,betonlineag,draftkings,fanduel,betmgm,williamhill_us,fanatics,betrivers,espnbet",10
cfb,2024-10-23T22:55:00+00:00,pre_kickoff_close,1,totals,"pinnacle,lowvig,betonlineag,draftkings,fanduel,betmgm,williamhill_us,fanatics,betrivers,espnbet",10
cfb,2024-10-23T23:25:00+00:00,pre_kickoff_close,1,totals,"pinnacle,lowvig,betonlineag,draftkings,fanduel,betmgm,williamhill_us,fanatics,betrivers,espnbet",10
cfb,2024-10-24T02:30:00+00:00,forecast_decision,2,totals,"pinnacle,lowvig,betonlineag,draftkings,fanduel,betmgm,williamhill_us,fanatics,betrivers,espnbet",10
cfb,2024-10-24T22:55:00+00:00,pre_kickoff_close,1,totals,"pinnacle,lowvig,betonlineag,draftkings,fanduel,betmgm,williamhill_us,fanatics,betrivers,espnbet",10
cfb,2024-10-24T23:25:00+00:00,pre_kickoff_close,1,totals,"pinnacle,lowvig,betonlineag,draftkings,fanduel,betmgm,williamhill_us,fanatics,betrivers,espnbet",10
cfb,2024-10-25T02:30:00+00:00,forecast_decision,2,totals,"pinnacle,lowvig,betonlineag,draftkings,fanduel,betmgm,williamhill_us,fanatics,betrivers,espnbet",10
cfb,2024-10-25T23:25:00+00:00,pre_kickoff_close,1,totals,"pinnacle,lowvig,betonlineag,draftkings,fanduel,betmgm,williamhill_us,fanatics,betrivers,espnbet",10
cfb,2024-10-26T02:30:00+00:00,forecast_decision,45,totals,"pinnacle,lowvig,betonlineag,draftkings,fanduel,betmgm,williamhill_us,fanatics,betrivers,espnbet",10
cfb,2024-10-26T02:55:00+00:00,pre_kickoff_close,1,totals,"pinnacle,lowvig,betonlineag,draftkings,fanduel,betmgm,williamhill_us,fanatics,betrivers,espnbet",10
cfb,2024-10-26T15:55:00+00:00,pre_kickoff_close,6,totals,"pinnacle,lowvig,betonlineag,draftkings,fanduel,betmgm,williamhill_us,fanatics,betrivers,espnbet",10
cfb,2024-10-26T16:40:00+00:00,pre_kickoff_close,1,totals,"pinnacle,lowvig,betonlineag,draftkings,fanduel,betmgm,williamhill_us,fanatics,betrivers,espnbet",10
cfb,2024-10-26T16:55:00+00:00,pre_kickoff_close,1,totals,"pinnacle,lowvig,betonlineag,draftkings,fanduel,betmgm,williamhill_us,fanatics,betrivers,espnbet",10
cfb,2024-10-26T17:55:00+00:00,pre_kickoff_close,2,totals,"pinnacle,lowvig,betonlineag,draftkings,fanduel,betmgm,williamhill_us,fanatics,betrivers,espnbet",10
cfb,2024-10-26T19:25:00+00:00,pre_kickoff_close,16,totals,"pinnacle,lowvig,betonlineag,draftkings,fanduel,betmgm,williamhill_us,fanatics,betrivers,espnbet",10
cfb,2024-10-26T19:55:00+00:00,pre_kickoff_close,1,totals,"pinnacle,lowvig,betonlineag,draftkings,fanduel,betmgm,williamhill_us,fanatics,betrivers,espnbet",10
cfb,2024-10-26T20:10:00+00:00,pre_kickoff_close,1,totals,"pinnacle,lowvig,betonlineag,draftkings,fanduel,betmgm,williamhill_us,fanatics,betrivers,espnbet",10
cfb,2024-10-26T20:55:00+00:00,pre_kickoff_close,2,totals,"pinnacle,lowvig,betonlineag,draftkings,fanduel,betmgm,williamhill_us,fanatics,betrivers,espnbet",10
cfb,2024-10-26T22:55:00+00:00,pre_kickoff_close,5,totals,"pinnacle,lowvig,betonlineag,draftkings,fanduel,betmgm,williamhill_us,fanatics,betrivers,espnbet",10
cfb,2024-10-26T23:25:00+00:00,pre_kickoff_close,3,totals,"pinnacle,lowvig,betonlineag,draftkings,fanduel,betmgm,williamhill_us,fanatics,betrivers,espnbet",10
cfb,2024-10-26T23:40:00+00:00,pre_kickoff_close,1,totals,"pinnacle,lowvig,betonlineag,draftkings,fanduel,betmgm,williamhill_us,fanatics,betrivers,espnbet",10
cfb,2024-10-26T23:55:00+00:00,pre_kickoff_close,3,totals,"pinnacle,lowvig,betonlineag,draftkings,fanduel,betmgm,williamhill_us,fanatics,betrivers,espnbet",10
cfb,2024-10-27T02:10:00+00:00,pre_kickoff_close,1,totals,"pinnacle,lowvig,betonlineag,draftkings,fanduel,betmgm,williamhill_us,fanatics,betrivers,espnbet",10
cfb,2024-10-27T02:25:00+00:00,pre_kickoff_close,1,totals,"pinnacle,lowvig,betonlineag,draftkings,fanduel,betmgm,williamhill_us,fanatics,betrivers,espnbet",10
cfb,2024-10-27T03:54:00+00:00,pre_kickoff_close,1,totals,"pinnacle,lowvig,betonlineag,draftkings,fanduel,betmgm,williamhill_us,fanatics,betrivers,espnbet",10
cfb,2024-10-29T02:30:00+00:00,forecast_decision,3,totals,"pinnacle,lowvig,betonlineag,draftkings,fanduel,betmgm,williamhill_us,fanatics,betrivers,espnbet",10
cfb,2024-10-29T22:55:00+00:00,pre_kickoff_close,1,totals,"pinnacle,lowvig,betonlineag,draftkings,fanduel,betmgm,williamhill_us,fanatics,betrivers,espnbet",10
cfb,2024-10-29T23:25:00+00:00,pre_kickoff_close,1,totals,"pinnacle,lowvig,betonlineag,draftkings,fanduel,betmgm,williamhill_us,fanatics,betrivers,espnbet",10
cfb,2024-10-29T23:55:00+00:00,pre_kickoff_close,1,totals,"pinnacle,lowvig,betonlineag,draftkings,fanduel,betmgm,williamhill_us,fanatics,betrivers,espnbet",10
cfb,2024-10-30T02:30:00+00:00,forecast_decision,2,totals,"pinnacle,lowvig,betonlineag,draftkings,fanduel,betmgm,williamhill_us,fanatics,betrivers,espnbet",10
cfb,2024-10-30T22:55:00+00:00,pre_kickoff_close,1,totals,"pinnacle,lowvig,betonlineag,draftkings,fanduel,betmgm,williamhill_us,fanatics,betrivers,espnbet",10
cfb,2024-10-30T23:25:00+00:00,pre_kickoff_close,1,totals,"pinnacle,lowvig,betonlineag,draftkings,fanduel,betmgm,williamhill_us,fanatics,betrivers,espnbet",10
cfb,2024-10-31T02:30:00+00:00,forecast_decision,1,totals,"pinnacle,lowvig,betonlineag,draftkings,fanduel,betmgm,williamhill_us,fanatics,betrivers,espnbet",10
cfb,2024-10-31T23:25:00+00:00,pre_kickoff_close,1,totals,"pinnacle,lowvig,betonlineag,draftkings,fanduel,betmgm,williamhill_us,fanatics,betrivers,espnbet",10
cfb,2024-11-01T02:30:00+00:00,forecast_decision,3,totals,"pinnacle,lowvig,betonlineag,draftkings,fanduel,betmgm,williamhill_us,fanatics,betrivers,espnbet",10
cfb,2024-11-01T22:55:00+00:00,pre_kickoff_close,1,totals,"pinnacle,lowvig,betonlineag,draftkings,fanduel,betmgm,williamhill_us,fanatics,betrivers,espnbet",10
cfb,2024-11-01T23:25:00+00:00,pre_kickoff_close,1,totals,"pinnacle,lowvig,betonlineag,draftkings,fanduel,betmgm,williamhill_us,fanatics,betrivers,espnbet",10
cfb,2024-11-01T23:55:00+00:00,pre_kickoff_close,1,totals,"pinnacle,lowvig,betonlineag,draftkings,fanduel,betmgm,williamhill_us,fanatics,betrivers,espnbet",10
cfb,2024-11-02T02:30:00+00:00,forecast_decision,37,totals,"pinnacle,lowvig,betonlineag,draftkings,fanduel,betmgm,williamhill_us,fanatics,betrivers,espnbet",10
cfb,2024-11-02T15:55:00+00:00,pre_kickoff_close,10,totals,"pinnacle,lowvig,betonlineag,draftkings,fanduel,betmgm,williamhill_us,fanatics,betrivers,espnbet",10
cfb,2024-11-02T16:40:00+00:00,pre_kickoff_close,1,totals,"pinnacle,lowvig,betonlineag,draftkings,fanduel,betmgm,williamhill_us,fanatics,betrivers,espnbet",10
cfb,2024-11-02T18:25:00+00:00,pre_kickoff_close,2,totals,"pinnacle,lowvig,betonlineag,draftkings,fanduel,betmgm,williamhill_us,fanatics,betrivers,espnbet",10
cfb,2024-11-02T19:25:00+00:00,pre_kickoff_close,10,totals,"pinnacle,lowvig,betonlineag,draftkings,fanduel,betmgm,williamhill_us,fanatics,betrivers,espnbet",10
cfb,2024-11-02T19:55:00+00:00,pre_kickoff_close,3,totals,"pinnacle,lowvig,betonlineag,draftkings,fanduel,betmgm,williamhill_us,fanatics,betrivers,espnbet",10
cfb,2024-11-02T20:10:00+00:00,pre_kickoff_close,1,totals,"pinnacle,lowvig,betonlineag,draftkings,fanduel,betmgm,williamhill_us,fanatics,betrivers,espnbet",10
cfb,2024-11-02T22:55:00+00:00,pre_kickoff_close,1,totals,"pinnacle,lowvig,betonlineag,draftkings,fanduel,betmgm,williamhill_us,fanatics,betrivers,espnbet",10
cfb,2024-11-02T23:25:00+00:00,pre_kickoff_close,5,totals,"pinnacle,lowvig,betonlineag,draftkings,fanduel,betmgm,williamhill_us,fanatics,betrivers,espnbet",10
cfb,2024-11-02T23:40:00+00:00,pre_kickoff_close,1,totals,"pinnacle,lowvig,betonlineag,draftkings,fanduel,betmgm,williamhill_us,fanatics,betrivers,espnbet",10
cfb,2024-11-02T23:55:00+00:00,pre_kickoff_close,3,totals,"pinnacle,lowvig,betonlineag,draftkings,fanduel,betmgm,williamhill_us,fanatics,betrivers,espnbet",10
cfb,2024-11-05T03:30:00+00:00,forecast_decision,2,totals,"pinnacle,lowvig,betonlineag,draftkings,fanduel,betmgm,williamhill_us,fanatics,betrivers,espnbet",10
cfb,2024-11-06T00:25:00+00:00,pre_kickoff_close,1,totals,"pinnacle,lowvig,betonlineag,draftkings,fanduel,betmgm,williamhill_us,fanatics,betrivers,espnbet",10
cfb,2024-11-06T00:55:00+00:00,pre_kickoff_close,1,totals,"pinnacle,lowvig,betonlineag,draftkings,fanduel,betmgm,williamhill_us,fanatics,betrivers,espnbet",10
cfb,2024-11-06T03:30:00+00:00,forecast_decision,2,totals,"pinnacle,lowvig,betonlineag,draftkings,fanduel,betmgm,williamhill_us,fanatics,betrivers,espnbet",10
cfb,2024-11-06T23:55:00+00:00,pre_kickoff_close,2,totals,"pinnacle,lowvig,betonlineag,draftkings,fanduel,betmgm,williamhill_us,fanatics,betrivers,espnbet",10
cfb,2024-11-07T03:30:00+00:00,forecast_decision,2,totals,"pinnacle,lowvig,betonlineag,draftkings,fanduel,betmgm,williamhill_us,fanatics,betrivers,espnbet",10
cfb,2024-11-08T00:55:00+00:00,pre_kickoff_close,2,totals,"pinnacle,lowvig,betonlineag,draftkings,fanduel,betmgm,williamhill_us,fanatics,betrivers,espnbet",10
cfb,2024-11-08T03:30:00+00:00,forecast_decision,4,totals,"pinnacle,lowvig,betonlineag,draftkings,fanduel,betmgm,williamhill_us,fanatics,betrivers,espnbet",10
cfb,2024-11-09T00:55:00+00:00,pre_kickoff_close,1,totals,"pinnacle,lowvig,betonlineag,draftkings,fanduel,betmgm,williamhill_us,fanatics,betrivers,espnbet",10
cfb,2024-11-09T01:55:00+00:00,pre_kickoff_close,2,totals,"pinnacle,lowvig,betonlineag,draftkings,fanduel,betmgm,williamhill_us,fanatics,betrivers,espnbet",10
cfb,2024-11-09T03:25:00+00:00,pre_kickoff_close,1,totals,"pinnacle,lowvig,betonlineag,draftkings,fanduel,betmgm,williamhill_us,fanatics,betrivers,espnbet",10
cfb,2024-11-09T03:30:00+00:00,forecast_decision,37,totals,"pinnacle,lowvig,betonlineag,draftkings,fanduel,betmgm,williamhill_us,fanatics,betrivers,espnbet",10
cfb,2024-11-09T16:55:00+00:00,pre_kickoff_close,8,totals,"pinnacle,lowvig,betonlineag,draftkings,fanduel,betmgm,williamhill_us,fanatics,betrivers,espnbet",10
cfb,2024-11-09T17:55:00+00:00,pre_kickoff_close,1,totals,"pinnacle,lowvig,betonlineag,draftkings,fanduel,betmgm,williamhill_us,fanatics,betrivers,espnbet",10
cfb,2024-11-09T19:25:00+00:00,pre_kickoff_close,1,totals,"pinnacle,lowvig,betonlineag,draftkings,fanduel,betmgm,williamhill_us,fanatics,betrivers,espnbet",10
cfb,2024-11-09T19:55:00+00:00,pre_kickoff_close,1,totals,"pinnacle,lowvig,betonlineag,draftkings,fanduel,betmgm,williamhill_us,fanatics,betrivers,espnbet",10
cfb,2024-11-09T20:25:00+00:00,pre_kickoff_close,6,totals,"pinnacle,lowvig,betonlineag,draftkings,fanduel,betmgm,williamhill_us,fanatics,betrivers,espnbet",10
cfb,2024-11-09T20:55:00+00:00,pre_kickoff_close,3,totals,"pinnacle,lowvig,betonlineag,draftkings,fanduel,betmgm,williamhill_us,fanatics,betrivers,espnbet",10
cfb,2024-11-09T21:10:00+00:00,pre_kickoff_close,1,totals,"pinnacle,lowvig,betonlineag,draftkings,fanduel,betmgm,williamhill_us,fanatics,betrivers,espnbet",10
cfb,2024-11-09T21:55:00+00:00,pre_kickoff_close,1,totals,"pinnacle,lowvig,betonlineag,draftkings,fanduel,betmgm,williamhill_us,fanatics,betrivers,espnbet",10
cfb,2024-11-09T22:55:00+00:00,pre_kickoff_close,1,totals,"pinnacle,lowvig,betonlineag,draftkings,fanduel,betmgm,williamhill_us,fanatics,betrivers,espnbet",10
cfb,2024-11-09T23:55:00+00:00,pre_kickoff_close,4,totals,"pinnacle,lowvig,betonlineag,draftkings,fanduel,betmgm,williamhill_us,fanatics,betrivers,espnbet",10
cfb,2024-11-10T00:25:00+00:00,pre_kickoff_close,2,totals,"pinnacle,lowvig,betonlineag,draftkings,fanduel,betmgm,williamhill_us,fanatics,betrivers,espnbet",10
cfb,2024-11-10T00:40:00+00:00,pre_kickoff_close,1,totals,"pinnacle,lowvig,betonlineag,draftkings,fanduel,betmgm,williamhill_us,fanatics,betrivers,espnbet",10
cfb,2024-11-10T00:55:00+00:00,pre_kickoff_close,3,totals,"pinnacle,lowvig,betonlineag,draftkings,fanduel,betmgm,williamhill_us,fanatics,betrivers,espnbet",10
cfb,2024-11-10T01:55:00+00:00,pre_kickoff_close,1,totals,"pinnacle,lowvig,betonlineag,draftkings,fanduel,betmgm,williamhill_us,fanatics,betrivers,espnbet",10
cfb,2024-11-10T02:40:00+00:00,pre_kickoff_close,1,totals,"pinnacle,lowvig,betonlineag,draftkings,fanduel,betmgm,williamhill_us,fanatics,betrivers,espnbet",10
cfb,2024-11-10T03:10:00+00:00,pre_kickoff_close,1,totals,"pinnacle,lowvig,betonlineag,draftkings,fanduel,betmgm,williamhill_us,fanatics,betrivers,espnbet",10
cfb,2024-11-10T03:25:00+00:00,pre_kickoff_close,1,totals,"pinnacle,lowvig,betonlineag,draftkings,fanduel,betmgm,williamhill_us,fanatics,betrivers,espnbet",10
cfb,2024-11-12T03:30:00+00:00,forecast_decision,3,totals,"pinnacle,lowvig,betonlineag,draftkings,fanduel,betmgm,williamhill_us,fanatics,betrivers,espnbet",10
cfb,2024-11-12T23:55:00+00:00,pre_kickoff_close,3,totals,"pinnacle,lowvig,betonlineag,draftkings,fanduel,betmgm,williamhill_us,fanatics,betrivers,espnbet",10
cfb,2024-11-13T03:30:00+00:00,forecast_decision,2,totals,"pinnacle,lowvig,betonlineag,draftkings,fanduel,betmgm,williamhill_us,fanatics,betrivers,espnbet",10
cfb,2024-11-13T23:55:00+00:00,pre_kickoff_close,2,totals,"pinnacle,lowvig,betonlineag,draftkings,fanduel,betmgm,williamhill_us,fanatics,betrivers,espnbet",10
cfb,2024-11-14T03:30:00+00:00,forecast_decision,1,totals,"pinnacle,lowvig,betonlineag,draftkings,fanduel,betmgm,williamhill_us,fanatics,betrivers,espnbet",10
cfb,2024-11-15T00:25:00+00:00,pre_kickoff_close,1,totals,"pinnacle,lowvig,betonlineag,draftkings,fanduel,betmgm,williamhill_us,fanatics,betrivers,espnbet",10
cfb,2024-11-15T03:30:00+00:00,forecast_decision,3,totals,"pinnacle,lowvig,betonlineag,draftkings,fanduel,betmgm,williamhill_us,fanatics,betrivers,espnbet",10
cfb,2024-11-16T00:55:00+00:00,pre_kickoff_close,1,totals,"pinnacle,lowvig,betonlineag,draftkings,fanduel,betmgm,williamhill_us,fanatics,betrivers,espnbet",10
cfb,2024-11-16T01:55:00+00:00,pre_kickoff_close,1,totals,"pinnacle,lowvig,betonlineag,draftkings,fanduel,betmgm,williamhill_us,fanatics,betrivers,espnbet",10
cfb,2024-11-16T03:10:00+00:00,pre_kickoff_close,1,totals,"pinnacle,lowvig,betonlineag,draftkings,fanduel,betmgm,williamhill_us,fanatics,betrivers,espnbet",10
cfb,2024-11-16T03:30:00+00:00,forecast_decision,42,totals,"pinnacle,lowvig,betonlineag,draftkings,fanduel,betmgm,williamhill_us,fanatics,betrivers,espnbet",10
cfb,2024-11-16T16:55:00+00:00,pre_kickoff_close,6,totals,"pinnacle,lowvig,betonlineag,draftkings,fanduel,betmgm,williamhill_us,fanatics,betrivers,espnbet",10
cfb,2024-11-16T17:40:00+00:00,pre_kickoff_close,1,totals,"pinnacle,lowvig,betonlineag,draftkings,fanduel,betmgm,williamhill_us,fanatics,betrivers,espnbet",10
cfb,2024-11-16T17:55:00+00:00,pre_kickoff_close,1,totals,"pinnacle,lowvig,betonlineag,draftkings,fanduel,betmgm,williamhill_us,fanatics,betrivers,espnbet",10
cfb,2024-11-16T18:25:00+00:00,pre_kickoff_close,1,totals,"pinnacle,lowvig,betonlineag,draftkings,fanduel,betmgm,williamhill_us,fanatics,betrivers,espnbet",10
cfb,2024-11-16T18:55:00+00:00,pre_kickoff_close,3,totals,"pinnacle,lowvig,betonlineag,draftkings,fanduel,betmgm,williamhill_us,fanatics,betrivers,espnbet",10
cfb,2024-11-16T19:25:00+00:00,pre_kickoff_close,1,totals,"pinnacle,lowvig,betonlineag,draftkings,fanduel,betmgm,williamhill_us,fanatics,betrivers,espnbet",10
cfb,2024-11-16T19:55:00+00:00,pre_kickoff_close,3,totals,"pinnacle,lowvig,betonlineag,draftkings,fanduel,betmgm,williamhill_us,fanatics,betrivers,espnbet",10
cfb,2024-11-16T20:25:00+00:00,pre_kickoff_close,7,totals,"pinnacle,lowvig,betonlineag,draftkings,fanduel,betmgm,williamhill_us,fanatics,betrivers,espnbet",10
cfb,2024-11-16T20:55:00+00:00,pre_kickoff_close,4,totals,"pinnacle,lowvig,betonlineag,draftkings,fanduel,betmgm,williamhill_us,fanatics,betrivers,espnbet",10
cfb,2024-11-16T21:10:00+00:00,pre_kickoff_close,1,totals,"pinnacle,lowvig,betonlineag,draftkings,fanduel,betmgm,williamhill_us,fanatics,betrivers,espnbet",10
cfb,2024-11-16T21:55:00+00:00,pre_kickoff_close,1,totals,"pinnacle,lowvig,betonlineag,draftkings,fanduel,betmgm,williamhill_us,fanatics,betrivers,espnbet",10
cfb,2024-11-16T22:55:00+00:00,pre_kickoff_close,1,totals,"pinnacle,lowvig,betonlineag,draftkings,fanduel,betmgm,williamhill_us,fanatics,betrivers,espnbet",10
cfb,2024-11-16T23:55:00+00:00,pre_kickoff_close,4,totals,"pinnacle,lowvig,betonlineag,draftkings,fanduel,betmgm,williamhill_us,fanatics,betrivers,espnbet",10
cfb,2024-11-17T00:25:00+00:00,pre_kickoff_close,2,totals,"pinnacle,lowvig,betonlineag,draftkings,fanduel,betmgm,williamhill_us,fanatics,betrivers,espnbet",10
cfb,2024-11-17T00:40:00+00:00,pre_kickoff_close,1,totals,"pinnacle,lowvig,betonlineag,draftkings,fanduel,betmgm,williamhill_us,fanatics,betrivers,espnbet",10
cfb,2024-11-17T00:55:00+00:00,pre_kickoff_close,3,totals,"pinnacle,lowvig,betonlineag,draftkings,fanduel,betmgm,williamhill_us,fanatics,betrivers,espnbet",10
cfb,2024-11-17T02:25:00+00:00,pre_kickoff_close,1,totals,"pinnacle,lowvig,betonlineag,draftkings,fanduel,betmgm,williamhill_us,fanatics,betrivers,espnbet",10
cfb,2024-11-17T03:10:00+00:00,pre_kickoff_close,1,totals,"pinnacle,lowvig,betonlineag,draftkings,fanduel,betmgm,williamhill_us,fanatics,betrivers,espnbet",10
cfb,2024-11-19T03:30:00+00:00,forecast_decision,3,totals,"pinnacle,lowvig,betonlineag,draftkings,fanduel,betmgm,williamhill_us,fanatics,betrivers,espnbet",10
cfb,2024-11-19T23:55:00+00:00,pre_kickoff_close,1,totals,"pinnacle,lowvig,betonlineag,draftkings,fanduel,betmgm,williamhill_us,fanatics,betrivers,espnbet",10
cfb,2024-11-20T00:25:00+00:00,pre_kickoff_close,1,totals,"pinnacle,lowvig,betonlineag,draftkings,fanduel,betmgm,williamhill_us,fanatics,betrivers,espnbet",10
cfb,2024-11-20T00:55:00+00:00,pre_kickoff_close,1,totals,"pinnacle,lowvig,betonlineag,draftkings,fanduel,betmgm,williamhill_us,fanatics,betrivers,espnbet",10
cfb,2024-11-20T03:30:00+00:00,forecast_decision,2,totals,"pinnacle,lowvig,betonlineag,draftkings,fanduel,betmgm,williamhill_us,fanatics,betrivers,espnbet",10
cfb,2024-11-20T23:55:00+00:00,pre_kickoff_close,2,totals,"pinnacle,lowvig,betonlineag,draftkings,fanduel,betmgm,williamhill_us,fanatics,betrivers,espnbet",10
cfb,2024-11-21T03:30:00+00:00,forecast_decision,1,totals,"pinnacle,lowvig,betonlineag,draftkings,fanduel,betmgm,williamhill_us,fanatics,betrivers,espnbet",10
cfb,2024-11-22T00:25:00+00:00,pre_kickoff_close,1,totals,"pinnacle,lowvig,betonlineag,draftkings,fanduel,betmgm,williamhill_us,fanatics,betrivers,espnbet",10
cfb,2024-11-22T03:30:00+00:00,forecast_decision,2,totals,"pinnacle,lowvig,betonlineag,draftkings,fanduel,betmgm,williamhill_us,fanatics,betrivers,espnbet",10
cfb,2024-11-23T00:55:00+00:00,pre_kickoff_close,1,totals,"pinnacle,lowvig,betonlineag,draftkings,fanduel,betmgm,williamhill_us,fanatics,betrivers,espnbet",10
cfb,2024-11-23T02:55:00+00:00,pre_kickoff_close,1,totals,"pinnacle,lowvig,betonlineag,draftkings,fanduel,betmgm,williamhill_us,fanatics,betrivers,espnbet",10
cfb,2024-11-23T03:30:00+00:00,forecast_decision,53,totals,"pinnacle,lowvig,betonlineag,draftkings,fanduel,betmgm,williamhill_us,fanatics,betrivers,espnbet",10
cfb,2024-11-23T16:55:00+00:00,pre_kickoff_close,8,totals,"pinnacle,lowvig,betonlineag,draftkings,fanduel,betmgm,williamhill_us,fanatics,betrivers,espnbet",10
cfb,2024-11-23T17:40:00+00:00,pre_kickoff_close,1,totals,"pinnacle,lowvig,betonlineag,draftkings,fanduel,betmgm,williamhill_us,fanatics,betrivers,espnbet",10
cfb,2024-11-23T17:55:00+00:00,pre_kickoff_close,2,totals,"pinnacle,lowvig,betonlineag,draftkings,fanduel,betmgm,williamhill_us,fanatics,betrivers,espnbet",10
cfb,2024-11-23T18:25:00+00:00,pre_kickoff_close,1,totals,"pinnacle,lowvig,betonlineag,draftkings,fanduel,betmgm,williamhill_us,fanatics,betrivers,espnbet",10
cfb,2024-11-23T18:55:00+00:00,pre_kickoff_close,2,totals,"pinnacle,lowvig,betonlineag,draftkings,fanduel,betmgm,williamhill_us,fanatics,betrivers,espnbet",10
cfb,2024-11-23T19:25:00+00:00,pre_kickoff_close,2,totals,"pinnacle,lowvig,betonlineag,draftkings,fanduel,betmgm,williamhill_us,fanatics,betrivers,espnbet",10
cfb,2024-11-23T19:55:00+00:00,pre_kickoff_close,5,totals,"pinnacle,lowvig,betonlineag,draftkings,fanduel,betmgm,williamhill_us,fanatics,betrivers,espnbet",10
cfb,2024-11-23T20:25:00+00:00,pre_kickoff_close,13,totals,"pinnacle,lowvig,betonlineag,draftkings,fanduel,betmgm,williamhill_us,fanatics,betrivers,espnbet",10
cfb,2024-11-23T20:55:00+00:00,pre_kickoff_close,3,totals,"pinnacle,lowvig,betonlineag,draftkings,fanduel,betmgm,williamhill_us,fanatics,betrivers,espnbet",10
cfb,2024-11-23T21:10:00+00:00,pre_kickoff_close,1,totals,"pinnacle,lowvig,betonlineag,draftkings,fanduel,betmgm,williamhill_us,fanatics,betrivers,espnbet",10
cfb,2024-11-23T21:55:00+00:00,pre_kickoff_close,1,totals,"pinnacle,lowvig,betonlineag,draftkings,fanduel,betmgm,williamhill_us,fanatics,betrivers,espnbet",10
cfb,2024-11-23T23:55:00+00:00,pre_kickoff_close,4,totals,"pinnacle,lowvig,betonlineag,draftkings,fanduel,betmgm,williamhill_us,fanatics,betrivers,espnbet",10
cfb,2024-11-24T00:25:00+00:00,pre_kickoff_close,4,totals,"pinnacle,lowvig,betonlineag,draftkings,fanduel,betmgm,williamhill_us,fanatics,betrivers,espnbet",10
cfb,2024-11-24T00:40:00+00:00,pre_kickoff_close,1,totals,"pinnacle,lowvig,betonlineag,draftkings,fanduel,betmgm,williamhill_us,fanatics,betrivers,espnbet",10
cfb,2024-11-24T00:55:00+00:00,pre_kickoff_close,2,totals,"pinnacle,lowvig,betonlineag,draftkings,fanduel,betmgm,williamhill_us,fanatics,betrivers,espnbet",10
cfb,2024-11-24T03:25:00+00:00,pre_kickoff_close,3,totals,"pinnacle,lowvig,betonlineag,draftkings,fanduel,betmgm,williamhill_us,fanatics,betrivers,espnbet",10
cfb,2024-11-26T03:30:00+00:00,forecast_decision,2,totals,"pinnacle,lowvig,betonlineag,draftkings,fanduel,betmgm,williamhill_us,fanatics,betrivers,espnbet",10
cfb,2024-11-26T23:55:00+00:00,pre_kickoff_close,2,totals,"pinnacle,lowvig,betonlineag,draftkings,fanduel,betmgm,williamhill_us,fanatics,betrivers,espnbet",10
cfb,2024-11-28T03:30:00+00:00,forecast_decision,1,totals,"pinnacle,lowvig,betonlineag,draftkings,fanduel,betmgm,williamhill_us,fanatics,betrivers,espnbet",10
cfb,2024-11-29T00:25:00+00:00,pre_kickoff_close,1,totals,"pinnacle,lowvig,betonlineag,draftkings,fanduel,betmgm,williamhill_us,fanatics,betrivers,espnbet",10
cfb,2024-11-29T03:30:00+00:00,forecast_decision,12,totals,"pinnacle,lowvig,betonlineag,draftkings,fanduel,betmgm,williamhill_us,fanatics,betrivers,espnbet",10
cfb,2024-11-29T16:55:00+00:00,pre_kickoff_close,5,totals,"pinnacle,lowvig,betonlineag,draftkings,fanduel,betmgm,williamhill_us,fanatics,betrivers,espnbet",10
cfb,2024-11-29T20:25:00+00:00,pre_kickoff_close,3,totals,"pinnacle,lowvig,betonlineag,draftkings,fanduel,betmgm,williamhill_us,fanatics,betrivers,espnbet",10
cfb,2024-11-29T20:55:00+00:00,pre_kickoff_close,1,totals,"pinnacle,lowvig,betonlineag,draftkings,fanduel,betmgm,williamhill_us,fanatics,betrivers,espnbet",10
cfb,2024-11-30T00:25:00+00:00,pre_kickoff_close,2,totals,"pinnacle,lowvig,betonlineag,draftkings,fanduel,betmgm,williamhill_us,fanatics,betrivers,espnbet",10
cfb,2024-11-30T00:55:00+00:00,pre_kickoff_close,1,totals,"pinnacle,lowvig,betonlineag,draftkings,fanduel,betmgm,williamhill_us,fanatics,betrivers,espnbet",10
cfb,2024-11-30T03:30:00+00:00,forecast_decision,46,totals,"pinnacle,lowvig,betonlineag,draftkings,fanduel,betmgm,williamhill_us,fanatics,betrivers,espnbet",10
cfb,2024-11-30T16:55:00+00:00,pre_kickoff_close,11,totals,"pinnacle,lowvig,betonlineag,draftkings,fanduel,betmgm,williamhill_us,fanatics,betrivers,espnbet",10
cfb,2024-11-30T18:25:00+00:00,pre_kickoff_close,1,totals,"pinnacle,lowvig,betonlineag,draftkings,fanduel,betmgm,williamhill_us,fanatics,betrivers,espnbet",10
cfb,2024-11-30T18:55:00+00:00,pre_kickoff_close,4,totals,"pinnacle,lowvig,betonlineag,draftkings,fanduel,betmgm,williamhill_us,fanatics,betrivers,espnbet",10
cfb,2024-11-30T19:55:00+00:00,pre_kickoff_close,2,totals,"pinnacle,lowvig,betonlineag,draftkings,fanduel,betmgm,williamhill_us,fanatics,betrivers,espnbet",10
cfb,2024-11-30T20:25:00+00:00,pre_kickoff_close,12,totals,"pinnacle,lowvig,betonlineag,draftkings,fanduel,betmgm,williamhill_us,fanatics,betrivers,espnbet",10
cfb,2024-11-30T20:55:00+00:00,pre_kickoff_close,2,totals,"pinnacle,lowvig,betonlineag,draftkings,fanduel,betmgm,williamhill_us,fanatics,betrivers,espnbet",10
cfb,2024-11-30T22:55:00+00:00,pre_kickoff_close,2,totals,"pinnacle,lowvig,betonlineag,draftkings,fanduel,betmgm,williamhill_us,fanatics,betrivers,espnbet",10
cfb,2024-11-30T23:25:00+00:00,pre_kickoff_close,1,totals,"pinnacle,lowvig,betonlineag,draftkings,fanduel,betmgm,williamhill_us,fanatics,betrivers,espnbet",10
cfb,2024-11-30T23:55:00+00:00,pre_kickoff_close,3,totals,"pinnacle,lowvig,betonlineag,draftkings,fanduel,betmgm,williamhill_us,fanatics,betrivers,espnbet",10
cfb,2024-12-01T00:25:00+00:00,pre_kickoff_close,3,totals,"pinnacle,lowvig,betonlineag,draftkings,fanduel,betmgm,williamhill_us,fanatics,betrivers,espnbet",10
cfb,2024-12-01T00:55:00+00:00,pre_kickoff_close,2,totals,"pinnacle,lowvig,betonlineag,draftkings,fanduel,betmgm,williamhill_us,fanatics,betrivers,espnbet",10
cfb,2024-12-01T03:10:00+00:00,pre_kickoff_close,1,totals,"pinnacle,lowvig,betonlineag,draftkings,fanduel,betmgm,williamhill_us,fanatics,betrivers,espnbet",10
cfb,2024-12-01T03:25:00+00:00,pre_kickoff_close,1,totals,"pinnacle,lowvig,betonlineag,draftkings,fanduel,betmgm,williamhill_us,fanatics,betrivers,espnbet",10
cfb,2024-12-01T03:55:00+00:00,pre_kickoff_close,1,totals,"pinnacle,lowvig,betonlineag,draftkings,fanduel,betmgm,williamhill_us,fanatics,betrivers,espnbet",10
cfb,2024-12-06T03:30:00+00:00,forecast_decision,3,totals,"pinnacle,lowvig,betonlineag,draftkings,fanduel,betmgm,williamhill_us,fanatics,betrivers,espnbet",10
cfb,2024-12-06T23:55:00+00:00,pre_kickoff_close,1,totals,"pinnacle,lowvig,betonlineag,draftkings,fanduel,betmgm,williamhill_us,fanatics,betrivers,espnbet",10
cfb,2024-12-07T00:55:00+00:00,pre_kickoff_close,2,totals,"pinnacle,lowvig,betonlineag,draftkings,fanduel,betmgm,williamhill_us,fanatics,betrivers,espnbet",10
cfb,2024-12-07T03:30:00+00:00,forecast_decision,1,totals,"pinnacle,lowvig,betonlineag,draftkings,fanduel,betmgm,williamhill_us,fanatics,betrivers,espnbet",10
cfb,2024-12-08T00:25:00+00:00,pre_kickoff_close,1,totals,"pinnacle,lowvig,betonlineag,draftkings,fanduel,betmgm,williamhill_us,fanatics,betrivers,espnbet",10
cfb,2024-12-18T03:30:00+00:00,forecast_decision,1,totals,"pinnacle,lowvig,betonlineag,draftkings,fanduel,betmgm,williamhill_us,fanatics,betrivers,espnbet",10
cfb,2024-12-18T22:25:00+00:00,pre_kickoff_close,1,totals,"pinnacle,lowvig,betonlineag,draftkings,fanduel,betmgm,williamhill_us,fanatics,betrivers,espnbet",10
cfb,2024-12-20T03:30:00+00:00,forecast_decision,2,totals,"pinnacle,lowvig,betonlineag,draftkings,fanduel,betmgm,williamhill_us,fanatics,betrivers,espnbet",10
cfb,2024-12-20T20:25:00+00:00,pre_kickoff_close,1,totals,"pinnacle,lowvig,betonlineag,draftkings,fanduel,betmgm,williamhill_us,fanatics,betrivers,espnbet",10
cfb,2024-12-21T00:55:00+00:00,pre_kickoff_close,1,totals,"pinnacle,lowvig,betonlineag,draftkings,fanduel,betmgm,williamhill_us,fanatics,betrivers,espnbet",10
cfb,2024-12-21T03:30:00+00:00,forecast_decision,3,totals,"pinnacle,lowvig,betonlineag,draftkings,fanduel,betmgm,williamhill_us,fanatics,betrivers,espnbet",10
cfb,2024-12-21T16:55:00+00:00,pre_kickoff_close,1,totals,"pinnacle,lowvig,betonlineag,draftkings,fanduel,betmgm,williamhill_us,fanatics,betrivers,espnbet",10
cfb,2024-12-21T20:55:00+00:00,pre_kickoff_close,1,totals,"pinnacle,lowvig,betonlineag,draftkings,fanduel,betmgm,williamhill_us,fanatics,betrivers,espnbet",10
cfb,2024-12-22T00:55:00+00:00,pre_kickoff_close,1,totals,"pinnacle,lowvig,betonlineag,draftkings,fanduel,betmgm,williamhill_us,fanatics,betrivers,espnbet",10
cfb,2024-12-23T03:30:00+00:00,forecast_decision,2,totals,"pinnacle,lowvig,betonlineag,draftkings,fanduel,betmgm,williamhill_us,fanatics,betrivers,espnbet",10
cfb,2024-12-23T15:55:00+00:00,pre_kickoff_close,1,totals,"pinnacle,lowvig,betonlineag,draftkings,fanduel,betmgm,williamhill_us,fanatics,betrivers,espnbet",10
cfb,2024-12-23T19:25:00+00:00,pre_kickoff_close,1,totals,"pinnacle,lowvig,betonlineag,draftkings,fanduel,betmgm,williamhill_us,fanatics,betrivers,espnbet",10
cfb,2024-12-24T03:30:00+00:00,forecast_decision,1,totals,"pinnacle,lowvig,betonlineag,draftkings,fanduel,betmgm,williamhill_us,fanatics,betrivers,espnbet",10
cfb,2024-12-25T00:55:00+00:00,pre_kickoff_close,1,totals,"pinnacle,lowvig,betonlineag,draftkings,fanduel,betmgm,williamhill_us,fanatics,betrivers,espnbet",10
cfb,2024-12-26T03:30:00+00:00,forecast_decision,1,totals,"pinnacle,lowvig,betonlineag,draftkings,fanduel,betmgm,williamhill_us,fanatics,betrivers,espnbet",10
cfb,2024-12-27T01:55:00+00:00,pre_kickoff_close,1,totals,"pinnacle,lowvig,betonlineag,draftkings,fanduel,betmgm,williamhill_us,fanatics,betrivers,espnbet",10
cfb,2024-12-27T03:30:00+00:00,forecast_decision,4,totals,"pinnacle,lowvig,betonlineag,draftkings,fanduel,betmgm,williamhill_us,fanatics,betrivers,espnbet",10
cfb,2024-12-27T16:55:00+00:00,pre_kickoff_close,1,totals,"pinnacle,lowvig,betonlineag,draftkings,fanduel,betmgm,williamhill_us,fanatics,betrivers,espnbet",10
cfb,2024-12-27T20:25:00+00:00,pre_kickoff_close,1,totals,"pinnacle,lowvig,betonlineag,draftkings,fanduel,betmgm,williamhill_us,fanatics,betrivers,espnbet",10
cfb,2024-12-27T23:55:00+00:00,pre_kickoff_close,1,totals,"pinnacle,lowvig,betonlineag,draftkings,fanduel,betmgm,williamhill_us,fanatics,betrivers,espnbet",10
cfb,2024-12-28T00:55:00+00:00,pre_kickoff_close,1,totals,"pinnacle,lowvig,betonlineag,draftkings,fanduel,betmgm,williamhill_us,fanatics,betrivers,espnbet",10
cfb,2024-12-28T03:30:00+00:00,forecast_decision,3,totals,"pinnacle,lowvig,betonlineag,draftkings,fanduel,betmgm,williamhill_us,fanatics,betrivers,espnbet",10
cfb,2024-12-28T19:10:00+00:00,pre_kickoff_close,1,totals,"pinnacle,lowvig,betonlineag,draftkings,fanduel,betmgm,williamhill_us,fanatics,betrivers,espnbet",10
cfb,2024-12-28T21:25:00+00:00,pre_kickoff_close,1,totals,"pinnacle,lowvig,betonlineag,draftkings,fanduel,betmgm,williamhill_us,fanatics,betrivers,espnbet",10
cfb,2024-12-28T22:40:00+00:00,pre_kickoff_close,1,totals,"pinnacle,lowvig,betonlineag,draftkings,fanduel,betmgm,williamhill_us,fanatics,betrivers,espnbet",10
cfb,2024-12-30T03:30:00+00:00,forecast_decision,1,totals,"pinnacle,lowvig,betonlineag,draftkings,fanduel,betmgm,williamhill_us,fanatics,betrivers,espnbet",10
cfb,2024-12-30T19:25:00+00:00,pre_kickoff_close,1,totals,"pinnacle,lowvig,betonlineag,draftkings,fanduel,betmgm,williamhill_us,fanatics,betrivers,espnbet",10
cfb,2024-12-31T03:30:00+00:00,forecast_decision,2,totals,"pinnacle,lowvig,betonlineag,draftkings,fanduel,betmgm,williamhill_us,fanatics,betrivers,espnbet",10
cfb,2024-12-31T16:55:00+00:00,pre_kickoff_close,1,totals,"pinnacle,lowvig,betonlineag,draftkings,fanduel,betmgm,williamhill_us,fanatics,betrivers,espnbet",10
cfb,2024-12-31T18:55:00+00:00,pre_kickoff_close,1,totals,"pinnacle,lowvig,betonlineag,draftkings,fanduel,betmgm,williamhill_us,fanatics,betrivers,espnbet",10
cfb,2025-01-01T03:30:00+00:00,forecast_decision,1,totals,"pinnacle,lowvig,betonlineag,draftkings,fanduel,betmgm,williamhill_us,fanatics,betrivers,espnbet",10
cfb,2025-01-01T21:55:00+00:00,pre_kickoff_close,1,totals,"pinnacle,lowvig,betonlineag,draftkings,fanduel,betmgm,williamhill_us,fanatics,betrivers,espnbet",10
cfb,2025-01-03T03:30:00+00:00,forecast_decision,1,totals,"pinnacle,lowvig,betonlineag,draftkings,fanduel,betmgm,williamhill_us,fanatics,betrivers,espnbet",10
cfb,2025-01-03T20:55:00+00:00,pre_kickoff_close,1,totals,"pinnacle,lowvig,betonlineag,draftkings,fanduel,betmgm,williamhill_us,fanatics,betrivers,espnbet",10
cfb,2025-01-09T03:30:00+00:00,forecast_decision,1,totals,"pinnacle,lowvig,betonlineag,draftkings,fanduel,betmgm,williamhill_us,fanatics,betrivers,espnbet",10
cfb,2025-01-10T00:25:00+00:00,pre_kickoff_close,1,totals,"pinnacle,lowvig,betonlineag,draftkings,fanduel,betmgm,williamhill_us,fanatics,betrivers,espnbet",10
cfb,2025-08-23T02:30:00+00:00,forecast_decision,3,totals,"pinnacle,lowvig,betonlineag,draftkings,fanduel,betmgm,williamhill_us,fanatics,betrivers,espnbet",10
cfb,2025-08-23T22:25:00+00:00,pre_kickoff_close,1,totals,"pinnacle,lowvig,betonlineag,draftkings,fanduel,betmgm,williamhill_us,fanatics,betrivers,espnbet",10
cfb,2025-08-23T22:55:00+00:00,pre_kickoff_close,1,totals,"pinnacle,lowvig,betonlineag,draftkings,fanduel,betmgm,williamhill_us,fanatics,betrivers,espnbet",10
cfb,2025-08-23T23:25:00+00:00,pre_kickoff_close,1,totals,"pinnacle,lowvig,betonlineag,draftkings,fanduel,betmgm,williamhill_us,fanatics,betrivers,espnbet",10
cfb,2025-08-28T02:30:00+00:00,forecast_decision,16,totals,"pinnacle,lowvig,betonlineag,draftkings,fanduel,betmgm,williamhill_us,fanatics,betrivers,espnbet",10
cfb,2025-08-28T21:25:00+00:00,pre_kickoff_close,1,totals,"pinnacle,lowvig,betonlineag,draftkings,fanduel,betmgm,williamhill_us,fanatics,betrivers,espnbet",10
cfb,2025-08-28T21:55:00+00:00,pre_kickoff_close,2,totals,"pinnacle,lowvig,betonlineag,draftkings,fanduel,betmgm,williamhill_us,fanatics,betrivers,espnbet",10
cfb,2025-08-28T22:55:00+00:00,pre_kickoff_close,5,totals,"pinnacle,lowvig,betonlineag,draftkings,fanduel,betmgm,williamhill_us,fanatics,betrivers,espnbet",10
cfb,2025-08-28T23:25:00+00:00,pre_kickoff_close,3,totals,"pinnacle,lowvig,betonlineag,draftkings,fanduel,betmgm,williamhill_us,fanatics,betrivers,espnbet",10
cfb,2025-08-28T23:55:00+00:00,pre_kickoff_close,2,totals,"pinnacle,lowvig,betonlineag,draftkings,fanduel,betmgm,williamhill_us,fanatics,betrivers,espnbet",10
cfb,2025-08-29T00:25:00+00:00,pre_kickoff_close,1,totals,"pinnacle,lowvig,betonlineag,draftkings,fanduel,betmgm,williamhill_us,fanatics,betrivers,espnbet",10
cfb,2025-08-29T00:55:00+00:00,pre_kickoff_close,1,totals,"pinnacle,lowvig,betonlineag,draftkings,fanduel,betmgm,williamhill_us,fanatics,betrivers,espnbet",10
cfb,2025-08-29T01:55:00+00:00,pre_kickoff_close,1,totals,"pinnacle,lowvig,betonlineag,draftkings,fanduel,betmgm,williamhill_us,fanatics,betrivers,espnbet",10
cfb,2025-08-29T02:30:00+00:00,forecast_decision,10,totals,"pinnacle,lowvig,betonlineag,draftkings,fanduel,betmgm,williamhill_us,fanatics,betrivers,espnbet",10
cfb,2025-08-29T21:55:00+00:00,pre_kickoff_close,1,totals,"pinnacle,lowvig,betonlineag,draftkings,fanduel,betmgm,williamhill_us,fanatics,betrivers,espnbet",10
cfb,2025-08-29T22:55:00+00:00,pre_kickoff_close,3,totals,"pinnacle,lowvig,betonlineag,draftkings,fanduel,betmgm,williamhill_us,fanatics,betrivers,espnbet",10
cfb,2025-08-29T23:25:00+00:00,pre_kickoff_close,2,totals,"pinnacle,lowvig,betonlineag,draftkings,fanduel,betmgm,williamhill_us,fanatics,betrivers,espnbet",10
cfb,2025-08-29T23:55:00+00:00,pre_kickoff_close,2,totals,"pinnacle,lowvig,betonlineag,draftkings,fanduel,betmgm,williamhill_us,fanatics,betrivers,espnbet",10
cfb,2025-08-30T01:25:00+00:00,pre_kickoff_close,1,totals,"pinnacle,lowvig,betonlineag,draftkings,fanduel,betmgm,williamhill_us,fanatics,betrivers,espnbet",10
cfb,2025-08-30T02:25:00+00:00,pre_kickoff_close,1,totals,"pinnacle,lowvig,betonlineag,draftkings,fanduel,betmgm,williamhill_us,fanatics,betrivers,espnbet",10
cfb,2025-08-30T02:30:00+00:00,forecast_decision,57,totals,"pinnacle,lowvig,betonlineag,draftkings,fanduel,betmgm,williamhill_us,fanatics,betrivers,espnbet",10
cfb,2025-08-30T15:55:00+00:00,pre_kickoff_close,8,totals,"pinnacle,lowvig,betonlineag,draftkings,fanduel,betmgm,williamhill_us,fanatics,betrivers,espnbet",10
cfb,2025-08-30T16:40:00+00:00,pre_kickoff_close,1,totals,"pinnacle,lowvig,betonlineag,draftkings,fanduel,betmgm,williamhill_us,fanatics,betrivers,espnbet",10
cfb,2025-08-30T17:55:00+00:00,pre_kickoff_close,3,totals,"pinnacle,lowvig,betonlineag,draftkings,fanduel,betmgm,williamhill_us,fanatics,betrivers,espnbet",10
cfb,2025-08-30T18:25:00+00:00,pre_kickoff_close,1,totals,"pinnacle,lowvig,betonlineag,draftkings,fanduel,betmgm,williamhill_us,fanatics,betrivers,espnbet",10
cfb,2025-08-30T18:55:00+00:00,pre_kickoff_close,1,totals,"pinnacle,lowvig,betonlineag,draftkings,fanduel,betmgm,williamhill_us,fanatics,betrivers,espnbet",10
cfb,2025-08-30T19:25:00+00:00,pre_kickoff_close,7,totals,"pinnacle,lowvig,betonlineag,draftkings,fanduel,betmgm,williamhill_us,fanatics,betrivers,espnbet",10
cfb,2025-08-30T19:55:00+00:00,pre_kickoff_close,2,totals,"pinnacle,lowvig,betonlineag,draftkings,fanduel,betmgm,williamhill_us,fanatics,betrivers,espnbet",10
cfb,2025-08-30T20:10:00+00:00,pre_kickoff_close,1,totals,"pinnacle,lowvig,betonlineag,draftkings,fanduel,betmgm,williamhill_us,fanatics,betrivers,espnbet",10
cfb,2025-08-30T20:25:00+00:00,pre_kickoff_close,1,totals,"pinnacle,lowvig,betonlineag,draftkings,fanduel,betmgm,williamhill_us,fanatics,betrivers,espnbet",10
cfb,2025-08-30T21:55:00+00:00,pre_kickoff_close,4,totals,"pinnacle,lowvig,betonlineag,draftkings,fanduel,betmgm,williamhill_us,fanatics,betrivers,espnbet",10
cfb,2025-08-30T22:55:00+00:00,pre_kickoff_close,9,totals,"pinnacle,lowvig,betonlineag,draftkings,fanduel,betmgm,williamhill_us,fanatics,betrivers,espnbet",10
cfb,2025-08-30T23:25:00+00:00,pre_kickoff_close,5,totals,"pinnacle,lowvig,betonlineag,draftkings,fanduel,betmgm,williamhill_us,fanatics,betrivers,espnbet",10
cfb,2025-08-30T23:55:00+00:00,pre_kickoff_close,5,totals,"pinnacle,lowvig,betonlineag,draftkings,fanduel,betmgm,williamhill_us,fanatics,betrivers,espnbet",10
cfb,2025-08-31T00:55:00+00:00,pre_kickoff_close,2,totals,"pinnacle,lowvig,betonlineag,draftkings,fanduel,betmgm,williamhill_us,fanatics,betrivers,espnbet",10
cfb,2025-08-31T01:25:00+00:00,pre_kickoff_close,1,totals,"pinnacle,lowvig,betonlineag,draftkings,fanduel,betmgm,williamhill_us,fanatics,betrivers,espnbet",10
cfb,2025-08-31T01:55:00+00:00,pre_kickoff_close,2,totals,"pinnacle,lowvig,betonlineag,draftkings,fanduel,betmgm,williamhill_us,fanatics,betrivers,espnbet",10
cfb,2025-08-31T02:25:00+00:00,pre_kickoff_close,2,totals,"pinnacle,lowvig,betonlineag,draftkings,fanduel,betmgm,williamhill_us,fanatics,betrivers,espnbet",10
cfb,2025-08-31T02:30:00+00:00,forecast_decision,1,totals,"pinnacle,lowvig,betonlineag,draftkings,fanduel,betmgm,williamhill_us,fanatics,betrivers,espnbet",10
cfb,2025-08-31T02:55:00+00:00,pre_kickoff_close,2,totals,"pinnacle,lowvig,betonlineag,draftkings,fanduel,betmgm,williamhill_us,fanatics,betrivers,espnbet",10
cfb,2025-08-31T23:25:00+00:00,pre_kickoff_close,1,totals,"pinnacle,lowvig,betonlineag,draftkings,fanduel,betmgm,williamhill_us,fanatics,betrivers,espnbet",10
cfb,2025-09-01T02:30:00+00:00,forecast_decision,1,totals,"pinnacle,lowvig,betonlineag,draftkings,fanduel,betmgm,williamhill_us,fanatics,betrivers,espnbet",10
cfb,2025-09-01T23:55:00+00:00,pre_kickoff_close,1,totals,"pinnacle,lowvig,betonlineag,draftkings,fanduel,betmgm,williamhill_us,fanatics,betrivers,espnbet",10
cfb,2025-09-05T02:30:00+00:00,forecast_decision,4,totals,"pinnacle,lowvig,betonlineag,draftkings,fanduel,betmgm,williamhill_us,fanatics,betrivers,espnbet",10
cfb,2025-09-05T22:55:00+00:00,pre_kickoff_close,1,totals,"pinnacle,lowvig,betonlineag,draftkings,fanduel,betmgm,williamhill_us,fanatics,betrivers,espnbet",10
cfb,2025-09-05T23:25:00+00:00,pre_kickoff_close,2,totals,"pinnacle,lowvig,betonlineag,draftkings,fanduel,betmgm,williamhill_us,fanatics,betrivers,espnbet",10
cfb,2025-09-06T00:55:00+00:00,pre_kickoff_close,1,totals,"pinnacle,lowvig,betonlineag,draftkings,fanduel,betmgm,williamhill_us,fanatics,betrivers,espnbet",10
cfb,2025-09-06T02:30:00+00:00,forecast_decision,74,totals,"pinnacle,lowvig,betonlineag,draftkings,fanduel,betmgm,williamhill_us,fanatics,betrivers,espnbet",10
cfb,2025-09-06T15:55:00+00:00,pre_kickoff_close,12,totals,"pinnacle,lowvig,betonlineag,draftkings,fanduel,betmgm,williamhill_us,fanatics,betrivers,espnbet",10
cfb,2025-09-06T16:40:00+00:00,pre_kickoff_close,1,totals,"pinnacle,lowvig,betonlineag,draftkings,fanduel,betmgm,williamhill_us,fanatics,betrivers,espnbet",10
cfb,2025-09-06T17:55:00+00:00,pre_kickoff_close,2,totals,"pinnacle,lowvig,betonlineag,draftkings,fanduel,betmgm,williamhill_us,fanatics,betrivers,espnbet",10
cfb,2025-09-06T18:55:00+00:00,pre_kickoff_close,1,totals,"pinnacle,lowvig,betonlineag,draftkings,fanduel,betmgm,williamhill_us,fanatics,betrivers,espnbet",10
cfb,2025-09-06T19:25:00+00:00,pre_kickoff_close,17,totals,"pinnacle,lowvig,betonlineag,draftkings,fanduel,betmgm,williamhill_us,fanatics,betrivers,espnbet",10
cfb,2025-09-06T19:55:00+00:00,pre_kickoff_close,2,totals,"pinnacle,lowvig,betonlineag,draftkings,fanduel,betmgm,williamhill_us,fanatics,betrivers,espnbet",10
cfb,2025-09-06T20:10:00+00:00,pre_kickoff_close,1,totals,"pinnacle,lowvig,betonlineag,draftkings,fanduel,betmgm,williamhill_us,fanatics,betrivers,espnbet",10
cfb,2025-09-06T20:55:00+00:00,pre_kickoff_close,2,totals,"pinnacle,lowvig,betonlineag,draftkings,fanduel,betmgm,williamhill_us,fanatics,betrivers,espnbet",10
cfb,2025-09-06T21:55:00+00:00,pre_kickoff_close,6,totals,"pinnacle,lowvig,betonlineag,draftkings,fanduel,betmgm,williamhill_us,fanatics,betrivers,espnbet",10
cfb,2025-09-06T22:55:00+00:00,pre_kickoff_close,11,totals,"pinnacle,lowvig,betonlineag,draftkings,fanduel,betmgm,williamhill_us,fanatics,betrivers,espnbet",10
cfb,2025-09-06T23:25:00+00:00,pre_kickoff_close,10,totals,"pinnacle,lowvig,betonlineag,draftkings,fanduel,betmgm,williamhill_us,fanatics,betrivers,espnbet",10
cfb,2025-09-06T23:40:00+00:00,pre_kickoff_close,1,totals,"pinnacle,lowvig,betonlineag,draftkings,fanduel,betmgm,williamhill_us,fanatics,betrivers,espnbet",10
cfb,2025-09-06T23:55:00+00:00,pre_kickoff_close,1,totals,"pinnacle,lowvig,betonlineag,draftkings,fanduel,betmgm,williamhill_us,fanatics,betrivers,espnbet",10
cfb,2025-09-07T00:55:00+00:00,pre_kickoff_close,2,totals,"pinnacle,lowvig,betonlineag,draftkings,fanduel,betmgm,williamhill_us,fanatics,betrivers,espnbet",10
cfb,2025-09-07T01:55:00+00:00,pre_kickoff_close,1,totals,"pinnacle,lowvig,betonlineag,draftkings,fanduel,betmgm,williamhill_us,fanatics,betrivers,espnbet",10
cfb,2025-09-07T02:10:00+00:00,pre_kickoff_close,2,totals,"pinnacle,lowvig,betonlineag,draftkings,fanduel,betmgm,williamhill_us,fanatics,betrivers,espnbet",10
cfb,2025-09-07T02:55:00+00:00,pre_kickoff_close,1,totals,"pinnacle,lowvig,betonlineag,draftkings,fanduel,betmgm,williamhill_us,fanatics,betrivers,espnbet",10
cfb,2025-09-07T03:54:00+00:00,pre_kickoff_close,1,totals,"pinnacle,lowvig,betonlineag,draftkings,fanduel,betmgm,williamhill_us,fanatics,betrivers,espnbet",10
cfb,2025-09-11T02:30:00+00:00,forecast_decision,1,totals,"pinnacle,lowvig,betonlineag,draftkings,fanduel,betmgm,williamhill_us,fanatics,betrivers,espnbet",10
cfb,2025-09-11T23:25:00+00:00,pre_kickoff_close,1,totals,"pinnacle,lowvig,betonlineag,draftkings,fanduel,betmgm,williamhill_us,fanatics,betrivers,espnbet",10
cfb,2025-09-12T02:30:00+00:00,forecast_decision,4,totals,"pinnacle,lowvig,betonlineag,draftkings,fanduel,betmgm,williamhill_us,fanatics,betrivers,espnbet",10
cfb,2025-09-12T22:25:00+00:00,pre_kickoff_close,1,totals,"pinnacle,lowvig,betonlineag,draftkings,fanduel,betmgm,williamhill_us,fanatics,betrivers,espnbet",10
cfb,2025-09-12T23:25:00+00:00,pre_kickoff_close,1,totals,"pinnacle,lowvig,betonlineag,draftkings,fanduel,betmgm,williamhill_us,fanatics,betrivers,espnbet",10
cfb,2025-09-13T00:55:00+00:00,pre_kickoff_close,1,totals,"pinnacle,lowvig,betonlineag,draftkings,fanduel,betmgm,williamhill_us,fanatics,betrivers,espnbet",10
cfb,2025-09-13T01:55:00+00:00,pre_kickoff_close,1,totals,"pinnacle,lowvig,betonlineag,draftkings,fanduel,betmgm,williamhill_us,fanatics,betrivers,espnbet",10
cfb,2025-09-13T02:30:00+00:00,forecast_decision,61,totals,"pinnacle,lowvig,betonlineag,draftkings,fanduel,betmgm,williamhill_us,fanatics,betrivers,espnbet",10
cfb,2025-09-13T15:55:00+00:00,pre_kickoff_close,11,totals,"pinnacle,lowvig,betonlineag,draftkings,fanduel,betmgm,williamhill_us,fanatics,betrivers,espnbet",10
cfb,2025-09-13T16:40:00+00:00,pre_kickoff_close,1,totals,"pinnacle,lowvig,betonlineag,draftkings,fanduel,betmgm,williamhill_us,fanatics,betrivers,espnbet",10
cfb,2025-09-13T16:55:00+00:00,pre_kickoff_close,1,totals,"pinnacle,lowvig,betonlineag,draftkings,fanduel,betmgm,williamhill_us,fanatics,betrivers,espnbet",10
cfb,2025-09-13T17:55:00+00:00,pre_kickoff_close,1,totals,"pinnacle,lowvig,betonlineag,draftkings,fanduel,betmgm,williamhill_us,fanatics,betrivers,espnbet",10
cfb,2025-09-13T18:55:00+00:00,pre_kickoff_close,1,totals,"pinnacle,lowvig,betonlineag,draftkings,fanduel,betmgm,williamhill_us,fanatics,betrivers,espnbet",10
cfb,2025-09-13T19:25:00+00:00,pre_kickoff_close,12,totals,"pinnacle,lowvig,betonlineag,draftkings,fanduel,betmgm,williamhill_us,fanatics,betrivers,espnbet",10
cfb,2025-09-13T19:55:00+00:00,pre_kickoff_close,1,totals,"pinnacle,lowvig,betonlineag,draftkings,fanduel,betmgm,williamhill_us,fanatics,betrivers,espnbet",10
cfb,2025-09-13T20:10:00+00:00,pre_kickoff_close,1,totals,"pinnacle,lowvig,betonlineag,draftkings,fanduel,betmgm,williamhill_us,fanatics,betrivers,espnbet",10
cfb,2025-09-13T20:25:00+00:00,pre_kickoff_close,1,totals,"pinnacle,lowvig,betonlineag,draftkings,fanduel,betmgm,williamhill_us,fanatics,betrivers,espnbet",10
cfb,2025-09-13T20:55:00+00:00,pre_kickoff_close,2,totals,"pinnacle,lowvig,betonlineag,draftkings,fanduel,betmgm,williamhill_us,fanatics,betrivers,espnbet",10
cfb,2025-09-13T21:55:00+00:00,pre_kickoff_close,5,totals,"pinnacle,lowvig,betonlineag,draftkings,fanduel,betmgm,williamhill_us,fanatics,betrivers,espnbet",10
cfb,2025-09-13T22:55:00+00:00,pre_kickoff_close,7,totals,"pinnacle,lowvig,betonlineag,draftkings,fanduel,betmgm,williamhill_us,fanatics,betrivers,espnbet",10
cfb,2025-09-13T23:25:00+00:00,pre_kickoff_close,5,totals,"pinnacle,lowvig,betonlineag,draftkings,fanduel,betmgm,williamhill_us,fanatics,betrivers,espnbet",10
cfb,2025-09-13T23:40:00+00:00,pre_kickoff_close,1,totals,"pinnacle,lowvig,betonlineag,draftkings,fanduel,betmgm,williamhill_us,fanatics,betrivers,espnbet",10
cfb,2025-09-13T23:55:00+00:00,pre_kickoff_close,4,totals,"pinnacle,lowvig,betonlineag,draftkings,fanduel,betmgm,williamhill_us,fanatics,betrivers,espnbet",10
cfb,2025-09-14T00:25:00+00:00,pre_kickoff_close,1,totals,"pinnacle,lowvig,betonlineag,draftkings,fanduel,betmgm,williamhill_us,fanatics,betrivers,espnbet",10
cfb,2025-09-14T01:40:00+00:00,pre_kickoff_close,1,totals,"pinnacle,lowvig,betonlineag,draftkings,fanduel,betmgm,williamhill_us,fanatics,betrivers,espnbet",10
cfb,2025-09-14T01:55:00+00:00,pre_kickoff_close,1,totals,"pinnacle,lowvig,betonlineag,draftkings,fanduel,betmgm,williamhill_us,fanatics,betrivers,espnbet",10
cfb,2025-09-14T02:25:00+00:00,pre_kickoff_close,3,totals,"pinnacle,lowvig,betonlineag,draftkings,fanduel,betmgm,williamhill_us,fanatics,betrivers,espnbet",10
cfb,2025-09-14T03:54:00+00:00,pre_kickoff_close,1,totals,"pinnacle,lowvig,betonlineag,draftkings,fanduel,betmgm,williamhill_us,fanatics,betrivers,espnbet",10
cfb,2025-09-18T02:30:00+00:00,forecast_decision,1,totals,"pinnacle,lowvig,betonlineag,draftkings,fanduel,betmgm,williamhill_us,fanatics,betrivers,espnbet",10
cfb,2025-09-18T23:25:00+00:00,pre_kickoff_close,1,totals,"pinnacle,lowvig,betonlineag,draftkings,fanduel,betmgm,williamhill_us,fanatics,betrivers,espnbet",10
cfb,2025-09-19T02:30:00+00:00,forecast_decision,2,totals,"pinnacle,lowvig,betonlineag,draftkings,fanduel,betmgm,williamhill_us,fanatics,betrivers,espnbet",10
cfb,2025-09-19T23:25:00+00:00,pre_kickoff_close,1,totals,"pinnacle,lowvig,betonlineag,draftkings,fanduel,betmgm,williamhill_us,fanatics,betrivers,espnbet",10
cfb,2025-09-19T23:55:00+00:00,pre_kickoff_close,1,totals,"pinnacle,lowvig,betonlineag,draftkings,fanduel,betmgm,williamhill_us,fanatics,betrivers,espnbet",10
cfb,2025-09-20T02:30:00+00:00,forecast_decision,56,totals,"pinnacle,lowvig,betonlineag,draftkings,fanduel,betmgm,williamhill_us,fanatics,betrivers,espnbet",10
cfb,2025-09-20T15:55:00+00:00,pre_kickoff_close,10,totals,"pinnacle,lowvig,betonlineag,draftkings,fanduel,betmgm,williamhill_us,fanatics,betrivers,espnbet",10
cfb,2025-09-20T16:40:00+00:00,pre_kickoff_close,1,totals,"pinnacle,lowvig,betonlineag,draftkings,fanduel,betmgm,williamhill_us,fanatics,betrivers,espnbet",10
cfb,2025-09-20T16:55:00+00:00,pre_kickoff_close,1,totals,"pinnacle,lowvig,betonlineag,draftkings,fanduel,betmgm,williamhill_us,fanatics,betrivers,espnbet",10
cfb,2025-09-20T18:55:00+00:00,pre_kickoff_close,1,totals,"pinnacle,lowvig,betonlineag,draftkings,fanduel,betmgm,williamhill_us,fanatics,betrivers,espnbet",10
cfb,2025-09-20T19:25:00+00:00,pre_kickoff_close,10,totals,"pinnacle,lowvig,betonlineag,draftkings,fanduel,betmgm,williamhill_us,fanatics,betrivers,espnbet",10
cfb,2025-09-20T19:55:00+00:00,pre_kickoff_close,1,totals,"pinnacle,lowvig,betonlineag,draftkings,fanduel,betmgm,williamhill_us,fanatics,betrivers,espnbet",10
cfb,2025-09-20T20:10:00+00:00,pre_kickoff_close,1,totals,"pinnacle,lowvig,betonlineag,draftkings,fanduel,betmgm,williamhill_us,fanatics,betrivers,espnbet",10
cfb,2025-09-20T20:25:00+00:00,pre_kickoff_close,1,totals,"pinnacle,lowvig,betonlineag,draftkings,fanduel,betmgm,williamhill_us,fanatics,betrivers,espnbet",10
cfb,2025-09-20T20:55:00+00:00,pre_kickoff_close,1,totals,"pinnacle,lowvig,betonlineag,draftkings,fanduel,betmgm,williamhill_us,fanatics,betrivers,espnbet",10
cfb,2025-09-20T21:55:00+00:00,pre_kickoff_close,4,totals,"pinnacle,lowvig,betonlineag,draftkings,fanduel,betmgm,williamhill_us,fanatics,betrivers,espnbet",10
cfb,2025-09-20T22:55:00+00:00,pre_kickoff_close,8,totals,"pinnacle,lowvig,betonlineag,draftkings,fanduel,betmgm,williamhill_us,fanatics,betrivers,espnbet",10
cfb,2025-09-20T23:25:00+00:00,pre_kickoff_close,7,totals,"pinnacle,lowvig,betonlineag,draftkings,fanduel,betmgm,williamhill_us,fanatics,betrivers,espnbet",10
cfb,2025-09-20T23:40:00+00:00,pre_kickoff_close,1,totals,"pinnacle,lowvig,betonlineag,draftkings,fanduel,betmgm,williamhill_us,fanatics,betrivers,espnbet",10
cfb,2025-09-20T23:55:00+00:00,pre_kickoff_close,3,totals,"pinnacle,lowvig,betonlineag,draftkings,fanduel,betmgm,williamhill_us,fanatics,betrivers,espnbet",10
cfb,2025-09-21T00:55:00+00:00,pre_kickoff_close,1,totals,"pinnacle,lowvig,betonlineag,draftkings,fanduel,betmgm,williamhill_us,fanatics,betrivers,espnbet",10
cfb,2025-09-21T01:25:00+00:00,pre_kickoff_close,1,totals,"pinnacle,lowvig,betonlineag,draftkings,fanduel,betmgm,williamhill_us,fanatics,betrivers,espnbet",10
cfb,2025-09-21T02:10:00+00:00,pre_kickoff_close,1,totals,"pinnacle,lowvig,betonlineag,draftkings,fanduel,betmgm,williamhill_us,fanatics,betrivers,espnbet",10
cfb,2025-09-21T02:25:00+00:00,pre_kickoff_close,1,totals,"pinnacle,lowvig,betonlineag,draftkings,fanduel,betmgm,williamhill_us,fanatics,betrivers,espnbet",10
cfb,2025-09-21T02:55:00+00:00,pre_kickoff_close,1,totals,"pinnacle,lowvig,betonlineag,draftkings,fanduel,betmgm,williamhill_us,fanatics,betrivers,espnbet",10
cfb,2025-09-21T03:54:00+00:00,pre_kickoff_close,1,totals,"pinnacle,lowvig,betonlineag,draftkings,fanduel,betmgm,williamhill_us,fanatics,betrivers,espnbet",10
cfb,2025-09-25T02:30:00+00:00,forecast_decision,1,totals,"pinnacle,lowvig,betonlineag,draftkings,fanduel,betmgm,williamhill_us,fanatics,betrivers,espnbet",10
cfb,2025-09-25T23:25:00+00:00,pre_kickoff_close,1,totals,"pinnacle,lowvig,betonlineag,draftkings,fanduel,betmgm,williamhill_us,fanatics,betrivers,espnbet",10
cfb,2025-09-26T02:30:00+00:00,forecast_decision,3,totals,"pinnacle,lowvig,betonlineag,draftkings,fanduel,betmgm,williamhill_us,fanatics,betrivers,espnbet",10
cfb,2025-09-26T22:55:00+00:00,pre_kickoff_close,1,totals,"pinnacle,lowvig,betonlineag,draftkings,fanduel,betmgm,williamhill_us,fanatics,betrivers,espnbet",10
cfb,2025-09-27T00:55:00+00:00,pre_kickoff_close,1,totals,"pinnacle,lowvig,betonlineag,draftkings,fanduel,betmgm,williamhill_us,fanatics,betrivers,espnbet",10
cfb,2025-09-27T02:25:00+00:00,pre_kickoff_close,1,totals,"pinnacle,lowvig,betonlineag,draftkings,fanduel,betmgm,williamhill_us,fanatics,betrivers,espnbet",10
cfb,2025-09-27T02:30:00+00:00,forecast_decision,46,totals,"pinnacle,lowvig,betonlineag,draftkings,fanduel,betmgm,williamhill_us,fanatics,betrivers,espnbet",10
cfb,2025-09-27T15:55:00+00:00,pre_kickoff_close,8,totals,"pinnacle,lowvig,betonlineag,draftkings,fanduel,betmgm,williamhill_us,fanatics,betrivers,espnbet",10
cfb,2025-09-27T16:40:00+00:00,pre_kickoff_close,1,totals,"pinnacle,lowvig,betonlineag,draftkings,fanduel,betmgm,williamhill_us,fanatics,betrivers,espnbet",10
cfb,2025-09-27T16:55:00+00:00,pre_kickoff_close,1,totals,"pinnacle,lowvig,betonlineag,draftkings,fanduel,betmgm,williamhill_us,fanatics,betrivers,espnbet",10
cfb,2025-09-27T17:25:00+00:00,pre_kickoff_close,1,totals,"pinnacle,lowvig,betonlineag,draftkings,fanduel,betmgm,williamhill_us,fanatics,betrivers,espnbet",10
cfb,2025-09-27T18:55:00+00:00,pre_kickoff_close,1,totals,"pinnacle,lowvig,betonlineag,draftkings,fanduel,betmgm,williamhill_us,fanatics,betrivers,espnbet",10
cfb,2025-09-27T19:25:00+00:00,pre_kickoff_close,12,totals,"pinnacle,lowvig,betonlineag,draftkings,fanduel,betmgm,williamhill_us,fanatics,betrivers,espnbet",10
cfb,2025-09-27T19:55:00+00:00,pre_kickoff_close,3,totals,"pinnacle,lowvig,betonlineag,draftkings,fanduel,betmgm,williamhill_us,fanatics,betrivers,espnbet",10
cfb,2025-09-27T20:10:00+00:00,pre_kickoff_close,1,totals,"pinnacle,lowvig,betonlineag,draftkings,fanduel,betmgm,williamhill_us,fanatics,betrivers,espnbet",10
cfb,2025-09-27T21:55:00+00:00,pre_kickoff_close,2,totals,"pinnacle,lowvig,betonlineag,draftkings,fanduel,betmgm,williamhill_us,fanatics,betrivers,espnbet",10
cfb,2025-09-27T22:25:00+00:00,pre_kickoff_close,1,totals,"pinnacle,lowvig,betonlineag,draftkings,fanduel,betmgm,williamhill_us,fanatics,betrivers,espnbet",10
cfb,2025-09-27T22:55:00+00:00,pre_kickoff_close,5,totals,"pinnacle,lowvig,betonlineag,draftkings,fanduel,betmgm,williamhill_us,fanatics,betrivers,espnbet",10
cfb,2025-09-27T23:25:00+00:00,pre_kickoff_close,6,totals,"pinnacle,lowvig,betonlineag,draftkings,fanduel,betmgm,williamhill_us,fanatics,betrivers,espnbet",10
cfb,2025-09-27T23:40:00+00:00,pre_kickoff_close,1,totals,"pinnacle,lowvig,betonlineag,draftkings,fanduel,betmgm,williamhill_us,fanatics,betrivers,espnbet",10
cfb,2025-09-27T23:55:00+00:00,pre_kickoff_close,1,totals,"pinnacle,lowvig,betonlineag,draftkings,fanduel,betmgm,williamhill_us,fanatics,betrivers,espnbet",10
cfb,2025-09-28T00:55:00+00:00,pre_kickoff_close,1,totals,"pinnacle,lowvig,betonlineag,draftkings,fanduel,betmgm,williamhill_us,fanatics,betrivers,espnbet",10
cfb,2025-09-28T02:10:00+00:00,pre_kickoff_close,1,totals,"pinnacle,lowvig,betonlineag,draftkings,fanduel,betmgm,williamhill_us,fanatics,betrivers,espnbet",10
cfb,2025-10-02T02:30:00+00:00,forecast_decision,1,totals,"pinnacle,lowvig,betonlineag,draftkings,fanduel,betmgm,williamhill_us,fanatics,betrivers,espnbet",10
cfb,2025-10-03T00:55:00+00:00,pre_kickoff_close,1,totals,"pinnacle,lowvig,betonlineag,draftkings,fanduel,betmgm,williamhill_us,fanatics,betrivers,espnbet",10
cfb,2025-10-03T02:30:00+00:00,forecast_decision,5,totals,"pinnacle,lowvig,betonlineag,draftkings,fanduel,betmgm,williamhill_us,fanatics,betrivers,espnbet",10
cfb,2025-10-03T22:55:00+00:00,pre_kickoff_close,2,totals,"pinnacle,lowvig,betonlineag,draftkings,fanduel,betmgm,williamhill_us,fanatics,betrivers,espnbet",10
cfb,2025-10-04T01:55:00+00:00,pre_kickoff_close,1,totals,"pinnacle,lowvig,betonlineag,draftkings,fanduel,betmgm,williamhill_us,fanatics,betrivers,espnbet",10
cfb,2025-10-04T02:25:00+00:00,pre_kickoff_close,2,totals,"pinnacle,lowvig,betonlineag,draftkings,fanduel,betmgm,williamhill_us,fanatics,betrivers,espnbet",10
cfb,2025-10-04T02:30:00+00:00,forecast_decision,45,totals,"pinnacle,lowvig,betonlineag,draftkings,fanduel,betmgm,williamhill_us,fanatics,betrivers,espnbet",10
cfb,2025-10-04T15:55:00+00:00,pre_kickoff_close,10,totals,"pinnacle,lowvig,betonlineag,draftkings,fanduel,betmgm,williamhill_us,fanatics,betrivers,espnbet",10
cfb,2025-10-04T16:55:00+00:00,pre_kickoff_close,2,totals,"pinnacle,lowvig,betonlineag,draftkings,fanduel,betmgm,williamhill_us,fanatics,betrivers,espnbet",10
cfb,2025-10-04T17:55:00+00:00,pre_kickoff_close,1,totals,"pinnacle,lowvig,betonlineag,draftkings,fanduel,betmgm,williamhill_us,fanatics,betrivers,espnbet",10
cfb,2025-10-04T18:25:00+00:00,pre_kickoff_close,1,totals,"pinnacle,lowvig,betonlineag,draftkings,fanduel,betmgm,williamhill_us,fanatics,betrivers,espnbet",10
cfb,2025-10-04T18:55:00+00:00,pre_kickoff_close,1,totals,"pinnacle,lowvig,betonlineag,draftkings,fanduel,betmgm,williamhill_us,fanatics,betrivers,espnbet",10
cfb,2025-10-04T19:25:00+00:00,pre_kickoff_close,14,totals,"pinnacle,lowvig,betonlineag,draftkings,fanduel,betmgm,williamhill_us,fanatics,betrivers,espnbet",10
cfb,2025-10-04T19:55:00+00:00,pre_kickoff_close,3,totals,"pinnacle,lowvig,betonlineag,draftkings,fanduel,betmgm,williamhill_us,fanatics,betrivers,espnbet",10
cfb,2025-10-04T21:55:00+00:00,pre_kickoff_close,1,totals,"pinnacle,lowvig,betonlineag,draftkings,fanduel,betmgm,williamhill_us,fanatics,betrivers,espnbet",10
cfb,2025-10-04T22:55:00+00:00,pre_kickoff_close,4,totals,"pinnacle,lowvig,betonlineag,draftkings,fanduel,betmgm,williamhill_us,fanatics,betrivers,espnbet",10
cfb,2025-10-04T23:25:00+00:00,pre_kickoff_close,5,totals,"pinnacle,lowvig,betonlineag,draftkings,fanduel,betmgm,williamhill_us,fanatics,betrivers,espnbet",10
cfb,2025-10-04T23:55:00+00:00,pre_kickoff_close,1,totals,"pinnacle,lowvig,betonlineag,draftkings,fanduel,betmgm,williamhill_us,fanatics,betrivers,espnbet",10
cfb,2025-10-05T02:25:00+00:00,pre_kickoff_close,2,totals,"pinnacle,lowvig,betonlineag,draftkings,fanduel,betmgm,williamhill_us,fanatics,betrivers,espnbet",10
cfb,2025-10-08T02:30:00+00:00,forecast_decision,2,totals,"pinnacle,lowvig,betonlineag,draftkings,fanduel,betmgm,williamhill_us,fanatics,betrivers,espnbet",10
cfb,2025-10-08T23:25:00+00:00,pre_kickoff_close,1,totals,"pinnacle,lowvig,betonlineag,draftkings,fanduel,betmgm,williamhill_us,fanatics,betrivers,espnbet",10
cfb,2025-10-08T23:55:00+00:00,pre_kickoff_close,1,totals,"pinnacle,lowvig,betonlineag,draftkings,fanduel,betmgm,williamhill_us,fanatics,betrivers,espnbet",10
cfb,2025-10-09T02:30:00+00:00,forecast_decision,4,totals,"pinnacle,lowvig,betonlineag,draftkings,fanduel,betmgm,williamhill_us,fanatics,betrivers,espnbet",10
cfb,2025-10-09T22:55:00+00:00,pre_kickoff_close,1,totals,"pinnacle,lowvig,betonlineag,draftkings,fanduel,betmgm,williamhill_us,fanatics,betrivers,espnbet",10
cfb,2025-10-09T23:25:00+00:00,pre_kickoff_close,1,totals,"pinnacle,lowvig,betonlineag,draftkings,fanduel,betmgm,williamhill_us,fanatics,betrivers,espnbet",10
cfb,2025-10-09T23:55:00+00:00,pre_kickoff_close,2,totals,"pinnacle,lowvig,betonlineag,draftkings,fanduel,betmgm,williamhill_us,fanatics,betrivers,espnbet",10
cfb,2025-10-10T02:30:00+00:00,forecast_decision,3,totals,"pinnacle,lowvig,betonlineag,draftkings,fanduel,betmgm,williamhill_us,fanatics,betrivers,espnbet",10
cfb,2025-10-10T23:25:00+00:00,pre_kickoff_close,1,totals,"pinnacle,lowvig,betonlineag,draftkings,fanduel,betmgm,williamhill_us,fanatics,betrivers,espnbet",10
cfb,2025-10-11T00:55:00+00:00,pre_kickoff_close,2,totals,"pinnacle,lowvig,betonlineag,draftkings,fanduel,betmgm,williamhill_us,fanatics,betrivers,espnbet",10
cfb,2025-10-11T02:30:00+00:00,forecast_decision,43,totals,"pinnacle,lowvig,betonlineag,draftkings,fanduel,betmgm,williamhill_us,fanatics,betrivers,espnbet",10
cfb,2025-10-11T15:55:00+00:00,pre_kickoff_close,11,totals,"pinnacle,lowvig,betonlineag,draftkings,fanduel,betmgm,williamhill_us,fanatics,betrivers,espnbet",10
cfb,2025-10-11T16:55:00+00:00,pre_kickoff_close,1,totals,"pinnacle,lowvig,betonlineag,draftkings,fanduel,betmgm,williamhill_us,fanatics,betrivers,espnbet",10
cfb,2025-10-11T18:25:00+00:00,pre_kickoff_close,1,totals,"pinnacle,lowvig,betonlineag,draftkings,fanduel,betmgm,williamhill_us,fanatics,betrivers,espnbet",10
cfb,2025-10-11T19:25:00+00:00,pre_kickoff_close,11,totals,"pinnacle,lowvig,betonlineag,draftkings,fanduel,betmgm,williamhill_us,fanatics,betrivers,espnbet",10
cfb,2025-10-11T19:55:00+00:00,pre_kickoff_close,1,totals,"pinnacle,lowvig,betonlineag,draftkings,fanduel,betmgm,williamhill_us,fanatics,betrivers,espnbet",10
cfb,2025-10-11T20:10:00+00:00,pre_kickoff_close,1,totals,"pinnacle,lowvig,betonlineag,draftkings,fanduel,betmgm,williamhill_us,fanatics,betrivers,espnbet",10
cfb,2025-10-11T21:55:00+00:00,pre_kickoff_close,1,totals,"pinnacle,lowvig,betonlineag,draftkings,fanduel,betmgm,williamhill_us,fanatics,betrivers,espnbet",10
cfb,2025-10-11T22:55:00+00:00,pre_kickoff_close,4,totals,"pinnacle,lowvig,betonlineag,draftkings,fanduel,betmgm,williamhill_us,fanatics,betrivers,espnbet",10
cfb,2025-10-11T23:25:00+00:00,pre_kickoff_close,5,totals,"pinnacle,lowvig,betonlineag,draftkings,fanduel,betmgm,williamhill_us,fanatics,betrivers,espnbet",10
cfb,2025-10-11T23:40:00+00:00,pre_kickoff_close,1,totals,"pinnacle,lowvig,betonlineag,draftkings,fanduel,betmgm,williamhill_us,fanatics,betrivers,espnbet",10
cfb,2025-10-11T23:55:00+00:00,pre_kickoff_close,2,totals,"pinnacle,lowvig,betonlineag,draftkings,fanduel,betmgm,williamhill_us,fanatics,betrivers,espnbet",10
cfb,2025-10-12T01:40:00+00:00,pre_kickoff_close,1,totals,"pinnacle,lowvig,betonlineag,draftkings,fanduel,betmgm,williamhill_us,fanatics,betrivers,espnbet",10
cfb,2025-10-12T02:10:00+00:00,pre_kickoff_close,1,totals,"pinnacle,lowvig,betonlineag,draftkings,fanduel,betmgm,williamhill_us,fanatics,betrivers,espnbet",10
cfb,2025-10-12T02:25:00+00:00,pre_kickoff_close,1,totals,"pinnacle,lowvig,betonlineag,draftkings,fanduel,betmgm,williamhill_us,fanatics,betrivers,espnbet",10
cfb,2025-10-12T03:54:00+00:00,pre_kickoff_close,1,totals,"pinnacle,lowvig,betonlineag,draftkings,fanduel,betmgm,williamhill_us,fanatics,betrivers,espnbet",10
cfb,2025-10-14T02:30:00+00:00,forecast_decision,3,totals,"pinnacle,lowvig,betonlineag,draftkings,fanduel,betmgm,williamhill_us,fanatics,betrivers,espnbet",10
cfb,2025-10-14T22:55:00+00:00,pre_kickoff_close,1,totals,"pinnacle,lowvig,betonlineag,draftkings,fanduel,betmgm,williamhill_us,fanatics,betrivers,espnbet",10
cfb,2025-10-14T23:25:00+00:00,pre_kickoff_close,1,totals,"pinnacle,lowvig,betonlineag,draftkings,fanduel,betmgm,williamhill_us,fanatics,betrivers,espnbet",10
cfb,2025-10-14T23:55:00+00:00,pre_kickoff_close,1,totals,"pinnacle,lowvig,betonlineag,draftkings,fanduel,betmgm,williamhill_us,fanatics,betrivers,espnbet",10
cfb,2025-10-15T02:30:00+00:00,forecast_decision,2,totals,"pinnacle,lowvig,betonlineag,draftkings,fanduel,betmgm,williamhill_us,fanatics,betrivers,espnbet",10
cfb,2025-10-15T22:55:00+00:00,pre_kickoff_close,2,totals,"pinnacle,lowvig,betonlineag,draftkings,fanduel,betmgm,williamhill_us,fanatics,betrivers,espnbet",10
cfb,2025-10-16T02:30:00+00:00,forecast_decision,1,totals,"pinnacle,lowvig,betonlineag,draftkings,fanduel,betmgm,williamhill_us,fanatics,betrivers,espnbet",10
cfb,2025-10-16T23:25:00+00:00,pre_kickoff_close,1,totals,"pinnacle,lowvig,betonlineag,draftkings,fanduel,betmgm,williamhill_us,fanatics,betrivers,espnbet",10
cfb,2025-10-17T02:30:00+00:00,forecast_decision,4,totals,"pinnacle,lowvig,betonlineag,draftkings,fanduel,betmgm,williamhill_us,fanatics,betrivers,espnbet",10
cfb,2025-10-17T22:55:00+00:00,pre_kickoff_close,1,totals,"pinnacle,lowvig,betonlineag,draftkings,fanduel,betmgm,williamhill_us,fanatics,betrivers,espnbet",10
cfb,2025-10-17T23:55:00+00:00,pre_kickoff_close,1,totals,"pinnacle,lowvig,betonlineag,draftkings,fanduel,betmgm,williamhill_us,fanatics,betrivers,espnbet",10
cfb,2025-10-18T00:55:00+00:00,pre_kickoff_close,1,totals,"pinnacle,lowvig,betonlineag,draftkings,fanduel,betmgm,williamhill_us,fanatics,betrivers,espnbet",10
cfb,2025-10-18T02:25:00+00:00,pre_kickoff_close,1,totals,"pinnacle,lowvig,betonlineag,draftkings,fanduel,betmgm,williamhill_us,fanatics,betrivers,espnbet",10
cfb,2025-10-18T02:30:00+00:00,forecast_decision,48,totals,"pinnacle,lowvig,betonlineag,draftkings,fanduel,betmgm,williamhill_us,fanatics,betrivers,espnbet",10
cfb,2025-10-18T15:55:00+00:00,pre_kickoff_close,9,totals,"pinnacle,lowvig,betonlineag,draftkings,fanduel,betmgm,williamhill_us,fanatics,betrivers,espnbet",10
cfb,2025-10-18T16:40:00+00:00,pre_kickoff_close,1,totals,"pinnacle,lowvig,betonlineag,draftkings,fanduel,betmgm,williamhill_us,fanatics,betrivers,espnbet",10
cfb,2025-10-18T16:55:00+00:00,pre_kickoff_close,1,totals,"pinnacle,lowvig,betonlineag,draftkings,fanduel,betmgm,williamhill_us,fanatics,betrivers,espnbet",10
cfb,2025-10-18T17:55:00+00:00,pre_kickoff_close,1,totals,"pinnacle,lowvig,betonlineag,draftkings,fanduel,betmgm,williamhill_us,fanatics,betrivers,espnbet",10
cfb,2025-10-18T18:25:00+00:00,pre_kickoff_close,1,totals,"pinnacle,lowvig,betonlineag,draftkings,fanduel,betmgm,williamhill_us,fanatics,betrivers,espnbet",10
cfb,2025-10-18T18:55:00+00:00,pre_kickoff_close,2,totals,"pinnacle,lowvig,betonlineag,draftkings,fanduel,betmgm,williamhill_us,fanatics,betrivers,espnbet",10
cfb,2025-10-18T19:25:00+00:00,pre_kickoff_close,13,totals,"pinnacle,lowvig,betonlineag,draftkings,fanduel,betmgm,williamhill_us,fanatics,betrivers,espnbet",10
cfb,2025-10-18T19:55:00+00:00,pre_kickoff_close,2,totals,"pinnacle,lowvig,betonlineag,draftkings,fanduel,betmgm,williamhill_us,fanatics,betrivers,espnbet",10
cfb,2025-10-18T20:10:00+00:00,pre_kickoff_close,1,totals,"pinnacle,lowvig,betonlineag,draftkings,fanduel,betmgm,williamhill_us,fanatics,betrivers,espnbet",10
cfb,2025-10-18T20:55:00+00:00,pre_kickoff_close,1,totals,"pinnacle,lowvig,betonlineag,draftkings,fanduel,betmgm,williamhill_us,fanatics,betrivers,espnbet",10
cfb,2025-10-18T22:25:00+00:00,pre_kickoff_close,2,totals,"pinnacle,lowvig,betonlineag,draftkings,fanduel,betmgm,williamhill_us,fanatics,betrivers,espnbet",10
cfb,2025-10-18T22:55:00+00:00,pre_kickoff_close,5,totals,"pinnacle,lowvig,betonlineag,draftkings,fanduel,betmgm,williamhill_us,fanatics,betrivers,espnbet",10
cfb,2025-10-18T23:25:00+00:00,pre_kickoff_close,3,totals,"pinnacle,lowvig,betonlineag,draftkings,fanduel,betmgm,williamhill_us,fanatics,betrivers,espnbet",10
cfb,2025-10-18T23:40:00+00:00,pre_kickoff_close,1,totals,"pinnacle,lowvig,betonlineag,draftkings,fanduel,betmgm,williamhill_us,fanatics,betrivers,espnbet",10
cfb,2025-10-18T23:55:00+00:00,pre_kickoff_close,2,totals,"pinnacle,lowvig,betonlineag,draftkings,fanduel,betmgm,williamhill_us,fanatics,betrivers,espnbet",10
cfb,2025-10-19T01:40:00+00:00,pre_kickoff_close,1,totals,"pinnacle,lowvig,betonlineag,draftkings,fanduel,betmgm,williamhill_us,fanatics,betrivers,espnbet",10
cfb,2025-10-19T01:55:00+00:00,pre_kickoff_close,1,totals,"pinnacle,lowvig,betonlineag,draftkings,fanduel,betmgm,williamhill_us,fanatics,betrivers,espnbet",10
cfb,2025-10-19T02:25:00+00:00,pre_kickoff_close,1,totals,"pinnacle,lowvig,betonlineag,draftkings,fanduel,betmgm,williamhill_us,fanatics,betrivers,espnbet",10
cfb,2025-10-21T02:30:00+00:00,forecast_decision,1,totals,"pinnacle,lowvig,betonlineag,draftkings,fanduel,betmgm,williamhill_us,fanatics,betrivers,espnbet",10
cfb,2025-10-21T22:55:00+00:00,pre_kickoff_close,1,totals,"pinnacle,lowvig,betonlineag,draftkings,fanduel,betmgm,williamhill_us,fanatics,betrivers,espnbet",10
cfb,2025-10-22T02:30:00+00:00,forecast_decision,2,totals,"pinnacle,lowvig,betonlineag,draftkings,fanduel,betmgm,williamhill_us,fanatics,betrivers,espnbet",10
cfb,2025-10-22T23:25:00+00:00,pre_kickoff_close,1,totals,"pinnacle,lowvig,betonlineag,draftkings,fanduel,betmgm,williamhill_us,fanatics,betrivers,espnbet",10
cfb,2025-10-23T00:55:00+00:00,pre_kickoff_close,1,totals,"pinnacle,lowvig,betonlineag,draftkings,fanduel,betmgm,williamhill_us,fanatics,betrivers,espnbet",10
cfb,2025-10-23T02:30:00+00:00,forecast_decision,1,totals,"pinnacle,lowvig,betonlineag,draftkings,fanduel,betmgm,williamhill_us,fanatics,betrivers,espnbet",10
cfb,2025-10-23T23:25:00+00:00,pre_kickoff_close,1,totals,"pinnacle,lowvig,betonlineag,draftkings,fanduel,betmgm,williamhill_us,fanatics,betrivers,espnbet",10
cfb,2025-10-24T02:30:00+00:00,forecast_decision,3,totals,"pinnacle,lowvig,betonlineag,draftkings,fanduel,betmgm,williamhill_us,fanatics,betrivers,espnbet",10
cfb,2025-10-24T22:55:00+00:00,pre_kickoff_close,1,totals,"pinnacle,lowvig,betonlineag,draftkings,fanduel,betmgm,williamhill_us,fanatics,betrivers,espnbet",10
cfb,2025-10-24T23:25:00+00:00,pre_kickoff_close,1,totals,"pinnacle,lowvig,betonlineag,draftkings,fanduel,betmgm,williamhill_us,fanatics,betrivers,espnbet",10
cfb,2025-10-25T01:55:00+00:00,pre_kickoff_close,1,totals,"pinnacle,lowvig,betonlineag,draftkings,fanduel,betmgm,williamhill_us,fanatics,betrivers,espnbet",10
cfb,2025-10-25T02:30:00+00:00,forecast_decision,45,totals,"pinnacle,lowvig,betonlineag,draftkings,fanduel,betmgm,williamhill_us,fanatics,betrivers,espnbet",10
cfb,2025-10-25T15:55:00+00:00,pre_kickoff_close,12,totals,"pinnacle,lowvig,betonlineag,draftkings,fanduel,betmgm,williamhill_us,fanatics,betrivers,espnbet",10
cfb,2025-10-25T16:40:00+00:00,pre_kickoff_close,1,totals,"pinnacle,lowvig,betonlineag,draftkings,fanduel,betmgm,williamhill_us,fanatics,betrivers,espnbet",10
cfb,2025-10-25T16:55:00+00:00,pre_kickoff_close,1,totals,"pinnacle,lowvig,betonlineag,draftkings,fanduel,betmgm,williamhill_us,fanatics,betrivers,espnbet",10
cfb,2025-10-25T18:55:00+00:00,pre_kickoff_close,2,totals,"pinnacle,lowvig,betonlineag,draftkings,fanduel,betmgm,williamhill_us,fanatics,betrivers,espnbet",10
cfb,2025-10-25T19:25:00+00:00,pre_kickoff_close,14,totals,"pinnacle,lowvig,betonlineag,draftkings,fanduel,betmgm,williamhill_us,fanatics,betrivers,espnbet",10
cfb,2025-10-25T19:55:00+00:00,pre_kickoff_close,2,totals,"pinnacle,lowvig,betonlineag,draftkings,fanduel,betmgm,williamhill_us,fanatics,betrivers,espnbet",10
cfb,2025-10-25T20:10:00+00:00,pre_kickoff_close,1,totals,"pinnacle,lowvig,betonlineag,draftkings,fanduel,betmgm,williamhill_us,fanatics,betrivers,espnbet",10
cfb,2025-10-25T21:55:00+00:00,pre_kickoff_close,1,totals,"pinnacle,lowvig,betonlineag,draftkings,fanduel,betmgm,williamhill_us,fanatics,betrivers,espnbet",10
cfb,2025-10-25T22:55:00+00:00,pre_kickoff_close,4,totals,"pinnacle,lowvig,betonlineag,draftkings,fanduel,betmgm,williamhill_us,fanatics,betrivers,espnbet",10
cfb,2025-10-25T23:25:00+00:00,pre_kickoff_close,4,totals,"pinnacle,lowvig,betonlineag,draftkings,fanduel,betmgm,williamhill_us,fanatics,betrivers,espnbet",10
cfb,2025-10-25T23:40:00+00:00,pre_kickoff_close,1,totals,"pinnacle,lowvig,betonlineag,draftkings,fanduel,betmgm,williamhill_us,fanatics,betrivers,espnbet",10
cfb,2025-10-25T23:55:00+00:00,pre_kickoff_close,1,totals,"pinnacle,lowvig,betonlineag,draftkings,fanduel,betmgm,williamhill_us,fanatics,betrivers,espnbet",10
cfb,2025-10-26T02:10:00+00:00,pre_kickoff_close,1,totals,"pinnacle,lowvig,betonlineag,draftkings,fanduel,betmgm,williamhill_us,fanatics,betrivers,espnbet",10
cfb,2025-10-28T02:30:00+00:00,forecast_decision,2,totals,"pinnacle,lowvig,betonlineag,draftkings,fanduel,betmgm,williamhill_us,fanatics,betrivers,espnbet",10
cfb,2025-10-28T23:55:00+00:00,pre_kickoff_close,2,totals,"pinnacle,lowvig,betonlineag,draftkings,fanduel,betmgm,williamhill_us,fanatics,betrivers,espnbet",10
cfb,2025-10-29T02:30:00+00:00,forecast_decision,2,totals,"pinnacle,lowvig,betonlineag,draftkings,fanduel,betmgm,williamhill_us,fanatics,betrivers,espnbet",10
cfb,2025-10-29T23:25:00+00:00,pre_kickoff_close,1,totals,"pinnacle,lowvig,betonlineag,draftkings,fanduel,betmgm,williamhill_us,fanatics,betrivers,espnbet",10
cfb,2025-10-29T23:55:00+00:00,pre_kickoff_close,1,totals,"pinnacle,lowvig,betonlineag,draftkings,fanduel,betmgm,williamhill_us,fanatics,betrivers,espnbet",10
cfb,2025-10-30T02:30:00+00:00,forecast_decision,1,totals,"pinnacle,lowvig,betonlineag,draftkings,fanduel,betmgm,williamhill_us,fanatics,betrivers,espnbet",10
cfb,2025-10-30T23:25:00+00:00,pre_kickoff_close,1,totals,"pinnacle,lowvig,betonlineag,draftkings,fanduel,betmgm,williamhill_us,fanatics,betrivers,espnbet",10
cfb,2025-10-31T02:30:00+00:00,forecast_decision,1,totals,"pinnacle,lowvig,betonlineag,draftkings,fanduel,betmgm,williamhill_us,fanatics,betrivers,espnbet",10
cfb,2025-10-31T22:55:00+00:00,pre_kickoff_close,1,totals,"pinnacle,lowvig,betonlineag,draftkings,fanduel,betmgm,williamhill_us,fanatics,betrivers,espnbet",10
cfb,2025-11-01T02:30:00+00:00,forecast_decision,40,totals,"pinnacle,lowvig,betonlineag,draftkings,fanduel,betmgm,williamhill_us,fanatics,betrivers,espnbet",10
cfb,2025-11-01T15:55:00+00:00,pre_kickoff_close,11,totals,"pinnacle,lowvig,betonlineag,draftkings,fanduel,betmgm,williamhill_us,fanatics,betrivers,espnbet",10
cfb,2025-11-01T16:55:00+00:00,pre_kickoff_close,1,totals,"pinnacle,lowvig,betonlineag,draftkings,fanduel,betmgm,williamhill_us,fanatics,betrivers,espnbet",10
cfb,2025-11-01T17:55:00+00:00,pre_kickoff_close,1,totals,"pinnacle,lowvig,betonlineag,draftkings,fanduel,betmgm,williamhill_us,fanatics,betrivers,espnbet",10
cfb,2025-11-01T18:55:00+00:00,pre_kickoff_close,1,totals,"pinnacle,lowvig,betonlineag,draftkings,fanduel,betmgm,williamhill_us,fanatics,betrivers,espnbet",10
cfb,2025-11-01T19:25:00+00:00,pre_kickoff_close,10,totals,"pinnacle,lowvig,betonlineag,draftkings,fanduel,betmgm,williamhill_us,fanatics,betrivers,espnbet",10
cfb,2025-11-01T19:40:00+00:00,pre_kickoff_close,1,totals,"pinnacle,lowvig,betonlineag,draftkings,fanduel,betmgm,williamhill_us,fanatics,betrivers,espnbet",10
cfb,2025-11-01T19:55:00+00:00,pre_kickoff_close,3,totals,"pinnacle,lowvig,betonlineag,draftkings,fanduel,betmgm,williamhill_us,fanatics,betrivers,espnbet",10
cfb,2025-11-01T22:55:00+00:00,pre_kickoff_close,3,totals,"pinnacle,lowvig,betonlineag,draftkings,fanduel,betmgm,williamhill_us,fanatics,betrivers,espnbet",10
cfb,2025-11-01T23:25:00+00:00,pre_kickoff_close,6,totals,"pinnacle,lowvig,betonlineag,draftkings,fanduel,betmgm,williamhill_us,fanatics,betrivers,espnbet",10
cfb,2025-11-01T23:55:00+00:00,pre_kickoff_close,1,totals,"pinnacle,lowvig,betonlineag,draftkings,fanduel,betmgm,williamhill_us,fanatics,betrivers,espnbet",10
cfb,2025-11-02T02:10:00+00:00,pre_kickoff_close,1,totals,"pinnacle,lowvig,betonlineag,draftkings,fanduel,betmgm,williamhill_us,fanatics,betrivers,espnbet",10
cfb,2025-11-02T02:25:00+00:00,pre_kickoff_close,1,totals,"pinnacle,lowvig,betonlineag,draftkings,fanduel,betmgm,williamhill_us,fanatics,betrivers,espnbet",10
cfb,2025-11-04T03:30:00+00:00,forecast_decision,1,totals,"pinnacle,lowvig,betonlineag,draftkings,fanduel,betmgm,williamhill_us,fanatics,betrivers,espnbet",10
cfb,2025-11-04T23:55:00+00:00,pre_kickoff_close,1,totals,"pinnacle,lowvig,betonlineag,draftkings,fanduel,betmgm,williamhill_us,fanatics,betrivers,espnbet",10
cfb,2025-11-05T03:30:00+00:00,forecast_decision,2,totals,"pinnacle,lowvig,betonlineag,draftkings,fanduel,betmgm,williamhill_us,fanatics,betrivers,espnbet",10
cfb,2025-11-05T23:55:00+00:00,pre_kickoff_close,2,totals,"pinnacle,lowvig,betonlineag,draftkings,fanduel,betmgm,williamhill_us,fanatics,betrivers,espnbet",10
cfb,2025-11-06T03:30:00+00:00,forecast_decision,2,totals,"pinnacle,lowvig,betonlineag,draftkings,fanduel,betmgm,williamhill_us,fanatics,betrivers,espnbet",10
cfb,2025-11-07T00:25:00+00:00,pre_kickoff_close,2,totals,"pinnacle,lowvig,betonlineag,draftkings,fanduel,betmgm,williamhill_us,fanatics,betrivers,espnbet",10
cfb,2025-11-07T03:30:00+00:00,forecast_decision,3,totals,"pinnacle,lowvig,betonlineag,draftkings,fanduel,betmgm,williamhill_us,fanatics,betrivers,espnbet",10
cfb,2025-11-08T00:55:00+00:00,pre_kickoff_close,1,totals,"pinnacle,lowvig,betonlineag,draftkings,fanduel,betmgm,williamhill_us,fanatics,betrivers,espnbet",10
cfb,2025-11-08T01:55:00+00:00,pre_kickoff_close,2,totals,"pinnacle,lowvig,betonlineag,draftkings,fanduel,betmgm,williamhill_us,fanatics,betrivers,espnbet",10
cfb,2025-11-08T03:30:00+00:00,forecast_decision,42,totals,"pinnacle,lowvig,betonlineag,draftkings,fanduel,betmgm,williamhill_us,fanatics,betrivers,espnbet",10
cfb,2025-11-08T16:55:00+00:00,pre_kickoff_close,8,totals,"pinnacle,lowvig,betonlineag,draftkings,fanduel,betmgm,williamhill_us,fanatics,betrivers,espnbet",10
cfb,2025-11-08T17:55:00+00:00,pre_kickoff_close,3,totals,"pinnacle,lowvig,betonlineag,draftkings,fanduel,betmgm,williamhill_us,fanatics,betrivers,espnbet",10
cfb,2025-11-08T18:55:00+00:00,pre_kickoff_close,1,totals,"pinnacle,lowvig,betonlineag,draftkings,fanduel,betmgm,williamhill_us,fanatics,betrivers,espnbet",10
cfb,2025-11-08T19:25:00+00:00,pre_kickoff_close,1,totals,"pinnacle,lowvig,betonlineag,draftkings,fanduel,betmgm,williamhill_us,fanatics,betrivers,espnbet",10
cfb,2025-11-08T19:55:00+00:00,pre_kickoff_close,5,totals,"pinnacle,lowvig,betonlineag,draftkings,fanduel,betmgm,williamhill_us,fanatics,betrivers,espnbet",10
cfb,2025-11-08T20:25:00+00:00,pre_kickoff_close,6,totals,"pinnacle,lowvig,betonlineag,draftkings,fanduel,betmgm,williamhill_us,fanatics,betrivers,espnbet",10
cfb,2025-11-08T20:55:00+00:00,pre_kickoff_close,3,totals,"pinnacle,lowvig,betonlineag,draftkings,fanduel,betmgm,williamhill_us,fanatics,betrivers,espnbet",10
cfb,2025-11-08T21:25:00+00:00,pre_kickoff_close,2,totals,"pinnacle,lowvig,betonlineag,draftkings,fanduel,betmgm,williamhill_us,fanatics,betrivers,espnbet",10
cfb,2025-11-08T21:55:00+00:00,pre_kickoff_close,1,totals,"pinnacle,lowvig,betonlineag,draftkings,fanduel,betmgm,williamhill_us,fanatics,betrivers,espnbet",10
cfb,2025-11-08T22:55:00+00:00,pre_kickoff_close,1,totals,"pinnacle,lowvig,betonlineag,draftkings,fanduel,betmgm,williamhill_us,fanatics,betrivers,espnbet",10
cfb,2025-11-08T23:55:00+00:00,pre_kickoff_close,3,totals,"pinnacle,lowvig,betonlineag,draftkings,fanduel,betmgm,williamhill_us,fanatics,betrivers,espnbet",10
cfb,2025-11-09T00:25:00+00:00,pre_kickoff_close,4,totals,"pinnacle,lowvig,betonlineag,draftkings,fanduel,betmgm,williamhill_us,fanatics,betrivers,espnbet",10
cfb,2025-11-09T01:55:00+00:00,pre_kickoff_close,1,totals,"pinnacle,lowvig,betonlineag,draftkings,fanduel,betmgm,williamhill_us,fanatics,betrivers,espnbet",10
cfb,2025-11-09T02:25:00+00:00,pre_kickoff_close,1,totals,"pinnacle,lowvig,betonlineag,draftkings,fanduel,betmgm,williamhill_us,fanatics,betrivers,espnbet",10
cfb,2025-11-09T02:55:00+00:00,pre_kickoff_close,1,totals,"pinnacle,lowvig,betonlineag,draftkings,fanduel,betmgm,williamhill_us,fanatics,betrivers,espnbet",10
cfb,2025-11-09T03:55:00+00:00,pre_kickoff_close,1,totals,"pinnacle,lowvig,betonlineag,draftkings,fanduel,betmgm,williamhill_us,fanatics,betrivers,espnbet",10
cfb,2025-11-11T03:30:00+00:00,forecast_decision,2,totals,"pinnacle,lowvig,betonlineag,draftkings,fanduel,betmgm,williamhill_us,fanatics,betrivers,espnbet",10
cfb,2025-11-12T00:25:00+00:00,pre_kickoff_close,1,totals,"pinnacle,lowvig,betonlineag,draftkings,fanduel,betmgm,williamhill_us,fanatics,betrivers,espnbet",10
cfb,2025-11-12T00:55:00+00:00,pre_kickoff_close,1,totals,"pinnacle,lowvig,betonlineag,draftkings,fanduel,betmgm,williamhill_us,fanatics,betrivers,espnbet",10
cfb,2025-11-12T03:30:00+00:00,forecast_decision,3,totals,"pinnacle,lowvig,betonlineag,draftkings,fanduel,betmgm,williamhill_us,fanatics,betrivers,espnbet",10
cfb,2025-11-12T23:55:00+00:00,pre_kickoff_close,3,totals,"pinnacle,lowvig,betonlineag,draftkings,fanduel,betmgm,williamhill_us,fanatics,betrivers,espnbet",10
cfb,2025-11-13T03:30:00+00:00,forecast_decision,1,totals,"pinnacle,lowvig,betonlineag,draftkings,fanduel,betmgm,williamhill_us,fanatics,betrivers,espnbet",10
cfb,2025-11-14T00:25:00+00:00,pre_kickoff_close,1,totals,"pinnacle,lowvig,betonlineag,draftkings,fanduel,betmgm,williamhill_us,fanatics,betrivers,espnbet",10
cfb,2025-11-14T03:30:00+00:00,forecast_decision,2,totals,"pinnacle,lowvig,betonlineag,draftkings,fanduel,betmgm,williamhill_us,fanatics,betrivers,espnbet",10
cfb,2025-11-15T00:25:00+00:00,pre_kickoff_close,1,totals,"pinnacle,lowvig,betonlineag,draftkings,fanduel,betmgm,williamhill_us,fanatics,betrivers,espnbet",10
cfb,2025-11-15T01:55:00+00:00,pre_kickoff_close,1,totals,"pinnacle,lowvig,betonlineag,draftkings,fanduel,betmgm,williamhill_us,fanatics,betrivers,espnbet",10
cfb,2025-11-15T03:30:00+00:00,forecast_decision,48,totals,"pinnacle,lowvig,betonlineag,draftkings,fanduel,betmgm,williamhill_us,fanatics,betrivers,espnbet",10
cfb,2025-11-15T16:55:00+00:00,pre_kickoff_close,9,totals,"pinnacle,lowvig,betonlineag,draftkings,fanduel,betmgm,williamhill_us,fanatics,betrivers,espnbet",10
cfb,2025-11-15T17:40:00+00:00,pre_kickoff_close,1,totals,"pinnacle,lowvig,betonlineag,draftkings,fanduel,betmgm,williamhill_us,fanatics,betrivers,espnbet",10
cfb,2025-11-15T17:55:00+00:00,pre_kickoff_close,2,totals,"pinnacle,lowvig,betonlineag,draftkings,fanduel,betmgm,williamhill_us,fanatics,betrivers,espnbet",10
cfb,2025-11-15T18:25:00+00:00,pre_kickoff_close,1,totals,"pinnacle,lowvig,betonlineag,draftkings,fanduel,betmgm,williamhill_us,fanatics,betrivers,espnbet",10
cfb,2025-11-15T18:55:00+00:00,pre_kickoff_close,2,totals,"pinnacle,lowvig,betonlineag,draftkings,fanduel,betmgm,williamhill_us,fanatics,betrivers,espnbet",10
cfb,2025-11-15T19:55:00+00:00,pre_kickoff_close,2,totals,"pinnacle,lowvig,betonlineag,draftkings,fanduel,betmgm,williamhill_us,fanatics,betrivers,espnbet",10
cfb,2025-11-15T20:25:00+00:00,pre_kickoff_close,13,totals,"pinnacle,lowvig,betonlineag,draftkings,fanduel,betmgm,williamhill_us,fanatics,betrivers,espnbet",10
cfb,2025-11-15T20:55:00+00:00,pre_kickoff_close,2,totals,"pinnacle,lowvig,betonlineag,draftkings,fanduel,betmgm,williamhill_us,fanatics,betrivers,espnbet",10
cfb,2025-11-15T21:10:00+00:00,pre_kickoff_close,1,totals,"pinnacle,lowvig,betonlineag,draftkings,fanduel,betmgm,williamhill_us,fanatics,betrivers,espnbet",10
cfb,2025-11-15T21:25:00+00:00,pre_kickoff_close,1,totals,"pinnacle,lowvig,betonlineag,draftkings,fanduel,betmgm,williamhill_us,fanatics,betrivers,espnbet",10
cfb,2025-11-15T21:55:00+00:00,pre_kickoff_close,1,totals,"pinnacle,lowvig,betonlineag,draftkings,fanduel,betmgm,williamhill_us,fanatics,betrivers,espnbet",10
cfb,2025-11-15T22:55:00+00:00,pre_kickoff_close,1,totals,"pinnacle,lowvig,betonlineag,draftkings,fanduel,betmgm,williamhill_us,fanatics,betrivers,espnbet",10
cfb,2025-11-15T23:55:00+00:00,pre_kickoff_close,3,totals,"pinnacle,lowvig,betonlineag,draftkings,fanduel,betmgm,williamhill_us,fanatics,betrivers,espnbet",10
cfb,2025-11-16T00:25:00+00:00,pre_kickoff_close,3,totals,"pinnacle,lowvig,betonlineag,draftkings,fanduel,betmgm,williamhill_us,fanatics,betrivers,espnbet",10
cfb,2025-11-16T00:40:00+00:00,pre_kickoff_close,1,totals,"pinnacle,lowvig,betonlineag,draftkings,fanduel,betmgm,williamhill_us,fanatics,betrivers,espnbet",10
cfb,2025-11-16T00:55:00+00:00,pre_kickoff_close,1,totals,"pinnacle,lowvig,betonlineag,draftkings,fanduel,betmgm,williamhill_us,fanatics,betrivers,espnbet",10
cfb,2025-11-16T02:55:00+00:00,pre_kickoff_close,1,totals,"pinnacle,lowvig,betonlineag,draftkings,fanduel,betmgm,williamhill_us,fanatics,betrivers,espnbet",10
cfb,2025-11-16T03:10:00+00:00,pre_kickoff_close,1,totals,"pinnacle,lowvig,betonlineag,draftkings,fanduel,betmgm,williamhill_us,fanatics,betrivers,espnbet",10
cfb,2025-11-16T03:25:00+00:00,pre_kickoff_close,2,totals,"pinnacle,lowvig,betonlineag,draftkings,fanduel,betmgm,williamhill_us,fanatics,betrivers,espnbet",10
cfb,2025-11-18T03:30:00+00:00,forecast_decision,2,totals,"pinnacle,lowvig,betonlineag,draftkings,fanduel,betmgm,williamhill_us,fanatics,betrivers,espnbet",10
cfb,2025-11-18T23:55:00+00:00,pre_kickoff_close,2,totals,"pinnacle,lowvig,betonlineag,draftkings,fanduel,betmgm,williamhill_us,fanatics,betrivers,espnbet",10
cfb,2025-11-19T03:30:00+00:00,forecast_decision,2,totals,"pinnacle,lowvig,betonlineag,draftkings,fanduel,betmgm,williamhill_us,fanatics,betrivers,espnbet",10
cfb,2025-11-19T23:55:00+00:00,pre_kickoff_close,2,totals,"pinnacle,lowvig,betonlineag,draftkings,fanduel,betmgm,williamhill_us,fanatics,betrivers,espnbet",10
cfb,2025-11-20T03:30:00+00:00,forecast_decision,1,totals,"pinnacle,lowvig,betonlineag,draftkings,fanduel,betmgm,williamhill_us,fanatics,betrivers,espnbet",10
cfb,2025-11-21T00:25:00+00:00,pre_kickoff_close,1,totals,"pinnacle,lowvig,betonlineag,draftkings,fanduel,betmgm,williamhill_us,fanatics,betrivers,espnbet",10
cfb,2025-11-21T03:30:00+00:00,forecast_decision,1,totals,"pinnacle,lowvig,betonlineag,draftkings,fanduel,betmgm,williamhill_us,fanatics,betrivers,espnbet",10
cfb,2025-11-22T00:55:00+00:00,pre_kickoff_close,1,totals,"pinnacle,lowvig,betonlineag,draftkings,fanduel,betmgm,williamhill_us,fanatics,betrivers,espnbet",10
cfb,2025-11-22T03:30:00+00:00,forecast_decision,53,totals,"pinnacle,lowvig,betonlineag,draftkings,fanduel,betmgm,williamhill_us,fanatics,betrivers,espnbet",10
cfb,2025-11-22T16:55:00+00:00,pre_kickoff_close,8,totals,"pinnacle,lowvig,betonlineag,draftkings,fanduel,betmgm,williamhill_us,fanatics,betrivers,espnbet",10
cfb,2025-11-22T17:40:00+00:00,pre_kickoff_close,1,totals,"pinnacle,lowvig,betonlineag,draftkings,fanduel,betmgm,williamhill_us,fanatics,betrivers,espnbet",10
cfb,2025-11-22T17:55:00+00:00,pre_kickoff_close,3,totals,"pinnacle,lowvig,betonlineag,draftkings,fanduel,betmgm,williamhill_us,fanatics,betrivers,espnbet",10
cfb,2025-11-22T18:55:00+00:00,pre_kickoff_close,5,totals,"pinnacle,lowvig,betonlineag,draftkings,fanduel,betmgm,williamhill_us,fanatics,betrivers,espnbet",10
cfb,2025-11-22T19:25:00+00:00,pre_kickoff_close,1,totals,"pinnacle,lowvig,betonlineag,draftkings,fanduel,betmgm,williamhill_us,fanatics,betrivers,espnbet",10
cfb,2025-11-22T19:55:00+00:00,pre_kickoff_close,4,totals,"pinnacle,lowvig,betonlineag,draftkings,fanduel,betmgm,williamhill_us,fanatics,betrivers,espnbet",10
cfb,2025-11-22T20:25:00+00:00,pre_kickoff_close,8,totals,"pinnacle,lowvig,betonlineag,draftkings,fanduel,betmgm,williamhill_us,fanatics,betrivers,espnbet",10
cfb,2025-11-22T20:40:00+00:00,pre_kickoff_close,1,totals,"pinnacle,lowvig,betonlineag,draftkings,fanduel,betmgm,williamhill_us,fanatics,betrivers,espnbet",10
cfb,2025-11-22T20:55:00+00:00,pre_kickoff_close,5,totals,"pinnacle,lowvig,betonlineag,draftkings,fanduel,betmgm,williamhill_us,fanatics,betrivers,espnbet",10
cfb,2025-11-22T21:10:00+00:00,pre_kickoff_close,1,totals,"pinnacle,lowvig,betonlineag,draftkings,fanduel,betmgm,williamhill_us,fanatics,betrivers,espnbet",10
cfb,2025-11-22T21:25:00+00:00,pre_kickoff_close,1,totals,"pinnacle,lowvig,betonlineag,draftkings,fanduel,betmgm,williamhill_us,fanatics,betrivers,espnbet",10
cfb,2025-11-22T21:55:00+00:00,pre_kickoff_close,1,totals,"pinnacle,lowvig,betonlineag,draftkings,fanduel,betmgm,williamhill_us,fanatics,betrivers,espnbet",10
cfb,2025-11-22T23:55:00+00:00,pre_kickoff_close,4,totals,"pinnacle,lowvig,betonlineag,draftkings,fanduel,betmgm,williamhill_us,fanatics,betrivers,espnbet",10
cfb,2025-11-23T00:25:00+00:00,pre_kickoff_close,4,totals,"pinnacle,lowvig,betonlineag,draftkings,fanduel,betmgm,williamhill_us,fanatics,betrivers,espnbet",10
cfb,2025-11-23T00:40:00+00:00,pre_kickoff_close,1,totals,"pinnacle,lowvig,betonlineag,draftkings,fanduel,betmgm,williamhill_us,fanatics,betrivers,espnbet",10
cfb,2025-11-23T00:55:00+00:00,pre_kickoff_close,2,totals,"pinnacle,lowvig,betonlineag,draftkings,fanduel,betmgm,williamhill_us,fanatics,betrivers,espnbet",10
cfb,2025-11-23T03:25:00+00:00,pre_kickoff_close,3,totals,"pinnacle,lowvig,betonlineag,draftkings,fanduel,betmgm,williamhill_us,fanatics,betrivers,espnbet",10
cfb,2025-11-25T03:30:00+00:00,forecast_decision,2,totals,"pinnacle,lowvig,betonlineag,draftkings,fanduel,betmgm,williamhill_us,fanatics,betrivers,espnbet",10
cfb,2025-11-25T21:25:00+00:00,pre_kickoff_close,1,totals,"pinnacle,lowvig,betonlineag,draftkings,fanduel,betmgm,williamhill_us,fanatics,betrivers,espnbet",10
cfb,2025-11-26T00:25:00+00:00,pre_kickoff_close,1,totals,"pinnacle,lowvig,betonlineag,draftkings,fanduel,betmgm,williamhill_us,fanatics,betrivers,espnbet",10
cfb,2025-11-27T03:30:00+00:00,forecast_decision,1,totals,"pinnacle,lowvig,betonlineag,draftkings,fanduel,betmgm,williamhill_us,fanatics,betrivers,espnbet",10
cfb,2025-11-28T00:25:00+00:00,pre_kickoff_close,1,totals,"pinnacle,lowvig,betonlineag,draftkings,fanduel,betmgm,williamhill_us,fanatics,betrivers,espnbet",10
cfb,2025-11-28T03:30:00+00:00,forecast_decision,12,totals,"pinnacle,lowvig,betonlineag,draftkings,fanduel,betmgm,williamhill_us,fanatics,betrivers,espnbet",10
cfb,2025-11-28T16:55:00+00:00,pre_kickoff_close,5,totals,"pinnacle,lowvig,betonlineag,draftkings,fanduel,betmgm,williamhill_us,fanatics,betrivers,espnbet",10
cfb,2025-11-28T19:55:00+00:00,pre_kickoff_close,1,totals,"pinnacle,lowvig,betonlineag,draftkings,fanduel,betmgm,williamhill_us,fanatics,betrivers,espnbet",10
cfb,2025-11-28T20:25:00+00:00,pre_kickoff_close,2,totals,"pinnacle,lowvig,betonlineag,draftkings,fanduel,betmgm,williamhill_us,fanatics,betrivers,espnbet",10
cfb,2025-11-28T20:55:00+00:00,pre_kickoff_close,1,totals,"pinnacle,lowvig,betonlineag,draftkings,fanduel,betmgm,williamhill_us,fanatics,betrivers,espnbet",10
cfb,2025-11-29T00:25:00+00:00,pre_kickoff_close,2,totals,"pinnacle,lowvig,betonlineag,draftkings,fanduel,betmgm,williamhill_us,fanatics,betrivers,espnbet",10
cfb,2025-11-29T01:55:00+00:00,pre_kickoff_close,1,totals,"pinnacle,lowvig,betonlineag,draftkings,fanduel,betmgm,williamhill_us,fanatics,betrivers,espnbet",10
cfb,2025-11-29T03:30:00+00:00,forecast_decision,48,totals,"pinnacle,lowvig,betonlineag,draftkings,fanduel,betmgm,williamhill_us,fanatics,betrivers,espnbet",10
cfb,2025-11-29T16:55:00+00:00,pre_kickoff_close,11,totals,"pinnacle,lowvig,betonlineag,draftkings,fanduel,betmgm,williamhill_us,fanatics,betrivers,espnbet",10
cfb,2025-11-29T17:55:00+00:00,pre_kickoff_close,3,totals,"pinnacle,lowvig,betonlineag,draftkings,fanduel,betmgm,williamhill_us,fanatics,betrivers,espnbet",10
cfb,2025-11-29T18:25:00+00:00,pre_kickoff_close,1,totals,"pinnacle,lowvig,betonlineag,draftkings,fanduel,betmgm,williamhill_us,fanatics,betrivers,espnbet",10
cfb,2025-11-29T18:55:00+00:00,pre_kickoff_close,3,totals,"pinnacle,lowvig,betonlineag,draftkings,fanduel,betmgm,williamhill_us,fanatics,betrivers,espnbet",10
cfb,2025-11-29T19:25:00+00:00,pre_kickoff_close,1,totals,"pinnacle,lowvig,betonlineag,draftkings,fanduel,betmgm,williamhill_us,fanatics,betrivers,espnbet",10
cfb,2025-11-29T19:55:00+00:00,pre_kickoff_close,4,totals,"pinnacle,lowvig,betonlineag,draftkings,fanduel,betmgm,williamhill_us,fanatics,betrivers,espnbet",10
cfb,2025-11-29T20:25:00+00:00,pre_kickoff_close,10,totals,"pinnacle,lowvig,betonlineag,draftkings,fanduel,betmgm,williamhill_us,fanatics,betrivers,espnbet",10
cfb,2025-11-29T20:40:00+00:00,pre_kickoff_close,1,totals,"pinnacle,lowvig,betonlineag,draftkings,fanduel,betmgm,williamhill_us,fanatics,betrivers,espnbet",10
cfb,2025-11-29T21:25:00+00:00,pre_kickoff_close,1,totals,"pinnacle,lowvig,betonlineag,draftkings,fanduel,betmgm,williamhill_us,fanatics,betrivers,espnbet",10
cfb,2025-11-29T23:25:00+00:00,pre_kickoff_close,1,totals,"pinnacle,lowvig,betonlineag,draftkings,fanduel,betmgm,williamhill_us,fanatics,betrivers,espnbet",10
cfb,2025-11-29T23:55:00+00:00,pre_kickoff_close,2,totals,"pinnacle,lowvig,betonlineag,draftkings,fanduel,betmgm,williamhill_us,fanatics,betrivers,espnbet",10
cfb,2025-11-30T00:25:00+00:00,pre_kickoff_close,5,totals,"pinnacle,lowvig,betonlineag,draftkings,fanduel,betmgm,williamhill_us,fanatics,betrivers,espnbet",10
cfb,2025-11-30T00:55:00+00:00,pre_kickoff_close,1,totals,"pinnacle,lowvig,betonlineag,draftkings,fanduel,betmgm,williamhill_us,fanatics,betrivers,espnbet",10
cfb,2025-11-30T01:55:00+00:00,pre_kickoff_close,1,totals,"pinnacle,lowvig,betonlineag,draftkings,fanduel,betmgm,williamhill_us,fanatics,betrivers,espnbet",10
cfb,2025-11-30T03:25:00+00:00,pre_kickoff_close,2,totals,"pinnacle,lowvig,betonlineag,draftkings,fanduel,betmgm,williamhill_us,fanatics,betrivers,espnbet",10
cfb,2025-11-30T03:55:00+00:00,pre_kickoff_close,1,totals,"pinnacle,lowvig,betonlineag,draftkings,fanduel,betmgm,williamhill_us,fanatics,betrivers,espnbet",10
cfb,2025-12-05T03:30:00+00:00,forecast_decision,4,totals,"pinnacle,lowvig,betonlineag,draftkings,fanduel,betmgm,williamhill_us,fanatics,betrivers,espnbet",10
cfb,2025-12-05T23:55:00+00:00,pre_kickoff_close,2,totals,"pinnacle,lowvig,betonlineag,draftkings,fanduel,betmgm,williamhill_us,fanatics,betrivers,espnbet",10
cfb,2025-12-06T00:55:00+00:00,pre_kickoff_close,2,totals,"pinnacle,lowvig,betonlineag,draftkings,fanduel,betmgm,williamhill_us,fanatics,betrivers,espnbet",10
cfb,2025-12-17T03:30:00+00:00,forecast_decision,1,totals,"pinnacle,lowvig,betonlineag,draftkings,fanduel,betmgm,williamhill_us,fanatics,betrivers,espnbet",10
cfb,2025-12-18T01:25:00+00:00,pre_kickoff_close,1,totals,"pinnacle,lowvig,betonlineag,draftkings,fanduel,betmgm,williamhill_us,fanatics,betrivers,espnbet",10
cfb,2025-12-19T03:30:00+00:00,forecast_decision,3,totals,"pinnacle,lowvig,betonlineag,draftkings,fanduel,betmgm,williamhill_us,fanatics,betrivers,espnbet",10
cfb,2025-12-19T15:55:00+00:00,pre_kickoff_close,1,totals,"pinnacle,lowvig,betonlineag,draftkings,fanduel,betmgm,williamhill_us,fanatics,betrivers,espnbet",10
cfb,2025-12-19T19:25:00+00:00,pre_kickoff_close,1,totals,"pinnacle,lowvig,betonlineag,draftkings,fanduel,betmgm,williamhill_us,fanatics,betrivers,espnbet",10
cfb,2025-12-20T00:55:00+00:00,pre_kickoff_close,1,totals,"pinnacle,lowvig,betonlineag,draftkings,fanduel,betmgm,williamhill_us,fanatics,betrivers,espnbet",10
cfb,2025-12-20T03:30:00+00:00,forecast_decision,2,totals,"pinnacle,lowvig,betonlineag,draftkings,fanduel,betmgm,williamhill_us,fanatics,betrivers,espnbet",10
cfb,2025-12-20T16:55:00+00:00,pre_kickoff_close,1,totals,"pinnacle,lowvig,betonlineag,draftkings,fanduel,betmgm,williamhill_us,fanatics,betrivers,espnbet",10
cfb,2025-12-21T00:25:00+00:00,pre_kickoff_close,1,totals,"pinnacle,lowvig,betonlineag,draftkings,fanduel,betmgm,williamhill_us,fanatics,betrivers,espnbet",10
cfb,2025-12-22T03:30:00+00:00,forecast_decision,1,totals,"pinnacle,lowvig,betonlineag,draftkings,fanduel,betmgm,williamhill_us,fanatics,betrivers,espnbet",10
cfb,2025-12-22T18:55:00+00:00,pre_kickoff_close,1,totals,"pinnacle,lowvig,betonlineag,draftkings,fanduel,betmgm,williamhill_us,fanatics,betrivers,espnbet",10
cfb,2025-12-23T03:30:00+00:00,forecast_decision,1,totals,"pinnacle,lowvig,betonlineag,draftkings,fanduel,betmgm,williamhill_us,fanatics,betrivers,espnbet",10
cfb,2025-12-23T18:55:00+00:00,pre_kickoff_close,1,totals,"pinnacle,lowvig,betonlineag,draftkings,fanduel,betmgm,williamhill_us,fanatics,betrivers,espnbet",10
cfb,2025-12-24T03:30:00+00:00,forecast_decision,1,totals,"pinnacle,lowvig,betonlineag,draftkings,fanduel,betmgm,williamhill_us,fanatics,betrivers,espnbet",10
cfb,2025-12-25T00:55:00+00:00,pre_kickoff_close,1,totals,"pinnacle,lowvig,betonlineag,draftkings,fanduel,betmgm,williamhill_us,fanatics,betrivers,espnbet",10
cfb,2025-12-26T03:30:00+00:00,forecast_decision,1,totals,"pinnacle,lowvig,betonlineag,draftkings,fanduel,betmgm,williamhill_us,fanatics,betrivers,espnbet",10
cfb,2025-12-27T00:55:00+00:00,pre_kickoff_close,1,totals,"pinnacle,lowvig,betonlineag,draftkings,fanduel,betmgm,williamhill_us,fanatics,betrivers,espnbet",10
cfb,2025-12-27T03:30:00+00:00,forecast_decision,3,totals,"pinnacle,lowvig,betonlineag,draftkings,fanduel,betmgm,williamhill_us,fanatics,betrivers,espnbet",10
cfb,2025-12-27T15:55:00+00:00,pre_kickoff_close,1,totals,"pinnacle,lowvig,betonlineag,draftkings,fanduel,betmgm,williamhill_us,fanatics,betrivers,espnbet",10
cfb,2025-12-27T21:25:00+00:00,pre_kickoff_close,1,totals,"pinnacle,lowvig,betonlineag,draftkings,fanduel,betmgm,williamhill_us,fanatics,betrivers,espnbet",10
cfb,2025-12-27T22:40:00+00:00,pre_kickoff_close,1,totals,"pinnacle,lowvig,betonlineag,draftkings,fanduel,betmgm,williamhill_us,fanatics,betrivers,espnbet",10
cfb,2025-12-29T03:30:00+00:00,forecast_decision,1,totals,"pinnacle,lowvig,betonlineag,draftkings,fanduel,betmgm,williamhill_us,fanatics,betrivers,espnbet",10
cfb,2025-12-29T18:55:00+00:00,pre_kickoff_close,1,totals,"pinnacle,lowvig,betonlineag,draftkings,fanduel,betmgm,williamhill_us,fanatics,betrivers,espnbet",10
cfb,2025-12-30T03:30:00+00:00,forecast_decision,1,totals,"pinnacle,lowvig,betonlineag,draftkings,fanduel,betmgm,williamhill_us,fanatics,betrivers,espnbet",10
cfb,2025-12-30T22:25:00+00:00,pre_kickoff_close,1,totals,"pinnacle,lowvig,betonlineag,draftkings,fanduel,betmgm,williamhill_us,fanatics,betrivers,espnbet",10
cfb,2025-12-31T03:30:00+00:00,forecast_decision,2,totals,"pinnacle,lowvig,betonlineag,draftkings,fanduel,betmgm,williamhill_us,fanatics,betrivers,espnbet",10
cfb,2025-12-31T16:55:00+00:00,pre_kickoff_close,1,totals,"pinnacle,lowvig,betonlineag,draftkings,fanduel,betmgm,williamhill_us,fanatics,betrivers,espnbet",10
cfb,2025-12-31T18:55:00+00:00,pre_kickoff_close,1,totals,"pinnacle,lowvig,betonlineag,draftkings,fanduel,betmgm,williamhill_us,fanatics,betrivers,espnbet",10
cfb,2026-01-01T03:30:00+00:00,forecast_decision,2,totals,"pinnacle,lowvig,betonlineag,draftkings,fanduel,betmgm,williamhill_us,fanatics,betrivers,espnbet",10
cfb,2026-01-01T16:55:00+00:00,pre_kickoff_close,1,totals,"pinnacle,lowvig,betonlineag,draftkings,fanduel,betmgm,williamhill_us,fanatics,betrivers,espnbet",10
cfb,2026-01-01T20:55:00+00:00,pre_kickoff_close,1,totals,"pinnacle,lowvig,betonlineag,draftkings,fanduel,betmgm,williamhill_us,fanatics,betrivers,espnbet",10
cfb,2026-01-02T03:30:00+00:00,forecast_decision,3,totals,"pinnacle,lowvig,betonlineag,draftkings,fanduel,betmgm,williamhill_us,fanatics,betrivers,espnbet",10
cfb,2026-01-02T17:55:00+00:00,pre_kickoff_close,1,totals,"pinnacle,lowvig,betonlineag,draftkings,fanduel,betmgm,williamhill_us,fanatics,betrivers,espnbet",10
cfb,2026-01-02T21:25:00+00:00,pre_kickoff_close,1,totals,"pinnacle,lowvig,betonlineag,draftkings,fanduel,betmgm,williamhill_us,fanatics,betrivers,espnbet",10
cfb,2026-01-03T00:55:00+00:00,pre_kickoff_close,1,totals,"pinnacle,lowvig,betonlineag,draftkings,fanduel,betmgm,williamhill_us,fanatics,betrivers,espnbet",10
cfb,2026-01-19T03:30:00+00:00,forecast_decision,1,totals,"pinnacle,lowvig,betonlineag,draftkings,fanduel,betmgm,williamhill_us,fanatics,betrivers,espnbet",10
cfb,2026-01-20T00:25:00+00:00,pre_kickoff_close,1,totals,"pinnacle,lowvig,betonlineag,draftkings,fanduel,betmgm,williamhill_us,fanatics,betrivers,espnbet",10
nfl,2020-09-10T02:30:00+00:00,forecast_decision,1,totals,"pinnacle,lowvig,betonlineag,draftkings,fanduel,betmgm,williamhill_us,fanatics,betrivers,espnbet",10
nfl,2020-09-11T00:15:00+00:00,pre_kickoff_close,1,totals,"pinnacle,lowvig,betonlineag,draftkings,fanduel,betmgm,williamhill_us,fanatics,betrivers,espnbet",10
nfl,2020-09-13T02:30:00+00:00,forecast_decision,8,totals,"pinnacle,lowvig,betonlineag,draftkings,fanduel,betmgm,williamhill_us,fanatics,betrivers,espnbet",10
nfl,2020-09-13T16:55:00+00:00,pre_kickoff_close,6,totals,"pinnacle,lowvig,betonlineag,draftkings,fanduel,betmgm,williamhill_us,fanatics,betrivers,espnbet",10
nfl,2020-09-13T20:00:00+00:00,pre_kickoff_close,1,totals,"pinnacle,lowvig,betonlineag,draftkings,fanduel,betmgm,williamhill_us,fanatics,betrivers,espnbet",10
nfl,2020-09-13T20:20:00+00:00,pre_kickoff_close,1,totals,"pinnacle,lowvig,betonlineag,draftkings,fanduel,betmgm,williamhill_us,fanatics,betrivers,espnbet",10
nfl,2020-09-14T02:30:00+00:00,forecast_decision,2,totals,"pinnacle,lowvig,betonlineag,draftkings,fanduel,betmgm,williamhill_us,fanatics,betrivers,espnbet",10
nfl,2020-09-14T23:10:00+00:00,pre_kickoff_close,1,totals,"pinnacle,lowvig,betonlineag,draftkings,fanduel,betmgm,williamhill_us,fanatics,betrivers,espnbet",10
nfl,2020-09-15T02:05:00+00:00,pre_kickoff_close,1,totals,"pinnacle,lowvig,betonlineag,draftkings,fanduel,betmgm,williamhill_us,fanatics,betrivers,espnbet",10
nfl,2020-09-17T02:30:00+00:00,forecast_decision,1,totals,"pinnacle,lowvig,betonlineag,draftkings,fanduel,betmgm,williamhill_us,fanatics,betrivers,espnbet",10
nfl,2020-09-18T00:15:00+00:00,pre_kickoff_close,1,totals,"pinnacle,lowvig,betonlineag,draftkings,fanduel,betmgm,williamhill_us,fanatics,betrivers,espnbet",10
nfl,2020-09-20T02:30:00+00:00,forecast_decision,9,totals,"pinnacle,lowvig,betonlineag,draftkings,fanduel,betmgm,williamhill_us,fanatics,betrivers,espnbet",10
nfl,2020-09-20T16:55:00+00:00,pre_kickoff_close,8,totals,"pinnacle,lowvig,betonlineag,draftkings,fanduel,betmgm,williamhill_us,fanatics,betrivers,espnbet",10
nfl,2020-09-21T00:15:00+00:00,pre_kickoff_close,1,totals,"pinnacle,lowvig,betonlineag,draftkings,fanduel,betmgm,williamhill_us,fanatics,betrivers,espnbet",10
nfl,2020-09-24T02:30:00+00:00,forecast_decision,1,totals,"pinnacle,lowvig,betonlineag,draftkings,fanduel,betmgm,williamhill_us,fanatics,betrivers,espnbet",10
nfl,2020-09-25T00:15:00+00:00,pre_kickoff_close,1,totals,"pinnacle,lowvig,betonlineag,draftkings,fanduel,betmgm,williamhill_us,fanatics,betrivers,espnbet",10
nfl,2020-09-27T02:30:00+00:00,forecast_decision,8,totals,"pinnacle,lowvig,betonlineag,draftkings,fanduel,betmgm,williamhill_us,fanatics,betrivers,espnbet",10
nfl,2020-09-27T16:55:00+00:00,pre_kickoff_close,6,totals,"pinnacle,lowvig,betonlineag,draftkings,fanduel,betmgm,williamhill_us,fanatics,betrivers,espnbet",10
nfl,2020-09-27T20:20:00+00:00,pre_kickoff_close,2,totals,"pinnacle,lowvig,betonlineag,draftkings,fanduel,betmgm,williamhill_us,fanatics,betrivers,espnbet",10
nfl,2020-09-28T02:30:00+00:00,forecast_decision,1,totals,"pinnacle,lowvig,betonlineag,draftkings,fanduel,betmgm,williamhill_us,fanatics,betrivers,espnbet",10
nfl,2020-09-29T00:10:00+00:00,pre_kickoff_close,1,totals,"pinnacle,lowvig,betonlineag,draftkings,fanduel,betmgm,williamhill_us,fanatics,betrivers,espnbet",10
nfl,2020-10-01T02:30:00+00:00,forecast_decision,1,totals,"pinnacle,lowvig,betonlineag,draftkings,fanduel,betmgm,williamhill_us,fanatics,betrivers,espnbet",10
nfl,2020-10-02T00:15:00+00:00,pre_kickoff_close,1,totals,"pinnacle,lowvig,betonlineag,draftkings,fanduel,betmgm,williamhill_us,fanatics,betrivers,espnbet",10
nfl,2020-10-04T02:30:00+00:00,forecast_decision,7,totals,"pinnacle,lowvig,betonlineag,draftkings,fanduel,betmgm,williamhill_us,fanatics,betrivers,espnbet",10
nfl,2020-10-04T16:55:00+00:00,pre_kickoff_close,5,totals,"pinnacle,lowvig,betonlineag,draftkings,fanduel,betmgm,williamhill_us,fanatics,betrivers,espnbet",10
nfl,2020-10-04T20:20:00+00:00,pre_kickoff_close,1,totals,"pinnacle,lowvig,betonlineag,draftkings,fanduel,betmgm,williamhill_us,fanatics,betrivers,espnbet",10
nfl,2020-10-05T00:15:00+00:00,pre_kickoff_close,1,totals,"pinnacle,lowvig,betonlineag,draftkings,fanduel,betmgm,williamhill_us,fanatics,betrivers,espnbet",10
nfl,2020-10-05T02:30:00+00:00,forecast_decision,2,totals,"pinnacle,lowvig,betonlineag,draftkings,fanduel,betmgm,williamhill_us,fanatics,betrivers,espnbet",10
nfl,2020-10-05T23:00:00+00:00,pre_kickoff_close,1,totals,"pinnacle,lowvig,betonlineag,draftkings,fanduel,betmgm,williamhill_us,fanatics,betrivers,espnbet",10
nfl,2020-10-06T00:55:00+00:00,pre_kickoff_close,1,totals,"pinnacle,lowvig,betonlineag,draftkings,fanduel,betmgm,williamhill_us,fanatics,betrivers,espnbet",10
nfl,2020-10-08T02:30:00+00:00,forecast_decision,1,totals,"pinnacle,lowvig,betonlineag,draftkings,fanduel,betmgm,williamhill_us,fanatics,betrivers,espnbet",10
nfl,2020-10-09T00:15:00+00:00,pre_kickoff_close,1,totals,"pinnacle,lowvig,betonlineag,draftkings,fanduel,betmgm,williamhill_us,fanatics,betrivers,espnbet",10
nfl,2020-10-11T02:30:00+00:00,forecast_decision,8,totals,"pinnacle,lowvig,betonlineag,draftkings,fanduel,betmgm,williamhill_us,fanatics,betrivers,espnbet",10
nfl,2020-10-11T16:55:00+00:00,pre_kickoff_close,5,totals,"pinnacle,lowvig,betonlineag,draftkings,fanduel,betmgm,williamhill_us,fanatics,betrivers,espnbet",10
nfl,2020-10-11T20:00:00+00:00,pre_kickoff_close,1,totals,"pinnacle,lowvig,betonlineag,draftkings,fanduel,betmgm,williamhill_us,fanatics,betrivers,espnbet",10
nfl,2020-10-11T20:20:00+00:00,pre_kickoff_close,1,totals,"pinnacle,lowvig,betonlineag,draftkings,fanduel,betmgm,williamhill_us,fanatics,betrivers,espnbet",10
nfl,2020-10-12T00:15:00+00:00,pre_kickoff_close,1,totals,"pinnacle,lowvig,betonlineag,draftkings,fanduel,betmgm,williamhill_us,fanatics,betrivers,espnbet",10
nfl,2020-10-13T02:30:00+00:00,forecast_decision,1,totals,"pinnacle,lowvig,betonlineag,draftkings,fanduel,betmgm,williamhill_us,fanatics,betrivers,espnbet",10
nfl,2020-10-13T22:55:00+00:00,pre_kickoff_close,1,totals,"pinnacle,lowvig,betonlineag,draftkings,fanduel,betmgm,williamhill_us,fanatics,betrivers,espnbet",10
nfl,2020-10-18T02:30:00+00:00,forecast_decision,10,totals,"pinnacle,lowvig,betonlineag,draftkings,fanduel,betmgm,williamhill_us,fanatics,betrivers,espnbet",10
nfl,2020-10-18T16:55:00+00:00,pre_kickoff_close,7,totals,"pinnacle,lowvig,betonlineag,draftkings,fanduel,betmgm,williamhill_us,fanatics,betrivers,espnbet",10
nfl,2020-10-18T20:00:00+00:00,pre_kickoff_close,1,totals,"pinnacle,lowvig,betonlineag,draftkings,fanduel,betmgm,williamhill_us,fanatics,betrivers,espnbet",10
nfl,2020-10-18T20:20:00+00:00,pre_kickoff_close,1,totals,"pinnacle,lowvig,betonlineag,draftkings,fanduel,betmgm,williamhill_us,fanatics,betrivers,espnbet",10
nfl,2020-10-19T00:15:00+00:00,pre_kickoff_close,1,totals,"pinnacle,lowvig,betonlineag,draftkings,fanduel,betmgm,williamhill_us,fanatics,betrivers,espnbet",10
nfl,2020-10-19T02:30:00+00:00,forecast_decision,1,totals,"pinnacle,lowvig,betonlineag,draftkings,fanduel,betmgm,williamhill_us,fanatics,betrivers,espnbet",10
nfl,2020-10-19T20:55:00+00:00,pre_kickoff_close,1,totals,"pinnacle,lowvig,betonlineag,draftkings,fanduel,betmgm,williamhill_us,fanatics,betrivers,espnbet",10
nfl,2020-10-22T02:30:00+00:00,forecast_decision,1,totals,"pinnacle,lowvig,betonlineag,draftkings,fanduel,betmgm,williamhill_us,fanatics,betrivers,espnbet",10
nfl,2020-10-23T00:15:00+00:00,pre_kickoff_close,1,totals,"pinnacle,lowvig,betonlineag,draftkings,fanduel,betmgm,williamhill_us,fanatics,betrivers,espnbet",10
nfl,2020-10-25T02:30:00+00:00,forecast_decision,6,totals,"pinnacle,lowvig,betonlineag,draftkings,fanduel,betmgm,williamhill_us,fanatics,betrivers,espnbet",10
nfl,2020-10-25T16:55:00+00:00,pre_kickoff_close,4,totals,"pinnacle,lowvig,betonlineag,draftkings,fanduel,betmgm,williamhill_us,fanatics,betrivers,espnbet",10
nfl,2020-10-25T20:20:00+00:00,pre_kickoff_close,2,totals,"pinnacle,lowvig,betonlineag,draftkings,fanduel,betmgm,williamhill_us,fanatics,betrivers,espnbet",10
nfl,2020-10-29T02:30:00+00:00,forecast_decision,1,totals,"pinnacle,lowvig,betonlineag,draftkings,fanduel,betmgm,williamhill_us,fanatics,betrivers,espnbet",10
nfl,2020-10-30T00:15:00+00:00,pre_kickoff_close,1,totals,"pinnacle,lowvig,betonlineag,draftkings,fanduel,betmgm,williamhill_us,fanatics,betrivers,espnbet",10
nfl,2020-11-01T02:30:00+00:00,forecast_decision,11,totals,"pinnacle,lowvig,betonlineag,draftkings,fanduel,betmgm,williamhill_us,fanatics,betrivers,espnbet",10
nfl,2020-11-01T17:55:00+00:00,pre_kickoff_close,7,totals,"pinnacle,lowvig,betonlineag,draftkings,fanduel,betmgm,williamhill_us,fanatics,betrivers,espnbet",10
nfl,2020-11-01T21:00:00+00:00,pre_kickoff_close,1,totals,"pinnacle,lowvig,betonlineag,draftkings,fanduel,betmgm,williamhill_us,fanatics,betrivers,espnbet",10
nfl,2020-11-01T21:20:00+00:00,pre_kickoff_close,2,totals,"pinnacle,lowvig,betonlineag,draftkings,fanduel,betmgm,williamhill_us,fanatics,betrivers,espnbet",10
nfl,2020-11-02T01:15:00+00:00,pre_kickoff_close,1,totals,"pinnacle,lowvig,betonlineag,draftkings,fanduel,betmgm,williamhill_us,fanatics,betrivers,espnbet",10
nfl,2020-11-02T03:30:00+00:00,forecast_decision,1,totals,"pinnacle,lowvig,betonlineag,draftkings,fanduel,betmgm,williamhill_us,fanatics,betrivers,espnbet",10
nfl,2020-11-03T01:10:00+00:00,pre_kickoff_close,1,totals,"pinnacle,lowvig,betonlineag,draftkings,fanduel,betmgm,williamhill_us,fanatics,betrivers,espnbet",10
nfl,2020-11-05T03:30:00+00:00,forecast_decision,1,totals,"pinnacle,lowvig,betonlineag,draftkings,fanduel,betmgm,williamhill_us,fanatics,betrivers,espnbet",10
nfl,2020-11-06T01:15:00+00:00,pre_kickoff_close,1,totals,"pinnacle,lowvig,betonlineag,draftkings,fanduel,betmgm,williamhill_us,fanatics,betrivers,espnbet",10
nfl,2020-11-08T03:30:00+00:00,forecast_decision,6,totals,"pinnacle,lowvig,betonlineag,draftkings,fanduel,betmgm,williamhill_us,fanatics,betrivers,espnbet",10
nfl,2020-11-08T17:55:00+00:00,pre_kickoff_close,5,totals,"pinnacle,lowvig,betonlineag,draftkings,fanduel,betmgm,williamhill_us,fanatics,betrivers,espnbet",10
nfl,2020-11-09T01:15:00+00:00,pre_kickoff_close,1,totals,"pinnacle,lowvig,betonlineag,draftkings,fanduel,betmgm,williamhill_us,fanatics,betrivers,espnbet",10
nfl,2020-11-09T03:30:00+00:00,forecast_decision,1,totals,"pinnacle,lowvig,betonlineag,draftkings,fanduel,betmgm,williamhill_us,fanatics,betrivers,espnbet",10
nfl,2020-11-10T01:10:00+00:00,pre_kickoff_close,1,totals,"pinnacle,lowvig,betonlineag,draftkings,fanduel,betmgm,williamhill_us,fanatics,betrivers,espnbet",10
nfl,2020-11-12T03:30:00+00:00,forecast_decision,1,totals,"pinnacle,lowvig,betonlineag,draftkings,fanduel,betmgm,williamhill_us,fanatics,betrivers,espnbet",10
nfl,2020-11-13T01:15:00+00:00,pre_kickoff_close,1,totals,"pinnacle,lowvig,betonlineag,draftkings,fanduel,betmgm,williamhill_us,fanatics,betrivers,espnbet",10
nfl,2020-11-15T03:30:00+00:00,forecast_decision,7,totals,"pinnacle,lowvig,betonlineag,draftkings,fanduel,betmgm,williamhill_us,fanatics,betrivers,espnbet",10
nfl,2020-11-15T17:55:00+00:00,pre_kickoff_close,4,totals,"pinnacle,lowvig,betonlineag,draftkings,fanduel,betmgm,williamhill_us,fanatics,betrivers,espnbet",10
nfl,2020-11-15T21:00:00+00:00,pre_kickoff_close,1,totals,"pinnacle,lowvig,betonlineag,draftkings,fanduel,betmgm,williamhill_us,fanatics,betrivers,espnbet",10
nfl,2020-11-15T21:20:00+00:00,pre_kickoff_close,1,totals,"pinnacle,lowvig,betonlineag,draftkings,fanduel,betmgm,williamhill_us,fanatics,betrivers,espnbet",10
nfl,2020-11-16T01:15:00+00:00,pre_kickoff_close,1,totals,"pinnacle,lowvig,betonlineag,draftkings,fanduel,betmgm,williamhill_us,fanatics,betrivers,espnbet",10
nfl,2020-11-16T03:30:00+00:00,forecast_decision,1,totals,"pinnacle,lowvig,betonlineag,draftkings,fanduel,betmgm,williamhill_us,fanatics,betrivers,espnbet",10
nfl,2020-11-17T01:10:00+00:00,pre_kickoff_close,1,totals,"pinnacle,lowvig,betonlineag,draftkings,fanduel,betmgm,williamhill_us,fanatics,betrivers,espnbet",10
nfl,2020-11-19T03:30:00+00:00,forecast_decision,1,totals,"pinnacle,lowvig,betonlineag,draftkings,fanduel,betmgm,williamhill_us,fanatics,betrivers,espnbet",10
nfl,2020-11-20T01:15:00+00:00,pre_kickoff_close,1,totals,"pinnacle,lowvig,betonlineag,draftkings,fanduel,betmgm,williamhill_us,fanatics,betrivers,espnbet",10
nfl,2020-11-22T03:30:00+00:00,forecast_decision,6,totals,"pinnacle,lowvig,betonlineag,draftkings,fanduel,betmgm,williamhill_us,fanatics,betrivers,espnbet",10
nfl,2020-11-22T17:55:00+00:00,pre_kickoff_close,5,totals,"pinnacle,lowvig,betonlineag,draftkings,fanduel,betmgm,williamhill_us,fanatics,betrivers,espnbet",10
nfl,2020-11-22T21:00:00+00:00,pre_kickoff_close,1,totals,"pinnacle,lowvig,betonlineag,draftkings,fanduel,betmgm,williamhill_us,fanatics,betrivers,espnbet",10
nfl,2020-11-23T03:30:00+00:00,forecast_decision,1,totals,"pinnacle,lowvig,betonlineag,draftkings,fanduel,betmgm,williamhill_us,fanatics,betrivers,espnbet",10
nfl,2020-11-24T01:10:00+00:00,pre_kickoff_close,1,totals,"pinnacle,lowvig,betonlineag,draftkings,fanduel,betmgm,williamhill_us,fanatics,betrivers,espnbet",10
nfl,2020-11-29T03:30:00+00:00,forecast_decision,8,totals,"pinnacle,lowvig,betonlineag,draftkings,fanduel,betmgm,williamhill_us,fanatics,betrivers,espnbet",10
nfl,2020-11-29T17:55:00+00:00,pre_kickoff_close,5,totals,"pinnacle,lowvig,betonlineag,draftkings,fanduel,betmgm,williamhill_us,fanatics,betrivers,espnbet",10
nfl,2020-11-29T21:00:00+00:00,pre_kickoff_close,1,totals,"pinnacle,lowvig,betonlineag,draftkings,fanduel,betmgm,williamhill_us,fanatics,betrivers,espnbet",10
nfl,2020-11-29T21:20:00+00:00,pre_kickoff_close,1,totals,"pinnacle,lowvig,betonlineag,draftkings,fanduel,betmgm,williamhill_us,fanatics,betrivers,espnbet",10
nfl,2020-11-30T01:15:00+00:00,pre_kickoff_close,1,totals,"pinnacle,lowvig,betonlineag,draftkings,fanduel,betmgm,williamhill_us,fanatics,betrivers,espnbet",10
nfl,2020-11-30T03:30:00+00:00,forecast_decision,1,totals,"pinnacle,lowvig,betonlineag,draftkings,fanduel,betmgm,williamhill_us,fanatics,betrivers,espnbet",10
nfl,2020-12-01T01:10:00+00:00,pre_kickoff_close,1,totals,"pinnacle,lowvig,betonlineag,draftkings,fanduel,betmgm,williamhill_us,fanatics,betrivers,espnbet",10
nfl,2020-12-02T03:30:00+00:00,forecast_decision,1,totals,"pinnacle,lowvig,betonlineag,draftkings,fanduel,betmgm,williamhill_us,fanatics,betrivers,espnbet",10
nfl,2020-12-02T20:35:00+00:00,pre_kickoff_close,1,totals,"pinnacle,lowvig,betonlineag,draftkings,fanduel,betmgm,williamhill_us,fanatics,betrivers,espnbet",10
nfl,2020-12-06T03:30:00+00:00,forecast_decision,7,totals,"pinnacle,lowvig,betonlineag,draftkings,fanduel,betmgm,williamhill_us,fanatics,betrivers,espnbet",10
nfl,2020-12-06T17:55:00+00:00,pre_kickoff_close,4,totals,"pinnacle,lowvig,betonlineag,draftkings,fanduel,betmgm,williamhill_us,fanatics,betrivers,espnbet",10
nfl,2020-12-06T21:00:00+00:00,pre_kickoff_close,1,totals,"pinnacle,lowvig,betonlineag,draftkings,fanduel,betmgm,williamhill_us,fanatics,betrivers,espnbet",10
nfl,2020-12-06T21:20:00+00:00,pre_kickoff_close,1,totals,"pinnacle,lowvig,betonlineag,draftkings,fanduel,betmgm,williamhill_us,fanatics,betrivers,espnbet",10
nfl,2020-12-07T01:15:00+00:00,pre_kickoff_close,1,totals,"pinnacle,lowvig,betonlineag,draftkings,fanduel,betmgm,williamhill_us,fanatics,betrivers,espnbet",10
nfl,2020-12-07T03:30:00+00:00,forecast_decision,1,totals,"pinnacle,lowvig,betonlineag,draftkings,fanduel,betmgm,williamhill_us,fanatics,betrivers,espnbet",10
nfl,2020-12-07T21:55:00+00:00,pre_kickoff_close,1,totals,"pinnacle,lowvig,betonlineag,draftkings,fanduel,betmgm,williamhill_us,fanatics,betrivers,espnbet",10
nfl,2020-12-08T03:30:00+00:00,forecast_decision,1,totals,"pinnacle,lowvig,betonlineag,draftkings,fanduel,betmgm,williamhill_us,fanatics,betrivers,espnbet",10
nfl,2020-12-09T01:00:00+00:00,pre_kickoff_close,1,totals,"pinnacle,lowvig,betonlineag,draftkings,fanduel,betmgm,williamhill_us,fanatics,betrivers,espnbet",10
nfl,2020-12-13T03:30:00+00:00,forecast_decision,10,totals,"pinnacle,lowvig,betonlineag,draftkings,fanduel,betmgm,williamhill_us,fanatics,betrivers,espnbet",10
nfl,2020-12-13T17:55:00+00:00,pre_kickoff_close,7,totals,"pinnacle,lowvig,betonlineag,draftkings,fanduel,betmgm,williamhill_us,fanatics,betrivers,espnbet",10
nfl,2020-12-13T21:00:00+00:00,pre_kickoff_close,1,totals,"pinnacle,lowvig,betonlineag,draftkings,fanduel,betmgm,williamhill_us,fanatics,betrivers,espnbet",10
nfl,2020-12-13T21:20:00+00:00,pre_kickoff_close,1,totals,"pinnacle,lowvig,betonlineag,draftkings,fanduel,betmgm,williamhill_us,fanatics,betrivers,espnbet",10
nfl,2020-12-14T01:15:00+00:00,pre_kickoff_close,1,totals,"pinnacle,lowvig,betonlineag,draftkings,fanduel,betmgm,williamhill_us,fanatics,betrivers,espnbet",10
nfl,2020-12-14T03:30:00+00:00,forecast_decision,1,totals,"pinnacle,lowvig,betonlineag,draftkings,fanduel,betmgm,williamhill_us,fanatics,betrivers,espnbet",10
nfl,2020-12-15T01:10:00+00:00,pre_kickoff_close,1,totals,"pinnacle,lowvig,betonlineag,draftkings,fanduel,betmgm,williamhill_us,fanatics,betrivers,espnbet",10
nfl,2020-12-19T03:30:00+00:00,forecast_decision,2,totals,"pinnacle,lowvig,betonlineag,draftkings,fanduel,betmgm,williamhill_us,fanatics,betrivers,espnbet",10
nfl,2020-12-19T21:25:00+00:00,pre_kickoff_close,1,totals,"pinnacle,lowvig,betonlineag,draftkings,fanduel,betmgm,williamhill_us,fanatics,betrivers,espnbet",10
nfl,2020-12-20T01:10:00+00:00,pre_kickoff_close,1,totals,"pinnacle,lowvig,betonlineag,draftkings,fanduel,betmgm,williamhill_us,fanatics,betrivers,espnbet",10
nfl,2020-12-20T03:30:00+00:00,forecast_decision,5,totals,"pinnacle,lowvig,betonlineag,draftkings,fanduel,betmgm,williamhill_us,fanatics,betrivers,espnbet",10
nfl,2020-12-20T17:55:00+00:00,pre_kickoff_close,4,totals,"pinnacle,lowvig,betonlineag,draftkings,fanduel,betmgm,williamhill_us,fanatics,betrivers,espnbet",10
nfl,2020-12-21T01:15:00+00:00,pre_kickoff_close,1,totals,"pinnacle,lowvig,betonlineag,draftkings,fanduel,betmgm,williamhill_us,fanatics,betrivers,espnbet",10
nfl,2020-12-21T03:30:00+00:00,forecast_decision,1,totals,"pinnacle,lowvig,betonlineag,draftkings,fanduel,betmgm,williamhill_us,fanatics,betrivers,espnbet",10
nfl,2020-12-22T01:10:00+00:00,pre_kickoff_close,1,totals,"pinnacle,lowvig,betonlineag,draftkings,fanduel,betmgm,williamhill_us,fanatics,betrivers,espnbet",10
nfl,2020-12-27T03:30:00+00:00,forecast_decision,8,totals,"pinnacle,lowvig,betonlineag,draftkings,fanduel,betmgm,williamhill_us,fanatics,betrivers,espnbet",10
nfl,2020-12-27T17:55:00+00:00,pre_kickoff_close,5,totals,"pinnacle,lowvig,betonlineag,draftkings,fanduel,betmgm,williamhill_us,fanatics,betrivers,espnbet",10
nfl,2020-12-27T21:00:00+00:00,pre_kickoff_close,1,totals,"pinnacle,lowvig,betonlineag,draftkings,fanduel,betmgm,williamhill_us,fanatics,betrivers,espnbet",10
nfl,2020-12-27T21:20:00+00:00,pre_kickoff_close,1,totals,"pinnacle,lowvig,betonlineag,draftkings,fanduel,betmgm,williamhill_us,fanatics,betrivers,espnbet",10
nfl,2020-12-28T01:15:00+00:00,pre_kickoff_close,1,totals,"pinnacle,lowvig,betonlineag,draftkings,fanduel,betmgm,williamhill_us,fanatics,betrivers,espnbet",10
nfl,2020-12-28T03:30:00+00:00,forecast_decision,1,totals,"pinnacle,lowvig,betonlineag,draftkings,fanduel,betmgm,williamhill_us,fanatics,betrivers,espnbet",10
nfl,2020-12-29T01:10:00+00:00,pre_kickoff_close,1,totals,"pinnacle,lowvig,betonlineag,draftkings,fanduel,betmgm,williamhill_us,fanatics,betrivers,espnbet",10
nfl,2021-01-03T03:30:00+00:00,forecast_decision,11,totals,"pinnacle,lowvig,betonlineag,draftkings,fanduel,betmgm,williamhill_us,fanatics,betrivers,espnbet",10
nfl,2021-01-03T17:55:00+00:00,pre_kickoff_close,6,totals,"pinnacle,lowvig,betonlineag,draftkings,fanduel,betmgm,williamhill_us,fanatics,betrivers,espnbet",10
nfl,2021-01-03T21:20:00+00:00,pre_kickoff_close,4,totals,"pinnacle,lowvig,betonlineag,draftkings,fanduel,betmgm,williamhill_us,fanatics,betrivers,espnbet",10
nfl,2021-01-04T01:15:00+00:00,pre_kickoff_close,1,totals,"pinnacle,lowvig,betonlineag,draftkings,fanduel,betmgm,williamhill_us,fanatics,betrivers,espnbet",10
nfl,2021-01-09T03:30:00+00:00,forecast_decision,3,totals,"pinnacle,lowvig,betonlineag,draftkings,fanduel,betmgm,williamhill_us,fanatics,betrivers,espnbet",10
nfl,2021-01-09T18:00:00+00:00,pre_kickoff_close,1,totals,"pinnacle,lowvig,betonlineag,draftkings,fanduel,betmgm,williamhill_us,fanatics,betrivers,espnbet",10
nfl,2021-01-09T21:35:00+00:00,pre_kickoff_close,1,totals,"pinnacle,lowvig,betonlineag,draftkings,fanduel,betmgm,williamhill_us,fanatics,betrivers,espnbet",10
nfl,2021-01-10T01:10:00+00:00,pre_kickoff_close,1,totals,"pinnacle,lowvig,betonlineag,draftkings,fanduel,betmgm,williamhill_us,fanatics,betrivers,espnbet",10
nfl,2021-01-10T03:30:00+00:00,forecast_decision,2,totals,"pinnacle,lowvig,betonlineag,draftkings,fanduel,betmgm,williamhill_us,fanatics,betrivers,espnbet",10
nfl,2021-01-10T18:00:00+00:00,pre_kickoff_close,1,totals,"pinnacle,lowvig,betonlineag,draftkings,fanduel,betmgm,williamhill_us,fanatics,betrivers,espnbet",10
nfl,2021-01-11T01:10:00+00:00,pre_kickoff_close,1,totals,"pinnacle,lowvig,betonlineag,draftkings,fanduel,betmgm,williamhill_us,fanatics,betrivers,espnbet",10
nfl,2021-01-16T03:30:00+00:00,forecast_decision,2,totals,"pinnacle,lowvig,betonlineag,draftkings,fanduel,betmgm,williamhill_us,fanatics,betrivers,espnbet",10
nfl,2021-01-16T21:30:00+00:00,pre_kickoff_close,1,totals,"pinnacle,lowvig,betonlineag,draftkings,fanduel,betmgm,williamhill_us,fanatics,betrivers,espnbet",10
nfl,2021-01-17T01:10:00+00:00,pre_kickoff_close,1,totals,"pinnacle,lowvig,betonlineag,draftkings,fanduel,betmgm,williamhill_us,fanatics,betrivers,espnbet",10
nfl,2021-01-17T03:30:00+00:00,forecast_decision,1,totals,"pinnacle,lowvig,betonlineag,draftkings,fanduel,betmgm,williamhill_us,fanatics,betrivers,espnbet",10
nfl,2021-01-17T20:00:00+00:00,pre_kickoff_close,1,totals,"pinnacle,lowvig,betonlineag,draftkings,fanduel,betmgm,williamhill_us,fanatics,betrivers,espnbet",10
nfl,2021-01-24T03:30:00+00:00,forecast_decision,2,totals,"pinnacle,lowvig,betonlineag,draftkings,fanduel,betmgm,williamhill_us,fanatics,betrivers,espnbet",10
nfl,2021-01-24T20:00:00+00:00,pre_kickoff_close,1,totals,"pinnacle,lowvig,betonlineag,draftkings,fanduel,betmgm,williamhill_us,fanatics,betrivers,espnbet",10
nfl,2021-01-24T23:35:00+00:00,pre_kickoff_close,1,totals,"pinnacle,lowvig,betonlineag,draftkings,fanduel,betmgm,williamhill_us,fanatics,betrivers,espnbet",10
nfl,2021-02-07T03:30:00+00:00,forecast_decision,1,totals,"pinnacle,lowvig,betonlineag,draftkings,fanduel,betmgm,williamhill_us,fanatics,betrivers,espnbet",10
nfl,2021-02-07T23:25:00+00:00,pre_kickoff_close,1,totals,"pinnacle,lowvig,betonlineag,draftkings,fanduel,betmgm,williamhill_us,fanatics,betrivers,espnbet",10
nfl,2021-09-09T02:30:00+00:00,forecast_decision,1,totals,"pinnacle,lowvig,betonlineag,draftkings,fanduel,betmgm,williamhill_us,fanatics,betrivers,espnbet",10
nfl,2021-09-10T00:15:00+00:00,pre_kickoff_close,1,totals,"pinnacle,lowvig,betonlineag,draftkings,fanduel,betmgm,williamhill_us,fanatics,betrivers,espnbet",10
nfl,2021-09-12T02:30:00+00:00,forecast_decision,9,totals,"pinnacle,lowvig,betonlineag,draftkings,fanduel,betmgm,williamhill_us,fanatics,betrivers,espnbet",10
nfl,2021-09-12T16:55:00+00:00,pre_kickoff_close,5,totals,"pinnacle,lowvig,betonlineag,draftkings,fanduel,betmgm,williamhill_us,fanatics,betrivers,espnbet",10
nfl,2021-09-12T20:20:00+00:00,pre_kickoff_close,4,totals,"pinnacle,lowvig,betonlineag,draftkings,fanduel,betmgm,williamhill_us,fanatics,betrivers,espnbet",10
nfl,2021-09-16T02:30:00+00:00,forecast_decision,1,totals,"pinnacle,lowvig,betonlineag,draftkings,fanduel,betmgm,williamhill_us,fanatics,betrivers,espnbet",10
nfl,2021-09-17T00:15:00+00:00,pre_kickoff_close,1,totals,"pinnacle,lowvig,betonlineag,draftkings,fanduel,betmgm,williamhill_us,fanatics,betrivers,espnbet",10
nfl,2021-09-19T02:30:00+00:00,forecast_decision,11,totals,"pinnacle,lowvig,betonlineag,draftkings,fanduel,betmgm,williamhill_us,fanatics,betrivers,espnbet",10
nfl,2021-09-19T16:55:00+00:00,pre_kickoff_close,8,totals,"pinnacle,lowvig,betonlineag,draftkings,fanduel,betmgm,williamhill_us,fanatics,betrivers,espnbet",10
nfl,2021-09-19T20:00:00+00:00,pre_kickoff_close,1,totals,"pinnacle,lowvig,betonlineag,draftkings,fanduel,betmgm,williamhill_us,fanatics,betrivers,espnbet",10
nfl,2021-09-19T20:20:00+00:00,pre_kickoff_close,1,totals,"pinnacle,lowvig,betonlineag,draftkings,fanduel,betmgm,williamhill_us,fanatics,betrivers,espnbet",10
nfl,2021-09-20T00:15:00+00:00,pre_kickoff_close,1,totals,"pinnacle,lowvig,betonlineag,draftkings,fanduel,betmgm,williamhill_us,fanatics,betrivers,espnbet",10
nfl,2021-09-20T02:30:00+00:00,forecast_decision,1,totals,"pinnacle,lowvig,betonlineag,draftkings,fanduel,betmgm,williamhill_us,fanatics,betrivers,espnbet",10
nfl,2021-09-21T00:10:00+00:00,pre_kickoff_close,1,totals,"pinnacle,lowvig,betonlineag,draftkings,fanduel,betmgm,williamhill_us,fanatics,betrivers,espnbet",10
nfl,2021-09-26T02:30:00+00:00,forecast_decision,10,totals,"pinnacle,lowvig,betonlineag,draftkings,fanduel,betmgm,williamhill_us,fanatics,betrivers,espnbet",10
nfl,2021-09-26T16:55:00+00:00,pre_kickoff_close,8,totals,"pinnacle,lowvig,betonlineag,draftkings,fanduel,betmgm,williamhill_us,fanatics,betrivers,espnbet",10
nfl,2021-09-26T20:00:00+00:00,pre_kickoff_close,1,totals,"pinnacle,lowvig,betonlineag,draftkings,fanduel,betmgm,williamhill_us,fanatics,betrivers,espnbet",10
nfl,2021-09-27T00:15:00+00:00,pre_kickoff_close,1,totals,"pinnacle,lowvig,betonlineag,draftkings,fanduel,betmgm,williamhill_us,fanatics,betrivers,espnbet",10
nfl,2021-09-30T02:30:00+00:00,forecast_decision,1,totals,"pinnacle,lowvig,betonlineag,draftkings,fanduel,betmgm,williamhill_us,fanatics,betrivers,espnbet",10
nfl,2021-10-01T00:15:00+00:00,pre_kickoff_close,1,totals,"pinnacle,lowvig,betonlineag,draftkings,fanduel,betmgm,williamhill_us,fanatics,betrivers,espnbet",10
nfl,2021-10-03T02:30:00+00:00,forecast_decision,9,totals,"pinnacle,lowvig,betonlineag,draftkings,fanduel,betmgm,williamhill_us,fanatics,betrivers,espnbet",10
nfl,2021-10-03T16:55:00+00:00,pre_kickoff_close,5,totals,"pinnacle,lowvig,betonlineag,draftkings,fanduel,betmgm,williamhill_us,fanatics,betrivers,espnbet",10
nfl,2021-10-03T20:00:00+00:00,pre_kickoff_close,1,totals,"pinnacle,lowvig,betonlineag,draftkings,fanduel,betmgm,williamhill_us,fanatics,betrivers,espnbet",10
nfl,2021-10-03T20:20:00+00:00,pre_kickoff_close,2,totals,"pinnacle,lowvig,betonlineag,draftkings,fanduel,betmgm,williamhill_us,fanatics,betrivers,espnbet",10
nfl,2021-10-04T00:15:00+00:00,pre_kickoff_close,1,totals,"pinnacle,lowvig,betonlineag,draftkings,fanduel,betmgm,williamhill_us,fanatics,betrivers,espnbet",10
nfl,2021-10-07T02:30:00+00:00,forecast_decision,1,totals,"pinnacle,lowvig,betonlineag,draftkings,fanduel,betmgm,williamhill_us,fanatics,betrivers,espnbet",10
nfl,2021-10-08T00:15:00+00:00,pre_kickoff_close,1,totals,"pinnacle,lowvig,betonlineag,draftkings,fanduel,betmgm,williamhill_us,fanatics,betrivers,espnbet",10
nfl,2021-10-10T02:30:00+00:00,forecast_decision,7,totals,"pinnacle,lowvig,betonlineag,draftkings,fanduel,betmgm,williamhill_us,fanatics,betrivers,espnbet",10
nfl,2021-10-10T16:55:00+00:00,pre_kickoff_close,6,totals,"pinnacle,lowvig,betonlineag,draftkings,fanduel,betmgm,williamhill_us,fanatics,betrivers,espnbet",10
nfl,2021-10-11T00:15:00+00:00,pre_kickoff_close,1,totals,"pinnacle,lowvig,betonlineag,draftkings,fanduel,betmgm,williamhill_us,fanatics,betrivers,espnbet",10
nfl,2021-10-11T02:30:00+00:00,forecast_decision,1,totals,"pinnacle,lowvig,betonlineag,draftkings,fanduel,betmgm,williamhill_us,fanatics,betrivers,espnbet",10
nfl,2021-10-12T00:10:00+00:00,pre_kickoff_close,1,totals,"pinnacle,lowvig,betonlineag,draftkings,fanduel,betmgm,williamhill_us,fanatics,betrivers,espnbet",10
nfl,2021-10-14T02:30:00+00:00,forecast_decision,1,totals,"pinnacle,lowvig,betonlineag,draftkings,fanduel,betmgm,williamhill_us,fanatics,betrivers,espnbet",10
nfl,2021-10-15T00:15:00+00:00,pre_kickoff_close,1,totals,"pinnacle,lowvig,betonlineag,draftkings,fanduel,betmgm,williamhill_us,fanatics,betrivers,espnbet",10
nfl,2021-10-17T02:30:00+00:00,forecast_decision,9,totals,"pinnacle,lowvig,betonlineag,draftkings,fanduel,betmgm,williamhill_us,fanatics,betrivers,espnbet",10
nfl,2021-10-17T16:55:00+00:00,pre_kickoff_close,5,totals,"pinnacle,lowvig,betonlineag,draftkings,fanduel,betmgm,williamhill_us,fanatics,betrivers,espnbet",10
nfl,2021-10-17T20:00:00+00:00,pre_kickoff_close,1,totals,"pinnacle,lowvig,betonlineag,draftkings,fanduel,betmgm,williamhill_us,fanatics,betrivers,espnbet",10
nfl,2021-10-17T20:20:00+00:00,pre_kickoff_close,2,totals,"pinnacle,lowvig,betonlineag,draftkings,fanduel,betmgm,williamhill_us,fanatics,betrivers,espnbet",10
nfl,2021-10-18T00:15:00+00:00,pre_kickoff_close,1,totals,"pinnacle,lowvig,betonlineag,draftkings,fanduel,betmgm,williamhill_us,fanatics,betrivers,espnbet",10
nfl,2021-10-18T02:30:00+00:00,forecast_decision,1,totals,"pinnacle,lowvig,betonlineag,draftkings,fanduel,betmgm,williamhill_us,fanatics,betrivers,espnbet",10
nfl,2021-10-19T00:10:00+00:00,pre_kickoff_close,1,totals,"pinnacle,lowvig,betonlineag,draftkings,fanduel,betmgm,williamhill_us,fanatics,betrivers,espnbet",10
nfl,2021-10-21T02:30:00+00:00,forecast_decision,1,totals,"pinnacle,lowvig,betonlineag,draftkings,fanduel,betmgm,williamhill_us,fanatics,betrivers,espnbet",10
nfl,2021-10-22T00:15:00+00:00,pre_kickoff_close,1,totals,"pinnacle,lowvig,betonlineag,draftkings,fanduel,betmgm,williamhill_us,fanatics,betrivers,espnbet",10
nfl,2021-10-24T02:30:00+00:00,forecast_decision,8,totals,"pinnacle,lowvig,betonlineag,draftkings,fanduel,betmgm,williamhill_us,fanatics,betrivers,espnbet",10
nfl,2021-10-24T16:55:00+00:00,pre_kickoff_close,6,totals,"pinnacle,lowvig,betonlineag,draftkings,fanduel,betmgm,williamhill_us,fanatics,betrivers,espnbet",10
nfl,2021-10-24T20:20:00+00:00,pre_kickoff_close,1,totals,"pinnacle,lowvig,betonlineag,draftkings,fanduel,betmgm,williamhill_us,fanatics,betrivers,espnbet",10
nfl,2021-10-25T00:15:00+00:00,pre_kickoff_close,1,totals,"pinnacle,lowvig,betonlineag,draftkings,fanduel,betmgm,williamhill_us,fanatics,betrivers,espnbet",10
nfl,2021-10-25T02:30:00+00:00,forecast_decision,1,totals,"pinnacle,lowvig,betonlineag,draftkings,fanduel,betmgm,williamhill_us,fanatics,betrivers,espnbet",10
nfl,2021-10-26T00:10:00+00:00,pre_kickoff_close,1,totals,"pinnacle,lowvig,betonlineag,draftkings,fanduel,betmgm,williamhill_us,fanatics,betrivers,espnbet",10
nfl,2021-10-31T02:30:00+00:00,forecast_decision,6,totals,"pinnacle,lowvig,betonlineag,draftkings,fanduel,betmgm,williamhill_us,fanatics,betrivers,espnbet",10
nfl,2021-10-31T16:55:00+00:00,pre_kickoff_close,4,totals,"pinnacle,lowvig,betonlineag,draftkings,fanduel,betmgm,williamhill_us,fanatics,betrivers,espnbet",10
nfl,2021-10-31T20:00:00+00:00,pre_kickoff_close,1,totals,"pinnacle,lowvig,betonlineag,draftkings,fanduel,betmgm,williamhill_us,fanatics,betrivers,espnbet",10
nfl,2021-10-31T20:20:00+00:00,pre_kickoff_close,1,totals,"pinnacle,lowvig,betonlineag,draftkings,fanduel,betmgm,williamhill_us,fanatics,betrivers,espnbet",10
nfl,2021-11-01T02:30:00+00:00,forecast_decision,1,totals,"pinnacle,lowvig,betonlineag,draftkings,fanduel,betmgm,williamhill_us,fanatics,betrivers,espnbet",10
nfl,2021-11-02T00:10:00+00:00,pre_kickoff_close,1,totals,"pinnacle,lowvig,betonlineag,draftkings,fanduel,betmgm,williamhill_us,fanatics,betrivers,espnbet",10
nfl,2021-11-07T02:30:00+00:00,forecast_decision,9,totals,"pinnacle,lowvig,betonlineag,draftkings,fanduel,betmgm,williamhill_us,fanatics,betrivers,espnbet",10
nfl,2021-11-07T17:55:00+00:00,pre_kickoff_close,6,totals,"pinnacle,lowvig,betonlineag,draftkings,fanduel,betmgm,williamhill_us,fanatics,betrivers,espnbet",10
nfl,2021-11-07T21:00:00+00:00,pre_kickoff_close,1,totals,"pinnacle,lowvig,betonlineag,draftkings,fanduel,betmgm,williamhill_us,fanatics,betrivers,espnbet",10
nfl,2021-11-07T21:20:00+00:00,pre_kickoff_close,2,totals,"pinnacle,lowvig,betonlineag,draftkings,fanduel,betmgm,williamhill_us,fanatics,betrivers,espnbet",10
nfl,2021-11-08T03:30:00+00:00,forecast_decision,1,totals,"pinnacle,lowvig,betonlineag,draftkings,fanduel,betmgm,williamhill_us,fanatics,betrivers,espnbet",10
nfl,2021-11-09T01:10:00+00:00,pre_kickoff_close,1,totals,"pinnacle,lowvig,betonlineag,draftkings,fanduel,betmgm,williamhill_us,fanatics,betrivers,espnbet",10
nfl,2021-11-11T03:30:00+00:00,forecast_decision,1,totals,"pinnacle,lowvig,betonlineag,draftkings,fanduel,betmgm,williamhill_us,fanatics,betrivers,espnbet",10
nfl,2021-11-12T01:15:00+00:00,pre_kickoff_close,1,totals,"pinnacle,lowvig,betonlineag,draftkings,fanduel,betmgm,williamhill_us,fanatics,betrivers,espnbet",10
nfl,2021-11-14T03:30:00+00:00,forecast_decision,7,totals,"pinnacle,lowvig,betonlineag,draftkings,fanduel,betmgm,williamhill_us,fanatics,betrivers,espnbet",10
nfl,2021-11-14T17:55:00+00:00,pre_kickoff_close,5,totals,"pinnacle,lowvig,betonlineag,draftkings,fanduel,betmgm,williamhill_us,fanatics,betrivers,espnbet",10
nfl,2021-11-14T21:20:00+00:00,pre_kickoff_close,2,totals,"pinnacle,lowvig,betonlineag,draftkings,fanduel,betmgm,williamhill_us,fanatics,betrivers,espnbet",10
nfl,2021-11-15T03:30:00+00:00,forecast_decision,1,totals,"pinnacle,lowvig,betonlineag,draftkings,fanduel,betmgm,williamhill_us,fanatics,betrivers,espnbet",10
nfl,2021-11-16T01:10:00+00:00,pre_kickoff_close,1,totals,"pinnacle,lowvig,betonlineag,draftkings,fanduel,betmgm,williamhill_us,fanatics,betrivers,espnbet",10
nfl,2021-11-21T03:30:00+00:00,forecast_decision,10,totals,"pinnacle,lowvig,betonlineag,draftkings,fanduel,betmgm,williamhill_us,fanatics,betrivers,espnbet",10
nfl,2021-11-21T17:55:00+00:00,pre_kickoff_close,8,totals,"pinnacle,lowvig,betonlineag,draftkings,fanduel,betmgm,williamhill_us,fanatics,betrivers,espnbet",10
nfl,2021-11-21T21:20:00+00:00,pre_kickoff_close,2,totals,"pinnacle,lowvig,betonlineag,draftkings,fanduel,betmgm,williamhill_us,fanatics,betrivers,espnbet",10
nfl,2021-11-22T03:30:00+00:00,forecast_decision,1,totals,"pinnacle,lowvig,betonlineag,draftkings,fanduel,betmgm,williamhill_us,fanatics,betrivers,espnbet",10
nfl,2021-11-23T01:10:00+00:00,pre_kickoff_close,1,totals,"pinnacle,lowvig,betonlineag,draftkings,fanduel,betmgm,williamhill_us,fanatics,betrivers,espnbet",10
nfl,2021-11-28T03:30:00+00:00,forecast_decision,9,totals,"pinnacle,lowvig,betonlineag,draftkings,fanduel,betmgm,williamhill_us,fanatics,betrivers,espnbet",10
nfl,2021-11-28T17:55:00+00:00,pre_kickoff_close,5,totals,"pinnacle,lowvig,betonlineag,draftkings,fanduel,betmgm,williamhill_us,fanatics,betrivers,espnbet",10
nfl,2021-11-28T21:00:00+00:00,pre_kickoff_close,1,totals,"pinnacle,lowvig,betonlineag,draftkings,fanduel,betmgm,williamhill_us,fanatics,betrivers,espnbet",10
nfl,2021-11-28T21:20:00+00:00,pre_kickoff_close,2,totals,"pinnacle,lowvig,betonlineag,draftkings,fanduel,betmgm,williamhill_us,fanatics,betrivers,espnbet",10
nfl,2021-11-29T01:15:00+00:00,pre_kickoff_close,1,totals,"pinnacle,lowvig,betonlineag,draftkings,fanduel,betmgm,williamhill_us,fanatics,betrivers,espnbet",10
nfl,2021-11-29T03:30:00+00:00,forecast_decision,1,totals,"pinnacle,lowvig,betonlineag,draftkings,fanduel,betmgm,williamhill_us,fanatics,betrivers,espnbet",10
nfl,2021-11-30T01:10:00+00:00,pre_kickoff_close,1,totals,"pinnacle,lowvig,betonlineag,draftkings,fanduel,betmgm,williamhill_us,fanatics,betrivers,espnbet",10
nfl,2021-12-05T03:30:00+00:00,forecast_decision,7,totals,"pinnacle,lowvig,betonlineag,draftkings,fanduel,betmgm,williamhill_us,fanatics,betrivers,espnbet",10
nfl,2021-12-05T17:55:00+00:00,pre_kickoff_close,4,totals,"pinnacle,lowvig,betonlineag,draftkings,fanduel,betmgm,williamhill_us,fanatics,betrivers,espnbet",10
nfl,2021-12-05T21:20:00+00:00,pre_kickoff_close,2,totals,"pinnacle,lowvig,betonlineag,draftkings,fanduel,betmgm,williamhill_us,fanatics,betrivers,espnbet",10
nfl,2021-12-06T01:15:00+00:00,pre_kickoff_close,1,totals,"pinnacle,lowvig,betonlineag,draftkings,fanduel,betmgm,williamhill_us,fanatics,betrivers,espnbet",10
nfl,2021-12-06T03:30:00+00:00,forecast_decision,1,totals,"pinnacle,lowvig,betonlineag,draftkings,fanduel,betmgm,williamhill_us,fanatics,betrivers,espnbet",10
nfl,2021-12-07T01:10:00+00:00,pre_kickoff_close,1,totals,"pinnacle,lowvig,betonlineag,draftkings,fanduel,betmgm,williamhill_us,fanatics,betrivers,espnbet",10
nfl,2021-12-12T03:30:00+00:00,forecast_decision,10,totals,"pinnacle,lowvig,betonlineag,draftkings,fanduel,betmgm,williamhill_us,fanatics,betrivers,espnbet",10
nfl,2021-12-12T17:55:00+00:00,pre_kickoff_close,6,totals,"pinnacle,lowvig,betonlineag,draftkings,fanduel,betmgm,williamhill_us,fanatics,betrivers,espnbet",10
nfl,2021-12-12T21:00:00+00:00,pre_kickoff_close,1,totals,"pinnacle,lowvig,betonlineag,draftkings,fanduel,betmgm,williamhill_us,fanatics,betrivers,espnbet",10
nfl,2021-12-12T21:20:00+00:00,pre_kickoff_close,2,totals,"pinnacle,lowvig,betonlineag,draftkings,fanduel,betmgm,williamhill_us,fanatics,betrivers,espnbet",10
nfl,2021-12-13T01:15:00+00:00,pre_kickoff_close,1,totals,"pinnacle,lowvig,betonlineag,draftkings,fanduel,betmgm,williamhill_us,fanatics,betrivers,espnbet",10
nfl,2021-12-19T03:30:00+00:00,forecast_decision,9,totals,"pinnacle,lowvig,betonlineag,draftkings,fanduel,betmgm,williamhill_us,fanatics,betrivers,espnbet",10
nfl,2021-12-19T17:55:00+00:00,pre_kickoff_close,5,totals,"pinnacle,lowvig,betonlineag,draftkings,fanduel,betmgm,williamhill_us,fanatics,betrivers,espnbet",10
nfl,2021-12-19T21:00:00+00:00,pre_kickoff_close,2,totals,"pinnacle,lowvig,betonlineag,draftkings,fanduel,betmgm,williamhill_us,fanatics,betrivers,espnbet",10
nfl,2021-12-19T21:20:00+00:00,pre_kickoff_close,1,totals,"pinnacle,lowvig,betonlineag,draftkings,fanduel,betmgm,williamhill_us,fanatics,betrivers,espnbet",10
nfl,2021-12-20T01:15:00+00:00,pre_kickoff_close,1,totals,"pinnacle,lowvig,betonlineag,draftkings,fanduel,betmgm,williamhill_us,fanatics,betrivers,espnbet",10
nfl,2021-12-20T03:30:00+00:00,forecast_decision,2,totals,"pinnacle,lowvig,betonlineag,draftkings,fanduel,betmgm,williamhill_us,fanatics,betrivers,espnbet",10
nfl,2021-12-20T21:55:00+00:00,pre_kickoff_close,1,totals,"pinnacle,lowvig,betonlineag,draftkings,fanduel,betmgm,williamhill_us,fanatics,betrivers,espnbet",10
nfl,2021-12-21T01:10:00+00:00,pre_kickoff_close,1,totals,"pinnacle,lowvig,betonlineag,draftkings,fanduel,betmgm,williamhill_us,fanatics,betrivers,espnbet",10
nfl,2021-12-21T03:30:00+00:00,forecast_decision,1,totals,"pinnacle,lowvig,betonlineag,draftkings,fanduel,betmgm,williamhill_us,fanatics,betrivers,espnbet",10
nfl,2021-12-21T23:55:00+00:00,pre_kickoff_close,1,totals,"pinnacle,lowvig,betonlineag,draftkings,fanduel,betmgm,williamhill_us,fanatics,betrivers,espnbet",10
nfl,2021-12-23T03:30:00+00:00,forecast_decision,1,totals,"pinnacle,lowvig,betonlineag,draftkings,fanduel,betmgm,williamhill_us,fanatics,betrivers,espnbet",10
nfl,2021-12-24T01:15:00+00:00,pre_kickoff_close,1,totals,"pinnacle,lowvig,betonlineag,draftkings,fanduel,betmgm,williamhill_us,fanatics,betrivers,espnbet",10
nfl,2021-12-25T03:30:00+00:00,forecast_decision,1,totals,"pinnacle,lowvig,betonlineag,draftkings,fanduel,betmgm,williamhill_us,fanatics,betrivers,espnbet",10
nfl,2021-12-25T21:25:00+00:00,pre_kickoff_close,1,totals,"pinnacle,lowvig,betonlineag,draftkings,fanduel,betmgm,williamhill_us,fanatics,betrivers,espnbet",10
nfl,2021-12-26T03:30:00+00:00,forecast_decision,7,totals,"pinnacle,lowvig,betonlineag,draftkings,fanduel,betmgm,williamhill_us,fanatics,betrivers,espnbet",10
nfl,2021-12-26T17:55:00+00:00,pre_kickoff_close,5,totals,"pinnacle,lowvig,betonlineag,draftkings,fanduel,betmgm,williamhill_us,fanatics,betrivers,espnbet",10
nfl,2021-12-26T21:00:00+00:00,pre_kickoff_close,1,totals,"pinnacle,lowvig,betonlineag,draftkings,fanduel,betmgm,williamhill_us,fanatics,betrivers,espnbet",10
nfl,2021-12-26T21:20:00+00:00,pre_kickoff_close,1,totals,"pinnacle,lowvig,betonlineag,draftkings,fanduel,betmgm,williamhill_us,fanatics,betrivers,espnbet",10
nfl,2022-01-02T03:30:00+00:00,forecast_decision,11,totals,"pinnacle,lowvig,betonlineag,draftkings,fanduel,betmgm,williamhill_us,fanatics,betrivers,espnbet",10
nfl,2022-01-02T17:55:00+00:00,pre_kickoff_close,8,totals,"pinnacle,lowvig,betonlineag,draftkings,fanduel,betmgm,williamhill_us,fanatics,betrivers,espnbet",10
nfl,2022-01-02T21:00:00+00:00,pre_kickoff_close,1,totals,"pinnacle,lowvig,betonlineag,draftkings,fanduel,betmgm,williamhill_us,fanatics,betrivers,espnbet",10
nfl,2022-01-02T21:20:00+00:00,pre_kickoff_close,1,totals,"pinnacle,lowvig,betonlineag,draftkings,fanduel,betmgm,williamhill_us,fanatics,betrivers,espnbet",10
nfl,2022-01-03T01:15:00+00:00,pre_kickoff_close,1,totals,"pinnacle,lowvig,betonlineag,draftkings,fanduel,betmgm,williamhill_us,fanatics,betrivers,espnbet",10
nfl,2022-01-03T03:30:00+00:00,forecast_decision,1,totals,"pinnacle,lowvig,betonlineag,draftkings,fanduel,betmgm,williamhill_us,fanatics,betrivers,espnbet",10
nfl,2022-01-04T01:10:00+00:00,pre_kickoff_close,1,totals,"pinnacle,lowvig,betonlineag,draftkings,fanduel,betmgm,williamhill_us,fanatics,betrivers,espnbet",10
nfl,2022-01-08T03:30:00+00:00,forecast_decision,2,totals,"pinnacle,lowvig,betonlineag,draftkings,fanduel,betmgm,williamhill_us,fanatics,betrivers,espnbet",10
nfl,2022-01-08T21:25:00+00:00,pre_kickoff_close,1,totals,"pinnacle,lowvig,betonlineag,draftkings,fanduel,betmgm,williamhill_us,fanatics,betrivers,espnbet",10
nfl,2022-01-09T01:10:00+00:00,pre_kickoff_close,1,totals,"pinnacle,lowvig,betonlineag,draftkings,fanduel,betmgm,williamhill_us,fanatics,betrivers,espnbet",10
nfl,2022-01-09T03:30:00+00:00,forecast_decision,7,totals,"pinnacle,lowvig,betonlineag,draftkings,fanduel,betmgm,williamhill_us,fanatics,betrivers,espnbet",10
nfl,2022-01-09T17:55:00+00:00,pre_kickoff_close,4,totals,"pinnacle,lowvig,betonlineag,draftkings,fanduel,betmgm,williamhill_us,fanatics,betrivers,espnbet",10
nfl,2022-01-09T21:20:00+00:00,pre_kickoff_close,3,totals,"pinnacle,lowvig,betonlineag,draftkings,fanduel,betmgm,williamhill_us,fanatics,betrivers,espnbet",10
nfl,2022-01-15T03:30:00+00:00,forecast_decision,2,totals,"pinnacle,lowvig,betonlineag,draftkings,fanduel,betmgm,williamhill_us,fanatics,betrivers,espnbet",10
nfl,2022-01-15T21:25:00+00:00,pre_kickoff_close,1,totals,"pinnacle,lowvig,betonlineag,draftkings,fanduel,betmgm,williamhill_us,fanatics,betrivers,espnbet",10
nfl,2022-01-16T01:10:00+00:00,pre_kickoff_close,1,totals,"pinnacle,lowvig,betonlineag,draftkings,fanduel,betmgm,williamhill_us,fanatics,betrivers,espnbet",10
nfl,2022-01-16T03:30:00+00:00,forecast_decision,2,totals,"pinnacle,lowvig,betonlineag,draftkings,fanduel,betmgm,williamhill_us,fanatics,betrivers,espnbet",10
nfl,2022-01-16T17:55:00+00:00,pre_kickoff_close,1,totals,"pinnacle,lowvig,betonlineag,draftkings,fanduel,betmgm,williamhill_us,fanatics,betrivers,espnbet",10
nfl,2022-01-17T01:10:00+00:00,pre_kickoff_close,1,totals,"pinnacle,lowvig,betonlineag,draftkings,fanduel,betmgm,williamhill_us,fanatics,betrivers,espnbet",10
nfl,2022-01-22T03:30:00+00:00,forecast_decision,2,totals,"pinnacle,lowvig,betonlineag,draftkings,fanduel,betmgm,williamhill_us,fanatics,betrivers,espnbet",10
nfl,2022-01-22T21:25:00+00:00,pre_kickoff_close,1,totals,"pinnacle,lowvig,betonlineag,draftkings,fanduel,betmgm,williamhill_us,fanatics,betrivers,espnbet",10
nfl,2022-01-23T01:10:00+00:00,pre_kickoff_close,1,totals,"pinnacle,lowvig,betonlineag,draftkings,fanduel,betmgm,williamhill_us,fanatics,betrivers,espnbet",10
nfl,2022-01-23T03:30:00+00:00,forecast_decision,2,totals,"pinnacle,lowvig,betonlineag,draftkings,fanduel,betmgm,williamhill_us,fanatics,betrivers,espnbet",10
nfl,2022-01-23T19:55:00+00:00,pre_kickoff_close,1,totals,"pinnacle,lowvig,betonlineag,draftkings,fanduel,betmgm,williamhill_us,fanatics,betrivers,espnbet",10
nfl,2022-01-23T23:25:00+00:00,pre_kickoff_close,1,totals,"pinnacle,lowvig,betonlineag,draftkings,fanduel,betmgm,williamhill_us,fanatics,betrivers,espnbet",10
nfl,2022-01-30T03:30:00+00:00,forecast_decision,1,totals,"pinnacle,lowvig,betonlineag,draftkings,fanduel,betmgm,williamhill_us,fanatics,betrivers,espnbet",10
nfl,2022-01-30T19:55:00+00:00,pre_kickoff_close,1,totals,"pinnacle,lowvig,betonlineag,draftkings,fanduel,betmgm,williamhill_us,fanatics,betrivers,espnbet",10
nfl,2022-09-11T02:30:00+00:00,forecast_decision,7,totals,"pinnacle,lowvig,betonlineag,draftkings,fanduel,betmgm,williamhill_us,fanatics,betrivers,espnbet",10
nfl,2022-09-11T16:55:00+00:00,pre_kickoff_close,6,totals,"pinnacle,lowvig,betonlineag,draftkings,fanduel,betmgm,williamhill_us,fanatics,betrivers,espnbet",10
nfl,2022-09-11T20:20:00+00:00,pre_kickoff_close,1,totals,"pinnacle,lowvig,betonlineag,draftkings,fanduel,betmgm,williamhill_us,fanatics,betrivers,espnbet",10
nfl,2022-09-12T02:30:00+00:00,forecast_decision,1,totals,"pinnacle,lowvig,betonlineag,draftkings,fanduel,betmgm,williamhill_us,fanatics,betrivers,espnbet",10
nfl,2022-09-13T00:10:00+00:00,pre_kickoff_close,1,totals,"pinnacle,lowvig,betonlineag,draftkings,fanduel,betmgm,williamhill_us,fanatics,betrivers,espnbet",10
nfl,2022-09-15T02:30:00+00:00,forecast_decision,1,totals,"pinnacle,lowvig,betonlineag,draftkings,fanduel,betmgm,williamhill_us,fanatics,betrivers,espnbet",10
nfl,2022-09-16T00:10:00+00:00,pre_kickoff_close,1,totals,"pinnacle,lowvig,betonlineag,draftkings,fanduel,betmgm,williamhill_us,fanatics,betrivers,espnbet",10
nfl,2022-09-18T02:30:00+00:00,forecast_decision,8,totals,"pinnacle,lowvig,betonlineag,draftkings,fanduel,betmgm,williamhill_us,fanatics,betrivers,espnbet",10
nfl,2022-09-18T16:55:00+00:00,pre_kickoff_close,5,totals,"pinnacle,lowvig,betonlineag,draftkings,fanduel,betmgm,williamhill_us,fanatics,betrivers,espnbet",10
nfl,2022-09-18T20:00:00+00:00,pre_kickoff_close,1,totals,"pinnacle,lowvig,betonlineag,draftkings,fanduel,betmgm,williamhill_us,fanatics,betrivers,espnbet",10
nfl,2022-09-18T20:20:00+00:00,pre_kickoff_close,1,totals,"pinnacle,lowvig,betonlineag,draftkings,fanduel,betmgm,williamhill_us,fanatics,betrivers,espnbet",10
nfl,2022-09-19T00:15:00+00:00,pre_kickoff_close,1,totals,"pinnacle,lowvig,betonlineag,draftkings,fanduel,betmgm,williamhill_us,fanatics,betrivers,espnbet",10
nfl,2022-09-19T02:30:00+00:00,forecast_decision,2,totals,"pinnacle,lowvig,betonlineag,draftkings,fanduel,betmgm,williamhill_us,fanatics,betrivers,espnbet",10
nfl,2022-09-19T23:10:00+00:00,pre_kickoff_close,1,totals,"pinnacle,lowvig,betonlineag,draftkings,fanduel,betmgm,williamhill_us,fanatics,betrivers,espnbet",10
nfl,2022-09-20T00:25:00+00:00,pre_kickoff_close,1,totals,"pinnacle,lowvig,betonlineag,draftkings,fanduel,betmgm,williamhill_us,fanatics,betrivers,espnbet",10
nfl,2022-09-22T02:30:00+00:00,forecast_decision,1,totals,"pinnacle,lowvig,betonlineag,draftkings,fanduel,betmgm,williamhill_us,fanatics,betrivers,espnbet",10
nfl,2022-09-23T00:10:00+00:00,pre_kickoff_close,1,totals,"pinnacle,lowvig,betonlineag,draftkings,fanduel,betmgm,williamhill_us,fanatics,betrivers,espnbet",10
nfl,2022-09-25T02:30:00+00:00,forecast_decision,10,totals,"pinnacle,lowvig,betonlineag,draftkings,fanduel,betmgm,williamhill_us,fanatics,betrivers,espnbet",10
nfl,2022-09-25T16:55:00+00:00,pre_kickoff_close,7,totals,"pinnacle,lowvig,betonlineag,draftkings,fanduel,betmgm,williamhill_us,fanatics,betrivers,espnbet",10
nfl,2022-09-25T20:20:00+00:00,pre_kickoff_close,2,totals,"pinnacle,lowvig,betonlineag,draftkings,fanduel,betmgm,williamhill_us,fanatics,betrivers,espnbet",10
nfl,2022-09-26T00:15:00+00:00,pre_kickoff_close,1,totals,"pinnacle,lowvig,betonlineag,draftkings,fanduel,betmgm,williamhill_us,fanatics,betrivers,espnbet",10
nfl,2022-09-26T02:30:00+00:00,forecast_decision,1,totals,"pinnacle,lowvig,betonlineag,draftkings,fanduel,betmgm,williamhill_us,fanatics,betrivers,espnbet",10
nfl,2022-09-27T00:10:00+00:00,pre_kickoff_close,1,totals,"pinnacle,lowvig,betonlineag,draftkings,fanduel,betmgm,williamhill_us,fanatics,betrivers,espnbet",10
nfl,2022-09-29T02:30:00+00:00,forecast_decision,1,totals,"pinnacle,lowvig,betonlineag,draftkings,fanduel,betmgm,williamhill_us,fanatics,betrivers,espnbet",10
nfl,2022-09-30T00:10:00+00:00,pre_kickoff_close,1,totals,"pinnacle,lowvig,betonlineag,draftkings,fanduel,betmgm,williamhill_us,fanatics,betrivers,espnbet",10
nfl,2022-10-02T02:30:00+00:00,forecast_decision,7,totals,"pinnacle,lowvig,betonlineag,draftkings,fanduel,betmgm,williamhill_us,fanatics,betrivers,espnbet",10
nfl,2022-10-02T16:55:00+00:00,pre_kickoff_close,4,totals,"pinnacle,lowvig,betonlineag,draftkings,fanduel,betmgm,williamhill_us,fanatics,betrivers,espnbet",10
nfl,2022-10-02T20:00:00+00:00,pre_kickoff_close,1,totals,"pinnacle,lowvig,betonlineag,draftkings,fanduel,betmgm,williamhill_us,fanatics,betrivers,espnbet",10
nfl,2022-10-02T20:20:00+00:00,pre_kickoff_close,1,totals,"pinnacle,lowvig,betonlineag,draftkings,fanduel,betmgm,williamhill_us,fanatics,betrivers,espnbet",10
nfl,2022-10-03T00:15:00+00:00,pre_kickoff_close,1,totals,"pinnacle,lowvig,betonlineag,draftkings,fanduel,betmgm,williamhill_us,fanatics,betrivers,espnbet",10
nfl,2022-10-03T02:30:00+00:00,forecast_decision,1,totals,"pinnacle,lowvig,betonlineag,draftkings,fanduel,betmgm,williamhill_us,fanatics,betrivers,espnbet",10
nfl,2022-10-04T00:10:00+00:00,pre_kickoff_close,1,totals,"pinnacle,lowvig,betonlineag,draftkings,fanduel,betmgm,williamhill_us,fanatics,betrivers,espnbet",10
nfl,2022-10-06T02:30:00+00:00,forecast_decision,1,totals,"pinnacle,lowvig,betonlineag,draftkings,fanduel,betmgm,williamhill_us,fanatics,betrivers,espnbet",10
nfl,2022-10-07T00:10:00+00:00,pre_kickoff_close,1,totals,"pinnacle,lowvig,betonlineag,draftkings,fanduel,betmgm,williamhill_us,fanatics,betrivers,espnbet",10
nfl,2022-10-09T02:30:00+00:00,forecast_decision,9,totals,"pinnacle,lowvig,betonlineag,draftkings,fanduel,betmgm,williamhill_us,fanatics,betrivers,espnbet",10
nfl,2022-10-09T16:55:00+00:00,pre_kickoff_close,7,totals,"pinnacle,lowvig,betonlineag,draftkings,fanduel,betmgm,williamhill_us,fanatics,betrivers,espnbet",10
nfl,2022-10-09T20:00:00+00:00,pre_kickoff_close,1,totals,"pinnacle,lowvig,betonlineag,draftkings,fanduel,betmgm,williamhill_us,fanatics,betrivers,espnbet",10
nfl,2022-10-10T00:15:00+00:00,pre_kickoff_close,1,totals,"pinnacle,lowvig,betonlineag,draftkings,fanduel,betmgm,williamhill_us,fanatics,betrivers,espnbet",10
nfl,2022-10-10T02:30:00+00:00,forecast_decision,1,totals,"pinnacle,lowvig,betonlineag,draftkings,fanduel,betmgm,williamhill_us,fanatics,betrivers,espnbet",10
nfl,2022-10-11T00:10:00+00:00,pre_kickoff_close,1,totals,"pinnacle,lowvig,betonlineag,draftkings,fanduel,betmgm,williamhill_us,fanatics,betrivers,espnbet",10
nfl,2022-10-13T02:30:00+00:00,forecast_decision,1,totals,"pinnacle,lowvig,betonlineag,draftkings,fanduel,betmgm,williamhill_us,fanatics,betrivers,espnbet",10
nfl,2022-10-14T00:10:00+00:00,pre_kickoff_close,1,totals,"pinnacle,lowvig,betonlineag,draftkings,fanduel,betmgm,williamhill_us,fanatics,betrivers,espnbet",10
nfl,2022-10-16T02:30:00+00:00,forecast_decision,8,totals,"pinnacle,lowvig,betonlineag,draftkings,fanduel,betmgm,williamhill_us,fanatics,betrivers,espnbet",10
nfl,2022-10-16T16:55:00+00:00,pre_kickoff_close,5,totals,"pinnacle,lowvig,betonlineag,draftkings,fanduel,betmgm,williamhill_us,fanatics,betrivers,espnbet",10
nfl,2022-10-16T20:00:00+00:00,pre_kickoff_close,1,totals,"pinnacle,lowvig,betonlineag,draftkings,fanduel,betmgm,williamhill_us,fanatics,betrivers,espnbet",10
nfl,2022-10-16T20:20:00+00:00,pre_kickoff_close,1,totals,"pinnacle,lowvig,betonlineag,draftkings,fanduel,betmgm,williamhill_us,fanatics,betrivers,espnbet",10
nfl,2022-10-17T00:15:00+00:00,pre_kickoff_close,1,totals,"pinnacle,lowvig,betonlineag,draftkings,fanduel,betmgm,williamhill_us,fanatics,betrivers,espnbet",10
nfl,2022-10-23T02:30:00+00:00,forecast_decision,9,totals,"pinnacle,lowvig,betonlineag,draftkings,fanduel,betmgm,williamhill_us,fanatics,betrivers,espnbet",10
nfl,2022-10-23T16:55:00+00:00,pre_kickoff_close,6,totals,"pinnacle,lowvig,betonlineag,draftkings,fanduel,betmgm,williamhill_us,fanatics,betrivers,espnbet",10
nfl,2022-10-23T20:00:00+00:00,pre_kickoff_close,1,totals,"pinnacle,lowvig,betonlineag,draftkings,fanduel,betmgm,williamhill_us,fanatics,betrivers,espnbet",10
nfl,2022-10-23T20:20:00+00:00,pre_kickoff_close,1,totals,"pinnacle,lowvig,betonlineag,draftkings,fanduel,betmgm,williamhill_us,fanatics,betrivers,espnbet",10
nfl,2022-10-24T00:15:00+00:00,pre_kickoff_close,1,totals,"pinnacle,lowvig,betonlineag,draftkings,fanduel,betmgm,williamhill_us,fanatics,betrivers,espnbet",10
nfl,2022-10-24T02:30:00+00:00,forecast_decision,1,totals,"pinnacle,lowvig,betonlineag,draftkings,fanduel,betmgm,williamhill_us,fanatics,betrivers,espnbet",10
nfl,2022-10-25T00:10:00+00:00,pre_kickoff_close,1,totals,"pinnacle,lowvig,betonlineag,draftkings,fanduel,betmgm,williamhill_us,fanatics,betrivers,espnbet",10
nfl,2022-10-27T02:30:00+00:00,forecast_decision,1,totals,"pinnacle,lowvig,betonlineag,draftkings,fanduel,betmgm,williamhill_us,fanatics,betrivers,espnbet",10
nfl,2022-10-28T00:10:00+00:00,pre_kickoff_close,1,totals,"pinnacle,lowvig,betonlineag,draftkings,fanduel,betmgm,williamhill_us,fanatics,betrivers,espnbet",10
nfl,2022-10-30T02:30:00+00:00,forecast_decision,4,totals,"pinnacle,lowvig,betonlineag,draftkings,fanduel,betmgm,williamhill_us,fanatics,betrivers,espnbet",10
nfl,2022-10-30T16:55:00+00:00,pre_kickoff_close,2,totals,"pinnacle,lowvig,betonlineag,draftkings,fanduel,betmgm,williamhill_us,fanatics,betrivers,espnbet",10
nfl,2022-10-30T20:20:00+00:00,pre_kickoff_close,1,totals,"pinnacle,lowvig,betonlineag,draftkings,fanduel,betmgm,williamhill_us,fanatics,betrivers,espnbet",10
nfl,2022-10-31T00:15:00+00:00,pre_kickoff_close,1,totals,"pinnacle,lowvig,betonlineag,draftkings,fanduel,betmgm,williamhill_us,fanatics,betrivers,espnbet",10
nfl,2022-10-31T02:30:00+00:00,forecast_decision,1,totals,"pinnacle,lowvig,betonlineag,draftkings,fanduel,betmgm,williamhill_us,fanatics,betrivers,espnbet",10
nfl,2022-11-01T00:10:00+00:00,pre_kickoff_close,1,totals,"pinnacle,lowvig,betonlineag,draftkings,fanduel,betmgm,williamhill_us,fanatics,betrivers,espnbet",10
nfl,2022-11-06T02:30:00+00:00,forecast_decision,8,totals,"pinnacle,lowvig,betonlineag,draftkings,fanduel,betmgm,williamhill_us,fanatics,betrivers,espnbet",10
nfl,2022-11-06T17:55:00+00:00,pre_kickoff_close,6,totals,"pinnacle,lowvig,betonlineag,draftkings,fanduel,betmgm,williamhill_us,fanatics,betrivers,espnbet",10
nfl,2022-11-06T21:20:00+00:00,pre_kickoff_close,1,totals,"pinnacle,lowvig,betonlineag,draftkings,fanduel,betmgm,williamhill_us,fanatics,betrivers,espnbet",10
nfl,2022-11-07T01:15:00+00:00,pre_kickoff_close,1,totals,"pinnacle,lowvig,betonlineag,draftkings,fanduel,betmgm,williamhill_us,fanatics,betrivers,espnbet",10
nfl,2022-11-10T03:30:00+00:00,forecast_decision,1,totals,"pinnacle,lowvig,betonlineag,draftkings,fanduel,betmgm,williamhill_us,fanatics,betrivers,espnbet",10
nfl,2022-11-11T01:10:00+00:00,pre_kickoff_close,1,totals,"pinnacle,lowvig,betonlineag,draftkings,fanduel,betmgm,williamhill_us,fanatics,betrivers,espnbet",10
nfl,2022-11-13T03:30:00+00:00,forecast_decision,9,totals,"pinnacle,lowvig,betonlineag,draftkings,fanduel,betmgm,williamhill_us,fanatics,betrivers,espnbet",10
nfl,2022-11-13T17:55:00+00:00,pre_kickoff_close,7,totals,"pinnacle,lowvig,betonlineag,draftkings,fanduel,betmgm,williamhill_us,fanatics,betrivers,espnbet",10
nfl,2022-11-13T21:20:00+00:00,pre_kickoff_close,1,totals,"pinnacle,lowvig,betonlineag,draftkings,fanduel,betmgm,williamhill_us,fanatics,betrivers,espnbet",10
nfl,2022-11-14T01:15:00+00:00,pre_kickoff_close,1,totals,"pinnacle,lowvig,betonlineag,draftkings,fanduel,betmgm,williamhill_us,fanatics,betrivers,espnbet",10
nfl,2022-11-14T03:30:00+00:00,forecast_decision,1,totals,"pinnacle,lowvig,betonlineag,draftkings,fanduel,betmgm,williamhill_us,fanatics,betrivers,espnbet",10
nfl,2022-11-15T01:10:00+00:00,pre_kickoff_close,1,totals,"pinnacle,lowvig,betonlineag,draftkings,fanduel,betmgm,williamhill_us,fanatics,betrivers,espnbet",10
nfl,2022-11-17T03:30:00+00:00,forecast_decision,1,totals,"pinnacle,lowvig,betonlineag,draftkings,fanduel,betmgm,williamhill_us,fanatics,betrivers,espnbet",10
nfl,2022-11-18T01:10:00+00:00,pre_kickoff_close,1,totals,"pinnacle,lowvig,betonlineag,draftkings,fanduel,betmgm,williamhill_us,fanatics,betrivers,espnbet",10
nfl,2022-11-20T03:30:00+00:00,forecast_decision,5,totals,"pinnacle,lowvig,betonlineag,draftkings,fanduel,betmgm,williamhill_us,fanatics,betrivers,espnbet",10
nfl,2022-11-20T17:55:00+00:00,pre_kickoff_close,3,totals,"pinnacle,lowvig,betonlineag,draftkings,fanduel,betmgm,williamhill_us,fanatics,betrivers,espnbet",10
nfl,2022-11-20T21:00:00+00:00,pre_kickoff_close,1,totals,"pinnacle,lowvig,betonlineag,draftkings,fanduel,betmgm,williamhill_us,fanatics,betrivers,espnbet",10
nfl,2022-11-20T21:20:00+00:00,pre_kickoff_close,1,totals,"pinnacle,lowvig,betonlineag,draftkings,fanduel,betmgm,williamhill_us,fanatics,betrivers,espnbet",10
nfl,2022-11-27T03:30:00+00:00,forecast_decision,11,totals,"pinnacle,lowvig,betonlineag,draftkings,fanduel,betmgm,williamhill_us,fanatics,betrivers,espnbet",10
nfl,2022-11-27T17:55:00+00:00,pre_kickoff_close,7,totals,"pinnacle,lowvig,betonlineag,draftkings,fanduel,betmgm,williamhill_us,fanatics,betrivers,espnbet",10
nfl,2022-11-27T21:00:00+00:00,pre_kickoff_close,1,totals,"pinnacle,lowvig,betonlineag,draftkings,fanduel,betmgm,williamhill_us,fanatics,betrivers,espnbet",10
nfl,2022-11-27T21:20:00+00:00,pre_kickoff_close,2,totals,"pinnacle,lowvig,betonlineag,draftkings,fanduel,betmgm,williamhill_us,fanatics,betrivers,espnbet",10
nfl,2022-11-28T01:15:00+00:00,pre_kickoff_close,1,totals,"pinnacle,lowvig,betonlineag,draftkings,fanduel,betmgm,williamhill_us,fanatics,betrivers,espnbet",10
nfl,2022-12-01T03:30:00+00:00,forecast_decision,1,totals,"pinnacle,lowvig,betonlineag,draftkings,fanduel,betmgm,williamhill_us,fanatics,betrivers,espnbet",10
nfl,2022-12-02T01:10:00+00:00,pre_kickoff_close,1,totals,"pinnacle,lowvig,betonlineag,draftkings,fanduel,betmgm,williamhill_us,fanatics,betrivers,espnbet",10
nfl,2022-12-04T03:30:00+00:00,forecast_decision,6,totals,"pinnacle,lowvig,betonlineag,draftkings,fanduel,betmgm,williamhill_us,fanatics,betrivers,espnbet",10
nfl,2022-12-04T17:55:00+00:00,pre_kickoff_close,4,totals,"pinnacle,lowvig,betonlineag,draftkings,fanduel,betmgm,williamhill_us,fanatics,betrivers,espnbet",10
nfl,2022-12-04T21:00:00+00:00,pre_kickoff_close,1,totals,"pinnacle,lowvig,betonlineag,draftkings,fanduel,betmgm,williamhill_us,fanatics,betrivers,espnbet",10
nfl,2022-12-04T21:20:00+00:00,pre_kickoff_close,1,totals,"pinnacle,lowvig,betonlineag,draftkings,fanduel,betmgm,williamhill_us,fanatics,betrivers,espnbet",10
nfl,2022-12-05T03:30:00+00:00,forecast_decision,1,totals,"pinnacle,lowvig,betonlineag,draftkings,fanduel,betmgm,williamhill_us,fanatics,betrivers,espnbet",10
nfl,2022-12-06T01:10:00+00:00,pre_kickoff_close,1,totals,"pinnacle,lowvig,betonlineag,draftkings,fanduel,betmgm,williamhill_us,fanatics,betrivers,espnbet",10
nfl,2022-12-11T03:30:00+00:00,forecast_decision,8,totals,"pinnacle,lowvig,betonlineag,draftkings,fanduel,betmgm,williamhill_us,fanatics,betrivers,espnbet",10
nfl,2022-12-11T17:55:00+00:00,pre_kickoff_close,5,totals,"pinnacle,lowvig,betonlineag,draftkings,fanduel,betmgm,williamhill_us,fanatics,betrivers,espnbet",10
nfl,2022-12-11T21:00:00+00:00,pre_kickoff_close,1,totals,"pinnacle,lowvig,betonlineag,draftkings,fanduel,betmgm,williamhill_us,fanatics,betrivers,espnbet",10
nfl,2022-12-11T21:20:00+00:00,pre_kickoff_close,2,totals,"pinnacle,lowvig,betonlineag,draftkings,fanduel,betmgm,williamhill_us,fanatics,betrivers,espnbet",10
nfl,2022-12-15T03:30:00+00:00,forecast_decision,1,totals,"pinnacle,lowvig,betonlineag,draftkings,fanduel,betmgm,williamhill_us,fanatics,betrivers,espnbet",10
nfl,2022-12-16T01:10:00+00:00,pre_kickoff_close,1,totals,"pinnacle,lowvig,betonlineag,draftkings,fanduel,betmgm,williamhill_us,fanatics,betrivers,espnbet",10
nfl,2022-12-17T03:30:00+00:00,forecast_decision,2,totals,"pinnacle,lowvig,betonlineag,draftkings,fanduel,betmgm,williamhill_us,fanatics,betrivers,espnbet",10
nfl,2022-12-17T21:25:00+00:00,pre_kickoff_close,1,totals,"pinnacle,lowvig,betonlineag,draftkings,fanduel,betmgm,williamhill_us,fanatics,betrivers,espnbet",10
nfl,2022-12-18T01:10:00+00:00,pre_kickoff_close,1,totals,"pinnacle,lowvig,betonlineag,draftkings,fanduel,betmgm,williamhill_us,fanatics,betrivers,espnbet",10
nfl,2022-12-18T03:30:00+00:00,forecast_decision,7,totals,"pinnacle,lowvig,betonlineag,draftkings,fanduel,betmgm,williamhill_us,fanatics,betrivers,espnbet",10
nfl,2022-12-18T17:55:00+00:00,pre_kickoff_close,4,totals,"pinnacle,lowvig,betonlineag,draftkings,fanduel,betmgm,williamhill_us,fanatics,betrivers,espnbet",10
nfl,2022-12-18T21:00:00+00:00,pre_kickoff_close,1,totals,"pinnacle,lowvig,betonlineag,draftkings,fanduel,betmgm,williamhill_us,fanatics,betrivers,espnbet",10
nfl,2022-12-18T21:20:00+00:00,pre_kickoff_close,1,totals,"pinnacle,lowvig,betonlineag,draftkings,fanduel,betmgm,williamhill_us,fanatics,betrivers,espnbet",10
nfl,2022-12-19T01:15:00+00:00,pre_kickoff_close,1,totals,"pinnacle,lowvig,betonlineag,draftkings,fanduel,betmgm,williamhill_us,fanatics,betrivers,espnbet",10
nfl,2022-12-19T03:30:00+00:00,forecast_decision,1,totals,"pinnacle,lowvig,betonlineag,draftkings,fanduel,betmgm,williamhill_us,fanatics,betrivers,espnbet",10
nfl,2022-12-20T01:10:00+00:00,pre_kickoff_close,1,totals,"pinnacle,lowvig,betonlineag,draftkings,fanduel,betmgm,williamhill_us,fanatics,betrivers,espnbet",10
nfl,2022-12-22T03:30:00+00:00,forecast_decision,1,totals,"pinnacle,lowvig,betonlineag,draftkings,fanduel,betmgm,williamhill_us,fanatics,betrivers,espnbet",10
nfl,2022-12-23T01:10:00+00:00,pre_kickoff_close,1,totals,"pinnacle,lowvig,betonlineag,draftkings,fanduel,betmgm,williamhill_us,fanatics,betrivers,espnbet",10
nfl,2022-12-24T03:30:00+00:00,forecast_decision,9,totals,"pinnacle,lowvig,betonlineag,draftkings,fanduel,betmgm,williamhill_us,fanatics,betrivers,espnbet",10
nfl,2022-12-24T17:55:00+00:00,pre_kickoff_close,6,totals,"pinnacle,lowvig,betonlineag,draftkings,fanduel,betmgm,williamhill_us,fanatics,betrivers,espnbet",10
nfl,2022-12-24T18:55:00+00:00,pre_kickoff_close,1,totals,"pinnacle,lowvig,betonlineag,draftkings,fanduel,betmgm,williamhill_us,fanatics,betrivers,espnbet",10
nfl,2022-12-24T21:00:00+00:00,pre_kickoff_close,1,totals,"pinnacle,lowvig,betonlineag,draftkings,fanduel,betmgm,williamhill_us,fanatics,betrivers,espnbet",10
nfl,2022-12-25T01:10:00+00:00,pre_kickoff_close,1,totals,"pinnacle,lowvig,betonlineag,draftkings,fanduel,betmgm,williamhill_us,fanatics,betrivers,espnbet",10
nfl,2022-12-25T03:30:00+00:00,forecast_decision,1,totals,"pinnacle,lowvig,betonlineag,draftkings,fanduel,betmgm,williamhill_us,fanatics,betrivers,espnbet",10
nfl,2022-12-25T17:55:00+00:00,pre_kickoff_close,1,totals,"pinnacle,lowvig,betonlineag,draftkings,fanduel,betmgm,williamhill_us,fanatics,betrivers,espnbet",10
nfl,2022-12-29T03:30:00+00:00,forecast_decision,1,totals,"pinnacle,lowvig,betonlineag,draftkings,fanduel,betmgm,williamhill_us,fanatics,betrivers,espnbet",10
nfl,2022-12-30T01:10:00+00:00,pre_kickoff_close,1,totals,"pinnacle,lowvig,betonlineag,draftkings,fanduel,betmgm,williamhill_us,fanatics,betrivers,espnbet",10
nfl,2023-01-01T03:30:00+00:00,forecast_decision,9,totals,"pinnacle,lowvig,betonlineag,draftkings,fanduel,betmgm,williamhill_us,fanatics,betrivers,espnbet",10
nfl,2023-01-01T17:55:00+00:00,pre_kickoff_close,6,totals,"pinnacle,lowvig,betonlineag,draftkings,fanduel,betmgm,williamhill_us,fanatics,betrivers,espnbet",10
nfl,2023-01-01T21:00:00+00:00,pre_kickoff_close,1,totals,"pinnacle,lowvig,betonlineag,draftkings,fanduel,betmgm,williamhill_us,fanatics,betrivers,espnbet",10
nfl,2023-01-01T21:20:00+00:00,pre_kickoff_close,1,totals,"pinnacle,lowvig,betonlineag,draftkings,fanduel,betmgm,williamhill_us,fanatics,betrivers,espnbet",10
nfl,2023-01-02T01:15:00+00:00,pre_kickoff_close,1,totals,"pinnacle,lowvig,betonlineag,draftkings,fanduel,betmgm,williamhill_us,fanatics,betrivers,espnbet",10
nfl,2023-01-07T03:30:00+00:00,forecast_decision,1,totals,"pinnacle,lowvig,betonlineag,draftkings,fanduel,betmgm,williamhill_us,fanatics,betrivers,espnbet",10
nfl,2023-01-08T01:10:00+00:00,pre_kickoff_close,1,totals,"pinnacle,lowvig,betonlineag,draftkings,fanduel,betmgm,williamhill_us,fanatics,betrivers,espnbet",10
nfl,2023-01-08T03:30:00+00:00,forecast_decision,11,totals,"pinnacle,lowvig,betonlineag,draftkings,fanduel,betmgm,williamhill_us,fanatics,betrivers,espnbet",10
nfl,2023-01-08T17:55:00+00:00,pre_kickoff_close,5,totals,"pinnacle,lowvig,betonlineag,draftkings,fanduel,betmgm,williamhill_us,fanatics,betrivers,espnbet",10
nfl,2023-01-08T21:20:00+00:00,pre_kickoff_close,5,totals,"pinnacle,lowvig,betonlineag,draftkings,fanduel,betmgm,williamhill_us,fanatics,betrivers,espnbet",10
nfl,2023-01-09T01:15:00+00:00,pre_kickoff_close,1,totals,"pinnacle,lowvig,betonlineag,draftkings,fanduel,betmgm,williamhill_us,fanatics,betrivers,espnbet",10
nfl,2023-01-14T03:30:00+00:00,forecast_decision,2,totals,"pinnacle,lowvig,betonlineag,draftkings,fanduel,betmgm,williamhill_us,fanatics,betrivers,espnbet",10
nfl,2023-01-14T21:25:00+00:00,pre_kickoff_close,1,totals,"pinnacle,lowvig,betonlineag,draftkings,fanduel,betmgm,williamhill_us,fanatics,betrivers,espnbet",10
nfl,2023-01-15T01:10:00+00:00,pre_kickoff_close,1,totals,"pinnacle,lowvig,betonlineag,draftkings,fanduel,betmgm,williamhill_us,fanatics,betrivers,espnbet",10
nfl,2023-01-15T03:30:00+00:00,forecast_decision,2,totals,"pinnacle,lowvig,betonlineag,draftkings,fanduel,betmgm,williamhill_us,fanatics,betrivers,espnbet",10
nfl,2023-01-15T17:55:00+00:00,pre_kickoff_close,1,totals,"pinnacle,lowvig,betonlineag,draftkings,fanduel,betmgm,williamhill_us,fanatics,betrivers,espnbet",10
nfl,2023-01-16T01:10:00+00:00,pre_kickoff_close,1,totals,"pinnacle,lowvig,betonlineag,draftkings,fanduel,betmgm,williamhill_us,fanatics,betrivers,espnbet",10
nfl,2023-01-16T03:30:00+00:00,forecast_decision,1,totals,"pinnacle,lowvig,betonlineag,draftkings,fanduel,betmgm,williamhill_us,fanatics,betrivers,espnbet",10
nfl,2023-01-17T01:10:00+00:00,pre_kickoff_close,1,totals,"pinnacle,lowvig,betonlineag,draftkings,fanduel,betmgm,williamhill_us,fanatics,betrivers,espnbet",10
nfl,2023-01-21T03:30:00+00:00,forecast_decision,2,totals,"pinnacle,lowvig,betonlineag,draftkings,fanduel,betmgm,williamhill_us,fanatics,betrivers,espnbet",10
nfl,2023-01-21T21:25:00+00:00,pre_kickoff_close,1,totals,"pinnacle,lowvig,betonlineag,draftkings,fanduel,betmgm,williamhill_us,fanatics,betrivers,espnbet",10
nfl,2023-01-22T01:10:00+00:00,pre_kickoff_close,1,totals,"pinnacle,lowvig,betonlineag,draftkings,fanduel,betmgm,williamhill_us,fanatics,betrivers,espnbet",10
nfl,2023-01-22T03:30:00+00:00,forecast_decision,2,totals,"pinnacle,lowvig,betonlineag,draftkings,fanduel,betmgm,williamhill_us,fanatics,betrivers,espnbet",10
nfl,2023-01-22T19:55:00+00:00,pre_kickoff_close,1,totals,"pinnacle,lowvig,betonlineag,draftkings,fanduel,betmgm,williamhill_us,fanatics,betrivers,espnbet",10
nfl,2023-01-22T23:25:00+00:00,pre_kickoff_close,1,totals,"pinnacle,lowvig,betonlineag,draftkings,fanduel,betmgm,williamhill_us,fanatics,betrivers,espnbet",10
nfl,2023-01-29T03:30:00+00:00,forecast_decision,2,totals,"pinnacle,lowvig,betonlineag,draftkings,fanduel,betmgm,williamhill_us,fanatics,betrivers,espnbet",10
nfl,2023-01-29T19:55:00+00:00,pre_kickoff_close,1,totals,"pinnacle,lowvig,betonlineag,draftkings,fanduel,betmgm,williamhill_us,fanatics,betrivers,espnbet",10
nfl,2023-01-29T23:25:00+00:00,pre_kickoff_close,1,totals,"pinnacle,lowvig,betonlineag,draftkings,fanduel,betmgm,williamhill_us,fanatics,betrivers,espnbet",10
nfl,2023-09-07T02:30:00+00:00,forecast_decision,1,totals,"pinnacle,lowvig,betonlineag,draftkings,fanduel,betmgm,williamhill_us,fanatics,betrivers,espnbet",10
nfl,2023-09-08T00:15:00+00:00,pre_kickoff_close,1,totals,"pinnacle,lowvig,betonlineag,draftkings,fanduel,betmgm,williamhill_us,fanatics,betrivers,espnbet",10
nfl,2023-09-10T02:30:00+00:00,forecast_decision,9,totals,"pinnacle,lowvig,betonlineag,draftkings,fanduel,betmgm,williamhill_us,fanatics,betrivers,espnbet",10
nfl,2023-09-10T16:55:00+00:00,pre_kickoff_close,4,totals,"pinnacle,lowvig,betonlineag,draftkings,fanduel,betmgm,williamhill_us,fanatics,betrivers,espnbet",10
nfl,2023-09-10T20:20:00+00:00,pre_kickoff_close,4,totals,"pinnacle,lowvig,betonlineag,draftkings,fanduel,betmgm,williamhill_us,fanatics,betrivers,espnbet",10
nfl,2023-09-11T00:15:00+00:00,pre_kickoff_close,1,totals,"pinnacle,lowvig,betonlineag,draftkings,fanduel,betmgm,williamhill_us,fanatics,betrivers,espnbet",10
nfl,2023-09-11T02:30:00+00:00,forecast_decision,1,totals,"pinnacle,lowvig,betonlineag,draftkings,fanduel,betmgm,williamhill_us,fanatics,betrivers,espnbet",10
nfl,2023-09-12T00:10:00+00:00,pre_kickoff_close,1,totals,"pinnacle,lowvig,betonlineag,draftkings,fanduel,betmgm,williamhill_us,fanatics,betrivers,espnbet",10
nfl,2023-09-14T02:30:00+00:00,forecast_decision,1,totals,"pinnacle,lowvig,betonlineag,draftkings,fanduel,betmgm,williamhill_us,fanatics,betrivers,espnbet",10
nfl,2023-09-15T00:10:00+00:00,pre_kickoff_close,1,totals,"pinnacle,lowvig,betonlineag,draftkings,fanduel,betmgm,williamhill_us,fanatics,betrivers,espnbet",10
nfl,2023-09-17T02:30:00+00:00,forecast_decision,7,totals,"pinnacle,lowvig,betonlineag,draftkings,fanduel,betmgm,williamhill_us,fanatics,betrivers,espnbet",10
nfl,2023-09-17T16:55:00+00:00,pre_kickoff_close,5,totals,"pinnacle,lowvig,betonlineag,draftkings,fanduel,betmgm,williamhill_us,fanatics,betrivers,espnbet",10
nfl,2023-09-17T20:20:00+00:00,pre_kickoff_close,1,totals,"pinnacle,lowvig,betonlineag,draftkings,fanduel,betmgm,williamhill_us,fanatics,betrivers,espnbet",10
nfl,2023-09-18T00:15:00+00:00,pre_kickoff_close,1,totals,"pinnacle,lowvig,betonlineag,draftkings,fanduel,betmgm,williamhill_us,fanatics,betrivers,espnbet",10
nfl,2023-09-18T02:30:00+00:00,forecast_decision,2,totals,"pinnacle,lowvig,betonlineag,draftkings,fanduel,betmgm,williamhill_us,fanatics,betrivers,espnbet",10
nfl,2023-09-18T23:10:00+00:00,pre_kickoff_close,1,totals,"pinnacle,lowvig,betonlineag,draftkings,fanduel,betmgm,williamhill_us,fanatics,betrivers,espnbet",10
nfl,2023-09-19T00:10:00+00:00,pre_kickoff_close,1,totals,"pinnacle,lowvig,betonlineag,draftkings,fanduel,betmgm,williamhill_us,fanatics,betrivers,espnbet",10
nfl,2023-09-21T02:30:00+00:00,forecast_decision,1,totals,"pinnacle,lowvig,betonlineag,draftkings,fanduel,betmgm,williamhill_us,fanatics,betrivers,espnbet",10
nfl,2023-09-22T00:10:00+00:00,pre_kickoff_close,1,totals,"pinnacle,lowvig,betonlineag,draftkings,fanduel,betmgm,williamhill_us,fanatics,betrivers,espnbet",10
nfl,2023-09-24T02:30:00+00:00,forecast_decision,9,totals,"pinnacle,lowvig,betonlineag,draftkings,fanduel,betmgm,williamhill_us,fanatics,betrivers,espnbet",10
nfl,2023-09-24T16:55:00+00:00,pre_kickoff_close,7,totals,"pinnacle,lowvig,betonlineag,draftkings,fanduel,betmgm,williamhill_us,fanatics,betrivers,espnbet",10
nfl,2023-09-24T20:00:00+00:00,pre_kickoff_close,1,totals,"pinnacle,lowvig,betonlineag,draftkings,fanduel,betmgm,williamhill_us,fanatics,betrivers,espnbet",10
nfl,2023-09-24T20:20:00+00:00,pre_kickoff_close,1,totals,"pinnacle,lowvig,betonlineag,draftkings,fanduel,betmgm,williamhill_us,fanatics,betrivers,espnbet",10
nfl,2023-09-25T02:30:00+00:00,forecast_decision,2,totals,"pinnacle,lowvig,betonlineag,draftkings,fanduel,betmgm,williamhill_us,fanatics,betrivers,espnbet",10
nfl,2023-09-25T23:10:00+00:00,pre_kickoff_close,1,totals,"pinnacle,lowvig,betonlineag,draftkings,fanduel,betmgm,williamhill_us,fanatics,betrivers,espnbet",10
nfl,2023-09-26T00:10:00+00:00,pre_kickoff_close,1,totals,"pinnacle,lowvig,betonlineag,draftkings,fanduel,betmgm,williamhill_us,fanatics,betrivers,espnbet",10
nfl,2023-09-28T02:30:00+00:00,forecast_decision,1,totals,"pinnacle,lowvig,betonlineag,draftkings,fanduel,betmgm,williamhill_us,fanatics,betrivers,espnbet",10
nfl,2023-09-29T00:10:00+00:00,pre_kickoff_close,1,totals,"pinnacle,lowvig,betonlineag,draftkings,fanduel,betmgm,williamhill_us,fanatics,betrivers,espnbet",10
nfl,2023-10-01T02:30:00+00:00,forecast_decision,8,totals,"pinnacle,lowvig,betonlineag,draftkings,fanduel,betmgm,williamhill_us,fanatics,betrivers,espnbet",10
nfl,2023-10-01T16:55:00+00:00,pre_kickoff_close,6,totals,"pinnacle,lowvig,betonlineag,draftkings,fanduel,betmgm,williamhill_us,fanatics,betrivers,espnbet",10
nfl,2023-10-01T20:20:00+00:00,pre_kickoff_close,1,totals,"pinnacle,lowvig,betonlineag,draftkings,fanduel,betmgm,williamhill_us,fanatics,betrivers,espnbet",10
nfl,2023-10-02T00:15:00+00:00,pre_kickoff_close,1,totals,"pinnacle,lowvig,betonlineag,draftkings,fanduel,betmgm,williamhill_us,fanatics,betrivers,espnbet",10
nfl,2023-10-02T02:30:00+00:00,forecast_decision,1,totals,"pinnacle,lowvig,betonlineag,draftkings,fanduel,betmgm,williamhill_us,fanatics,betrivers,espnbet",10
nfl,2023-10-03T00:10:00+00:00,pre_kickoff_close,1,totals,"pinnacle,lowvig,betonlineag,draftkings,fanduel,betmgm,williamhill_us,fanatics,betrivers,espnbet",10
nfl,2023-10-05T02:30:00+00:00,forecast_decision,1,totals,"pinnacle,lowvig,betonlineag,draftkings,fanduel,betmgm,williamhill_us,fanatics,betrivers,espnbet",10
nfl,2023-10-06T00:10:00+00:00,pre_kickoff_close,1,totals,"pinnacle,lowvig,betonlineag,draftkings,fanduel,betmgm,williamhill_us,fanatics,betrivers,espnbet",10
nfl,2023-10-08T02:30:00+00:00,forecast_decision,5,totals,"pinnacle,lowvig,betonlineag,draftkings,fanduel,betmgm,williamhill_us,fanatics,betrivers,espnbet",10
nfl,2023-10-08T16:55:00+00:00,pre_kickoff_close,3,totals,"pinnacle,lowvig,betonlineag,draftkings,fanduel,betmgm,williamhill_us,fanatics,betrivers,espnbet",10
nfl,2023-10-08T20:20:00+00:00,pre_kickoff_close,1,totals,"pinnacle,lowvig,betonlineag,draftkings,fanduel,betmgm,williamhill_us,fanatics,betrivers,espnbet",10
nfl,2023-10-09T00:15:00+00:00,pre_kickoff_close,1,totals,"pinnacle,lowvig,betonlineag,draftkings,fanduel,betmgm,williamhill_us,fanatics,betrivers,espnbet",10
nfl,2023-10-12T02:30:00+00:00,forecast_decision,1,totals,"pinnacle,lowvig,betonlineag,draftkings,fanduel,betmgm,williamhill_us,fanatics,betrivers,espnbet",10
nfl,2023-10-13T00:10:00+00:00,pre_kickoff_close,1,totals,"pinnacle,lowvig,betonlineag,draftkings,fanduel,betmgm,williamhill_us,fanatics,betrivers,espnbet",10
nfl,2023-10-15T02:30:00+00:00,forecast_decision,8,totals,"pinnacle,lowvig,betonlineag,draftkings,fanduel,betmgm,williamhill_us,fanatics,betrivers,espnbet",10
nfl,2023-10-15T16:55:00+00:00,pre_kickoff_close,5,totals,"pinnacle,lowvig,betonlineag,draftkings,fanduel,betmgm,williamhill_us,fanatics,betrivers,espnbet",10
nfl,2023-10-15T20:20:00+00:00,pre_kickoff_close,2,totals,"pinnacle,lowvig,betonlineag,draftkings,fanduel,betmgm,williamhill_us,fanatics,betrivers,espnbet",10
nfl,2023-10-16T00:15:00+00:00,pre_kickoff_close,1,totals,"pinnacle,lowvig,betonlineag,draftkings,fanduel,betmgm,williamhill_us,fanatics,betrivers,espnbet",10
nfl,2023-10-22T02:30:00+00:00,forecast_decision,9,totals,"pinnacle,lowvig,betonlineag,draftkings,fanduel,betmgm,williamhill_us,fanatics,betrivers,espnbet",10
nfl,2023-10-22T16:55:00+00:00,pre_kickoff_close,5,totals,"pinnacle,lowvig,betonlineag,draftkings,fanduel,betmgm,williamhill_us,fanatics,betrivers,espnbet",10
nfl,2023-10-22T20:00:00+00:00,pre_kickoff_close,1,totals,"pinnacle,lowvig,betonlineag,draftkings,fanduel,betmgm,williamhill_us,fanatics,betrivers,espnbet",10
nfl,2023-10-22T20:20:00+00:00,pre_kickoff_close,2,totals,"pinnacle,lowvig,betonlineag,draftkings,fanduel,betmgm,williamhill_us,fanatics,betrivers,espnbet",10
nfl,2023-10-23T00:15:00+00:00,pre_kickoff_close,1,totals,"pinnacle,lowvig,betonlineag,draftkings,fanduel,betmgm,williamhill_us,fanatics,betrivers,espnbet",10
nfl,2023-10-26T02:30:00+00:00,forecast_decision,1,totals,"pinnacle,lowvig,betonlineag,draftkings,fanduel,betmgm,williamhill_us,fanatics,betrivers,espnbet",10
nfl,2023-10-27T00:10:00+00:00,pre_kickoff_close,1,totals,"pinnacle,lowvig,betonlineag,draftkings,fanduel,betmgm,williamhill_us,fanatics,betrivers,espnbet",10
nfl,2023-10-29T02:30:00+00:00,forecast_decision,10,totals,"pinnacle,lowvig,betonlineag,draftkings,fanduel,betmgm,williamhill_us,fanatics,betrivers,espnbet",10
nfl,2023-10-29T16:55:00+00:00,pre_kickoff_close,7,totals,"pinnacle,lowvig,betonlineag,draftkings,fanduel,betmgm,williamhill_us,fanatics,betrivers,espnbet",10
nfl,2023-10-29T20:00:00+00:00,pre_kickoff_close,1,totals,"pinnacle,lowvig,betonlineag,draftkings,fanduel,betmgm,williamhill_us,fanatics,betrivers,espnbet",10
nfl,2023-10-29T20:20:00+00:00,pre_kickoff_close,2,totals,"pinnacle,lowvig,betonlineag,draftkings,fanduel,betmgm,williamhill_us,fanatics,betrivers,espnbet",10
nfl,2023-11-02T02:30:00+00:00,forecast_decision,1,totals,"pinnacle,lowvig,betonlineag,draftkings,fanduel,betmgm,williamhill_us,fanatics,betrivers,espnbet",10
nfl,2023-11-03T00:10:00+00:00,pre_kickoff_close,1,totals,"pinnacle,lowvig,betonlineag,draftkings,fanduel,betmgm,williamhill_us,fanatics,betrivers,espnbet",10
nfl,2023-11-05T02:30:00+00:00,forecast_decision,7,totals,"pinnacle,lowvig,betonlineag,draftkings,fanduel,betmgm,williamhill_us,fanatics,betrivers,espnbet",10
nfl,2023-11-05T17:55:00+00:00,pre_kickoff_close,4,totals,"pinnacle,lowvig,betonlineag,draftkings,fanduel,betmgm,williamhill_us,fanatics,betrivers,espnbet",10
nfl,2023-11-05T21:00:00+00:00,pre_kickoff_close,1,totals,"pinnacle,lowvig,betonlineag,draftkings,fanduel,betmgm,williamhill_us,fanatics,betrivers,espnbet",10
nfl,2023-11-05T21:20:00+00:00,pre_kickoff_close,1,totals,"pinnacle,lowvig,betonlineag,draftkings,fanduel,betmgm,williamhill_us,fanatics,betrivers,espnbet",10
nfl,2023-11-06T01:15:00+00:00,pre_kickoff_close,1,totals,"pinnacle,lowvig,betonlineag,draftkings,fanduel,betmgm,williamhill_us,fanatics,betrivers,espnbet",10
nfl,2023-11-06T03:30:00+00:00,forecast_decision,1,totals,"pinnacle,lowvig,betonlineag,draftkings,fanduel,betmgm,williamhill_us,fanatics,betrivers,espnbet",10
nfl,2023-11-07T01:10:00+00:00,pre_kickoff_close,1,totals,"pinnacle,lowvig,betonlineag,draftkings,fanduel,betmgm,williamhill_us,fanatics,betrivers,espnbet",10
nfl,2023-11-09T03:30:00+00:00,forecast_decision,1,totals,"pinnacle,lowvig,betonlineag,draftkings,fanduel,betmgm,williamhill_us,fanatics,betrivers,espnbet",10
nfl,2023-11-10T01:10:00+00:00,pre_kickoff_close,1,totals,"pinnacle,lowvig,betonlineag,draftkings,fanduel,betmgm,williamhill_us,fanatics,betrivers,espnbet",10
nfl,2023-11-12T03:30:00+00:00,forecast_decision,6,totals,"pinnacle,lowvig,betonlineag,draftkings,fanduel,betmgm,williamhill_us,fanatics,betrivers,espnbet",10
nfl,2023-11-12T17:55:00+00:00,pre_kickoff_close,5,totals,"pinnacle,lowvig,betonlineag,draftkings,fanduel,betmgm,williamhill_us,fanatics,betrivers,espnbet",10
nfl,2023-11-12T21:20:00+00:00,pre_kickoff_close,1,totals,"pinnacle,lowvig,betonlineag,draftkings,fanduel,betmgm,williamhill_us,fanatics,betrivers,espnbet",10
nfl,2023-11-13T03:30:00+00:00,forecast_decision,1,totals,"pinnacle,lowvig,betonlineag,draftkings,fanduel,betmgm,williamhill_us,fanatics,betrivers,espnbet",10
nfl,2023-11-14T01:10:00+00:00,pre_kickoff_close,1,totals,"pinnacle,lowvig,betonlineag,draftkings,fanduel,betmgm,williamhill_us,fanatics,betrivers,espnbet",10
nfl,2023-11-16T03:30:00+00:00,forecast_decision,1,totals,"pinnacle,lowvig,betonlineag,draftkings,fanduel,betmgm,williamhill_us,fanatics,betrivers,espnbet",10
nfl,2023-11-17T01:10:00+00:00,pre_kickoff_close,1,totals,"pinnacle,lowvig,betonlineag,draftkings,fanduel,betmgm,williamhill_us,fanatics,betrivers,espnbet",10
nfl,2023-11-19T03:30:00+00:00,forecast_decision,9,totals,"pinnacle,lowvig,betonlineag,draftkings,fanduel,betmgm,williamhill_us,fanatics,betrivers,espnbet",10
nfl,2023-11-19T17:55:00+00:00,pre_kickoff_close,6,totals,"pinnacle,lowvig,betonlineag,draftkings,fanduel,betmgm,williamhill_us,fanatics,betrivers,espnbet",10
nfl,2023-11-19T21:00:00+00:00,pre_kickoff_close,1,totals,"pinnacle,lowvig,betonlineag,draftkings,fanduel,betmgm,williamhill_us,fanatics,betrivers,espnbet",10
nfl,2023-11-19T21:20:00+00:00,pre_kickoff_close,1,totals,"pinnacle,lowvig,betonlineag,draftkings,fanduel,betmgm,williamhill_us,fanatics,betrivers,espnbet",10
nfl,2023-11-20T01:15:00+00:00,pre_kickoff_close,1,totals,"pinnacle,lowvig,betonlineag,draftkings,fanduel,betmgm,williamhill_us,fanatics,betrivers,espnbet",10
nfl,2023-11-20T03:30:00+00:00,forecast_decision,1,totals,"pinnacle,lowvig,betonlineag,draftkings,fanduel,betmgm,williamhill_us,fanatics,betrivers,espnbet",10
nfl,2023-11-21T01:10:00+00:00,pre_kickoff_close,1,totals,"pinnacle,lowvig,betonlineag,draftkings,fanduel,betmgm,williamhill_us,fanatics,betrivers,espnbet",10
nfl,2023-11-23T03:30:00+00:00,forecast_decision,1,totals,"pinnacle,lowvig,betonlineag,draftkings,fanduel,betmgm,williamhill_us,fanatics,betrivers,espnbet",10
nfl,2023-11-24T01:15:00+00:00,pre_kickoff_close,1,totals,"pinnacle,lowvig,betonlineag,draftkings,fanduel,betmgm,williamhill_us,fanatics,betrivers,espnbet",10
nfl,2023-11-24T03:30:00+00:00,forecast_decision,1,totals,"pinnacle,lowvig,betonlineag,draftkings,fanduel,betmgm,williamhill_us,fanatics,betrivers,espnbet",10
nfl,2023-11-24T19:55:00+00:00,pre_kickoff_close,1,totals,"pinnacle,lowvig,betonlineag,draftkings,fanduel,betmgm,williamhill_us,fanatics,betrivers,espnbet",10
nfl,2023-11-26T03:30:00+00:00,forecast_decision,5,totals,"pinnacle,lowvig,betonlineag,draftkings,fanduel,betmgm,williamhill_us,fanatics,betrivers,espnbet",10
nfl,2023-11-26T17:55:00+00:00,pre_kickoff_close,3,totals,"pinnacle,lowvig,betonlineag,draftkings,fanduel,betmgm,williamhill_us,fanatics,betrivers,espnbet",10
nfl,2023-11-26T21:00:00+00:00,pre_kickoff_close,1,totals,"pinnacle,lowvig,betonlineag,draftkings,fanduel,betmgm,williamhill_us,fanatics,betrivers,espnbet",10
nfl,2023-11-26T21:20:00+00:00,pre_kickoff_close,1,totals,"pinnacle,lowvig,betonlineag,draftkings,fanduel,betmgm,williamhill_us,fanatics,betrivers,espnbet",10
nfl,2023-12-03T03:30:00+00:00,forecast_decision,8,totals,"pinnacle,lowvig,betonlineag,draftkings,fanduel,betmgm,williamhill_us,fanatics,betrivers,espnbet",10
nfl,2023-12-03T17:55:00+00:00,pre_kickoff_close,5,totals,"pinnacle,lowvig,betonlineag,draftkings,fanduel,betmgm,williamhill_us,fanatics,betrivers,espnbet",10
nfl,2023-12-03T21:00:00+00:00,pre_kickoff_close,1,totals,"pinnacle,lowvig,betonlineag,draftkings,fanduel,betmgm,williamhill_us,fanatics,betrivers,espnbet",10
nfl,2023-12-03T21:20:00+00:00,pre_kickoff_close,1,totals,"pinnacle,lowvig,betonlineag,draftkings,fanduel,betmgm,williamhill_us,fanatics,betrivers,espnbet",10
nfl,2023-12-04T01:15:00+00:00,pre_kickoff_close,1,totals,"pinnacle,lowvig,betonlineag,draftkings,fanduel,betmgm,williamhill_us,fanatics,betrivers,espnbet",10
nfl,2023-12-04T03:30:00+00:00,forecast_decision,1,totals,"pinnacle,lowvig,betonlineag,draftkings,fanduel,betmgm,williamhill_us,fanatics,betrivers,espnbet",10
nfl,2023-12-05T01:10:00+00:00,pre_kickoff_close,1,totals,"pinnacle,lowvig,betonlineag,draftkings,fanduel,betmgm,williamhill_us,fanatics,betrivers,espnbet",10
nfl,2023-12-07T03:30:00+00:00,forecast_decision,1,totals,"pinnacle,lowvig,betonlineag,draftkings,fanduel,betmgm,williamhill_us,fanatics,betrivers,espnbet",10
nfl,2023-12-08T01:10:00+00:00,pre_kickoff_close,1,totals,"pinnacle,lowvig,betonlineag,draftkings,fanduel,betmgm,williamhill_us,fanatics,betrivers,espnbet",10
nfl,2023-12-10T03:30:00+00:00,forecast_decision,7,totals,"pinnacle,lowvig,betonlineag,draftkings,fanduel,betmgm,williamhill_us,fanatics,betrivers,espnbet",10
nfl,2023-12-10T17:55:00+00:00,pre_kickoff_close,5,totals,"pinnacle,lowvig,betonlineag,draftkings,fanduel,betmgm,williamhill_us,fanatics,betrivers,espnbet",10
nfl,2023-12-10T21:00:00+00:00,pre_kickoff_close,1,totals,"pinnacle,lowvig,betonlineag,draftkings,fanduel,betmgm,williamhill_us,fanatics,betrivers,espnbet",10
nfl,2023-12-10T21:20:00+00:00,pre_kickoff_close,1,totals,"pinnacle,lowvig,betonlineag,draftkings,fanduel,betmgm,williamhill_us,fanatics,betrivers,espnbet",10
nfl,2023-12-11T03:30:00+00:00,forecast_decision,2,totals,"pinnacle,lowvig,betonlineag,draftkings,fanduel,betmgm,williamhill_us,fanatics,betrivers,espnbet",10
nfl,2023-12-12T01:10:00+00:00,pre_kickoff_close,2,totals,"pinnacle,lowvig,betonlineag,draftkings,fanduel,betmgm,williamhill_us,fanatics,betrivers,espnbet",10
nfl,2023-12-16T03:30:00+00:00,forecast_decision,1,totals,"pinnacle,lowvig,betonlineag,draftkings,fanduel,betmgm,williamhill_us,fanatics,betrivers,espnbet",10
nfl,2023-12-16T17:55:00+00:00,pre_kickoff_close,1,totals,"pinnacle,lowvig,betonlineag,draftkings,fanduel,betmgm,williamhill_us,fanatics,betrivers,espnbet",10
nfl,2023-12-17T03:30:00+00:00,forecast_decision,8,totals,"pinnacle,lowvig,betonlineag,draftkings,fanduel,betmgm,williamhill_us,fanatics,betrivers,espnbet",10
nfl,2023-12-17T17:55:00+00:00,pre_kickoff_close,6,totals,"pinnacle,lowvig,betonlineag,draftkings,fanduel,betmgm,williamhill_us,fanatics,betrivers,espnbet",10
nfl,2023-12-17T21:20:00+00:00,pre_kickoff_close,1,totals,"pinnacle,lowvig,betonlineag,draftkings,fanduel,betmgm,williamhill_us,fanatics,betrivers,espnbet",10
nfl,2023-12-18T01:15:00+00:00,pre_kickoff_close,1,totals,"pinnacle,lowvig,betonlineag,draftkings,fanduel,betmgm,williamhill_us,fanatics,betrivers,espnbet",10
nfl,2023-12-18T03:30:00+00:00,forecast_decision,1,totals,"pinnacle,lowvig,betonlineag,draftkings,fanduel,betmgm,williamhill_us,fanatics,betrivers,espnbet",10
nfl,2023-12-19T01:10:00+00:00,pre_kickoff_close,1,totals,"pinnacle,lowvig,betonlineag,draftkings,fanduel,betmgm,williamhill_us,fanatics,betrivers,espnbet",10
nfl,2023-12-23T03:30:00+00:00,forecast_decision,1,totals,"pinnacle,lowvig,betonlineag,draftkings,fanduel,betmgm,williamhill_us,fanatics,betrivers,espnbet",10
nfl,2023-12-23T21:25:00+00:00,pre_kickoff_close,1,totals,"pinnacle,lowvig,betonlineag,draftkings,fanduel,betmgm,williamhill_us,fanatics,betrivers,espnbet",10
nfl,2023-12-24T03:30:00+00:00,forecast_decision,7,totals,"pinnacle,lowvig,betonlineag,draftkings,fanduel,betmgm,williamhill_us,fanatics,betrivers,espnbet",10
nfl,2023-12-24T17:55:00+00:00,pre_kickoff_close,3,totals,"pinnacle,lowvig,betonlineag,draftkings,fanduel,betmgm,williamhill_us,fanatics,betrivers,espnbet",10
nfl,2023-12-24T21:00:00+00:00,pre_kickoff_close,1,totals,"pinnacle,lowvig,betonlineag,draftkings,fanduel,betmgm,williamhill_us,fanatics,betrivers,espnbet",10
nfl,2023-12-24T21:20:00+00:00,pre_kickoff_close,2,totals,"pinnacle,lowvig,betonlineag,draftkings,fanduel,betmgm,williamhill_us,fanatics,betrivers,espnbet",10
nfl,2023-12-25T01:10:00+00:00,pre_kickoff_close,1,totals,"pinnacle,lowvig,betonlineag,draftkings,fanduel,betmgm,williamhill_us,fanatics,betrivers,espnbet",10
nfl,2023-12-25T03:30:00+00:00,forecast_decision,3,totals,"pinnacle,lowvig,betonlineag,draftkings,fanduel,betmgm,williamhill_us,fanatics,betrivers,espnbet",10
nfl,2023-12-25T17:55:00+00:00,pre_kickoff_close,1,totals,"pinnacle,lowvig,betonlineag,draftkings,fanduel,betmgm,williamhill_us,fanatics,betrivers,espnbet",10
nfl,2023-12-25T21:25:00+00:00,pre_kickoff_close,1,totals,"pinnacle,lowvig,betonlineag,draftkings,fanduel,betmgm,williamhill_us,fanatics,betrivers,espnbet",10
nfl,2023-12-26T01:10:00+00:00,pre_kickoff_close,1,totals,"pinnacle,lowvig,betonlineag,draftkings,fanduel,betmgm,williamhill_us,fanatics,betrivers,espnbet",10
nfl,2023-12-28T03:30:00+00:00,forecast_decision,1,totals,"pinnacle,lowvig,betonlineag,draftkings,fanduel,betmgm,williamhill_us,fanatics,betrivers,espnbet",10
nfl,2023-12-29T01:10:00+00:00,pre_kickoff_close,1,totals,"pinnacle,lowvig,betonlineag,draftkings,fanduel,betmgm,williamhill_us,fanatics,betrivers,espnbet",10
nfl,2023-12-31T03:30:00+00:00,forecast_decision,11,totals,"pinnacle,lowvig,betonlineag,draftkings,fanduel,betmgm,williamhill_us,fanatics,betrivers,espnbet",10
nfl,2023-12-31T17:55:00+00:00,pre_kickoff_close,8,totals,"pinnacle,lowvig,betonlineag,draftkings,fanduel,betmgm,williamhill_us,fanatics,betrivers,espnbet",10
nfl,2023-12-31T21:00:00+00:00,pre_kickoff_close,1,totals,"pinnacle,lowvig,betonlineag,draftkings,fanduel,betmgm,williamhill_us,fanatics,betrivers,espnbet",10
nfl,2023-12-31T21:20:00+00:00,pre_kickoff_close,2,totals,"pinnacle,lowvig,betonlineag,draftkings,fanduel,betmgm,williamhill_us,fanatics,betrivers,espnbet",10
nfl,2024-01-06T03:30:00+00:00,forecast_decision,1,totals,"pinnacle,lowvig,betonlineag,draftkings,fanduel,betmgm,williamhill_us,fanatics,betrivers,espnbet",10
nfl,2024-01-06T21:25:00+00:00,pre_kickoff_close,1,totals,"pinnacle,lowvig,betonlineag,draftkings,fanduel,betmgm,williamhill_us,fanatics,betrivers,espnbet",10
nfl,2024-01-07T03:30:00+00:00,forecast_decision,9,totals,"pinnacle,lowvig,betonlineag,draftkings,fanduel,betmgm,williamhill_us,fanatics,betrivers,espnbet",10
nfl,2024-01-07T17:55:00+00:00,pre_kickoff_close,4,totals,"pinnacle,lowvig,betonlineag,draftkings,fanduel,betmgm,williamhill_us,fanatics,betrivers,espnbet",10
nfl,2024-01-07T21:20:00+00:00,pre_kickoff_close,4,totals,"pinnacle,lowvig,betonlineag,draftkings,fanduel,betmgm,williamhill_us,fanatics,betrivers,espnbet",10
nfl,2024-01-08T01:15:00+00:00,pre_kickoff_close,1,totals,"pinnacle,lowvig,betonlineag,draftkings,fanduel,betmgm,williamhill_us,fanatics,betrivers,espnbet",10
nfl,2024-01-13T03:30:00+00:00,forecast_decision,1,totals,"pinnacle,lowvig,betonlineag,draftkings,fanduel,betmgm,williamhill_us,fanatics,betrivers,espnbet",10
nfl,2024-01-14T00:55:00+00:00,pre_kickoff_close,1,totals,"pinnacle,lowvig,betonlineag,draftkings,fanduel,betmgm,williamhill_us,fanatics,betrivers,espnbet",10
nfl,2024-01-15T03:30:00+00:00,forecast_decision,2,totals,"pinnacle,lowvig,betonlineag,draftkings,fanduel,betmgm,williamhill_us,fanatics,betrivers,espnbet",10
nfl,2024-01-15T21:25:00+00:00,pre_kickoff_close,1,totals,"pinnacle,lowvig,betonlineag,draftkings,fanduel,betmgm,williamhill_us,fanatics,betrivers,espnbet",10
nfl,2024-01-16T00:55:00+00:00,pre_kickoff_close,1,totals,"pinnacle,lowvig,betonlineag,draftkings,fanduel,betmgm,williamhill_us,fanatics,betrivers,espnbet",10
nfl,2024-01-20T03:30:00+00:00,forecast_decision,2,totals,"pinnacle,lowvig,betonlineag,draftkings,fanduel,betmgm,williamhill_us,fanatics,betrivers,espnbet",10
nfl,2024-01-20T21:25:00+00:00,pre_kickoff_close,1,totals,"pinnacle,lowvig,betonlineag,draftkings,fanduel,betmgm,williamhill_us,fanatics,betrivers,espnbet",10
nfl,2024-01-21T01:10:00+00:00,pre_kickoff_close,1,totals,"pinnacle,lowvig,betonlineag,draftkings,fanduel,betmgm,williamhill_us,fanatics,betrivers,espnbet",10
nfl,2024-01-21T03:30:00+00:00,forecast_decision,1,totals,"pinnacle,lowvig,betonlineag,draftkings,fanduel,betmgm,williamhill_us,fanatics,betrivers,espnbet",10
nfl,2024-01-21T23:25:00+00:00,pre_kickoff_close,1,totals,"pinnacle,lowvig,betonlineag,draftkings,fanduel,betmgm,williamhill_us,fanatics,betrivers,espnbet",10
nfl,2024-01-28T03:30:00+00:00,forecast_decision,2,totals,"pinnacle,lowvig,betonlineag,draftkings,fanduel,betmgm,williamhill_us,fanatics,betrivers,espnbet",10
nfl,2024-01-28T19:55:00+00:00,pre_kickoff_close,1,totals,"pinnacle,lowvig,betonlineag,draftkings,fanduel,betmgm,williamhill_us,fanatics,betrivers,espnbet",10
nfl,2024-01-28T23:25:00+00:00,pre_kickoff_close,1,totals,"pinnacle,lowvig,betonlineag,draftkings,fanduel,betmgm,williamhill_us,fanatics,betrivers,espnbet",10
nfl,2024-09-05T02:30:00+00:00,forecast_decision,1,totals,"pinnacle,lowvig,betonlineag,draftkings,fanduel,betmgm,williamhill_us,fanatics,betrivers,espnbet",10
nfl,2024-09-06T00:15:00+00:00,pre_kickoff_close,1,totals,"pinnacle,lowvig,betonlineag,draftkings,fanduel,betmgm,williamhill_us,fanatics,betrivers,espnbet",10
nfl,2024-09-08T02:30:00+00:00,forecast_decision,8,totals,"pinnacle,lowvig,betonlineag,draftkings,fanduel,betmgm,williamhill_us,fanatics,betrivers,espnbet",10
nfl,2024-09-08T16:55:00+00:00,pre_kickoff_close,5,totals,"pinnacle,lowvig,betonlineag,draftkings,fanduel,betmgm,williamhill_us,fanatics,betrivers,espnbet",10
nfl,2024-09-08T20:00:00+00:00,pre_kickoff_close,1,totals,"pinnacle,lowvig,betonlineag,draftkings,fanduel,betmgm,williamhill_us,fanatics,betrivers,espnbet",10
nfl,2024-09-08T20:20:00+00:00,pre_kickoff_close,2,totals,"pinnacle,lowvig,betonlineag,draftkings,fanduel,betmgm,williamhill_us,fanatics,betrivers,espnbet",10
nfl,2024-09-09T02:30:00+00:00,forecast_decision,1,totals,"pinnacle,lowvig,betonlineag,draftkings,fanduel,betmgm,williamhill_us,fanatics,betrivers,espnbet",10
nfl,2024-09-10T00:10:00+00:00,pre_kickoff_close,1,totals,"pinnacle,lowvig,betonlineag,draftkings,fanduel,betmgm,williamhill_us,fanatics,betrivers,espnbet",10
nfl,2024-09-12T02:30:00+00:00,forecast_decision,1,totals,"pinnacle,lowvig,betonlineag,draftkings,fanduel,betmgm,williamhill_us,fanatics,betrivers,espnbet",10
nfl,2024-09-13T00:10:00+00:00,pre_kickoff_close,1,totals,"pinnacle,lowvig,betonlineag,draftkings,fanduel,betmgm,williamhill_us,fanatics,betrivers,espnbet",10
nfl,2024-09-15T02:30:00+00:00,forecast_decision,9,totals,"pinnacle,lowvig,betonlineag,draftkings,fanduel,betmgm,williamhill_us,fanatics,betrivers,espnbet",10
nfl,2024-09-15T16:55:00+00:00,pre_kickoff_close,7,totals,"pinnacle,lowvig,betonlineag,draftkings,fanduel,betmgm,williamhill_us,fanatics,betrivers,espnbet",10
nfl,2024-09-15T20:20:00+00:00,pre_kickoff_close,2,totals,"pinnacle,lowvig,betonlineag,draftkings,fanduel,betmgm,williamhill_us,fanatics,betrivers,espnbet",10
nfl,2024-09-16T02:30:00+00:00,forecast_decision,1,totals,"pinnacle,lowvig,betonlineag,draftkings,fanduel,betmgm,williamhill_us,fanatics,betrivers,espnbet",10
nfl,2024-09-17T00:10:00+00:00,pre_kickoff_close,1,totals,"pinnacle,lowvig,betonlineag,draftkings,fanduel,betmgm,williamhill_us,fanatics,betrivers,espnbet",10
nfl,2024-09-19T02:30:00+00:00,forecast_decision,1,totals,"pinnacle,lowvig,betonlineag,draftkings,fanduel,betmgm,williamhill_us,fanatics,betrivers,espnbet",10
nfl,2024-09-20T00:10:00+00:00,pre_kickoff_close,1,totals,"pinnacle,lowvig,betonlineag,draftkings,fanduel,betmgm,williamhill_us,fanatics,betrivers,espnbet",10
nfl,2024-09-22T02:30:00+00:00,forecast_decision,5,totals,"pinnacle,lowvig,betonlineag,draftkings,fanduel,betmgm,williamhill_us,fanatics,betrivers,espnbet",10
nfl,2024-09-22T16:55:00+00:00,pre_kickoff_close,4,totals,"pinnacle,lowvig,betonlineag,draftkings,fanduel,betmgm,williamhill_us,fanatics,betrivers,espnbet",10
nfl,2024-09-22T20:00:00+00:00,pre_kickoff_close,1,totals,"pinnacle,lowvig,betonlineag,draftkings,fanduel,betmgm,williamhill_us,fanatics,betrivers,espnbet",10
nfl,2024-09-23T02:30:00+00:00,forecast_decision,2,totals,"pinnacle,lowvig,betonlineag,draftkings,fanduel,betmgm,williamhill_us,fanatics,betrivers,espnbet",10
nfl,2024-09-23T23:25:00+00:00,pre_kickoff_close,1,totals,"pinnacle,lowvig,betonlineag,draftkings,fanduel,betmgm,williamhill_us,fanatics,betrivers,espnbet",10
nfl,2024-09-24T00:10:00+00:00,pre_kickoff_close,1,totals,"pinnacle,lowvig,betonlineag,draftkings,fanduel,betmgm,williamhill_us,fanatics,betrivers,espnbet",10
nfl,2024-09-26T02:30:00+00:00,forecast_decision,1,totals,"pinnacle,lowvig,betonlineag,draftkings,fanduel,betmgm,williamhill_us,fanatics,betrivers,espnbet",10
nfl,2024-09-27T00:10:00+00:00,pre_kickoff_close,1,totals,"pinnacle,lowvig,betonlineag,draftkings,fanduel,betmgm,williamhill_us,fanatics,betrivers,espnbet",10
nfl,2024-09-29T02:30:00+00:00,forecast_decision,7,totals,"pinnacle,lowvig,betonlineag,draftkings,fanduel,betmgm,williamhill_us,fanatics,betrivers,espnbet",10
nfl,2024-09-29T16:55:00+00:00,pre_kickoff_close,5,totals,"pinnacle,lowvig,betonlineag,draftkings,fanduel,betmgm,williamhill_us,fanatics,betrivers,espnbet",10
nfl,2024-09-29T20:00:00+00:00,pre_kickoff_close,1,totals,"pinnacle,lowvig,betonlineag,draftkings,fanduel,betmgm,williamhill_us,fanatics,betrivers,espnbet",10
nfl,2024-09-30T00:15:00+00:00,pre_kickoff_close,1,totals,"pinnacle,lowvig,betonlineag,draftkings,fanduel,betmgm,williamhill_us,fanatics,betrivers,espnbet",10
nfl,2024-09-30T02:30:00+00:00,forecast_decision,1,totals,"pinnacle,lowvig,betonlineag,draftkings,fanduel,betmgm,williamhill_us,fanatics,betrivers,espnbet",10
nfl,2024-09-30T23:25:00+00:00,pre_kickoff_close,1,totals,"pinnacle,lowvig,betonlineag,draftkings,fanduel,betmgm,williamhill_us,fanatics,betrivers,espnbet",10
nfl,2024-10-06T02:30:00+00:00,forecast_decision,9,totals,"pinnacle,lowvig,betonlineag,draftkings,fanduel,betmgm,williamhill_us,fanatics,betrivers,espnbet",10
nfl,2024-10-06T16:55:00+00:00,pre_kickoff_close,5,totals,"pinnacle,lowvig,betonlineag,draftkings,fanduel,betmgm,williamhill_us,fanatics,betrivers,espnbet",10
nfl,2024-10-06T20:00:00+00:00,pre_kickoff_close,2,totals,"pinnacle,lowvig,betonlineag,draftkings,fanduel,betmgm,williamhill_us,fanatics,betrivers,espnbet",10
nfl,2024-10-06T20:20:00+00:00,pre_kickoff_close,1,totals,"pinnacle,lowvig,betonlineag,draftkings,fanduel,betmgm,williamhill_us,fanatics,betrivers,espnbet",10
nfl,2024-10-07T00:15:00+00:00,pre_kickoff_close,1,totals,"pinnacle,lowvig,betonlineag,draftkings,fanduel,betmgm,williamhill_us,fanatics,betrivers,espnbet",10
nfl,2024-10-07T02:30:00+00:00,forecast_decision,1,totals,"pinnacle,lowvig,betonlineag,draftkings,fanduel,betmgm,williamhill_us,fanatics,betrivers,espnbet",10
nfl,2024-10-08T00:10:00+00:00,pre_kickoff_close,1,totals,"pinnacle,lowvig,betonlineag,draftkings,fanduel,betmgm,williamhill_us,fanatics,betrivers,espnbet",10
nfl,2024-10-10T02:30:00+00:00,forecast_decision,1,totals,"pinnacle,lowvig,betonlineag,draftkings,fanduel,betmgm,williamhill_us,fanatics,betrivers,espnbet",10
nfl,2024-10-11T00:10:00+00:00,pre_kickoff_close,1,totals,"pinnacle,lowvig,betonlineag,draftkings,fanduel,betmgm,williamhill_us,fanatics,betrivers,espnbet",10
nfl,2024-10-13T02:30:00+00:00,forecast_decision,8,totals,"pinnacle,lowvig,betonlineag,draftkings,fanduel,betmgm,williamhill_us,fanatics,betrivers,espnbet",10
nfl,2024-10-13T16:55:00+00:00,pre_kickoff_close,5,totals,"pinnacle,lowvig,betonlineag,draftkings,fanduel,betmgm,williamhill_us,fanatics,betrivers,espnbet",10
nfl,2024-10-13T20:00:00+00:00,pre_kickoff_close,1,totals,"pinnacle,lowvig,betonlineag,draftkings,fanduel,betmgm,williamhill_us,fanatics,betrivers,espnbet",10
nfl,2024-10-13T20:20:00+00:00,pre_kickoff_close,1,totals,"pinnacle,lowvig,betonlineag,draftkings,fanduel,betmgm,williamhill_us,fanatics,betrivers,espnbet",10
nfl,2024-10-14T00:15:00+00:00,pre_kickoff_close,1,totals,"pinnacle,lowvig,betonlineag,draftkings,fanduel,betmgm,williamhill_us,fanatics,betrivers,espnbet",10
nfl,2024-10-14T02:30:00+00:00,forecast_decision,1,totals,"pinnacle,lowvig,betonlineag,draftkings,fanduel,betmgm,williamhill_us,fanatics,betrivers,espnbet",10
nfl,2024-10-15T00:10:00+00:00,pre_kickoff_close,1,totals,"pinnacle,lowvig,betonlineag,draftkings,fanduel,betmgm,williamhill_us,fanatics,betrivers,espnbet",10
nfl,2024-10-20T02:30:00+00:00,forecast_decision,7,totals,"pinnacle,lowvig,betonlineag,draftkings,fanduel,betmgm,williamhill_us,fanatics,betrivers,espnbet",10
nfl,2024-10-20T16:55:00+00:00,pre_kickoff_close,4,totals,"pinnacle,lowvig,betonlineag,draftkings,fanduel,betmgm,williamhill_us,fanatics,betrivers,espnbet",10
nfl,2024-10-20T20:00:00+00:00,pre_kickoff_close,1,totals,"pinnacle,lowvig,betonlineag,draftkings,fanduel,betmgm,williamhill_us,fanatics,betrivers,espnbet",10
nfl,2024-10-20T20:20:00+00:00,pre_kickoff_close,1,totals,"pinnacle,lowvig,betonlineag,draftkings,fanduel,betmgm,williamhill_us,fanatics,betrivers,espnbet",10
nfl,2024-10-21T00:15:00+00:00,pre_kickoff_close,1,totals,"pinnacle,lowvig,betonlineag,draftkings,fanduel,betmgm,williamhill_us,fanatics,betrivers,espnbet",10
nfl,2024-10-21T02:30:00+00:00,forecast_decision,1,totals,"pinnacle,lowvig,betonlineag,draftkings,fanduel,betmgm,williamhill_us,fanatics,betrivers,espnbet",10
nfl,2024-10-22T00:10:00+00:00,pre_kickoff_close,1,totals,"pinnacle,lowvig,betonlineag,draftkings,fanduel,betmgm,williamhill_us,fanatics,betrivers,espnbet",10
nfl,2024-10-27T02:30:00+00:00,forecast_decision,10,totals,"pinnacle,lowvig,betonlineag,draftkings,fanduel,betmgm,williamhill_us,fanatics,betrivers,espnbet",10
nfl,2024-10-27T16:55:00+00:00,pre_kickoff_close,6,totals,"pinnacle,lowvig,betonlineag,draftkings,fanduel,betmgm,williamhill_us,fanatics,betrivers,espnbet",10
nfl,2024-10-27T20:00:00+00:00,pre_kickoff_close,1,totals,"pinnacle,lowvig,betonlineag,draftkings,fanduel,betmgm,williamhill_us,fanatics,betrivers,espnbet",10
nfl,2024-10-27T20:20:00+00:00,pre_kickoff_close,2,totals,"pinnacle,lowvig,betonlineag,draftkings,fanduel,betmgm,williamhill_us,fanatics,betrivers,espnbet",10
nfl,2024-10-28T00:15:00+00:00,pre_kickoff_close,1,totals,"pinnacle,lowvig,betonlineag,draftkings,fanduel,betmgm,williamhill_us,fanatics,betrivers,espnbet",10
nfl,2024-10-28T02:30:00+00:00,forecast_decision,1,totals,"pinnacle,lowvig,betonlineag,draftkings,fanduel,betmgm,williamhill_us,fanatics,betrivers,espnbet",10
nfl,2024-10-29T00:10:00+00:00,pre_kickoff_close,1,totals,"pinnacle,lowvig,betonlineag,draftkings,fanduel,betmgm,williamhill_us,fanatics,betrivers,espnbet",10
nfl,2024-10-31T02:30:00+00:00,forecast_decision,1,totals,"pinnacle,lowvig,betonlineag,draftkings,fanduel,betmgm,williamhill_us,fanatics,betrivers,espnbet",10
nfl,2024-11-01T00:10:00+00:00,pre_kickoff_close,1,totals,"pinnacle,lowvig,betonlineag,draftkings,fanduel,betmgm,williamhill_us,fanatics,betrivers,espnbet",10
nfl,2024-11-03T02:30:00+00:00,forecast_decision,10,totals,"pinnacle,lowvig,betonlineag,draftkings,fanduel,betmgm,williamhill_us,fanatics,betrivers,espnbet",10
nfl,2024-11-03T17:55:00+00:00,pre_kickoff_close,7,totals,"pinnacle,lowvig,betonlineag,draftkings,fanduel,betmgm,williamhill_us,fanatics,betrivers,espnbet",10
nfl,2024-11-03T21:00:00+00:00,pre_kickoff_close,1,totals,"pinnacle,lowvig,betonlineag,draftkings,fanduel,betmgm,williamhill_us,fanatics,betrivers,espnbet",10
nfl,2024-11-03T21:20:00+00:00,pre_kickoff_close,2,totals,"pinnacle,lowvig,betonlineag,draftkings,fanduel,betmgm,williamhill_us,fanatics,betrivers,espnbet",10
nfl,2024-11-04T03:30:00+00:00,forecast_decision,1,totals,"pinnacle,lowvig,betonlineag,draftkings,fanduel,betmgm,williamhill_us,fanatics,betrivers,espnbet",10
nfl,2024-11-05T01:10:00+00:00,pre_kickoff_close,1,totals,"pinnacle,lowvig,betonlineag,draftkings,fanduel,betmgm,williamhill_us,fanatics,betrivers,espnbet",10
nfl,2024-11-07T03:30:00+00:00,forecast_decision,1,totals,"pinnacle,lowvig,betonlineag,draftkings,fanduel,betmgm,williamhill_us,fanatics,betrivers,espnbet",10
nfl,2024-11-08T01:10:00+00:00,pre_kickoff_close,1,totals,"pinnacle,lowvig,betonlineag,draftkings,fanduel,betmgm,williamhill_us,fanatics,betrivers,espnbet",10
nfl,2024-11-10T03:30:00+00:00,forecast_decision,5,totals,"pinnacle,lowvig,betonlineag,draftkings,fanduel,betmgm,williamhill_us,fanatics,betrivers,espnbet",10
nfl,2024-11-10T17:55:00+00:00,pre_kickoff_close,5,totals,"pinnacle,lowvig,betonlineag,draftkings,fanduel,betmgm,williamhill_us,fanatics,betrivers,espnbet",10
nfl,2024-11-14T03:30:00+00:00,forecast_decision,1,totals,"pinnacle,lowvig,betonlineag,draftkings,fanduel,betmgm,williamhill_us,fanatics,betrivers,espnbet",10
nfl,2024-11-15T01:10:00+00:00,pre_kickoff_close,1,totals,"pinnacle,lowvig,betonlineag,draftkings,fanduel,betmgm,williamhill_us,fanatics,betrivers,espnbet",10
nfl,2024-11-17T03:30:00+00:00,forecast_decision,9,totals,"pinnacle,lowvig,betonlineag,draftkings,fanduel,betmgm,williamhill_us,fanatics,betrivers,espnbet",10
nfl,2024-11-17T17:55:00+00:00,pre_kickoff_close,6,totals,"pinnacle,lowvig,betonlineag,draftkings,fanduel,betmgm,williamhill_us,fanatics,betrivers,espnbet",10
nfl,2024-11-17T21:00:00+00:00,pre_kickoff_close,2,totals,"pinnacle,lowvig,betonlineag,draftkings,fanduel,betmgm,williamhill_us,fanatics,betrivers,espnbet",10
nfl,2024-11-17T21:20:00+00:00,pre_kickoff_close,1,totals,"pinnacle,lowvig,betonlineag,draftkings,fanduel,betmgm,williamhill_us,fanatics,betrivers,espnbet",10
nfl,2024-11-21T03:30:00+00:00,forecast_decision,1,totals,"pinnacle,lowvig,betonlineag,draftkings,fanduel,betmgm,williamhill_us,fanatics,betrivers,espnbet",10
nfl,2024-11-22T01:10:00+00:00,pre_kickoff_close,1,totals,"pinnacle,lowvig,betonlineag,draftkings,fanduel,betmgm,williamhill_us,fanatics,betrivers,espnbet",10
nfl,2024-11-24T03:30:00+00:00,forecast_decision,7,totals,"pinnacle,lowvig,betonlineag,draftkings,fanduel,betmgm,williamhill_us,fanatics,betrivers,espnbet",10
nfl,2024-11-24T17:55:00+00:00,pre_kickoff_close,5,totals,"pinnacle,lowvig,betonlineag,draftkings,fanduel,betmgm,williamhill_us,fanatics,betrivers,espnbet",10
nfl,2024-11-24T21:20:00+00:00,pre_kickoff_close,2,totals,"pinnacle,lowvig,betonlineag,draftkings,fanduel,betmgm,williamhill_us,fanatics,betrivers,espnbet",10
nfl,2024-11-28T03:30:00+00:00,forecast_decision,1,totals,"pinnacle,lowvig,betonlineag,draftkings,fanduel,betmgm,williamhill_us,fanatics,betrivers,espnbet",10
nfl,2024-11-29T01:15:00+00:00,pre_kickoff_close,1,totals,"pinnacle,lowvig,betonlineag,draftkings,fanduel,betmgm,williamhill_us,fanatics,betrivers,espnbet",10
nfl,2024-11-29T03:30:00+00:00,forecast_decision,1,totals,"pinnacle,lowvig,betonlineag,draftkings,fanduel,betmgm,williamhill_us,fanatics,betrivers,espnbet",10
nfl,2024-11-29T19:55:00+00:00,pre_kickoff_close,1,totals,"pinnacle,lowvig,betonlineag,draftkings,fanduel,betmgm,williamhill_us,fanatics,betrivers,espnbet",10
nfl,2024-12-01T03:30:00+00:00,forecast_decision,8,totals,"pinnacle,lowvig,betonlineag,draftkings,fanduel,betmgm,williamhill_us,fanatics,betrivers,espnbet",10
nfl,2024-12-01T17:55:00+00:00,pre_kickoff_close,5,totals,"pinnacle,lowvig,betonlineag,draftkings,fanduel,betmgm,williamhill_us,fanatics,betrivers,espnbet",10
nfl,2024-12-01T21:00:00+00:00,pre_kickoff_close,1,totals,"pinnacle,lowvig,betonlineag,draftkings,fanduel,betmgm,williamhill_us,fanatics,betrivers,espnbet",10
nfl,2024-12-01T21:20:00+00:00,pre_kickoff_close,1,totals,"pinnacle,lowvig,betonlineag,draftkings,fanduel,betmgm,williamhill_us,fanatics,betrivers,espnbet",10
nfl,2024-12-02T01:15:00+00:00,pre_kickoff_close,1,totals,"pinnacle,lowvig,betonlineag,draftkings,fanduel,betmgm,williamhill_us,fanatics,betrivers,espnbet",10
nfl,2024-12-02T03:30:00+00:00,forecast_decision,1,totals,"pinnacle,lowvig,betonlineag,draftkings,fanduel,betmgm,williamhill_us,fanatics,betrivers,espnbet",10
nfl,2024-12-03T01:10:00+00:00,pre_kickoff_close,1,totals,"pinnacle,lowvig,betonlineag,draftkings,fanduel,betmgm,williamhill_us,fanatics,betrivers,espnbet",10
nfl,2024-12-08T03:30:00+00:00,forecast_decision,8,totals,"pinnacle,lowvig,betonlineag,draftkings,fanduel,betmgm,williamhill_us,fanatics,betrivers,espnbet",10
nfl,2024-12-08T17:55:00+00:00,pre_kickoff_close,6,totals,"pinnacle,lowvig,betonlineag,draftkings,fanduel,betmgm,williamhill_us,fanatics,betrivers,espnbet",10
nfl,2024-12-08T21:20:00+00:00,pre_kickoff_close,1,totals,"pinnacle,lowvig,betonlineag,draftkings,fanduel,betmgm,williamhill_us,fanatics,betrivers,espnbet",10
nfl,2024-12-09T01:15:00+00:00,pre_kickoff_close,1,totals,"pinnacle,lowvig,betonlineag,draftkings,fanduel,betmgm,williamhill_us,fanatics,betrivers,espnbet",10
nfl,2024-12-12T03:30:00+00:00,forecast_decision,1,totals,"pinnacle,lowvig,betonlineag,draftkings,fanduel,betmgm,williamhill_us,fanatics,betrivers,espnbet",10
nfl,2024-12-13T01:10:00+00:00,pre_kickoff_close,1,totals,"pinnacle,lowvig,betonlineag,draftkings,fanduel,betmgm,williamhill_us,fanatics,betrivers,espnbet",10
nfl,2024-12-15T03:30:00+00:00,forecast_decision,8,totals,"pinnacle,lowvig,betonlineag,draftkings,fanduel,betmgm,williamhill_us,fanatics,betrivers,espnbet",10
nfl,2024-12-15T17:55:00+00:00,pre_kickoff_close,5,totals,"pinnacle,lowvig,betonlineag,draftkings,fanduel,betmgm,williamhill_us,fanatics,betrivers,espnbet",10
nfl,2024-12-15T21:20:00+00:00,pre_kickoff_close,2,totals,"pinnacle,lowvig,betonlineag,draftkings,fanduel,betmgm,williamhill_us,fanatics,betrivers,espnbet",10
nfl,2024-12-16T01:15:00+00:00,pre_kickoff_close,1,totals,"pinnacle,lowvig,betonlineag,draftkings,fanduel,betmgm,williamhill_us,fanatics,betrivers,espnbet",10
nfl,2024-12-21T03:30:00+00:00,forecast_decision,2,totals,"pinnacle,lowvig,betonlineag,draftkings,fanduel,betmgm,williamhill_us,fanatics,betrivers,espnbet",10
nfl,2024-12-21T17:55:00+00:00,pre_kickoff_close,1,totals,"pinnacle,lowvig,betonlineag,draftkings,fanduel,betmgm,williamhill_us,fanatics,betrivers,espnbet",10
nfl,2024-12-21T21:25:00+00:00,pre_kickoff_close,1,totals,"pinnacle,lowvig,betonlineag,draftkings,fanduel,betmgm,williamhill_us,fanatics,betrivers,espnbet",10
nfl,2024-12-22T03:30:00+00:00,forecast_decision,8,totals,"pinnacle,lowvig,betonlineag,draftkings,fanduel,betmgm,williamhill_us,fanatics,betrivers,espnbet",10
nfl,2024-12-22T17:55:00+00:00,pre_kickoff_close,5,totals,"pinnacle,lowvig,betonlineag,draftkings,fanduel,betmgm,williamhill_us,fanatics,betrivers,espnbet",10
nfl,2024-12-22T21:00:00+00:00,pre_kickoff_close,1,totals,"pinnacle,lowvig,betonlineag,draftkings,fanduel,betmgm,williamhill_us,fanatics,betrivers,espnbet",10
nfl,2024-12-22T21:20:00+00:00,pre_kickoff_close,2,totals,"pinnacle,lowvig,betonlineag,draftkings,fanduel,betmgm,williamhill_us,fanatics,betrivers,espnbet",10
nfl,2024-12-23T03:30:00+00:00,forecast_decision,1,totals,"pinnacle,lowvig,betonlineag,draftkings,fanduel,betmgm,williamhill_us,fanatics,betrivers,espnbet",10
nfl,2024-12-24T01:10:00+00:00,pre_kickoff_close,1,totals,"pinnacle,lowvig,betonlineag,draftkings,fanduel,betmgm,williamhill_us,fanatics,betrivers,espnbet",10
nfl,2024-12-25T03:30:00+00:00,forecast_decision,1,totals,"pinnacle,lowvig,betonlineag,draftkings,fanduel,betmgm,williamhill_us,fanatics,betrivers,espnbet",10
nfl,2024-12-25T17:55:00+00:00,pre_kickoff_close,1,totals,"pinnacle,lowvig,betonlineag,draftkings,fanduel,betmgm,williamhill_us,fanatics,betrivers,espnbet",10
nfl,2024-12-26T03:30:00+00:00,forecast_decision,1,totals,"pinnacle,lowvig,betonlineag,draftkings,fanduel,betmgm,williamhill_us,fanatics,betrivers,espnbet",10
nfl,2024-12-27T01:10:00+00:00,pre_kickoff_close,1,totals,"pinnacle,lowvig,betonlineag,draftkings,fanduel,betmgm,williamhill_us,fanatics,betrivers,espnbet",10
nfl,2024-12-28T03:30:00+00:00,forecast_decision,2,totals,"pinnacle,lowvig,betonlineag,draftkings,fanduel,betmgm,williamhill_us,fanatics,betrivers,espnbet",10
nfl,2024-12-28T17:55:00+00:00,pre_kickoff_close,1,totals,"pinnacle,lowvig,betonlineag,draftkings,fanduel,betmgm,williamhill_us,fanatics,betrivers,espnbet",10
nfl,2024-12-28T21:25:00+00:00,pre_kickoff_close,1,totals,"pinnacle,lowvig,betonlineag,draftkings,fanduel,betmgm,williamhill_us,fanatics,betrivers,espnbet",10
nfl,2024-12-29T03:30:00+00:00,forecast_decision,7,totals,"pinnacle,lowvig,betonlineag,draftkings,fanduel,betmgm,williamhill_us,fanatics,betrivers,espnbet",10
nfl,2024-12-29T17:55:00+00:00,pre_kickoff_close,5,totals,"pinnacle,lowvig,betonlineag,draftkings,fanduel,betmgm,williamhill_us,fanatics,betrivers,espnbet",10
nfl,2024-12-29T21:00:00+00:00,pre_kickoff_close,1,totals,"pinnacle,lowvig,betonlineag,draftkings,fanduel,betmgm,williamhill_us,fanatics,betrivers,espnbet",10
nfl,2024-12-30T01:15:00+00:00,pre_kickoff_close,1,totals,"pinnacle,lowvig,betonlineag,draftkings,fanduel,betmgm,williamhill_us,fanatics,betrivers,espnbet",10
nfl,2024-12-30T03:30:00+00:00,forecast_decision,1,totals,"pinnacle,lowvig,betonlineag,draftkings,fanduel,betmgm,williamhill_us,fanatics,betrivers,espnbet",10
nfl,2024-12-31T01:10:00+00:00,pre_kickoff_close,1,totals,"pinnacle,lowvig,betonlineag,draftkings,fanduel,betmgm,williamhill_us,fanatics,betrivers,espnbet",10
nfl,2025-01-04T03:30:00+00:00,forecast_decision,2,totals,"pinnacle,lowvig,betonlineag,draftkings,fanduel,betmgm,williamhill_us,fanatics,betrivers,espnbet",10
nfl,2025-01-04T21:25:00+00:00,pre_kickoff_close,1,totals,"pinnacle,lowvig,betonlineag,draftkings,fanduel,betmgm,williamhill_us,fanatics,betrivers,espnbet",10
nfl,2025-01-05T00:55:00+00:00,pre_kickoff_close,1,totals,"pinnacle,lowvig,betonlineag,draftkings,fanduel,betmgm,williamhill_us,fanatics,betrivers,espnbet",10
nfl,2025-01-05T03:30:00+00:00,forecast_decision,7,totals,"pinnacle,lowvig,betonlineag,draftkings,fanduel,betmgm,williamhill_us,fanatics,betrivers,espnbet",10
nfl,2025-01-05T17:55:00+00:00,pre_kickoff_close,5,totals,"pinnacle,lowvig,betonlineag,draftkings,fanduel,betmgm,williamhill_us,fanatics,betrivers,espnbet",10
nfl,2025-01-05T21:20:00+00:00,pre_kickoff_close,2,totals,"pinnacle,lowvig,betonlineag,draftkings,fanduel,betmgm,williamhill_us,fanatics,betrivers,espnbet",10
nfl,2025-01-11T03:30:00+00:00,forecast_decision,1,totals,"pinnacle,lowvig,betonlineag,draftkings,fanduel,betmgm,williamhill_us,fanatics,betrivers,espnbet",10
nfl,2025-01-12T00:55:00+00:00,pre_kickoff_close,1,totals,"pinnacle,lowvig,betonlineag,draftkings,fanduel,betmgm,williamhill_us,fanatics,betrivers,espnbet",10
nfl,2025-01-12T03:30:00+00:00,forecast_decision,3,totals,"pinnacle,lowvig,betonlineag,draftkings,fanduel,betmgm,williamhill_us,fanatics,betrivers,espnbet",10
nfl,2025-01-12T17:55:00+00:00,pre_kickoff_close,1,totals,"pinnacle,lowvig,betonlineag,draftkings,fanduel,betmgm,williamhill_us,fanatics,betrivers,espnbet",10
nfl,2025-01-12T21:25:00+00:00,pre_kickoff_close,1,totals,"pinnacle,lowvig,betonlineag,draftkings,fanduel,betmgm,williamhill_us,fanatics,betrivers,espnbet",10
nfl,2025-01-13T00:55:00+00:00,pre_kickoff_close,1,totals,"pinnacle,lowvig,betonlineag,draftkings,fanduel,betmgm,williamhill_us,fanatics,betrivers,espnbet",10
nfl,2025-01-18T03:30:00+00:00,forecast_decision,1,totals,"pinnacle,lowvig,betonlineag,draftkings,fanduel,betmgm,williamhill_us,fanatics,betrivers,espnbet",10
nfl,2025-01-18T21:25:00+00:00,pre_kickoff_close,1,totals,"pinnacle,lowvig,betonlineag,draftkings,fanduel,betmgm,williamhill_us,fanatics,betrivers,espnbet",10
nfl,2025-01-19T03:30:00+00:00,forecast_decision,2,totals,"pinnacle,lowvig,betonlineag,draftkings,fanduel,betmgm,williamhill_us,fanatics,betrivers,espnbet",10
nfl,2025-01-19T19:55:00+00:00,pre_kickoff_close,1,totals,"pinnacle,lowvig,betonlineag,draftkings,fanduel,betmgm,williamhill_us,fanatics,betrivers,espnbet",10
nfl,2025-01-19T23:25:00+00:00,pre_kickoff_close,1,totals,"pinnacle,lowvig,betonlineag,draftkings,fanduel,betmgm,williamhill_us,fanatics,betrivers,espnbet",10
nfl,2025-01-26T03:30:00+00:00,forecast_decision,2,totals,"pinnacle,lowvig,betonlineag,draftkings,fanduel,betmgm,williamhill_us,fanatics,betrivers,espnbet",10
nfl,2025-01-26T19:55:00+00:00,pre_kickoff_close,1,totals,"pinnacle,lowvig,betonlineag,draftkings,fanduel,betmgm,williamhill_us,fanatics,betrivers,espnbet",10
nfl,2025-01-26T23:25:00+00:00,pre_kickoff_close,1,totals,"pinnacle,lowvig,betonlineag,draftkings,fanduel,betmgm,williamhill_us,fanatics,betrivers,espnbet",10
nfl,2025-09-04T02:30:00+00:00,forecast_decision,1,totals,"pinnacle,lowvig,betonlineag,draftkings,fanduel,betmgm,williamhill_us,fanatics,betrivers,espnbet",10
nfl,2025-09-05T00:15:00+00:00,pre_kickoff_close,1,totals,"pinnacle,lowvig,betonlineag,draftkings,fanduel,betmgm,williamhill_us,fanatics,betrivers,espnbet",10
nfl,2025-09-07T02:30:00+00:00,forecast_decision,9,totals,"pinnacle,lowvig,betonlineag,draftkings,fanduel,betmgm,williamhill_us,fanatics,betrivers,espnbet",10
nfl,2025-09-07T16:55:00+00:00,pre_kickoff_close,5,totals,"pinnacle,lowvig,betonlineag,draftkings,fanduel,betmgm,williamhill_us,fanatics,betrivers,espnbet",10
nfl,2025-09-07T20:00:00+00:00,pre_kickoff_close,2,totals,"pinnacle,lowvig,betonlineag,draftkings,fanduel,betmgm,williamhill_us,fanatics,betrivers,espnbet",10
nfl,2025-09-07T20:20:00+00:00,pre_kickoff_close,1,totals,"pinnacle,lowvig,betonlineag,draftkings,fanduel,betmgm,williamhill_us,fanatics,betrivers,espnbet",10
nfl,2025-09-08T00:15:00+00:00,pre_kickoff_close,1,totals,"pinnacle,lowvig,betonlineag,draftkings,fanduel,betmgm,williamhill_us,fanatics,betrivers,espnbet",10
nfl,2025-09-08T02:30:00+00:00,forecast_decision,1,totals,"pinnacle,lowvig,betonlineag,draftkings,fanduel,betmgm,williamhill_us,fanatics,betrivers,espnbet",10
nfl,2025-09-09T00:10:00+00:00,pre_kickoff_close,1,totals,"pinnacle,lowvig,betonlineag,draftkings,fanduel,betmgm,williamhill_us,fanatics,betrivers,espnbet",10
nfl,2025-09-11T02:30:00+00:00,forecast_decision,1,totals,"pinnacle,lowvig,betonlineag,draftkings,fanduel,betmgm,williamhill_us,fanatics,betrivers,espnbet",10
nfl,2025-09-12T00:10:00+00:00,pre_kickoff_close,1,totals,"pinnacle,lowvig,betonlineag,draftkings,fanduel,betmgm,williamhill_us,fanatics,betrivers,espnbet",10
nfl,2025-09-14T02:30:00+00:00,forecast_decision,7,totals,"pinnacle,lowvig,betonlineag,draftkings,fanduel,betmgm,williamhill_us,fanatics,betrivers,espnbet",10
nfl,2025-09-14T16:55:00+00:00,pre_kickoff_close,6,totals,"pinnacle,lowvig,betonlineag,draftkings,fanduel,betmgm,williamhill_us,fanatics,betrivers,espnbet",10
nfl,2025-09-14T20:20:00+00:00,pre_kickoff_close,1,totals,"pinnacle,lowvig,betonlineag,draftkings,fanduel,betmgm,williamhill_us,fanatics,betrivers,espnbet",10
nfl,2025-09-18T02:30:00+00:00,forecast_decision,1,totals,"pinnacle,lowvig,betonlineag,draftkings,fanduel,betmgm,williamhill_us,fanatics,betrivers,espnbet",10
nfl,2025-09-19T00:10:00+00:00,pre_kickoff_close,1,totals,"pinnacle,lowvig,betonlineag,draftkings,fanduel,betmgm,williamhill_us,fanatics,betrivers,espnbet",10
nfl,2025-09-21T02:30:00+00:00,forecast_decision,12,totals,"pinnacle,lowvig,betonlineag,draftkings,fanduel,betmgm,williamhill_us,fanatics,betrivers,espnbet",10
nfl,2025-09-21T16:55:00+00:00,pre_kickoff_close,8,totals,"pinnacle,lowvig,betonlineag,draftkings,fanduel,betmgm,williamhill_us,fanatics,betrivers,espnbet",10
nfl,2025-09-21T20:00:00+00:00,pre_kickoff_close,1,totals,"pinnacle,lowvig,betonlineag,draftkings,fanduel,betmgm,williamhill_us,fanatics,betrivers,espnbet",10
nfl,2025-09-21T20:20:00+00:00,pre_kickoff_close,2,totals,"pinnacle,lowvig,betonlineag,draftkings,fanduel,betmgm,williamhill_us,fanatics,betrivers,espnbet",10
nfl,2025-09-22T00:15:00+00:00,pre_kickoff_close,1,totals,"pinnacle,lowvig,betonlineag,draftkings,fanduel,betmgm,williamhill_us,fanatics,betrivers,espnbet",10
nfl,2025-09-22T02:30:00+00:00,forecast_decision,1,totals,"pinnacle,lowvig,betonlineag,draftkings,fanduel,betmgm,williamhill_us,fanatics,betrivers,espnbet",10
nfl,2025-09-23T00:10:00+00:00,pre_kickoff_close,1,totals,"pinnacle,lowvig,betonlineag,draftkings,fanduel,betmgm,williamhill_us,fanatics,betrivers,espnbet",10
nfl,2025-09-28T02:30:00+00:00,forecast_decision,7,totals,"pinnacle,lowvig,betonlineag,draftkings,fanduel,betmgm,williamhill_us,fanatics,betrivers,espnbet",10
nfl,2025-09-28T13:25:00+00:00,pre_kickoff_close,1,totals,"pinnacle,lowvig,betonlineag,draftkings,fanduel,betmgm,williamhill_us,fanatics,betrivers,espnbet",10
nfl,2025-09-28T16:55:00+00:00,pre_kickoff_close,4,totals,"pinnacle,lowvig,betonlineag,draftkings,fanduel,betmgm,williamhill_us,fanatics,betrivers,espnbet",10
nfl,2025-09-28T20:00:00+00:00,pre_kickoff_close,1,totals,"pinnacle,lowvig,betonlineag,draftkings,fanduel,betmgm,williamhill_us,fanatics,betrivers,espnbet",10
nfl,2025-09-28T20:20:00+00:00,pre_kickoff_close,1,totals,"pinnacle,lowvig,betonlineag,draftkings,fanduel,betmgm,williamhill_us,fanatics,betrivers,espnbet",10
nfl,2025-09-29T02:30:00+00:00,forecast_decision,2,totals,"pinnacle,lowvig,betonlineag,draftkings,fanduel,betmgm,williamhill_us,fanatics,betrivers,espnbet",10
nfl,2025-09-29T23:10:00+00:00,pre_kickoff_close,1,totals,"pinnacle,lowvig,betonlineag,draftkings,fanduel,betmgm,williamhill_us,fanatics,betrivers,espnbet",10
nfl,2025-09-30T00:10:00+00:00,pre_kickoff_close,1,totals,"pinnacle,lowvig,betonlineag,draftkings,fanduel,betmgm,williamhill_us,fanatics,betrivers,espnbet",10
nfl,2025-10-05T02:30:00+00:00,forecast_decision,8,totals,"pinnacle,lowvig,betonlineag,draftkings,fanduel,betmgm,williamhill_us,fanatics,betrivers,espnbet",10
nfl,2025-10-05T13:25:00+00:00,pre_kickoff_close,1,totals,"pinnacle,lowvig,betonlineag,draftkings,fanduel,betmgm,williamhill_us,fanatics,betrivers,espnbet",10
nfl,2025-10-05T16:55:00+00:00,pre_kickoff_close,4,totals,"pinnacle,lowvig,betonlineag,draftkings,fanduel,betmgm,williamhill_us,fanatics,betrivers,espnbet",10
nfl,2025-10-05T20:00:00+00:00,pre_kickoff_close,1,totals,"pinnacle,lowvig,betonlineag,draftkings,fanduel,betmgm,williamhill_us,fanatics,betrivers,espnbet",10
nfl,2025-10-05T20:20:00+00:00,pre_kickoff_close,1,totals,"pinnacle,lowvig,betonlineag,draftkings,fanduel,betmgm,williamhill_us,fanatics,betrivers,espnbet",10
nfl,2025-10-06T00:15:00+00:00,pre_kickoff_close,1,totals,"pinnacle,lowvig,betonlineag,draftkings,fanduel,betmgm,williamhill_us,fanatics,betrivers,espnbet",10
nfl,2025-10-06T02:30:00+00:00,forecast_decision,1,totals,"pinnacle,lowvig,betonlineag,draftkings,fanduel,betmgm,williamhill_us,fanatics,betrivers,espnbet",10
nfl,2025-10-07T00:10:00+00:00,pre_kickoff_close,1,totals,"pinnacle,lowvig,betonlineag,draftkings,fanduel,betmgm,williamhill_us,fanatics,betrivers,espnbet",10
nfl,2025-10-09T02:30:00+00:00,forecast_decision,1,totals,"pinnacle,lowvig,betonlineag,draftkings,fanduel,betmgm,williamhill_us,fanatics,betrivers,espnbet",10
nfl,2025-10-10T00:10:00+00:00,pre_kickoff_close,1,totals,"pinnacle,lowvig,betonlineag,draftkings,fanduel,betmgm,williamhill_us,fanatics,betrivers,espnbet",10
nfl,2025-10-12T02:30:00+00:00,forecast_decision,9,totals,"pinnacle,lowvig,betonlineag,draftkings,fanduel,betmgm,williamhill_us,fanatics,betrivers,espnbet",10
nfl,2025-10-12T13:25:00+00:00,pre_kickoff_close,1,totals,"pinnacle,lowvig,betonlineag,draftkings,fanduel,betmgm,williamhill_us,fanatics,betrivers,espnbet",10
nfl,2025-10-12T16:55:00+00:00,pre_kickoff_close,5,totals,"pinnacle,lowvig,betonlineag,draftkings,fanduel,betmgm,williamhill_us,fanatics,betrivers,espnbet",10
nfl,2025-10-12T20:20:00+00:00,pre_kickoff_close,2,totals,"pinnacle,lowvig,betonlineag,draftkings,fanduel,betmgm,williamhill_us,fanatics,betrivers,espnbet",10
nfl,2025-10-13T00:15:00+00:00,pre_kickoff_close,1,totals,"pinnacle,lowvig,betonlineag,draftkings,fanduel,betmgm,williamhill_us,fanatics,betrivers,espnbet",10
nfl,2025-10-13T02:30:00+00:00,forecast_decision,1,totals,"pinnacle,lowvig,betonlineag,draftkings,fanduel,betmgm,williamhill_us,fanatics,betrivers,espnbet",10
nfl,2025-10-14T00:10:00+00:00,pre_kickoff_close,1,totals,"pinnacle,lowvig,betonlineag,draftkings,fanduel,betmgm,williamhill_us,fanatics,betrivers,espnbet",10
nfl,2025-10-16T02:30:00+00:00,forecast_decision,1,totals,"pinnacle,lowvig,betonlineag,draftkings,fanduel,betmgm,williamhill_us,fanatics,betrivers,espnbet",10
nfl,2025-10-17T00:10:00+00:00,pre_kickoff_close,1,totals,"pinnacle,lowvig,betonlineag,draftkings,fanduel,betmgm,williamhill_us,fanatics,betrivers,espnbet",10
nfl,2025-10-19T02:30:00+00:00,forecast_decision,8,totals,"pinnacle,lowvig,betonlineag,draftkings,fanduel,betmgm,williamhill_us,fanatics,betrivers,espnbet",10
nfl,2025-10-19T13:25:00+00:00,pre_kickoff_close,1,totals,"pinnacle,lowvig,betonlineag,draftkings,fanduel,betmgm,williamhill_us,fanatics,betrivers,espnbet",10
nfl,2025-10-19T16:55:00+00:00,pre_kickoff_close,5,totals,"pinnacle,lowvig,betonlineag,draftkings,fanduel,betmgm,williamhill_us,fanatics,betrivers,espnbet",10
nfl,2025-10-19T20:00:00+00:00,pre_kickoff_close,1,totals,"pinnacle,lowvig,betonlineag,draftkings,fanduel,betmgm,williamhill_us,fanatics,betrivers,espnbet",10
nfl,2025-10-20T00:15:00+00:00,pre_kickoff_close,1,totals,"pinnacle,lowvig,betonlineag,draftkings,fanduel,betmgm,williamhill_us,fanatics,betrivers,espnbet",10
nfl,2025-10-20T02:30:00+00:00,forecast_decision,1,totals,"pinnacle,lowvig,betonlineag,draftkings,fanduel,betmgm,williamhill_us,fanatics,betrivers,espnbet",10
nfl,2025-10-21T01:55:00+00:00,pre_kickoff_close,1,totals,"pinnacle,lowvig,betonlineag,draftkings,fanduel,betmgm,williamhill_us,fanatics,betrivers,espnbet",10
nfl,2025-10-26T02:30:00+00:00,forecast_decision,7,totals,"pinnacle,lowvig,betonlineag,draftkings,fanduel,betmgm,williamhill_us,fanatics,betrivers,espnbet",10
nfl,2025-10-26T16:55:00+00:00,pre_kickoff_close,5,totals,"pinnacle,lowvig,betonlineag,draftkings,fanduel,betmgm,williamhill_us,fanatics,betrivers,espnbet",10
nfl,2025-10-26T20:20:00+00:00,pre_kickoff_close,1,totals,"pinnacle,lowvig,betonlineag,draftkings,fanduel,betmgm,williamhill_us,fanatics,betrivers,espnbet",10
nfl,2025-10-27T00:15:00+00:00,pre_kickoff_close,1,totals,"pinnacle,lowvig,betonlineag,draftkings,fanduel,betmgm,williamhill_us,fanatics,betrivers,espnbet",10
nfl,2025-10-27T02:30:00+00:00,forecast_decision,1,totals,"pinnacle,lowvig,betonlineag,draftkings,fanduel,betmgm,williamhill_us,fanatics,betrivers,espnbet",10
nfl,2025-10-28T00:10:00+00:00,pre_kickoff_close,1,totals,"pinnacle,lowvig,betonlineag,draftkings,fanduel,betmgm,williamhill_us,fanatics,betrivers,espnbet",10
nfl,2025-10-30T02:30:00+00:00,forecast_decision,1,totals,"pinnacle,lowvig,betonlineag,draftkings,fanduel,betmgm,williamhill_us,fanatics,betrivers,espnbet",10
nfl,2025-10-31T00:10:00+00:00,pre_kickoff_close,1,totals,"pinnacle,lowvig,betonlineag,draftkings,fanduel,betmgm,williamhill_us,fanatics,betrivers,espnbet",10
nfl,2025-11-02T02:30:00+00:00,forecast_decision,8,totals,"pinnacle,lowvig,betonlineag,draftkings,fanduel,betmgm,williamhill_us,fanatics,betrivers,espnbet",10
nfl,2025-11-02T17:55:00+00:00,pre_kickoff_close,6,totals,"pinnacle,lowvig,betonlineag,draftkings,fanduel,betmgm,williamhill_us,fanatics,betrivers,espnbet",10
nfl,2025-11-02T21:20:00+00:00,pre_kickoff_close,1,totals,"pinnacle,lowvig,betonlineag,draftkings,fanduel,betmgm,williamhill_us,fanatics,betrivers,espnbet",10
nfl,2025-11-03T01:15:00+00:00,pre_kickoff_close,1,totals,"pinnacle,lowvig,betonlineag,draftkings,fanduel,betmgm,williamhill_us,fanatics,betrivers,espnbet",10
nfl,2025-11-06T03:30:00+00:00,forecast_decision,1,totals,"pinnacle,lowvig,betonlineag,draftkings,fanduel,betmgm,williamhill_us,fanatics,betrivers,espnbet",10
nfl,2025-11-07T01:10:00+00:00,pre_kickoff_close,1,totals,"pinnacle,lowvig,betonlineag,draftkings,fanduel,betmgm,williamhill_us,fanatics,betrivers,espnbet",10
nfl,2025-11-09T03:30:00+00:00,forecast_decision,8,totals,"pinnacle,lowvig,betonlineag,draftkings,fanduel,betmgm,williamhill_us,fanatics,betrivers,espnbet",10
nfl,2025-11-09T17:55:00+00:00,pre_kickoff_close,5,totals,"pinnacle,lowvig,betonlineag,draftkings,fanduel,betmgm,williamhill_us,fanatics,betrivers,espnbet",10
nfl,2025-11-09T21:00:00+00:00,pre_kickoff_close,1,totals,"pinnacle,lowvig,betonlineag,draftkings,fanduel,betmgm,williamhill_us,fanatics,betrivers,espnbet",10
nfl,2025-11-09T21:20:00+00:00,pre_kickoff_close,2,totals,"pinnacle,lowvig,betonlineag,draftkings,fanduel,betmgm,williamhill_us,fanatics,betrivers,espnbet",10
nfl,2025-11-10T03:30:00+00:00,forecast_decision,1,totals,"pinnacle,lowvig,betonlineag,draftkings,fanduel,betmgm,williamhill_us,fanatics,betrivers,espnbet",10
nfl,2025-11-11T01:10:00+00:00,pre_kickoff_close,1,totals,"pinnacle,lowvig,betonlineag,draftkings,fanduel,betmgm,williamhill_us,fanatics,betrivers,espnbet",10
nfl,2025-11-13T03:30:00+00:00,forecast_decision,1,totals,"pinnacle,lowvig,betonlineag,draftkings,fanduel,betmgm,williamhill_us,fanatics,betrivers,espnbet",10
nfl,2025-11-14T01:10:00+00:00,pre_kickoff_close,1,totals,"pinnacle,lowvig,betonlineag,draftkings,fanduel,betmgm,williamhill_us,fanatics,betrivers,espnbet",10
nfl,2025-11-16T03:30:00+00:00,forecast_decision,9,totals,"pinnacle,lowvig,betonlineag,draftkings,fanduel,betmgm,williamhill_us,fanatics,betrivers,espnbet",10
nfl,2025-11-16T14:25:00+00:00,pre_kickoff_close,1,totals,"pinnacle,lowvig,betonlineag,draftkings,fanduel,betmgm,williamhill_us,fanatics,betrivers,espnbet",10
nfl,2025-11-16T17:55:00+00:00,pre_kickoff_close,5,totals,"pinnacle,lowvig,betonlineag,draftkings,fanduel,betmgm,williamhill_us,fanatics,betrivers,espnbet",10
nfl,2025-11-16T21:20:00+00:00,pre_kickoff_close,2,totals,"pinnacle,lowvig,betonlineag,draftkings,fanduel,betmgm,williamhill_us,fanatics,betrivers,espnbet",10
nfl,2025-11-17T01:15:00+00:00,pre_kickoff_close,1,totals,"pinnacle,lowvig,betonlineag,draftkings,fanduel,betmgm,williamhill_us,fanatics,betrivers,espnbet",10
nfl,2025-11-23T03:30:00+00:00,forecast_decision,6,totals,"pinnacle,lowvig,betonlineag,draftkings,fanduel,betmgm,williamhill_us,fanatics,betrivers,espnbet",10
nfl,2025-11-23T17:55:00+00:00,pre_kickoff_close,6,totals,"pinnacle,lowvig,betonlineag,draftkings,fanduel,betmgm,williamhill_us,fanatics,betrivers,espnbet",10
nfl,2025-11-24T03:30:00+00:00,forecast_decision,1,totals,"pinnacle,lowvig,betonlineag,draftkings,fanduel,betmgm,williamhill_us,fanatics,betrivers,espnbet",10
nfl,2025-11-25T01:10:00+00:00,pre_kickoff_close,1,totals,"pinnacle,lowvig,betonlineag,draftkings,fanduel,betmgm,williamhill_us,fanatics,betrivers,espnbet",10
nfl,2025-11-27T03:30:00+00:00,forecast_decision,1,totals,"pinnacle,lowvig,betonlineag,draftkings,fanduel,betmgm,williamhill_us,fanatics,betrivers,espnbet",10
nfl,2025-11-28T01:15:00+00:00,pre_kickoff_close,1,totals,"pinnacle,lowvig,betonlineag,draftkings,fanduel,betmgm,williamhill_us,fanatics,betrivers,espnbet",10
nfl,2025-11-28T03:30:00+00:00,forecast_decision,1,totals,"pinnacle,lowvig,betonlineag,draftkings,fanduel,betmgm,williamhill_us,fanatics,betrivers,espnbet",10
nfl,2025-11-28T19:55:00+00:00,pre_kickoff_close,1,totals,"pinnacle,lowvig,betonlineag,draftkings,fanduel,betmgm,williamhill_us,fanatics,betrivers,espnbet",10
nfl,2025-11-30T03:30:00+00:00,forecast_decision,9,totals,"pinnacle,lowvig,betonlineag,draftkings,fanduel,betmgm,williamhill_us,fanatics,betrivers,espnbet",10
nfl,2025-11-30T17:55:00+00:00,pre_kickoff_close,6,totals,"pinnacle,lowvig,betonlineag,draftkings,fanduel,betmgm,williamhill_us,fanatics,betrivers,espnbet",10
nfl,2025-11-30T21:00:00+00:00,pre_kickoff_close,1,totals,"pinnacle,lowvig,betonlineag,draftkings,fanduel,betmgm,williamhill_us,fanatics,betrivers,espnbet",10
nfl,2025-11-30T21:20:00+00:00,pre_kickoff_close,1,totals,"pinnacle,lowvig,betonlineag,draftkings,fanduel,betmgm,williamhill_us,fanatics,betrivers,espnbet",10
nfl,2025-12-01T01:15:00+00:00,pre_kickoff_close,1,totals,"pinnacle,lowvig,betonlineag,draftkings,fanduel,betmgm,williamhill_us,fanatics,betrivers,espnbet",10
nfl,2025-12-01T03:30:00+00:00,forecast_decision,1,totals,"pinnacle,lowvig,betonlineag,draftkings,fanduel,betmgm,williamhill_us,fanatics,betrivers,espnbet",10
nfl,2025-12-02T01:10:00+00:00,pre_kickoff_close,1,totals,"pinnacle,lowvig,betonlineag,draftkings,fanduel,betmgm,williamhill_us,fanatics,betrivers,espnbet",10
nfl,2025-12-07T03:30:00+00:00,forecast_decision,8,totals,"pinnacle,lowvig,betonlineag,draftkings,fanduel,betmgm,williamhill_us,fanatics,betrivers,espnbet",10
nfl,2025-12-07T17:55:00+00:00,pre_kickoff_close,6,totals,"pinnacle,lowvig,betonlineag,draftkings,fanduel,betmgm,williamhill_us,fanatics,betrivers,espnbet",10
nfl,2025-12-07T21:20:00+00:00,pre_kickoff_close,1,totals,"pinnacle,lowvig,betonlineag,draftkings,fanduel,betmgm,williamhill_us,fanatics,betrivers,espnbet",10
nfl,2025-12-08T01:15:00+00:00,pre_kickoff_close,1,totals,"pinnacle,lowvig,betonlineag,draftkings,fanduel,betmgm,williamhill_us,fanatics,betrivers,espnbet",10
nfl,2025-12-11T03:30:00+00:00,forecast_decision,1,totals,"pinnacle,lowvig,betonlineag,draftkings,fanduel,betmgm,williamhill_us,fanatics,betrivers,espnbet",10
nfl,2025-12-12T01:10:00+00:00,pre_kickoff_close,1,totals,"pinnacle,lowvig,betonlineag,draftkings,fanduel,betmgm,williamhill_us,fanatics,betrivers,espnbet",10
nfl,2025-12-14T03:30:00+00:00,forecast_decision,10,totals,"pinnacle,lowvig,betonlineag,draftkings,fanduel,betmgm,williamhill_us,fanatics,betrivers,espnbet",10
nfl,2025-12-14T17:55:00+00:00,pre_kickoff_close,7,totals,"pinnacle,lowvig,betonlineag,draftkings,fanduel,betmgm,williamhill_us,fanatics,betrivers,espnbet",10
nfl,2025-12-14T21:20:00+00:00,pre_kickoff_close,3,totals,"pinnacle,lowvig,betonlineag,draftkings,fanduel,betmgm,williamhill_us,fanatics,betrivers,espnbet",10
nfl,2025-12-15T03:30:00+00:00,forecast_decision,1,totals,"pinnacle,lowvig,betonlineag,draftkings,fanduel,betmgm,williamhill_us,fanatics,betrivers,espnbet",10
nfl,2025-12-16T01:10:00+00:00,pre_kickoff_close,1,totals,"pinnacle,lowvig,betonlineag,draftkings,fanduel,betmgm,williamhill_us,fanatics,betrivers,espnbet",10
nfl,2025-12-18T03:30:00+00:00,forecast_decision,1,totals,"pinnacle,lowvig,betonlineag,draftkings,fanduel,betmgm,williamhill_us,fanatics,betrivers,espnbet",10
nfl,2025-12-19T01:10:00+00:00,pre_kickoff_close,1,totals,"pinnacle,lowvig,betonlineag,draftkings,fanduel,betmgm,williamhill_us,fanatics,betrivers,espnbet",10
nfl,2025-12-20T03:30:00+00:00,forecast_decision,2,totals,"pinnacle,lowvig,betonlineag,draftkings,fanduel,betmgm,williamhill_us,fanatics,betrivers,espnbet",10
nfl,2025-12-20T21:55:00+00:00,pre_kickoff_close,1,totals,"pinnacle,lowvig,betonlineag,draftkings,fanduel,betmgm,williamhill_us,fanatics,betrivers,espnbet",10
nfl,2025-12-21T01:15:00+00:00,pre_kickoff_close,1,totals,"pinnacle,lowvig,betonlineag,draftkings,fanduel,betmgm,williamhill_us,fanatics,betrivers,espnbet",10
nfl,2025-12-21T03:30:00+00:00,forecast_decision,7,totals,"pinnacle,lowvig,betonlineag,draftkings,fanduel,betmgm,williamhill_us,fanatics,betrivers,espnbet",10
nfl,2025-12-21T17:55:00+00:00,pre_kickoff_close,5,totals,"pinnacle,lowvig,betonlineag,draftkings,fanduel,betmgm,williamhill_us,fanatics,betrivers,espnbet",10
nfl,2025-12-21T21:00:00+00:00,pre_kickoff_close,1,totals,"pinnacle,lowvig,betonlineag,draftkings,fanduel,betmgm,williamhill_us,fanatics,betrivers,espnbet",10
nfl,2025-12-22T01:15:00+00:00,pre_kickoff_close,1,totals,"pinnacle,lowvig,betonlineag,draftkings,fanduel,betmgm,williamhill_us,fanatics,betrivers,espnbet",10
nfl,2025-12-25T03:30:00+00:00,forecast_decision,2,totals,"pinnacle,lowvig,betonlineag,draftkings,fanduel,betmgm,williamhill_us,fanatics,betrivers,espnbet",10
nfl,2025-12-25T17:55:00+00:00,pre_kickoff_close,1,totals,"pinnacle,lowvig,betonlineag,draftkings,fanduel,betmgm,williamhill_us,fanatics,betrivers,espnbet",10
nfl,2025-12-26T01:10:00+00:00,pre_kickoff_close,1,totals,"pinnacle,lowvig,betonlineag,draftkings,fanduel,betmgm,williamhill_us,fanatics,betrivers,espnbet",10
nfl,2025-12-27T03:30:00+00:00,forecast_decision,1,totals,"pinnacle,lowvig,betonlineag,draftkings,fanduel,betmgm,williamhill_us,fanatics,betrivers,espnbet",10
nfl,2025-12-28T00:55:00+00:00,pre_kickoff_close,1,totals,"pinnacle,lowvig,betonlineag,draftkings,fanduel,betmgm,williamhill_us,fanatics,betrivers,espnbet",10
nfl,2025-12-28T03:30:00+00:00,forecast_decision,8,totals,"pinnacle,lowvig,betonlineag,draftkings,fanduel,betmgm,williamhill_us,fanatics,betrivers,espnbet",10
nfl,2025-12-28T17:55:00+00:00,pre_kickoff_close,6,totals,"pinnacle,lowvig,betonlineag,draftkings,fanduel,betmgm,williamhill_us,fanatics,betrivers,espnbet",10
nfl,2025-12-28T21:20:00+00:00,pre_kickoff_close,1,totals,"pinnacle,lowvig,betonlineag,draftkings,fanduel,betmgm,williamhill_us,fanatics,betrivers,espnbet",10
nfl,2025-12-29T01:15:00+00:00,pre_kickoff_close,1,totals,"pinnacle,lowvig,betonlineag,draftkings,fanduel,betmgm,williamhill_us,fanatics,betrivers,espnbet",10
nfl,2026-01-03T03:30:00+00:00,forecast_decision,2,totals,"pinnacle,lowvig,betonlineag,draftkings,fanduel,betmgm,williamhill_us,fanatics,betrivers,espnbet",10
nfl,2026-01-03T21:25:00+00:00,pre_kickoff_close,1,totals,"pinnacle,lowvig,betonlineag,draftkings,fanduel,betmgm,williamhill_us,fanatics,betrivers,espnbet",10
nfl,2026-01-04T00:55:00+00:00,pre_kickoff_close,1,totals,"pinnacle,lowvig,betonlineag,draftkings,fanduel,betmgm,williamhill_us,fanatics,betrivers,espnbet",10
nfl,2026-01-04T03:30:00+00:00,forecast_decision,9,totals,"pinnacle,lowvig,betonlineag,draftkings,fanduel,betmgm,williamhill_us,fanatics,betrivers,espnbet",10
nfl,2026-01-04T17:55:00+00:00,pre_kickoff_close,3,totals,"pinnacle,lowvig,betonlineag,draftkings,fanduel,betmgm,williamhill_us,fanatics,betrivers,espnbet",10
nfl,2026-01-04T21:20:00+00:00,pre_kickoff_close,5,totals,"pinnacle,lowvig,betonlineag,draftkings,fanduel,betmgm,williamhill_us,fanatics,betrivers,espnbet",10
nfl,2026-01-05T01:15:00+00:00,pre_kickoff_close,1,totals,"pinnacle,lowvig,betonlineag,draftkings,fanduel,betmgm,williamhill_us,fanatics,betrivers,espnbet",10
nfl,2026-01-10T03:30:00+00:00,forecast_decision,2,totals,"pinnacle,lowvig,betonlineag,draftkings,fanduel,betmgm,williamhill_us,fanatics,betrivers,espnbet",10
nfl,2026-01-10T21:25:00+00:00,pre_kickoff_close,1,totals,"pinnacle,lowvig,betonlineag,draftkings,fanduel,betmgm,williamhill_us,fanatics,betrivers,espnbet",10
nfl,2026-01-11T00:55:00+00:00,pre_kickoff_close,1,totals,"pinnacle,lowvig,betonlineag,draftkings,fanduel,betmgm,williamhill_us,fanatics,betrivers,espnbet",10
nfl,2026-01-11T03:30:00+00:00,forecast_decision,3,totals,"pinnacle,lowvig,betonlineag,draftkings,fanduel,betmgm,williamhill_us,fanatics,betrivers,espnbet",10
nfl,2026-01-11T17:55:00+00:00,pre_kickoff_close,1,totals,"pinnacle,lowvig,betonlineag,draftkings,fanduel,betmgm,williamhill_us,fanatics,betrivers,espnbet",10
nfl,2026-01-11T21:25:00+00:00,pre_kickoff_close,1,totals,"pinnacle,lowvig,betonlineag,draftkings,fanduel,betmgm,williamhill_us,fanatics,betrivers,espnbet",10
nfl,2026-01-12T00:55:00+00:00,pre_kickoff_close,1,totals,"pinnacle,lowvig,betonlineag,draftkings,fanduel,betmgm,williamhill_us,fanatics,betrivers,espnbet",10
nfl,2026-01-12T03:30:00+00:00,forecast_decision,1,totals,"pinnacle,lowvig,betonlineag,draftkings,fanduel,betmgm,williamhill_us,fanatics,betrivers,espnbet",10
nfl,2026-01-13T00:55:00+00:00,pre_kickoff_close,1,totals,"pinnacle,lowvig,betonlineag,draftkings,fanduel,betmgm,williamhill_us,fanatics,betrivers,espnbet",10
nfl,2026-01-17T03:30:00+00:00,forecast_decision,2,totals,"pinnacle,lowvig,betonlineag,draftkings,fanduel,betmgm,williamhill_us,fanatics,betrivers,espnbet",10
nfl,2026-01-17T21:25:00+00:00,pre_kickoff_close,1,totals,"pinnacle,lowvig,betonlineag,draftkings,fanduel,betmgm,williamhill_us,fanatics,betrivers,espnbet",10
nfl,2026-01-18T00:55:00+00:00,pre_kickoff_close,1,totals,"pinnacle,lowvig,betonlineag,draftkings,fanduel,betmgm,williamhill_us,fanatics,betrivers,espnbet",10
nfl,2026-01-18T03:30:00+00:00,forecast_decision,2,totals,"pinnacle,lowvig,betonlineag,draftkings,fanduel,betmgm,williamhill_us,fanatics,betrivers,espnbet",10
nfl,2026-01-18T19:55:00+00:00,pre_kickoff_close,1,totals,"pinnacle,lowvig,betonlineag,draftkings,fanduel,betmgm,williamhill_us,fanatics,betrivers,espnbet",10
nfl,2026-01-18T23:25:00+00:00,pre_kickoff_close,1,totals,"pinnacle,lowvig,betonlineag,draftkings,fanduel,betmgm,williamhill_us,fanatics,betrivers,espnbet",10
nfl,2026-01-25T03:30:00+00:00,forecast_decision,2,totals,"pinnacle,lowvig,betonlineag,draftkings,fanduel,betmgm,williamhill_us,fanatics,betrivers,espnbet",10
nfl,2026-01-25T19:55:00+00:00,pre_kickoff_close,1,totals,"pinnacle,lowvig,betonlineag,draftkings,fanduel,betmgm,williamhill_us,fanatics,betrivers,espnbet",10
nfl,2026-01-25T23:25:00+00:00,pre_kickoff_close,1,totals,"pinnacle,lowvig,betonlineag,draftkings,fanduel,betmgm,williamhill_us,fanatics,betrivers,espnbet",10
nfl,2026-02-08T03:30:00+00:00,forecast_decision,1,totals,"pinnacle,lowvig,betonlineag,draftkings,fanduel,betmgm,williamhill_us,fanatics,betrivers,espnbet",10
nfl,2026-02-08T23:25:00+00:00,pre_kickoff_close,1,totals,"pinnacle,lowvig,betonlineag,draftkings,fanduel,betmgm,williamhill_us,fanatics,betrivers,espnbet",10
